Date,Adj Close,Close,Dividends,High,Low,Open,Stock Splits,Volume
2016-01-04,96.36785125732422,150.0,0.0,152.0,150.0,151.5,0.0,2206700
2016-01-05,98.93766784667969,154.0,0.0,154.5,150.0,150.0,0.0,3759900
2016-01-06,95.72540283203125,149.0,0.0,152.0,147.5,151.5,0.0,6534300
2016-01-07,91.87068939208984,143.0,0.0,147.0,143.0,145.0,0.0,7984300
2016-01-08,95.08291625976562,148.0,0.0,148.5,144.0,144.0,0.0,3219900
2016-01-11,93.47682189941406,145.5,0.0,146.0,142.5,145.0,0.0,5014400
2016-01-12,94.76173400878906,147.5,0.0,149.0,145.5,145.5,0.0,4285900
2016-01-13,97.65275573730469,152.0,0.0,153.0,149.0,149.5,0.0,7615100
2016-01-14,96.36785125732422,150.0,0.0,152.0,148.0,148.5,0.0,4632000
2016-01-15,93.79802703857422,146.0,0.0,152.0,145.0,149.5,0.0,5690500
2016-01-18,93.79802703857422,146.0,0.0,147.0,143.0,143.5,0.0,2210100
2016-01-19,94.76173400878906,147.5,0.0,151.0,145.5,146.0,0.0,3996900
2016-01-20,93.47682189941406,145.5,0.0,147.0,145.0,146.0,0.0,3415500
2016-01-21,92.83435821533203,144.5,0.0,148.0,143.0,147.0,0.0,4933100
2016-01-22,94.1192855834961,146.5,0.0,147.5,144.5,146.0,0.0,5684900
2016-01-25,93.47682189941406,145.5,0.0,148.0,145.5,147.0,0.0,4971300
2016-01-26,93.47682189941406,145.5,0.0,146.5,144.0,144.5,0.0,1951000
2016-01-27,95.72540283203125,149.0,0.0,150.5,146.0,146.5,0.0,8252400
2016-01-28,97.3315200805664,151.5,0.0,152.0,149.0,149.5,0.0,5183200
2016-01-29,97.9739761352539,152.5,0.0,152.5,149.5,151.5,0.0,8767400
2016-02-01,96.68907165527344,150.5,0.0,153.0,149.5,152.0,0.0,7020200
2016-02-02,95.4041748046875,148.5,0.0,151.0,147.0,150.5,0.0,5910600
2016-02-03,94.76173400878906,147.5,0.0,148.0,146.0,147.0,0.0,3998600
2016-02-04,97.01031494140625,151.0,0.0,151.5,148.0,148.5,0.0,6020100
2016-02-05,97.3315200805664,151.5,0.0,152.0,150.5,151.5,0.0,5957100
2016-02-08,96.36785125732422,150.0,0.0,152.0,149.5,152.0,0.0,4894500
2016-02-09,95.72540283203125,149.0,0.0,149.5,147.5,149.0,0.0,2757800
2016-02-10,96.04662322998047,149.5,0.0,150.0,148.0,148.5,0.0,2586200
2016-02-11,95.4041748046875,148.5,0.0,153.5,148.5,149.0,0.0,7203800
2016-02-12,95.08291625976562,148.0,0.0,149.5,147.0,149.0,0.0,3507600
2016-02-15,96.68907165527344,150.5,0.0,151.5,149.0,149.0,0.0,2793300
2016-02-16,97.65275573730469,152.0,0.0,152.5,150.5,152.0,0.0,4449100
2016-02-17,97.9739761352539,152.5,0.0,152.5,150.0,151.0,0.0,3442800
2016-02-18,99.58011627197266,155.0,0.0,155.0,153.0,154.0,0.0,7505800
2016-02-19,101.50749206542969,158.0,0.0,158.0,154.5,154.5,0.0,5768200
2016-02-23,103.11358642578125,160.5,0.0,161.5,158.0,158.0,0.0,6455700
2016-02-24,105.36216735839844,164.0,0.0,164.0,159.5,160.5,0.0,5924300
2016-02-25,106.96832275390625,166.5,0.0,167.0,163.5,164.5,0.0,8434200
2016-02-26,106.32586669921875,165.5,0.0,167.5,165.0,166.5,0.0,2959700
2016-02-29,103.75604248046875,161.5,0.0,166.0,161.5,165.5,0.0,3705000
2016-03-01,104.0772705078125,162.0,0.0,162.5,161.0,161.5,0.0,3049800
2016-03-02,107.9319839477539,168.0,0.0,170.0,163.5,163.5,0.0,9121100
2016-03-03,108.25323486328125,168.5,0.0,171.0,167.0,169.0,0.0,9803200
2016-03-04,109.21691131591797,170.0,0.0,171.5,169.5,170.0,0.0,8759600
2016-03-07,110.5018081665039,172.0,0.0,172.0,170.5,171.0,0.0,3528700
2016-03-08,108.57445526123047,169.0,0.0,172.5,168.5,170.5,0.0,7765100
2016-03-09,111.14425659179688,173.0,0.0,173.0,167.0,169.0,0.0,6639500
2016-03-10,110.5018081665039,172.0,0.0,173.5,170.0,173.0,0.0,3779400
2016-03-11,111.7867202758789,174.0,0.0,175.0,172.0,173.5,0.0,6279100
2016-03-14,112.7503890991211,175.5,0.0,177.0,174.5,175.0,0.0,4881700
2016-03-15,111.7867202758789,174.0,0.0,176.5,174.0,175.0,0.0,2630700
2016-03-16,109.21691131591797,170.0,0.0,175.0,168.5,175.0,0.0,6849700
2016-03-17,109.53813934326172,170.5,0.0,172.0,169.0,171.5,0.0,4279500
2016-03-18,109.53813934326172,170.5,0.0,172.5,169.5,171.0,0.0,5435000
2016-03-21,110.5018081665039,172.0,0.0,172.0,170.0,171.0,0.0,3775300
2016-03-22,113.39285278320312,176.5,0.0,177.0,174.5,175.0,0.0,8598700
2016-03-23,115.64142608642578,180.0,0.0,180.5,176.0,176.5,0.0,8362100
2016-03-24,114.67774200439453,178.5,0.0,180.0,177.5,180.0,0.0,4302600
2016-03-25,113.71407318115234,177.0,0.0,178.0,175.5,177.0,0.0,3458800
2016-03-28,111.7867202758789,174.0,0.0,177.0,174.0,176.5,0.0,2913800
2016-03-29,113.07161712646484,176.0,0.0,176.0,172.5,173.0,0.0,3358100
2016-03-30,115.962646484375,180.5,0.0,182.0,176.5,176.5,0.0,11735700
2016-03-31,115.64142608642578,180.0,0.0,181.5,178.5,180.0,0.0,5067200
2016-04-01,113.71407318115234,177.0,0.0,179.0,177.0,178.5,0.0,4565700
2016-04-04,114.03528594970703,177.5,0.0,179.5,177.5,177.5,0.0,2879700
2016-04-05,107.61077117919922,167.5,0.0,176.5,166.5,176.5,0.0,12240300
2016-04-07,104.0772705078125,162.0,0.0,168.5,161.0,167.5,0.0,8956600
2016-04-08,104.39851379394531,162.5,0.0,164.0,161.0,162.0,0.0,9443700
2016-04-11,104.71971893310547,163.0,0.0,164.5,162.5,162.5,0.0,6473400
2016-04-12,105.68340301513672,164.5,0.0,165.0,163.0,163.5,0.0,2652600
2016-04-18,107.9319839477539,168.0,0.0,168.5,165.5,166.0,0.0,5498100
2016-04-19,109.21691131591797,170.0,0.0,172.5,168.5,169.0,0.0,5541600
2016-04-20,108.25323486328125,168.5,0.0,169.5,167.5,169.5,0.0,5603600
2016-04-21,109.9034194946289,166.5,4.5,167.0,165.0,166.0,0.0,5047300
2016-04-22,107.59312438964844,163.0,0.0,165.0,162.5,164.5,0.0,5128500
2016-04-25,108.25320434570312,164.0,0.0,164.0,162.0,162.5,0.0,2062600
2016-04-26,108.583251953125,164.5,0.0,165.5,162.5,163.0,0.0,2513500
2016-04-27,107.26311492919922,162.5,0.0,165.0,162.5,165.0,0.0,1308000
2016-04-28,106.27296447753906,161.0,0.0,164.0,161.0,163.5,0.0,2648100
2016-04-29,108.25320434570312,164.0,0.0,165.0,161.0,161.0,0.0,3012400
2016-05-03,109.5733871459961,166.0,0.0,167.0,164.5,165.0,0.0,3376900
2016-05-04,110.23345947265625,167.0,0.0,167.0,165.0,165.0,0.0,3363300
2016-05-09,108.91329193115234,165.0,0.0,166.5,164.5,166.0,0.0,2815500
2016-05-10,105.94292449951172,160.5,0.0,163.5,160.0,163.5,0.0,7522500
2016-05-11,103.30260467529297,156.5,0.0,161.0,156.5,160.5,0.0,6309500
2016-05-12,103.63262939453125,157.0,0.0,157.0,155.0,156.0,0.0,6083900
2016-05-13,102.3125,155.0,0.0,157.5,154.5,156.0,0.0,6791600
2016-05-16,100.3322525024414,152.0,0.0,157.0,151.5,156.0,0.0,9904800
2016-05-17,101.65242004394531,154.0,0.0,156.0,153.0,153.0,0.0,8390400
2016-05-18,101.65242004394531,154.0,0.0,154.0,152.5,153.5,0.0,4126200
2016-05-19,101.65242004394531,154.0,0.0,156.0,153.0,155.5,0.0,5222900
2016-05-23,101.65242004394531,154.0,0.0,155.5,153.0,154.0,0.0,2738900
2016-05-24,101.32234954833984,153.5,0.0,155.0,153.0,155.0,0.0,2901200
2016-05-25,103.30260467529297,156.5,0.0,157.5,154.5,154.5,0.0,6339800
2016-05-26,104.6227798461914,158.5,0.0,159.5,157.0,157.0,0.0,4506500
2016-05-27,105.94292449951172,160.5,0.0,160.5,158.0,159.0,0.0,3943100
2016-05-30,108.25320434570312,164.0,0.0,164.0,160.5,161.5,0.0,6706000
2016-05-31,107.92318725585938,163.5,0.0,164.5,162.0,164.0,0.0,3610000
2016-06-01,107.59312438964844,163.0,0.0,165.0,162.0,163.0,0.0,3985900
2016-06-02,106.93304443359375,162.0,0.0,163.0,162.0,162.5,0.0,4469800
2016-06-03,107.59312438964844,163.0,0.0,164.0,162.5,162.5,0.0,6116300
2016-06-06,109.24334716796875,165.5,0.0,167.0,163.5,164.0,0.0,6309600
2016-06-07,108.91329193115234,165.0,0.0,167.5,165.0,166.5,0.0,5750900
2016-06-08,108.583251953125,164.5,0.0,165.5,163.5,165.0,0.0,3998900
2016-06-09,107.92318725585938,163.5,0.0,166.0,163.5,164.5,0.0,2539600
2016-06-10,107.92318725585938,163.5,0.0,164.5,162.5,163.5,0.0,3902000
2016-06-13,107.26311492919922,162.5,0.0,162.5,160.5,162.0,0.0,6039900
2016-06-14,108.25320434570312,164.0,0.0,165.0,162.0,162.0,0.0,4220100
2016-06-15,108.583251953125,164.5,0.0,165.5,163.0,164.5,0.0,5681000
2016-06-16,104.6227798461914,158.5,0.0,163.0,157.0,163.0,0.0,8657100
2016-06-17,104.29275512695312,158.0,0.0,159.0,157.0,159.0,0.0,4816400
2016-06-20,103.63262939453125,157.0,0.0,159.0,155.5,158.0,0.0,4588500
2016-06-21,104.29275512695312,158.0,0.0,159.0,156.0,156.5,0.0,3671500
2016-06-22,104.29275512695312,158.0,0.0,159.5,157.5,159.0,0.0,2274500
2016-06-23,106.27296447753906,161.0,0.0,161.0,157.0,157.0,0.0,4448800
2016-06-24,104.29275512695312,158.0,0.0,159.0,155.0,156.5,0.0,7695700
2016-06-27,103.96269989013672,157.5,0.0,160.0,156.0,157.0,0.0,4834800
2016-06-28,104.95280456542969,159.0,0.0,159.5,157.0,157.5,0.0,3957100
2016-06-29,105.6128921508789,160.0,0.0,161.5,159.0,160.0,0.0,7184600
2016-06-30,104.6227798461914,158.5,0.0,161.5,157.0,161.0,0.0,7771200
2016-07-04,107.92318725585938,163.5,0.0,165.5,161.5,162.0,0.0,12270700
2016-07-05,108.91329193115234,165.0,0.0,166.5,163.5,163.5,0.0,5797300
2016-07-06,108.583251953125,164.5,0.0,164.5,163.0,163.5,0.0,2832900
2016-07-07,108.25320434570312,164.0,0.0,165.5,163.5,165.0,0.0,4180200
2016-07-08,106.60301208496094,161.5,0.0,163.5,161.0,163.0,0.0,5929100
2016-07-11,108.91329193115234,165.0,0.0,165.0,163.0,163.0,0.0,4720800
2016-07-12,109.9034194946289,166.5,0.0,167.5,164.5,166.0,0.0,7231300
2016-07-13,109.9034194946289,166.5,0.0,167.5,165.5,167.5,0.0,3469800
2016-07-14,112.54375457763672,170.5,0.0,170.5,166.0,167.0,0.0,9318800
2016-07-15,113.20381927490234,171.5,0.0,172.5,170.0,170.0,0.0,7911800
2016-07-20,113.53387451171875,172.0,0.0,172.5,170.5,172.0,0.0,4533800
2016-07-21,113.20381927490234,171.5,0.0,172.5,170.5,172.5,0.0,2629800
2016-07-22,109.5733871459961,166.0,0.0,168.0,164.5,168.0,0.0,16131900
2016-07-25,109.5733871459961,166.0,0.0,166.0,163.0,165.0,0.0,9627900
2016-07-26,108.583251953125,164.5,0.0,166.5,164.0,166.0,0.0,6082400
2016-07-27,109.24334716796875,165.5,0.0,166.5,164.5,165.5,0.0,5510100
2016-07-28,112.54375457763672,170.5,0.0,171.0,165.0,165.5,0.0,15569300
2016-07-29,112.54375457763672,170.5,0.0,172.0,170.0,171.0,0.0,9815800
2016-08-01,110.23345947265625,167.0,0.0,171.5,166.0,171.0,0.0,8565000
2016-08-02,109.24334716796875,165.5,0.0,167.5,165.0,166.5,0.0,2564300
2016-08-03,111.55363464355469,169.0,0.0,170.0,165.5,165.5,0.0,4804900
2016-08-04,110.23345947265625,167.0,0.0,169.5,167.0,169.0,0.0,3231100
2016-08-05,110.8935317993164,168.0,0.0,169.5,168.0,169.0,0.0,4855300
2016-08-08,115.1840591430664,174.5,0.0,175.0,171.5,172.0,0.0,10291700
2016-08-09,116.50423431396484,176.5,0.0,177.0,173.0,174.5,0.0,7724100
2016-08-10,116.50423431396484,176.5,0.0,178.0,174.5,176.5,0.0,6583700
2016-08-11,115.51409912109375,175.0,0.0,177.0,174.0,175.5,0.0,5817500
2016-08-15,116.83427429199219,177.0,0.0,178.0,173.5,173.5,0.0,5429500
2016-08-16,114.85404205322266,174.0,0.0,178.5,173.0,178.5,0.0,6488800
2016-08-17,114.52399444580078,173.5,0.0,174.0,171.0,173.5,0.0,7769900
2016-08-18,117.16429901123047,177.5,0.0,179.0,174.0,174.0,0.0,9546600
2016-08-19,115.51409912109375,175.0,0.0,178.0,175.0,177.5,0.0,4084600
2016-08-22,116.50423431396484,176.5,0.0,177.5,175.0,175.0,0.0,3821800
2016-08-23,115.1840591430664,174.5,0.0,175.5,173.5,175.5,0.0,4580600
2016-08-24,115.51409912109375,175.0,0.0,176.0,173.0,174.0,0.0,10342400
2016-08-25,113.20381927490234,171.5,0.0,175.0,171.5,174.5,0.0,7830200
2016-08-26,113.86389923095703,172.5,0.0,173.5,172.0,172.0,0.0,5550600
2016-08-29,113.53387451171875,172.0,0.0,173.0,171.0,172.5,0.0,2803200
2016-08-30,112.87377166748047,171.0,0.0,173.0,171.0,172.5,0.0,4575800
2016-08-31,111.8836669921875,169.5,0.0,171.0,169.0,170.5,0.0,6484400
2016-09-01,110.8935317993164,168.0,0.0,169.5,167.5,169.0,0.0,7301800
2016-09-02,111.22359466552734,168.5,0.0,169.5,167.5,168.0,0.0,5311200
2016-09-05,110.5634994506836,167.5,0.0,170.5,166.0,169.5,0.0,4513300
2016-09-06,110.22946166992188,165.0,2.0,166.0,164.5,165.5,0.0,5237500
2016-09-07,110.22946166992188,165.0,0.0,168.5,165.0,165.5,0.0,5180300
2016-09-08,108.55934143066406,162.5,0.0,166.5,162.5,165.5,0.0,6580700
2016-09-09,109.89543914794922,164.5,0.0,164.5,161.5,162.5,0.0,3185400
2016-09-12,108.89334106445312,163.0,0.0,163.5,161.5,162.5,0.0,5763400
2016-09-13,112.56768035888672,168.5,0.0,168.5,164.5,165.0,0.0,9722700
2016-09-14,112.23362731933594,168.0,0.0,170.0,167.0,167.0,0.0,6594400
2016-09-15,111.56558227539062,167.0,0.0,168.5,166.0,167.5,0.0,2980500
2016-09-16,112.23362731933594,168.0,0.0,168.0,166.0,167.0,0.0,2113500
2016-09-19,112.23362731933594,168.0,0.0,169.0,166.5,168.0,0.0,1933500
2016-09-20,110.89752197265625,166.0,0.0,167.5,165.5,167.5,0.0,2172000
2016-09-21,111.2315673828125,166.5,0.0,168.0,166.5,166.5,0.0,3915400
2016-09-22,112.23362731933594,168.0,0.0,169.0,166.5,168.5,0.0,2939600
2016-09-23,111.56558227539062,167.0,0.0,168.0,165.0,167.0,0.0,4064800
2016-09-26,109.89543914794922,164.5,0.0,165.0,163.5,164.0,0.0,4051300
2016-09-27,108.89334106445312,163.0,0.0,165.0,163.0,164.5,0.0,3319700
2016-09-28,108.22529602050781,162.0,0.0,163.0,162.0,163.0,0.0,3464300
2016-09-29,108.89334106445312,163.0,0.0,164.5,162.0,164.0,0.0,3796600
2016-09-30,108.55934143066406,162.5,0.0,163.5,162.0,162.5,0.0,2323800
2016-10-03,108.89334106445312,163.0,0.0,163.5,163.0,163.5,0.0,672800
2016-10-04,111.56558227539062,167.0,0.0,167.0,163.0,164.0,0.0,6445700
2016-10-05,111.56558227539062,167.0,0.0,168.0,166.0,167.0,0.0,3463100
2016-10-06,111.2315673828125,166.5,0.0,168.0,166.5,167.5,0.0,2597200
2016-10-07,110.22946166992188,165.0,0.0,166.0,164.5,165.0,0.0,2971800
2016-10-10,107.55724334716797,161.0,0.0,162.0,159.0,160.5,0.0,5524500
2016-10-11,104.88500213623047,157.0,0.0,161.5,156.0,161.5,0.0,11313300
2016-10-12,102.88084411621094,154.0,0.0,157.0,151.0,156.5,0.0,13082500
2016-10-13,103.54891967773438,155.0,0.0,155.0,151.0,153.0,0.0,12336600
2016-10-14,107.55724334716797,161.0,0.0,164.5,160.0,163.0,0.0,10311100
2016-10-17,105.8871078491211,158.5,0.0,159.5,157.5,159.0,0.0,7681100
2016-10-18,103.21489715576172,154.5,0.0,159.0,154.0,158.5,0.0,8455400
2016-10-19,105.21905517578125,157.5,0.0,157.5,154.0,154.5,0.0,5234700
2016-10-20,108.22529602050781,162.0,0.0,162.0,157.5,158.0,0.0,6244900
2016-10-21,109.2273941040039,163.5,0.0,164.0,159.0,160.0,0.0,5917600
2016-10-25,108.22529602050781,162.0,0.0,163.0,161.0,162.5,0.0,2988800
2016-10-26,106.5551528930664,159.5,0.0,162.0,158.5,162.0,0.0,3982900
2016-10-27,107.55724334716797,161.0,0.0,161.0,159.5,159.5,0.0,3347700
2016-10-28,107.22320556640625,160.5,0.0,161.5,159.5,161.0,0.0,3164300
2016-10-31,106.5551528930664,159.5,0.0,161.5,159.5,160.5,0.0,3000600
2016-11-01,106.5551528930664,159.5,0.0,160.5,159.0,160.0,0.0,2161200
2016-11-02,105.21905517578125,157.5,0.0,159.0,156.0,159.0,0.0,4039900
2016-11-03,104.21694946289062,156.0,0.0,158.0,156.0,157.5,0.0,2137400
2016-11-04,102.54679870605469,153.5,0.0,155.5,153.5,155.5,0.0,6102700
2016-11-07,104.21694946289062,156.0,0.0,158.0,154.5,154.5,0.0,3975600
2016-11-08,106.22112274169922,159.0,0.0,160.0,157.0,157.0,0.0,5342800
2016-11-09,107.55724334716797,161.0,0.0,161.5,157.0,158.0,0.0,6333200
2016-11-10,108.22529602050781,162.0,0.0,163.0,161.5,162.5,0.0,9724100
2016-11-11,106.88919067382812,160.0,0.0,161.5,159.5,161.0,0.0,3072900
2016-11-14,104.55097961425781,156.5,0.0,158.5,156.5,158.0,0.0,2747900
2016-11-15,104.21694946289062,156.0,0.0,157.5,155.5,157.0,0.0,3480100
2016-11-16,103.54891967773438,155.0,0.0,157.0,155.0,157.0,0.0,3091800
2016-11-17,104.21694946289062,156.0,0.0,156.0,154.5,155.0,0.0,3420100
2016-11-18,104.55097961425781,156.5,0.0,158.0,155.5,156.0,0.0,1743600
2016-11-21,104.21694946289062,156.0,0.0,157.5,156.0,156.5,0.0,1734100
2016-11-22,104.21694946289062,156.0,0.0,157.0,156.0,156.5,0.0,1071800
2016-11-23,104.88500213623047,157.0,0.0,157.0,156.0,156.5,0.0,831200
2016-11-24,103.88292694091797,155.5,0.0,157.0,155.5,157.0,0.0,1892800
2016-11-25,103.54891967773438,155.0,0.0,156.0,154.5,155.5,0.0,2678400
2016-11-28,103.21489715576172,154.5,0.0,155.5,154.5,155.5,0.0,1801400
2016-11-29,103.21489715576172,154.5,0.0,156.0,154.5,155.5,0.0,1122000
2016-11-30,104.21694946289062,156.0,0.0,156.0,154.0,154.0,0.0,2720000
2016-12-01,104.21694946289062,156.0,0.0,156.5,155.0,156.5,0.0,2019400
2016-12-02,103.88292694091797,155.5,0.0,156.0,155.0,155.5,0.0,1373600
2016-12-06,103.54891967773438,155.0,0.0,156.0,154.5,155.5,0.0,1805200
2016-12-07,103.88292694091797,155.5,0.0,156.0,154.5,154.5,0.0,3293700
2016-12-08,104.88500213623047,157.0,0.0,158.0,156.5,156.5,0.0,3119000
2016-12-09,105.8871078491211,158.5,0.0,159.0,157.5,157.5,0.0,2999200
2016-12-13,106.5551528930664,159.5,0.0,160.0,157.5,158.0,0.0,4863700
2016-12-14,105.55309295654297,158.0,0.0,159.5,157.0,159.0,0.0,3831400
2016-12-15,104.88500213623047,157.0,0.0,157.5,155.5,156.5,0.0,2789500
2016-12-16,105.21905517578125,157.5,0.0,158.0,156.5,157.0,0.0,1032700
2016-12-19,104.88500213623047,157.0,0.0,157.5,156.0,157.0,0.0,2076300
2016-12-20,104.21694946289062,156.0,0.0,157.0,155.5,156.0,0.0,2563700
2016-12-21,103.88292694091797,155.5,0.0,157.5,155.5,157.0,0.0,1888200
2016-12-22,104.55097961425781,156.5,0.0,157.5,155.5,155.5,0.0,1558900
2016-12-23,105.55309295654297,158.0,0.0,158.0,155.5,156.5,0.0,2080600
2016-12-26,105.21905517578125,157.5,0.0,158.0,157.0,158.0,0.0,969400
2016-12-27,105.55309295654297,158.0,0.0,159.0,157.0,157.5,0.0,1224700
2016-12-28,105.55309295654297,158.0,0.0,158.5,157.0,158.0,0.0,907600
2016-12-29,106.22112274169922,159.0,0.0,159.5,157.5,158.0,0.0,1983200
2016-12-30,106.5551528930664,159.5,0.0,159.5,158.0,158.5,0.0,1655100
2017-01-04,108.89334106445312,163.0,0.0,163.5,159.5,159.5,0.0,4611800
2017-01-05,109.56138610839844,164.0,0.0,164.5,163.0,163.0,0.0,4460400
2017-01-06,109.89543914794922,164.5,0.0,164.5,162.5,164.0,0.0,2373300
2017-01-09,109.56138610839844,164.0,0.0,164.5,163.0,163.0,0.0,2430100
2017-01-10,112.23362731933594,168.0,0.0,169.5,164.5,164.5,0.0,11248900
2017-01-11,111.56558227539062,167.0,0.0,169.5,167.0,168.5,0.0,3996000
2017-01-12,110.89752197265625,166.0,0.0,167.5,166.0,167.0,0.0,2612300
2017-01-16,112.56768035888672,168.5,0.0,169.0,165.5,169.0,0.0,2776200
2017-01-17,111.56558227539062,167.0,0.0,167.5,166.0,166.5,0.0,2269900
2017-01-18,110.89752197265625,166.0,0.0,167.5,166.0,166.0,0.0,2305100
2017-01-19,110.89752197265625,166.0,0.0,166.0,165.0,166.0,0.0,1749800
2017-01-20,112.56768035888672,168.5,0.0,168.5,165.0,165.0,0.0,4004400
2017-01-23,112.23362731933594,168.0,0.0,168.5,166.5,168.5,0.0,1726000
2017-01-24,114.23780059814453,171.0,0.0,171.5,167.0,168.0,0.0,5433000
2017-01-25,117.24407196044922,175.5,0.0,175.5,171.5,171.5,0.0,10646900
2017-01-26,117.5781021118164,176.0,0.0,176.0,175.0,176.0,0.0,5349300
2017-01-27,116.24200439453125,174.0,0.0,175.0,173.0,175.0,0.0,3782400
2017-01-30,116.57601165771484,174.5,0.0,175.5,173.0,173.0,0.0,1487100
2017-01-31,116.57601165771484,174.5,0.0,174.5,172.5,174.0,0.0,5165000
2017-02-01,117.24407196044922,175.5,0.0,175.5,173.5,174.5,0.0,5953500
2017-02-02,117.24407196044922,175.5,0.0,177.0,174.5,175.0,0.0,5250500
2017-02-03,119.24825286865234,178.5,0.0,178.5,175.0,175.0,0.0,5470600
2017-02-06,120.58436584472656,180.5,0.0,181.5,178.5,178.5,0.0,8150800
2017-02-07,120.25033569335938,180.0,0.0,181.0,179.0,180.5,0.0,3648600
2017-02-08,119.58226776123047,179.0,0.0,180.0,178.5,180.0,0.0,2574200
2017-02-09,120.91838836669922,181.0,0.0,182.5,179.5,179.5,0.0,7290700
2017-02-10,121.92047882080078,182.5,0.0,182.5,181.0,182.0,0.0,3589100
2017-02-14,119.58226776123047,179.0,0.0,182.5,179.0,182.0,0.0,2841700
2017-02-15,119.58226776123047,179.0,0.0,179.0,175.5,179.0,0.0,5398500
2017-02-16,120.25033569335938,180.0,0.0,180.0,177.0,178.0,0.0,1664200
2017-02-17,120.25033569335938,180.0,0.0,181.0,180.0,180.5,0.0,1498800
2017-02-20,120.25033569335938,180.0,0.0,180.5,179.0,180.0,0.0,855800
2017-02-21,118.24616241455078,177.0,0.0,180.5,177.0,180.0,0.0,1898500
2017-02-22,118.24616241455078,177.0,0.0,178.0,176.0,178.0,0.0,1768800
2017-02-23,117.91213989257812,176.5,0.0,177.0,174.0,176.5,0.0,3729800
2017-02-24,117.91213989257812,176.5,0.0,177.0,175.5,176.0,0.0,1425200
2017-02-27,118.24616241455078,177.0,0.0,177.0,175.0,175.5,0.0,1637500
2017-02-28,118.5801773071289,177.5,0.0,179.0,176.0,176.0,0.0,2176700
2017-03-01,120.91838836669922,181.0,0.0,181.0,178.0,178.5,0.0,4067000
2017-03-02,122.2545166015625,183.0,0.0,183.0,181.0,181.5,0.0,4194500
2017-03-03,121.92047882080078,182.5,0.0,183.0,182.0,182.5,0.0,1658700
2017-03-06,120.25033569335938,180.0,0.0,182.5,179.5,182.0,0.0,1190200
2017-03-07,121.58644104003906,182.0,0.0,182.5,180.0,180.5,0.0,2136500
2017-03-08,121.92047882080078,182.5,0.0,182.5,179.0,181.5,0.0,2378000
2017-03-09,121.58644104003906,182.0,0.0,182.5,181.5,182.5,0.0,1139100
2017-03-10,121.58644104003906,182.0,0.0,182.0,181.0,181.5,0.0,589700
2017-03-13,121.58644104003906,182.0,0.0,182.5,180.5,182.0,0.0,1107800
2017-03-14,121.92047882080078,182.5,0.0,184.0,181.5,182.0,0.0,3806900
2017-03-15,121.58644104003906,182.0,0.0,183.5,182.0,182.0,0.0,1645600
2017-03-16,122.92254638671875,184.0,0.0,185.0,182.5,183.0,0.0,3868900
2017-03-17,123.59062957763672,185.0,0.0,185.0,183.5,184.0,0.0,2219600
2017-03-20,123.92464447021484,185.5,0.0,186.0,184.5,185.5,0.0,2166800
2017-03-21,123.59062957763672,185.0,0.0,185.5,184.5,184.5,0.0,1640100
2017-03-22,121.92047882080078,182.5,0.0,184.0,182.5,183.0,0.0,3069800
2017-03-23,122.2545166015625,183.0,0.0,184.0,183.0,183.0,0.0,1784700
2017-03-24,122.2545166015625,183.0,0.0,184.0,182.5,183.0,0.0,2089900
2017-03-27,121.25239562988281,181.5,0.0,182.5,181.5,182.0,0.0,2644000
2017-03-28,120.91838836669922,181.0,0.0,183.0,181.0,182.0,0.0,2957900
2017-03-29,120.91838836669922,181.0,0.0,182.5,180.5,181.5,0.0,2189800
2017-03-30,121.25239562988281,181.5,0.0,181.5,179.5,181.0,0.0,5409500
2017-03-31,121.25239562988281,181.5,0.0,182.5,180.0,181.5,0.0,2031300
2017-04-03,120.91838836669922,181.0,0.0,181.5,180.0,181.0,0.0,1603400
2017-04-04,121.58644104003906,182.0,0.0,182.0,180.5,181.0,0.0,3051800
2017-04-05,121.25239562988281,181.5,0.0,182.5,181.5,181.5,0.0,3128100
2017-04-07,122.2545166015625,183.0,0.0,183.5,180.5,181.0,0.0,4079000
2017-04-10,121.92047882080078,182.5,0.0,183.0,182.5,183.0,0.0,2031000
2017-04-11,125.2607650756836,187.5,0.0,188.0,183.5,183.5,0.0,12765200
2017-04-12,124.59271240234375,186.5,0.0,188.5,186.5,188.0,0.0,6436000
2017-04-17,124.59271240234375,186.5,0.0,187.5,186.0,186.0,0.0,3434500
2017-04-18,125.59481048583984,188.0,0.0,188.5,186.5,187.0,0.0,7577000
2017-04-19,122.58851623535156,183.5,0.0,187.5,183.0,187.0,0.0,9109800
2017-04-20,123.27338409423828,180.0,4.5,181.0,178.5,179.0,0.0,4072100
2017-04-21,122.24610137939453,178.5,0.0,178.5,176.5,177.0,0.0,8135300
2017-04-24,123.27338409423828,180.0,0.0,180.0,178.5,179.0,0.0,6159300
2017-04-25,123.27338409423828,180.0,0.0,180.5,178.0,180.5,0.0,4514300
2017-04-26,123.27338409423828,180.0,0.0,181.0,179.5,180.0,0.0,4463200
2017-04-27,122.93096160888672,179.5,0.0,180.5,179.5,180.0,0.0,2788600
2017-04-28,122.93096160888672,179.5,0.0,180.5,179.0,180.0,0.0,3240200
2017-05-02,123.27338409423828,180.0,0.0,181.0,177.5,179.5,0.0,5066000
2017-05-03,123.61579132080078,180.5,0.0,182.0,180.5,180.5,0.0,3385600
2017-05-04,124.64307403564453,182.0,0.0,182.0,180.5,181.0,0.0,3169200
2017-05-08,124.3006591796875,181.5,0.0,183.5,181.5,181.5,0.0,6471400
2017-05-09,123.61579132080078,180.5,0.0,182.5,180.0,182.0,0.0,2836900
2017-05-11,124.3006591796875,181.5,0.0,182.0,179.5,182.0,0.0,5393900
2017-05-12,122.58851623535156,179.0,0.0,181.5,177.0,181.0,0.0,8013300
2017-05-15,122.93096160888672,179.5,0.0,179.5,179.5,179.5,0.0,844800
2017-05-16,121.90365600585938,178.0,0.0,179.5,177.0,179.5,0.0,5544100
2017-05-17,122.93096160888672,179.5,0.0,180.5,178.0,178.0,0.0,2969700
2017-05-18,123.27338409423828,180.0,0.0,180.5,177.5,178.5,0.0,4227300
2017-05-19,123.27338409423828,180.0,0.0,180.0,178.5,180.0,0.0,1922900
2017-05-22,123.61579132080078,180.5,0.0,181.5,179.5,180.5,0.0,3481300
2017-05-23,124.64307403564453,182.0,0.0,182.5,180.5,181.0,0.0,3486300
2017-05-24,124.3006591796875,181.5,0.0,182.5,181.0,182.0,0.0,1881700
2017-05-25,124.64307403564453,182.0,0.0,183.0,181.5,182.0,0.0,2303300
2017-05-26,123.27338409423828,180.0,0.0,182.0,180.0,182.0,0.0,1260500
2017-05-29,123.61579132080078,180.5,0.0,181.0,180.0,180.0,0.0,728900
2017-05-30,123.27338409423828,180.0,0.0,180.5,179.5,180.0,0.0,644500
2017-05-31,123.27338409423828,180.0,0.0,180.5,179.0,180.0,0.0,1622800
2017-06-01,123.958251953125,181.0,0.0,181.0,179.0,180.0,0.0,1787400
2017-06-02,123.61579132080078,180.5,0.0,182.0,180.0,181.0,0.0,933600
2017-06-05,124.3006591796875,181.5,0.0,182.5,180.5,181.0,0.0,2193500
2017-06-06,123.27338409423828,180.0,0.0,182.0,179.5,181.5,0.0,2205200
2017-06-07,123.958251953125,181.0,0.0,181.0,179.5,180.0,0.0,2130700
2017-06-08,123.27338409423828,180.0,0.0,181.0,179.5,181.0,0.0,2323300
2017-06-09,122.58851623535156,179.0,0.0,180.5,178.5,180.0,0.0,3309100
2017-06-12,123.27338409423828,180.0,0.0,180.0,178.5,179.5,0.0,1815600
2017-06-13,123.27338409423828,180.0,0.0,181.0,179.5,180.5,0.0,3666200
2017-06-14,123.27338409423828,180.0,0.0,180.5,179.0,180.0,0.0,2296200
2017-06-15,122.58851623535156,179.0,0.0,180.0,178.0,180.0,0.0,2231500
2017-06-16,123.27338409423828,180.0,0.0,180.5,179.5,179.5,0.0,2257100
2017-06-19,123.61579132080078,180.5,0.0,181.0,179.5,180.5,0.0,3272800
2017-06-20,123.958251953125,181.0,0.0,181.5,180.0,180.5,0.0,2172500
2017-06-21,123.27338409423828,180.0,0.0,182.5,180.0,181.0,0.0,4131200
2017-06-22,123.958251953125,181.0,0.0,181.5,180.0,180.5,0.0,1734800
2017-06-23,123.958251953125,181.0,0.0,181.5,180.5,181.0,0.0,3846800
2017-06-26,124.3006591796875,181.5,0.0,182.0,181.0,181.5,0.0,3418300
2017-06-27,124.64307403564453,182.0,0.0,182.0,181.5,181.5,0.0,2200400
2017-06-28,125.67039489746094,183.5,0.0,184.0,182.0,182.5,0.0,6174500
2017-06-29,126.0127944946289,184.0,0.0,186.0,183.5,184.5,0.0,6871900
2017-06-30,126.6976318359375,185.0,0.0,185.5,184.0,184.0,0.0,4352500
2017-07-03,126.6976318359375,185.0,0.0,186.0,185.0,185.5,0.0,1273400
2017-07-04,126.35523223876953,184.5,0.0,185.5,184.5,185.5,0.0,1545200
2017-07-05,127.04006958007812,185.5,0.0,186.0,184.5,185.0,0.0,2642600
2017-07-06,127.04006958007812,185.5,0.0,186.0,184.5,185.0,0.0,1924600
2017-07-07,126.6976318359375,185.0,0.0,185.5,184.0,185.5,0.0,1647300
2017-07-11,128.0673370361328,187.0,0.0,188.0,185.0,185.5,0.0,7943200
2017-07-12,128.40975952148438,187.5,0.0,188.5,187.0,187.0,0.0,5926500
2017-07-13,129.7794647216797,189.5,0.0,189.5,188.5,188.5,0.0,7349600
2017-07-14,129.09461975097656,188.5,0.0,190.0,187.0,190.0,0.0,4221100
2017-07-17,129.09461975097656,188.5,0.0,190.0,188.5,189.5,0.0,4323800
2017-07-18,127.3824691772461,186.0,0.0,189.0,185.0,189.0,0.0,6360600
2017-07-19,126.35523223876953,184.5,0.0,186.0,184.5,185.5,0.0,3167400
2017-07-20,124.98552703857422,182.5,0.0,184.5,181.0,184.0,0.0,4821200
2017-07-21,123.61579132080078,180.5,0.0,182.5,180.0,182.0,0.0,8650400
2017-07-24,123.27338409423828,180.0,0.0,181.0,180.0,180.5,0.0,3269500
2017-07-25,123.27338409423828,180.0,0.0,181.5,180.0,180.5,0.0,4043300
2017-07-26,123.61579132080078,180.5,0.0,181.5,180.0,180.5,0.0,4757100
2017-07-27,124.3006591796875,181.5,0.0,181.5,179.5,181.0,0.0,4232300
2017-07-31,122.93096160888672,179.5,0.0,182.0,177.5,181.5,0.0,8177100
2017-08-01,122.93096160888672,179.5,0.0,180.5,178.0,179.0,0.0,2994500
2017-08-02,123.27338409423828,180.0,0.0,180.5,179.0,180.0,0.0,3230900
2017-08-03,124.64307403564453,182.0,0.0,182.0,179.5,180.0,0.0,3563600
2017-08-04,122.58851623535156,179.0,0.0,182.0,179.0,181.5,0.0,2222100
2017-08-07,123.61579132080078,180.5,0.0,181.0,178.5,179.0,0.0,1803700
2017-08-08,123.958251953125,181.0,0.0,182.5,180.0,180.5,0.0,3220800
2017-08-09,123.958251953125,181.0,0.0,181.5,180.0,181.5,0.0,1514200
2017-08-10,124.3006591796875,181.5,0.0,181.5,180.0,180.5,0.0,927500
2017-08-11,123.958251953125,181.0,0.0,182.0,179.5,180.5,0.0,3103700
2017-08-15,123.61579132080078,180.5,0.0,182.0,180.0,181.5,0.0,2344200
2017-08-16,122.24610137939453,178.5,0.0,180.5,178.0,180.0,0.0,3213400
2017-08-17,122.58851623535156,179.0,0.0,179.5,178.0,178.5,0.0,1077700
2017-08-18,122.93096160888672,179.5,0.0,180.5,178.5,179.0,0.0,1172400
2017-08-21,123.958251953125,181.0,0.0,181.5,180.0,180.0,0.0,1276300
2017-08-22,125.67039489746094,183.5,0.0,184.0,181.5,181.5,0.0,4879800
2017-08-23,125.67039489746094,183.5,0.0,184.5,182.5,184.0,0.0,3275800
2017-08-24,124.3006591796875,181.5,0.0,184.0,181.5,184.0,0.0,3193900
2017-08-25,124.3006591796875,181.5,0.0,182.5,181.0,181.5,0.0,2140400
2017-08-28,125.32795715332031,183.0,0.0,183.0,183.0,183.0,0.0,311700
2017-08-29,127.3824691772461,186.0,0.0,187.5,182.5,183.0,0.0,8299000
2017-08-30,127.3824691772461,186.0,0.0,187.5,186.0,187.0,0.0,3809900
2017-08-31,126.35523223876953,184.5,0.0,186.5,184.0,186.0,0.0,3008000
2017-09-01,127.3824691772461,186.0,0.0,187.5,184.5,185.0,0.0,4071000
2017-09-04,127.3824691772461,186.0,0.0,187.0,185.0,186.0,0.0,2714500
2017-09-05,127.03633880615234,183.5,2.0,184.5,183.5,184.0,0.0,1038900
2017-09-06,127.3824691772461,184.0,0.0,184.0,182.5,183.5,0.0,1897200
2017-09-07,128.76707458496094,186.0,0.0,187.0,184.5,184.5,0.0,4502300
2017-09-08,129.11325073242188,186.5,0.0,189.5,186.5,187.0,0.0,7609900
2017-09-11,130.84397888183594,189.0,0.0,189.5,187.0,187.0,0.0,4054900
2017-09-12,130.1516876220703,188.0,0.0,190.0,188.0,190.0,0.0,3253300
2017-09-13,130.1516876220703,188.0,0.0,189.5,188.0,188.0,0.0,2478700
2017-09-14,131.53627014160156,190.0,0.0,190.5,187.5,188.5,0.0,4760400
2017-09-15,131.88241577148438,190.5,0.0,191.5,189.5,190.0,0.0,7332000
2017-09-18,132.57469177246094,191.5,0.0,193.0,191.0,191.0,0.0,5346400
2017-09-19,131.1901092529297,189.5,0.0,191.5,189.0,191.5,0.0,4323800
2017-09-20,129.80548095703125,187.5,0.0,189.5,186.5,189.0,0.0,6048700
2017-09-21,129.45938110351562,187.0,0.0,187.5,186.5,186.5,0.0,3041000
2017-09-22,128.42092895507812,185.5,0.0,186.5,184.5,186.0,0.0,4565800
2017-09-25,129.11325073242188,186.5,0.0,187.0,184.5,185.0,0.0,1762100
2017-09-26,128.76707458496094,186.0,0.0,187.5,185.5,187.5,0.0,2488500
2017-09-27,128.42092895507812,185.5,0.0,186.5,184.5,186.0,0.0,2741400
2017-09-28,127.72866821289062,184.5,0.0,186.5,184.0,186.5,0.0,2871300
2017-09-29,129.11325073242188,186.5,0.0,187.0,184.5,184.5,0.0,2205000
2017-10-02,130.84397888183594,189.0,0.0,189.5,186.5,186.5,0.0,4797500
2017-10-03,130.1516876220703,188.0,0.0,189.5,188.0,189.5,0.0,3045400
2017-10-04,130.1516876220703,188.0,0.0,189.5,187.0,189.0,0.0,2642400
2017-10-05,130.84397888183594,189.0,0.0,189.5,187.5,188.5,0.0,2324900
2017-10-06,130.1516876220703,188.0,0.0,189.5,187.5,189.0,0.0,2313100
2017-10-09,129.80548095703125,187.5,0.0,188.5,187.5,188.5,0.0,734600
2017-10-10,131.1901092529297,189.5,0.0,190.0,186.0,188.0,0.0,4294800
2017-10-11,131.53627014160156,190.0,0.0,191.5,190.0,190.0,0.0,6130700
2017-10-12,130.84397888183594,189.0,0.0,191.0,188.5,191.0,0.0,2881300
2017-10-16,134.651611328125,194.5,0.0,194.5,194.5,194.5,0.0,473700
2017-10-17,135.69004821777344,196.0,0.0,196.5,194.5,194.5,0.0,6942300
2017-10-18,133.9593048095703,193.5,0.0,195.5,193.0,195.0,0.0,2976000
2017-10-19,131.1901092529297,189.5,0.0,193.5,189.5,192.5,0.0,3753700
2017-10-20,133.2670135498047,192.5,0.0,192.5,187.0,189.5,0.0,3342300
2017-10-24,131.53627014160156,190.0,0.0,193.5,190.0,192.5,0.0,2583600
2017-10-25,130.1516876220703,188.0,0.0,191.0,188.0,190.5,0.0,3906200
2017-10-27,130.49783325195312,188.5,0.0,189.5,187.5,188.5,0.0,2748300
2017-10-30,130.84397888183594,189.0,0.0,190.0,187.5,189.5,0.0,3952400
2017-10-31,133.61312866210938,193.0,0.0,193.0,189.0,189.5,0.0,4773900
2017-11-01,134.651611328125,194.5,0.0,195.0,192.0,193.0,0.0,4747100
2017-11-02,132.9208526611328,192.0,0.0,193.5,191.5,193.0,0.0,3103800
2017-11-03,132.9208526611328,192.0,0.0,192.0,190.0,191.5,0.0,3192200
2017-11-06,132.9208526611328,192.0,0.0,192.0,189.5,191.0,0.0,2386300
2017-11-07,131.53627014160156,190.0,0.0,192.0,189.5,192.0,0.0,3027000
2017-11-08,132.22857666015625,191.0,0.0,193.0,189.5,190.0,0.0,3047100
2017-11-09,132.57469177246094,191.5,0.0,192.5,191.0,191.5,0.0,1642700
2017-11-10,132.57469177246094,191.5,0.0,192.0,190.0,191.5,0.0,1221900
2017-11-13,131.88241577148438,190.5,0.0,190.5,189.0,190.0,0.0,1707900
2017-11-14,133.61312866210938,193.0,0.0,193.0,190.0,190.5,0.0,2192100
2017-11-15,133.61312866210938,193.0,0.0,193.0,191.0,191.5,0.0,1808800
2017-11-16,135.69004821777344,196.0,0.0,198.0,194.0,194.0,0.0,10776700
2017-11-17,136.03619384765625,196.5,0.0,197.5,196.0,197.0,0.0,6428800
2017-11-20,135.3438720703125,195.5,0.0,197.5,195.5,197.0,0.0,2771900
2017-11-21,135.69004821777344,196.0,0.0,196.0,196.0,196.0,0.0,2512300
2017-11-22,138.11306762695312,199.5,0.0,200.0,196.0,196.0,0.0,5632000
2017-11-23,137.76693725585938,199.0,0.0,199.5,197.5,199.5,0.0,2216000
2017-11-24,138.11306762695312,199.5,0.0,199.5,197.5,198.5,0.0,2329100
2017-11-27,137.42080688476562,198.5,0.0,199.0,197.5,199.0,0.0,1789900
2017-11-28,136.7284698486328,197.5,0.0,199.0,197.5,197.5,0.0,1497500
2017-11-29,140.53611755371094,203.0,0.0,203.0,197.5,197.5,0.0,8516900
2017-11-30,138.11306762695312,199.5,0.0,203.0,199.5,202.0,0.0,6577900
2017-12-01,140.53611755371094,203.0,0.0,203.0,200.0,201.0,0.0,3291700
2017-12-04,140.53611755371094,203.0,0.0,205.0,201.0,204.0,0.0,2320800
2017-12-06,140.53611755371094,203.0,0.0,204.0,200.0,201.0,0.0,2432300
2017-12-07,141.9207305908203,205.0,0.0,205.0,202.0,203.0,0.0,2422500
2017-12-08,141.9207305908203,205.0,0.0,206.0,204.0,204.0,0.0,1782100
2017-12-12,142.61302185058594,206.0,0.0,206.0,204.0,205.0,0.0,1091100
2017-12-13,140.53611755371094,203.0,0.0,206.0,202.0,205.0,0.0,3718300
2017-12-14,141.2283935546875,204.0,0.0,205.0,202.0,204.0,0.0,2865300
2017-12-15,141.2283935546875,204.0,0.0,204.0,202.0,204.0,0.0,2055700
2017-12-18,140.53611755371094,203.0,0.0,206.0,203.0,204.0,0.0,2993400
2017-12-19,142.61302185058594,206.0,0.0,207.0,204.0,204.0,0.0,5176500
2017-12-20,142.61302185058594,206.0,0.0,207.0,205.0,206.0,0.0,1908000
2017-12-21,141.9207305908203,205.0,0.0,207.0,205.0,206.0,0.0,990900
2017-12-22,141.9207305908203,205.0,0.0,207.0,204.0,206.0,0.0,1485500
2017-12-25,142.61302185058594,206.0,0.0,206.0,204.0,205.0,0.0,2155000
2017-12-26,141.2283935546875,204.0,0.0,206.0,204.0,205.0,0.0,2163100
2017-12-27,140.53611755371094,203.0,0.0,205.0,203.0,204.0,0.0,2218100
2017-12-28,139.15150451660156,201.0,0.0,204.0,200.0,203.0,0.0,3714600
2017-12-29,139.8438262939453,202.0,0.0,203.0,201.0,201.0,0.0,1728400
2018-01-03,141.9207305908203,205.0,0.0,207.0,202.0,202.0,0.0,4954100
2018-01-04,141.9207305908203,205.0,0.0,207.0,205.0,206.0,0.0,4338700
2018-01-05,142.61302185058594,206.0,0.0,210.0,206.0,206.0,0.0,9987000
2018-01-08,143.3052978515625,207.0,0.0,209.0,206.0,207.0,0.0,3930000
2018-01-09,143.99758911132812,208.0,0.0,208.0,208.0,208.0,0.0,390100
2018-01-10,142.61302185058594,206.0,0.0,210.0,206.0,208.0,0.0,3364600
2018-01-11,143.99758911132812,208.0,0.0,208.0,204.0,206.0,0.0,4677600
2018-01-12,144.6898956298828,209.0,0.0,211.0,207.0,209.0,0.0,6017100
2018-01-15,146.76675415039062,212.0,0.0,213.0,210.0,210.0,0.0,5910800
2018-01-16,146.76675415039062,212.0,0.0,213.0,210.0,213.0,0.0,2422200
2018-01-17,147.45907592773438,213.0,0.0,213.0,209.0,210.0,0.0,3651800
2018-01-18,147.45907592773438,213.0,0.0,213.0,211.0,213.0,0.0,3105700
2018-01-19,146.76675415039062,212.0,0.0,212.0,208.0,211.0,0.0,6755300
2018-01-22,146.0745086669922,211.0,0.0,211.0,209.0,210.0,0.0,2352700
2018-01-23,148.8436737060547,215.0,0.0,215.0,211.0,212.0,0.0,5038200
2018-01-24,148.8436737060547,215.0,0.0,216.0,213.0,215.0,0.0,4809500
2018-01-25,146.0745086669922,211.0,0.0,217.0,211.0,215.0,0.0,5657900
2018-01-26,145.38217163085938,210.0,0.0,211.0,206.0,210.0,0.0,8436400
2018-01-29,144.6898956298828,209.0,0.0,212.0,209.0,212.0,0.0,2998800
2018-01-30,143.3052978515625,207.0,0.0,210.0,207.0,210.0,0.0,5740300
2018-01-31,143.3052978515625,207.0,0.0,209.0,206.0,207.0,0.0,3031800
2018-02-01,143.99758911132812,208.0,0.0,210.0,207.0,207.0,0.0,4652000
2018-02-02,145.38217163085938,210.0,0.0,210.0,207.0,209.0,0.0,3207100
2018-02-05,143.99758911132812,208.0,0.0,209.0,205.0,206.0,0.0,4487400
2018-02-06,142.61302185058594,206.0,0.0,207.0,201.0,206.0,0.0,9104900
2018-02-07,141.2283935546875,204.0,0.0,210.0,204.0,209.0,0.0,3735100
2018-02-08,142.61302185058594,206.0,0.0,207.0,204.0,204.0,0.0,2149500
2018-02-09,143.99758911132812,208.0,0.0,208.0,203.0,203.0,0.0,4265500
2018-02-12,142.61302185058594,206.0,0.0,208.0,205.0,208.0,0.0,2607500
2018-02-13,141.9207305908203,205.0,0.0,207.0,205.0,206.0,0.0,3061900
2018-02-14,142.61302185058594,206.0,0.0,207.0,205.0,205.0,0.0,2067500
2018-02-15,142.61302185058594,206.0,0.0,207.0,205.0,205.0,0.0,1948500
2018-02-16,142.61302185058594,206.0,0.0,209.0,206.0,207.0,0.0,2205400
2018-02-19,143.99758911132812,208.0,0.0,208.0,207.0,207.0,0.0,791400
2018-02-20,141.9207305908203,205.0,0.0,207.0,205.0,206.0,0.0,1453100
2018-02-21,142.61302185058594,206.0,0.0,207.0,205.0,206.0,0.0,1348400
2018-02-22,142.61302185058594,206.0,0.0,206.0,204.0,206.0,0.0,1616700
2018-02-23,142.61302185058594,206.0,0.0,207.0,204.0,205.0,0.0,1577500
2018-02-26,143.99758911132812,208.0,0.0,208.0,205.0,206.0,0.0,1935800
2018-02-27,145.38217163085938,210.0,0.0,214.0,208.0,209.0,0.0,8793300
2018-02-28,146.0745086669922,211.0,0.0,213.0,209.0,210.0,0.0,5181600
2018-03-02,145.38217163085938,210.0,0.0,211.0,208.0,209.0,0.0,2677000
2018-03-05,143.99758911132812,208.0,0.0,211.0,207.0,209.0,0.0,2171300
2018-03-06,143.99758911132812,208.0,0.0,208.0,208.0,208.0,0.0,253100
2018-03-07,142.61302185058594,206.0,0.0,209.0,206.0,208.0,0.0,2533900
2018-03-08,144.6898956298828,209.0,0.0,209.0,206.0,207.0,0.0,2262700
2018-03-09,145.38217163085938,210.0,0.0,210.0,208.0,210.0,0.0,2036000
2018-03-12,146.0745086669922,211.0,0.0,211.0,209.0,211.0,0.0,2779500
2018-03-13,144.6898956298828,209.0,0.0,212.0,208.0,211.0,0.0,2352300
2018-03-14,144.6898956298828,209.0,0.0,210.0,209.0,209.0,0.0,1488600
2018-03-15,145.38217163085938,210.0,0.0,210.0,208.0,209.0,0.0,2350900
2018-03-16,144.6898956298828,209.0,0.0,210.0,209.0,210.0,0.0,1510400
2018-03-19,143.99758911132812,208.0,0.0,210.0,208.0,209.0,0.0,964200
2018-03-20,142.61302185058594,206.0,0.0,208.0,206.0,208.0,0.0,2182300
2018-03-21,140.53611755371094,203.0,0.0,208.0,203.0,208.0,0.0,5864800
2018-03-22,141.2283935546875,204.0,0.0,204.0,202.0,204.0,0.0,2613200
2018-03-23,139.8438262939453,202.0,0.0,203.0,201.0,202.0,0.0,3544100
2018-03-26,138.45924377441406,200.0,0.0,204.0,199.5,202.0,0.0,4270500
2018-03-27,139.8438262939453,202.0,0.0,207.0,202.0,203.0,0.0,30914900
2018-03-28,139.8438262939453,202.0,0.0,204.0,200.0,202.0,0.0,11794100
2018-03-29,137.07460021972656,198.0,0.0,201.0,198.0,200.0,0.0,11869800
2018-03-30,136.3823699951172,197.0,0.0,199.0,195.0,198.5,0.0,5345200
2018-04-02,138.11306762695312,199.5,0.0,199.5,196.5,197.0,0.0,3714200
2018-04-03,137.42080688476562,198.5,0.0,201.0,198.0,199.5,0.0,4978500
2018-04-04,130.49783325195312,188.5,0.0,199.5,187.5,199.5,0.0,15671300
2018-04-05,130.84397888183594,189.0,0.0,191.5,188.5,191.0,0.0,7180300
2018-04-09,133.61312866210938,193.0,0.0,194.0,188.5,189.0,0.0,5913000
2018-04-10,134.651611328125,194.5,0.0,196.0,193.5,194.5,0.0,5818500
2018-04-11,136.7284698486328,197.5,0.0,199.5,196.0,196.0,0.0,4711900
2018-04-12,136.3823699951172,197.0,0.0,198.5,195.5,198.5,0.0,2699100
2018-04-17,139.15150451660156,201.0,0.0,201.0,197.5,198.5,0.0,4226700
2018-04-18,141.9207305908203,205.0,0.0,205.0,201.0,202.0,0.0,4986800
2018-04-19,139.15150451660156,201.0,0.0,206.0,199.5,205.0,0.0,5309100
2018-04-20,140.53611755371094,203.0,0.0,203.0,199.5,201.0,0.0,6595300
2018-04-23,138.76614379882812,196.0,4.5,198.5,196.0,197.5,0.0,4642800
2018-04-24,135.2261962890625,191.0,0.0,195.5,190.0,195.5,0.0,4735100
2018-04-25,135.58016967773438,191.5,0.0,191.5,189.0,190.0,0.0,5483000
2018-04-26,136.28817749023438,192.5,0.0,193.5,191.5,192.0,0.0,3016500
2018-04-27,137.70416259765625,194.5,0.0,194.5,191.0,193.0,0.0,3934600
2018-04-30,136.64215087890625,193.0,0.0,195.0,193.0,195.0,0.0,2009900
2018-05-02,138.0581817626953,195.0,0.0,195.0,192.5,193.0,0.0,2494700
2018-05-03,137.3501739501953,194.0,0.0,195.0,192.0,194.5,0.0,3585600
2018-05-04,135.2261962890625,191.0,0.0,193.0,191.0,193.0,0.0,3422700
2018-05-07,133.81021118164062,189.0,0.0,192.0,188.0,191.5,0.0,4106600
2018-05-08,135.58016967773438,191.5,0.0,191.5,189.0,190.0,0.0,5843300
2018-05-09,133.10223388671875,188.0,0.0,191.5,184.5,191.5,0.0,9326500
2018-05-10,132.39422607421875,187.0,0.0,187.0,185.5,186.5,0.0,3162000
2018-05-11,134.51820373535156,190.0,0.0,190.5,187.5,187.5,0.0,5735100
2018-05-14,135.93417358398438,192.0,0.0,192.5,190.5,191.0,0.0,3914000
2018-05-15,135.58016967773438,191.5,0.0,192.0,190.5,192.0,0.0,980200
2018-05-16,135.2261962890625,191.0,0.0,192.0,190.0,190.5,0.0,1546200
2018-05-17,132.39422607421875,187.0,0.0,191.0,187.0,190.5,0.0,2705200
2018-05-18,133.4562225341797,188.5,0.0,189.0,187.5,188.0,0.0,1942400
2018-05-21,136.9961700439453,193.5,0.0,194.0,189.0,189.0,0.0,3604300
2018-05-22,137.3501739501953,194.0,0.0,194.5,192.5,194.0,0.0,5752100
2018-05-23,136.9961700439453,193.5,0.0,195.0,193.0,195.0,0.0,3542600
2018-05-24,135.93417358398438,192.0,0.0,193.5,192.0,193.5,0.0,2650700
2018-05-25,136.9961700439453,193.5,0.0,194.0,191.0,193.0,0.0,2746300
2018-05-28,138.41212463378906,195.5,0.0,196.5,193.0,193.5,0.0,3776000
2018-05-30,136.28817749023438,192.5,0.0,193.5,190.5,192.0,0.0,5186400
2018-05-31,133.81021118164062,189.0,0.0,192.0,189.0,191.5,0.0,8078000
2018-06-01,134.16419982910156,189.5,0.0,191.0,188.5,189.5,0.0,5284200
2018-06-04,134.16419982910156,189.5,0.0,190.5,188.5,189.0,0.0,4194000
2018-06-05,138.0581817626953,195.0,0.0,195.0,189.5,190.0,0.0,7852700
2018-06-06,137.70416259765625,194.5,0.0,196.0,194.0,195.5,0.0,3815800
2018-06-07,138.0581817626953,195.0,0.0,197.5,194.5,196.0,0.0,7001300
2018-06-08,138.41212463378906,195.5,0.0,196.0,194.0,194.5,0.0,3787900
2018-06-11,139.12013244628906,196.5,0.0,196.5,193.5,195.5,0.0,2369900
2018-06-12,140.1820831298828,198.0,0.0,198.5,196.0,197.0,0.0,5892300
2018-06-13,140.1820831298828,198.0,0.0,198.5,197.0,198.0,0.0,3621100
2018-06-14,141.2440948486328,199.5,0.0,199.5,195.5,198.0,0.0,6524800
2018-06-15,141.2440948486328,199.5,0.0,201.0,197.5,198.0,0.0,7781300
2018-06-18,139.82810974121094,197.5,0.0,199.0,197.5,198.5,0.0,2665500
2018-06-19,138.0581817626953,195.0,0.0,197.5,191.5,195.5,0.0,7075700
2018-06-20,139.4741668701172,197.0,0.0,197.0,193.5,195.5,0.0,3907700
2018-06-21,138.0581817626953,195.0,0.0,198.0,193.0,198.0,0.0,4309300
2018-06-22,136.28817749023438,192.5,0.0,195.0,192.5,195.0,0.0,4590800
2018-06-25,136.28817749023438,192.5,0.0,193.5,191.5,192.0,0.0,1799000
2018-06-26,136.9961700439453,193.5,0.0,194.5,190.5,191.5,0.0,4440200
2018-06-27,137.70416259765625,194.5,0.0,195.5,193.5,194.0,0.0,3547000
2018-06-28,137.70416259765625,194.5,0.0,196.0,193.0,194.5,0.0,4083400
2018-06-29,138.41212463378906,195.5,0.0,196.0,193.5,195.5,0.0,3368800
2018-07-02,139.4741668701172,197.0,0.0,197.0,193.5,195.5,0.0,2139900
2018-07-03,138.76614379882812,196.0,0.0,197.0,195.0,197.0,0.0,2269800
2018-07-04,138.76614379882812,196.0,0.0,198.5,195.5,195.5,0.0,5948000
2018-07-05,137.70416259765625,194.5,0.0,198.0,194.5,196.5,0.0,3712200
2018-07-06,139.4741668701172,197.0,0.0,197.5,194.5,194.5,0.0,3119900
2018-07-09,139.4741668701172,197.0,0.0,198.5,196.0,197.5,0.0,3584700
2018-07-10,139.82810974121094,197.5,0.0,198.0,195.5,197.0,0.0,3181200
2018-07-11,138.76614379882812,196.0,0.0,197.5,194.0,194.0,0.0,2995900
2018-07-12,136.64215087890625,193.0,0.0,196.5,192.5,195.5,0.0,6810400
2018-07-13,136.64215087890625,193.0,0.0,195.0,192.5,193.5,0.0,3866100
2018-07-16,136.64215087890625,193.0,0.0,193.5,192.5,192.5,0.0,2467000
2018-07-17,137.3501739501953,194.0,0.0,195.5,193.0,193.0,0.0,6337100
2018-07-18,137.3501739501953,194.0,0.0,195.5,194.0,194.5,0.0,4056100
2018-07-19,136.64215087890625,193.0,0.0,195.0,193.0,194.5,0.0,4356500
2018-07-20,139.82810974121094,197.5,0.0,198.5,195.5,196.0,0.0,16987900
2018-07-23,143.01409912109375,202.0,0.0,203.0,199.5,199.5,0.0,9426800
2018-07-24,145.13807678222656,205.0,0.0,205.0,201.0,203.0,0.0,7310000
2018-07-25,143.72207641601562,203.0,0.0,206.0,203.0,205.0,0.0,5521600
2018-07-26,144.4300537109375,204.0,0.0,205.0,202.0,205.0,0.0,2821300
2018-07-31,145.8460693359375,206.0,0.0,207.0,203.0,205.0,0.0,8364400
2018-08-01,145.8460693359375,206.0,0.0,206.0,204.0,206.0,0.0,4199300
2018-08-02,143.72207641601562,203.0,0.0,206.0,202.0,205.0,0.0,3557200
2018-08-03,145.13807678222656,205.0,0.0,206.0,203.0,204.0,0.0,2207000
2018-08-06,145.13807678222656,205.0,0.0,207.0,204.0,206.0,0.0,3537000
2018-08-07,145.8460693359375,206.0,0.0,207.0,204.0,206.0,0.0,3068500
2018-08-08,145.8460693359375,206.0,0.0,208.0,205.0,206.0,0.0,3724300
2018-08-09,147.26202392578125,208.0,0.0,209.0,206.0,207.0,0.0,4093900
2018-08-10,145.8460693359375,206.0,0.0,208.0,206.0,208.0,0.0,3399500
2018-08-14,144.4300537109375,204.0,0.0,206.0,203.0,205.0,0.0,3254800
2018-08-15,142.3060760498047,201.0,0.0,203.0,201.0,203.0,0.0,3437900
2018-08-16,144.4300537109375,204.0,0.0,205.0,202.0,202.0,0.0,3436900
2018-08-17,145.13807678222656,205.0,0.0,206.0,204.0,205.0,0.0,2811800
2018-08-20,145.8460693359375,206.0,0.0,207.0,205.0,206.0,0.0,2157800
2018-08-21,145.8460693359375,206.0,0.0,208.0,204.0,207.0,0.0,4650600
2018-08-22,146.5540313720703,207.0,0.0,208.0,205.0,206.0,0.0,2589300
2018-08-23,146.5540313720703,207.0,0.0,208.0,206.0,208.0,0.0,1986500
2018-08-24,146.5540313720703,207.0,0.0,208.0,206.0,206.0,0.0,1588800
2018-08-27,148.67799377441406,210.0,0.0,210.0,208.0,209.0,0.0,3349800
2018-08-28,147.9700164794922,209.0,0.0,211.0,209.0,211.0,0.0,2607500
2018-08-29,146.5540313720703,207.0,0.0,210.0,207.0,210.0,0.0,2264300
2018-08-30,145.8460693359375,206.0,0.0,209.0,206.0,208.0,0.0,1960400
2018-08-31,145.13807678222656,205.0,0.0,207.0,204.0,206.0,0.0,4294100
2018-09-03,145.8460693359375,206.0,0.0,207.0,205.0,205.0,0.0,3020800
2018-09-04,145.13807678222656,205.0,0.0,207.0,204.0,206.0,0.0,2915400
2018-09-05,144.4300537109375,204.0,0.0,205.0,203.0,204.0,0.0,3047400
2018-09-06,145.13807678222656,205.0,0.0,206.0,204.0,204.0,0.0,4273600
2018-09-07,143.01409912109375,202.0,0.0,205.0,202.0,205.0,0.0,3560800
2018-09-10,143.01409912109375,202.0,0.0,203.0,201.0,202.0,0.0,3666300
2018-09-11,143.01409912109375,202.0,0.0,204.0,201.0,202.0,0.0,3482500
2018-09-12,143.7291259765625,201.0,2.0,202.0,199.0,200.0,0.0,3214200
2018-09-13,149.44972229003906,209.0,0.0,210.0,203.0,204.0,0.0,9853400
2018-09-14,149.44972229003906,209.0,0.0,212.0,209.0,209.0,0.0,5871800
2018-09-17,149.44972229003906,209.0,0.0,210.0,207.0,207.0,0.0,3928800
2018-09-18,152.3100128173828,213.0,0.0,214.0,208.0,209.0,0.0,6612900
2018-09-19,150.87985229492188,211.0,0.0,214.0,211.0,213.0,0.0,3876600
2018-09-20,148.73463439941406,208.0,0.0,212.0,207.0,211.0,0.0,5944000
2018-09-21,148.73463439941406,208.0,0.0,210.0,208.0,209.0,0.0,7370600
2018-09-24,150.87985229492188,211.0,0.0,212.0,208.0,208.0,0.0,5739500
2018-09-25,150.87985229492188,211.0,0.0,212.0,210.0,211.0,0.0,2502700
2018-09-26,150.87985229492188,211.0,0.0,212.0,209.0,211.0,0.0,3418800
2018-09-27,151.59490966796875,212.0,0.0,212.0,208.0,211.0,0.0,3517300
2018-09-28,150.16477966308594,210.0,0.0,213.0,209.0,212.0,0.0,4586500
2018-10-01,150.16477966308594,210.0,0.0,212.0,209.0,211.0,0.0,2061400
2018-10-02,149.44972229003906,209.0,0.0,211.0,207.0,209.0,0.0,4142500
2018-10-03,148.73463439941406,208.0,0.0,210.0,208.0,209.0,0.0,1568000
2018-10-04,148.73463439941406,208.0,0.0,210.0,207.0,208.0,0.0,3260600
2018-10-05,150.16477966308594,210.0,0.0,210.0,208.0,208.0,0.0,1567900
2018-10-08,148.73463439941406,208.0,0.0,211.0,208.0,210.0,0.0,2716400
2018-10-09,150.16477966308594,210.0,0.0,211.0,207.0,208.0,0.0,4497500
2018-10-10,151.59490966796875,212.0,0.0,212.0,210.0,211.0,0.0,2627200
2018-10-11,148.73463439941406,208.0,0.0,210.0,206.0,208.0,0.0,7375000
2018-10-12,150.16477966308594,210.0,0.0,210.0,208.0,209.0,0.0,4398600
2018-10-16,151.59490966796875,212.0,0.0,212.0,209.0,210.0,0.0,4130700
2018-10-17,152.3100128173828,213.0,0.0,214.0,212.0,213.0,0.0,4544400
2018-10-18,152.3100128173828,213.0,0.0,213.0,211.0,213.0,0.0,2942400
2018-10-19,150.87985229492188,211.0,0.0,213.0,210.0,212.0,0.0,4360100
2018-10-22,150.16477966308594,210.0,0.0,211.0,210.0,211.0,0.0,1609300
2018-10-24,149.44972229003906,209.0,0.0,211.0,208.0,208.0,0.0,5891000
2018-10-25,148.0195770263672,207.0,0.0,209.0,204.0,208.0,0.0,9189400
2018-10-26,147.3045196533203,206.0,0.0,208.0,206.0,208.0,0.0,3717700
2018-10-29,147.3045196533203,206.0,0.0,209.0,205.0,206.0,0.0,4157700
2018-10-30,148.0195770263672,207.0,0.0,209.0,205.0,206.0,0.0,2340900
2018-10-31,148.0195770263672,207.0,0.0,209.0,207.0,207.0,0.0,3746800
2018-11-01,151.59490966796875,212.0,0.0,212.0,208.0,208.0,0.0,4925600
2018-11-02,153.0250701904297,214.0,0.0,215.0,211.0,213.0,0.0,6481000
2018-11-05,153.0250701904297,214.0,0.0,216.0,212.0,212.0,0.0,4290200
2018-11-06,154.4552001953125,216.0,0.0,216.0,215.0,215.0,0.0,1592500
2018-11-07,153.7401123046875,215.0,0.0,217.0,214.0,216.0,0.0,3889500
2018-11-08,153.7401123046875,215.0,0.0,218.0,214.0,217.0,0.0,3647900
2018-11-09,153.0250701904297,214.0,0.0,215.0,213.0,213.0,0.0,2621600
2018-11-12,151.59490966796875,212.0,0.0,215.0,211.0,214.0,0.0,2887900
2018-11-13,152.3100128173828,213.0,0.0,216.0,211.0,212.0,0.0,4626200
2018-11-14,150.16477966308594,210.0,0.0,214.0,209.0,212.0,0.0,4994800
2018-11-15,150.16477966308594,210.0,0.0,212.0,209.0,211.0,0.0,3858000
2018-11-16,150.16477966308594,210.0,0.0,211.0,209.0,210.0,0.0,2366300
2018-11-19,147.3045196533203,206.0,0.0,210.0,206.0,210.0,0.0,3466400
2018-11-20,146.5894317626953,205.0,0.0,206.0,203.0,205.0,0.0,5052700
2018-11-21,148.0195770263672,207.0,0.0,208.0,202.0,203.0,0.0,4244700
2018-11-22,148.0195770263672,207.0,0.0,209.0,206.0,208.0,0.0,1964300
2018-11-23,146.5894317626953,205.0,0.0,208.0,204.0,207.0,0.0,4462000
2018-11-26,149.44972229003906,209.0,0.0,209.0,205.0,206.0,0.0,1292200
2018-11-27,150.16477966308594,210.0,0.0,210.0,208.0,209.0,0.0,2498700
2018-11-28,148.0195770263672,207.0,0.0,211.0,207.0,210.0,0.0,2504400
2018-11-29,147.3045196533203,206.0,0.0,210.0,206.0,208.0,0.0,2561200
2018-11-30,148.73463439941406,208.0,0.0,210.0,205.0,207.0,0.0,3535300
2018-12-03,150.16477966308594,210.0,0.0,212.0,209.0,210.0,0.0,4022400
2018-12-04,150.87985229492188,211.0,0.0,212.0,210.0,210.0,0.0,2160000
2018-12-06,149.44972229003906,209.0,0.0,210.0,207.0,208.0,0.0,2981700
2018-12-07,148.0195770263672,207.0,0.0,210.0,206.0,208.0,0.0,5887100
2018-12-11,147.3045196533203,206.0,0.0,208.0,206.0,206.0,0.0,4312000
2018-12-12,147.3045196533203,206.0,0.0,208.0,206.0,208.0,0.0,4189100
2018-12-13,149.44972229003906,209.0,0.0,209.0,207.0,207.0,0.0,3512700
2018-12-14,148.0195770263672,207.0,0.0,209.0,205.0,208.0,0.0,3985800
2018-12-17,147.3045196533203,206.0,0.0,208.0,204.0,207.0,0.0,3735400
2018-12-18,146.5894317626953,205.0,0.0,205.0,202.0,204.0,0.0,5320100
2018-12-19,148.73463439941406,208.0,0.0,208.0,204.0,205.0,0.0,5374700
2018-12-20,147.3045196533203,206.0,0.0,207.0,204.0,206.0,0.0,2784400
2018-12-21,148.0195770263672,207.0,0.0,207.0,204.0,205.0,0.0,3692100
2018-12-24,147.3045196533203,206.0,0.0,207.0,205.0,205.0,0.0,2224500
2018-12-25,145.15928649902344,203.0,0.0,205.0,199.0,204.0,0.0,3581000
2018-12-26,144.44419860839844,202.0,0.0,203.0,200.0,201.0,0.0,1666100
2018-12-27,142.2990264892578,199.0,0.0,205.0,199.0,205.0,0.0,3282400
2018-12-28,145.15928649902344,203.0,0.0,204.0,200.0,200.0,0.0,2910900
2019-01-02,145.15928649902344,203.0,0.0,205.0,203.0,204.0,0.0,1346200
2019-01-03,146.5894317626953,205.0,0.0,206.0,204.0,204.0,0.0,2984500
2019-01-04,145.15928649902344,203.0,0.0,205.0,201.0,204.0,0.0,4970100
2019-01-07,148.73463439941406,208.0,0.0,208.0,204.0,205.0,0.0,2151400
2019-01-08,148.0195770263672,207.0,0.0,208.0,206.0,207.0,0.0,1214600
2019-01-09,148.73463439941406,208.0,0.0,210.0,207.0,208.0,0.0,3202600
2019-01-10,146.5894317626953,205.0,0.0,209.0,205.0,207.0,0.0,3743600
2019-01-11,147.3045196533203,206.0,0.0,207.0,205.0,206.0,0.0,1395100
2019-01-14,148.73463439941406,208.0,0.0,208.0,205.0,206.0,0.0,2113000
2019-01-15,147.3045196533203,206.0,0.0,208.0,205.0,207.0,0.0,1893400
2019-01-16,147.3045196533203,206.0,0.0,207.0,205.0,206.0,0.0,3600700
2019-01-17,145.15928649902344,203.0,0.0,207.0,202.0,205.0,0.0,4795100
2019-01-18,142.6565704345703,199.5,0.0,203.0,198.0,203.0,0.0,9919800
2019-01-21,146.5894317626953,205.0,0.0,205.0,202.0,203.0,0.0,6392400
2019-01-22,148.73463439941406,208.0,0.0,209.0,204.0,205.0,0.0,5689400
2019-01-23,150.16477966308594,210.0,0.0,212.0,208.0,209.0,0.0,6018100
2019-01-24,151.59490966796875,212.0,0.0,212.0,210.0,211.0,0.0,3477900
2019-01-25,149.44972229003906,209.0,0.0,214.0,209.0,213.0,0.0,5884000
2019-01-28,150.16477966308594,210.0,0.0,211.0,208.0,209.0,0.0,2651700
2019-01-29,151.59490966796875,212.0,0.0,212.0,209.0,210.0,0.0,2548200
2019-01-30,150.87985229492188,211.0,0.0,212.0,209.0,211.0,0.0,2952600
2019-01-31,153.7401123046875,215.0,0.0,215.0,212.0,213.0,0.0,4174900
2019-02-01,153.7401123046875,215.0,0.0,216.0,214.0,215.0,0.0,2880400
2019-02-04,152.3100128173828,213.0,0.0,216.0,213.0,215.0,0.0,3394300
2019-02-05,152.3100128173828,213.0,0.0,214.0,212.0,212.0,0.0,1436300
2019-02-06,151.59490966796875,212.0,0.0,214.0,212.0,213.0,0.0,2089800
2019-02-07,150.87985229492188,211.0,0.0,214.0,211.0,212.0,0.0,3846500
2019-02-08,150.87985229492188,211.0,0.0,212.0,208.0,210.0,0.0,3406600
2019-02-11,151.59490966796875,212.0,0.0,212.0,209.0,211.0,0.0,2488600
2019-02-12,150.87985229492188,211.0,0.0,212.0,210.0,212.0,0.0,1832500
2019-02-13,150.87985229492188,211.0,0.0,212.0,211.0,212.0,0.0,1859800
2019-02-14,150.16477966308594,210.0,0.0,211.0,209.0,211.0,0.0,3407400
2019-02-15,148.0195770263672,207.0,0.0,210.0,206.0,209.0,0.0,3660200
2019-02-18,147.3045196533203,206.0,0.0,209.0,206.0,208.0,0.0,3769900
2019-02-20,148.0195770263672,207.0,0.0,208.0,205.0,207.0,0.0,3988400
2019-02-21,150.87985229492188,211.0,0.0,211.0,207.0,208.0,0.0,2464200
2019-02-22,150.87985229492188,211.0,0.0,211.0,208.0,211.0,0.0,2734900
2019-02-25,151.59490966796875,212.0,0.0,213.0,211.0,212.0,0.0,4223600
2019-02-26,150.87985229492188,211.0,0.0,212.0,210.0,212.0,0.0,3251900
2019-02-27,148.73463439941406,208.0,0.0,212.0,207.0,211.0,0.0,6507000
2019-02-28,149.44972229003906,209.0,0.0,210.0,207.0,208.0,0.0,3710800
2019-03-01,149.44972229003906,209.0,0.0,211.0,209.0,210.0,0.0,2165700
2019-03-04,147.3045196533203,206.0,0.0,210.0,206.0,209.0,0.0,3321400
2019-03-05,149.44972229003906,209.0,0.0,209.0,205.0,206.0,0.0,2519700
2019-03-06,147.3045196533203,206.0,0.0,209.0,206.0,208.0,0.0,2164700
2019-03-07,148.0195770263672,207.0,0.0,209.0,205.0,205.0,0.0,2878100
2019-03-08,147.3045196533203,206.0,0.0,208.0,205.0,206.0,0.0,3621800
2019-03-11,148.0195770263672,207.0,0.0,208.0,206.0,207.0,0.0,1382300
2019-03-12,148.73463439941406,208.0,0.0,209.0,207.0,208.0,0.0,1712300
2019-03-13,150.16477966308594,210.0,0.0,211.0,207.0,208.0,0.0,2630800
2019-03-14,149.44972229003906,209.0,0.0,211.0,209.0,211.0,0.0,1191800
2019-03-15,148.73463439941406,208.0,0.0,210.0,208.0,210.0,0.0,2294800
2019-03-18,149.44972229003906,209.0,0.0,209.0,207.0,209.0,0.0,845700
2019-03-19,149.44972229003906,209.0,0.0,210.0,207.0,208.0,0.0,1660700
2019-03-20,148.73463439941406,208.0,0.0,209.0,207.0,209.0,0.0,2566400
2019-03-21,148.73463439941406,208.0,0.0,210.0,208.0,209.0,0.0,2309100
2019-03-22,148.73463439941406,208.0,0.0,209.0,207.0,208.0,0.0,4893300
2019-03-25,148.0195770263672,207.0,0.0,209.0,206.0,207.0,0.0,2945500
2019-03-26,148.73463439941406,208.0,0.0,209.0,206.0,207.0,0.0,2764200
2019-03-27,148.0195770263672,207.0,0.0,209.0,206.0,208.0,0.0,3660300
2019-03-28,148.0195770263672,207.0,0.0,207.0,205.0,206.0,0.0,4086900
2019-03-29,148.0195770263672,207.0,0.0,209.0,206.0,208.0,0.0,2969400
2019-04-01,148.73463439941406,208.0,0.0,209.0,207.0,207.0,0.0,2476200
2019-04-02,149.44972229003906,209.0,0.0,209.0,207.0,207.0,0.0,2098700
2019-04-03,148.73463439941406,208.0,0.0,209.0,208.0,209.0,0.0,2173200
2019-04-04,149.44972229003906,209.0,0.0,209.0,207.0,208.0,0.0,2450700
2019-04-05,150.16477966308594,210.0,0.0,210.0,209.0,209.0,0.0,840400
2019-04-09,149.44972229003906,209.0,0.0,210.0,208.0,210.0,0.0,2804100
2019-04-10,150.16477966308594,210.0,0.0,210.0,208.0,209.0,0.0,2266300
2019-04-11,149.44972229003906,209.0,0.0,210.0,208.0,209.0,0.0,2953900
2019-04-12,150.16477966308594,210.0,0.0,210.0,208.0,209.0,0.0,1373200
2019-04-17,150.87985229492188,211.0,0.0,212.0,209.0,210.0,0.0,5162200
2019-04-18,149.44972229003906,209.0,0.0,212.0,209.0,212.0,0.0,4464300
2019-04-19,150.16477966308594,210.0,0.0,211.0,209.0,209.0,0.0,3052200
2019-04-22,150.16477966308594,210.0,0.0,211.0,209.0,211.0,0.0,4076000
2019-04-23,150.5301513671875,206.0,4.5,207.0,205.0,206.0,0.0,3197500
2019-04-24,150.5301513671875,206.0,0.0,207.0,205.0,206.0,0.0,4060200
2019-04-25,149.0686798095703,204.0,0.0,206.0,204.0,206.0,0.0,4251600
2019-04-26,149.0686798095703,204.0,0.0,206.0,204.0,205.0,0.0,2280700
2019-04-29,149.0686798095703,204.0,0.0,205.0,202.0,205.0,0.0,4087500
2019-04-30,148.3379669189453,203.0,0.0,205.0,203.0,204.0,0.0,4084400
2019-05-02,149.79940795898438,205.0,0.0,206.0,203.0,204.0,0.0,3591200
2019-05-03,149.79940795898438,205.0,0.0,206.0,205.0,206.0,0.0,2265300
2019-05-07,150.5301513671875,206.0,0.0,207.0,204.0,205.0,0.0,2643400
2019-05-08,151.26087951660156,207.0,0.0,207.0,204.0,205.0,0.0,3007300
2019-05-09,148.3379669189453,203.0,0.0,206.0,202.0,206.0,0.0,3434600
2019-05-10,146.8765106201172,201.0,0.0,204.0,201.0,204.0,0.0,4245400
2019-05-13,147.6072540283203,202.0,0.0,203.0,200.0,200.0,0.0,1721900
2019-05-14,147.6072540283203,202.0,0.0,203.0,201.0,201.0,0.0,3128700
2019-05-15,145.78041076660156,199.5,0.0,203.0,199.5,202.0,0.0,4567300
2019-05-16,146.14578247070312,200.0,0.0,201.0,198.5,201.0,0.0,3583200
2019-05-17,146.8765106201172,201.0,0.0,201.0,198.5,200.0,0.0,3670200
2019-05-21,146.8765106201172,201.0,0.0,202.0,200.0,201.0,0.0,2224300
2019-05-22,147.6072540283203,202.0,0.0,203.0,199.5,201.0,0.0,4464100
2019-05-23,145.78041076660156,199.5,0.0,201.0,199.5,200.0,0.0,2880100
2019-05-24,146.14578247070312,200.0,0.0,201.0,199.5,199.5,0.0,5047400
2019-05-27,145.78041076660156,199.5,0.0,201.0,199.0,200.0,0.0,4952100
2019-05-28,142.1267547607422,194.5,0.0,201.0,194.5,200.0,0.0,14987500
2019-05-29,142.4921417236328,195.0,0.0,196.0,194.0,195.5,0.0,10497200
2019-05-30,142.1267547607422,194.5,0.0,196.0,193.5,194.5,0.0,5095900
2019-05-31,143.58824157714844,196.5,0.0,196.5,193.5,194.5,0.0,5528400
2019-06-04,144.68431091308594,198.0,0.0,199.0,197.0,197.0,0.0,5360200
2019-06-05,146.14578247070312,200.0,0.0,201.0,199.0,199.5,0.0,5471200
2019-06-06,146.14578247070312,200.0,0.0,201.0,199.0,201.0,0.0,6371000
2019-06-07,145.4150848388672,199.0,0.0,201.0,199.0,201.0,0.0,2678900
2019-06-10,146.14578247070312,200.0,0.0,200.0,199.0,200.0,0.0,2379200
2019-06-11,146.8765106201172,201.0,0.0,202.0,200.0,201.0,0.0,4269100
2019-06-12,146.14578247070312,200.0,0.0,201.0,200.0,201.0,0.0,2807400
2019-06-13,145.78041076660156,199.5,0.0,201.0,199.0,199.5,0.0,3198300
2019-06-14,145.4150848388672,199.0,0.0,201.0,199.0,200.0,0.0,4720300
2019-06-17,145.78041076660156,199.5,0.0,200.0,199.0,199.0,0.0,2445500
2019-06-18,146.14578247070312,200.0,0.0,201.0,198.5,199.0,0.0,4786100
2019-06-19,146.8765106201172,201.0,0.0,203.0,200.0,201.0,0.0,6072800
2019-06-20,148.3379669189453,203.0,0.0,204.0,202.0,202.0,0.0,4589400
2019-06-21,146.14578247070312,200.0,0.0,204.0,200.0,203.0,0.0,5251300
2019-06-24,146.14578247070312,200.0,0.0,201.0,199.5,201.0,0.0,3430700
2019-06-25,145.78041076660156,199.5,0.0,201.0,199.0,200.0,0.0,5562800
2019-06-26,145.04971313476562,198.5,0.0,199.5,198.5,199.0,0.0,3702700
2019-06-27,144.68431091308594,198.0,0.0,199.5,197.5,199.0,0.0,5456700
2019-06-28,143.95361328125,197.0,0.0,198.0,197.0,198.0,0.0,2756000
2019-07-01,145.04971313476562,198.5,0.0,199.5,198.0,198.5,0.0,4996200
2019-07-02,144.3189697265625,197.5,0.0,199.0,197.5,198.5,0.0,4051900
2019-07-03,144.3189697265625,197.5,0.0,198.5,197.0,197.5,0.0,2650500
2019-07-04,143.58824157714844,196.5,0.0,198.5,196.0,198.0,0.0,5128700
2019-07-05,143.95361328125,197.0,0.0,197.0,196.0,196.5,0.0,2076400
2019-07-08,144.3189697265625,197.5,0.0,198.0,195.5,196.5,0.0,3359400
2019-07-09,143.22286987304688,196.0,0.0,197.5,196.0,197.0,0.0,2183400
2019-07-10,144.3189697265625,197.5,0.0,198.0,196.5,197.0,0.0,3376100
2019-07-11,143.22286987304688,196.0,0.0,198.5,196.0,198.0,0.0,3847300
2019-07-12,143.58824157714844,196.5,0.0,197.0,195.5,196.5,0.0,4091100
2019-07-15,142.8575439453125,195.5,0.0,197.0,195.5,197.0,0.0,1772900
2019-07-17,141.03067016601562,193.0,0.0,195.5,193.0,195.5,0.0,5987100
2019-07-18,140.66531372070312,192.5,0.0,193.5,192.0,193.0,0.0,4727700
2019-07-19,138.83848571777344,190.0,0.0,195.0,190.0,195.0,0.0,10421400
2019-07-22,138.83848571777344,190.0,0.0,191.0,189.5,190.5,0.0,5523200
2019-07-23,135.5502166748047,185.5,0.0,191.5,185.5,191.0,0.0,13217300
2019-07-24,136.28094482421875,186.5,0.0,187.5,185.0,185.5,0.0,6512500
2019-07-25,136.28094482421875,186.5,0.0,187.5,186.0,186.5,0.0,4969500
2019-07-26,135.5502166748047,185.5,0.0,186.5,185.0,186.5,0.0,6103600
2019-07-30,133.3580322265625,182.5,0.0,186.0,182.0,185.5,0.0,6448100
2019-07-31,132.62730407714844,181.5,0.0,183.5,181.5,182.0,0.0,6395200
2019-08-01,130.8004913330078,179.0,0.0,181.0,178.5,180.5,0.0,12297500
2019-08-02,129.7043914794922,177.5,0.0,179.0,176.0,176.0,0.0,13437000
2019-08-05,129.7043914794922,177.5,0.0,179.0,177.5,177.5,0.0,5112800
2019-08-06,129.33900451660156,177.0,0.0,177.5,175.5,176.5,0.0,6883600
2019-08-07,125.32000732421875,171.5,0.0,178.5,171.5,177.5,0.0,17885600
2019-08-08,123.49317169189453,169.0,0.0,172.0,169.0,171.5,0.0,7778700
2019-08-09,126.05071258544922,172.5,0.0,173.5,170.0,170.0,0.0,7718300
2019-08-13,124.95462799072266,171.0,0.0,173.0,170.5,172.0,0.0,4429900
2019-08-14,120.5702896118164,165.0,0.0,172.5,163.5,172.0,0.0,11816000
2019-08-15,122.03173065185547,167.0,0.0,167.5,164.0,164.5,0.0,8681300
2019-08-16,126.41609191894531,173.0,0.0,173.5,168.0,168.0,0.0,7753700
2019-08-19,126.41609191894531,173.0,0.0,175.0,170.5,174.0,0.0,6451600
2019-08-20,123.49317169189453,169.0,0.0,173.5,169.0,173.0,0.0,4361000
2019-08-21,124.2238998413086,170.0,0.0,171.5,166.5,169.0,0.0,6638500
2019-08-22,124.95462799072266,171.0,0.0,171.5,169.0,170.0,0.0,6355000
2019-08-23,125.68536376953125,172.0,0.0,172.5,171.0,171.0,0.0,1942500
2019-08-26,123.85855102539062,169.5,0.0,170.5,168.5,170.0,0.0,4122300
2019-08-27,123.49317169189453,169.0,0.0,170.0,168.0,169.5,0.0,4037200
2019-08-28,122.03173065185547,167.0,0.0,171.5,167.0,170.0,0.0,5495300
2019-08-29,123.12782287597656,168.5,0.0,169.0,166.5,167.5,0.0,3334900
2019-08-30,124.95462799072266,171.0,0.0,171.5,169.5,170.0,0.0,4158800
2019-09-02,124.58927154541016,170.5,0.0,171.5,169.5,171.5,0.0,2646500
2019-09-03,123.12782287597656,168.5,0.0,170.5,168.5,170.5,0.0,4249400
2019-09-04,123.12781524658203,166.5,2.0,168.5,166.5,166.5,0.0,3033100
2019-09-05,123.49756622314453,167.0,0.0,168.0,166.0,167.5,0.0,2987400
2019-09-06,124.237060546875,168.0,0.0,169.0,167.0,168.0,0.0,2616100
2019-09-09,124.6068344116211,168.5,0.0,169.0,167.5,169.0,0.0,1616000
2019-09-10,126.45557403564453,171.0,0.0,172.5,168.5,169.0,0.0,8624000
2019-09-11,131.26239013671875,177.5,0.0,178.0,172.5,172.5,0.0,12642800
2019-09-12,133.1111602783203,180.0,0.0,183.5,179.0,180.0,0.0,16046800
2019-09-13,130.89263916015625,177.0,0.0,180.5,176.5,180.0,0.0,6383400
2019-09-16,127.9345932006836,173.0,0.0,177.0,171.5,176.5,0.0,7640000
2019-09-17,127.56485748291016,172.5,0.0,176.0,172.5,173.0,0.0,6303600
2019-09-18,130.52288818359375,176.5,0.0,177.5,174.0,174.0,0.0,8284400
2019-09-19,132.7413787841797,179.5,0.0,180.5,176.5,177.0,0.0,12380800
2019-09-20,133.1111602783203,180.0,0.0,182.0,179.0,180.0,0.0,13719500
2019-09-23,131.26239013671875,177.5,0.0,181.0,177.0,179.5,0.0,3933900
2019-09-24,132.3716583251953,179.0,0.0,179.5,177.5,177.5,0.0,3070600
2019-09-25,133.1111602783203,180.0,0.0,180.0,177.0,177.5,0.0,3041600
2019-09-26,130.15313720703125,176.0,0.0,181.5,176.0,180.5,0.0,5094400
2019-09-27,129.4136199951172,175.0,0.0,175.0,172.5,173.5,0.0,6568500
2019-09-30,128.30433654785156,173.5,0.0,175.0,173.5,174.0,0.0,3637800
2019-10-01,127.9345932006836,173.0,0.0,174.5,172.0,174.0,0.0,5128300
2019-10-02,124.6068344116211,168.5,0.0,172.0,167.5,172.0,0.0,8334300
2019-10-03,124.6068344116211,168.5,0.0,170.0,167.5,167.5,0.0,3865800
2019-10-04,122.38831329345703,165.5,0.0,168.5,165.5,168.5,0.0,4682900
2019-10-07,123.86731719970703,167.5,0.0,169.0,166.0,166.0,0.0,2881900
2019-10-08,123.49756622314453,167.0,0.0,168.0,166.0,168.0,0.0,5376900
2019-10-09,124.6068344116211,168.5,0.0,168.5,166.0,166.0,0.0,2871100
2019-10-10,123.12781524658203,166.5,0.0,168.0,166.0,167.5,0.0,2974300
2019-10-11,125.34635162353516,169.5,0.0,169.5,166.5,166.5,0.0,3713100
2019-10-15,123.49756622314453,167.0,0.0,169.5,166.0,169.0,0.0,6518500
2019-10-16,123.49756622314453,167.0,0.0,167.5,165.5,167.0,0.0,5832800
2019-10-17,123.12781524658203,166.5,0.0,167.5,166.0,167.5,0.0,3361400
2019-10-18,123.86731719970703,167.5,0.0,167.5,165.5,166.0,0.0,2685800
2019-10-21,123.86731719970703,167.5,0.0,169.0,167.5,169.0,0.0,5686200
2019-10-22,124.6068344116211,168.5,0.0,169.0,167.5,168.5,0.0,3941700
2019-10-24,121.279052734375,164.0,0.0,170.5,161.0,169.0,0.0,15773000
2019-10-25,122.0185546875,165.0,0.0,166.0,162.5,164.5,0.0,6574800
2019-10-28,122.0185546875,165.0,0.0,165.0,163.0,165.0,0.0,2690200
2019-10-29,123.12781524658203,166.5,0.0,166.5,164.0,165.0,0.0,4598000
2019-10-30,130.52288818359375,176.5,0.0,177.0,167.0,167.0,0.0,14014200
2019-10-31,128.67413330078125,174.0,0.0,178.0,174.0,176.5,0.0,8902400
2019-11-01,128.67413330078125,174.0,0.0,175.5,172.5,174.5,0.0,3973500
2019-11-04,130.52288818359375,176.5,0.0,177.5,174.0,174.5,0.0,4867100
2019-11-05,130.15313720703125,176.0,0.0,178.0,175.5,177.0,0.0,4773700
2019-11-06,131.6321258544922,178.0,0.0,179.0,175.0,175.5,0.0,7513400
2019-11-07,132.3716583251953,179.0,0.0,179.5,176.0,178.0,0.0,4349100
2019-11-08,131.6321258544922,178.0,0.0,180.0,177.0,180.0,0.0,4099800
2019-11-11,129.78335571289062,175.5,0.0,177.5,174.5,177.0,0.0,5752200
2019-11-12,131.26239013671875,177.5,0.0,178.0,175.5,175.5,0.0,2544100
2019-11-13,129.0438690185547,174.5,0.0,177.0,174.0,176.5,0.0,3043900
2019-11-14,128.30433654785156,173.5,0.0,175.5,173.0,175.0,0.0,2416300
2019-11-15,127.9345932006836,173.0,0.0,175.5,173.0,174.0,0.0,1840400
2019-11-18,128.30433654785156,173.5,0.0,174.0,171.0,173.5,0.0,2826100
2019-11-19,128.67413330078125,174.0,0.0,174.0,171.5,171.5,0.0,2565000
2019-11-20,130.15313720703125,176.0,0.0,177.5,173.5,173.5,0.0,3271100
2019-11-21,131.26239013671875,177.5,0.0,177.5,175.0,175.0,0.0,4029600
2019-11-22,132.00189208984375,178.5,0.0,179.5,177.0,178.0,0.0,6525700
2019-11-25,132.3716583251953,179.0,0.0,180.0,177.5,179.5,0.0,3234100
2019-11-26,130.89263916015625,177.0,0.0,179.0,176.0,178.0,0.0,4696400
2019-11-27,130.52288818359375,176.5,0.0,178.0,176.5,177.0,0.0,2589000
2019-11-28,131.6321258544922,178.0,0.0,179.0,177.0,178.0,0.0,2773900
2019-11-29,130.52288818359375,176.5,0.0,178.5,174.5,177.5,0.0,3846600
2019-12-02,128.67413330078125,174.0,0.0,176.5,173.0,176.5,0.0,4808900
2019-12-03,128.30433654785156,173.5,0.0,174.5,173.0,173.0,0.0,2657800
2019-12-04,125.71607971191406,170.0,0.0,173.0,170.0,173.0,0.0,4713100
2019-12-06,125.34635162353516,169.5,0.0,172.0,168.0,170.0,0.0,4044300
2019-12-09,126.82535552978516,171.5,0.0,172.0,169.5,170.0,0.0,4643600
2019-12-11,124.97659301757812,169.0,0.0,172.0,168.5,170.5,0.0,3938200
2019-12-12,119.43030548095703,161.5,0.0,164.0,160.0,164.0,0.0,39901200
2019-12-13,112.03523254394531,151.5,0.0,158.0,151.5,157.0,0.0,83905600
2019-12-16,112.03523254394531,151.5,0.0,155.5,151.5,153.0,0.0,33426500
2019-12-17,115.36299896240234,156.0,0.0,156.0,152.5,153.0,0.0,22645700
2019-12-18,115.7327651977539,156.5,0.0,158.0,156.0,156.5,0.0,18720100
2019-12-19,117.58153533935547,159.0,0.0,160.0,156.5,157.0,0.0,21502400
2019-12-20,116.8420181274414,158.0,0.0,160.0,158.0,159.5,0.0,11727500
2019-12-23,118.6907730102539,160.5,0.0,160.5,158.0,159.0,0.0,8493500
2019-12-24,118.6907730102539,160.5,0.0,161.5,159.0,161.0,0.0,7747600
2019-12-25,119.06053161621094,161.0,0.0,161.5,159.5,160.0,0.0,3288700
2019-12-26,118.32101440429688,160.0,0.0,161.0,160.0,161.0,0.0,3580900
2019-12-27,117.9512710571289,159.5,0.0,161.0,159.0,160.5,0.0,8293700
2019-12-30,118.32101440429688,160.0,0.0,161.0,158.5,159.5,0.0,10252800
2020-01-02,120.90930938720703,163.5,0.0,163.5,160.5,161.0,0.0,11084000
2020-01-03,118.6907730102539,160.5,0.0,163.0,160.0,163.0,0.0,10606900
2020-01-06,115.36299896240234,156.0,0.0,158.5,156.0,158.0,0.0,12765000
2020-01-07,115.7327651977539,156.5,0.0,157.5,151.0,157.0,0.0,17097500
2020-01-08,113.14449310302734,153.0,0.0,155.0,153.0,153.5,0.0,9302200
2020-01-09,114.25373840332031,154.5,0.0,155.5,153.5,155.0,0.0,7361900
2020-01-10,114.25373840332031,154.5,0.0,155.5,154.0,155.0,0.0,4729600
2020-01-13,113.14449310302734,153.0,0.0,155.5,153.0,155.0,0.0,6847200
2020-01-14,112.77472686767578,152.5,0.0,154.0,152.0,153.5,0.0,7284000
2020-01-15,112.40497589111328,152.0,0.0,154.0,150.5,152.5,0.0,12351600
2020-01-16,114.25373840332031,154.5,0.0,155.0,151.5,152.0,0.0,11451200
2020-01-17,113.88399505615234,154.0,0.0,156.5,154.0,156.0,0.0,10320800
2020-01-20,110.92595672607422,150.0,0.0,152.0,149.5,151.5,0.0,17062900
2020-01-21,109.07718658447266,147.5,0.0,151.0,146.5,150.5,0.0,22369500
2020-01-22,111.66547393798828,151.0,0.0,151.5,149.5,151.0,0.0,16679500
2020-01-23,109.81671142578125,148.5,0.0,150.5,148.0,150.0,0.0,11469400
2020-01-24,109.07718658447266,147.5,0.0,149.5,147.5,149.0,0.0,5982900
2020-01-27,106.11918640136719,143.5,0.0,145.5,142.5,145.0,0.0,10593800
2020-01-28,105.00991821289062,142.0,0.0,144.5,142.0,143.0,0.0,8916000
2020-01-29,104.27041625976562,141.0,0.0,143.5,140.5,143.0,0.0,10844400
2020-01-30,105.7494125366211,143.0,0.0,144.5,139.0,140.0,0.0,12475600
2020-01-31,106.48892211914062,144.0,0.0,146.0,143.5,145.5,0.0,7912600
2020-02-03,105.7494125366211,143.0,0.0,144.0,143.0,143.0,0.0,4776500
2020-02-04,106.48892211914062,144.0,0.0,145.0,143.0,143.5,0.0,5295500
2020-02-05,106.11918640136719,143.5,0.0,144.5,141.5,144.0,0.0,7080800
2020-02-06,108.70743560791016,147.0,0.0,148.0,142.5,144.0,0.0,12751800
2020-02-07,109.81671142578125,148.5,0.0,148.5,145.0,147.0,0.0,10633700
2020-02-11,108.33769226074219,146.5,0.0,150.5,146.0,149.5,0.0,9964800
2020-02-12,109.44694519042969,148.0,0.0,149.0,147.0,147.5,0.0,6842700
2020-02-13,109.44694519042969,148.0,0.0,148.5,146.5,148.0,0.0,5222600
2020-02-14,109.07718658447266,147.5,0.0,149.5,147.5,148.5,0.0,5413500
2020-02-17,107.96795654296875,146.0,0.0,148.0,146.0,147.5,0.0,4100500
2020-02-18,105.3796615600586,142.5,0.0,145.5,142.0,145.0,0.0,8144600
2020-02-19,103.90065002441406,140.5,0.0,142.5,140.0,142.5,0.0,13757500
2020-02-20,103.5309066772461,140.0,0.0,142.0,139.5,141.5,0.0,7750400
2020-02-21,105.00991821289062,142.0,0.0,142.5,140.0,140.0,0.0,4247100
2020-02-24,102.0518798828125,138.0,0.0,141.0,137.5,140.5,0.0,10292600
2020-02-25,102.0518798828125,138.0,0.0,138.5,136.5,138.5,0.0,11350200
2020-02-26,94.65682220458984,128.0,0.0,138.5,127.5,136.5,0.0,22665200
2020-02-27,97.9845962524414,132.5,0.0,133.0,128.5,129.0,0.0,8409100
2020-02-28,97.2450942993164,131.5,0.0,132.0,128.0,129.0,0.0,8230400
2020-03-02,99.09386444091797,134.0,0.0,134.0,131.5,132.0,0.0,12460900
2020-03-03,100.5728759765625,136.0,0.0,137.0,134.0,136.0,0.0,9269400
2020-03-04,99.46361541748047,134.5,0.0,137.0,134.0,134.5,0.0,7529800
2020-03-05,96.1358413696289,130.0,0.0,136.5,129.5,135.5,0.0,17914700
2020-03-06,95.02657318115234,128.5,0.0,130.5,128.0,129.0,0.0,6517600
2020-03-09,88.00126647949219,119.0,0.0,125.0,117.5,122.0,0.0,12842800
2020-03-10,88.74077606201172,120.0,0.0,123.0,119.5,120.0,0.0,7250000
2020-03-11,87.63150787353516,118.5,0.0,121.0,118.0,119.5,0.0,4941200
2020-03-12,78.75743865966797,106.5,0.0,111.0,106.0,109.0,0.0,13650700
2020-03-13,75.42965698242188,102.0,0.0,107.5,92.25,95.0,0.0,30120800
2020-03-16,70.80774688720703,95.75,0.0,99.75,95.25,98.25,0.0,12648000
2020-03-17,67.84972381591797,91.75,0.0,96.0,91.75,93.5,0.0,14606800
2020-03-18,69.14385986328125,93.5,0.0,94.0,90.25,93.25,0.0,11476100
2020-03-19,65.8160629272461,89.0,0.0,91.5,88.0,91.5,0.0,12254100
2020-03-20,72.10187530517578,97.5,0.0,97.75,90.5,92.0,0.0,13357200
2020-03-23,65.07656860351562,88.0,0.0,90.75,88.0,90.25,0.0,11564600
2020-03-24,67.29508972167969,91.0,0.0,92.75,89.0,92.75,0.0,10339200
2020-03-25,68.03459167480469,92.0,0.0,93.25,90.25,92.75,0.0,9536500
2020-03-26,69.14385986328125,93.5,0.0,95.5,90.75,91.25,0.0,11288000
2020-03-27,72.47163391113281,98.0,0.0,101.5,94.75,95.5,0.0,16311400
2020-03-30,70.99261474609375,96.0,0.0,96.0,96.0,96.0,0.0,416100
2020-03-31,74.32039642333984,100.5,0.0,101.0,96.0,96.0,0.0,11500900
2020-04-01,73.0262451171875,98.75,0.0,101.0,98.5,99.0,0.0,9043200
2020-04-02,71.91699981689453,97.25,0.0,98.75,95.5,98.75,0.0,12325000
2020-04-03,70.80774688720703,95.75,0.0,97.5,94.75,97.25,0.0,10478800
2020-04-07,74.32039642333984,100.5,0.0,102.0,97.5,99.25,0.0,19476500
2020-04-08,77.64817810058594,105.0,0.0,107.0,98.0,100.5,0.0,21267700
2020-04-09,78.3876724243164,106.0,0.0,113.5,103.5,109.0,0.0,19759700
2020-04-10,78.75743865966797,106.5,0.0,107.5,104.0,105.0,0.0,5563000
2020-04-13,80.60620880126953,109.0,0.0,109.0,106.5,106.5,0.0,3277500
2020-04-14,86.15249633789062,116.5,0.0,117.0,110.0,110.0,0.0,13143700
2020-04-15,85.78274536132812,116.0,0.0,121.0,115.5,117.0,0.0,13565400
2020-04-16,82.08519744873047,111.0,0.0,114.5,111.0,112.5,0.0,9282600
2020-04-17,85.0432357788086,115.0,0.0,115.5,111.5,115.0,0.0,9303000
2020-04-20,88.00126647949219,119.0,0.0,119.5,116.5,118.0,0.0,12745700
2020-04-21,85.68544006347656,111.0,5.0,113.0,111.0,112.5,0.0,8713000
2020-04-22,80.66781616210938,104.5,0.0,108.5,102.5,108.0,0.0,16701000
2020-04-23,80.66781616210938,104.5,0.0,106.0,103.0,103.5,0.0,11668100
2020-04-24,79.50991821289062,103.0,0.0,105.0,102.5,104.5,0.0,9348500
2020-04-27,77.96602630615234,101.0,0.0,103.5,100.0,103.0,0.0,6699600
2020-04-28,77.19409942626953,100.0,0.0,102.0,98.0,100.0,0.0,10100000
2020-04-29,77.5800552368164,100.5,0.0,101.5,99.5,100.0,0.0,6838600
2020-04-30,80.28185272216797,104.0,0.0,104.5,101.5,102.5,0.0,14046400
2020-05-05,77.5800552368164,100.5,0.0,102.5,100.0,102.0,0.0,10665000
2020-05-07,74.29931640625,96.25,0.0,99.0,96.0,98.5,0.0,18809600
2020-05-08,74.1063232421875,96.0,0.0,97.25,96.0,96.5,0.0,9269100
2020-05-11,75.65021514892578,98.0,0.0,98.5,97.0,97.0,0.0,11046100
2020-05-12,75.07124328613281,97.25,0.0,98.75,97.0,97.75,0.0,7553800
2020-05-13,74.1063232421875,96.0,0.0,97.25,95.25,97.0,0.0,16765800
2020-05-14,73.52737426757812,95.25,0.0,95.5,94.5,95.25,0.0,8161400
2020-05-15,72.75541687011719,94.25,0.0,95.25,94.0,95.0,0.0,8123400
2020-05-18,72.75541687011719,94.25,0.0,95.75,94.25,95.0,0.0,6852600
2020-05-19,74.6852798461914,96.75,0.0,97.5,95.5,96.5,0.0,22219000
2020-05-20,74.1063232421875,96.0,0.0,97.25,95.0,96.75,0.0,15552900
2020-05-21,74.6852798461914,96.75,0.0,97.25,95.75,96.75,0.0,12220400
2020-05-22,73.52737426757812,95.25,0.0,96.5,94.75,96.0,0.0,8140400
2020-05-25,74.6852798461914,96.75,0.0,97.5,95.5,95.75,0.0,6421500
2020-05-26,76.03617858886719,98.5,0.0,100.0,97.75,98.0,0.0,13550400
2020-05-27,79.12394714355469,102.5,0.0,102.5,99.75,100.0,0.0,18700500
2020-05-28,84.52752685546875,109.5,0.0,110.5,106.5,108.0,0.0,34631000
2020-05-29,84.14156341552734,109.0,0.0,109.5,107.0,108.0,0.0,13337900
2020-06-01,88.77320861816406,115.0,0.0,115.0,111.0,111.5,0.0,17676300
2020-06-02,89.1591796875,115.5,0.0,116.5,112.5,115.0,0.0,15046900
2020-06-04,98.80843353271484,128.0,0.0,131.5,118.5,119.0,0.0,70315500
2020-06-05,97.6505355834961,126.5,0.0,129.5,124.0,128.5,0.0,26368500
2020-06-08,93.79082489013672,121.5,0.0,126.5,121.0,125.5,0.0,22892500
2020-06-09,94.94873809814453,123.0,0.0,125.5,121.0,121.5,0.0,17081400
2020-06-10,97.26455688476562,126.0,0.0,127.5,123.5,125.0,0.0,19373000
2020-06-11,96.10664367675781,124.5,0.0,127.0,123.0,125.5,0.0,13189300
2020-06-12,93.40486145019531,121.0,0.0,122.0,120.0,120.0,0.0,16079900
2020-06-15,87.22931671142578,113.0,0.0,119.5,112.0,119.5,0.0,18602200
2020-06-16,89.93110656738281,116.5,0.0,118.5,116.0,117.5,0.0,10839200
2020-06-17,91.0890121459961,118.0,0.0,118.5,114.0,116.0,0.0,10497300
2020-06-18,89.93110656738281,116.5,0.0,116.5,115.0,115.0,0.0,8331900
2020-06-19,89.1591796875,115.5,0.0,116.5,113.0,116.5,0.0,10884300
2020-06-22,81.0538101196289,105.0,0.0,109.5,105.0,107.0,0.0,37566000
2020-06-23,81.82572937011719,106.0,0.0,108.0,106.0,106.0,0.0,12601000
2020-06-24,82.98365020751953,107.5,0.0,110.5,106.5,107.5,0.0,18682700
2020-06-25,84.14156341552734,109.0,0.0,109.0,105.5,106.0,0.0,10835900
2020-06-26,83.36962127685547,108.0,0.0,111.0,107.5,110.5,0.0,8328800
2020-06-29,83.36962127685547,108.0,0.0,109.0,106.0,107.0,0.0,9069200
2020-06-30,82.59766387939453,107.0,0.0,109.5,107.0,109.5,0.0,10106300
2020-07-01,83.36962127685547,108.0,0.0,109.0,106.5,107.0,0.0,6726300
2020-07-02,84.52752685546875,109.5,0.0,111.0,108.0,109.0,0.0,11166600
2020-07-03,82.98365020751953,107.5,0.0,109.5,107.5,109.5,0.0,7356500
2020-07-07,82.59766387939453,107.0,0.0,110.0,107.0,110.0,0.0,11292300
2020-07-08,84.14156341552734,109.0,0.0,110.0,107.0,107.0,0.0,8869000
2020-07-09,83.7555923461914,108.5,0.0,110.0,108.0,109.5,0.0,4809600
2020-07-10,82.98365020751953,107.5,0.0,109.0,107.0,108.0,0.0,5123200
2020-07-13,82.21170043945312,106.5,0.0,109.0,105.5,108.5,0.0,5874900
2020-07-14,82.21170043945312,106.5,0.0,107.5,103.5,105.5,0.0,10092200
2020-07-15,84.14156341552734,109.0,0.0,109.0,107.5,108.5,0.0,7982600
2020-07-16,83.7555923461914,108.5,0.0,109.5,107.5,109.0,0.0,4825000
2020-07-17,84.52752685546875,109.5,0.0,109.5,108.0,108.5,0.0,3919400
2020-07-20,82.21170043945312,106.5,0.0,109.5,106.5,109.5,0.0,6831000
2020-07-21,83.7555923461914,108.5,0.0,108.5,106.5,107.0,0.0,7738600
2020-07-22,79.12394714355469,102.5,0.0,105.5,102.5,103.5,0.0,25523100
2020-07-23,81.0538101196289,105.0,0.0,105.0,103.0,103.0,0.0,7937800
2020-07-24,80.28185272216797,104.0,0.0,104.5,103.0,104.0,0.0,4547300
2020-07-29,77.19409942626953,100.0,0.0,105.0,100.0,104.0,0.0,11463500
2020-07-30,77.19409942626953,100.0,0.0,101.5,99.75,100.5,0.0,8729200
2020-07-31,76.80812072753906,99.5,0.0,100.0,99.0,100.0,0.0,5303100
2020-08-03,76.03617858886719,98.5,0.0,100.5,97.75,100.0,0.0,9699500
2020-08-04,77.19409942626953,100.0,0.0,101.0,98.5,98.75,0.0,6561800
2020-08-05,78.73798370361328,102.0,0.0,102.0,99.75,101.0,0.0,7663000
2020-08-06,77.19409942626953,100.0,0.0,102.5,100.0,102.0,0.0,6648900
2020-08-07,77.19409942626953,100.0,0.0,101.0,99.5,100.5,0.0,7366100
2020-08-10,76.61512756347656,99.25,0.0,101.0,99.0,100.0,0.0,4882500
2020-08-11,80.28185272216797,104.0,0.0,104.0,99.5,100.0,0.0,12412700
2020-08-13,84.52752685546875,109.5,0.0,109.5,106.5,107.0,0.0,28964800
2020-08-14,82.21170043945312,106.5,0.0,109.0,105.5,109.0,0.0,9778900
2020-08-17,81.0538101196289,105.0,0.0,107.5,104.5,107.0,0.0,4861300
2020-08-18,82.59766387939453,107.0,0.0,107.5,105.5,105.5,0.0,5065600
2020-08-19,81.43977355957031,105.5,0.0,108.0,105.0,108.0,0.0,7913000
2020-08-20,79.12394714355469,102.5,0.0,105.0,102.5,104.0,0.0,8338300
2020-08-21,80.28185272216797,104.0,0.0,104.5,103.0,103.5,0.0,3916500
2020-08-24,81.0538101196289,105.0,0.0,106.0,102.5,105.5,0.0,7664500
2020-08-25,80.66781616210938,104.5,0.0,107.0,104.5,106.0,0.0,6580000
2020-08-26,81.82572937011719,106.0,0.0,106.0,104.0,105.0,0.0,4391600
2020-08-27,82.59766387939453,107.0,0.0,107.0,104.5,105.5,0.0,8408400
2020-08-28,82.59766387939453,107.0,0.0,110.0,106.5,108.0,0.0,16451700
2020-08-31,82.21170043945312,106.5,0.0,109.5,106.5,108.0,0.0,13431600
2020-09-01,80.28185272216797,104.0,0.0,107.0,104.0,107.0,0.0,10486800
2020-09-02,81.43977355957031,105.5,0.0,105.5,103.5,104.5,0.0,4503800
2020-09-03,80.66781616210938,104.5,0.0,106.0,103.5,106.0,0.0,4558600
2020-09-08,81.82572937011719,106.0,0.0,106.0,104.0,105.5,0.0,5158400
2020-09-09,82.98365020751953,107.5,0.0,107.5,104.5,105.5,0.0,9002100
2020-09-10,81.0538101196289,105.0,0.0,107.5,105.0,107.0,0.0,5619700
2020-09-11,79.50991821289062,103.0,0.0,106.0,103.0,105.5,0.0,6926100
2020-09-14,79.12394714355469,102.5,0.0,103.5,102.5,103.0,0.0,4844800
2020-09-15,79.89588928222656,103.5,0.0,104.0,102.5,103.0,0.0,3459700
2020-09-16,77.19409942626953,100.0,0.0,102.5,100.0,102.5,0.0,14593000
2020-09-17,76.4221420288086,99.0,0.0,101.0,99.0,100.5,0.0,10088000
2020-09-18,77.96602630615234,101.0,0.0,102.0,100.0,100.0,0.0,34185700
2020-09-21,77.5800552368164,100.5,0.0,102.5,100.0,102.5,0.0,4208400
2020-09-22,75.26423645019531,97.5,0.0,99.5,97.25,99.25,0.0,9762100
2020-09-23,73.9133529663086,95.75,0.0,98.0,95.75,97.75,0.0,12265600
2020-09-24,74.49229431152344,96.5,0.0,97.5,95.0,95.25,0.0,11381600
2020-09-25,74.1063232421875,96.0,0.0,97.25,95.5,96.5,0.0,8065400
2020-09-28,77.5800552368164,100.5,0.0,101.0,96.25,96.25,0.0,9607100
2020-09-29,75.65021514892578,98.0,0.0,101.0,97.5,100.5,0.0,9282000
2020-09-30,74.1063232421875,96.0,0.0,99.25,96.0,98.25,0.0,11038200
2020-10-01,74.29931640625,96.25,0.0,97.0,96.0,96.5,0.0,6041100
2020-10-02,72.56244659423828,94.0,0.0,96.0,93.5,96.0,0.0,10170100
2020-10-05,72.75541687011719,94.25,0.0,95.5,94.0,94.5,0.0,4691800
2020-10-06,73.14139556884766,94.75,0.0,95.25,94.5,94.75,0.0,8296400
2020-10-07,73.14139556884766,94.75,0.0,95.25,94.0,94.5,0.0,6589600
2020-10-08,73.72034454345703,95.5,0.0,96.75,95.25,95.5,0.0,8138800
2020-10-09,73.33438873291016,95.0,0.0,96.0,94.75,96.0,0.0,6298700
2020-10-12,74.29931640625,96.25,0.0,97.0,95.0,95.5,0.0,6783200
2020-10-14,72.94842529296875,94.5,0.0,96.0,94.25,95.75,0.0,7432200
2020-10-15,72.94842529296875,94.5,0.0,94.5,93.0,93.75,0.0,6231800
2020-10-16,72.94842529296875,94.5,0.0,95.25,93.5,95.0,0.0,6098800
2020-10-19,69.66766357421875,90.25,0.0,94.5,90.0,94.25,0.0,11823500
2020-10-20,70.82559204101562,91.75,0.0,92.25,90.5,90.5,0.0,7272300
2020-10-21,73.72034454345703,95.5,0.0,95.5,93.0,93.25,0.0,11521700
2020-10-22,73.14139556884766,94.75,0.0,95.5,94.0,95.5,0.0,6532100
2020-10-26,72.36944580078125,93.75,0.0,94.75,93.5,94.5,0.0,6131400
2020-10-27,72.56244659423828,94.0,0.0,94.5,92.75,93.5,0.0,6847800
2020-10-28,74.1063232421875,96.0,0.0,97.0,94.25,94.25,0.0,13416100
2020-10-29,75.45722198486328,97.75,0.0,98.5,95.25,95.5,0.0,13748600
2020-10-30,74.6852798461914,96.75,0.0,98.0,95.5,97.75,0.0,10502100
2020-11-02,75.65021514892578,98.0,0.0,98.0,96.25,97.0,0.0,6465800
2020-11-03,76.61512756347656,99.25,0.0,99.5,98.25,98.25,0.0,8916200
2020-11-04,75.45722198486328,97.75,0.0,100.0,97.75,100.0,0.0,5848900
2020-11-05,78.35200500488281,101.5,0.0,102.0,97.75,98.0,0.0,12065300
2020-11-06,82.21170043945312,106.5,0.0,107.0,99.75,101.0,0.0,20286400
2020-11-09,81.82572937011719,106.0,0.0,109.0,106.0,108.0,0.0,12477200
2020-11-10,88.77320861816406,115.0,0.0,119.0,108.5,111.5,0.0,39040400
2020-11-11,87.22931671142578,113.0,0.0,117.0,110.5,115.0,0.0,26902900
2020-11-12,87.22931671142578,113.0,0.0,114.0,110.5,112.5,0.0,10555400
2020-11-13,89.93110656738281,116.5,0.0,117.5,113.5,114.5,0.0,16777000
2020-11-16,90.31709289550781,117.0,0.0,119.5,117.0,118.0,0.0,8496300
2020-11-17,90.31709289550781,117.0,0.0,119.5,116.0,117.0,0.0,11482600
2020-11-18,91.0890121459961,118.0,0.0,118.0,114.5,116.0,0.0,9131400
2020-11-19,91.0890121459961,118.0,0.0,119.5,117.5,118.0,0.0,13393200
2020-11-20,93.40486145019531,121.0,0.0,123.5,118.0,119.0,0.0,30268900
2020-11-23,95.33470153808594,123.5,0.0,124.5,121.0,122.0,0.0,14946400
2020-11-24,94.5627670288086,122.5,0.0,125.0,121.0,124.0,0.0,11153300
2020-11-25,96.49260711669922,125.0,0.0,126.0,122.5,125.0,0.0,13374500
2020-11-26,95.7206802368164,124.0,0.0,125.0,122.0,125.0,0.0,10169400
2020-11-27,94.5627670288086,122.5,0.0,123.5,122.5,123.5,0.0,6007900
2020-11-30,91.0890121459961,118.0,0.0,122.0,118.0,121.0,0.0,9589300
2020-12-01,93.40486145019531,121.0,0.0,123.0,120.0,120.5,0.0,10780900
2020-12-02,95.33470153808594,123.5,0.0,124.5,121.5,121.5,0.0,9518200
2020-12-03,96.49260711669922,125.0,0.0,125.0,123.0,124.5,0.0,9041400
2020-12-04,96.10664367675781,124.5,0.0,126.5,123.5,126.0,0.0,10524900
2020-12-08,98.80843353271484,128.0,0.0,130.0,124.0,124.5,0.0,12891900
2020-12-09,101.5102310180664,131.5,0.0,134.5,129.0,129.5,0.0,12645900
2020-12-14,98.80843353271484,128.0,0.0,133.0,127.0,132.5,0.0,10010800
2020-12-15,97.6505355834961,126.5,0.0,128.0,124.0,128.0,0.0,9359600
2020-12-16,99.19440460205078,128.5,0.0,129.5,126.0,128.5,0.0,9375200
2020-12-17,99.19440460205078,128.5,0.0,129.5,127.5,128.5,0.0,7062500
2020-12-18,96.49260711669922,125.0,0.0,128.5,124.0,128.5,0.0,15048800
2020-12-21,91.0890121459961,118.0,0.0,121.5,118.0,119.0,0.0,16947200
2020-12-22,92.6329116821289,120.0,0.0,120.5,116.5,118.0,0.0,15044800
2020-12-23,90.70307159423828,117.5,0.0,120.5,117.5,119.5,0.0,10477100
2020-12-24,94.1767807006836,122.0,0.0,123.0,117.0,118.0,0.0,7367400
2020-12-25,93.79082489013672,121.5,0.0,123.0,120.5,122.0,0.0,4264700
2020-12-28,91.0890121459961,118.0,0.0,122.0,118.0,122.0,0.0,5852900
2020-12-29,93.40486145019531,121.0,0.0,121.5,118.5,118.5,0.0,4560600
2020-12-30,91.47499084472656,118.5,0.0,123.0,118.0,122.0,0.0,7153100
2021-01-04,93.01887512207031,120.5,0.0,120.5,115.0,115.5,0.0,6832500
2021-01-05,93.40486145019531,121.0,0.0,121.0,118.5,119.5,0.0,8378700
2021-01-06,94.1767807006836,122.0,0.0,125.0,120.5,121.5,0.0,13477400
2021-01-07,96.49260711669922,125.0,0.0,127.0,124.0,126.0,0.0,17236400
2021-01-08,96.49260711669922,125.0,0.0,127.5,123.5,127.0,0.0,8731400
2021-01-11,95.7206802368164,124.0,0.0,125.0,123.0,124.5,0.0,4377800
2021-01-12,95.7206802368164,124.0,0.0,124.0,122.5,124.0,0.0,4672300
2021-01-13,97.26455688476562,126.0,0.0,127.0,123.5,124.0,0.0,14123200
2021-01-14,96.49260711669922,125.0,0.0,126.5,124.0,125.0,0.0,6062200
2021-01-15,95.7206802368164,124.0,0.0,125.5,123.0,125.0,0.0,5952200
2021-01-18,93.79082489013672,121.5,0.0,123.5,121.0,123.0,0.0,5687800
2021-01-19,93.79082489013672,121.5,0.0,123.5,121.5,123.0,0.0,4774200
2021-01-20,93.79082489013672,121.5,0.0,123.0,120.5,122.0,0.0,8373900
2021-01-21,98.03651428222656,127.0,0.0,128.0,123.0,123.5,0.0,25433000
2021-01-22,94.1767807006836,122.0,0.0,127.0,122.0,127.0,0.0,38842900
2021-01-25,93.01887512207031,120.5,0.0,122.0,119.0,121.5,0.0,10863300
2021-01-26,93.79082489013672,121.5,0.0,121.5,119.0,119.5,0.0,12096900
2021-01-27,91.86097717285156,119.0,0.0,121.5,119.0,121.5,0.0,12946800
2021-01-28,89.54515075683594,116.0,0.0,118.5,116.0,118.0,0.0,13787600
2021-01-29,87.61528778076172,113.5,0.0,117.5,113.5,117.0,0.0,22979800
2021-02-01,88.00126647949219,114.0,0.0,114.5,111.5,112.5,0.0,17300100
2021-02-02,87.61528778076172,113.5,0.0,115.5,112.5,115.0,0.0,13617300
2021-02-03,88.77320861816406,115.0,0.0,117.5,114.0,114.0,0.0,22898100
2021-02-04,93.01887512207031,120.5,0.0,122.0,113.5,115.0,0.0,46182600
2021-02-05,94.94873809814453,123.0,0.0,125.0,121.0,124.0,0.0,38176500
2021-02-08,99.96636199951172,129.5,0.0,129.5,124.5,125.5,0.0,51942800
2021-02-09,98.80843353271484,128.0,0.0,131.0,126.5,130.0,0.0,28819700
2021-02-10,97.26455688476562,126.0,0.0,128.0,124.5,128.0,0.0,14234800
2021-02-11,97.26455688476562,126.0,0.0,127.0,123.5,126.0,0.0,13349800
2021-02-15,96.87858581542969,125.5,0.0,126.5,124.5,126.5,0.0,5532400
2021-02-16,96.87858581542969,125.5,0.0,127.5,125.5,127.0,0.0,10819600
2021-02-17,96.87858581542969,125.5,0.0,126.5,124.5,125.0,0.0,9298000
2021-02-18,95.7206802368164,124.0,0.0,126.0,123.5,125.5,0.0,9540500
2021-02-19,94.1767807006836,122.0,0.0,123.5,121.0,123.5,0.0,14471400
2021-02-22,91.0890121459961,118.0,0.0,122.0,118.0,122.0,0.0,12179000
2021-02-23,93.01887512207031,120.5,0.0,121.5,119.0,120.0,0.0,11155400
2021-02-24,93.79082489013672,121.5,0.0,122.0,119.5,121.0,0.0,6876700
2021-02-25,94.1767807006836,122.0,0.0,123.5,120.5,123.5,0.0,14243800
2021-03-01,94.1767807006836,122.0,0.0,123.0,120.5,121.0,0.0,7658900
2021-03-02,94.1767807006836,122.0,0.0,123.0,121.5,122.5,0.0,9261000
2021-03-03,97.26455688476562,126.0,0.0,126.0,122.5,123.0,0.0,21361500
2021-03-04,96.10664367675781,124.5,0.0,126.0,124.0,125.5,0.0,12256400
2021-03-05,97.6505355834961,126.5,0.0,127.5,123.5,124.0,0.0,16387400
2021-03-08,98.03651428222656,127.0,0.0,129.0,126.5,128.5,0.0,13358300
2021-03-09,96.87858581542969,125.5,0.0,127.0,125.0,127.0,0.0,10460200
2021-03-10,97.6505355834961,126.5,0.0,127.0,122.5,124.5,0.0,19272400
2021-03-11,97.26455688476562,126.0,0.0,128.0,126.0,127.5,0.0,11815400
2021-03-12,96.87858581542969,125.5,0.0,127.0,125.0,125.5,0.0,9606300
2021-03-15,95.7206802368164,124.0,0.0,126.0,124.0,125.5,0.0,9290400
2021-03-16,96.10664367675781,124.5,0.0,125.5,124.0,125.0,0.0,6643400
2021-03-17,96.49260711669922,125.0,0.0,125.5,124.0,124.5,0.0,10238700
2021-03-18,96.87858581542969,125.5,0.0,127.0,125.0,126.0,0.0,11824900
2021-03-19,97.6505355834961,126.5,0.0,126.5,125.0,125.0,0.0,15660600
2021-03-22,97.26455688476562,126.0,0.0,127.0,125.0,126.0,0.0,7267200
2021-03-23,96.49260711669922,125.0,0.0,127.0,124.0,126.5,0.0,8693700
2021-03-24,96.49260711669922,125.0,0.0,125.0,123.5,124.5,0.0,7177100
2021-03-25,96.87858581542969,125.5,0.0,127.0,124.5,125.0,0.0,9856300
2021-03-26,96.87858581542969,125.5,0.0,126.5,125.5,126.0,0.0,4510200
2021-03-29,97.26455688476562,126.0,0.0,126.5,125.0,126.0,0.0,7290300
2021-03-30,97.26455688476562,126.0,0.0,127.0,126.0,126.5,0.0,9928800
2021-03-31,97.26455688476562,126.0,0.0,126.5,126.0,126.5,0.0,5020200
2021-04-01,98.80843353271484,128.0,0.0,129.0,126.0,126.0,0.0,16213600
2021-04-02,99.19440460205078,128.5,0.0,130.5,128.5,129.5,0.0,14974700
2021-04-05,98.03651428222656,127.0,0.0,129.0,126.5,129.0,0.0,7840300
2021-04-07,96.87858581542969,125.5,0.0,127.0,125.5,126.0,0.0,8609600
2021-04-08,96.87858581542969,125.5,0.0,126.5,125.5,125.5,0.0,5123700
2021-04-09,96.87858581542969,125.5,0.0,126.5,125.5,126.0,0.0,4033400
2021-04-12,94.94873809814453,123.0,0.0,125.5,123.0,125.0,0.0,12540900
2021-04-16,94.1767807006836,122.0,0.0,122.0,119.5,122.0,0.0,13899100
2021-04-19,96.10664367675781,124.5,0.0,124.5,123.0,123.0,0.0,10080800
2021-04-20,98.42245483398438,127.5,0.0,127.5,123.5,125.0,0.0,19871200
2021-04-21,99.60355377197266,126.5,2.5,126.5,125.0,125.5,0.0,15869400
2021-04-22,97.24139404296875,123.5,0.0,127.0,123.5,126.5,0.0,14636700
2021-04-23,95.66664123535156,121.5,0.0,123.5,121.5,122.5,0.0,8847700
2021-04-26,95.27294921875,121.0,0.0,122.5,120.5,121.0,0.0,10239400
2021-04-27,95.27294921875,121.0,0.0,122.5,120.5,121.5,0.0,8733700
2021-04-28,96.06031799316406,122.0,0.0,122.0,120.5,121.0,0.0,7861600
2021-04-29,96.45401763916016,122.5,0.0,123.5,121.5,122.0,0.0,8569900
2021-04-30,95.66664123535156,121.5,0.0,122.5,121.0,122.5,0.0,8779400
2021-05-05,92.91080474853516,118.0,0.0,121.0,118.0,121.0,0.0,17721300
2021-05-06,92.91080474853516,118.0,0.0,119.5,118.0,118.5,0.0,9766100
2021-05-07,93.30449676513672,118.5,0.0,119.5,118.0,118.5,0.0,6418100
2021-05-10,93.69819641113281,119.0,0.0,120.0,118.0,119.5,0.0,4527500
2021-05-11,93.30449676513672,118.5,0.0,119.0,118.0,118.5,0.0,5923700
2021-05-12,92.12342834472656,117.0,0.0,118.0,116.0,117.0,0.0,14810400
2021-05-13,92.51712036132812,117.5,0.0,117.5,115.0,115.0,0.0,14246500
2021-05-14,90.94236755371094,115.5,0.0,118.5,115.5,118.0,0.0,7766300
2021-05-17,91.33605194091797,116.0,0.0,116.5,113.0,115.0,0.0,8169300
2021-05-18,91.729736328125,116.5,0.0,117.0,115.5,117.0,0.0,7109700
2021-05-19,90.94236755371094,115.5,0.0,116.5,115.0,115.5,0.0,4214000
2021-05-20,91.33605194091797,116.0,0.0,117.0,115.0,115.5,0.0,9028700
2021-05-21,90.94236755371094,115.5,0.0,116.0,115.0,115.5,0.0,4323100
2021-05-24,90.15498352050781,114.5,0.0,116.0,114.5,115.5,0.0,4869500
2021-05-25,90.15498352050781,114.5,0.0,115.5,113.5,115.0,0.0,14343600
2021-05-27,90.54866790771484,115.0,0.0,115.5,114.0,115.0,0.0,13554100
2021-05-28,90.15498352050781,114.5,0.0,116.0,114.5,115.0,0.0,6079100
2021-05-31,90.54866790771484,115.0,0.0,115.5,114.0,114.5,0.0,4632600
2021-06-01,92.12342834472656,117.0,0.0,117.5,115.0,116.0,0.0,7800700
2021-06-02,90.94236755371094,115.5,0.0,117.0,115.0,117.0,0.0,6824300
2021-06-04,91.33605194091797,116.0,0.0,117.0,115.0,115.5,0.0,10694400
2021-06-07,92.51712036132812,117.5,0.0,118.0,115.5,116.0,0.0,9595400
2021-06-08,92.51712036132812,117.5,0.0,118.5,117.0,118.0,0.0,9325800
2021-06-09,94.87925720214844,120.5,0.0,121.0,118.0,118.0,0.0,14739600
2021-06-10,95.27294921875,121.0,0.0,122.5,120.0,121.0,0.0,11452300
2021-06-11,96.06031799316406,122.0,0.0,122.5,121.0,121.5,0.0,6609800
2021-06-14,96.84771728515625,123.0,0.0,123.5,122.0,123.0,0.0,6870900
2021-06-15,95.27294921875,121.0,0.0,123.0,120.0,123.0,0.0,10488600
2021-06-16,94.48555755615234,120.0,0.0,121.0,119.5,119.5,0.0,8910700
2021-06-17,94.09188079833984,119.5,0.0,121.0,119.0,119.5,0.0,5035600
2021-06-18,94.09188079833984,119.5,0.0,120.0,118.0,119.5,0.0,11575200
2021-06-21,91.729736328125,116.5,0.0,118.0,116.5,117.5,0.0,9622000
2021-06-22,91.729736328125,116.5,0.0,118.5,116.5,117.5,0.0,6226300
2021-06-23,91.33605194091797,116.0,0.0,117.5,116.0,117.0,0.0,4899100
2021-06-24,90.54866790771484,115.0,0.0,116.0,114.5,115.5,0.0,8193900
2021-06-25,90.15498352050781,114.5,0.0,116.0,114.5,115.0,0.0,6066900
2021-06-28,89.76128387451172,114.0,0.0,115.0,113.5,115.0,0.0,5587900
2021-06-29,89.36760711669922,113.5,0.0,115.0,113.5,114.0,0.0,7952700
2021-06-30,88.97390747070312,113.0,0.0,114.0,113.0,114.0,0.0,5032400
2021-07-01,89.76128387451172,114.0,0.0,114.5,112.5,113.5,0.0,15313500
2021-07-02,88.1865234375,112.0,0.0,114.0,112.0,113.5,0.0,12432800
2021-07-05,88.1865234375,112.0,0.0,112.5,111.0,112.0,0.0,4850100
2021-07-06,88.1865234375,112.0,0.0,113.0,111.5,112.0,0.0,6954600
2021-07-07,85.0370101928711,108.0,0.0,112.0,108.0,111.5,0.0,21827900
2021-07-08,82.28118133544922,104.5,0.0,106.0,104.0,104.5,0.0,22872900
2021-07-09,82.67488098144531,105.0,0.0,106.5,102.5,103.5,0.0,18668600
2021-07-12,83.4622573852539,106.0,0.0,107.0,105.0,105.5,0.0,10780100
2021-07-13,84.64332580566406,107.5,0.0,107.5,106.0,106.5,0.0,8125600
2021-07-14,83.06857299804688,105.5,0.0,107.0,104.5,107.0,0.0,11422500
2021-07-15,83.8559341430664,106.5,0.0,107.0,105.5,106.0,0.0,7180000
2021-07-16,83.4622573852539,106.0,0.0,107.0,106.0,106.0,0.0,5457200
2021-07-19,82.67488098144531,105.0,0.0,105.5,104.0,105.5,0.0,7958200
2021-07-20,81.4937973022461,103.5,0.0,104.5,103.0,104.0,0.0,12020800
2021-07-21,80.31273651123047,102.0,0.0,105.0,101.5,104.5,0.0,14598700
2021-07-22,82.28118133544922,104.5,0.0,105.5,102.0,103.0,0.0,15913900
2021-07-23,81.88748168945312,104.0,0.0,104.5,103.0,104.0,0.0,9961600
2021-07-27,81.4937973022461,103.5,0.0,104.5,102.5,104.5,0.0,9115800
2021-07-29,80.7064208984375,102.5,0.0,103.5,102.5,103.0,0.0,7941100
2021-07-30,80.7064208984375,102.5,0.0,102.5,100.5,102.0,0.0,10080400
2021-08-02,79.91903686523438,101.5,0.0,102.0,100.0,102.0,0.0,7063600
2021-08-03,81.10011291503906,103.0,0.0,103.0,100.0,100.5,0.0,12288700
2021-08-04,80.7064208984375,102.5,0.0,103.0,102.0,103.0,0.0,5130400
2021-08-05,80.7064208984375,102.5,0.0,103.0,102.0,102.5,0.0,6348200
2021-08-06,81.10011291503906,103.0,0.0,103.0,102.0,102.5,0.0,3842300
2021-08-09,81.88748168945312,104.0,0.0,104.5,102.0,103.0,0.0,10461600
2021-08-10,81.10011291503906,103.0,0.0,105.0,102.5,104.5,0.0,8392900
2021-08-11,80.31273651123047,102.0,0.0,103.5,101.5,103.0,0.0,8794300
2021-08-13,80.7064208984375,102.5,0.0,103.0,101.0,101.0,0.0,8210500
2021-08-16,81.10011291503906,103.0,0.0,103.0,101.5,102.0,0.0,7992900
2021-08-17,81.10011291503906,103.0,0.0,103.5,102.0,103.0,0.0,10077700
2021-08-18,81.10011291503906,103.0,0.0,103.5,102.0,103.0,0.0,4723400
2021-08-19,80.7064208984375,102.5,0.0,103.5,102.0,102.5,0.0,6989000
2021-08-20,81.88748168945312,104.0,0.0,104.5,102.0,102.5,0.0,11493900
2021-08-23,88.58021545410156,112.5,0.0,113.0,107.5,107.5,0.0,39095300
2021-08-24,89.76128387451172,114.0,0.0,114.5,112.5,113.5,0.0,22771500
2021-08-25,90.94236755371094,115.5,0.0,115.5,112.5,113.0,0.0,14686200
2021-08-26,90.54866790771484,115.0,0.0,115.5,113.5,115.5,0.0,12090000
2021-08-27,92.51712036132812,117.5,0.0,117.5,114.0,114.5,0.0,14417600
2021-08-30,92.51712036132812,117.5,0.0,119.5,117.0,118.0,0.0,21866600
2021-08-31,89.76128387451172,114.0,0.0,118.0,114.0,117.0,0.0,60542600
2021-09-01,89.36760711669922,113.5,0.0,115.5,113.0,115.0,0.0,25358300
2021-09-02,90.15498352050781,114.5,0.0,114.5,113.0,113.5,0.0,10097600
2021-09-03,89.76128387451172,114.0,0.0,114.5,112.5,114.0,0.0,12703900
2021-09-06,89.76128387451172,114.0,0.0,114.5,113.0,114.0,0.0,6231000
2021-09-07,88.97390747070312,113.0,0.0,114.5,113.0,114.0,0.0,8658700
2021-09-08,88.97390747070312,112.0,1.0,112.5,111.0,112.0,0.0,10567500
2021-09-09,90.16552734375,113.5,0.0,114.0,111.0,111.5,0.0,9741500
2021-09-10,88.97390747070312,112.0,0.0,113.5,111.5,113.0,0.0,7111700
2021-09-13,89.3711166381836,112.5,0.0,113.5,112.0,112.0,0.0,6257400
2021-09-14,89.76831817626953,113.0,0.0,113.5,112.0,113.0,0.0,6158700
2021-09-15,89.3711166381836,112.5,0.0,113.5,112.5,112.5,0.0,5953500
2021-09-16,90.5627212524414,114.0,0.0,114.0,113.0,113.0,0.0,5544200
2021-09-17,90.16552734375,113.5,0.0,115.0,113.5,114.0,0.0,12411400
2021-09-20,88.57669830322266,111.5,0.0,113.5,111.0,113.0,0.0,7744600
2021-09-21,90.5627212524414,114.0,0.0,115.0,111.5,112.0,0.0,13579200
2021-09-22,90.16552734375,113.5,0.0,116.0,113.5,115.5,0.0,9784600
2021-09-23,93.3431625366211,117.5,0.0,119.0,115.0,118.0,0.0,44194400
2021-09-27,94.1375732421875,118.5,0.0,123.5,117.5,119.0,0.0,63156300
2021-09-28,93.74036407470703,118.0,0.0,119.5,117.0,119.0,0.0,17609300
2021-09-29,95.32917785644531,120.0,0.0,121.5,116.5,116.5,0.0,28520200
2021-09-30,92.54875946044922,116.5,0.0,120.5,116.5,120.0,0.0,16505400
2021-10-01,93.3431625366211,117.5,0.0,117.5,116.0,116.0,0.0,10981300
2021-10-04,92.54875946044922,116.5,0.0,117.5,115.5,117.5,0.0,18712000
2021-10-05,92.15155792236328,116.0,0.0,117.0,115.0,116.0,0.0,11898000
2021-10-06,91.75434875488281,115.5,0.0,117.0,115.5,116.0,0.0,12051100
2021-10-07,94.1375732421875,118.5,0.0,119.5,116.5,116.5,0.0,22514200
2021-10-08,94.1375732421875,118.5,0.0,120.5,118.5,119.5,0.0,12586900
2021-10-11,94.1375732421875,118.5,0.0,120.5,118.0,120.0,0.0,7341700
2021-10-12,95.32917785644531,120.0,0.0,120.5,119.5,119.5,0.0,11343800
2021-10-14,94.93199157714844,119.5,0.0,121.0,119.0,120.0,0.0,10111400
2021-10-15,94.93199157714844,119.5,0.0,121.0,119.5,120.0,0.0,10612600
2021-10-18,95.72640228271484,120.5,0.0,120.5,119.5,120.0,0.0,7951900
2021-10-19,94.53478240966797,119.0,0.0,122.0,119.0,121.0,0.0,11298400
2021-10-20,95.72640228271484,120.5,0.0,120.5,118.5,119.5,0.0,8428200
2021-10-21,96.9179916381836,122.0,0.0,123.0,120.5,121.0,0.0,16836700
2021-10-25,98.10962677001953,123.5,0.0,124.5,123.0,123.5,0.0,20302300
2021-10-26,98.50682830810547,124.0,0.0,124.5,122.5,124.0,0.0,12325700
2021-10-27,97.7124252319336,123.0,0.0,124.0,122.5,123.0,0.0,7445400
2021-10-28,96.52081298828125,121.5,0.0,123.0,121.5,122.5,0.0,4556400
2021-10-29,97.31521606445312,122.5,0.0,123.0,121.5,121.5,0.0,6052700
2021-11-01,97.7124252319336,123.0,0.0,123.5,122.5,123.0,0.0,4839300
2021-11-02,98.90403747558594,124.5,0.0,124.5,122.0,123.0,0.0,14329200
2021-11-03,98.90403747558594,124.5,0.0,126.0,123.5,125.0,0.0,19063900
2021-11-04,101.68446350097656,128.0,0.0,128.5,124.0,125.0,0.0,38546500
2021-11-05,101.68446350097656,128.0,0.0,128.5,126.0,127.5,0.0,18321500
2021-11-08,102.08167266845703,128.5,0.0,129.5,127.5,128.0,0.0,12945000
2021-11-09,101.68446350097656,128.0,0.0,129.0,127.5,128.5,0.0,7720600
2021-11-10,101.68446350097656,128.0,0.0,128.0,127.0,128.0,0.0,5404900
2021-11-11,100.89007568359375,127.0,0.0,128.0,126.0,128.0,0.0,10722700
2021-11-12,100.49286651611328,126.5,0.0,127.5,126.5,127.5,0.0,5004100
2021-11-15,101.28726959228516,127.5,0.0,128.0,126.5,126.5,0.0,7477000
2021-11-16,101.28726959228516,127.5,0.0,128.5,127.0,127.5,0.0,8674700
2021-11-17,101.68446350097656,128.0,0.0,129.0,127.5,128.0,0.0,7171400
2021-11-18,101.68446350097656,128.0,0.0,129.0,127.0,127.5,0.0,7994900
2021-11-19,99.69843292236328,125.5,0.0,128.5,125.5,128.0,0.0,18898200
2021-11-22,100.89007568359375,127.0,0.0,127.0,125.5,125.5,0.0,4538100
2021-11-23,98.90403747558594,124.5,0.0,127.0,124.5,126.5,0.0,9792200
2021-11-24,99.30123138427734,125.0,0.0,126.5,124.5,125.0,0.0,8474500
2021-11-25,99.69843292236328,125.5,0.0,126.0,124.5,125.5,0.0,12571700
2021-11-26,96.52081298828125,121.5,0.0,124.0,120.5,124.0,0.0,23232400
2021-11-29,92.94596099853516,117.0,0.0,120.5,116.5,120.0,0.0,22564300
2021-11-30,89.76831817626953,113.0,0.0,119.0,111.0,118.0,0.0,42223400
2021-12-01,91.75434875488281,115.5,0.0,115.5,113.5,114.5,0.0,15782900
2021-12-02,90.9599380493164,114.5,0.0,114.5,113.0,113.5,0.0,9425500
2021-12-03,90.9599380493164,114.5,0.0,115.0,114.0,115.0,0.0,7118500
2021-12-07,93.3431625366211,117.5,0.0,117.5,115.5,115.5,0.0,12430400
2021-12-08,94.93199157714844,119.5,0.0,120.0,117.5,119.5,0.0,11853300
2021-12-09,95.32917785644531,120.0,0.0,120.0,118.5,120.0,0.0,9196800
2021-12-13,95.32917785644531,120.0,0.0,120.5,118.5,120.5,0.0,5931000
2021-12-14,95.32917785644531,120.0,0.0,120.0,117.5,119.0,0.0,6708800
2021-12-15,94.53478240966797,119.0,0.0,120.0,118.5,119.5,0.0,8282900
2021-12-16,97.31521606445312,122.5,0.0,122.5,119.0,120.0,0.0,11246800
2021-12-17,96.12359619140625,121.0,0.0,122.0,120.5,121.0,0.0,11760600
2021-12-20,93.3431625366211,117.5,0.0,119.5,117.5,119.0,0.0,11208200
2021-12-21,93.3431625366211,117.5,0.0,119.0,117.5,118.5,0.0,5991000
2021-12-22,93.74036407470703,118.0,0.0,119.0,117.5,118.0,0.0,3924700
2021-12-23,94.1375732421875,118.5,0.0,119.5,118.0,118.5,0.0,6729800
2021-12-24,93.74036407470703,118.0,0.0,119.0,117.5,119.0,0.0,3199200
2021-12-27,93.74036407470703,118.0,0.0,118.5,117.5,118.5,0.0,4147400
2021-12-28,94.93199157714844,119.5,0.0,120.5,118.0,118.0,0.0,7532900
2021-12-29,96.12359619140625,121.0,0.0,121.5,119.5,120.0,0.0,5632600
2021-12-30,96.52081298828125,121.5,0.0,121.5,120.0,121.5,0.0,5589100
2022-01-04,99.30123138427734,125.0,0.0,125.0,122.0,122.0,0.0,17830500
2022-01-05,100.49286651611328,126.5,0.0,126.5,124.0,125.0,0.0,11112400
2022-01-06,98.50682830810547,124.0,0.0,126.5,124.0,126.5,0.0,13793900
2022-01-07,98.90403747558594,124.5,0.0,125.0,123.5,124.0,0.0,15675700
2022-01-10,100.09564971923828,126.0,0.0,126.5,125.0,125.0,0.0,10252600
2022-01-11,100.49286651611328,126.5,0.0,126.5,125.0,126.0,0.0,5489500
2022-01-12,100.89007568359375,127.0,0.0,128.0,127.0,127.0,0.0,15237100
2022-01-13,102.47886657714844,129.0,0.0,129.0,127.5,127.5,0.0,9128400
2022-01-14,102.47886657714844,129.0,0.0,129.0,127.5,129.0,0.0,6724100
2022-01-17,102.87608337402344,129.5,0.0,129.5,128.0,128.0,0.0,8535700
2022-01-18,104.06768798828125,131.0,0.0,133.0,129.5,130.0,0.0,28850200
2022-01-19,103.2732925415039,130.0,0.0,131.5,129.5,131.0,0.0,14651100
2022-01-20,104.86210632324219,132.0,0.0,132.5,130.5,131.0,0.0,13413300
2022-01-21,103.2732925415039,130.0,0.0,130.5,129.5,130.0,0.0,14595800
2022-01-24,102.87608337402344,129.5,0.0,131.0,129.5,129.5,0.0,10777300
2022-01-25,106.05372619628906,133.5,0.0,134.0,128.5,129.0,0.0,29830900
2022-01-26,108.03974914550781,136.0,0.0,139.5,133.5,134.0,0.0,38464800
2022-01-27,108.03974914550781,136.0,0.0,137.0,134.0,135.0,0.0,21726700
2022-01-28,107.24533081054688,135.0,0.0,138.0,134.5,137.0,0.0,15733600
2022-01-31,107.24533081054688,135.0,0.0,137.0,134.5,135.5,0.0,15021200
2022-02-01,108.03974914550781,136.0,0.0,136.0,135.0,136.0,0.0,6827000
2022-02-02,108.03974914550781,136.0,0.0,137.0,135.5,136.0,0.0,11416100
2022-02-03,108.43695831298828,136.5,0.0,137.5,135.5,135.5,0.0,14048600
2022-02-04,110.4229736328125,139.0,0.0,140.0,136.5,137.5,0.0,19756300
2022-02-07,111.21739196777344,140.0,0.0,140.5,137.5,139.0,0.0,12559700
2022-02-08,112.01180267333984,141.0,0.0,141.5,139.5,140.0,0.0,21605500
2022-02-09,115.18944549560547,145.0,0.0,145.0,141.0,141.5,0.0,36883000
2022-02-10,117.57264709472656,148.0,0.0,149.0,144.0,145.5,0.0,31492000
2022-02-11,117.57264709472656,148.0,0.0,149.0,145.0,146.0,0.0,34848400
2022-02-14,115.98385620117188,146.0,0.0,147.5,145.0,147.0,0.0,18885700
2022-02-15,115.18944549560547,145.0,0.0,146.0,142.5,145.5,0.0,38493500
2022-02-17,115.18944549560547,145.0,0.0,147.0,144.5,146.0,0.0,23909400
2022-02-18,114.39501190185547,144.0,0.0,145.0,143.0,144.0,0.0,16050400
2022-02-21,111.61458587646484,140.5,0.0,144.0,139.0,143.5,0.0,22229300
2022-02-22,110.82019805908203,139.5,0.0,140.5,138.0,138.0,0.0,15863100
2022-02-23,113.60062408447266,143.0,0.0,143.5,140.0,140.5,0.0,15441700
2022-02-24,110.82019805908203,139.5,0.0,142.0,138.5,141.5,0.0,26317800
2022-02-25,111.21739196777344,140.0,0.0,142.0,139.5,141.5,0.0,12744100
2022-02-28,111.21739196777344,140.0,0.0,140.5,138.5,139.5,0.0,15897700
2022-03-01,108.83415222167969,137.0,0.0,141.0,137.0,141.0,0.0,20715300
2022-03-02,106.8481216430664,134.5,0.0,136.0,133.5,136.0,0.0,26205500
2022-03-03,108.43695831298828,136.5,0.0,138.5,136.0,136.5,0.0,15887800
2022-03-04,107.24533081054688,135.0,0.0,137.0,135.0,135.0,0.0,9783700
2022-03-07,102.47886657714844,129.0,0.0,131.5,128.5,131.5,0.0,23899200
2022-03-08,104.86210632324219,132.0,0.0,132.0,126.0,129.0,0.0,28943500
2022-03-09,106.8481216430664,134.5,0.0,135.0,131.0,132.5,0.0,26730100
2022-03-10,106.05372619628906,133.5,0.0,136.5,133.0,136.5,0.0,12803500
2022-03-11,106.05372619628906,133.5,0.0,134.0,131.5,132.0,0.0,9895300
2022-03-14,108.43695831298828,136.5,0.0,137.0,133.5,133.5,0.0,12431500
2022-03-15,106.450927734375,134.0,0.0,136.5,133.5,136.5,0.0,9918900
2022-03-16,108.43695831298828,136.5,0.0,136.5,134.5,135.0,0.0,11885400
2022-03-17,108.83415222167969,137.0,0.0,138.5,137.0,138.0,0.0,11963000
2022-03-18,109.6285629272461,138.0,0.0,138.5,136.5,138.0,0.0,12419300
2022-03-21,107.24533081054688,135.0,0.0,138.0,134.5,137.0,0.0,12351100
2022-03-22,108.43695831298828,136.5,0.0,136.5,133.5,134.0,0.0,11221100
2022-03-23,109.23136138916016,137.5,0.0,138.5,137.0,138.0,0.0,10614100
2022-03-24,108.83415222167969,137.0,0.0,138.0,136.5,136.5,0.0,6740300
2022-03-25,108.03974914550781,136.0,0.0,137.5,136.0,137.5,0.0,4643600
2022-03-28,108.43695831298828,136.5,0.0,137.0,135.5,135.5,0.0,3108100
2022-03-29,108.43695831298828,136.5,0.0,137.5,136.0,137.0,0.0,3670800
2022-03-30,108.83415222167969,137.0,0.0,138.5,136.5,136.5,0.0,14024000
2022-03-31,108.83415222167969,137.0,0.0,139.0,137.0,137.0,0.0,12794900
2022-04-01,109.23136138916016,137.5,0.0,138.0,136.0,136.5,0.0,5294500
2022-04-04,109.23136138916016,137.5,0.0,138.5,137.0,138.0,0.0,4639300
2022-04-05,110.0257797241211,138.5,0.0,138.5,137.5,138.0,0.0,6398500
2022-04-07,108.83415222167969,137.0,0.0,138.5,136.5,138.0,0.0,7149700
2022-04-08,108.43695831298828,136.5,0.0,137.5,136.0,137.0,0.0,4944300
2022-04-11,107.6425552368164,135.5,0.0,137.0,135.5,136.5,0.0,8027200
2022-04-12,107.24533081054688,135.0,0.0,136.0,135.0,135.5,0.0,5938800
2022-04-18,106.8481216430664,134.5,0.0,136.0,134.0,134.5,0.0,11985000
2022-04-19,108.03974914550781,136.0,0.0,136.0,134.0,135.0,0.0,9680000
2022-04-20,108.83415222167969,137.0,0.0,138.5,136.5,136.5,0.0,14921100
2022-04-21,109.23873901367188,135.0,2.5,136.0,135.0,135.0,0.0,9760000
2022-04-22,107.2158203125,132.5,0.0,134.0,131.0,133.5,0.0,21220100
2022-04-25,105.59745788574219,130.5,0.0,132.0,130.5,131.0,0.0,10515400
2022-04-26,106.40663146972656,131.5,0.0,133.0,131.5,131.5,0.0,8967000
2022-04-27,106.00203704833984,131.0,0.0,132.0,130.0,131.0,0.0,9223600
2022-04-28,106.00203704833984,131.0,0.0,132.5,130.5,132.0,0.0,6243200
2022-04-29,105.59745788574219,130.5,0.0,131.5,130.0,131.0,0.0,6837600
2022-05-03,105.19287872314453,130.0,0.0,131.0,130.0,130.0,0.0,2804300
2022-05-05,104.38368225097656,129.0,0.0,131.5,128.5,131.5,0.0,9974800
2022-05-06,103.57451629638672,128.0,0.0,129.0,127.5,128.0,0.0,10538100
2022-05-09,103.16993713378906,127.5,0.0,128.5,127.0,127.5,0.0,5201600
2022-05-10,104.38368225097656,129.0,0.0,129.0,126.0,127.0,0.0,8943700
2022-05-11,103.16993713378906,127.5,0.0,129.0,126.0,129.0,0.0,8586000
2022-05-12,101.95616912841797,126.0,0.0,128.0,126.0,127.5,0.0,8191500
2022-05-13,101.14698028564453,125.0,0.0,128.0,125.0,127.5,0.0,6266200
2022-05-17,101.55156707763672,125.5,0.0,126.5,125.0,126.0,0.0,8147700
2022-05-18,101.95616912841797,126.0,0.0,126.5,125.0,125.5,0.0,10459300
2022-05-19,101.14698028564453,125.0,0.0,126.5,124.5,125.0,0.0,6904700
2022-05-20,102.36076354980469,126.5,0.0,127.0,126.0,126.0,0.0,4343800
2022-05-23,103.9791030883789,128.5,0.0,129.5,126.5,127.0,0.0,12530700
2022-05-24,103.16993713378906,127.5,0.0,129.5,127.5,129.0,0.0,7222900
2022-05-25,102.76535034179688,127.0,0.0,129.0,126.0,128.0,0.0,6004400
2022-05-26,103.57451629638672,128.0,0.0,129.0,127.0,127.0,0.0,5798800
2022-05-27,104.78828430175781,129.5,0.0,131.0,128.5,129.5,0.0,7725500
2022-05-30,105.59745788574219,130.5,0.0,131.0,130.0,130.0,0.0,2712700
2022-05-31,106.00203704833984,131.0,0.0,131.0,129.5,130.0,0.0,3744500
2022-06-01,105.59745788574219,130.5,0.0,131.0,130.0,130.5,0.0,2995000
2022-06-02,104.78828430175781,129.5,0.0,130.5,129.5,130.0,0.0,4214600
2022-06-06,103.9791030883789,128.5,0.0,130.0,128.0,130.0,0.0,6257500
2022-06-07,103.16993713378906,127.5,0.0,129.0,127.5,129.0,0.0,5371000
2022-06-08,103.16993713378906,127.5,0.0,128.5,127.0,128.0,0.0,7477900
2022-06-09,108.83414459228516,134.5,0.0,135.0,127.5,128.0,0.0,33170700
2022-06-10,108.83414459228516,134.5,0.0,135.0,133.0,133.0,0.0,10117300
2022-06-13,107.62040710449219,133.0,0.0,133.5,132.5,133.0,0.0,6379000
2022-06-14,108.83414459228516,134.5,0.0,135.5,133.0,133.5,0.0,12436700
2022-06-15,110.45252227783203,136.5,0.0,137.5,134.5,135.0,0.0,16118700
2022-06-16,109.23873901367188,135.0,0.0,138.5,134.5,138.0,0.0,23239400
2022-06-17,110.04792785644531,136.0,0.0,136.5,134.5,135.0,0.0,16386100
2022-06-20,108.83414459228516,134.5,0.0,135.5,133.5,135.0,0.0,9680100
2022-06-21,109.64334869384766,135.5,0.0,136.0,134.5,135.5,0.0,3606300
2022-06-22,107.62040710449219,133.0,0.0,135.0,132.0,135.0,0.0,11609600
2022-06-23,107.62040710449219,133.0,0.0,134.5,133.0,133.5,0.0,5787900
2022-06-24,107.62040710449219,133.0,0.0,135.0,132.5,135.0,0.0,6704500
2022-06-27,107.62040710449219,133.0,0.0,134.5,133.0,133.5,0.0,7142800
2022-06-28,108.4295654296875,134.0,0.0,134.5,133.0,133.5,0.0,4762000
2022-06-29,108.02499389648438,133.5,0.0,134.0,132.5,133.0,0.0,5030600
2022-06-30,107.62040710449219,133.0,0.0,134.0,132.5,133.5,0.0,10051000
2022-07-01,108.4295654296875,134.0,0.0,134.5,133.5,133.5,0.0,5848300
2022-07-04,107.62040710449219,133.0,0.0,134.5,133.0,134.0,0.0,5025000
2022-07-05,106.40663146972656,131.5,0.0,134.0,131.5,133.5,0.0,6714900
2022-07-06,106.40663146972656,131.5,0.0,132.5,130.5,132.0,0.0,6489700
2022-07-07,105.19287872314453,130.0,0.0,132.0,128.5,131.5,0.0,12738900
2022-07-08,104.78828430175781,129.5,0.0,132.0,129.5,132.0,0.0,7718500
2022-07-11,105.59745788574219,130.5,0.0,132.0,129.0,129.5,0.0,7410000
2022-07-12,106.00203704833984,131.0,0.0,132.0,130.0,130.5,0.0,6305300
2022-07-14,102.76535034179688,127.0,0.0,130.5,126.5,130.0,0.0,19490600
2022-07-15,102.76535034179688,127.0,0.0,128.0,125.0,127.5,0.0,11545700
2022-07-18,103.9791030883789,128.5,0.0,129.0,127.5,128.0,0.0,5005300
2022-07-19,103.9791030883789,128.5,0.0,129.0,126.5,128.0,0.0,7884700
2022-07-20,102.76535034179688,127.0,0.0,129.5,127.0,129.5,0.0,9660400
2022-07-21,105.59745788574219,130.5,0.0,131.5,127.0,128.0,0.0,12533700
2022-07-22,106.40663146972656,131.5,0.0,132.0,130.0,131.0,0.0,9591700
2022-07-25,107.2158203125,132.5,0.0,133.0,131.0,131.5,0.0,8051700
2022-07-26,107.2158203125,132.5,0.0,134.0,132.0,133.0,0.0,7558200
2022-07-27,107.2158203125,132.5,0.0,133.0,131.5,132.0,0.0,4694200
2022-08-01,106.81121826171875,132.0,0.0,134.0,131.0,133.5,0.0,6687000
2022-08-02,106.81121826171875,132.0,0.0,133.0,131.5,132.0,0.0,2410900
2022-08-03,106.40663146972656,131.5,0.0,133.0,131.0,132.0,0.0,4583600
2022-08-04,106.81121826171875,132.0,0.0,132.5,131.5,132.0,0.0,2669200
2022-08-05,108.4295654296875,134.0,0.0,134.0,132.0,132.5,0.0,6410800
2022-08-08,109.64334869384766,135.5,0.0,135.5,133.5,134.5,0.0,7360000
2022-08-09,110.04792785644531,136.0,0.0,137.0,134.5,135.5,0.0,12405300
2022-08-10,110.04792785644531,136.0,0.0,136.5,135.0,136.0,0.0,7590700
2022-08-11,110.04792785644531,136.0,0.0,137.0,135.0,136.5,0.0,7422500
2022-08-15,110.04792785644531,136.0,0.0,137.0,136.0,136.5,0.0,8186700
2022-08-16,110.45252227783203,136.5,0.0,137.0,135.5,136.0,0.0,5521600
2022-08-17,111.26168060302734,137.5,0.0,138.0,136.5,137.0,0.0,8712700
2022-08-18,110.85710144042969,137.0,0.0,137.5,136.5,137.0,0.0,5481500
2022-08-19,110.45252227783203,136.5,0.0,137.0,136.0,137.0,0.0,4659300
2022-08-22,109.23873901367188,135.0,0.0,136.5,135.0,136.0,0.0,6691700
2022-08-23,110.45252227783203,136.5,0.0,136.5,133.5,134.0,0.0,11059300
2022-08-24,110.45252227783203,136.5,0.0,138.0,136.0,137.0,0.0,7638400
2022-08-25,112.47544860839844,139.0,0.0,139.0,137.0,137.5,0.0,12030600
2022-08-26,111.66626739501953,138.0,0.0,140.5,138.0,139.0,0.0,13296900
2022-08-29,110.85710144042969,137.0,0.0,138.0,136.5,136.5,0.0,4782500
2022-08-30,111.66626739501953,138.0,0.0,138.0,137.0,137.5,0.0,2075300
2022-08-31,110.85710144042969,137.0,0.0,138.0,136.5,137.0,0.0,6594700
2022-09-01,110.04792785644531,136.0,0.0,137.0,136.0,136.5,0.0,5679300
2022-09-02,110.45252227783203,136.5,0.0,137.0,135.5,136.0,0.0,7715000
2022-09-05,111.66626739501953,138.0,0.0,138.0,136.5,136.5,0.0,4379200
2022-09-06,110.85710144042969,137.0,0.0,138.0,136.5,137.5,0.0,6879600
2022-09-07,109.62989044189453,134.0,1.5,135.5,133.5,135.0,0.0,10714900
2022-09-08,108.811767578125,133.0,0.0,135.0,133.0,134.0,0.0,7865600
2022-09-09,110.03895568847656,134.5,0.0,135.0,133.5,133.5,0.0,6192800
2022-09-12,110.85710906982422,135.5,0.0,136.0,135.0,135.0,0.0,2258400
2022-09-13,110.4480209350586,135.0,0.0,136.0,135.0,135.5,0.0,3703300
2022-09-14,110.03895568847656,134.5,0.0,135.5,134.0,134.5,0.0,4016200
2022-09-15,109.62989044189453,134.0,0.0,135.0,134.0,134.5,0.0,4130300
2022-09-16,109.62989044189453,134.0,0.0,135.0,133.5,134.0,0.0,7059600
2022-09-19,111.26616668701172,136.0,0.0,136.5,134.0,134.0,0.0,4560900
2022-09-20,111.67523956298828,136.5,0.0,137.5,136.0,136.5,0.0,5646600
2022-09-21,111.26616668701172,136.0,0.0,137.0,135.0,136.0,0.0,7644700
2022-09-22,112.49336242675781,137.5,0.0,138.0,135.5,135.5,0.0,9523600
2022-09-23,114.94776916503906,140.5,0.0,141.0,138.5,139.5,0.0,21756000
2022-09-26,113.7205581665039,139.0,0.0,140.5,138.5,140.0,0.0,14089900
2022-09-27,111.26616668701172,136.0,0.0,139.0,136.0,139.0,0.0,14113300
2022-09-28,111.26616668701172,136.0,0.0,136.0,135.0,136.0,0.0,8881800
2022-09-29,112.90242767333984,138.0,0.0,139.5,137.5,138.0,0.0,14579900
2022-09-30,111.67523956298828,136.5,0.0,137.5,136.0,137.0,0.0,13038600
2022-10-03,108.4027099609375,132.5,0.0,136.5,132.5,136.0,0.0,20546700
2022-10-04,110.4480209350586,135.0,0.0,136.0,134.5,134.5,0.0,6674800
2022-10-05,111.67523956298828,136.5,0.0,137.0,135.5,136.5,0.0,7397800
2022-10-06,112.90242767333984,138.0,0.0,138.5,137.0,137.0,0.0,8968200
2022-10-07,112.90242767333984,138.0,0.0,138.5,137.0,138.5,0.0,3945000
2022-10-10,112.08429718017578,137.0,0.0,137.5,136.0,137.5,0.0,6827000
2022-10-11,111.26616668701172,136.0,0.0,137.0,135.5,136.5,0.0,6198900
2022-10-12,112.49336242675781,137.5,0.0,138.0,136.5,136.5,0.0,4205200
2022-10-17,113.7205581665039,139.0,0.0,139.0,136.5,137.5,0.0,9161900
2022-10-18,114.12965393066406,139.5,0.0,140.0,138.5,139.5,0.0,9753200
2022-10-19,114.94776916503906,140.5,0.0,141.0,138.5,139.5,0.0,11604700
2022-10-20,116.99311065673828,143.0,0.0,144.0,140.0,140.5,0.0,24172600
2022-10-21,116.17496490478516,142.0,0.0,142.5,140.0,141.0,0.0,17257000
2022-10-25,118.22029113769531,144.5,0.0,145.0,142.5,143.0,0.0,17268300
2022-10-26,117.40217590332031,143.5,0.0,144.5,143.0,144.0,0.0,10154800
2022-10-27,117.81122589111328,144.0,0.0,144.5,143.5,144.0,0.0,8503900
2022-10-28,117.81122589111328,144.0,0.0,144.0,143.0,143.5,0.0,9825600
2022-10-31,119.0384292602539,145.5,0.0,146.0,144.0,145.0,0.0,8915300
2022-11-01,119.0384292602539,145.5,0.0,146.5,144.5,146.0,0.0,9264800
2022-11-02,118.62937927246094,145.0,0.0,145.5,143.5,145.5,0.0,12375900
2022-11-03,119.447509765625,146.0,0.0,146.5,144.5,144.5,0.0,9562500
2022-11-04,119.0384292602539,145.5,0.0,147.0,145.5,146.0,0.0,8924000
2022-11-07,119.0384292602539,145.5,0.0,146.5,144.5,146.5,0.0,5478000
2022-11-08,119.0384292602539,145.5,0.0,145.5,144.5,145.0,0.0,4607000
2022-11-09,119.0384292602539,145.5,0.0,146.0,145.0,145.5,0.0,5931800
2022-11-10,119.0384292602539,145.5,0.0,146.5,144.5,145.0,0.0,4923400
2022-11-11,119.0384292602539,145.5,0.0,146.5,144.5,146.5,0.0,9668100
2022-11-14,117.40217590332031,143.5,0.0,145.5,142.5,145.5,0.0,8929300
2022-11-15,117.40217590332031,143.5,0.0,144.5,143.5,143.5,0.0,4368000
2022-11-16,116.58404541015625,142.5,0.0,144.0,142.0,143.0,0.0,11048600
2022-11-17,116.99311065673828,143.0,0.0,144.0,142.5,142.5,0.0,4728500
2022-11-18,116.58404541015625,142.5,0.0,144.0,142.5,143.5,0.0,4420500
2022-11-21,116.58404541015625,142.5,0.0,143.5,142.0,142.5,0.0,5258500
2022-11-22,117.81122589111328,144.0,0.0,144.5,142.5,143.0,0.0,4579700
2022-11-23,117.81122589111328,144.0,0.0,145.0,143.5,145.0,0.0,4909900
2022-11-24,118.62937927246094,145.0,0.0,145.0,144.0,144.5,0.0,2592500
2022-11-25,118.22029113769531,144.5,0.0,145.0,144.0,145.0,0.0,1556200
2022-11-28,117.81122589111328,144.0,0.0,144.0,143.5,144.0,0.0,2016700
2022-11-29,118.62937927246094,145.0,0.0,146.0,143.0,143.5,0.0,8813300
2022-11-30,117.81122589111328,144.0,0.0,145.5,144.0,145.0,0.0,5379600
2022-12-01,118.62937927246094,145.0,0.0,145.0,144.5,144.5,0.0,2711600
2022-12-02,117.40217590332031,143.5,0.0,145.5,143.5,145.0,0.0,4927300
2022-12-06,116.99311065673828,143.0,0.0,144.0,142.5,143.0,0.0,6898600
2022-12-07,116.58404541015625,142.5,0.0,143.5,142.0,142.5,0.0,6951500
2022-12-08,116.58404541015625,142.5,0.0,143.5,142.5,143.0,0.0,4964100
2022-12-09,116.58404541015625,142.5,0.0,143.0,142.0,143.0,0.0,3371300
2022-12-13,118.22029113769531,144.5,0.0,144.5,143.0,143.0,0.0,4265600
2022-12-14,117.40217590332031,143.5,0.0,144.5,143.5,144.5,0.0,4511300
2022-12-15,117.40217590332031,143.5,0.0,144.0,143.5,143.5,0.0,1704000
2022-12-16,117.40217590332031,143.5,0.0,144.0,143.0,143.0,0.0,2737500
2022-12-19,117.40217590332031,143.5,0.0,144.5,143.0,143.5,0.0,4714800
2022-12-20,117.81122589111328,144.0,0.0,144.5,143.5,143.5,0.0,5565300
2022-12-21,118.22029113769531,144.5,0.0,144.5,143.0,144.0,0.0,4952600
2022-12-22,119.0384292602539,145.5,0.0,146.0,144.5,145.0,0.0,9112700
2022-12-23,119.0384292602539,145.5,0.0,146.0,144.5,145.5,0.0,4366700
2022-12-26,119.0384292602539,145.5,0.0,146.0,145.0,145.0,0.0,2259500
2022-12-27,119.85657501220703,146.5,0.0,147.0,145.5,145.5,0.0,8032300
2022-12-28,120.26563262939453,147.0,0.0,147.5,146.0,146.5,0.0,6092300
2022-12-29,120.67471313476562,147.5,0.0,147.5,146.0,147.0,0.0,6080800
2022-12-30,121.08374786376953,148.0,0.0,149.0,147.5,148.0,0.0,10466700
2023-01-03,123.53817749023438,151.0,0.0,152.0,148.0,149.0,0.0,15483900
2023-01-04,125.58349609375,153.5,0.0,153.5,151.5,152.0,0.0,13499800
2023-01-05,124.7653579711914,152.5,0.0,155.5,152.5,155.0,0.0,14111200
2023-01-06,128.44696044921875,157.0,0.0,157.5,153.0,153.5,0.0,11881800
2023-01-09,128.8560333251953,157.5,0.0,159.0,157.0,158.5,0.0,10912200
2023-01-10,130.08322143554688,159.0,0.0,159.0,156.5,158.0,0.0,9815200
2023-01-11,128.44696044921875,157.0,0.0,158.5,156.5,158.5,0.0,12835000
2023-01-12,127.21977233886719,155.5,0.0,158.0,155.5,157.0,0.0,11441600
2023-01-13,128.03790283203125,156.5,0.0,157.0,154.0,156.0,0.0,17012600
2023-01-16,128.44696044921875,157.0,0.0,157.5,156.5,157.0,0.0,7003300
2023-01-17,126.4016342163086,154.5,0.0,157.0,154.0,157.0,0.0,9911300
2023-01-18,126.4016342163086,154.5,0.0,155.0,153.5,154.5,0.0,8603600
2023-01-19,126.4016342163086,154.5,0.0,155.0,153.0,153.5,0.0,9302200
2023-01-20,123.94722747802734,151.5,0.0,153.0,150.0,152.5,0.0,24097400
2023-01-23,125.17444610595703,153.0,0.0,154.0,151.5,152.0,0.0,10714900
2023-01-24,125.58349609375,153.5,0.0,154.5,153.5,153.5,0.0,8346300
2023-01-25,126.81070709228516,155.0,0.0,155.0,154.0,154.5,0.0,7937100
2023-01-26,129.67416381835938,158.5,0.0,158.5,155.0,155.5,0.0,17422200
2023-01-27,132.9467010498047,162.5,0.0,163.0,157.5,158.5,0.0,32709700
2023-01-30,131.71951293945312,161.0,0.0,163.0,160.5,162.5,0.0,15881200
2023-01-31,129.67416381835938,158.5,0.0,161.0,158.5,160.5,0.0,13459500
2023-02-01,130.90138244628906,160.0,0.0,160.5,158.0,160.0,0.0,7886300
2023-02-02,132.1285858154297,161.5,0.0,162.0,160.5,161.0,0.0,12523800
2023-02-03,132.1285858154297,161.5,0.0,162.0,161.0,161.5,0.0,3444000
2023-02-06,131.71951293945312,161.0,0.0,161.5,160.0,161.5,0.0,5664300
2023-02-07,131.3104248046875,160.5,0.0,161.5,160.0,161.5,0.0,3100900
2023-02-08,130.90138244628906,160.0,0.0,161.0,160.0,160.0,0.0,3534100
2023-02-09,131.71951293945312,161.0,0.0,161.5,159.5,160.5,0.0,5245400
2023-02-10,134.1739044189453,164.0,0.0,166.0,160.0,161.0,0.0,17556400
2023-02-13,134.1739044189453,164.0,0.0,165.5,163.5,163.5,0.0,7951300
2023-02-14,134.99205017089844,165.0,0.0,165.5,164.0,164.5,0.0,8486600
2023-02-15,134.1739044189453,164.0,0.0,165.0,163.5,165.0,0.0,6464300
2023-02-16,132.9467010498047,162.5,0.0,164.5,161.5,164.5,0.0,9145500
2023-02-17,131.3104248046875,160.5,0.0,162.5,160.0,162.5,0.0,7944400
2023-02-20,134.99205017089844,165.0,0.0,165.0,162.0,162.0,0.0,9049000
2023-02-21,135.8101806640625,166.0,0.0,166.0,163.5,165.5,0.0,8151000
2023-02-22,133.7648468017578,163.5,0.0,166.5,163.0,166.5,0.0,6184900
2023-02-23,134.1739044189453,164.0,0.0,164.0,162.5,164.0,0.0,4376900
2023-02-24,134.1739044189453,164.0,0.0,165.0,163.0,163.5,0.0,8156600
2023-02-27,132.9467010498047,162.5,0.0,164.0,161.5,163.5,0.0,4996100
2023-02-28,133.7648468017578,163.5,0.0,165.0,162.0,162.5,0.0,6491600
2023-03-01,133.35577392578125,163.0,0.0,165.0,163.0,165.0,0.0,4190500
2023-03-02,129.67416381835938,158.5,0.0,163.5,157.5,163.0,0.0,16456400
2023-03-03,130.08322143554688,159.0,0.0,160.0,157.5,158.5,0.0,9304100
2023-03-07,129.67416381835938,158.5,0.0,160.0,157.5,158.5,0.0,7804300
2023-03-08,130.90138244628906,160.0,0.0,160.0,156.5,158.0,0.0,7932800
2023-03-09,130.08322143554688,159.0,0.0,160.0,158.5,160.0,0.0,6034900
2023-03-10,129.26510620117188,158.0,0.0,159.0,158.0,158.0,0.0,3262900
2023-03-13,125.17444610595703,153.0,0.0,157.0,152.5,157.0,0.0,13040100
2023-03-14,121.49284362792969,148.5,0.0,153.0,147.5,151.0,0.0,19064000
2023-03-15,125.17444610595703,153.0,0.0,153.5,150.0,151.0,0.0,8067800
2023-03-16,122.31096649169922,149.5,0.0,150.5,148.5,149.0,0.0,14063900
2023-03-17,125.58349609375,153.5,0.0,154.5,151.0,151.0,0.0,12211300
2023-03-20,123.12910461425781,150.5,0.0,152.0,148.5,152.0,0.0,11834400
2023-03-21,123.94722747802734,151.5,0.0,152.5,150.0,151.5,0.0,5288800
2023-03-22,124.35631561279297,152.0,0.0,153.0,151.5,152.5,0.0,3553400
2023-03-23,124.35631561279297,152.0,0.0,152.5,150.5,151.0,0.0,4986300
2023-03-24,125.17444610595703,153.0,0.0,154.0,151.5,152.5,0.0,6313800
2023-03-27,124.35631561279297,152.0,0.0,152.5,151.0,152.5,0.0,5861900
2023-03-28,126.4016342163086,154.5,0.0,155.5,153.0,153.0,0.0,5995600
2023-03-29,127.62884521484375,156.0,0.0,157.5,155.5,156.0,0.0,8850500
2023-03-30,126.81070709228516,155.0,0.0,156.5,155.0,155.5,0.0,5408300
2023-03-31,123.94722747802734,151.5,0.0,155.5,151.5,154.5,0.0,12915800
2023-04-03,125.99258422851562,154.0,0.0,154.5,152.0,152.0,0.0,4358700
2023-04-04,126.4016342163086,154.5,0.0,155.0,153.5,154.5,0.0,4794500
2023-04-05,125.17444610595703,153.0,0.0,155.0,152.5,155.0,0.0,5004200
2023-04-07,125.17444610595703,153.0,0.0,154.0,152.5,153.0,0.0,2869900
2023-04-10,125.99258422851562,154.0,0.0,155.0,153.0,153.0,0.0,3424900
2023-04-11,128.8560333251953,157.5,0.0,158.0,155.0,155.5,0.0,7829100
2023-04-12,128.44696044921875,157.0,0.0,158.0,156.0,158.0,0.0,4507600
2023-04-17,130.08322143554688,159.0,0.0,159.5,157.5,158.0,0.0,6257800
2023-04-18,130.90138244628906,160.0,0.0,160.0,159.0,160.0,0.0,3421500
2023-04-19,129.26510620117188,158.0,0.0,159.0,157.5,158.5,0.0,5973500
2023-04-20,129.67416381835938,158.5,0.0,159.5,156.5,158.5,0.0,8881300
2023-04-21,133.0098419189453,159.5,3.0,161.5,157.0,157.0,0.0,15280100
2023-04-24,131.75897216796875,158.0,0.0,160.0,158.0,160.0,0.0,5037800
2023-04-25,129.67416381835938,155.5,0.0,158.5,155.5,158.0,0.0,8236100
2023-04-26,131.34201049804688,157.5,0.0,158.5,155.5,155.5,0.0,6103600
2023-04-27,130.925048828125,157.0,0.0,157.5,155.5,157.0,0.0,4992500
2023-04-28,130.925048828125,157.0,0.0,158.5,156.5,158.0,0.0,4692000
2023-05-02,131.75897216796875,158.0,0.0,158.0,156.5,157.0,0.0,4267600
2023-05-03,132.17593383789062,158.5,0.0,159.0,157.5,158.0,0.0,4597500
2023-05-08,135.09463500976562,162.0,0.0,161.5,159.0,159.5,0.0,5741800
2023-05-09,135.9285430908203,163.0,0.0,163.0,160.5,162.0,0.0,4177200
2023-05-10,135.5115966796875,162.5,0.0,163.0,161.0,162.5,0.0,4203200
2023-05-11,135.9285430908203,163.0,0.0,163.5,161.5,163.0,0.0,4267300
2023-05-12,135.09463500976562,162.0,0.0,163.0,160.5,162.5,0.0,5191500
2023-05-15,135.09463500976562,162.0,0.0,164.0,162.0,163.5,0.0,11210900
2023-05-16,134.26072692871094,161.0,0.0,162.5,160.0,162.0,0.0,5361900
2023-05-17,132.59288024902344,159.0,0.0,160.5,158.5,160.5,0.0,5544700
2023-05-18,134.6776885986328,161.5,0.0,162.0,160.0,161.0,0.0,6462600
2023-05-19,133.4268035888672,160.0,0.0,161.5,159.0,161.5,0.0,4445600
2023-05-22,133.0098419189453,159.5,0.0,160.0,156.5,159.0,0.0,7337600
2023-05-23,134.26072692871094,161.0,0.0,161.5,159.0,159.0,0.0,4727200
2023-05-24,135.5115966796875,162.5,0.0,163.0,160.5,161.0,0.0,5250200
2023-05-25,135.9285430908203,163.0,0.0,163.5,161.5,163.0,0.0,7508100
2023-05-26,135.9285430908203,163.0,0.0,163.5,162.0,162.5,0.0,4678100
2023-05-29,136.76246643066406,164.0,0.0,164.0,162.5,163.0,0.0,3526200
2023-05-30,135.9285430908203,163.0,0.0,164.0,163.0,163.5,0.0,3126300
2023-05-31,135.9285430908203,163.0,0.0,164.0,162.0,162.0,0.0,2854400
2023-06-01,135.9285430908203,163.0,0.0,163.5,162.0,163.0,0.0,4621600
2023-06-02,136.76246643066406,164.0,0.0,164.5,163.0,163.5,0.0,5207900
2023-06-06,134.6776885986328,161.5,0.0,164.5,161.5,164.5,0.0,5355800
2023-06-07,133.84375,160.5,0.0,162.0,159.0,162.0,0.0,10669900
2023-06-08,135.9285430908203,163.0,0.0,162.5,159.5,160.5,0.0,4859900
2023-06-09,135.9285430908203,163.0,0.0,163.5,162.0,163.0,0.0,3685800
2023-06-12,135.9285430908203,163.0,0.0,163.0,161.5,162.5,0.0,2614900
2023-06-13,136.34552001953125,163.5,0.0,164.5,162.5,163.0,0.0,4856600
2023-06-14,135.9285430908203,163.0,0.0,164.5,163.0,164.5,0.0,2937000
2023-06-15,135.09463500976562,162.0,0.0,162.5,160.5,162.5,0.0,4294000
2023-06-16,134.26072692871094,161.0,0.0,162.0,160.5,162.0,0.0,3428700
2023-06-19,134.26072692871094,161.0,0.0,162.0,159.5,160.5,0.0,3276600
2023-06-20,134.6776885986328,161.5,0.0,163.5,160.5,160.5,0.0,5043700
2023-06-21,135.9285430908203,163.0,0.0,163.0,161.0,161.5,0.0,2752000
2023-06-22,135.5115966796875,162.5,0.0,164.0,162.0,163.0,0.0,5408300
2023-06-23,135.5115966796875,162.5,0.0,164.0,162.5,163.0,0.0,2316300
2023-06-26,135.9285430908203,163.0,0.0,164.0,162.5,163.5,0.0,2724600
2023-06-27,134.6776885986328,161.5,0.0,163.0,161.0,163.0,0.0,4151500
2023-06-28,129.67416381835938,155.5,0.0,159.5,156.0,159.0,0.0,22093000
2023-06-29,130.50807189941406,156.5,0.0,158.0,155.0,156.0,0.0,9926600
2023-06-30,133.0098419189453,159.5,0.0,159.5,157.5,158.0,0.0,9382000
2023-07-03,133.0098419189453,159.5,0.0,160.5,158.0,160.0,0.0,7715000
2023-07-04,133.84375,160.5,0.0,161.5,159.5,159.5,0.0,8514100
2023-07-05,132.59288024902344,159.0,0.0,161.0,158.0,161.0,0.0,9092600
2023-07-06,130.09112548828125,156.0,0.0,158.0,156.0,158.0,0.0,11904800
2023-07-07,130.09112548828125,156.0,0.0,157.0,155.0,155.0,0.0,4188500
2023-07-10,130.50807189941406,156.5,0.0,157.0,155.5,156.5,0.0,4631600
2023-07-11,131.75897216796875,158.0,0.0,158.5,157.0,157.0,0.0,6956200
2023-07-12,130.925048828125,157.0,0.0,158.5,156.5,157.5,0.0,7848100
2023-07-13,130.50807189941406,156.5,0.0,157.0,155.5,157.0,0.0,5955900
2023-07-14,131.75897216796875,158.0,0.0,158.0,156.5,157.0,0.0,8755800
2023-07-17,133.4268035888672,160.0,0.0,160.5,158.0,158.5,0.0,7793700
2023-07-18,135.9285430908203,163.0,0.0,163.0,159.5,160.0,0.0,8731100
2023-07-19,136.76246643066406,164.0,0.0,164.0,161.5,163.0,0.0,7039500
2023-07-20,136.76246643066406,164.0,0.0,165.0,163.0,163.5,0.0,8321300
2023-07-21,137.17942810058594,164.5,0.0,167.5,163.5,167.0,0.0,16853600
2023-07-24,140.09814453125,168.0,0.0,168.0,164.5,165.5,0.0,14372300
2023-07-25,140.51510620117188,168.5,0.0,169.5,167.0,168.0,0.0,7571300
2023-07-26,143.01686096191406,171.5,0.0,171.0,168.0,169.0,0.0,8693200
2023-07-27,141.76597595214844,170.0,0.0,172.0,168.5,171.0,0.0,10822700
2023-07-31,143.01686096191406,171.5,0.0,171.5,170.5,170.5,0.0,2678400
2023-08-02,140.51510620117188,168.5,0.0,170.5,168.5,169.5,0.0,10049200
2023-08-03,139.26422119140625,167.0,0.0,169.0,166.5,168.0,0.0,6270400
2023-08-04,140.09814453125,168.0,0.0,169.0,166.5,167.0,0.0,6004500
2023-08-07,143.8507537841797,172.5,0.0,173.5,168.5,168.5,0.0,11106400
2023-08-08,141.76597595214844,170.0,0.0,173.0,170.0,173.0,0.0,6324600
2023-08-09,144.26773071289062,173.0,0.0,173.0,170.0,170.0,0.0,3950800
2023-08-10,145.5186004638672,174.5,0.0,175.0,172.0,174.0,0.0,5885300
2023-08-11,144.6846923828125,173.5,0.0,174.5,172.5,173.5,0.0,2717400
2023-08-15,143.01686096191406,171.5,0.0,173.5,171.0,172.0,0.0,5157100
2023-08-16,142.59986877441406,171.0,0.0,172.5,170.0,171.5,0.0,5290800
2023-08-17,142.59986877441406,171.0,0.0,171.5,170.0,171.0,0.0,3775300
2023-08-18,142.59986877441406,171.0,0.0,172.5,170.0,171.0,0.0,6458500
2023-08-21,142.59986877441406,171.0,0.0,172.0,170.5,171.5,0.0,2663300
2023-08-22,142.59986877441406,171.0,0.0,172.0,170.5,171.5,0.0,6543500
2023-08-23,141.76597595214844,170.0,0.0,172.0,169.0,172.0,0.0,11076000
2023-08-24,138.84725952148438,166.5,0.0,170.5,166.5,170.0,0.0,10287000
2023-08-25,139.68116760253906,167.5,0.0,168.5,166.5,166.5,0.0,4033600
2023-08-28,141.3490447998047,169.5,0.0,170.0,168.5,168.5,0.0,3988100
2023-08-29,142.1829376220703,170.5,0.0,170.5,169.0,169.5,0.0,4421200
2023-08-30,142.59986877441406,171.0,0.0,171.0,169.5,170.5,0.0,4062900
2023-08-31,141.3490447998047,169.5,0.0,171.0,169.0,170.5,0.0,3485500
2023-09-01,140.9320526123047,169.0,0.0,170.0,168.5,169.5,0.0,2466700
2023-09-04,140.09814453125,168.0,0.0,170.0,168.0,169.5,0.0,2913500
2023-09-05,139.26422119140625,167.0,0.0,168.5,166.5,168.5,0.0,4394800
2023-09-06,141.79629516601562,168.0,2.0,168.5,165.0,165.5,0.0,3210000
2023-09-07,140.95228576660156,167.0,0.0,169.0,167.0,168.0,0.0,2338900
2023-09-08,140.5302734375,166.5,0.0,167.5,166.5,167.0,0.0,1101600
2023-09-11,140.10824584960938,166.0,0.0,167.5,165.0,166.5,0.0,2896000
2023-09-12,139.26422119140625,165.0,0.0,166.0,164.0,166.0,0.0,7634600
2023-09-13,141.37428283691406,167.5,0.0,169.5,165.5,166.5,0.0,5724400
2023-09-14,142.21832275390625,168.5,0.0,169.0,167.0,167.5,0.0,3825000
2023-09-15,142.21832275390625,168.5,0.0,169.5,168.0,169.5,0.0,2143700
2023-09-18,140.95228576660156,167.0,0.0,168.5,166.0,168.5,0.0,2767400
2023-09-19,140.10824584960938,166.0,0.0,168.0,165.0,166.5,0.0,4016100
2023-09-20,140.5302734375,166.5,0.0,167.0,165.0,166.5,0.0,3191800
2023-09-21,139.26422119140625,165.0,0.0,166.0,165.0,165.5,0.0,3969300
2023-09-22,140.10824584960938,166.0,0.0,166.5,165.0,165.5,0.0,4689500
2023-09-25,139.68624877929688,165.5,0.0,167.0,165.0,167.0,0.0,4115400
2023-09-26,137.1541748046875,162.5,0.0,165.0,162.0,165.0,0.0,6896000
2023-09-27,138.84222412109375,164.5,0.0,164.5,162.5,163.5,0.0,5352200
2023-09-28,138.84222412109375,164.5,0.0,166.5,164.5,164.5,0.0,4167300
2023-09-29,141.37428283691406,167.5,0.0,168.5,165.5,165.5,0.0,6288200
2023-10-02,140.95228576660156,167.0,0.0,168.0,166.0,168.0,0.0,3519200
2023-10-03,140.5302734375,166.5,0.0,167.5,164.5,166.0,0.0,6113100
2023-10-04,141.37428283691406,167.5,0.0,168.0,165.5,165.5,0.0,4038400
2023-10-05,142.21832275390625,168.5,0.0,169.0,167.5,169.0,0.0,4048000
2023-10-06,141.37428283691406,167.5,0.0,169.5,167.0,169.0,0.0,4118800
2023-10-09,141.79629516601562,168.0,0.0,169.0,166.5,167.0,0.0,4180400
2023-10-10,140.5302734375,166.5,0.0,168.5,166.5,168.5,0.0,3865400
2023-10-11,141.79629516601562,168.0,0.0,168.5,166.0,167.0,0.0,5353400
2023-10-12,143.06234741210938,169.5,0.0,170.0,168.0,168.5,0.0,5110900
2023-10-16,140.95228576660156,167.0,0.0,170.0,165.5,169.5,0.0,8707000
2023-10-17,140.95228576660156,167.0,0.0,168.0,166.5,167.5,0.0,2674400
2023-10-18,141.37428283691406,167.5,0.0,169.0,166.5,167.0,0.0,2879900
2023-10-19,142.21832275390625,168.5,0.0,169.5,166.5,167.0,0.0,6060500
2023-10-20,140.95228576660156,167.0,0.0,169.0,166.5,168.5,0.0,8960300
2023-10-24,136.3101348876953,161.5,0.0,167.0,161.0,167.0,0.0,14938600
2023-10-25,136.3101348876953,161.5,0.0,163.5,161.0,163.0,0.0,9842200
2023-10-26,133.35604858398438,158.0,0.0,162.0,157.5,161.0,0.0,9930800
2023-10-27,133.77806091308594,158.5,0.0,159.5,156.5,158.5,0.0,9055400
2023-10-30,134.2000732421875,159.0,0.0,160.0,156.0,157.0,0.0,7184900
2023-10-31,132.9340057373047,157.5,0.0,160.0,157.0,159.5,0.0,6618200
2023-11-01,132.9340057373047,157.5,0.0,158.5,156.5,157.0,0.0,6723300
2023-11-02,132.9340057373047,157.5,0.0,159.5,157.5,158.5,0.0,5082700
2023-11-03,136.73216247558594,162.0,0.0,162.0,158.0,158.5,0.0,6609100
2023-11-06,134.6220703125,159.5,0.0,163.5,159.0,163.0,0.0,6188000
2023-11-07,133.77806091308594,158.5,0.0,160.5,158.0,159.0,0.0,4219700
2023-11-08,133.77806091308594,158.5,0.0,159.5,157.0,159.0,0.0,5060000
2023-11-09,132.51202392578125,157.0,0.0,159.5,157.0,158.5,0.0,6972400
2023-11-10,132.51202392578125,157.0,0.0,158.5,155.0,156.0,0.0,6051700
2023-11-13,129.97994995117188,154.0,0.0,157.5,153.0,157.0,0.0,14244700
2023-11-14,128.7139129638672,152.5,0.0,153.5,151.5,153.5,0.0,13937900
2023-11-15,127.869873046875,151.5,0.0,154.5,151.0,154.0,0.0,19042500
2023-11-16,127.44786834716797,151.0,0.0,152.5,150.5,152.0,0.0,12144988
2023-11-17,127.869873046875,151.5,0.0,153.5,151.0,151.5,0.0,7786300
2023-11-20,128.7139129638672,152.5,0.0,153.0,151.5,152.0,0.0,5905400
2023-11-21,128.29188537597656,152.0,0.0,153.5,151.0,153.5,0.0,6540000
2023-11-22,127.869873046875,151.5,0.0,151.5,150.0,151.0,0.0,8803700
2023-11-23,127.44786834716797,151.0,0.0,152.0,151.0,151.5,0.0,1848500
2023-11-24,127.869873046875,151.5,0.0,151.5,151.0,151.5,0.0,1952200
2023-11-27,127.02584838867188,150.5,0.0,151.5,150.0,151.0,0.0,6005200
2023-11-28,128.29188537597656,152.0,0.0,152.5,150.5,151.0,0.0,4786200
2023-11-29,127.44786834716797,151.0,0.0,152.5,151.0,152.0,0.0,4616100
2023-11-30,127.44786834716797,151.0,0.0,151.5,149.5,151.0,0.0,10200600
2023-12-01,126.60384368896484,150.0,0.0,151.5,150.0,151.0,0.0,4446700
2023-12-04,126.60384368896484,150.0,0.0,151.0,150.0,150.0,0.0,1308000
2023-12-06,126.60384368896484,150.0,0.0,151.0,149.5,150.0,0.0,4684300
2023-12-07,125.75981903076172,149.0,0.0,150.5,149.0,149.5,0.0,4775500
2023-12-08,126.18182373046875,149.5,0.0,150.5,149.0,149.5,0.0,4183300
2023-12-12,127.02584838867188,150.5,0.0,151.0,149.0,149.0,0.0,3242700
2023-12-13,125.3377914428711,148.5,0.0,151.0,148.5,151.0,0.0,9099900
2023-12-14,126.18182373046875,149.5,0.0,150.0,148.5,149.0,0.0,4842200
2023-12-15,128.29188537597656,152.0,0.0,152.5,149.5,149.5,0.0,10640700
2023-12-18,128.29188537597656,152.0,0.0,152.5,150.5,151.0,0.0,4015200
2023-12-19,128.29188537597656,152.0,0.0,152.5,151.5,152.5,0.0,2973800
2023-12-20,127.44786834716797,151.0,0.0,152.5,150.5,152.5,0.0,5128100
2023-12-21,128.7139129638672,152.5,0.0,153.0,150.5,151.0,0.0,4344100
2023-12-22,127.02584838867188,150.5,0.0,152.5,150.0,152.5,0.0,6401700
2023-12-25,126.18182373046875,149.5,0.0,150.5,149.5,150.5,0.0,3852200
2023-12-26,127.44786834716797,151.0,0.0,151.5,149.5,150.0,0.0,8592600
2023-12-27,128.29188537597656,152.0,0.0,152.5,151.5,151.5,0.0,10564300
2023-12-28,132.0900115966797,156.5,0.0,157.0,152.5,152.5,0.0,23385000
2024-01-03,130.40196228027344,154.5,0.0,155.5,154.5,155.5,0.0,5800800
2024-01-04,130.40196228027344,154.5,0.0,155.0,153.5,154.5,0.0,8582600
2024-01-05,131.24600219726562,155.5,0.0,157.0,153.5,155.0,0.0,9997100
2024-01-08,130.40196228027344,154.5,0.0,156.0,154.0,155.5,0.0,7275300
2024-01-09,130.40196228027344,154.5,0.0,155.5,154.0,155.0,0.0,5849500
2024-01-10,126.60384368896484,150.0,0.0,154.0,149.0,153.5,0.0,19762900
2024-01-11,126.18182373046875,149.5,0.0,152.0,149.5,150.0,0.0,13170800
2024-01-12,126.60384368896484,150.0,0.0,150.5,149.0,149.0,0.0,7000500
2024-01-15,126.60384368896484,150.0,0.0,151.0,149.5,150.0,0.0,5125600
2024-01-16,126.18182373046875,149.5,0.0,151.5,149.5,150.5,0.0,5141200
2024-01-17,124.9157943725586,148.0,0.0,150.5,148.0,149.5,0.0,12332000
2024-01-18,122.38372802734375,145.0,0.0,148.5,145.0,148.5,0.0,16273400
2024-01-19,121.96171569824219,144.5,0.0,146.5,144.0,146.5,0.0,28310800
2024-01-22,121.96171569824219,144.5,0.0,145.5,143.5,144.5,0.0,13266200
2024-01-23,122.38372802734375,145.0,0.0,146.0,144.0,145.5,0.0,6857800
2024-01-24,121.96171569824219,144.5,0.0,146.0,143.5,145.5,0.0,8301600
2024-01-25,121.11768341064453,143.5,0.0,146.0,143.5,145.0,0.0,6253400
2024-01-26,118.16358184814453,140.0,0.0,143.5,140.0,143.5,0.0,22588400
2024-01-29,121.11768341064453,143.5,0.0,143.5,141.0,141.0,0.0,8665200
2024-01-30,120.27366638183594,142.5,0.0,143.5,142.0,143.0,0.0,4614600
2024-01-31,119.00761413574219,141.0,0.0,142.5,140.0,142.5,0.0,7428000
2024-02-01,118.16358184814453,140.0,0.0,141.0,138.5,140.0,0.0,10386100
2024-02-02,118.16358184814453,140.0,0.0,141.5,139.5,141.5,0.0,10045900
2024-02-05,118.5855941772461,140.5,0.0,142.5,140.0,140.5,0.0,4895400
2024-02-06,119.00761413574219,141.0,0.0,142.0,140.5,141.0,0.0,5890700
2024-02-07,119.85162353515625,142.0,0.0,142.5,141.0,142.0,0.0,6637900
2024-02-08,119.85162353515625,142.0,0.0,143.5,142.0,142.0,0.0,7963500
2024-02-09,119.00761413574219,141.0,0.0,142.5,140.0,142.0,0.0,6969200
2024-02-12,119.85162353515625,142.0,0.0,143.0,141.5,142.0,0.0,4276700
2024-02-13,119.85162353515625,142.0,0.0,142.5,141.0,142.5,0.0,4301200
2024-02-14,120.27366638183594,142.5,0.0,142.5,141.0,141.5,0.0,4414800
2024-02-15,117.74156951904297,139.5,0.0,142.5,138.5,142.0,0.0,12203700
2024-02-16,118.16358184814453,140.0,0.0,141.5,139.5,140.0,0.0,7370500
2024-02-19,118.5855941772461,140.5,0.0,141.0,140.0,140.0,0.0,2695300
2024-02-20,119.85162353515625,142.0,0.0,142.5,141.0,141.0,0.0,7460200
2024-02-21,121.11768341064453,143.5,0.0,144.5,143.5,144.0,0.0,10317300
2024-02-22,122.38372802734375,145.0,0.0,145.0,143.5,144.0,0.0,10442500
2024-02-23,120.27366638183594,142.5,0.0,145.5,142.0,145.0,0.0,14295200
2024-02-27,119.85162353515625,142.0,0.0,143.5,142.0,143.0,0.0,7901600
2024-02-28,119.85162353515625,142.0,0.0,143.0,141.0,142.0,0.0,7872100
2024-02-29,120.69567108154297,143.0,0.0,143.5,141.5,142.5,0.0,6191800
2024-03-01,119.85162353515625,142.0,0.0,145.5,142.0,144.0,0.0,6169200
2024-03-04,121.11768341064453,143.5,0.0,144.0,142.0,142.5,0.0,3595500
2024-03-05,120.69567108154297,143.0,0.0,143.5,142.0,143.0,0.0,3977600
2024-03-06,120.27366638183594,142.5,0.0,143.5,142.5,143.0,0.0,5769900
2024-03-07,119.85162353515625,142.0,0.0,143.5,142.0,142.5,0.0,3685000
2024-03-08,119.85162353515625,142.0,0.0,143.0,141.5,142.0,0.0,3706400
2024-03-11,116.47555541992188,138.0,0.0,142.5,138.0,142.0,0.0,18537800
2024-03-12,116.47555541992188,138.0,0.0,138.0,138.0,138.0,0.0,0
2024-03-13,118.16358184814453,140.0,0.0,140.5,139.0,139.5,0.0,5088600
2024-03-14,118.16358184814453,140.0,0.0,140.0,140.0,140.0,0.0,0
2024-03-15,116.47555541992188,138.0,0.0,140.0,138.0,140.0,0.0,9503200
2024-03-18,117.3195571899414,139.0,0.0,139.5,138.5,138.5,0.0,6128000
2024-03-19,118.16358184814453,140.0,0.0,140.0,138.5,139.0,0.0,4569800
2024-03-20,118.16358184814453,140.0,0.0,140.0,140.0,140.0,0.0,0
2024-03-21,117.74156951904297,139.5,0.0,140.5,139.0,139.5,0.0,5504700
2024-03-22,117.74156951904297,139.5,0.0,139.5,139.5,139.5,0.0,0
2024-03-25,116.89755249023438,138.5,0.0,141.0,138.0,141.0,0.0,8559400
2024-03-26,116.89755249023438,138.5,0.0,138.5,138.5,138.5,0.0,0
2024-03-27,117.3195571899414,139.0,0.0,140.0,138.5,139.5,0.0,3785800
2024-03-28,117.3195571899414,139.0,0.0,139.0,139.0,139.0,0.0,0
2024-03-29,117.3195571899414,139.0,0.0,140.0,138.5,139.5,0.0,3440900
2024-04-01,117.3195571899414,139.0,0.0,140.5,139.0,139.5,0.0,2368700
2024-04-02,116.89755249023438,138.5,0.0,139.5,138.0,139.5,0.0,6843900
2024-04-03,115.63150787353516,137.0,0.0,138.5,136.5,138.0,0.0,8637700
2024-04-04,115.2094955444336,136.5,0.0,137.5,135.5,137.0,0.0,9283800
2024-04-05,116.05352783203125,137.5,0.0,137.5,135.5,136.5,0.0,1643400
2024-04-09,119.00761413574219,141.0,0.0,141.0,137.0,137.0,0.0,8423900
2024-04-10,120.27366638183594,142.5,0.0,143.0,140.0,140.5,0.0,7569500
2024-04-11,121.96171569824219,144.5,0.0,146.5,143.0,143.0,0.0,19393400
2024-04-17,121.11768341064453,143.5,0.0,144.5,143.0,143.0,0.0,9678700
2024-04-18,121.11768341064453,143.5,0.0,143.5,143.5,143.5,0.0,0
2024-04-19,121.11768341064453,143.5,0.0,143.5,143.5,143.5,0.0,0
2024-04-22,119.85162353515625,142.0,0.0,142.5,140.5,140.5,0.0,8308400
2024-04-23,120.7264633178711,138.0,5.0,140.5,138.0,138.5,0.0,11369600
2024-04-24,120.7264633178711,138.0,0.0,138.0,138.0,138.0,0.0,0
2024-04-25,119.41422271728516,136.5,0.0,137.5,136.0,136.5,0.0,7386200
2024-04-26,118.97679901123047,136.0,0.0,137.0,135.5,136.5,0.0,14518000
2024-04-29,119.41422271728516,136.5,0.0,137.0,135.5,137.0,0.0,5649500
2024-04-30,119.41422271728516,136.5,0.0,136.5,136.5,136.5,0.0,0
2024-05-02,119.41422271728516,136.5,0.0,136.5,136.5,136.5,0.0,0
2024-05-03,118.53939819335938,135.5,0.0,136.5,134.0,136.5,0.0,8702500
2024-05-07,118.53939819335938,135.5,0.0,135.5,135.5,135.5,0.0,0
2024-05-08,120.7264633178711,138.0,0.0,138.5,137.0,137.5,0.0,6841600
2024-05-09,120.2890396118164,137.5,0.0,138.5,137.5,138.0,0.0,8661200
2024-05-10,121.6012954711914,139.0,0.0,139.0,137.5,138.0,0.0,6735100
2024-05-13,122.0387191772461,139.5,0.0,139.5,138.0,139.0,0.0,5827200
2024-05-14,122.0387191772461,139.5,0.0,139.5,138.0,139.5,0.0,5860900
2024-05-15,122.0387191772461,139.5,0.0,139.5,139.5,139.5,0.0,0
2024-05-16,122.0387191772461,139.5,0.0,139.5,139.5,139.5,0.0,0
2024-05-17,121.6012954711914,139.0,0.0,140.0,138.5,139.0,0.0,4531400
2024-05-20,121.6012954711914,139.0,0.0,139.0,139.0,139.0,0.0,0
2024-05-21,121.6012954711914,139.0,0.0,139.0,139.0,139.0,0.0,0
2024-05-23,122.0387191772461,139.5,0.0,140.0,138.5,138.5,0.0,4274800
2024-05-24,122.0387191772461,139.5,0.0,139.5,139.5,139.5,0.0,0
2024-05-27,122.0387191772461,139.5,0.0,139.5,139.5,139.5,0.0,0
2024-05-28,122.0387191772461,139.5,0.0,140.0,139.0,140.0,0.0,2969500
2024-05-29,121.6012954711914,139.0,0.0,140.0,139.0,139.0,0.0,3955300
2024-05-30,121.6012954711914,139.0,0.0,139.0,139.0,139.0,0.0,0
2024-05-31,121.6012954711914,139.0,0.0,139.0,139.0,139.0,0.0,0
2024-06-04,119.85162353515625,137.0,0.0,138.5,136.5,138.0,0.0,4164700
2024-06-05,118.97679901123047,136.0,0.0,137.5,135.5,137.0,0.0,5212400
2024-06-06,117.22714233398438,134.0,0.0,136.0,133.5,136.0,0.0,10175300
2024-06-07,116.78973388671875,133.5,0.0,135.0,133.0,134.0,0.0,11809600
2024-06-10,118.53939819335938,135.5,0.0,135.5,133.0,133.5,0.0,6785100
2024-06-11,117.22714233398438,134.0,0.0,135.5,134.0,135.0,0.0,6094900
2024-06-12,117.66456604003906,134.5,0.0,135.0,133.0,134.0,0.0,5984500
2024-06-13,117.22714233398438,134.0,0.0,135.5,134.0,134.5,0.0,4689400
2024-06-14,118.10197448730469,135.0,0.0,136.5,134.0,134.5,0.0,6399600
2024-06-17,115.04006958007812,131.5,0.0,135.0,131.5,135.0,0.0,12712000
2024-06-18,115.04006958007812,131.5,0.0,131.5,131.5,131.5,0.0,0
2024-06-19,115.04006958007812,131.5,0.0,131.5,131.5,131.5,0.0,0
2024-06-20,113.72784423828125,130.0,0.0,130.5,129.5,130.5,0.0,3018800
2024-06-21,115.47749328613281,132.0,0.0,132.0,129.0,129.5,0.0,8082300
2024-06-24,115.47749328613281,132.0,0.0,132.0,132.0,132.0,0.0,0
2024-06-25,115.47749328613281,132.0,0.0,132.0,132.0,132.0,0.0,0
2024-06-26,115.47749328613281,132.0,0.0,132.0,132.0,132.0,0.0,0
2024-06-27,114.16524505615234,130.5,0.0,133.0,130.5,132.5,0.0,5494000
2024-06-28,114.16524505615234,130.5,0.0,132.0,130.0,131.0,0.0,7571900
2024-07-01,114.16524505615234,130.5,0.0,130.5,130.5,130.5,0.0,0
2024-07-02,114.16524505615234,130.5,0.0,130.5,130.5,130.5,0.0,0
2024-07-03,116.78973388671875,133.5,0.0,133.5,131.5,132.0,0.0,5107600
2024-07-04,118.53939819335938,135.5,0.0,136.0,134.0,134.5,0.0,5748600
2024-07-05,118.97679901123047,136.0,0.0,136.5,135.0,135.5,0.0,4663900
2024-07-08,118.97679901123047,136.0,0.0,136.5,135.5,135.5,0.0,2049200
2024-07-09,118.97679901123047,136.0,0.0,136.0,136.0,136.0,0.0,0
2024-07-10,118.53939819335938,135.5,0.0,136.0,134.5,135.5,0.0,4241300
2024-07-11,118.53939819335938,135.5,0.0,135.5,135.5,135.5,0.0,0
2024-07-12,118.53939819335938,135.5,0.0,135.5,135.5,135.5,0.0,0
2024-07-15,118.53939819335938,135.5,0.0,135.5,135.5,135.5,0.0,0
2024-07-16,119.41422271728516,136.5,0.0,136.5,132.5,133.0,0.0,8804000
2024-07-17,119.41422271728516,136.5,0.0,136.5,136.5,136.5,0.0,0
2024-07-18,120.2890396118164,137.5,0.0,138.5,135.5,136.0,0.0,14861200
2024-07-19,115.91490173339844,132.5,0.0,135.0,131.5,134.5,0.0,19249300
2024-07-23,116.78973388671875,133.5,0.0,133.5,131.5,132.0,0.0,12121000
2024-07-24,115.91490173339844,132.5,0.0,133.5,132.5,133.5,0.0,1833100
2024-07-25,116.3523178100586,133.0,0.0,133.5,132.5,132.5,0.0,1907400
2024-07-26,118.97679901123047,136.0,0.0,136.0,133.5,133.5,0.0,8419900
2024-07-30,118.97679901123047,136.0,0.0,136.0,136.0,136.0,0.0,0
2024-07-31,119.85162353515625,137.0,0.0,137.0,135.5,137.0,0.0,9297900
2024-08-01,119.41422271728516,136.5,0.0,137.5,136.0,137.0,0.0,4712000
2024-08-02,119.41422271728516,136.5,0.0,136.5,136.5,136.5,0.0,0
2024-08-05,114.6026611328125,131.0,0.0,133.5,131.0,133.5,0.0,6061000
2024-08-06,114.6026611328125,131.0,0.0,132.5,131.0,132.5,0.0,5874500
2024-08-07,115.91490173339844,132.5,0.0,132.5,131.5,131.5,0.0,4525700
2024-08-08,115.91490173339844,132.5,0.0,132.5,132.5,132.5,0.0,0
2024-08-09,114.16524505615234,130.5,0.0,132.5,130.5,132.5,0.0,4218500
2024-08-13,115.04006958007812,131.5,0.0,132.0,131.0,131.0,0.0,2918800
2024-08-14,114.6026611328125,131.0,0.0,132.5,130.5,131.5,0.0,4983600
2024-08-15,114.6026611328125,131.0,0.0,131.0,131.0,131.0,0.0,0
2024-08-16,114.16524505615234,130.5,0.0,131.5,130.0,130.0,0.0,9206900
2024-08-19,114.16524505615234,130.5,0.0,130.5,130.5,130.5,0.0,0
2024-08-20,117.22714233398438,134.0,0.0,135.0,133.5,134.5,0.0,9126400
2024-08-21,119.85162353515625,137.0,0.0,137.5,133.5,134.0,0.0,9316500
2024-08-22,119.85162353515625,137.0,0.0,137.0,137.0,137.0,0.0,0
2024-08-23,124.6632080078125,142.5,0.0,142.5,138.0,138.5,0.0,21514000
2024-08-26,125.1006088256836,143.0,0.0,143.5,141.5,142.5,0.0,10234100
2024-08-27,124.22579193115234,142.0,0.0,143.0,141.5,143.0,0.0,7806300
2024-08-28,124.22579193115234,142.0,0.0,142.0,142.0,142.0,0.0,0
2024-08-29,124.22579193115234,142.0,0.0,143.0,141.5,142.5,0.0,7940100
2024-08-30,123.35095977783203,141.0,0.0,142.0,141.0,142.0,0.0,4453100
2024-09-02,123.35095977783203,141.0,0.0,141.0,141.0,141.0,0.0,0
2024-09-03,123.35095977783203,141.0,0.0,141.0,141.0,141.0,0.0,0
2024-09-04,125.12578582763672,141.0,2.0,141.0,141.0,141.0,0.0,0
2024-09-05,126.4569320678711,142.5,0.0,142.5,140.5,141.0,0.0,16027800
2024-09-06,133.55625915527344,150.5,0.0,151.5,143.0,143.0,0.0,41260800
2024-09-09,133.55625915527344,150.5,0.0,150.5,150.5,150.5,0.0,0
2024-09-10,135.77479553222656,153.0,0.0,154.0,151.5,152.5,0.0,18718800
2024-09-11,136.66221618652344,154.0,0.0,156.0,153.0,153.0,0.0,16598900
2024-09-12,137.5496368408203,155.0,0.0,155.5,154.5,155.0,0.0,7233400
2024-09-13,141.0992889404297,159.0,0.0,159.5,155.5,156.0,0.0,21730200
2024-09-16,141.0992889404297,159.0,0.0,159.0,159.0,159.0,0.0,0
2024-09-17,141.0992889404297,159.0,0.0,159.0,159.0,159.0,0.0,0
2024-09-18,141.0992889404297,159.0,0.0,159.0,159.0,159.0,0.0,0
2024-09-19,141.0992889404297,159.0,0.0,159.0,159.0,159.0,0.0,0
2024-09-20,141.0992889404297,159.0,0.0,159.0,159.0,159.0,0.0,0
2024-09-23,138.43704223632812,156.0,0.0,156.5,154.5,154.5,0.0,10230500
2024-09-24,138.43704223632812,156.0,0.0,156.5,155.0,156.5,0.0,6970700
2024-09-25,137.5496368408203,155.0,0.0,157.0,155.0,156.5,0.0,8523900
2024-09-26,136.66221618652344,154.0,0.0,156.0,154.0,155.5,0.0,6263400
2024-09-27,136.66221618652344,154.0,0.0,154.0,154.0,154.0,0.0,0
2024-09-30,133.55625915527344,150.5,0.0,151.5,148.0,148.5,0.0,18743200
2024-10-01,133.55625915527344,150.5,0.0,150.5,150.5,150.5,0.0,0
2024-10-02,134.44366455078125,151.5,0.0,153.0,151.0,152.5,0.0,8536700
2024-10-03,133.99996948242188,151.0,0.0,153.0,151.0,151.5,0.0,7336700
2024-10-04,133.99996948242188,151.0,0.0,151.0,151.0,151.0,0.0,0
2024-10-07,135.77479553222656,153.0,0.0,153.5,152.0,152.0,0.0,6672300
2024-10-08,137.9933319091797,155.5,0.0,155.5,152.0,153.0,0.0,9007100
2024-10-09,137.5496368408203,155.0,0.0,156.0,154.5,156.0,0.0,4090600
2024-10-10,137.1059112548828,154.5,0.0,155.5,153.5,155.5,0.0,5880600
2024-10-11,137.1059112548828,154.5,0.0,154.5,154.5,154.5,0.0,0
2024-10-15,139.324462890625,157.0,0.0,157.5,154.5,157.0,0.0,10813400
2024-10-16,139.324462890625,157.0,0.0,157.0,157.0,157.0,0.0,0
2024-10-17,139.324462890625,157.0,0.0,157.0,157.0,157.0,0.0,0
2024-10-18,136.66221618652344,154.0,0.0,156.0,154.0,154.5,0.0,11856000
2024-10-21,136.218505859375,153.5,0.0,155.0,152.5,154.0,0.0,6405000
2024-10-22,136.218505859375,153.5,0.0,153.5,153.5,153.5,0.0,0
2024-10-24,132.22512817382812,149.0,0.0,152.0,148.5,150.0,0.0,14925800
2024-10-25,132.22512817382812,149.0,0.0,149.0,149.0,149.0,0.0,0
2024-10-28,133.55625915527344,150.5,0.0,151.5,148.5,148.5,0.0,7003100
2024-10-29,133.55625915527344,150.5,0.0,150.5,150.5,150.5,0.0,0
2024-10-30,130.45030212402344,147.0,0.0,150.0,147.0,149.5,0.0,10078100
2024-10-31,130.45030212402344,147.0,0.0,148.0,146.5,147.0,0.0,8951200
2024-11-01,129.5628662109375,146.0,0.0,147.5,146.0,146.5,0.0,6809200
2024-11-04,129.11917114257812,145.5,0.0,146.5,145.0,146.5,0.0,3101200
2024-11-05,130.45030212402344,147.0,0.0,147.5,145.0,145.5,0.0,4846400
2024-11-06,130.006591796875,146.5,0.0,149.0,146.5,147.0,0.0,8584500
2024-11-07,131.33770751953125,148.0,0.0,149.5,146.5,146.5,0.0,5729800
2024-11-08,131.7814178466797,148.5,0.0,150.0,148.0,148.5,0.0,4972800
2024-11-11,130.006591796875,146.5,0.0,148.0,146.0,148.0,0.0,3935300
2024-11-12,129.11917114257812,145.5,0.0,147.5,145.5,146.5,0.0,3616300
2024-11-13,130.45030212402344,147.0,0.0,148.0,145.5,146.0,0.0,4123100
2024-11-14,130.45030212402344,147.0,0.0,147.5,146.5,147.0,0.0,6593900
2024-11-15,131.7814178466797,148.5,0.0,148.5,147.0,147.0,0.0,4841300
2024-11-18,133.99996948242188,151.0,0.0,151.5,149.0,149.0,0.0,7783700
2024-11-19,132.6688232421875,149.5,0.0,152.0,149.5,151.5,0.0,6605000
2024-11-20,132.22512817382812,149.0,0.0,150.0,148.5,149.5,0.0,3870800
2024-11-21,132.6688232421875,149.5,0.0,150.5,149.0,149.5,0.0,7497800
2024-11-22,132.6688232421875,149.5,0.0,150.5,149.0,150.0,0.0,4988700
2024-11-25,131.7814178466797,148.5,0.0,150.5,148.5,150.0,0.0,7550400
2024-11-26,130.45030212402344,147.0,0.0,150.0,147.0,149.5,0.0,4861100
2024-11-27,130.45030212402344,147.0,0.0,148.5,146.5,147.0,0.0,6165700
2024-11-28,130.45030212402344,147.0,0.0,148.0,147.0,147.5,0.0,5344600
2024-11-29,132.6688232421875,149.5,0.0,149.5,146.5,146.5,0.0,5776571
2024-12-02,132.6688232421875,149.5,0.0,149.5,148.5,149.5,0.0,1748800
2024-12-03,133.55625915527344,150.5,0.0,151.0,149.0,149.5,0.0,4482600
2024-12-04,134.44366455078125,151.5,0.0,152.0,150.0,151.0,0.0,5413900
2024-12-06,134.8873748779297,152.0,0.0,152.5,151.5,151.5,0.0,6359000
2024-12-09,135.77479553222656,153.0,0.0,153.0,151.5,152.5,0.0,4125400
2024-12-11,133.99996948242188,151.0,0.0,153.0,151.0,152.5,0.0,5068500
2024-12-12,133.99996948242188,151.0,0.0,152.0,150.0,151.5,0.0,9890000
2024-12-13,133.112548828125,150.0,0.0,152.0,150.0,151.0,0.0,5636200
2024-12-16,133.112548828125,150.0,0.0,151.0,149.5,150.5,0.0,2499800
2024-12-17,130.8939971923828,147.5,0.0,150.0,147.5,150.0,0.0,6201000
2024-12-18,131.7814178466797,148.5,0.0,149.5,148.0,148.0,0.0,3010300
2024-12-19,132.22512817382812,149.0,0.0,150.5,148.0,148.0,0.0,4676500
2024-12-20,132.6688232421875,149.5,0.0,150.5,148.5,149.5,0.0,5845500
2024-12-23,133.55625915527344,150.5,0.0,151.0,149.0,149.0,0.0,4005100
2024-12-24,133.55625915527344,150.5,0.0,151.0,149.5,151.0,0.0,2553600
2024-12-25,133.55625915527344,150.5,0.0,151.0,150.0,150.5,0.0,2647300
2024-12-26,133.55625915527344,150.5,0.0,151.0,150.0,151.0,0.0,3153500
2024-12-27,133.55625915527344,150.5,0.0,151.5,150.0,151.0,0.0,4420500
2024-12-30,133.99996948242188,151.0,0.0,151.0,150.0,151.0,0.0,3394800
2025-01-02,134.8873748779297,152.0,0.0,152.0,150.5,151.0,0.0,4090100
2025-01-03,135.33108520507812,152.5,0.0,152.5,151.5,152.0,0.0,3091200
2025-01-06,136.218505859375,153.5,0.0,154.0,152.5,152.5,0.0,10451100
2025-01-07,136.66221618652344,154.0,0.0,155.0,153.5,154.0,0.0,8712000
2025-01-08,137.1059112548828,154.5,0.0,155.0,153.0,154.0,0.0,4585600
2025-01-09,135.33108520507812,152.5,0.0,154.0,152.0,154.0,0.0,5831800
2025-01-10,134.8873748779297,152.0,0.0,153.0,151.0,153.0,0.0,6823300
2025-01-13,137.1059112548828,154.5,0.0,155.0,152.0,152.5,0.0,6841600
2025-01-14,134.44366455078125,151.5,0.0,154.5,151.5,154.5,0.0,7982200
2025-01-15,136.218505859375,153.5,0.0,153.5,152.0,152.0,0.0,5235800
2025-01-16,134.44366455078125,151.5,0.0,153.5,151.5,153.5,0.0,4849800
2025-01-17,133.55625915527344,150.5,0.0,151.5,150.5,151.5,0.0,6245600
2025-01-20,133.99996948242188,151.0,0.0,151.5,150.0,150.5,0.0,5006100
2025-01-21,134.44366455078125,151.5,0.0,152.0,150.0,151.0,0.0,4804500
2025-01-22,138.88075256347656,156.5,0.0,156.5,152.5,152.5,0.0,22338400
2025-01-23,136.66221618652344,154.0,0.0,156.5,154.0,155.5,0.0,9248300
2025-01-24,135.33108520507812,152.5,0.0,155.5,152.5,154.5,0.0,8495400
2025-01-27,136.66221618652344,154.0,0.0,154.5,151.5,152.0,0.0,7614400
2025-01-28,137.5496368408203,155.0,0.0,155.5,154.5,155.0,0.0,3597000
2025-01-29,138.43704223632812,156.0,0.0,156.5,154.5,156.0,0.0,5428200
2025-01-30,138.43704223632812,156.0,0.0,156.5,155.0,156.5,0.0,4720500
2025-01-31,136.66221618652344,154.0,0.0,156.0,153.0,155.0,0.0,13959300
2025-02-03,135.33108520507812,152.5,0.0,153.5,151.5,153.0,0.0,9080700
2025-02-04,135.77479553222656,153.0,0.0,154.0,152.0,153.0,0.0,7853200
2025-02-05,135.77479553222656,153.0,0.0,154.5,152.0,154.0,0.0,4786500
2025-02-06,136.218505859375,153.5,0.0,155.0,152.5,153.5,0.0,8600800
2025-02-07,136.66221618652344,154.0,0.0,154.0,152.0,153.0,0.0,9171700
2025-02-10,135.33108520507812,152.5,0.0,153.5,151.5,153.5,0.0,5604000
2025-02-11,135.77479553222656,153.0,0.0,154.0,152.0,152.5,0.0,4929300
2025-02-13,134.44366455078125,151.5,0.0,153.0,151.0,152.5,0.0,8133300
2025-02-14,133.99996948242188,151.0,0.0,152.0,150.5,151.5,0.0,5916700
2025-02-17,136.66221618652344,154.0,0.0,154.0,151.5,152.5,0.0,5607500
2025-02-18,138.43704223632812,156.0,0.0,156.0,153.5,154.5,0.0,8635800
2025-02-19,142.430419921875,160.5,0.0,161.0,156.0,156.0,0.0,25016500
2025-02-20,143.31784057617188,161.5,0.0,161.5,159.0,160.5,0.0,13342400
2025-02-21,137.9933319091797,155.5,0.0,159.5,155.0,159.5,0.0,21065400
2025-02-24,136.218505859375,153.5,0.0,156.5,153.0,155.5,0.0,12374900
2025-02-25,133.99996948242188,151.0,0.0,154.0,151.0,153.0,0.0,12296300
2025-02-26,130.8939971923828,147.5,0.0,152.5,146.5,151.0,0.0,21198900
2025-02-27,130.45030212402344,147.0,0.0,149.0,146.5,146.5,0.0,9591700
2025-02-28,134.44366455078125,151.5,0.0,151.5,145.5,146.0,0.0,18746000
2025-03-03,131.7814178466797,148.5,0.0,151.0,147.5,150.0,0.0,13049000
2025-03-04,130.8939971923828,147.5,0.0,149.0,147.0,147.5,0.0,4486900
2025-03-05,131.7814178466797,148.5,0.0,148.5,147.0,148.0,0.0,4447800
2025-03-06,130.45030212402344,147.0,0.0,148.5,146.0,148.5,0.0,6538300
2025-03-07,132.22512817382812,149.0,0.0,149.0,145.5,146.5,0.0,7785800
2025-03-10,130.45030212402344,147.0,0.0,149.5,147.0,149.0,0.0,4816000
2025-03-11,130.8939971923828,147.5,0.0,147.5,145.5,146.0,0.0,5826300
2025-03-12,130.006591796875,146.5,0.0,148.0,146.0,147.0,0.0,6283700
2025-03-13,130.006591796875,146.5,0.0,147.5,145.0,147.0,0.0,9239400
2025-03-14,129.11917114257812,145.5,0.0,147.5,145.5,146.5,0.0,5440600
2025-03-17,128.2317657470703,144.5,0.0,147.0,144.5,146.0,0.0,9767600
2025-03-18,130.006591796875,146.5,0.0,148.5,145.0,145.5,0.0,13788200
2025-03-19,131.33770751953125,148.0,0.0,148.0,145.5,146.5,0.0,6070200
2025-03-20,132.22512817382812,149.0,0.0,150.5,148.0,148.0,0.0,7424200
2025-03-21,133.99996948242188,151.0,0.0,151.0,149.0,149.5,0.0,7771100
2025-03-24,133.99996948242188,151.0,0.0,151.0,150.0,151.0,0.0,2020300
2025-03-25,133.55625915527344,150.5,0.0,152.0,150.0,151.0,0.0,5160600
2025-03-26,132.22512817382812,149.0,0.0,150.5,149.0,150.5,0.0,3313800
2025-03-27,133.112548828125,150.0,0.0,150.5,148.5,149.5,0.0,7851800
2025-03-28,133.112548828125,150.0,0.0,151.0,149.0,150.0,0.0,3833300
2025-03-31,130.8939971923828,147.5,0.0,149.5,147.0,147.0,0.0,8205400
2025-04-01,130.8939971923828,147.5,0.0,149.0,147.0,148.0,0.0,3611600
2025-04-02,131.33770751953125,148.0,0.0,149.0,147.5,147.5,0.0,2900100
2025-04-03,128.2317657470703,144.5,0.0,147.5,144.0,147.0,0.0,16153000
2025-04-04,124.2383804321289,140.0,0.0,144.0,140.0,144.0,0.0,15523400
2025-04-08,118.02645874023438,133.0,0.0,136.0,131.5,134.0,0.0,15851400
2025-04-09,119.35758972167969,134.5,0.0,135.0,131.5,133.0,0.0,10727800
2025-04-10,123.35095977783203,139.0,0.0,140.5,138.0,140.5,0.0,5267800
2025-04-11,123.79467010498047,139.5,0.0,140.0,137.5,138.0,0.0,3645400
2025-04-16,125.56950378417969,141.5,0.0,143.0,138.0,138.0,0.0,6170200
2025-04-17,130.006591796875,146.5,0.0,147.0,141.5,142.0,0.0,9588300
2025-04-18,127.78804016113281,144.0,0.0,146.0,142.5,146.0,0.0,10532100
2025-04-21,127.3443374633789,143.5,0.0,145.5,142.5,144.5,0.0,10587800
2025-04-22,126.01321411132812,142.0,0.0,144.0,141.5,142.5,0.0,11415000
2025-04-23,126.47819519042969,136.0,6.5,137.0,135.5,136.5,0.0,8931100
2025-04-24,126.47819519042969,136.0,0.0,137.0,135.0,135.5,0.0,15489000
2025-04-25,126.01321411132812,135.5,0.0,137.5,135.0,136.5,0.0,10179200
2025-04-28,126.94319152832031,136.5,0.0,136.5,135.0,136.0,0.0,9243800
2025-04-29,126.94319152832031,136.5,0.0,137.0,135.0,136.5,0.0,11707800
2025-04-30,130.19815063476562,140.0,0.0,140.0,135.5,136.5,0.0,11974010
2025-05-02,129.733154296875,139.5,0.0,140.0,138.5,139.5,0.0,7600300
2025-05-06,131.1281280517578,141.0,0.0,142.0,139.0,139.5,0.0,6830500
2025-05-07,132.98809814453125,143.0,0.0,143.0,141.0,141.5,0.0,8799700
2025-05-08,132.98809814453125,143.0,0.0,144.0,142.0,143.5,0.0,4535000
2025-05-09,132.05812072753906,142.0,0.0,143.0,140.5,143.0,0.0,6406200
2025-05-13,132.98809814453125,143.0,0.0,144.0,142.5,143.0,0.0,7562800
2025-05-14,132.98809814453125,143.0,0.0,143.0,141.5,142.5,0.0,4003200
2025-05-15,132.98809814453125,143.0,0.0,143.0,141.5,142.5,0.0,6403900
2025-05-16,132.05812072753906,142.0,0.0,143.0,141.0,142.0,0.0,6615100
2025-05-19,132.98809814453125,143.0,0.0,144.0,141.5,141.5,0.0,8187800
2025-05-20,138.5680389404297,149.0,0.0,149.5,143.5,144.0,0.0,34115100
2025-05-21,137.63804626464844,148.0,0.0,149.5,148.0,148.5,0.0,12549000
2025-05-22,137.63804626464844,148.0,0.0,149.0,147.5,148.0,0.0,13776200
2025-05-23,137.63804626464844,148.0,0.0,148.5,147.0,148.0,0.0,5266000
2025-05-26,137.1730499267578,147.5,0.0,149.0,147.0,148.5,0.0,4503100
2025-05-27,135.3130645751953,145.5,0.0,147.0,145.0,147.0,0.0,8463400
2025-05-28,134.38308715820312,144.5,0.0,145.5,144.0,145.5,0.0,8270400
2025-05-29,133.45309448242188,143.5,0.0,145.0,143.0,145.0,0.0,8286200
2025-05-30,131.59312438964844,141.5,0.0,144.0,141.5,143.0,0.0,8561000
2025-06-04,130.19815063476562,140.0,0.0,142.5,140.0,141.5,0.0,7791700
2025-06-05,132.05812072753906,142.0,0.0,143.0,139.0,140.5,0.0,9933400
2025-06-06,130.6631317138672,140.5,0.0,142.0,140.0,142.0,0.0,4258000
2025-06-09,130.19815063476562,140.0,0.0,142.0,140.0,141.5,0.0,4255600
2025-06-10,130.6631317138672,140.5,0.0,141.5,139.5,140.0,0.0,5344800
2025-06-11,131.1281280517578,141.0,0.0,141.5,140.5,141.0,0.0,2891400
2025-06-12,128.80316162109375,138.5,0.0,141.0,138.0,140.5,0.0,9252500
2025-06-13,128.3381805419922,138.0,0.0,139.5,137.0,137.5,0.0,5356900
2025-06-16,128.3381805419922,138.0,0.0,139.5,137.5,138.0,0.0,4662500
2025-06-17,129.26815795898438,139.0,0.0,139.5,138.0,139.0,0.0,3801100
2025-06-18,127.40818786621094,137.0,0.0,139.5,137.0,138.5,0.0,6660000
2025-06-19,126.94319152832031,136.5,0.0,137.5,135.0,136.0,0.0,9028400
2025-06-20,127.40818786621094,137.0,0.0,138.0,136.0,136.0,0.0,6411400
2025-06-23,127.40818786621094,137.0,0.0,137.5,136.0,136.5,0.0,4195500
2025-06-24,129.26815795898438,139.0,0.0,139.0,137.5,138.0,0.0,8173600
2025-06-25,130.19815063476562,140.0,0.0,140.0,138.0,139.0,0.0,4634400
2025-06-26,132.5231170654297,142.5,0.0,143.0,139.5,140.0,0.0,7499600
2025-06-27,130.6631317138672,140.5,0.0,142.5,140.0,142.5,0.0,5574600
2025-06-30,129.26815795898438,139.0,0.0,140.5,138.5,140.0,0.0,7017600
2025-07-01,131.1281280517578,141.0,0.0,141.5,138.5,139.5,0.0,7115700
2025-07-02,132.98809814453125,143.0,0.0,143.5,140.5,141.0,0.0,4504800
2025-07-03,133.45309448242188,143.5,0.0,144.0,143.0,143.0,0.0,2730500
2025-07-04,132.05812072753906,142.0,0.0,143.5,142.0,143.5,0.0,3504100
2025-07-07,133.9180908203125,144.0,0.0,144.0,141.5,141.5,0.0,5065600
2025-07-08,133.45309448242188,143.5,0.0,144.0,142.0,143.5,0.0,6720700
2025-07-09,133.45309448242188,143.5,0.0,145.0,143.5,143.5,0.0,5312600
2025-07-11,133.9180908203125,144.0,0.0,145.5,144.0,144.0,0.0,4636900
2025-07-14,134.38308715820312,144.5,0.0,145.5,143.5,144.0,0.0,4050200
2025-07-15,132.5231170654297,142.5,0.0,143.5,139.5,143.5,0.0,13973700
2025-07-16,133.45309448242188,143.5,0.0,145.0,142.0,142.0,0.0,6182100
2025-07-17,134.38308715820312,144.5,0.0,144.5,143.0,144.5,0.0,5458700
2025-07-18,132.5231170654297,142.5,0.0,145.0,142.0,144.0,0.0,9783200
2025-07-21,132.5231170654297,142.5,0.0,143.5,141.5,142.5,0.0,6611800
2025-07-22,133.9180908203125,144.0,0.0,145.5,142.5,142.5,0.0,10615400
2025-07-23,137.1730499267578,147.5,0.0,147.5,144.5,145.0,0.0,11711300
2025-07-24,137.63804626464844,148.0,0.0,149.5,147.0,147.0,0.0,14445700
2025-07-25,137.1730499267578,147.5,0.0,148.0,147.0,148.0,0.0,5285600
2025-07-29,139.49801635742188,150.0,0.0,150.5,147.5,147.5,0.0,16763600
2025-07-30,138.5680389404297,149.0,0.0,150.5,148.5,150.0,0.0,8005600
2025-07-31,137.63804626464844,148.0,0.0,149.0,147.5,149.0,0.0,8121200
2025-08-01,138.10304260253906,148.5,0.0,149.5,148.0,149.0,0.0,8387500
2025-08-04,137.63804626464844,148.0,0.0,149.5,147.0,149.5,0.0,7030800
2025-08-05,138.5680389404297,149.0,0.0,150.0,147.5,148.0,0.0,15520200
2025-08-06,141.3579864501953,152.0,0.0,152.0,150.0,150.5,0.0,28029700
2025-08-07,141.82298278808594,152.5,0.0,154.5,151.5,152.0,0.0,22783300
2025-08-08,144.14794921875,155.0,0.0,155.5,152.0,152.0,0.0,11981200
2025-08-13,144.14794921875,155.0,0.0,156.5,153.5,155.0,0.0,11485800
2025-08-14,142.7529754638672,153.5,0.0,154.5,153.0,153.0,0.0,11121400
2025-08-15,142.7529754638672,153.5,0.0,154.5,152.0,154.0,0.0,6059500
2025-08-18,141.82298278808594,152.5,0.0,154.0,151.5,154.0,0.0,5220500
2025-08-19,143.21795654296875,154.0,0.0,155.0,152.0,152.5,0.0,5736300
2025-08-20,143.68295288085938,154.5,0.0,154.5,153.5,153.5,0.0,4821000
2025-08-21,144.14794921875,155.0,0.0,155.5,154.0,154.0,0.0,6376600
2025-08-22,145.5429229736328,156.5,0.0,157.0,154.5,155.0,0.0,4987400
2025-08-25,144.61294555664062,155.5,0.0,157.5,155.0,157.0,0.0,4802400
2025-08-26,143.21795654296875,154.0,0.0,155.5,153.5,154.5,0.0,7077700
2025-08-27,142.7529754638672,153.5,0.0,155.5,153.0,154.0,0.0,7126900
2025-08-28,144.61294555664062,155.5,0.0,156.5,153.5,153.5,0.0,6063700
2025-08-29,144.61294555664062,155.5,0.0,157.0,155.0,157.0,0.0,7562000
2025-09-01,143.68295288085938,154.5,0.0,156.5,154.0,156.0,0.0,5527900
2025-09-02,144.61294555664062,155.5,0.0,156.0,155.0,155.0,0.0,1787100
2025-09-03,144.14794921875,155.0,0.0,156.0,154.5,155.0,0.0,3140900
2025-09-04,142.7529754638672,153.5,0.0,155.0,152.5,155.0,0.0,5915000
2025-09-05,141.3579864501953,152.0,0.0,154.5,151.5,154.0,0.0,9640200
2025-09-08,142.28797912597656,153.0,0.0,153.5,152.5,152.5,0.0,3267200
2025-09-09,141.82298278808594,152.5,0.0,153.5,152.5,153.5,0.0,3231700
2025-09-10,141.351806640625,150.0,2.0,151.5,150.0,150.5,0.0,8327600
2025-09-11,140.4094696044922,149.0,0.0,150.5,149.0,150.0,0.0,7717300
2025-09-12,140.4094696044922,149.0,0.0,150.5,149.0,150.5,0.0,5696100
2025-09-15,140.4094696044922,149.0,0.0,150.0,148.0,149.0,0.0,8372400
2025-09-16,139.4671173095703,148.0,0.0,149.5,148.0,149.0,0.0,5473800
2025-09-17,139.4671173095703,148.0,0.0,148.5,147.5,148.5,0.0,3044400
2025-09-18,139.4671173095703,148.0,0.0,148.5,147.0,148.0,0.0,3746400
2025-09-19,138.99594116210938,147.5,0.0,149.5,147.5,148.0,0.0,6247000
2025-09-22,139.93829345703125,148.5,0.0,148.5,147.5,148.0,0.0,4304600
2025-09-23,139.93829345703125,148.5,0.0,149.0,148.0,148.0,0.0,4066700
2025-09-24,139.4671173095703,148.0,0.0,148.5,147.5,148.5,0.0,3429200
2025-09-25,140.4094696044922,149.0,0.0,149.0,148.0,148.0,0.0,4207000
2025-09-26,139.4671173095703,148.0,0.0,149.0,148.0,149.0,0.0,9763800
2025-09-29,140.4094696044922,149.0,0.0,150.0,148.0,148.5,0.0,5286200
2025-09-30,140.4094696044922,149.0,0.0,149.5,148.0,149.0,0.0,11962300
2025-10-01,138.5247802734375,147.0,0.0,149.0,147.0,148.0,0.0,2864500
2025-10-02,139.93829345703125,148.5,0.0,149.0,147.5,147.5,0.0,2979900
2025-10-03,139.93829345703125,148.5,0.0,149.0,148.0,148.5,0.0,3156100
2025-10-06,139.4671173095703,148.0,0.0,149.0,148.0,148.5,0.0,1215300
2025-10-07,139.4671173095703,148.0,0.0,148.0,148.0,148.0,0.0,0
2025-10-08,141.82298278808594,150.5,0.0,151.0,148.0,149.0,0.0,7046800
2025-10-09,140.88063049316406,149.5,0.0,150.5,149.0,150.5,0.0,2999400
2025-10-10,140.88063049316406,149.5,0.0,150.5,149.5,150.0,0.0,2669600
2025-10-14,141.351806640625,150.0,0.0,151.5,149.5,149.5,0.0,8168100
2025-10-15,146.06353759765625,155.0,0.0,155.0,151.0,151.5,0.0,14990700
2025-10-16,144.17884826660156,153.0,0.0,155.0,152.5,155.0,0.0,4586300
2025-10-17,143.70767211914062,152.5,0.0,153.5,152.0,152.5,0.0,2467800
2025-10-20,144.6500244140625,153.5,0.0,153.5,152.5,153.0,0.0,2204300
2025-10-21,146.5347137451172,155.5,0.0,156.0,154.0,154.5,0.0,12811400
2025-10-22,150.30409240722656,159.5,0.0,160.0,156.0,157.0,0.0,26816000
2025-10-24,153.13113403320312,162.5,0.0,163.0,160.0,160.0,0.0,17479900
2025-10-27,150.30409240722656,159.5,0.0,163.0,159.5,163.0,0.0,11804000
2025-10-28,150.30409240722656,159.5,0.0,160.5,158.0,160.0,0.0,10293600
2025-10-29,148.41940307617188,157.5,0.0,159.5,157.5,159.0,0.0,9417300
2025-10-30,149.3617401123047,158.5,0.0,159.0,156.5,157.0,0.0,13446300
2025-10-31,149.3617401123047,158.5,0.0,159.5,157.5,158.0,0.0,11477100
2025-11-03,149.3617401123047,158.5,0.0,159.5,157.0,159.0,0.0,6646600
2025-11-04,148.41940307617188,157.5,0.0,160.0,157.5,158.0,0.0,6614300
2025-11-05,148.41940307617188,157.5,0.0,158.0,156.5,157.0,0.0,4511900
2025-11-06,147.94822692871094,157.0,0.0,158.0,155.5,158.0,0.0,9049400
2025-11-07,145.5923614501953,154.5,0.0,157.5,154.5,156.5,0.0,7009400
2025-11-10,146.06353759765625,155.0,0.0,156.5,154.5,155.0,0.0,3735900
2025-11-11,147.00587463378906,156.0,0.0,156.5,155.0,155.5,0.0,4490200
2025-11-12,147.94822692871094,157.0,0.0,158.0,156.0,156.5,0.0,6850000
2025-11-13,147.47705078125,156.5,0.0,157.5,156.5,157.0,0.0,3484800
2025-11-14,146.5347137451172,155.5,0.0,157.0,155.0,156.5,0.0,4144000
2025-11-17,148.8905792236328,158.0,0.0,158.0,155.5,155.5,0.0,6977600
2025-11-18,147.94822692871094,157.0,0.0,158.5,156.5,157.0,0.0,5239800
2025-11-19,148.8905792236328,158.0,0.0,158.5,156.5,157.0,0.0,3766200
2025-11-20,150.7752685546875,160.0,0.0,160.5,158.0,158.5,0.0,6723300
2025-11-21,149.3617401123047,158.5,0.0,159.5,158.0,159.0,0.0,6586600
2025-11-24,148.41940307617188,157.5,0.0,158.5,157.0,158.5,0.0,6948800
2025-11-25,148.41940307617188,157.5,0.0,158.5,157.0,158.0,0.0,4793400
2025-11-26,150.30409240722656,159.5,0.0,160.5,157.0,157.5,0.0,8588200
2025-11-27,149.3617401123047,158.5,0.0,160.0,158.0,159.5,0.0,3096900
2025-11-28,148.8905792236328,158.0,0.0,159.0,157.5,158.5,0.0,5652800
2025-12-01,150.30409240722656,159.5,0.0,160.0,158.0,158.0,0.0,4338000
2025-12-02,152.6599578857422,162.0,0.0,162.5,160.0,160.5,0.0,14722600
2025-12-03,155.95816040039062,165.5,0.0,165.5,161.5,162.5,0.0,15967000
2025-12-04,156.42933654785156,166.0,0.0,167.5,165.0,165.5,0.0,9898800
2025-12-08,155.4869842529297,165.0,0.0,167.0,163.0,167.0,0.0,8497100
2025-12-09,154.07347106933594,163.5,0.0,165.0,162.0,164.5,0.0,8213400
2025-12-11,154.54464721679688,164.0,0.0,165.0,162.5,163.5,0.0,8384300
2025-12-12,153.602294921875,163.0,0.0,164.5,162.5,163.5,0.0,5718915
2025-12-15,155.0158233642578,164.5,0.0,165.0,162.5,163.0,0.0,7930200
2025-12-16,156.42933654785156,166.0,0.0,166.0,163.5,164.5,0.0,5829100
2025-12-17,155.95816040039062,165.5,0.0,166.5,165.0,165.5,0.0,5968400
2025-12-18,159.25637817382812,169.0,0.0,169.5,166.0,166.0,0.0,11275500
2025-12-19,158.7852020263672,168.5,0.0,169.5,167.5,169.0,0.0,7553700
2025-12-22,156.9005126953125,166.5,0.0,169.0,165.5,169.0,0.0,5133300
2025-12-23,157.37168884277344,167.0,0.0,167.5,166.0,166.5,0.0,4281100
2025-12-24,157.8428497314453,167.5,0.0,168.5,166.5,167.0,0.0,2918800
2025-12-25,158.31402587890625,168.0,0.0,168.5,166.5,167.5,0.0,3391400
2025-12-26,159.25637817382812,169.0,0.0,169.0,167.0,167.5,0.0,4140600
2025-12-29,158.7852020263672,168.5,0.0,169.5,168.0,168.5,0.0,5390200
2025-12-30,159.7275390625,169.5,0.0,171.0,168.0,168.5,0.0,7642700
2026-01-05,162.08340454101562,172.0,0.0,173.5,169.5,171.0,0.0,9713000
2026-01-06,162.08340454101562,172.0,0.0,173.0,170.5,172.5,0.0,5125800
2026-01-07,160.19871520996094,170.0,0.0,174.0,169.5,173.0,0.0,6797400
2026-01-08,163.49693298339844,173.5,0.0,174.0,169.5,170.0,0.0,6948600
2026-01-09,162.08340454101562,172.0,0.0,174.5,171.5,173.5,0.0,6350100
2026-01-12,160.6698760986328,170.5,0.0,173.0,170.0,172.0,0.0,5491700
2026-01-13,160.6698760986328,170.5,0.0,172.0,169.5,172.0,0.0,4575700
2026-01-14,161.1410675048828,171.0,0.0,171.0,168.0,170.0,0.0,5956500
2026-01-15,161.1410675048828,171.0,0.0,171.5,170.0,170.5,0.0,6023100
2026-01-16,160.19871520996094,170.0,0.0,171.5,168.5,170.5,0.0,10521700
2026-01-19,159.7275390625,169.5,0.0,171.5,169.0,171.0,0.0,4416600
2026-01-20,160.6698760986328,170.5,0.0,172.0,169.5,170.0,0.0,6040800
2026-01-21,151.24642944335938,160.5,0.0,162.5,159.0,162.0,0.0,52406200
2026-01-22,150.7752685546875,160.0,0.0,162.0,159.5,160.5,0.0,23958500
2026-01-23,148.41940307617188,157.5,0.0,160.5,157.0,160.0,0.0,20890600
2026-01-26,148.8905792236328,158.0,0.0,159.5,157.0,157.5,0.0,16062900
2026-01-27,151.7176055908203,161.0,0.0,161.0,157.0,157.5,0.0,18375000
2026-01-28,149.3617401123047,158.5,0.0,160.5,158.0,160.5,0.0,13935200
2026-01-29,146.5347137451172,155.5,0.0,158.5,155.5,157.5,0.0,23398500
2026-01-30,148.8905792236328,158.0,0.0,159.0,155.5,156.0,0.0,15424200
2026-02-02,147.47705078125,156.5,0.0,157.5,156.0,157.0,0.0,8237000
2026-02-03,147.47705078125,156.5,0.0,158.5,156.5,157.5,0.0,8107400
2026-02-04,147.47705078125,156.5,0.0,158.5,156.5,157.0,0.0,9237000
2026-02-05,148.41940307617188,157.5,0.0,158.0,156.0,157.0,0.0,8224300
2026-02-06,147.94822692871094,157.0,0.0,157.5,156.5,157.0,0.0,6304600
2026-02-09,151.7176055908203,161.0,0.0,161.5,159.0,160.0,0.0,18528100
2026-02-10,153.13113403320312,162.5,0.0,163.0,160.5,162.0,0.0,20775600
2026-02-11,151.7176055908203,161.0,0.0,162.5,161.0,162.5,0.0,8208900
2026-02-12,154.54464721679688,164.0,0.0,164.0,161.5,161.5,0.0,17911200
2026-02-13,154.07347106933594,163.5,0.0,166.0,163.0,164.0,0.0,17955200
2026-02-16,154.54464721679688,164.0,0.0,165.0,163.0,163.5,0.0,12875628
2026-02-17,157.8428497314453,167.5,0.0,168.0,163.5,163.5,0.0,16211700
2026-02-18,158.31402587890625,168.0,0.0,168.0,166.5,168.0,0.0,7900800
2026-02-19,160.19871520996094,170.0,0.0,170.5,167.5,168.5,0.0,18847700
2026-02-20,166.79513549804688,177.0,0.0,177.5,171.0,172.0,0.0,39615300
2026-02-23,164.43927001953125,174.5,0.0,178.0,174.0,177.5,0.0,19497900
2026-02-24,164.43927001953125,174.5,0.0,175.0,172.0,174.5,0.0,8964600
2026-02-25,162.08340454101562,172.0,0.0,176.5,170.5,175.5,0.0,25074500
2026-02-26,166.32395935058594,176.5,0.0,177.5,172.5,172.5,0.0,18549900
2026-02-27,167.2663116455078,177.5,0.0,181.0,176.5,177.5,0.0,33544000
2026-03-02,163.9680938720703,174.0,0.0,176.0,173.5,173.5,0.0,17711500
2026-03-04,158.7852020263672,168.5,0.0,171.5,165.0,171.5,0.0,34054900
2026-03-05,158.31402587890625,168.0,0.0,171.5,167.5,171.5,0.0,27650100
2026-03-06,157.37168884277344,167.0,0.0,169.0,167.0,167.5,0.0,8973000
2026-03-09,156.42933654785156,166.0,0.0,166.0,159.5,162.0,0.0,19317700
2026-03-10,156.9005126953125,166.5,0.0,168.0,165.5,167.0,0.0,10754300
2026-03-11,157.37168884277344,167.0,0.0,169.5,166.5,167.0,0.0,7108800
2026-03-12,158.7852020263672,168.5,0.0,169.0,166.0,166.0,0.0,5427200
2026-03-13,157.8428497314453,167.5,0.0,169.5,166.5,168.0,0.0,4975600
2026-03-16,155.0158233642578,164.5,0.0,168.0,164.0,167.5,0.0,6447100
2026-03-17,155.95816040039062,165.5,0.0,166.5,165.0,166.0,0.0,7469000
2026-03-18,156.42933654785156,166.0,0.0,167.5,165.5,165.5,0.0,5943100
2026-03-19,154.54464721679688,164.0,0.0,166.0,164.0,165.0,0.0,12285400
2026-03-20,156.42933654785156,166.0,0.0,166.0,164.5,165.5,0.0,5240900
2026-03-23,154.07347106933594,163.5,0.0,165.0,163.5,164.0,0.0,5828400
2026-03-24,157.8428497314453,167.5,0.0,168.0,165.0,165.0,0.0,11054600
2026-03-25,158.7852020263672,168.5,0.0,169.5,167.0,169.0,0.0,9296500
2026-03-26,159.7275390625,169.5,0.0,169.5,167.0,167.0,0.0,7516200
2026-03-27,157.8428497314453,167.5,0.0,169.5,167.0,169.5,0.0,7634300
2026-03-30,156.9005126953125,166.5,0.0,167.0,166.0,166.5,0.0,5629700
2026-03-31,156.9005126953125,166.5,0.0,167.5,165.5,166.5,0.0,6577300
2026-04-01,158.7852020263672,168.5,0.0,169.0,167.5,169.0,0.0,5281900
2026-04-02,157.8428497314453,167.5,0.0,168.5,167.0,168.0,0.0,7498400
2026-04-03,155.95816040039062,165.5,0.0,167.5,165.5,167.0,0.0,6459900
2026-04-07,156.42933654785156,166.0,0.0,166.5,165.5,166.0,0.0,3734600
2026-04-08,157.37168884277344,167.0,0.0,168.5,166.5,167.5,0.0,7320900
2026-04-09,156.42933654785156,166.0,0.0,167.5,166.0,167.5,0.0,4884500
2026-04-10,156.42933654785156,166.0,0.0,167.5,165.5,166.5,0.0,6897700
2026-04-16,154.54464721679688,164.0,0.0,167.5,163.5,166.0,0.0,17559600
2026-04-17,155.0158233642578,164.5,0.0,166.0,164.0,165.0,0.0,5229800
2026-04-20,155.0158233642578,164.5,0.0,165.5,163.5,164.5,0.0,8639300
2026-04-21,157.8428497314453,167.5,0.0,167.5,165.0,165.0,0.0,16798100
2026-04-22,161.30648803710938,163.0,8.0,164.0,160.0,160.5,0.0,20343300
2026-04-23,159.3272705078125,161.0,0.0,162.5,160.5,162.0,0.0,12683200
2026-04-24,156.85324096679688,158.5,0.0,160.5,158.5,160.0,0.0,7839100
2026-04-27,158.83245849609375,160.5,0.0,161.0,158.5,158.5,0.0,8193000
2026-04-28,160.8116912841797,162.5,0.0,162.5,160.0,160.5,0.0,10109667
2026-04-29,161.80130004882812,163.5,0.0,164.0,162.5,162.5,0.0,6401300
2026-04-30,160.8116912841797,162.5,0.0,164.0,162.5,163.5,0.0,7604300
2026-05-01,160.8116912841797,162.5,0.0,162.5,162.5,162.5,0.0,0
2026-05-04,160.8116912841797,162.5,0.0,162.5,162.5,162.5,0.0,0
2026-05-05,159.82208251953125,161.5,0.0,164.0,160.5,163.0,0.0,11767400
2026-05-06,161.80130004882812,163.5,0.0,164.5,162.5,162.5,0.0,8984300
2026-05-07,159.82208251953125,161.5,0.0,164.0,161.5,164.0,0.0,8801900
2026-05-08,161.30648803710938,163.0,0.0,163.5,161.5,161.5,0.0,7201600
2026-05-11,161.80130004882812,163.5,0.0,164.0,161.5,163.0,0.0,10078700
2026-05-12,161.80130004882812,163.5,0.0,164.0,162.5,163.0,0.0,5256700
2026-05-13,161.80130004882812,163.5,0.0,164.0,163.0,163.5,0.0,5759300
2026-05-14,162.79090881347656,164.5,0.0,165.0,163.0,163.5,0.0,9894900
2026-05-15,163.28570556640625,165.0,0.0,167.0,164.5,165.0,0.0,11975200
2026-05-18,165.75973510742188,167.5,0.0,168.0,164.0,164.5,0.0,11530500
2026-05-19,165.75973510742188,167.5,0.0,168.0,166.0,167.5,0.0,5073900
2026-05-20,168.7285614013672,170.5,0.0,170.5,166.5,167.0,0.0,13356600
2026-05-21,167.24415588378906,169.0,0.0,170.5,168.0,170.5,0.0,6607100
2026-05-22,166.7493438720703,168.5,0.0,170.5,167.0,169.5,0.0,7888300
2026-05-25,167.24415588378906,169.0,0.0,170.5,168.0,169.5,0.0,6353400
2026-05-26,171.69740295410156,173.5,0.0,173.5,170.0,170.0,0.0,17545600
2026-05-27,172.19219970703125,174.0,0.0,174.5,171.0,174.0,0.0,17342100
2026-05-28,170.21298217773438,172.0,0.0,174.5,172.0,173.0,0.0,7846500
2026-05-29,171.2025909423828,173.0,0.0,174.0,171.5,172.5,0.0,8288100
2026-06-01,171.2025909423828,173.0,0.0,173.0,173.0,173.0,0.0,0
2026-06-02,173.67662048339844,175.5,0.0,176.0,172.5,173.0,0.0,13371200
2026-06-03,173.67662048339844,175.5,0.0,175.5,175.5,175.5,0.0,0
2026-06-04,172.68701171875,174.5,0.0,175.0,172.5,174.0,0.0,21249800
2026-06-05,172.68701171875,174.5,0.0,175.5,173.5,173.5,0.0,11568500
2026-06-08,168.2337646484375,170.0,0.0,173.5,170.0,173.0,0.0,19275100
2026-06-09,168.2337646484375,170.0,0.0,171.0,168.5,171.0,0.0,12662500
2026-06-10,167.24415588378906,169.0,0.0,171.0,169.0,169.5,0.0,8001100
2026-06-11,166.7493438720703,168.5,0.0,170.5,168.0,169.0,0.0,6735300
2026-06-12,170.70779418945312,172.5,0.0,173.0,169.5,169.5,0.0,10850400
2026-06-15,170.70779418945312,172.5,0.0,174.5,172.5,173.5,0.0,8466300
2026-06-16,173.67662048339844,175.5,0.0,176.5,172.5,173.0,0.0,15000200
2026-06-17,172.19219970703125,174.0,0.0,176.0,173.5,176.0,0.0,6189100
2026-06-18,174.1714324951172,176.0,0.0,177.5,173.5,174.5,0.0,11468500
2026-06-19,173.1818084716797,175.0,0.0,176.5,174.5,176.0,0.0,6706700
2026-06-22,178.12986755371094,180.0,0.0,180.0,177.0,177.5,0.0,32898400
2026-06-23,175.6558380126953,177.5,0.0,181.0,176.5,178.5,0.0,17663800
2026-06-24,174.66622924804688,176.5,0.0,178.5,175.5,177.5,0.0,8945600
2026-06-25,173.67662048339844,175.5,0.0,176.5,174.5,176.0,0.0,15530200
2026-06-26,174.1714324951172,176.0,0.0,176.5,175.0,175.5,0.0,9768200
2026-06-29,175.6558380126953,177.5,0.0,178.5,175.0,175.5,0.0,9809200
2026-06-30,177.6350555419922,179.5,0.0,180.0,177.5,178.0,0.0,12188100
2026-07-01,178.12986755371094,180.0,0.0,182.0,179.5,180.0,0.0,15330700
2026-07-02,189.0155792236328,191.0,0.0,191.5,181.5,182.0,0.0,22067000
2026-07-03,190.5,192.5,0.0,193.0,189.0,190.5,0.0,11664500
2026-07-06,188.52078247070312,190.5,0.0,192.5,188.0,192.5,0.0,12349600
2026-07-07,191.48960876464844,193.5,0.0,195.5,190.0,190.0,0.0,17525400
2026-07-08,189.0155792236328,191.0,0.0,195.0,191.0,192.5,0.0,12670400
2026-07-09,194.45843505859375,196.5,0.0,197.0,192.0,192.0,0.0,14745400
2026-07-10,194.45843505859375,196.5,0.0,197.0,194.0,197.0,0.0,18749900
2026-07-13,195.4480438232422,197.5,0.0,200.0,195.0,196.0,0.0,15166300
2026-07-14,194.9532470703125,197.0,0.0,201.0,196.5,197.0,0.0,15011300
2026-07-15,196.43765258789062,198.5,0.0,200.0,196.5,199.0,0.0,10441000
2026-07-16,200.89089965820312,203.0,0.0,204.0,199.0,199.5,0.0,12858400
2026-07-17,199.9012908935547,202.0,0.0,204.0,201.0,204.0,0.0,7413200
2026-07-20,200.89089965820312,203.0,0.0,204.0,198.5,202.0,0.0,21885800
2026-07-21,197.9220733642578,200.0,0.0,204.0,198.0,203.0,0.0,24031600
2026-07-22,185.05714416503906,187.0,0.0,193.0,186.5,193.0,0.0,54277800
2026-07-23,185.05714416503906,187.0,0.0,189.5,186.5,188.0,0.0,22286800
2026-07-24,189.0155792236328,191.0,0.0,191.5,187.0,187.0,0.0,29440900
2026-07-27,191.98440551757812,194.0,0.0,196.5,192.5,193.0,0.0,24991800
2026-07-28,191.98440551757812,194.0,0.0,194.0,194.0,194.0,0.0,0
2026-07-29,191.98440551757812,194.0,0.0,194.0,194.0,194.0,0.0,0
2026-07-30,189.0155792236328,191.0,0.0,194.0,189.0,194.0,0.0,17238800
2026-07-31,189.51039123535156,191.5,0.0,192.0,189.5,191.0,0.0,11614100
2026-08-03,189.51039123535156,191.5,0.0,192.5,190.0,192.0,0.0,9881000
2026-08-04,190.9947967529297,193.0,0.0,194.0,191.5,191.5,0.0,10439600
2026-08-05,190.5,192.5,0.0,194.5,192.5,193.5,0.0,9927400
2026-08-06,192.97402954101562,195.0,0.0,196.5,192.0,192.5,0.0,17753000
2026-08-07,192.47921752929688,194.5,0.0,195.5,193.0,195.0,0.0,9318200
2026-08-10,189.0155792236328,191.0,0.0,193.0,190.5,193.0,0.0,13861800
2026-08-11,189.51039123535156,191.5,0.0,192.5,191.0,191.5,0.0,5480300
2026-08-12,189.51039123535156,191.5,0.0,191.5,191.5,191.5,0.0,0
2026-08-13,189.51039123535156,191.5,0.0,192.0,190.0,191.5,0.0,5863100
2026-08-14,187.53115844726562,189.5,0.0,192.5,189.0,191.0,0.0,7778700
2026-08-17,188.02597045898438,190.0,0.0,190.5,189.0,189.0,0.0,5552400
2026-08-18,186.0467529296875,188.0,0.0,190.0,186.5,190.0,0.0,13040500
2026-08-19,187.53115844726562,189.5,0.0,190.5,187.0,187.5,0.0,13729500
2026-08-20,188.52078247070312,190.5,0.0,191.0,189.5,190.0,0.0,9015100
2026-08-21,188.02597045898438,190.0,0.0,192.0,190.0,190.5,0.0,7956300
2026-08-24,189.51039123535156,191.5,0.0,191.5,188.5,189.5,0.0,6700200
2026-08-25,190.00518798828125,192.0,0.0,193.5,190.5,191.0,0.0,11730300
2026-08-26,190.5,192.5,0.0,194.0,191.0,191.5,0.0,13718300
2026-08-27,188.52078247070312,190.5,0.0,193.5,190.0,193.0,0.0,10987000
2026-08-28,188.02597045898438,190.0,0.0,191.5,189.0,190.0,0.0,7123400
2026-08-31,189.0155792236328,191.0,0.0,193.0,190.0,190.5,0.0,10003900
2026-09-01,190.00518798828125,192.0,0.0,192.5,191.0,191.0,0.0,9188000
2026-09-02,190.00518798828125,192.0,0.0,193.5,191.0,192.0,0.0,7945200
2026-09-03,190.9947967529297,193.0,0.0,194.0,192.0,193.5,0.0,6705800
2026-09-04,191.48960876464844,193.5,0.0,194.5,191.5,193.5,0.0,9130300
2026-09-07,190.9947967529297,193.0,0.0,194.0,192.0,193.0,0.0,7407600
2026-09-08,190.5,192.5,0.0,194.0,192.0,193.0,0.0,14321500
2026-09-09,190.0,190.0,2.0,192.5,190.0,191.5,0.0,9717800
2026-09-10,190.0,190.0,0.0,192.0,189.0,189.5,0.0,7215500
2026-09-11,188.0,188.0,0.0,189.0,186.0,189.0,0.0,17978500
2026-09-14,192.0,192.0,0.0,192.0,188.5,189.0,0.0,12592100
2026-09-15,192.5,192.5,0.0,192.5,190.5,191.5,0.0,10588500
2026-09-16,192.0,192.0,0.0,193.0,191.0,193.0,0.0,9886400
2026-09-17,193.0,193.0,0.0,194.0,191.5,192.5,0.0,11039600
2026-09-18,193.5,193.5,0.0,194.5,192.5,193.5,0.0,6414200
