Date,Adj Close,Close,Dividends,High,Low,Open,Stock Splits,Volume
2016-01-04,14.242745399475098,23.799999237060547,0.0,25.0,23.799999237060547,24.799999237060547,0.0,57964000
2016-01-05,13.584470748901367,22.700000762939453,0.0,24.100000381469727,22.5,23.899999618530273,0.0,88229000
2016-01-06,13.644311904907227,22.799999237060547,0.0,22.899999618530273,22.200000762939453,22.5,0.0,65320000
2016-01-07,12.507286071777344,20.899999618530273,0.0,21.600000381469727,20.600000381469727,21.5,0.0,182186000
2016-01-08,12.866344451904297,21.5,0.0,21.700000762939453,20.899999618530273,21.299999237060547,0.0,108961000
2016-01-11,12.626972198486328,21.100000381469727,0.0,21.299999237060547,20.600000381469727,21.100000381469727,0.0,82679000
2016-01-12,12.806504249572754,21.399999618530273,0.0,21.399999618530273,20.600000381469727,20.600000381469727,0.0,112532000
2016-01-13,13.584470748901367,22.700000762939453,0.0,22.700000762939453,21.399999618530273,21.799999237060547,0.0,135559000
2016-01-14,13.105717658996582,21.899999618530273,0.0,22.200000762939453,21.600000381469727,22.100000381469727,0.0,109356000
2016-01-15,12.327757835388184,20.600000381469727,0.0,22.100000381469727,20.600000381469727,21.799999237060547,0.0,173860000
2016-01-18,11.849007606506348,19.799999237060547,0.0,20.200000762939453,19.700000762939453,19.899999618530273,0.0,187252000
2016-01-19,12.626972198486328,21.100000381469727,0.0,21.100000381469727,19.899999618530273,20.100000381469727,0.0,124900000
2016-01-20,11.968694686889648,20.0,0.0,20.5,20.0,20.200000762939453,0.0,99317000
2016-01-21,12.208070755004883,20.399999618530273,0.0,20.799999237060547,20.0,20.700000762939453,0.0,116973000
2016-01-22,13.045876502990723,21.799999237060547,0.0,22.0,20.700000762939453,21.200000762939453,0.0,234268000
2016-01-25,13.285252571105957,22.200000762939453,0.0,22.899999618530273,22.0,22.299999237060547,0.0,188508000
2016-01-26,13.105717658996582,21.899999618530273,0.0,22.100000381469727,21.399999618530273,21.799999237060547,0.0,86434000
2016-01-27,13.285252571105957,22.200000762939453,0.0,22.700000762939453,22.100000381469727,22.399999618530273,0.0,91059000
2016-01-28,14.063217163085938,23.5,0.0,23.600000381469727,22.5,22.600000381469727,0.0,178272000
2016-01-29,14.123058319091797,23.600000381469727,0.0,23.700000762939453,23.200000762939453,23.600000381469727,0.0,106785000
2016-02-01,14.362434387207031,24.0,0.0,24.5,23.0,23.5,0.0,122618000
2016-02-02,13.883685111999512,23.200000762939453,0.0,23.700000762939453,23.100000381469727,23.700000762939453,0.0,65876000
2016-02-03,14.003374099731445,23.399999618530273,0.0,23.399999618530273,22.299999237060547,22.600000381469727,0.0,140363000
2016-02-04,14.242745399475098,23.799999237060547,0.0,24.299999237060547,23.799999237060547,24.0,0.0,121277000
2016-02-05,14.4821195602417,24.200000762939453,0.0,24.200000762939453,23.700000762939453,24.0,0.0,59869000
2016-02-08,14.362434387207031,24.0,0.0,24.399999618530273,23.899999618530273,24.0,0.0,44604000
2016-02-09,14.42227554321289,24.100000381469727,0.0,24.100000381469727,23.5,23.700000762939453,0.0,71480000
2016-02-10,14.123058319091797,23.600000381469727,0.0,23.799999237060547,23.399999618530273,23.700000762939453,0.0,87104000
2016-02-11,13.644311904907227,22.799999237060547,0.0,23.600000381469727,22.799999237060547,23.299999237060547,0.0,121482000
2016-02-12,13.644311904907227,22.799999237060547,0.0,22.799999237060547,22.799999237060547,22.799999237060547,0.0,0
2016-02-15,14.063217163085938,23.5,0.0,23.799999237060547,23.299999237060547,23.399999618530273,0.0,94254000
2016-02-16,14.242745399475098,23.799999237060547,0.0,24.299999237060547,23.700000762939453,23.899999618530273,0.0,136801000
2016-02-17,14.541962623596191,24.299999237060547,0.0,24.299999237060547,23.5,23.600000381469727,0.0,115501000
2016-02-18,14.960868835449219,25.0,0.0,25.200000762939453,24.5,24.799999237060547,0.0,198933000
2016-02-19,15.439617156982422,25.799999237060547,0.0,26.0,24.700000762939453,24.700000762939453,0.0,141717000
2016-02-23,15.67899227142334,26.200000762939453,0.0,26.799999237060547,26.100000381469727,26.299999237060547,0.0,158180000
2016-02-24,15.439617156982422,25.799999237060547,0.0,26.299999237060547,25.600000381469727,25.799999237060547,0.0,96511000
2016-02-25,15.619144439697266,26.100000381469727,0.0,26.299999237060547,25.799999237060547,26.200000762939453,0.0,49301000
2016-02-26,15.798677444458008,26.399999618530273,0.0,26.600000381469727,26.200000762939453,26.399999618530273,0.0,64431000
2016-02-29,15.55930233001709,26.0,0.0,26.600000381469727,26.0,26.299999237060547,0.0,72377000
2016-03-01,16.03805160522461,26.799999237060547,0.0,27.0,26.100000381469727,26.299999237060547,0.0,73847000
2016-03-02,16.337268829345703,27.299999237060547,0.0,27.5,27.0,27.200000762939453,0.0,81356000
2016-03-03,16.519468307495117,27.200000762939453,0.4,27.5,26.799999237060547,27.299999237060547,0.0,66218000
2016-03-04,16.823137283325195,27.700000762939453,0.0,27.700000762939453,27.299999237060547,27.600000381469727,0.0,67970000
2016-03-07,17.369731903076172,28.600000381469727,0.0,28.899999618530273,27.899999618530273,27.899999618530273,0.0,87541000
2016-03-08,17.066068649291992,28.100000381469727,0.0,29.299999237060547,28.100000381469727,28.899999618530273,0.0,85029000
2016-03-09,17.066068649291992,28.100000381469727,0.0,28.100000381469727,27.200000762939453,27.600000381469727,0.0,123242000
2016-03-10,16.701669692993164,27.5,0.0,28.399999618530273,27.5,28.299999237060547,0.0,64262000
2016-03-11,17.066068649291992,28.100000381469727,0.0,28.299999237060547,27.700000762939453,27.899999618530273,0.0,65953000
2016-03-14,16.762401580810547,27.600000381469727,0.0,28.5,27.600000381469727,28.399999618530273,0.0,45610000
2016-03-15,16.398000717163086,27.0,0.0,27.399999618530273,26.899999618530273,27.200000762939453,0.0,62291000
2016-03-16,16.45873260498047,27.100000381469727,0.0,27.5,26.799999237060547,27.200000762939453,0.0,70021000
2016-03-17,16.883867263793945,27.799999237060547,0.0,28.299999237060547,27.600000381469727,27.799999237060547,0.0,86568000
2016-03-18,17.126800537109375,28.200000762939453,0.0,28.399999618530273,28.0,28.200000762939453,0.0,74323000
2016-03-21,17.430465698242188,28.700000762939453,0.0,28.700000762939453,28.0,28.200000762939453,0.0,42563000
2016-03-22,17.491199493408203,28.799999237060547,0.0,29.100000381469727,28.5,28.700000762939453,0.0,90877000
2016-03-23,17.67340087890625,29.100000381469727,0.0,29.299999237060547,28.600000381469727,28.700000762939453,0.0,34291000
2016-03-24,17.309001922607422,28.5,0.0,29.0,28.5,28.600000381469727,0.0,46128000
2016-03-25,17.187532424926758,28.299999237060547,0.0,28.799999237060547,28.200000762939453,28.5,0.0,25466000
2016-03-28,17.248268127441406,28.399999618530273,0.0,28.5,28.0,28.299999237060547,0.0,17363000
2016-03-29,17.248268127441406,28.399999618530273,0.0,28.600000381469727,28.100000381469727,28.600000381469727,0.0,41677000
2016-03-30,17.430465698242188,28.700000762939453,0.0,29.200000762939453,28.5,28.600000381469727,0.0,88065000
2016-03-31,17.005338668823242,28.0,0.0,28.600000381469727,27.899999618530273,28.5,0.0,90446000
2016-04-01,16.883867263793945,27.799999237060547,0.0,27.899999618530273,27.5,27.799999237060547,0.0,53343000
2016-04-04,17.005338668823242,28.0,0.0,28.0,27.299999237060547,27.799999237060547,0.0,29776000
2016-04-05,16.701669692993164,27.5,0.0,27.700000762939453,27.299999237060547,27.5,0.0,50528000
2016-04-07,16.519468307495117,27.200000762939453,0.0,28.0,27.200000762939453,27.799999237060547,0.0,57490000
2016-04-08,17.005338668823242,28.0,0.0,28.100000381469727,27.200000762939453,27.299999237060547,0.0,37096000
2016-04-11,17.248268127441406,28.399999618530273,0.0,28.700000762939453,28.200000762939453,28.399999618530273,0.0,47367000
2016-04-12,17.369731903076172,28.600000381469727,0.0,28.799999237060547,28.5,28.700000762939453,0.0,33153000
2016-04-18,17.491199493408203,28.799999237060547,0.0,28.799999237060547,28.200000762939453,28.5,0.0,50914000
2016-04-19,18.098535537719727,29.799999237060547,0.0,29.799999237060547,28.899999618530273,29.0,0.0,99855000
2016-04-20,18.402202606201172,30.299999237060547,0.0,30.399999618530273,29.600000381469727,29.799999237060547,0.0,94781000
2016-04-21,19.009532928466797,31.299999237060547,0.0,31.5,30.899999618530273,31.0,0.0,88475000
2016-04-22,18.827333450317383,31.0,0.0,31.5,31.0,31.399999618530273,0.0,54574000
2016-04-25,18.402202606201172,30.299999237060547,0.0,30.899999618530273,30.200000762939453,30.799999237060547,0.0,36220000
2016-04-26,18.341466903686523,30.200000762939453,0.0,30.5,29.799999237060547,30.200000762939453,0.0,77175000
2016-04-27,18.402202606201172,30.299999237060547,0.0,30.700000762939453,30.200000762939453,30.5,0.0,61781000
2016-04-28,18.402202606201172,30.299999237060547,0.0,30.700000762939453,30.100000381469727,30.600000381469727,0.0,46545000
2016-04-29,18.462936401367188,30.399999618530273,0.0,30.5,30.100000381469727,30.399999618530273,0.0,25032000
2016-05-03,18.03780174255371,29.700000762939453,0.0,30.5,29.700000762939453,30.299999237060547,0.0,48022000
2016-05-04,17.79486656188965,29.299999237060547,0.0,29.399999618530273,29.0,29.399999618530273,0.0,56663000
2016-05-09,18.159265518188477,29.899999618530273,0.0,30.100000381469727,29.600000381469727,29.700000762939453,0.0,81288000
2016-05-10,17.855602264404297,29.399999618530273,0.0,29.799999237060547,29.100000381469727,29.299999237060547,0.0,56019000
2016-05-11,17.7341365814209,29.200000762939453,0.0,29.899999618530273,29.200000762939453,29.700000762939453,0.0,39194000
2016-05-12,18.523666381835938,30.5,0.0,30.5,29.200000762939453,29.399999618530273,0.0,60379000
2016-05-13,18.22000503540039,30.0,0.0,30.600000381469727,30.0,30.600000381469727,0.0,49311000
2016-05-16,18.64513397216797,30.700000762939453,0.0,31.0,30.5,30.600000381469727,0.0,42495000
2016-05-17,18.94880485534668,31.200000762939453,0.0,31.5,30.899999618530273,31.0,0.0,71027000
2016-05-18,18.888071060180664,31.100000381469727,0.0,31.600000381469727,31.0,31.5,0.0,54777000
2016-05-19,18.402202606201172,30.299999237060547,0.0,31.0,30.200000762939453,30.899999618530273,0.0,64349000
2016-05-23,18.159265518188477,29.899999618530273,0.0,30.200000762939453,29.600000381469727,30.0,0.0,58861000
2016-05-24,17.916336059570312,29.5,0.0,30.0,29.200000762939453,29.799999237060547,0.0,82205000
2016-05-25,18.22000503540039,30.0,0.0,30.299999237060547,29.899999618530273,30.100000381469727,0.0,50621000
2016-05-26,18.523666381835938,30.5,0.0,30.5,30.100000381469727,30.200000762939453,0.0,47602000
2016-05-27,18.64513397216797,30.700000762939453,0.0,30.899999618530273,30.299999237060547,30.299999237060547,0.0,45805000
2016-05-30,18.827333450317383,31.0,0.0,31.299999237060547,30.799999237060547,31.0,0.0,65620000
2016-05-31,18.280736923217773,30.100000381469727,0.0,31.200000762939453,30.100000381469727,31.100000381469727,0.0,104296000
2016-06-01,18.159265518188477,29.899999618530273,0.0,30.399999618530273,29.799999237060547,30.100000381469727,0.0,38817000
2016-06-02,18.523666381835938,30.5,0.0,30.700000762939453,30.0,30.100000381469727,0.0,57747000
2016-06-03,18.584400177001953,30.600000381469727,0.0,30.899999618530273,30.299999237060547,30.899999618530273,0.0,72826000
2016-06-06,18.705867767333984,30.799999237060547,0.0,30.899999618530273,30.5,30.799999237060547,0.0,38724000
2016-06-07,18.7666015625,30.899999618530273,0.0,31.100000381469727,30.799999237060547,30.899999618530273,0.0,59956000
2016-06-08,19.252470016479492,31.700000762939453,0.0,31.700000762939453,31.0,31.100000381469727,0.0,80730000
2016-06-09,19.37393569946289,31.899999618530273,0.0,32.5,31.899999618530273,32.0,0.0,104966000
2016-06-10,19.252470016479492,31.700000762939453,0.0,32.0,31.600000381469727,31.799999237060547,0.0,37433000
2016-06-13,19.19173240661621,31.600000381469727,0.0,31.600000381469727,30.899999618530273,31.100000381469727,0.0,54049000
2016-06-14,19.252470016479492,31.700000762939453,0.0,31.799999237060547,31.299999237060547,31.399999618530273,0.0,36829000
2016-06-15,19.37393569946289,31.899999618530273,0.0,32.0,31.299999237060547,31.600000381469727,0.0,48690000
2016-06-16,19.009532928466797,31.299999237060547,0.0,31.700000762939453,31.200000762939453,31.600000381469727,0.0,69109000
2016-06-17,19.252470016479492,31.700000762939453,0.0,31.700000762939453,31.100000381469727,31.399999618530273,0.0,41194000
2016-06-20,19.313199996948242,31.799999237060547,0.0,32.0,31.700000762939453,32.0,0.0,34970000
2016-06-21,19.37393569946289,31.899999618530273,0.0,31.899999618530273,31.700000762939453,31.700000762939453,0.0,34050000
2016-06-22,19.434667587280273,32.0,0.0,32.20000076293945,31.799999237060547,31.899999618530273,0.0,30714000
2016-06-23,19.67760467529297,32.400001525878906,0.0,32.5,31.700000762939453,32.0,0.0,49061000
2016-06-24,18.705867767333984,30.799999237060547,0.0,31.799999237060547,30.600000381469727,31.700000762939453,0.0,211690000
2016-06-27,18.7666015625,30.899999618530273,0.0,31.100000381469727,30.600000381469727,30.799999237060547,0.0,68334000
2016-06-28,18.94880485534668,31.200000762939453,0.0,31.200000762939453,30.799999237060547,31.0,0.0,50687000
2016-06-29,18.94880485534668,31.200000762939453,0.0,31.700000762939453,31.200000762939453,31.399999618530273,0.0,65685000
2016-06-30,19.009532928466797,31.299999237060547,0.0,31.600000381469727,31.100000381469727,31.399999618530273,0.0,44996000
2016-07-04,19.070268630981445,31.399999618530273,0.0,31.5,31.200000762939453,31.5,0.0,21745000
2016-07-05,18.94880485534668,31.200000762939453,0.0,31.399999618530273,31.100000381469727,31.399999618530273,0.0,27224000
2016-07-06,18.827333450317383,31.0,0.0,31.200000762939453,30.799999237060547,31.0,0.0,43849000
2016-07-07,19.070268630981445,31.399999618530273,0.0,31.600000381469727,31.299999237060547,31.299999237060547,0.0,45143000
2016-07-08,18.94880485534668,31.200000762939453,0.0,31.299999237060547,31.0,31.200000762939453,0.0,35489000
2016-07-11,18.7666015625,30.899999618530273,0.0,31.399999618530273,30.700000762939453,31.299999237060547,0.0,43606000
2016-07-12,19.009532928466797,31.299999237060547,0.0,31.299999237060547,30.799999237060547,31.100000381469727,0.0,48197000
2016-07-13,19.13100242614746,31.5,0.0,31.600000381469727,31.200000762939453,31.399999618530273,0.0,47728000
2016-07-14,19.67760467529297,32.400001525878906,0.0,32.400001525878906,31.299999237060547,31.5,0.0,75915000
2016-07-15,19.859804153442383,32.70000076293945,0.0,33.099998474121094,32.29999923706055,32.5,0.0,101971000
2016-07-20,20.46713638305664,33.70000076293945,0.0,33.70000076293945,32.79999923706055,33.0,0.0,78389000
2016-07-21,20.406400680541992,33.599998474121094,0.0,34.099998474121094,33.5,33.599998474121094,0.0,46017000
2016-07-22,20.77079963684082,34.20000076293945,0.0,34.20000076293945,33.29999923706055,33.29999923706055,0.0,48454000
2016-07-25,20.588600158691406,33.900001525878906,0.0,34.20000076293945,33.79999923706055,33.900001525878906,0.0,26807000
2016-07-26,19.981273651123047,32.900001525878906,0.0,33.900001525878906,32.79999923706055,33.79999923706055,0.0,92129000
2016-07-27,20.042003631591797,33.0,0.0,33.400001525878906,32.900001525878906,33.20000076293945,0.0,43536000
2016-07-28,20.284936904907227,33.400001525878906,0.0,33.5,32.5,32.79999923706055,0.0,55129000
2016-07-29,20.042003631591797,33.0,0.0,33.599998474121094,32.900001525878906,33.400001525878906,0.0,58452000
2016-08-01,19.859804153442383,32.70000076293945,0.0,33.5,32.70000076293945,33.20000076293945,0.0,51573000
2016-08-02,19.37393569946289,31.899999618530273,0.0,32.400001525878906,31.799999237060547,32.29999923706055,0.0,71025000
2016-08-03,19.495403289794922,32.099998474121094,0.0,32.29999923706055,31.700000762939453,32.0,0.0,44463000
2016-08-04,20.163469314575195,33.20000076293945,0.0,33.400001525878906,32.5,32.599998474121094,0.0,69369000
2016-08-05,20.345670700073242,33.5,0.0,33.70000076293945,33.29999923706055,33.5,0.0,44521000
2016-08-08,20.46713638305664,33.70000076293945,0.0,34.099998474121094,33.599998474121094,34.0,0.0,64479000
2016-08-09,20.527868270874023,33.79999923706055,0.0,34.20000076293945,33.79999923706055,33.79999923706055,0.0,46548000
2016-08-10,20.46713638305664,33.70000076293945,0.0,34.0,33.599998474121094,33.79999923706055,0.0,25719000
2016-08-11,20.527868270874023,33.79999923706055,0.0,33.79999923706055,33.5,33.599998474121094,0.0,35240000
2016-08-15,20.892271041870117,34.400001525878906,0.0,34.5,33.900001525878906,34.20000076293945,0.0,76926000
2016-08-16,20.892271041870117,34.400001525878906,0.0,34.79999923706055,34.29999923706055,34.5,0.0,46777000
2016-08-17,20.77079963684082,34.20000076293945,0.0,34.400001525878906,34.0,34.400001525878906,0.0,38405000
2016-08-18,21.074472427368164,34.70000076293945,0.0,34.70000076293945,34.29999923706055,34.400001525878906,0.0,27396000
2016-08-19,21.195932388305664,34.900001525878906,0.0,35.29999923706055,34.900001525878906,34.900001525878906,0.0,79523000
2016-08-22,21.256669998168945,35.0,0.0,35.400001525878906,34.70000076293945,34.70000076293945,0.0,33172000
2016-08-23,20.9530029296875,34.5,0.0,34.70000076293945,34.29999923706055,34.400001525878906,0.0,48953000
2016-08-24,21.074472427368164,34.70000076293945,0.0,34.79999923706055,34.5,34.599998474121094,0.0,29057000
2016-08-25,21.013734817504883,34.599998474121094,0.0,35.099998474121094,34.599998474121094,34.900001525878906,0.0,49909000
2016-08-26,21.317405700683594,35.099998474121094,0.0,35.099998474121094,34.70000076293945,34.70000076293945,0.0,41809000
2016-08-29,21.378135681152344,35.20000076293945,0.0,35.29999923706055,35.0,35.20000076293945,0.0,26635000
2016-08-30,21.499605178833008,35.400001525878906,0.0,35.70000076293945,35.29999923706055,35.29999923706055,0.0,45530000
2016-08-31,21.561384201049805,34.900001525878906,0.6,34.900001525878906,34.599998474121094,34.79999923706055,0.0,51712000
2016-09-01,21.31426429748535,34.5,0.0,34.900001525878906,34.5,34.79999923706055,0.0,45657000
2016-09-02,20.696455001831055,33.5,0.0,34.599998474121094,33.20000076293945,34.599998474121094,0.0,119559000
2016-09-05,20.572891235351562,33.29999923706055,0.0,33.900001525878906,32.5,33.79999923706055,0.0,108190000
2016-09-06,20.572891235351562,33.29999923706055,0.0,33.70000076293945,33.20000076293945,33.400001525878906,0.0,59354000
2016-09-07,20.572891235351562,33.29999923706055,0.0,33.70000076293945,33.099998474121094,33.5,0.0,59338000
2016-09-08,20.572891235351562,33.29999923706055,0.0,33.599998474121094,33.099998474121094,33.599998474121094,0.0,78727000
2016-09-09,20.078651428222656,32.5,0.0,33.5,32.29999923706055,33.5,0.0,116536000
2016-09-12,19.213726043701172,31.100000381469727,0.0,32.0,31.100000381469727,31.899999618530273,0.0,112082000
2016-09-13,19.95509147644043,32.29999923706055,0.0,32.599998474121094,31.399999618530273,31.600000381469727,0.0,111518000
2016-09-14,19.831531524658203,32.099998474121094,0.0,32.5,31.799999237060547,32.099998474121094,0.0,78259000
2016-09-15,19.707969665527344,31.899999618530273,0.0,32.20000076293945,31.799999237060547,31.899999618530273,0.0,48373000
2016-09-16,20.140430450439453,32.599998474121094,0.0,32.599998474121094,32.0,32.20000076293945,0.0,191017000
2016-09-19,20.325773239135742,32.900001525878906,0.0,33.0,32.5,32.70000076293945,0.0,29015000
2016-09-20,20.140430450439453,32.599998474121094,0.0,32.70000076293945,32.29999923706055,32.599998474121094,0.0,58922000
2016-09-21,20.572891235351562,33.29999923706055,0.0,33.29999923706055,32.79999923706055,32.900001525878906,0.0,44242000
2016-09-22,20.820018768310547,33.70000076293945,0.0,33.70000076293945,33.400001525878906,33.599998474121094,0.0,53800000
2016-09-23,20.572891235351562,33.29999923706055,0.0,33.79999923706055,33.099998474121094,33.70000076293945,0.0,59706000
2016-09-26,20.44933319091797,33.099998474121094,0.0,33.29999923706055,32.70000076293945,32.900001525878906,0.0,32562000
2016-09-27,20.44933319091797,33.099998474121094,0.0,33.400001525878906,33.0,33.20000076293945,0.0,37400000
2016-09-28,20.325773239135742,32.900001525878906,0.0,33.20000076293945,32.79999923706055,33.0,0.0,25251000
2016-09-29,21.12891387939453,34.20000076293945,0.0,34.29999923706055,33.70000076293945,33.79999923706055,0.0,122938000
2016-09-30,20.94358253479004,33.900001525878906,0.0,34.5,33.79999923706055,34.20000076293945,0.0,86237000
2016-10-03,21.437824249267578,34.70000076293945,0.0,34.70000076293945,34.20000076293945,34.29999923706055,0.0,50306000
2016-10-04,21.376041412353516,34.599998474121094,0.0,34.900001525878906,34.5,34.79999923706055,0.0,66064000
2016-10-05,21.437824249267578,34.70000076293945,0.0,34.900001525878906,34.599998474121094,34.900001525878906,0.0,36783000
2016-10-06,21.437824249267578,34.70000076293945,0.0,35.0,34.70000076293945,34.900001525878906,0.0,45853000
2016-10-07,21.31426429748535,34.5,0.0,35.0,34.5,34.900001525878906,0.0,36564000
2016-10-10,20.696455001831055,33.5,0.0,33.900001525878906,33.099998474121094,33.5,0.0,59446000
2016-10-11,20.820018768310547,33.70000076293945,0.0,34.400001525878906,33.20000076293945,34.0,0.0,82001000
2016-10-12,20.820018768310547,33.70000076293945,0.0,34.0,32.0,33.70000076293945,0.0,196124000
2016-10-13,20.881797790527344,33.79999923706055,0.0,33.79999923706055,32.5,33.400001525878906,0.0,147945000
2016-10-14,21.808504104614258,35.29999923706055,0.0,35.70000076293945,34.5,34.79999923706055,0.0,123975000
2016-10-17,21.746726989746094,35.20000076293945,0.0,35.5,34.79999923706055,35.400001525878906,0.0,60042000
2016-10-18,21.932069778442383,35.5,0.0,36.099998474121094,35.0,35.20000076293945,0.0,91061000
2016-10-19,21.87028694152832,35.400001525878906,0.0,36.099998474121094,35.29999923706055,35.400001525878906,0.0,69100000
2016-10-20,22.05562973022461,35.70000076293945,0.0,36.29999923706055,35.70000076293945,36.0,0.0,66088000
2016-10-21,21.746726989746094,35.20000076293945,0.0,35.70000076293945,35.099998474121094,35.599998474121094,0.0,60102000
2016-10-25,21.87028694152832,35.400001525878906,0.0,35.5,35.20000076293945,35.400001525878906,0.0,39662000
2016-10-26,21.437824249267578,34.70000076293945,0.0,35.29999923706055,34.70000076293945,35.29999923706055,0.0,32226000
2016-10-27,21.68494415283203,35.099998474121094,0.0,35.400001525878906,34.599998474121094,34.70000076293945,0.0,44266000
2016-10-28,21.561384201049805,34.900001525878906,0.0,35.099998474121094,34.70000076293945,35.0,0.0,39966000
2016-10-31,21.376041412353516,34.599998474121094,0.0,34.70000076293945,34.400001525878906,34.599998474121094,0.0,33599000
2016-11-01,21.376041412353516,34.599998474121094,0.0,34.79999923706055,34.29999923706055,34.599998474121094,0.0,35592000
2016-11-02,21.12891387939453,34.20000076293945,0.0,34.400001525878906,34.099998474121094,34.400001525878906,0.0,32028000
2016-11-03,21.00535774230957,34.0,0.0,34.599998474121094,34.0,34.0,0.0,42346000
2016-11-04,20.820018768310547,33.70000076293945,0.0,34.099998474121094,33.599998474121094,33.900001525878906,0.0,42114000
2016-11-07,21.376041412353516,34.599998474121094,0.0,34.599998474121094,33.79999923706055,34.099998474121094,0.0,26992000
2016-11-08,21.561384201049805,34.900001525878906,0.0,35.0,34.400001525878906,34.599998474121094,0.0,38205000
2016-11-09,21.31426429748535,34.5,0.0,34.599998474121094,33.79999923706055,34.400001525878906,0.0,83727000
2016-11-10,21.067136764526367,34.099998474121094,0.0,34.70000076293945,34.099998474121094,34.70000076293945,0.0,57591000
2016-11-11,20.696455001831055,33.5,0.0,34.0,33.5,33.900001525878906,0.0,52138000
2016-11-14,20.20221710205078,32.70000076293945,0.0,32.900001525878906,32.5,32.599998474121094,0.0,64731000
2016-11-15,20.820018768310547,33.70000076293945,0.0,33.79999923706055,32.70000076293945,32.900001525878906,0.0,48542000
2016-11-16,20.820018768310547,33.70000076293945,0.0,34.400001525878906,33.70000076293945,34.29999923706055,0.0,76063000
2016-11-17,21.00535774230957,34.0,0.0,34.0,33.5,33.900001525878906,0.0,26695000
2016-11-18,21.25248146057129,34.400001525878906,0.0,34.400001525878906,33.599998474121094,33.900001525878906,0.0,55313000
2016-11-21,21.067136764526367,34.099998474121094,0.0,34.70000076293945,34.099998474121094,34.5,0.0,49270000
2016-11-22,21.25248146057129,34.400001525878906,0.0,34.70000076293945,34.400001525878906,34.599998474121094,0.0,46651000
2016-11-23,21.623165130615234,35.0,0.0,35.0,34.5,34.599998474121094,0.0,55610000
2016-11-24,21.561384201049805,34.900001525878906,0.0,35.099998474121094,34.599998474121094,35.0,0.0,35083000
2016-11-25,21.499605178833008,34.79999923706055,0.0,35.099998474121094,34.599998474121094,35.0,0.0,30734000
2016-11-28,21.25248146057129,34.400001525878906,0.0,34.79999923706055,34.29999923706055,34.79999923706055,0.0,37788000
2016-11-29,21.12891387939453,34.20000076293945,0.0,34.79999923706055,34.20000076293945,34.70000076293945,0.0,40617000
2016-11-30,21.561384201049805,34.900001525878906,0.0,34.900001525878906,34.20000076293945,34.20000076293945,0.0,77901000
2016-12-01,22.48809051513672,36.400001525878906,0.0,36.5,35.400001525878906,35.5,0.0,159670000
2016-12-02,21.993846893310547,35.599998474121094,0.0,37.0,35.599998474121094,36.70000076293945,0.0,109641000
2016-12-06,22.673433303833008,36.70000076293945,0.0,36.70000076293945,35.400001525878906,36.0,0.0,63390000
2016-12-07,22.54987144470215,36.5,0.0,36.79999923706055,36.400001525878906,36.599998474121094,0.0,51880000
2016-12-08,22.364526748657227,36.20000076293945,0.0,36.599998474121094,36.20000076293945,36.599998474121094,0.0,46079000
2016-12-09,22.796993255615234,36.900001525878906,0.0,37.0,36.599998474121094,36.79999923706055,0.0,65290000
2016-12-13,22.735212326049805,36.79999923706055,0.0,37.29999923706055,36.79999923706055,37.099998474121094,0.0,85396000
2016-12-14,22.611648559570312,36.599998474121094,0.0,36.79999923706055,36.400001525878906,36.70000076293945,0.0,51709000
2016-12-15,22.364526748657227,36.20000076293945,0.0,36.5,36.0,36.20000076293945,0.0,58271000
2016-12-16,22.42630958557129,36.29999923706055,0.0,36.599998474121094,36.29999923706055,36.29999923706055,0.0,54103000
2016-12-19,22.54987144470215,36.5,0.0,36.599998474121094,36.400001525878906,36.599998474121094,0.0,32187000
2016-12-20,22.48809051513672,36.400001525878906,0.0,36.400001525878906,35.900001525878906,36.20000076293945,0.0,44475000
2016-12-21,22.42630958557129,36.29999923706055,0.0,36.599998474121094,36.29999923706055,36.400001525878906,0.0,20093000
2016-12-22,22.42630958557129,36.29999923706055,0.0,36.400001525878906,36.0,36.29999923706055,0.0,30709000
2016-12-23,22.54987144470215,36.5,0.0,36.70000076293945,36.29999923706055,36.29999923706055,0.0,28730000
2016-12-26,22.54987144470215,36.5,0.0,36.79999923706055,36.29999923706055,36.599998474121094,0.0,15572000
2016-12-27,22.54987144470215,36.5,0.0,36.599998474121094,36.400001525878906,36.5,0.0,15425000
2016-12-28,22.796993255615234,36.900001525878906,0.0,36.900001525878906,36.400001525878906,36.5,0.0,33264000
2016-12-29,23.167675018310547,37.5,0.0,37.70000076293945,36.70000076293945,36.70000076293945,0.0,57663000
2016-12-30,22.98233413696289,37.20000076293945,0.0,37.70000076293945,37.20000076293945,37.400001525878906,0.0,44540000
2017-01-04,23.476573944091797,38.0,0.0,38.099998474121094,37.29999923706055,37.400001525878906,0.0,75879000
2017-01-05,23.909046173095703,38.70000076293945,0.0,38.79999923706055,38.20000076293945,38.20000076293945,0.0,75282000
2017-01-06,24.032604217529297,38.900001525878906,0.0,38.900001525878906,38.5,38.70000076293945,0.0,45129000
2017-01-09,23.66192054748535,38.29999923706055,0.0,39.0,38.20000076293945,38.900001525878906,0.0,40455000
2017-01-10,23.970823287963867,38.79999923706055,0.0,38.900001525878906,38.20000076293945,38.29999923706055,0.0,43224000
2017-01-11,23.78548240661621,38.5,0.0,38.900001525878906,38.5,38.5,0.0,38177000
2017-01-12,23.66192054748535,38.29999923706055,0.0,38.900001525878906,38.29999923706055,38.900001525878906,0.0,35313000
2017-01-16,24.032604217529297,38.900001525878906,0.0,39.099998474121094,38.5,38.599998474121094,0.0,42809000
2017-01-17,23.909046173095703,38.70000076293945,0.0,39.0,38.599998474121094,38.79999923706055,0.0,32141000
2017-01-18,23.78548240661621,38.5,0.0,38.79999923706055,38.5,38.70000076293945,0.0,23665000
2017-01-19,23.78548240661621,38.5,0.0,38.599998474121094,38.29999923706055,38.5,0.0,32121000
2017-01-20,23.84726333618164,38.599998474121094,0.0,38.79999923706055,38.5,38.70000076293945,0.0,33027000
2017-01-23,24.032604217529297,38.900001525878906,0.0,38.900001525878906,38.5,38.70000076293945,0.0,24963000
2017-01-24,25.20642852783203,40.79999923706055,0.0,40.79999923706055,38.900001525878906,38.900001525878906,0.0,128983000
2017-01-25,25.329994201660156,41.0,0.0,41.20000076293945,40.20000076293945,40.79999923706055,0.0,74923000
2017-01-26,25.947792053222656,42.0,0.0,43.0,41.400001525878906,42.0,0.0,121160000
2017-01-27,25.824234008789062,41.79999923706055,0.0,42.20000076293945,41.400001525878906,42.0,0.0,43895000
2017-01-30,25.824234008789062,41.79999923706055,0.0,42.0,41.400001525878906,41.599998474121094,0.0,28986000
2017-01-31,24.959306716918945,40.400001525878906,0.0,41.599998474121094,40.400001525878906,41.599998474121094,0.0,70486000
2017-02-01,24.959306716918945,40.400001525878906,0.0,41.0,40.0,40.400001525878906,0.0,80764000
2017-02-02,24.959306716918945,40.400001525878906,0.0,40.599998474121094,40.20000076293945,40.20000076293945,0.0,45951000
2017-02-03,25.329994201660156,41.0,0.0,41.599998474121094,40.20000076293945,40.400001525878906,0.0,69129000
2017-02-06,25.70067024230957,41.599998474121094,0.0,41.79999923706055,40.599998474121094,41.0,0.0,62098000
2017-02-07,25.329994201660156,41.0,0.0,41.400001525878906,40.79999923706055,41.20000076293945,0.0,43756000
2017-02-08,25.20642852783203,40.79999923706055,0.0,41.20000076293945,40.599998474121094,41.0,0.0,43053000
2017-02-09,24.341501235961914,39.400001525878906,0.0,41.20000076293945,39.400001525878906,41.0,0.0,128031000
2017-02-10,24.46506118774414,39.599998474121094,0.0,39.79999923706055,39.29999923706055,39.79999923706055,0.0,132435000
2017-02-14,23.84726333618164,38.599998474121094,0.0,39.400001525878906,38.599998474121094,39.400001525878906,0.0,133047000
2017-02-15,24.52684783935547,39.70000076293945,0.0,39.70000076293945,38.599998474121094,38.70000076293945,0.0,106851000
2017-02-16,24.341501235961914,39.400001525878906,0.0,39.79999923706055,39.099998474121094,39.70000076293945,0.0,56206000
2017-02-17,24.46506118774414,39.599998474121094,0.0,39.900001525878906,39.5,39.5,0.0,58265000
2017-02-20,24.52684783935547,39.70000076293945,0.0,39.79999923706055,39.5,39.70000076293945,0.0,21270000
2017-02-21,24.52684783935547,39.70000076293945,0.0,40.20000076293945,39.599998474121094,39.79999923706055,0.0,55256000
2017-02-22,24.835742950439453,40.20000076293945,0.0,40.20000076293945,39.70000076293945,39.900001525878906,0.0,56561000
2017-02-23,24.5886287689209,39.79999923706055,0.0,40.0,39.599998474121094,40.0,0.0,38878000
2017-02-24,24.650415420532227,39.900001525878906,0.0,40.0,39.599998474121094,39.70000076293945,0.0,30676000
2017-02-27,24.712188720703125,40.0,0.0,40.0,39.70000076293945,39.70000076293945,0.0,24447000
2017-02-28,24.52684783935547,39.70000076293945,0.0,40.0,39.70000076293945,40.0,0.0,30061000
2017-03-01,24.650415420532227,39.900001525878906,0.0,39.900001525878906,39.400001525878906,39.79999923706055,0.0,47124000
2017-03-02,24.650415420532227,39.900001525878906,0.0,40.20000076293945,39.70000076293945,39.900001525878906,0.0,40710000
2017-03-03,24.46506118774414,39.599998474121094,0.0,39.70000076293945,39.5,39.5,0.0,35614000
2017-03-06,23.970823287963867,38.79999923706055,0.0,39.599998474121094,38.70000076293945,39.5,0.0,85752000
2017-03-07,24.032604217529297,38.900001525878906,0.0,39.099998474121094,38.79999923706055,38.79999923706055,0.0,47171000
2017-03-08,24.341501235961914,39.400001525878906,0.0,39.400001525878906,38.79999923706055,38.900001525878906,0.0,60501000
2017-03-09,24.094385147094727,39.0,0.0,39.20000076293945,38.79999923706055,39.099998474121094,0.0,49430000
2017-03-10,24.094385147094727,39.0,0.0,39.099998474121094,38.70000076293945,39.0,0.0,37112000
2017-03-13,24.341501235961914,39.400001525878906,0.0,39.400001525878906,38.79999923706055,39.0,0.0,40327000
2017-03-14,24.52684783935547,39.70000076293945,0.0,39.79999923706055,39.099998474121094,39.400001525878906,0.0,84833000
2017-03-15,24.403284072875977,39.5,0.0,39.79999923706055,39.5,39.70000076293945,0.0,42234000
2017-03-16,24.52684783935547,39.70000076293945,0.0,40.0,39.5,40.0,0.0,67448000
2017-03-17,24.46506118774414,39.599998474121094,0.0,39.900001525878906,39.599998474121094,39.79999923706055,0.0,53444000
2017-03-20,24.835742950439453,40.20000076293945,0.0,40.400001525878906,39.900001525878906,40.0,0.0,60715000
2017-03-21,25.082874298095703,40.599998474121094,0.0,40.79999923706055,40.20000076293945,40.400001525878906,0.0,40390000
2017-03-22,25.082874298095703,40.599998474121094,0.0,40.79999923706055,40.20000076293945,40.400001525878906,0.0,35429000
2017-03-23,24.835742950439453,40.20000076293945,0.0,40.79999923706055,40.20000076293945,40.79999923706055,0.0,33499000
2017-03-24,25.20642852783203,40.79999923706055,0.0,40.79999923706055,40.20000076293945,40.400001525878906,0.0,28918000
2017-03-27,24.959306716918945,40.400001525878906,0.0,40.79999923706055,40.20000076293945,40.79999923706055,0.0,71246000
2017-03-28,24.959306716918945,40.400001525878906,0.0,40.599998474121094,40.20000076293945,40.400001525878906,0.0,57818000
2017-03-29,25.02265739440918,39.5,1.0,39.70000076293945,39.400001525878906,39.599998474121094,0.0,31458000
2017-03-30,25.02265739440918,39.5,0.0,39.79999923706055,39.400001525878906,39.5,0.0,76110000
2017-03-31,24.5158748626709,38.70000076293945,0.0,39.79999923706055,38.70000076293945,39.70000076293945,0.0,103687000
2017-04-03,24.83261489868164,39.20000076293945,0.0,39.400001525878906,38.900001525878906,39.0,0.0,38942000
2017-04-04,24.83261489868164,39.20000076293945,0.0,39.400001525878906,39.0,39.099998474121094,0.0,55023000
2017-04-05,24.705917358398438,39.0,0.0,39.29999923706055,38.900001525878906,39.29999923706055,0.0,53016000
2017-04-07,24.83261489868164,39.20000076293945,0.0,39.29999923706055,38.900001525878906,39.099998474121094,0.0,46657000
2017-04-10,25.02265739440918,39.5,0.0,39.5,39.20000076293945,39.29999923706055,0.0,35646000
2017-04-11,24.959306716918945,39.400001525878906,0.0,39.599998474121094,39.29999923706055,39.599998474121094,0.0,32476000
2017-04-12,25.149356842041016,39.70000076293945,0.0,39.70000076293945,39.400001525878906,39.5,0.0,42293000
2017-04-17,24.895957946777344,39.29999923706055,0.0,39.599998474121094,39.29999923706055,39.5,0.0,27718000
2017-04-18,24.83261489868164,39.20000076293945,0.0,39.5,39.20000076293945,39.400001525878906,0.0,29205000
2017-04-19,24.895957946777344,39.29999923706055,0.0,39.5,39.20000076293945,39.20000076293945,0.0,26153000
2017-04-20,24.83261489868164,39.20000076293945,0.0,39.5,39.099998474121094,39.400001525878906,0.0,30203000
2017-04-21,24.705917358398438,39.0,0.0,39.400001525878906,39.0,39.29999923706055,0.0,30323000
2017-04-24,24.642568588256836,38.900001525878906,0.0,39.29999923706055,38.900001525878906,39.29999923706055,0.0,29944000
2017-04-25,24.705917358398438,39.0,0.0,39.099998474121094,38.79999923706055,38.900001525878906,0.0,31018000
2017-04-26,24.579219818115234,38.79999923706055,0.0,39.20000076293945,38.599998474121094,39.099998474121094,0.0,48800000
2017-04-27,24.579219818115234,38.79999923706055,0.0,39.099998474121094,38.599998474121094,38.70000076293945,0.0,21043000
2017-04-28,24.642568588256836,38.900001525878906,0.0,39.20000076293945,38.900001525878906,39.099998474121094,0.0,24511000
2017-05-02,24.642568588256836,38.900001525878906,0.0,39.099998474121094,38.79999923706055,38.79999923706055,0.0,34586000
2017-05-03,24.642568588256836,38.900001525878906,0.0,39.099998474121094,38.79999923706055,38.79999923706055,0.0,25868000
2017-05-04,24.705917358398438,39.0,0.0,39.099998474121094,38.900001525878906,39.0,0.0,27784000
2017-05-08,24.642568588256836,38.900001525878906,0.0,39.0,38.70000076293945,39.0,0.0,34961000
2017-05-09,24.5158748626709,38.70000076293945,0.0,39.0,38.70000076293945,39.0,0.0,23221000
2017-05-11,24.452524185180664,38.599998474121094,0.0,39.0,38.599998474121094,38.900001525878906,0.0,39760000
2017-05-12,24.135774612426758,38.099998474121094,0.0,38.900001525878906,37.900001525878906,38.79999923706055,0.0,101677000
2017-05-15,24.452524185180664,38.599998474121094,0.0,38.599998474121094,38.599998474121094,38.599998474121094,0.0,2347000
2017-05-16,24.895957946777344,39.29999923706055,0.0,39.400001525878906,38.79999923706055,39.0,0.0,91450000
2017-05-17,24.642568588256836,38.900001525878906,0.0,39.5,38.900001525878906,39.20000076293945,0.0,30017000
2017-05-18,24.83261489868164,39.20000076293945,0.0,39.29999923706055,39.0,39.20000076293945,0.0,26467000
2017-05-19,24.895957946777344,39.29999923706055,0.0,39.400001525878906,39.099998474121094,39.20000076293945,0.0,27021000
2017-05-22,24.895957946777344,39.29999923706055,0.0,39.5,39.099998474121094,39.400001525878906,0.0,35929000
2017-05-23,24.895957946777344,39.29999923706055,0.0,39.5,39.20000076293945,39.400001525878906,0.0,40191000
2017-05-24,25.02265739440918,39.5,0.0,39.599998474121094,39.29999923706055,39.29999923706055,0.0,39768000
2017-05-25,24.959306716918945,39.400001525878906,0.0,39.599998474121094,39.29999923706055,39.599998474121094,0.0,27641000
2017-05-26,24.895957946777344,39.29999923706055,0.0,39.400001525878906,39.099998474121094,39.20000076293945,0.0,30386000
2017-05-29,24.959306716918945,39.400001525878906,0.0,39.400001525878906,39.20000076293945,39.29999923706055,0.0,14873000
2017-05-30,24.83261489868164,39.20000076293945,0.0,39.5,39.099998474121094,39.400001525878906,0.0,13446000
2017-05-31,24.895957946777344,39.29999923706055,0.0,39.400001525878906,39.099998474121094,39.29999923706055,0.0,66392000
2017-06-01,24.705917358398438,39.0,0.0,39.29999923706055,38.79999923706055,39.20000076293945,0.0,32902000
2017-06-02,24.769269943237305,39.099998474121094,0.0,39.099998474121094,38.900001525878906,39.0,0.0,22348000
2017-06-05,24.26247787475586,38.29999923706055,0.0,39.29999923706055,38.20000076293945,39.20000076293945,0.0,88069000
2017-06-06,24.389175415039062,38.5,0.0,38.599998474121094,38.20000076293945,38.5,0.0,53708000
2017-06-07,24.389175415039062,38.5,0.0,38.900001525878906,38.5,38.599998474121094,0.0,44418000
2017-06-08,24.199125289916992,38.20000076293945,0.0,38.5,38.099998474121094,38.400001525878906,0.0,52907000
2017-06-09,24.26247787475586,38.29999923706055,0.0,38.29999923706055,38.0,38.29999923706055,0.0,48017000
2017-06-12,24.135774612426758,38.099998474121094,0.0,38.400001525878906,38.0,38.400001525878906,0.0,22450000
2017-06-13,24.389175415039062,38.5,0.0,38.599998474121094,37.900001525878906,38.20000076293945,0.0,64574000
2017-06-14,24.325824737548828,38.400001525878906,0.0,38.599998474121094,38.29999923706055,38.5,0.0,26723000
2017-06-15,24.072425842285156,38.0,0.0,38.400001525878906,37.900001525878906,38.29999923706055,0.0,52396000
2017-06-16,24.009082794189453,37.900001525878906,0.0,38.20000076293945,37.70000076293945,38.0,0.0,40507000
2017-06-19,24.072425842285156,38.0,0.0,38.20000076293945,38.0,38.0,0.0,16749000
2017-06-20,24.325824737548828,38.400001525878906,0.0,38.400001525878906,38.0,38.099998474121094,0.0,24501000
2017-06-21,23.882387161254883,37.70000076293945,0.0,38.20000076293945,37.70000076293945,38.20000076293945,0.0,80741000
2017-06-22,23.945735931396484,37.79999923706055,0.0,38.0,37.599998474121094,37.70000076293945,0.0,37459000
2017-06-23,24.072425842285156,38.0,0.0,38.099998474121094,37.79999923706055,37.79999923706055,0.0,24888000
2017-06-26,24.009082794189453,37.900001525878906,0.0,38.20000076293945,37.900001525878906,38.0,0.0,19854000
2017-06-27,24.072425842285156,38.0,0.0,38.099998474121094,37.900001525878906,38.0,0.0,19561000
2017-06-28,23.882387161254883,37.70000076293945,0.0,38.099998474121094,37.70000076293945,38.0,0.0,47308000
2017-06-29,23.755687713623047,37.5,0.0,37.900001525878906,37.5,37.79999923706055,0.0,76289000
2017-06-30,23.438945770263672,37.0,0.0,37.5,37.0,37.5,0.0,103831000
2017-07-03,23.628992080688477,37.29999923706055,0.0,37.400001525878906,37.099998474121094,37.20000076293945,0.0,33027000
2017-07-04,23.692338943481445,37.400001525878906,0.0,37.70000076293945,37.400001525878906,37.5,0.0,29610000
2017-07-05,23.628992080688477,37.29999923706055,0.0,37.5,37.20000076293945,37.400001525878906,0.0,26015000
2017-07-06,23.37559700012207,36.900001525878906,0.0,37.20000076293945,36.5,37.20000076293945,0.0,112079000
2017-07-07,23.692338943481445,37.400001525878906,0.0,37.400001525878906,36.70000076293945,36.70000076293945,0.0,44647000
2017-07-11,23.628992080688477,37.29999923706055,0.0,37.400001525878906,37.099998474121094,37.400001525878906,0.0,34718000
2017-07-12,23.565643310546875,37.20000076293945,0.0,37.5,37.20000076293945,37.400001525878906,0.0,34383000
2017-07-13,23.81903839111328,37.599998474121094,0.0,37.70000076293945,37.29999923706055,37.29999923706055,0.0,46734000
2017-07-14,23.692338943481445,37.400001525878906,0.0,37.70000076293945,37.29999923706055,37.599998474121094,0.0,32488000
2017-07-17,23.81903839111328,37.599998474121094,0.0,37.70000076293945,37.400001525878906,37.599998474121094,0.0,20325000
2017-07-18,24.072425842285156,38.0,0.0,38.0,37.5,37.599998474121094,0.0,31945000
2017-07-19,24.072425842285156,38.0,0.0,38.099998474121094,37.900001525878906,38.0,0.0,17774000
2017-07-20,23.945735931396484,37.79999923706055,0.0,38.20000076293945,37.79999923706055,38.20000076293945,0.0,22367000
2017-07-21,23.945735931396484,37.79999923706055,0.0,38.0,37.79999923706055,37.79999923706055,0.0,12618000
2017-07-24,23.945735931396484,37.79999923706055,0.0,37.900001525878906,37.599998474121094,37.79999923706055,0.0,19704000
2017-07-25,24.389175415039062,38.5,0.0,38.5,37.70000076293945,37.900001525878906,0.0,62237000
2017-07-26,24.579219818115234,38.79999923706055,0.0,39.0,38.599998474121094,38.599998474121094,0.0,76631000
2017-07-27,24.579219818115234,38.79999923706055,0.0,38.900001525878906,38.70000076293945,38.900001525878906,0.0,26683000
2017-07-31,24.579219818115234,38.79999923706055,0.0,39.0,38.5,39.0,0.0,99014000
2017-08-01,24.452524185180664,38.599998474121094,0.0,38.79999923706055,38.5,38.70000076293945,0.0,33341000
2017-08-02,24.135774612426758,38.099998474121094,0.0,38.599998474121094,38.099998474121094,38.5,0.0,58428000
2017-08-03,24.072425842285156,38.0,0.0,38.400001525878906,38.0,38.099998474121094,0.0,46016000
2017-08-04,24.135774612426758,38.099998474121094,0.0,38.29999923706055,37.900001525878906,38.0,0.0,27719000
2017-08-07,24.199125289916992,38.20000076293945,0.0,38.29999923706055,38.099998474121094,38.099998474121094,0.0,15638000
2017-08-08,24.199125289916992,38.20000076293945,0.0,38.400001525878906,38.099998474121094,38.29999923706055,0.0,23598000
2017-08-09,24.325824737548828,38.400001525878906,0.0,38.400001525878906,38.099998474121094,38.20000076293945,0.0,20249000
2017-08-10,24.199125289916992,38.20000076293945,0.0,38.5,38.20000076293945,38.400001525878906,0.0,24355000
2017-08-11,24.135774612426758,38.099998474121094,0.0,38.29999923706055,38.0,38.099998474121094,0.0,37503000
2017-08-15,24.325824737548828,38.400001525878906,0.0,38.5,38.20000076293945,38.400001525878906,0.0,26372000
2017-08-16,24.325824737548828,38.400001525878906,0.0,38.5,38.29999923706055,38.29999923706055,0.0,18087000
2017-08-17,24.389175415039062,38.5,0.0,38.599998474121094,38.29999923706055,38.5,0.0,22242000
2017-08-18,24.642568588256836,38.900001525878906,0.0,39.0,38.400001525878906,38.5,0.0,43101000
2017-08-21,24.895957946777344,39.29999923706055,0.0,39.5,39.0,39.0,0.0,49173000
2017-08-22,24.83261489868164,39.20000076293945,0.0,39.29999923706055,39.099998474121094,39.29999923706055,0.0,26078000
2017-08-23,24.959306716918945,39.400001525878906,0.0,39.400001525878906,39.20000076293945,39.29999923706055,0.0,20586000
2017-08-24,24.895957946777344,39.29999923706055,0.0,39.5,39.20000076293945,39.400001525878906,0.0,32167000
2017-08-25,24.959306716918945,39.400001525878906,0.0,39.5,39.099998474121094,39.29999923706055,0.0,38937000
2017-08-28,24.959306716918945,39.400001525878906,0.0,39.400001525878906,39.400001525878906,39.400001525878906,0.0,5629000
2017-08-29,25.339401245117188,40.0,0.0,40.79999923706055,39.29999923706055,39.400001525878906,0.0,199823000
2017-08-30,25.466093063354492,40.20000076293945,0.0,40.79999923706055,40.0,40.400001525878906,0.0,96940000
2017-08-31,25.78927230834961,39.900001525878906,0.8,40.20000076293945,39.400001525878906,39.5,0.0,86320000
2017-09-01,25.85390281677246,40.0,0.0,40.20000076293945,39.79999923706055,40.20000076293945,0.0,49800000
2017-09-04,25.78927230834961,39.900001525878906,0.0,40.20000076293945,39.79999923706055,39.79999923706055,0.0,34769000
2017-09-05,25.85390281677246,40.0,0.0,40.20000076293945,39.79999923706055,40.0,0.0,33978000
2017-09-06,25.72463607788086,39.79999923706055,0.0,40.20000076293945,39.79999923706055,40.20000076293945,0.0,49190000
2017-09-07,26.241716384887695,40.599998474121094,0.0,40.79999923706055,40.0,40.0,0.0,72311000
2017-09-08,26.241716384887695,40.599998474121094,0.0,40.79999923706055,40.400001525878906,40.599998474121094,0.0,75716000
2017-09-11,26.112445831298828,40.400001525878906,0.0,40.599998474121094,40.20000076293945,40.599998474121094,0.0,46902000
2017-09-12,26.241716384887695,40.599998474121094,0.0,41.0,40.400001525878906,40.599998474121094,0.0,78435000
2017-09-13,26.112445831298828,40.400001525878906,0.0,40.79999923706055,40.400001525878906,40.79999923706055,0.0,50220000
2017-09-14,26.50025177001953,41.0,0.0,41.400001525878906,40.400001525878906,40.599998474121094,0.0,104967000
2017-09-15,26.629520416259766,41.20000076293945,0.0,41.400001525878906,40.79999923706055,41.0,0.0,71128000
2017-09-18,26.888063430786133,41.599998474121094,0.0,42.20000076293945,41.400001525878906,41.400001525878906,0.0,97165000
2017-09-19,27.14659881591797,42.0,0.0,42.20000076293945,41.400001525878906,41.79999923706055,0.0,61043000
2017-09-20,26.888063430786133,41.599998474121094,0.0,42.0,41.599998474121094,42.0,0.0,27694000
2017-09-21,26.758798599243164,41.400001525878906,0.0,42.0,41.400001525878906,41.79999923706055,0.0,45799000
2017-09-22,26.241716384887695,40.599998474121094,0.0,41.599998474121094,40.599998474121094,41.400001525878906,0.0,75798000
2017-09-25,26.629520416259766,41.20000076293945,0.0,41.20000076293945,40.400001525878906,40.79999923706055,0.0,23149000
2017-09-26,27.017333984375,41.79999923706055,0.0,42.0,41.400001525878906,41.599998474121094,0.0,52447000
2017-09-27,27.017333984375,41.79999923706055,0.0,42.0,41.20000076293945,41.79999923706055,0.0,46064000
2017-09-28,26.758798599243164,41.400001525878906,0.0,41.79999923706055,41.20000076293945,41.79999923706055,0.0,42127000
2017-09-29,26.370988845825195,40.79999923706055,0.0,41.20000076293945,40.79999923706055,41.20000076293945,0.0,55952000
2017-10-02,27.017333984375,41.79999923706055,0.0,42.0,40.79999923706055,40.79999923706055,0.0,76069000
2017-10-03,27.27587127685547,42.20000076293945,0.0,42.20000076293945,41.599998474121094,42.0,0.0,64154000
2017-10-04,27.405141830444336,42.400001525878906,0.0,42.79999923706055,42.0,42.20000076293945,0.0,77317000
2017-10-05,27.017333984375,41.79999923706055,0.0,42.400001525878906,41.79999923706055,42.20000076293945,0.0,36932000
2017-10-06,27.14659881591797,42.0,0.0,42.20000076293945,41.79999923706055,42.0,0.0,37248000
2017-10-09,27.017333984375,41.79999923706055,0.0,42.400001525878906,41.79999923706055,42.0,0.0,25586000
2017-10-10,27.66368293762207,42.79999923706055,0.0,43.0,41.79999923706055,42.0,0.0,77577000
2017-10-11,27.792945861816406,43.0,0.0,43.599998474121094,42.599998474121094,43.400001525878906,0.0,70610000
2017-10-12,27.405141830444336,42.400001525878906,0.0,43.400001525878906,42.20000076293945,43.20000076293945,0.0,81823000
2017-10-16,27.66368293762207,42.79999923706055,0.0,43.0,42.599998474121094,43.0,0.0,47780000
2017-10-17,27.792945861816406,43.0,0.0,43.0,42.400001525878906,42.599998474121094,0.0,44418000
2017-10-18,27.27587127685547,42.20000076293945,0.0,42.79999923706055,42.0,42.79999923706055,0.0,66002000
2017-10-19,26.888063430786133,41.599998474121094,0.0,42.400001525878906,41.400001525878906,42.20000076293945,0.0,81675000
2017-10-20,26.50025177001953,41.0,0.0,41.599998474121094,40.599998474121094,41.599998474121094,0.0,113327000
2017-10-24,26.50025177001953,41.0,0.0,41.400001525878906,41.0,41.0,0.0,34294000
2017-10-25,26.50025177001953,41.0,0.0,41.599998474121094,41.0,41.20000076293945,0.0,51057000
2017-10-27,26.888063430786133,41.599998474121094,0.0,42.0,41.20000076293945,41.20000076293945,0.0,47465000
2017-10-30,27.14659881591797,42.0,0.0,42.400001525878906,41.599998474121094,42.0,0.0,86355000
2017-10-31,27.14659881591797,42.0,0.0,42.400001525878906,42.0,42.0,0.0,28636000
2017-11-01,27.14659881591797,42.0,0.0,42.400001525878906,41.79999923706055,42.400001525878906,0.0,45474000
2017-11-02,26.888063430786133,41.599998474121094,0.0,42.20000076293945,41.20000076293945,41.79999923706055,0.0,51148000
2017-11-03,26.888063430786133,41.599998474121094,0.0,41.79999923706055,41.20000076293945,41.79999923706055,0.0,36638000
2017-11-06,27.27587127685547,42.20000076293945,0.0,42.20000076293945,41.400001525878906,41.79999923706055,0.0,42919000
2017-11-07,27.405141830444336,42.400001525878906,0.0,42.79999923706055,42.400001525878906,42.400001525878906,0.0,66284000
2017-11-08,27.14659881591797,42.0,0.0,42.599998474121094,42.0,42.400001525878906,0.0,37231000
2017-11-09,26.888063430786133,41.599998474121094,0.0,42.20000076293945,41.599998474121094,41.79999923706055,0.0,47493000
2017-11-10,26.758798599243164,41.400001525878906,0.0,41.79999923706055,41.400001525878906,41.599998474121094,0.0,39600000
2017-11-13,26.758798599243164,41.400001525878906,0.0,41.599998474121094,41.20000076293945,41.400001525878906,0.0,33346000
2017-11-14,27.017333984375,41.79999923706055,0.0,42.0,41.20000076293945,41.20000076293945,0.0,59775000
2017-11-15,26.629520416259766,41.20000076293945,0.0,41.599998474121094,40.79999923706055,41.599998474121094,0.0,73862000
2017-11-16,26.50025177001953,41.0,0.0,41.400001525878906,41.0,41.20000076293945,0.0,38859000
2017-11-17,27.017333984375,41.79999923706055,0.0,41.79999923706055,41.0,41.20000076293945,0.0,55735000
2017-11-20,26.888063430786133,41.599998474121094,0.0,42.0,41.20000076293945,42.0,0.0,30240000
2017-11-21,26.758798599243164,41.400001525878906,0.0,41.400001525878906,41.400001525878906,41.400001525878906,0.0,39749000
2017-11-22,26.758798599243164,41.400001525878906,0.0,41.79999923706055,41.400001525878906,41.400001525878906,0.0,30347000
2017-11-23,26.629520416259766,41.20000076293945,0.0,41.79999923706055,41.20000076293945,41.599998474121094,0.0,44993000
2017-11-24,26.758798599243164,41.400001525878906,0.0,41.400001525878906,41.0,41.20000076293945,0.0,43300000
2017-11-27,26.888063430786133,41.599998474121094,0.0,41.599998474121094,41.20000076293945,41.20000076293945,0.0,23443000
2017-11-28,26.758798599243164,41.400001525878906,0.0,41.400001525878906,41.20000076293945,41.400001525878906,0.0,30440000
2017-11-29,26.629520416259766,41.20000076293945,0.0,41.599998474121094,41.0,41.20000076293945,0.0,32796000
2017-11-30,26.629520416259766,41.20000076293945,0.0,41.400001525878906,41.0,41.20000076293945,0.0,41112000
2017-12-01,27.14659881591797,42.0,0.0,42.20000076293945,41.20000076293945,41.599998474121094,0.0,60773000
2017-12-04,27.14659881591797,42.0,0.0,42.20000076293945,41.79999923706055,42.20000076293945,0.0,25998000
2017-12-06,27.27587127685547,42.20000076293945,0.0,42.20000076293945,41.79999923706055,42.0,0.0,61696000
2017-12-07,27.14659881591797,42.0,0.0,42.20000076293945,41.79999923706055,42.20000076293945,0.0,38396000
2017-12-08,27.27587127685547,42.20000076293945,0.0,42.20000076293945,41.599998474121094,41.79999923706055,0.0,47730000
2017-12-12,27.66368293762207,42.79999923706055,0.0,42.79999923706055,42.20000076293945,42.400001525878906,0.0,77993000
2017-12-13,27.534408569335938,42.599998474121094,0.0,43.0,42.599998474121094,42.79999923706055,0.0,61753000
2017-12-14,27.792945861816406,43.0,0.0,43.0,42.599998474121094,42.79999923706055,0.0,36901000
2017-12-15,27.92221450805664,43.20000076293945,0.0,43.20000076293945,42.599998474121094,42.79999923706055,0.0,70332000
2017-12-18,28.180755615234375,43.599998474121094,0.0,43.599998474121094,43.0,43.20000076293945,0.0,62442000
2017-12-19,28.31002426147461,43.79999923706055,0.0,43.79999923706055,43.599998474121094,43.599998474121094,0.0,36153000
2017-12-20,28.439294815063477,44.0,0.0,44.0,43.599998474121094,43.79999923706055,0.0,32203000
2017-12-21,28.31002426147461,43.79999923706055,0.0,44.0,43.599998474121094,44.0,0.0,40940000
2017-12-22,28.827102661132812,44.599998474121094,0.0,44.599998474121094,43.79999923706055,44.0,0.0,58815000
2017-12-25,28.956378936767578,44.79999923706055,0.0,45.20000076293945,44.599998474121094,44.79999923706055,0.0,43682000
2017-12-26,28.439294815063477,44.0,0.0,44.79999923706055,43.79999923706055,44.599998474121094,0.0,68052000
2017-12-27,28.439294815063477,44.0,0.0,44.79999923706055,44.0,44.400001525878906,0.0,59254000
2017-12-28,28.31002426147461,43.79999923706055,0.0,44.20000076293945,43.79999923706055,44.0,0.0,45493000
2017-12-29,28.439294815063477,44.0,0.0,44.20000076293945,43.599998474121094,44.20000076293945,0.0,34749000
2018-01-03,29.085643768310547,45.0,0.0,45.0,44.0,44.20000076293945,0.0,81239000
2018-01-04,30.50760841369629,47.20000076293945,0.0,47.20000076293945,45.0,45.20000076293945,0.0,124259000
2018-01-05,30.249069213867188,46.79999923706055,0.0,47.400001525878906,46.400001525878906,47.20000076293945,0.0,87860000
2018-01-08,30.119802474975586,46.599998474121094,0.0,47.20000076293945,46.599998474121094,46.79999923706055,0.0,63976000
2018-01-09,30.119802474975586,46.599998474121094,0.0,46.599998474121094,46.599998474121094,46.599998474121094,0.0,5658000
2018-01-10,30.378339767456055,47.0,0.0,47.79999923706055,47.0,47.0,0.0,125555000
2018-01-11,30.50760841369629,47.20000076293945,0.0,47.20000076293945,46.20000076293945,46.79999923706055,0.0,72251000
2018-01-12,30.378339767456055,47.0,0.0,47.599998474121094,46.79999923706055,47.400001525878906,0.0,56663000
2018-01-15,31.283231735229492,48.400001525878906,0.0,48.79999923706055,47.79999923706055,47.79999923706055,0.0,75603000
2018-01-16,31.15395736694336,48.20000076293945,0.0,49.400001525878906,48.20000076293945,48.79999923706055,0.0,48780000
2018-01-17,31.283231735229492,48.400001525878906,0.0,48.599998474121094,47.79999923706055,48.20000076293945,0.0,76105000
2018-01-18,31.024682998657227,48.0,0.0,49.0,48.0,49.0,0.0,64940000
2018-01-19,30.895418167114258,47.79999923706055,0.0,48.20000076293945,47.599998474121094,47.79999923706055,0.0,56392000
2018-01-22,31.283231735229492,48.400001525878906,0.0,48.599998474121094,47.79999923706055,48.0,0.0,38327000
2018-01-23,31.541767120361328,48.79999923706055,0.0,49.20000076293945,48.400001525878906,48.79999923706055,0.0,57940000
2018-01-24,31.800310134887695,49.20000076293945,0.0,49.20000076293945,48.599998474121094,48.79999923706055,0.0,38894000
2018-01-25,31.41249656677246,48.599998474121094,0.0,49.79999923706055,48.400001525878906,49.599998474121094,0.0,61458000
2018-01-26,31.671039581298828,49.0,0.0,49.0,48.400001525878906,48.79999923706055,0.0,65887000
2018-01-29,32.1881103515625,49.79999923706055,0.0,50.0,49.20000076293945,49.599998474121094,0.0,58510000
2018-01-30,31.671039581298828,49.0,0.0,49.79999923706055,48.79999923706055,49.400001525878906,0.0,80868000
2018-01-31,31.800310134887695,49.20000076293945,0.0,49.79999923706055,48.599998474121094,48.599998474121094,0.0,87819000
2018-02-01,32.1881103515625,49.79999923706055,0.0,50.0,49.20000076293945,49.599998474121094,0.0,67874000
2018-02-02,32.44664764404297,50.20000076293945,0.0,51.0,50.0,50.400001525878906,0.0,97839000
2018-02-05,32.317378997802734,50.0,0.0,50.20000076293945,49.20000076293945,49.20000076293945,0.0,83664000
2018-02-06,31.283231735229492,48.400001525878906,0.0,49.0,48.0,48.599998474121094,0.0,238469000
2018-02-07,31.283231735229492,48.400001525878906,0.0,49.0,48.20000076293945,49.0,0.0,102954000
2018-02-08,31.024682998657227,48.0,0.0,49.0,48.0,48.400001525878906,0.0,106229000
2018-02-09,31.024682998657227,48.0,0.0,48.20000076293945,47.400001525878906,47.599998474121094,0.0,93569000
2018-02-12,31.541767120361328,48.79999923706055,0.0,48.79999923706055,47.79999923706055,48.0,0.0,53925000
2018-02-13,31.541767120361328,48.79999923706055,0.0,49.20000076293945,48.400001525878906,49.20000076293945,0.0,56410000
2018-02-14,31.024682998657227,48.0,0.0,49.0,48.0,48.79999923706055,0.0,68945000
2018-02-15,31.41249656677246,48.599998474121094,0.0,48.79999923706055,48.0,48.400001525878906,0.0,47286000
2018-02-16,31.41249656677246,48.599998474121094,0.0,49.0,48.400001525878906,49.0,0.0,29076000
2018-02-19,31.541767120361328,48.79999923706055,0.0,49.20000076293945,48.79999923706055,49.0,0.0,66162000
2018-02-20,31.671039581298828,49.0,0.0,49.20000076293945,48.599998474121094,48.79999923706055,0.0,40499000
2018-02-21,33.73934555053711,52.20000076293945,0.0,52.599998474121094,50.79999923706055,50.79999923706055,0.0,330376000
2018-02-22,34.90277862548828,54.0,0.0,54.79999923706055,52.20000076293945,52.400001525878906,0.0,332671000
2018-02-23,34.77350616455078,53.79999923706055,0.0,54.79999923706055,53.20000076293945,54.599998474121094,0.0,167569000
2018-02-26,36.583274841308594,56.599998474121094,0.0,56.79999923706055,53.599998474121094,54.20000076293945,0.0,204246000
2018-02-27,37.1003532409668,57.400001525878906,0.0,58.79999923706055,56.79999923706055,57.20000076293945,0.0,298401000
2018-02-28,36.71255111694336,56.79999923706055,0.0,57.79999923706055,56.400001525878906,57.0,0.0,221819000
2018-03-02,35.93692398071289,55.599998474121094,0.0,56.400001525878906,55.20000076293945,56.0,0.0,208658000
2018-03-05,36.324745178222656,56.20000076293945,0.0,56.400001525878906,55.0,56.0,0.0,169267000
2018-03-06,36.45682907104492,55.20000076293945,1.2,56.0,55.20000076293945,55.599998474121094,0.0,122723000
2018-03-07,35.66429138183594,54.0,0.0,55.0,54.0,55.0,0.0,161007000
2018-03-08,35.13593292236328,53.20000076293945,0.0,54.599998474121094,53.20000076293945,54.400001525878906,0.0,204969000
2018-03-09,35.26801681518555,53.400001525878906,0.0,53.400001525878906,52.20000076293945,53.400001525878906,0.0,183815000
2018-03-12,36.85309600830078,55.79999923706055,0.0,55.79999923706055,54.20000076293945,54.400001525878906,0.0,149250000
2018-03-13,37.38145446777344,56.599998474121094,0.0,56.599998474121094,55.20000076293945,55.400001525878906,0.0,142055000
2018-03-14,36.985191345214844,56.0,0.0,56.599998474121094,55.400001525878906,56.400001525878906,0.0,132393000
2018-03-15,36.85309600830078,55.79999923706055,0.0,56.400001525878906,55.599998474121094,56.0,0.0,78002000
2018-03-16,36.19265365600586,54.79999923706055,0.0,55.599998474121094,54.599998474121094,55.400001525878906,0.0,160472000
2018-03-19,35.40010452270508,53.599998474121094,0.0,54.599998474121094,53.599998474121094,54.599998474121094,0.0,132993000
2018-03-20,35.7963752746582,54.20000076293945,0.0,54.79999923706055,53.400001525878906,53.599998474121094,0.0,107076000
2018-03-21,35.7963752746582,54.20000076293945,0.0,54.79999923706055,54.0,54.599998474121094,0.0,84649000
2018-03-22,35.928470611572266,54.400001525878906,0.0,55.400001525878906,54.20000076293945,54.599998474121094,0.0,105139000
2018-03-23,36.324737548828125,55.0,0.0,55.0,53.400001525878906,53.400001525878906,0.0,127146000
2018-03-26,36.985191345214844,56.0,0.0,56.0,55.20000076293945,55.20000076293945,0.0,102487000
2018-03-27,36.985191345214844,56.0,0.0,56.400001525878906,55.79999923706055,56.20000076293945,0.0,83788000
2018-03-28,36.985191345214844,56.0,0.0,57.0,55.599998474121094,55.79999923706055,0.0,160142000
2018-03-29,36.19265365600586,54.79999923706055,0.0,56.0,54.20000076293945,56.0,0.0,220320000
2018-03-30,36.45682907104492,55.20000076293945,0.0,55.599998474121094,54.400001525878906,55.0,0.0,129086000
2018-04-02,36.45682907104492,55.20000076293945,0.0,55.400001525878906,54.79999923706055,55.0,0.0,57952000
2018-04-03,36.0605583190918,54.599998474121094,0.0,55.0,54.20000076293945,54.599998474121094,0.0,81677000
2018-04-04,35.13593292236328,53.20000076293945,0.0,54.79999923706055,53.20000076293945,54.599998474121094,0.0,159905000
2018-04-05,35.7963752746582,54.20000076293945,0.0,54.20000076293945,53.400001525878906,53.79999923706055,0.0,83408000
2018-04-09,36.324737548828125,55.0,0.0,55.400001525878906,53.79999923706055,53.79999923706055,0.0,97806000
2018-04-10,36.45682907104492,55.20000076293945,0.0,55.599998474121094,54.79999923706055,55.400001525878906,0.0,85706000
2018-04-11,36.0605583190918,54.599998474121094,0.0,55.599998474121094,54.20000076293945,55.599998474121094,0.0,115582000
2018-04-12,36.324737548828125,55.0,0.0,55.400001525878906,54.400001525878906,55.0,0.0,110041000
2018-04-17,36.0605583190918,54.599998474121094,0.0,55.20000076293945,54.599998474121094,55.0,0.0,86401000
2018-04-18,36.324737548828125,55.0,0.0,55.0,54.599998474121094,55.0,0.0,61960000
2018-04-19,38.306087493896484,58.0,0.0,58.0,55.400001525878906,55.400001525878906,0.0,273007000
2018-04-20,38.83444595336914,58.79999923706055,0.0,59.0,57.599998474121094,58.599998474121094,0.0,211704000
2018-04-23,37.7777214050293,57.20000076293945,0.0,58.79999923706055,57.20000076293945,58.599998474121094,0.0,191878000
2018-04-24,38.306087493896484,58.0,0.0,59.5,57.25,57.75,10.0,325306300
2018-04-25,37.975860595703125,57.5,0.0,57.75,56.75,57.5,0.0,157002500
2018-04-26,37.31541442871094,56.5,0.0,57.75,56.5,57.5,0.0,113278500
2018-04-27,37.31541442871094,56.5,0.0,57.0,56.0,57.0,0.0,104864700
2018-04-30,37.31541442871094,56.5,0.0,57.0,56.25,56.5,0.0,83708300
2018-05-02,37.6456413269043,57.0,0.0,57.0,55.25,56.25,0.0,110577500
2018-05-03,37.975860595703125,57.5,0.0,57.75,56.5,56.5,0.0,135296800
2018-05-04,37.480525970458984,56.75,0.0,57.5,56.25,57.25,0.0,115768300
2018-05-07,37.480525970458984,56.75,0.0,57.5,56.5,57.25,0.0,107637800
2018-05-08,36.65495681762695,55.5,0.0,57.0,55.25,56.75,0.0,126756000
2018-05-09,37.150299072265625,56.25,0.0,56.5,55.5,55.75,0.0,95601800
2018-05-10,36.985191345214844,56.0,0.0,57.0,56.0,57.0,0.0,78033200
2018-05-11,37.480525970458984,56.75,0.0,56.75,55.5,56.0,0.0,78480800
2018-05-14,37.6456413269043,57.0,0.0,57.25,56.75,56.75,0.0,46814100
2018-05-15,37.31541442871094,56.5,0.0,57.0,56.0,56.75,0.0,80006000
2018-05-16,37.31541442871094,56.5,0.0,56.75,56.25,56.25,0.0,55780100
2018-05-17,37.810752868652344,57.25,0.0,57.75,56.25,56.75,0.0,119569500
2018-05-18,37.6456413269043,57.0,0.0,57.5,56.75,57.25,0.0,57711700
2018-05-21,37.6456413269043,57.0,0.0,57.5,56.75,57.25,0.0,56374800
2018-05-22,36.48984909057617,55.25,0.0,57.0,55.0,57.0,0.0,167858200
2018-05-23,35.33406066894531,53.5,0.0,54.25,52.75,54.0,0.0,273302200
2018-05-24,33.517826080322266,50.75,0.0,53.0,50.75,53.0,0.0,235261800
2018-05-25,34.343387603759766,52.0,0.0,52.0,50.5,51.25,0.0,142250800
2018-05-28,33.187599182128906,50.25,0.0,51.25,50.0,50.75,0.0,107089500
2018-05-30,34.01316833496094,51.5,0.0,51.75,49.0,49.25,0.0,226064000
2018-05-31,34.50849533081055,52.25,0.0,53.5,51.75,52.25,0.0,206712100
2018-06-01,34.01316833496094,51.5,0.0,52.5,51.25,52.25,0.0,129175400
2018-06-04,34.17827606201172,51.75,0.0,52.25,51.25,51.75,0.0,78044400
2018-06-05,34.343387603759766,52.0,0.0,52.25,51.0,51.75,0.0,75242400
2018-06-06,34.673614501953125,52.5,0.0,53.0,52.0,52.0,0.0,91991700
2018-06-07,34.50849533081055,52.25,0.0,52.75,52.0,52.5,0.0,49200600
2018-06-08,33.68293762207031,51.0,0.0,52.5,51.0,52.5,0.0,73894100
2018-06-11,33.517826080322266,50.75,0.0,51.25,50.5,51.0,0.0,62354000
2018-06-12,34.01316833496094,51.5,0.0,52.25,50.75,51.0,0.0,68496600
2018-06-13,33.68293762207031,51.0,0.0,51.75,51.0,51.5,0.0,51645800
2018-06-14,33.68293762207031,51.0,0.0,51.25,50.0,51.0,0.0,103017600
2018-06-15,33.02248764038086,50.0,0.0,50.75,49.75,50.5,0.0,125894600
2018-06-18,32.36204528808594,49.0,0.0,49.5,48.75,49.25,0.0,157428000
2018-06-19,31.536481857299805,47.75,0.0,49.25,47.5,48.75,0.0,171700000
2018-06-20,32.196929931640625,48.75,0.0,49.0,48.0,48.5,0.0,110820500
2018-06-21,31.371366500854492,47.5,0.0,48.75,47.0,48.75,0.0,109123800
2018-06-22,31.70158576965332,48.0,0.0,48.75,47.5,48.25,0.0,81454200
2018-06-25,31.70158576965332,48.0,0.0,49.25,48.0,48.75,0.0,85629500
2018-06-26,31.70158576965332,48.0,0.0,48.25,47.25,47.5,0.0,110144800
2018-06-27,31.70158576965332,48.0,0.0,49.0,47.5,48.75,0.0,93749900
2018-06-28,31.371366500854492,47.5,0.0,48.5,47.5,48.5,0.0,85942200
2018-06-29,31.70158576965332,48.0,0.0,48.0,47.25,48.0,0.0,74551000
2018-07-02,31.536481857299805,47.75,0.0,48.0,47.0,48.0,0.0,66120400
2018-07-03,31.371366500854492,47.5,0.0,48.0,47.0,47.75,0.0,80016400
2018-07-04,31.536481857299805,47.75,0.0,47.75,47.0,47.5,0.0,58381700
2018-07-05,30.545801162719727,46.25,0.0,47.75,46.25,47.5,0.0,77335700
2018-07-06,30.545801162719727,46.25,0.0,46.5,44.25,46.25,0.0,157614000
2018-07-09,31.0411376953125,47.0,0.0,47.25,46.5,47.0,0.0,51029600
2018-07-10,32.196929931640625,48.75,0.0,48.75,46.5,47.0,0.0,84328400
2018-07-11,32.03180694580078,48.5,0.0,48.75,47.75,48.0,0.0,74055100
2018-07-12,31.70158576965332,48.0,0.0,48.5,47.75,48.0,0.0,54379100
2018-07-13,31.371366500854492,47.5,0.0,48.25,47.5,48.0,0.0,36081100
2018-07-16,31.371366500854492,47.5,0.0,48.0,47.25,47.25,0.0,29481300
2018-07-17,31.536481857299805,47.75,0.0,48.25,47.25,47.5,0.0,58694800
2018-07-18,32.69226837158203,49.5,0.0,49.75,48.25,48.5,0.0,96638300
2018-07-19,32.69226837158203,49.5,0.0,50.0,49.0,49.75,0.0,53977500
2018-07-20,34.01316833496094,51.5,0.0,51.5,49.25,49.5,0.0,117827700
2018-07-23,33.68293762207031,51.0,0.0,51.5,50.75,51.25,0.0,45791600
2018-07-24,33.187599182128906,50.25,0.0,51.75,50.25,51.25,0.0,63252200
2018-07-25,33.68293762207031,51.0,0.0,51.5,50.25,50.25,0.0,56717600
2018-07-26,34.17827606201172,51.75,0.0,51.75,50.75,51.5,0.0,68520700
2018-07-31,33.848052978515625,51.25,0.0,51.75,50.75,51.5,0.0,84223400
2018-08-01,34.673614501953125,52.5,0.0,52.75,50.75,51.25,0.0,115565400
2018-08-02,34.343387603759766,52.0,0.0,52.5,51.5,52.0,0.0,77496200
2018-08-03,34.17827606201172,51.75,0.0,52.25,51.5,51.75,0.0,41694900
2018-08-06,34.01316833496094,51.5,0.0,52.25,51.25,52.0,0.0,39754800
2018-08-07,34.50849533081055,52.25,0.0,52.5,51.25,51.75,0.0,58994400
2018-08-08,35.003841400146484,53.0,0.0,53.0,52.25,52.25,0.0,82988200
2018-08-09,34.673614501953125,52.5,0.0,53.0,52.5,52.5,0.0,50597000
2018-08-10,34.17827606201172,51.75,0.0,52.75,51.75,52.25,0.0,47011600
2018-08-14,34.17827606201172,51.75,0.0,52.0,51.0,51.5,0.0,58340400
2018-08-15,33.68293762207031,51.0,0.0,51.75,50.75,51.5,0.0,52610500
2018-08-16,33.35271072387695,50.5,0.0,50.75,49.5,50.5,0.0,94396000
2018-08-17,34.01316833496094,51.5,0.0,52.0,51.0,51.0,0.0,70988500
2018-08-20,34.50849533081055,52.25,0.0,52.5,52.0,52.0,0.0,34657600
2018-08-21,34.17827606201172,51.75,0.0,52.75,51.5,52.5,0.0,75318000
2018-08-22,34.17827606201172,51.75,0.0,52.5,51.25,51.75,0.0,68004900
2018-08-23,34.343387603759766,52.0,0.0,52.5,51.75,52.25,0.0,50542900
2018-08-24,34.17827606201172,51.75,0.0,52.25,51.5,51.75,0.0,55900700
2018-08-27,34.343387603759766,52.0,0.0,52.25,51.75,52.0,0.0,51157200
2018-08-28,34.673614501953125,52.5,0.0,53.0,52.25,52.25,0.0,92789300
2018-08-29,34.673614501953125,52.5,0.0,52.5,52.0,52.5,0.0,57306100
2018-08-30,34.343387603759766,52.0,0.0,52.75,52.0,52.5,0.0,49662200
2018-08-31,34.673614501953125,52.5,0.0,52.5,51.75,51.75,0.0,54766500
2018-09-03,34.83872604370117,52.75,0.0,52.75,52.25,52.5,0.0,37571700
2018-09-04,34.50849533081055,52.25,0.0,53.0,52.25,52.75,0.0,78851600
2018-09-05,33.35271072387695,50.5,0.0,52.0,50.5,51.75,0.0,81497900
2018-09-06,33.35271072387695,50.5,0.0,50.5,49.75,50.5,0.0,75705800
2018-09-07,33.02248764038086,50.0,0.0,50.25,49.5,50.25,0.0,61471900
2018-09-10,33.187599182128906,50.25,0.0,50.25,49.5,50.0,0.0,34077100
2018-09-11,32.196929931640625,48.75,0.0,50.25,48.75,50.0,0.0,89541500
2018-09-12,32.69226837158203,49.5,0.0,49.75,48.75,49.0,0.0,70998100
2018-09-13,34.343387603759766,52.0,0.0,52.25,50.25,50.25,0.0,118417200
2018-09-14,34.17827606201172,51.75,0.0,52.25,51.5,52.25,0.0,48676600
2018-09-17,33.68293762207031,51.0,0.0,51.75,50.75,51.5,0.0,51129800
2018-09-18,34.343387603759766,52.0,0.0,52.25,50.75,50.75,0.0,102707000
2018-09-19,34.673614501953125,52.5,0.0,53.0,52.0,52.25,0.0,116079600
2018-09-20,35.33406066894531,53.5,0.0,53.75,52.75,53.0,0.0,117463700
2018-09-21,35.49917221069336,53.75,0.0,54.0,53.25,53.75,0.0,102535600
2018-09-24,35.66429138183594,54.0,0.0,54.0,53.25,53.5,0.0,42751100
2018-09-25,35.66429138183594,54.0,0.0,54.25,53.75,54.0,0.0,45177600
2018-09-26,35.82939910888672,54.25,0.0,54.5,54.0,54.25,0.0,41601500
2018-09-27,35.66429138183594,54.0,0.0,54.5,53.0,54.25,0.0,88924300
2018-09-28,35.82939910888672,54.25,0.0,54.5,54.0,54.5,0.0,49890000
2018-10-01,36.15962600708008,54.75,0.0,55.0,54.5,54.75,0.0,56906200
2018-10-02,35.9945182800293,54.5,0.0,55.25,54.25,54.75,0.0,75827200
2018-10-03,35.33406066894531,53.5,0.0,54.75,53.25,54.5,0.0,57174600
2018-10-04,35.003841400146484,53.0,0.0,53.75,52.5,53.25,0.0,79805500
2018-10-05,34.673614501953125,52.5,0.0,53.0,52.25,52.5,0.0,45275600
2018-10-08,34.17827606201172,51.75,0.0,53.0,51.75,52.5,0.0,62608300
2018-10-09,34.50849533081055,52.25,0.0,52.5,51.75,52.0,0.0,60714800
2018-10-10,35.66429138183594,54.0,0.0,54.0,52.75,52.75,0.0,84425100
2018-10-11,34.18944549560547,51.0,0.8,52.0,50.75,51.25,0.0,161422900
2018-10-12,34.52464294433594,51.5,0.0,52.0,51.0,51.5,0.0,78177000
2018-10-16,34.18944549560547,51.0,0.0,51.75,51.0,51.5,0.0,43143300
2018-10-17,34.18944549560547,51.0,0.0,51.75,51.0,51.5,0.0,39322500
2018-10-18,34.18944549560547,51.0,0.0,51.5,50.5,50.75,0.0,42968200
2018-10-19,33.85425567626953,50.5,0.0,51.0,50.5,50.75,0.0,60801700
2018-10-22,33.68666076660156,50.25,0.0,51.0,50.25,50.75,0.0,25528000
2018-10-24,32.513492584228516,48.5,0.0,49.25,48.5,48.75,0.0,99742400
2018-10-25,33.183876037597656,49.5,0.0,50.0,47.75,47.75,0.0,110238500
2018-10-26,32.34589385986328,48.25,0.0,49.5,48.25,49.25,0.0,94270400
2018-10-29,32.681095123291016,48.75,0.0,49.5,48.5,48.5,0.0,30536400
2018-10-30,33.01628112792969,49.25,0.0,49.5,48.5,48.75,0.0,43117500
2018-10-31,34.18944549560547,51.0,0.0,51.0,49.5,50.0,0.0,72326100
2018-11-01,33.183876037597656,49.5,0.0,51.0,49.5,50.75,0.0,101938000
2018-11-02,33.351470947265625,49.75,0.0,50.25,49.25,49.75,0.0,76979500
2018-11-05,33.01628112792969,49.25,0.0,49.5,49.0,49.25,0.0,46735900
2018-11-06,33.351470947265625,49.75,0.0,50.25,49.5,49.5,0.0,45290000
2018-11-07,33.68666076660156,50.25,0.0,50.5,49.5,50.25,0.0,61291900
2018-11-08,34.021854400634766,50.75,0.0,51.25,50.75,50.75,0.0,56791700
2018-11-09,33.351470947265625,49.75,0.0,50.5,49.75,50.25,0.0,47183700
2018-11-12,33.351470947265625,49.75,0.0,50.25,49.75,50.0,0.0,35330100
2018-11-13,33.51906967163086,50.0,0.0,50.5,49.5,49.5,0.0,60123200
2018-11-14,32.848690032958984,49.0,0.0,49.5,48.5,49.5,0.0,75095100
2018-11-15,32.681095123291016,48.75,0.0,49.25,48.5,49.0,0.0,57846600
2018-11-16,32.681095123291016,48.75,0.0,49.25,48.5,48.75,0.0,39354100
2018-11-19,32.681095123291016,48.75,0.0,49.0,48.5,48.75,0.0,36193800
2018-11-20,32.513492584228516,48.5,0.0,49.0,48.25,48.75,0.0,27612900
2018-11-21,32.34589385986328,48.25,0.0,48.75,48.0,48.0,0.0,53508900
2018-11-22,32.17830276489258,48.0,0.0,48.75,48.0,48.5,0.0,26426300
2018-11-23,32.681095123291016,48.75,0.0,49.0,48.0,48.25,0.0,39162200
2018-11-26,32.513492584228516,48.5,0.0,48.75,48.25,48.5,0.0,27399400
2018-11-27,32.681095123291016,48.75,0.0,49.0,48.25,48.25,0.0,32470700
2018-11-28,32.848690032958984,49.0,0.0,49.5,48.75,49.0,0.0,32987600
2018-11-29,33.01628112792969,49.25,0.0,50.0,49.25,49.25,0.0,31648400
2018-11-30,33.01628112792969,49.25,0.0,50.0,49.0,49.5,0.0,50870800
2018-12-03,34.69223403930664,51.75,0.0,52.25,50.25,50.5,0.0,102166400
2018-12-04,34.52464294433594,51.5,0.0,51.75,51.0,51.5,0.0,59150400
2018-12-06,33.68666076660156,50.25,0.0,50.75,50.0,50.5,0.0,57776700
2018-12-07,33.183876037597656,49.5,0.0,50.75,49.5,50.5,0.0,60108000
2018-12-11,33.01628112792969,49.25,0.0,49.75,49.0,49.5,0.0,51995700
2018-12-12,32.848690032958984,49.0,0.0,49.75,48.75,49.5,0.0,55457100
2018-12-13,31.84311294555664,47.5,0.0,49.25,47.0,49.0,0.0,107105500
2018-12-14,32.010711669921875,47.75,0.0,48.25,47.25,47.5,0.0,51388700
2018-12-17,32.17830276489258,48.0,0.0,48.25,47.75,47.75,0.0,39167300
2018-12-18,32.17830276489258,48.0,0.0,47.75,47.0,47.5,0.0,65021900
2018-12-19,31.507923126220703,47.0,0.0,47.25,46.25,46.75,0.0,87102700
2018-12-20,31.340328216552734,46.75,0.0,47.25,46.5,46.75,0.0,41622600
2018-12-21,31.84311294555664,47.5,0.0,47.5,46.5,46.5,0.0,52923700
2018-12-24,31.84311294555664,47.5,0.0,48.25,47.0,47.25,0.0,30399200
2018-12-25,30.334753036499023,45.25,0.0,46.75,45.25,46.75,0.0,57988500
2018-12-26,30.502349853515625,45.5,0.0,45.75,45.25,45.5,0.0,48055200
2018-12-27,30.502349853515625,45.5,0.0,47.5,45.25,47.0,0.0,92559300
2018-12-28,30.837543487548828,46.0,0.0,46.5,45.75,45.75,0.0,40796100
2019-01-02,31.005136489868164,46.25,0.0,46.75,46.25,46.25,0.0,30481900
2019-01-03,30.502349853515625,45.5,0.0,47.0,45.25,46.5,0.0,53438400
2019-01-04,31.340328216552734,46.75,0.0,47.0,45.25,45.5,0.0,60708300
2019-01-07,32.17830276489258,48.0,0.0,48.75,47.25,47.25,0.0,86356300
2019-01-08,32.17830276489258,48.0,0.0,48.75,47.75,48.25,0.0,50671500
2019-01-09,32.34589385986328,48.25,0.0,49.25,48.0,49.25,0.0,61760500
2019-01-10,32.681095123291016,48.75,0.0,49.0,48.0,48.25,0.0,70224300
2019-01-11,33.01628112792969,49.25,0.0,49.25,48.75,48.75,0.0,46822700
2019-01-14,32.17830276489258,48.0,0.0,49.0,47.5,48.75,0.0,63594700
2019-01-15,32.010711669921875,47.75,0.0,48.5,47.5,48.25,0.0,42908000
2019-01-16,31.84311294555664,47.5,0.0,48.25,47.0,48.0,0.0,71303600
2019-01-17,31.675519943237305,47.25,0.0,48.0,47.25,47.25,0.0,53656000
2019-01-18,32.34589385986328,48.25,0.0,48.5,47.75,48.0,0.0,43114000
2019-01-21,32.681095123291016,48.75,0.0,49.0,48.5,48.5,0.0,40896500
2019-01-22,33.183876037597656,49.5,0.0,49.75,48.75,48.75,0.0,60630600
2019-01-23,33.183876037597656,49.5,0.0,50.0,49.25,49.5,0.0,97284200
2019-01-24,32.848690032958984,49.0,0.0,50.0,49.0,49.5,0.0,65759600
2019-01-25,32.681095123291016,48.75,0.0,49.25,48.25,49.0,0.0,68842000
2019-01-28,32.681095123291016,48.75,0.0,49.25,48.5,48.75,0.0,44516700
2019-01-29,32.34589385986328,48.25,0.0,48.75,47.25,48.5,0.0,82281100
2019-01-30,32.34589385986328,48.25,0.0,48.5,47.5,48.5,0.0,51236800
2019-01-31,32.513492584228516,48.5,0.0,49.25,48.5,48.5,0.0,61479100
2019-02-01,33.183876037597656,49.5,0.0,49.5,48.5,48.75,0.0,45486300
2019-02-04,33.01628112792969,49.25,0.0,49.75,49.25,49.75,0.0,42524900
2019-02-05,33.01628112792969,49.25,0.0,49.25,48.75,49.25,0.0,18570600
2019-02-06,32.681095123291016,48.75,0.0,49.25,48.75,49.25,0.0,30913700
2019-02-07,32.848690032958984,49.0,0.0,49.5,48.75,48.75,0.0,43047500
2019-02-08,32.513492584228516,48.5,0.0,49.0,48.5,48.75,0.0,52078500
2019-02-11,32.34589385986328,48.25,0.0,48.5,48.0,48.25,0.0,45073400
2019-02-12,32.513492584228516,48.5,0.0,48.5,48.0,48.25,0.0,25236800
2019-02-13,32.848690032958984,49.0,0.0,49.25,48.25,48.75,0.0,55507500
2019-02-14,32.34589385986328,48.25,0.0,49.25,48.25,49.0,0.0,66581400
2019-02-15,32.34589385986328,48.25,0.0,48.5,47.75,48.25,0.0,51281500
2019-02-18,32.513492584228516,48.5,0.0,48.75,48.25,48.5,0.0,38098300
2019-02-20,32.848690032958984,49.0,0.0,49.0,48.25,48.25,0.0,54250800
2019-02-21,32.681095123291016,48.75,0.0,49.25,48.75,49.0,0.0,39701600
2019-02-22,33.01628112792969,49.25,0.0,49.5,48.25,48.5,0.0,54555900
2019-02-25,33.351470947265625,49.75,0.0,50.0,49.25,49.5,0.0,66032200
2019-02-26,32.848690032958984,49.0,0.0,49.5,49.0,49.5,0.0,56262500
2019-02-27,33.01628112792969,49.25,0.0,49.5,48.75,49.0,0.0,36652900
2019-02-28,32.513492584228516,48.5,0.0,49.5,48.5,49.25,0.0,74772600
2019-03-01,32.681095123291016,48.75,0.0,48.75,48.25,48.5,0.0,50324500
2019-03-04,32.681095123291016,48.75,0.0,49.0,48.25,48.5,0.0,42714600
2019-03-05,32.681095123291016,48.75,0.0,49.0,48.5,48.5,0.0,40786100
2019-03-06,32.646724700927734,47.5,1.2,48.0,47.5,48.0,0.0,39502400
2019-03-07,32.81855392456055,47.75,0.0,48.0,47.25,47.5,0.0,45868600
2019-03-08,32.646724700927734,47.5,0.0,48.0,47.25,47.75,0.0,42416300
2019-03-11,32.47490310668945,47.25,0.0,48.0,47.25,47.5,0.0,34589700
2019-03-12,32.47490310668945,47.25,0.0,47.75,47.25,47.5,0.0,34074500
2019-03-13,32.81855392456055,47.75,0.0,47.75,46.75,47.25,0.0,50919200
2019-03-14,32.99037170410156,48.0,0.0,48.5,47.75,48.0,0.0,47689700
2019-03-15,33.16219711303711,48.25,0.0,48.5,47.75,48.25,0.0,67054000
2019-03-18,32.81855392456055,47.75,0.0,48.5,47.5,48.25,0.0,50423100
2019-03-19,33.33402633666992,48.5,0.0,48.75,47.75,47.75,0.0,40416300
2019-03-20,33.16219711303711,48.25,0.0,48.75,48.0,48.5,0.0,37376700
2019-03-21,33.16219711303711,48.25,0.0,48.75,48.25,48.25,0.0,47539000
2019-03-22,33.5058479309082,48.75,0.0,49.25,48.5,48.75,0.0,46427000
2019-03-25,32.81855392456055,47.75,0.0,48.5,47.5,48.25,0.0,75544200
2019-03-26,32.99037170410156,48.0,0.0,48.25,47.5,48.0,0.0,48308300
2019-03-27,32.646724700927734,47.5,0.0,48.0,47.25,47.75,0.0,59392600
2019-03-28,32.646724700927734,47.5,0.0,47.75,47.0,47.25,0.0,45521900
2019-03-29,32.99037170410156,48.0,0.0,48.0,47.5,47.75,0.0,31394100
2019-04-01,32.99037170410156,48.0,0.0,48.5,48.0,48.25,0.0,42727400
2019-04-02,32.99037170410156,48.0,0.0,48.5,48.0,48.25,0.0,34675200
2019-04-03,33.16219711303711,48.25,0.0,48.5,47.75,48.25,0.0,62638000
2019-04-04,32.99037170410156,48.0,0.0,48.25,47.75,48.25,0.0,26875900
2019-04-05,32.81855392456055,47.75,0.0,48.25,47.5,48.0,0.0,28256400
2019-04-09,32.99037170410156,48.0,0.0,48.25,47.75,47.75,0.0,41015400
2019-04-10,33.16219711303711,48.25,0.0,48.5,48.0,48.0,0.0,47147000
2019-04-11,33.16219711303711,48.25,0.0,48.5,48.0,48.25,0.0,21735500
2019-04-12,32.99037170410156,48.0,0.0,48.5,48.0,48.25,0.0,20434800
2019-04-17,33.33402633666992,48.5,0.0,48.75,48.0,48.25,0.0,80575800
2019-04-18,33.5058479309082,48.75,0.0,48.75,48.25,48.75,0.0,26839600
2019-04-19,33.33402633666992,48.5,0.0,48.75,48.5,48.5,0.0,9213100
2019-04-22,33.84950256347656,49.25,0.0,49.5,48.5,48.5,0.0,85567700
2019-04-23,34.021324157714844,49.5,0.0,50.0,49.25,49.25,0.0,59826300
2019-04-24,34.021324157714844,49.5,0.0,50.25,49.5,50.0,0.0,66025200
2019-04-25,34.021324157714844,49.5,0.0,49.75,49.25,49.5,0.0,36027300
2019-04-26,33.84950256347656,49.25,0.0,49.75,49.0,49.75,0.0,42478000
2019-04-29,33.5058479309082,48.75,0.0,49.25,48.75,49.0,0.0,31093700
2019-04-30,33.5058479309082,48.75,0.0,49.25,48.5,49.0,0.0,36313700
2019-05-02,33.67768096923828,49.0,0.0,49.25,48.75,49.0,0.0,24142900
2019-05-03,33.84950256347656,49.25,0.0,49.5,48.75,49.0,0.0,34370400
2019-05-07,33.5058479309082,48.75,0.0,49.0,48.25,49.0,0.0,71380400
2019-05-08,32.99037170410156,48.0,0.0,48.5,48.0,48.5,0.0,60392200
2019-05-09,32.646724700927734,47.5,0.0,48.25,47.5,48.0,0.0,65309100
2019-05-10,32.81855392456055,47.75,0.0,48.0,47.5,47.75,0.0,39293800
2019-05-13,32.646724700927734,47.5,0.0,48.0,47.25,47.75,0.0,42830900
2019-05-14,32.47490310668945,47.25,0.0,47.75,47.0,47.25,0.0,53515100
2019-05-15,32.47490310668945,47.25,0.0,47.75,47.25,47.5,0.0,26120400
2019-05-16,32.303077697753906,47.0,0.0,47.5,47.0,47.25,0.0,38097800
2019-05-17,31.959426879882812,46.5,0.0,47.5,46.5,47.25,0.0,59669500
2019-05-21,31.78760528564453,46.25,0.0,46.75,46.25,46.5,0.0,63587200
2019-05-22,31.959426879882812,46.5,0.0,46.75,46.25,46.25,0.0,50385300
2019-05-23,31.443952560424805,45.75,0.0,46.5,45.75,46.25,0.0,32282200
2019-05-24,31.443952560424805,45.75,0.0,46.0,45.0,45.25,0.0,65756200
2019-05-27,31.78760528564453,46.25,0.0,46.75,46.0,46.0,0.0,25633000
2019-05-28,32.47490310668945,47.25,0.0,47.25,46.0,46.5,0.0,105796000
2019-05-29,31.959426879882812,46.5,0.0,47.0,46.5,47.0,0.0,32579800
2019-05-30,31.78760528564453,46.25,0.0,46.75,46.25,46.5,0.0,41340600
2019-05-31,31.78760528564453,46.25,0.0,46.75,46.0,46.25,0.0,38579900
2019-06-04,31.959426879882812,46.5,0.0,46.75,45.75,46.0,0.0,62919700
2019-06-05,32.303077697753906,47.0,0.0,47.25,46.75,47.0,0.0,41894200
2019-06-06,32.303077697753906,47.0,0.0,47.25,46.75,47.0,0.0,29504100
2019-06-07,32.303077697753906,47.0,0.0,47.25,46.75,47.25,0.0,31203700
2019-06-10,32.47490310668945,47.25,0.0,47.75,47.0,47.25,0.0,62287800
2019-06-11,32.646724700927734,47.5,0.0,47.75,47.25,47.25,0.0,53160200
2019-06-12,32.303077697753906,47.0,0.0,47.5,47.0,47.25,0.0,29206300
2019-06-13,32.303077697753906,47.0,0.0,47.0,46.5,46.75,0.0,53014500
2019-06-14,31.959426879882812,46.5,0.0,47.0,46.5,46.75,0.0,23853800
2019-06-17,31.959426879882812,46.5,0.0,47.0,46.5,46.75,0.0,29257600
2019-06-18,32.646724700927734,47.5,0.0,47.5,46.5,46.75,0.0,43570800
2019-06-19,32.99037170410156,48.0,0.0,48.5,47.75,47.75,0.0,96102900
2019-06-20,33.5058479309082,48.75,0.0,49.0,48.0,48.25,0.0,96692400
2019-06-21,33.67768096923828,49.0,0.0,49.5,48.5,49.25,0.0,101717200
2019-06-24,33.67768096923828,49.0,0.0,49.25,48.75,49.0,0.0,41335300
2019-06-25,33.5058479309082,48.75,0.0,49.25,48.25,49.0,0.0,63759000
2019-06-26,33.33402633666992,48.5,0.0,49.0,48.25,48.75,0.0,61454600
2019-06-27,33.5058479309082,48.75,0.0,49.0,48.5,48.75,0.0,41623900
2019-06-28,33.5058479309082,48.75,0.0,49.0,48.75,48.75,0.0,26162200
2019-07-01,34.021324157714844,49.5,0.0,49.5,49.0,49.5,0.0,52067800
2019-07-02,33.33402633666992,48.5,0.0,49.5,48.5,49.25,0.0,51490800
2019-07-03,33.16219711303711,48.25,0.0,48.5,48.0,48.5,0.0,44524800
2019-07-04,33.16219711303711,48.25,0.0,48.75,48.0,48.5,0.0,49509400
2019-07-05,33.16219711303711,48.25,0.0,48.5,48.0,48.25,0.0,20907100
2019-07-08,33.16219711303711,48.25,0.0,48.25,48.0,48.0,0.0,12375900
2019-07-09,32.81855392456055,47.75,0.0,48.25,47.75,48.0,0.0,39812400
2019-07-10,33.16219711303711,48.25,0.0,48.5,47.75,48.0,0.0,56289300
2019-07-11,33.16219711303711,48.25,0.0,48.75,48.25,48.5,0.0,47516200
2019-07-12,32.81855392456055,47.75,0.0,48.5,47.75,48.5,0.0,52101300
2019-07-15,32.81855392456055,47.75,0.0,48.5,47.5,47.75,0.0,52288400
2019-07-17,32.99037170410156,48.0,0.0,48.25,47.5,47.75,0.0,40867000
2019-07-18,32.81855392456055,47.75,0.0,48.0,47.5,47.75,0.0,42921300
2019-07-19,32.81855392456055,47.75,0.0,48.0,47.5,48.0,0.0,32629400
2019-07-22,32.81855392456055,47.75,0.0,48.0,47.5,47.5,0.0,34406000
2019-07-23,32.81855392456055,47.75,0.0,48.0,47.5,48.0,0.0,21060200
2019-07-24,32.81855392456055,47.75,0.0,48.0,47.25,47.75,0.0,34429900
2019-07-25,32.81855392456055,47.75,0.0,48.0,47.5,47.75,0.0,20087500
2019-07-26,32.47490310668945,47.25,0.0,47.75,47.0,47.5,0.0,41728200
2019-07-30,32.47490310668945,47.25,0.0,47.5,47.0,47.25,0.0,23789900
2019-07-31,32.47490310668945,47.25,0.0,47.5,47.0,47.0,0.0,34634400
2019-08-01,32.47490310668945,47.25,0.0,47.25,46.75,47.0,0.0,25010600
2019-08-02,31.615772247314453,46.0,0.0,46.75,45.75,46.75,0.0,109691800
2019-08-05,31.443952560424805,45.75,0.0,46.5,45.75,46.0,0.0,54457300
2019-08-06,31.272123336791992,45.5,0.0,45.75,45.25,45.25,0.0,63979300
2019-08-07,30.928478240966797,45.0,0.0,45.75,45.0,45.5,0.0,61688200
2019-08-08,30.41300392150879,44.25,0.0,45.25,44.0,45.0,0.0,89147100
2019-08-09,30.41300392150879,44.25,0.0,44.75,44.0,44.25,0.0,40806300
2019-08-13,29.553876876831055,43.0,0.0,44.25,42.5,44.0,0.0,101437800
2019-08-14,29.72570037841797,43.25,0.0,44.0,43.0,43.5,0.0,84574000
2019-08-15,29.038400650024414,42.25,0.0,43.25,42.0,42.75,0.0,99627300
2019-08-16,29.382055282592773,42.75,0.0,43.0,42.25,42.5,0.0,43127600
2019-08-19,29.72570037841797,43.25,0.0,43.5,42.75,43.0,0.0,47577500
2019-08-20,29.382055282592773,42.75,0.0,43.5,42.5,43.5,0.0,33490200
2019-08-21,29.553876876831055,43.0,0.0,43.5,42.75,43.0,0.0,29780800
2019-08-22,29.038400650024414,42.25,0.0,42.75,42.0,42.5,0.0,83616100
2019-08-23,29.21023178100586,42.5,0.0,42.75,42.25,42.5,0.0,20612900
2019-08-26,28.179275512695312,41.0,0.0,42.0,41.0,41.75,0.0,88299000
2019-08-27,28.00745964050293,40.75,0.0,41.5,40.75,41.25,0.0,80169300
2019-08-28,28.179275512695312,41.0,0.0,41.25,40.75,41.0,0.0,28287600
2019-08-29,29.72570037841797,43.25,0.0,43.5,41.0,41.25,0.0,109703100
2019-08-30,30.41300392150879,44.25,0.0,44.5,43.5,43.75,0.0,94049500
2019-09-02,29.89752960205078,43.5,0.0,44.25,43.5,44.0,0.0,48614200
2019-09-03,29.382055282592773,42.75,0.0,43.75,42.75,43.5,0.0,46176100
2019-09-04,29.89752960205078,43.5,0.0,43.75,42.75,43.25,0.0,45669600
2019-09-05,30.41300392150879,44.25,0.0,44.5,44.0,44.25,0.0,51698600
2019-09-06,30.58483123779297,44.5,0.0,44.75,44.25,44.5,0.0,29316600
2019-09-09,30.928478240966797,45.0,0.0,45.0,44.25,44.5,0.0,33094400
2019-09-10,31.272123336791992,45.5,0.0,45.5,45.0,45.25,0.0,44756700
2019-09-11,31.443952560424805,45.75,0.0,45.75,45.0,45.25,0.0,43756200
2019-09-12,31.272123336791992,45.5,0.0,46.25,45.5,45.75,0.0,37933400
2019-09-13,31.272123336791992,45.5,0.0,45.75,45.25,45.5,0.0,37103000
2019-09-16,32.303077697753906,47.0,0.0,47.25,46.75,46.75,0.0,109572700
2019-09-17,32.47490310668945,47.25,0.0,47.75,47.0,47.25,0.0,83573700
2019-09-18,31.443952560424805,45.75,0.0,46.75,45.5,46.5,0.0,91383800
2019-09-19,31.100305557250977,45.25,0.0,45.75,45.0,45.5,0.0,46595800
2019-09-20,31.272123336791992,45.5,0.0,45.75,44.75,45.0,0.0,72291500
2019-09-23,31.443952560424805,45.75,0.0,46.0,45.0,45.5,0.0,43060500
2019-09-24,31.78760528564453,46.25,0.0,46.5,45.75,45.75,0.0,39281300
2019-09-25,31.615772247314453,46.0,0.0,46.0,45.5,45.75,0.0,38430600
2019-09-26,31.615772247314453,46.0,0.0,46.5,46.0,46.0,0.0,41834400
2019-09-27,31.615772247314453,46.0,0.0,46.25,45.75,46.0,0.0,42434900
2019-09-30,31.78760528564453,46.25,0.0,46.25,45.75,46.25,0.0,48000500
2019-10-01,31.443952560424805,45.75,0.0,46.0,45.5,46.0,0.0,35882000
2019-10-02,31.443952560424805,45.75,0.0,45.75,45.25,45.5,0.0,41306600
2019-10-03,31.272123336791992,45.5,0.0,45.75,45.25,45.5,0.0,51159300
2019-10-04,31.443952560424805,45.75,0.0,46.0,45.5,45.75,0.0,18036800
2019-10-07,31.615772247314453,46.0,0.0,46.0,45.5,45.75,0.0,24833700
2019-10-08,31.443952560424805,45.75,0.0,46.5,45.75,46.25,0.0,25986400
2019-10-09,31.443952560424805,45.75,0.0,46.0,45.5,46.0,0.0,28119300
2019-10-10,31.198577880859375,44.5,0.9,45.25,44.5,45.0,0.0,44578000
2019-10-11,31.72439193725586,45.25,0.0,45.75,44.5,44.5,0.0,49071300
2019-10-15,31.54911231994629,45.0,0.0,45.75,44.75,45.25,0.0,31686200
2019-10-16,31.54911231994629,45.0,0.0,45.5,44.5,45.0,0.0,33940300
2019-10-17,31.023298263549805,44.25,0.0,45.25,44.25,45.0,0.0,41839500
2019-10-18,31.198577880859375,44.5,0.0,44.75,44.0,44.25,0.0,25782300
2019-10-21,31.023298263549805,44.25,0.0,44.75,44.0,44.5,0.0,21384300
2019-10-22,31.37384605407715,44.75,0.0,45.0,44.25,44.5,0.0,15780100
2019-10-24,31.37384605407715,44.75,0.0,45.25,44.25,45.25,0.0,41726700
2019-10-25,31.198577880859375,44.5,0.0,45.0,44.25,44.75,0.0,27856900
2019-10-28,31.198577880859375,44.5,0.0,44.75,44.25,44.5,0.0,23898200
2019-10-29,31.198577880859375,44.5,0.0,45.0,44.25,44.75,0.0,28255100
2019-10-30,31.89966583251953,45.5,0.0,45.75,44.25,44.5,0.0,59666100
2019-10-31,31.72439193725586,45.25,0.0,46.0,45.0,45.75,0.0,61242200
2019-11-01,31.72439193725586,45.25,0.0,45.5,44.75,45.25,0.0,30744800
2019-11-04,31.89966583251953,45.5,0.0,45.75,44.75,45.5,0.0,58485500
2019-11-05,32.07493209838867,45.75,0.0,46.0,45.5,46.0,0.0,54410800
2019-11-06,31.89966583251953,45.5,0.0,46.0,45.25,45.75,0.0,51214200
2019-11-07,32.250205993652344,46.0,0.0,46.25,45.0,45.25,0.0,80378200
2019-11-08,31.89966583251953,45.5,0.0,46.25,45.25,46.0,0.0,66256800
2019-11-11,31.72439193725586,45.25,0.0,45.75,45.0,45.25,0.0,45495600
2019-11-12,31.72439193725586,45.25,0.0,45.75,45.0,45.5,0.0,36738100
2019-11-13,31.72439193725586,45.25,0.0,45.25,45.0,45.0,0.0,19448300
2019-11-14,31.37384605407715,44.75,0.0,45.25,44.75,45.25,0.0,48616100
2019-11-15,31.37384605407715,44.75,0.0,45.0,44.5,45.0,0.0,28837900
2019-11-18,31.198577880859375,44.5,0.0,45.0,44.5,44.75,0.0,43191600
2019-11-19,30.672752380371094,43.75,0.0,44.5,43.25,44.5,0.0,96012900
2019-11-20,30.146934509277344,43.0,0.0,43.5,42.75,43.5,0.0,63434600
2019-11-21,30.322206497192383,43.25,0.0,43.25,42.75,43.25,0.0,39145000
2019-11-22,30.322206497192383,43.25,0.0,43.5,43.0,43.25,0.0,14441700
2019-11-25,30.49747657775879,43.5,0.0,43.5,43.0,43.5,0.0,38908500
2019-11-26,30.322206497192383,43.25,0.0,44.25,43.25,43.5,0.0,80037300
2019-11-27,30.49747657775879,43.5,0.0,43.75,43.0,43.25,0.0,47384800
2019-11-28,30.49747657775879,43.5,0.0,43.5,43.25,43.5,0.0,12772600
2019-11-29,30.322206497192383,43.25,0.0,43.75,43.0,43.25,0.0,43033900
2019-12-02,29.79638671875,42.5,0.0,43.25,42.5,43.25,0.0,51835600
2019-12-03,29.270566940307617,41.75,0.0,42.5,41.75,42.5,0.0,50405700
2019-12-04,29.621118545532227,42.25,0.0,43.0,41.25,41.5,0.0,44312600
2019-12-06,29.445838928222656,42.0,0.0,42.75,42.0,42.25,0.0,34376400
2019-12-09,29.621118545532227,42.25,0.0,42.75,42.0,42.5,0.0,26918700
2019-12-11,29.445838928222656,42.0,0.0,42.5,41.5,42.5,0.0,61259700
2019-12-12,29.971664428710938,42.75,0.0,43.25,42.25,42.25,0.0,48892000
2019-12-13,30.848018646240234,44.0,0.0,44.75,44.0,44.25,0.0,61368700
2019-12-16,30.49747657775879,43.5,0.0,44.25,43.5,44.25,0.0,47295200
2019-12-17,30.672752380371094,43.75,0.0,44.25,43.25,43.75,0.0,41898500
2019-12-18,31.37384605407715,44.75,0.0,44.75,44.0,44.25,0.0,42178000
2019-12-19,31.023298263549805,44.25,0.0,44.5,43.25,44.0,0.0,64486600
2019-12-20,31.198577880859375,44.5,0.0,44.5,43.5,44.25,0.0,59579700
2019-12-23,31.37384605407715,44.75,0.0,45.25,44.25,44.5,0.0,23862100
2019-12-24,31.023298263549805,44.25,0.0,45.0,44.0,45.0,0.0,32913200
2019-12-25,31.023298263549805,44.25,0.0,44.25,43.75,44.25,0.0,11687500
2019-12-26,31.198577880859375,44.5,0.0,44.5,44.25,44.25,0.0,11117700
2019-12-27,31.023298263549805,44.25,0.0,44.75,43.5,44.5,0.0,55385800
2019-12-30,30.848018646240234,44.0,0.0,44.75,44.0,44.25,0.0,33688500
2020-01-02,31.89966583251953,45.5,0.0,45.5,44.0,44.25,0.0,59084700
2020-01-03,32.60075759887695,46.5,0.0,47.0,46.0,46.25,0.0,147370600
2020-01-06,32.95130157470703,47.0,0.0,47.75,46.5,47.25,0.0,91026800
2020-01-07,33.12657165527344,47.25,0.0,47.25,46.25,47.25,0.0,60059600
2020-01-08,32.77602767944336,46.75,0.0,47.75,46.75,47.5,0.0,57759900
2020-01-09,32.95130157470703,47.0,0.0,47.0,45.75,46.25,0.0,52687500
2020-01-10,32.60075759887695,46.5,0.0,47.0,46.0,47.0,0.0,46958400
2020-01-13,32.60075759887695,46.5,0.0,47.0,46.25,46.5,0.0,34881800
2020-01-14,32.250205993652344,46.0,0.0,46.5,45.75,46.0,0.0,33151000
2020-01-15,31.89966583251953,45.5,0.0,46.0,45.5,45.75,0.0,54902500
2020-01-16,32.250205993652344,46.0,0.0,46.0,45.25,45.5,0.0,22148600
2020-01-17,32.250205993652344,46.0,0.0,46.5,45.75,46.0,0.0,35360400
2020-01-20,32.42548751831055,46.25,0.0,46.25,45.75,46.0,0.0,18111800
2020-01-21,32.60075759887695,46.5,0.0,46.75,45.75,46.25,0.0,41680400
2020-01-22,32.42548751831055,46.25,0.0,47.0,46.25,46.75,0.0,27232000
2020-01-23,32.07493209838867,45.75,0.0,46.0,45.25,45.75,0.0,42931800
2020-01-24,31.72439193725586,45.25,0.0,45.75,45.0,45.5,0.0,48022500
2020-01-27,30.49747657775879,43.5,0.0,44.75,43.5,44.75,0.0,81866700
2020-01-28,30.672752380371094,43.75,0.0,44.0,43.25,43.25,0.0,52014600
2020-01-29,30.49747657775879,43.5,0.0,44.0,43.25,44.0,0.0,58874300
2020-01-30,30.49747657775879,43.5,0.0,43.75,43.25,43.5,0.0,15786000
2020-01-31,30.322206497192383,43.25,0.0,43.75,43.0,43.5,0.0,33971300
2020-02-03,29.971664428710938,42.75,0.0,43.25,42.5,43.25,0.0,41357700
2020-02-04,30.146934509277344,43.0,0.0,43.0,42.25,42.75,0.0,48374600
2020-02-05,30.322206497192383,43.25,0.0,43.5,42.5,43.0,0.0,53322800
2020-02-06,30.672752380371094,43.75,0.0,44.25,43.25,43.5,0.0,57822000
2020-02-07,30.49747657775879,43.5,0.0,44.25,43.25,44.0,0.0,38887000
2020-02-11,30.146934509277344,43.0,0.0,43.75,43.0,43.5,0.0,47458700
2020-02-12,30.322206497192383,43.25,0.0,43.5,43.0,43.5,0.0,40596700
2020-02-13,30.146934509277344,43.0,0.0,43.75,43.0,43.25,0.0,30805100
2020-02-14,30.146934509277344,43.0,0.0,43.5,43.0,43.25,0.0,24283500
2020-02-17,30.146934509277344,43.0,0.0,43.25,42.75,43.0,0.0,29068200
2020-02-18,29.971664428710938,42.75,0.0,43.25,42.75,43.0,0.0,19227100
2020-02-19,30.848018646240234,44.0,0.0,44.5,43.0,43.0,0.0,79842400
2020-02-20,31.37384605407715,44.75,0.0,45.0,43.5,44.5,0.0,59181300
2020-02-21,31.198577880859375,44.5,0.0,44.5,43.75,43.75,0.0,45151700
2020-02-24,29.971664428710938,42.75,0.0,44.0,42.75,43.75,0.0,79722500
2020-02-25,29.79638671875,42.5,0.0,43.25,42.5,42.75,0.0,68580100
2020-02-26,29.09529685974121,41.5,0.0,42.5,41.5,42.25,0.0,91569300
2020-02-27,29.270566940307617,41.75,0.0,42.25,41.0,41.5,0.0,78430600
2020-02-28,27.342565536499023,39.0,0.0,40.75,38.0,40.75,0.0,135415600
2020-03-02,27.51784324645996,39.25,0.0,40.5,39.25,39.5,0.0,131743600
2020-03-03,28.569480895996094,40.75,0.0,40.75,39.75,40.0,0.0,82152500
2020-03-04,28.46139144897461,39.5,1.1,40.0,39.0,39.5,0.0,62206800
2020-03-05,28.10112762451172,39.0,0.0,40.0,39.0,40.0,0.0,52775600
2020-03-06,27.020313262939453,37.5,0.0,38.5,37.5,38.5,0.0,71759400
2020-03-09,20.175167083740234,28.0,0.0,31.5,26.75,26.75,0.0,643782000
2020-03-10,20.535438537597656,28.5,0.0,29.5,28.0,29.0,0.0,325595400
2020-03-11,21.075841903686523,29.25,0.0,30.25,28.5,29.25,0.0,273511400
2020-03-12,19.09435272216797,26.5,0.0,28.0,26.25,27.25,0.0,252899600
2020-03-13,20.175167083740234,28.0,0.0,29.5,23.600000381469727,24.200000762939453,0.0,390830800
2020-03-16,18.91421890258789,26.25,0.0,28.0,26.25,27.0,0.0,168223100
2020-03-17,18.73408317565918,26.0,0.0,27.5,26.0,26.5,0.0,193054600
2020-03-18,19.09435272216797,26.5,0.0,27.25,25.5,26.5,0.0,121063700
2020-03-19,18.5539493560791,25.75,0.0,26.0,24.600000381469727,25.0,0.0,156500700
2020-03-20,21.255977630615234,29.5,0.0,29.5,26.75,27.25,0.0,199378000
2020-03-23,19.6347599029541,27.25,0.0,28.5,26.5,27.0,0.0,166909300
2020-03-24,20.895708084106445,29.0,0.0,29.75,27.75,29.25,0.0,185795900
2020-03-25,22.51692771911621,31.25,0.0,32.75,29.5,30.0,0.0,225148500
2020-03-26,22.51692771911621,31.25,0.0,32.0,30.5,30.75,0.0,142242900
2020-03-27,21.61625099182129,30.0,0.0,31.75,29.5,31.5,0.0,148090400
2020-03-30,20.895708084106445,29.0,0.0,29.0,29.0,29.0,0.0,7500500
2020-03-31,22.15665626525879,30.75,0.0,30.75,29.0,29.0,0.0,113739000
2020-04-01,21.796384811401367,30.25,0.0,31.25,30.0,30.25,0.0,112603400
2020-04-02,24.318283081054688,33.75,0.0,34.5,30.5,30.75,0.0,235135400
2020-04-03,25.5792293548584,35.5,0.0,36.75,34.0,35.5,0.0,267035700
2020-04-07,27.560720443725586,38.25,0.0,38.75,37.0,38.5,0.0,214399300
2020-04-08,25.93950080871582,36.0,0.0,37.5,35.75,37.5,0.0,171353300
2020-04-09,25.759366989135742,35.75,0.0,37.25,35.0,37.0,0.0,155937800
2020-04-10,25.93950080871582,36.0,0.0,36.25,34.5,35.0,0.0,79974300
2020-04-13,25.759366989135742,35.75,0.0,36.0,35.0,35.5,0.0,65183100
2020-04-14,25.93950080871582,36.0,0.0,36.5,35.75,36.25,0.0,79894600
2020-04-15,25.5792293548584,35.5,0.0,36.0,35.0,35.5,0.0,89542500
2020-04-16,23.9580135345459,33.25,0.0,35.25,33.0,35.0,0.0,129900200
2020-04-17,24.678552627563477,34.25,0.0,34.75,33.25,34.5,0.0,122747300
2020-04-20,25.399091720581055,35.25,0.0,35.75,33.75,34.0,0.0,87463700
2020-04-21,24.4984188079834,34.0,0.0,34.75,33.75,34.5,0.0,109237800
2020-04-22,23.9580135345459,33.25,0.0,33.75,32.5,33.25,0.0,145407200
2020-04-23,24.318283081054688,33.75,0.0,34.25,33.5,33.75,0.0,102677100
2020-04-24,24.4984188079834,34.0,0.0,35.0,33.75,34.25,0.0,122083100
2020-04-27,24.4984188079834,34.0,0.0,34.75,33.75,34.75,0.0,52826400
2020-04-28,24.138145446777344,33.5,0.0,34.0,33.0,33.5,0.0,87950300
2020-04-29,24.4984188079834,34.0,0.0,34.25,33.5,34.0,0.0,70051700
2020-04-30,25.5792293548584,35.5,0.0,35.5,34.5,35.0,0.0,182032900
2020-05-05,25.21895980834961,35.0,0.0,35.75,34.5,35.25,0.0,93125700
2020-05-07,24.678552627563477,34.25,0.0,35.25,34.25,35.0,0.0,64787000
2020-05-08,25.399091720581055,35.25,0.0,35.5,34.5,34.75,0.0,68596200
2020-05-11,25.5792293548584,35.5,0.0,36.0,35.25,35.75,0.0,88413800
2020-05-12,26.11963653564453,36.25,0.0,36.25,35.25,35.5,0.0,71991100
2020-05-13,25.93950080871582,36.0,0.0,36.5,35.75,36.0,0.0,49095100
2020-05-14,25.5792293548584,35.5,0.0,35.75,35.0,35.5,0.0,45709300
2020-05-15,25.5792293548584,35.5,0.0,36.0,35.25,35.75,0.0,78668000
2020-05-18,25.93950080871582,36.0,0.0,36.5,36.0,36.0,0.0,77226800
2020-05-19,26.29977035522461,36.5,0.0,37.0,36.5,37.0,0.0,106752100
2020-05-20,26.47990608215332,36.75,0.0,37.0,36.25,36.5,0.0,46700700
2020-05-21,26.660043716430664,37.0,0.0,37.25,36.5,37.0,0.0,47689600
2020-05-22,25.759366989135742,35.75,0.0,36.75,35.5,36.5,0.0,69384300
2020-05-25,26.11963653564453,36.25,0.0,36.5,35.75,35.75,0.0,25186200
2020-05-26,26.47990608215332,36.75,0.0,37.25,36.5,36.75,0.0,47875500
2020-05-27,26.29977035522461,36.5,0.0,36.75,36.0,36.5,0.0,39041200
2020-05-28,25.5792293548584,35.5,0.0,36.75,35.5,36.5,0.0,74678900
2020-05-29,25.5792293548584,35.5,0.0,35.75,35.0,35.5,0.0,92200800
2020-06-01,25.93950080871582,36.0,0.0,36.5,35.75,35.75,0.0,57097800
2020-06-02,26.660043716430664,37.0,0.0,37.0,35.75,36.25,0.0,53305400
2020-06-04,27.380582809448242,38.0,0.0,38.25,37.25,37.75,0.0,112629200
2020-06-05,28.46139144897461,39.5,0.0,40.5,37.5,38.0,0.0,172777600
2020-06-08,29.362075805664062,40.75,0.0,41.5,40.25,40.5,0.0,120902300
2020-06-09,28.10112762451172,39.0,0.0,40.5,38.75,40.25,0.0,116567300
2020-06-10,28.281261444091797,39.25,0.0,39.5,38.5,39.5,0.0,66057000
2020-06-11,27.740854263305664,38.5,0.0,39.25,38.0,39.0,0.0,55341900
2020-06-12,26.840181350708008,37.25,0.0,37.75,36.75,37.25,0.0,93979600
2020-06-15,26.29977035522461,36.5,0.0,37.25,36.0,36.75,0.0,74051700
2020-06-16,27.380582809448242,38.0,0.0,38.5,37.25,37.75,0.0,78565000
2020-06-17,27.380582809448242,38.0,0.0,38.0,37.0,37.5,0.0,77566900
2020-06-18,27.2004451751709,37.75,0.0,38.0,37.0,37.25,0.0,34172200
2020-06-19,27.560720443725586,38.25,0.0,38.25,37.5,38.0,0.0,48335300
2020-06-22,27.740854263305664,38.5,0.0,38.5,37.75,38.0,0.0,43698000
2020-06-23,27.920991897583008,38.75,0.0,38.75,38.25,38.75,0.0,27061200
2020-06-24,27.020313262939453,37.5,0.0,39.0,37.25,39.0,0.0,45653000
2020-06-25,26.840181350708008,37.25,0.0,37.25,36.25,37.0,0.0,50161000
2020-06-26,26.660043716430664,37.0,0.0,38.0,37.0,37.75,0.0,32050100
2020-06-29,26.840181350708008,37.25,0.0,37.5,36.5,36.5,0.0,35798700
2020-06-30,27.2004451751709,37.75,0.0,38.25,37.5,37.75,0.0,48960900
2020-07-01,27.740854263305664,38.5,0.0,38.5,37.5,38.0,0.0,51477700
2020-07-02,28.10112762451172,39.0,0.0,39.75,38.25,38.5,0.0,85892400
2020-07-03,28.281261444091797,39.25,0.0,39.75,38.75,39.25,0.0,45900700
2020-07-07,29.00179672241211,40.25,0.0,41.0,39.75,39.75,0.0,98297800
2020-07-08,28.46139144897461,39.5,0.0,40.5,39.0,40.0,0.0,75150800
2020-07-09,28.281261444091797,39.25,0.0,39.75,39.0,39.5,0.0,52227100
2020-07-10,27.560720443725586,38.25,0.0,39.0,38.0,38.75,0.0,51049000
2020-07-13,27.020313262939453,37.5,0.0,38.75,37.5,38.5,0.0,51480300
2020-07-14,27.380582809448242,38.0,0.0,38.0,37.0,37.25,0.0,33133600
2020-07-15,27.920991897583008,38.75,0.0,39.0,38.0,38.25,0.0,44600300
2020-07-16,27.560720443725586,38.25,0.0,38.75,37.75,38.75,0.0,37275700
2020-07-17,27.920991897583008,38.75,0.0,39.0,38.0,38.5,0.0,27833900
2020-07-20,27.740854263305664,38.5,0.0,39.0,38.25,38.5,0.0,25566500
2020-07-21,29.00179672241211,40.25,0.0,40.5,39.0,39.0,0.0,65615400
2020-07-22,28.46139144897461,39.5,0.0,40.75,39.0,40.25,0.0,65462200
2020-07-23,28.641536712646484,39.75,0.0,40.0,39.0,39.5,0.0,36524100
2020-07-24,27.740854263305664,38.5,0.0,39.25,38.5,39.0,0.0,42731400
2020-07-29,27.740854263305664,38.5,0.0,38.75,38.25,38.5,0.0,29212400
2020-07-30,27.380582809448242,38.0,0.0,39.0,38.0,38.5,0.0,37445600
2020-07-31,28.10112762451172,39.0,0.0,39.25,37.25,38.25,0.0,75399200
2020-08-03,27.740854263305664,38.5,0.0,39.0,38.25,39.0,0.0,35058600
2020-08-04,27.380582809448242,38.0,0.0,39.0,38.0,38.75,0.0,60854500
2020-08-05,28.10112762451172,39.0,0.0,39.25,38.0,38.25,0.0,61561600
2020-08-06,27.920991897583008,38.75,0.0,39.5,38.5,38.75,0.0,34953700
2020-08-07,27.560720443725586,38.25,0.0,38.75,37.75,38.5,0.0,59234200
2020-08-10,27.2004451751709,37.75,0.0,38.5,37.75,38.25,0.0,23190400
2020-08-11,27.020313262939453,37.5,0.0,38.5,37.5,38.0,0.0,61644200
2020-08-13,27.560720443725586,38.25,0.0,38.75,37.75,37.75,0.0,61045300
2020-08-14,27.2004451751709,37.75,0.0,38.5,37.5,38.25,0.0,38129200
2020-08-17,27.380582809448242,38.0,0.0,38.25,37.75,38.0,0.0,20152300
2020-08-18,27.380582809448242,38.0,0.0,38.25,37.75,38.0,0.0,31995400
2020-08-19,26.840181350708008,37.25,0.0,38.25,37.25,38.25,0.0,55437600
2020-08-20,26.11963653564453,36.25,0.0,37.25,36.25,37.0,0.0,49667200
2020-08-21,26.29977035522461,36.5,0.0,37.0,36.25,36.75,0.0,35237700
2020-08-24,26.47990608215332,36.75,0.0,37.25,36.25,36.5,0.0,40119000
2020-08-25,26.840181350708008,37.25,0.0,37.75,37.0,37.0,0.0,40673600
2020-08-26,26.660043716430664,37.0,0.0,37.5,36.75,37.25,0.0,32468600
2020-08-27,26.840181350708008,37.25,0.0,38.0,37.0,37.25,0.0,66120700
2020-08-28,26.47990608215332,36.75,0.0,37.75,36.5,37.5,0.0,60845600
2020-08-31,25.93950080871582,36.0,0.0,37.25,36.0,36.75,0.0,58945200
2020-09-01,26.11963653564453,36.25,0.0,36.5,36.0,36.25,0.0,32744800
2020-09-02,26.29977035522461,36.5,0.0,36.5,36.0,36.25,0.0,31752700
2020-09-03,25.93950080871582,36.0,0.0,36.5,36.0,36.25,0.0,33798000
2020-09-08,25.21895980834961,35.0,0.0,35.75,35.0,35.5,0.0,38232100
2020-09-09,25.399091720581055,35.25,0.0,35.5,33.75,34.25,0.0,52814100
2020-09-10,25.399091720581055,35.25,0.0,35.75,35.0,35.25,0.0,33592600
2020-09-11,25.21895980834961,35.0,0.0,35.5,35.0,35.0,0.0,22348300
2020-09-14,25.21895980834961,35.0,0.0,35.5,35.0,35.25,0.0,30045200
2020-09-15,25.399091720581055,35.25,0.0,35.5,34.5,35.0,0.0,45036600
2020-09-16,25.399091720581055,35.25,0.0,35.5,35.0,35.25,0.0,37845700
2020-09-17,25.759366989135742,35.75,0.0,35.75,35.0,35.25,0.0,32618600
2020-09-18,25.399091720581055,35.25,0.0,35.75,35.0,35.75,0.0,56531100
2020-09-21,25.21895980834961,35.0,0.0,35.5,34.75,35.25,0.0,30099100
2020-09-22,24.678552627563477,34.25,0.0,34.75,34.0,34.5,0.0,53563000
2020-09-23,24.138145446777344,33.5,0.0,34.5,33.5,34.5,0.0,53308400
2020-09-24,23.417604446411133,32.5,0.0,33.5,32.5,33.0,0.0,65105400
2020-09-25,23.417604446411133,32.5,0.0,33.0,32.25,32.5,0.0,43553600
2020-09-28,24.138145446777344,33.5,0.0,33.5,32.5,32.75,0.0,43085800
2020-09-29,23.9580135345459,33.25,0.0,33.5,33.0,33.5,0.0,34346000
2020-09-30,23.18283462524414,32.0,0.18,33.25,32.0,33.0,0.0,55633600
2020-10-01,23.907299041748047,33.0,0.0,33.25,32.0,32.5,0.0,35311400
2020-10-02,23.363948822021484,32.25,0.0,33.0,31.75,32.75,0.0,46626700
2020-10-05,23.363948822021484,32.25,0.0,32.75,32.0,32.5,0.0,33832700
2020-10-06,23.907299041748047,33.0,0.0,33.25,32.5,32.75,0.0,67785500
2020-10-07,23.907299041748047,33.0,0.0,33.0,32.25,32.75,0.0,43231700
2020-10-08,23.907299041748047,33.0,0.0,33.75,32.75,33.0,0.0,55614500
2020-10-09,24.088417053222656,33.25,0.0,33.5,32.75,33.25,0.0,38909600
2020-10-12,24.812877655029297,34.25,0.0,34.5,33.0,33.25,0.0,78586500
2020-10-14,24.088417053222656,33.25,0.0,34.0,33.0,33.75,0.0,60663600
2020-10-15,23.907299041748047,33.0,0.0,33.5,32.75,33.0,0.0,61294100
2020-10-16,23.726181030273438,32.75,0.0,33.25,32.5,33.0,0.0,49334500
2020-10-19,23.545066833496094,32.5,0.0,32.75,32.25,32.5,0.0,37145300
2020-10-20,23.363948822021484,32.25,0.0,32.5,31.5,32.0,0.0,54014500
2020-10-21,23.363948822021484,32.25,0.0,32.5,31.75,32.25,0.0,49705800
2020-10-22,23.363948822021484,32.25,0.0,32.75,31.5,32.0,0.0,38068700
2020-10-26,23.363948822021484,32.25,0.0,32.25,31.5,32.0,0.0,32681300
2020-10-27,23.18283462524414,32.0,0.0,32.25,31.5,31.75,0.0,47632800
2020-10-28,22.820602416992188,31.5,0.0,32.25,31.5,31.75,0.0,51605900
2020-10-29,22.458372116088867,31.0,0.0,31.25,30.5,31.0,0.0,52314400
2020-10-30,22.458372116088867,31.0,0.0,31.25,30.5,31.0,0.0,56732200
2020-11-02,22.458372116088867,31.0,0.0,31.25,30.5,31.0,0.0,30857500
2020-11-03,23.726181030273438,32.75,0.0,32.75,31.25,31.25,0.0,65590200
2020-11-04,23.545066833496094,32.5,0.0,33.0,32.25,32.5,0.0,45413600
2020-11-05,24.631763458251953,34.0,0.0,34.0,33.0,33.25,0.0,82258200
2020-11-06,24.631763458251953,34.0,0.0,34.5,33.25,34.0,0.0,60023200
2020-11-09,25.17510986328125,34.75,0.0,35.75,34.5,34.5,0.0,93598600
2020-11-10,27.710735321044922,38.25,0.0,38.5,36.25,36.75,0.0,176251200
2020-11-11,27.710735321044922,38.25,0.0,38.75,37.25,38.5,0.0,110716000
2020-11-12,26.986270904541016,37.25,0.0,38.0,36.75,37.75,0.0,100172800
2020-11-13,27.16738510131836,37.5,0.0,38.0,36.5,36.75,0.0,71186700
2020-11-16,27.16738510131836,37.5,0.0,38.25,37.5,38.0,0.0,48351600
2020-11-17,27.16738510131836,37.5,0.0,38.0,37.25,37.5,0.0,66524600
2020-11-18,27.52961540222168,38.0,0.0,38.0,37.0,37.0,0.0,56396500
2020-11-19,27.34849739074707,37.75,0.0,38.25,37.5,38.0,0.0,51648000
2020-11-20,27.710735321044922,38.25,0.0,38.5,37.5,37.75,0.0,67251700
2020-11-23,29.34078025817871,40.5,0.0,40.5,38.75,38.75,0.0,138790200
2020-11-24,28.978546142578125,40.0,0.0,41.25,40.0,40.75,0.0,162888600
2020-11-25,30.065235137939453,41.5,0.0,42.0,40.25,41.25,0.0,195748500
2020-11-26,30.427467346191406,42.0,0.0,42.0,41.25,41.75,0.0,83353600
2020-11-27,30.246353149414062,41.75,0.0,42.0,41.5,41.5,0.0,54491000
2020-11-30,28.978546142578125,40.0,0.0,41.5,39.75,41.25,0.0,108599500
2020-12-01,29.703004837036133,41.0,0.0,41.5,40.25,40.5,0.0,55254600
2020-12-02,29.703004837036133,41.0,0.0,41.5,40.25,40.25,0.0,73399900
2020-12-03,30.608585357666016,42.25,0.0,42.5,40.75,41.5,0.0,96101000
2020-12-04,31.151935577392578,43.0,0.0,43.25,42.5,42.5,0.0,92410000
2020-12-08,31.333049774169922,43.25,0.0,44.0,42.25,42.5,0.0,117678700
2020-12-09,31.151935577392578,43.0,0.0,43.5,42.5,43.25,0.0,71762300
2020-12-14,30.608585357666016,42.25,0.0,43.5,42.25,42.75,0.0,77686300
2020-12-15,30.9708194732666,42.75,0.0,43.0,41.75,42.25,0.0,64379400
2020-12-16,30.789705276489258,42.5,0.0,43.25,42.25,43.0,0.0,52564400
2020-12-17,30.608585357666016,42.25,0.0,42.75,42.25,42.75,0.0,35362500
2020-12-18,30.9708194732666,42.75,0.0,43.25,42.25,42.25,0.0,134028200
2020-12-21,29.34078025817871,40.5,0.0,42.25,40.5,41.75,0.0,106732300
2020-12-22,29.884122848510742,41.25,0.0,41.75,40.0,40.75,0.0,97200700
2020-12-23,29.15965461730957,40.25,0.0,41.75,40.25,41.0,0.0,122121200
2020-12-24,29.884122848510742,41.25,0.0,41.5,40.75,40.75,0.0,45405500
2020-12-25,30.427467346191406,42.0,0.0,42.25,41.25,41.25,0.0,32414000
2020-12-28,29.703004837036133,41.0,0.0,42.75,41.0,42.25,0.0,60698100
2020-12-29,30.789705276489258,42.5,0.0,42.5,41.0,41.25,0.0,41046600
2020-12-30,30.789705276489258,42.5,0.0,43.25,42.25,43.25,0.0,67293300
2021-01-04,30.789705276489258,42.5,0.0,42.75,40.75,41.0,0.0,74638600
2021-01-05,30.427467346191406,42.0,0.0,42.5,41.25,42.25,0.0,75867500
2021-01-06,30.9708194732666,42.75,0.0,43.5,42.5,43.0,0.0,88565400
2021-01-07,30.789705276489258,42.5,0.0,43.25,42.25,43.0,0.0,63128900
2021-01-08,30.9708194732666,42.75,0.0,43.5,42.0,42.75,0.0,83698400
2021-01-11,31.151935577392578,43.0,0.0,43.0,42.5,42.75,0.0,45553200
2021-01-12,31.695283889770508,43.75,0.0,44.0,42.5,43.0,0.0,101081900
2021-01-13,32.23863220214844,44.5,0.0,45.0,44.0,44.0,0.0,129830400
2021-01-14,31.87639808654785,44.0,0.0,44.75,44.0,44.5,0.0,66527800
2021-01-15,31.333049774169922,43.25,0.0,44.75,43.0,44.25,0.0,124773600
2021-01-18,30.789705276489258,42.5,0.0,43.25,42.0,43.0,0.0,82965000
2021-01-19,29.703004837036133,41.0,0.0,42.5,41.0,42.25,0.0,154588600
2021-01-20,29.703004837036133,41.0,0.0,41.75,41.0,41.25,0.0,93360500
2021-01-21,29.521894454956055,40.75,0.0,41.5,40.5,41.5,0.0,73920700
2021-01-22,28.616308212280273,39.5,0.0,40.75,39.5,40.75,0.0,105024200
2021-01-25,28.978546142578125,40.0,0.0,40.5,39.5,39.5,0.0,78808700
2021-01-26,28.797433853149414,39.75,0.0,40.0,39.25,39.75,0.0,66223400
2021-01-27,28.435195922851562,39.25,0.0,39.75,39.25,39.5,0.0,53759100
2021-01-28,27.891849517822266,38.5,0.0,39.0,38.5,39.0,0.0,78536000
2021-01-29,27.34849739074707,37.75,0.0,39.0,37.75,38.75,0.0,99172400
2021-02-01,28.435195922851562,39.25,0.0,39.25,37.0,37.5,0.0,161452500
2021-02-02,28.07296371459961,38.75,0.0,40.0,38.75,39.75,0.0,123434300
2021-02-03,27.710735321044922,38.25,0.0,39.5,38.0,39.25,0.0,103367800
2021-02-04,27.710735321044922,38.25,0.0,38.75,38.0,38.75,0.0,92014700
2021-02-05,28.25408172607422,39.0,0.0,39.5,38.5,38.75,0.0,103580800
2021-02-08,29.15965461730957,40.25,0.0,40.75,39.25,39.5,0.0,128518800
2021-02-09,29.703004837036133,41.0,0.0,41.75,40.75,41.0,0.0,135090700
2021-02-10,29.521894454956055,40.75,0.0,41.25,40.25,41.0,0.0,73597200
2021-02-11,29.15965461730957,40.25,0.0,41.25,40.0,41.0,0.0,63452700
2021-02-15,29.884122848510742,41.25,0.0,41.5,40.75,40.75,0.0,84832900
2021-02-16,29.884122848510742,41.25,0.0,42.0,41.25,41.75,0.0,69476400
2021-02-17,29.521894454956055,40.75,0.0,41.25,40.5,41.0,0.0,46059200
2021-02-18,29.34078025817871,40.5,0.0,41.5,40.0,40.75,0.0,78147700
2021-02-19,28.978546142578125,40.0,0.0,40.25,39.5,40.0,0.0,60699900
2021-02-22,28.978546142578125,40.0,0.0,40.5,39.5,40.0,0.0,51572700
2021-02-23,29.34078025817871,40.5,0.0,41.25,40.0,40.25,0.0,98305000
2021-02-24,28.616308212280273,39.5,0.0,40.75,39.5,40.5,0.0,88002400
2021-02-25,28.978546142578125,40.0,0.0,40.75,39.75,40.25,0.0,106429500
2021-03-01,28.978546142578125,40.0,0.0,40.25,39.75,40.0,0.0,55518400
2021-03-02,28.797433853149414,39.75,0.0,40.25,39.5,39.75,0.0,54742000
2021-03-03,29.703004837036133,41.0,0.0,41.0,40.0,40.0,0.0,76191500
2021-03-04,29.569950103759766,40.0,0.82,40.5,40.0,40.25,0.0,85198500
2021-03-05,29.93956756591797,40.5,0.0,41.25,40.25,40.25,0.0,90370700
2021-03-08,31.048433303833008,42.0,0.0,42.5,41.5,41.5,0.0,126615700
2021-03-09,30.494001388549805,41.25,0.0,42.25,41.0,42.25,0.0,95147400
2021-03-10,30.678810119628906,41.5,0.0,41.5,40.75,41.0,0.0,79871400
2021-03-11,30.678810119628906,41.5,0.0,42.0,41.25,41.75,0.0,61501400
2021-03-12,30.86362648010254,41.75,0.0,42.0,41.25,41.75,0.0,63249100
2021-03-15,30.494001388549805,41.25,0.0,42.0,41.0,41.75,0.0,80602500
2021-03-16,30.124378204345703,40.75,0.0,41.25,40.5,41.25,0.0,63962400
2021-03-17,29.93956756591797,40.5,0.0,40.75,40.0,40.5,0.0,94213200
2021-03-18,29.93956756591797,40.5,0.0,41.25,40.5,40.75,0.0,48932200
2021-03-19,29.93956756591797,40.5,0.0,40.5,39.75,40.0,0.0,80270400
2021-03-22,29.93956756591797,40.5,0.0,40.75,40.0,40.5,0.0,34058900
2021-03-23,29.754749298095703,40.25,0.0,40.5,40.0,40.25,0.0,35990800
2021-03-24,29.754749298095703,40.25,0.0,40.25,39.75,40.0,0.0,45431600
2021-03-25,29.754749298095703,40.25,0.0,40.5,40.0,40.25,0.0,41435200
2021-03-26,29.754749298095703,40.25,0.0,40.5,40.0,40.25,0.0,23495900
2021-03-29,30.124378204345703,40.75,0.0,41.0,40.25,40.5,0.0,49691200
2021-03-30,30.124378204345703,40.75,0.0,41.25,40.5,41.0,0.0,45195300
2021-03-31,30.30919075012207,41.0,0.0,41.25,40.5,40.5,0.0,57139700
2021-04-01,30.124378204345703,40.75,0.0,41.25,40.75,41.0,0.0,52230600
2021-04-02,29.93956756591797,40.5,0.0,41.25,40.5,41.25,0.0,40479900
2021-04-05,29.569950103759766,40.0,0.0,40.75,40.0,40.5,0.0,28921000
2021-04-07,29.200315475463867,39.5,0.0,40.0,39.25,39.75,0.0,83189600
2021-04-08,28.83069610595703,39.0,0.0,39.5,39.0,39.25,0.0,37568700
2021-04-09,29.015506744384766,39.25,0.0,39.75,39.0,39.0,0.0,51489000
2021-04-12,28.83069610595703,39.0,0.0,39.5,38.75,39.25,0.0,37609500
2021-04-16,29.3851318359375,39.75,0.0,40.0,39.25,39.5,0.0,60260500
2021-04-19,29.3851318359375,39.75,0.0,40.0,39.5,39.75,0.0,30128300
2021-04-20,29.3851318359375,39.75,0.0,40.25,39.5,39.75,0.0,34410000
2021-04-21,29.015506744384766,39.25,0.0,39.5,39.0,39.5,0.0,40084200
2021-04-22,28.83069610595703,39.0,0.0,39.5,39.0,39.25,0.0,36460500
2021-04-23,28.645883560180664,38.75,0.0,39.0,38.5,39.0,0.0,33893600
2021-04-26,28.645883560180664,38.75,0.0,39.0,38.5,38.75,0.0,34829000
2021-04-27,28.83069610595703,39.0,0.0,39.0,38.5,38.75,0.0,26567400
2021-04-28,29.015506744384766,39.25,0.0,39.5,38.75,39.0,0.0,35232600
2021-04-29,29.93956756591797,40.5,0.0,40.75,39.5,39.75,0.0,77856600
2021-04-30,29.569950103759766,40.0,0.0,40.75,40.0,40.5,0.0,53259900
2021-05-05,29.200315475463867,39.5,0.0,41.0,39.25,40.75,0.0,97820000
2021-05-06,29.3851318359375,39.75,0.0,40.25,39.25,39.75,0.0,51747300
2021-05-07,29.93956756591797,40.5,0.0,40.5,39.75,40.0,0.0,43201900
2021-05-10,29.93956756591797,40.5,0.0,41.0,40.0,40.75,0.0,39373600
2021-05-11,29.754749298095703,40.25,0.0,40.5,39.75,40.0,0.0,45648500
2021-05-12,29.3851318359375,39.75,0.0,40.25,39.5,40.0,0.0,57783300
2021-05-13,29.569950103759766,40.0,0.0,40.0,39.25,39.5,0.0,76074000
2021-05-14,29.754749298095703,40.25,0.0,40.5,39.5,40.25,0.0,75052100
2021-05-17,29.3851318359375,39.75,0.0,40.5,39.75,40.25,0.0,57341500
2021-05-18,29.569950103759766,40.0,0.0,40.5,39.75,40.0,0.0,61374500
2021-05-19,29.3851318359375,39.75,0.0,39.75,39.25,39.5,0.0,53432200
2021-05-20,28.83069610595703,39.0,0.0,39.75,38.75,39.75,0.0,76811700
2021-05-21,28.461069107055664,38.5,0.0,39.0,38.0,38.75,0.0,108867200
2021-05-24,28.276256561279297,38.25,0.0,39.0,38.0,38.5,0.0,53404300
2021-05-25,28.645883560180664,38.75,0.0,39.0,38.5,38.75,0.0,47606200
2021-05-27,28.645883560180664,38.75,0.0,39.25,38.5,39.0,0.0,201215000
2021-05-28,29.015506744384766,39.25,0.0,39.5,39.0,39.25,0.0,47154300
2021-05-31,29.200315475463867,39.5,0.0,39.5,39.0,39.25,0.0,32629600
2021-06-01,30.678810119628906,41.5,0.0,41.5,40.0,40.0,0.0,139641800
2021-06-02,30.678810119628906,41.5,0.0,42.0,41.25,41.75,0.0,90445900
2021-06-04,30.494001388549805,41.25,0.0,41.75,41.0,41.25,0.0,76905100
2021-06-07,30.494001388549805,41.25,0.0,41.75,41.0,41.5,0.0,65914800
2021-06-08,29.93956756591797,40.5,0.0,41.5,40.5,41.25,0.0,49609300
2021-06-09,30.124378204345703,40.75,0.0,41.25,40.75,40.75,0.0,36053500
2021-06-10,30.124378204345703,40.75,0.0,41.0,40.5,40.75,0.0,28605300
2021-06-11,30.678810119628906,41.5,0.0,41.5,40.75,41.0,0.0,38833600
2021-06-14,30.678810119628906,41.5,0.0,41.75,41.25,41.75,0.0,26194000
2021-06-15,30.124378204345703,40.75,0.0,41.5,40.75,41.25,0.0,55556800
2021-06-16,30.494001388549805,41.25,0.0,42.0,40.75,41.0,0.0,117516500
2021-06-17,30.30919075012207,41.0,0.0,41.75,41.0,41.25,0.0,36768900
2021-06-18,29.569950103759766,40.0,0.0,41.25,40.0,41.0,0.0,122846500
2021-06-21,29.3851318359375,39.75,0.0,40.0,39.5,39.75,0.0,71785600
2021-06-22,29.569950103759766,40.0,0.0,40.75,40.0,40.0,0.0,50246400
2021-06-23,29.569950103759766,40.0,0.0,40.5,40.0,40.25,0.0,31244600
2021-06-24,29.569950103759766,40.0,0.0,40.25,39.5,40.0,0.0,43225600
2021-06-25,29.3851318359375,39.75,0.0,40.5,39.75,40.0,0.0,41171000
2021-06-28,29.3851318359375,39.75,0.0,40.0,39.5,39.75,0.0,30819800
2021-06-29,29.200315475463867,39.5,0.0,40.0,39.5,39.75,0.0,38739300
2021-06-30,29.015506744384766,39.25,0.0,39.75,39.25,39.5,0.0,41053800
2021-07-01,28.83069610595703,39.0,0.0,39.5,39.0,39.25,0.0,57676100
2021-07-02,28.645883560180664,38.75,0.0,39.5,38.5,39.25,0.0,102326100
2021-07-05,28.83069610595703,39.0,0.0,39.25,38.5,38.75,0.0,37405700
2021-07-06,28.83069610595703,39.0,0.0,39.5,39.0,39.25,0.0,20708400
2021-07-07,28.645883560180664,38.75,0.0,39.25,38.75,39.0,0.0,32207000
2021-07-08,27.537010192871094,37.25,0.0,38.75,37.0,38.5,0.0,127566500
2021-07-09,27.537010192871094,37.25,0.0,38.0,37.0,37.25,0.0,57764800
2021-07-12,27.352195739746094,37.0,0.0,37.75,37.0,37.5,0.0,52279800
2021-07-13,27.906631469726562,37.75,0.0,38.0,37.0,37.0,0.0,44033500
2021-07-14,27.721820831298828,37.5,0.0,38.0,37.25,37.75,0.0,43594900
2021-07-15,27.537010192871094,37.25,0.0,37.75,37.0,37.75,0.0,80596200
2021-07-16,27.721820831298828,37.5,0.0,37.5,37.0,37.25,0.0,25437600
2021-07-19,26.98257064819336,36.5,0.0,37.25,36.5,37.0,0.0,67501000
2021-07-20,26.428138732910156,35.75,0.0,36.5,35.5,36.25,0.0,139101700
2021-07-21,26.61294937133789,36.0,0.0,36.25,35.5,35.75,0.0,71498400
2021-07-22,26.797760009765625,36.25,0.0,36.5,36.0,36.25,0.0,25587300
2021-07-23,26.428138732910156,35.75,0.0,36.25,35.5,36.0,0.0,41631800
2021-07-27,26.243322372436523,35.5,0.0,36.0,35.25,35.75,0.0,38861800
2021-07-29,26.243322372436523,35.5,0.0,35.75,35.0,35.5,0.0,58569300
2021-07-30,25.688884735107422,34.75,0.0,35.25,34.5,35.0,0.0,80028700
2021-08-02,25.873699188232422,35.0,0.0,35.0,34.25,34.75,0.0,67631700
2021-08-03,26.05851173400879,35.25,0.0,35.5,34.75,35.0,0.0,42044900
2021-08-04,25.873699188232422,35.0,0.0,35.5,35.0,35.25,0.0,51778500
2021-08-05,25.50407600402832,34.5,0.0,35.0,34.5,34.75,0.0,63568300
2021-08-06,25.50407600402832,34.5,0.0,34.75,34.0,34.5,0.0,69864700
2021-08-09,25.50407600402832,34.5,0.0,34.75,34.25,34.75,0.0,51686900
2021-08-10,25.688884735107422,34.75,0.0,35.25,34.5,34.75,0.0,79799300
2021-08-11,25.50407600402832,34.5,0.0,35.0,34.25,35.0,0.0,81840800
2021-08-13,25.873699188232422,35.0,0.0,35.25,34.25,34.75,0.0,74494100
2021-08-16,26.05851173400879,35.25,0.0,35.25,34.75,34.75,0.0,45881900
2021-08-17,26.61294937133789,36.0,0.0,36.0,35.0,35.25,0.0,112879000
2021-08-18,26.428138732910156,35.75,0.0,36.5,35.75,36.0,0.0,83022700
2021-08-19,26.05851173400879,35.25,0.0,35.75,35.25,35.5,0.0,47716600
2021-08-20,25.873699188232422,35.0,0.0,35.75,34.75,35.25,0.0,56414400
2021-08-23,26.61294937133789,36.0,0.0,36.5,35.0,35.25,0.0,87545600
2021-08-24,27.352195739746094,37.0,0.0,38.0,36.75,37.0,0.0,142064800
2021-08-25,27.537010192871094,37.25,0.0,37.75,36.75,37.25,0.0,88846900
2021-08-26,27.352195739746094,37.0,0.0,37.5,37.0,37.5,0.0,45226100
2021-08-27,27.906631469726562,37.75,0.0,37.75,37.0,37.25,0.0,66171000
2021-08-30,28.645883560180664,38.75,0.0,38.75,38.0,38.0,0.0,97994200
2021-08-31,28.276256561279297,38.25,0.0,38.75,38.0,38.5,0.0,98277700
2021-09-01,27.721820831298828,37.5,0.0,38.5,37.5,38.25,0.0,83087800
2021-09-02,28.09144401550293,38.0,0.0,38.25,37.25,37.5,0.0,53803000
2021-09-03,28.276256561279297,38.25,0.0,38.5,37.75,38.25,0.0,49420400
2021-09-06,28.09144401550293,38.0,0.0,38.25,37.5,38.0,0.0,28381900
2021-09-07,27.721820831298828,37.5,0.0,38.25,37.5,37.75,0.0,75256800
2021-09-08,27.537010192871094,37.25,0.0,37.75,37.0,37.25,0.0,41794200
2021-09-09,27.537010192871094,37.25,0.0,37.75,37.0,37.0,0.0,52432500
2021-09-10,28.09144401550293,38.0,0.0,38.25,37.0,37.5,0.0,41561200
2021-09-13,28.276256561279297,38.25,0.0,38.5,37.75,38.0,0.0,62065800
2021-09-14,28.83069610595703,39.0,0.0,39.0,38.25,38.5,0.0,75280400
2021-09-15,28.83069610595703,39.0,0.0,39.5,38.75,39.0,0.0,59325300
2021-09-16,29.3851318359375,39.75,0.0,39.75,39.25,39.25,0.0,81297200
2021-09-17,28.83069610595703,39.0,0.0,40.25,39.0,40.0,0.0,141093900
2021-09-20,28.83069610595703,39.0,0.0,39.25,38.5,38.75,0.0,75862900
2021-09-21,29.200315475463867,39.5,0.0,39.5,38.75,38.75,0.0,57929900
2021-09-22,29.200315475463867,39.5,0.0,39.75,39.25,39.5,0.0,44421800
2021-09-23,29.569950103759766,40.0,0.0,40.25,39.5,39.75,0.0,63355900
2021-09-27,29.93956756591797,40.5,0.0,40.75,40.0,40.25,0.0,114666600
2021-09-28,29.93956756591797,40.5,0.0,41.0,40.25,40.75,0.0,104953600
2021-09-29,29.90147590637207,39.25,1.2,39.5,39.0,39.25,0.0,90070800
2021-09-30,29.711021423339844,39.0,0.0,39.25,38.75,39.0,0.0,63650300
2021-10-01,29.52056884765625,38.75,0.0,39.0,38.5,38.75,0.0,38212800
2021-10-04,29.711021423339844,39.0,0.0,39.5,39.0,39.0,0.0,53749600
2021-10-05,30.282386779785156,39.75,0.0,39.75,39.25,39.25,0.0,42021700
2021-10-06,30.472848892211914,40.0,0.0,40.25,39.5,39.75,0.0,67639600
2021-10-07,30.091928482055664,39.5,0.0,40.0,39.25,40.0,0.0,77452800
2021-10-08,30.282386779785156,39.75,0.0,40.0,39.5,39.75,0.0,25810400
2021-10-11,30.472848892211914,40.0,0.0,40.25,39.75,40.0,0.0,58294200
2021-10-12,30.472848892211914,40.0,0.0,40.25,39.5,40.0,0.0,40520000
2021-10-14,30.091928482055664,39.5,0.0,40.0,39.25,39.75,0.0,51400700
2021-10-15,29.90147590637207,39.25,0.0,40.0,39.0,39.75,0.0,51076700
2021-10-18,30.472848892211914,40.0,0.0,40.0,39.5,39.5,0.0,39184000
2021-10-19,30.091928482055664,39.5,0.0,40.25,39.25,40.0,0.0,54502400
2021-10-20,30.091928482055664,39.5,0.0,39.75,39.25,39.5,0.0,43860200
2021-10-21,30.472848892211914,40.0,0.0,40.0,39.5,39.75,0.0,45160800
2021-10-25,30.091928482055664,39.5,0.0,40.0,39.25,39.75,0.0,23571500
2021-10-26,29.90147590637207,39.25,0.0,39.75,38.75,39.5,0.0,54563900
2021-10-27,29.52056884765625,38.75,0.0,39.25,38.75,39.25,0.0,35816700
2021-10-28,29.1396541595459,38.25,0.0,38.75,38.0,38.5,0.0,57779100
2021-10-29,28.94919776916504,38.0,0.0,38.5,38.0,38.25,0.0,49185600
2021-11-01,28.94919776916504,38.0,0.0,38.5,37.5,38.0,0.0,54152100
2021-11-02,28.94919776916504,38.0,0.0,38.25,37.75,38.0,0.0,38169900
2021-11-03,28.758743286132812,37.75,0.0,38.25,37.5,38.0,0.0,26751000
2021-11-04,28.568288803100586,37.5,0.0,37.75,37.0,37.5,0.0,57080200
2021-11-05,28.37783432006836,37.25,0.0,37.75,37.25,37.5,0.0,34196500
2021-11-08,29.1396541595459,38.25,0.0,38.25,37.5,37.5,0.0,52474600
2021-11-09,29.1396541595459,38.25,0.0,39.0,38.25,38.25,0.0,68309500
2021-11-10,29.330110549926758,38.5,0.0,38.75,38.0,38.25,0.0,40667200
2021-11-11,28.94919776916504,38.0,0.0,38.5,38.0,38.25,0.0,27612600
2021-11-12,28.568288803100586,37.5,0.0,38.25,37.5,38.25,0.0,34319600
2021-11-15,28.94919776916504,38.0,0.0,38.25,37.5,37.5,0.0,27749200
2021-11-16,28.758743286132812,37.75,0.0,38.5,37.75,37.75,0.0,57516600
2021-11-17,28.94919776916504,38.0,0.0,38.5,38.0,38.0,0.0,45437900
2021-11-18,28.758743286132812,37.75,0.0,38.25,37.75,38.0,0.0,37107700
2021-11-19,28.758743286132812,37.75,0.0,38.25,37.5,38.0,0.0,40590100
2021-11-22,28.37783432006836,37.25,0.0,37.75,37.0,37.75,0.0,93525700
2021-11-23,28.1873779296875,37.0,0.0,37.75,37.0,37.5,0.0,55594000
2021-11-24,28.758743286132812,37.75,0.0,38.0,37.5,37.5,0.0,40737600
2021-11-25,28.758743286132812,37.75,0.0,38.25,37.5,38.0,0.0,30842500
2021-11-26,28.1873779296875,37.0,0.0,37.75,36.75,37.5,0.0,68866700
2021-11-29,27.42555809020996,36.0,0.0,37.0,36.0,36.75,0.0,76252300
2021-11-30,27.044645309448242,35.5,0.0,36.75,35.5,36.5,0.0,121299400
2021-12-01,27.996923446655273,36.75,0.0,37.0,35.5,35.75,0.0,64936900
2021-12-02,28.37783432006836,37.25,0.0,37.25,36.0,36.25,0.0,61302400
2021-12-03,27.996923446655273,36.75,0.0,37.5,36.75,37.25,0.0,36459300
2021-12-07,28.568288803100586,37.5,0.0,37.75,37.0,37.25,0.0,61053200
2021-12-08,28.568288803100586,37.5,0.0,38.0,37.5,37.5,0.0,34299900
2021-12-09,28.568288803100586,37.5,0.0,37.75,37.0,37.5,0.0,52624400
2021-12-13,28.568288803100586,37.5,0.0,38.0,37.0,37.75,0.0,84879300
2021-12-14,28.758743286132812,37.75,0.0,37.75,37.25,37.5,0.0,36242300
2021-12-15,28.568288803100586,37.5,0.0,37.75,37.25,37.5,0.0,38990500
2021-12-16,28.568288803100586,37.5,0.0,37.75,37.0,37.5,0.0,35239100
2021-12-17,28.94919776916504,38.0,0.0,38.0,37.5,37.5,0.0,67784100
2021-12-20,28.37783432006836,37.25,0.0,37.75,37.0,37.5,0.0,39688100
2021-12-21,28.1873779296875,37.0,0.0,37.5,37.0,37.5,0.0,21118200
2021-12-22,28.568288803100586,37.5,0.0,37.5,37.25,37.5,0.0,9297200
2021-12-23,28.94919776916504,38.0,0.0,38.0,37.5,37.5,0.0,41667500
2021-12-24,28.94919776916504,38.0,0.0,38.25,37.75,38.0,0.0,19817700
2021-12-27,28.758743286132812,37.75,0.0,38.0,37.5,38.0,0.0,29699300
2021-12-28,28.94919776916504,38.0,0.0,38.0,37.75,37.75,0.0,18096900
2021-12-29,29.1396541595459,38.25,0.0,38.25,37.75,37.75,0.0,42015700
2021-12-30,28.94919776916504,38.0,0.0,38.5,38.0,38.5,0.0,45388600
2022-01-04,28.94919776916504,38.0,0.0,38.5,38.0,38.25,0.0,59500200
2022-01-05,29.711021423339844,39.0,0.0,39.0,38.0,38.25,0.0,76590500
2022-01-06,28.94919776916504,38.0,0.0,39.0,38.0,39.0,0.0,71677600
2022-01-07,29.52056884765625,38.75,0.0,38.75,38.25,38.5,0.0,59556500
2022-01-10,29.330110549926758,38.5,0.0,38.75,38.0,38.75,0.0,34789500
2022-01-11,29.711021423339844,39.0,0.0,39.0,38.25,38.25,0.0,35007100
2022-01-12,29.90147590637207,39.25,0.0,39.5,39.0,39.25,0.0,36693300
2022-01-13,29.90147590637207,39.25,0.0,39.5,38.75,39.5,0.0,41109600
2022-01-14,29.52056884765625,38.75,0.0,39.0,38.5,39.0,0.0,34315800
2022-01-17,29.52056884765625,38.75,0.0,39.25,38.5,39.0,0.0,32721000
2022-01-18,28.94919776916504,38.0,0.0,38.75,38.0,38.75,0.0,45708100
2022-01-19,29.711021423339844,39.0,0.0,39.25,38.25,38.25,0.0,94167200
2022-01-20,30.091928482055664,39.5,0.0,39.5,39.0,39.5,0.0,45122000
2022-01-21,29.52056884765625,38.75,0.0,39.25,38.25,39.0,0.0,69342700
2022-01-24,29.330110549926758,38.5,0.0,38.75,38.0,38.5,0.0,63689200
2022-01-25,29.1396541595459,38.25,0.0,38.5,38.0,38.25,0.0,39626500
2022-01-26,29.711021423339844,39.0,0.0,39.0,38.25,38.5,0.0,51285800
2022-01-27,29.52056884765625,38.75,0.0,38.75,38.0,38.5,0.0,53237100
2022-01-28,29.52056884765625,38.75,0.0,39.0,38.5,38.75,0.0,33797400
2022-01-31,29.711021423339844,39.0,0.0,39.5,38.75,39.0,0.0,69888200
2022-02-01,29.52056884765625,38.75,0.0,39.5,38.75,39.5,0.0,29896300
2022-02-02,29.52056884765625,38.75,0.0,39.0,38.25,38.75,0.0,35655800
2022-02-03,29.52056884765625,38.75,0.0,39.0,38.5,38.5,0.0,50852600
2022-02-04,30.282386779785156,39.75,0.0,40.0,39.0,39.0,0.0,107894100
2022-02-07,30.472848892211914,40.0,0.0,40.25,39.5,40.0,0.0,88542300
2022-02-08,30.663291931152344,40.25,0.0,40.5,40.0,40.0,0.0,103839300
2022-02-09,30.85375213623047,40.5,0.0,40.75,39.5,40.25,0.0,132279000
2022-02-10,30.85375213623047,40.5,0.0,40.75,40.25,40.5,0.0,68752900
2022-02-11,30.663291931152344,40.25,0.0,40.5,40.0,40.25,0.0,52130700
2022-02-14,30.85375213623047,40.5,0.0,41.25,40.5,40.75,0.0,75857700
2022-02-15,30.663291931152344,40.25,0.0,40.75,40.0,40.5,0.0,57052600
2022-02-17,30.472848892211914,40.0,0.0,40.5,40.0,40.25,0.0,35510200
2022-02-18,30.091928482055664,39.5,0.0,40.0,39.5,40.0,0.0,63088500
2022-02-21,29.52056884765625,38.75,0.0,39.5,38.5,39.5,0.0,81379000
2022-02-22,29.711021423339844,39.0,0.0,39.25,38.5,39.0,0.0,79687700
2022-02-23,29.330110549926758,38.5,0.0,39.0,38.25,39.0,0.0,91735100
2022-02-24,29.52056884765625,38.75,0.0,39.0,38.25,38.5,0.0,76774900
2022-02-25,29.711021423339844,39.0,0.0,39.25,38.75,39.0,0.0,39802200
2022-02-28,30.091928482055664,39.5,0.0,39.75,39.25,39.5,0.0,75534700
2022-03-01,29.711021423339844,39.0,0.0,40.0,39.0,39.75,0.0,59172500
2022-03-02,30.282386779785156,39.75,0.0,40.25,39.25,39.75,0.0,100744400
2022-03-03,31.09873390197754,40.0,0.8,40.25,39.5,40.0,0.0,142534500
2022-03-04,29.93252182006836,38.5,0.0,39.75,38.5,39.75,0.0,103829500
2022-03-07,29.93252182006836,38.5,0.0,39.5,38.25,39.25,0.0,117744600
2022-03-08,29.7381591796875,38.25,0.0,38.75,37.25,38.5,0.0,112177000
2022-03-09,30.126890182495117,38.75,0.0,38.75,38.0,38.5,0.0,81740400
2022-03-10,30.126890182495117,38.75,0.0,38.75,38.25,38.5,0.0,64666100
2022-03-11,30.709997177124023,39.5,0.0,39.75,38.25,38.5,0.0,89337900
2022-03-14,30.709997177124023,39.5,0.0,39.5,39.25,39.25,0.0,24802800
2022-03-15,30.126890182495117,38.75,0.0,39.0,38.25,38.75,0.0,60174700
2022-03-16,30.32126235961914,39.0,0.0,39.0,38.5,39.0,0.0,41795600
2022-03-17,30.5156307220459,39.25,0.0,39.5,39.0,39.25,0.0,54709700
2022-03-18,30.32126235961914,39.0,0.0,39.5,39.0,39.25,0.0,61983100
2022-03-21,30.32126235961914,39.0,0.0,39.25,38.75,39.25,0.0,34846800
2022-03-22,30.5156307220459,39.25,0.0,39.75,38.75,38.75,0.0,89193800
2022-03-23,30.5156307220459,39.25,0.0,39.5,39.0,39.25,0.0,40523000
2022-03-24,30.709997177124023,39.5,0.0,39.5,38.75,39.25,0.0,76967400
2022-03-25,30.32126235961914,39.0,0.0,39.5,38.75,39.25,0.0,33546900
2022-03-28,30.32126235961914,39.0,0.0,39.5,39.0,39.0,0.0,23921800
2022-03-29,30.126890182495117,38.75,0.0,39.25,38.5,39.0,0.0,36520900
2022-03-30,30.126890182495117,38.75,0.0,39.0,38.5,38.75,0.0,42685600
2022-03-31,29.93252182006836,38.5,0.0,39.0,38.5,39.0,0.0,38098600
2022-04-01,30.126890182495117,38.75,0.0,39.0,38.5,38.5,0.0,40102700
2022-04-04,30.126890182495117,38.75,0.0,39.0,38.5,38.75,0.0,35910600
2022-04-05,29.93252182006836,38.5,0.0,39.0,38.5,38.75,0.0,45728000
2022-04-07,29.7381591796875,38.25,0.0,38.5,38.0,38.5,0.0,68030700
2022-04-08,29.34942626953125,37.75,0.0,38.5,37.75,38.25,0.0,53592600
2022-04-11,29.34942626953125,37.75,0.0,38.0,37.5,37.75,0.0,26445000
2022-04-12,28.766324996948242,37.0,0.0,37.75,37.0,37.5,0.0,52893300
2022-04-18,28.960693359375,37.25,0.0,37.5,37.0,37.25,0.0,61554400
2022-04-19,29.34942626953125,37.75,0.0,38.25,37.25,37.5,0.0,55317000
2022-04-20,29.155057907104492,37.5,0.0,38.0,37.5,37.75,0.0,27315600
2022-04-21,29.34942626953125,37.75,0.0,37.75,37.5,37.75,0.0,19730200
2022-04-22,28.960693359375,37.25,0.0,37.5,37.0,37.5,0.0,39360500
2022-04-25,28.766324996948242,37.0,0.0,37.25,36.75,37.0,0.0,41645800
2022-04-26,28.571958541870117,36.75,0.0,37.25,36.75,37.0,0.0,36076200
2022-04-27,28.37759017944336,36.5,0.0,37.0,36.5,36.75,0.0,44241500
2022-04-28,28.960693359375,37.25,0.0,37.25,36.5,36.75,0.0,52595000
2022-04-29,29.155057907104492,37.5,0.0,37.75,37.25,37.25,0.0,40607100
2022-05-03,28.960693359375,37.25,0.0,37.75,37.0,37.5,0.0,32133300
2022-05-05,29.155057907104492,37.5,0.0,38.0,37.25,37.75,0.0,40723300
2022-05-06,28.960693359375,37.25,0.0,37.5,37.25,37.25,0.0,30300400
2022-05-09,28.766324996948242,37.0,0.0,37.75,37.0,37.5,0.0,41035800
2022-05-10,28.766324996948242,37.0,0.0,37.25,36.75,37.0,0.0,84699200
2022-05-11,28.571958541870117,36.75,0.0,37.25,36.5,37.0,0.0,50440000
2022-05-12,28.37759017944336,36.5,0.0,37.0,36.25,36.75,0.0,68386000
2022-05-13,28.183223724365234,36.25,0.0,37.0,36.25,37.0,0.0,39847200
2022-05-17,28.766324996948242,37.0,0.0,37.0,36.25,36.5,0.0,78725500
2022-05-18,28.571958541870117,36.75,0.0,37.25,36.75,37.0,0.0,53076800
2022-05-19,28.183223724365234,36.25,0.0,36.5,36.25,36.25,0.0,33653100
2022-05-20,28.571958541870117,36.75,0.0,37.0,36.5,36.5,0.0,31182100
2022-05-23,29.155057907104492,37.5,0.0,37.75,36.75,36.75,0.0,62122800
2022-05-24,28.766324996948242,37.0,0.0,37.5,36.75,37.25,0.0,60315400
2022-05-25,28.571958541870117,36.75,0.0,37.25,36.75,37.0,0.0,33843300
2022-05-26,28.766324996948242,37.0,0.0,37.25,36.75,37.0,0.0,32512900
2022-05-27,29.155057907104492,37.5,0.0,37.5,37.0,37.25,0.0,36074200
2022-05-30,29.54378890991211,38.0,0.0,38.0,37.5,37.75,0.0,61181000
2022-05-31,29.7381591796875,38.25,0.0,38.25,37.5,38.0,0.0,82813300
2022-06-01,29.7381591796875,38.25,0.0,38.5,38.0,38.0,0.0,52395000
2022-06-02,29.54378890991211,38.0,0.0,38.25,37.75,37.75,0.0,30230400
2022-06-06,29.7381591796875,38.25,0.0,38.5,38.0,38.0,0.0,38003100
2022-06-07,29.54378890991211,38.0,0.0,38.25,37.75,38.25,0.0,34007000
2022-06-08,29.54378890991211,38.0,0.0,38.25,37.75,38.25,0.0,32084300
2022-06-09,29.34942626953125,37.75,0.0,38.25,37.5,38.0,0.0,36018700
2022-06-10,29.155057907104492,37.5,0.0,37.75,37.25,37.5,0.0,39593300
2022-06-13,28.37759017944336,36.5,0.0,37.25,36.5,37.25,0.0,69982900
2022-06-14,28.37759017944336,36.5,0.0,36.75,36.25,36.5,0.0,29172400
2022-06-15,27.98885726928711,36.0,0.0,36.75,36.0,36.75,0.0,64502900
2022-06-16,27.017019271850586,34.75,0.0,36.25,34.75,36.0,0.0,181631200
2022-06-17,26.045183181762695,33.5,0.0,34.5,33.5,34.5,0.0,252882700
2022-06-20,25.850818634033203,33.25,0.0,33.5,33.0,33.25,0.0,44082000
2022-06-21,26.239553451538086,33.75,0.0,34.0,33.5,33.75,0.0,66612500
2022-06-22,26.239553451538086,33.75,0.0,33.75,33.25,33.5,0.0,60696200
2022-06-23,25.850818634033203,33.25,0.0,33.75,33.0,33.5,0.0,95160600
2022-06-24,25.850818634033203,33.25,0.0,33.5,32.75,33.5,0.0,101170400
2022-06-27,26.433917999267578,34.0,0.0,34.25,33.25,33.5,0.0,60386500
2022-06-28,27.211387634277344,35.0,0.0,35.0,33.75,34.0,0.0,103017000
2022-06-29,27.211387634277344,35.0,0.0,35.25,34.5,34.75,0.0,87925800
2022-06-30,26.433917999267578,34.0,0.0,35.25,34.0,35.25,0.0,73497500
2022-07-01,26.822654724121094,34.5,0.0,34.5,34.0,34.25,0.0,26783100
2022-07-04,26.628284454345703,34.25,0.0,34.5,33.75,34.5,0.0,69448200
2022-07-05,26.628284454345703,34.25,0.0,34.25,33.75,34.0,0.0,57879800
2022-07-06,26.433917999267578,34.0,0.0,34.25,33.5,34.0,0.0,60256300
2022-07-07,27.017019271850586,34.75,0.0,35.0,33.5,34.0,0.0,73502900
2022-07-08,26.822654724121094,34.5,0.0,35.0,34.25,34.75,0.0,54322900
2022-07-11,26.433917999267578,34.0,0.0,34.5,33.75,34.25,0.0,49444500
2022-07-12,26.239553451538086,33.75,0.0,34.0,33.5,33.75,0.0,44995200
2022-07-14,26.239553451538086,33.75,0.0,34.0,33.25,33.25,0.0,68303400
2022-07-15,26.045183181762695,33.5,0.0,34.0,33.0,33.75,0.0,46734000
2022-07-18,26.822654724121094,34.5,0.0,34.5,33.5,33.5,0.0,61647600
2022-07-19,26.628284454345703,34.25,0.0,34.5,34.0,34.25,0.0,58599300
2022-07-20,26.628284454345703,34.25,0.0,34.5,34.0,34.25,0.0,62716500
2022-07-21,26.628284454345703,34.25,0.0,34.25,33.75,34.0,0.0,19639400
2022-07-22,26.822654724121094,34.5,0.0,34.5,34.0,34.25,0.0,31604300
2022-07-25,26.628284454345703,34.25,0.0,34.5,34.0,34.25,0.0,19818200
2022-07-26,26.822654724121094,34.5,0.0,34.75,34.25,34.5,0.0,30315100
2022-07-27,27.017019271850586,34.75,0.0,34.75,34.25,34.25,0.0,29089000
2022-08-01,27.40575408935547,35.25,0.0,35.5,34.5,34.75,0.0,88917000
2022-08-02,27.40575408935547,35.25,0.0,35.5,34.75,35.25,0.0,53686100
2022-08-03,27.40575408935547,35.25,0.0,35.5,35.0,35.25,0.0,27271900
2022-08-04,27.211387634277344,35.0,0.0,35.5,34.75,35.5,0.0,32575400
2022-08-05,27.600122451782227,35.5,0.0,35.5,34.5,34.75,0.0,53854700
2022-08-08,28.37759017944336,36.5,0.0,36.5,35.0,35.25,0.0,80742100
2022-08-09,28.183223724365234,36.25,0.0,36.75,36.0,36.25,0.0,46983100
2022-08-10,28.571958541870117,36.75,0.0,36.75,36.25,36.25,0.0,45477700
2022-08-11,28.766324996948242,37.0,0.0,37.0,36.25,37.0,0.0,51073400
2022-08-15,28.766324996948242,37.0,0.0,37.25,36.5,36.75,0.0,34452500
2022-08-16,29.155057907104492,37.5,0.0,37.5,37.0,37.25,0.0,75762700
2022-08-17,29.34942626953125,37.75,0.0,38.0,37.25,37.5,0.0,89352700
2022-08-18,28.960693359375,37.25,0.0,37.75,37.0,37.5,0.0,45521500
2022-08-19,28.766324996948242,37.0,0.0,37.5,37.0,37.25,0.0,38474800
2022-08-22,28.571958541870117,36.75,0.0,37.5,36.75,37.0,0.0,52110800
2022-08-23,29.155057907104492,37.5,0.0,37.75,36.75,36.75,0.0,47634400
2022-08-24,29.34942626953125,37.75,0.0,38.25,37.5,37.75,0.0,96869700
2022-08-25,29.34942626953125,37.75,0.0,38.0,37.5,37.75,0.0,42514900
2022-08-26,29.54378890991211,38.0,0.0,38.0,37.5,37.75,0.0,35083300
2022-08-29,29.155057907104492,37.5,0.0,37.75,37.0,37.5,0.0,64898600
2022-08-30,29.54378890991211,38.0,0.0,38.0,37.5,37.5,0.0,49033400
2022-08-31,29.155057907104492,37.5,0.0,37.75,37.25,37.75,0.0,76636200
2022-09-01,28.571958541870117,36.75,0.0,37.5,36.5,37.25,0.0,68865000
2022-09-02,28.571958541870117,36.75,0.0,37.0,36.5,36.75,0.0,35303200
2022-09-05,28.766324996948242,37.0,0.0,37.25,36.5,36.75,0.0,37083900
2022-09-06,28.960693359375,37.25,0.0,37.5,37.0,37.0,0.0,20756500
2022-09-07,28.766324996948242,37.0,0.0,37.25,36.75,37.0,0.0,36279400
2022-09-08,28.183223724365234,36.25,0.0,36.75,36.25,36.75,0.0,67305800
2022-09-09,28.571958541870117,36.75,0.0,37.0,36.25,36.5,0.0,36255000
2022-09-12,28.960693359375,37.25,0.0,37.5,36.75,37.0,0.0,56435400
2022-09-13,28.766324996948242,37.0,0.0,37.25,36.75,37.0,0.0,44958500
2022-09-14,28.571958541870117,36.75,0.0,37.0,36.5,36.75,0.0,41145900
2022-09-15,28.571958541870117,36.75,0.0,37.25,36.75,37.0,0.0,42997100
2022-09-16,28.571958541870117,36.75,0.0,37.25,36.75,37.0,0.0,96082500
2022-09-19,28.571958541870117,36.75,0.0,37.25,36.75,37.0,0.0,31788500
2022-09-20,28.766324996948242,37.0,0.0,37.25,36.75,37.0,0.0,53669000
2022-09-21,28.766324996948242,37.0,0.0,37.25,36.75,37.0,0.0,46103900
2022-09-22,28.960693359375,37.25,0.0,37.5,36.75,37.0,0.0,60802000
2022-09-23,28.766324996948242,37.0,0.0,37.25,37.0,37.25,0.0,38769800
2022-09-26,28.766324996948242,37.0,0.0,37.25,36.5,37.0,0.0,55859200
2022-09-27,28.571958541870117,36.75,0.0,37.0,36.75,36.75,0.0,55111300
2022-09-28,28.20926856994629,35.0,1.3,35.5,35.0,35.25,0.0,49151800
2022-09-29,27.604780197143555,34.25,0.0,35.5,34.0,35.25,0.0,96070900
2022-09-30,27.403287887573242,34.0,0.0,34.5,34.0,34.0,0.0,75492000
2022-10-03,27.403287887573242,34.0,0.0,34.25,33.75,34.0,0.0,55553600
2022-10-04,27.806278228759766,34.5,0.0,34.75,34.25,34.5,0.0,51217300
2022-10-05,27.806278228759766,34.5,0.0,34.75,34.25,34.5,0.0,69696700
2022-10-06,27.806278228759766,34.5,0.0,35.0,34.5,34.5,0.0,71940600
2022-10-07,27.806278228759766,34.5,0.0,34.75,34.25,34.5,0.0,58567500
2022-10-10,27.806278228759766,34.5,0.0,34.75,34.0,34.5,0.0,87348000
2022-10-11,27.806278228759766,34.5,0.0,34.5,34.25,34.25,0.0,20949500
2022-10-12,27.806278228759766,34.5,0.0,35.0,34.5,34.5,0.0,38256500
2022-10-17,27.604780197143555,34.25,0.0,34.5,34.0,34.5,0.0,91968100
2022-10-18,27.604780197143555,34.25,0.0,34.5,34.0,34.25,0.0,69784400
2022-10-19,27.604780197143555,34.25,0.0,34.5,34.25,34.25,0.0,10486300
2022-10-20,28.007774353027344,34.75,0.0,34.75,34.25,34.25,0.0,33038700
2022-10-21,28.007774353027344,34.75,0.0,35.25,34.75,34.75,0.0,24070000
2022-10-25,28.20926856994629,35.0,0.0,35.5,35.0,35.25,0.0,67017600
2022-10-26,28.20926856994629,35.0,0.0,35.25,34.75,35.0,0.0,41593100
2022-10-27,28.612255096435547,35.5,0.0,35.5,34.75,35.0,0.0,32737400
2022-10-28,29.01524543762207,36.0,0.0,36.0,35.25,35.25,0.0,53733200
2022-10-31,29.01524543762207,36.0,0.0,36.25,35.75,36.0,0.0,52149800
2022-11-01,29.01524543762207,36.0,0.0,36.25,35.75,36.0,0.0,60355400
2022-11-02,29.01524543762207,36.0,0.0,36.25,35.75,36.25,0.0,59855100
2022-11-03,28.813751220703125,35.75,0.0,36.0,35.5,35.75,0.0,43601200
2022-11-04,29.01524543762207,36.0,0.0,36.25,36.0,36.0,0.0,60730300
2022-11-07,28.813751220703125,35.75,0.0,36.25,35.5,36.0,0.0,78978600
2022-11-08,28.612255096435547,35.5,0.0,35.75,35.25,35.75,0.0,28564500
2022-11-09,28.20926856994629,35.0,0.0,35.5,35.0,35.5,0.0,51277300
2022-11-10,27.604780197143555,34.25,0.0,34.75,34.0,34.5,0.0,64884000
2022-11-11,28.007774353027344,34.75,0.0,35.0,34.25,34.5,0.0,54886600
2022-11-14,27.403287887573242,34.0,0.0,34.75,33.5,34.5,0.0,102696100
2022-11-15,27.00029754638672,33.5,0.0,34.0,33.25,33.75,0.0,85702900
2022-11-16,27.00029754638672,33.5,0.0,33.75,33.25,33.5,0.0,56698100
2022-11-17,26.597307205200195,33.0,0.0,33.5,33.0,33.25,0.0,71697700
2022-11-18,27.00029754638672,33.5,0.0,33.5,32.75,33.0,0.0,71033500
2022-11-21,26.798805236816406,33.25,0.0,33.5,33.0,33.25,0.0,39724000
2022-11-22,26.798805236816406,33.25,0.0,33.5,33.0,33.25,0.0,44381500
2022-11-23,27.20179557800293,33.75,0.0,34.0,33.0,33.0,0.0,68409800
2022-11-24,27.20179557800293,33.75,0.0,34.0,33.25,34.0,0.0,53964000
2022-11-25,27.20179557800293,33.75,0.0,33.75,33.25,33.75,0.0,36071400
2022-11-28,26.798805236816406,33.25,0.0,33.5,32.75,33.0,0.0,62644300
2022-11-29,26.798805236816406,33.25,0.0,33.5,33.0,33.25,0.0,55324600
2022-11-30,26.798805236816406,33.25,0.0,33.75,33.0,33.25,0.0,88354200
2022-12-01,26.798805236816406,33.25,0.0,33.75,33.25,33.5,0.0,56433700
2022-12-02,26.597307205200195,33.0,0.0,33.5,33.0,33.25,0.0,28119000
2022-12-06,26.39581298828125,32.75,0.0,33.25,32.75,33.25,0.0,60085700
2022-12-07,25.992822647094727,32.25,0.0,33.0,32.0,32.75,0.0,112248500
2022-12-08,25.58983612060547,31.75,0.0,32.25,31.75,32.25,0.0,77577900
2022-12-09,25.791330337524414,32.0,0.0,32.5,31.5,31.75,0.0,72581800
2022-12-13,25.791330337524414,32.0,0.0,32.25,31.75,32.25,0.0,65611400
2022-12-14,25.58983612060547,31.75,0.0,32.25,31.75,32.0,0.0,50389300
2022-12-15,25.38833999633789,31.5,0.0,32.0,31.25,31.75,0.0,96837000
2022-12-16,25.186843872070312,31.25,0.0,31.5,31.0,31.25,0.0,74996800
2022-12-19,25.186843872070312,31.25,0.0,31.25,30.75,31.0,0.0,47133700
2022-12-20,25.186843872070312,31.25,0.0,31.5,31.0,31.0,0.0,48572100
2022-12-21,24.985349655151367,31.0,0.0,31.5,30.75,31.25,0.0,76194000
2022-12-22,25.38833999633789,31.5,0.0,31.5,31.0,31.0,0.0,30432600
2022-12-23,25.38833999633789,31.5,0.0,31.75,31.25,31.5,0.0,37979900
2022-12-26,25.992822647094727,32.25,0.0,32.25,31.5,31.5,0.0,39661000
2022-12-27,26.194320678710938,32.5,0.0,32.75,32.25,32.5,0.0,80790200
2022-12-28,26.39581298828125,32.75,0.0,32.75,32.25,32.5,0.0,49817800
2022-12-29,26.39581298828125,32.75,0.0,33.0,32.5,32.75,0.0,61347100
2022-12-30,26.798805236816406,33.25,0.0,33.5,32.75,33.0,0.0,94398400
2023-01-03,26.39581298828125,32.75,0.0,33.5,32.75,33.0,0.0,46133500
2023-01-04,25.791330337524414,32.0,0.0,32.5,32.0,32.5,0.0,54885800
2023-01-05,25.992822647094727,32.25,0.0,32.25,32.0,32.0,0.0,32895800
2023-01-06,26.194320678710938,32.5,0.0,32.75,32.25,32.25,0.0,53655400
2023-01-09,26.597307205200195,33.0,0.0,33.25,32.75,32.75,0.0,48532500
2023-01-10,26.798805236816406,33.25,0.0,33.25,32.75,33.25,0.0,39536000
2023-01-11,27.00029754638672,33.5,0.0,33.5,33.0,33.25,0.0,45429000
2023-01-12,27.20179557800293,33.75,0.0,33.75,33.25,33.5,0.0,41011700
2023-01-13,27.20179557800293,33.75,0.0,34.0,33.25,33.75,0.0,70859700
2023-01-16,27.20179557800293,33.75,0.0,34.0,33.5,33.75,0.0,67881400
2023-01-17,27.00029754638672,33.5,0.0,34.0,33.25,33.75,0.0,81911800
2023-01-18,27.00029754638672,33.5,0.0,33.75,33.25,33.25,0.0,33231900
2023-01-19,27.00029754638672,33.5,0.0,33.5,33.0,33.25,0.0,24592400
2023-01-20,26.798805236816406,33.25,0.0,33.75,33.0,33.5,0.0,64287500
2023-01-23,27.20179557800293,33.75,0.0,33.75,33.25,33.25,0.0,15055100
2023-01-24,27.00029754638672,33.5,0.0,34.0,33.5,33.75,0.0,15614500
2023-01-25,27.00029754638672,33.5,0.0,33.75,33.25,33.5,0.0,13118000
2023-01-26,26.798805236816406,33.25,0.0,33.5,33.0,33.25,0.0,50612800
2023-01-27,26.798805236816406,33.25,0.0,33.5,33.0,33.25,0.0,27506500
2023-01-30,26.798805236816406,33.25,0.0,33.5,33.25,33.25,0.0,18635300
2023-01-31,26.798805236816406,33.25,0.0,33.5,33.0,33.25,0.0,35789700
2023-02-01,26.798805236816406,33.25,0.0,33.5,33.0,33.25,0.0,30502600
2023-02-02,26.597307205200195,33.0,0.0,33.25,33.0,33.0,0.0,18714300
2023-02-03,26.597307205200195,33.0,0.0,33.0,32.5,33.0,0.0,51993500
2023-02-06,26.39581298828125,32.75,0.0,33.0,32.5,32.75,0.0,34777800
2023-02-07,26.194320678710938,32.5,0.0,33.0,32.5,32.75,0.0,33722000
2023-02-08,26.39581298828125,32.75,0.0,33.0,32.5,32.75,0.0,42268500
2023-02-09,26.194320678710938,32.5,0.0,32.75,32.25,32.75,0.0,41334100
2023-02-10,26.194320678710938,32.5,0.0,32.5,32.25,32.25,0.0,29947400
2023-02-13,25.992822647094727,32.25,0.0,32.5,32.25,32.25,0.0,18038400
2023-02-14,26.39581298828125,32.75,0.0,32.75,32.25,32.5,0.0,59581000
2023-02-15,26.39581298828125,32.75,0.0,32.75,32.5,32.5,0.0,15754100
2023-02-16,26.39581298828125,32.75,0.0,33.0,32.5,32.75,0.0,24067400
2023-02-17,27.00029754638672,33.5,0.0,33.5,32.5,32.5,0.0,58417200
2023-02-20,26.597307205200195,33.0,0.0,33.5,32.75,33.5,0.0,43001100
2023-02-21,26.798805236816406,33.25,0.0,33.25,32.75,33.0,0.0,38438700
2023-02-22,26.39581298828125,32.75,0.0,33.25,32.75,33.0,0.0,35863900
2023-02-23,25.992822647094727,32.25,0.0,32.75,32.25,32.75,0.0,48150200
2023-02-24,26.194320678710938,32.5,0.0,32.5,32.25,32.5,0.0,22536100
2023-02-27,25.791330337524414,32.0,0.0,32.5,32.0,32.25,0.0,44190500
2023-02-28,25.58983612060547,31.75,0.0,32.5,31.75,32.25,0.0,75359100
2023-03-01,25.791330337524414,32.0,0.0,32.5,32.0,32.0,0.0,36462800
2023-03-02,25.956130981445312,31.5,0.7,31.75,31.25,31.5,0.0,60011300
2023-03-03,25.956130981445312,31.5,0.0,31.75,31.5,31.5,0.0,19908100
2023-03-07,26.162134170532227,31.75,0.0,32.25,31.5,31.75,0.0,42108700
2023-03-08,25.956130981445312,31.5,0.0,31.75,31.5,31.5,0.0,24125500
2023-03-09,25.544130325317383,31.0,0.0,31.5,31.0,31.5,0.0,58118800
2023-03-10,25.3381290435791,30.75,0.0,30.75,30.25,30.75,0.0,26879800
2023-03-13,24.926124572753906,30.25,0.0,31.0,30.25,30.5,0.0,51544100
2023-03-14,24.308124542236328,29.5,0.0,30.5,29.5,30.25,0.0,110899000
2023-03-15,24.926124572753906,30.25,0.0,30.75,30.0,30.0,0.0,63129600
2023-03-16,24.514123916625977,29.75,0.0,30.0,29.5,29.75,0.0,51758200
2023-03-17,24.720123291015625,30.0,0.0,30.25,29.75,29.75,0.0,95312200
2023-03-20,24.720123291015625,30.0,0.0,30.25,29.5,29.75,0.0,50034500
2023-03-21,25.3381290435791,30.75,0.0,30.75,30.0,30.0,0.0,34149100
2023-03-22,25.956130981445312,31.5,0.0,31.5,31.0,31.0,0.0,47338800
2023-03-23,25.75012969970703,31.25,0.0,31.5,31.0,31.25,0.0,37963400
2023-03-24,25.544130325317383,31.0,0.0,31.5,31.0,31.5,0.0,24768200
2023-03-27,25.75012969970703,31.25,0.0,31.25,30.75,31.25,0.0,21350800
2023-03-28,25.956130981445312,31.5,0.0,31.75,31.25,31.5,0.0,22263200
2023-03-29,26.162134170532227,31.75,0.0,31.75,31.25,31.75,0.0,26832100
2023-03-30,25.75012969970703,31.25,0.0,31.75,31.25,31.5,0.0,38196200
2023-03-31,25.956130981445312,31.5,0.0,31.75,31.25,31.25,0.0,20385200
2023-04-03,26.162134170532227,31.75,0.0,32.0,31.25,31.75,0.0,88734400
2023-04-04,25.956130981445312,31.5,0.0,31.75,31.25,31.5,0.0,34517100
2023-04-05,25.75012969970703,31.25,0.0,31.25,30.75,31.25,0.0,39472700
2023-04-07,25.75012969970703,31.25,0.0,31.25,31.0,31.0,0.0,15385800
2023-04-10,25.956130981445312,31.5,0.0,31.5,31.0,31.0,0.0,22580200
2023-04-11,25.956130981445312,31.5,0.0,31.75,31.25,31.25,0.0,33670600
2023-04-12,25.956130981445312,31.5,0.0,31.75,31.0,31.75,0.0,39285600
2023-04-17,25.956130981445312,31.5,0.0,31.75,31.25,31.75,0.0,27799200
2023-04-18,25.956130981445312,31.5,0.0,31.5,31.25,31.25,0.0,8998200
2023-04-19,25.544130325317383,31.0,0.0,31.5,31.0,31.25,0.0,37178600
2023-04-20,25.13212776184082,30.5,0.0,31.25,30.5,31.0,0.0,31693300
2023-04-21,25.3381290435791,30.75,0.0,31.0,30.25,30.5,0.0,36070500
2023-04-24,25.544130325317383,31.0,0.0,31.0,30.5,30.5,0.0,17726300
2023-04-25,25.544130325317383,31.0,0.0,31.0,30.75,31.0,0.0,11618700
2023-04-26,25.13212776184082,30.5,0.0,31.0,30.5,30.75,0.0,30213700
2023-04-27,25.3381290435791,30.75,0.0,30.75,30.25,30.5,0.0,24268400
2023-04-28,25.544130325317383,31.0,0.0,31.25,30.75,30.75,0.0,30317000
2023-05-02,25.544130325317383,31.0,0.0,31.25,30.75,31.0,0.0,34330700
2023-05-03,25.13212776184082,30.5,0.0,30.75,30.0,30.75,0.0,76260200
2023-05-08,25.544130325317383,31.0,0.0,31.25,30.5,30.75,0.0,51404200
2023-05-09,25.956130981445312,31.5,0.0,31.5,31.0,31.25,0.0,58405400
2023-05-10,26.368133544921875,32.0,0.0,32.25,31.5,31.5,0.0,46012300
2023-05-11,26.574134826660156,32.25,0.0,32.5,32.0,32.0,0.0,37154600
2023-05-12,26.574134826660156,32.25,0.0,32.5,32.0,32.25,0.0,35997800
2023-05-15,26.574134826660156,32.25,0.0,32.5,32.0,32.5,0.0,46728900
2023-05-16,26.574134826660156,32.25,0.0,32.5,32.0,32.25,0.0,38638800
2023-05-17,26.162134170532227,31.75,0.0,32.25,31.5,32.25,0.0,38755000
2023-05-18,25.956130981445312,31.5,0.0,32.25,31.75,31.75,0.0,26434300
2023-05-19,25.75012969970703,31.25,0.0,31.75,31.25,31.75,0.0,21238600
2023-05-22,25.75012969970703,31.25,0.0,31.5,30.5,31.0,0.0,51009500
2023-05-23,25.956130981445312,31.5,0.0,31.5,31.0,31.25,0.0,33718300
2023-05-24,25.956130981445312,31.5,0.0,31.75,31.25,31.5,0.0,11832000
2023-05-25,25.75012969970703,31.25,0.0,31.75,31.25,31.5,0.0,26468100
2023-05-26,25.544130325317383,31.0,0.0,31.5,31.0,31.25,0.0,8197000
2023-05-29,25.544130325317383,31.0,0.0,31.25,30.75,31.0,0.0,43824300
2023-05-30,25.3381290435791,30.75,0.0,31.0,30.5,31.0,0.0,24932500
2023-05-31,24.720123291015625,30.0,0.0,30.5,30.0,30.5,0.0,59120500
2023-06-01,24.720123291015625,30.0,0.0,30.25,29.75,30.0,0.0,17753900
2023-06-02,24.926124572753906,30.25,0.0,30.5,30.0,30.0,0.0,17069900
2023-06-06,25.3381290435791,30.75,0.0,30.75,30.25,30.5,0.0,21804800
2023-06-07,25.3381290435791,30.75,0.0,30.75,30.25,30.5,0.0,23931000
2023-06-08,26.162134170532227,31.75,0.0,31.5,30.5,30.5,0.0,70895500
2023-06-09,26.162134170532227,31.75,0.0,32.0,31.5,31.75,0.0,21710400
2023-06-12,25.956130981445312,31.5,0.0,31.75,31.5,31.5,0.0,5939500
2023-06-13,25.956130981445312,31.5,0.0,31.75,31.25,31.5,0.0,22574700
2023-06-14,25.956130981445312,31.5,0.0,31.75,31.5,31.5,0.0,4761700
2023-06-15,25.75012969970703,31.25,0.0,31.75,31.25,31.5,0.0,13090800
2023-06-16,26.162134170532227,31.75,0.0,32.0,31.25,31.5,0.0,44010400
2023-06-19,25.956130981445312,31.5,0.0,32.0,31.5,31.75,0.0,15303600
2023-06-20,25.956130981445312,31.5,0.0,32.0,31.25,31.75,0.0,31338400
2023-06-21,26.162134170532227,31.75,0.0,32.0,31.5,31.75,0.0,28363300
2023-06-22,25.956130981445312,31.5,0.0,32.0,31.5,31.75,0.0,33735200
2023-06-23,26.162134170532227,31.75,0.0,31.75,31.25,31.5,0.0,21021500
2023-06-26,25.956130981445312,31.5,0.0,31.75,31.5,31.5,0.0,7318600
2023-06-27,25.956130981445312,31.5,0.0,31.75,31.25,31.75,0.0,30779800
2023-06-28,25.75012969970703,31.25,0.0,31.5,31.0,31.5,0.0,50943100
2023-06-29,26.98613739013672,32.75,0.0,32.75,31.25,31.5,0.0,84534700
2023-06-30,27.60413932800293,33.5,0.0,34.0,32.75,33.0,0.0,168226000
2023-07-03,27.60413932800293,33.5,0.0,33.75,33.25,33.75,0.0,48102400
2023-07-04,27.810142517089844,33.75,0.0,33.75,33.25,33.5,0.0,37024800
2023-07-05,28.016141891479492,34.0,0.0,34.0,33.5,33.75,0.0,17656100
2023-07-06,27.810142517089844,33.75,0.0,34.0,33.25,33.75,0.0,54063100
2023-07-07,27.810142517089844,33.75,0.0,33.75,33.25,33.5,0.0,33761200
2023-07-10,28.016141891479492,34.0,0.0,34.0,33.5,33.75,0.0,22586700
2023-07-11,28.016141891479492,34.0,0.0,34.25,33.5,34.0,0.0,33770600
2023-07-12,28.22214126586914,34.25,0.0,34.25,33.75,34.25,0.0,40729100
2023-07-13,28.22214126586914,34.25,0.0,34.5,34.0,34.25,0.0,53489000
2023-07-14,28.84014320373535,35.0,0.0,35.0,34.5,34.5,0.0,67013900
2023-07-17,28.428144454956055,34.5,0.0,35.0,34.25,35.0,0.0,90240700
2023-07-18,28.63414764404297,34.75,0.0,35.0,34.25,34.5,0.0,56844000
2023-07-19,28.428144454956055,34.5,0.0,35.0,34.5,34.75,0.0,46472400
2023-07-20,28.016141891479492,34.0,0.0,34.75,34.0,34.5,0.0,37481400
2023-07-21,28.63414764404297,34.75,0.0,34.75,34.0,34.25,0.0,45646900
2023-07-24,28.428144454956055,34.5,0.0,35.0,34.5,34.75,0.0,41856200
2023-07-25,28.84014320373535,35.0,0.0,35.0,34.5,34.75,0.0,24748700
2023-07-26,28.84014320373535,35.0,0.0,35.0,34.5,34.75,0.0,25716000
2023-07-27,28.63414764404297,34.75,0.0,35.25,34.5,34.75,0.0,81782000
2023-07-31,28.84014320373535,35.0,0.0,35.0,34.75,35.0,0.0,4704300
2023-08-02,29.046144485473633,35.25,0.0,35.25,34.75,35.0,0.0,24657000
2023-08-03,28.63414764404297,34.75,0.0,35.25,34.75,35.0,0.0,43519900
2023-08-04,28.63414764404297,34.75,0.0,35.25,34.75,35.0,0.0,40792500
2023-08-07,28.63414764404297,34.75,0.0,35.0,34.5,35.0,0.0,42066100
2023-08-08,28.63414764404297,34.75,0.0,35.0,34.5,34.75,0.0,31401000
2023-08-09,28.84014320373535,35.0,0.0,35.25,34.5,34.75,0.0,44663500
2023-08-10,29.458147048950195,35.75,0.0,35.75,35.0,35.0,0.0,67528400
2023-08-11,29.458147048950195,35.75,0.0,35.75,35.25,35.5,0.0,50153400
2023-08-15,29.664152145385742,36.0,0.0,36.0,35.5,35.75,0.0,28887500
2023-08-16,29.458147048950195,35.75,0.0,36.0,35.5,35.75,0.0,41009300
2023-08-17,29.664152145385742,36.0,0.0,36.0,35.5,35.5,0.0,21896800
2023-08-18,29.664152145385742,36.0,0.0,36.25,35.75,36.0,0.0,48856700
2023-08-21,29.664152145385742,36.0,0.0,36.25,35.75,36.0,0.0,45399900
2023-08-22,29.870149612426758,36.25,0.0,36.5,36.0,36.25,0.0,73642000
2023-08-23,29.458147048950195,35.75,0.0,36.25,35.5,36.0,0.0,102724900
2023-08-24,29.252147674560547,35.5,0.0,36.0,35.5,35.75,0.0,28170000
2023-08-25,29.252147674560547,35.5,0.0,35.75,35.25,35.5,0.0,40568400
2023-08-28,29.458147048950195,35.75,0.0,36.0,35.5,35.75,0.0,37590800
2023-08-29,29.664152145385742,36.0,0.0,36.0,35.5,35.75,0.0,49805300
2023-08-30,29.252147674560547,35.5,0.0,36.0,35.25,35.75,0.0,56155200
2023-08-31,28.63414764404297,34.75,0.0,35.75,34.5,35.5,0.0,96686000
2023-09-01,28.84014320373535,35.0,0.0,35.25,34.5,34.75,0.0,52576100
2023-09-04,28.63414764404297,34.75,0.0,35.5,34.75,35.25,0.0,46316700
2023-09-05,28.63414764404297,34.75,0.0,35.0,34.5,34.75,0.0,19970100
2023-09-06,29.046144485473633,35.25,0.0,35.5,34.75,34.75,0.0,69316900
2023-09-07,28.84014320373535,35.0,0.0,35.5,35.0,35.25,0.0,38540300
2023-09-08,28.84014320373535,35.0,0.0,35.0,34.75,35.0,0.0,22924100
2023-09-11,28.428144454956055,34.5,0.0,35.0,34.5,34.75,0.0,21912900
2023-09-12,28.428144454956055,34.5,0.0,34.75,34.25,34.75,0.0,43144300
2023-09-13,28.63414764404297,34.75,0.0,35.0,34.0,34.5,0.0,78765400
2023-09-14,28.63414764404297,34.75,0.0,35.0,34.5,34.75,0.0,17508900
2023-09-15,28.84014320373535,35.0,0.0,35.25,34.5,34.75,0.0,21441700
2023-09-18,28.016141891479492,34.0,0.0,35.0,33.75,35.0,0.0,100544600
2023-09-19,28.016141891479492,34.0,0.0,34.0,33.5,33.75,0.0,47534400
2023-09-20,27.39813804626465,33.25,0.0,34.0,32.75,34.0,0.0,79813700
2023-09-21,27.39813804626465,33.25,0.0,33.25,32.5,33.0,0.0,37673300
2023-09-22,27.60413932800293,33.5,0.0,34.0,33.0,33.25,0.0,84432400
2023-09-25,27.60413932800293,33.5,0.0,33.75,33.25,33.5,0.0,42607200
2023-09-26,27.810142517089844,33.75,0.0,34.0,33.5,33.5,0.0,42290100
2023-09-27,28.016141891479492,34.0,0.0,34.0,33.5,34.0,0.0,35652100
2023-09-28,27.60413932800293,33.5,0.0,34.25,33.5,34.0,0.0,70700700
2023-09-29,27.60413932800293,33.5,0.0,34.0,33.5,33.75,0.0,38018000
2023-10-02,27.39813804626465,33.25,0.0,33.75,33.0,33.5,0.0,90928100
2023-10-03,26.780132293701172,32.5,0.0,33.0,32.25,33.0,0.0,116721500
2023-10-04,27.244775772094727,32.25,0.8,32.25,31.25,31.5,0.0,48695800
2023-10-05,27.0335750579834,32.0,0.0,32.0,31.75,31.75,0.0,8903200
2023-10-06,26.822376251220703,31.75,0.0,32.25,31.5,32.0,0.0,25355300
2023-10-09,27.244775772094727,32.25,0.0,32.5,32.0,32.25,0.0,22990300
2023-10-10,27.455974578857422,32.5,0.0,32.75,32.25,32.5,0.0,14840300
2023-10-11,28.30077362060547,33.5,0.0,33.5,32.25,32.5,0.0,53942000
2023-10-12,28.30077362060547,33.5,0.0,33.5,33.0,33.25,0.0,39114000
2023-10-16,28.089576721191406,33.25,0.0,34.0,33.0,33.5,0.0,53092000
2023-10-17,27.878376007080078,33.0,0.0,33.25,32.75,33.25,0.0,23630600
2023-10-18,28.723173141479492,34.0,0.0,34.0,33.0,33.0,0.0,48688700
2023-10-19,28.30077362060547,33.5,0.0,33.75,33.25,33.5,0.0,35703400
2023-10-20,28.089576721191406,33.25,0.0,33.5,33.0,33.25,0.0,36614900
2023-10-24,27.66717529296875,32.75,0.0,33.25,32.75,33.0,0.0,38262000
2023-10-25,27.66717529296875,32.75,0.0,33.25,32.5,33.0,0.0,31823600
2023-10-26,27.66717529296875,32.75,0.0,33.0,32.5,32.75,0.0,61162200
2023-10-27,28.30077362060547,33.5,0.0,33.5,32.5,32.75,0.0,54078799
2023-10-30,28.089576721191406,33.25,0.0,33.75,33.25,33.25,0.0,23839900
2023-10-31,28.089576721191406,33.25,0.0,33.5,32.75,33.25,0.0,28287500
2023-11-01,27.878376007080078,33.0,0.0,33.25,32.75,33.25,0.0,15017000
2023-11-02,28.30077362060547,33.5,0.0,33.5,32.75,33.0,0.0,53122200
2023-11-03,28.51197624206543,33.75,0.0,34.0,33.5,33.75,0.0,32488700
2023-11-06,28.089576721191406,33.25,0.0,33.75,33.25,33.75,0.0,33418800
2023-11-07,28.089576721191406,33.25,0.0,33.5,33.0,33.0,0.0,27651300
2023-11-08,27.878376007080078,33.0,0.0,33.25,32.75,33.25,0.0,43540700
2023-11-09,28.089576721191406,33.25,0.0,33.5,32.75,33.0,0.0,48471900
2023-11-10,27.878376007080078,33.0,0.0,33.25,32.75,33.25,0.0,36165300
2023-11-13,28.089576721191406,33.25,0.0,33.25,32.5,33.0,0.0,27920800
2023-11-14,28.51197624206543,33.75,0.0,34.0,33.0,33.25,0.0,80936100
2023-11-15,28.934371948242188,34.25,0.0,34.5,33.75,34.0,0.0,39113400
2023-11-16,29.14557456970215,34.5,0.0,34.75,33.75,34.0,0.0,54842200
2023-11-17,28.934371948242188,34.25,0.0,34.5,33.75,34.25,0.0,58530500
2023-11-20,29.14557456970215,34.5,0.0,34.75,34.25,34.5,0.0,50396700
2023-11-21,29.356773376464844,34.75,0.0,35.0,34.5,34.75,0.0,51895800
2023-11-22,29.356773376464844,34.75,0.0,34.75,34.25,34.5,0.0,27252800
2023-11-23,28.934371948242188,34.25,0.0,34.75,34.25,34.5,0.0,29494000
2023-11-24,29.14557456970215,34.5,0.0,34.5,34.25,34.5,0.0,13088300
2023-11-27,29.356773376464844,34.75,0.0,34.75,34.25,34.5,0.0,28951500
2023-11-28,29.356773376464844,34.75,0.0,35.0,34.5,35.0,0.0,59310700
2023-11-29,29.56797218322754,35.0,0.0,35.0,34.75,35.0,0.0,35925700
2023-11-30,29.356773376464844,34.75,0.0,35.0,34.5,35.0,0.0,84135200
2023-12-01,29.779172897338867,35.25,0.0,35.25,34.5,34.5,0.0,62257800
2023-12-04,30.201568603515625,35.75,0.0,36.0,35.25,35.25,0.0,77737900
2023-12-06,30.201568603515625,35.75,0.0,35.75,35.25,35.5,0.0,55977900
2023-12-07,29.990375518798828,35.5,0.0,35.5,35.0,35.5,0.0,66960800
2023-12-08,30.201568603515625,35.75,0.0,35.75,35.5,35.5,0.0,27906100
2023-12-12,30.201568603515625,35.75,0.0,35.75,35.5,35.75,0.0,23832200
2023-12-13,30.201568603515625,35.75,0.0,36.0,35.5,35.5,0.0,47823600
2023-12-14,30.201568603515625,35.75,0.0,36.0,35.5,35.75,0.0,65749400
2023-12-15,30.201568603515625,35.75,0.0,36.0,35.5,35.75,0.0,63439100
2023-12-18,30.201568603515625,35.75,0.0,35.75,35.5,35.75,0.0,18612400
2023-12-19,30.201568603515625,35.75,0.0,35.75,35.25,35.75,0.0,33109200
2023-12-20,29.779172897338867,35.25,0.0,35.75,35.25,35.5,0.0,56196100
2023-12-21,29.56797218322754,35.0,0.0,35.5,34.75,35.25,0.0,73762000
2023-12-22,29.779172897338867,35.25,0.0,35.25,34.75,35.0,0.0,24537400
2023-12-25,29.990375518798828,35.5,0.0,35.5,35.0,35.0,0.0,19204200
2023-12-26,30.201568603515625,35.75,0.0,35.75,35.25,35.25,0.0,34982300
2023-12-27,30.201568603515625,35.75,0.0,36.0,35.5,35.5,0.0,52394400
2023-12-28,30.201568603515625,35.75,0.0,36.0,35.5,35.75,0.0,57344100
2024-01-03,29.779172897338867,35.25,0.0,35.5,35.0,35.5,0.0,32190700
2024-01-04,29.990375518798828,35.5,0.0,35.75,35.0,35.25,0.0,80609500
2024-01-05,29.779172897338867,35.25,0.0,35.75,35.25,35.25,0.0,21692900
2024-01-08,29.990375518798828,35.5,0.0,35.5,35.0,35.5,0.0,29953100
2024-01-09,29.779172897338867,35.25,0.0,35.5,35.0,35.5,0.0,51337400
2024-01-10,29.779172897338867,35.25,0.0,35.5,35.0,35.25,0.0,27180000
2024-01-11,29.56797218322754,35.0,0.0,35.25,35.0,35.25,0.0,8032800
2024-01-12,28.934371948242188,34.25,0.0,35.25,34.25,35.0,0.0,77705300
2024-01-15,28.30077362060547,33.5,0.0,34.25,33.5,34.25,0.0,60579100
2024-01-16,28.51197624206543,33.75,0.0,34.0,33.25,33.5,0.0,44606100
2024-01-17,28.30077362060547,33.5,0.0,33.75,33.0,33.75,0.0,83651300
2024-01-18,28.51197624206543,33.75,0.0,34.0,33.5,33.5,0.0,56301400
2024-01-19,28.934371948242188,34.25,0.0,34.5,34.0,34.0,0.0,55437000
2024-01-22,28.723173141479492,34.0,0.0,34.25,33.75,34.25,0.0,20909000
2024-01-23,28.723173141479492,34.0,0.0,34.25,33.5,34.25,0.0,38875800
2024-01-24,28.934371948242188,34.25,0.0,34.25,33.75,34.0,0.0,28836900
2024-01-25,28.934371948242188,34.25,0.0,34.5,34.0,34.25,0.0,21760400
2024-01-26,28.723173141479492,34.0,0.0,34.5,34.0,34.25,0.0,16987200
2024-01-29,29.14557456970215,34.5,0.0,34.5,34.0,34.5,0.0,28776500
2024-01-30,28.723173141479492,34.0,0.0,34.25,34.0,34.25,0.0,35241900
2024-01-31,28.51197624206543,33.75,0.0,34.25,33.75,34.0,0.0,47266600
2024-02-01,28.934371948242188,34.25,0.0,34.25,33.75,34.0,0.0,36959700
2024-02-02,28.723173141479492,34.0,0.0,34.25,34.0,34.25,0.0,19403200
2024-02-05,28.723173141479492,34.0,0.0,34.25,33.75,34.0,0.0,27945300
2024-02-06,28.934371948242188,34.25,0.0,34.5,34.0,34.25,0.0,20578900
2024-02-07,29.56797218322754,35.0,0.0,35.0,34.25,34.25,0.0,43166300
2024-02-08,29.356773376464844,34.75,0.0,35.25,34.75,35.0,0.0,39944600
2024-02-09,29.56797218322754,35.0,0.0,35.0,34.75,35.0,0.0,15907400
2024-02-12,29.356773376464844,34.75,0.0,35.0,34.75,34.75,0.0,6057800
2024-02-13,29.56797218322754,35.0,0.0,35.25,34.75,35.0,0.0,27500600
2024-02-14,29.356773376464844,34.75,0.0,35.0,34.5,34.75,0.0,23687100
2024-02-15,29.356773376464844,34.75,0.0,35.0,34.5,34.75,0.0,25626000
2024-02-16,30.201568603515625,35.75,0.0,36.0,35.0,35.25,0.0,86147000
2024-02-19,30.201568603515625,35.75,0.0,36.0,35.5,35.75,0.0,37320000
2024-02-20,30.201568603515625,35.75,0.0,36.0,35.5,35.75,0.0,23171400
2024-02-21,30.41277313232422,36.0,0.0,36.0,35.5,35.75,0.0,41840800
2024-02-22,30.41277313232422,36.0,0.0,36.25,35.75,35.75,0.0,41100400
2024-02-23,30.41277313232422,36.0,0.0,36.0,35.5,35.75,0.0,48602500
2024-02-27,30.201568603515625,35.75,0.0,36.0,35.5,35.75,0.0,47957600
2024-02-28,29.990375518798828,35.5,0.0,35.75,35.5,35.5,0.0,41754200
2024-02-29,29.946653366088867,34.25,1.2,34.75,34.0,34.5,0.0,72863600
2024-03-01,29.72806739807129,34.0,0.0,34.5,34.0,34.25,0.0,32854700
2024-03-04,29.946653366088867,34.25,0.0,34.25,33.75,34.0,0.0,42686500
2024-03-05,29.946653366088867,34.25,0.0,34.25,33.75,34.0,0.0,27978000
2024-03-06,29.946653366088867,34.25,0.0,34.5,33.75,34.0,0.0,28711800
2024-03-07,30.165245056152344,34.5,0.0,34.5,34.0,34.25,0.0,56735600
2024-03-08,29.72806739807129,34.0,0.0,34.25,33.75,34.25,0.0,46329600
2024-03-11,29.509479522705078,33.75,0.0,34.0,33.75,33.75,0.0,36316500
2024-03-12,29.509479522705078,33.75,0.0,33.75,33.75,33.75,0.0,0
2024-03-13,29.946653366088867,34.25,0.0,34.25,33.75,33.75,0.0,24096500
2024-03-14,30.383834838867188,34.75,0.0,35.0,34.0,34.0,0.0,65262600
2024-03-15,30.383834838867188,34.75,0.0,34.75,34.75,34.75,0.0,0
2024-03-18,29.946653366088867,34.25,0.0,35.0,34.25,34.75,0.0,42992200
2024-03-19,30.165245056152344,34.5,0.0,34.5,34.25,34.25,0.0,9841600
2024-03-20,30.165245056152344,34.5,0.0,34.5,34.5,34.5,0.0,0
2024-03-21,29.946653366088867,34.25,0.0,34.25,33.75,34.0,0.0,20317100
2024-03-22,29.946653366088867,34.25,0.0,34.25,34.25,34.25,0.0,0
2024-03-25,29.509479522705078,33.75,0.0,34.25,33.5,34.0,0.0,69549100
2024-03-26,29.509479522705078,33.75,0.0,33.75,33.75,33.75,0.0,0
2024-03-27,29.509479522705078,33.75,0.0,33.75,33.5,33.5,0.0,6680800
2024-03-28,29.509479522705078,33.75,0.0,33.75,33.75,33.75,0.0,0
2024-03-29,29.72806739807129,34.0,0.0,34.0,33.5,33.5,0.0,12813100
2024-04-01,29.509479522705078,33.75,0.0,34.0,33.5,34.0,0.0,39930400
2024-04-02,29.72806739807129,34.0,0.0,34.0,33.5,33.5,0.0,35655800
2024-04-03,30.165245056152344,34.5,0.0,34.75,34.0,34.0,0.0,40357800
2024-04-04,30.165245056152344,34.5,0.0,34.5,34.5,34.5,0.0,0
2024-04-05,30.383834838867188,34.75,0.0,34.75,34.25,34.5,0.0,25086500
2024-04-09,30.383834838867188,34.75,0.0,34.75,34.75,34.75,0.0,0
2024-04-10,30.383834838867188,34.75,0.0,34.75,34.75,34.75,0.0,0
2024-04-11,30.383834838867188,34.75,0.0,35.25,34.75,35.0,0.0,33644800
2024-04-17,30.383834838867188,34.75,0.0,34.75,34.75,34.75,0.0,0
2024-04-18,30.383834838867188,34.75,0.0,34.75,34.75,34.75,0.0,0
2024-04-19,30.383834838867188,34.75,0.0,34.75,34.75,34.75,0.0,0
2024-04-22,29.509479522705078,33.75,0.0,33.75,33.5,33.75,0.0,15080400
2024-04-23,29.72806739807129,34.0,0.0,34.25,33.5,33.75,0.0,24988300
2024-04-24,29.72806739807129,34.0,0.0,34.0,34.0,34.0,0.0,0
2024-04-25,29.509479522705078,33.75,0.0,34.0,33.75,33.75,0.0,6503500
2024-04-26,29.509479522705078,33.75,0.0,34.25,33.5,34.0,0.0,32118100
2024-04-29,29.509479522705078,33.75,0.0,34.0,33.25,33.75,0.0,56874300
2024-04-30,29.509479522705078,33.75,0.0,33.75,33.5,33.75,0.0,17428200
2024-05-02,29.07229995727539,33.25,0.0,33.75,33.25,33.5,0.0,39656500
2024-05-03,29.509479522705078,33.75,0.0,33.75,33.25,33.25,0.0,32885000
2024-05-07,29.509479522705078,33.75,0.0,33.75,33.75,33.75,0.0,0
2024-05-08,29.509479522705078,33.75,0.0,34.0,33.5,33.75,0.0,63054700
2024-05-09,29.509479522705078,33.75,0.0,34.0,33.5,33.75,0.0,20770900
2024-05-10,29.509479522705078,33.75,0.0,33.75,33.5,33.75,0.0,11790800
2024-05-13,29.509479522705078,33.75,0.0,33.75,33.5,33.75,0.0,4738100
2024-05-14,29.72806739807129,34.0,0.0,34.0,33.5,33.5,0.0,16463600
2024-05-15,29.72806739807129,34.0,0.0,34.0,34.0,34.0,0.0,0
2024-05-16,29.72806739807129,34.0,0.0,34.0,34.0,34.0,0.0,0
2024-05-17,29.509479522705078,33.75,0.0,34.0,33.75,34.0,0.0,10665700
2024-05-20,29.509479522705078,33.75,0.0,33.75,33.75,33.75,0.0,0
2024-05-21,29.509479522705078,33.75,0.0,33.75,33.75,33.75,0.0,0
2024-05-23,29.2908878326416,33.5,0.0,33.75,33.5,33.5,0.0,35105600
2024-05-24,29.2908878326416,33.5,0.0,33.5,33.5,33.5,0.0,0
2024-05-27,29.2908878326416,33.5,0.0,33.75,33.0,33.75,0.0,55968100
2024-05-28,28.85371208190918,33.0,0.0,33.5,33.0,33.5,0.0,66022900
2024-05-29,28.635122299194336,32.75,0.0,33.25,32.5,33.0,0.0,83231800
2024-05-30,28.635122299194336,32.75,0.0,32.75,32.75,32.75,0.0,0
2024-05-31,28.635122299194336,32.75,0.0,32.75,32.75,32.75,0.0,0
2024-06-04,28.416534423828125,32.5,0.0,33.25,32.5,32.75,0.0,35393400
2024-06-05,28.635122299194336,32.75,0.0,33.0,32.5,32.75,0.0,19277800
2024-06-06,27.979354858398438,32.0,0.0,32.75,31.75,32.75,0.0,63670200
2024-06-07,27.979354858398438,32.0,0.0,32.0,32.0,32.0,0.0,0
2024-06-10,28.19794464111328,32.25,0.0,32.25,31.75,32.0,0.0,23058700
2024-06-11,27.979354858398438,32.0,0.0,32.5,32.0,32.0,0.0,24149300
2024-06-12,27.979354858398438,32.0,0.0,32.25,32.0,32.0,0.0,29755300
2024-06-13,27.76076889038086,31.75,0.0,32.0,31.5,32.0,0.0,32166200
2024-06-14,27.76076889038086,31.75,0.0,32.0,31.5,31.5,0.0,23980700
2024-06-17,27.76076889038086,31.75,0.0,31.75,31.75,31.75,0.0,0
2024-06-18,27.76076889038086,31.75,0.0,31.75,31.75,31.75,0.0,0
2024-06-19,27.76076889038086,31.75,0.0,31.75,31.75,31.75,0.0,0
2024-06-20,28.19794464111328,32.25,0.0,32.5,32.0,32.5,0.0,25575700
2024-06-21,27.979354858398438,32.0,0.0,32.25,31.75,32.25,0.0,35584700
2024-06-24,27.979354858398438,32.0,0.0,32.0,32.0,32.0,0.0,0
2024-06-25,27.979354858398438,32.0,0.0,32.0,32.0,32.0,0.0,0
2024-06-26,27.979354858398438,32.0,0.0,32.0,32.0,32.0,0.0,0
2024-06-27,28.416534423828125,32.5,0.0,32.75,32.5,32.75,0.0,13045100
2024-06-28,28.416534423828125,32.5,0.0,32.75,32.5,32.5,0.0,21755800
2024-07-01,28.416534423828125,32.5,0.0,32.5,32.5,32.5,0.0,0
2024-07-02,28.416534423828125,32.5,0.0,32.5,32.5,32.5,0.0,0
2024-07-03,28.635122299194336,32.75,0.0,32.75,32.5,32.5,0.0,10114800
2024-07-04,28.635122299194336,32.75,0.0,33.0,32.75,32.75,0.0,13980500
2024-07-05,28.85371208190918,33.0,0.0,33.0,32.75,33.0,0.0,4758600
2024-07-08,28.85371208190918,33.0,0.0,33.0,32.75,33.0,0.0,13042600
2024-07-09,28.85371208190918,33.0,0.0,33.0,33.0,33.0,0.0,0
2024-07-10,29.07229995727539,33.25,0.0,33.25,32.75,33.0,0.0,17480800
2024-07-11,29.07229995727539,33.25,0.0,33.25,33.25,33.25,0.0,0
2024-07-12,29.07229995727539,33.25,0.0,33.25,33.25,33.25,0.0,0
2024-07-15,29.07229995727539,33.25,0.0,33.25,33.25,33.25,0.0,0
2024-07-16,27.979354858398438,32.0,0.0,32.75,32.0,32.5,0.0,40206600
2024-07-17,27.979354858398438,32.0,0.0,32.0,32.0,32.0,0.0,0
2024-07-18,28.416534423828125,32.5,0.0,32.75,32.25,32.25,0.0,14775000
2024-07-19,28.19794464111328,32.25,0.0,32.75,32.25,32.75,0.0,21537500
2024-07-23,27.979354858398438,32.0,0.0,32.5,32.0,32.25,0.0,22822100
2024-07-24,27.76076889038086,31.75,0.0,32.25,31.75,32.0,0.0,23816000
2024-07-25,27.76076889038086,31.75,0.0,32.0,31.5,31.75,0.0,25980600
2024-07-26,27.76076889038086,31.75,0.0,32.0,31.75,32.0,0.0,18522800
2024-07-30,27.76076889038086,31.75,0.0,31.75,31.75,31.75,0.0,0
2024-07-31,27.979354858398438,32.0,0.0,32.25,31.75,31.75,0.0,33634100
2024-08-01,27.76076889038086,31.75,0.0,32.25,31.75,32.0,0.0,24674200
2024-08-02,27.76076889038086,31.75,0.0,31.75,31.75,31.75,0.0,0
2024-08-05,27.323589324951172,31.25,0.0,32.0,31.25,31.75,0.0,37553100
2024-08-06,27.76076889038086,31.75,0.0,31.75,31.25,31.25,0.0,15129500
2024-08-07,27.979354858398438,32.0,0.0,32.0,31.75,31.75,0.0,12872100
2024-08-08,27.979354858398438,32.0,0.0,32.0,32.0,32.0,0.0,0
2024-08-09,29.07229995727539,33.25,0.0,33.5,32.25,32.25,0.0,82898900
2024-08-13,29.946653366088867,34.25,0.0,34.25,33.0,33.25,0.0,84608600
2024-08-14,29.509479522705078,33.75,0.0,34.5,33.5,34.25,0.0,71902700
2024-08-15,29.509479522705078,33.75,0.0,33.75,33.75,33.75,0.0,0
2024-08-16,29.946653366088867,34.25,0.0,34.5,34.0,34.25,0.0,33174800
2024-08-19,29.946653366088867,34.25,0.0,34.25,34.25,34.25,0.0,0
2024-08-20,29.946653366088867,34.25,0.0,34.5,34.0,34.5,0.0,30248300
2024-08-21,29.946653366088867,34.25,0.0,34.25,34.0,34.25,0.0,22283900
2024-08-22,29.946653366088867,34.25,0.0,34.25,34.25,34.25,0.0,0
2024-08-23,30.165245056152344,34.5,0.0,34.75,34.25,34.25,0.0,45905800
2024-08-26,30.383834838867188,34.75,0.0,34.75,34.5,34.5,0.0,15942500
2024-08-27,30.165245056152344,34.5,0.0,34.75,34.25,34.75,0.0,45996900
2024-08-28,29.76244354248047,33.25,0.8,34.0,33.25,33.75,0.0,53671900
2024-08-29,29.986221313476562,33.5,0.0,33.5,33.25,33.25,0.0,6356600
2024-08-30,29.986221313476562,33.5,0.0,33.75,33.25,33.5,0.0,63780300
2024-09-02,29.986221313476562,33.5,0.0,33.5,33.5,33.5,0.0,0
2024-09-03,29.986221313476562,33.5,0.0,33.5,33.5,33.5,0.0,0
2024-09-04,29.986221313476562,33.5,0.0,33.5,33.5,33.5,0.0,0
2024-09-05,30.21000099182129,33.75,0.0,34.0,32.75,33.0,0.0,104377100
2024-09-06,31.10511016845703,34.75,0.0,35.0,34.0,34.0,0.0,75294800
2024-09-09,31.10511016845703,34.75,0.0,34.75,34.75,34.75,0.0,0
2024-09-10,30.21000099182129,33.75,0.0,34.5,33.75,34.25,0.0,56443000
2024-09-11,29.538665771484375,33.0,0.0,33.75,32.75,33.75,0.0,111564700
2024-09-12,29.538665771484375,33.0,0.0,33.25,33.0,33.0,0.0,33553800
2024-09-13,29.538665771484375,33.0,0.0,33.25,32.75,33.0,0.0,47273100
2024-09-16,29.538665771484375,33.0,0.0,33.0,33.0,33.0,0.0,0
2024-09-17,29.538665771484375,33.0,0.0,33.0,33.0,33.0,0.0,0
2024-09-18,29.538665771484375,33.0,0.0,33.0,33.0,33.0,0.0,0
2024-09-19,29.538665771484375,33.0,0.0,33.0,33.0,33.0,0.0,0
2024-09-20,29.538665771484375,33.0,0.0,33.0,33.0,33.0,0.0,0
2024-09-23,29.76244354248047,33.25,0.0,33.5,33.0,33.5,0.0,30278900
2024-09-24,30.21000099182129,33.75,0.0,33.75,33.25,33.5,0.0,38595900
2024-09-25,29.986221313476562,33.5,0.0,34.0,33.5,33.75,0.0,28629800
2024-09-26,29.986221313476562,33.5,0.0,33.75,33.25,33.5,0.0,32310700
2024-09-27,29.986221313476562,33.5,0.0,33.5,33.5,33.5,0.0,0
2024-09-30,30.43377685546875,34.0,0.0,34.0,33.5,33.5,0.0,27238000
2024-10-01,30.43377685546875,34.0,0.0,34.0,34.0,34.0,0.0,0
2024-10-02,29.986221313476562,33.5,0.0,34.0,33.5,34.0,0.0,17749300
2024-10-03,29.986221313476562,33.5,0.0,33.75,33.5,33.5,0.0,9085400
2024-10-04,29.986221313476562,33.5,0.0,33.5,33.5,33.5,0.0,0
2024-10-07,30.43377685546875,34.0,0.0,34.0,33.75,34.0,0.0,15970700
2024-10-08,30.21000099182129,33.75,0.0,34.0,33.75,34.0,0.0,14942600
2024-10-09,29.986221313476562,33.5,0.0,34.0,33.5,33.75,0.0,15564000
2024-10-10,29.986221313476562,33.5,0.0,33.75,33.5,33.75,0.0,7270600
2024-10-11,30.657554626464844,34.25,0.0,34.75,33.75,34.0,0.0,118991700
2024-10-15,29.986221313476562,33.5,0.0,34.25,33.5,34.25,0.0,37933300
2024-10-16,29.986221313476562,33.5,0.0,33.5,33.5,33.5,0.0,0
2024-10-17,30.21000099182129,33.75,0.0,34.0,33.5,33.5,0.0,26255800
2024-10-18,30.21000099182129,33.75,0.0,34.0,33.75,33.75,0.0,14803700
2024-10-21,30.43377685546875,34.0,0.0,34.0,33.75,34.0,0.0,19053500
2024-10-22,30.43377685546875,34.0,0.0,34.0,34.0,34.0,0.0,0
2024-10-24,29.986221313476562,33.5,0.0,33.75,33.5,33.5,0.0,10521700
2024-10-25,29.986221313476562,33.5,0.0,33.5,33.5,33.5,0.0,0
2024-10-28,30.657554626464844,34.25,0.0,34.25,33.25,33.5,0.0,75145700
2024-10-29,30.657554626464844,34.25,0.0,34.25,34.25,34.25,0.0,0
2024-10-30,29.986221313476562,33.5,0.0,34.0,33.5,33.75,0.0,34992500
2024-10-31,29.986221313476562,33.5,0.0,33.75,33.5,33.5,0.0,17976900
2024-11-01,30.21000099182129,33.75,0.0,33.75,33.5,33.5,0.0,18419000
2024-11-04,29.986221313476562,33.5,0.0,34.0,33.5,33.75,0.0,9630000
2024-11-05,30.21000099182129,33.75,0.0,34.25,33.75,33.75,0.0,30125100
2024-11-06,29.986221313476562,33.5,0.0,33.75,33.5,33.75,0.0,16566200
2024-11-07,29.986221313476562,33.5,0.0,33.75,33.5,33.5,0.0,7865000
2024-11-08,29.76244354248047,33.25,0.0,33.75,33.25,33.5,0.0,17067700
2024-11-11,29.538665771484375,33.0,0.0,33.5,33.0,33.25,0.0,15618100
2024-11-12,29.538665771484375,33.0,0.0,33.25,33.0,33.0,0.0,10463600
2024-11-13,29.31488800048828,32.75,0.0,33.25,32.75,33.0,0.0,18111000
2024-11-14,29.091110229492188,32.5,0.0,33.0,32.5,32.75,0.0,35789000
2024-11-15,29.091110229492188,32.5,0.0,32.75,32.5,32.5,0.0,10765100
2024-11-18,28.86733055114746,32.25,0.0,32.75,32.25,32.75,0.0,23568700
2024-11-19,29.091110229492188,32.5,0.0,32.75,32.25,32.5,0.0,28461900
2024-11-20,28.86733055114746,32.25,0.0,32.5,32.25,32.25,0.0,14781400
2024-11-21,29.538665771484375,33.0,0.0,33.25,32.25,32.5,0.0,37966000
2024-11-22,30.21000099182129,33.75,0.0,33.75,33.25,33.25,0.0,21975600
2024-11-25,29.76244354248047,33.25,0.0,33.75,33.25,33.75,0.0,38123400
2024-11-26,29.538665771484375,33.0,0.0,33.5,32.75,33.25,0.0,21457400
2024-11-27,29.091110229492188,32.5,0.0,32.75,32.5,32.75,0.0,11700600
2024-11-28,28.86733055114746,32.25,0.0,32.75,32.25,32.5,0.0,20784500
2024-11-29,28.86733055114746,32.25,0.0,32.75,32.25,32.5,0.0,18006700
2024-12-02,28.86733055114746,32.25,0.0,32.25,32.0,32.25,0.0,24802600
2024-12-03,28.86733055114746,32.25,0.0,32.5,32.25,32.25,0.0,17691100
2024-12-04,28.86733055114746,32.25,0.0,32.75,32.0,32.5,0.0,30338600
2024-12-06,28.86733055114746,32.25,0.0,32.5,32.0,32.25,0.0,24310500
2024-12-09,28.6435546875,32.0,0.0,32.25,32.0,32.0,0.0,12600200
2024-12-11,28.86733055114746,32.25,0.0,32.5,32.0,32.25,0.0,33668400
2024-12-12,28.419776916503906,31.75,0.0,32.25,31.75,32.0,0.0,21679200
2024-12-13,28.419776916503906,31.75,0.0,32.0,31.75,31.75,0.0,5701800
2024-12-16,28.6435546875,32.0,0.0,32.5,31.75,31.75,0.0,23994800
2024-12-17,28.86733055114746,32.25,0.0,32.25,32.0,32.25,0.0,18774500
2024-12-18,29.091110229492188,32.5,0.0,32.5,32.0,32.25,0.0,29184800
2024-12-19,28.419776916503906,31.75,0.0,32.5,31.75,32.25,0.0,35334500
2024-12-20,27.748443603515625,31.0,0.0,31.75,30.5,31.75,0.0,78567400
2024-12-23,27.97222137451172,31.25,0.0,31.25,30.75,31.0,0.0,18484200
2024-12-24,28.195999145507812,31.5,0.0,31.5,31.0,31.25,0.0,16269300
2024-12-25,28.195999145507812,31.5,0.0,31.75,31.25,31.5,0.0,14585100
2024-12-26,27.97222137451172,31.25,0.0,32.0,31.25,31.5,0.0,16854100
2024-12-27,28.419776916503906,31.75,0.0,32.0,31.25,31.5,0.0,21344300
2024-12-30,28.419776916503906,31.75,0.0,32.0,31.75,31.75,0.0,12242200
2025-01-02,28.419776916503906,31.75,0.0,32.0,31.5,31.75,0.0,15869400
2025-01-03,28.6435546875,32.0,0.0,32.0,31.75,31.75,0.0,11683300
2025-01-06,28.6435546875,32.0,0.0,32.5,32.0,32.25,0.0,21436600
2025-01-07,28.6435546875,32.0,0.0,32.0,31.5,32.0,0.0,27710300
2025-01-08,28.195999145507812,31.5,0.0,32.0,31.5,32.0,0.0,23137600
2025-01-09,28.195999145507812,31.5,0.0,32.0,31.25,31.5,0.0,19876400
2025-01-10,27.97222137451172,31.25,0.0,31.75,31.0,31.5,0.0,32576800
2025-01-13,27.97222137451172,31.25,0.0,31.5,31.0,31.25,0.0,23360500
2025-01-14,27.077112197875977,30.25,0.0,31.25,30.0,31.25,0.0,74724200
2025-01-15,27.97222137451172,31.25,0.0,31.25,30.25,30.25,0.0,27152600
2025-01-16,27.748443603515625,31.0,0.0,31.5,30.75,31.25,0.0,47515200
2025-01-17,27.524667739868164,30.75,0.0,31.25,30.75,31.0,0.0,32420200
2025-01-20,27.524667739868164,30.75,0.0,31.0,30.5,31.0,0.0,18689100
2025-01-21,27.97222137451172,31.25,0.0,31.25,30.5,31.0,0.0,40292900
2025-01-22,27.97222137451172,31.25,0.0,31.5,31.0,31.25,0.0,20600800
2025-01-23,27.300888061523438,30.5,0.0,31.25,30.5,31.0,0.0,44482600
2025-01-24,27.524667739868164,30.75,0.0,31.0,30.5,30.5,0.0,26775900
2025-01-27,27.524667739868164,30.75,0.0,31.25,30.5,30.75,0.0,19802900
2025-01-28,27.748443603515625,31.0,0.0,31.25,30.75,30.75,0.0,15403000
2025-01-29,27.748443603515625,31.0,0.0,31.25,30.75,31.0,0.0,4736300
2025-01-30,27.748443603515625,31.0,0.0,31.0,30.75,31.0,0.0,4855300
2025-01-31,28.195999145507812,31.5,0.0,31.75,31.0,31.0,0.0,40135000
2025-02-03,27.748443603515625,31.0,0.0,31.0,30.5,31.0,0.0,50620400
2025-02-04,27.524667739868164,30.75,0.0,31.25,30.25,31.0,0.0,39102300
2025-02-05,26.853334426879883,30.0,0.0,30.75,30.0,30.75,0.0,35088900
2025-02-06,27.077112197875977,30.25,0.0,30.5,30.0,30.0,0.0,38887600
2025-02-07,27.524667739868164,30.75,0.0,30.75,30.0,30.25,0.0,41157300
2025-02-10,27.077112197875977,30.25,0.0,30.75,30.0,30.5,0.0,48121500
2025-02-11,27.300888061523438,30.5,0.0,30.75,30.25,30.25,0.0,14977900
2025-02-13,27.077112197875977,30.25,0.0,30.75,30.25,30.5,0.0,30759000
2025-02-14,27.748443603515625,31.0,0.0,31.0,30.25,30.25,0.0,58961600
2025-02-17,27.97222137451172,31.25,0.0,31.5,31.0,31.5,0.0,41727400
2025-02-18,28.195999145507812,31.5,0.0,31.5,30.75,31.0,0.0,39307100
2025-02-19,28.195999145507812,31.5,0.0,32.0,31.25,31.5,0.0,40329100
2025-02-20,28.195999145507812,31.5,0.0,31.75,31.0,31.25,0.0,43379300
2025-02-21,28.86733055114746,32.25,0.0,32.25,31.5,31.75,0.0,53283400
2025-02-24,28.86733055114746,32.25,0.0,32.5,32.0,32.25,0.0,35309900
2025-02-25,28.86733055114746,32.25,0.0,32.75,32.25,32.5,0.0,56817200
2025-02-26,28.6435546875,32.0,0.0,32.5,32.0,32.25,0.0,42289400
2025-02-27,28.419776916503906,31.75,0.0,32.25,31.75,32.0,0.0,27707600
2025-02-28,28.195999145507812,31.5,0.0,32.0,31.0,31.5,0.0,78835600
2025-03-03,27.748443603515625,31.0,0.0,31.75,31.0,31.75,0.0,43412100
2025-03-04,27.524667739868164,30.75,0.0,31.25,30.5,31.0,0.0,40053400
2025-03-05,27.748443603515625,31.0,0.0,31.25,30.75,30.75,0.0,43113200
2025-03-06,27.79515838623047,29.75,1.3,30.25,29.5,29.75,0.0,52970100
2025-03-07,27.79515838623047,29.75,0.0,30.0,29.5,29.75,0.0,37345200
2025-03-10,26.393722534179688,28.25,0.0,29.75,28.0,29.5,0.0,92884400
2025-03-11,26.16014862060547,28.0,0.0,28.25,27.0,28.0,0.0,126369200
2025-03-12,25.459430694580078,27.25,0.0,28.25,27.25,28.0,0.0,88194200
2025-03-13,25.459430694580078,27.25,0.0,27.75,27.0,27.25,0.0,40928000
2025-03-14,27.094440460205078,29.0,0.0,29.25,27.25,27.5,0.0,92957300
2025-03-17,27.561586380004883,29.5,0.0,29.5,28.5,29.0,0.0,78375800
2025-03-18,27.561586380004883,29.5,0.0,30.0,29.0,29.75,0.0,58312500
2025-03-19,27.79515838623047,29.75,0.0,30.0,29.25,29.5,0.0,57656100
2025-03-20,28.729450225830078,30.75,0.0,31.25,29.5,29.5,0.0,97709700
2025-03-21,29.663742065429688,31.75,0.0,32.0,31.25,31.75,0.0,82292500
2025-03-24,30.13088607788086,32.25,0.0,32.25,31.25,31.75,0.0,60701300
2025-03-25,30.364459991455078,32.5,0.0,32.5,32.0,32.25,0.0,55017000
2025-03-26,30.364459991455078,32.5,0.0,32.75,32.25,32.5,0.0,30966300
2025-03-27,30.364459991455078,32.5,0.0,32.75,32.25,32.5,0.0,29589700
2025-03-28,29.897314071655273,32.0,0.0,32.5,32.0,32.25,0.0,27547300
2025-03-31,29.897314071655273,32.0,0.0,32.25,31.5,32.0,0.0,40124600
2025-04-01,29.897314071655273,32.0,0.0,32.25,31.75,32.0,0.0,24892400
2025-04-02,30.13088607788086,32.25,0.0,32.25,31.75,31.75,0.0,32787700
2025-04-03,30.13088607788086,32.25,0.0,32.25,31.5,31.75,0.0,36044100
2025-04-04,29.43016815185547,31.5,0.0,32.25,31.0,31.75,0.0,61283900
2025-04-08,28.262304306030273,30.25,0.0,30.75,29.5,30.0,0.0,73333600
2025-04-09,28.49587631225586,30.5,0.0,30.5,30.0,30.0,0.0,51082000
2025-04-10,28.729450225830078,30.75,0.0,31.75,30.75,31.25,0.0,85360700
2025-04-11,29.43016815185547,31.5,0.0,31.5,30.25,30.75,0.0,53493900
2025-04-16,28.963024139404297,31.0,0.0,31.5,30.5,31.25,0.0,42868900
2025-04-17,28.729450225830078,30.75,0.0,31.25,30.75,31.0,0.0,17112300
2025-04-18,28.963024139404297,31.0,0.0,31.5,30.75,31.0,0.0,36229600
2025-04-21,28.729450225830078,30.75,0.0,31.0,30.25,31.0,0.0,39254200
2025-04-22,28.49587631225586,30.5,0.0,30.75,30.25,30.5,0.0,22245800
2025-04-23,28.49587631225586,30.5,0.0,31.0,30.5,30.75,0.0,36211500
2025-04-24,28.262304306030273,30.25,0.0,30.75,30.25,30.5,0.0,13586800
2025-04-25,28.49587631225586,30.5,0.0,30.5,30.25,30.5,0.0,9162000
2025-04-28,28.729450225830078,30.75,0.0,30.75,30.5,30.5,0.0,15194900
2025-04-29,28.729450225830078,30.75,0.0,31.0,30.5,30.75,0.0,11992100
2025-04-30,28.963024139404297,31.0,0.0,31.0,30.5,30.75,0.0,27889300
2025-05-02,29.196596145629883,31.25,0.0,31.25,30.75,31.0,0.0,31531400
2025-05-06,28.729450225830078,30.75,0.0,31.25,30.5,31.0,0.0,19733400
2025-05-07,29.43016815185547,31.5,0.0,31.5,30.75,30.75,0.0,52060700
2025-05-08,28.963024139404297,31.0,0.0,31.5,31.0,31.25,0.0,36019200
2025-05-09,29.196596145629883,31.25,0.0,31.25,30.75,31.25,0.0,29798300
2025-05-13,28.963024139404297,31.0,0.0,31.75,31.0,31.25,0.0,81889800
2025-05-14,29.196596145629883,31.25,0.0,31.25,31.0,31.0,0.0,36743400
2025-05-15,28.963024139404297,31.0,0.0,31.25,30.75,31.25,0.0,49774200
2025-05-16,29.196596145629883,31.25,0.0,31.25,30.75,31.0,0.0,30926700
2025-05-19,28.963024139404297,31.0,0.0,31.25,30.75,31.0,0.0,32321500
2025-05-20,28.729450225830078,30.75,0.0,31.0,30.75,31.0,0.0,10621300
2025-05-21,28.729450225830078,30.75,0.0,31.0,30.5,31.0,0.0,57019900
2025-05-22,28.49587631225586,30.5,0.0,30.75,30.25,30.5,0.0,32095000
2025-05-23,28.49587631225586,30.5,0.0,30.75,30.25,30.75,0.0,26930600
2025-05-26,28.262304306030273,30.25,0.0,30.75,30.25,30.5,0.0,29419300
2025-05-27,28.262304306030273,30.25,0.0,30.5,30.0,30.25,0.0,48403000
2025-05-28,28.262304306030273,30.25,0.0,30.5,30.25,30.25,0.0,16106200
2025-05-29,28.262304306030273,30.25,0.0,30.5,30.25,30.5,0.0,12466700
2025-05-30,27.79515838623047,29.75,0.0,30.5,29.75,30.25,0.0,84654300
2025-06-04,27.561586380004883,29.5,0.0,30.0,29.5,30.0,0.0,53393000
2025-06-05,28.028732299804688,30.0,0.0,30.0,29.5,29.5,0.0,31125700
2025-06-06,28.49587631225586,30.5,0.0,30.5,30.0,30.0,0.0,109998800
2025-06-09,28.028732299804688,30.0,0.0,30.5,29.75,30.5,0.0,23439800
2025-06-10,28.028732299804688,30.0,0.0,30.0,29.5,29.75,0.0,62648800
2025-06-11,28.262304306030273,30.25,0.0,30.5,30.0,30.0,0.0,26031700
2025-06-12,28.262304306030273,30.25,0.0,30.75,30.0,30.25,0.0,69315000
2025-06-13,28.729450225830078,30.75,0.0,31.25,30.25,30.5,0.0,91553700
2025-06-16,28.729450225830078,30.75,0.0,31.0,30.25,31.0,0.0,54946200
2025-06-17,28.262304306030273,30.25,0.0,30.75,30.25,30.5,0.0,20897500
2025-06-18,28.028732299804688,30.0,0.0,30.75,30.0,30.75,0.0,31631400
2025-06-19,28.028732299804688,30.0,0.0,30.25,29.75,30.0,0.0,34525100
2025-06-20,28.028732299804688,30.0,0.0,30.5,30.0,30.0,0.0,105807800
2025-06-23,28.028732299804688,30.0,0.0,30.25,30.0,30.0,0.0,16160500
2025-06-24,28.49587631225586,30.5,0.0,30.5,30.0,30.25,0.0,81410000
2025-06-25,28.49587631225586,30.5,0.0,30.5,30.25,30.5,0.0,21519400
2025-06-26,28.729450225830078,30.75,0.0,30.75,30.25,30.25,0.0,35866200
2025-06-27,28.028732299804688,30.0,0.0,30.75,30.0,30.5,0.0,27015300
2025-06-30,28.028732299804688,30.0,0.0,30.5,30.0,30.25,0.0,19536400
2025-07-01,28.49587631225586,30.5,0.0,30.75,30.0,30.25,0.0,85842300
2025-07-02,28.729450225830078,30.75,0.0,30.75,30.5,30.5,0.0,15618800
2025-07-03,28.49587631225586,30.5,0.0,31.0,30.5,30.75,0.0,23938100
2025-07-04,28.262304306030273,30.25,0.0,30.75,30.25,30.5,0.0,16534800
2025-07-07,28.262304306030273,30.25,0.0,30.5,30.25,30.25,0.0,10335000
2025-07-08,28.262304306030273,30.25,0.0,30.5,30.25,30.25,0.0,9767300
2025-07-09,28.262304306030273,30.25,0.0,30.5,30.25,30.25,0.0,13980100
2025-07-11,28.49587631225586,30.5,0.0,30.75,30.25,30.25,0.0,38004800
2025-07-14,28.963024139404297,31.0,0.0,31.0,30.25,30.5,0.0,38697900
2025-07-15,29.196596145629883,31.25,0.0,31.25,30.75,30.75,0.0,33444200
2025-07-16,28.963024139404297,31.0,0.0,31.5,31.0,31.25,0.0,75011600
2025-07-17,29.43016815185547,31.5,0.0,31.75,31.0,31.25,0.0,60805400
2025-07-18,29.897314071655273,32.0,0.0,32.25,31.5,31.5,0.0,131364300
2025-07-21,30.364459991455078,32.5,0.0,32.5,32.0,32.25,0.0,56566400
2025-07-22,30.13088607788086,32.25,0.0,32.5,32.0,32.5,0.0,37221300
2025-07-23,30.13088607788086,32.25,0.0,32.5,32.0,32.25,0.0,46323200
2025-07-24,29.897314071655273,32.0,0.0,32.5,31.5,32.25,0.0,93447700
2025-07-25,30.13088607788086,32.25,0.0,32.5,31.75,31.75,0.0,83289500
2025-07-29,30.83160400390625,33.0,0.0,33.0,32.25,32.5,0.0,106501800
2025-07-30,30.83160400390625,33.0,0.0,33.5,33.0,33.0,0.0,71995000
2025-07-31,31.06517791748047,33.25,0.0,33.75,32.5,33.0,0.0,170333700
2025-08-01,30.13088607788086,32.25,0.0,33.5,32.0,33.25,0.0,93477500
2025-08-04,29.897314071655273,32.0,0.0,32.5,32.0,32.25,0.0,90640700
2025-08-05,30.364459991455078,32.5,0.0,32.5,32.0,32.25,0.0,56547600
2025-08-06,30.13088607788086,32.25,0.0,32.5,32.0,32.5,0.0,44590200
2025-08-07,30.13088607788086,32.25,0.0,32.5,32.0,32.25,0.0,45232400
2025-08-08,29.897314071655273,32.0,0.0,32.5,31.75,32.25,0.0,64167700
2025-08-13,30.364459991455078,32.5,0.0,32.5,32.0,32.25,0.0,67020500
2025-08-14,30.13088607788086,32.25,0.0,32.5,32.0,32.5,0.0,59095900
2025-08-15,30.13088607788086,32.25,0.0,32.5,32.0,32.25,0.0,76094500
2025-08-18,30.13088607788086,32.25,0.0,32.5,31.5,32.25,0.0,101388000
2025-08-19,29.663742065429688,31.75,0.0,32.25,31.75,32.0,0.0,38967500
2025-08-20,29.897314071655273,32.0,0.0,32.0,31.75,31.75,0.0,26657100
2025-08-21,29.897314071655273,32.0,0.0,32.25,31.75,31.75,0.0,74002800
2025-08-22,29.897314071655273,32.0,0.0,32.25,31.75,32.0,0.0,53468200
2025-08-25,30.13088607788086,32.25,0.0,32.25,32.0,32.0,0.0,6995600
2025-08-26,29.897314071655273,32.0,0.0,32.25,31.75,32.0,0.0,68980700
2025-08-27,29.663742065429688,31.75,0.0,32.0,31.75,32.0,0.0,28235100
2025-08-28,29.43016815185547,31.5,0.0,31.75,31.25,31.75,0.0,37526400
2025-08-29,28.963024139404297,31.0,0.0,31.5,31.0,31.25,0.0,100632000
2025-09-01,29.43016815185547,31.5,0.0,31.5,30.75,31.0,0.0,45954700
2025-09-02,29.43016815185547,31.5,0.0,31.75,31.25,31.5,0.0,47210200
2025-09-03,29.897314071655273,32.0,0.0,32.25,31.5,31.75,0.0,96104500
2025-09-04,29.663742065429688,31.75,0.0,32.25,31.5,32.0,0.0,46524100
2025-09-05,29.43016815185547,31.5,0.0,32.0,31.25,31.5,0.0,56132900
2025-09-08,29.663742065429688,31.75,0.0,32.25,31.5,31.75,0.0,67635300
2025-09-09,30.364459991455078,32.5,0.0,32.5,31.75,31.75,0.0,106537000
2025-09-10,30.13088607788086,32.25,0.0,32.75,32.25,32.5,0.0,78624600
2025-09-11,31.06517791748047,33.25,0.0,33.5,32.5,32.5,0.0,130476900
2025-09-12,31.298749923706055,33.5,0.0,33.5,33.0,33.25,0.0,57207100
2025-09-15,30.598031997680664,32.75,0.0,33.5,32.75,33.5,0.0,72735800
2025-09-16,31.06517791748047,33.25,0.0,33.25,32.75,33.0,0.0,21801000
2025-09-17,31.06517791748047,33.25,0.0,33.75,33.25,33.25,0.0,97618600
2025-09-18,30.83160400390625,33.0,0.0,33.5,32.75,33.5,0.0,46476200
2025-09-19,31.06517791748047,33.25,0.0,33.5,32.75,33.25,0.0,151127900
2025-09-22,30.83160400390625,33.0,0.0,33.5,32.75,33.25,0.0,51660200
2025-09-23,30.83160400390625,33.0,0.0,33.25,32.75,33.0,0.0,36170400
2025-09-24,30.83160400390625,33.0,0.0,33.25,32.75,33.0,0.0,49613000
2025-09-25,31.06517791748047,33.25,0.0,33.5,33.0,33.25,0.0,47110700
2025-09-26,31.06517791748047,33.25,0.0,33.5,33.0,33.25,0.0,59128800
2025-09-29,31.532325744628906,33.75,0.0,33.75,33.25,33.25,0.0,78835700
2025-09-30,31.06517791748047,33.25,0.0,33.5,33.25,33.5,0.0,62626100
2025-10-01,30.969148635864258,32.25,0.9,32.5,32.0,32.25,0.0,88210000
2025-10-02,30.969148635864258,32.25,0.0,32.5,32.25,32.5,0.0,13054200
2025-10-03,30.969148635864258,32.25,0.0,32.5,32.0,32.25,0.0,21828500
2025-10-06,30.72907829284668,32.0,0.0,32.25,32.0,32.25,0.0,14738100
2025-10-07,30.72907829284668,32.0,0.0,32.0,32.0,32.0,0.0,0
2025-10-08,30.72907829284668,32.0,0.0,32.25,31.75,32.0,0.0,36496569
2025-10-09,30.72907829284668,32.0,0.0,32.0,31.75,32.0,0.0,19719000
2025-10-10,30.24893569946289,31.5,0.0,32.0,31.5,32.0,0.0,37741800
2025-10-14,29.768795013427734,31.0,0.0,31.5,31.0,31.5,0.0,69357200
2025-10-15,30.008865356445312,31.25,0.0,31.25,31.0,31.0,0.0,24356300
2025-10-16,29.528722763061523,30.75,0.0,31.25,30.5,31.25,0.0,92827800
2025-10-17,29.048582077026367,30.25,0.0,30.75,30.25,30.5,0.0,54561900
2025-10-20,29.528722763061523,30.75,0.0,31.0,30.5,30.5,0.0,44238400
2025-10-21,29.528722763061523,30.75,0.0,31.25,30.75,31.0,0.0,18926500
2025-10-22,29.768795013427734,31.0,0.0,31.25,30.5,30.75,0.0,88071500
2025-10-24,30.4890079498291,31.75,0.0,31.75,31.0,31.25,0.0,53332000
2025-10-27,30.008865356445312,31.25,0.0,32.0,31.25,31.75,0.0,80234100
2025-10-28,29.528722763061523,30.75,0.0,31.5,30.5,31.25,0.0,77078400
2025-10-29,29.528722763061523,30.75,0.0,31.25,30.75,30.75,0.0,41876700
2025-10-30,29.768795013427734,31.0,0.0,31.25,30.5,30.75,0.0,39938800
2025-10-31,29.528722763061523,30.75,0.0,31.0,30.5,31.0,0.0,30444300
2025-11-03,29.528722763061523,30.75,0.0,31.25,30.75,30.75,0.0,40377400
2025-11-04,29.288652420043945,30.5,0.0,31.0,30.5,30.75,0.0,51524200
2025-11-05,29.288652420043945,30.5,0.0,30.75,30.5,30.5,0.0,12385200
2025-11-06,29.528722763061523,30.75,0.0,30.75,30.5,30.75,0.0,22791100
2025-11-07,29.288652420043945,30.5,0.0,30.75,30.5,30.75,0.0,23501800
2025-11-10,29.288652420043945,30.5,0.0,30.75,30.25,30.75,0.0,35430900
2025-11-11,29.288652420043945,30.5,0.0,31.0,30.5,30.75,0.0,33292400
2025-11-12,29.048582077026367,30.25,0.0,30.75,30.25,30.5,0.0,33163600
2025-11-13,29.288652420043945,30.5,0.0,30.75,30.25,30.5,0.0,44361000
2025-11-14,29.288652420043945,30.5,0.0,30.75,30.25,30.5,0.0,21214700
2025-11-17,29.288652420043945,30.5,0.0,30.75,30.25,30.25,0.0,35780100
2025-11-18,29.288652420043945,30.5,0.0,30.75,30.25,30.5,0.0,21842100
2025-11-19,29.048582077026367,30.25,0.0,30.5,30.25,30.5,0.0,21285200
2025-11-20,29.288652420043945,30.5,0.0,30.75,30.25,30.5,0.0,33285600
2025-11-21,29.048582077026367,30.25,0.0,30.5,30.25,30.5,0.0,20166700
2025-11-24,29.048582077026367,30.25,0.0,30.5,30.0,30.5,0.0,76160900
2025-11-25,29.288652420043945,30.5,0.0,30.5,30.25,30.5,0.0,42111500
2025-11-26,29.288652420043945,30.5,0.0,30.5,30.25,30.5,0.0,12332400
2025-11-27,29.288652420043945,30.5,0.0,30.5,30.25,30.25,0.0,5509100
2025-11-28,29.528722763061523,30.75,0.0,31.0,30.5,30.5,0.0,44955000
2025-12-01,30.008865356445312,31.25,0.0,31.25,30.5,30.75,0.0,96383400
2025-12-02,30.008865356445312,31.25,0.0,31.5,31.0,31.25,0.0,50239500
2025-12-03,30.008865356445312,31.25,0.0,31.5,31.0,31.0,0.0,49689700
2025-12-04,30.4890079498291,31.75,0.0,32.0,31.25,31.5,0.0,74762700
2025-12-08,30.24893569946289,31.5,0.0,32.0,31.5,31.75,0.0,31791300
2025-12-09,30.24893569946289,31.5,0.0,31.75,31.25,31.5,0.0,21956900
2025-12-11,30.008865356445312,31.25,0.0,31.5,31.0,31.5,0.0,20884100
2025-12-12,30.008865356445312,31.25,0.0,31.5,31.0,31.5,0.0,21249800
2025-12-15,30.4890079498291,31.75,0.0,31.75,31.25,31.25,0.0,31807600
2025-12-16,30.008865356445312,31.25,0.0,31.75,31.25,31.5,0.0,26557400
2025-12-17,29.768795013427734,31.0,0.0,31.5,31.0,31.25,0.0,71077700
2025-12-18,30.008865356445312,31.25,0.0,31.5,31.0,31.25,0.0,93525900
2025-12-19,30.24893569946289,31.5,0.0,31.75,31.0,31.25,0.0,68503800
2025-12-22,30.4890079498291,31.75,0.0,32.0,31.5,31.75,0.0,43769800
2025-12-23,30.4890079498291,31.75,0.0,32.0,31.75,32.0,0.0,29352700
2025-12-24,30.4890079498291,31.75,0.0,32.0,31.5,31.75,0.0,30922100
2025-12-25,30.24893569946289,31.5,0.0,31.75,31.5,31.75,0.0,20533400
2025-12-26,30.24893569946289,31.5,0.0,31.75,31.25,31.5,0.0,34079000
2025-12-29,30.24893569946289,31.5,0.0,31.75,31.25,31.5,0.0,38885700
2025-12-30,30.72907829284668,32.0,0.0,32.0,31.5,31.5,0.0,41206800
2026-01-05,30.4890079498291,31.75,0.0,32.0,31.5,31.75,0.0,35811000
2026-01-06,30.4890079498291,31.75,0.0,31.75,31.5,31.75,0.0,41853000
2026-01-07,30.24893569946289,31.5,0.0,31.75,31.5,31.5,0.0,21251600
2026-01-08,30.24893569946289,31.5,0.0,31.75,31.5,31.5,0.0,26855300
2026-01-09,30.4890079498291,31.75,0.0,31.75,31.5,31.5,0.0,24892700
2026-01-12,30.72907829284668,32.0,0.0,32.0,31.75,31.75,0.0,17387000
2026-01-13,30.4890079498291,31.75,0.0,32.25,31.75,32.0,0.0,35987900
2026-01-14,31.449291229248047,32.75,0.0,32.75,32.0,32.0,0.0,102111200
2026-01-15,31.449291229248047,32.75,0.0,33.0,32.25,32.75,0.0,79427000
2026-01-16,31.689361572265625,33.0,0.0,33.25,32.75,32.75,0.0,76749200
2026-01-19,31.929433822631836,33.25,0.0,33.25,32.75,33.0,0.0,36328000
2026-01-20,32.409576416015625,33.75,0.0,33.75,33.0,33.25,0.0,118251800
2026-01-21,32.16950225830078,33.5,0.0,33.75,33.25,33.5,0.0,105371100
2026-01-22,32.409576416015625,33.75,0.0,33.75,33.25,33.75,0.0,80603200
2026-01-23,32.409576416015625,33.75,0.0,33.75,33.5,33.75,0.0,39055100
2026-01-26,32.16950225830078,33.5,0.0,33.75,33.5,33.75,0.0,27504500
2026-01-27,32.6496467590332,34.0,0.0,34.25,33.5,33.5,0.0,122223700
2026-01-28,33.36985778808594,34.75,0.0,34.75,34.25,34.25,0.0,117807500
2026-01-29,33.36985778808594,34.75,0.0,35.0,34.25,34.75,0.0,122581100
2026-01-30,32.6496467590332,34.0,0.0,34.5,34.0,34.5,0.0,70280500
2026-02-02,32.88971710205078,34.25,0.0,34.25,33.75,34.0,0.0,55076600
2026-02-03,33.12978744506836,34.5,0.0,34.75,34.25,34.25,0.0,81627200
2026-02-04,33.36985778808594,34.75,0.0,34.75,34.25,34.5,0.0,53453300
2026-02-05,33.849998474121094,35.25,0.0,35.25,34.5,34.75,0.0,178616200
2026-02-06,33.849998474121094,35.25,0.0,35.5,35.0,35.25,0.0,58615000
2026-02-09,33.849998474121094,35.25,0.0,35.75,35.0,35.5,0.0,133345600
2026-02-10,34.09007263183594,35.5,0.0,35.75,35.25,35.5,0.0,53662800
2026-02-11,34.09007263183594,35.5,0.0,35.75,35.25,35.5,0.0,58508200
2026-02-12,34.570213317871094,36.0,0.0,36.25,35.25,35.25,0.0,157673500
2026-02-13,34.330142974853516,35.75,0.0,36.0,35.5,35.75,0.0,89522800
2026-02-16,34.330142974853516,35.75,0.0,36.0,35.5,35.75,0.0,53635500
2026-02-17,34.330142974853516,35.75,0.0,36.0,35.5,35.5,0.0,69550200
2026-02-18,34.81028366088867,36.25,0.0,36.25,35.75,35.75,0.0,77636600
2026-02-19,36.01063919067383,37.5,0.0,37.5,36.5,36.5,0.0,274514900
2026-02-20,35.53049850463867,37.0,0.0,37.75,37.0,37.25,0.0,181387200
2026-02-23,35.05035400390625,36.5,0.0,37.25,36.5,37.25,0.0,130378700
2026-02-24,35.29042434692383,36.75,0.0,37.0,36.25,36.5,0.0,143067300
2026-02-25,35.77056884765625,37.25,0.0,37.75,36.75,37.0,0.0,148811400
2026-02-26,35.77056884765625,37.25,0.0,37.75,37.0,37.75,0.0,153032600
2026-02-27,35.53049850463867,37.0,0.0,37.75,37.0,37.25,0.0,212290300
2026-03-02,35.29042434692383,36.75,0.0,38.0,36.75,37.75,0.0,157966000
2026-03-04,33.849998474121094,35.25,0.0,36.5,34.25,36.5,0.0,292385800
2026-03-05,34.0,34.0,1.4,34.75,33.25,34.5,0.0,181049600
2026-03-06,34.0,34.0,0.0,34.5,33.5,34.0,0.0,79931600
2026-03-09,33.25,33.25,0.0,33.75,32.75,33.0,0.0,125226700
2026-03-10,33.5,33.5,0.0,33.75,33.25,33.5,0.0,89844500
2026-03-11,33.5,33.5,0.0,33.75,33.25,33.5,0.0,94472700
2026-03-12,35.0,35.0,0.0,35.0,33.25,33.25,0.0,175474000
2026-03-13,34.25,34.25,0.0,35.0,34.0,34.5,0.0,121083200
2026-03-16,33.5,33.5,0.0,34.5,33.25,34.5,0.0,93478100
2026-03-17,34.0,34.0,0.0,34.0,33.0,33.5,0.0,107960500
2026-03-18,33.5,33.5,0.0,34.25,33.5,34.0,0.0,45953800
2026-03-19,34.25,34.25,0.0,34.25,33.5,33.5,0.0,126676600
2026-03-20,34.0,34.0,0.0,34.5,33.5,34.25,0.0,107660500
2026-03-23,33.5,33.5,0.0,34.0,33.25,33.5,0.0,70474100
2026-03-24,33.75,33.75,0.0,34.0,33.5,33.75,0.0,49974500
2026-03-25,34.25,34.25,0.0,34.5,33.5,33.75,0.0,104453400
2026-03-26,34.5,34.5,0.0,34.75,33.75,34.0,0.0,134503000
2026-03-27,34.5,34.5,0.0,35.25,34.5,34.75,0.0,91962400
2026-03-30,35.25,35.25,0.0,35.25,34.5,34.5,0.0,77207900
2026-03-31,35.0,35.0,0.0,35.5,34.5,35.25,0.0,107133700
2026-04-01,34.75,34.75,0.0,35.5,34.5,35.5,0.0,124696800
2026-04-02,35.5,35.5,0.0,35.5,34.75,35.0,0.0,87618300
2026-04-03,34.25,34.25,0.0,35.5,34.25,35.5,0.0,96794300
2026-04-07,34.75,34.75,0.0,35.25,34.0,34.25,0.0,90396600
2026-04-08,35.0,35.0,0.0,35.25,34.25,34.5,0.0,73033000
2026-04-09,35.5,35.5,0.0,35.5,34.75,35.0,0.0,77941200
2026-04-10,34.75,34.75,0.0,35.5,34.75,35.25,0.0,48751300
2026-04-16,34.75,34.75,0.0,35.0,34.25,34.75,0.0,67617600
2026-04-17,34.75,34.75,0.0,35.0,34.5,34.5,0.0,44345500
2026-04-20,34.5,34.5,0.0,35.0,34.25,34.5,0.0,64051900
2026-04-21,34.25,34.25,0.0,34.75,34.25,34.5,0.0,43177200
2026-04-22,34.75,34.75,0.0,35.0,34.25,34.25,0.0,84206100
2026-04-23,35.0,35.0,0.0,35.0,34.5,34.5,0.0,70320800
2026-04-24,34.75,34.75,0.0,35.0,34.75,35.0,0.0,30141200
2026-04-27,35.25,35.25,0.0,35.5,35.0,35.0,0.0,59943100
2026-04-28,35.25,35.25,0.0,35.25,34.5,35.25,0.0,86701500
2026-04-29,35.25,35.25,0.0,35.5,35.0,35.25,0.0,96914100
2026-04-30,35.25,35.25,0.0,35.75,35.0,35.25,0.0,114540300
2026-05-01,35.25,35.25,0.0,35.25,35.25,35.25,0.0,0
2026-05-04,35.25,35.25,0.0,35.25,35.25,35.25,0.0,0
2026-05-05,36.5,36.5,0.0,36.5,35.25,35.5,0.0,140653200
2026-05-06,35.5,35.5,0.0,36.25,35.5,36.25,0.0,129532800
2026-05-07,35.75,35.75,0.0,36.25,35.5,35.5,0.0,72655800
2026-05-08,36.5,36.5,0.0,36.5,35.75,35.75,0.0,115038100
2026-05-11,36.5,36.5,0.0,37.0,36.0,36.25,0.0,102482500
2026-05-12,37.0,37.0,0.0,37.0,36.25,36.5,0.0,142065900
2026-05-13,37.0,37.0,0.0,37.25,36.75,37.0,0.0,71669900
2026-05-14,37.25,37.25,0.0,37.25,36.75,37.0,0.0,71422300
2026-05-15,36.25,36.25,0.0,37.0,36.25,37.0,0.0,74311500
2026-05-18,36.5,36.5,0.0,36.75,36.0,36.25,0.0,70683200
2026-05-19,36.5,36.5,0.0,36.75,36.25,36.25,0.0,36263500
2026-05-20,37.0,37.0,0.0,37.0,36.25,36.5,0.0,89864100
2026-05-21,37.25,37.25,0.0,37.25,36.75,37.0,0.0,72306300
2026-05-22,36.75,36.75,0.0,37.25,36.75,37.25,0.0,37502800
2026-05-25,36.75,36.75,0.0,37.25,36.5,36.75,0.0,63959700
2026-05-26,36.5,36.5,0.0,36.75,36.5,36.5,0.0,29126300
2026-05-27,36.5,36.5,0.0,36.75,36.25,36.5,0.0,37899300
2026-05-28,36.25,36.25,0.0,36.5,36.0,36.5,0.0,67074000
2026-05-29,36.25,36.25,0.0,36.5,36.0,36.25,0.0,69574000
2026-06-01,36.25,36.25,0.0,36.25,36.25,36.25,0.0,0
2026-06-02,36.5,36.5,0.0,37.0,36.25,36.5,0.0,85131500
2026-06-03,36.5,36.5,0.0,36.5,36.5,36.5,0.0,0
2026-06-04,36.75,36.75,0.0,37.25,36.5,36.5,0.0,81797100
2026-06-05,36.75,36.75,0.0,37.0,36.5,36.75,0.0,32086400
2026-06-08,36.5,36.5,0.0,36.75,36.25,36.5,0.0,49219100
2026-06-09,36.25,36.25,0.0,36.75,36.25,36.5,0.0,49289300
2026-06-10,36.25,36.25,0.0,36.5,36.25,36.25,0.0,24678700
2026-06-11,36.5,36.5,0.0,36.5,36.0,36.25,0.0,26907200
2026-06-12,36.0,36.0,0.0,36.5,36.0,36.25,0.0,58422400
2026-06-15,35.0,35.0,0.0,36.0,34.75,36.0,0.0,105097700
2026-06-16,35.25,35.25,0.0,35.75,35.0,35.25,0.0,69549200
2026-06-17,35.25,35.25,0.0,35.25,34.75,35.25,0.0,34418500
2026-06-18,35.5,35.5,0.0,35.75,35.25,35.25,0.0,38170100
2026-06-19,35.25,35.25,0.0,35.75,35.25,35.5,0.0,46878300
2026-06-22,35.75,35.75,0.0,35.75,35.0,35.0,0.0,57087000
2026-06-23,35.0,35.0,0.0,35.75,35.0,35.5,0.0,101075100
2026-06-24,35.0,35.0,0.0,35.25,34.75,35.25,0.0,53747100
2026-06-25,34.5,34.5,0.0,35.0,34.5,34.75,0.0,68981000
2026-06-26,35.0,35.0,0.0,35.25,34.5,34.5,0.0,84827300
2026-06-29,35.25,35.25,0.0,35.5,35.0,35.25,0.0,94776400
2026-06-30,35.5,35.5,0.0,35.75,35.0,35.0,0.0,90941100
2026-07-01,35.75,35.75,0.0,35.75,35.5,35.75,0.0,26484500
2026-07-02,35.75,35.75,0.0,36.0,35.25,35.5,0.0,84261400
2026-07-03,37.0,37.0,0.0,37.0,36.0,36.0,0.0,97194200
2026-07-06,37.25,37.25,0.0,37.25,36.75,37.0,0.0,76486400
2026-07-07,36.5,36.5,0.0,37.0,36.0,37.0,0.0,199133100
2026-07-08,36.75,36.75,0.0,37.0,36.5,36.75,0.0,111287800
2026-07-09,37.0,37.0,0.0,37.25,36.75,36.75,0.0,134795700
2026-07-10,37.5,37.5,0.0,37.5,36.75,37.0,0.0,78549600
2026-07-13,37.75,37.75,0.0,38.0,37.5,37.5,0.0,127191400
2026-07-14,38.25,38.25,0.0,38.25,37.5,37.75,0.0,135436500
2026-07-15,38.5,38.5,0.0,38.75,38.0,38.0,0.0,203198100
2026-07-16,38.75,38.75,0.0,39.0,38.5,38.75,0.0,54338300
2026-07-17,38.75,38.75,0.0,38.75,38.25,38.5,0.0,74720600
2026-07-20,39.25,39.25,0.0,39.25,38.5,38.75,0.0,160250000
2026-07-21,39.75,39.75,0.0,39.75,38.75,39.0,0.0,169781400
2026-07-22,39.25,39.25,0.0,40.0,39.0,39.75,0.0,157309500
2026-07-23,39.5,39.5,0.0,39.75,39.25,39.5,0.0,96694800
2026-07-24,39.5,39.5,0.0,39.75,39.25,39.25,0.0,61698300
2026-07-27,39.0,39.0,0.0,39.5,38.75,39.0,0.0,114161500
2026-07-28,39.0,39.0,0.0,39.0,39.0,39.0,0.0,0
2026-07-29,39.0,39.0,0.0,39.0,39.0,39.0,0.0,0
2026-07-30,38.5,38.5,0.0,39.0,38.5,38.75,0.0,106623800
2026-07-31,38.5,38.5,0.0,38.75,38.25,38.5,0.0,69605700
2026-08-03,38.5,38.5,0.0,38.75,38.25,38.5,0.0,75420500
2026-08-04,38.0,38.0,0.0,38.5,37.5,38.25,0.0,160596500
2026-08-05,38.25,38.25,0.0,38.25,37.0,37.5,0.0,187994200
2026-08-06,38.75,38.75,0.0,39.0,38.0,38.25,0.0,161240900
2026-08-07,38.75,38.75,0.0,39.25,38.5,38.75,0.0,129528200
2026-08-10,38.75,38.75,0.0,39.25,38.5,39.0,0.0,143957500
2026-08-11,39.5,39.5,0.0,39.5,39.0,39.0,0.0,80910200
2026-08-12,39.5,39.5,0.0,39.5,39.5,39.5,0.0,0
2026-08-13,39.25,39.25,0.0,39.5,39.0,39.5,0.0,44182300
2026-08-14,39.75,39.75,0.0,40.0,39.5,39.5,0.0,153701000
2026-08-17,39.5,39.5,0.0,40.0,39.25,39.75,0.0,167527500
2026-08-18,40.5,40.5,0.0,40.75,39.75,39.75,0.0,139575700
2026-08-19,40.5,40.5,0.0,40.75,40.0,40.5,0.0,99174300
2026-08-20,40.75,40.75,0.0,41.0,40.25,40.75,0.0,83483600
2026-08-21,40.75,40.75,0.0,41.25,40.5,41.0,0.0,129738000
2026-08-24,41.0,41.0,0.0,41.0,40.5,40.75,0.0,44881100
2026-08-25,40.5,40.5,0.0,41.0,40.5,40.75,0.0,81286900
2026-08-26,40.25,40.25,0.0,40.5,39.75,40.25,0.0,95957600
2026-08-27,40.25,40.25,0.0,40.5,40.0,40.25,0.0,74592700
2026-08-28,40.5,40.5,0.0,40.75,40.0,40.0,0.0,85713800
2026-08-31,40.75,40.75,0.0,40.75,40.25,40.75,0.0,71751800
2026-09-01,41.5,41.5,0.0,41.75,41.0,41.0,0.0,164932300
2026-09-02,41.0,41.0,0.0,42.0,41.0,41.75,0.0,123145900
2026-09-03,41.75,41.75,0.0,41.75,40.75,41.25,0.0,113009400
2026-09-04,41.5,41.5,0.0,41.75,41.0,41.75,0.0,144537900
2026-09-07,41.5,41.5,0.0,41.75,41.25,41.5,0.0,62159200
2026-09-08,42.25,42.25,0.0,42.25,41.5,41.5,0.0,77675000
2026-09-09,42.25,42.25,0.0,42.75,42.0,42.25,0.0,159093900
2026-09-10,42.0,42.0,0.0,42.5,41.75,42.25,0.0,111522100
2026-09-11,42.0,42.0,0.0,42.75,41.75,42.5,0.0,161462000
2026-09-14,42.0,42.0,0.0,42.25,41.75,42.0,0.0,69931300
2026-09-15,42.5,42.5,0.0,42.75,42.0,42.0,0.0,109558700
2026-09-16,42.0,42.0,0.0,42.5,42.0,42.5,0.0,95335300
2026-09-17,42.25,42.25,0.0,42.5,42.0,42.25,0.0,61111200
2026-09-18,42.25,42.25,0.0,42.5,42.0,42.25,0.0,55218600
