design,signal_date,execution_date,symbol,side,quantity,order_type,validity,requested_price,executed_price,status,reason,order_value,commission,vat,total_fees,slippage,membership_end_date,date,year,month,tick_size,slippage_bps,fee_total,transaction_cost,price_bucket,notional_bucket,reason_class
A,2023-02-01 00:00:00,2023-02-02 00:00:00,BDMS,BUY,66004,LIMIT,IOC,30.25,30.25,FILLED,,1996621.0,3134.69497,219.4286479,3354.1236179,16501.0,,2023-02-02,2023,2023-02,0.25,82.64462809917356,3354.1236178999998,19855.1236179,25-50,Q4,NORMAL_STRATEGY
A,2023-02-01 00:00:00,2023-02-02 00:00:00,IVL,BUY,48403,LIMIT,IOC,41.25,41.25,FILLED,,1996623.75,3134.6992875,219.428950125,3354.128237625,12100.75,,2023-02-02,2023,2023-02,0.25,60.60606060606061,3354.128237625,15454.878237625,25-50,Q4,NORMAL_STRATEGY
A,2023-02-06 00:00:00,2023-02-07 00:00:00,BDMS,SELL,66004,LIMIT,IOC,29.75,29.75,FILLED,,1963619.0,3082.88183,215.8017281,3298.6835581,16501.0,,2023-02-07,2023,2023-02,0.25,84.03361344537815,3298.6835580999996,19799.683558099998,25-50,Q4,NORMAL_STRATEGY
A,2023-02-06 00:00:00,2023-02-07 00:00:00,IVL,SELL,48403,LIMIT,IOC,40.5,40.5,FILLED,,1960321.5,3077.704755,215.43933285,3293.14408785,12100.75,,2023-02-07,2023,2023-02,0.25,61.72839506172839,3293.1440878500002,15393.89408785,25-50,Q4,NORMAL_STRATEGY
A,2023-02-06 00:00:00,2023-02-07 00:00:00,CENTEL,BUY,91582,LIMIT,IOC,54.0,54.0,FILLED,,4945428.0,7764.32196,543.5025372,8307.8244972,22895.5,,2023-02-07,2023,2023-02,0.25,46.29629629629629,8307.8244972,31203.3244972,50-100,Q4,NORMAL_STRATEGY
A,2023-02-14 00:00:00,2023-02-15 00:00:00,CENTEL,BUY,646,LIMIT,IOC,54.25,54.25,FILLED,,35045.5,55.021435,3.85150045,58.87293545,161.5,,2023-02-15,2023,2023-02,0.25,46.08294930875576,58.87293545,220.37293545,50-100,Q1,NORMAL_STRATEGY
A,2023-02-17 00:00:00,2023-02-20 00:00:00,CENTEL,SELL,2090,LIMIT,IOC,54.5,54.5,FILLED,,113905.0,178.83085,12.5181595,191.3490095,522.5,,2023-02-20,2023,2023-02,0.25,45.87155963302752,191.3490095,713.8490095,50-100,Q2,NORMAL_STRATEGY
A,2023-02-22 00:00:00,2023-02-23 00:00:00,CENTEL,SELL,54163,LIMIT,IOC,55.75,55.75,FILLED,,3019587.25,4740.7519825,331.852638775,5072.604621275,13540.75,,2023-02-23,2023,2023-02,0.25,44.84304932735426,5072.604621275,18613.354621275,50-100,Q4,NORMAL_STRATEGY
A,2023-02-22 00:00:00,2023-02-23 00:00:00,BDMS,BUY,67453,LIMIT,IOC,30.0,30.0,FILLED,,2023590.0,3177.0363,222.392541,3399.428841,16863.25,,2023-02-23,2023,2023-02,0.25,83.33333333333333,3399.4288410000004,20262.678841,25-50,Q4,NORMAL_STRATEGY
A,2023-02-22 00:00:00,2023-02-23 00:00:00,HMPRO,BUY,134014,LIMIT,IOC,15.1,15.1,FILLED,,2023611.4,3177.069898,222.39489286,3399.46479086,13401.4,,2023-02-23,2023,2023-02,0.09999999999999999,66.2251655629139,3399.46479086,16800.86479086,10-25,Q4,NORMAL_STRATEGY
A,2023-02-22 00:00:00,2023-02-23 00:00:00,OSP,BUY,62747,LIMIT,IOC,32.25,32.25,FILLED,,2023590.75,3177.0374775,222.392623425,3399.430100925,15686.75,,2023-02-23,2023,2023-02,0.25,77.51937984496124,3399.4301009250003,19086.180100925,25-50,Q4,NORMAL_STRATEGY
A,2023-02-27 00:00:00,2023-02-28 00:00:00,BDMS,SELL,67453,LIMIT,IOC,28.25,28.25,FILLED,,1905547.25,2991.7091825,209.419642775,3201.128825275,16863.25,,2023-02-28,2023,2023-02,0.25,88.49557522123894,3201.128825275,20064.378825275002,25-50,Q4,NORMAL_STRATEGY
A,2023-02-27 00:00:00,2023-02-28 00:00:00,HMPRO,SELL,134014,LIMIT,IOC,14.200000190734864,14.200000190734864,FILLED,,1902998.8255611416,2987.708156130993,209.13957092916948,3196.8477270601625,13401.4,,2023-02-28,2023,2023-02,0.09999999999999999,70.42253426534984,3196.8477270601625,16598.247727060163,10-25,Q4,NORMAL_STRATEGY
A,2023-02-27 00:00:00,2023-02-28 00:00:00,CENTEL,BUY,21983,LIMIT,IOC,56.25,56.25,FILLED,,1236543.75,1941.3736875,135.896158125,2077.269845625,5495.75,,2023-02-28,2023,2023-02,0.25,44.44444444444444,2077.269845625,7573.019845625,50-100,Q4,NORMAL_STRATEGY
A,2023-02-27 00:00:00,2023-02-28 00:00:00,COM7,BUY,103496,LIMIT,IOC,31.5,31.5,FILLED,,3260124.0,5118.39468,358.2876276,5476.6823076,25874.0,,2023-02-28,2023,2023-02,0.25,79.36507936507937,5476.6823076,31350.6823076,25-50,Q4,NORMAL_STRATEGY
A,2023-02-27 00:00:00,2023-02-28 00:00:00,OSP,BUY,38342,LIMIT,IOC,32.25,32.25,FILLED,,1236529.5,1941.351315,135.89459205,2077.24590705,9585.5,,2023-02-28,2023,2023-02,0.25,77.51937984496124,2077.24590705,11662.74590705,25-50,Q4,NORMAL_STRATEGY
A,2023-03-02 00:00:00,2023-03-03 00:00:00,COM7,SELL,103496,LIMIT,IOC,30.5,30.5,FILLED,,3156628.0,4955.90596,346.9134172,5302.8193772,25874.0,,2023-03-03,2023,2023-03,0.25,81.9672131147541,5302.8193772,31176.8193772,25-50,Q4,NORMAL_STRATEGY
A,2023-03-08 00:00:00,2023-03-09 00:00:00,OSP,SELL,590,LIMIT,IOC,32.0,32.0,FILLED,,18880.0,29.6416,2.074912,31.716512,147.5,,2023-03-09,2023,2023-03,0.25,78.125,31.716512,179.216512,25-50,Q1,NORMAL_STRATEGY
A,2023-03-08 00:00:00,2023-03-09 00:00:00,CENTEL,BUY,629,LIMIT,IOC,55.75,55.75,FILLED,,35066.75,55.0547975,3.853835825,58.908633325,157.25,,2023-03-09,2023,2023-03,0.25,44.84304932735426,58.908633325,216.15863332499998,50-100,Q1,NORMAL_STRATEGY
A,2023-03-13 00:00:00,2023-03-14 00:00:00,CENTEL,SELL,58587,LIMIT,IOC,54.75,54.75,FILLED,,3207638.25,5035.9920525,352.519443675,5388.511496175,14646.75,,2023-03-14,2023,2023-03,0.25,45.662100456621005,5388.511496175,20035.261496175,50-100,Q4,NORMAL_STRATEGY
A,2023-03-13 00:00:00,2023-03-14 00:00:00,OSP,BUY,45011,LIMIT,IOC,32.25,32.25,FILLED,,1451604.75,2279.0194575,159.531362025,2438.550819525,11252.75,,2023-03-14,2023,2023-03,0.25,77.51937984496124,2438.550819525,13691.300819525,25-50,Q4,NORMAL_STRATEGY
A,2023-03-16 00:00:00,2023-03-17 00:00:00,OSP,SELL,145510,LIMIT,IOC,31.5,31.5,FILLED,,4583565.0,7196.19705,503.7337935,7699.9308435,36377.5,,2023-03-17,2023,2023-03,0.25,79.36507936507937,7699.930843499999,44077.4308435,25-50,Q4,NORMAL_STRATEGY
A,2023-03-24 00:00:00,2023-03-27 00:00:00,BGRIM,BUY,116298,LIMIT,IOC,40.75,40.75,FILLED,,4739143.5,7440.455295,520.83187065,7961.28716565,29074.5,,2023-03-27,2023,2023-03,0.25,61.34969325153374,7961.28716565,37035.78716565,25-50,Q4,NORMAL_STRATEGY
A,2023-03-24 00:00:00,2023-03-27 00:00:00,CENTEL,BUY,82420,LIMIT,IOC,57.5,57.5,FILLED,,4739150.0,7440.4655,520.832585,7961.298085,20605.0,,2023-03-27,2023,2023-03,0.25,43.47826086956522,7961.298085,28566.298085000002,50-100,Q4,NORMAL_STRATEGY
A,2023-03-29 00:00:00,2023-03-30 00:00:00,BGRIM,SELL,70825,LIMIT,IOC,40.5,40.5,FILLED,,2868412.5,4503.407625,315.23853375,4818.64615875,17706.25,,2023-03-30,2023,2023-03,0.25,61.72839506172839,4818.64615875,22524.89615875,25-50,Q4,NORMAL_STRATEGY
A,2023-03-29 00:00:00,2023-03-30 00:00:00,BDMS,BUY,62669,LIMIT,IOC,29.75,29.75,FILLED,,1864402.75,2927.1123175,204.897862225,3132.010179725,15667.25,,2023-03-30,2023,2023-03,0.25,84.03361344537815,3132.010179725,18799.260179725,25-50,Q4,NORMAL_STRATEGY
A,2023-04-03 00:00:00,2023-04-04 00:00:00,BGRIM,SELL,12201,LIMIT,IOC,39.25,39.25,FILLED,,478889.25,751.8561225,52.629928575,804.486051075,3050.25,,2023-04-04,2023,2023-04,0.25,63.69426751592357,804.486051075,3854.736051075,25-50,Q3,NORMAL_STRATEGY
A,2023-04-03 00:00:00,2023-04-04 00:00:00,CENTEL,SELL,59012,LIMIT,IOC,56.0,56.0,FILLED,,3304672.0,5188.33504,363.1834528,5551.5184928,14753.0,,2023-04-04,2023,2023-04,0.25,44.64285714285714,5551.5184928,20304.5184928,50-100,Q4,NORMAL_STRATEGY
A,2023-04-03 00:00:00,2023-04-04 00:00:00,BDMS,SELL,18947,LIMIT,IOC,29.75,29.75,FILLED,,563673.25,884.9670025,61.947690175,946.914692675,4736.75,,2023-04-04,2023,2023-04,0.25,84.03361344537815,946.9146926750001,5683.664692675,25-50,Q3,NORMAL_STRATEGY
A,2023-04-03 00:00:00,2023-04-04 00:00:00,MTC,BUY,37788,LIMIT,IOC,35.0,35.0,FILLED,,1322580.0,2076.4506,145.351542,2221.802142,9447.0,,2023-04-04,2023,2023-04,0.25,71.42857142857143,2221.802142,11668.802142,25-50,Q4,NORMAL_STRATEGY
A,2023-04-07 00:00:00,2023-04-10 00:00:00,CENTEL,SELL,23408,LIMIT,IOC,55.0,55.0,FILLED,,1287440.0,2021.2808,141.489656,2162.770456,5852.0,,2023-04-10,2023,2023-04,0.25,45.45454545454545,2162.770456,8014.770456,50-100,Q4,NORMAL_STRATEGY
A,2023-04-07 00:00:00,2023-04-10 00:00:00,BDMS,BUY,32899,LIMIT,IOC,30.25,30.25,FILLED,,995194.75,1562.4557575,109.371903025,1671.827660525,8224.75,,2023-04-10,2023,2023-04,0.25,82.64462809917356,1671.8276605249998,9896.577660525,25-50,Q4,NORMAL_STRATEGY
A,2023-04-07 00:00:00,2023-04-10 00:00:00,LH,BUY,235309,LIMIT,IOC,9.850000190734864,9.850000190734864,FILLED,,2317793.6948816297,3638.9361009641593,254.72552706749113,3893.66162803165,11765.45,,2023-04-10,2023,2023-04,0.05,50.761420336855586,3893.6616280316503,15659.111628031651,5-10,Q4,NORMAL_STRATEGY
A,2023-04-07 00:00:00,2023-04-10 00:00:00,MTC,BUY,29884,LIMIT,IOC,34.25,34.25,FILLED,,1023527.0,1606.93739,112.4856173,1719.4230073,7471.0,,2023-04-10,2023,2023-04,0.25,72.99270072992701,1719.4230073,9190.4230073,25-50,Q4,NORMAL_STRATEGY
A,2023-04-12 00:00:00,2023-04-17 00:00:00,BDMS,SELL,32085,LIMIT,IOC,29.75,29.75,FILLED,,954528.75,1498.6101375,104.902709625,1603.512847125,8021.25,,2023-04-17,2023,2023-04,0.25,84.03361344537815,1603.512847125,9624.762847125,25-50,Q4,NORMAL_STRATEGY
A,2023-04-12 00:00:00,2023-04-17 00:00:00,MTC,SELL,31013,LIMIT,IOC,36.25,36.25,FILLED,,1124221.25,1765.0273625,123.551915375,1888.579277875,7753.25,,2023-04-17,2023,2023-04,0.25,68.9655172413793,1888.579277875,9641.829277875,25-50,Q4,NORMAL_STRATEGY
A,2023-04-12 00:00:00,2023-04-17 00:00:00,BGRIM,BUY,199,LIMIT,IOC,40.25,40.25,FILLED,,8009.75,12.5753075,0.880271525,13.455579025,49.75,,2023-04-17,2023,2023-04,0.25,62.11180124223602,13.455579024999999,63.205579025,25-50,Q1,NORMAL_STRATEGY
A,2023-04-12 00:00:00,2023-04-17 00:00:00,KTB,BUY,77875,LIMIT,IOC,17.30000076293945,17.30000076293945,FILLED,,1347237.55941391,2115.1629682798384,148.06140777958868,2263.2243760594274,7787.5,,2023-04-17,2023,2023-04,0.1,57.80346565892806,2263.224376059427,10050.724376059427,10-25,Q4,NORMAL_STRATEGY
A,2023-04-12 00:00:00,2023-04-17 00:00:00,RATCH,BUY,34107,LIMIT,IOC,39.5,39.5,FILLED,,1347226.5,2115.145605,148.06019235,2263.20579735,8526.75,,2023-04-17,2023,2023-04,0.25,63.291139240506325,2263.20579735,10789.95579735,25-50,Q4,NORMAL_STRATEGY
A,2023-04-19 00:00:00,2023-04-20 00:00:00,BGRIM,SELL,33471,LIMIT,IOC,39.0,39.0,FILLED,,1305369.0,2049.42933,143.4600531,2192.8893831,8367.75,,2023-04-20,2023,2023-04,0.25,64.1025641025641,2192.8893831,10560.6393831,25-50,Q4,NORMAL_STRATEGY
A,2023-04-19 00:00:00,2023-04-20 00:00:00,BDMS,SELL,44536,LIMIT,IOC,29.5,29.5,FILLED,,1313812.0,2062.68484,144.3879388,2207.0727788,11134.0,,2023-04-20,2023,2023-04,0.25,84.7457627118644,2207.0727788,13341.0727788,25-50,Q4,NORMAL_STRATEGY
A,2023-04-19 00:00:00,2023-04-20 00:00:00,LH,BUY,77652,LIMIT,IOC,9.8,9.8,FILLED,,760989.6,1194.753672,83.63275704,1278.38642904,3882.6,,2023-04-20,2023,2023-04,0.049999999999999996,51.02040816326531,1278.3864290400002,5160.98642904,5-10,Q4,NORMAL_STRATEGY
A,2023-04-19 00:00:00,2023-04-20 00:00:00,RATCH,BUY,45042,LIMIT,IOC,38.75,38.75,FILLED,,1745377.5,2740.242675,191.81698725,2932.05966225,11260.5,,2023-04-20,2023,2023-04,0.25,64.51612903225806,2932.0596622499997,14192.55966225,25-50,Q4,NORMAL_STRATEGY
A,2023-04-24 00:00:00,2023-04-25 00:00:00,LH,SELL,3440,LIMIT,IOC,9.7,9.7,FILLED,,33368.0,52.38776,3.6671432,56.0549032,172.0,,2023-04-25,2023,2023-04,0.05,51.54639175257732,56.0549032,228.0549032,5-10,Q1,NORMAL_STRATEGY
A,2023-04-24 00:00:00,2023-04-25 00:00:00,RATCH,SELL,79149,LIMIT,IOC,38.0,38.0,FILLED,,3007662.0,4722.02934,330.5420538,5052.5713938,19787.25,,2023-04-25,2023,2023-04,0.25,65.78947368421052,5052.5713938,24839.8213938,25-50,Q4,NORMAL_STRATEGY
A,2023-04-24 00:00:00,2023-04-25 00:00:00,KTB,BUY,90642,LIMIT,IOC,17.99999961853027,17.99999961853027,FILLED,,1631555.965422821,2561.5428657138286,179.308000599968,2740.850866313797,9064.2,,2023-04-25,2023,2023-04,0.1,55.55555673293129,2740.850866313797,11805.050866313797,10-25,Q4,NORMAL_STRATEGY
A,2023-04-24 00:00:00,2023-04-25 00:00:00,MTC,BUY,48188,LIMIT,IOC,35.75,35.75,FILLED,,1722721.0,2704.67197,189.3270379,2893.9990079,12047.0,,2023-04-25,2023,2023-04,0.25,69.93006993006993,2893.9990079,14940.9990079,25-50,Q4,NORMAL_STRATEGY
A,2023-04-27 00:00:00,2023-04-28 00:00:00,MTC,SELL,84847,LIMIT,IOC,33.75,33.75,FILLED,,2863586.25,4495.8304125,314.708128875,4810.538541375,21211.75,,2023-04-28,2023,2023-04,0.25,74.07407407407408,4810.538541375,26022.288541375,25-50,Q4,NORMAL_STRATEGY
A,2023-04-27 00:00:00,2023-04-28 00:00:00,LH,SELL,309521,LIMIT,IOC,9.750000190734864,9.750000190734864,FILLED,,3017829.8090364453,4737.9928001872195,331.65949601310535,5069.652296200325,15476.05,,2023-04-28,2023,2023-04,0.049999999999999996,51.282050278843606,5069.652296200325,20545.702296200325,5-10,Q4,NORMAL_STRATEGY
A,2023-05-03 00:00:00,2023-05-08 00:00:00,KTB,BUY,75886,LIMIT,IOC,18.6,18.6,FILLED,,1411479.6,2216.022972,155.12160804,2371.14458004,7588.6,,2023-05-08,2023,2023-05,0.1,53.76344086021505,2371.14458004,9959.74458004,10-25,Q4,NORMAL_STRATEGY
A,2023-05-03 00:00:00,2023-05-08 00:00:00,MTC,BUY,125404,LIMIT,IOC,36.25,36.25,FILLED,,4545895.0,7137.05515,499.5938605,7636.6490105,31351.0,,2023-05-08,2023,2023-05,0.25,68.9655172413793,7636.6490105,38987.6490105,25-50,Q4,NORMAL_STRATEGY
A,2023-05-10 00:00:00,2023-05-11 00:00:00,KTB,SELL,159957,LIMIT,IOC,18.50000038146973,18.50000038146973,FILLED,,2959204.561018753,4645.951160799442,325.21658125596093,4971.167742055403,15995.7,,2023-05-11,2023,2023-05,0.1,54.054052939460284,4971.167742055402,20966.8677420554,10-25,Q4,NORMAL_STRATEGY
A,2023-05-10 00:00:00,2023-05-11 00:00:00,MTC,SELL,85677,LIMIT,IOC,39.25,39.25,FILLED,,3362822.25,5279.6309325,369.574165275,5649.205097775,21419.25,,2023-05-11,2023,2023-05,0.25,63.69426751592357,5649.2050977750005,27068.455097775,25-50,Q4,NORMAL_STRATEGY
A,2023-05-10 00:00:00,2023-05-11 00:00:00,BGRIM,BUY,39233,LIMIT,IOC,40.25,40.25,FILLED,,1579128.25,2479.2313525,173.546194675,2652.777547175,9808.25,,2023-05-11,2023,2023-05,0.25,62.11180124223602,2652.777547175,12461.027547175,25-50,Q4,NORMAL_STRATEGY
A,2023-05-10 00:00:00,2023-05-11 00:00:00,RATCH,BUY,40491,LIMIT,IOC,39.0,39.0,FILLED,,1579149.0,2479.26393,173.5484751,2652.8124051,10122.75,,2023-05-11,2023,2023-05,0.25,64.1025641025641,2652.8124051,12775.5624051,25-50,Q4,NORMAL_STRATEGY
A,2023-05-15 00:00:00,2023-05-16 00:00:00,KTB,SELL,2404,LIMIT,IOC,18.60000076293945,18.60000076293945,FILLED,,44714.40183410645,70.20161087954712,4.914112761568298,75.11572364111541,240.4,,2023-05-16,2023,2023-05,0.1,53.76343865493287,75.11572364111541,315.5157236411154,10-25,Q1,NORMAL_STRATEGY
A,2023-05-15 00:00:00,2023-05-16 00:00:00,RATCH,SELL,40491,LIMIT,IOC,37.0,37.0,FILLED,,1498167.0,2352.12219,164.6485533,2516.7707433,10122.75,,2023-05-16,2023,2023-05,0.25,67.56756756756756,2516.7707433,12639.5207433,25-50,Q4,NORMAL_STRATEGY
A,2023-05-15 00:00:00,2023-05-16 00:00:00,COM7,BUY,55581,LIMIT,IOC,27.75,27.75,FILLED,,1542372.75,2421.5252175,169.506765225,2591.031982725,13895.25,,2023-05-16,2023,2023-05,0.25,90.09009009009009,2591.031982725,16486.281982725,25-50,Q4,NORMAL_STRATEGY
A,2023-05-15 00:00:00,2023-05-16 00:00:00,HMPRO,BUY,105643,LIMIT,IOC,14.6,14.6,FILLED,,1542387.8,2421.548846,169.50841922,2591.05726522,10564.3,,2023-05-16,2023,2023-05,0.09999999999999999,68.4931506849315,2591.0572652200003,13155.35726522,10-25,Q4,NORMAL_STRATEGY
A,2023-05-15 00:00:00,2023-05-16 00:00:00,MTC,BUY,76,LIMIT,IOC,38.75,38.75,FILLED,,2945.0,4.62365,0.3236555,4.9473055,19.0,,2023-05-16,2023,2023-05,0.25,64.51612903225806,4.9473055,23.9473055,25-50,Q1,NORMAL_STRATEGY
A,2023-05-15 00:00:00,2023-05-16 00:00:00,OSP,BUY,50159,LIMIT,IOC,30.75,30.75,FILLED,,1542389.25,2421.5511225,169.508578575,2591.059701075,12539.75,,2023-05-16,2023,2023-05,0.25,81.30081300813009,2591.059701075,15130.809701074999,25-50,Q4,NORMAL_STRATEGY
A,2023-05-18 00:00:00,2023-05-19 00:00:00,BGRIM,SELL,39233,LIMIT,IOC,37.5,37.5,FILLED,,1471237.5,2309.842875,161.68900125,2471.53187625,9808.25,,2023-05-19,2023,2023-05,0.25,66.66666666666667,2471.5318762499996,12279.78187625,25-50,Q4,NORMAL_STRATEGY
A,2023-05-18 00:00:00,2023-05-19 00:00:00,COM7,SELL,55581,LIMIT,IOC,27.5,27.5,FILLED,,1528477.5,2399.709675,167.97967725,2567.68935225,13895.25,,2023-05-19,2023,2023-05,0.25,90.9090909090909,2567.68935225,16462.93935225,25-50,Q4,NORMAL_STRATEGY
A,2023-05-18 00:00:00,2023-05-19 00:00:00,HMPRO,SELL,105643,LIMIT,IOC,14.000000381469729,14.000000381469729,FILLED,,1479002.0402996065,2322.033203270382,162.54232422892676,2484.575527499309,10564.3,,2023-05-19,2023,2023-05,0.09999999999999999,71.42856948229736,2484.5755274993085,13048.875527499307,10-25,Q4,NORMAL_STRATEGY
A,2023-05-18 00:00:00,2023-05-19 00:00:00,GLOBAL,BUY,135137,LIMIT,IOC,16.88571319580078,16.88571319580078,FILLED,,2281884.62414093,3582.55885990126,250.7791201930882,3833.337980094348,13513.7,,2023-05-19,2023,2023-05,0.1,59.221662028979914,3833.337980094348,17347.03798009435,10-25,Q4,NORMAL_STRATEGY
A,2023-05-18 00:00:00,2023-05-19 00:00:00,MTC,BUY,18707,LIMIT,IOC,39.0,39.0,FILLED,,729573.0,1145.42961,80.1800727,1225.6096827,4676.75,,2023-05-19,2023,2023-05,0.25,64.1025641025641,1225.6096827,5902.3596827,25-50,Q4,NORMAL_STRATEGY
A,2023-05-23 00:00:00,2023-05-24 00:00:00,KTB,SELL,2846,LIMIT,IOC,19.10000076293945,19.10000076293945,FILLED,,54358.60217132568,85.34300540898131,5.974010378628693,91.31701578761,284.6,,2023-05-24,2023,2023-05,0.1,52.35601885107476,91.31701578761,375.91701578761,10-25,Q2,NORMAL_STRATEGY
A,2023-05-23 00:00:00,2023-05-24 00:00:00,MTC,SELL,20298,LIMIT,IOC,39.5,39.5,FILLED,,801771.0,1258.78047,88.1146329,1346.8951029,5074.5,,2023-05-24,2023,2023-05,0.25,63.291139240506325,1346.8951029,6421.3951029,25-50,Q4,NORMAL_STRATEGY
A,2023-05-23 00:00:00,2023-05-24 00:00:00,OSP,SELL,45,LIMIT,IOC,30.0,30.0,FILLED,,1350.0,2.1195,0.148365,2.267865,11.25,,2023-05-24,2023,2023-05,0.25,83.33333333333333,2.267865,13.517865,25-50,Q1,NORMAL_STRATEGY
A,2023-05-23 00:00:00,2023-05-24 00:00:00,GLOBAL,SELL,46031,LIMIT,IOC,16.953571701049803,16.953571701049803,FILLED,,780389.8589710235,1225.212078584507,85.76484550091548,1310.9769240854223,4603.1,,2023-05-24,2023,2023-05,0.1,58.98462091843915,1310.9769240854225,5914.076924085422,10-25,Q4,NORMAL_STRATEGY
A,2023-05-23 00:00:00,2023-05-24 00:00:00,IVL,BUY,45288,LIMIT,IOC,33.75,33.75,FILLED,,1528470.0,2399.6979,167.978853,2567.676753,11322.0,,2023-05-24,2023,2023-05,0.25,74.07407407407408,2567.676753,13889.676753,25-50,Q4,NORMAL_STRATEGY
A,2023-05-26 00:00:00,2023-05-29 00:00:00,OSP,SELL,50114,LIMIT,IOC,29.0,29.0,FILLED,,1453306.0,2281.69042,159.7183294,2441.4087494,12528.5,,2023-05-29,2023,2023-05,0.25,86.20689655172414,2441.4087494,14969.9087494,25-50,Q4,NORMAL_STRATEGY
A,2023-05-26 00:00:00,2023-05-29 00:00:00,IVL,SELL,45288,LIMIT,IOC,32.25,32.25,FILLED,,1460538.0,2293.04466,160.5131262,2453.5577862,11322.0,,2023-05-29,2023,2023-05,0.25,77.51937984496124,2453.5577862,13775.5577862,25-50,Q4,NORMAL_STRATEGY
A,2023-05-26 00:00:00,2023-05-29 00:00:00,COM7,BUY,80815,LIMIT,IOC,28.0,28.0,FILLED,,2262820.0,3552.6274,248.683918,3801.311318,20203.75,,2023-05-29,2023,2023-05,0.25,89.28571428571428,3801.311318,24005.061318,25-50,Q4,NORMAL_STRATEGY
A,2023-05-26 00:00:00,2023-05-29 00:00:00,GLOBAL,BUY,48541,LIMIT,IOC,16.439284896850587,16.439284896850587,FILLED,,797979.3281780243,1252.827545239498,87.69792816676487,1340.525473406263,4854.1,,2023-05-29,2023,2023-05,0.1,60.829896572421994,1340.5254734062628,6194.625473406263,10-25,Q4,NORMAL_STRATEGY
A,2023-05-26 00:00:00,2023-05-29 00:00:00,MTC,BUY,16978,LIMIT,IOC,41.0,41.0,FILLED,,696098.0,1092.87386,76.5011702,1169.3750302,4244.5,,2023-05-29,2023,2023-05,0.25,60.97560975609756,1169.3750301999999,5413.8750302,25-50,Q4,NORMAL_STRATEGY
A,2023-05-31 00:00:00,2023-06-01 00:00:00,MTC,SELL,303,LIMIT,IOC,41.0,41.0,FILLED,,12423.0,19.50411,1.3652877,20.8693977,75.75,,2023-06-01,2023,2023-06,0.25,60.97560975609756,20.8693977,96.61939770000001,25-50,Q1,NORMAL_STRATEGY
A,2023-05-31 00:00:00,2023-06-01 00:00:00,GLOBAL,SELL,2033,LIMIT,IOC,16.596428298950197,16.596428298950197,FILLED,,33740.538731765744,52.97264580887222,3.708085206621056,56.68073101549328,203.3,,2023-06-01,2023,2023-06,0.1,60.2539282541446,56.68073101549328,259.9807310154933,10-25,Q1,NORMAL_STRATEGY
A,2023-05-31 00:00:00,2023-06-01 00:00:00,COM7,SELL,2941,LIMIT,IOC,28.75,28.75,FILLED,,84553.75,132.7493875,9.292457125,142.041844625,735.25,,2023-06-01,2023,2023-06,0.25,86.95652173913044,142.041844625,877.2918446250001,25-50,Q2,NORMAL_STRATEGY
A,2023-05-31 00:00:00,2023-06-01 00:00:00,KTB,BUY,40062,LIMIT,IOC,19.1,19.1,FILLED,,765184.2,1201.339194,84.09374358,1285.43293758,4006.2,,2023-06-01,2023,2023-06,0.09999999999999999,52.35602094240838,1285.4329375799998,5291.63293758,10-25,Q4,NORMAL_STRATEGY
A,2023-06-06 00:00:00,2023-06-07 00:00:00,GLOBAL,SELL,135614,LIMIT,IOC,15.257142448425292,15.257142448425292,FILLED,,2069082.1160007475,3248.458922121173,227.39212454848212,3475.8510466696557,13561.4,,2023-06-07,2023,2023-06,0.09999999999999999,65.54307291685615,3475.8510466696553,17037.251046669655,10-25,Q4,NORMAL_STRATEGY
A,2023-06-06 00:00:00,2023-06-07 00:00:00,COM7,BUY,24666,LIMIT,IOC,28.75,28.75,FILLED,,709147.5,1113.361575,77.93531025,1191.29688525,6166.5,,2023-06-07,2023,2023-06,0.25,86.95652173913044,1191.2968852499998,7357.79688525,25-50,Q4,NORMAL_STRATEGY
A,2023-06-09 00:00:00,2023-06-12 00:00:00,COM7,BUY,1574,LIMIT,IOC,28.75,28.75,FILLED,,45252.5,71.046425,4.97324975,76.01967475,393.5,,2023-06-12,2023,2023-06,0.25,86.95652173913044,76.01967475,469.51967475,25-50,Q1,NORMAL_STRATEGY
A,2023-06-09 00:00:00,2023-06-12 00:00:00,MTC,BUY,17677,LIMIT,IOC,41.25,41.25,FILLED,,729176.25,1144.8067125,80.136469875,1224.943182375,4419.25,,2023-06-12,2023,2023-06,0.25,60.60606060606061,1224.943182375,5644.193182375,25-50,Q4,NORMAL_STRATEGY
A,2023-06-14 00:00:00,2023-06-15 00:00:00,KTB,SELL,44853,LIMIT,IOC,19.4,19.4,FILLED,,870148.2,1366.132674,95.62928718,1461.76196118,4485.3,,2023-06-15,2023,2023-06,0.1,51.54639175257733,1461.76196118,5947.06196118,10-25,Q4,NORMAL_STRATEGY
A,2023-06-14 00:00:00,2023-06-15 00:00:00,MTC,SELL,36995,LIMIT,IOC,40.5,40.5,FILLED,,1498297.5,2352.327075,164.66289525,2516.98997025,9248.75,,2023-06-15,2023,2023-06,0.25,61.72839506172839,2516.98997025,11765.73997025,25-50,Q4,NORMAL_STRATEGY
A,2023-06-14 00:00:00,2023-06-15 00:00:00,COM7,SELL,52492,LIMIT,IOC,27.75,27.75,FILLED,,1456653.0,2286.94521,160.0861647,2447.0313747,13123.0,,2023-06-15,2023,2023-06,0.25,90.09009009009009,2447.0313747,15570.0313747,25-50,Q4,NORMAL_STRATEGY
A,2023-06-14 00:00:00,2023-06-15 00:00:00,IVL,BUY,41371,LIMIT,IOC,35.25,35.25,FILLED,,1458327.75,2289.5745675,160.270219725,2449.844787225,10342.75,,2023-06-15,2023,2023-06,0.25,70.92198581560284,2449.844787225,12792.594787225,25-50,Q4,NORMAL_STRATEGY
A,2023-06-19 00:00:00,2023-06-20 00:00:00,MTC,SELL,35569,LIMIT,IOC,40.25,40.25,FILLED,,1431652.25,2247.6940325,157.338582275,2405.032614775,8892.25,,2023-06-20,2023,2023-06,0.25,62.11180124223602,2405.032614775,11297.282614775,25-50,Q4,NORMAL_STRATEGY
A,2023-06-19 00:00:00,2023-06-20 00:00:00,COM7,SELL,51622,LIMIT,IOC,27.25,27.25,FILLED,,1406699.5,2208.518215,154.59627505,2363.11449005,12905.5,,2023-06-20,2023,2023-06,0.25,91.74311926605505,2363.11449005,15268.61449005,25-50,Q4,NORMAL_STRATEGY
A,2023-06-19 00:00:00,2023-06-20 00:00:00,IVL,BUY,337,LIMIT,IOC,35.0,35.0,FILLED,,11795.0,18.51815,1.2962705,19.8144205,84.25,,2023-06-20,2023,2023-06,0.25,71.42857142857143,19.814420499999997,104.0644205,25-50,Q1,NORMAL_STRATEGY
A,2023-06-19 00:00:00,2023-06-20 00:00:00,KTB,BUY,74,LIMIT,IOC,19.6,19.6,FILLED,,1450.4,2.277128,0.15939896,2.43652696,7.4,,2023-06-20,2023,2023-06,0.1,51.0204081632653,2.4365269599999997,9.83652696,10-25,Q1,NORMAL_STRATEGY
A,2023-06-19 00:00:00,2023-06-20 00:00:00,PTTGC,BUY,37430,LIMIT,IOC,39.0,39.0,FILLED,,1459770.0,2291.8389,160.428723,2452.267623,9357.5,,2023-06-20,2023,2023-06,0.25,64.1025641025641,2452.267623,11809.767623,25-50,Q4,NORMAL_STRATEGY
A,2023-06-19 00:00:00,2023-06-20 00:00:00,RATCH,BUY,38927,LIMIT,IOC,37.5,37.5,FILLED,,1459762.5,2291.827125,160.42789875,2452.25502375,9731.75,,2023-06-20,2023,2023-06,0.25,66.66666666666667,2452.25502375,12184.00502375,25-50,Q4,NORMAL_STRATEGY
A,2023-06-19 00:00:00,2023-06-20 00:00:00,TOP,BUY,31734,LIMIT,IOC,46.0,46.0,FILLED,,1459764.0,2291.82948,160.4280636,2452.2575436,7933.5,,2023-06-20,2023,2023-06,0.25,54.34782608695652,2452.2575435999997,10385.7575436,25-50,Q4,NORMAL_STRATEGY
A,2023-06-22 00:00:00,2023-06-23 00:00:00,PTTGC,SELL,37430,LIMIT,IOC,36.75,36.75,FILLED,,1375552.5,2159.617425,151.17321975,2310.79064475,9357.5,,2023-06-23,2023,2023-06,0.25,68.02721088435374,2310.79064475,11668.290644749999,25-50,Q4,NORMAL_STRATEGY
A,2023-06-22 00:00:00,2023-06-23 00:00:00,RATCH,SELL,38927,LIMIT,IOC,36.25,36.25,FILLED,,1411103.75,2215.4328875,155.080302125,2370.513189625,9731.75,,2023-06-23,2023,2023-06,0.25,68.9655172413793,2370.513189625,12102.263189625,25-50,Q4,NORMAL_STRATEGY
A,2023-06-22 00:00:00,2023-06-23 00:00:00,TOP,SELL,31734,LIMIT,IOC,44.0,44.0,FILLED,,1396296.0,2192.18472,153.4529304,2345.6376504,7933.5,,2023-06-23,2023,2023-06,0.25,56.81818181818182,2345.6376504,10279.1376504,25-50,Q4,NORMAL_STRATEGY
A,2023-06-22 00:00:00,2023-06-23 00:00:00,IVL,BUY,42001,LIMIT,IOC,34.25,34.25,FILLED,,1438534.25,2258.4987725,158.094914075,2416.593686575,10500.25,,2023-06-23,2023,2023-06,0.25,72.99270072992701,2416.593686575,12916.843686575,25-50,Q4,NORMAL_STRATEGY
A,2023-06-22 00:00:00,2023-06-23 00:00:00,OSP,BUY,94778,LIMIT,IOC,30.25,30.25,FILLED,,2867034.5,4501.244165,315.08709155,4816.33125655,23694.5,,2023-06-23,2023,2023-06,0.25,82.64462809917356,4816.33125655,28510.831256550002,25-50,Q4,NORMAL_STRATEGY
A,2023-06-27 00:00:00,2023-06-28 00:00:00,KTB,SELL,74479,LIMIT,IOC,19.19999923706055,19.19999923706055,FILLED,,1429996.7431770323,2245.0948867879406,157.15664207515587,2402.2515288630966,7447.9,,2023-06-28,2023,2023-06,0.09999999999999999,52.083335402939134,2402.2515288630966,9850.151528863096,10-25,Q4,NORMAL_STRATEGY
A,2023-06-27 00:00:00,2023-06-28 00:00:00,IVL,SELL,83709,LIMIT,IOC,32.25,32.25,FILLED,,2699615.25,4238.3959425,296.687715975,4535.083658475,20927.25,,2023-06-28,2023,2023-06,0.25,77.51937984496124,4535.083658475,25462.333658475,25-50,Q4,NORMAL_STRATEGY
A,2023-06-30 00:00:00,2023-07-03 00:00:00,OSP,SELL,94778,LIMIT,IOC,29.75,29.75,FILLED,,2819645.5,4426.843435,309.87904045,4736.72247545,23694.5,,2023-07-03,2023,2023-07,0.25,84.03361344537815,4736.722475449999,28431.22247545,25-50,Q4,NORMAL_STRATEGY
A,2023-06-30 00:00:00,2023-07-03 00:00:00,HMPRO,BUY,195902,LIMIT,IOC,14.1,14.1,FILLED,,2762218.2,4336.682574,303.56778018,4640.25035418,19590.2,,2023-07-03,2023,2023-07,0.1,70.92198581560284,4640.250354180001,24230.45035418,10-25,Q4,NORMAL_STRATEGY
A,2023-07-05 00:00:00,2023-07-06 00:00:00,HMPRO,SELL,78214,LIMIT,IOC,13.799999618530272,13.799999618530272,FILLED,,1079353.1701637267,1694.5844771570507,118.62091340099356,1813.2053905580444,7821.4,,2023-07-06,2023,2023-07,0.09999999999999999,72.46377011903874,1813.2053905580442,9634.605390558045,10-25,Q4,NORMAL_STRATEGY
A,2023-07-05 00:00:00,2023-07-06 00:00:00,PTTGC,BUY,42519,LIMIT,IOC,38.75,38.75,FILLED,,1647611.25,2586.7496625,181.072476375,2767.822138875,10629.75,,2023-07-06,2023,2023-07,0.25,64.51612903225806,2767.822138875,13397.572138874999,25-50,Q4,NORMAL_STRATEGY
A,2023-07-10 00:00:00,2023-07-11 00:00:00,HMPRO,SELL,117688,LIMIT,IOC,13.700000190734864,13.700000190734864,FILLED,,1612325.6224472043,2531.3512272421112,177.1945859069478,2708.5458131490586,11768.8,,2023-07-11,2023,2023-07,0.09999999999999999,72.9926997137042,2708.545813149059,14477.345813149059,10-25,Q4,NORMAL_STRATEGY
A,2023-07-10 00:00:00,2023-07-11 00:00:00,PTTGC,BUY,165403,LIMIT,IOC,39.5,39.5,FILLED,,6533418.5,10257.467045,718.02269315,10975.48973815,41350.75,,2023-07-11,2023,2023-07,0.25,63.291139240506325,10975.48973815,52326.23973815,25-50,Q4,NORMAL_STRATEGY
A,2023-07-13 00:00:00,2023-07-14 00:00:00,PTTGC,SELL,138125,LIMIT,IOC,39.75,39.75,FILLED,,5490468.75,8620.0359375,603.402515625,9223.438453125,34531.25,,2023-07-14,2023,2023-07,0.25,62.89308176100629,9223.438453125,43754.688453124996,25-50,Q4,NORMAL_STRATEGY
A,2023-07-13 00:00:00,2023-07-14 00:00:00,KTB,BUY,143334,LIMIT,IOC,19.6,19.6,FILLED,,2809346.4,4410.673848,308.74716936,4719.42101736,14333.4,,2023-07-14,2023,2023-07,0.09999999999999999,51.02040816326531,4719.42101736,19052.821017360002,10-25,Q4,NORMAL_STRATEGY
A,2023-07-18 00:00:00,2023-07-19 00:00:00,PTTGC,SELL,27347,LIMIT,IOC,38.5,38.5,FILLED,,1052859.5,1652.989415,115.70925905,1768.69867405,6836.75,,2023-07-19,2023,2023-07,0.25,64.93506493506494,1768.69867405,8605.44867405,25-50,Q4,NORMAL_STRATEGY
A,2023-07-18 00:00:00,2023-07-19 00:00:00,KTB,SELL,62180,LIMIT,IOC,20.19999923706055,20.19999923706055,FILLED,,1256035.9525604248,1971.9764455198667,138.03835118639068,2110.0147967062576,6218.0,,2023-07-19,2023,2023-07,0.1,49.50495236481591,2110.0147967062576,8328.014796706258,10-25,Q4,NORMAL_STRATEGY
A,2023-07-18 00:00:00,2023-07-19 00:00:00,BDMS,BUY,57087,LIMIT,IOC,29.0,29.0,FILLED,,1655523.0,2599.17111,181.9419777,2781.1130877,14271.75,,2023-07-19,2023,2023-07,0.25,86.20689655172414,2781.1130877,17052.8630877,25-50,Q4,NORMAL_STRATEGY
A,2023-07-18 00:00:00,2023-07-19 00:00:00,TOP,BUY,35038,LIMIT,IOC,47.25,47.25,FILLED,,1655545.5,2599.206435,181.94445045,2781.15088545,8759.5,,2023-07-19,2023,2023-07,0.25,52.910052910052904,2781.1508854500003,11540.65088545,25-50,Q4,NORMAL_STRATEGY
A,2023-07-21 00:00:00,2023-07-24 00:00:00,PTTGC,SELL,42450,LIMIT,IOC,36.75,36.75,FILLED,,1560037.5,2449.258875,171.44812125,2620.70699625,10612.5,,2023-07-24,2023,2023-07,0.25,68.02721088435374,2620.70699625,13233.206996249999,25-50,Q4,NORMAL_STRATEGY
A,2023-07-21 00:00:00,2023-07-24 00:00:00,KTB,SELL,36139,LIMIT,IOC,20.10000076293945,20.10000076293945,FILLED,,726393.927571869,1140.438466287834,79.83069264014838,1220.2691589279823,3613.9,,2023-07-24,2023,2023-07,0.1,49.75124189267734,1220.2691589279823,4834.169158927983,10-25,Q4,NORMAL_STRATEGY
A,2023-07-21 00:00:00,2023-07-24 00:00:00,BDMS,SELL,25577,LIMIT,IOC,28.5,28.5,FILLED,,728944.5,1144.442865,80.11100055,1224.55386555,6394.25,,2023-07-24,2023,2023-07,0.25,87.71929824561403,1224.55386555,7618.80386555,25-50,Q4,NORMAL_STRATEGY
A,2023-07-21 00:00:00,2023-07-24 00:00:00,TOP,SELL,16001,LIMIT,IOC,47.5,47.5,FILLED,,760047.5,1193.274575,83.52922025,1276.80379525,4000.25,,2023-07-24,2023,2023-07,0.25,52.63157894736842,1276.80379525,5277.05379525,25-50,Q4,NORMAL_STRATEGY
A,2023-07-21 00:00:00,2023-07-24 00:00:00,BGRIM,BUY,24865,LIMIT,IOC,36.75,36.75,FILLED,,913788.75,1434.6483375,100.425383625,1535.073721125,6216.25,,2023-07-24,2023,2023-07,0.25,68.02721088435374,1535.073721125,7751.323721125,25-50,Q4,NORMAL_STRATEGY
A,2023-07-21 00:00:00,2023-07-24 00:00:00,COM7,BUY,32063,LIMIT,IOC,28.5,28.5,FILLED,,913795.5,1434.658935,100.42612545,1535.08506045,8015.75,,2023-07-24,2023,2023-07,0.25,87.71929824561403,1535.08506045,9550.83506045,25-50,Q4,NORMAL_STRATEGY
A,2023-07-21 00:00:00,2023-07-24 00:00:00,HMPRO,BUY,64809,LIMIT,IOC,14.1,14.1,FILLED,,913806.9,1434.676833,100.42737831,1535.10421131,6480.9,,2023-07-24,2023,2023-07,0.09999999999999999,70.92198581560284,1535.10421131,8016.00421131,10-25,Q4,NORMAL_STRATEGY
A,2023-07-21 00:00:00,2023-07-24 00:00:00,LH,BUY,106878,LIMIT,IOC,8.55,8.55,FILLED,,913806.9,1434.676833,100.42737831,1535.10421131,5343.9,,2023-07-24,2023,2023-07,0.049999999999999996,58.47953216374269,1535.10421131,6879.00421131,5-10,Q4,NORMAL_STRATEGY
A,2023-07-21 00:00:00,2023-07-24 00:00:00,RATCH,BUY,24368,LIMIT,IOC,37.5,37.5,FILLED,,913800.0,1434.666,100.42662,1535.09262,6092.0,,2023-07-24,2023,2023-07,0.25,66.66666666666667,1535.09262,7627.092619999999,25-50,Q4,NORMAL_STRATEGY
A,2023-07-26 00:00:00,2023-07-27 00:00:00,KTB,SELL,8860,LIMIT,IOC,20.4,20.4,FILLED,,180744.0,283.76808,19.8637656,303.6318456,886.0,,2023-07-27,2023,2023-07,0.1,49.01960784313725,303.6318456,1189.6318456,10-25,Q2,NORMAL_STRATEGY
A,2023-07-26 00:00:00,2023-07-27 00:00:00,BDMS,SELL,5377,LIMIT,IOC,28.0,28.0,FILLED,,150556.0,236.37292,16.5461044,252.9190244,1344.25,,2023-07-27,2023,2023-07,0.25,89.28571428571428,252.91902439999998,1597.1690244,25-50,Q2,NORMAL_STRATEGY
A,2023-07-26 00:00:00,2023-07-27 00:00:00,TOP,SELL,4141,LIMIT,IOC,49.5,49.5,FILLED,,204979.5,321.817815,22.52724705,344.34506205,1035.25,,2023-07-27,2023,2023-07,0.25,50.50505050505051,344.34506205,1379.59506205,25-50,Q2,NORMAL_STRATEGY
A,2023-07-26 00:00:00,2023-07-27 00:00:00,COM7,SELL,5224,LIMIT,IOC,27.25,27.25,FILLED,,142354.0,223.49578,15.6447046,239.1404846,1306.0,,2023-07-27,2023,2023-07,0.25,91.74311926605505,239.1404846,1545.1404846,25-50,Q2,NORMAL_STRATEGY
A,2023-07-26 00:00:00,2023-07-27 00:00:00,LH,SELL,20273,LIMIT,IOC,8.500000190734863,8.500000190734863,FILLED,,172320.5038667679,270.5431910708256,18.938023374957787,289.48121444578334,1013.65,,2023-07-27,2023,2023-07,0.049999999999999996,58.823528091800284,289.4812144457834,1303.1312144457834,5-10,Q2,NORMAL_STRATEGY
A,2023-07-26 00:00:00,2023-07-27 00:00:00,RATCH,SELL,24368,LIMIT,IOC,34.5,34.5,FILLED,,840696.0,1319.89272,92.3924904,1412.2852104,6092.0,,2023-07-27,2023,2023-07,0.25,72.46376811594203,1412.2852104,7504.2852104,25-50,Q4,NORMAL_STRATEGY
A,2023-07-26 00:00:00,2023-07-27 00:00:00,GLOBAL,BUY,50827,LIMIT,IOC,14.653570747375488,14.653570747375488,FILLED,,744797.0403768539,1169.3313533916605,81.85319473741625,1251.1845481290768,5082.7,,2023-07-27,2023,2023-07,0.09999999999999999,68.24275238027592,1251.1845481290768,6333.884548129076,10-25,Q4,NORMAL_STRATEGY
A,2023-07-26 00:00:00,2023-07-27 00:00:00,IVL,BUY,21746,LIMIT,IOC,34.25,34.25,FILLED,,744800.5,1169.336785,81.85357495,1251.19035995,5436.5,,2023-07-27,2023,2023-07,0.25,72.99270072992701,1251.19035995,6687.69035995,25-50,Q4,NORMAL_STRATEGY
A,2023-07-26 00:00:00,2023-07-27 00:00:00,PTTGC,BUY,19220,LIMIT,IOC,38.75,38.75,FILLED,,744775.0,1169.29675,81.8507725,1251.1475225,4805.0,,2023-07-27,2023,2023-07,0.25,64.51612903225806,1251.1475225,6056.1475224999995,25-50,Q4,NORMAL_STRATEGY
A,2023-08-02 00:00:00,2023-08-03 00:00:00,BGRIM,SELL,3963,LIMIT,IOC,38.0,38.0,FILLED,,150594.0,236.43258,16.5502806,252.9828606,990.75,,2023-08-03,2023,2023-08,0.25,65.78947368421052,252.9828606,1243.7328606,25-50,Q2,NORMAL_STRATEGY
A,2023-08-02 00:00:00,2023-08-03 00:00:00,COM7,SELL,26839,LIMIT,IOC,27.25,27.25,FILLED,,731362.75,1148.2395175,80.376766225,1228.616283725,6709.75,,2023-08-03,2023,2023-08,0.25,91.74311926605505,1228.616283725,7938.366283724999,25-50,Q4,NORMAL_STRATEGY
A,2023-08-02 00:00:00,2023-08-03 00:00:00,HMPRO,SELL,7327,LIMIT,IOC,13.799999618530272,13.799999618530272,FILLED,,101112.5972049713,158.74677761180493,11.112274432826347,169.85905204463128,732.7,,2023-08-03,2023,2023-08,0.1,72.46377011903874,169.85905204463128,902.5590520446314,10-25,Q2,NORMAL_STRATEGY
A,2023-08-02 00:00:00,2023-08-03 00:00:00,LH,SELL,86605,LIMIT,IOC,8.45,8.45,FILLED,,731812.25,1148.9452325,80.426166275,1229.371398775,4330.25,,2023-08-03,2023,2023-08,0.05,59.171597633136095,1229.371398775,5559.621398775,5-10,Q4,NORMAL_STRATEGY
A,2023-08-02 00:00:00,2023-08-03 00:00:00,BDMS,BUY,2353,LIMIT,IOC,28.25,28.25,FILLED,,66472.25,104.3614325,7.305300275,111.666732775,588.25,,2023-08-03,2023,2023-08,0.25,88.49557522123894,111.666732775,699.916732775,25-50,Q2,NORMAL_STRATEGY
A,2023-08-02 00:00:00,2023-08-03 00:00:00,GLOBAL,BUY,4091,LIMIT,IOC,14.653570747375488,14.653570747375488,FILLED,,59947.75792751312,94.1179799461956,6.588258596233692,100.70623854242928,409.1,,2023-08-03,2023,2023-08,0.1,68.24275238027592,100.70623854242929,509.8062385424293,10-25,Q2,NORMAL_STRATEGY
A,2023-08-02 00:00:00,2023-08-03 00:00:00,IVL,BUY,1412,LIMIT,IOC,34.75,34.75,FILLED,,49067.0,77.03519,5.3924633,82.4276533,353.0,,2023-08-03,2023,2023-08,0.25,71.94244604316548,82.4276533,435.4276533,25-50,Q1,NORMAL_STRATEGY
A,2023-08-02 00:00:00,2023-08-03 00:00:00,PTTGC,BUY,1025,LIMIT,IOC,39.75,39.75,FILLED,,40743.75,63.9676875,4.477738125,68.445425625,256.25,,2023-08-03,2023,2023-08,0.25,62.89308176100629,68.445425625,324.695425625,25-50,Q1,NORMAL_STRATEGY
A,2023-08-02 00:00:00,2023-08-03 00:00:00,RATCH,BUY,22048,LIMIT,IOC,36.5,36.5,FILLED,,804752.0,1263.46064,88.4422448,1351.9028848,5512.0,,2023-08-03,2023,2023-08,0.25,68.4931506849315,1351.9028848,6863.9028848,25-50,Q4,NORMAL_STRATEGY
A,2023-08-02 00:00:00,2023-08-03 00:00:00,SCGP,BUY,20373,LIMIT,IOC,39.5,39.5,FILLED,,804733.5,1263.431595,88.44021165,1351.87180665,5093.25,,2023-08-03,2023,2023-08,0.25,63.291139240506325,1351.87180665,6445.1218066500005,25-50,Q4,NORMAL_STRATEGY
A,2023-08-02 00:00:00,2023-08-03 00:00:00,TOP,BUY,730,LIMIT,IOC,51.5,51.5,FILLED,,37595.0,59.02415,4.1316905,63.1558405,182.5,,2023-08-03,2023,2023-08,0.25,48.543689320388346,63.1558405,245.6558405,50-100,Q1,NORMAL_STRATEGY
A,2023-08-07 00:00:00,2023-08-08 00:00:00,HMPRO,SELL,57482,LIMIT,IOC,13.599999809265135,13.599999809265135,FILLED,,781755.1890361785,1227.3556467868004,85.91489527507603,1313.2705420618763,5748.2,,2023-08-08,2023,2023-08,0.09999999999999999,73.52941279592814,1313.2705420618765,7061.470542061877,10-25,Q4,NORMAL_STRATEGY
A,2023-08-07 00:00:00,2023-08-08 00:00:00,IVL,SELL,23158,LIMIT,IOC,33.25,33.25,FILLED,,770003.5,1208.905495,84.62338465,1293.52887965,5789.5,,2023-08-08,2023,2023-08,0.25,75.18796992481202,1293.52887965,7083.02887965,25-50,Q4,NORMAL_STRATEGY
A,2023-08-07 00:00:00,2023-08-08 00:00:00,RATCH,SELL,22048,LIMIT,IOC,35.75,35.75,FILLED,,788216.0,1237.49912,86.6249384,1324.1240584,5512.0,,2023-08-08,2023,2023-08,0.25,69.93006993006993,1324.1240584,6836.1240584,25-50,Q4,NORMAL_STRATEGY
A,2023-08-07 00:00:00,2023-08-08 00:00:00,BDMS,BUY,11380,LIMIT,IOC,28.5,28.5,FILLED,,324330.0,509.1981,35.643867,544.841967,2845.0,,2023-08-08,2023,2023-08,0.25,87.71929824561403,544.8419670000001,3389.8419670000003,25-50,Q3,NORMAL_STRATEGY
A,2023-08-07 00:00:00,2023-08-08 00:00:00,BGRIM,BUY,8998,LIMIT,IOC,38.0,38.0,FILLED,,341924.0,536.82068,37.5774476,574.3981276,2249.5,,2023-08-08,2023,2023-08,0.25,65.78947368421052,574.3981276000001,2823.8981276,25-50,Q3,NORMAL_STRATEGY
A,2023-08-07 00:00:00,2023-08-08 00:00:00,KTB,BUY,20092,LIMIT,IOC,20.200000381469728,20.200000381469728,FILLED,,405858.40766448976,637.1977000332489,44.603839002327426,681.8015390355763,2009.2,,2023-08-08,2023,2023-08,0.1,49.50494956016635,681.8015390355763,2691.0015390355766,10-25,Q3,NORMAL_STRATEGY
A,2023-08-07 00:00:00,2023-08-08 00:00:00,PTTGC,BUY,8338,LIMIT,IOC,39.75,39.75,FILLED,,331435.5,520.353735,36.42476145,556.77849645,2084.5,,2023-08-08,2023,2023-08,0.25,62.89308176100629,556.77849645,2641.27849645,25-50,Q3,NORMAL_STRATEGY
A,2023-08-07 00:00:00,2023-08-08 00:00:00,SCGP,BUY,8210,LIMIT,IOC,39.75,39.75,FILLED,,326347.5,512.365575,35.86559025,548.23116525,2052.5,,2023-08-08,2023,2023-08,0.25,62.89308176100629,548.23116525,2600.7311652500002,25-50,Q3,NORMAL_STRATEGY
A,2023-08-10 00:00:00,2023-08-11 00:00:00,KTB,SELL,6572,LIMIT,IOC,20.00000038146973,20.00000038146973,FILLED,,131440.00250701903,206.36080393601992,14.445256275521391,220.80606021154128,657.2,,2023-08-11,2023,2023-08,0.1,49.99999904632571,220.8060602115413,878.0060602115414,10-25,Q2,NORMAL_STRATEGY
A,2023-08-10 00:00:00,2023-08-11 00:00:00,BDMS,SELL,5852,LIMIT,IOC,29.0,29.0,FILLED,,169708.0,266.44156,18.6509092,285.0924692,1463.0,,2023-08-11,2023,2023-08,0.25,86.20689655172414,285.0924692,1748.0924691999999,25-50,Q2,NORMAL_STRATEGY
A,2023-08-10 00:00:00,2023-08-11 00:00:00,BGRIM,SELL,29900,LIMIT,IOC,37.25,37.25,FILLED,,1113775.0,1748.62675,122.4038725,1871.0306225,7475.0,,2023-08-11,2023,2023-08,0.25,67.11409395973155,1871.0306225,9346.0306225,25-50,Q4,NORMAL_STRATEGY
A,2023-08-10 00:00:00,2023-08-11 00:00:00,PTTGC,SELL,3653,LIMIT,IOC,39.75,39.75,FILLED,,145206.75,227.9745975,15.958221825,243.932819325,913.25,,2023-08-11,2023,2023-08,0.25,62.89308176100629,243.932819325,1157.182819325,25-50,Q2,NORMAL_STRATEGY
A,2023-08-10 00:00:00,2023-08-11 00:00:00,SCGP,SELL,28583,LIMIT,IOC,38.75,38.75,FILLED,,1107591.25,1738.9182625,121.724278375,1860.642540875,7145.75,,2023-08-11,2023,2023-08,0.25,64.51612903225806,1860.6425408750001,9006.392540875,25-50,Q4,NORMAL_STRATEGY
A,2023-08-10 00:00:00,2023-08-11 00:00:00,COM7,BUY,34902,LIMIT,IOC,28.75,28.75,FILLED,,1003432.5,1575.389025,110.27723175,1685.66625675,8725.5,,2023-08-11,2023,2023-08,0.25,86.95652173913044,1685.66625675,10411.16625675,25-50,Q4,NORMAL_STRATEGY
A,2023-08-10 00:00:00,2023-08-11 00:00:00,MTC,BUY,25729,LIMIT,IOC,39.0,39.0,FILLED,,1003431.0,1575.38667,110.2770669,1685.6637369,6432.25,,2023-08-11,2023,2023-08,0.25,64.1025641025641,1685.6637369,8117.9137369,25-50,Q4,NORMAL_STRATEGY
A,2023-08-10 00:00:00,2023-08-11 00:00:00,OSP,BUY,34305,LIMIT,IOC,29.25,29.25,FILLED,,1003421.25,1575.3713625,110.275995375,1685.647357875,8576.25,,2023-08-11,2023,2023-08,0.25,85.47008547008548,1685.6473578750001,10261.897357875001,25-50,Q4,NORMAL_STRATEGY
A,2023-08-10 00:00:00,2023-08-11 00:00:00,TOP,BUY,2785,LIMIT,IOC,54.5,54.5,FILLED,,151782.5,238.298525,16.68089675,254.97942175,696.25,,2023-08-11,2023,2023-08,0.25,45.87155963302752,254.97942175,951.22942175,50-100,Q2,NORMAL_STRATEGY
A,2023-08-16 00:00:00,2023-08-17 00:00:00,KTB,SELL,49675,LIMIT,IOC,19.69999923706055,19.69999923706055,FILLED,,978597.4621009825,1536.3980154985427,107.547861084898,1643.9458765834408,4967.5,,2023-08-17,2023,2023-08,0.1,50.76142328567983,1643.9458765834406,6611.445876583441,10-25,Q4,NORMAL_STRATEGY
A,2023-08-16 00:00:00,2023-08-17 00:00:00,BDMS,SELL,34014,LIMIT,IOC,28.0,28.0,FILLED,,952392.0,1495.25544,104.6678808,1599.9233208,8503.5,,2023-08-17,2023,2023-08,0.25,89.28571428571428,1599.9233207999998,10103.4233208,25-50,Q4,NORMAL_STRATEGY
A,2023-08-16 00:00:00,2023-08-17 00:00:00,PTTGC,SELL,24930,LIMIT,IOC,36.0,36.0,FILLED,,897480.0,1409.0436,98.633052,1507.676652,6232.5,,2023-08-17,2023,2023-08,0.25,69.44444444444444,1507.6766519999999,7740.176652,25-50,Q4,NORMAL_STRATEGY
A,2023-08-16 00:00:00,2023-08-17 00:00:00,COM7,BUY,19934,LIMIT,IOC,29.0,29.0,FILLED,,578086.0,907.59502,63.5316514,971.1266714,4983.5,,2023-08-17,2023,2023-08,0.25,86.20689655172414,971.1266714,5954.6266714,25-50,Q3,NORMAL_STRATEGY
A,2023-08-16 00:00:00,2023-08-17 00:00:00,GLOBAL,BUY,52947,LIMIT,IOC,14.74285659790039,14.74285659790039,FILLED,,780590.0282890318,1225.52634441378,85.7868441089646,1311.313188522745,5294.7,,2023-08-17,2023,2023-08,0.09999999999999999,67.82945987159745,1311.3131885227444,6606.013188522744,10-25,Q4,NORMAL_STRATEGY
A,2023-08-16 00:00:00,2023-08-17 00:00:00,MTC,BUY,17250,LIMIT,IOC,37.0,37.0,FILLED,,638250.0,1002.0525,70.143675,1072.196175,4312.5,,2023-08-17,2023,2023-08,0.25,67.56756756756756,1072.196175,5384.696175,25-50,Q3,NORMAL_STRATEGY
A,2023-08-16 00:00:00,2023-08-17 00:00:00,OSP,BUY,19601,LIMIT,IOC,29.5,29.5,FILLED,,578229.5,907.820315,63.54742205,971.36773705,4900.25,,2023-08-17,2023,2023-08,0.25,84.7457627118644,971.3677370500001,5871.61773705,25-50,Q3,NORMAL_STRATEGY
A,2023-08-21 00:00:00,2023-08-22 00:00:00,OSP,SELL,53906,LIMIT,IOC,29.25,29.25,FILLED,,1576750.5,2475.498285,173.28487995,2648.78316495,13476.5,,2023-08-22,2023,2023-08,0.25,85.47008547008548,2648.7831649500004,16125.28316495,25-50,Q4,NORMAL_STRATEGY
A,2023-08-21 00:00:00,2023-08-22 00:00:00,COM7,BUY,11152,LIMIT,IOC,31.25,31.25,FILLED,,348500.0,547.145,38.30015,585.44515,2788.0,,2023-08-22,2023,2023-08,0.25,80.0,585.44515,3373.44515,25-50,Q3,NORMAL_STRATEGY
A,2023-08-21 00:00:00,2023-08-22 00:00:00,MTC,BUY,7625,LIMIT,IOC,40.75,40.75,FILLED,,310718.75,487.8284375,34.147990625,521.976428125,1906.25,,2023-08-22,2023,2023-08,0.25,61.34969325153374,521.976428125,2428.226428125,25-50,Q3,NORMAL_STRATEGY
A,2023-08-24 00:00:00,2023-08-25 00:00:00,TOP,SELL,18411,LIMIT,IOC,51.75,51.75,FILLED,,952769.25,1495.8477225,104.709340575,1600.557063075,4602.75,,2023-08-25,2023,2023-08,0.25,48.30917874396135,1600.5570630749999,6203.307063075,50-100,Q4,NORMAL_STRATEGY
A,2023-08-24 00:00:00,2023-08-25 00:00:00,GLOBAL,SELL,6204,LIMIT,IOC,16.06071319580078,16.06071319580078,FILLED,,99640.66466674805,156.43584352679443,10.950509046875608,167.38635257367005,620.4,,2023-08-25,2023,2023-08,0.09999999999999999,62.2637356018199,167.38635257367002,787.78635257367,10-25,Q2,NORMAL_STRATEGY
A,2023-08-24 00:00:00,2023-08-25 00:00:00,COM7,SELL,14330,LIMIT,IOC,31.5,31.5,FILLED,,451395.0,708.69015,49.6083105,758.2984605,3582.5,,2023-08-25,2023,2023-08,0.25,79.36507936507937,758.2984605,4340.7984605,25-50,Q3,NORMAL_STRATEGY
A,2023-08-24 00:00:00,2023-08-25 00:00:00,MTC,SELL,9017,LIMIT,IOC,39.25,39.25,FILLED,,353917.25,555.6500825,38.895505775,594.545588275,2254.25,,2023-08-25,2023,2023-08,0.25,63.69426751592357,594.545588275,2848.7955882750002,25-50,Q3,NORMAL_STRATEGY
A,2023-08-24 00:00:00,2023-08-25 00:00:00,OSP,BUY,56515,LIMIT,IOC,29.25,29.25,FILLED,,1653063.75,2595.3100875,181.671706125,2776.981793625,14128.75,,2023-08-25,2023,2023-08,0.25,85.47008547008548,2776.981793625,16905.731793625,25-50,Q4,NORMAL_STRATEGY
A,2023-08-29 00:00:00,2023-08-30 00:00:00,COM7,SELL,14878,LIMIT,IOC,32.25,32.25,FILLED,,479815.5,753.310335,52.73172345,806.04205845,3719.5,,2023-08-30,2023,2023-08,0.25,77.51937984496124,806.04205845,4525.54205845,25-50,Q3,NORMAL_STRATEGY
A,2023-08-29 00:00:00,2023-08-30 00:00:00,MTC,SELL,12386,LIMIT,IOC,40.75,40.75,FILLED,,504729.5,792.425315,55.46977205,847.89508705,3096.5,,2023-08-30,2023,2023-08,0.25,61.34969325153374,847.8950870499999,3944.39508705,25-50,Q3,NORMAL_STRATEGY
A,2023-08-29 00:00:00,2023-08-30 00:00:00,OSP,SELL,17343,LIMIT,IOC,30.25,30.25,FILLED,,524625.75,823.6624275,57.656369925,881.318797425,4335.75,,2023-08-30,2023,2023-08,0.25,82.64462809917356,881.3187974250001,5217.068797425,25-50,Q3,NORMAL_STRATEGY
A,2023-08-29 00:00:00,2023-08-30 00:00:00,TOP,BUY,22514,LIMIT,IOC,53.5,53.5,FILLED,,1204499.0,1891.06343,132.3744401,2023.4378701,5628.5,,2023-08-30,2023,2023-08,0.25,46.72897196261682,2023.4378700999998,7651.9378701,50-100,Q4,NORMAL_STRATEGY
A,2023-09-01 00:00:00,2023-09-04 00:00:00,GLOBAL,SELL,18749,LIMIT,IOC,16.239284896850585,16.239284896850585,FILLED,,304470.3525310516,478.0184534737511,33.46129174316257,511.4797452169136,1874.9,,2023-09-04,2023,2023-09,0.1,61.57906621823835,511.47974521691367,2386.3797452169138,10-25,Q3,NORMAL_STRATEGY
A,2023-09-01 00:00:00,2023-09-04 00:00:00,TOP,SELL,22514,LIMIT,IOC,50.75,50.75,FILLED,,1142585.5,1793.859235,125.57014645,1919.42938145,5628.5,,2023-09-04,2023,2023-09,0.25,49.26108374384236,1919.42938145,7547.92938145,50-100,Q4,NORMAL_STRATEGY
A,2023-09-01 00:00:00,2023-09-04 00:00:00,CENTEL,BUY,28695,LIMIT,IOC,47.5,47.5,FILLED,,1363012.5,2139.929625,149.79507375,2289.72469875,7173.75,,2023-09-04,2023,2023-09,0.25,52.63157894736842,2289.7246987500002,9463.47469875,25-50,Q4,NORMAL_STRATEGY
A,2023-09-01 00:00:00,2023-09-04 00:00:00,MTC,BUY,4043,LIMIT,IOC,41.0,41.0,FILLED,,165763.0,260.24791,18.2173537,278.4652637,1010.75,,2023-09-04,2023,2023-09,0.25,60.97560975609756,278.4652637,1289.2152637,25-50,Q2,NORMAL_STRATEGY
A,2023-09-01 00:00:00,2023-09-04 00:00:00,SCGP,BUY,33244,LIMIT,IOC,41.0,41.0,FILLED,,1363004.0,2139.91628,149.7941396,2289.7104196,8311.0,,2023-09-04,2023,2023-09,0.25,60.97560975609756,2289.7104196,10600.7104196,25-50,Q4,NORMAL_STRATEGY
A,2023-09-06 00:00:00,2023-09-07 00:00:00,OSP,SELL,39172,LIMIT,IOC,28.75,28.75,FILLED,,1126195.0,1768.12615,123.7688305,1891.8949805,9793.0,,2023-09-07,2023,2023-09,0.25,86.95652173913044,1891.8949805,11684.8949805,25-50,Q4,NORMAL_STRATEGY
A,2023-09-06 00:00:00,2023-09-07 00:00:00,CENTEL,BUY,6004,LIMIT,IOC,46.75,46.75,FILLED,,280687.0,440.67859,30.8475013,471.5260913,1501.0,,2023-09-07,2023,2023-09,0.25,53.475935828877,471.52609129999996,1972.5260913,25-50,Q3,NORMAL_STRATEGY
A,2023-09-06 00:00:00,2023-09-07 00:00:00,COM7,BUY,12753,LIMIT,IOC,32.75,32.75,FILLED,,417660.75,655.7273775,45.900916425,701.628293925,3188.25,,2023-09-07,2023,2023-09,0.25,76.33587786259541,701.628293925,3889.878293925,25-50,Q3,NORMAL_STRATEGY
A,2023-09-06 00:00:00,2023-09-07 00:00:00,GLOBAL,BUY,14706,LIMIT,IOC,16.61785659790039,16.61785659790039,FILLED,,244382.19912872315,383.6800526320953,26.857603684246673,410.537656316342,1470.6,,2023-09-07,2023,2023-09,0.09999999999999999,60.17623236238219,410.53765631634195,1881.137656316342,10-25,Q2,NORMAL_STRATEGY
A,2023-09-06 00:00:00,2023-09-07 00:00:00,MTC,BUY,7311,LIMIT,IOC,40.0,40.0,FILLED,,292440.0,459.1308,32.139156,491.269956,1827.75,,2023-09-07,2023,2023-09,0.25,62.5,491.26995600000004,2319.019956,25-50,Q3,NORMAL_STRATEGY
A,2023-09-11 00:00:00,2023-09-12 00:00:00,CENTEL,SELL,34699,LIMIT,IOC,47.75,47.75,FILLED,,1656877.25,2601.2972825,182.090809775,2783.388092275,8674.75,,2023-09-12,2023,2023-09,0.25,52.35602094240838,2783.388092275,11458.138092275,25-50,Q4,NORMAL_STRATEGY
A,2023-09-11 00:00:00,2023-09-12 00:00:00,COM7,BUY,12216,LIMIT,IOC,32.75,32.75,FILLED,,400074.0,628.11618,43.9681326,672.0843126,3054.0,,2023-09-12,2023,2023-09,0.25,76.33587786259541,672.0843126,3726.0843126,25-50,Q3,NORMAL_STRATEGY
A,2023-09-11 00:00:00,2023-09-12 00:00:00,MTC,BUY,9071,LIMIT,IOC,40.75,40.75,FILLED,,369643.25,580.3399025,40.623793175,620.963695675,2267.75,,2023-09-12,2023,2023-09,0.25,61.34969325153374,620.963695675,2888.713695675,25-50,Q3,NORMAL_STRATEGY
A,2023-09-14 00:00:00,2023-09-15 00:00:00,COM7,SELL,61749,LIMIT,IOC,31.0,31.0,FILLED,,1914219.0,3005.32383,210.3726681,3215.6964981,15437.25,,2023-09-15,2023,2023-09,0.25,80.64516129032258,3215.6964980999996,18652.9464981,25-50,Q4,NORMAL_STRATEGY
A,2023-09-14 00:00:00,2023-09-15 00:00:00,MTC,BUY,47424,LIMIT,IOC,41.0,41.0,FILLED,,1944384.0,3052.68288,213.6878016,3266.3706816,11856.0,,2023-09-15,2023,2023-09,0.25,60.97560975609756,3266.3706816,15122.3706816,25-50,Q4,NORMAL_STRATEGY
A,2023-09-19 00:00:00,2023-09-20 00:00:00,GLOBAL,SELL,97618,LIMIT,IOC,15.078570747375489,15.078570747375489,FILLED,,1471939.9192173004,2310.9456731711616,161.76619712198132,2472.711870293143,9761.8,,2023-09-20,2023,2023-09,0.09999999999999999,66.31928295817133,2472.711870293143,12234.511870293143,10-25,Q4,NORMAL_STRATEGY
A,2023-09-19 00:00:00,2023-09-20 00:00:00,MTC,SELL,97050,LIMIT,IOC,37.75,37.75,FILLED,,3663637.5,5751.910875,402.63376125,6154.54463625,24262.5,,2023-09-20,2023,2023-09,0.25,66.2251655629139,6154.54463625,30417.04463625,25-50,Q4,NORMAL_STRATEGY
A,2023-09-19 00:00:00,2023-09-20 00:00:00,SCGP,SELL,33244,LIMIT,IOC,38.5,38.5,FILLED,,1279894.0,2009.43358,140.6603506,2150.0939306,8311.0,,2023-09-20,2023,2023-09,0.25,64.93506493506494,2150.0939306,10461.0939306,25-50,Q4,NORMAL_STRATEGY
A,2023-09-19 00:00:00,2023-09-20 00:00:00,COM7,BUY,118028,LIMIT,IOC,32.5,32.5,FILLED,,3835910.0,6022.3787,421.566509,6443.945209,29507.0,,2023-09-20,2023,2023-09,0.25,76.92307692307693,6443.945209,35950.945209,25-50,Q4,NORMAL_STRATEGY
A,2023-09-22 00:00:00,2023-09-25 00:00:00,COM7,SELL,41691,LIMIT,IOC,32.25,32.25,FILLED,,1344534.75,2110.9195575,147.764369025,2258.683926525,10422.75,,2023-09-25,2023,2023-09,0.25,77.51937984496124,2258.683926525,12681.433926525,25-50,Q4,NORMAL_STRATEGY
A,2023-09-27 00:00:00,2023-09-28 00:00:00,COM7,SELL,76337,LIMIT,IOC,30.5,30.5,FILLED,,2328278.5,3655.397245,255.87780715,3911.27505215,19084.25,,2023-09-28,2023,2023-09,0.25,81.9672131147541,3911.27505215,22995.52505215,25-50,Q4,NORMAL_STRATEGY
A,2023-10-02 00:00:00,2023-10-03 00:00:00,TOP,BUY,150651,LIMIT,IOC,49.25,49.25,FILLED,,7419561.75,11648.7119475,815.409836325,12464.121783825,37662.75,,2023-10-03,2023,2023-10,0.25,50.76142131979695,12464.121783825,50126.871783825,25-50,Q4,NORMAL_STRATEGY
A,2023-10-05 00:00:00,2023-10-06 00:00:00,TOP,SELL,150651,LIMIT,IOC,47.0,47.0,FILLED,,7080597.0,11116.53729,778.1576103,11894.6949003,37662.75,,2023-10-06,2023,2023-10,0.25,53.191489361702125,11894.6949003,49557.444900300005,25-50,Q4,NORMAL_STRATEGY
A,2023-10-10 00:00:00,2023-10-11 00:00:00,TOP,BUY,141137,LIMIT,IOC,50.0,50.0,FILLED,,7056850.0,11079.2545,775.547815,11854.802315,35284.25,,2023-10-11,2023,2023-10,0.25,50.0,11854.802314999999,47139.052315,25-50,Q4,NORMAL_STRATEGY
A,2023-10-16 00:00:00,2023-10-17 00:00:00,TOP,SELL,141137,LIMIT,IOC,49.75,49.75,FILLED,,7021565.75,11023.8582275,771.670075925,11795.528303425,35284.25,,2023-10-17,2023,2023-10,0.25,50.25125628140704,11795.528303425,47079.778303425,25-50,Q4,NORMAL_STRATEGY
A,2023-10-16 00:00:00,2023-10-17 00:00:00,BDMS,BUY,128091,LIMIT,IOC,27.5,27.5,FILLED,,3522502.5,5530.328925,387.12302475,5917.45194975,32022.75,,2023-10-17,2023,2023-10,0.25,90.9090909090909,5917.45194975,37940.20194975,25-50,Q4,NORMAL_STRATEGY
A,2023-10-19 00:00:00,2023-10-20 00:00:00,BDMS,SELL,128091,LIMIT,IOC,26.75,26.75,FILLED,,3426434.25,5379.5017725,376.565124075,5756.066896575,32022.75,,2023-10-20,2023,2023-10,0.25,93.45794392523364,5756.066896575,37778.816896575,25-50,Q4,NORMAL_STRATEGY
A,2023-10-19 00:00:00,2023-10-20 00:00:00,KTB,BUY,177646,LIMIT,IOC,19.49999961853028,19.49999961853028,FILLED,,3464096.932233429,5438.632183606484,380.7042528524539,5819.336436458938,17764.6,,2023-10-20,2023,2023-10,0.09999999999999999,51.28205228525899,5819.336436458938,23583.936436458935,10-25,Q4,NORMAL_STRATEGY
A,2023-10-25 00:00:00,2023-10-26 00:00:00,KTB,SELL,2044,LIMIT,IOC,19.10000076293945,19.10000076293945,FILLED,,39040.40155944824,61.29343044833374,4.290540131383362,65.5839705797171,204.4,,2023-10-26,2023,2023-10,0.1,52.356018851074744,65.5839705797171,269.9839705797171,10-25,Q1,NORMAL_STRATEGY
A,2023-10-25 00:00:00,2023-10-26 00:00:00,RATCH,BUY,102700,LIMIT,IOC,33.0,33.0,FILLED,,3389100.0,5320.887,372.46209,5693.34909,25675.0,,2023-10-26,2023,2023-10,0.25,75.75757575757576,5693.34909,31368.34909,25-50,Q4,NORMAL_STRATEGY
A,2023-10-30 00:00:00,2023-10-31 00:00:00,KTB,SELL,175602,LIMIT,IOC,18.9,18.9,FILLED,,3318877.8,5210.638146,364.74467022,5575.38281622,17560.2,,2023-10-31,2023,2023-10,0.1,52.91005291005292,5575.382816220001,23135.58281622,10-25,Q4,NORMAL_STRATEGY
A,2023-10-30 00:00:00,2023-10-31 00:00:00,RATCH,SELL,34203,LIMIT,IOC,32.0,32.0,FILLED,,1094496.0,1718.35872,120.2851104,1838.6438304,8550.75,,2023-10-31,2023,2023-10,0.25,78.125,1838.6438303999998,10389.3938304,25-50,Q4,NORMAL_STRATEGY
A,2023-10-30 00:00:00,2023-10-31 00:00:00,PTTGC,BUY,63153,LIMIT,IOC,35.25,35.25,FILLED,,2226143.25,3495.0449025,244.653143175,3739.698045675,15788.25,,2023-10-31,2023,2023-10,0.25,70.92198581560284,3739.698045675,19527.948045675,25-50,Q4,NORMAL_STRATEGY
A,2023-11-02 00:00:00,2023-11-03 00:00:00,RATCH,BUY,586,LIMIT,IOC,33.0,33.0,FILLED,,19338.0,30.36066,2.1252462,32.4859062,146.5,,2023-11-03,2023,2023-11,0.25,75.75757575757576,32.4859062,178.9859062,25-50,Q1,NORMAL_STRATEGY
A,2023-11-07 00:00:00,2023-11-08 00:00:00,RATCH,SELL,34257,LIMIT,IOC,31.75,31.75,FILLED,,1087659.75,1707.6258075,119.533806525,1827.159614025,8564.25,,2023-11-08,2023,2023-11,0.25,78.74015748031496,1827.159614025,10391.409614025,25-50,Q4,NORMAL_STRATEGY
A,2023-11-07 00:00:00,2023-11-08 00:00:00,PTTGC,SELL,33002,LIMIT,IOC,36.75,36.75,FILLED,,1212823.5,1904.132895,133.28930265,2037.42219765,8250.5,,2023-11-08,2023,2023-11,0.25,68.02721088435374,2037.42219765,10287.92219765,25-50,Q4,NORMAL_STRATEGY
A,2023-11-07 00:00:00,2023-11-08 00:00:00,CENTEL,BUY,24284,LIMIT,IOC,46.25,46.25,FILLED,,1123135.0,1763.32195,123.4325365,1886.7544865,6071.0,,2023-11-08,2023,2023-11,0.25,54.054054054054056,1886.7544865,7957.7544865,25-50,Q4,NORMAL_STRATEGY
A,2023-11-07 00:00:00,2023-11-08 00:00:00,GLOBAL,BUY,76182,LIMIT,IOC,14.74285659790039,14.74285659790039,FILLED,,1123140.3013412475,1763.3302731057584,123.4331191174031,1886.7633922231616,7618.2,,2023-11-08,2023,2023-11,0.09999999999999999,67.82945987159744,1886.7633922231614,9504.96339222316,10-25,Q4,NORMAL_STRATEGY
A,2023-11-07 00:00:00,2023-11-08 00:00:00,IVL,BUY,43617,LIMIT,IOC,25.75,25.75,FILLED,,1123137.75,1763.3262675,123.432838725,1886.759106225,10904.25,,2023-11-08,2023,2023-11,0.25,97.08737864077669,1886.759106225,12791.009106225,25-50,Q4,NORMAL_STRATEGY
A,2023-11-07 00:00:00,2023-11-08 00:00:00,MTC,BUY,27732,LIMIT,IOC,40.5,40.5,FILLED,,1123146.0,1763.33922,123.4337454,1886.7729654,6933.0,,2023-11-08,2023,2023-11,0.25,61.72839506172839,1886.7729654,8819.7729654,25-50,Q4,NORMAL_STRATEGY
A,2023-11-10 00:00:00,2023-11-13 00:00:00,CENTEL,SELL,24284,LIMIT,IOC,44.5,44.5,FILLED,,1080638.0,1696.60166,118.7621162,1815.3637762,6071.0,,2023-11-13,2023,2023-11,0.25,56.17977528089887,1815.3637762,7886.3637762,25-50,Q4,NORMAL_STRATEGY
A,2023-11-10 00:00:00,2023-11-13 00:00:00,IVL,SELL,43617,LIMIT,IOC,24.75,24.75,FILLED,,1079520.75,1694.8475775,118.639330425,1813.486907925,10904.25,,2023-11-13,2023,2023-11,0.25,101.01010101010102,1813.486907925,12717.736907925,10-25,Q4,NORMAL_STRATEGY
A,2023-11-10 00:00:00,2023-11-13 00:00:00,MTC,BUY,12314,LIMIT,IOC,42.0,42.0,FILLED,,517188.0,811.98516,56.8389612,868.8241212,3078.5,,2023-11-13,2023,2023-11,0.25,59.52380952380952,868.8241211999999,3947.3241212,25-50,Q3,NORMAL_STRATEGY
A,2023-11-10 00:00:00,2023-11-13 00:00:00,PTTGC,BUY,16247,LIMIT,IOC,36.25,36.25,FILLED,,588953.75,924.6573875,64.726017125,989.383404625,4061.75,,2023-11-13,2023,2023-11,0.25,68.9655172413793,989.383404625,5051.133404625,25-50,Q3,NORMAL_STRATEGY
A,2023-11-15 00:00:00,2023-11-16 00:00:00,PTTGC,SELL,10478,LIMIT,IOC,37.75,37.75,FILLED,,395544.5,621.004865,43.47034055,664.47520555,2619.5,,2023-11-16,2023,2023-11,0.25,66.2251655629139,664.47520555,3283.9752055500003,25-50,Q3,NORMAL_STRATEGY
A,2023-11-15 00:00:00,2023-11-16 00:00:00,MTC,SELL,8279,LIMIT,IOC,42.75,42.75,FILLED,,353927.25,555.6657825,38.896604775,594.562387275,2069.75,,2023-11-16,2023,2023-11,0.25,58.47953216374269,594.562387275,2664.312387275,25-50,Q3,NORMAL_STRATEGY
A,2023-11-15 00:00:00,2023-11-16 00:00:00,SCGP,BUY,36396,LIMIT,IOC,37.75,37.75,FILLED,,1373949.0,2157.09993,150.9969951,2308.0969251,9099.0,,2023-11-16,2023,2023-11,0.25,66.2251655629139,2308.0969250999997,11407.096925099999,25-50,Q4,NORMAL_STRATEGY
A,2023-11-20 00:00:00,2023-11-21 00:00:00,RATCH,SELL,15609,LIMIT,IOC,32.5,32.5,FILLED,,507292.5,796.449225,55.75144575,852.20067075,3902.25,,2023-11-21,2023,2023-11,0.25,76.92307692307693,852.20067075,4754.45067075,25-50,Q3,NORMAL_STRATEGY
A,2023-11-20 00:00:00,2023-11-21 00:00:00,PTTGC,SELL,19554,LIMIT,IOC,38.25,38.25,FILLED,,747940.5,1174.266585,82.19866095,1256.46524595,4888.5,,2023-11-21,2023,2023-11,0.25,65.359477124183,1256.46524595,6144.96524595,25-50,Q4,NORMAL_STRATEGY
A,2023-11-20 00:00:00,2023-11-21 00:00:00,MTC,SELL,17516,LIMIT,IOC,44.0,44.0,FILLED,,770704.0,1210.00528,84.7003696,1294.7056496,4379.0,,2023-11-21,2023,2023-11,0.25,56.81818181818182,1294.7056496,5673.7056496000005,25-50,Q4,NORMAL_STRATEGY
A,2023-11-20 00:00:00,2023-11-21 00:00:00,SCGP,SELL,19924,LIMIT,IOC,38.0,38.0,FILLED,,757112.0,1188.66584,83.2066088,1271.8724488,4981.0,,2023-11-21,2023,2023-11,0.25,65.78947368421052,1271.8724487999998,6252.8724488,25-50,Q4,NORMAL_STRATEGY
A,2023-11-20 00:00:00,2023-11-21 00:00:00,BGRIM,BUY,23272,LIMIT,IOC,27.25,27.25,FILLED,,634162.0,995.63434,69.6944038,1065.3287438,5818.0,,2023-11-21,2023,2023-11,0.25,91.74311926605505,1065.3287438,6883.3287438,25-50,Q3,NORMAL_STRATEGY
A,2023-11-20 00:00:00,2023-11-21 00:00:00,IVL,BUY,23707,LIMIT,IOC,26.75,26.75,FILLED,,634162.25,995.6347325,69.694431275,1065.329163775,5926.75,,2023-11-21,2023,2023-11,0.25,93.45794392523364,1065.329163775,6992.079163775,25-50,Q3,NORMAL_STRATEGY
A,2023-11-23 00:00:00,2023-11-24 00:00:00,GLOBAL,SELL,28546,LIMIT,IOC,15.614284896850586,15.614284896850586,FILLED,,445725.3766654968,699.78884136483,48.9852188955381,748.7740602603682,2854.6,,2023-11-24,2023,2023-11,0.09999999999999999,64.04391918080736,748.7740602603681,3603.374060260368,10-25,Q3,NORMAL_STRATEGY
A,2023-11-23 00:00:00,2023-11-24 00:00:00,BGRIM,BUY,5983,LIMIT,IOC,25.75,25.75,FILLED,,154062.25,241.8777325,16.931441275,258.809173775,1495.75,,2023-11-24,2023,2023-11,0.25,97.08737864077669,258.80917377500003,1754.559173775,25-50,Q2,NORMAL_STRATEGY
A,2023-11-23 00:00:00,2023-11-24 00:00:00,LH,BUY,96582,LIMIT,IOC,7.8,7.8,FILLED,,753339.6,1182.743172,82.79202204,1265.53519404,4829.1,,2023-11-24,2023,2023-11,0.05,64.1025641025641,1265.53519404,6094.63519404,5-10,Q4,NORMAL_STRATEGY
A,2023-11-23 00:00:00,2023-11-24 00:00:00,MTC,BUY,2678,LIMIT,IOC,44.5,44.5,FILLED,,119171.0,187.09847,13.0968929,200.1953629,669.5,,2023-11-24,2023,2023-11,0.25,56.17977528089887,200.1953629,869.6953629,25-50,Q2,NORMAL_STRATEGY
A,2023-11-23 00:00:00,2023-11-24 00:00:00,SCGP,BUY,3223,LIMIT,IOC,38.25,38.25,FILLED,,123279.75,193.5492075,13.548444525,207.097652025,805.75,,2023-11-24,2023,2023-11,0.25,65.359477124183,207.097652025,1012.847652025,25-50,Q2,NORMAL_STRATEGY
A,2023-11-23 00:00:00,2023-11-24 00:00:00,TOP,BUY,14487,LIMIT,IOC,52.0,52.0,FILLED,,753324.0,1182.71868,82.7903076,1265.5089876,3621.75,,2023-11-24,2023,2023-11,0.25,48.07692307692308,1265.5089876,4887.2589876,50-100,Q4,NORMAL_STRATEGY
A,2023-11-28 00:00:00,2023-11-29 00:00:00,GLOBAL,SELL,4473,LIMIT,IOC,15.79285659790039,15.79285659790039,FILLED,,70641.44756240844,110.90707267298124,7.763495087108688,118.67056776008994,447.3,,2023-11-29,2023,2023-11,0.1,63.31976699724778,118.67056776008994,565.9705677600899,10-25,Q2,NORMAL_STRATEGY
A,2023-11-28 00:00:00,2023-11-29 00:00:00,BGRIM,SELL,2705,LIMIT,IOC,25.5,25.5,FILLED,,68977.5,108.294675,7.58062725,115.87530225,676.25,,2023-11-29,2023,2023-11,0.25,98.0392156862745,115.87530225,792.12530225,25-50,Q2,NORMAL_STRATEGY
A,2023-11-28 00:00:00,2023-11-29 00:00:00,TOP,SELL,1276,LIMIT,IOC,51.75,51.75,FILLED,,66033.0,103.67181,7.2570267,110.9288367,319.0,,2023-11-29,2023,2023-11,0.25,48.30917874396135,110.92883669999999,429.9288367,50-100,Q2,NORMAL_STRATEGY
A,2023-11-28 00:00:00,2023-11-29 00:00:00,HMPRO,BUY,57049,LIMIT,IOC,12.1,12.1,FILLED,,690292.9,1083.759853,75.86318971,1159.62304271,5704.9,,2023-11-29,2023,2023-11,0.09999999999999999,82.64462809917354,1159.62304271,6864.52304271,10-25,Q3,NORMAL_STRATEGY
A,2023-12-01 00:00:00,2023-12-04 00:00:00,RATCH,SELL,19217,LIMIT,IOC,31.0,31.0,FILLED,,595727.0,935.29139,65.4703973,1000.7617873,4804.25,,2023-12-04,2023,2023-12,0.25,80.64516129032258,1000.7617872999999,5805.0117873,25-50,Q3,NORMAL_STRATEGY
A,2023-12-01 00:00:00,2023-12-04 00:00:00,GLOBAL,SELL,43163,LIMIT,IOC,14.989284896850586,14.989284896850586,FILLED,,646982.5040027618,1015.762531284336,71.10337718990353,1086.8659084742396,4316.3,,2023-12-04,2023,2023-12,0.1,66.7143233904448,1086.8659084742394,5403.16590847424,10-25,Q3,NORMAL_STRATEGY
A,2023-12-01 00:00:00,2023-12-04 00:00:00,HMPRO,SELL,57049,LIMIT,IOC,11.700000190734864,11.700000190734864,FILLED,,667473.3108812332,1047.933098083536,73.35531686584751,1121.2884149493837,5704.9,,2023-12-04,2023,2023-12,0.09999999999999999,85.47008407674146,1121.2884149493834,6826.1884149493835,10-25,Q3,NORMAL_STRATEGY
A,2023-12-01 00:00:00,2023-12-04 00:00:00,BGRIM,BUY,16633,LIMIT,IOC,26.0,26.0,FILLED,,432458.0,678.95906,47.5271342,726.4861942,4158.25,,2023-12-04,2023,2023-12,0.25,96.15384615384616,726.4861942,4884.7361942,25-50,Q3,NORMAL_STRATEGY
A,2023-12-01 00:00:00,2023-12-04 00:00:00,LH,BUY,50184,LIMIT,IOC,7.649999904632568,7.649999904632568,FILLED,,383907.5952140808,602.7349244861069,42.19144471402748,644.9263692001343,2509.2,,2023-12-04,2023,2023-12,0.049999999999999996,65.35947793897587,644.9263692001344,3154.1263692001344,5-10,Q3,NORMAL_STRATEGY
A,2023-12-01 00:00:00,2023-12-04 00:00:00,MTC,BUY,8301,LIMIT,IOC,44.5,44.5,FILLED,,369394.5,579.949365,40.59645555,620.54582055,2075.25,,2023-12-04,2023,2023-12,0.25,56.17977528089887,620.5458205499999,2695.79582055,25-50,Q3,NORMAL_STRATEGY
A,2023-12-01 00:00:00,2023-12-04 00:00:00,PTTGC,BUY,12608,LIMIT,IOC,38.75,38.75,FILLED,,488560.0,767.0392,53.692744,820.731944,3152.0,,2023-12-04,2023,2023-12,0.25,64.51612903225806,820.731944,3972.731944,25-50,Q3,NORMAL_STRATEGY
A,2023-12-07 00:00:00,2023-12-08 00:00:00,PTTGC,SELL,4398,LIMIT,IOC,38.75,38.75,FILLED,,170422.5,267.563325,18.72943275,286.29275775,1099.5,,2023-12-08,2023,2023-12,0.25,64.51612903225806,286.29275775,1385.79275775,25-50,Q2,NORMAL_STRATEGY
A,2023-12-07 00:00:00,2023-12-08 00:00:00,MTC,SELL,3431,LIMIT,IOC,43.75,43.75,FILLED,,150106.25,235.6668125,16.496676875,252.163489375,857.75,,2023-12-08,2023,2023-12,0.25,57.142857142857146,252.16348937499998,1109.913489375,25-50,Q2,NORMAL_STRATEGY
A,2023-12-07 00:00:00,2023-12-08 00:00:00,BGRIM,SELL,7457,LIMIT,IOC,26.5,26.5,FILLED,,197610.5,310.248485,21.71739395,331.96587895,1864.25,,2023-12-08,2023,2023-12,0.25,94.33962264150944,331.96587895000005,2196.21587895,25-50,Q2,NORMAL_STRATEGY
A,2023-12-07 00:00:00,2023-12-08 00:00:00,IVL,BUY,13754,LIMIT,IOC,25.75,25.75,FILLED,,354165.5,556.039835,38.92278845,594.96262345,3438.5,,2023-12-08,2023,2023-12,0.25,97.08737864077669,594.96262345,4033.46262345,25-50,Q3,NORMAL_STRATEGY
A,2023-12-07 00:00:00,2023-12-08 00:00:00,TOP,BUY,5890,LIMIT,IOC,50.5,50.5,FILLED,,297445.0,466.98865,32.6892055,499.6778555,1472.5,,2023-12-08,2023,2023-12,0.25,49.504950495049506,499.6778555,1972.1778555,50-100,Q3,NORMAL_STRATEGY
A,2023-12-13 00:00:00,2023-12-14 00:00:00,PTTGC,SELL,24576,LIMIT,IOC,37.5,37.5,FILLED,,921600.0,1446.912,101.28384,1548.19584,6144.0,,2023-12-14,2023,2023-12,0.25,66.66666666666667,1548.19584,7692.19584,25-50,Q4,NORMAL_STRATEGY
A,2023-12-13 00:00:00,2023-12-14 00:00:00,MTC,SELL,21799,LIMIT,IOC,43.75,43.75,FILLED,,953706.25,1497.3188125,104.812316875,1602.131129375,5449.75,,2023-12-14,2023,2023-12,0.25,57.142857142857146,1602.131129375,7051.8811293750005,25-50,Q4,NORMAL_STRATEGY
A,2023-12-13 00:00:00,2023-12-14 00:00:00,SCGP,SELL,19695,LIMIT,IOC,36.5,36.5,FILLED,,718867.5,1128.621975,79.00353825,1207.62551325,4923.75,,2023-12-14,2023,2023-12,0.25,68.4931506849315,1207.62551325,6131.37551325,25-50,Q4,NORMAL_STRATEGY
A,2023-12-13 00:00:00,2023-12-14 00:00:00,BGRIM,SELL,35726,LIMIT,IOC,25.75,25.75,FILLED,,919944.5,1444.312865,101.10190055,1545.41476555,8931.5,,2023-12-14,2023,2023-12,0.25,97.08737864077669,1545.41476555,10476.91476555,25-50,Q4,NORMAL_STRATEGY
A,2023-12-13 00:00:00,2023-12-14 00:00:00,IVL,SELL,37461,LIMIT,IOC,24.4,24.4,FILLED,,914048.4,1435.055988,100.45391916,1535.50990716,3746.1,,2023-12-14,2023,2023-12,0.09999999999999999,40.98360655737705,1535.50990716,5281.60990716,10-25,Q4,NORMAL_STRATEGY
A,2023-12-18 00:00:00,2023-12-19 00:00:00,LH,SELL,24760,LIMIT,IOC,7.7,7.7,FILLED,,190652.0,299.32364,20.9526548,320.2762948,1238.0,,2023-12-19,2023,2023-12,0.05,64.93506493506494,320.2762948,1558.2762948,5-10,Q2,NORMAL_STRATEGY
A,2023-12-18 00:00:00,2023-12-19 00:00:00,TOP,SELL,1230,LIMIT,IOC,52.75,52.75,FILLED,,64882.5,101.865525,7.13058675,108.99611175,307.5,,2023-12-19,2023,2023-12,0.25,47.39336492890995,108.99611175000001,416.49611175,50-100,Q2,NORMAL_STRATEGY
A,2023-12-18 00:00:00,2023-12-19 00:00:00,BGRIM,BUY,34293,LIMIT,IOC,27.75,27.75,FILLED,,951630.75,1494.0602775,104.584219425,1598.644496925,8573.25,,2023-12-19,2023,2023-12,0.25,90.09009009009009,1598.6444969249999,10171.894496925,25-50,Q4,NORMAL_STRATEGY
A,2023-12-18 00:00:00,2023-12-19 00:00:00,CENTEL,BUY,21877,LIMIT,IOC,43.5,43.5,FILLED,,951649.5,1494.089715,104.58628005,1598.67599505,5469.25,,2023-12-19,2023,2023-12,0.25,57.47126436781609,1598.67599505,7067.92599505,25-50,Q4,NORMAL_STRATEGY
A,2023-12-18 00:00:00,2023-12-19 00:00:00,PTTGC,BUY,24092,LIMIT,IOC,39.5,39.5,FILLED,,951634.0,1494.06538,104.5845766,1598.6499566,6023.0,,2023-12-19,2023,2023-12,0.25,63.291139240506325,1598.6499566,7621.6499566,25-50,Q4,NORMAL_STRATEGY
A,2023-12-21 00:00:00,2023-12-22 00:00:00,CENTEL,SELL,21877,LIMIT,IOC,43.5,43.5,FILLED,,951649.5,1494.089715,104.58628005,1598.67599505,5469.25,,2023-12-22,2023,2023-12,0.25,57.47126436781609,1598.67599505,7067.92599505,25-50,Q4,NORMAL_STRATEGY
A,2023-12-21 00:00:00,2023-12-22 00:00:00,IVL,BUY,48286,LIMIT,IOC,27.5,27.5,FILLED,,1327865.0,2084.74805,145.9323635,2230.6804135,12071.5,,2023-12-22,2023,2023-12,0.25,90.9090909090909,2230.6804135,14302.1804135,25-50,Q4,NORMAL_STRATEGY
A,2023-12-26 00:00:00,2023-12-27 00:00:00,LH,SELL,19053,LIMIT,IOC,7.95,7.95,FILLED,,151471.35,237.8100195,16.646701365,254.456720865,952.65,,2023-12-27,2023,2023-12,0.049999999999999996,62.893081761006286,254.45672086500002,1207.106720865,5-10,Q2,NORMAL_STRATEGY
A,2023-12-26 00:00:00,2023-12-27 00:00:00,TOP,SELL,2524,LIMIT,IOC,53.5,53.5,FILLED,,135034.0,212.00338,14.8402366,226.8436166,631.0,,2023-12-27,2023,2023-12,0.25,46.72897196261682,226.8436166,857.8436166,50-100,Q2,NORMAL_STRATEGY
A,2023-12-26 00:00:00,2023-12-27 00:00:00,BGRIM,SELL,4694,LIMIT,IOC,27.5,27.5,FILLED,,129085.0,202.66345,14.1864415,216.8498915,1173.5,,2023-12-27,2023,2023-12,0.25,90.9090909090909,216.8498915,1390.3498915,25-50,Q2,NORMAL_STRATEGY
A,2023-12-26 00:00:00,2023-12-27 00:00:00,PTTGC,SELL,24092,LIMIT,IOC,38.25,38.25,FILLED,,921519.0,1446.78483,101.2749381,1548.0597681,6023.0,,2023-12-27,2023,2023-12,0.25,65.359477124183,1548.0597681000002,7571.0597681,25-50,Q4,NORMAL_STRATEGY
A,2023-12-26 00:00:00,2023-12-27 00:00:00,IVL,SELL,17873,LIMIT,IOC,26.75,26.75,FILLED,,478102.75,750.6213175,52.543492225,803.164809725,4468.25,,2023-12-27,2023,2023-12,0.25,93.45794392523364,803.164809725,5271.414809725,25-50,Q3,NORMAL_STRATEGY
A,2023-12-26 00:00:00,2023-12-27 00:00:00,BDMS,BUY,29865,LIMIT,IOC,27.75,27.75,FILLED,,828753.75,1301.1433875,91.080037125,1392.223424625,7466.25,,2023-12-27,2023,2023-12,0.25,90.09009009009009,1392.223424625,8858.473424625001,25-50,Q4,NORMAL_STRATEGY
A,2023-12-26 00:00:00,2023-12-27 00:00:00,CENTEL,BUY,18835,LIMIT,IOC,44.0,44.0,FILLED,,828740.0,1301.1218,91.078526,1392.200326,4708.75,,2023-12-27,2023,2023-12,0.25,56.81818181818182,1392.200326,6100.950326,25-50,Q4,NORMAL_STRATEGY
A,2023-12-26 00:00:00,2023-12-27 00:00:00,COM7,BUY,34676,LIMIT,IOC,23.89999923706055,23.89999923706055,FILLED,,828756.3735443115,1301.147506464569,91.08032545251984,1392.227831917089,3467.6,,2023-12-27,2023,2023-12,0.09999999999999999,41.8410055197554,1392.227831917089,4859.827831917089,10-25,Q4,NORMAL_STRATEGY
A,2023-12-26 00:00:00,2023-12-27 00:00:00,MTC,BUY,18214,LIMIT,IOC,45.5,45.5,FILLED,,828737.0,1301.11709,91.0781963,1392.1952863,4553.5,,2023-12-27,2023,2023-12,0.25,54.94505494505495,1392.1952863,5945.6952863,25-50,Q4,NORMAL_STRATEGY
A,2024-01-03 00:00:00,2024-01-04 00:00:00,LH,SELL,11009,LIMIT,IOC,8.099999618530273,8.099999618530273,FILLED,,89172.89580039978,140.00144640662765,9.800101248463935,149.80154765509158,550.45,,2024-01-04,2024,2024-01,0.05,61.72839796882903,149.80154765509158,700.2515476550916,5-10,Q2,NORMAL_STRATEGY
A,2024-01-03 00:00:00,2024-01-04 00:00:00,TOP,SELL,1189,LIMIT,IOC,52.75,52.75,FILLED,,62719.75,98.4700075,6.892900525,105.362908025,297.25,,2024-01-04,2024,2024-01,0.25,47.39336492890995,105.362908025,402.612908025,50-100,Q2,NORMAL_STRATEGY
A,2024-01-03 00:00:00,2024-01-04 00:00:00,BGRIM,SELL,2673,LIMIT,IOC,27.5,27.5,FILLED,,73507.5,115.406775,8.07847425,123.48524925,668.25,,2024-01-04,2024,2024-01,0.25,90.9090909090909,123.48524925,791.73524925,25-50,Q2,NORMAL_STRATEGY
A,2024-01-03 00:00:00,2024-01-04 00:00:00,IVL,SELL,3487,LIMIT,IOC,27.5,27.5,FILLED,,95892.5,150.551225,10.53858575,161.08981075,871.75,,2024-01-04,2024,2024-01,0.25,90.9090909090909,161.08981075,1032.83981075,25-50,Q2,NORMAL_STRATEGY
A,2024-01-03 00:00:00,2024-01-04 00:00:00,BDMS,SELL,2696,LIMIT,IOC,27.25,27.25,FILLED,,73466.0,115.34162,8.0739134,123.4155334,674.0,,2024-01-04,2024,2024-01,0.25,91.74311926605505,123.4155334,797.4155334,25-50,Q2,NORMAL_STRATEGY
A,2024-01-03 00:00:00,2024-01-04 00:00:00,CENTEL,SELL,2174,LIMIT,IOC,44.75,44.75,FILLED,,97286.5,152.739805,10.69178635,163.43159135,543.5,,2024-01-04,2024,2024-01,0.25,55.865921787709496,163.43159135,706.93159135,25-50,Q2,NORMAL_STRATEGY
A,2024-01-03 00:00:00,2024-01-04 00:00:00,COM7,SELL,5397,LIMIT,IOC,25.25,25.25,FILLED,,136274.25,213.9505725,14.976540075,228.927112575,1349.25,,2024-01-04,2024,2024-01,0.25,99.00990099009901,228.927112575,1578.177112575,25-50,Q2,NORMAL_STRATEGY
A,2024-01-03 00:00:00,2024-01-04 00:00:00,MTC,SELL,1735,LIMIT,IOC,45.25,45.25,FILLED,,78508.75,123.2587375,8.628111625,131.886849125,433.75,,2024-01-04,2024,2024-01,0.25,55.248618784530386,131.886849125,565.636849125,25-50,Q2,NORMAL_STRATEGY
A,2024-01-08 00:00:00,2024-01-09 00:00:00,LH,SELL,10984,LIMIT,IOC,8.000000190734863,8.000000190734863,FILLED,,87872.00209503173,137.95904328919983,9.657133030243987,147.6161763194438,549.2,,2024-01-09,2024,2024-01,0.05,62.49999850988392,147.6161763194438,696.8161763194439,5-10,Q2,NORMAL_STRATEGY
A,2024-01-08 00:00:00,2024-01-09 00:00:00,TOP,SELL,14158,LIMIT,IOC,52.25,52.25,FILLED,,739755.5,1161.416135,81.29912945,1242.71526445,3539.5,,2024-01-09,2024,2024-01,0.25,47.846889952153106,1242.71526445,4782.21526445,50-100,Q4,NORMAL_STRATEGY
A,2024-01-08 00:00:00,2024-01-09 00:00:00,BGRIM,SELL,26926,LIMIT,IOC,26.5,26.5,FILLED,,713539.0,1120.25623,78.4179361,1198.6741661,6731.5,,2024-01-09,2024,2024-01,0.25,94.33962264150944,1198.6741660999999,7930.1741661,25-50,Q4,NORMAL_STRATEGY
A,2024-01-08 00:00:00,2024-01-09 00:00:00,IVL,SELL,2638,LIMIT,IOC,26.5,26.5,FILLED,,69907.0,109.75399,7.6827793,117.4367693,659.5,,2024-01-09,2024,2024-01,0.25,94.33962264150944,117.43676930000001,776.9367693,25-50,Q2,NORMAL_STRATEGY
A,2024-01-08 00:00:00,2024-01-09 00:00:00,BDMS,SELL,3749,LIMIT,IOC,27.5,27.5,FILLED,,103097.5,161.863075,11.33041525,173.19349025,937.25,,2024-01-09,2024,2024-01,0.25,90.9090909090909,173.19349025,1110.44349025,25-50,Q2,NORMAL_STRATEGY
A,2024-01-08 00:00:00,2024-01-09 00:00:00,CENTEL,SELL,2405,LIMIT,IOC,45.5,45.5,FILLED,,109427.5,171.801175,12.02608225,183.82725725,601.25,,2024-01-09,2024,2024-01,0.25,54.94505494505495,183.82725725,785.07725725,25-50,Q2,NORMAL_STRATEGY
A,2024-01-08 00:00:00,2024-01-09 00:00:00,COM7,SELL,3812,LIMIT,IOC,25.25,25.25,FILLED,,96253.0,151.11721,10.5782047,161.6954147,953.0,,2024-01-09,2024,2024-01,0.25,99.00990099009901,161.69541470000001,1114.6954147000001,25-50,Q2,NORMAL_STRATEGY
A,2024-01-08 00:00:00,2024-01-09 00:00:00,MTC,SELL,2067,LIMIT,IOC,45.0,45.0,FILLED,,93015.0,146.03355,10.2223485,156.2558985,516.75,,2024-01-09,2024,2024-01,0.25,55.55555555555556,156.2558985,673.0058985000001,25-50,Q2,NORMAL_STRATEGY
A,2024-01-08 00:00:00,2024-01-09 00:00:00,KTB,BUY,34697,LIMIT,IOC,18.89999923706055,18.89999923706055,FILLED,,655773.2735282897,1029.5640394394147,72.06948276075904,1101.633522200174,3469.7,,2024-01-09,2024,2024-01,0.09999999999999999,52.91005504588193,1101.6335222001737,4571.333522200173,10-25,Q3,NORMAL_STRATEGY
A,2024-01-08 00:00:00,2024-01-09 00:00:00,OSP,BUY,28762,LIMIT,IOC,22.80000076293945,22.80000076293945,FILLED,,655773.6219436645,1029.5645864515532,72.06952105160873,1101.634107503162,2876.2,,2024-01-09,2024,2024-01,0.09999999999999999,43.85964765516423,1101.6341075031619,3977.8341075031617,10-25,Q3,NORMAL_STRATEGY
A,2024-01-11 00:00:00,2024-01-12 00:00:00,IVL,SELL,24288,LIMIT,IOC,25.75,25.75,FILLED,,625416.0,981.90312,68.7332184,1050.6363384,6072.0,,2024-01-12,2024,2024-01,0.25,97.08737864077669,1050.6363383999999,7122.6363384,25-50,Q3,NORMAL_STRATEGY
A,2024-01-11 00:00:00,2024-01-12 00:00:00,CENTEL,SELL,14256,LIMIT,IOC,42.75,42.75,FILLED,,609444.0,956.82708,66.9778956,1023.8049756,3564.0,,2024-01-12,2024,2024-01,0.25,58.47953216374269,1023.8049756,4587.8049756,25-50,Q3,NORMAL_STRATEGY
A,2024-01-11 00:00:00,2024-01-12 00:00:00,COM7,SELL,25467,LIMIT,IOC,23.00000038146973,23.00000038146973,FILLED,,585741.0097148896,919.6133852523764,64.37293696766636,983.9863222200429,2546.7,,2024-01-12,2024,2024-01,0.09999999999999999,43.478260148450424,983.9863222200427,3530.6863222200427,10-25,Q3,NORMAL_STRATEGY
A,2024-01-11 00:00:00,2024-01-12 00:00:00,BDMS,BUY,23003,LIMIT,IOC,28.0,28.0,FILLED,,644084.0,1011.21188,70.7848316,1081.9967116,5750.75,,2024-01-12,2024,2024-01,0.25,89.28571428571428,1081.9967116,6832.7467116,25-50,Q3,NORMAL_STRATEGY
A,2024-01-11 00:00:00,2024-01-12 00:00:00,MTC,BUY,13692,LIMIT,IOC,46.25,46.25,FILLED,,633255.0,994.21035,69.5947245,1063.8050745,3423.0,,2024-01-12,2024,2024-01,0.25,54.054054054054056,1063.8050745,4486.8050745,25-50,Q3,NORMAL_STRATEGY
A,2024-01-11 00:00:00,2024-01-12 00:00:00,OSP,BUY,30864,LIMIT,IOC,21.80000076293945,21.80000076293945,FILLED,,672835.2235473633,1056.3513009693604,73.94459106785521,1130.2958920372157,3086.4,,2024-01-12,2024,2024-01,0.1,45.871558027650394,1130.2958920372157,4216.695892037216,10-25,Q3,NORMAL_STRATEGY
A,2024-01-16 00:00:00,2024-01-17 00:00:00,LH,SELL,80960,LIMIT,IOC,7.850000095367432,7.850000095367432,FILLED,,635536.0077209473,997.7915321218871,69.8454072485321,1067.6369393704192,4048.0,,2024-01-17,2024,2024-01,0.05,63.69426674211992,1067.6369393704192,5115.636939370419,5-10,Q3,NORMAL_STRATEGY
A,2024-01-16 00:00:00,2024-01-17 00:00:00,MTC,SELL,28104,LIMIT,IOC,42.75,42.75,FILLED,,1201446.0,1886.27022,132.0389154,2018.3091354,7026.0,,2024-01-17,2024,2024-01,0.25,58.47953216374269,2018.3091354,9044.3091354,25-50,Q4,NORMAL_STRATEGY
A,2024-01-16 00:00:00,2024-01-17 00:00:00,KTB,SELL,34697,LIMIT,IOC,18.19999923706055,18.19999923706055,FILLED,,631485.3735282897,991.4320364394147,69.40024255075905,1060.832278990174,3469.7,,2024-01-17,2024,2024-01,0.09999999999999999,54.94505724833802,1060.8322789901738,4530.532278990174,10-25,Q3,NORMAL_STRATEGY
A,2024-01-16 00:00:00,2024-01-17 00:00:00,OSP,BUY,84121,LIMIT,IOC,21.89999923706055,21.89999923706055,FILLED,,1842249.8358207704,2892.332242238609,202.46325695670265,3094.795499195312,8412.1,,2024-01-17,2024,2024-01,0.1,45.66210204737074,3094.7954991953115,11506.895499195312,10-25,Q4,NORMAL_STRATEGY
A,2024-01-19 00:00:00,2024-01-22 00:00:00,BDMS,SELL,46423,LIMIT,IOC,27.0,27.0,FILLED,,1253421.0,1967.87097,137.7509679,2105.6219379,11605.75,,2024-01-22,2024,2024-01,0.25,92.59259259259258,2105.6219379,13711.3719379,25-50,Q4,NORMAL_STRATEGY
A,2024-01-19 00:00:00,2024-01-22 00:00:00,OSP,SELL,143747,LIMIT,IOC,21.60000076293945,21.60000076293945,FILLED,,3104935.3096702574,4874.748436182304,341.23239053276126,5215.980826715066,14374.7,,2024-01-22,2024,2024-01,0.1,46.29629466105233,5215.980826715066,19590.680826715066,10-25,Q4,NORMAL_STRATEGY
A,2024-01-24 00:00:00,2024-01-25 00:00:00,BDMS,BUY,223480,LIMIT,IOC,28.0,28.0,FILLED,,6257440.0,9824.1808,687.692656,10511.873456,55870.0,,2024-01-25,2024,2024-01,0.25,89.28571428571428,10511.873456,66381.873456,25-50,Q4,NORMAL_STRATEGY
A,2024-02-01 00:00:00,2024-02-02 00:00:00,BDMS,SELL,223480,LIMIT,IOC,27.75,27.75,FILLED,,6201570.0,9736.4649,681.552543,10418.017443,55870.0,,2024-02-02,2024,2024-02,0.25,90.09009009009009,10418.017443,66288.017443,25-50,Q4,NORMAL_STRATEGY
A,2024-02-06 00:00:00,2024-02-07 00:00:00,BGRIM,BUY,70436,LIMIT,IOC,29.25,29.25,FILLED,,2060253.0,3234.59721,226.4218047,3461.0190147,17609.0,,2024-02-07,2024,2024-02,0.25,85.47008547008548,3461.0190147,21070.0190147,25-50,Q4,NORMAL_STRATEGY
A,2024-02-06 00:00:00,2024-02-07 00:00:00,TOP,BUY,36955,LIMIT,IOC,55.75,55.75,FILLED,,2060241.25,3234.5787625,226.420513375,3460.999275875,9238.75,,2024-02-07,2024,2024-02,0.25,44.84304932735426,3460.999275875,12699.749275875,50-100,Q4,NORMAL_STRATEGY
A,2024-02-09 00:00:00,2024-02-12 00:00:00,BGRIM,BUY,34642,LIMIT,IOC,29.25,29.25,FILLED,,1013278.5,1590.847245,111.35930715,1702.20655215,8660.5,,2024-02-12,2024,2024-02,0.25,85.47008547008548,1702.2065521499999,10362.70655215,25-50,Q4,NORMAL_STRATEGY
A,2024-02-09 00:00:00,2024-02-12 00:00:00,TOP,BUY,17443,LIMIT,IOC,56.5,56.5,FILLED,,985529.5,1547.281315,108.30969205,1655.59100705,4360.75,,2024-02-12,2024,2024-02,0.25,44.24778761061947,1655.59100705,6016.3410070499995,50-100,Q4,NORMAL_STRATEGY
A,2024-02-14 00:00:00,2024-02-15 00:00:00,BGRIM,SELL,74407,LIMIT,IOC,28.5,28.5,FILLED,,2120599.5,3329.341215,233.05388505,3562.39510005,18601.75,,2024-02-15,2024,2024-02,0.25,87.71929824561403,3562.39510005,22164.145100050002,25-50,Q4,NORMAL_STRATEGY
A,2024-02-14 00:00:00,2024-02-15 00:00:00,TOP,SELL,38794,LIMIT,IOC,56.5,56.5,FILLED,,2191861.0,3441.22177,240.8855239,3682.1072939,9698.5,,2024-02-15,2024,2024-02,0.25,44.24778761061947,3682.1072939,13380.6072939,50-100,Q4,NORMAL_STRATEGY
A,2024-02-14 00:00:00,2024-02-15 00:00:00,BDMS,BUY,31485,LIMIT,IOC,28.25,28.25,FILLED,,889451.25,1396.4384625,97.750692375,1494.189154875,7871.25,,2024-02-15,2024,2024-02,0.25,88.49557522123894,1494.189154875,9365.439154874999,25-50,Q4,NORMAL_STRATEGY
A,2024-02-14 00:00:00,2024-02-15 00:00:00,COM7,BUY,39708,LIMIT,IOC,22.39999923706055,22.39999923706055,FILLED,,889459.1697052001,1396.4508964371644,97.75156275060151,1494.2024591877657,3970.8,,2024-02-15,2024,2024-02,0.1,44.64285866338385,1494.202459187766,5465.002459187766,10-25,Q4,NORMAL_STRATEGY
A,2024-02-14 00:00:00,2024-02-15 00:00:00,GLOBAL,BUY,60332,LIMIT,IOC,14.74285659790039,14.74285659790039,FILLED,,889466.0242645262,1396.4616580953063,97.75231606667144,1494.2139741619776,6033.2,,2024-02-15,2024,2024-02,0.09999999999999999,67.82945987159744,1494.2139741619778,7527.413974161977,10-25,Q4,NORMAL_STRATEGY
A,2024-02-14 00:00:00,2024-02-15 00:00:00,MTC,BUY,20215,LIMIT,IOC,44.0,44.0,FILLED,,889460.0,1396.4522,97.751654,1494.203854,5053.75,,2024-02-15,2024,2024-02,0.25,56.81818181818182,1494.2038539999999,6547.953853999999,25-50,Q4,NORMAL_STRATEGY
A,2024-02-19 00:00:00,2024-02-20 00:00:00,BGRIM,SELL,4735,LIMIT,IOC,28.75,28.75,FILLED,,136131.25,213.7260625,14.960824375,228.686886875,1183.75,,2024-02-20,2024,2024-02,0.25,86.95652173913044,228.686886875,1412.436886875,25-50,Q2,NORMAL_STRATEGY
A,2024-02-19 00:00:00,2024-02-20 00:00:00,TOP,SELL,2746,LIMIT,IOC,58.5,58.5,FILLED,,160641.0,252.20637,17.6544459,269.8608159,686.5,,2024-02-20,2024,2024-02,0.25,42.73504273504274,269.8608159,956.3608159,50-100,Q2,NORMAL_STRATEGY
A,2024-02-19 00:00:00,2024-02-20 00:00:00,BDMS,SELL,4631,LIMIT,IOC,27.75,27.75,FILLED,,128510.25,201.7610925,14.123276475,215.884368975,1157.75,,2024-02-20,2024,2024-02,0.25,90.09009009009009,215.884368975,1373.634368975,25-50,Q2,NORMAL_STRATEGY
A,2024-02-19 00:00:00,2024-02-20 00:00:00,COM7,SELL,5381,LIMIT,IOC,21.9,21.9,FILLED,,117843.9,185.014923,12.95104461,197.96596761,538.1,,2024-02-20,2024,2024-02,0.1,45.66210045662101,197.96596761,736.06596761,10-25,Q2,NORMAL_STRATEGY
A,2024-02-19 00:00:00,2024-02-20 00:00:00,GLOBAL,SELL,8562,LIMIT,IOC,14.453570747375489,14.453570747375489,FILLED,,123751.47273902892,194.2898122002754,13.60028685401928,207.89009905429467,856.2,,2024-02-20,2024,2024-02,0.1,69.18705539816743,207.8900990542947,1064.0900990542948,10-25,Q2,NORMAL_STRATEGY
A,2024-02-19 00:00:00,2024-02-20 00:00:00,MTC,SELL,3071,LIMIT,IOC,43.75,43.75,FILLED,,134356.25,210.9393125,14.765751875,225.705064375,767.75,,2024-02-20,2024,2024-02,0.25,57.142857142857146,225.705064375,993.455064375,25-50,Q2,NORMAL_STRATEGY
A,2024-02-22 00:00:00,2024-02-23 00:00:00,BGRIM,SELL,25936,LIMIT,IOC,27.25,27.25,FILLED,,706756.0,1109.60692,77.6724844,1187.2794044,6484.0,,2024-02-23,2024,2024-02,0.25,91.74311926605505,1187.2794044,7671.2794044,25-50,Q4,NORMAL_STRATEGY
A,2024-02-22 00:00:00,2024-02-23 00:00:00,TOP,SELL,2469,LIMIT,IOC,58.25,58.25,FILLED,,143819.25,225.7962225,15.805735575,241.601958075,617.25,,2024-02-23,2024,2024-02,0.25,42.918454935622314,241.601958075,858.851958075,50-100,Q2,NORMAL_STRATEGY
A,2024-02-22 00:00:00,2024-02-23 00:00:00,BDMS,SELL,6676,LIMIT,IOC,29.75,29.75,FILLED,,198611.0,311.81927,21.8273489,333.6466189,1669.0,,2024-02-23,2024,2024-02,0.25,84.03361344537815,333.6466189,2002.6466189,25-50,Q2,NORMAL_STRATEGY
A,2024-02-22 00:00:00,2024-02-23 00:00:00,COM7,SELL,5399,LIMIT,IOC,20.9,20.9,FILLED,,112839.1,177.157387,12.40101709,189.55840409,539.9,,2024-02-23,2024,2024-02,0.09999999999999999,47.846889952153106,189.55840409,729.4584040899999,10-25,Q2,NORMAL_STRATEGY
A,2024-02-22 00:00:00,2024-02-23 00:00:00,GLOBAL,SELL,11707,LIMIT,IOC,15.035713577270508,15.035713577270508,FILLED,,176023.09884910585,276.35626519309614,19.344938563516727,295.70120375661287,1170.7,,2024-02-23,2024,2024-02,0.1,66.50831667289141,295.70120375661287,1466.4012037566129,10-25,Q2,NORMAL_STRATEGY
A,2024-02-22 00:00:00,2024-02-23 00:00:00,MTC,SELL,3947,LIMIT,IOC,45.75,45.75,FILLED,,180575.25,283.5031425,19.845219975,303.348362475,986.75,,2024-02-23,2024,2024-02,0.25,54.6448087431694,303.34836247500004,1290.0983624750002,25-50,Q2,NORMAL_STRATEGY
A,2024-02-22 00:00:00,2024-02-23 00:00:00,HMPRO,BUY,54990,LIMIT,IOC,11.1,11.1,FILLED,,610389.0,958.31073,67.0817511,1025.3924811,5499.0,,2024-02-23,2024,2024-02,0.1,90.09009009009009,1025.3924811,6524.3924811,10-25,Q3,NORMAL_STRATEGY
A,2024-02-22 00:00:00,2024-02-23 00:00:00,PTTGC,BUY,15958,LIMIT,IOC,38.25,38.25,FILLED,,610393.5,958.317795,67.08224565,1025.40004065,3989.5,,2024-02-23,2024,2024-02,0.25,65.359477124183,1025.40004065,5014.90004065,25-50,Q3,NORMAL_STRATEGY
A,2024-02-28 00:00:00,2024-02-29 00:00:00,COM7,SELL,28928,LIMIT,IOC,20.4,20.4,FILLED,,590131.2,926.505984,64.85541888,991.36140288,2892.8,,2024-02-29,2024,2024-02,0.1,49.019607843137265,991.36140288,3884.1614028800004,10-25,Q3,NORMAL_STRATEGY
A,2024-02-28 00:00:00,2024-02-29 00:00:00,GLOBAL,BUY,16444,LIMIT,IOC,15.421428298950197,15.421428298950197,FILLED,,253589.966947937,398.1362481082611,27.86953736757828,426.00578547583933,1644.4,,2024-02-29,2024,2024-02,0.1,64.84483671775554,426.0057854758394,2070.4057854758394,10-25,Q2,NORMAL_STRATEGY
A,2024-02-28 00:00:00,2024-02-29 00:00:00,HMPRO,BUY,22127,LIMIT,IOC,11.299999809265136,11.299999809265136,FILLED,,250035.0957796097,392.5551003739872,27.478857026179103,420.03395740016634,2212.7,,2024-02-29,2024,2024-02,0.09999999999999999,88.4955767149727,420.03395740016634,2632.733957400166,10-25,Q2,NORMAL_STRATEGY
A,2024-02-28 00:00:00,2024-02-29 00:00:00,MTC,BUY,5747,LIMIT,IOC,46.0,46.0,FILLED,,264362.0,415.04834,29.0533838,444.1017238,1436.75,,2024-02-29,2024,2024-02,0.25,54.34782608695652,444.1017238,1880.8517238,25-50,Q3,NORMAL_STRATEGY
A,2024-02-28 00:00:00,2024-02-29 00:00:00,PTTGC,BUY,6974,LIMIT,IOC,38.0,38.0,FILLED,,265012.0,416.06884,29.1248188,445.1936588,1743.5,,2024-02-29,2024,2024-02,0.25,65.78947368421052,445.19365880000004,2188.6936588,25-50,Q3,NORMAL_STRATEGY
A,2024-03-04 00:00:00,2024-03-05 00:00:00,BDMS,SELL,20178,LIMIT,IOC,27.75,27.75,FILLED,,559939.5,879.105015,61.53735105,940.64236605,5044.5,,2024-03-05,2024,2024-03,0.25,90.09009009009009,940.64236605,5985.14236605,25-50,Q3,NORMAL_STRATEGY
A,2024-03-04 00:00:00,2024-03-05 00:00:00,GLOBAL,BUY,8218,LIMIT,IOC,15.607142066955566,15.607142066955566,FILLED,,128259.49350624083,201.36740480479807,14.095718336335867,215.463123141134,821.8,,2024-03-05,2024,2024-03,0.09999999999999999,64.07322978864039,215.46312314113393,1037.263123141134,10-25,Q2,NORMAL_STRATEGY
A,2024-03-04 00:00:00,2024-03-05 00:00:00,HMPRO,BUY,13890,LIMIT,IOC,11.1,11.1,FILLED,,154179.0,242.06103,16.9442721,259.0053021,1389.0,,2024-03-05,2024,2024-03,0.1,90.09009009009009,259.0053021,1648.0053020999999,10-25,Q2,NORMAL_STRATEGY
A,2024-03-04 00:00:00,2024-03-05 00:00:00,MTC,BUY,3016,LIMIT,IOC,46.0,46.0,FILLED,,138736.0,217.81552,15.2470864,233.0626064,754.0,,2024-03-05,2024,2024-03,0.25,54.34782608695652,233.0626064,987.0626064,25-50,Q2,NORMAL_STRATEGY
A,2024-03-04 00:00:00,2024-03-05 00:00:00,PTTGC,BUY,4186,LIMIT,IOC,37.25,37.25,FILLED,,155928.5,244.807745,17.13654215,261.94428715,1046.5,,2024-03-05,2024,2024-03,0.25,67.11409395973155,261.94428715000004,1308.44428715,25-50,Q2,NORMAL_STRATEGY
A,2024-03-04 00:00:00,2024-03-05 00:00:00,TOP,BUY,7179,LIMIT,IOC,57.5,57.5,FILLED,,412792.5,648.084225,45.36589575,693.45012075,1794.75,,2024-03-05,2024,2024-03,0.25,43.47826086956522,693.45012075,2488.2001207499998,50-100,Q3,NORMAL_STRATEGY
A,2024-03-07 00:00:00,2024-03-08 00:00:00,PTTGC,SELL,27118,LIMIT,IOC,37.0,37.0,FILLED,,1003366.0,1575.28462,110.2699234,1685.5545434,6779.5,,2024-03-08,2024,2024-03,0.25,67.56756756756756,1685.5545433999998,8465.0545434,25-50,Q4,NORMAL_STRATEGY
A,2024-03-07 00:00:00,2024-03-08 00:00:00,BDMS,BUY,41649,LIMIT,IOC,29.25,29.25,FILLED,,1218233.25,1912.6262025,133.883834175,2046.510036675,10412.25,,2024-03-08,2024,2024-03,0.25,85.47008547008548,2046.510036675,12458.760036675,25-50,Q4,NORMAL_STRATEGY
A,2024-03-07 00:00:00,2024-03-08 00:00:00,GLOBAL,BUY,14271,LIMIT,IOC,15.421428298950197,15.421428298950197,FILLED,,220079.20325431824,345.5243491092796,24.18670443764957,369.7110535469292,1427.1,,2024-03-08,2024,2024-03,0.09999999999999999,64.84483671775554,369.7110535469292,1796.811053546929,10-25,Q2,NORMAL_STRATEGY
A,2024-03-07 00:00:00,2024-03-08 00:00:00,HMPRO,BUY,17764,LIMIT,IOC,11.200000381469728,11.200000381469728,FILLED,,198956.80677642825,312.36218663899234,21.865353064729465,334.2275397037218,1776.4,,2024-03-08,2024,2024-03,0.1,89.28571124466107,334.2275397037218,2110.627539703722,10-25,Q2,NORMAL_STRATEGY
A,2024-03-07 00:00:00,2024-03-08 00:00:00,MTC,BUY,4380,LIMIT,IOC,46.25,46.25,FILLED,,202575.0,318.04275,22.2629925,340.3057425,1095.0,,2024-03-08,2024,2024-03,0.25,54.054054054054056,340.3057425,1435.3057425,25-50,Q2,NORMAL_STRATEGY
A,2024-03-12 00:00:00,2024-03-13 00:00:00,HMPRO,SELL,31267,LIMIT,IOC,10.9,10.9,FILLED,,340810.3,535.072171,37.45505197,572.52722297,3126.7,,2024-03-13,2024,2024-03,0.09999999999999999,91.74311926605505,572.52722297,3699.2272229699997,10-25,Q3,NORMAL_STRATEGY
A,2024-03-12 00:00:00,2024-03-13 00:00:00,BDMS,SELL,12487,LIMIT,IOC,29.0,29.0,FILLED,,362123.0,568.53311,39.7973177,608.3304277,3121.75,,2024-03-13,2024,2024-03,0.25,86.20689655172414,608.3304277,3730.0804276999997,25-50,Q3,NORMAL_STRATEGY
A,2024-03-12 00:00:00,2024-03-13 00:00:00,BGRIM,BUY,29665,LIMIT,IOC,29.0,29.0,FILLED,,860285.0,1350.64745,94.5453215,1445.1927715,7416.25,,2024-03-13,2024,2024-03,0.25,86.20689655172414,1445.1927715,8861.4427715,25-50,Q4,NORMAL_STRATEGY
A,2024-03-15 00:00:00,2024-03-18 00:00:00,TOP,SELL,6208,LIMIT,IOC,58.75,58.75,FILLED,,364720.0,572.6104,40.082728,612.693128,1552.0,,2024-03-18,2024,2024-03,0.25,42.5531914893617,612.693128,2164.693128,50-100,Q3,NORMAL_STRATEGY
A,2024-03-15 00:00:00,2024-03-18 00:00:00,GLOBAL,SELL,36872,LIMIT,IOC,15.778570556640624,15.778570556640624,FILLED,,581787.453564453,913.4063020961913,63.93844114673339,977.3447432429248,3687.2,,2024-03-18,2024,2024-03,0.09999999999999999,63.37709720980628,977.3447432429247,4664.544743242925,10-25,Q3,NORMAL_STRATEGY
A,2024-03-15 00:00:00,2024-03-18 00:00:00,HMPRO,SELL,17408,LIMIT,IOC,11.000000381469729,11.000000381469729,FILLED,,191488.00664062504,300.6361704257813,21.044531929804688,321.680702355586,1740.8,,2024-03-18,2024,2024-03,0.09999999999999999,90.90908775644863,321.680702355586,2062.480702355586,10-25,Q2,NORMAL_STRATEGY
A,2024-03-15 00:00:00,2024-03-18 00:00:00,BDMS,SELL,6346,LIMIT,IOC,29.0,29.0,FILLED,,184034.0,288.93338,20.2253366,309.1587166,1586.5,,2024-03-18,2024,2024-03,0.25,86.20689655172414,309.1587166,1895.6587166,25-50,Q2,NORMAL_STRATEGY
A,2024-03-15 00:00:00,2024-03-18 00:00:00,BGRIM,SELL,29665,LIMIT,IOC,28.0,28.0,FILLED,,830620.0,1304.0734,91.285138,1395.358538,7416.25,,2024-03-18,2024,2024-03,0.25,89.28571428571428,1395.358538,8811.608538,25-50,Q4,NORMAL_STRATEGY
A,2024-03-15 00:00:00,2024-03-18 00:00:00,CENTEL,BUY,15562,LIMIT,IOC,43.25,43.25,FILLED,,673056.5,1056.698705,73.96890935,1130.66761435,3890.5,,2024-03-18,2024,2024-03,0.25,57.80346820809248,1130.6676143500001,5021.16761435,25-50,Q3,NORMAL_STRATEGY
A,2024-03-15 00:00:00,2024-03-18 00:00:00,IVL,BUY,26923,LIMIT,IOC,24.99999961853028,24.99999961853028,FILLED,,673074.9897296906,1056.7277338756144,73.970941371293,1130.6986752469072,2692.3,,2024-03-18,2024,2024-03,0.1,40.00000061035157,1130.6986752469074,3822.9986752469076,10-25,Q3,NORMAL_STRATEGY
A,2024-03-15 00:00:00,2024-03-18 00:00:00,KTB,BUY,41548,LIMIT,IOC,16.200000381469728,16.200000381469728,FILLED,,673077.6158493041,1056.7318568834075,73.97122998183853,1130.703086865246,4154.8,,2024-03-18,2024,2024-03,0.1,61.728393608178195,1130.7030868652462,5285.503086865247,10-25,Q3,NORMAL_STRATEGY
A,2024-03-20 00:00:00,2024-03-21 00:00:00,MTC,SELL,10640,LIMIT,IOC,47.5,47.5,FILLED,,505400.0,793.478,55.54346,849.02146,2660.0,,2024-03-21,2024,2024-03,0.25,52.63157894736842,849.0214599999999,3509.02146,25-50,Q3,NORMAL_STRATEGY
A,2024-03-20 00:00:00,2024-03-21 00:00:00,HMPRO,SELL,60096,LIMIT,IOC,10.9,10.9,FILLED,,655046.4,1028.422848,71.98959936,1100.41244736,6009.6,,2024-03-21,2024,2024-03,0.1,91.74311926605505,1100.41244736,7110.012447360001,10-25,Q3,NORMAL_STRATEGY
A,2024-03-20 00:00:00,2024-03-21 00:00:00,BDMS,SELL,22816,LIMIT,IOC,28.5,28.5,FILLED,,650256.0,1020.90192,71.4631344,1092.3650544,5704.0,,2024-03-21,2024,2024-03,0.25,87.71929824561403,1092.3650544,6796.3650544,25-50,Q3,NORMAL_STRATEGY
A,2024-03-20 00:00:00,2024-03-21 00:00:00,CENTEL,SELL,15562,LIMIT,IOC,43.5,43.5,FILLED,,676947.0,1062.80679,74.3964753,1137.2032653,3890.5,,2024-03-21,2024,2024-03,0.25,57.47126436781609,1137.2032653,5027.703265300001,25-50,Q3,NORMAL_STRATEGY
A,2024-03-20 00:00:00,2024-03-21 00:00:00,IVL,BUY,3837,LIMIT,IOC,24.49999961853028,24.49999961853028,FILLED,,94006.49853630067,147.59020270199204,10.331314189139444,157.9215168911315,383.7,,2024-03-21,2024,2024-03,0.09999999999999999,40.81632716613033,157.9215168911315,541.6215168911315,10-25,Q2,NORMAL_STRATEGY
A,2024-03-20 00:00:00,2024-03-21 00:00:00,PTTGC,BUY,19200,LIMIT,IOC,39.25,39.25,FILLED,,753600.0,1183.152,82.82064,1265.97264,4800.0,,2024-03-21,2024,2024-03,0.25,63.69426751592357,1265.97264,6065.97264,25-50,Q4,NORMAL_STRATEGY
A,2024-03-20 00:00:00,2024-03-21 00:00:00,SCGP,BUY,25331,LIMIT,IOC,29.75,29.75,FILLED,,753597.25,1183.1476825,82.820337775,1265.968020275,6332.75,,2024-03-21,2024,2024-03,0.25,84.03361344537815,1265.968020275,7598.7180202750005,25-50,Q4,NORMAL_STRATEGY
A,2024-03-25 00:00:00,2024-03-26 00:00:00,MTC,SELL,15700,LIMIT,IOC,45.0,45.0,FILLED,,706500.0,1109.205,77.64435,1186.84935,3925.0,,2024-03-26,2024,2024-03,0.25,55.55555555555556,1186.84935,5111.84935,25-50,Q4,NORMAL_STRATEGY
A,2024-03-25 00:00:00,2024-03-26 00:00:00,SCGP,SELL,25331,LIMIT,IOC,28.75,28.75,FILLED,,728266.25,1143.3780125,80.036460875,1223.414473375,6332.75,,2024-03-26,2024,2024-03,0.25,86.95652173913044,1223.4144733750002,7556.164473375,25-50,Q4,NORMAL_STRATEGY
A,2024-03-25 00:00:00,2024-03-26 00:00:00,KTB,BUY,17721,LIMIT,IOC,16.80000076293945,16.80000076293945,FILLED,,297712.81352005,467.40911722647854,32.7186382058535,500.1277554323321,1772.1,,2024-03-26,2024,2024-03,0.09999999999999999,59.52380682065115,500.12775543233204,2272.227755432332,10-25,Q3,NORMAL_STRATEGY
A,2024-03-28 00:00:00,2024-03-29 00:00:00,GLOBAL,SELL,42124,LIMIT,IOC,15.407142066955567,15.407142066955567,FILLED,,649010.4524284363,1018.9464103126448,71.32624872188515,1090.27265903453,4212.4,,2024-03-29,2024,2024-03,0.09999999999999999,64.90496392220253,1090.27265903453,5302.67265903453,10-25,Q3,NORMAL_STRATEGY
A,2024-03-28 00:00:00,2024-03-29 00:00:00,IVL,SELL,30760,LIMIT,IOC,23.9,23.9,FILLED,,735164.0,1154.20748,80.7945236,1235.0020036,3076.0,,2024-03-29,2024,2024-03,0.1,41.84100418410041,1235.0020036,4311.0020036000005,10-25,Q4,NORMAL_STRATEGY
A,2024-03-28 00:00:00,2024-03-29 00:00:00,CENTEL,BUY,22887,LIMIT,IOC,43.25,43.25,FILLED,,989862.75,1554.0845175,108.785916225,1662.870433725,5721.75,,2024-03-29,2024,2024-03,0.25,57.80346820809248,1662.8704337249999,7384.620433725,25-50,Q4,NORMAL_STRATEGY
A,2024-03-28 00:00:00,2024-03-29 00:00:00,MTC,BUY,21173,LIMIT,IOC,46.75,46.75,FILLED,,989837.75,1554.0452675,108.783168725,1662.828436225,5293.25,,2024-03-29,2024,2024-03,0.25,53.475935828877,1662.828436225,6956.078436225,25-50,Q4,NORMAL_STRATEGY
A,2024-03-28 00:00:00,2024-03-29 00:00:00,TOP,BUY,5346,LIMIT,IOC,59.25,59.25,FILLED,,316750.5,497.298285,34.81087995,532.10916495,1336.5,,2024-03-29,2024,2024-03,0.25,42.19409282700422,532.10916495,1868.60916495,50-100,Q3,NORMAL_STRATEGY
A,2024-04-02 00:00:00,2024-04-03 00:00:00,KTB,SELL,19316,LIMIT,IOC,16.4,16.4,FILLED,,316782.4,497.348368,34.81438576,532.16275376,1931.6,,2024-04-03,2024,2024-04,0.09999999999999999,60.975609756097555,532.16275376,2463.76275376,10-25,Q3,NORMAL_STRATEGY
A,2024-04-02 00:00:00,2024-04-03 00:00:00,MTC,SELL,7062,LIMIT,IOC,46.5,46.5,FILLED,,328383.0,515.56131,36.0892917,551.6506017,1765.5,,2024-04-03,2024,2024-04,0.25,53.763440860215056,551.6506017,2317.1506017,25-50,Q3,NORMAL_STRATEGY
A,2024-04-02 00:00:00,2024-04-03 00:00:00,IVL,BUY,26528,LIMIT,IOC,24.99999961853028,24.99999961853028,FILLED,,663199.9898803713,1041.2239841121827,72.88567888785279,1114.1096630000357,2652.8,,2024-04-03,2024,2024-04,0.1,40.00000061035156,1114.1096630000354,3766.909663000036,10-25,Q3,NORMAL_STRATEGY
A,2024-04-02 00:00:00,2024-04-03 00:00:00,LH,BUY,87844,LIMIT,IOC,7.55,7.55,FILLED,,663222.2,1041.258854,72.88811978,1114.14697378,4392.2,,2024-04-03,2024,2024-04,0.049999999999999996,66.2251655629139,1114.1469737799998,5506.34697378,5-10,Q3,NORMAL_STRATEGY
A,2024-04-05 00:00:00,2024-04-09 00:00:00,MTC,SELL,14111,LIMIT,IOC,45.25,45.25,FILLED,,638522.75,1002.4807175,70.173650225,1072.654367725,3527.75,,2024-04-09,2024,2024-04,0.25,55.248618784530386,1072.654367725,4600.404367725,25-50,Q3,NORMAL_STRATEGY
A,2024-04-05 00:00:00,2024-04-09 00:00:00,GLOBAL,BUY,63608,LIMIT,IOC,15.607142066955566,15.607142066955566,FILLED,,992739.0925949096,1558.600375374008,109.10202627618057,1667.702401650189,6360.8,,2024-04-09,2024,2024-04,0.1,64.0732297886404,1667.7024016501887,8028.502401650188,10-25,Q4,NORMAL_STRATEGY
A,2024-04-11 00:00:00,2024-04-17 00:00:00,CENTEL,SELL,3538,LIMIT,IOC,43.25,43.25,FILLED,,153018.5,240.239045,16.81673315,257.05577815,884.5,,2024-04-17,2024,2024-04,0.25,57.80346820809248,257.05577815,1141.55577815,25-50,Q2,NORMAL_STRATEGY
A,2024-04-11 00:00:00,2024-04-17 00:00:00,KTB,BUY,12301,LIMIT,IOC,16.200000381469728,16.200000381469728,FILLED,,199276.2046924591,312.8636413671608,21.900454895701255,334.7640962628621,1230.1,,2024-04-17,2024,2024-04,0.09999999999999999,61.72839360817818,334.7640962628621,1564.864096262862,10-25,Q2,NORMAL_STRATEGY
A,2024-04-19 00:00:00,2024-04-22 00:00:00,TOP,SELL,16706,LIMIT,IOC,58.0,58.0,FILLED,,968948.0,1521.24836,106.4873852,1627.7357452,4176.5,,2024-04-22,2024,2024-04,0.25,43.10344827586207,1627.7357452,5804.2357452,50-100,Q4,NORMAL_STRATEGY
A,2024-04-19 00:00:00,2024-04-22 00:00:00,CENTEL,SELL,19349,LIMIT,IOC,43.5,43.5,FILLED,,841681.5,1321.439955,92.50079685,1413.94075185,4837.25,,2024-04-22,2024,2024-04,0.25,57.47126436781609,1413.94075185,6251.19075185,25-50,Q4,NORMAL_STRATEGY
A,2024-04-19 00:00:00,2024-04-22 00:00:00,GLOBAL,SELL,63608,LIMIT,IOC,14.849999809265135,14.849999809265135,FILLED,,944578.7878677368,1482.9886969523468,103.80920878666429,1586.7979057390112,6360.8,,2024-04-22,2024,2024-04,0.1,67.34006820498982,1586.7979057390112,7947.597905739011,10-25,Q4,NORMAL_STRATEGY
A,2024-04-19 00:00:00,2024-04-22 00:00:00,LH,BUY,106683,LIMIT,IOC,7.399999904632568,7.399999904632568,FILLED,,789454.1898259162,1239.4430780266885,86.7610154618682,1326.2040934885567,5334.15,,2024-04-22,2024,2024-04,0.049999999999999996,67.56756843834398,1326.2040934885567,6660.354093488557,5-10,Q4,NORMAL_STRATEGY
A,2024-04-19 00:00:00,2024-04-22 00:00:00,SCGP,BUY,44984,LIMIT,IOC,32.0,32.0,FILLED,,1439488.0,2259.99616,158.1997312,2418.1958912,11246.0,,2024-04-22,2024,2024-04,0.25,78.125,2418.1958912,13664.195891200001,25-50,Q4,NORMAL_STRATEGY
A,2024-04-24 00:00:00,2024-04-25 00:00:00,KTB,SELL,52254,LIMIT,IOC,16.10000076293945,16.10000076293945,FILLED,,841289.439866638,1320.824420590622,92.45770944134352,1413.2821300319654,5225.4,,2024-04-25,2024,2024-04,0.09999999999999999,62.11179829891047,1413.2821300319654,6638.682130031965,10-25,Q4,NORMAL_STRATEGY
A,2024-04-24 00:00:00,2024-04-25 00:00:00,PTTGC,SELL,19200,LIMIT,IOC,37.25,37.25,FILLED,,715200.0,1122.864,78.60048,1201.46448,4800.0,,2024-04-25,2024,2024-04,0.25,67.11409395973155,1201.46448,6001.464480000001,25-50,Q4,NORMAL_STRATEGY
A,2024-04-24 00:00:00,2024-04-25 00:00:00,IVL,SELL,26528,LIMIT,IOC,23.79999961853028,23.79999961853028,FILLED,,631366.3898803712,991.2452321121827,69.38716624785279,1060.6323983600355,2652.8,,2024-04-25,2024,2024-04,0.1,42.01680739614034,1060.6323983600355,3713.4323983600357,10-25,Q3,NORMAL_STRATEGY
A,2024-04-24 00:00:00,2024-04-25 00:00:00,LH,SELL,194527,LIMIT,IOC,7.2,7.2,FILLED,,1400594.4,2198.933208,153.92532456,2352.85853256,9726.35,,2024-04-25,2024,2024-04,0.05,69.44444444444444,2352.8585325599997,12079.20853256,5-10,Q4,NORMAL_STRATEGY
A,2024-04-24 00:00:00,2024-04-25 00:00:00,OSP,BUY,89619,LIMIT,IOC,21.30000076293945,21.30000076293945,FILLED,,1908884.7683738708,2996.949086346977,209.7864360442884,3206.7355223912655,8961.9,,2024-04-25,2024,2024-04,0.09999999999999999,46.94835512588017,3206.7355223912655,12168.635522391265,10-25,Q4,NORMAL_STRATEGY
A,2024-04-29 00:00:00,2024-04-30 00:00:00,SCGP,SELL,16108,LIMIT,IOC,32.5,32.5,FILLED,,523510.0,821.9107,57.533749,879.444449,4027.0,,2024-04-30,2024,2024-04,0.25,76.92307692307693,879.4444490000001,4906.4444490000005,25-50,Q3,NORMAL_STRATEGY
A,2024-05-09 00:00:00,2024-05-10 00:00:00,SCGP,SELL,28876,LIMIT,IOC,31.25,31.25,FILLED,,902375.0,1416.72875,99.1710125,1515.8997625,7219.0,,2024-05-10,2024,2024-05,0.25,80.0,1515.8997625,8734.8997625,25-50,Q4,NORMAL_STRATEGY
A,2024-05-09 00:00:00,2024-05-10 00:00:00,OSP,SELL,36437,LIMIT,IOC,20.9,20.9,FILLED,,761533.3,1195.607281,83.69250967,1279.29979067,3643.7,,2024-05-10,2024,2024-05,0.09999999999999999,47.846889952153106,1279.29979067,4922.99979067,10-25,Q4,NORMAL_STRATEGY
A,2024-05-09 00:00:00,2024-05-10 00:00:00,BDMS,BUY,38363,LIMIT,IOC,29.25,29.25,FILLED,,1122117.75,1761.7248675,123.320740725,1885.045608225,9590.75,,2024-05-10,2024,2024-05,0.25,85.47008547008548,1885.045608225,11475.795608225,25-50,Q4,NORMAL_STRATEGY
A,2024-05-09 00:00:00,2024-05-10 00:00:00,COM7,BUY,58142,LIMIT,IOC,19.30000076293945,19.30000076293945,FILLED,,1122140.6443588256,1761.7608116433564,123.32325681503494,1885.0840684583911,5814.2,,2024-05-10,2024,2024-05,0.09999999999999999,51.81346945437616,1885.0840684583914,7699.284068458392,10-25,Q4,NORMAL_STRATEGY
A,2024-05-09 00:00:00,2024-05-10 00:00:00,MTC,BUY,23624,LIMIT,IOC,47.5,47.5,FILLED,,1122140.0,1761.7598,123.323186,1885.082986,5906.0,,2024-05-10,2024,2024-05,0.25,52.63157894736842,1885.0829860000001,7791.082986,25-50,Q4,NORMAL_STRATEGY
A,2024-05-14 00:00:00,2024-05-15 00:00:00,OSP,SELL,16017,LIMIT,IOC,21.4,21.4,FILLED,,342763.8,538.139166,37.66974162,575.80890762,1601.7,,2024-05-15,2024,2024-05,0.1,46.728971962616825,575.80890762,2177.50890762,10-25,Q3,NORMAL_STRATEGY
A,2024-05-14 00:00:00,2024-05-15 00:00:00,COM7,SELL,17185,LIMIT,IOC,19.4,19.4,FILLED,,333389.0,523.42073,36.6394511,560.0601811,1718.5,,2024-05-15,2024,2024-05,0.1,51.54639175257732,560.0601811,2278.5601811,10-25,Q3,NORMAL_STRATEGY
A,2024-05-14 00:00:00,2024-05-15 00:00:00,CENTEL,BUY,17643,LIMIT,IOC,45.5,45.5,FILLED,,802756.5,1260.327705,88.22293935,1348.55064435,4410.75,,2024-05-15,2024,2024-05,0.25,54.94505494505495,1348.5506443499999,5759.30064435,25-50,Q4,NORMAL_STRATEGY
A,2024-05-17 00:00:00,2024-05-20 00:00:00,GLOBAL,BUY,44156,LIMIT,IOC,15.700000381469728,15.700000381469728,FILLED,,693249.2168441772,1088.4012704453585,76.18808893117507,1164.5893593765334,4415.6,,2024-05-20,2024,2024-05,0.1,63.6942659683163,1164.5893593765336,5580.189359376534,10-25,Q4,NORMAL_STRATEGY
A,2024-05-23 00:00:00,2024-05-24 00:00:00,OSP,SELL,980,LIMIT,IOC,21.50000038146973,21.50000038146973,FILLED,,21070.00037384033,33.07990058692932,2.3155930410850525,35.39549362801437,98.0,,2024-05-24,2024,2024-05,0.1,46.511627081731284,35.39549362801437,133.39549362801438,10-25,Q1,NORMAL_STRATEGY
A,2024-05-28 00:00:00,2024-05-29 00:00:00,OSP,SELL,36185,LIMIT,IOC,21.29999961853028,21.29999961853028,FILLED,,770740.4861965181,1210.062563328533,84.70437943299733,1294.7669427615308,3618.5,,2024-05-29,2024,2024-05,0.1,46.94835764832756,1294.7669427615303,4913.26694276153,10-25,Q4,NORMAL_STRATEGY
A,2024-05-28 00:00:00,2024-05-29 00:00:00,BDMS,SELL,38363,LIMIT,IOC,27.75,27.75,FILLED,,1064573.25,1671.3800025,116.996600175,1788.376602675,9590.75,,2024-05-29,2024,2024-05,0.25,90.09009009009009,1788.376602675,11379.126602675,25-50,Q4,NORMAL_STRATEGY
A,2024-05-28 00:00:00,2024-05-29 00:00:00,COM7,SELL,40957,LIMIT,IOC,18.00000038146973,18.00000038146973,FILLED,,737226.0156238556,1157.4448445294531,81.02113911706172,1238.465983646515,4095.7,,2024-05-29,2024,2024-05,0.09999999999999999,55.55555437817988,1238.4659836465148,5334.165983646515,10-25,Q4,NORMAL_STRATEGY
A,2024-05-28 00:00:00,2024-05-29 00:00:00,MTC,SELL,23624,LIMIT,IOC,45.0,45.0,FILLED,,1063080.0,1669.0356,116.832492,1785.868092,5906.0,,2024-05-29,2024,2024-05,0.25,55.55555555555556,1785.868092,7691.868092,25-50,Q4,NORMAL_STRATEGY
A,2024-05-28 00:00:00,2024-05-29 00:00:00,CENTEL,SELL,17643,LIMIT,IOC,40.75,40.75,FILLED,,718952.25,1128.7550325,79.012852275,1207.767884775,4410.75,,2024-05-29,2024,2024-05,0.25,61.34969325153374,1207.7678847749999,5618.517884774999,25-50,Q4,NORMAL_STRATEGY
A,2024-05-28 00:00:00,2024-05-29 00:00:00,GLOBAL,BUY,71371,LIMIT,IOC,15.607142066955566,15.607142066955566,FILLED,,1113897.3364606856,1748.8188182432764,122.41731727702935,1871.2361355203057,7137.1,,2024-05-29,2024,2024-05,0.1,64.0732297886404,1871.2361355203057,9008.336135520305,10-25,Q4,NORMAL_STRATEGY
A,2024-05-28 00:00:00,2024-05-29 00:00:00,KTB,BUY,105442,LIMIT,IOC,17.1,17.1,FILLED,,1803058.2,2830.801374,198.15609618,3028.95747018,10544.2,,2024-05-29,2024,2024-05,0.1,58.4795321637427,3028.95747018,13573.157470180002,10-25,Q4,NORMAL_STRATEGY
A,2024-05-31 00:00:00,2024-06-04 00:00:00,GLOBAL,SELL,47002,LIMIT,IOC,15.314284706115725,15.314284706115725,FILLED,,719802.0097568512,1130.0891553182564,79.10624087227795,1209.1953961905344,4700.2,,2024-06-04,2024,2024-06,0.09999999999999999,65.29851176141791,1209.1953961905344,5909.3953961905345,10-25,Q4,NORMAL_STRATEGY
A,2024-05-31 00:00:00,2024-06-04 00:00:00,KTB,SELL,44344,LIMIT,IOC,17.19999923706055,17.19999923706055,FILLED,,762716.766168213,1197.4653228840941,83.82257260188659,1281.2878954859807,4434.4,,2024-06-04,2024,2024-06,0.09999999999999999,58.13953746261318,1281.2878954859807,5715.68789548598,10-25,Q4,NORMAL_STRATEGY
A,2024-05-31 00:00:00,2024-06-04 00:00:00,OSP,BUY,46222,LIMIT,IOC,22.99999961853028,22.99999961853028,FILLED,,1063105.9823677065,1669.0763923172992,116.83534746221093,1785.91173977951,4622.2,,2024-06-04,2024,2024-06,0.09999999999999999,43.47826159068002,1785.91173977951,6408.11173977951,10-25,Q4,NORMAL_STRATEGY
A,2024-05-31 00:00:00,2024-06-04 00:00:00,RATCH,BUY,36659,LIMIT,IOC,29.0,29.0,FILLED,,1063111.0,1669.08427,116.8358989,1785.9201689,9164.75,,2024-06-04,2024,2024-06,0.25,86.20689655172414,1785.9201689000001,10950.6701689,25-50,Q4,NORMAL_STRATEGY
A,2024-05-31 00:00:00,2024-06-04 00:00:00,SCGP,BUY,30815,LIMIT,IOC,34.5,34.5,FILLED,,1063117.5,1669.094475,116.83661325,1785.93108825,7703.75,,2024-06-04,2024,2024-06,0.25,72.46376811594203,1785.9310882500001,9489.68108825,25-50,Q4,NORMAL_STRATEGY
A,2024-06-06 00:00:00,2024-06-07 00:00:00,GLOBAL,SELL,68525,LIMIT,IOC,15.221428298950196,15.221428298950196,FILLED,,1043048.374185562,1637.5859474713325,114.63101632299328,1752.2169637943257,6852.5,,2024-06-07,2024,2024-06,0.1,65.69685711221784,1752.2169637943257,8604.716963794326,10-25,Q4,NORMAL_STRATEGY
A,2024-06-06 00:00:00,2024-06-07 00:00:00,KTB,BUY,40178,LIMIT,IOC,17.39999923706055,17.39999923706055,FILLED,,699097.1693466186,1097.5825558741913,76.83077891119339,1174.4133347853847,4017.8,,2024-06-07,2024,2024-06,0.1,57.471266887764195,1174.4133347853847,5192.213334785385,10-25,Q4,NORMAL_STRATEGY
A,2024-06-11 00:00:00,2024-06-12 00:00:00,KTB,SELL,1187,LIMIT,IOC,17.299999618530272,17.299999618530272,FILLED,,20535.099547195437,32.24010628909683,2.2568074402367784,34.496913729333606,118.7,,2024-06-12,2024,2024-06,0.1,57.80346948267477,34.496913729333606,153.1969137293336,10-25,Q1,NORMAL_STRATEGY
A,2024-06-11 00:00:00,2024-06-12 00:00:00,RATCH,SELL,36659,LIMIT,IOC,27.0,27.0,FILLED,,989793.0,1553.97501,108.7782507,1662.7532607,9164.75,,2024-06-12,2024,2024-06,0.25,92.59259259259258,1662.7532607,10827.5032607,25-50,Q4,NORMAL_STRATEGY
A,2024-06-11 00:00:00,2024-06-12 00:00:00,SCGP,BUY,21083,LIMIT,IOC,33.75,33.75,FILLED,,711551.25,1117.1354625,78.199482375,1195.334944875,5270.75,,2024-06-12,2024,2024-06,0.25,74.07407407407408,1195.334944875,6466.084944875,25-50,Q4,NORMAL_STRATEGY
A,2024-06-14 00:00:00,2024-06-17 00:00:00,OSP,SELL,46222,LIMIT,IOC,22.19999923706055,22.19999923706055,FILLED,,1026128.3647354126,1611.0215326345976,112.77150728442184,1723.7930399190195,4622.2,,2024-06-17,2024,2024-06,0.09999999999999999,45.04504659309203,1723.7930399190195,6345.99303991902,10-25,Q4,NORMAL_STRATEGY
A,2024-06-14 00:00:00,2024-06-17 00:00:00,SCGP,SELL,51898,LIMIT,IOC,33.0,33.0,FILLED,,1712634.0,2688.83538,188.2184766,2877.0538566,12974.5,,2024-06-17,2024,2024-06,0.25,75.75757575757576,2877.0538566,15851.5538566,25-50,Q4,NORMAL_STRATEGY
A,2024-06-19 00:00:00,2024-06-20 00:00:00,KTB,BUY,50564,LIMIT,IOC,16.99999961853027,16.99999961853027,FILLED,,859587.9807113647,1349.5531297168427,94.46871908017897,1444.0218487970217,5056.4,,2024-06-20,2024,2024-06,0.09999999999999999,58.82353073172919,1444.0218487970217,6500.421848797021,10-25,Q4,NORMAL_STRATEGY
A,2024-06-24 00:00:00,2024-06-25 00:00:00,SCGP,BUY,49766,LIMIT,IOC,34.5,34.5,FILLED,,1716927.0,2695.57539,188.6902773,2884.2656673,12441.5,,2024-06-25,2024,2024-06,0.25,72.46376811594203,2884.2656673,15325.7656673,25-50,Q4,NORMAL_STRATEGY
A,2024-06-27 00:00:00,2024-06-28 00:00:00,KTB,SELL,150653,LIMIT,IOC,16.9,16.9,FILLED,,2546035.7,3997.276049,279.80932343,4277.08537243,15065.3,,2024-06-28,2024,2024-06,0.09999999999999999,59.17159763313609,4277.0853724300005,19342.38537243,10-25,Q4,NORMAL_STRATEGY
A,2024-06-27 00:00:00,2024-06-28 00:00:00,SCGP,SELL,49766,LIMIT,IOC,33.25,33.25,FILLED,,1654719.5,2597.909615,181.85367305,2779.76328805,12441.5,,2024-06-28,2024,2024-06,0.25,75.18796992481202,2779.76328805,15221.26328805,25-50,Q4,NORMAL_STRATEGY
A,2024-06-27 00:00:00,2024-06-28 00:00:00,TOP,BUY,47623,LIMIT,IOC,53.5,53.5,FILLED,,2547830.5,4000.093885,280.00657195,4280.10045695,11905.75,,2024-06-28,2024,2024-06,0.25,46.72897196261682,4280.10045695,16185.85045695,50-100,Q4,NORMAL_STRATEGY
A,2024-07-05 00:00:00,2024-07-08 00:00:00,TOP,SELL,1664,LIMIT,IOC,55.25,55.25,FILLED,,91936.0,144.33952,10.1037664,154.4432864,416.0,,2024-07-08,2024,2024-07,0.25,45.248868778280546,154.4432864,570.4432864,50-100,Q2,NORMAL_STRATEGY
A,2024-07-05 00:00:00,2024-07-08 00:00:00,OSP,BUY,109032,LIMIT,IOC,23.49999961853028,23.49999961853028,FILLED,,2562251.958407593,4022.735574699921,281.5914902289945,4304.327064928916,10903.2,,2024-07-08,2024,2024-07,0.1,42.55319218011722,4304.327064928915,15207.527064928916,10-25,Q4,NORMAL_STRATEGY
A,2024-07-10 00:00:00,2024-07-11 00:00:00,OSP,SELL,54685,LIMIT,IOC,23.10000076293945,23.10000076293945,FILLED,,1263223.541721344,1983.26096050251,138.8282672351757,2122.0892277376856,5468.5,,2024-07-11,2024,2024-07,0.1,43.29004186027356,2122.0892277376856,7590.589227737686,10-25,Q4,NORMAL_STRATEGY
A,2024-07-15 00:00:00,2024-07-16 00:00:00,TOP,SELL,36587,LIMIT,IOC,52.75,52.75,FILLED,,1929964.25,3030.0438725,212.103071075,3242.146943575,9146.75,,2024-07-16,2024,2024-07,0.25,47.39336492890995,3242.146943575,12388.896943575,50-100,Q4,NORMAL_STRATEGY
A,2024-07-15 00:00:00,2024-07-16 00:00:00,OSP,SELL,33553,LIMIT,IOC,23.79999961853028,23.79999961853028,FILLED,,798561.3872005462,1253.7413779048577,87.76189645334003,1341.5032743581978,3355.3,,2024-07-16,2024,2024-07,0.1,42.016807396140344,1341.5032743581978,4696.803274358198,10-25,Q4,NORMAL_STRATEGY
A,2024-07-15 00:00:00,2024-07-16 00:00:00,BGRIM,BUY,22180,LIMIT,IOC,22.49999961853028,22.49999961853028,FILLED,,499049.9915390016,783.5084867162324,54.845594070136265,838.3540807863689,2218.0,,2024-07-16,2024,2024-07,0.1,44.444445197964896,838.3540807863686,3056.3540807863687,10-25,Q3,NORMAL_STRATEGY
A,2024-07-15 00:00:00,2024-07-16 00:00:00,CENTEL,BUY,11812,LIMIT,IOC,42.25,42.25,FILLED,,499057.0,783.51949,54.8463643,838.3658543,2953.0,,2024-07-16,2024,2024-07,0.25,59.171597633136095,838.3658543,3791.3658543,25-50,Q3,NORMAL_STRATEGY
A,2024-07-15 00:00:00,2024-07-16 00:00:00,IVL,BUY,25724,LIMIT,IOC,19.39999923706055,19.39999923706055,FILLED,,499045.58037414553,783.5015611874084,54.84510928311859,838.346670470527,2572.4,,2024-07-16,2024,2024-07,0.1,51.5463937797308,838.346670470527,3410.746670470527,10-25,Q3,NORMAL_STRATEGY
A,2024-07-15 00:00:00,2024-07-16 00:00:00,PTTGC,BUY,16775,LIMIT,IOC,29.75,29.75,FILLED,,499056.25,783.5183125,54.846281875,838.364594375,4193.75,,2024-07-16,2024,2024-07,0.25,84.03361344537815,838.364594375,5032.114594375,25-50,Q3,NORMAL_STRATEGY
A,2024-07-15 00:00:00,2024-07-16 00:00:00,RATCH,BUY,17510,LIMIT,IOC,28.5,28.5,FILLED,,499035.0,783.48495,54.8439465,838.3288965,4377.5,,2024-07-16,2024,2024-07,0.25,87.71929824561403,838.3288965,5215.8288965,25-50,Q3,NORMAL_STRATEGY
A,2024-07-18 00:00:00,2024-07-19 00:00:00,TOP,SELL,9372,LIMIT,IOC,53.0,53.0,FILLED,,496716.0,779.84412,54.5890884,834.4332084,2343.0,,2024-07-19,2024,2024-07,0.25,47.16981132075472,834.4332084,3177.4332084,50-100,Q3,NORMAL_STRATEGY
A,2024-07-18 00:00:00,2024-07-19 00:00:00,IVL,SELL,25724,LIMIT,IOC,19.10000076293945,19.10000076293945,FILLED,,491328.41962585447,771.3856188125915,53.99699331688141,825.3826121294729,2572.4,,2024-07-19,2024,2024-07,0.1,52.356018851074744,825.3826121294729,3397.782612129473,10-25,Q3,NORMAL_STRATEGY
A,2024-07-18 00:00:00,2024-07-19 00:00:00,PTTGC,SELL,16775,LIMIT,IOC,28.25,28.25,FILLED,,473893.75,744.0131875,52.080923125,796.094110625,4193.75,,2024-07-19,2024,2024-07,0.25,88.49557522123894,796.094110625,4989.844110625,25-50,Q3,NORMAL_STRATEGY
A,2024-07-18 00:00:00,2024-07-19 00:00:00,BDMS,BUY,22741,LIMIT,IOC,27.0,27.0,FILLED,,614007.0,963.99099,67.4793693,1031.4703593,5685.25,,2024-07-19,2024,2024-07,0.25,92.59259259259258,1031.4703593,6716.7203592999995,25-50,Q3,NORMAL_STRATEGY
A,2024-07-18 00:00:00,2024-07-19 00:00:00,BGRIM,BUY,7627,LIMIT,IOC,20.6,20.6,FILLED,,157116.2,246.672434,17.26707038,263.93950438,762.7,,2024-07-19,2024,2024-07,0.1,48.543689320388346,263.93950438,1026.63950438,10-25,Q2,NORMAL_STRATEGY
A,2024-07-18 00:00:00,2024-07-19 00:00:00,CENTEL,BUY,2385,LIMIT,IOC,43.25,43.25,FILLED,,103151.25,161.9474625,11.336322375,173.283784875,596.25,,2024-07-19,2024,2024-07,0.25,57.80346820809248,173.283784875,769.533784875,25-50,Q2,NORMAL_STRATEGY
A,2024-07-18 00:00:00,2024-07-19 00:00:00,HMPRO,BUY,67476,LIMIT,IOC,9.100000190734864,9.100000190734864,FILLED,,614031.6128700256,964.0296322059402,67.48207425441582,1031.511706460356,3373.8,,2024-07-19,2024,2024-07,0.05,54.94505379341349,1031.511706460356,4405.311706460356,5-10,Q3,NORMAL_STRATEGY
A,2024-07-18 00:00:00,2024-07-19 00:00:00,KTB,BUY,35087,LIMIT,IOC,17.49999961853027,17.49999961853027,FILLED,,614022.4866153717,964.0153039861336,67.48107127902935,1031.496375265163,3508.7,,2024-07-19,2024,2024-07,0.09999999999999999,57.142858388472604,1031.496375265163,4540.196375265163,10-25,Q3,NORMAL_STRATEGY
A,2024-07-18 00:00:00,2024-07-19 00:00:00,OSP,BUY,3865,LIMIT,IOC,24.89999923706055,24.89999923706055,FILLED,,96238.49705123901,151.09444037044523,10.576610825931168,161.6710511963764,386.5,,2024-07-19,2024,2024-07,0.1,40.16064380080882,161.6710511963764,548.1710511963764,10-25,Q2,NORMAL_STRATEGY
A,2024-07-24 00:00:00,2024-07-25 00:00:00,BDMS,SELL,22741,LIMIT,IOC,26.0,26.0,FILLED,,591266.0,928.28762,64.9801334,993.2677534,5685.25,,2024-07-25,2024,2024-07,0.25,96.15384615384616,993.2677534,6678.5177533999995,25-50,Q3,NORMAL_STRATEGY
A,2024-07-24 00:00:00,2024-07-25 00:00:00,HMPRO,SELL,67476,LIMIT,IOC,8.7,8.7,FILLED,,587041.2,921.654684,64.51582788,986.17051188,3373.8,,2024-07-25,2024,2024-07,0.05,57.4712643678161,986.1705118799999,4359.97051188,5-10,Q3,NORMAL_STRATEGY
A,2024-07-24 00:00:00,2024-07-25 00:00:00,BGRIM,BUY,7134,LIMIT,IOC,21.99999961853028,21.99999961853028,FILLED,,156947.997278595,246.4083557273941,17.24858490091759,263.6569406283117,713.4,,2024-07-25,2024,2024-07,0.09999999999999999,45.45454624270605,263.6569406283117,977.0569406283116,10-25,Q2,NORMAL_STRATEGY
A,2024-07-24 00:00:00,2024-07-25 00:00:00,CENTEL,BUY,5269,LIMIT,IOC,41.75,41.75,FILLED,,219980.75,345.3697775,24.175884425,369.545661925,1317.25,,2024-07-25,2024,2024-07,0.25,59.880239520958085,369.545661925,1686.7956619249999,25-50,Q2,NORMAL_STRATEGY
A,2024-07-24 00:00:00,2024-07-25 00:00:00,GLOBAL,BUY,55720,LIMIT,IOC,14.585713958740234,14.585713958740234,FILLED,,812715.9817810057,1275.9640913961791,89.31748639773254,1365.2815777939115,5572.0,,2024-07-25,2024,2024-07,0.1,68.56023660060656,1365.2815777939118,6937.281577793912,10-25,Q4,NORMAL_STRATEGY
A,2024-07-24 00:00:00,2024-07-25 00:00:00,KTB,BUY,9814,LIMIT,IOC,18.1,18.1,FILLED,,177633.4,278.884438,19.52191066,298.40634866,981.4,,2024-07-25,2024,2024-07,0.09999999999999999,55.248618784530386,298.40634866,1279.80634866,10-25,Q2,NORMAL_STRATEGY
A,2024-07-24 00:00:00,2024-07-25 00:00:00,OSP,BUY,9924,LIMIT,IOC,23.49999961853028,23.49999961853028,FILLED,,233213.9962142945,366.1459740564423,25.63021818395096,391.7761922403933,992.4,,2024-07-25,2024,2024-07,0.09999999999999999,42.5531921801172,391.77619224039324,1384.1761922403932,10-25,Q2,NORMAL_STRATEGY
A,2024-07-24 00:00:00,2024-07-25 00:00:00,RATCH,BUY,11777,LIMIT,IOC,27.75,27.75,FILLED,,326811.75,513.0944475,35.916611325,549.011058825,2944.25,,2024-07-25,2024,2024-07,0.25,90.09009009009009,549.011058825,3493.261058825,25-50,Q3,NORMAL_STRATEGY
A,2024-07-30 00:00:00,2024-07-31 00:00:00,RATCH,SELL,29287,LIMIT,IOC,27.25,27.25,FILLED,,798070.75,1252.9710775,87.707975425,1340.679052925,7321.75,,2024-07-31,2024,2024-07,0.25,91.74311926605505,1340.6790529250002,8662.429052925,25-50,Q4,NORMAL_STRATEGY
A,2024-07-30 00:00:00,2024-07-31 00:00:00,BGRIM,BUY,18961,LIMIT,IOC,21.700000381469728,21.700000381469728,FILLED,,411453.70723304746,645.9823203558846,45.21876242491192,691.2010827807965,1896.1,,2024-07-31,2024,2024-07,0.09999999999999999,46.08294849865209,691.2010827807965,2587.3010827807966,10-25,Q3,NORMAL_STRATEGY
A,2024-08-02 00:00:00,2024-08-05 00:00:00,OSP,SELL,34583,LIMIT,IOC,23.29999961853028,23.29999961853028,FILLED,,805783.8868076325,1265.0807022879833,88.55564916015884,1353.636351448142,3458.3,,2024-08-05,2024,2024-08,0.1,42.918455638287185,1353.636351448142,4811.936351448142,10-25,Q4,NORMAL_STRATEGY
A,2024-08-02 00:00:00,2024-08-05 00:00:00,CENTEL,SELL,19466,LIMIT,IOC,38.25,38.25,FILLED,,744574.5,1168.981965,81.82873755,1250.81070255,4866.5,,2024-08-05,2024,2024-08,0.25,65.359477124183,1250.8107025499999,6117.310702549999,25-50,Q4,NORMAL_STRATEGY
A,2024-08-02 00:00:00,2024-08-05 00:00:00,GLOBAL,SELL,55720,LIMIT,IOC,13.921428108215332,13.921428108215332,FILLED,,775701.9741897584,1217.8520994779203,85.24964696345444,1303.1017464413749,5572.0,,2024-08-05,2024,2024-08,0.1,71.8317109585818,1303.1017464413749,6875.101746441374,10-25,Q4,NORMAL_STRATEGY
A,2024-08-02 00:00:00,2024-08-05 00:00:00,BGRIM,BUY,13778,LIMIT,IOC,22.30000076293945,22.30000076293945,FILLED,,307249.4105117798,482.38157450349433,33.7667102152446,516.1482847187389,1377.8,,2024-08-05,2024,2024-08,0.09999999999999999,44.843047793160075,516.148284718739,1893.948284718739,10-25,Q3,NORMAL_STRATEGY
A,2024-08-02 00:00:00,2024-08-05 00:00:00,IVL,BUY,84450,LIMIT,IOC,18.39999923706055,18.39999923706055,FILLED,,1553879.9355697632,2439.591498844528,170.77140491911695,2610.3629037636447,8445.0,,2024-08-05,2024,2024-08,0.1,54.34782834044035,2610.3629037636447,11055.362903763646,10-25,Q4,NORMAL_STRATEGY
A,2024-08-02 00:00:00,2024-08-05 00:00:00,KTB,BUY,43892,LIMIT,IOC,17.49999961853027,17.49999961853027,FILLED,,768109.9832565307,1205.9326737127533,84.41528715989274,1290.347960872646,4389.2,,2024-08-05,2024,2024-08,0.09999999999999999,57.142858388472604,1290.3479608726461,5679.5479608726455,10-25,Q4,NORMAL_STRATEGY
A,2024-08-13 00:00:00,2024-08-14 00:00:00,BGRIM,SELL,69680,LIMIT,IOC,20.50000038146973,20.50000038146973,FILLED,,1428440.0265808103,2242.650841731873,156.98555892123107,2399.636400653104,6968.0,,2024-08-14,2024,2024-08,0.1,48.780486897157125,2399.636400653104,9367.636400653104,10-25,Q4,NORMAL_STRATEGY
A,2024-08-13 00:00:00,2024-08-14 00:00:00,KTB,SELL,6223,LIMIT,IOC,18.00000038146973,18.00000038146973,FILLED,,112014.00237388612,175.8619837270012,12.310338860890084,188.17232258789127,622.3,,2024-08-14,2024,2024-08,0.09999999999999999,55.55555437817987,188.17232258789127,810.4723225878912,10-25,Q2,NORMAL_STRATEGY
A,2024-08-13 00:00:00,2024-08-14 00:00:00,IVL,SELL,84450,LIMIT,IOC,16.799999618530272,16.799999618530272,FILLED,,1418759.9677848816,2227.453149422264,155.9217204595585,2383.374869881822,8445.0,,2024-08-14,2024,2024-08,0.1,59.523810875388804,2383.374869881822,10828.374869881822,10-25,Q4,NORMAL_STRATEGY
A,2024-08-13 00:00:00,2024-08-14 00:00:00,BDMS,BUY,54154,LIMIT,IOC,27.75,27.75,FILLED,,1502773.5,2359.354395,165.15480765,2524.50920265,13538.5,,2024-08-14,2024,2024-08,0.25,90.09009009009009,2524.5092026499997,16063.009202649999,25-50,Q4,NORMAL_STRATEGY
A,2024-08-13 00:00:00,2024-08-14 00:00:00,OSP,BUY,62877,LIMIT,IOC,23.89999923706055,23.89999923706055,FILLED,,1502760.252028656,2359.3335956849896,165.1533516979493,2524.486947382939,6287.7,,2024-08-14,2024,2024-08,0.09999999999999999,41.8410055197554,2524.486947382939,8812.18694738294,10-25,Q4,NORMAL_STRATEGY
A,2024-08-26 00:00:00,2024-08-27 00:00:00,KTB,SELL,48551,LIMIT,IOC,18.60000076293945,18.60000076293945,FILLED,,903048.6370414733,1417.7863601551132,99.24504521085792,1517.0314053659713,4855.1,,2024-08-27,2024,2024-08,0.1,53.763438654932884,1517.031405365971,6372.131405365972,10-25,Q4,NORMAL_STRATEGY
A,2024-08-26 00:00:00,2024-08-27 00:00:00,OSP,SELL,62877,LIMIT,IOC,22.69999923706055,22.69999923706055,FILLED,,1427307.852028656,2240.87332768499,156.8611329379493,2397.7344606229394,6287.7,,2024-08-27,2024,2024-08,0.09999999999999999,44.05286491672548,2397.734460622939,8685.434460622939,10-25,Q4,NORMAL_STRATEGY
A,2024-08-26 00:00:00,2024-08-27 00:00:00,IVL,BUY,33485,LIMIT,IOC,19.1,19.1,FILLED,,639563.5,1004.114695,70.28802865,1074.40272365,3348.5,,2024-08-27,2024,2024-08,0.1,52.35602094240838,1074.40272365,4422.902723650001,10-25,Q3,NORMAL_STRATEGY
A,2024-08-26 00:00:00,2024-08-27 00:00:00,MTC,BUY,14212,LIMIT,IOC,45.0,45.0,FILLED,,639540.0,1004.0778,70.285446,1074.363246,3553.0,,2024-08-27,2024,2024-08,0.25,55.55555555555556,1074.3632460000001,4627.363246,25-50,Q3,NORMAL_STRATEGY
A,2024-08-26 00:00:00,2024-08-27 00:00:00,TOP,BUY,12010,LIMIT,IOC,53.25,53.25,FILLED,,639532.5,1004.066025,70.28462175,1074.35064675,3002.5,,2024-08-27,2024,2024-08,0.25,46.948356807511736,1074.35064675,4076.85064675,50-100,Q3,NORMAL_STRATEGY
A,2024-08-29 00:00:00,2024-08-30 00:00:00,IVL,SELL,33485,LIMIT,IOC,18.00000038146973,18.00000038146973,FILLED,,602730.0127735138,946.2861200544166,66.24002840380916,1012.5261484582257,3348.5,,2024-08-30,2024,2024-08,0.1,55.55555437817988,1012.5261484582259,4361.026148458226,10-25,Q3,NORMAL_STRATEGY
A,2024-08-29 00:00:00,2024-08-30 00:00:00,KTB,BUY,4965,LIMIT,IOC,18.700000381469728,18.700000381469728,FILLED,,92845.5018939972,145.7674379735756,10.203720658150292,155.97115863172587,496.5,,2024-08-30,2024,2024-08,0.1,53.47593473799731,155.9711586317259,652.4711586317259,10-25,Q2,NORMAL_STRATEGY
A,2024-08-29 00:00:00,2024-08-30 00:00:00,MTC,BUY,2262,LIMIT,IOC,44.25,44.25,FILLED,,100093.5,157.146795,11.00027565,168.14707065,565.5,,2024-08-30,2024,2024-08,0.25,56.497175141242934,168.14707065,733.6470706499999,25-50,Q2,NORMAL_STRATEGY
A,2024-08-29 00:00:00,2024-08-30 00:00:00,RATCH,BUY,23707,LIMIT,IOC,30.75,30.75,FILLED,,728990.25,1144.5146925,80.116028475,1224.630720975,5926.75,,2024-08-30,2024,2024-08,0.25,81.30081300813009,1224.6307209749998,7151.380720974999,25-50,Q4,NORMAL_STRATEGY
A,2024-09-03 00:00:00,2024-09-04 00:00:00,MTC,SELL,5341,LIMIT,IOC,43.5,43.5,FILLED,,232333.5,364.763595,25.53345165,390.29704665,1335.25,,2024-09-04,2024,2024-09,0.25,57.47126436781609,390.29704665,1725.54704665,25-50,Q2,NORMAL_STRATEGY
A,2024-09-11 00:00:00,2024-09-12 00:00:00,MTC,SELL,3876,LIMIT,IOC,48.75,48.75,FILLED,,188955.0,296.65935,20.7661545,317.4255045,969.0,,2024-09-12,2024,2024-09,0.25,51.282051282051285,317.4255045,1286.4255045,25-50,Q2,NORMAL_STRATEGY
A,2024-09-11 00:00:00,2024-09-12 00:00:00,RATCH,SELL,12624,LIMIT,IOC,31.75,31.75,FILLED,,400812.0,629.27484,44.0492388,673.3240788,3156.0,,2024-09-12,2024,2024-09,0.25,78.74015748031496,673.3240788,3829.3240788000003,25-50,Q3,NORMAL_STRATEGY
A,2024-09-11 00:00:00,2024-09-12 00:00:00,CENTEL,BUY,9531,LIMIT,IOC,37.5,37.5,FILLED,,357412.5,561.137625,39.27963375,600.41725875,2382.75,,2024-09-12,2024,2024-09,0.25,66.66666666666667,600.41725875,2983.1672587499997,25-50,Q3,NORMAL_STRATEGY
A,2024-09-11 00:00:00,2024-09-12 00:00:00,GLOBAL,BUY,24662,LIMIT,IOC,14.49285659790039,14.49285659790039,FILLED,,357422.8294174194,561.1538421853485,39.2807689529744,600.4346111383229,2466.2,,2024-09-12,2024,2024-09,0.09999999999999999,68.99950974087966,600.4346111383229,3066.6346111383227,10-25,Q3,NORMAL_STRATEGY
A,2024-09-16 00:00:00,2024-09-17 00:00:00,KTB,SELL,21641,LIMIT,IOC,20.4,20.4,FILLED,,441476.4,693.117948,48.51825636,741.63620436,2164.1,,2024-09-17,2024,2024-09,0.09999999999999999,49.01960784313725,741.63620436,2905.7362043599996,10-25,Q3,NORMAL_STRATEGY
A,2024-09-16 00:00:00,2024-09-17 00:00:00,MTC,SELL,420,LIMIT,IOC,51.75,51.75,FILLED,,21735.0,34.12395,2.3886765,36.5126265,105.0,,2024-09-17,2024,2024-09,0.25,48.30917874396135,36.5126265,141.5126265,50-100,Q1,NORMAL_STRATEGY
A,2024-09-16 00:00:00,2024-09-17 00:00:00,GLOBAL,SELL,626,LIMIT,IOC,14.66428508758545,14.66428508758545,FILLED,,9179.842464828493,14.412352669780732,1.0088646868846511,15.421217356665384,62.6,,2024-09-17,2024,2024-09,0.1,68.19289137024374,15.421217356665384,78.02121735666539,10-25,Q1,NORMAL_STRATEGY
A,2024-09-16 00:00:00,2024-09-17 00:00:00,BGRIM,BUY,15203,LIMIT,IOC,23.49999961853028,23.49999961853028,FILLED,,357270.4942005158,560.9146758948098,39.264027312636685,600.1787032074465,1520.3,,2024-09-17,2024,2024-09,0.09999999999999999,42.553192180117215,600.1787032074465,2120.4787032074464,10-25,Q3,NORMAL_STRATEGY
A,2024-09-19 00:00:00,2024-09-20 00:00:00,BDMS,SELL,42287,LIMIT,IOC,30.0,30.0,FILLED,,1268610.0,1991.7177,139.420239,2131.137939,10571.75,,2024-09-20,2024,2024-09,0.25,83.33333333333333,2131.1379389999997,12702.887939,25-50,Q4,NORMAL_STRATEGY
A,2024-09-19 00:00:00,2024-09-20 00:00:00,MTC,SELL,40,LIMIT,IOC,52.75,52.75,FILLED,,2110.0,3.3127,0.231889,3.544589,10.0,,2024-09-20,2024,2024-09,0.25,47.39336492890995,3.544589,13.544589,50-100,Q1,NORMAL_STRATEGY
A,2024-09-19 00:00:00,2024-09-20 00:00:00,RATCH,SELL,32,LIMIT,IOC,32.25,32.25,FILLED,,1032.0,1.62024,0.1134168,1.7336568,8.0,,2024-09-20,2024,2024-09,0.25,77.51937984496124,1.7336567999999999,9.7336568,25-50,Q1,NORMAL_STRATEGY
A,2024-09-19 00:00:00,2024-09-20 00:00:00,GLOBAL,BUY,1099,LIMIT,IOC,14.400000190734865,14.400000190734865,FILLED,,15825.600209617614,24.84619232909965,1.739233463036976,26.585425792136633,109.9,,2024-09-20,2024,2024-09,0.1,69.4444435246197,26.585425792136625,136.48542579213662,10-25,Q1,NORMAL_STRATEGY
A,2024-09-19 00:00:00,2024-09-20 00:00:00,OSP,BUY,15207,LIMIT,IOC,23.80000076293945,23.80000076293945,FILLED,,361926.6116020202,568.2247802151718,39.77573461506202,608.0005148302338,1520.7,,2024-09-20,2024,2024-09,0.1,42.016805375786625,608.0005148302338,2128.7005148302337,10-25,Q3,NORMAL_STRATEGY
A,2024-09-19 00:00:00,2024-09-20 00:00:00,PTTGC,BUY,12699,LIMIT,IOC,28.5,28.5,FILLED,,361921.5,568.216755,39.77517285,607.99192785,3174.75,,2024-09-20,2024,2024-09,0.25,87.71929824561403,607.99192785,3782.74192785,25-50,Q3,NORMAL_STRATEGY
A,2024-09-19 00:00:00,2024-09-20 00:00:00,SCGP,BUY,12480,LIMIT,IOC,29.0,29.0,FILLED,,361920.0,568.2144,39.775008,607.989408,3120.0,,2024-09-20,2024,2024-09,0.25,86.20689655172414,607.9894079999999,3727.989408,25-50,Q3,NORMAL_STRATEGY
A,2024-09-24 00:00:00,2024-09-25 00:00:00,TOP,SELL,12010,LIMIT,IOC,52.0,52.0,FILLED,,624520.0,980.4964,68.634748,1049.131148,3002.5,,2024-09-25,2024,2024-09,0.25,48.07692307692308,1049.131148,4051.631148,50-100,Q3,NORMAL_STRATEGY
A,2024-09-24 00:00:00,2024-09-25 00:00:00,PTTGC,SELL,328,LIMIT,IOC,31.75,31.75,FILLED,,10414.0,16.34998,1.1444986,17.4944786,82.0,,2024-09-25,2024,2024-09,0.25,78.74015748031496,17.494478599999997,99.4944786,25-50,Q1,NORMAL_STRATEGY
A,2024-09-24 00:00:00,2024-09-25 00:00:00,BDMS,BUY,1003,LIMIT,IOC,31.0,31.0,FILLED,,31093.0,48.81601,3.4171207,52.2331307,250.75,,2024-09-25,2024,2024-09,0.25,80.64516129032258,52.2331307,302.9831307,25-50,Q1,NORMAL_STRATEGY
A,2024-09-24 00:00:00,2024-09-25 00:00:00,BGRIM,BUY,1847,LIMIT,IOC,23.39999923706055,23.39999923706055,FILLED,,43219.798590850834,67.8550837876358,4.7498558651345055,72.60493965277033,184.7,,2024-09-25,2024,2024-09,0.09999999999999999,42.7350441283868,72.60493965277031,257.3049396527703,10-25,Q1,NORMAL_STRATEGY
A,2024-09-24 00:00:00,2024-09-25 00:00:00,CENTEL,BUY,506,LIMIT,IOC,39.75,39.75,FILLED,,20113.5,31.578195,2.21047365,33.78866865,126.5,,2024-09-25,2024,2024-09,0.25,62.89308176100629,33.78866865,160.28866865,25-50,Q1,NORMAL_STRATEGY
A,2024-09-24 00:00:00,2024-09-25 00:00:00,HMPRO,BUY,37288,LIMIT,IOC,10.700000381469728,10.700000381469728,FILLED,,398981.6142242432,626.4011343320618,43.84807940324433,670.2492137353062,3728.8,,2024-09-25,2024,2024-09,0.1,93.45794059332943,670.2492137353062,4399.049213735307,10-25,Q3,NORMAL_STRATEGY
A,2024-09-24 00:00:00,2024-09-25 00:00:00,IVL,BUY,15494,LIMIT,IOC,25.75,25.75,FILLED,,398970.5,626.383685,43.84685795,670.23054295,3873.5,,2024-09-25,2024,2024-09,0.25,97.08737864077669,670.23054295,4543.73054295,25-50,Q3,NORMAL_STRATEGY
A,2024-09-24 00:00:00,2024-09-25 00:00:00,MTC,BUY,1182,LIMIT,IOC,50.0,50.0,FILLED,,59100.0,92.787,6.49509,99.28209,295.5,,2024-09-25,2024,2024-09,0.25,50.0,99.28209000000001,394.78209000000004,25-50,Q2,NORMAL_STRATEGY
A,2024-09-24 00:00:00,2024-09-25 00:00:00,OSP,BUY,1627,LIMIT,IOC,23.700000381469728,23.700000381469728,FILLED,,38559.90062065125,60.539043974422455,4.237733078209572,64.77677705263203,162.7,,2024-09-25,2024,2024-09,0.09999999999999999,42.19409214785785,64.77677705263203,227.47677705263203,10-25,Q1,NORMAL_STRATEGY
A,2024-09-24 00:00:00,2024-09-25 00:00:00,RATCH,BUY,1039,LIMIT,IOC,33.0,33.0,FILLED,,34287.0,53.83059,3.7681413,57.5987313,259.75,,2024-09-25,2024,2024-09,0.25,75.75757575757576,57.5987313,317.3487313,25-50,Q1,NORMAL_STRATEGY
A,2024-09-24 00:00:00,2024-09-25 00:00:00,SCGP,BUY,186,LIMIT,IOC,31.5,31.5,FILLED,,5859.0,9.19863,0.6439041,9.8425341,46.5,,2024-09-25,2024,2024-09,0.25,79.36507936507937,9.8425341,56.3425341,25-50,Q1,NORMAL_STRATEGY
A,2024-09-27 00:00:00,2024-09-30 00:00:00,OSP,SELL,16834,LIMIT,IOC,22.9,22.9,FILLED,,385498.6,605.232802,42.36629614,647.59909814,1683.4,,2024-09-30,2024,2024-09,0.1,43.668122270742366,647.59909814,2330.99909814,10-25,Q3,NORMAL_STRATEGY
A,2024-09-27 00:00:00,2024-09-30 00:00:00,BDMS,BUY,1131,LIMIT,IOC,30.5,30.5,FILLED,,34495.5,54.157935,3.79105545,57.94899045,282.75,,2024-09-30,2024,2024-09,0.25,81.9672131147541,57.948990450000004,340.69899045,25-50,Q1,NORMAL_STRATEGY
A,2024-09-27 00:00:00,2024-09-30 00:00:00,BGRIM,BUY,968,LIMIT,IOC,23.700000381469728,23.700000381469728,FILLED,,22941.60036926269,36.018312579742435,2.5212818805819706,38.5395944603244,96.8,,2024-09-30,2024,2024-09,0.09999999999999999,42.194092147857866,38.53959446032441,135.3395944603244,10-25,Q1,NORMAL_STRATEGY
A,2024-09-27 00:00:00,2024-09-30 00:00:00,CENTEL,BUY,572,LIMIT,IOC,40.25,40.25,FILLED,,23023.0,36.14611,2.5302277,38.6763377,143.0,,2024-09-30,2024,2024-09,0.25,62.11180124223602,38.6763377,181.6763377,25-50,Q1,NORMAL_STRATEGY
A,2024-09-27 00:00:00,2024-09-30 00:00:00,GLOBAL,BUY,3957,LIMIT,IOC,14.678571319580078,14.678571319580078,FILLED,,58083.106711578366,91.19047753717805,6.383333427602463,97.57381096478049,395.7,,2024-09-30,2024,2024-09,0.09999999999999999,68.12652118711836,97.57381096478052,493.2738109647805,10-25,Q2,NORMAL_STRATEGY
A,2024-09-27 00:00:00,2024-09-30 00:00:00,HMPRO,BUY,2998,LIMIT,IOC,10.6,10.6,FILLED,,31778.8,49.892716,3.49249012,53.38520612,299.8,,2024-09-30,2024,2024-09,0.1,94.33962264150945,53.38520612,353.18520612000003,10-25,Q1,NORMAL_STRATEGY
A,2024-09-27 00:00:00,2024-09-30 00:00:00,IVL,BUY,2225,LIMIT,IOC,24.1,24.1,FILLED,,53622.5,84.187325,5.89311275,90.08043775,222.5,,2024-09-30,2024,2024-09,0.1,41.49377593360996,90.08043775,312.58043775,10-25,Q2,NORMAL_STRATEGY
A,2024-09-27 00:00:00,2024-09-30 00:00:00,KTB,BUY,3387,LIMIT,IOC,20.6,20.6,FILLED,,69772.2,109.542354,7.66796478,117.21031878,338.7,,2024-09-30,2024,2024-09,0.09999999999999999,48.54368932038835,117.21031878000001,455.91031878,10-25,Q2,NORMAL_STRATEGY
A,2024-09-27 00:00:00,2024-09-30 00:00:00,PTTGC,BUY,1630,LIMIT,IOC,30.5,30.5,FILLED,,49715.0,78.05255,5.4636785,83.5162285,407.5,,2024-09-30,2024,2024-09,0.25,81.9672131147541,83.5162285,491.0162285,25-50,Q1,NORMAL_STRATEGY
A,2024-09-27 00:00:00,2024-09-30 00:00:00,RATCH,BUY,1049,LIMIT,IOC,32.5,32.5,FILLED,,34092.5,53.525225,3.74676575,57.27199075,262.25,,2024-09-30,2024,2024-09,0.25,76.92307692307693,57.27199075,319.52199075,25-50,Q1,NORMAL_STRATEGY
A,2024-09-27 00:00:00,2024-09-30 00:00:00,SCGP,BUY,1809,LIMIT,IOC,29.5,29.5,FILLED,,53365.5,83.783835,5.86486845,89.64870345,452.25,,2024-09-30,2024,2024-09,0.25,84.7457627118644,89.64870345,541.89870345,25-50,Q2,NORMAL_STRATEGY
A,2024-10-02 00:00:00,2024-10-03 00:00:00,MTC,SELL,7979,LIMIT,IOC,49.0,49.0,FILLED,,390971.0,613.82447,42.9677129,656.7921829,1994.75,,2024-10-03,2024,2024-10,0.25,51.0204081632653,656.7921829000001,2651.5421829,25-50,Q3,NORMAL_STRATEGY
A,2024-10-02 00:00:00,2024-10-03 00:00:00,RATCH,SELL,13139,LIMIT,IOC,31.5,31.5,FILLED,,413878.5,649.789245,45.48524715,695.27449215,3284.75,,2024-10-03,2024,2024-10,0.25,79.36507936507937,695.27449215,3980.02449215,25-50,Q3,NORMAL_STRATEGY
A,2024-10-02 00:00:00,2024-10-03 00:00:00,HMPRO,SELL,40286,LIMIT,IOC,10.500000381469729,10.500000381469729,FILLED,,423003.01536788954,664.1147341275865,46.48803138893105,710.6027655165175,4028.6,,2024-10-03,2024,2024-10,0.09999999999999999,95.23809177805245,710.6027655165176,4739.2027655165175,10-25,Q3,NORMAL_STRATEGY
A,2024-10-02 00:00:00,2024-10-03 00:00:00,BGRIM,BUY,3671,LIMIT,IOC,23.80000076293945,23.80000076293945,FILLED,,87369.80280075074,137.17059039717864,9.601941327802503,146.77253172498115,367.1,,2024-10-03,2024,2024-10,0.1,42.01680537578662,146.77253172498115,513.8725317249812,10-25,Q2,NORMAL_STRATEGY
A,2024-10-02 00:00:00,2024-10-03 00:00:00,CENTEL,BUY,2377,LIMIT,IOC,39.75,39.75,FILLED,,94485.75,148.3426275,10.383983925,158.726611425,594.25,,2024-10-03,2024,2024-10,0.25,62.89308176100629,158.726611425,752.976611425,25-50,Q2,NORMAL_STRATEGY
A,2024-10-02 00:00:00,2024-10-03 00:00:00,IVL,BUY,3437,LIMIT,IOC,24.39999923706055,24.39999923706055,FILLED,,83862.79737777711,131.66459188311003,9.216521431817704,140.88111331492777,343.7,,2024-10-03,2024,2024-10,0.09999999999999999,40.98360783885291,140.88111331492775,484.58111331492773,10-25,Q2,NORMAL_STRATEGY
A,2024-10-02 00:00:00,2024-10-03 00:00:00,KTB,BUY,3735,LIMIT,IOC,21.1,21.1,FILLED,,78808.5,123.729345,8.66105415,132.39039915,373.5,,2024-10-03,2024,2024-10,0.1,47.39336492890995,132.39039915,505.89039915,10-25,Q2,NORMAL_STRATEGY
A,2024-10-02 00:00:00,2024-10-03 00:00:00,LH,BUY,80659,LIMIT,IOC,6.399999904632568,6.399999904632568,FILLED,,516217.59230775834,810.4616199231805,56.73231339462264,867.193933317803,4032.95,,2024-10-03,2024,2024-10,0.049999999999999996,78.12500116415323,867.1939333178032,4900.143933317803,5-10,Q3,NORMAL_STRATEGY
A,2024-10-02 00:00:00,2024-10-03 00:00:00,PTTGC,BUY,3350,LIMIT,IOC,29.75,29.75,FILLED,,99662.5,156.470125,10.95290875,167.42303375,837.5,,2024-10-03,2024,2024-10,0.25,84.03361344537815,167.42303375,1004.9230337500001,25-50,Q2,NORMAL_STRATEGY
A,2024-10-02 00:00:00,2024-10-03 00:00:00,SCGP,BUY,2732,LIMIT,IOC,30.0,30.0,FILLED,,81960.0,128.6772,9.007404,137.684604,683.0,,2024-10-03,2024,2024-10,0.25,83.33333333333333,137.684604,820.684604,25-50,Q2,NORMAL_STRATEGY
A,2024-10-07 00:00:00,2024-10-08 00:00:00,BGRIM,SELL,21689,LIMIT,IOC,22.69999923706055,22.69999923706055,FILLED,,492340.28345260624,772.9742450205916,54.10819715144142,827.0824421720331,2168.9,,2024-10-08,2024,2024-10,0.1,44.0528649167255,827.0824421720331,2995.982442172033,10-25,Q3,NORMAL_STRATEGY
A,2024-10-07 00:00:00,2024-10-08 00:00:00,CENTEL,BUY,4051,LIMIT,IOC,38.75,38.75,FILLED,,156976.25,246.4527125,17.251689875,263.704402375,1012.75,,2024-10-08,2024,2024-10,0.25,64.51612903225806,263.704402375,1276.454402375,25-50,Q2,NORMAL_STRATEGY
A,2024-10-07 00:00:00,2024-10-08 00:00:00,IVL,BUY,6239,LIMIT,IOC,24.1,24.1,FILLED,,150359.9,236.065043,16.52455301,252.58959601,623.9,,2024-10-08,2024,2024-10,0.09999999999999999,41.49377593360996,252.58959601,876.48959601,10-25,Q2,NORMAL_STRATEGY
A,2024-10-07 00:00:00,2024-10-08 00:00:00,KTB,BUY,7276,LIMIT,IOC,20.80000076293945,20.80000076293945,FILLED,,151340.80555114747,237.60506471530152,16.632354530071105,254.2374192453726,727.6,,2024-10-08,2024,2024-10,0.1,48.07692131347211,254.23741924537262,981.8374192453726,10-25,Q2,NORMAL_STRATEGY
A,2024-10-07 00:00:00,2024-10-08 00:00:00,PTTGC,BUY,5415,LIMIT,IOC,29.0,29.0,FILLED,,157035.0,246.54495,17.2581465,263.8030965,1353.75,,2024-10-08,2024,2024-10,0.25,86.20689655172414,263.8030965,1617.5530965,25-50,Q2,NORMAL_STRATEGY
A,2024-10-10 00:00:00,2024-10-11 00:00:00,CENTEL,SELL,17037,LIMIT,IOC,38.25,38.25,FILLED,,651665.25,1023.1144425,71.618010975,1094.732453475,4259.25,,2024-10-11,2024,2024-10,0.25,65.359477124183,1094.732453475,5353.9824534750005,25-50,Q3,NORMAL_STRATEGY
A,2024-10-10 00:00:00,2024-10-11 00:00:00,PTTGC,SELL,22766,LIMIT,IOC,28.5,28.5,FILLED,,648831.0,1018.66467,71.3065269,1089.9711969,5691.5,,2024-10-11,2024,2024-10,0.25,87.71929824561403,1089.9711969,6781.4711969,25-50,Q3,NORMAL_STRATEGY
A,2024-10-10 00:00:00,2024-10-11 00:00:00,SCGP,SELL,17207,LIMIT,IOC,27.5,27.5,FILLED,,473192.5,742.912225,52.00385575,794.91608075,4301.75,,2024-10-11,2024,2024-10,0.25,90.9090909090909,794.91608075,5096.66608075,25-50,Q3,NORMAL_STRATEGY
A,2024-10-10 00:00:00,2024-10-11 00:00:00,BGRIM,BUY,31522,LIMIT,IOC,23.80000076293945,23.80000076293945,FILLED,,750223.6240493774,1177.8510897575225,82.44957628302657,1260.3006660405492,3152.2,,2024-10-11,2024,2024-10,0.09999999999999999,42.01680537578662,1260.300666040549,4412.500666040549,10-25,Q4,NORMAL_STRATEGY
A,2024-10-10 00:00:00,2024-10-11 00:00:00,IVL,BUY,3102,LIMIT,IOC,24.6,24.6,FILLED,,76309.2,119.805444,8.38638108,128.19182508,310.2,,2024-10-11,2024,2024-10,0.09999999999999999,40.650406504065046,128.19182508,438.39182508,10-25,Q2,NORMAL_STRATEGY
A,2024-10-10 00:00:00,2024-10-11 00:00:00,KTB,BUY,3647,LIMIT,IOC,21.200000381469728,21.200000381469728,FILLED,,77316.40139122009,121.38675018421554,8.497072512895087,129.88382269711065,364.7,,2024-10-11,2024,2024-10,0.09999999999999999,47.16981047198799,129.88382269711065,494.58382269711063,10-25,Q2,NORMAL_STRATEGY
A,2024-10-10 00:00:00,2024-10-11 00:00:00,MTC,BUY,14497,LIMIT,IOC,51.75,51.75,FILLED,,750219.75,1177.8450075,82.449150525,1260.294158025,3624.25,,2024-10-11,2024,2024-10,0.25,48.30917874396135,1260.2941580250001,4884.544158025,50-100,Q4,NORMAL_STRATEGY
A,2024-10-16 00:00:00,2024-10-17 00:00:00,IVL,SELL,30497,LIMIT,IOC,24.75,24.75,FILLED,,754800.75,1185.0371775,82.952602425,1267.989779925,7624.25,,2024-10-17,2024,2024-10,0.25,101.01010101010102,1267.989779925,8892.239779925,10-25,Q4,NORMAL_STRATEGY
A,2024-10-16 00:00:00,2024-10-17 00:00:00,LH,SELL,80659,LIMIT,IOC,6.299999904632568,6.299999904632568,FILLED,,508151.6923077583,797.7981569231805,55.84587098462264,853.6440279078031,4032.95,,2024-10-17,2024,2024-10,0.049999999999999996,79.36508056648316,853.6440279078031,4886.594027907803,5-10,Q3,NORMAL_STRATEGY
A,2024-10-16 00:00:00,2024-10-17 00:00:00,BGRIM,SELL,31522,LIMIT,IOC,24.29999961853028,24.29999961853028,FILLED,,765984.5879753116,1202.5958031212388,84.18170621848672,1286.7775093397256,3152.2,,2024-10-17,2024,2024-10,0.09999999999999999,41.15226402050792,1286.7775093397254,4438.977509339726,10-25,Q4,NORMAL_STRATEGY
A,2024-10-16 00:00:00,2024-10-17 00:00:00,MTC,SELL,14497,LIMIT,IOC,53.75,53.75,FILLED,,779213.75,1223.3655875,85.635591125,1309.001178625,3624.25,,2024-10-17,2024,2024-10,0.25,46.51162790697674,1309.001178625,4933.251178625,50-100,Q4,NORMAL_STRATEGY
A,2024-10-16 00:00:00,2024-10-17 00:00:00,GLOBAL,BUY,72550,LIMIT,IOC,15.14285717010498,15.14285717010498,FILLED,,1098614.287691116,1724.8244316750524,120.73771021725368,1845.5621418923065,7255.0,,2024-10-17,2024,2024-10,0.1,66.03773573022927,1845.562141892306,9100.562141892306,10-25,Q4,NORMAL_STRATEGY
A,2024-10-21 00:00:00,2024-10-22 00:00:00,GLOBAL,SELL,41477,LIMIT,IOC,15.035713577270508,15.035713577270508,FILLED,,623636.2920444489,979.1089785097848,68.53762849568493,1047.6466070054696,4147.7,,2024-10-22,2024,2024-10,0.09999999999999999,66.50831667289141,1047.6466070054698,5195.346607005469,10-25,Q3,NORMAL_STRATEGY
A,2024-10-25 00:00:00,2024-10-28 00:00:00,KTB,SELL,35388,LIMIT,IOC,20.79999961853028,20.79999961853028,FILLED,,736070.3865005494,1155.6305068058625,80.89413547641038,1236.524642282273,3538.8,,2024-10-28,2024,2024-10,0.1,48.07692395864861,1236.524642282273,4775.324642282273,10-25,Q4,NORMAL_STRATEGY
A,2024-10-25 00:00:00,2024-10-28 00:00:00,BDMS,SELL,14001,LIMIT,IOC,28.25,28.25,FILLED,,395528.25,620.9793525,43.468554675,664.447907175,3500.25,,2024-10-28,2024,2024-10,0.25,88.49557522123894,664.447907175,4164.697907175,25-50,Q3,NORMAL_STRATEGY
A,2024-10-25 00:00:00,2024-10-28 00:00:00,GLOBAL,SELL,60165,LIMIT,IOC,14.571427726745604,14.571427726745604,FILLED,,876689.9491796492,1376.4032202120493,96.34822541484344,1472.7514456268927,6016.5,,2024-10-28,2024,2024-10,0.1,68.6274549586186,1472.7514456268927,7489.251445626893,10-25,Q4,NORMAL_STRATEGY
A,2024-10-25 00:00:00,2024-10-28 00:00:00,IVL,BUY,88982,LIMIT,IOC,25.5,25.5,FILLED,,2269041.0,3562.39437,249.3676059,3811.7619759,22245.5,,2024-10-28,2024,2024-10,0.25,98.0392156862745,3811.7619759,26057.2619759,25-50,Q4,NORMAL_STRATEGY
A,2024-11-12 00:00:00,2024-11-13 00:00:00,IVL,BUY,82120,LIMIT,IOC,26.75,26.75,FILLED,,2196710.0,3448.8347,241.418429,3690.253129,20530.0,,2024-11-13,2024,2024-11,0.25,93.45794392523364,3690.2531289999997,24220.253129,25-50,Q4,NORMAL_STRATEGY
A,2024-11-15 00:00:00,2024-11-18 00:00:00,IVL,SELL,171102,LIMIT,IOC,25.5,25.5,FILLED,,4363101.0,6850.06857,479.5047999,7329.5733699,42775.5,,2024-11-18,2024,2024-11,0.25,98.0392156862745,7329.5733699,50105.0733699,25-50,Q4,NORMAL_STRATEGY
A,2024-11-20 00:00:00,2024-11-21 00:00:00,CENTEL,BUY,115531,LIMIT,IOC,38.25,38.25,FILLED,,4419060.75,6937.9253775,485.654776425,7423.580153925,28882.75,,2024-11-21,2024,2024-11,0.25,65.359477124183,7423.580153925,36306.330153925,25-50,Q4,NORMAL_STRATEGY
A,2024-11-25 00:00:00,2024-11-26 00:00:00,CENTEL,SELL,77849,LIMIT,IOC,37.25,37.25,FILLED,,2899875.25,4552.8041425,318.696289975,4871.500432475,19462.25,,2024-11-26,2024,2024-11,0.25,67.11409395973155,4871.500432475,24333.750432475,25-50,Q4,NORMAL_STRATEGY
A,2024-11-25 00:00:00,2024-11-26 00:00:00,HMPRO,BUY,144416,LIMIT,IOC,9.850000190734864,9.850000190734864,FILLED,,1422497.627545166,2233.3212752459103,156.33248926721373,2389.6537645131243,7220.8,,2024-11-26,2024,2024-11,0.05,50.76142033685557,2389.653764513124,9610.453764513124,5-10,Q4,NORMAL_STRATEGY
A,2024-11-25 00:00:00,2024-11-26 00:00:00,OSP,BUY,66162,LIMIT,IOC,21.49999961853028,21.49999961853028,FILLED,,1422482.9747612,2233.298270375084,156.3308789262559,2389.62914930134,6616.2,,2024-11-26,2024,2024-11,0.09999999999999999,46.51162873222225,2389.62914930134,9005.82914930134,10-25,Q4,NORMAL_STRATEGY
A,2024-12-03 00:00:00,2024-12-04 00:00:00,CENTEL,SELL,9311,LIMIT,IOC,37.0,37.0,FILLED,,344507.0,540.87599,37.8613193,578.7373093,2327.75,,2024-12-04,2024,2024-12,0.25,67.56756756756756,578.7373093,2906.4873093,25-50,Q3,NORMAL_STRATEGY
A,2024-12-03 00:00:00,2024-12-04 00:00:00,HMPRO,SELL,36404,LIMIT,IOC,9.750000190734864,9.750000190734864,FILLED,,354939.00694351195,557.2542409013138,39.00779686309196,596.2620377644057,1820.2,,2024-12-04,2024,2024-12,0.05,51.282050278843606,596.2620377644057,2416.462037764406,5-10,Q3,NORMAL_STRATEGY
A,2024-12-03 00:00:00,2024-12-04 00:00:00,OSP,SELL,17134,LIMIT,IOC,21.50000038146973,21.50000038146973,FILLED,,368381.00653610233,578.3581802616807,40.48507261831764,618.8432528799983,1713.4,,2024-12-04,2024,2024-12,0.1,46.51162708173127,618.8432528799983,2332.243252879998,10-25,Q3,NORMAL_STRATEGY
A,2024-12-03 00:00:00,2024-12-04 00:00:00,RATCH,BUY,32736,LIMIT,IOC,32.5,32.5,FILLED,,1063920.0,1670.3544,116.924808,1787.279208,8184.0,,2024-12-04,2024,2024-12,0.25,76.92307692307693,1787.279208,9971.279208,25-50,Q4,NORMAL_STRATEGY
A,2024-12-09 00:00:00,2024-12-11 00:00:00,OSP,SELL,10225,LIMIT,IOC,21.69999923706055,21.69999923706055,FILLED,,221882.4921989441,348.35551275234224,24.384885892663956,372.74039864500617,1022.5,,2024-12-11,2024,2024-12,0.1,46.0829509289632,372.74039864500617,1395.2403986450063,10-25,Q2,NORMAL_STRATEGY
A,2024-12-09 00:00:00,2024-12-11 00:00:00,RATCH,SELL,6589,LIMIT,IOC,32.0,32.0,FILLED,,210848.0,331.03136,23.1721952,354.2035552,1647.25,,2024-12-11,2024,2024-12,0.25,78.125,354.2035552,2001.4535552,25-50,Q2,NORMAL_STRATEGY
A,2024-12-13 00:00:00,2024-12-16 00:00:00,CENTEL,SELL,28371,LIMIT,IOC,34.75,34.75,FILLED,,985892.25,1547.8508325,108.349558275,1656.200390775,7092.75,,2024-12-16,2024,2024-12,0.25,71.94244604316548,1656.200390775,8748.950390775,25-50,Q4,NORMAL_STRATEGY
A,2024-12-13 00:00:00,2024-12-16 00:00:00,HMPRO,SELL,23078,LIMIT,IOC,9.649999809265136,9.649999809265136,FILLED,,222702.69559822083,349.6432320892067,24.475026246244468,374.1182583354512,1153.9,,2024-12-16,2024,2024-12,0.05,51.81347252669799,374.1182583354512,1528.0182583354513,5-10,Q2,NORMAL_STRATEGY
A,2024-12-13 00:00:00,2024-12-16 00:00:00,OSP,SELL,38803,LIMIT,IOC,21.10000076293945,21.10000076293945,FILLED,,818743.3296043397,1285.4270274788132,89.97989192351693,1375.40691940233,3880.3,,2024-12-16,2024,2024-12,0.1,47.39336321524803,1375.4069194023302,5255.706919402331,10-25,Q4,NORMAL_STRATEGY
A,2024-12-13 00:00:00,2024-12-16 00:00:00,IVL,BUY,30670,LIMIT,IOC,27.0,27.0,FILLED,,828090.0,1300.1013,91.007091,1391.108391,7667.5,,2024-12-16,2024,2024-12,0.25,92.59259259259258,1391.108391,9058.608391,25-50,Q4,NORMAL_STRATEGY
A,2024-12-13 00:00:00,2024-12-16 00:00:00,RATCH,BUY,142,LIMIT,IOC,31.5,31.5,FILLED,,4473.0,7.02261,0.4915827,7.5141927,35.5,,2024-12-16,2024,2024-12,0.25,79.36507936507937,7.514192700000001,43.0141927,25-50,Q1,NORMAL_STRATEGY
A,2024-12-18 00:00:00,2024-12-19 00:00:00,HMPRO,SELL,84934,LIMIT,IOC,9.000000190734863,9.000000190734863,FILLED,,764406.0161998749,1200.1174454338036,84.00822118036623,1284.1256666141696,4246.7,,2024-12-19,2024,2024-12,0.049999999999999996,55.55555437817988,1284.1256666141699,5530.82566661417,5-10,Q4,NORMAL_STRATEGY
A,2024-12-18 00:00:00,2024-12-19 00:00:00,RATCH,SELL,26289,LIMIT,IOC,30.5,30.5,FILLED,,801814.5,1258.848765,88.11941355,1346.96817855,6572.25,,2024-12-19,2024,2024-12,0.25,81.9672131147541,1346.96817855,7919.21817855,25-50,Q4,NORMAL_STRATEGY
A,2024-12-18 00:00:00,2024-12-19 00:00:00,IVL,BUY,47161,LIMIT,IOC,25.75,25.75,FILLED,,1214395.75,1906.6013275,133.462092925,2040.063420425,11790.25,,2024-12-19,2024,2024-12,0.25,97.08737864077669,2040.063420425,13830.313420425,25-50,Q4,NORMAL_STRATEGY
A,2024-12-18 00:00:00,2024-12-19 00:00:00,KTB,BUY,94983,LIMIT,IOC,21.1,21.1,FILLED,,2004141.3,3146.501841,220.25512887,3366.75696987,9498.3,,2024-12-19,2024,2024-12,0.09999999999999999,47.393364928909946,3366.75696987,12865.056969869998,10-25,Q4,NORMAL_STRATEGY
A,2024-12-23 00:00:00,2024-12-24 00:00:00,IVL,SELL,27401,LIMIT,IOC,26.0,26.0,FILLED,,712426.0,1118.50882,78.2956174,1196.8044374,6850.25,,2024-12-24,2024,2024-12,0.25,96.15384615384616,1196.8044374,8047.0544374,25-50,Q4,NORMAL_STRATEGY
A,2024-12-26 00:00:00,2024-12-27 00:00:00,IVL,SELL,50430,LIMIT,IOC,25.5,25.5,FILLED,,1285965.0,2018.96505,141.3275535,2160.2926035,12607.5,,2024-12-27,2024,2024-12,0.25,98.0392156862745,2160.2926035,14767.7926035,25-50,Q4,NORMAL_STRATEGY
A,2025-01-02 00:00:00,2025-01-03 00:00:00,KTB,SELL,31797,LIMIT,IOC,21.10000076293945,21.10000076293945,FILLED,,670916.7242591857,1053.3392570869216,73.73374799608452,1127.0730050830061,3179.7,,2025-01-03,2025,2025-01,0.09999999999999999,47.39336321524803,1127.0730050830061,4306.773005083006,10-25,Q3,NORMAL_STRATEGY
A,2025-01-02 00:00:00,2025-01-03 00:00:00,COM7,BUY,51764,LIMIT,IOC,26.0,26.0,FILLED,,1345864.0,2113.00648,147.9104536,2260.9169336,12941.0,,2025-01-03,2025,2025-01,0.25,96.15384615384616,2260.9169336,15201.9169336,25-50,Q4,NORMAL_STRATEGY
A,2025-01-07 00:00:00,2025-01-08 00:00:00,COM7,BUY,26700,LIMIT,IOC,25.5,25.5,FILLED,,680850.0,1068.9345,74.825415,1143.759915,6675.0,,2025-01-08,2025,2025-01,0.25,98.0392156862745,1143.759915,7818.759915000001,25-50,Q3,NORMAL_STRATEGY
A,2025-01-07 00:00:00,2025-01-08 00:00:00,KTB,BUY,28176,LIMIT,IOC,21.89999923706055,21.89999923706055,FILLED,,617054.378503418,968.7753742503662,67.81427619752564,1036.5896504478917,2817.6,,2025-01-08,2025,2025-01,0.09999999999999999,45.66210204737074,1036.589650447892,3854.189650447892,10-25,Q3,NORMAL_STRATEGY
A,2025-01-15 00:00:00,2025-01-16 00:00:00,KTB,SELL,33420,LIMIT,IOC,22.10000076293945,22.10000076293945,FILLED,,738582.0254974365,1159.5737800309753,81.17016460216827,1240.7439446331437,3342.0,,2025-01-16,2025,2025-01,0.1,45.248867216192494,1240.7439446331437,4582.743944633144,10-25,Q4,NORMAL_STRATEGY
A,2025-01-15 00:00:00,2025-01-16 00:00:00,COM7,SELL,23481,LIMIT,IOC,23.29999961853028,23.29999961853028,FILLED,,547107.2910427095,858.9584469370537,60.12709128559377,919.0855382226476,2348.1,,2025-01-16,2025,2025-01,0.09999999999999999,42.91845563828718,919.0855382226475,3267.1855382226477,10-25,Q3,NORMAL_STRATEGY
A,2025-01-15 00:00:00,2025-01-16 00:00:00,OSP,BUY,60379,LIMIT,IOC,21.39999923706055,21.39999923706055,FILLED,,1292110.553934479,2028.613569677132,142.0029498773992,2170.616519554531,6037.9,,2025-01-16,2025,2025-01,0.09999999999999999,46.72897362856904,2170.6165195545314,8208.51651955453,10-25,Q4,NORMAL_STRATEGY
A,2025-01-20 00:00:00,2025-01-21 00:00:00,OSP,BUY,1,LIMIT,IOC,21.39999923706055,21.39999923706055,FILLED,,21.39999923706055,0.033597998802185,0.0023518599161529,0.035949858718338,0.1,,2025-01-21,2025,2025-01,0.1,46.72897362856905,0.035949858718337904,0.13594985871833792,10-25,Q1,NORMAL_STRATEGY
A,2025-01-23 00:00:00,2025-01-24 00:00:00,OSP,SELL,60380,LIMIT,IOC,20.69999923706055,20.69999923706055,FILLED,,1249865.9539337158,1962.2895476759336,137.36026833731535,2099.6498160132487,6038.0,,2025-01-24,2025,2025-01,0.1,48.30918052449178,2099.6498160132487,8137.649816013249,10-25,Q4,NORMAL_STRATEGY
A,2025-01-28 00:00:00,2025-01-29 00:00:00,COM7,BUY,26996,LIMIT,IOC,23.80000076293945,23.80000076293945,FILLED,,642504.8205963136,1008.732568336212,70.61127978353485,1079.343848119747,2699.6,,2025-01-29,2025,2025-01,0.09999999999999999,42.0168053757866,1079.3438481197468,3778.9438481197467,10-25,Q3,NORMAL_STRATEGY
A,2025-01-28 00:00:00,2025-01-29 00:00:00,KTB,BUY,25796,LIMIT,IOC,23.30000076293945,23.30000076293945,FILLED,,601046.8196807861,943.6435068988343,66.0550454829184,1009.6985523817526,2579.6,,2025-01-29,2025,2025-01,0.09999999999999999,42.918453530292645,1009.6985523817527,3589.2985523817524,10-25,Q3,NORMAL_STRATEGY
A,2025-02-05 00:00:00,2025-02-06 00:00:00,COM7,SELL,81979,LIMIT,IOC,23.00000038146973,23.00000038146973,FILLED,,1885517.0312725068,2960.2617390978357,207.21832173684848,3167.480060834684,8197.9,,2025-02-06,2025,2025-02,0.09999999999999999,43.478260148450424,3167.480060834684,11365.380060834683,10-25,Q4,NORMAL_STRATEGY
A,2025-02-05 00:00:00,2025-02-06 00:00:00,KTB,BUY,75419,LIMIT,IOC,23.700000381469728,23.700000381469728,FILLED,,1787430.3287700652,2806.2656161690024,196.43859313183015,3002.7042093008326,7541.9,,2025-02-06,2025,2025-02,0.09999999999999999,42.19409214785786,3002.7042093008326,10544.604209300833,10-25,Q4,NORMAL_STRATEGY
A,2025-02-14 00:00:00,2025-02-17 00:00:00,KTB,SELL,159157,LIMIT,IOC,23.00000038146973,23.00000038146973,FILLED,,3660611.0607135766,5747.159365320317,402.3011555724221,6149.460520892739,15915.7,,2025-02-17,2025,2025-02,0.1,43.478260148450445,6149.46052089274,22065.16052089274,10-25,Q4,NORMAL_STRATEGY
A,2025-02-19 00:00:00,2025-02-20 00:00:00,KTB,BUY,50884,LIMIT,IOC,24.6,24.6,FILLED,,1251746.4,1965.241848,137.56692936,2102.80877736,5088.4,,2025-02-20,2025,2025-02,0.09999999999999999,40.650406504065046,2102.80877736,7191.20877736,10-25,Q4,NORMAL_STRATEGY
A,2025-02-19 00:00:00,2025-02-20 00:00:00,MTC,BUY,26214,LIMIT,IOC,47.75,47.75,FILLED,,1251718.5,1965.198045,137.56386315,2102.76190815,6553.5,,2025-02-20,2025,2025-02,0.25,52.35602094240838,2102.76190815,8656.26190815,25-50,Q4,NORMAL_STRATEGY
A,2025-02-19 00:00:00,2025-02-20 00:00:00,TOP,BUY,46794,LIMIT,IOC,26.75,26.75,FILLED,,1251739.5,1965.231015,137.56617105,2102.79718605,11698.5,,2025-02-20,2025,2025-02,0.25,93.45794392523364,2102.79718605,13801.29718605,25-50,Q4,NORMAL_STRATEGY
A,2025-02-24 00:00:00,2025-02-25 00:00:00,TOP,SELL,46794,LIMIT,IOC,25.5,25.5,FILLED,,1193247.0,1873.39779,131.1378453,2004.5356353,11698.5,,2025-02-25,2025,2025-02,0.25,98.0392156862745,2004.5356353,13703.0356353,25-50,Q4,NORMAL_STRATEGY
A,2025-02-24 00:00:00,2025-02-25 00:00:00,KTB,BUY,24963,LIMIT,IOC,23.49999961853028,23.49999961853028,FILLED,,586630.4904773713,921.0098700494729,64.47069090346311,985.480560952936,2496.3,,2025-02-25,2025,2025-02,0.1,42.55319218011722,985.480560952936,3481.780560952936,10-25,Q3,NORMAL_STRATEGY
A,2025-02-24 00:00:00,2025-02-25 00:00:00,MTC,BUY,10919,LIMIT,IOC,48.0,48.0,FILLED,,524112.0,822.85584,57.5999088,880.4557488,2729.75,,2025-02-25,2025,2025-02,0.25,52.08333333333333,880.4557487999999,3610.2057488,25-50,Q3,NORMAL_STRATEGY
A,2025-02-27 00:00:00,2025-02-28 00:00:00,KTB,SELL,75847,LIMIT,IOC,22.69999923706055,22.69999923706055,FILLED,,1721726.842133331,2703.11114214933,189.21777995045312,2892.328922099783,7584.7,,2025-02-28,2025,2025-02,0.09999999999999999,44.0528649167255,2892.328922099783,10477.028922099784,10-25,Q4,NORMAL_STRATEGY
A,2025-02-27 00:00:00,2025-02-28 00:00:00,BDMS,BUY,72522,LIMIT,IOC,24.30000076293945,24.30000076293945,FILLED,,1762284.655329895,2766.7869088679354,193.67508362075543,2960.4619924886906,7252.2,,2025-02-28,2025,2025-02,0.09999999999999999,41.15226208244098,2960.4619924886906,10212.66199248869,10-25,Q4,NORMAL_STRATEGY
A,2025-03-04 00:00:00,2025-03-05 00:00:00,MTC,SELL,23,LIMIT,IOC,47.0,47.0,FILLED,,1081.0,1.69717,0.1188019,1.8159719,5.75,,2025-03-05,2025,2025-03,0.25,53.191489361702125,1.8159719,7.5659719,25-50,Q1,NORMAL_STRATEGY
A,2025-03-04 00:00:00,2025-03-05 00:00:00,BDMS,BUY,1232,LIMIT,IOC,23.89999923706055,23.89999923706055,FILLED,,29444.799060058594,46.228334524291995,3.2359834167004395,49.46431794099243,123.2,,2025-03-05,2025,2025-03,0.1,41.8410055197554,49.46431794099244,172.66431794099245,10-25,Q1,NORMAL_STRATEGY
A,2025-03-07 00:00:00,2025-03-10 00:00:00,MTC,SELL,22856,LIMIT,IOC,46.5,46.5,FILLED,,1062804.0,1668.60228,116.8021596,1785.4044396,5714.0,,2025-03-10,2025,2025-03,0.25,53.763440860215056,1785.4044396000002,7499.4044396,25-50,Q4,NORMAL_STRATEGY
A,2025-03-07 00:00:00,2025-03-10 00:00:00,BDMS,SELL,45124,LIMIT,IOC,23.19999923706055,23.19999923706055,FILLED,,1046876.76557312,1643.5965219497984,115.0517565364859,1758.6482784862844,4512.4,,2025-03-10,2025,2025-03,0.09999999999999999,43.10344969333286,1758.6482784862844,6271.048278486284,10-25,Q4,NORMAL_STRATEGY
A,2025-03-07 00:00:00,2025-03-10 00:00:00,TOP,BUY,26532,LIMIT,IOC,25.25,25.25,FILLED,,669933.0,1051.79481,73.6256367,1125.4204467,6633.0,,2025-03-10,2025,2025-03,0.25,99.00990099009901,1125.4204467000002,7758.4204467,25-50,Q3,NORMAL_STRATEGY
A,2025-03-12 00:00:00,2025-03-13 00:00:00,MTC,SELL,14254,LIMIT,IOC,44.25,44.25,FILLED,,630739.5,990.261015,69.31827105,1059.57928605,3563.5,,2025-03-13,2025,2025-03,0.25,56.497175141242934,1059.57928605,4623.0792860500005,25-50,Q3,NORMAL_STRATEGY
A,2025-03-12 00:00:00,2025-03-13 00:00:00,BDMS,BUY,18819,LIMIT,IOC,23.80000076293945,23.80000076293945,FILLED,,447892.2143577576,703.1907765416794,49.22335435791756,752.414130899597,1881.9,,2025-03-13,2025,2025-03,0.1,42.01680537578662,752.4141308995969,2634.314130899597,10-25,Q3,NORMAL_STRATEGY
A,2025-03-12 00:00:00,2025-03-13 00:00:00,TOP,BUY,18192,LIMIT,IOC,25.25,25.25,FILLED,,459348.0,721.17636,50.4823452,771.6587052,4548.0,,2025-03-13,2025,2025-03,0.25,99.00990099009901,771.6587052,5319.6587051999995,25-50,Q3,NORMAL_STRATEGY
A,2025-03-17 00:00:00,2025-03-18 00:00:00,TOP,SELL,44724,LIMIT,IOC,26.0,26.0,FILLED,,1162824.0,1825.63368,127.7943576,1953.4280376,11181.0,,2025-03-18,2025,2025-03,0.25,96.15384615384616,1953.4280376,13134.4280376,25-50,Q4,NORMAL_STRATEGY
A,2025-03-17 00:00:00,2025-03-18 00:00:00,KTB,BUY,36711,LIMIT,IOC,23.49999961853028,23.49999961853028,FILLED,,862708.4859958651,1354.452323013508,94.81166261094556,1449.2639856244537,3671.1,,2025-03-18,2025,2025-03,0.09999999999999999,42.5531921801172,1449.2639856244537,5120.363985624454,10-25,Q4,NORMAL_STRATEGY
A,2025-03-17 00:00:00,2025-03-18 00:00:00,OSP,BUY,56387,LIMIT,IOC,15.299999809265136,15.299999809265136,FILLED,,862721.0892450333,1354.4721101147022,94.81304770802915,1449.2851578227314,5638.7,,2025-03-18,2025,2025-03,0.09999999999999999,65.35947793897587,1449.2851578227314,7087.985157822732,10-25,Q4,NORMAL_STRATEGY
A,2025-03-20 00:00:00,2025-03-21 00:00:00,BDMS,SELL,47449,LIMIT,IOC,23.19999923706055,23.19999923706055,FILLED,,1100816.7637992857,1728.2823191648788,120.97976234154152,1849.2620815064204,4744.9,,2025-03-21,2025,2025-03,0.09999999999999999,43.10344969333286,1849.2620815064204,6594.16208150642,10-25,Q4,NORMAL_STRATEGY
A,2025-03-20 00:00:00,2025-03-21 00:00:00,KTB,SELL,36711,LIMIT,IOC,23.60000076293945,23.60000076293945,FILLED,,866379.6280082703,1360.2160159729845,95.2151211181089,1455.4311370910932,3671.1,,2025-03-21,2025,2025-03,0.09999999999999999,42.37287998610416,1455.4311370910934,5126.531137091093,10-25,Q4,NORMAL_STRATEGY
A,2025-03-20 00:00:00,2025-03-21 00:00:00,OSP,BUY,17832,LIMIT,IOC,15.299999809265136,15.299999809265136,FILLED,,272829.59659881593,428.342466660141,29.98397266620987,458.3264393263509,1783.2,,2025-03-21,2025,2025-03,0.1,65.35947793897589,458.32643932635085,2241.526439326351,10-25,Q3,NORMAL_STRATEGY
A,2025-03-20 00:00:00,2025-03-21 00:00:00,SCGP,BUY,72328,LIMIT,IOC,15.700000381469728,15.700000381469728,FILLED,,1135549.6275909424,1782.8129153177797,124.79690407224456,1907.609819390024,7232.8,,2025-03-21,2025,2025-03,0.1,63.694265968316294,1907.6098193900243,9140.409819390024,10-25,Q4,NORMAL_STRATEGY
A,2025-03-25 00:00:00,2025-03-26 00:00:00,OSP,SELL,74219,LIMIT,IOC,14.4,14.4,FILLED,,1068753.6,1677.943152,117.45602064,1795.39917264,7421.9,,2025-03-26,2025,2025-03,0.09999999999999999,69.44444444444443,1795.39917264,9217.29917264,10-25,Q4,NORMAL_STRATEGY
A,2025-03-25 00:00:00,2025-03-26 00:00:00,SCGP,SELL,72328,LIMIT,IOC,13.9,13.9,FILLED,,1005359.2,1578.413944,110.48897608,1688.90292008,7232.8,,2025-03-26,2025,2025-03,0.1,71.94244604316548,1688.9029200799998,8921.70292008,10-25,Q4,NORMAL_STRATEGY
A,2025-03-25 00:00:00,2025-03-26 00:00:00,KTB,BUY,44373,LIMIT,IOC,24.200000381469728,24.200000381469728,FILLED,,1073826.616926956,1685.907788575321,118.01354520027247,1803.9213337755937,4437.3,,2025-03-26,2025,2025-03,0.1,41.322313398214405,1803.9213337755937,6241.221333775594,10-25,Q4,NORMAL_STRATEGY
A,2025-03-25 00:00:00,2025-03-26 00:00:00,PTTGC,BUY,58360,LIMIT,IOC,18.39999923706055,18.39999923706055,FILLED,,1073823.9554748535,1685.90361009552,118.0132527066864,1803.9168628022064,5836.0,,2025-03-26,2025,2025-03,0.1,54.34782834044035,1803.9168628022064,7639.916862802206,10-25,Q4,NORMAL_STRATEGY
A,2025-04-02 00:00:00,2025-04-03 00:00:00,KTB,BUY,20797,LIMIT,IOC,24.1,24.1,FILLED,,501207.7,786.896089,55.08272623,841.97881523,2079.7,,2025-04-03,2025,2025-04,0.09999999999999999,41.49377593360995,841.97881523,2921.6788152299996,10-25,Q3,NORMAL_STRATEGY
A,2025-04-11 00:00:00,2025-04-16 00:00:00,KTB,SELL,65170,LIMIT,IOC,20.69999923706055,20.69999923706055,FILLED,,1349018.9502792358,2117.9597519384,148.257182635688,2266.2169345740886,6517.0,,2025-04-16,2025,2025-04,0.1,48.30918052449178,2266.216934574088,8783.216934574088,10-25,Q4,NORMAL_STRATEGY
A,2025-04-11 00:00:00,2025-04-16 00:00:00,PTTGC,SELL,58360,LIMIT,IOC,16.69999923706055,16.69999923706055,FILLED,,974611.9554748536,1530.14077009552,107.1098539066864,1637.2506240022065,5836.0,,2025-04-16,2025,2025-04,0.1,59.880242256586776,1637.2506240022065,7473.250624002207,10-25,Q4,NORMAL_STRATEGY
A,2025-04-18 00:00:00,2025-04-21 00:00:00,COM7,BUY,36706,LIMIT,IOC,19.6,19.6,FILLED,,719437.6,1129.517032,79.06619224,1208.58322424,3670.6,,2025-04-21,2025,2025-04,0.09999999999999999,51.02040816326531,1208.58322424,4879.18322424,10-25,Q4,NORMAL_STRATEGY
A,2025-04-18 00:00:00,2025-04-21 00:00:00,MTC,BUY,16444,LIMIT,IOC,43.75,43.75,FILLED,,719425.0,1129.49725,79.0648075,1208.5620575,4111.0,,2025-04-21,2025,2025-04,0.25,57.142857142857146,1208.5620574999998,5319.562057499999,25-50,Q4,NORMAL_STRATEGY
A,2025-04-23 00:00:00,2025-04-24 00:00:00,BDMS,BUY,41363,LIMIT,IOC,23.30000076293945,23.30000076293945,FILLED,,963757.9315574645,1513.0999525452194,105.91699667816536,1619.0169492233847,4136.3,,2025-04-24,2025,2025-04,0.1,42.918453530292645,1619.0169492233847,5755.316949223385,10-25,Q4,NORMAL_STRATEGY
A,2025-04-23 00:00:00,2025-04-24 00:00:00,COM7,BUY,12216,LIMIT,IOC,19.700000381469728,19.700000381469728,FILLED,,240655.20466003416,377.8286713162537,26.44800699213776,404.27667830839135,1221.6,,2025-04-24,2025,2025-04,0.09999999999999999,50.76142033685557,404.27667830839147,1625.8766783083913,10-25,Q2,NORMAL_STRATEGY
A,2025-04-23 00:00:00,2025-04-24 00:00:00,MTC,BUY,5092,LIMIT,IOC,44.75,44.75,FILLED,,227867.0,357.75119,25.0425833,382.7937733,1273.0,,2025-04-24,2025,2025-04,0.25,55.865921787709496,382.7937733,1655.7937732999999,25-50,Q2,NORMAL_STRATEGY
A,2025-04-28 00:00:00,2025-04-29 00:00:00,COM7,SELL,28070,LIMIT,IOC,20.10000076293945,20.10000076293945,FILLED,,564207.0214157104,885.8050236226654,62.00635165358658,947.811375276252,2807.0,,2025-04-29,2025,2025-04,0.1,49.75124189267735,947.811375276252,3754.811375276252,10-25,Q3,NORMAL_STRATEGY
A,2025-04-28 00:00:00,2025-04-29 00:00:00,MTC,SELL,11970,LIMIT,IOC,43.75,43.75,FILLED,,523687.5,822.189375,57.55325625,879.74263125,2992.5,,2025-04-29,2025,2025-04,0.25,57.142857142857146,879.74263125,3872.24263125,25-50,Q3,NORMAL_STRATEGY
A,2025-04-28 00:00:00,2025-04-29 00:00:00,BDMS,SELL,23039,LIMIT,IOC,22.9,22.9,FILLED,,527593.1,828.321167,57.98248169,886.30364869,2303.9,,2025-04-29,2025,2025-04,0.1,43.668122270742366,886.3036486899999,3190.20364869,10-25,Q3,NORMAL_STRATEGY
A,2025-04-28 00:00:00,2025-04-29 00:00:00,BGRIM,BUY,37460,LIMIT,IOC,11.299999809265136,11.299999809265136,FILLED,,423297.992855072,664.5778487824631,46.520449414772415,711.0982981972355,3746.0,,2025-04-29,2025,2025-04,0.1,88.49557671497271,711.0982981972355,4457.098298197236,10-25,Q3,NORMAL_STRATEGY
A,2025-04-28 00:00:00,2025-04-29 00:00:00,OSP,BUY,26961,LIMIT,IOC,15.700000381469728,15.700000381469728,FILLED,,423287.7102848053,664.5617051471444,46.5193193603001,711.0810245074445,2696.1,,2025-04-29,2025,2025-04,0.09999999999999999,63.694265968316294,711.0810245074445,3407.1810245074444,10-25,Q3,NORMAL_STRATEGY
A,2025-04-28 00:00:00,2025-04-29 00:00:00,RATCH,BUY,15824,LIMIT,IOC,26.75,26.75,FILLED,,423292.0,664.56844,46.5197908,711.0882308,3956.0,,2025-04-29,2025,2025-04,0.25,93.45794392523364,711.0882308,4667.0882308,25-50,Q3,NORMAL_STRATEGY
A,2025-05-02 00:00:00,2025-05-06 00:00:00,MTC,SELL,2393,LIMIT,IOC,43.75,43.75,FILLED,,104693.75,164.3691875,11.505843125,175.875030625,598.25,,2025-05-06,2025,2025-05,0.25,57.142857142857146,175.87503062500002,774.125030625,25-50,Q2,NORMAL_STRATEGY
A,2025-05-02 00:00:00,2025-05-06 00:00:00,BDMS,SELL,5207,LIMIT,IOC,24.00000038146973,24.00000038146973,FILLED,,124968.00198631285,196.1997631185112,13.733983418295784,209.93374653680695,520.7,,2025-05-06,2025,2025-05,0.1,41.66666600439285,209.933746536807,730.633746536807,10-25,Q2,NORMAL_STRATEGY
A,2025-05-02 00:00:00,2025-05-06 00:00:00,BGRIM,SELL,9614,LIMIT,IOC,11.200000190734864,11.200000190734864,FILLED,,107676.80183372497,169.0525788789482,11.833680521526373,180.88625940047456,961.4,,2025-05-06,2025,2025-05,0.09999999999999999,89.28571276518765,180.88625940047456,1142.2862594004746,10-25,Q2,NORMAL_STRATEGY
A,2025-05-02 00:00:00,2025-05-06 00:00:00,OSP,SELL,7121,LIMIT,IOC,15.799999618530272,15.799999618530272,FILLED,,112511.79728355406,176.6435217351799,12.365046521462592,189.0085682566425,712.1,,2025-05-06,2025,2025-05,0.1,63.29114076858572,189.0085682566425,901.1085682566425,10-25,Q2,NORMAL_STRATEGY
A,2025-05-02 00:00:00,2025-05-06 00:00:00,RATCH,SELL,3957,LIMIT,IOC,26.25,26.25,FILLED,,103871.25,163.0778625,11.415450375,174.493312875,989.25,,2025-05-06,2025,2025-05,0.25,95.23809523809524,174.49331287500002,1163.743312875,25-50,Q2,NORMAL_STRATEGY
A,2025-05-02 00:00:00,2025-05-06 00:00:00,GLOBAL,BUY,48046,LIMIT,IOC,6.607141780853272,6.607141780853272,FILLED,,317446.7340028763,498.3913723845158,34.887396066916104,533.2787684514319,2402.3,,2025-05-06,2025,2025-05,0.05,75.67568800308506,533.2787684514319,2935.578768451432,5-10,Q3,NORMAL_STRATEGY
A,2025-05-02 00:00:00,2025-05-06 00:00:00,SCGP,BUY,21892,LIMIT,IOC,14.499999618530271,14.499999618530271,FILLED,,317433.9916488647,498.3713668887176,34.88599568221023,533.2573625709279,2189.2,,2025-05-06,2025,2025-05,0.09999999999999999,68.96551905574191,533.2573625709279,2722.4573625709277,10-25,Q3,NORMAL_STRATEGY
A,2025-05-08 00:00:00,2025-05-09 00:00:00,COM7,SELL,7305,LIMIT,IOC,21.29999961853028,21.29999961853028,FILLED,,155596.49721336368,244.28650062498096,17.100055043748668,261.3865556687296,730.5,,2025-05-09,2025,2025-05,0.1,46.94835764832756,261.3865556687296,991.8865556687297,10-25,Q2,NORMAL_STRATEGY
A,2025-05-08 00:00:00,2025-05-09 00:00:00,MTC,SELL,591,LIMIT,IOC,43.75,43.75,FILLED,,25856.25,40.5943125,2.841601875,43.435914375,147.75,,2025-05-09,2025,2025-05,0.25,57.142857142857146,43.435914375,191.185914375,25-50,Q1,NORMAL_STRATEGY
A,2025-05-08 00:00:00,2025-05-09 00:00:00,BDMS,SELL,1180,LIMIT,IOC,24.19999923706055,24.19999923706055,FILLED,,28555.999099731445,44.832918586578366,3.1383043010604856,47.97122288763886,118.0,,2025-05-09,2025,2025-05,0.1,41.3223153523316,47.97122288763885,165.97122288763885,10-25,Q1,NORMAL_STRATEGY
A,2025-05-08 00:00:00,2025-05-09 00:00:00,BGRIM,SELL,3972,LIMIT,IOC,12.000000381469729,12.000000381469729,FILLED,,47664.00151519776,74.83248237886048,5.2382737665202335,80.0707561453807,397.2,,2025-05-09,2025,2025-05,0.09999999999999999,83.33333068423808,80.07075614538071,477.2707561453807,10-25,Q1,NORMAL_STRATEGY
A,2025-05-08 00:00:00,2025-05-09 00:00:00,OSP,SELL,1049,LIMIT,IOC,15.299999618530272,15.299999618530272,FILLED,,16049.699599838255,25.19802837174606,1.7638619860222242,26.961890357768283,104.9,,2025-05-09,2025,2025-05,0.1,65.3594787537688,26.961890357768283,131.8618903577683,10-25,Q1,NORMAL_STRATEGY
A,2025-05-08 00:00:00,2025-05-09 00:00:00,RATCH,SELL,1371,LIMIT,IOC,27.25,27.25,FILLED,,37359.75,58.6548075,4.105836525,62.760644025,342.75,,2025-05-09,2025,2025-05,0.25,91.74311926605505,62.760644025,405.510644025,25-50,Q1,NORMAL_STRATEGY
A,2025-05-08 00:00:00,2025-05-09 00:00:00,GLOBAL,SELL,48046,LIMIT,IOC,5.783928108215332,5.783928108215332,FILLED,,277894.60988731385,436.29453752308274,30.54061762661579,466.8351551496985,2402.3,,2025-05-09,2025,2025-05,0.05,86.44644100776665,466.83515514969855,2869.1351551496987,5-10,Q3,NORMAL_STRATEGY
A,2025-05-08 00:00:00,2025-05-09 00:00:00,SCGP,SELL,2979,LIMIT,IOC,15.200000190734864,15.200000190734864,FILLED,,45280.80056819916,71.09085689207268,4.9763599824450875,76.06721687451775,297.9,,2025-05-09,2025,2025-05,0.09999999999999999,65.78947285866143,76.06721687451777,373.96721687451776,10-25,Q1,NORMAL_STRATEGY
A,2025-05-08 00:00:00,2025-05-09 00:00:00,GULF,BUY,5854,LIMIT,IOC,49.75,49.75,FILLED,,291236.5,457.241305,32.00689135,489.24819635,1463.5,,2025-05-09,2025,2025-05,0.25,50.25125628140704,489.24819635,1952.74819635,25-50,Q3,NORMAL_STRATEGY
A,2025-05-08 00:00:00,2025-05-09 00:00:00,PTTGC,BUY,16003,LIMIT,IOC,18.200000381469728,18.200000381469728,FILLED,,291254.60610466,457.2697315843162,32.00888121090214,489.2786127952184,1600.3,,2025-05-09,2025,2025-05,0.09999999999999999,54.945053793413486,489.27861279521835,2089.5786127952183,10-25,Q3,NORMAL_STRATEGY
A,2025-05-08 00:00:00,2025-05-09 00:00:00,TOP,BUY,10787,LIMIT,IOC,27.0,27.0,FILLED,,291249.0,457.26093,32.0082651,489.2691951,2696.75,,2025-05-09,2025,2025-05,0.25,92.59259259259258,489.2691951,3186.0191951,25-50,Q3,NORMAL_STRATEGY
A,2025-05-14 00:00:00,2025-05-15 00:00:00,MTC,SELL,6582,LIMIT,IOC,43.0,43.0,FILLED,,283026.0,444.35082,31.1045574,475.4553774,1645.5,,2025-05-15,2025,2025-05,0.25,58.13953488372093,475.4553774,2120.9553774,25-50,Q3,NORMAL_STRATEGY
A,2025-05-14 00:00:00,2025-05-15 00:00:00,BDMS,SELL,110,LIMIT,IOC,24.00000038146973,24.00000038146973,FILLED,,2640.0000419616695,4.144800065879822,0.2901360046115875,4.434936070491409,11.0,,2025-05-15,2025,2025-05,0.1,41.66666600439285,4.434936070491409,15.434936070491409,10-25,Q1,NORMAL_STRATEGY
A,2025-05-14 00:00:00,2025-05-15 00:00:00,BGRIM,SELL,22,LIMIT,IOC,11.799999618530272,11.799999618530272,FILLED,,259.599991607666,0.4075719868240355,0.0285300390776824,0.436102025901718,2.2,,2025-05-15,2025,2025-05,0.1,84.74576545152068,0.4361020259017179,2.6361020259017183,10-25,Q1,NORMAL_STRATEGY
A,2025-05-14 00:00:00,2025-05-15 00:00:00,OSP,SELL,18791,LIMIT,IOC,15.299999618530272,15.299999618530272,FILLED,,287502.29283180233,451.3785997459297,31.59650198221508,482.9751017281448,1879.1,,2025-05-15,2025,2025-05,0.09999999999999999,65.3594787537688,482.9751017281448,2362.0751017281445,10-25,Q3,NORMAL_STRATEGY
A,2025-05-14 00:00:00,2025-05-15 00:00:00,SCGP,SELL,1774,LIMIT,IOC,16.50000038146973,16.50000038146973,FILLED,,29271.000676727293,45.955471062461854,3.2168829743723295,49.17235403683418,177.4,,2025-05-15,2025,2025-05,0.1,60.60605920488626,49.172354036834186,226.57235403683418,10-25,Q1,NORMAL_STRATEGY
A,2025-05-14 00:00:00,2025-05-15 00:00:00,GULF,SELL,43,LIMIT,IOC,48.75,48.75,FILLED,,2096.25,3.2911125,0.230377875,3.521490375,10.75,,2025-05-15,2025,2025-05,0.25,51.282051282051285,3.521490375,14.271490374999999,25-50,Q1,NORMAL_STRATEGY
A,2025-05-14 00:00:00,2025-05-15 00:00:00,PTTGC,SELL,1173,LIMIT,IOC,19.10000076293945,19.10000076293945,FILLED,,22404.300894927976,35.17475240503693,2.4622326683525846,37.63698507338951,117.3,,2025-05-15,2025,2025-05,0.09999999999999999,52.356018851074744,37.63698507338951,154.9369850733895,10-25,Q1,NORMAL_STRATEGY
A,2025-05-14 00:00:00,2025-05-15 00:00:00,TOP,SELL,379,LIMIT,IOC,27.0,27.0,FILLED,,10233.0,16.06581,1.1246067,17.1904167,94.75,,2025-05-15,2025,2025-05,0.25,92.59259259259258,17.1904167,111.9404167,25-50,Q1,NORMAL_STRATEGY
A,2025-05-14 00:00:00,2025-05-15 00:00:00,COM7,BUY,83,LIMIT,IOC,20.99999961853028,20.99999961853028,FILLED,,1742.9999683380129,2.7365099502906802,0.1915556965203476,2.928065646811028,8.3,,2025-05-15,2025,2025-05,0.1,47.619048484058354,2.928065646811028,11.228065646811029,10-25,Q1,NORMAL_STRATEGY
A,2025-05-14 00:00:00,2025-05-15 00:00:00,KTB,BUY,12778,LIMIT,IOC,22.39999923706055,22.39999923706055,FILLED,,286227.19025115966,449.3766886943207,31.45636820860245,480.83305690292315,1277.8,,2025-05-15,2025,2025-05,0.09999999999999999,44.64285866338385,480.83305690292315,1758.633056902923,10-25,Q3,NORMAL_STRATEGY
A,2025-05-14 00:00:00,2025-05-15 00:00:00,RATCH,BUY,7,LIMIT,IOC,27.25,27.25,FILLED,,190.75,0.2994775,0.020963425,0.320440925,1.75,,2025-05-15,2025,2025-05,0.25,91.74311926605505,0.320440925,2.0704409249999998,25-50,Q1,NORMAL_STRATEGY
A,2025-05-19 00:00:00,2025-05-20 00:00:00,BDMS,SELL,11827,LIMIT,IOC,23.00000038146973,23.00000038146973,FILLED,,272021.0045116425,427.07297708327866,29.895108395829503,456.96808547910814,1182.7,,2025-05-20,2025,2025-05,0.1,43.478260148450424,456.96808547910814,1639.6680854791082,10-25,Q3,NORMAL_STRATEGY
A,2025-05-19 00:00:00,2025-05-20 00:00:00,RATCH,SELL,10503,LIMIT,IOC,25.75,25.75,FILLED,,270452.25,424.6100325,29.722702275,454.332734775,2625.75,,2025-05-20,2025,2025-05,0.25,97.08737864077669,454.332734775,3080.082734775,25-50,Q3,NORMAL_STRATEGY
A,2025-05-19 00:00:00,2025-05-20 00:00:00,COM7,BUY,3196,LIMIT,IOC,21.1,21.1,FILLED,,67435.6,105.873892,7.41117244,113.28506444,319.6,,2025-05-20,2025,2025-05,0.1,47.39336492890995,113.28506444,432.88506444,10-25,Q2,NORMAL_STRATEGY
A,2025-05-19 00:00:00,2025-05-20 00:00:00,GULF,BUY,1471,LIMIT,IOC,48.75,48.75,FILLED,,71711.25,112.5866625,7.881066375,120.467728875,367.75,,2025-05-20,2025,2025-05,0.25,51.282051282051285,120.467728875,488.21772887500003,25-50,Q2,NORMAL_STRATEGY
A,2025-05-19 00:00:00,2025-05-20 00:00:00,IVL,BUY,17663,LIMIT,IOC,20.1,20.1,FILLED,,355026.3,557.391291,39.01739037,596.40868137,1766.3,,2025-05-20,2025,2025-05,0.09999999999999999,49.75124378109452,596.4086813700001,2362.70868137,10-25,Q3,NORMAL_STRATEGY
A,2025-05-19 00:00:00,2025-05-20 00:00:00,KTB,BUY,3287,LIMIT,IOC,22.1,22.1,FILLED,,72642.7,114.049039,7.98343273,122.03247173,328.7,,2025-05-20,2025,2025-05,0.09999999999999999,45.248868778280546,122.03247173,450.73247173,10-25,Q2,NORMAL_STRATEGY
A,2025-05-22 00:00:00,2025-05-23 00:00:00,GULF,SELL,7282,LIMIT,IOC,47.25,47.25,FILLED,,344074.5,540.196965,37.81378755,578.01075255,1820.5,,2025-05-23,2025,2025-05,0.25,52.910052910052904,578.01075255,2398.51075255,25-50,Q3,NORMAL_STRATEGY
A,2025-05-22 00:00:00,2025-05-23 00:00:00,KTB,BUY,5147,LIMIT,IOC,22.6,22.6,FILLED,,116322.2,182.625854,12.78380978,195.40966378,514.7,,2025-05-23,2025,2025-05,0.1,44.247787610619476,195.40966378000002,710.1096637800001,10-25,Q2,NORMAL_STRATEGY
A,2025-05-22 00:00:00,2025-05-23 00:00:00,SCGP,BUY,11228,LIMIT,IOC,16.89999923706055,16.89999923706055,FILLED,,189753.19143371584,297.91251055093386,20.853875738565367,318.7663862894992,1122.8,,2025-05-23,2025,2025-05,0.09999999999999999,59.171600304399306,318.7663862894992,1441.5663862894992,10-25,Q2,NORMAL_STRATEGY
A,2025-05-22 00:00:00,2025-05-23 00:00:00,TOP,BUY,6123,LIMIT,IOC,29.0,29.0,FILLED,,177567.0,278.78019,19.5146133,298.2948033,1530.75,,2025-05-23,2025,2025-05,0.25,86.20689655172414,298.2948033,1829.0448033,25-50,Q2,NORMAL_STRATEGY
A,2025-05-27 00:00:00,2025-05-28 00:00:00,COM7,SELL,16826,LIMIT,IOC,20.10000076293945,20.10000076293945,FILLED,,338202.61283721926,530.9781021544343,37.1684671508104,568.1465693052446,1682.6,,2025-05-28,2025,2025-05,0.09999999999999999,49.75124189267734,568.1465693052447,2250.7465693052445,10-25,Q3,NORMAL_STRATEGY
A,2025-05-27 00:00:00,2025-05-28 00:00:00,TOP,SELL,255,LIMIT,IOC,29.25,29.25,FILLED,,7458.75,11.7102375,0.819716625,12.529954125,63.75,,2025-05-28,2025,2025-05,0.25,85.47008547008548,12.529954125,76.279954125,25-50,Q1,NORMAL_STRATEGY
A,2025-05-27 00:00:00,2025-05-28 00:00:00,IVL,BUY,5505,LIMIT,IOC,20.89999923706055,20.89999923706055,FILLED,,115054.49580001833,180.63555840602876,12.644489088422011,193.2800474944508,550.5,,2025-05-28,2025,2025-05,0.1,47.84689169876944,193.28004749445077,743.7800474944507,10-25,Q2,NORMAL_STRATEGY
A,2025-05-27 00:00:00,2025-05-28 00:00:00,KTB,BUY,214,LIMIT,IOC,22.6,22.6,FILLED,,4836.4,7.593148,0.53152036,8.12466836,21.4,,2025-05-28,2025,2025-05,0.09999999999999999,44.24778761061947,8.124668360000001,29.52466836,10-25,Q1,NORMAL_STRATEGY
A,2025-05-27 00:00:00,2025-05-28 00:00:00,PTTGC,BUY,8790,LIMIT,IOC,20.49999961853028,20.49999961853028,FILLED,,180194.99664688116,282.90614473560333,19.80343013149224,302.7095748670956,879.0,,2025-05-28,2025,2025-05,0.1,48.780488712598995,302.70957486709557,1181.7095748670956,10-25,Q2,NORMAL_STRATEGY
A,2025-05-27 00:00:00,2025-05-28 00:00:00,SCGP,BUY,456,LIMIT,IOC,16.80000076293945,16.80000076293945,FILLED,,7660.80034790039,12.027456546203611,0.8419219582342529,12.869378504437867,45.6,,2025-05-28,2025,2025-05,0.1,59.52380682065117,12.869378504437863,58.46937850443786,10-25,Q1,NORMAL_STRATEGY
A,2025-05-30 00:00:00,2025-06-04 00:00:00,BGRIM,SELL,23852,LIMIT,IOC,9.649999809265136,9.649999809265136,FILLED,,230171.79545059204,361.3697188574295,25.295880320020064,386.6655991774496,1192.6,,2025-06-04,2025,2025-06,0.049999999999999996,51.813472526697986,386.66559917744956,1579.2655991774495,5-10,Q2,NORMAL_STRATEGY
A,2025-05-30 00:00:00,2025-06-04 00:00:00,KTB,SELL,21426,LIMIT,IOC,21.79999961853028,21.79999961853028,FILLED,,467086.79182662966,733.3262631678086,51.33283842174661,784.6591015895552,2142.6,,2025-06-04,2025,2025-06,0.09999999999999999,45.87156043571613,784.6591015895552,2927.259101589555,10-25,Q3,NORMAL_STRATEGY
A,2025-05-30 00:00:00,2025-06-04 00:00:00,IVL,BUY,4542,LIMIT,IOC,20.39999923706055,20.39999923706055,FILLED,,92656.79653472899,145.47117055952452,10.182981939166716,155.65415249869125,454.2,,2025-06-04,2025,2025-06,0.09999999999999999,49.01960967642129,155.65415249869125,609.8541524986913,10-25,Q2,NORMAL_STRATEGY
A,2025-05-30 00:00:00,2025-06-04 00:00:00,OSP,BUY,35110,LIMIT,IOC,16.1,16.1,FILLED,,565271.0,887.47547,62.1232829,949.5987529,3511.0,,2025-06-04,2025,2025-06,0.1,62.11180124223602,949.5987529,4460.5987529,10-25,Q3,NORMAL_STRATEGY
A,2025-05-30 00:00:00,2025-06-04 00:00:00,PTTGC,BUY,4226,LIMIT,IOC,20.30000076293945,20.30000076293945,FILLED,,85787.8032241821,134.68685106196594,9.428079574337618,144.11493063630357,422.6,,2025-06-04,2025,2025-06,0.1,49.26108189245209,144.11493063630357,566.7149306363036,10-25,Q2,NORMAL_STRATEGY
A,2025-05-30 00:00:00,2025-06-04 00:00:00,SCGP,BUY,5436,LIMIT,IOC,16.49999961853027,16.49999961853027,FILLED,,89693.99792633056,140.81957674433897,9.85737037210373,150.67694711644273,543.6,,2025-06-04,2025,2025-06,0.1,60.60606200723503,150.6769471164427,694.2769471164427,10-25,Q2,NORMAL_STRATEGY
A,2025-05-30 00:00:00,2025-06-04 00:00:00,TOP,BUY,2566,LIMIT,IOC,30.0,30.0,FILLED,,76980.0,120.8586,8.460102,129.318702,641.5,,2025-06-04,2025,2025-06,0.25,83.33333333333333,129.318702,770.818702,25-50,Q2,NORMAL_STRATEGY
A,2025-06-06 00:00:00,2025-06-09 00:00:00,SCGP,SELL,34259,LIMIT,IOC,16.19999923706055,16.19999923706055,FILLED,,554995.7738624573,871.343364964058,60.99403554748405,932.3374005115421,3425.9,,2025-06-09,2025,2025-06,0.1,61.72839796882903,932.337400511542,4358.237400511542,10-25,Q3,NORMAL_STRATEGY
A,2025-06-06 00:00:00,2025-06-09 00:00:00,TOP,SELL,18842,LIMIT,IOC,28.0,28.0,FILLED,,527576.0,828.29432,57.9806024,886.2749224,4710.5,,2025-06-09,2025,2025-06,0.25,89.28571428571428,886.2749223999999,5596.7749224,25-50,Q3,NORMAL_STRATEGY
A,2025-06-06 00:00:00,2025-06-09 00:00:00,KTB,BUY,30427,LIMIT,IOC,22.49999961853028,22.49999961853028,FILLED,,684607.4883930207,1074.8337567770425,75.238362974393,1150.0721197514356,3042.7,,2025-06-09,2025,2025-06,0.09999999999999999,44.444445197964896,1150.0721197514354,4192.772119751435,10-25,Q3,NORMAL_STRATEGY
A,2025-06-11 00:00:00,2025-06-12 00:00:00,KTB,SELL,30427,LIMIT,IOC,22.19999923706055,22.19999923706055,FILLED,,675479.3767860413,1060.5026215540847,74.23518350878594,1134.7378050628708,3042.7,,2025-06-12,2025,2025-06,0.09999999999999999,45.04504659309203,1134.7378050628706,4177.43780506287,10-25,Q3,NORMAL_STRATEGY
A,2025-06-11 00:00:00,2025-06-12 00:00:00,IVL,BUY,5949,LIMIT,IOC,20.6,20.6,FILLED,,122549.4,192.402558,13.46817906,205.87073706,594.9,,2025-06-12,2025,2025-06,0.09999999999999999,48.54368932038835,205.87073706,800.77073706,10-25,Q2,NORMAL_STRATEGY
A,2025-06-11 00:00:00,2025-06-12 00:00:00,OSP,BUY,7957,LIMIT,IOC,16.1,16.1,FILLED,,128107.7,201.129089,14.07903623,215.20812523,795.7,,2025-06-12,2025,2025-06,0.1,62.11180124223603,215.20812523,1010.90812523,10-25,Q2,NORMAL_STRATEGY
A,2025-06-11 00:00:00,2025-06-12 00:00:00,PTTGC,BUY,6143,LIMIT,IOC,20.39999923706055,20.39999923706055,FILLED,,125317.19531326294,196.7479966418228,13.772359764927597,210.5203564067504,614.3,,2025-06-12,2025,2025-06,0.09999999999999999,49.01960967642128,210.52035640675038,824.8203564067503,10-25,Q2,NORMAL_STRATEGY
A,2025-06-11 00:00:00,2025-06-12 00:00:00,SCGP,BUY,40313,LIMIT,IOC,17.200000381469728,17.200000381469728,FILLED,,693383.6153781891,1088.6122761437568,76.20285933006298,1164.8151354738197,4031.3,,2025-06-12,2025,2025-06,0.1,58.13953359427488,1164.8151354738197,5196.1151354738195,10-25,Q4,NORMAL_STRATEGY
A,2025-06-16 00:00:00,2025-06-17 00:00:00,IVL,SELL,33659,LIMIT,IOC,20.10000076293945,20.10000076293945,FILLED,,676545.925679779,1062.177103317253,74.35239723220771,1136.5295005494609,3365.9,,2025-06-17,2025,2025-06,0.1,49.75124189267735,1136.5295005494609,4502.4295005494605,10-25,Q3,NORMAL_STRATEGY
A,2025-06-19 00:00:00,2025-06-20 00:00:00,OSP,SELL,43067,LIMIT,IOC,14.200000190734864,14.200000190734864,FILLED,,611551.4082143784,960.1357108965741,67.20949976276017,1027.345210659334,4306.7,,2025-06-20,2025,2025-06,0.09999999999999999,70.42253426534982,1027.3452106593343,5334.045210659334,10-25,Q3,NORMAL_STRATEGY
A,2025-06-19 00:00:00,2025-06-20 00:00:00,SCGP,SELL,40313,LIMIT,IOC,16.00000038146973,16.00000038146973,FILLED,,645008.0153781892,1012.6625841437568,70.88638089006298,1083.5489650338197,4031.3,,2025-06-20,2025,2025-06,0.1,62.49999850988391,1083.5489650338197,5114.84896503382,10-25,Q3,NORMAL_STRATEGY
A,2025-06-24 00:00:00,2025-06-25 00:00:00,PTTGC,SELL,33989,LIMIT,IOC,19.60000076293945,19.60000076293945,FILLED,,666184.425931549,1045.909548712532,73.21366840987724,1119.1232171224092,3398.9,,2025-06-25,2025,2025-06,0.1,51.02040617727139,1119.1232171224092,4518.023217122409,10-25,Q3,NORMAL_STRATEGY
A,2025-06-24 00:00:00,2025-06-25 00:00:00,BGRIM,BUY,126306,LIMIT,IOC,10.400000190734865,10.400000190734865,FILLED,,1313582.4240909575,2062.324405822804,144.36270840759624,2206.6871142304,12630.6,,2025-06-25,2025,2025-06,0.1,96.15384439039518,2206.6871142304,14837.2871142304,10-25,Q4,NORMAL_STRATEGY
A,2025-06-27 00:00:00,2025-06-30 00:00:00,BGRIM,BUY,119946,LIMIT,IOC,10.6,10.6,FILLED,,1271427.6,1996.141332,139.72989324,2135.87122524,11994.6,,2025-06-30,2025,2025-06,0.1,94.33962264150944,2135.87122524,14130.47122524,10-25,Q4,NORMAL_STRATEGY
A,2025-06-30 00:00:00,2025-06-30 00:00:00,BGRIM,SELL,246252,LIMIT,IOC,10.4,10.4,FILLED,UNIVERSE_BOUNDARY_EXIT,2561020.8,4020.802656,281.45618592,4302.25884192,24625.2,2025-06-30 00:00:00,2025-06-30,2025,2025-06,0.1,96.15384615384616,4302.25884192,28927.45884192,10-25,Q4,BOUNDARY_EXIT
A,2025-07-02 00:00:00,2025-07-03 00:00:00,IVL,BUY,41544,LIMIT,IOC,20.700000381469728,20.700000381469728,FILLED,,859960.8158477782,1350.138480881012,94.50969366167087,1444.648174542683,4154.4,,2025-07-03,2025,2025-07,0.09999999999999999,48.30917785369619,1444.6481745426827,5599.048174542682,10-25,Q4,NORMAL_STRATEGY
A,2025-07-02 00:00:00,2025-07-03 00:00:00,PTTGC,BUY,41344,LIMIT,IOC,20.80000076293945,20.80000076293945,FILLED,,859955.2315429687,1350.1297135224609,94.50907994657226,1444.638793469033,4134.4,,2025-07-03,2025,2025-07,0.09999999999999999,48.07692131347211,1444.638793469033,5579.0387934690325,10-25,Q4,NORMAL_STRATEGY
A,2025-07-02 00:00:00,2025-07-03 00:00:00,SCGP,BUY,47511,LIMIT,IOC,18.1,18.1,FILLED,,859949.1,1350.120087,94.50840609,1444.62849309,4751.1,,2025-07-03,2025,2025-07,0.1,55.24861878453039,1444.6284930900001,6195.7284930900005,10-25,Q4,NORMAL_STRATEGY
A,2025-07-07 00:00:00,2025-07-08 00:00:00,IVL,SELL,17113,LIMIT,IOC,19.9,19.9,FILLED,,340548.7,534.661459,37.42630213,572.08776113,1711.3,,2025-07-08,2025,2025-07,0.09999999999999999,50.25125628140704,572.08776113,2283.38776113,10-25,Q3,NORMAL_STRATEGY
A,2025-07-07 00:00:00,2025-07-08 00:00:00,PTTGC,SELL,17735,LIMIT,IOC,20.60000076293945,20.60000076293945,FILLED,,365341.0135307312,573.585391243248,40.15097738702736,613.7363686302754,1773.5,,2025-07-08,2025,2025-07,0.1,48.5436875225294,613.7363686302754,2387.236368630275,10-25,Q3,NORMAL_STRATEGY
A,2025-07-07 00:00:00,2025-07-08 00:00:00,SCGP,SELL,18281,LIMIT,IOC,16.60000076293945,16.60000076293945,FILLED,,303464.6139472961,476.4394438972549,33.35076107280784,509.7902049700628,1828.1,,2025-07-08,2025,2025-07,0.09999999999999999,60.240961086734586,509.79020497006275,2337.8902049700628,10-25,Q3,NORMAL_STRATEGY
A,2025-07-07 00:00:00,2025-07-08 00:00:00,COM7,BUY,24310,LIMIT,IOC,20.200000381469728,20.200000381469728,FILLED,,491062.00927352905,770.9673545594407,53.96771481916085,824.9350693786014,2431.0,,2025-07-08,2025,2025-07,0.1,49.50494956016635,824.9350693786015,3255.9350693786014,10-25,Q3,NORMAL_STRATEGY
A,2025-07-07 00:00:00,2025-07-08 00:00:00,TOP,BUY,17383,LIMIT,IOC,28.25,28.25,FILLED,,491069.75,770.9795075,53.968565525,824.948073025,4345.75,,2025-07-08,2025,2025-07,0.25,88.49557522123894,824.948073025,5170.698073025,25-50,Q3,NORMAL_STRATEGY
A,2025-07-11 00:00:00,2025-07-14 00:00:00,SCGP,SELL,29230,LIMIT,IOC,16.299999618530272,16.299999618530272,FILLED,,476448.9888496399,748.0249124939346,52.361743874575424,800.3866563685101,2923.0,,2025-07-14,2025,2025-07,0.1,61.34969468730376,800.38665636851,3723.38665636851,10-25,Q3,NORMAL_STRATEGY
A,2025-07-11 00:00:00,2025-07-14 00:00:00,COM7,BUY,18519,LIMIT,IOC,19.80000076293945,19.80000076293945,FILLED,,366676.2141288757,575.6816561823349,40.29771593276344,615.9793721150983,1851.9,,2025-07-14,2025,2025-07,0.1,50.50504855897505,615.9793721150984,2467.8793721150987,10-25,Q3,NORMAL_STRATEGY
A,2025-07-16 00:00:00,2025-07-17 00:00:00,COM7,SELL,29038,LIMIT,IOC,20.9,20.9,FILLED,,606894.2,952.823894,66.69767258,1019.52156658,2903.8,,2025-07-17,2025,2025-07,0.1,47.84688995215312,1019.52156658,3923.3215665800003,10-25,Q3,NORMAL_STRATEGY
A,2025-07-16 00:00:00,2025-07-17 00:00:00,HMPRO,BUY,40417,LIMIT,IOC,7.200000095367432,7.200000095367432,FILLED,,291002.40385446546,456.8737740515108,31.98116418360576,488.85493823511655,2020.85,,2025-07-17,2025,2025-07,0.049999999999999996,69.4444435246197,488.85493823511655,2509.7049382351165,5-10,Q3,NORMAL_STRATEGY
A,2025-07-16 00:00:00,2025-07-17 00:00:00,LH,BUY,76179,LIMIT,IOC,3.819999952316284,3.819999952316284,FILLED,,291003.77636750217,456.8759288969785,31.98131502278849,488.85724391976686,1523.58,,2025-07-17,2025,2025-07,0.02,52.356021595950175,488.857243919767,2012.4372439197668,<5,Q3,NORMAL_STRATEGY
A,2025-07-21 00:00:00,2025-07-22 00:00:00,IVL,SELL,14544,LIMIT,IOC,21.60000076293945,21.60000076293945,FILLED,,314150.4110961914,493.2161454210205,34.52513017947144,527.741275600492,1454.4,,2025-07-22,2025,2025-07,0.1,46.29629466105233,527.7412756004919,1982.141275600492,10-25,Q3,NORMAL_STRATEGY
A,2025-07-21 00:00:00,2025-07-22 00:00:00,PTTGC,SELL,13856,LIMIT,IOC,21.9,21.9,FILLED,,303446.4,476.410848,33.34875936,509.75960736,1385.6,,2025-07-22,2025,2025-07,0.09999999999999999,45.662100456621005,509.75960736,1895.35960736,10-25,Q3,NORMAL_STRATEGY
A,2025-07-21 00:00:00,2025-07-22 00:00:00,COM7,SELL,3719,LIMIT,IOC,21.19999923706055,21.19999923706055,FILLED,,78842.79716262818,123.78319154532625,8.664823408172834,132.44801495349907,371.9,,2025-07-22,2025,2025-07,0.09999999999999999,47.16981301828826,132.44801495349907,504.34801495349905,10-25,Q2,NORMAL_STRATEGY
A,2025-07-21 00:00:00,2025-07-22 00:00:00,TOP,SELL,10648,LIMIT,IOC,31.5,31.5,FILLED,,335412.0,526.59684,36.8617788,563.4586188,2662.0,,2025-07-22,2025,2025-07,0.25,79.36507936507937,563.4586188000001,3225.4586188000003,25-50,Q3,NORMAL_STRATEGY
A,2025-07-21 00:00:00,2025-07-22 00:00:00,HMPRO,SELL,11678,LIMIT,IOC,7.399999809265137,7.399999809265137,FILLED,,86417.19777259827,135.6750005029793,9.497250035208546,145.17225053818785,583.9,,2025-07-22,2025,2025-07,0.049999999999999996,67.56756930912042,145.17225053818782,729.0722505381877,5-10,Q2,NORMAL_STRATEGY
A,2025-07-21 00:00:00,2025-07-22 00:00:00,GULF,BUY,4843,LIMIT,IOC,44.5,44.5,FILLED,,215513.5,338.356195,23.68493365,362.04112865,1210.75,,2025-07-22,2025,2025-07,0.25,56.17977528089887,362.04112865,1572.79112865,25-50,Q2,NORMAL_STRATEGY
A,2025-07-21 00:00:00,2025-07-22 00:00:00,OSP,BUY,13063,LIMIT,IOC,16.49999961853027,16.49999961853027,FILLED,,215539.49501686092,338.3970071764717,23.687790502353018,362.0847976788247,1306.3,,2025-07-22,2025,2025-07,0.09999999999999999,60.60606200723503,362.0847976788247,1668.3847976788247,10-25,Q2,NORMAL_STRATEGY
A,2025-07-21 00:00:00,2025-07-22 00:00:00,RATCH,BUY,8452,LIMIT,IOC,25.5,25.5,FILLED,,215526.0,338.37582,23.6863074,362.0621274,2113.0,,2025-07-22,2025,2025-07,0.25,98.0392156862745,362.06212739999995,2475.0621274,25-50,Q2,NORMAL_STRATEGY
A,2025-07-21 00:00:00,2025-07-22 00:00:00,SCGP,BUY,12177,LIMIT,IOC,17.700000381469728,17.700000381469728,FILLED,,215532.90464515687,338.3866602928963,23.687066220502736,362.07372651339904,1217.7,,2025-07-22,2025,2025-07,0.1,56.49717392361799,362.07372651339904,1579.7737265133992,10-25,Q2,NORMAL_STRATEGY
A,2025-07-24 00:00:00,2025-07-25 00:00:00,TOP,SELL,87,LIMIT,IOC,32.5,32.5,FILLED,,2827.5,4.439175,0.31074225,4.74991725,21.75,,2025-07-25,2025,2025-07,0.25,76.92307692307693,4.749917249999999,26.49991725,25-50,Q1,NORMAL_STRATEGY
A,2025-07-24 00:00:00,2025-07-25 00:00:00,LH,SELL,19047,LIMIT,IOC,3.799999933242798,3.799999933242798,FILLED,,72378.59872847557,113.63440000370665,7.954408000259465,121.58880800396612,380.94,,2025-07-25,2025,2025-07,0.02,52.63157987198343,121.58880800396611,502.5288080039661,<5,Q2,NORMAL_STRATEGY
A,2025-07-24 00:00:00,2025-07-25 00:00:00,BDMS,BUY,10447,LIMIT,IOC,20.99999961853028,20.99999961853028,FILLED,,219386.9960147858,344.4375837432137,24.11063086202496,368.5482146052386,1044.7,,2025-07-25,2025,2025-07,0.1,47.61904848405834,368.5482146052386,1413.2482146052387,10-25,Q2,NORMAL_STRATEGY
A,2025-07-24 00:00:00,2025-07-25 00:00:00,COM7,BUY,424,LIMIT,IOC,20.89999923706055,20.89999923706055,FILLED,,8861.599676513672,13.912711492126464,0.9738898044488524,14.886601296575316,42.4,,2025-07-25,2025,2025-07,0.09999999999999999,47.84689169876944,14.886601296575316,57.28660129657531,10-25,Q1,NORMAL_STRATEGY
A,2025-07-24 00:00:00,2025-07-25 00:00:00,HMPRO,BUY,1521,LIMIT,IOC,7.249999809265137,7.249999809265137,FILLED,,11027.249709892272,17.312782044530866,1.2118947431171607,18.524676787648033,76.05,,2025-07-25,2025,2025-07,0.049999999999999996,68.96551905574191,18.524676787648026,94.57467678764803,5-10,Q1,NORMAL_STRATEGY
A,2025-07-24 00:00:00,2025-07-25 00:00:00,IVL,BUY,461,LIMIT,IOC,21.200000381469728,21.200000381469728,FILLED,,9773.200175857544,15.343924276096343,1.074074699326744,16.41799897542309,46.1,,2025-07-25,2025,2025-07,0.1,47.16981047198798,16.41799897542309,62.51799897542309,10-25,Q1,NORMAL_STRATEGY
A,2025-07-24 00:00:00,2025-07-25 00:00:00,MTC,BUY,5773,LIMIT,IOC,38.0,38.0,FILLED,,219374.0,344.41718,24.1092026,368.5263826,1443.25,,2025-07-25,2025,2025-07,0.25,65.78947368421052,368.5263826,1811.7763826,25-50,Q2,NORMAL_STRATEGY
A,2025-07-24 00:00:00,2025-07-25 00:00:00,PTTGC,BUY,644,LIMIT,IOC,21.1,21.1,FILLED,,13588.4,21.333788,1.49336516,22.82715316,64.4,,2025-07-25,2025,2025-07,0.1,47.39336492890995,22.827153159999998,87.22715316,10-25,Q1,NORMAL_STRATEGY
A,2025-07-30 00:00:00,2025-07-31 00:00:00,IVL,SELL,1176,LIMIT,IOC,22.69999923706055,22.69999923706055,FILLED,,26695.199102783205,41.91146259136963,2.933802381395874,44.845264972765506,117.6,,2025-07-31,2025,2025-07,0.09999999999999999,44.05286491672548,44.8452649727655,162.4452649727655,10-25,Q1,NORMAL_STRATEGY
A,2025-07-30 00:00:00,2025-07-31 00:00:00,PTTGC,SELL,1534,LIMIT,IOC,23.50000038146973,23.50000038146973,FILLED,,36049.00058517456,56.59693091872406,3.961785164310684,60.558716083034746,153.4,,2025-07-31,2025,2025-07,0.1,42.55319079860621,60.558716083034746,213.95871608303474,10-25,Q1,NORMAL_STRATEGY
A,2025-07-30 00:00:00,2025-07-31 00:00:00,COM7,SELL,861,LIMIT,IOC,21.60000076293945,21.60000076293945,FILLED,,18597.600656890867,29.198233031318665,2.0438763121923063,31.24210934351097,86.1,,2025-07-31,2025,2025-07,0.09999999999999999,46.29629466105233,31.242109343510972,117.34210934351097,10-25,Q1,NORMAL_STRATEGY
A,2025-07-30 00:00:00,2025-07-31 00:00:00,TOP,SELL,604,LIMIT,IOC,34.25,34.25,FILLED,,20687.0,32.47859,2.2735013,34.7520913,151.0,,2025-07-31,2025,2025-07,0.25,72.99270072992701,34.7520913,185.7520913,25-50,Q1,NORMAL_STRATEGY
A,2025-07-30 00:00:00,2025-07-31 00:00:00,HMPRO,SELL,1485,LIMIT,IOC,7.2,7.2,FILLED,,10692.0,16.78644,1.1750508,17.9614908,74.25,,2025-07-31,2025,2025-07,0.05,69.44444444444444,17.9614908,92.2114908,5-10,Q1,NORMAL_STRATEGY
A,2025-07-30 00:00:00,2025-07-31 00:00:00,LH,SELL,3271,LIMIT,IOC,3.860000114440918,3.860000114440918,FILLED,,12626.060374336243,19.8229147877079,1.387604035139553,21.21051882284745,65.42,,2025-07-31,2025,2025-07,0.02,51.81346996642978,21.210518822847455,86.63051882284745,<5,Q1,NORMAL_STRATEGY
A,2025-07-30 00:00:00,2025-07-31 00:00:00,GULF,SELL,421,LIMIT,IOC,47.0,47.0,FILLED,,19787.0,31.06559,2.1745913,33.2401813,105.25,,2025-07-31,2025,2025-07,0.25,53.191489361702125,33.2401813,138.49018130000002,25-50,Q1,NORMAL_STRATEGY
A,2025-07-30 00:00:00,2025-07-31 00:00:00,OSP,SELL,1522,LIMIT,IOC,18.00000038146973,18.00000038146973,FILLED,,27396.000580596923,43.01172091153717,3.010820463807602,46.022541375344765,152.2,,2025-07-31,2025,2025-07,0.09999999999999999,55.55555437817988,46.02254137534477,198.22254137534475,10-25,Q1,NORMAL_STRATEGY
A,2025-07-30 00:00:00,2025-07-31 00:00:00,RATCH,SELL,526,LIMIT,IOC,26.0,26.0,FILLED,,13676.0,21.47132,1.5029924,22.9743124,131.5,,2025-07-31,2025,2025-07,0.25,96.15384615384616,22.9743124,154.4743124,25-50,Q1,NORMAL_STRATEGY
A,2025-07-30 00:00:00,2025-07-31 00:00:00,SCGP,SELL,1180,LIMIT,IOC,18.9,18.9,FILLED,,22302.0,35.01414,2.4509898,37.4651298,118.0,,2025-07-31,2025,2025-07,0.1,52.910052910052904,37.4651298,155.4651298,10-25,Q1,NORMAL_STRATEGY
A,2025-07-30 00:00:00,2025-07-31 00:00:00,BDMS,SELL,767,LIMIT,IOC,21.50000038146973,21.50000038146973,FILLED,,16490.50029258728,25.890085459362034,1.812305982155342,27.702391441517367,76.7,,2025-07-31,2025,2025-07,0.1,46.51162708173127,27.702391441517374,104.40239144151738,10-25,Q1,NORMAL_STRATEGY
A,2025-07-30 00:00:00,2025-07-31 00:00:00,MTC,SELL,317,LIMIT,IOC,38.0,38.0,FILLED,,12046.0,18.91222,1.3238554,20.2360754,79.25,,2025-07-31,2025,2025-07,0.25,65.78947368421052,20.2360754,99.4860754,25-50,Q1,NORMAL_STRATEGY
A,2025-07-30 00:00:00,2025-07-31 00:00:00,KTB,BUY,9680,LIMIT,IOC,21.700000381469728,21.700000381469728,FILLED,,210056.00369262692,329.7879257974243,23.085154805819705,352.873080603244,968.0,,2025-07-31,2025,2025-07,0.1,46.082948498652094,352.873080603244,1320.873080603244,10-25,Q2,NORMAL_STRATEGY
A,2025-08-04 00:00:00,2025-08-05 00:00:00,HMPRO,SELL,28775,LIMIT,IOC,7.049999904632568,7.049999904632568,FILLED,,202863.74725580213,318.4960831916094,22.29472582341265,340.790809015022,1438.75,,2025-08-05,2025,2025-08,0.05,70.9219867749855,340.79080901502203,1779.540809015022,5-10,Q2,NORMAL_STRATEGY
A,2025-08-04 00:00:00,2025-08-05 00:00:00,SCGP,SELL,10997,LIMIT,IOC,17.9,17.9,FILLED,,196846.3,309.048691,21.63340837,330.68209937,1099.7,,2025-08-05,2025,2025-08,0.1,55.865921787709496,330.68209937,1430.38209937,10-25,Q2,NORMAL_STRATEGY
A,2025-08-04 00:00:00,2025-08-05 00:00:00,MTC,SELL,5456,LIMIT,IOC,37.75,37.75,FILLED,,205964.0,323.36348,22.6354436,345.9989236,1364.0,,2025-08-05,2025,2025-08,0.25,66.2251655629139,345.99892359999996,1709.9989236,25-50,Q2,NORMAL_STRATEGY
A,2025-08-04 00:00:00,2025-08-05 00:00:00,BDMS,BUY,871,LIMIT,IOC,21.6,21.6,FILLED,,18813.6,29.537352,2.06761464,31.60496664,87.1,,2025-08-05,2025,2025-08,0.09999999999999999,46.29629629629629,31.604966639999997,118.70496664,10-25,Q1,NORMAL_STRATEGY
A,2025-08-04 00:00:00,2025-08-05 00:00:00,COM7,BUY,677,LIMIT,IOC,22.1,22.1,FILLED,,14961.7,23.489869,1.64429083,25.13415983,67.7,,2025-08-05,2025,2025-08,0.1,45.24886877828054,25.134159829999998,92.83415983,10-25,Q1,NORMAL_STRATEGY
A,2025-08-04 00:00:00,2025-08-05 00:00:00,GULF,BUY,452,LIMIT,IOC,46.75,46.75,FILLED,,21131.0,33.17567,2.3222969,35.4979669,113.0,,2025-08-05,2025,2025-08,0.25,53.475935828877,35.497966899999994,148.4979669,25-50,Q1,NORMAL_STRATEGY
A,2025-08-04 00:00:00,2025-08-05 00:00:00,IVL,BUY,693,LIMIT,IOC,23.1,23.1,FILLED,,16008.3,25.133031,1.75931217,26.89234317,69.3,,2025-08-05,2025,2025-08,0.09999999999999999,43.29004329004329,26.89234317,96.19234317,10-25,Q1,NORMAL_STRATEGY
A,2025-08-04 00:00:00,2025-08-05 00:00:00,KKP,BUY,4106,LIMIT,IOC,55.5,55.5,FILLED,,227883.0,357.77631,25.0443417,382.8206517,1026.5,,2025-08-05,2025,2025-08,0.25,45.04504504504504,382.82065170000004,1409.3206517,50-100,Q2,NORMAL_STRATEGY
A,2025-08-04 00:00:00,2025-08-05 00:00:00,KTB,BUY,539,LIMIT,IOC,22.30000076293945,22.30000076293945,FILLED,,12019.700411224365,18.87092964562225,1.3209650751935575,20.191894720815807,53.9,,2025-08-05,2025,2025-08,0.09999999999999999,44.843047793160075,20.19189472081581,74.09189472081582,10-25,Q1,NORMAL_STRATEGY
A,2025-08-04 00:00:00,2025-08-05 00:00:00,LH,BUY,5180,LIMIT,IOC,3.859999914169312,3.859999914169312,FILLED,,19994.79955539704,31.391835301973344,2.197428471138134,33.58926377311148,103.6,,2025-08-05,2025,2025-08,0.02,51.81347265471139,33.589263773111476,137.18926377311146,<5,Q1,NORMAL_STRATEGY
A,2025-08-04 00:00:00,2025-08-05 00:00:00,OSP,BUY,1050,LIMIT,IOC,18.1,18.1,FILLED,,19005.0,29.83785,2.0886495,31.9264995,105.0,,2025-08-05,2025,2025-08,0.1,55.248618784530386,31.9264995,136.9264995,10-25,Q1,NORMAL_STRATEGY
A,2025-08-04 00:00:00,2025-08-05 00:00:00,PTTGC,BUY,477,LIMIT,IOC,24.39999923706055,24.39999923706055,FILLED,,11638.79963607788,18.272915428642275,1.2791040800049591,19.55201950864723,47.7,,2025-08-05,2025,2025-08,0.1,40.98360783885293,19.552019508647234,67.25201950864724,10-25,Q1,NORMAL_STRATEGY
A,2025-08-04 00:00:00,2025-08-05 00:00:00,RATCH,BUY,755,LIMIT,IOC,26.25,26.25,FILLED,,19818.75,31.1154375,2.178080625,33.293518125,188.75,,2025-08-05,2025,2025-08,0.25,95.23809523809524,33.293518125,222.043518125,25-50,Q1,NORMAL_STRATEGY
A,2025-08-04 00:00:00,2025-08-05 00:00:00,TIDLOR,BUY,12875,LIMIT,IOC,17.700000381469728,17.700000381469728,FILLED,,227887.50491142276,357.78338271093367,25.04483678976536,382.8282195006991,1287.5,,2025-08-05,2025,2025-08,0.1,56.497173923617986,382.82821950069905,1670.328219500699,10-25,Q2,NORMAL_STRATEGY
A,2025-08-07 00:00:00,2025-08-08 00:00:00,IVL,SELL,1296,LIMIT,IOC,23.00000038146973,23.00000038146973,FILLED,,29808.000494384767,46.79856077618408,3.2758992543328858,50.07446003051697,129.6,,2025-08-08,2025,2025-08,0.09999999999999999,43.478260148450424,50.07446003051697,179.67446003051697,10-25,Q1,NORMAL_STRATEGY
A,2025-08-07 00:00:00,2025-08-08 00:00:00,PTTGC,SELL,1091,LIMIT,IOC,23.9,23.9,FILLED,,26074.9,40.937593,2.86563151,43.80322451,109.1,,2025-08-08,2025,2025-08,0.09999999999999999,41.84100418410041,43.80322451,152.90322451,10-25,Q1,NORMAL_STRATEGY
A,2025-08-07 00:00:00,2025-08-08 00:00:00,LH,SELL,9340,LIMIT,IOC,3.9600000190734863,3.9600000190734863,FILLED,,36986.40017814636,58.06864827968978,4.064805379578285,62.13345365926807,186.8,,2025-08-08,2025,2025-08,0.02,50.50505026179107,62.13345365926807,248.93345365926808,<5,Q1,NORMAL_STRATEGY
A,2025-08-07 00:00:00,2025-08-08 00:00:00,GULF,SELL,733,LIMIT,IOC,47.5,47.5,FILLED,,34817.5,54.663475,3.82644325,58.48991825,183.25,,2025-08-08,2025,2025-08,0.25,52.63157894736842,58.489918249999995,241.73991825,25-50,Q1,NORMAL_STRATEGY
A,2025-08-07 00:00:00,2025-08-08 00:00:00,OSP,SELL,1845,LIMIT,IOC,18.29999961853028,18.29999961853028,FILLED,,33763.49929618836,53.008693895015725,3.710608572651101,56.71930246766682,184.5,,2025-08-08,2025,2025-08,0.1,54.64480988225905,56.71930246766683,241.21930246766684,10-25,Q1,NORMAL_STRATEGY
A,2025-08-07 00:00:00,2025-08-08 00:00:00,BDMS,SELL,1636,LIMIT,IOC,22.10000076293945,22.10000076293945,FILLED,,36155.601248168954,56.76429395962524,3.973500577173767,60.73779453679901,163.6,,2025-08-08,2025,2025-08,0.09999999999999999,45.24886721619247,60.73779453679901,224.337794536799,10-25,Q1,NORMAL_STRATEGY
A,2025-08-07 00:00:00,2025-08-08 00:00:00,TIDLOR,SELL,1769,LIMIT,IOC,17.69999923706055,17.69999923706055,FILLED,,31311.29865036011,49.15873888106537,3.441111721674576,52.599850602739934,176.9,,2025-08-08,2025,2025-08,0.1,56.49717757649298,52.59985060273994,229.49985060273994,10-25,Q1,NORMAL_STRATEGY
A,2025-08-14 00:00:00,2025-08-15 00:00:00,IVL,SELL,8569,LIMIT,IOC,22.10000076293945,22.10000076293945,FILLED,,189374.90653762815,297.3186032640762,20.812302228485336,318.1309054925616,856.9,,2025-08-15,2025,2025-08,0.09999999999999999,45.248867216192494,318.13090549256157,1175.0309054925615,10-25,Q2,NORMAL_STRATEGY
A,2025-08-14 00:00:00,2025-08-15 00:00:00,BDMS,BUY,3878,LIMIT,IOC,21.6,21.6,FILLED,,83764.8,131.510736,9.20575152,140.71648752,387.8,,2025-08-15,2025,2025-08,0.1,46.29629629629629,140.71648752000002,528.51648752,10-25,Q2,NORMAL_STRATEGY
A,2025-08-14 00:00:00,2025-08-15 00:00:00,COM7,BUY,920,LIMIT,IOC,24.6,24.6,FILLED,,22632.0,35.53224,2.4872568,38.0194968,92.0,,2025-08-15,2025,2025-08,0.1,40.650406504065046,38.0194968,130.0194968,10-25,Q1,NORMAL_STRATEGY
A,2025-08-14 00:00:00,2025-08-15 00:00:00,GULF,BUY,1645,LIMIT,IOC,47.75,47.75,FILLED,,78548.75,123.3215375,8.632507625,131.954045125,411.25,,2025-08-15,2025,2025-08,0.25,52.35602094240838,131.954045125,543.204045125,25-50,Q2,NORMAL_STRATEGY
A,2025-08-14 00:00:00,2025-08-15 00:00:00,KTB,BUY,1199,LIMIT,IOC,24.200000381469728,24.200000381469728,FILLED,,29015.8004573822,45.554806718090056,3.188836470266304,48.74364318835636,119.9,,2025-08-15,2025,2025-08,0.1,41.322313398214405,48.74364318835636,168.64364318835635,10-25,Q1,NORMAL_STRATEGY
A,2025-08-14 00:00:00,2025-08-15 00:00:00,PTTGC,BUY,3661,LIMIT,IOC,23.200000381469728,23.200000381469728,FILLED,,84935.20139656067,133.34826619260025,9.334378633482016,142.68264482608228,366.1,,2025-08-15,2025,2025-08,0.1,43.10344756712671,142.68264482608225,508.7826448260823,10-25,Q2,NORMAL_STRATEGY
A,2025-08-14 00:00:00,2025-08-15 00:00:00,RATCH,BUY,1746,LIMIT,IOC,26.5,26.5,FILLED,,46269.0,72.64233,5.0849631,77.7272931,436.5,,2025-08-15,2025,2025-08,0.25,94.33962264150944,77.7272931,514.2272931,25-50,Q1,NORMAL_STRATEGY
A,2025-08-14 00:00:00,2025-08-15 00:00:00,TIDLOR,BUY,3137,LIMIT,IOC,19.39999923706055,19.39999923706055,FILLED,,60857.79760665893,95.54674224245454,6.688271956971817,102.23501419942635,313.7,,2025-08-15,2025,2025-08,0.09999999999999999,51.5463937797308,102.23501419942636,415.93501419942635,10-25,Q2,NORMAL_STRATEGY
A,2025-08-19 00:00:00,2025-08-20 00:00:00,TOP,SELL,6044,LIMIT,IOC,30.0,30.0,FILLED,,181320.0,284.6724,19.927068,304.599468,1511.0,,2025-08-20,2025,2025-08,0.25,83.33333333333333,304.599468,1815.599468,25-50,Q2,NORMAL_STRATEGY
A,2025-08-19 00:00:00,2025-08-20 00:00:00,BDMS,SELL,12793,LIMIT,IOC,20.9,20.9,FILLED,,267373.7,419.776709,29.38436963,449.16107863,1279.3,,2025-08-20,2025,2025-08,0.09999999999999999,47.846889952153106,449.16107862999996,1728.46107863,10-25,Q3,NORMAL_STRATEGY
A,2025-08-19 00:00:00,2025-08-20 00:00:00,COM7,BUY,7656,LIMIT,IOC,24.6,24.6,FILLED,,188337.6,295.690032,20.69830224,316.38833424,765.6,,2025-08-20,2025,2025-08,0.1,40.65040650406504,316.38833423999995,1081.9883342399999,10-25,Q2,NORMAL_STRATEGY
A,2025-08-19 00:00:00,2025-08-20 00:00:00,GULF,BUY,4100,LIMIT,IOC,47.0,47.0,FILLED,,192700.0,302.539,21.17773,323.71673,1025.0,,2025-08-20,2025,2025-08,0.25,53.191489361702125,323.71673,1348.71673,25-50,Q2,NORMAL_STRATEGY
A,2025-08-22 00:00:00,2025-08-25 00:00:00,PTTGC,SELL,1707,LIMIT,IOC,27.25,27.25,FILLED,,46515.75,73.0297275,5.112080925,78.141808425,426.75,,2025-08-25,2025,2025-08,0.25,91.74311926605505,78.14180842500001,504.891808425,25-50,Q1,NORMAL_STRATEGY
A,2025-08-22 00:00:00,2025-08-25 00:00:00,COM7,SELL,7998,LIMIT,IOC,25.5,25.5,FILLED,,203949.0,320.19993,22.4139951,342.6139251,1999.5,,2025-08-25,2025,2025-08,0.25,98.0392156862745,342.6139251,2342.1139251,25-50,Q2,NORMAL_STRATEGY
A,2025-08-22 00:00:00,2025-08-25 00:00:00,GULF,SELL,4018,LIMIT,IOC,47.75,47.75,FILLED,,191859.5,301.219415,21.08535905,322.30477405,1004.5,,2025-08-25,2025,2025-08,0.25,52.35602094240838,322.30477405000005,1326.80477405,25-50,Q2,NORMAL_STRATEGY
A,2025-08-22 00:00:00,2025-08-25 00:00:00,OSP,SELL,10746,LIMIT,IOC,17.4,17.4,FILLED,,186980.4,293.559228,20.54914596,314.10837396,1074.6,,2025-08-25,2025,2025-08,0.09999999999999999,57.47126436781609,314.10837396,1388.7083739599998,10-25,Q2,NORMAL_STRATEGY
A,2025-08-22 00:00:00,2025-08-25 00:00:00,IVL,BUY,12205,LIMIT,IOC,23.200000381469728,23.200000381469728,FILLED,,283156.004655838,444.5549273096657,31.1188449116766,475.67377222134235,1220.5,,2025-08-25,2025,2025-08,0.1,43.10344756712671,475.6737722213423,1696.1737722213422,10-25,Q3,NORMAL_STRATEGY
A,2025-08-22 00:00:00,2025-08-25 00:00:00,KKP,BUY,839,LIMIT,IOC,57.25,57.25,FILLED,,48032.75,75.4114175,5.278799225,80.690216725,209.75,,2025-08-25,2025,2025-08,0.25,43.66812227074236,80.690216725,290.440216725,50-100,Q1,NORMAL_STRATEGY
A,2025-08-22 00:00:00,2025-08-25 00:00:00,KTB,BUY,282,LIMIT,IOC,24.200000381469728,24.200000381469728,FILLED,,6824.400107574464,10.714308168891906,0.7500015718224334,11.46430974071434,28.2,,2025-08-25,2025,2025-08,0.09999999999999999,41.32231339821439,11.46430974071434,39.66430974071434,10-25,Q1,NORMAL_STRATEGY
A,2025-08-22 00:00:00,2025-08-25 00:00:00,LH,BUY,21088,LIMIT,IOC,4.000000019073487,4.000000019073487,FILLED,,84352.00040222167,132.43264063148803,9.270284844204161,141.7029254756922,421.76,,2025-08-25,2025,2025-08,0.02,49.99999976158143,141.70292547569218,563.4629254756921,<5,Q2,NORMAL_STRATEGY
A,2025-08-22 00:00:00,2025-08-25 00:00:00,RATCH,BUY,60,LIMIT,IOC,27.0,27.0,FILLED,,1620.0,2.5434,0.178038,2.721438,15.0,,2025-08-25,2025,2025-08,0.25,92.59259259259258,2.721438,17.721438,25-50,Q1,NORMAL_STRATEGY
A,2025-08-22 00:00:00,2025-08-25 00:00:00,SCGP,BUY,15305,LIMIT,IOC,18.49999961853028,18.49999961853028,FILLED,,283142.4941616059,444.53371583372126,31.117360108360486,475.65107594208166,1530.5,,2025-08-25,2025,2025-08,0.1,54.054055168647864,475.6510759420818,2006.1510759420817,10-25,Q3,NORMAL_STRATEGY
A,2025-08-22 00:00:00,2025-08-25 00:00:00,TIDLOR,BUY,582,LIMIT,IOC,19.1,19.1,FILLED,,11116.2,17.452434,1.22167038,18.67410438,58.2,,2025-08-25,2025,2025-08,0.1,52.35602094240838,18.67410438,76.87410438,10-25,Q1,NORMAL_STRATEGY
A,2025-08-27 00:00:00,2025-08-28 00:00:00,IVL,SELL,12205,LIMIT,IOC,22.19999923706055,22.19999923706055,FILLED,,270950.990688324,425.3930553806686,29.777513876646804,455.1705692573154,1220.5,,2025-08-28,2025,2025-08,0.1,45.04504659309204,455.17056925731544,1675.6705692573155,10-25,Q3,NORMAL_STRATEGY
A,2025-08-27 00:00:00,2025-08-28 00:00:00,SCGP,SELL,15305,LIMIT,IOC,17.10000076293945,17.10000076293945,FILLED,,261715.51167678833,410.8933533325577,28.76253473327904,439.65588806583673,1530.5,,2025-08-28,2025,2025-08,0.1,58.479529554599985,439.65588806583673,1970.1558880658367,10-25,Q3,NORMAL_STRATEGY
A,2025-08-27 00:00:00,2025-08-28 00:00:00,COM7,BUY,1011,LIMIT,IOC,26.0,26.0,FILLED,,26286.0,41.26902,2.8888314,44.1578514,252.75,,2025-08-28,2025,2025-08,0.25,96.15384615384616,44.1578514,296.9078514,25-50,Q1,NORMAL_STRATEGY
A,2025-08-27 00:00:00,2025-08-28 00:00:00,GULF,BUY,612,LIMIT,IOC,47.75,47.75,FILLED,,29223.0,45.88011,3.2116077,49.0917177,153.0,,2025-08-28,2025,2025-08,0.25,52.35602094240838,49.091717700000004,202.0917177,25-50,Q1,NORMAL_STRATEGY
A,2025-08-27 00:00:00,2025-08-28 00:00:00,KKP,BUY,483,LIMIT,IOC,57.0,57.0,FILLED,,27531.0,43.22367,3.0256569,46.2493269,120.75,,2025-08-28,2025,2025-08,0.25,43.859649122807014,46.2493269,166.9993269,50-100,Q1,NORMAL_STRATEGY
A,2025-08-27 00:00:00,2025-08-28 00:00:00,KTB,BUY,878,LIMIT,IOC,24.6,24.6,FILLED,,21598.8,33.910116,2.37370812,36.28382412,87.8,,2025-08-28,2025,2025-08,0.09999999999999999,40.650406504065046,36.283824120000006,124.08382412,10-25,Q1,NORMAL_STRATEGY
A,2025-08-27 00:00:00,2025-08-28 00:00:00,MTC,BUY,8089,LIMIT,IOC,38.25,38.25,FILLED,,309404.25,485.7646725,34.003527075,519.768199575,2022.25,,2025-08-28,2025,2025-08,0.25,65.359477124183,519.768199575,2542.018199575,25-50,Q3,NORMAL_STRATEGY
A,2025-08-27 00:00:00,2025-08-28 00:00:00,PTTGC,BUY,1474,LIMIT,IOC,26.5,26.5,FILLED,,39061.0,61.32577,4.2928039,65.6185739,368.5,,2025-08-28,2025,2025-08,0.25,94.33962264150944,65.6185739,434.1185739,25-50,Q1,NORMAL_STRATEGY
A,2025-08-27 00:00:00,2025-08-28 00:00:00,RATCH,BUY,973,LIMIT,IOC,27.0,27.0,FILLED,,26271.0,41.24547,2.8871829,44.1326529,243.25,,2025-08-28,2025,2025-08,0.25,92.59259259259258,44.1326529,287.3826529,25-50,Q1,NORMAL_STRATEGY
A,2025-08-27 00:00:00,2025-08-28 00:00:00,TIDLOR,BUY,1547,LIMIT,IOC,18.89999923706055,18.89999923706055,FILLED,,29238.298819732663,45.90412914698029,3.21328904028862,49.1174181872689,154.7,,2025-08-28,2025,2025-08,0.09999999999999999,52.91005504588193,49.11741818726891,203.8174181872689,10-25,Q1,NORMAL_STRATEGY
A,2025-09-01 00:00:00,2025-09-02 00:00:00,GULF,SELL,6480,LIMIT,IOC,46.5,46.5,FILLED,,301320.0,473.0724,33.115068,506.187468,1620.0,,2025-09-02,2025,2025-09,0.25,53.763440860215056,506.187468,2126.187468,25-50,Q3,NORMAL_STRATEGY
A,2025-09-01 00:00:00,2025-09-02 00:00:00,MTC,SELL,8089,LIMIT,IOC,36.75,36.75,FILLED,,297270.75,466.7150775,32.670055425,499.385132925,2022.25,,2025-09-02,2025,2025-09,0.25,68.02721088435374,499.385132925,2521.635132925,25-50,Q3,NORMAL_STRATEGY
A,2025-09-01 00:00:00,2025-09-02 00:00:00,COM7,BUY,1761,LIMIT,IOC,25.75,25.75,FILLED,,45345.75,71.1928275,4.983497925,76.176325425,440.25,,2025-09-02,2025,2025-09,0.25,97.08737864077669,76.176325425,516.426325425,25-50,Q1,NORMAL_STRATEGY
A,2025-09-01 00:00:00,2025-09-02 00:00:00,HMPRO,BUY,45989,LIMIT,IOC,7.649999904632568,7.649999904632568,FILLED,,351815.8456141472,552.3508776142111,38.664561432994766,591.0154390472057,2299.45,,2025-09-02,2025,2025-09,0.049999999999999996,65.35947793897587,591.0154390472059,2890.4654390472056,5-10,Q3,NORMAL_STRATEGY
A,2025-09-01 00:00:00,2025-09-02 00:00:00,KTB,BUY,1355,LIMIT,IOC,25.25,25.25,FILLED,,34213.75,53.7155875,3.760091125,57.475678625,338.75,,2025-09-02,2025,2025-09,0.25,99.00990099009901,57.475678625,396.225678625,25-50,Q1,NORMAL_STRATEGY
A,2025-09-01 00:00:00,2025-09-02 00:00:00,LH,BUY,16294,LIMIT,IOC,4.039999980926514,4.039999980926514,FILLED,,65827.75968921662,103.34958271207007,7.234470789844906,110.584053501915,325.88,,2025-09-02,2025,2025-09,0.02,49.50495072877029,110.58405350191498,436.464053501915,<5,Q2,NORMAL_STRATEGY
A,2025-09-01 00:00:00,2025-09-02 00:00:00,PTTGC,BUY,1353,LIMIT,IOC,27.0,27.0,FILLED,,36531.0,57.35367,4.0147569,61.3684269,338.25,,2025-09-02,2025,2025-09,0.25,92.59259259259258,61.3684269,399.61842690000003,25-50,Q1,NORMAL_STRATEGY
A,2025-09-01 00:00:00,2025-09-02 00:00:00,RATCH,BUY,1816,LIMIT,IOC,26.5,26.5,FILLED,,48124.0,75.55468,5.2888276,80.8435076,454.0,,2025-09-02,2025,2025-09,0.25,94.33962264150944,80.84350760000001,534.8435076000001,25-50,Q1,NORMAL_STRATEGY
A,2025-09-01 00:00:00,2025-09-02 00:00:00,TIDLOR,BUY,2047,LIMIT,IOC,19.1,19.1,FILLED,,39097.7,61.383389,4.29683723,65.68022623,204.7,,2025-09-02,2025,2025-09,0.09999999999999999,52.35602094240838,65.68022623,270.38022623,10-25,Q1,NORMAL_STRATEGY
A,2025-09-04 00:00:00,2025-09-05 00:00:00,COM7,SELL,117,LIMIT,IOC,25.5,25.5,FILLED,,2983.5,4.684095,0.32788665,5.01198165,29.25,,2025-09-05,2025,2025-09,0.25,98.0392156862745,5.01198165,34.26198165,25-50,Q1,NORMAL_STRATEGY
A,2025-09-04 00:00:00,2025-09-05 00:00:00,LH,SELL,1605,LIMIT,IOC,4.079999904632568,4.079999904632568,FILLED,,6548.399846935272,10.280987759688376,0.7196691431781863,11.000656902866561,32.1,,2025-09-05,2025,2025-09,0.02,49.01960898893976,11.000656902866563,43.10065690286656,<5,Q1,NORMAL_STRATEGY
A,2025-09-04 00:00:00,2025-09-05 00:00:00,RATCH,SELL,13276,LIMIT,IOC,25.75,25.75,FILLED,,341857.0,536.71549,37.5700843,574.2855743,3319.0,,2025-09-05,2025,2025-09,0.25,97.08737864077669,574.2855743,3893.2855743,25-50,Q3,NORMAL_STRATEGY
A,2025-09-04 00:00:00,2025-09-05 00:00:00,TIDLOR,SELL,985,LIMIT,IOC,20.00000038146973,20.00000038146973,FILLED,,19700.00037574768,30.929000589923856,2.16503004129467,33.09403063121853,98.5,,2025-09-05,2025,2025-09,0.1,49.9999990463257,33.09403063121852,131.59403063121852,10-25,Q1,NORMAL_STRATEGY
A,2025-09-04 00:00:00,2025-09-05 00:00:00,KKP,BUY,417,LIMIT,IOC,60.25,60.25,FILLED,,25124.25,39.4450725,2.761155075,42.206227575,104.25,,2025-09-05,2025,2025-09,0.25,41.49377593360996,42.206227575,146.456227575,50-100,Q1,NORMAL_STRATEGY
A,2025-09-04 00:00:00,2025-09-05 00:00:00,KTB,BUY,14,LIMIT,IOC,25.25,25.25,FILLED,,353.5,0.554995,0.03884965,0.59384465,3.5,,2025-09-05,2025,2025-09,0.25,99.00990099009901,0.59384465,4.09384465,25-50,Q1,NORMAL_STRATEGY
A,2025-09-04 00:00:00,2025-09-05 00:00:00,PTTGC,BUY,13,LIMIT,IOC,27.0,27.0,FILLED,,351.0,0.55107,0.0385749,0.5896449,3.25,,2025-09-05,2025,2025-09,0.25,92.59259259259258,0.5896448999999999,3.8396448999999997,25-50,Q1,NORMAL_STRATEGY
A,2025-09-09 00:00:00,2025-09-10 00:00:00,PTTGC,SELL,2957,LIMIT,IOC,27.5,27.5,FILLED,,81317.5,127.668475,8.93679325,136.60526825,739.25,,2025-09-10,2025,2025-09,0.25,90.9090909090909,136.60526825,875.85526825,25-50,Q2,NORMAL_STRATEGY
A,2025-09-09 00:00:00,2025-09-10 00:00:00,COM7,SELL,13545,LIMIT,IOC,24.75,24.75,FILLED,,335238.75,526.3248375,36.842738625,563.167576125,3386.25,,2025-09-10,2025,2025-09,0.25,101.01010101010102,563.167576125,3949.417576125,10-25,Q3,NORMAL_STRATEGY
A,2025-09-09 00:00:00,2025-09-10 00:00:00,LH,SELL,19493,LIMIT,IOC,4.240000228881836,4.240000228881836,FILLED,,82650.32446159363,129.761009404702,9.08327065832914,138.8442800630311,389.86,,2025-09-10,2025,2025-09,0.02,47.169808774454616,138.84428006303114,528.7042800630311,<5,Q2,NORMAL_STRATEGY
A,2025-09-09 00:00:00,2025-09-10 00:00:00,KTB,SELL,3085,LIMIT,IOC,25.5,25.5,FILLED,,78667.5,123.507975,8.64555825,132.15353325,771.25,,2025-09-10,2025,2025-09,0.25,98.0392156862745,132.15353325,903.40353325,25-50,Q2,NORMAL_STRATEGY
A,2025-09-09 00:00:00,2025-09-10 00:00:00,KKP,SELL,1059,LIMIT,IOC,58.5,58.5,FILLED,,61951.5,97.263855,6.80846985,104.07232485,264.75,,2025-09-10,2025,2025-09,0.25,42.73504273504274,104.07232485,368.82232485,50-100,Q2,NORMAL_STRATEGY
A,2025-09-09 00:00:00,2025-09-10 00:00:00,TIDLOR,SELL,3857,LIMIT,IOC,20.60000076293945,20.60000076293945,FILLED,,79454.20294265747,124.74309861997222,8.732016903398057,133.47511552337028,385.7,,2025-09-10,2025,2025-09,0.09999999999999999,48.54368752252939,133.47511552337028,519.1751155233703,10-25,Q2,NORMAL_STRATEGY
A,2025-09-09 00:00:00,2025-09-10 00:00:00,IVL,BUY,12017,LIMIT,IOC,23.49999961853028,23.49999961853028,FILLED,,282399.49541587837,443.367207802929,31.03570454620503,474.402912349134,1201.7,,2025-09-10,2025,2025-09,0.1,42.553192180117215,474.402912349134,1676.102912349134,10-25,Q3,NORMAL_STRATEGY
A,2025-09-09 00:00:00,2025-09-10 00:00:00,MTC,BUY,6529,LIMIT,IOC,43.25,43.25,FILLED,,282379.25,443.3354225,31.033479575,474.368902075,1632.25,,2025-09-10,2025,2025-09,0.25,57.80346820809248,474.368902075,2106.618902075,25-50,Q3,NORMAL_STRATEGY
A,2025-09-09 00:00:00,2025-09-10 00:00:00,OSP,BUY,14557,LIMIT,IOC,19.39999923706055,19.39999923706055,FILLED,,282405.7888938904,443.37708856340794,31.036396199438556,474.4134847628465,1455.7,,2025-09-10,2025,2025-09,0.1,51.5463937797308,474.4134847628465,1930.1134847628466,10-25,Q3,NORMAL_STRATEGY
A,2025-09-12 00:00:00,2025-09-15 00:00:00,PTTGC,SELL,1769,LIMIT,IOC,27.75,27.75,FILLED,,49089.75,77.0709075,5.394963525,82.465871025,442.25,,2025-09-15,2025,2025-09,0.25,90.09009009009009,82.465871025,524.715871025,25-50,Q1,NORMAL_STRATEGY
A,2025-09-12 00:00:00,2025-09-15 00:00:00,LH,SELL,11088,LIMIT,IOC,4.240000228881836,4.240000228881836,FILLED,,47013.1225378418,73.81060238441161,5.166742166908813,78.97734455132043,221.76,,2025-09-15,2025,2025-09,0.02,47.16980877445461,78.97734455132043,300.7373445513204,<5,Q1,NORMAL_STRATEGY
A,2025-09-12 00:00:00,2025-09-15 00:00:00,KKP,SELL,838,LIMIT,IOC,59.0,59.0,FILLED,,49442.0,77.62394,5.4336758,83.0576158,209.5,,2025-09-15,2025,2025-09,0.25,42.3728813559322,83.05761580000001,292.5576158,50-100,Q1,NORMAL_STRATEGY
A,2025-09-12 00:00:00,2025-09-15 00:00:00,HMPRO,SELL,15073,LIMIT,IOC,7.500000190734863,7.500000190734863,FILLED,,113047.50287494659,177.48457951366615,12.42392056595663,189.9085000796228,753.65,,2025-09-15,2025,2025-09,0.049999999999999996,66.66666497124571,189.90850007962277,943.5585000796227,5-10,Q2,NORMAL_STRATEGY
A,2025-09-12 00:00:00,2025-09-15 00:00:00,IVL,SELL,2186,LIMIT,IOC,23.69999923706055,23.69999923706055,FILLED,,51808.19833221436,81.33887138157654,5.693720996710358,87.03259237828689,218.6,,2025-09-15,2025,2025-09,0.09999999999999999,42.19409418529701,87.03259237828689,305.63259237828686,10-25,Q2,NORMAL_STRATEGY
A,2025-09-12 00:00:00,2025-09-15 00:00:00,MTC,SELL,1097,LIMIT,IOC,42.75,42.75,FILLED,,46896.75,73.6278975,5.153952825,78.781850325,274.25,,2025-09-15,2025,2025-09,0.25,58.47953216374269,78.78185032500001,353.031850325,25-50,Q1,NORMAL_STRATEGY
A,2025-09-12 00:00:00,2025-09-15 00:00:00,OSP,SELL,2256,LIMIT,IOC,18.9,18.9,FILLED,,42638.4,66.942288,4.68596016,71.62824816,225.6,,2025-09-15,2025,2025-09,0.09999999999999999,52.910052910052904,71.62824816,297.22824816,10-25,Q1,NORMAL_STRATEGY
A,2025-09-12 00:00:00,2025-09-15 00:00:00,TOP,BUY,6526,LIMIT,IOC,36.0,36.0,FILLED,,234936.0,368.84952,25.8194664,394.6689864,1631.5,,2025-09-15,2025,2025-09,0.25,69.44444444444444,394.6689864,2026.1689864,25-50,Q2,NORMAL_STRATEGY
A,2025-09-17 00:00:00,2025-09-18 00:00:00,KTB,SELL,987,LIMIT,IOC,25.25,25.25,FILLED,,24921.75,39.1271475,2.738900325,41.866047825,246.75,,2025-09-18,2025,2025-09,0.25,99.00990099009901,41.866047825,288.616047825,25-50,Q1,NORMAL_STRATEGY
A,2025-09-17 00:00:00,2025-09-18 00:00:00,KKP,SELL,3948,LIMIT,IOC,58.5,58.5,FILLED,,230958.0,362.60406,25.3822842,387.9863442,987.0,,2025-09-18,2025,2025-09,0.25,42.73504273504274,387.9863442,1374.9863442,50-100,Q2,NORMAL_STRATEGY
A,2025-09-17 00:00:00,2025-09-18 00:00:00,TIDLOR,SELL,1234,LIMIT,IOC,20.4,20.4,FILLED,,25173.6,39.522552,2.76657864,42.28913064,123.4,,2025-09-18,2025,2025-09,0.1,49.019607843137265,42.289130639999996,165.68913064,10-25,Q1,NORMAL_STRATEGY
A,2025-09-17 00:00:00,2025-09-18 00:00:00,IVL,BUY,989,LIMIT,IOC,23.49999961853028,23.49999961853028,FILLED,,23241.499622726446,36.48915440768052,2.554240808537636,39.04339521621815,98.9,,2025-09-18,2025,2025-09,0.1,42.553192180117215,39.04339521621816,137.94339521621816,10-25,Q1,NORMAL_STRATEGY
A,2025-09-17 00:00:00,2025-09-18 00:00:00,OSP,BUY,1012,LIMIT,IOC,19.1,19.1,FILLED,,19329.2,30.346844,2.12427908,32.47112308,101.2,,2025-09-18,2025,2025-09,0.1,52.35602094240838,32.47112308,133.67112308,10-25,Q1,NORMAL_STRATEGY
A,2025-09-22 00:00:00,2025-09-23 00:00:00,PTTGC,SELL,8317,LIMIT,IOC,27.0,27.0,FILLED,,224559.0,352.55763,24.6790341,377.2366641,2079.25,,2025-09-23,2025,2025-09,0.25,92.59259259259258,377.23666410000004,2456.4866641,25-50,Q2,NORMAL_STRATEGY
A,2025-09-22 00:00:00,2025-09-23 00:00:00,HMPRO,SELL,30916,LIMIT,IOC,7.45,7.45,FILLED,,230324.2,361.608994,25.31262958,386.92162358,1545.8,,2025-09-23,2025,2025-09,0.049999999999999996,67.11409395973155,386.92162358,1932.72162358,5-10,Q2,NORMAL_STRATEGY
A,2025-09-22 00:00:00,2025-09-23 00:00:00,IVL,SELL,10820,LIMIT,IOC,22.9,22.9,FILLED,,247778.0,389.01146,27.2308022,416.2422622,1082.0,,2025-09-23,2025,2025-09,0.1,43.66812227074236,416.2422622,1498.2422622,10-25,Q2,NORMAL_STRATEGY
A,2025-09-22 00:00:00,2025-09-23 00:00:00,MTC,BUY,7490,LIMIT,IOC,41.75,41.75,FILLED,,312707.5,490.950775,34.36655425,525.31732925,1872.5,,2025-09-23,2025,2025-09,0.25,59.880239520958085,525.3173292500001,2397.81732925,25-50,Q3,NORMAL_STRATEGY
A,2025-09-22 00:00:00,2025-09-23 00:00:00,OSP,BUY,16494,LIMIT,IOC,18.1,18.1,FILLED,,298541.4,468.709998,32.80969986,501.51969786,1649.4,,2025-09-23,2025,2025-09,0.1,55.248618784530386,501.51969786,2150.9196978600003,10-25,Q3,NORMAL_STRATEGY
A,2025-09-22 00:00:00,2025-09-23 00:00:00,TIDLOR,BUY,14498,LIMIT,IOC,20.1,20.1,FILLED,,291409.8,457.513386,32.02593702,489.53932302,1449.8,,2025-09-23,2025,2025-09,0.09999999999999999,49.75124378109452,489.53932302000004,1939.33932302,10-25,Q3,NORMAL_STRATEGY
A,2025-09-22 00:00:00,2025-09-23 00:00:00,TOP,BUY,8565,LIMIT,IOC,35.75,35.75,FILLED,,306198.75,480.7320375,33.651242625,514.383280125,2141.25,,2025-09-23,2025,2025-09,0.25,69.93006993006993,514.3832801249999,2655.633280125,25-50,Q3,NORMAL_STRATEGY
A,2025-09-25 00:00:00,2025-09-26 00:00:00,TIDLOR,SELL,4658,LIMIT,IOC,20.4,20.4,FILLED,,95023.2,149.186424,10.44304968,159.62947368,465.8,,2025-09-26,2025,2025-09,0.1,49.01960784313725,159.62947368,625.42947368,10-25,Q2,NORMAL_STRATEGY
A,2025-09-25 00:00:00,2025-09-26 00:00:00,MTC,SELL,2042,LIMIT,IOC,41.5,41.5,FILLED,,84743.0,133.04651,9.3132557,142.3597657,510.5,,2025-09-26,2025,2025-09,0.25,60.24096385542169,142.35976570000003,652.8597657,25-50,Q2,NORMAL_STRATEGY
A,2025-09-25 00:00:00,2025-09-26 00:00:00,OSP,SELL,29807,LIMIT,IOC,17.69999923706055,17.69999923706055,FILLED,,527583.8772590637,828.3066872967299,57.981468110771104,886.2881554075011,2980.7,,2025-09-26,2025,2025-09,0.09999999999999999,56.49717757649299,886.288155407501,3866.988155407501,10-25,Q3,NORMAL_STRATEGY
A,2025-09-25 00:00:00,2025-09-26 00:00:00,TOP,SELL,2741,LIMIT,IOC,36.5,36.5,FILLED,,100046.5,157.073005,10.99511035,168.06811535,685.25,,2025-09-26,2025,2025-09,0.25,68.4931506849315,168.06811535,853.31811535,25-50,Q2,NORMAL_STRATEGY
A,2025-09-25 00:00:00,2025-09-26 00:00:00,KKP,BUY,7584,LIMIT,IOC,60.25,60.25,FILLED,,456936.0,717.38952,50.2172664,767.6067864,1896.0,,2025-09-26,2025,2025-09,0.25,41.49377593360996,767.6067863999999,2663.6067863999997,50-100,Q3,NORMAL_STRATEGY
A,2025-09-25 00:00:00,2025-09-26 00:00:00,LH,BUY,51378,LIMIT,IOC,4.30000020980835,4.30000020980835,FILLED,,220925.4107795334,346.85289492386744,24.27970264467072,371.1325975685382,1027.56,,2025-09-26,2025,2025-09,0.02,46.51162563755176,371.13259756853813,1398.692597568538,<5,Q2,NORMAL_STRATEGY
A,2025-09-30 00:00:00,2025-10-01 00:00:00,KTB,SELL,9875,LIMIT,IOC,24.69999923706055,24.69999923706055,FILLED,,243912.49246597287,382.94261317157753,26.80598292201042,409.74859609358793,987.5,,2025-10-01,2025,2025-10,0.1,40.48583121005012,409.74859609358793,1397.2485960935878,10-25,Q2,NORMAL_STRATEGY
A,2025-09-30 00:00:00,2025-10-01 00:00:00,TIDLOR,SELL,22183,LIMIT,IOC,19.60000076293945,19.60000076293945,FILLED,,434786.81692428584,682.6153025711288,47.78307117997902,730.3983737511078,2218.3,,2025-10-01,2025,2025-10,0.1,51.0204061772714,730.3983737511079,2948.698373751108,10-25,Q3,NORMAL_STRATEGY
A,2025-09-30 00:00:00,2025-10-01 00:00:00,MTC,SELL,10880,LIMIT,IOC,40.25,40.25,FILLED,,437920.0,687.5344,48.127408,735.661808,2720.0,,2025-10-01,2025,2025-10,0.25,62.11180124223602,735.6618080000001,3455.661808,25-50,Q3,NORMAL_STRATEGY
A,2025-09-30 00:00:00,2025-10-01 00:00:00,KKP,SELL,7584,LIMIT,IOC,58.25,58.25,FILLED,,441768.0,693.57576,48.5503032,742.1260632,1896.0,,2025-10-01,2025,2025-10,0.25,42.918454935622314,742.1260632,2638.1260632,50-100,Q3,NORMAL_STRATEGY
A,2025-09-30 00:00:00,2025-10-01 00:00:00,COM7,BUY,34302,LIMIT,IOC,26.0,26.0,FILLED,,891852.0,1400.20764,98.0145348,1498.2221748,8575.5,,2025-10-01,2025,2025-10,0.25,96.15384615384616,1498.2221748000002,10073.722174800001,25-50,Q4,NORMAL_STRATEGY
A,2025-10-03 00:00:00,2025-10-06 00:00:00,COM7,BUY,15217,LIMIT,IOC,27.25,27.25,FILLED,,414663.25,651.0213025,45.571491175,696.592793675,3804.25,,2025-10-06,2025,2025-10,0.25,91.74311926605505,696.592793675,4500.842793675,25-50,Q3,NORMAL_STRATEGY
A,2025-10-08 00:00:00,2025-10-09 00:00:00,LH,SELL,106275,LIMIT,IOC,4.26000020980835,4.26000020980835,FILLED,,452731.5222973824,710.7884900068904,49.75519430048233,760.5436843073728,2125.5,,2025-10-09,2025,2025-10,0.02,46.948354495268354,760.5436843073727,2886.0436843073726,<5,Q3,NORMAL_STRATEGY
A,2025-10-08 00:00:00,2025-10-09 00:00:00,TOP,SELL,12350,LIMIT,IOC,34.5,34.5,FILLED,,426075.0,668.93775,46.8256425,715.7633925,3087.5,,2025-10-09,2025,2025-10,0.25,72.46376811594203,715.7633925,3803.2633925,25-50,Q3,NORMAL_STRATEGY
A,2025-10-08 00:00:00,2025-10-09 00:00:00,RATCH,BUY,34005,LIMIT,IOC,27.0,27.0,FILLED,,918135.0,1441.47195,100.9030365,1542.3749865,8501.25,,2025-10-09,2025,2025-10,0.25,92.59259259259258,1542.3749865000002,10043.6249865,25-50,Q4,NORMAL_STRATEGY
A,2025-10-14 00:00:00,2025-10-15 00:00:00,COM7,SELL,23667,LIMIT,IOC,26.25,26.25,FILLED,,621258.75,975.3762375,68.276336625,1043.652574125,5916.75,,2025-10-15,2025,2025-10,0.25,95.23809523809524,1043.652574125,6960.402574125,25-50,Q3,NORMAL_STRATEGY
A,2025-10-14 00:00:00,2025-10-15 00:00:00,RATCH,SELL,9526,LIMIT,IOC,27.75,27.75,FILLED,,264346.5,415.024005,29.05168035,444.07568535,2381.5,,2025-10-15,2025,2025-10,0.25,90.09009009009009,444.07568535,2825.57568535,25-50,Q3,NORMAL_STRATEGY
A,2025-10-14 00:00:00,2025-10-15 00:00:00,KKP,BUY,11244,LIMIT,IOC,61.5,61.5,FILLED,,691506.0,1085.66442,75.9965094,1161.6609294,2811.0,,2025-10-15,2025,2025-10,0.25,40.650406504065046,1161.6609294,3972.6609294,50-100,Q3,NORMAL_STRATEGY
A,2025-10-17 00:00:00,2025-10-20 00:00:00,COM7,SELL,25852,LIMIT,IOC,26.0,26.0,FILLED,,672152.0,1055.27864,73.8695048,1129.1481448,6463.0,,2025-10-20,2025,2025-10,0.25,96.15384615384616,1129.1481448,7592.1481447999995,25-50,Q3,NORMAL_STRATEGY
A,2025-10-17 00:00:00,2025-10-20 00:00:00,KKP,BUY,3327,LIMIT,IOC,62.75,62.75,FILLED,,208769.25,327.7677225,22.943740575,350.711463075,831.75,,2025-10-20,2025,2025-10,0.25,39.8406374501992,350.711463075,1182.461463075,50-100,Q2,NORMAL_STRATEGY
A,2025-10-17 00:00:00,2025-10-20 00:00:00,RATCH,BUY,6781,LIMIT,IOC,29.25,29.25,FILLED,,198344.25,311.4004725,21.798033075,333.198505575,1695.25,,2025-10-20,2025,2025-10,0.25,85.47008547008548,333.19850557499996,2028.448505575,25-50,Q2,NORMAL_STRATEGY
A,2025-10-22 00:00:00,2025-10-24 00:00:00,KKP,SELL,8694,LIMIT,IOC,65.5,65.5,FILLED,,569457.0,894.04749,62.5833243,956.6308143,2173.5,,2025-10-24,2025,2025-10,0.25,38.167938931297705,956.6308143,3130.1308143,50-100,Q3,NORMAL_STRATEGY
A,2025-10-22 00:00:00,2025-10-24 00:00:00,GULF,BUY,8479,LIMIT,IOC,45.75,45.75,FILLED,,387914.25,609.0253725,42.631776075,651.657148575,2119.75,,2025-10-24,2025,2025-10,0.25,54.6448087431694,651.657148575,2771.407148575,25-50,Q3,NORMAL_STRATEGY
A,2025-10-22 00:00:00,2025-10-24 00:00:00,KTB,BUY,14236,LIMIT,IOC,27.25,27.25,FILLED,,387931.0,609.05167,42.6336169,651.6852869,3559.0,,2025-10-24,2025,2025-10,0.25,91.74311926605505,651.6852868999999,4210.6852868999995,25-50,Q3,NORMAL_STRATEGY
A,2025-10-22 00:00:00,2025-10-24 00:00:00,MTC,BUY,9236,LIMIT,IOC,42.0,42.0,FILLED,,387912.0,609.02184,42.6315288,651.6533688,2309.0,,2025-10-24,2025,2025-10,0.25,59.52380952380952,651.6533688,2960.6533688,25-50,Q3,NORMAL_STRATEGY
A,2025-10-28 00:00:00,2025-10-29 00:00:00,RATCH,SELL,12455,LIMIT,IOC,27.75,27.75,FILLED,,345626.25,542.6332125,37.984324875,580.617537375,3113.75,,2025-10-29,2025,2025-10,0.25,90.09009009009009,580.617537375,3694.367537375,25-50,Q3,NORMAL_STRATEGY
A,2025-10-28 00:00:00,2025-10-29 00:00:00,MTC,SELL,9236,LIMIT,IOC,39.75,39.75,FILLED,,367131.0,576.39567,40.3476969,616.7433669,2309.0,,2025-10-29,2025,2025-10,0.25,62.89308176100629,616.7433669,2925.7433669,25-50,Q3,NORMAL_STRATEGY
A,2025-10-28 00:00:00,2025-10-29 00:00:00,GULF,BUY,3132,LIMIT,IOC,45.75,45.75,FILLED,,143289.0,224.96373,15.7474611,240.7111911,783.0,,2025-10-29,2025,2025-10,0.25,54.6448087431694,240.7111911,1023.7111911,25-50,Q2,NORMAL_STRATEGY
A,2025-10-28 00:00:00,2025-10-29 00:00:00,KKP,BUY,2264,LIMIT,IOC,65.25,65.25,FILLED,,147726.0,231.92982,16.2350874,248.1649074,566.0,,2025-10-29,2025,2025-10,0.25,38.314176245210724,248.1649074,814.1649074,50-100,Q2,NORMAL_STRATEGY
A,2025-10-28 00:00:00,2025-10-29 00:00:00,KTB,BUY,5811,LIMIT,IOC,26.5,26.5,FILLED,,153991.5,241.766655,16.92366585,258.69032085,1452.75,,2025-10-29,2025,2025-10,0.25,94.33962264150944,258.69032085,1711.44032085,25-50,Q2,NORMAL_STRATEGY
A,2025-10-28 00:00:00,2025-10-29 00:00:00,TIDLOR,BUY,24824,LIMIT,IOC,21.39999923706055,21.39999923706055,FILLED,,531233.581060791,834.0367222654419,58.38257055858093,892.4192928240227,2482.4,,2025-10-29,2025,2025-10,0.1,46.72897362856905,892.4192928240228,3374.819292824023,10-25,Q3,NORMAL_STRATEGY
A,2025-10-31 00:00:00,2025-11-03 00:00:00,KKP,SELL,85,LIMIT,IOC,65.5,65.5,FILLED,,5567.5,8.740975,0.61186825,9.35284325,21.25,,2025-11-03,2025,2025-11,0.25,38.167938931297705,9.352843250000001,30.60284325,50-100,Q1,NORMAL_STRATEGY
A,2025-10-31 00:00:00,2025-11-03 00:00:00,GULF,SELL,11611,LIMIT,IOC,44.0,44.0,FILLED,,510884.0,802.08788,56.1461516,858.2340316,2902.75,,2025-11-03,2025,2025-11,0.25,56.81818181818182,858.2340316000001,3760.9840316,25-50,Q3,NORMAL_STRATEGY
A,2025-10-31 00:00:00,2025-11-03 00:00:00,KTB,SELL,712,LIMIT,IOC,27.0,27.0,FILLED,,19224.0,30.18168,2.1127176,32.2943976,178.0,,2025-11-03,2025,2025-11,0.25,92.59259259259258,32.294397599999996,210.2943976,25-50,Q1,NORMAL_STRATEGY
A,2025-10-31 00:00:00,2025-11-03 00:00:00,PTTGC,BUY,20852,LIMIT,IOC,25.5,25.5,FILLED,,531726.0,834.80982,58.4366874,893.2465074,5213.0,,2025-11-03,2025,2025-11,0.25,98.0392156862745,893.2465073999999,6106.2465074,25-50,Q3,NORMAL_STRATEGY
A,2025-10-31 00:00:00,2025-11-03 00:00:00,RATCH,BUY,356,LIMIT,IOC,27.75,27.75,FILLED,,9879.0,15.51003,1.0857021,16.5957321,89.0,,2025-11-03,2025,2025-11,0.25,90.09009009009009,16.5957321,105.59573209999999,25-50,Q1,NORMAL_STRATEGY
A,2025-11-05 00:00:00,2025-11-06 00:00:00,TIDLOR,SELL,24824,LIMIT,IOC,20.79999961853028,20.79999961853028,FILLED,,516339.1905303956,810.6525291327209,56.74567703929048,867.3982061720116,2482.4,,2025-11-06,2025,2025-11,0.1,48.0769239586486,867.3982061720114,3349.7982061720113,10-25,Q3,NORMAL_STRATEGY
A,2025-11-05 00:00:00,2025-11-06 00:00:00,PTTGC,SELL,20852,LIMIT,IOC,20.79999961853028,20.79999961853028,FILLED,,433721.5920455933,680.9428995115816,47.66600296581071,728.6089024773921,2085.2,,2025-11-06,2025,2025-11,0.09999999999999999,48.0769239586486,728.6089024773922,2813.808902477392,10-25,Q3,NORMAL_STRATEGY
A,2025-11-05 00:00:00,2025-11-06 00:00:00,KKP,BUY,5102,LIMIT,IOC,65.75,65.75,FILLED,,335456.5,526.666705,36.86666935,563.53337435,1275.5,,2025-11-06,2025,2025-11,0.25,38.02281368821293,563.53337435,1839.03337435,50-100,Q3,NORMAL_STRATEGY
A,2025-11-05 00:00:00,2025-11-06 00:00:00,KTB,BUY,11842,LIMIT,IOC,27.75,27.75,FILLED,,328615.5,515.926335,36.11484345,552.04117845,2960.5,,2025-11-06,2025,2025-11,0.25,90.09009009009009,552.04117845,3512.54117845,25-50,Q3,NORMAL_STRATEGY
A,2025-11-10 00:00:00,2025-11-11 00:00:00,KKP,SELL,3347,LIMIT,IOC,65.25,65.25,FILLED,,218391.75,342.8750475,24.001253325,366.876300825,836.75,,2025-11-11,2025,2025-11,0.25,38.314176245210724,366.876300825,1203.626300825,50-100,Q2,NORMAL_STRATEGY
A,2025-11-10 00:00:00,2025-11-11 00:00:00,KTB,SELL,7932,LIMIT,IOC,27.25,27.25,FILLED,,216147.0,339.35079,23.7545553,363.1053453,1983.0,,2025-11-11,2025,2025-11,0.25,91.74311926605505,363.1053453,2346.1053453,25-50,Q2,NORMAL_STRATEGY
A,2025-11-10 00:00:00,2025-11-11 00:00:00,RATCH,BUY,3082,LIMIT,IOC,29.0,29.0,FILLED,,89378.0,140.32346,9.8226422,150.1461022,770.5,,2025-11-11,2025,2025-11,0.25,86.20689655172414,150.1461022,920.6461022,25-50,Q2,NORMAL_STRATEGY
A,2025-11-10 00:00:00,2025-11-11 00:00:00,TOP,BUY,17673,LIMIT,IOC,36.5,36.5,FILLED,,645064.5,1012.751265,70.89258855,1083.64385355,4418.25,,2025-11-11,2025,2025-11,0.25,68.4931506849315,1083.64385355,5501.89385355,25-50,Q3,NORMAL_STRATEGY
A,2025-11-13 00:00:00,2025-11-14 00:00:00,RATCH,SELL,22243,LIMIT,IOC,28.25,28.25,FILLED,,628364.75,986.5326575,69.057286025,1055.589943525,5560.75,,2025-11-14,2025,2025-11,0.25,88.49557522123894,1055.589943525,6616.339943525,25-50,Q3,NORMAL_STRATEGY
A,2025-11-13 00:00:00,2025-11-14 00:00:00,KKP,SELL,9811,LIMIT,IOC,64.5,64.5,FILLED,,632809.5,993.510915,69.54576405,1063.05667905,2452.75,,2025-11-14,2025,2025-11,0.25,38.75968992248062,1063.05667905,3515.8066790499997,50-100,Q3,NORMAL_STRATEGY
A,2025-11-13 00:00:00,2025-11-14 00:00:00,KTB,BUY,23002,LIMIT,IOC,27.25,27.25,FILLED,,626804.5,984.083065,68.88581455,1052.96887955,5750.5,,2025-11-14,2025,2025-11,0.25,91.74311926605505,1052.96887955,6803.468879550001,25-50,Q3,NORMAL_STRATEGY
A,2025-11-13 00:00:00,2025-11-14 00:00:00,TOP,BUY,16854,LIMIT,IOC,36.5,36.5,FILLED,,615171.0,965.81847,67.6072929,1033.4257629,4213.5,,2025-11-14,2025,2025-11,0.25,68.4931506849315,1033.4257629,5246.9257629,25-50,Q3,NORMAL_STRATEGY
A,2025-11-18 00:00:00,2025-11-19 00:00:00,KTB,SELL,15576,LIMIT,IOC,27.25,27.25,FILLED,,424446.0,666.38022,46.6466154,713.0268354,3894.0,,2025-11-19,2025,2025-11,0.25,91.74311926605505,713.0268354,4607.0268354,25-50,Q3,NORMAL_STRATEGY
A,2025-11-21 00:00:00,2025-11-24 00:00:00,TOP,SELL,34527,LIMIT,IOC,35.25,35.25,FILLED,,1217076.75,1910.8104975,133.756734825,2044.567232325,8631.75,,2025-11-24,2025,2025-11,0.25,70.92198581560284,2044.567232325,10676.317232325,25-50,Q4,NORMAL_STRATEGY
A,2025-11-21 00:00:00,2025-11-24 00:00:00,KTB,BUY,15065,LIMIT,IOC,27.75,27.75,FILLED,,418053.75,656.3443875,45.944107125,702.288494625,3766.25,,2025-11-24,2025,2025-11,0.25,90.09009009009009,702.288494625,4468.538494625,25-50,Q3,NORMAL_STRATEGY
A,2025-11-26 00:00:00,2025-11-27 00:00:00,KTB,SELL,23442,LIMIT,IOC,27.75,27.75,FILLED,,650515.5,1021.309335,71.49165345,1092.80098845,5860.5,,2025-11-27,2025,2025-11,0.25,90.09009009009009,1092.80098845,6953.30098845,25-50,Q3,NORMAL_STRATEGY
A,2025-11-26 00:00:00,2025-11-27 00:00:00,OSP,BUY,40115,LIMIT,IOC,15.700000381469728,15.700000381469728,FILLED,,629805.5153026581,988.7946590251731,69.21562613176212,1058.0102851569354,4011.5,,2025-11-27,2025,2025-11,0.1,63.694265968316294,1058.0102851569352,5069.510285156935,10-25,Q3,NORMAL_STRATEGY
A,2025-12-01 00:00:00,2025-12-02 00:00:00,KTB,SELL,4312,LIMIT,IOC,27.75,27.75,FILLED,,119658.0,187.86306,13.1504142,201.0134742,1078.0,,2025-12-02,2025,2025-12,0.25,90.09009009009009,201.0134742,1279.0134742,25-50,Q2,NORMAL_STRATEGY
A,2025-12-01 00:00:00,2025-12-02 00:00:00,OSP,SELL,8563,LIMIT,IOC,15.9,15.9,FILLED,,136151.7,213.758169,14.96307183,228.72124083,856.3,,2025-12-02,2025,2025-12,0.09999999999999999,62.893081761006286,228.72124083,1085.02124083,10-25,Q2,NORMAL_STRATEGY
A,2025-12-01 00:00:00,2025-12-02 00:00:00,BDMS,BUY,26457,LIMIT,IOC,19.200000381469728,19.200000381469728,FILLED,,507974.41009254457,797.5198238452949,55.82638766917065,853.3462115144656,2645.7,,2025-12-02,2025,2025-12,0.09999999999999999,52.083332298530486,853.3462115144656,3499.0462115144655,10-25,Q3,NORMAL_STRATEGY
A,2025-12-01 00:00:00,2025-12-02 00:00:00,TOP,BUY,13917,LIMIT,IOC,36.5,36.5,FILLED,,507970.5,797.513685,55.82595795,853.33964295,3479.25,,2025-12-02,2025,2025-12,0.25,68.4931506849315,853.33964295,4332.58964295,25-50,Q3,NORMAL_STRATEGY
A,2025-12-04 00:00:00,2025-12-08 00:00:00,BDMS,SELL,26457,LIMIT,IOC,18.69999923706055,18.69999923706055,FILLED,,494745.8798149109,776.7510313094101,54.37257219165871,831.1236035010688,2645.7,,2025-12-08,2025,2025-12,0.09999999999999999,53.47593801063651,831.1236035010688,3476.8236035010686,10-25,Q3,NORMAL_STRATEGY
A,2025-12-04 00:00:00,2025-12-08 00:00:00,TOP,SELL,13917,LIMIT,IOC,35.25,35.25,FILLED,,490574.25,770.2015725,53.914110075,824.115682575,3479.25,,2025-12-08,2025,2025-12,0.25,70.92198581560284,824.115682575,4303.365682575,25-50,Q3,NORMAL_STRATEGY
A,2025-12-04 00:00:00,2025-12-08 00:00:00,HMPRO,BUY,97422,LIMIT,IOC,6.350000190734863,6.350000190734863,FILLED,,618629.7185817718,971.2486581733816,67.98740607213672,1039.2360642455185,4871.1,,2025-12-08,2025,2025-12,0.05,78.74015511519801,1039.2360642455183,5910.336064245519,5-10,Q3,NORMAL_STRATEGY
A,2025-12-04 00:00:00,2025-12-08 00:00:00,RATCH,BUY,20970,LIMIT,IOC,29.5,29.5,FILLED,,618615.0,971.22555,67.9857885,1039.2113385,5242.5,,2025-12-08,2025,2025-12,0.25,84.7457627118644,1039.2113385,6281.7113385,25-50,Q3,NORMAL_STRATEGY
A,2025-12-11 00:00:00,2025-12-12 00:00:00,OSP,SELL,31552,LIMIT,IOC,15.700000190734864,15.700000190734864,FILLED,,495366.4060180664,777.7252574483641,54.440768021385495,832.1660254697498,3155.2,,2025-12-12,2025,2025-12,0.09999999999999999,63.69426674211992,832.1660254697496,3987.3660254697493,10-25,Q3,NORMAL_STRATEGY
A,2025-12-11 00:00:00,2025-12-12 00:00:00,BDMS,BUY,31701,LIMIT,IOC,19.700000381469728,19.700000381469728,FILLED,,624509.7120929719,980.4802479859655,68.6336173590176,1049.1138653449832,3170.1,,2025-12-12,2025,2025-12,0.09999999999999999,50.761420336855565,1049.1138653449832,4219.213865344983,10-25,Q3,NORMAL_STRATEGY
A,2025-12-11 00:00:00,2025-12-12 00:00:00,RATCH,BUY,199,LIMIT,IOC,29.5,29.5,FILLED,,5870.5,9.216685,0.64516795,9.86185295,49.75,,2025-12-12,2025,2025-12,0.25,84.7457627118644,9.86185295,59.61185295,25-50,Q1,NORMAL_STRATEGY
A,2025-12-16 00:00:00,2025-12-17 00:00:00,HMPRO,SELL,42155,LIMIT,IOC,6.299999904632568,6.299999904632568,FILLED,,265576.4959797859,416.95509868826394,29.186856908178473,446.1419555964424,2107.75,,2025-12-17,2025,2025-12,0.05,79.36508056648316,446.1419555964424,2553.8919555964426,5-10,Q3,NORMAL_STRATEGY
A,2025-12-16 00:00:00,2025-12-17 00:00:00,RATCH,SELL,9280,LIMIT,IOC,29.25,29.25,FILLED,,271440.0,426.1608,29.831256,455.992056,2320.0,,2025-12-17,2025,2025-12,0.25,85.47008547008548,455.992056,2775.992056,25-50,Q3,NORMAL_STRATEGY
A,2025-12-16 00:00:00,2025-12-17 00:00:00,KKP,BUY,5299,LIMIT,IOC,66.75,66.75,FILLED,,353708.25,555.3219525,38.872536675,594.194489175,1324.75,,2025-12-17,2025,2025-12,0.25,37.453183520599254,594.194489175,1918.944489175,50-100,Q3,NORMAL_STRATEGY
A,2025-12-19 00:00:00,2025-12-22 00:00:00,KTB,SELL,5730,LIMIT,IOC,28.25,28.25,FILLED,,161872.5,254.139825,17.78978775,271.92961275,1432.5,,2025-12-22,2025,2025-12,0.25,88.49557522123894,271.92961275,1704.42961275,25-50,Q2,NORMAL_STRATEGY
A,2025-12-19 00:00:00,2025-12-22 00:00:00,HMPRO,SELL,225,LIMIT,IOC,6.299999904632568,6.299999904632568,FILLED,,1417.4999785423279,2.2254749663114546,0.1557832476418018,2.3812582139532563,11.25,,2025-12-22,2025,2025-12,0.05,79.36508056648316,2.3812582139532563,13.631258213953256,5-10,Q1,NORMAL_STRATEGY
A,2025-12-19 00:00:00,2025-12-22 00:00:00,BDMS,SELL,13820,LIMIT,IOC,19.50000038146973,19.50000038146973,FILLED,,269490.0052719116,423.0993082769013,29.616951579383088,452.7162598562843,1382.0,,2025-12-22,2025,2025-12,0.1,51.282050278843606,452.7162598562844,1834.7162598562845,10-25,Q3,NORMAL_STRATEGY
A,2025-12-19 00:00:00,2025-12-22 00:00:00,KKP,SELL,61,LIMIT,IOC,66.75,66.75,FILLED,,4071.75,6.3926475,0.447485325,6.840132825,15.25,,2025-12-22,2025,2025-12,0.25,37.453183520599254,6.8401328249999995,22.090132824999998,50-100,Q1,NORMAL_STRATEGY
A,2025-12-19 00:00:00,2025-12-22 00:00:00,GULF,BUY,8387,LIMIT,IOC,42.0,42.0,FILLED,,352254.0,553.03878,38.7127146,591.7514946,2096.75,,2025-12-22,2025,2025-12,0.25,59.52380952380952,591.7514946,2688.5014946,25-50,Q3,NORMAL_STRATEGY
A,2025-12-19 00:00:00,2025-12-22 00:00:00,LH,BUY,94190,LIMIT,IOC,3.7400000286102295,3.7400000286102295,FILLED,,352270.6026947975,553.0648462308321,38.714539236158245,591.7793854669904,1883.8,,2025-12-22,2025,2025-12,0.02,53.47593541979712,591.7793854669903,2475.57938546699,<5,Q3,NORMAL_STRATEGY
A,2025-12-24 00:00:00,2025-12-25 00:00:00,KTB,SELL,12252,LIMIT,IOC,28.25,28.25,FILLED,,346119.0,543.40683,38.0384781,581.4453081,3063.0,,2025-12-25,2025,2025-12,0.25,88.49557522123894,581.4453081,3644.4453081,25-50,Q3,NORMAL_STRATEGY
A,2025-12-24 00:00:00,2025-12-25 00:00:00,HMPRO,SELL,14098,LIMIT,IOC,6.649999809265137,6.649999809265137,FILLED,,93751.6973110199,147.19016477830124,10.303311534481088,157.49347631278232,704.9,,2025-12-25,2025,2025-12,0.049999999999999996,75.1879720813485,157.49347631278232,862.3934763127822,5-10,Q2,NORMAL_STRATEGY
A,2025-12-24 00:00:00,2025-12-25 00:00:00,RATCH,SELL,2677,LIMIT,IOC,29.5,29.5,FILLED,,78971.5,123.985255,8.67896785,132.66422285,669.25,,2025-12-25,2025,2025-12,0.25,84.7457627118644,132.66422285,801.91422285,25-50,Q2,NORMAL_STRATEGY
A,2025-12-24 00:00:00,2025-12-25 00:00:00,BDMS,SELL,3993,LIMIT,IOC,19.69999923706055,19.69999923706055,FILLED,,78662.09695358275,123.49949221712492,8.644964455198746,132.14445667232368,399.3,,2025-12-25,2025,2025-12,0.1,50.76142328567983,132.14445667232366,531.4444566723237,10-25,Q2,NORMAL_STRATEGY
A,2025-12-24 00:00:00,2025-12-25 00:00:00,KKP,SELL,5238,LIMIT,IOC,65.75,65.75,FILLED,,344398.5,540.705645,37.84939515,578.55504015,1309.5,,2025-12-25,2025,2025-12,0.25,38.02281368821293,578.55504015,1888.05504015,50-100,Q3,NORMAL_STRATEGY
A,2025-12-24 00:00:00,2025-12-25 00:00:00,GULF,SELL,1960,LIMIT,IOC,42.5,42.5,FILLED,,83300.0,130.781,9.15467,139.93567,490.0,,2025-12-25,2025,2025-12,0.25,58.8235294117647,139.93567000000002,629.9356700000001,25-50,Q2,NORMAL_STRATEGY
A,2025-12-24 00:00:00,2025-12-25 00:00:00,LH,SELL,22218,LIMIT,IOC,3.799999933242798,3.799999933242798,FILLED,,84428.39851678848,132.55258567135792,9.278680996995055,141.83126666835295,444.36,,2025-12-25,2025,2025-12,0.02,52.63157987198343,141.83126666835298,586.191266668353,<5,Q2,NORMAL_STRATEGY
A,2025-12-24 00:00:00,2025-12-25 00:00:00,PTTGC,BUY,12795,LIMIT,IOC,21.6,21.6,FILLED,,276372.0,433.90404,30.3732828,464.2773228,1279.5,,2025-12-25,2025,2025-12,0.1,46.29629629629629,464.2773228,1743.7773228,10-25,Q3,NORMAL_STRATEGY
A,2025-12-29 00:00:00,2025-12-30 00:00:00,BDMS,SELL,13888,LIMIT,IOC,19.4,19.4,FILLED,,269427.2,423.000704,29.61004928,452.61075328,1388.8,,2025-12-30,2025,2025-12,0.09999999999999999,51.54639175257732,452.61075328,1841.4107532799999,10-25,Q3,NORMAL_STRATEGY
A,2025-12-29 00:00:00,2025-12-30 00:00:00,GULF,BUY,958,LIMIT,IOC,41.75,41.75,FILLED,,39996.5,62.794505,4.39561535,67.19012035,239.5,,2025-12-30,2025,2025-12,0.25,59.880239520958085,67.19012035,306.69012035000003,25-50,Q1,NORMAL_STRATEGY
A,2025-12-29 00:00:00,2025-12-30 00:00:00,HMPRO,BUY,5423,LIMIT,IOC,6.649999904632568,6.649999904632568,FILLED,,36062.94948282241,56.61883068803119,3.963318148162184,60.582148836193376,271.15,,2025-12-30,2025,2025-12,0.049999999999999996,75.18797100308025,60.58214883619337,331.73214883619335,5-10,Q1,NORMAL_STRATEGY
A,2025-12-29 00:00:00,2025-12-30 00:00:00,IVL,BUY,19033,LIMIT,IOC,16.200000381469728,16.200000381469728,FILLED,,308334.6072605133,484.08533339900595,33.88597333793041,517.9713067369363,1903.3,,2025-12-30,2025,2025-12,0.09999999999999999,61.72839360817819,517.9713067369364,2421.2713067369364,10-25,Q3,NORMAL_STRATEGY
A,2025-12-29 00:00:00,2025-12-30 00:00:00,KKP,BUY,4585,LIMIT,IOC,67.25,67.25,FILLED,,308341.25,484.0957625,33.886703375,517.982465875,1146.25,,2025-12-30,2025,2025-12,0.25,37.174721189591075,517.982465875,1664.232465875,50-100,Q3,NORMAL_STRATEGY
A,2025-12-29 00:00:00,2025-12-30 00:00:00,PTTGC,BUY,2029,LIMIT,IOC,20.80000076293945,20.80000076293945,FILLED,,42203.20154800415,66.25902643036652,4.638131850125656,70.89715828049216,202.9,,2025-12-30,2025,2025-12,0.1,48.07692131347211,70.89715828049218,273.79715828049217,10-25,Q1,NORMAL_STRATEGY
A,2026-01-06 00:00:00,2026-01-07 00:00:00,GULF,SELL,11,LIMIT,IOC,42.25,42.25,FILLED,,464.75,0.7296575,0.051076025,0.780733525,2.75,,2026-01-07,2026,2026-01,0.25,59.171597633136095,0.7807335249999999,3.530733525,25-50,Q1,NORMAL_STRATEGY
A,2026-01-06 00:00:00,2026-01-07 00:00:00,HMPRO,BUY,685,LIMIT,IOC,6.700000095367432,6.700000095367432,FILLED,,4589.500065326691,7.205515102562905,0.5043860571794033,7.709901159742307,34.25,,2026-01-07,2026,2026-01,0.05,74.62686460940711,7.709901159742309,41.95990115974231,5-10,Q1,NORMAL_STRATEGY
A,2026-01-06 00:00:00,2026-01-07 00:00:00,IVL,BUY,547,LIMIT,IOC,16.1,16.1,FILLED,,8806.7,13.826519,0.96785633,14.79437533,54.7,,2026-01-07,2026,2026-01,0.1,62.11180124223602,14.79437533,69.49437533,10-25,Q1,NORMAL_STRATEGY
A,2026-01-06 00:00:00,2026-01-07 00:00:00,KKP,BUY,51,LIMIT,IOC,68.0,68.0,FILLED,,3468.0,5.44476,0.3811332,5.8258932,12.75,,2026-01-07,2026,2026-01,0.25,36.76470588235294,5.825893199999999,18.5758932,50-100,Q1,NORMAL_STRATEGY
A,2026-01-06 00:00:00,2026-01-07 00:00:00,LH,BUY,8448,LIMIT,IOC,3.920000095367432,3.920000095367432,FILLED,,33116.16080566406,51.992372464892576,3.639466072542481,55.63183853743506,168.96,,2026-01-07,2026,2026-01,0.02,51.02040692201909,55.63183853743506,224.59183853743508,<5,Q1,NORMAL_STRATEGY
A,2026-01-06 00:00:00,2026-01-07 00:00:00,PTTGC,BUY,116,LIMIT,IOC,21.1,21.1,FILLED,,2447.6,3.842732,0.26899124,4.11172324,11.6,,2026-01-07,2026,2026-01,0.09999999999999999,47.39336492890995,4.11172324,15.71172324,10-25,Q1,NORMAL_STRATEGY
A,2026-01-06 00:00:00,2026-01-07 00:00:00,SCGP,BUY,18014,LIMIT,IOC,17.49999961853027,17.49999961853027,FILLED,,315244.99312820437,494.9346392112808,34.64542474478966,529.5800639560705,1801.4,,2026-01-07,2026,2026-01,0.1,57.142858388472604,529.5800639560705,2330.980063956071,10-25,Q3,NORMAL_STRATEGY
A,2026-01-09 00:00:00,2026-01-12 00:00:00,HMPRO,SELL,518,LIMIT,IOC,6.600000095367432,6.600000095367432,FILLED,,3418.8000494003295,5.367516077558518,0.3757261254290962,5.743242202987614,25.9,,2026-01-12,2026,2026-01,0.049999999999999996,75.75757466290828,5.743242202987615,31.643242202987615,5-10,Q1,NORMAL_STRATEGY
A,2026-01-09 00:00:00,2026-01-12 00:00:00,RATCH,SELL,9212,LIMIT,IOC,29.0,29.0,FILLED,,267148.0,419.42236,29.3595652,448.7819252,2303.0,,2026-01-12,2026,2026-01,0.25,86.20689655172414,448.78192520000005,2751.7819252,25-50,Q3,NORMAL_STRATEGY
A,2026-01-09 00:00:00,2026-01-12 00:00:00,GULF,SELL,207,LIMIT,IOC,43.0,43.0,FILLED,,8901.0,13.97457,0.9782199,14.9527899,51.75,,2026-01-12,2026,2026-01,0.25,58.13953488372093,14.952789899999999,66.7027899,25-50,Q1,NORMAL_STRATEGY
A,2026-01-09 00:00:00,2026-01-12 00:00:00,PTTGC,SELL,1022,LIMIT,IOC,22.19999923706055,22.19999923706055,FILLED,,22688.39922027588,35.620786775833125,2.493455074308319,38.11424185014145,102.2,,2026-01-12,2026,2026-01,0.1,45.04504659309203,38.11424185014145,140.31424185014146,10-25,Q1,NORMAL_STRATEGY
A,2026-01-09 00:00:00,2026-01-12 00:00:00,IVL,SELL,1241,LIMIT,IOC,16.799999618530272,16.799999618530272,FILLED,,20848.799526596067,32.73261525675583,2.291283067972908,35.023898324728734,124.1,,2026-01-12,2026,2026-01,0.09999999999999999,59.523810875388804,35.023898324728734,159.1238983247287,10-25,Q1,NORMAL_STRATEGY
A,2026-01-09 00:00:00,2026-01-12 00:00:00,KKP,SELL,4636,LIMIT,IOC,66.75,66.75,FILLED,,309453.0,485.84121,34.0088847,519.8500947,1159.0,,2026-01-12,2026,2026-01,0.25,37.453183520599254,519.8500947,1678.8500947,50-100,Q3,NORMAL_STRATEGY
A,2026-01-09 00:00:00,2026-01-12 00:00:00,SCGP,SELL,1431,LIMIT,IOC,18.60000076293945,18.60000076293945,FILLED,,26616.60109176636,41.78806371407318,2.9251644599851225,44.7132281740583,143.1,,2026-01-12,2026,2026-01,0.09999999999999999,53.76343865493287,44.7132281740583,187.81322817405828,10-25,Q1,NORMAL_STRATEGY
A,2026-01-09 00:00:00,2026-01-12 00:00:00,TOP,BUY,7843,LIMIT,IOC,39.75,39.75,FILLED,,311759.25,489.4620225,34.262341575,523.724364075,1960.75,,2026-01-12,2026,2026-01,0.25,62.89308176100629,523.724364075,2484.4743640750003,25-50,Q3,NORMAL_STRATEGY
A,2026-01-14 00:00:00,2026-01-15 00:00:00,GULF,BUY,1345,LIMIT,IOC,43.25,43.25,FILLED,,58171.25,91.3288625,6.393020375,97.721882875,336.25,,2026-01-15,2026,2026-01,0.25,57.80346820809248,97.721882875,433.971882875,25-50,Q2,NORMAL_STRATEGY
A,2026-01-14 00:00:00,2026-01-15 00:00:00,IVL,BUY,2942,LIMIT,IOC,17.30000076293945,17.30000076293945,FILLED,,50896.602244567875,79.90766552397154,5.593536586678009,85.50120211064957,294.2,,2026-01-15,2026,2026-01,0.09999999999999999,57.80346565892806,85.50120211064956,379.70120211064955,10-25,Q1,NORMAL_STRATEGY
A,2026-01-14 00:00:00,2026-01-15 00:00:00,PTTGC,BUY,2372,LIMIT,IOC,22.6,22.6,FILLED,,53607.2,84.163304,5.89143128,90.05473528,237.2,,2026-01-15,2026,2026-01,0.09999999999999999,44.24778761061947,90.05473528,327.25473528,10-25,Q2,NORMAL_STRATEGY
A,2026-01-14 00:00:00,2026-01-15 00:00:00,SCGP,BUY,2794,LIMIT,IOC,18.99999961853028,18.99999961853028,FILLED,,53085.99893417359,83.34501832665255,5.834151282865678,89.17916960951823,279.4,,2026-01-15,2026,2026-01,0.09999999999999999,52.63158000407127,89.17916960951823,368.5791696095182,10-25,Q2,NORMAL_STRATEGY
A,2026-01-14 00:00:00,2026-01-15 00:00:00,TOP,BUY,1658,LIMIT,IOC,38.75,38.75,FILLED,,64247.5,100.868575,7.06080025,107.92937525,414.5,,2026-01-15,2026,2026-01,0.25,64.51612903225806,107.92937525,522.42937525,25-50,Q2,NORMAL_STRATEGY
A,2026-01-19 00:00:00,2026-01-20 00:00:00,HMPRO,SELL,10972,LIMIT,IOC,6.750000190734863,6.750000190734863,FILLED,,74061.00209274291,116.27577328560636,8.139304129992446,124.41507741559882,548.6,,2026-01-20,2026,2026-01,0.05,74.07407198096179,124.4150774155988,673.0150774155989,5-10,Q2,NORMAL_STRATEGY
A,2026-01-19 00:00:00,2026-01-20 00:00:00,GULF,SELL,3217,LIMIT,IOC,45.5,45.5,FILLED,,146373.5,229.806395,16.08644765,245.89284265,804.25,,2026-01-20,2026,2026-01,0.25,54.94505494505495,245.89284265,1050.14284265,25-50,Q2,NORMAL_STRATEGY
A,2026-01-19 00:00:00,2026-01-20 00:00:00,LH,SELL,18278,LIMIT,IOC,3.880000095367432,3.880000095367432,FILLED,,70918.64174312592,111.34226753670768,7.793958727569539,119.13622626427724,365.56,,2026-01-20,2026,2026-01,0.02,51.54639048560647,119.13622626427721,484.69622626427724,<5,Q2,NORMAL_STRATEGY
A,2026-01-19 00:00:00,2026-01-20 00:00:00,IVL,SELL,8660,LIMIT,IOC,19.10000076293945,19.10000076293945,FILLED,,165406.00660705566,259.68743037307735,18.178120126115417,277.8655504991928,866.0,,2026-01-20,2026,2026-01,0.1,52.356018851074744,277.86555049919275,1143.8655504991928,10-25,Q2,NORMAL_STRATEGY
A,2026-01-19 00:00:00,2026-01-20 00:00:00,TOP,SELL,3449,LIMIT,IOC,39.75,39.75,FILLED,,137097.75,215.2434675,15.067042725,230.310510225,862.25,,2026-01-20,2026,2026-01,0.25,62.89308176100629,230.310510225,1092.560510225,25-50,Q2,NORMAL_STRATEGY
A,2026-01-19 00:00:00,2026-01-20 00:00:00,KKP,BUY,3505,LIMIT,IOC,69.5,69.5,FILLED,,243597.5,382.448075,26.77136525,409.21944025,876.25,,2026-01-20,2026,2026-01,0.25,35.97122302158274,409.21944025,1285.46944025,50-100,Q2,NORMAL_STRATEGY
A,2026-01-19 00:00:00,2026-01-20 00:00:00,KTB,BUY,8399,LIMIT,IOC,29.0,29.0,FILLED,,243571.0,382.40647,26.7684529,409.1749229,2099.75,,2026-01-20,2026,2026-01,0.25,86.20689655172414,409.1749229,2508.9249229,25-50,Q2,NORMAL_STRATEGY
A,2026-01-22 00:00:00,2026-01-23 00:00:00,HMPRO,SELL,5739,LIMIT,IOC,6.850000095367432,6.850000095367432,FILLED,,39312.150547313686,61.720076359282494,4.3204053451497755,66.04048170443227,286.95,,2026-01-23,2026,2026-01,0.049999999999999996,72.9926997137042,66.04048170443227,352.9904817044322,5-10,Q1,NORMAL_STRATEGY
A,2026-01-22 00:00:00,2026-01-23 00:00:00,LH,SELL,10837,LIMIT,IOC,3.999999980926514,3.999999980926514,FILLED,,43347.99979330063,68.05635967548199,4.763945177283739,72.82030485276573,216.74,,2026-01-23,2026,2026-01,0.02,50.000000238418586,72.82030485276573,289.56030485276574,<5,Q1,NORMAL_STRATEGY
A,2026-01-22 00:00:00,2026-01-23 00:00:00,PTTGC,SELL,8082,LIMIT,IOC,24.75,24.75,FILLED,,200029.5,314.046315,21.98324205,336.02955705,2020.5,,2026-01-23,2026,2026-01,0.25,101.01010101010102,336.02955705,2356.52955705,10-25,Q2,NORMAL_STRATEGY
A,2026-01-22 00:00:00,2026-01-23 00:00:00,IVL,SELL,2046,LIMIT,IOC,19.4,19.4,FILLED,,39692.4,62.317068,4.36219476,66.67926276,204.6,,2026-01-23,2026,2026-01,0.09999999999999999,51.54639175257732,66.67926276,271.27926276,10-25,Q1,NORMAL_STRATEGY
A,2026-01-22 00:00:00,2026-01-23 00:00:00,SCGP,SELL,9412,LIMIT,IOC,20.60000076293945,20.60000076293945,FILLED,,193887.20718078612,304.40291527383425,21.308204069168397,325.7111193430026,941.2,,2026-01-23,2026,2026-01,0.1,48.5436875225294,325.7111193430027,1266.9111193430026,10-25,Q2,NORMAL_STRATEGY
A,2026-01-22 00:00:00,2026-01-23 00:00:00,KKP,SELL,565,LIMIT,IOC,70.0,70.0,FILLED,,39550.0,62.0935,4.346545,66.440045,141.25,,2026-01-23,2026,2026-01,0.25,35.714285714285715,66.440045,207.690045,50-100,Q1,NORMAL_STRATEGY
A,2026-01-22 00:00:00,2026-01-23 00:00:00,KTB,SELL,1252,LIMIT,IOC,28.5,28.5,FILLED,,35682.0,56.02074,3.9214518,59.9421918,313.0,,2026-01-23,2026,2026-01,0.25,87.71929824561403,59.9421918,372.9421918,25-50,Q1,NORMAL_STRATEGY
A,2026-01-22 00:00:00,2026-01-23 00:00:00,BDMS,BUY,10363,LIMIT,IOC,19.99999961853028,19.99999961853028,FILLED,,207259.99604682927,325.39819379352195,22.777873565546532,348.1760673590685,1036.3,,2026-01-23,2026,2026-01,0.09999999999999999,50.000000953674316,348.1760673590685,1384.4760673590686,10-25,Q2,NORMAL_STRATEGY
A,2026-01-22 00:00:00,2026-01-23 00:00:00,CENTEL,BUY,5922,LIMIT,IOC,35.0,35.0,FILLED,,207270.0,325.4139,22.778973,348.192873,1480.5,,2026-01-23,2026,2026-01,0.25,71.42857142857143,348.192873,1828.692873,25-50,Q2,NORMAL_STRATEGY
A,2026-01-27 00:00:00,2026-01-28 00:00:00,GULF,SELL,1134,LIMIT,IOC,46.75,46.75,FILLED,,53014.5,83.232765,5.82629355,89.05905855,283.5,,2026-01-28,2026,2026-01,0.25,53.475935828877,89.05905855,372.55905855000003,25-50,Q2,NORMAL_STRATEGY
A,2026-01-27 00:00:00,2026-01-28 00:00:00,PTTGC,SELL,645,LIMIT,IOC,25.5,25.5,FILLED,,16447.5,25.822575,1.80758025,27.63015525,161.25,,2026-01-28,2026,2026-01,0.25,98.0392156862745,27.63015525,188.88015525,25-50,Q1,NORMAL_STRATEGY
A,2026-01-27 00:00:00,2026-01-28 00:00:00,IVL,SELL,889,LIMIT,IOC,20.10000076293945,20.10000076293945,FILLED,,17868.900678253172,28.05417406485748,1.963792184540024,30.017966249397503,88.9,,2026-01-28,2026,2026-01,0.1,49.75124189267736,30.017966249397503,118.91796624939751,10-25,Q1,NORMAL_STRATEGY
A,2026-01-27 00:00:00,2026-01-28 00:00:00,SCGP,SELL,512,LIMIT,IOC,20.60000076293945,20.60000076293945,FILLED,,10547.200390625,16.55910461328125,1.1591373229296873,17.718241936210937,51.2,,2026-01-28,2026,2026-01,0.1,48.5436875225294,17.718241936210937,68.91824193621093,10-25,Q1,NORMAL_STRATEGY
A,2026-01-27 00:00:00,2026-01-28 00:00:00,TOP,SELL,1453,LIMIT,IOC,42.25,42.25,FILLED,,61389.25,96.3811225,6.746678575,103.127801075,363.25,,2026-01-28,2026,2026-01,0.25,59.171597633136095,103.12780107500001,466.377801075,25-50,Q2,NORMAL_STRATEGY
A,2026-01-27 00:00:00,2026-01-28 00:00:00,KKP,SELL,151,LIMIT,IOC,70.0,70.0,FILLED,,10570.0,16.5949,1.161643,17.756543,37.75,,2026-01-28,2026,2026-01,0.25,35.714285714285715,17.756543,55.506543,50-100,Q1,NORMAL_STRATEGY
A,2026-01-27 00:00:00,2026-01-28 00:00:00,KTB,SELL,425,LIMIT,IOC,28.75,28.75,FILLED,,12218.75,19.1834375,1.342840625,20.526278125,106.25,,2026-01-28,2026,2026-01,0.25,86.95652173913044,20.526278125,126.776278125,25-50,Q1,NORMAL_STRATEGY
A,2026-01-27 00:00:00,2026-01-28 00:00:00,BDMS,SELL,677,LIMIT,IOC,20.10000076293945,20.10000076293945,FILLED,,13607.700516510007,21.364089810920717,1.49548628676445,22.859576097685164,67.7,,2026-01-28,2026,2026-01,0.1,49.75124189267736,22.859576097685167,90.55957609768517,10-25,Q1,NORMAL_STRATEGY
A,2026-01-27 00:00:00,2026-01-28 00:00:00,CENTEL,SELL,460,LIMIT,IOC,35.5,35.5,FILLED,,16330.0,25.6381,1.794667,27.432767,115.0,,2026-01-28,2026,2026-01,0.25,70.4225352112676,27.432767000000002,142.432767,25-50,Q1,NORMAL_STRATEGY
A,2026-01-27 00:00:00,2026-01-28 00:00:00,MTC,BUY,5826,LIMIT,IOC,33.75,33.75,FILLED,,196627.5,308.705175,21.60936225,330.31453725,1456.5,,2026-01-28,2026,2026-01,0.25,74.07407407407408,330.31453725,1786.81453725,25-50,Q2,NORMAL_STRATEGY
A,2026-01-27 00:00:00,2026-01-28 00:00:00,OSP,BUY,11366,LIMIT,IOC,17.30000076293945,17.30000076293945,FILLED,,196631.80867156983,308.71193961436467,21.609835773005525,330.3217753873701,1136.6,,2026-01-28,2026,2026-01,0.09999999999999999,57.80346565892806,330.32177538737017,1466.92177538737,10-25,Q2,NORMAL_STRATEGY
A,2026-01-30 00:00:00,2026-02-02 00:00:00,HMPRO,SELL,1782,LIMIT,IOC,6.799999904632568,6.799999904632568,FILLED,,12117.599830055236,19.02463173318672,1.3317242213230704,20.35635595450979,89.1,,2026-02-02,2026,2026-02,0.049999999999999996,73.52941279592812,20.35635595450979,109.45635595450979,5-10,Q1,NORMAL_STRATEGY
A,2026-01-30 00:00:00,2026-02-02 00:00:00,GULF,SELL,23,LIMIT,IOC,46.25,46.25,FILLED,,1063.75,1.6700875,0.116906125,1.786993625,5.75,,2026-02-02,2026,2026-02,0.25,54.054054054054056,1.786993625,7.536993625,25-50,Q1,NORMAL_STRATEGY
A,2026-01-30 00:00:00,2026-02-02 00:00:00,IVL,SELL,108,LIMIT,IOC,20.00000038146973,20.00000038146973,FILLED,,2160.0000411987303,3.391200064682007,0.2373840045277404,3.6285840692097473,10.8,,2026-02-02,2026,2026-02,0.1,49.99999904632571,3.6285840692097473,14.428584069209748,10-25,Q1,NORMAL_STRATEGY
A,2026-01-30 00:00:00,2026-02-02 00:00:00,TOP,SELL,74,LIMIT,IOC,42.25,42.25,FILLED,,3126.5,4.908605,0.34360235,5.25220735,18.5,,2026-02-02,2026,2026-02,0.25,59.171597633136095,5.25220735,23.75220735,25-50,Q1,NORMAL_STRATEGY
A,2026-01-30 00:00:00,2026-02-02 00:00:00,KKP,SELL,102,LIMIT,IOC,71.5,71.5,FILLED,,7293.0,11.45001,0.8015007,12.2515107,25.5,,2026-02-02,2026,2026-02,0.25,34.96503496503497,12.2515107,37.7515107,50-100,Q1,NORMAL_STRATEGY
A,2026-01-30 00:00:00,2026-02-02 00:00:00,KTB,SELL,6722,LIMIT,IOC,28.0,28.0,FILLED,,188216.0,295.49912,20.6849384,316.1840584,1680.5,,2026-02-02,2026,2026-02,0.25,89.28571428571428,316.1840584,1996.6840584000001,25-50,Q2,NORMAL_STRATEGY
A,2026-01-30 00:00:00,2026-02-02 00:00:00,BDMS,SELL,108,LIMIT,IOC,20.00000038146973,20.00000038146973,FILLED,,2160.0000411987303,3.391200064682007,0.2373840045277404,3.6285840692097473,10.8,,2026-02-02,2026,2026-02,0.1,49.99999904632571,3.6285840692097473,14.428584069209748,10-25,Q1,NORMAL_STRATEGY
A,2026-01-30 00:00:00,2026-02-02 00:00:00,MTC,SELL,94,LIMIT,IOC,33.25,33.25,FILLED,,3125.5,4.907035,0.34349245,5.25052745,23.5,,2026-02-02,2026,2026-02,0.25,75.18796992481202,5.25052745,28.75052745,25-50,Q1,NORMAL_STRATEGY
A,2026-01-30 00:00:00,2026-02-02 00:00:00,OSP,SELL,435,LIMIT,IOC,17.50000038146973,17.50000038146973,FILLED,,7612.500165939331,11.95162526052475,0.8366137682367325,12.788239028761483,43.5,,2026-02-02,2026,2026-02,0.1,57.14285589724174,12.788239028761483,56.28823902876148,10-25,Q1,NORMAL_STRATEGY
A,2026-01-30 00:00:00,2026-02-02 00:00:00,CENTEL,BUY,66,LIMIT,IOC,35.0,35.0,FILLED,,2310.0,3.6267,0.253869,3.880569,16.5,,2026-02-02,2026,2026-02,0.25,71.42857142857143,3.880569,20.380569,25-50,Q1,NORMAL_STRATEGY
A,2026-01-30 00:00:00,2026-02-02 00:00:00,COM7,BUY,8794,LIMIT,IOC,21.99999961853028,21.99999961853028,FILLED,,193467.99664535525,303.74475473320774,21.262132831324543,325.0068875645323,879.4,,2026-02-02,2026,2026-02,0.09999999999999999,45.45454624270606,325.0068875645323,1204.4068875645323,10-25,Q2,NORMAL_STRATEGY
A,2026-01-30 00:00:00,2026-02-02 00:00:00,PTTGC,BUY,334,LIMIT,IOC,24.49999961853028,24.49999961853028,FILLED,,8182.999872589112,12.847309799964906,0.8993116859975434,13.74662148596245,33.4,,2026-02-02,2026,2026-02,0.09999999999999999,40.81632716613033,13.74662148596245,47.14662148596245,10-25,Q1,NORMAL_STRATEGY
A,2026-01-30 00:00:00,2026-02-02 00:00:00,RATCH,BUY,6292,LIMIT,IOC,30.75,30.75,FILLED,,193479.0,303.76203,21.2633421,325.0253721,1573.0,,2026-02-02,2026,2026-02,0.25,81.30081300813009,325.02537209999997,1898.0253721,25-50,Q2,NORMAL_STRATEGY
A,2026-02-04 00:00:00,2026-02-05 00:00:00,HMPRO,SELL,705,LIMIT,IOC,6.7,6.7,FILLED,,4723.5,7.415895,0.51911265,7.93500765,35.25,,2026-02-05,2026,2026-02,0.05,74.6268656716418,7.93500765,43.18500765,5-10,Q1,NORMAL_STRATEGY
A,2026-02-04 00:00:00,2026-02-05 00:00:00,PTTGC,SELL,679,LIMIT,IOC,25.25,25.25,FILLED,,17144.75,26.9172575,1.884208025,28.801465525,169.75,,2026-02-05,2026,2026-02,0.25,99.00990099009901,28.801465525,198.551465525,25-50,Q1,NORMAL_STRATEGY
A,2026-02-04 00:00:00,2026-02-05 00:00:00,IVL,SELL,810,LIMIT,IOC,21.00000038146973,21.00000038146973,FILLED,,17010.00030899048,26.70570048511505,1.8693990339580535,28.575099519073103,81.0,,2026-02-05,2026,2026-02,0.1,47.619046754036916,28.575099519073103,109.5750995190731,10-25,Q1,NORMAL_STRATEGY
A,2026-02-04 00:00:00,2026-02-05 00:00:00,SCGP,SELL,9453,LIMIT,IOC,19.9,19.9,FILLED,,188114.7,295.340079,20.67380553,316.01388453,945.3,,2026-02-05,2026,2026-02,0.09999999999999999,50.25125628140703,316.01388453,1261.31388453,10-25,Q2,NORMAL_STRATEGY
A,2026-02-04 00:00:00,2026-02-05 00:00:00,TOP,SELL,418,LIMIT,IOC,44.75,44.75,FILLED,,18705.5,29.367635,2.05573445,31.42336945,104.5,,2026-02-05,2026,2026-02,0.25,55.865921787709496,31.42336945,135.92336945,25-50,Q1,NORMAL_STRATEGY
A,2026-02-04 00:00:00,2026-02-05 00:00:00,KKP,SELL,106,LIMIT,IOC,71.5,71.5,FILLED,,7579.0,11.89903,0.8329321,12.7319621,26.5,,2026-02-05,2026,2026-02,0.25,34.96503496503497,12.7319621,39.231962100000004,50-100,Q1,NORMAL_STRATEGY
A,2026-02-04 00:00:00,2026-02-05 00:00:00,CENTEL,SELL,470,LIMIT,IOC,36.25,36.25,FILLED,,17037.5,26.748875,1.87242125,28.62129625,117.5,,2026-02-05,2026,2026-02,0.25,68.9655172413793,28.62129625,146.12129625,25-50,Q1,NORMAL_STRATEGY
A,2026-02-04 00:00:00,2026-02-05 00:00:00,MTC,SELL,225,LIMIT,IOC,33.25,33.25,FILLED,,7481.25,11.7455625,0.822189375,12.567751875,56.25,,2026-02-05,2026,2026-02,0.25,75.18796992481202,12.567751875,68.817751875,25-50,Q1,NORMAL_STRATEGY
A,2026-02-04 00:00:00,2026-02-05 00:00:00,OSP,SELL,488,LIMIT,IOC,17.60000076293945,17.60000076293945,FILLED,,8588.800372314452,13.484416584533692,0.9439091609173584,14.428325745451048,48.8,,2026-02-05,2026,2026-02,0.09999999999999999,56.81817935518008,14.428325745451051,63.228325745451045,10-25,Q1,NORMAL_STRATEGY
A,2026-02-04 00:00:00,2026-02-05 00:00:00,COM7,SELL,851,LIMIT,IOC,23.19999923706055,23.19999923706055,FILLED,,19743.199350738523,30.996822980659484,2.169777608646164,33.166600589305645,85.1,,2026-02-05,2026,2026-02,0.09999999999999999,43.10344969333286,33.166600589305645,118.26660058930564,10-25,Q1,NORMAL_STRATEGY
A,2026-02-04 00:00:00,2026-02-05 00:00:00,RATCH,SELL,296,LIMIT,IOC,30.5,30.5,FILLED,,9028.0,14.17396,0.9921772,15.1661372,74.0,,2026-02-05,2026,2026-02,0.25,81.9672131147541,15.1661372,89.1661372,25-50,Q1,NORMAL_STRATEGY
A,2026-02-04 00:00:00,2026-02-05 00:00:00,KTB,BUY,6409,LIMIT,IOC,29.0,29.0,FILLED,,185861.0,291.80177,20.4261239,312.2278939,1602.25,,2026-02-05,2026,2026-02,0.25,86.20689655172414,312.22789389999997,1914.4778939,25-50,Q2,NORMAL_STRATEGY
A,2026-02-09 00:00:00,2026-02-10 00:00:00,HMPRO,SELL,1452,LIMIT,IOC,6.899999809265137,6.899999809265137,FILLED,,10018.799723052978,15.729515565193177,1.1010660895635225,16.8305816547567,72.6,,2026-02-10,2026,2026-02,0.049999999999999996,72.46377011903874,16.8305816547567,89.4305816547567,5-10,Q1,NORMAL_STRATEGY
A,2026-02-09 00:00:00,2026-02-10 00:00:00,GULF,SELL,752,LIMIT,IOC,53.0,53.0,FILLED,,39856.0,62.57392,4.3801744,66.9540944,188.0,,2026-02-10,2026,2026-02,0.25,47.16981132075472,66.9540944,254.9540944,50-100,Q1,NORMAL_STRATEGY
A,2026-02-09 00:00:00,2026-02-10 00:00:00,PTTGC,SELL,381,LIMIT,IOC,26.0,26.0,FILLED,,9906.0,15.55242,1.0886694,16.6410894,95.25,,2026-02-10,2026,2026-02,0.25,96.15384615384616,16.6410894,111.8910894,25-50,Q1,NORMAL_STRATEGY
A,2026-02-09 00:00:00,2026-02-10 00:00:00,IVL,SELL,570,LIMIT,IOC,21.9,21.9,FILLED,,12483.0,19.59831,1.3718817,20.9701917,57.0,,2026-02-10,2026,2026-02,0.1,45.662100456621005,20.9701917,77.9701917,10-25,Q1,NORMAL_STRATEGY
A,2026-02-09 00:00:00,2026-02-10 00:00:00,TOP,SELL,410,LIMIT,IOC,48.5,48.5,FILLED,,19885.0,31.21945,2.1853615,33.4048115,102.5,,2026-02-10,2026,2026-02,0.25,51.54639175257732,33.4048115,135.9048115,25-50,Q1,NORMAL_STRATEGY
A,2026-02-09 00:00:00,2026-02-10 00:00:00,KKP,SELL,108,LIMIT,IOC,72.75,72.75,FILLED,,7857.0,12.33549,0.8634843,13.1989743,27.0,,2026-02-10,2026,2026-02,0.25,34.36426116838488,13.1989743,40.1989743,50-100,Q1,NORMAL_STRATEGY
A,2026-02-09 00:00:00,2026-02-10 00:00:00,BDMS,SELL,1072,LIMIT,IOC,21.10000076293945,21.10000076293945,FILLED,,22619.200817871093,35.51214528405762,2.4858501698840327,37.99799545394165,107.2,,2026-02-10,2026,2026-02,0.1,47.39336321524803,37.99799545394165,145.19799545394164,10-25,Q1,NORMAL_STRATEGY
A,2026-02-09 00:00:00,2026-02-10 00:00:00,MTC,SELL,770,LIMIT,IOC,37.75,37.75,FILLED,,29067.5,45.635975,3.19451825,48.83049325,192.5,,2026-02-10,2026,2026-02,0.25,66.2251655629139,48.83049325,241.33049325000002,25-50,Q1,NORMAL_STRATEGY
A,2026-02-09 00:00:00,2026-02-10 00:00:00,OSP,SELL,649,LIMIT,IOC,18.29999961853028,18.29999961853028,FILLED,,11876.699752426148,18.646418611309052,1.3052493027916339,19.95166791410069,64.9,,2026-02-10,2026,2026-02,0.1,54.644809882259054,19.951667914100685,84.85166791410069,10-25,Q1,NORMAL_STRATEGY
A,2026-02-09 00:00:00,2026-02-10 00:00:00,COM7,SELL,667,LIMIT,IOC,24.69999923706055,24.69999923706055,FILLED,,16474.899491119384,25.865592201057435,1.8105914540740204,27.676183655131453,66.7,,2026-02-10,2026,2026-02,0.1,40.48583121005012,27.676183655131457,94.37618365513146,10-25,Q1,NORMAL_STRATEGY
A,2026-02-09 00:00:00,2026-02-10 00:00:00,KTB,SELL,469,LIMIT,IOC,30.0,30.0,FILLED,,14070.0,22.0899,1.546293,23.636193,117.25,,2026-02-10,2026,2026-02,0.25,83.33333333333333,23.636193,140.886193,25-50,Q1,NORMAL_STRATEGY
A,2026-02-09 00:00:00,2026-02-10 00:00:00,TIDLOR,BUY,9536,LIMIT,IOC,18.99999961853028,18.99999961853028,FILLED,,181183.99636230472,284.4588742888184,19.91212120021729,304.3709954890357,953.6,,2026-02-10,2026,2026-02,0.1,52.63158000407128,304.3709954890357,1257.9709954890357,10-25,Q2,NORMAL_STRATEGY
A,2026-02-12 00:00:00,2026-02-13 00:00:00,GULF,SELL,237,LIMIT,IOC,58.0,58.0,FILLED,,13746.0,21.58122,1.5106854,23.0919054,59.25,,2026-02-13,2026,2026-02,0.25,43.10344827586207,23.091905399999998,82.3419054,50-100,Q1,NORMAL_STRATEGY
A,2026-02-12 00:00:00,2026-02-13 00:00:00,LH,SELL,10543,LIMIT,IOC,4.48,4.48,FILLED,,47232.64,74.1552448,5.190867136,79.346111936,210.86,,2026-02-13,2026,2026-02,0.02,44.642857142857146,79.346111936,290.206111936,<5,Q1,NORMAL_STRATEGY
A,2026-02-12 00:00:00,2026-02-13 00:00:00,PTTGC,SELL,14,LIMIT,IOC,26.5,26.5,FILLED,,371.0,0.58247,0.0407729,0.6232429,3.5,,2026-02-13,2026,2026-02,0.25,94.33962264150944,0.6232429,4.1232429,25-50,Q1,NORMAL_STRATEGY
A,2026-02-12 00:00:00,2026-02-13 00:00:00,IVL,SELL,153,LIMIT,IOC,22.69999923706055,22.69999923706055,FILLED,,3473.099883270264,5.4527668167343135,0.3816936771714019,5.834460493905716,15.3,,2026-02-13,2026,2026-02,0.1,44.0528649167255,5.834460493905715,21.134460493905717,10-25,Q1,NORMAL_STRATEGY
A,2026-02-12 00:00:00,2026-02-13 00:00:00,TOP,SELL,120,LIMIT,IOC,51.0,51.0,FILLED,,6120.0,9.6084,0.672588,10.280988,30.0,,2026-02-13,2026,2026-02,0.25,49.01960784313725,10.280987999999999,40.280988,50-100,Q1,NORMAL_STRATEGY
A,2026-02-12 00:00:00,2026-02-13 00:00:00,RATCH,SELL,193,LIMIT,IOC,31.25,31.25,FILLED,,6031.25,9.4690625,0.662834375,10.131896875,48.25,,2026-02-13,2026,2026-02,0.25,80.0,10.131896874999999,58.381896874999995,25-50,Q1,NORMAL_STRATEGY
A,2026-02-12 00:00:00,2026-02-13 00:00:00,BDMS,BUY,184,LIMIT,IOC,21.200000381469728,21.200000381469728,FILLED,,3900.80007019043,6.124256110198975,0.4286979277139282,6.552954037912903,18.4,,2026-02-13,2026,2026-02,0.09999999999999999,47.16981047198798,6.552954037912904,24.952954037912903,10-25,Q1,NORMAL_STRATEGY
A,2026-02-12 00:00:00,2026-02-13 00:00:00,COM7,BUY,153,LIMIT,IOC,24.80000076293945,24.80000076293945,FILLED,,3794.400116729736,5.957208183265687,0.417004572828598,6.374212756094284,15.3,,2026-02-13,2026,2026-02,0.1,40.32257940469005,6.374212756094285,21.674212756094285,10-25,Q1,NORMAL_STRATEGY
A,2026-02-12 00:00:00,2026-02-13 00:00:00,HMPRO,BUY,66,LIMIT,IOC,7.100000190734863,7.100000190734863,FILLED,,468.600012588501,0.7357020197639464,0.0514991413834762,0.7872011611474227,3.3,,2026-02-13,2026,2026-02,0.049999999999999996,70.42253331943208,0.7872011611474227,4.087201161147423,5-10,Q1,NORMAL_STRATEGY
A,2026-02-12 00:00:00,2026-02-13 00:00:00,KKP,BUY,94,LIMIT,IOC,71.75,71.75,FILLED,,6744.5,10.588865,0.74122055,11.33008555,23.5,,2026-02-13,2026,2026-02,0.25,34.84320557491289,11.33008555,34.83008555,50-100,Q1,NORMAL_STRATEGY
A,2026-02-12 00:00:00,2026-02-13 00:00:00,KTB,BUY,3,LIMIT,IOC,31.0,31.0,FILLED,,93.0,0.14601,0.0102207,0.1562307,0.75,,2026-02-13,2026,2026-02,0.25,80.64516129032258,0.1562307,0.9062307000000001,25-50,Q1,NORMAL_STRATEGY
A,2026-02-12 00:00:00,2026-02-13 00:00:00,MTC,BUY,17,LIMIT,IOC,38.75,38.75,FILLED,,658.75,1.0342375,0.072396625,1.106634125,4.25,,2026-02-13,2026,2026-02,0.25,64.51612903225806,1.106634125,5.356634125,25-50,Q1,NORMAL_STRATEGY
A,2026-02-12 00:00:00,2026-02-13 00:00:00,OSP,BUY,165,LIMIT,IOC,18.49999961853028,18.49999961853028,FILLED,,3052.499937057496,4.792424901180268,0.3354697430826187,5.127894644262887,16.5,,2026-02-13,2026,2026-02,0.1,54.05405516864786,5.127894644262886,21.627894644262888,10-25,Q1,NORMAL_STRATEGY
A,2026-02-12 00:00:00,2026-02-13 00:00:00,SCGP,BUY,8773,LIMIT,IOC,20.99999961853028,20.99999961853028,FILLED,,184232.99665336608,289.2458047457848,20.247206332204936,309.4930110779897,877.3,,2026-02-13,2026,2026-02,0.09999999999999999,47.619048484058354,309.49301107798976,1186.7930110779898,10-25,Q2,NORMAL_STRATEGY
A,2026-02-12 00:00:00,2026-02-13 00:00:00,TIDLOR,BUY,110,LIMIT,IOC,19.1,19.1,FILLED,,2101.0,3.29857,0.2308999,3.5294699,11.0,,2026-02-13,2026,2026-02,0.1,52.35602094240838,3.5294698999999996,14.529469899999999,10-25,Q1,NORMAL_STRATEGY
A,2026-02-17 00:00:00,2026-02-18 00:00:00,SCGP,SELL,8773,LIMIT,IOC,20.4,20.4,FILLED,,178969.2,280.981644,19.66871508,300.65035908,877.3,,2026-02-18,2026,2026-02,0.09999999999999999,49.019607843137244,300.65035908000004,1177.95035908,10-25,Q2,NORMAL_STRATEGY
A,2026-02-17 00:00:00,2026-02-18 00:00:00,COM7,BUY,682,LIMIT,IOC,24.700000381469728,24.700000381469728,FILLED,,16845.40026016235,26.447278408454892,1.8513094885918424,28.298587897046737,68.2,,2026-02-18,2026,2026-02,0.1,40.48582933424623,28.298587897046733,96.49858789704673,10-25,Q1,NORMAL_STRATEGY
A,2026-02-17 00:00:00,2026-02-18 00:00:00,GULF,BUY,135,LIMIT,IOC,61.0,61.0,FILLED,,8235.0,12.92895,0.9050265,13.8339765,33.75,,2026-02-18,2026,2026-02,0.25,40.98360655737705,13.8339765,47.5839765,50-100,Q1,NORMAL_STRATEGY
A,2026-02-17 00:00:00,2026-02-18 00:00:00,HMPRO,BUY,1495,LIMIT,IOC,7.3,7.3,FILLED,,10913.5,17.134195,1.19939365,18.33358865,74.75,,2026-02-18,2026,2026-02,0.05,68.4931506849315,18.33358865,93.08358865,5-10,Q1,NORMAL_STRATEGY
A,2026-02-17 00:00:00,2026-02-18 00:00:00,KKP,BUY,177,LIMIT,IOC,73.0,73.0,FILLED,,12921.0,20.28597,1.4200179,21.7059879,44.25,,2026-02-18,2026,2026-02,0.25,34.24657534246575,21.7059879,65.9559879,50-100,Q1,NORMAL_STRATEGY
A,2026-02-17 00:00:00,2026-02-18 00:00:00,KTB,BUY,174,LIMIT,IOC,32.75,32.75,FILLED,,5698.5,8.946645,0.62626515,9.57291015,43.5,,2026-02-18,2026,2026-02,0.25,76.33587786259541,9.57291015,53.07291015,25-50,Q1,NORMAL_STRATEGY
A,2026-02-17 00:00:00,2026-02-18 00:00:00,LH,BUY,5190,LIMIT,IOC,4.360000152587891,4.360000152587891,FILLED,,22628.400791931155,35.52658924333191,2.4868612470332336,38.013450490365145,103.8,,2026-02-18,2026,2026-02,0.02,45.87155802765038,38.013450490365145,141.81345049036514,<5,Q1,NORMAL_STRATEGY
A,2026-02-17 00:00:00,2026-02-18 00:00:00,MTC,BUY,318,LIMIT,IOC,39.5,39.5,FILLED,,12561.0,19.72077,1.3804539,21.1012239,79.5,,2026-02-18,2026,2026-02,0.25,63.291139240506325,21.1012239,100.60122390000001,25-50,Q1,NORMAL_STRATEGY
A,2026-02-17 00:00:00,2026-02-18 00:00:00,OSP,BUY,812,LIMIT,IOC,18.6,18.6,FILLED,,15103.2,23.712024,1.65984168,25.37186568,81.2,,2026-02-18,2026,2026-02,0.1,53.76344086021505,25.37186568,106.57186568,10-25,Q1,NORMAL_STRATEGY
A,2026-02-17 00:00:00,2026-02-18 00:00:00,RATCH,BUY,507,LIMIT,IOC,31.75,31.75,FILLED,,16097.25,25.2726825,1.769087775,27.041770275,126.75,,2026-02-18,2026,2026-02,0.25,78.74015748031496,27.041770274999998,153.791770275,25-50,Q1,NORMAL_STRATEGY
A,2026-02-17 00:00:00,2026-02-18 00:00:00,TIDLOR,BUY,843,LIMIT,IOC,19.1,19.1,FILLED,,16101.3,25.279041,1.76953287,27.04857387,84.3,,2026-02-18,2026,2026-02,0.09999999999999999,52.35602094240838,27.04857387,111.34857387,10-25,Q1,NORMAL_STRATEGY
A,2026-02-17 00:00:00,2026-02-18 00:00:00,TOP,BUY,294,LIMIT,IOC,51.75,51.75,FILLED,,15214.5,23.886765,1.67207355,25.55883855,73.5,,2026-02-18,2026,2026-02,0.25,48.30917874396135,25.55883855,99.05883855,50-100,Q1,NORMAL_STRATEGY
A,2026-02-20 00:00:00,2026-02-23 00:00:00,HMPRO,SELL,208,LIMIT,IOC,7.2,7.2,FILLED,,1497.6,2.351232,0.16458624,2.51581824,10.4,,2026-02-23,2026,2026-02,0.05,69.44444444444444,2.5158182399999998,12.91581824,5-10,Q1,NORMAL_STRATEGY
A,2026-02-20 00:00:00,2026-02-23 00:00:00,GULF,SELL,11,LIMIT,IOC,60.25,60.25,FILLED,,662.75,1.0405175,0.072836225,1.113353725,2.75,,2026-02-23,2026,2026-02,0.25,41.49377593360996,1.113353725,3.863353725,50-100,Q1,NORMAL_STRATEGY
A,2026-02-20 00:00:00,2026-02-23 00:00:00,LH,SELL,967,LIMIT,IOC,4.380000095367432,4.380000095367432,FILLED,,4235.460092220306,6.649672344785881,0.4654770641350117,7.115149408920892,19.34,,2026-02-23,2026,2026-02,0.02,45.66209946240247,7.115149408920893,26.455149408920892,<5,Q1,NORMAL_STRATEGY
A,2026-02-20 00:00:00,2026-02-23 00:00:00,TOP,SELL,155,LIMIT,IOC,53.0,53.0,FILLED,,8215.0,12.89755,0.9028285,13.8003785,38.75,,2026-02-23,2026,2026-02,0.25,47.16981132075472,13.8003785,52.5503785,50-100,Q1,NORMAL_STRATEGY
A,2026-02-20 00:00:00,2026-02-23 00:00:00,KKP,SELL,76,LIMIT,IOC,74.0,74.0,FILLED,,5624.0,8.82968,0.6180776,9.4477576,19.0,,2026-02-23,2026,2026-02,0.25,33.78378378378378,9.4477576,28.4477576,50-100,Q1,NORMAL_STRATEGY
A,2026-02-20 00:00:00,2026-02-23 00:00:00,CENTEL,SELL,5058,LIMIT,IOC,36.5,36.5,FILLED,,184617.0,289.84869,20.2894083,310.1380983,1264.5,,2026-02-23,2026,2026-02,0.25,68.4931506849315,310.13809829999997,1574.6380983,25-50,Q2,NORMAL_STRATEGY
A,2026-02-20 00:00:00,2026-02-23 00:00:00,OSP,SELL,139,LIMIT,IOC,18.50000038146973,18.50000038146973,FILLED,,2571.500053024292,4.037255083248138,0.2826078558273696,4.319862939075508,13.9,,2026-02-23,2026,2026-02,0.1,54.054052939460284,4.319862939075508,18.219862939075508,10-25,Q1,NORMAL_STRATEGY
A,2026-02-20 00:00:00,2026-02-23 00:00:00,COM7,SELL,94,LIMIT,IOC,24.60000076293945,24.60000076293945,FILLED,,2312.4000717163085,3.630468112594605,0.2541327678816223,3.8846008804762264,9.4,,2026-02-23,2026,2026-02,0.1,40.65040524334155,3.884600880476227,13.284600880476226,10-25,Q1,NORMAL_STRATEGY
A,2026-02-20 00:00:00,2026-02-23 00:00:00,RATCH,SELL,97,LIMIT,IOC,31.5,31.5,FILLED,,3055.5,4.797135,0.33579945,5.13293445,24.25,,2026-02-23,2026,2026-02,0.25,79.36507936507937,5.13293445,29.38293445,25-50,Q1,NORMAL_STRATEGY
A,2026-02-20 00:00:00,2026-02-23 00:00:00,KTB,SELL,269,LIMIT,IOC,33.5,33.5,FILLED,,9011.5,14.148055,0.99036385,15.13841885,67.25,,2026-02-23,2026,2026-02,0.25,74.6268656716418,15.138418849999999,82.38841885,25-50,Q1,NORMAL_STRATEGY
A,2026-02-20 00:00:00,2026-02-23 00:00:00,TIDLOR,SELL,646,LIMIT,IOC,20.00000038146973,20.00000038146973,FILLED,,12920.000246429445,20.284400386894223,1.419908027082596,21.704308413976825,64.6,,2026-02-23,2026,2026-02,0.09999999999999999,49.99999904632569,21.70430841397682,86.30430841397681,10-25,Q1,NORMAL_STRATEGY
A,2026-02-20 00:00:00,2026-02-23 00:00:00,BDMS,BUY,307,LIMIT,IOC,22.1,22.1,FILLED,,6784.7,10.651979,0.74563853,11.39761753,30.7,,2026-02-23,2026,2026-02,0.09999999999999999,45.248868778280546,11.397617530000002,42.09761753,10-25,Q1,NORMAL_STRATEGY
A,2026-02-20 00:00:00,2026-02-23 00:00:00,IVL,BUY,562,LIMIT,IOC,23.1,23.1,FILLED,,12982.2,20.382054,1.42674378,21.80879778,56.2,,2026-02-23,2026,2026-02,0.1,43.29004329004329,21.80879778,78.00879778000001,10-25,Q1,NORMAL_STRATEGY
A,2026-02-20 00:00:00,2026-02-23 00:00:00,PTTGC,BUY,473,LIMIT,IOC,27.25,27.25,FILLED,,12889.25,20.2361225,1.416528575,21.652651075,118.25,,2026-02-23,2026,2026-02,0.25,91.74311926605505,21.652651075,139.902651075,25-50,Q1,NORMAL_STRATEGY
A,2026-02-20 00:00:00,2026-02-23 00:00:00,SCGP,BUY,9468,LIMIT,IOC,20.99999961853028,20.99999961853028,FILLED,,198827.99638824465,312.15995432954406,21.85119680306809,334.0111511326122,946.8,,2026-02-23,2026,2026-02,0.09999999999999999,47.61904848405834,334.01115113261216,1280.8111511326122,10-25,Q2,NORMAL_STRATEGY
A,2026-02-25 00:00:00,2026-02-26 00:00:00,HMPRO,SELL,1644,LIMIT,IOC,7.250000190734863,7.250000190734863,FILLED,,11919.000313568115,18.71283049230194,1.3098981344611358,20.02272862676308,82.2,,2026-02-26,2026,2026-02,0.05,68.96551542701681,20.022728626763076,102.22272862676309,5-10,Q1,NORMAL_STRATEGY
A,2026-02-25 00:00:00,2026-02-26 00:00:00,GULF,SELL,276,LIMIT,IOC,62.25,62.25,FILLED,,17181.0,26.97417,1.8881919,28.8623619,69.0,,2026-02-26,2026,2026-02,0.25,40.16064257028112,28.8623619,97.8623619,50-100,Q1,NORMAL_STRATEGY
A,2026-02-25 00:00:00,2026-02-26 00:00:00,LH,SELL,2427,LIMIT,IOC,4.380000095367432,4.380000095367432,FILLED,,10630.260231456756,16.689508563387108,1.1682655994370976,17.857774162824207,48.54,,2026-02-26,2026,2026-02,0.02,45.66209946240248,17.857774162824207,66.3977741628242,<5,Q1,NORMAL_STRATEGY
A,2026-02-25 00:00:00,2026-02-26 00:00:00,PTTGC,SELL,696,LIMIT,IOC,28.0,28.0,FILLED,,19488.0,30.59616,2.1417312,32.7378912,174.0,,2026-02-26,2026,2026-02,0.25,89.28571428571428,32.7378912,206.7378912,25-50,Q1,NORMAL_STRATEGY
A,2026-02-25 00:00:00,2026-02-26 00:00:00,IVL,SELL,534,LIMIT,IOC,23.10000076293945,23.10000076293945,FILLED,,12335.400407409668,19.366578639633175,1.3556605047743224,20.7222391444075,53.4,,2026-02-26,2026,2026-02,0.09999999999999999,43.29004186027355,20.7222391444075,74.1222391444075,10-25,Q1,NORMAL_STRATEGY
A,2026-02-25 00:00:00,2026-02-26 00:00:00,TOP,SELL,296,LIMIT,IOC,54.5,54.5,FILLED,,16132.0,25.32724,1.7729068,27.1001468,74.0,,2026-02-26,2026,2026-02,0.25,45.87155963302752,27.1001468,101.1001468,50-100,Q1,NORMAL_STRATEGY
A,2026-02-25 00:00:00,2026-02-26 00:00:00,KKP,SELL,201,LIMIT,IOC,75.75,75.75,FILLED,,15225.75,23.9044275,1.673309925,25.577737425,50.25,,2026-02-26,2026,2026-02,0.25,33.00330033003301,25.577737425000002,75.82773742500001,50-100,Q1,NORMAL_STRATEGY
A,2026-02-25 00:00:00,2026-02-26 00:00:00,MTC,SELL,218,LIMIT,IOC,38.25,38.25,FILLED,,8338.5,13.091445,0.91640115,14.00784615,54.5,,2026-02-26,2026,2026-02,0.25,65.359477124183,14.00784615,68.50784615,25-50,Q1,NORMAL_STRATEGY
A,2026-02-25 00:00:00,2026-02-26 00:00:00,OSP,SELL,464,LIMIT,IOC,18.29999961853028,18.29999961853028,FILLED,,8491.199822998047,13.331183722106935,0.9331828605474856,14.26436658265442,46.4,,2026-02-26,2026,2026-02,0.09999999999999999,54.64480988225905,14.264366582654421,60.664366582654424,10-25,Q1,NORMAL_STRATEGY
A,2026-02-25 00:00:00,2026-02-26 00:00:00,RATCH,SELL,381,LIMIT,IOC,31.75,31.75,FILLED,,12096.75,18.9918975,1.329432825,20.321330325,95.25,,2026-02-26,2026,2026-02,0.25,78.74015748031496,20.321330325,115.571330325,25-50,Q1,NORMAL_STRATEGY
A,2026-02-25 00:00:00,2026-02-26 00:00:00,KTB,SELL,474,LIMIT,IOC,34.5,34.5,FILLED,,16353.0,25.67421,1.7971947,27.4714047,118.5,,2026-02-26,2026,2026-02,0.25,72.46376811594203,27.471404699999997,145.9714047,25-50,Q1,NORMAL_STRATEGY
A,2026-02-25 00:00:00,2026-02-26 00:00:00,TIDLOR,SELL,712,LIMIT,IOC,20.4,20.4,FILLED,,14524.8,22.803936,1.59627552,24.40021152,71.2,,2026-02-26,2026,2026-02,0.1,49.019607843137265,24.40021152,95.60021152,10-25,Q1,NORMAL_STRATEGY
A,2026-02-25 00:00:00,2026-02-26 00:00:00,SCGP,SELL,637,LIMIT,IOC,21.10000076293945,21.10000076293945,FILLED,,13440.700485992433,21.10189976300812,1.4771329834105682,22.579032746418683,63.7,,2026-02-26,2026,2026-02,0.1,47.39336321524803,22.57903274641869,86.2790327464187,10-25,Q1,NORMAL_STRATEGY
A,2026-02-25 00:00:00,2026-02-26 00:00:00,CENTEL,BUY,4823,LIMIT,IOC,39.0,39.0,FILLED,,188097.0,295.31229,20.6718603,315.9841503,1205.75,,2026-02-26,2026,2026-02,0.25,64.1025641025641,315.9841503,1521.7341503,25-50,Q2,NORMAL_STRATEGY
A,2026-03-02 00:00:00,2026-03-04 00:00:00,HMPRO,SELL,25593,LIMIT,IOC,6.45,6.45,FILLED,,165074.85,259.1675145,18.141726015,277.309240515,1279.65,,2026-03-04,2026,2026-03,0.05,77.51937984496124,277.309240515,1556.9592405150001,5-10,Q2,NORMAL_STRATEGY
A,2026-03-02 00:00:00,2026-03-04 00:00:00,LH,SELL,42558,LIMIT,IOC,3.7599999713897705,3.7599999713897705,FILLED,,160018.07878240585,251.2283836883772,17.585986858186406,268.8143705465636,851.16,,2026-03-04,2026,2026-03,0.02,53.191489766441684,268.8143705465636,1119.9743705465635,<5,Q2,NORMAL_STRATEGY
A,2026-03-02 00:00:00,2026-03-04 00:00:00,PTTGC,SELL,6600,LIMIT,IOC,24.75,24.75,FILLED,,163350.0,256.4595,17.952165,274.411665,1650.0,,2026-03-04,2026,2026-03,0.25,101.01010101010102,274.41166499999997,1924.411665,10-25,Q2,NORMAL_STRATEGY
A,2026-03-02 00:00:00,2026-03-04 00:00:00,IVL,SELL,8073,LIMIT,IOC,18.4,18.4,FILLED,,148543.2,233.212824,16.32489768,249.53772168,807.3,,2026-03-04,2026,2026-03,0.09999999999999999,54.34782608695651,249.53772168,1056.83772168,10-25,Q2,NORMAL_STRATEGY
A,2026-03-02 00:00:00,2026-03-04 00:00:00,BDMS,SELL,8997,LIMIT,IOC,18.79999961853028,18.79999961853028,FILLED,,169143.5965679169,265.5554466116296,18.588881262814066,284.1443278744436,899.7,,2026-03-04,2026,2026-03,0.1,53.191490441007616,284.14432787444366,1183.8443278744437,10-25,Q2,NORMAL_STRATEGY
A,2026-03-02 00:00:00,2026-03-04 00:00:00,MTC,SELL,4854,LIMIT,IOC,29.75,29.75,FILLED,,144406.5,226.718205,15.87027435,242.58847935,1213.5,,2026-03-04,2026,2026-03,0.25,84.03361344537815,242.58847935,1456.08847935,25-50,Q2,NORMAL_STRATEGY
A,2026-03-02 00:00:00,2026-03-04 00:00:00,OSP,SELL,10168,LIMIT,IOC,15.000000381469729,15.000000381469729,FILLED,,152520.0038787842,239.4564060896912,16.761948426278384,256.2183545159696,1016.8,,2026-03-04,2026,2026-03,0.09999999999999999,66.6666649712457,256.21835451596957,1273.0183545159696,10-25,Q2,NORMAL_STRATEGY
A,2026-03-02 00:00:00,2026-03-04 00:00:00,COM7,SELL,8017,LIMIT,IOC,21.10000076293945,21.10000076293945,FILLED,,169158.7061164856,265.5791686028824,18.590541802201766,284.1697104050841,801.7,,2026-03-04,2026,2026-03,0.1,47.39336321524803,284.1697104050842,1085.8697104050843,10-25,Q2,NORMAL_STRATEGY
A,2026-03-02 00:00:00,2026-03-04 00:00:00,RATCH,SELL,5832,LIMIT,IOC,29.75,29.75,FILLED,,173502.0,272.39814,19.0678698,291.4660098,1458.0,,2026-03-04,2026,2026-03,0.25,84.03361344537815,291.4660098,1749.4660098,25-50,Q2,NORMAL_STRATEGY
A,2026-03-02 00:00:00,2026-03-04 00:00:00,TIDLOR,SELL,9131,LIMIT,IOC,16.9,16.9,FILLED,,154313.9,242.272823,16.95909761,259.23192061,913.1,,2026-03-04,2026,2026-03,0.1,59.1715976331361,259.23192061,1172.33192061,10-25,Q2,NORMAL_STRATEGY
A,2026-03-02 00:00:00,2026-03-04 00:00:00,SCGP,SELL,8831,LIMIT,IOC,17.4,17.4,FILLED,,153659.4,241.245258,16.88716806,258.13242606,883.1,,2026-03-04,2026,2026-03,0.1,57.4712643678161,258.13242606,1141.23242606,10-25,Q2,NORMAL_STRATEGY
A,2026-03-02 00:00:00,2026-03-04 00:00:00,CENTEL,SELL,4823,LIMIT,IOC,32.25,32.25,FILLED,,155541.75,244.2005475,17.094038325,261.294585825,1205.75,,2026-03-04,2026,2026-03,0.25,77.51937984496124,261.294585825,1467.044585825,25-50,Q2,NORMAL_STRATEGY
A,2026-03-02 00:00:00,2026-03-04 00:00:00,GULF,BUY,9604,LIMIT,IOC,52.75,52.75,FILLED,,506611.0,795.37927,55.6765489,851.0558189,2401.0,,2026-03-04,2026,2026-03,0.25,47.39336492890995,851.0558189000001,3252.0558189000003,50-100,Q3,NORMAL_STRATEGY
A,2026-03-02 00:00:00,2026-03-04 00:00:00,KKP,BUY,6546,LIMIT,IOC,73.75,73.75,FILLED,,482767.5,757.944975,53.05614825,811.00112325,1636.5,,2026-03-04,2026,2026-03,0.25,33.898305084745765,811.00112325,2447.50112325,50-100,Q3,NORMAL_STRATEGY
A,2026-03-02 00:00:00,2026-03-04 00:00:00,KTB,BUY,15078,LIMIT,IOC,32.5,32.5,FILLED,,490035.0,769.35495,53.8548465,823.2097965,3769.5,,2026-03-04,2026,2026-03,0.25,76.92307692307693,823.2097965,4592.7097965,25-50,Q3,NORMAL_STRATEGY
A,2026-03-06 00:00:00,2026-03-09 00:00:00,GULF,SELL,12601,LIMIT,IOC,52.25,52.25,FILLED,,658402.25,1033.6915325,72.358407275,1106.049939775,3150.25,,2026-03-09,2026,2026-03,0.25,47.846889952153106,1106.049939775,4256.299939775,50-100,Q3,NORMAL_STRATEGY
A,2026-03-06 00:00:00,2026-03-09 00:00:00,TOP,SELL,3420,LIMIT,IOC,46.25,46.25,FILLED,,158175.0,248.33475,17.3834325,265.7181825,855.0,,2026-03-09,2026,2026-03,0.25,54.054054054054056,265.7181825,1120.7181825,25-50,Q2,NORMAL_STRATEGY
A,2026-03-06 00:00:00,2026-03-09 00:00:00,KKP,SELL,9013,LIMIT,IOC,69.75,69.75,FILLED,,628656.75,986.9910975,69.089376825,1056.080474325,2253.25,,2026-03-09,2026,2026-03,0.25,35.842293906810035,1056.080474325,3309.330474325,50-100,Q3,NORMAL_STRATEGY
A,2026-03-16 00:00:00,2026-03-17 00:00:00,KTB,BUY,17266,LIMIT,IOC,34.5,34.5,FILLED,,595677.0,935.21289,65.4649023,1000.6777923,4316.5,,2026-03-17,2026,2026-03,0.25,72.46376811594203,1000.6777923,5317.1777923,25-50,Q3,NORMAL_STRATEGY
A,2026-03-16 00:00:00,2026-03-17 00:00:00,PTTGC,BUY,43740,LIMIT,IOC,29.75,29.75,FILLED,,1301265.0,2042.98605,143.0090235,2185.9950735,10935.0,,2026-03-17,2026,2026-03,0.25,84.03361344537815,2185.9950735,13120.9950735,25-50,Q4,NORMAL_STRATEGY
A,2026-03-19 00:00:00,2026-03-20 00:00:00,KTB,SELL,11842,LIMIT,IOC,34.25,34.25,FILLED,,405588.5,636.773945,44.57417615,681.34812115,2960.5,,2026-03-20,2026,2026-03,0.25,72.99270072992701,681.34812115,3641.84812115,25-50,Q3,NORMAL_STRATEGY
A,2026-03-19 00:00:00,2026-03-20 00:00:00,PTTGC,SELL,16697,LIMIT,IOC,32.75,32.75,FILLED,,546826.75,858.5179975,60.096259825,918.614257325,4174.25,,2026-03-20,2026,2026-03,0.25,76.33587786259541,918.6142573249999,5092.864257325,25-50,Q3,NORMAL_STRATEGY
A,2026-03-24 00:00:00,2026-03-25 00:00:00,KTB,BUY,12766,LIMIT,IOC,35.0,35.0,FILLED,,446810.0,701.4917,49.104419,750.596119,3191.5,,2026-03-25,2026,2026-03,0.25,71.42857142857143,750.596119,3942.096119,25-50,Q3,NORMAL_STRATEGY
A,2026-03-27 00:00:00,2026-03-30 00:00:00,PTTGC,BUY,326,LIMIT,IOC,34.25,34.25,FILLED,,11165.5,17.529835,1.22708845,18.75692345,81.5,,2026-03-30,2026,2026-03,0.25,72.99270072992701,18.75692345,100.25692345,25-50,Q1,NORMAL_STRATEGY
A,2026-04-01 00:00:00,2026-04-02 00:00:00,PTTGC,SELL,20347,LIMIT,IOC,36.25,36.25,FILLED,,737578.75,1157.9986375,81.059904625,1239.058542125,5086.75,,2026-04-02,2026,2026-04,0.25,68.9655172413793,1239.058542125,6325.808542125,25-50,Q4,NORMAL_STRATEGY
A,2026-04-01 00:00:00,2026-04-02 00:00:00,CENTEL,BUY,7761,LIMIT,IOC,33.25,33.25,FILLED,,258053.25,405.1436025,28.360052175,433.503654675,1940.25,,2026-04-02,2026,2026-04,0.25,75.18796992481202,433.503654675,2373.753654675,25-50,Q2,NORMAL_STRATEGY
A,2026-04-01 00:00:00,2026-04-02 00:00:00,GULF,BUY,4283,LIMIT,IOC,60.25,60.25,FILLED,,258050.75,405.1396775,28.359777425,433.499454925,1070.75,,2026-04-02,2026,2026-04,0.25,41.49377593360996,433.499454925,1504.249454925,50-100,Q2,NORMAL_STRATEGY
A,2026-04-01 00:00:00,2026-04-02 00:00:00,IVL,BUY,9925,LIMIT,IOC,26.0,26.0,FILLED,,258050.0,405.1385,28.359695,433.498195,2481.25,,2026-04-02,2026,2026-04,0.25,96.15384615384616,433.498195,2914.748195,25-50,Q2,NORMAL_STRATEGY
A,2026-04-01 00:00:00,2026-04-02 00:00:00,KKP,BUY,3277,LIMIT,IOC,78.75,78.75,FILLED,,258063.75,405.1600875,28.361206125,433.521293625,819.25,,2026-04-02,2026,2026-04,0.25,31.746031746031747,433.521293625,1252.771293625,50-100,Q2,NORMAL_STRATEGY
A,2026-04-07 00:00:00,2026-04-08 00:00:00,KTB,SELL,29833,LIMIT,IOC,35.5,35.5,FILLED,,1059071.5,1662.742255,116.39195785,1779.13421285,7458.25,,2026-04-08,2026,2026-04,0.25,70.4225352112676,1779.1342128499998,9237.38421285,25-50,Q4,NORMAL_STRATEGY
A,2026-04-07 00:00:00,2026-04-08 00:00:00,CENTEL,SELL,7761,LIMIT,IOC,34.0,34.0,FILLED,,263874.0,414.28218,28.9997526,443.2819326,1940.25,,2026-04-08,2026,2026-04,0.25,73.52941176470588,443.2819326,2383.5319326,25-50,Q3,NORMAL_STRATEGY
A,2026-04-07 00:00:00,2026-04-08 00:00:00,GULF,BUY,894,LIMIT,IOC,61.25,61.25,FILLED,,54757.5,85.969275,6.01784925,91.98712425,223.5,,2026-04-08,2026,2026-04,0.25,40.81632653061225,91.98712425,315.48712424999997,50-100,Q2,NORMAL_STRATEGY
A,2026-04-07 00:00:00,2026-04-08 00:00:00,IVL,BUY,3234,LIMIT,IOC,24.1,24.1,FILLED,,77939.4,122.364858,8.56554006,130.93039806,323.4,,2026-04-08,2026,2026-04,0.09999999999999999,41.49377593360996,130.93039806,454.33039806,10-25,Q2,NORMAL_STRATEGY
A,2026-04-07 00:00:00,2026-04-08 00:00:00,KKP,BUY,699,LIMIT,IOC,79.75,79.75,FILLED,,55745.25,87.5200425,6.126402975,93.646445475,174.75,,2026-04-08,2026,2026-04,0.25,31.34796238244514,93.64644547500001,268.396445475,50-100,Q2,NORMAL_STRATEGY
A,2026-04-07 00:00:00,2026-04-08 00:00:00,LH,BUY,82590,LIMIT,IOC,3.839999933242798,3.839999933242798,FILLED,,317145.59448652266,497.9185833438406,34.854300834068844,532.7728841779095,1651.8,,2026-04-08,2026,2026-04,0.02,52.08333423878585,532.7728841779094,2184.572884177909,<5,Q3,NORMAL_STRATEGY
A,2026-04-07 00:00:00,2026-04-08 00:00:00,PTTGC,BUY,2104,LIMIT,IOC,34.75,34.75,FILLED,,73114.0,114.78898,8.0352286,122.8242086,526.0,,2026-04-08,2026,2026-04,0.25,71.94244604316548,122.82420859999999,648.8242086,25-50,Q2,NORMAL_STRATEGY
A,2026-04-07 00:00:00,2026-04-08 00:00:00,SCGP,BUY,15102,LIMIT,IOC,20.99999961853028,20.99999961853028,FILLED,,317141.99423904426,497.91293095529943,34.85390516687096,532.7668361221704,1510.2,,2026-04-08,2026,2026-04,0.1,47.61904848405834,532.7668361221704,2042.9668361221704,10-25,Q3,NORMAL_STRATEGY
A,2026-04-10 00:00:00,2026-04-16 00:00:00,KTB,SELL,8809,LIMIT,IOC,32.75,32.75,FILLED,,288494.75,452.9367575,31.705573025,484.642330525,2202.25,,2026-04-16,2026,2026-04,0.25,76.33587786259541,484.642330525,2686.892330525,25-50,Q3,NORMAL_STRATEGY
A,2026-04-10 00:00:00,2026-04-16 00:00:00,LH,SELL,82590,LIMIT,IOC,3.779999952316284,3.779999952316284,FILLED,,312190.19606180186,490.13860781702897,34.309702547192025,524.448310364221,1651.8,,2026-04-16,2026,2026-04,0.02,52.91005357749947,524.448310364221,2176.2483103642207,<5,Q3,NORMAL_STRATEGY
A,2026-04-10 00:00:00,2026-04-16 00:00:00,CENTEL,BUY,9832,LIMIT,IOC,35.75,35.75,FILLED,,351494.0,551.84558,38.6291906,590.4747706,2458.0,,2026-04-16,2026,2026-04,0.25,69.93006993006993,590.4747706,3048.4747706,25-50,Q3,NORMAL_STRATEGY
A,2026-04-10 00:00:00,2026-04-16 00:00:00,GULF,BUY,657,LIMIT,IOC,60.25,60.25,FILLED,,39584.25,62.1472725,4.350309075,66.497581575,164.25,,2026-04-16,2026,2026-04,0.25,41.49377593360996,66.497581575,230.747581575,50-100,Q1,NORMAL_STRATEGY
A,2026-04-10 00:00:00,2026-04-16 00:00:00,IVL,BUY,1306,LIMIT,IOC,24.30000076293945,24.30000076293945,FILLED,,31735.800996398924,49.825207564346314,3.4877645295042417,53.31297209385056,130.6,,2026-04-16,2026,2026-04,0.09999999999999999,41.15226208244098,53.312972093850554,183.91297209385056,10-25,Q1,NORMAL_STRATEGY
A,2026-04-10 00:00:00,2026-04-16 00:00:00,KKP,BUY,390,LIMIT,IOC,80.5,80.5,FILLED,,31395.0,49.29015,3.4503105,52.7404605,97.5,,2026-04-16,2026,2026-04,0.25,31.05590062111801,52.7404605,150.24046049999998,50-100,Q1,NORMAL_STRATEGY
A,2026-04-10 00:00:00,2026-04-16 00:00:00,OSP,BUY,23278,LIMIT,IOC,15.1,15.1,FILLED,,351497.8,551.851546,38.62960822,590.48115422,2327.8,,2026-04-16,2026,2026-04,0.1,66.22516556291392,590.48115422,2918.28115422,10-25,Q3,NORMAL_STRATEGY
A,2026-04-10 00:00:00,2026-04-16 00:00:00,PTTGC,BUY,570,LIMIT,IOC,36.25,36.25,FILLED,,20662.5,32.440125,2.27080875,34.71093375,142.5,,2026-04-16,2026,2026-04,0.25,68.9655172413793,34.71093375,177.21093375,25-50,Q1,NORMAL_STRATEGY
A,2026-04-10 00:00:00,2026-04-16 00:00:00,RATCH,BUY,11716,LIMIT,IOC,30.0,30.0,FILLED,,351480.0,551.8236,38.627652,590.451252,2929.0,,2026-04-16,2026,2026-04,0.25,83.33333333333333,590.4512520000001,3519.451252,25-50,Q3,NORMAL_STRATEGY
A,2026-04-10 00:00:00,2026-04-16 00:00:00,SCGP,BUY,1636,LIMIT,IOC,20.99999961853028,20.99999961853028,FILLED,,34355.99937591553,53.938919020187384,3.775724331413117,57.71464335160049,163.6,,2026-04-16,2026,2026-04,0.09999999999999999,47.61904848405834,57.7146433516005,221.3146433516005,10-25,Q1,NORMAL_STRATEGY
A,2026-04-20 00:00:00,2026-04-21 00:00:00,PTTGC,SELL,1991,LIMIT,IOC,35.25,35.25,FILLED,,70182.75,110.1869175,7.713084225,117.900001725,497.75,,2026-04-21,2026,2026-04,0.25,70.92198581560284,117.90000172500001,615.650001725,25-50,Q2,NORMAL_STRATEGY
A,2026-04-20 00:00:00,2026-04-21 00:00:00,GULF,SELL,1145,LIMIT,IOC,58.25,58.25,FILLED,,66696.25,104.7131125,7.329917875,112.043030375,286.25,,2026-04-21,2026,2026-04,0.25,42.918454935622314,112.043030375,398.293030375,50-100,Q2,NORMAL_STRATEGY
A,2026-04-20 00:00:00,2026-04-21 00:00:00,IVL,SELL,3312,LIMIT,IOC,24.50000038146973,24.50000038146973,FILLED,,81144.00126342772,127.39608198358154,8.917725738850708,136.31380772243224,331.2,,2026-04-21,2026,2026-04,0.09999999999999999,40.81632589509418,136.31380772243224,467.51380772243226,10-25,Q2,NORMAL_STRATEGY
A,2026-04-20 00:00:00,2026-04-21 00:00:00,KKP,SELL,997,LIMIT,IOC,81.25,81.25,FILLED,,81006.25,127.1798125,8.902586875,136.082399375,249.25,,2026-04-21,2026,2026-04,0.25,30.76923076923077,136.082399375,385.332399375,50-100,Q2,NORMAL_STRATEGY
A,2026-04-20 00:00:00,2026-04-21 00:00:00,SCGP,SELL,3984,LIMIT,IOC,21.4,21.4,FILLED,,85257.6,133.854432,9.36981024,143.22424224,398.4,,2026-04-21,2026,2026-04,0.09999999999999999,46.72897196261682,143.22424224,541.62424224,10-25,Q2,NORMAL_STRATEGY
A,2026-04-20 00:00:00,2026-04-21 00:00:00,CENTEL,SELL,9832,LIMIT,IOC,33.25,33.25,FILLED,,326914.0,513.25498,35.9278486,549.1828286,2458.0,,2026-04-21,2026,2026-04,0.25,75.18796992481202,549.1828286,3007.1828286,25-50,Q3,NORMAL_STRATEGY
A,2026-04-20 00:00:00,2026-04-21 00:00:00,OSP,SELL,5273,LIMIT,IOC,15.099999809265135,15.099999809265135,FILLED,,79622.29899425506,125.00700942098044,8.750490659468632,133.7575000804491,527.3,,2026-04-21,2026,2026-04,0.09999999999999999,66.22516639943365,133.75750008044906,661.057500080449,10-25,Q2,NORMAL_STRATEGY
A,2026-04-20 00:00:00,2026-04-21 00:00:00,RATCH,SELL,2456,LIMIT,IOC,29.25,29.25,FILLED,,71838.0,112.78566,7.8949962,120.6806562,614.0,,2026-04-21,2026,2026-04,0.25,85.47008547008548,120.68065619999999,734.6806561999999,25-50,Q2,NORMAL_STRATEGY
A,2026-04-20 00:00:00,2026-04-21 00:00:00,HMPRO,BUY,43044,LIMIT,IOC,6.399999904632568,6.399999904632568,FILLED,,275481.5958950042,432.5061055551567,30.27542738886097,462.78153294401767,2152.2,,2026-04-21,2026,2026-04,0.049999999999999996,78.12500116415323,462.78153294401767,2614.9815329440175,5-10,Q3,NORMAL_STRATEGY
A,2026-04-20 00:00:00,2026-04-21 00:00:00,LH,BUY,72116,LIMIT,IOC,3.819999952316284,3.819999952316284,FILLED,,275483.11656124116,432.50849300114857,30.2755945100804,462.78408751122896,1442.32,,2026-04-21,2026,2026-04,0.02,52.35602159595017,462.78408751122896,1905.104087511229,<5,Q3,NORMAL_STRATEGY
A,2026-04-20 00:00:00,2026-04-21 00:00:00,MTC,BUY,8815,LIMIT,IOC,31.25,31.25,FILLED,,275468.75,432.4859375,30.274015625,462.759953125,2203.75,,2026-04-21,2026,2026-04,0.25,80.0,462.759953125,2666.509953125,25-50,Q3,NORMAL_STRATEGY
A,2026-04-23 00:00:00,2026-04-24 00:00:00,GULF,SELL,4689,LIMIT,IOC,56.0,56.0,FILLED,,262584.0,412.25688,28.8579816,441.1148616,1172.25,,2026-04-24,2026,2026-04,0.25,44.64285714285714,441.11486160000004,1613.3648616,50-100,Q3,NORMAL_STRATEGY
A,2026-04-23 00:00:00,2026-04-24 00:00:00,IVL,SELL,11153,LIMIT,IOC,23.69999923706055,23.69999923706055,FILLED,,264326.0914909363,414.99196364077,29.049437454853894,444.04140109562394,1115.3,,2026-04-24,2026,2026-04,0.09999999999999999,42.19409418529701,444.0414010956239,1559.341401095624,10-25,Q3,NORMAL_STRATEGY
A,2026-04-23 00:00:00,2026-04-24 00:00:00,SCGP,SELL,12754,LIMIT,IOC,19.9,19.9,FILLED,,253804.6,398.473222,27.89312554,426.36634754,1275.4,,2026-04-24,2026,2026-04,0.1,50.25125628140704,426.36634754,1701.76634754,10-25,Q2,NORMAL_STRATEGY
A,2026-04-23 00:00:00,2026-04-24 00:00:00,HMPRO,SELL,43044,LIMIT,IOC,6.2,6.2,FILLED,,266872.8,418.990296,29.32932072,448.31961672,2152.2,,2026-04-24,2026,2026-04,0.049999999999999996,80.64516129032258,448.31961672,2600.5196167199997,5-10,Q3,NORMAL_STRATEGY
A,2026-04-23 00:00:00,2026-04-24 00:00:00,KKP,BUY,2160,LIMIT,IOC,82.25,82.25,FILLED,,177660.0,278.9262,19.524834,298.451034,540.0,,2026-04-24,2026,2026-04,0.25,30.3951367781155,298.451034,838.4510339999999,50-100,Q2,NORMAL_STRATEGY
A,2026-04-23 00:00:00,2026-04-24 00:00:00,MTC,BUY,6219,LIMIT,IOC,30.25,30.25,FILLED,,188124.75,295.3558575,20.674910025,316.030767525,1554.75,,2026-04-24,2026,2026-04,0.25,82.64462809917356,316.030767525,1870.780767525,25-50,Q2,NORMAL_STRATEGY
A,2026-04-23 00:00:00,2026-04-24 00:00:00,OSP,BUY,11719,LIMIT,IOC,15.299999809265136,15.299999809265136,FILLED,,179300.69776477813,281.50209549070166,19.70514668434912,301.2072421750508,1171.9,,2026-04-24,2026,2026-04,0.1,65.3594779389759,301.2072421750508,1473.107242175051,10-25,Q2,NORMAL_STRATEGY
A,2026-04-23 00:00:00,2026-04-24 00:00:00,PTTGC,BUY,4754,LIMIT,IOC,36.5,36.5,FILLED,,173521.0,272.42797,19.0699579,291.4979279,1188.5,,2026-04-24,2026,2026-04,0.25,68.4931506849315,291.49792790000004,1479.9979279,25-50,Q2,NORMAL_STRATEGY
A,2026-04-28 00:00:00,2026-04-29 00:00:00,PTTGC,SELL,452,LIMIT,IOC,37.25,37.25,FILLED,,16837.0,26.43409,1.8503863,28.2844763,113.0,,2026-04-29,2026,2026-04,0.25,67.11409395973155,28.2844763,141.2844763,25-50,Q1,NORMAL_STRATEGY
A,2026-04-28 00:00:00,2026-04-29 00:00:00,RATCH,SELL,9260,LIMIT,IOC,28.75,28.75,FILLED,,266225.0,417.97325,29.2581275,447.2313775,2315.0,,2026-04-29,2026,2026-04,0.25,86.95652173913044,447.2313775,2762.2313775000002,25-50,Q3,NORMAL_STRATEGY
A,2026-04-28 00:00:00,2026-04-29 00:00:00,LH,SELL,72116,LIMIT,IOC,3.620000104904175,3.620000104904175,FILLED,,261059.9275652695,409.86408627747306,28.69048603942312,438.55457231689616,1442.32,,2026-04-29,2026,2026-04,0.02,55.24861718347773,438.55457231689616,1880.874572316896,<5,Q3,NORMAL_STRATEGY
A,2026-04-28 00:00:00,2026-04-29 00:00:00,MTC,SELL,15034,LIMIT,IOC,28.75,28.75,FILLED,,432227.5,678.597175,47.50180225,726.09897725,3758.5,,2026-04-29,2026,2026-04,0.25,86.95652173913044,726.09897725,4484.59897725,25-50,Q3,NORMAL_STRATEGY
A,2026-04-28 00:00:00,2026-04-29 00:00:00,IVL,BUY,17602,LIMIT,IOC,25.75,25.75,FILLED,,453251.5,711.604855,49.81233985,761.41719485,4400.5,,2026-04-29,2026,2026-04,0.25,97.08737864077669,761.41719485,5161.91719485,25-50,Q3,NORMAL_STRATEGY
A,2026-04-28 00:00:00,2026-04-29 00:00:00,KKP,BUY,263,LIMIT,IOC,78.25,78.25,FILLED,,20579.75,32.3102075,2.261714525,34.571922025,65.75,,2026-04-29,2026,2026-04,0.25,31.948881789137378,34.571922025,100.32192202499999,50-100,Q1,NORMAL_STRATEGY
A,2026-04-28 00:00:00,2026-04-29 00:00:00,SCGP,BUY,17951,LIMIT,IOC,25.25,25.25,FILLED,,453262.75,711.6225175,49.813576225,761.436093725,4487.75,,2026-04-29,2026,2026-04,0.25,99.00990099009901,761.436093725,5249.186093725,25-50,Q3,NORMAL_STRATEGY
A,2026-05-06 00:00:00,2026-05-07 00:00:00,PTTGC,SELL,3690,LIMIT,IOC,39.5,39.5,FILLED,,145755.0,228.83535,16.0184745,244.8538245,922.5,,2026-05-07,2026,2026-05,0.25,63.291139240506325,244.8538245,1167.3538245,25-50,Q2,NORMAL_STRATEGY
A,2026-05-06 00:00:00,2026-05-07 00:00:00,KKP,SELL,1748,LIMIT,IOC,81.75,81.75,FILLED,,142899.0,224.35143,15.7046001,240.0560301,437.0,,2026-05-07,2026,2026-05,0.25,30.581039755351682,240.0560301,677.0560301,50-100,Q2,NORMAL_STRATEGY
A,2026-05-06 00:00:00,2026-05-07 00:00:00,OSP,SELL,29724,LIMIT,IOC,14.599999809265135,14.599999809265135,FILLED,,433970.3943305969,681.3335190990372,47.6933463369326,729.02686543597,2972.4,,2026-05-07,2026,2026-05,0.1,68.49315157972822,729.0268654359697,3701.42686543597,10-25,Q3,NORMAL_STRATEGY
A,2026-05-06 00:00:00,2026-05-07 00:00:00,IVL,SELL,4806,LIMIT,IOC,25.5,25.5,FILLED,,122553.0,192.40821,13.4685747,205.8767847,1201.5,,2026-05-07,2026,2026-05,0.25,98.0392156862745,205.8767847,1407.3767847,25-50,Q2,NORMAL_STRATEGY
A,2026-05-06 00:00:00,2026-05-07 00:00:00,SCGP,SELL,5155,LIMIT,IOC,25.5,25.5,FILLED,,131452.5,206.380425,14.44662975,220.82705475,1288.75,,2026-05-07,2026,2026-05,0.25,98.0392156862745,220.82705475,1509.5770547500001,25-50,Q2,NORMAL_STRATEGY
A,2026-05-06 00:00:00,2026-05-07 00:00:00,COM7,BUY,13804,LIMIT,IOC,24.1,24.1,FILLED,,332676.4,522.301948,36.56113636,558.86308436,1380.4,,2026-05-07,2026,2026-05,0.1,41.49377593360996,558.86308436,1939.26308436,10-25,Q3,NORMAL_STRATEGY
A,2026-05-06 00:00:00,2026-05-07 00:00:00,GULF,BUY,5409,LIMIT,IOC,61.5,61.5,FILLED,,332653.5,522.265995,36.55861965,558.82461465,1352.25,,2026-05-07,2026,2026-05,0.25,40.650406504065046,558.82461465,1911.07461465,50-100,Q3,NORMAL_STRATEGY
A,2026-05-06 00:00:00,2026-05-07 00:00:00,TOP,BUY,7004,LIMIT,IOC,47.5,47.5,FILLED,,332690.0,522.3233,36.562631,558.885931,1751.0,,2026-05-07,2026,2026-05,0.25,52.63157894736842,558.885931,2309.885931,25-50,Q3,NORMAL_STRATEGY
A,2026-05-11 00:00:00,2026-05-12 00:00:00,IVL,SELL,12796,LIMIT,IOC,24.50000038146973,24.50000038146973,FILLED,,313502.00488128664,492.19814766362,34.4538703364534,526.6520180000734,1279.6,,2026-05-12,2026,2026-05,0.09999999999999999,40.81632589509417,526.6520180000733,1806.2520180000733,10-25,Q3,NORMAL_STRATEGY
A,2026-05-11 00:00:00,2026-05-12 00:00:00,GULF,SELL,5409,LIMIT,IOC,58.75,58.75,FILLED,,317778.75,498.9126375,34.923884625,533.836522125,1352.25,,2026-05-12,2026,2026-05,0.25,42.5531914893617,533.836522125,1886.086522125,50-100,Q3,NORMAL_STRATEGY
A,2026-05-11 00:00:00,2026-05-12 00:00:00,TOP,SELL,7004,LIMIT,IOC,46.25,46.25,FILLED,,323935.0,508.57795,35.6004565,544.1784065,1751.0,,2026-05-12,2026,2026-05,0.25,54.054054054054056,544.1784064999999,2295.1784065,25-50,Q3,NORMAL_STRATEGY
A,2026-05-11 00:00:00,2026-05-12 00:00:00,COM7,BUY,8217,LIMIT,IOC,23.80000076293945,23.80000076293945,FILLED,,195564.60626907347,307.0364318424454,21.492550228971176,328.5289820714165,821.7,,2026-05-12,2026,2026-05,0.1,42.016805375786625,328.5289820714166,1150.2289820714166,10-25,Q2,NORMAL_STRATEGY
A,2026-05-11 00:00:00,2026-05-12 00:00:00,KKP,BUY,2328,LIMIT,IOC,82.25,82.25,FILLED,,191478.0,300.62046,21.0434322,321.6638922,582.0,,2026-05-12,2026,2026-05,0.25,30.3951367781155,321.66389219999996,903.6638922,50-100,Q2,NORMAL_STRATEGY
A,2026-05-11 00:00:00,2026-05-12 00:00:00,PTTGC,BUY,4951,LIMIT,IOC,39.5,39.5,FILLED,,195564.5,307.036265,21.49253855,328.52880355,1237.75,,2026-05-12,2026,2026-05,0.25,63.291139240506325,328.52880355,1566.27880355,25-50,Q2,NORMAL_STRATEGY
A,2026-05-11 00:00:00,2026-05-12 00:00:00,SCGP,BUY,8337,LIMIT,IOC,24.80000076293945,24.80000076293945,FILLED,,206757.6063606262,324.6094419861832,22.72266093903282,347.332102925216,833.7,,2026-05-12,2026,2026-05,0.1,40.32257940469005,347.332102925216,1181.0321029252161,10-25,Q2,NORMAL_STRATEGY
A,2026-05-14 00:00:00,2026-05-15 00:00:00,PTTGC,SELL,6658,LIMIT,IOC,39.0,39.0,FILLED,,259662.0,407.66934,28.5368538,436.2061938,1664.5,,2026-05-15,2026,2026-05,0.25,64.1025641025641,436.2061938,2100.7061938,25-50,Q3,NORMAL_STRATEGY
A,2026-05-14 00:00:00,2026-05-15 00:00:00,KKP,SELL,3178,LIMIT,IOC,81.25,81.25,FILLED,,258212.5,405.393625,28.37755375,433.77117875,794.5,,2026-05-15,2026,2026-05,0.25,30.76923076923077,433.77117875,1228.27117875,50-100,Q3,NORMAL_STRATEGY
A,2026-05-14 00:00:00,2026-05-15 00:00:00,SCGP,SELL,10893,LIMIT,IOC,25.0,25.0,FILLED,,272325.0,427.55025,29.9285175,457.4787675,2723.25,,2026-05-15,2026,2026-05,0.25,100.0,457.4787675,3180.7287675,10-25,Q3,NORMAL_STRATEGY
A,2026-05-14 00:00:00,2026-05-15 00:00:00,GULF,BUY,4316,LIMIT,IOC,60.5,60.5,FILLED,,261118.0,409.95526,28.6968682,438.6521282,1079.0,,2026-05-15,2026,2026-05,0.25,41.32231404958678,438.6521282,1517.6521281999999,50-100,Q3,NORMAL_STRATEGY
A,2026-05-14 00:00:00,2026-05-15 00:00:00,IVL,BUY,10240,LIMIT,IOC,25.5,25.5,FILLED,,261120.0,409.9584,28.697088,438.655488,2560.0,,2026-05-15,2026,2026-05,0.25,98.0392156862745,438.655488,2998.655488,25-50,Q3,NORMAL_STRATEGY
A,2026-05-14 00:00:00,2026-05-15 00:00:00,KTB,BUY,7624,LIMIT,IOC,34.25,34.25,FILLED,,261122.0,409.96154,28.6973078,438.6588478,1906.0,,2026-05-15,2026,2026-05,0.25,72.99270072992701,438.6588478,2344.6588478,25-50,Q3,NORMAL_STRATEGY
A,2026-05-14 00:00:00,2026-05-15 00:00:00,RATCH,BUY,8632,LIMIT,IOC,30.25,30.25,FILLED,,261118.0,409.95526,28.6968682,438.6521282,2158.0,,2026-05-15,2026,2026-05,0.25,82.64462809917356,438.6521282,2596.6521282,25-50,Q3,NORMAL_STRATEGY
A,2026-05-14 00:00:00,2026-05-15 00:00:00,TIDLOR,BUY,15543,LIMIT,IOC,16.80000076293945,16.80000076293945,FILLED,,261122.4118583679,409.9621866176376,28.697353063234637,438.65953968087223,1554.3,,2026-05-15,2026,2026-05,0.09999999999999999,59.52380682065115,438.65953968087223,1992.9595396808722,10-25,Q3,NORMAL_STRATEGY
A,2026-05-19 00:00:00,2026-05-20 00:00:00,PTTGC,SELL,6610,LIMIT,IOC,37.5,37.5,FILLED,,247875.0,389.16375,27.2414625,416.4052125,1652.5,,2026-05-20,2026,2026-05,0.25,66.66666666666667,416.4052125,2068.9052125,25-50,Q2,NORMAL_STRATEGY
A,2026-05-19 00:00:00,2026-05-20 00:00:00,IVL,SELL,10240,LIMIT,IOC,24.10000076293945,24.10000076293945,FILLED,,246784.0078125,387.450892265625,27.121562458593747,414.57245472421874,1024.0,,2026-05-20,2026,2026-05,0.1,41.49377462003163,414.57245472421874,1438.5724547242187,10-25,Q2,NORMAL_STRATEGY
A,2026-05-19 00:00:00,2026-05-20 00:00:00,TIDLOR,SELL,15543,LIMIT,IOC,15.9,15.9,FILLED,,247133.7,387.999909,27.15999363,415.15990263,1554.3,,2026-05-20,2026,2026-05,0.09999999999999999,62.893081761006286,415.15990263,1969.45990263,10-25,Q2,NORMAL_STRATEGY
A,2026-05-19 00:00:00,2026-05-20 00:00:00,COM7,BUY,3766,LIMIT,IOC,25.25,25.25,FILLED,,95091.5,149.293655,10.45055585,159.74421085,941.5,,2026-05-20,2026,2026-05,0.25,99.00990099009901,159.74421085,1101.24421085,25-50,Q2,NORMAL_STRATEGY
A,2026-05-19 00:00:00,2026-05-20 00:00:00,GULF,BUY,6446,LIMIT,IOC,60.5,60.5,FILLED,,389983.0,612.27331,42.8591317,655.1324417,1611.5,,2026-05-20,2026,2026-05,0.25,41.32231404958678,655.1324417000001,2266.6324417,50-100,Q3,NORMAL_STRATEGY
A,2026-05-22 00:00:00,2026-05-25 00:00:00,KKP,SELL,3194,LIMIT,IOC,81.0,81.0,FILLED,,258714.0,406.18098,28.4326686,434.6136486,798.5,,2026-05-25,2026,2026-05,0.25,30.864197530864196,434.6136486,1233.1136486,50-100,Q3,NORMAL_STRATEGY
A,2026-05-22 00:00:00,2026-05-25 00:00:00,SCGP,SELL,10240,LIMIT,IOC,24.50000038146973,24.50000038146973,FILLED,,250880.00390625,393.88160613281246,27.571712429296877,421.45331856210936,1024.0,,2026-05-25,2026,2026-05,0.1,40.81632589509418,421.45331856210936,1445.4533185621094,10-25,Q2,NORMAL_STRATEGY
A,2026-05-22 00:00:00,2026-05-25 00:00:00,COM7,SELL,11201,LIMIT,IOC,25.5,25.5,FILLED,,285625.5,448.432035,31.39024245,479.82227745,2800.25,,2026-05-25,2026,2026-05,0.25,98.0392156862745,479.82227745,3280.07227745,25-50,Q3,NORMAL_STRATEGY
A,2026-05-22 00:00:00,2026-05-25 00:00:00,GULF,SELL,4621,LIMIT,IOC,61.25,61.25,FILLED,,283036.25,444.3669125,31.105683875,475.472596375,1155.25,,2026-05-25,2026,2026-05,0.25,40.81632653061225,475.472596375,1630.722596375,50-100,Q3,NORMAL_STRATEGY
A,2026-05-22 00:00:00,2026-05-25 00:00:00,CENTEL,BUY,11492,LIMIT,IOC,33.0,33.0,FILLED,,379236.0,595.40052,41.6780364,637.0785564,2873.0,,2026-05-25,2026,2026-05,0.25,75.75757575757576,637.0785564,3510.0785564,25-50,Q3,NORMAL_STRATEGY
A,2026-05-22 00:00:00,2026-05-25 00:00:00,KTB,BUY,3134,LIMIT,IOC,35.25,35.25,FILLED,,110473.5,173.443395,12.14103765,185.58443265,783.5,,2026-05-25,2026,2026-05,0.25,70.92198581560284,185.58443265,969.08443265,25-50,Q2,NORMAL_STRATEGY
A,2026-05-22 00:00:00,2026-05-25 00:00:00,RATCH,BUY,3701,LIMIT,IOC,30.75,30.75,FILLED,,113805.75,178.6750275,12.507251925,191.182279425,925.25,,2026-05-25,2026,2026-05,0.25,81.30081300813009,191.182279425,1116.432279425,25-50,Q2,NORMAL_STRATEGY
A,2026-05-22 00:00:00,2026-05-25 00:00:00,TIDLOR,BUY,20952,LIMIT,IOC,18.1,18.1,FILLED,,379231.2,595.392984,41.67750888,637.07049288,2095.2,,2026-05-25,2026,2026-05,0.09999999999999999,55.248618784530386,637.07049288,2732.27049288,10-25,Q3,NORMAL_STRATEGY
A,2026-05-27 00:00:00,2026-05-28 00:00:00,GULF,SELL,862,LIMIT,IOC,62.0,62.0,FILLED,,53444.0,83.90708,5.8734956,89.7805756,215.5,,2026-05-28,2026,2026-05,0.25,40.32258064516129,89.78057559999999,305.2805756,50-100,Q2,NORMAL_STRATEGY
A,2026-05-27 00:00:00,2026-05-28 00:00:00,KTB,SELL,1398,LIMIT,IOC,34.75,34.75,FILLED,,48580.5,76.271385,5.33899695,81.61038195,349.5,,2026-05-28,2026,2026-05,0.25,71.94244604316548,81.61038194999999,431.11038195,25-50,Q1,NORMAL_STRATEGY
A,2026-05-27 00:00:00,2026-05-28 00:00:00,RATCH,SELL,1604,LIMIT,IOC,30.25,30.25,FILLED,,48521.0,76.17797,5.3324579,81.5104279,401.0,,2026-05-28,2026,2026-05,0.25,82.64462809917356,81.5104279,482.51042789999997,25-50,Q1,NORMAL_STRATEGY
A,2026-05-27 00:00:00,2026-05-28 00:00:00,TIDLOR,SELL,3021,LIMIT,IOC,18.19999923706055,18.19999923706055,FILLED,,54982.19769515991,86.32205038140106,6.042543526698074,92.36459390809912,302.1,,2026-05-28,2026,2026-05,0.1,54.94505724833802,92.36459390809912,394.4645939080991,10-25,Q2,NORMAL_STRATEGY
A,2026-05-27 00:00:00,2026-05-28 00:00:00,OSP,BUY,21564,LIMIT,IOC,15.299999809265136,15.299999809265136,FILLED,,329929.1958869934,517.9888375425796,36.25921862798057,554.2480561705602,2156.4,,2026-05-28,2026,2026-05,0.1,65.3594779389759,554.2480561705602,2710.6480561705603,10-25,Q3,NORMAL_STRATEGY
A,2026-06-01 00:00:00,2026-06-02 00:00:00,CENTEL,SELL,1588,LIMIT,IOC,33.25,33.25,FILLED,,52801.0,82.89757,5.8028299,88.7003999,397.0,,2026-06-02,2026,2026-06,0.25,75.18796992481202,88.70039990000001,485.7003999,25-50,Q2,NORMAL_STRATEGY
A,2026-06-01 00:00:00,2026-06-02 00:00:00,GULF,BUY,134,LIMIT,IOC,61.75,61.75,FILLED,,8274.5,12.990965,0.90936755,13.90033255,33.5,,2026-06-02,2026,2026-06,0.25,40.48582995951417,13.90033255,47.40033255,50-100,Q1,NORMAL_STRATEGY
A,2026-06-01 00:00:00,2026-06-02 00:00:00,KTB,BUY,123,LIMIT,IOC,35.25,35.25,FILLED,,4335.75,6.8071275,0.476498925,7.283626425,30.75,,2026-06-02,2026,2026-06,0.25,70.92198581560284,7.283626425,38.033626425,25-50,Q1,NORMAL_STRATEGY
A,2026-06-01 00:00:00,2026-06-02 00:00:00,OSP,BUY,142,LIMIT,IOC,15.400000190734865,15.400000190734865,FILLED,,2186.8000270843504,3.4332760425224302,0.2403293229765701,3.673605365499,14.2,,2026-06-02,2026,2026-06,0.09999999999999999,64.93506413081944,3.673605365499,17.873605365499,10-25,Q1,NORMAL_STRATEGY
A,2026-06-01 00:00:00,2026-06-02 00:00:00,RATCH,BUY,54,LIMIT,IOC,31.0,31.0,FILLED,,1674.0,2.62818,0.1839726,2.8121526,13.5,,2026-06-02,2026,2026-06,0.25,80.64516129032258,2.8121526,16.3121526,25-50,Q1,NORMAL_STRATEGY
A,2026-06-01 00:00:00,2026-06-02 00:00:00,TIDLOR,BUY,955,LIMIT,IOC,17.700000381469728,17.700000381469728,FILLED,,16903.50036430359,26.538495571956638,1.8576946900369644,28.3961902619936,95.5,,2026-06-02,2026,2026-06,0.1,56.49717392361799,28.396190261993603,123.89619026199361,10-25,Q1,NORMAL_STRATEGY
A,2026-06-04 00:00:00,2026-06-05 00:00:00,COM7,SELL,3272,LIMIT,IOC,26.0,26.0,FILLED,,85072.0,133.56304,9.3494128,142.9124528,818.0,,2026-06-05,2026,2026-06,0.25,96.15384615384616,142.9124528,960.9124528,25-50,Q2,NORMAL_STRATEGY
A,2026-06-04 00:00:00,2026-06-05 00:00:00,GULF,SELL,1036,LIMIT,IOC,68.0,68.0,FILLED,,70448.0,110.60336,7.7422352,118.3455952,259.0,,2026-06-05,2026,2026-06,0.25,36.76470588235294,118.34559519999999,377.3455952,50-100,Q2,NORMAL_STRATEGY
A,2026-06-04 00:00:00,2026-06-05 00:00:00,KTB,SELL,1097,LIMIT,IOC,35.25,35.25,FILLED,,38669.25,60.7107225,4.249750575,64.960473075,274.25,,2026-06-05,2026,2026-06,0.25,70.92198581560284,64.96047307500001,339.210473075,25-50,Q1,NORMAL_STRATEGY
A,2026-06-04 00:00:00,2026-06-05 00:00:00,RATCH,SELL,1033,LIMIT,IOC,30.25,30.25,FILLED,,31248.25,49.0597525,3.434182675,52.493935175,258.25,,2026-06-05,2026,2026-06,0.25,82.64462809917356,52.493935175000004,310.743935175,25-50,Q1,NORMAL_STRATEGY
A,2026-06-04 00:00:00,2026-06-05 00:00:00,TIDLOR,SELL,1947,LIMIT,IOC,17.50000038146973,17.50000038146973,FILLED,,34072.50074272156,53.49382616607285,3.744567831625099,57.23839399769794,194.7,,2026-06-05,2026,2026-06,0.09999999999999999,57.14285589724172,57.23839399769795,251.93839399769794,10-25,Q1,NORMAL_STRATEGY
A,2026-06-04 00:00:00,2026-06-05 00:00:00,OSP,SELL,2486,LIMIT,IOC,15.4,15.4,FILLED,,38284.4,60.106508,4.20745556,64.31396356,248.6,,2026-06-05,2026,2026-06,0.09999999999999999,64.93506493506493,64.31396355999999,312.91396355999996,10-25,Q1,NORMAL_STRATEGY
A,2026-06-04 00:00:00,2026-06-05 00:00:00,LH,BUY,81922,LIMIT,IOC,3.660000104904175,3.660000104904175,FILLED,,299834.52859395987,470.7402098925169,32.951814692476184,503.69202458499313,1638.44,,2026-06-05,2026,2026-06,0.02,54.64480717692119,503.6920245849931,2142.132024584993,<5,Q3,NORMAL_STRATEGY
A,2026-06-09 00:00:00,2026-06-10 00:00:00,RATCH,SELL,9750,LIMIT,IOC,29.5,29.5,FILLED,,287625.0,451.57125,31.6099875,483.1812375,2437.5,,2026-06-10,2026,2026-06,0.25,84.7457627118644,483.1812375,2920.6812375,25-50,Q3,NORMAL_STRATEGY
A,2026-06-09 00:00:00,2026-06-10 00:00:00,TIDLOR,SELL,16939,LIMIT,IOC,16.60000076293945,16.60000076293945,FILLED,,281187.4129234314,441.46423828978726,30.90249668028511,472.3667349700724,1693.9,,2026-06-10,2026,2026-06,0.1,60.24096108673459,472.36673497007234,2166.2667349700723,10-25,Q3,NORMAL_STRATEGY
A,2026-06-09 00:00:00,2026-06-10 00:00:00,COM7,BUY,2646,LIMIT,IOC,26.75,26.75,FILLED,,70780.5,111.125385,7.77877695,118.90416195,661.5,,2026-06-10,2026,2026-06,0.25,93.45794392523364,118.90416194999999,780.40416195,25-50,Q2,NORMAL_STRATEGY
A,2026-06-09 00:00:00,2026-06-10 00:00:00,GULF,BUY,1480,LIMIT,IOC,63.75,63.75,FILLED,,94350.0,148.1295,10.369065,158.498565,370.0,,2026-06-10,2026,2026-06,0.25,39.21568627450981,158.498565,528.498565,50-100,Q2,NORMAL_STRATEGY
A,2026-06-09 00:00:00,2026-06-10 00:00:00,KKP,BUY,4231,LIMIT,IOC,88.25,88.25,FILLED,,373385.75,586.2156275,41.035093925,627.250721425,1057.75,,2026-06-10,2026,2026-06,0.25,28.328611898016998,627.2507214249999,1685.000721425,50-100,Q3,NORMAL_STRATEGY
A,2026-06-09 00:00:00,2026-06-10 00:00:00,KTB,BUY,2283,LIMIT,IOC,35.0,35.0,FILLED,,79905.0,125.45085,8.7815595,134.2324095,570.75,,2026-06-10,2026,2026-06,0.25,71.42857142857143,134.23240950000002,704.9824095,25-50,Q2,NORMAL_STRATEGY
A,2026-06-09 00:00:00,2026-06-10 00:00:00,OSP,BUY,5188,LIMIT,IOC,15.299999809265136,15.299999809265136,FILLED,,79376.39901046753,124.62094644643402,8.72346625125038,133.3444126976844,518.8,,2026-06-10,2026,2026-06,0.09999999999999999,65.35947793897587,133.3444126976844,652.1444126976844,10-25,Q2,NORMAL_STRATEGY
A,2026-06-12 00:00:00,2026-06-15 00:00:00,GULF,SELL,28,LIMIT,IOC,65.0,65.0,FILLED,,1820.0,2.8574,0.200018,3.057418,7.0,,2026-06-15,2026,2026-06,0.25,38.46153846153847,3.057418,10.057418,50-100,Q1,NORMAL_STRATEGY
A,2026-06-12 00:00:00,2026-06-15 00:00:00,LH,SELL,81922,LIMIT,IOC,3.640000085830689,3.640000085830689,FILLED,,298196.08703142166,468.16785663933206,32.77174996475324,500.93960660408527,1638.44,,2026-06-15,2026,2026-06,0.02,54.94505364945831,500.93960660408527,2139.3796066040854,<5,Q3,NORMAL_STRATEGY
A,2026-06-12 00:00:00,2026-06-15 00:00:00,CENTEL,BUY,928,LIMIT,IOC,35.25,35.25,FILLED,,32712.0,51.35784,3.5950488,54.9528888,232.0,,2026-06-15,2026,2026-06,0.25,70.92198581560284,54.952888800000004,286.9528888,25-50,Q1,NORMAL_STRATEGY
A,2026-06-12 00:00:00,2026-06-15 00:00:00,COM7,BUY,52,LIMIT,IOC,27.25,27.25,FILLED,,1417.0,2.22469,0.1557283,2.3804183,13.0,,2026-06-15,2026,2026-06,0.25,91.74311926605505,2.3804182999999997,15.380418299999999,25-50,Q1,NORMAL_STRATEGY
A,2026-06-12 00:00:00,2026-06-15 00:00:00,KKP,BUY,23,LIMIT,IOC,89.75,89.75,FILLED,,2064.25,3.2408725,0.226861075,3.467733575,5.75,,2026-06-15,2026,2026-06,0.25,27.855153203342617,3.467733575,9.217733575,50-100,Q1,NORMAL_STRATEGY
A,2026-06-12 00:00:00,2026-06-15 00:00:00,KTB,BUY,12,LIMIT,IOC,35.75,35.75,FILLED,,429.0,0.67353,0.0471471,0.7206771,3.0,,2026-06-15,2026,2026-06,0.25,69.93006993006993,0.7206771,3.7206771,25-50,Q1,NORMAL_STRATEGY
A,2026-06-12 00:00:00,2026-06-15 00:00:00,OSP,BUY,227,LIMIT,IOC,15.499999618530271,15.499999618530271,FILLED,,3518.499913406372,5.524044864048004,0.3866831404833602,5.910728004531364,22.7,,2026-06-15,2026,2026-06,0.09999999999999999,64.51613062006133,5.910728004531364,28.610728004531364,10-25,Q1,NORMAL_STRATEGY
A,2026-06-17 00:00:00,2026-06-18 00:00:00,COM7,SELL,6485,LIMIT,IOC,27.0,27.0,FILLED,,175095.0,274.89915,19.2429405,294.1420905,1621.25,,2026-06-18,2026,2026-06,0.25,92.59259259259258,294.1420905,1915.3920905,25-50,Q2,NORMAL_STRATEGY
A,2026-06-17 00:00:00,2026-06-18 00:00:00,GULF,SELL,2608,LIMIT,IOC,63.75,63.75,FILLED,,166260.0,261.0282,18.271974,279.300174,652.0,,2026-06-18,2026,2026-06,0.25,39.21568627450981,279.300174,931.300174,50-100,Q2,NORMAL_STRATEGY
A,2026-06-17 00:00:00,2026-06-18 00:00:00,KTB,SELL,4971,LIMIT,IOC,35.75,35.75,FILLED,,177713.25,279.0098025,19.530686175,298.540488675,1242.75,,2026-06-18,2026,2026-06,0.25,69.93006993006993,298.540488675,1541.290488675,25-50,Q2,NORMAL_STRATEGY
A,2026-06-17 00:00:00,2026-06-18 00:00:00,CENTEL,SELL,5082,LIMIT,IOC,35.5,35.5,FILLED,,180411.0,283.24527,19.8271689,303.0724389,1270.5,,2026-06-18,2026,2026-06,0.25,70.4225352112676,303.0724389,1573.5724389,25-50,Q2,NORMAL_STRATEGY
A,2026-06-17 00:00:00,2026-06-18 00:00:00,OSP,SELL,11698,LIMIT,IOC,15.799999618530272,15.799999618530272,FILLED,,184828.39553756712,290.1805809939804,20.312640669578624,310.493221663559,1169.8,,2026-06-18,2026,2026-06,0.09999999999999999,63.29114076858571,310.49322166355904,1480.293221663559,10-25,Q2,NORMAL_STRATEGY
A,2026-06-17 00:00:00,2026-06-18 00:00:00,KKP,SELL,1992,LIMIT,IOC,91.0,91.0,FILLED,,181272.0,284.59704,19.9217928,304.5188328,498.0,,2026-06-18,2026,2026-06,0.25,27.472527472527474,304.5188328,802.5188327999999,50-100,Q2,NORMAL_STRATEGY
A,2026-06-17 00:00:00,2026-06-18 00:00:00,BDMS,BUY,11069,LIMIT,IOC,18.700000381469728,18.700000381469728,FILLED,,206990.3042224884,324.9747776293068,22.74823443405148,347.7230120633583,1106.9,,2026-06-18,2026,2026-06,0.1,53.47593473799732,347.7230120633583,1454.6230120633584,10-25,Q2,NORMAL_STRATEGY
A,2026-06-17 00:00:00,2026-06-18 00:00:00,LH,BUY,55347,LIMIT,IOC,3.7400000286102295,3.7400000286102295,FILLED,,206997.7815834904,324.98651708607986,22.74905619602559,347.73557328210546,1106.94,,2026-06-18,2026,2026-06,0.02,53.47593541979712,347.73557328210546,1454.6755732821055,<5,Q2,NORMAL_STRATEGY
A,2026-06-17 00:00:00,2026-06-18 00:00:00,RATCH,BUY,6624,LIMIT,IOC,31.25,31.25,FILLED,,207000.0,324.99,22.7493,347.7393,1656.0,,2026-06-18,2026,2026-06,0.25,80.0,347.7393,2003.7393,25-50,Q2,NORMAL_STRATEGY
A,2026-06-17 00:00:00,2026-06-18 00:00:00,SCGP,BUY,8038,LIMIT,IOC,25.75,25.75,FILLED,,206978.5,324.956245,22.74693715,347.70318215,2009.5,,2026-06-18,2026,2026-06,0.25,97.08737864077669,347.70318215000003,2357.20318215,25-50,Q2,NORMAL_STRATEGY
A,2026-06-17 00:00:00,2026-06-18 00:00:00,TIDLOR,BUY,10837,LIMIT,IOC,19.1,19.1,FILLED,,206986.7,324.969119,22.74783833,347.71695733,1083.7,,2026-06-18,2026,2026-06,0.1,52.35602094240838,347.71695732999996,1431.41695733,10-25,Q2,NORMAL_STRATEGY
A,2026-06-22 00:00:00,2026-06-23 00:00:00,GULF,SELL,3221,LIMIT,IOC,60.25,60.25,FILLED,,194065.25,304.6824425,21.327770975,326.010213475,805.25,,2026-06-23,2026,2026-06,0.25,41.49377593360996,326.010213475,1131.260213475,50-100,Q2,NORMAL_STRATEGY
A,2026-06-22 00:00:00,2026-06-23 00:00:00,LH,SELL,55347,LIMIT,IOC,3.640000085830689,3.640000085830689,FILLED,,201463.08475047117,316.2970430582397,22.140793014076777,338.4378360723165,1106.94,,2026-06-23,2026,2026-06,0.02,54.94505364945829,338.4378360723165,1445.3778360723165,<5,Q2,NORMAL_STRATEGY
A,2026-06-22 00:00:00,2026-06-23 00:00:00,RATCH,SELL,6624,LIMIT,IOC,30.25,30.25,FILLED,,200376.0,314.59032,22.0213224,336.6116424,1656.0,,2026-06-23,2026,2026-06,0.25,82.64462809917356,336.6116424,1992.6116424,25-50,Q2,NORMAL_STRATEGY
A,2026-06-22 00:00:00,2026-06-23 00:00:00,BDMS,BUY,3491,LIMIT,IOC,18.49999961853028,18.49999961853028,FILLED,,64583.4986682892,101.39609290921403,7.097726503644983,108.49381941285903,349.1,,2026-06-23,2026,2026-06,0.1,54.054055168647864,108.49381941285901,457.59381941285903,10-25,Q2,NORMAL_STRATEGY
A,2026-06-22 00:00:00,2026-06-23 00:00:00,CENTEL,BUY,1630,LIMIT,IOC,36.5,36.5,FILLED,,59495.0,93.40715,6.5385005,99.9456505,407.5,,2026-06-23,2026,2026-06,0.25,68.4931506849315,99.9456505,507.4456505,25-50,Q2,NORMAL_STRATEGY
A,2026-06-22 00:00:00,2026-06-23 00:00:00,COM7,BUY,1842,LIMIT,IOC,28.75,28.75,FILLED,,52957.5,83.143275,5.82002925,88.96330425,460.5,,2026-06-23,2026,2026-06,0.25,86.95652173913044,88.96330425000001,549.46330425,25-50,Q2,NORMAL_STRATEGY
A,2026-06-22 00:00:00,2026-06-23 00:00:00,HMPRO,BUY,43800,LIMIT,IOC,6.149999904632568,6.149999904632568,FILLED,,269369.9958229065,422.9108934419632,29.60376254093742,452.51465598290054,2190.0,,2026-06-23,2026,2026-06,0.05,81.30081426885363,452.5146559829006,2642.5146559829004,5-10,Q3,NORMAL_STRATEGY
A,2026-06-22 00:00:00,2026-06-23 00:00:00,KKP,BUY,596,LIMIT,IOC,94.25,94.25,FILLED,,56173.0,88.19161,6.1734127,94.3650227,149.0,,2026-06-23,2026,2026-06,0.25,26.52519893899204,94.3650227,243.3650227,50-100,Q2,NORMAL_STRATEGY
A,2026-06-22 00:00:00,2026-06-23 00:00:00,KTB,BUY,1720,LIMIT,IOC,36.25,36.25,FILLED,,62350.0,97.8895,6.852265,104.741765,430.0,,2026-06-23,2026,2026-06,0.25,68.9655172413793,104.741765,534.741765,25-50,Q2,NORMAL_STRATEGY
A,2026-06-22 00:00:00,2026-06-23 00:00:00,MTC,BUY,8831,LIMIT,IOC,30.5,30.5,FILLED,,269345.5,422.872435,29.60107045,452.47350545,2207.75,,2026-06-23,2026,2026-06,0.25,81.9672131147541,452.47350545,2660.22350545,25-50,Q3,NORMAL_STRATEGY
A,2026-06-22 00:00:00,2026-06-23 00:00:00,OSP,BUY,3388,LIMIT,IOC,16.49999961853027,16.49999961853027,FILLED,,55901.99870758056,87.76613797090147,6.143629657963104,93.90976762886461,338.8,,2026-06-23,2026,2026-06,0.1,60.60606200723503,93.90976762886457,432.7097676288646,10-25,Q2,NORMAL_STRATEGY
A,2026-06-22 00:00:00,2026-06-23 00:00:00,SCGP,BUY,1757,LIMIT,IOC,27.5,27.5,FILLED,,48317.5,75.858475,5.31009325,81.16856825,439.25,,2026-06-23,2026,2026-06,0.25,90.9090909090909,81.16856824999999,520.41856825,25-50,Q1,NORMAL_STRATEGY
A,2026-06-22 00:00:00,2026-06-23 00:00:00,TIDLOR,BUY,3266,LIMIT,IOC,19.1,19.1,FILLED,,62380.6,97.937542,6.85562794,104.79316994,326.6,,2026-06-23,2026,2026-06,0.1,52.35602094240838,104.79316994,431.39316994,10-25,Q2,NORMAL_STRATEGY
A,2026-06-25 00:00:00,2026-06-26 00:00:00,COM7,SELL,82,LIMIT,IOC,26.5,26.5,FILLED,,2173.0,3.41161,0.2388127,3.6504227,20.5,,2026-06-26,2026,2026-06,0.25,94.33962264150944,3.6504227,24.1504227,25-50,Q1,NORMAL_STRATEGY
A,2026-06-25 00:00:00,2026-06-26 00:00:00,KTB,SELL,607,LIMIT,IOC,36.25,36.25,FILLED,,22003.75,34.5458875,2.418212125,36.964099625,151.75,,2026-06-26,2026,2026-06,0.25,68.9655172413793,36.964099625,188.71409962500002,25-50,Q1,NORMAL_STRATEGY
A,2026-06-25 00:00:00,2026-06-26 00:00:00,CENTEL,SELL,738,LIMIT,IOC,37.25,37.25,FILLED,,27490.5,43.160085,3.02120595,46.18129095,184.5,,2026-06-26,2026,2026-06,0.25,67.11409395973155,46.181290950000005,230.68129095,25-50,Q1,NORMAL_STRATEGY
A,2026-06-25 00:00:00,2026-06-26 00:00:00,OSP,SELL,2237,LIMIT,IOC,17.60000076293945,17.60000076293945,FILLED,,39371.20170669556,61.812786679512016,4.326895067565841,66.13968174707786,223.7,,2026-06-26,2026,2026-06,0.09999999999999999,56.818179355180064,66.13968174707786,289.83968174707786,10-25,Q1,NORMAL_STRATEGY
A,2026-06-25 00:00:00,2026-06-26 00:00:00,KKP,SELL,338,LIMIT,IOC,99.0,99.0,FILLED,,33462.0,52.53534,3.6774738,56.2128138,84.5,,2026-06-26,2026,2026-06,0.25,25.252525252525256,56.2128138,140.7128138,50-100,Q1,NORMAL_STRATEGY
A,2026-06-25 00:00:00,2026-06-26 00:00:00,BDMS,SELL,1150,LIMIT,IOC,18.50000038146973,18.50000038146973,FILLED,,21275.000438690186,33.40175068874359,2.3381225482120516,35.739873236955646,115.0,,2026-06-26,2026,2026-06,0.1,54.054052939460284,35.73987323695564,150.73987323695565,10-25,Q1,NORMAL_STRATEGY
A,2026-06-25 00:00:00,2026-06-26 00:00:00,SCGP,SELL,759,LIMIT,IOC,27.25,27.25,FILLED,,20682.75,32.4719175,2.273034225,34.744951725,189.75,,2026-06-26,2026,2026-06,0.25,91.74311926605505,34.74495172500001,224.49495172500002,25-50,Q1,NORMAL_STRATEGY
A,2026-06-25 00:00:00,2026-06-26 00:00:00,TIDLOR,SELL,1177,LIMIT,IOC,19.19999923706055,19.19999923706055,FILLED,,22598.399102020263,35.47948659017181,2.483564061312027,37.96305065148384,117.7,,2026-06-26,2026,2026-06,0.1,52.083335402939134,37.96305065148384,155.66305065148384,10-25,Q1,NORMAL_STRATEGY
A,2026-06-25 00:00:00,2026-06-26 00:00:00,HMPRO,SELL,4921,LIMIT,IOC,6.350000095367432,6.350000095367432,FILLED,,31248.35046930313,49.05991023680592,3.4341937165764143,52.49410395338233,246.05,,2026-06-26,2026,2026-06,0.05,78.74015629775647,52.494103953382336,298.5441039533823,5-10,Q1,NORMAL_STRATEGY
A,2026-06-25 00:00:00,2026-06-26 00:00:00,MTC,SELL,676,LIMIT,IOC,30.25,30.25,FILLED,,20449.0,32.10493,2.2473451,34.3522751,169.0,,2026-06-26,2026,2026-06,0.25,82.64462809917356,34.3522751,203.35227509999999,25-50,Q1,NORMAL_STRATEGY
A,2026-06-25 00:00:00,2026-06-26 00:00:00,LH,BUY,67775,LIMIT,IOC,3.700000066757202,3.700000066757202,FILLED,,250767.50452446935,393.70498210341685,27.559348747239184,421.2643308506561,1355.5,,2026-06-26,2026,2026-06,0.02,54.054053078784506,421.26433085065605,1776.764330850656,<5,Q2,NORMAL_STRATEGY
A,2026-06-30 00:00:00,2026-06-30 00:00:00,CENTEL,SELL,6642,LIMIT,IOC,36.5,36.5,FILLED,UNIVERSE_BOUNDARY_EXIT,242433.0,380.61981,26.6433867,407.2631967,1660.5,2026-06-30 00:00:00,2026-06-30,2026,2026-06,0.25,68.4931506849315,407.2631967,2067.7631966999998,25-50,Q2,BOUNDARY_EXIT
A,2026-06-30 00:00:00,2026-07-01 00:00:00,COM7,SELL,1717,LIMIT,IOC,27.75,27.75,FILLED,,47646.75,74.8053975,5.236377825,80.041775325,429.25,,2026-07-01,2026,2026-07,0.25,90.09009009009009,80.041775325,509.291775325,25-50,Q1,NORMAL_STRATEGY
A,2026-06-30 00:00:00,2026-07-01 00:00:00,KTB,SELL,1232,LIMIT,IOC,37.75,37.75,FILLED,,46508.0,73.01756,5.1112292,78.1287892,308.0,,2026-07-01,2026,2026-07,0.25,66.2251655629139,78.1287892,386.1287892,25-50,Q1,NORMAL_STRATEGY
A,2026-06-30 00:00:00,2026-07-01 00:00:00,OSP,SELL,1868,LIMIT,IOC,17.299999618530272,17.299999618530272,FILLED,,32316.399287414548,50.73674688124084,3.5515722816868593,54.2883191629277,186.8,,2026-07-01,2026,2026-07,0.1,57.803469482674785,54.2883191629277,241.08831916292772,10-25,Q1,NORMAL_STRATEGY
A,2026-06-30 00:00:00,2026-07-01 00:00:00,KKP,SELL,413,LIMIT,IOC,100.5,100.5,FILLED,,41506.5,65.165205,4.56156435,69.72676935,206.5,,2026-07-01,2026,2026-07,0.5,49.75124378109452,69.72676935,276.22676935,>100,Q1,NORMAL_STRATEGY
A,2026-06-30 00:00:00,2026-07-01 00:00:00,BDMS,SELL,2330,LIMIT,IOC,19.10000076293945,19.10000076293945,FILLED,,44503.001777648926,69.8697127909088,4.890879895363617,74.76059268627243,233.0,,2026-07-01,2026,2026-07,0.1,52.356018851074744,74.76059268627242,307.7605926862724,10-25,Q1,NORMAL_STRATEGY
A,2026-06-30 00:00:00,2026-07-01 00:00:00,SCGP,SELL,1662,LIMIT,IOC,28.5,28.5,FILLED,,47367.0,74.36619,5.2056333,79.5718233,415.5,,2026-07-01,2026,2026-07,0.25,87.71929824561403,79.5718233,495.0718233,25-50,Q1,NORMAL_STRATEGY
A,2026-06-30 00:00:00,2026-07-01 00:00:00,TIDLOR,SELL,1788,LIMIT,IOC,19.00000038146973,19.00000038146973,FILLED,,33972.000682067875,53.33604107084656,3.733522874959259,57.06956394580582,178.8,,2026-07-01,2026,2026-07,0.1,52.631577890665596,57.06956394580582,235.86956394580582,10-25,Q1,NORMAL_STRATEGY
A,2026-06-30 00:00:00,2026-07-01 00:00:00,HMPRO,SELL,6229,LIMIT,IOC,6.45,6.45,FILLED,,40177.05,63.0779685,4.415457795,67.493426295,311.45,,2026-07-01,2026,2026-07,0.049999999999999996,77.51937984496124,67.49342629499999,378.943426295,5-10,Q1,NORMAL_STRATEGY
A,2026-06-30 00:00:00,2026-07-01 00:00:00,MTC,SELL,1472,LIMIT,IOC,31.5,31.5,FILLED,,46368.0,72.79776,5.0958432,77.8936032,368.0,,2026-07-01,2026,2026-07,0.25,79.36507936507937,77.8936032,445.89360320000003,25-50,Q1,NORMAL_STRATEGY
A,2026-06-30 00:00:00,2026-07-01 00:00:00,LH,SELL,11496,LIMIT,IOC,3.7599999713897705,3.7599999713897705,FILLED,,43224.9596710968,67.86318668362198,4.750423067853538,72.61360975147551,229.92,,2026-07-01,2026,2026-07,0.02,53.19148976644168,72.61360975147551,302.5336097514755,<5,Q1,NORMAL_STRATEGY
A,2026-06-30 00:00:00,2026-07-01 00:00:00,RATCH,BUY,6735,LIMIT,IOC,31.75,31.75,FILLED,,213836.25,335.7229125,23.500603875,359.223516375,1683.75,,2026-07-01,2026,2026-07,0.25,78.74015748031496,359.22351637500003,2042.9735163750001,25-50,Q2,NORMAL_STRATEGY
A,2026-06-30 00:00:00,2026-07-01 00:00:00,TOP,BUY,4386,LIMIT,IOC,48.75,48.75,FILLED,,213817.5,335.693475,23.49854325,359.19201825,1096.5,,2026-07-01,2026,2026-07,0.25,51.282051282051285,359.19201825,1455.69201825,25-50,Q2,NORMAL_STRATEGY
A,2026-07-03 00:00:00,2026-07-06 00:00:00,COM7,BUY,802,LIMIT,IOC,28.5,28.5,FILLED,,22857.0,35.88549,2.5119843,38.3974743,200.5,,2026-07-06,2026,2026-07,0.25,87.71929824561403,38.3974743,238.8974743,25-50,Q1,NORMAL_STRATEGY
A,2026-07-03 00:00:00,2026-07-06 00:00:00,KKP,BUY,187,LIMIT,IOC,104.0,104.0,FILLED,,19448.0,30.53336,2.1373352,32.6706952,93.5,,2026-07-06,2026,2026-07,0.5,48.07692307692308,32.6706952,126.1706952,>100,Q1,NORMAL_STRATEGY
A,2026-07-03 00:00:00,2026-07-06 00:00:00,LH,BUY,6187,LIMIT,IOC,3.819999952316284,3.819999952316284,FILLED,,23634.33970498085,37.10591333681993,2.597413933577396,39.70332727039733,123.74,,2026-07-06,2026,2026-07,0.02,52.356021595950175,39.703327270397324,163.44332727039733,<5,Q1,NORMAL_STRATEGY
A,2026-07-03 00:00:00,2026-07-06 00:00:00,MTC,BUY,387,LIMIT,IOC,33.75,33.75,FILLED,,13061.25,20.5061625,1.435431375,21.941593875,96.75,,2026-07-06,2026,2026-07,0.25,74.07407407407408,21.941593875,118.691593875,25-50,Q1,NORMAL_STRATEGY
A,2026-07-03 00:00:00,2026-07-06 00:00:00,OSP,BUY,1415,LIMIT,IOC,17.49999961853027,17.49999961853027,FILLED,,24762.499460220337,38.877124152545925,2.721398690678215,41.598522843224146,141.5,,2026-07-06,2026,2026-07,0.1,57.142858388472604,41.59852284322414,183.09852284322415,10-25,Q1,NORMAL_STRATEGY
A,2026-07-03 00:00:00,2026-07-06 00:00:00,RATCH,BUY,283,LIMIT,IOC,34.0,34.0,FILLED,,9622.0,15.10654,1.0574578,16.1639978,70.75,,2026-07-06,2026,2026-07,0.25,73.52941176470588,16.1639978,86.9139978,25-50,Q1,NORMAL_STRATEGY
A,2026-07-03 00:00:00,2026-07-06 00:00:00,TIDLOR,BUY,1099,LIMIT,IOC,19.49999961853028,19.49999961853028,FILLED,,21430.499580764772,33.645884341800695,2.355211903926049,36.00109624572674,109.9,,2026-07-06,2026,2026-07,0.1,51.282052285259,36.00109624572674,145.90109624572676,10-25,Q1,NORMAL_STRATEGY
A,2026-07-03 00:00:00,2026-07-06 00:00:00,TOP,BUY,315,LIMIT,IOC,50.75,50.75,FILLED,,15986.25,25.0984125,1.756888875,26.855301375,78.75,,2026-07-06,2026,2026-07,0.25,49.26108374384236,26.855301375,105.605301375,50-100,Q1,NORMAL_STRATEGY
A,2026-07-08 00:00:00,2026-07-09 00:00:00,SCGP,SELL,7374,LIMIT,IOC,27.25,27.25,FILLED,,200941.5,315.478155,22.08347085,337.56162585,1843.5,,2026-07-09,2026,2026-07,0.25,91.74311926605505,337.56162585000004,2181.06162585,25-50,Q2,NORMAL_STRATEGY
A,2026-07-08 00:00:00,2026-07-09 00:00:00,TIDLOR,SELL,12237,LIMIT,IOC,18.79999961853028,18.79999961853028,FILLED,,230055.59533195497,361.18728467116927,25.28310992698185,386.4703945981512,1223.7,,2026-07-09,2026,2026-07,0.1,53.191490441007616,386.47039459815113,1610.1703945981512,10-25,Q2,NORMAL_STRATEGY
A,2026-07-08 00:00:00,2026-07-09 00:00:00,BDMS,BUY,2193,LIMIT,IOC,19.39999923706055,19.39999923706055,FILLED,,42544.198326873775,66.79439137319183,4.675607396123428,71.46999876931527,219.3,,2026-07-09,2026,2026-07,0.1,51.546393779730806,71.46999876931525,290.7699987693153,10-25,Q1,NORMAL_STRATEGY
A,2026-07-08 00:00:00,2026-07-09 00:00:00,COM7,BUY,742,LIMIT,IOC,28.25,28.25,FILLED,,20961.5,32.909555,2.30366885,35.21322385,185.5,,2026-07-09,2026,2026-07,0.25,88.49557522123894,35.21322385,220.71322385,25-50,Q1,NORMAL_STRATEGY
A,2026-07-08 00:00:00,2026-07-09 00:00:00,HMPRO,BUY,7583,LIMIT,IOC,6.399999904632568,6.399999904632568,FILLED,,48531.19927682876,76.19398286462115,5.3335788005234805,81.52756166514465,379.15,,2026-07-09,2026,2026-07,0.049999999999999996,78.12500116415323,81.52756166514463,460.6775616651446,5-10,Q1,NORMAL_STRATEGY
A,2026-07-08 00:00:00,2026-07-09 00:00:00,KKP,BUY,193,LIMIT,IOC,103.5,103.5,FILLED,,19975.5,31.361535,2.19530745,33.55684245,96.5,,2026-07-09,2026,2026-07,0.5,48.30917874396135,33.55684245,130.05684245,>100,Q1,NORMAL_STRATEGY
A,2026-07-08 00:00:00,2026-07-09 00:00:00,KTB,BUY,927,LIMIT,IOC,39.5,39.5,FILLED,,36616.5,57.487905,4.02415335,61.51205835,231.75,,2026-07-09,2026,2026-07,0.25,63.291139240506325,61.51205835,293.26205835,25-50,Q1,NORMAL_STRATEGY
A,2026-07-08 00:00:00,2026-07-09 00:00:00,MTC,BUY,976,LIMIT,IOC,32.0,32.0,FILLED,,31232.0,49.03424,3.4323968,52.4666368,244.0,,2026-07-09,2026,2026-07,0.25,78.125,52.466636799999996,296.4666368,25-50,Q1,NORMAL_STRATEGY
A,2026-07-08 00:00:00,2026-07-09 00:00:00,OSP,BUY,1335,LIMIT,IOC,17.200000381469728,17.200000381469728,FILLED,,22962.000509262085,36.05034079954147,2.523523855967903,38.573864655509375,133.5,,2026-07-09,2026,2026-07,0.1,58.13953359427489,38.573864655509375,172.07386465550937,10-25,Q1,NORMAL_STRATEGY
A,2026-07-08 00:00:00,2026-07-09 00:00:00,PTTGC,BUY,7463,LIMIT,IOC,34.5,34.5,FILLED,,257473.5,404.233395,28.29633765,432.52973265,1865.75,,2026-07-09,2026,2026-07,0.25,72.46376811594203,432.52973264999997,2298.27973265,25-50,Q2,NORMAL_STRATEGY
A,2026-07-08 00:00:00,2026-07-09 00:00:00,RATCH,BUY,391,LIMIT,IOC,34.75,34.75,FILLED,,13587.25,21.3319825,1.493238775,22.825221275,97.75,,2026-07-09,2026,2026-07,0.25,71.94244604316548,22.825221274999997,120.57522127499999,25-50,Q1,NORMAL_STRATEGY
A,2026-07-08 00:00:00,2026-07-09 00:00:00,TOP,BUY,474,LIMIT,IOC,49.75,49.75,FILLED,,23581.5,37.022955,2.59160685,39.61456185,118.5,,2026-07-09,2026,2026-07,0.25,50.25125628140704,39.61456185,158.11456185,25-50,Q1,NORMAL_STRATEGY
A,2026-07-13 00:00:00,2026-07-14 00:00:00,KTB,SELL,1575,LIMIT,IOC,41.0,41.0,FILLED,,64575.0,101.38275,7.0967925,108.4795425,393.75,,2026-07-14,2026,2026-07,0.25,60.97560975609756,108.47954250000001,502.2295425,25-50,Q2,NORMAL_STRATEGY
A,2026-07-13 00:00:00,2026-07-14 00:00:00,KKP,SELL,561,LIMIT,IOC,105.5,105.5,FILLED,,59185.5,92.921235,6.50448645,99.42572145,280.5,,2026-07-14,2026,2026-07,0.5,47.39336492890995,99.42572145,379.92572144999997,>100,Q2,NORMAL_STRATEGY
A,2026-07-13 00:00:00,2026-07-14 00:00:00,HMPRO,SELL,8909,LIMIT,IOC,6.45,6.45,FILLED,,57463.05,90.2169885,6.315189195,96.532177695,445.45,,2026-07-14,2026,2026-07,0.049999999999999996,77.51937984496124,96.532177695,541.982177695,5-10,Q2,NORMAL_STRATEGY
A,2026-07-13 00:00:00,2026-07-14 00:00:00,MTC,SELL,1685,LIMIT,IOC,31.75,31.75,FILLED,,53498.75,83.9930375,5.879512625,89.872550125,421.25,,2026-07-14,2026,2026-07,0.25,78.74015748031496,89.872550125,511.122550125,25-50,Q2,NORMAL_STRATEGY
A,2026-07-13 00:00:00,2026-07-14 00:00:00,RATCH,SELL,1827,LIMIT,IOC,36.25,36.25,FILLED,,66228.75,103.9791375,7.278539625,111.257677125,456.75,,2026-07-14,2026,2026-07,0.25,68.9655172413793,111.25767712499999,568.007677125,25-50,Q2,NORMAL_STRATEGY
A,2026-07-13 00:00:00,2026-07-14 00:00:00,TOP,SELL,1133,LIMIT,IOC,50.25,50.25,FILLED,,56933.25,89.3852025,6.256964175,95.642166675,283.25,,2026-07-14,2026,2026-07,0.25,49.75124378109452,95.642166675,378.892166675,50-100,Q2,NORMAL_STRATEGY
A,2026-07-13 00:00:00,2026-07-14 00:00:00,PTTGC,SELL,1643,LIMIT,IOC,34.75,34.75,FILLED,,57094.25,89.6379725,6.274658075,95.912630575,410.75,,2026-07-14,2026,2026-07,0.25,71.94244604316548,95.91263057500001,506.662630575,25-50,Q2,NORMAL_STRATEGY
A,2026-07-13 00:00:00,2026-07-14 00:00:00,IVL,BUY,8805,LIMIT,IOC,23.30000076293945,23.30000076293945,FILLED,,205156.50671768188,322.0957155467605,22.54670008827324,344.6424156350338,880.5,,2026-07-14,2026,2026-07,0.1,42.91845353029264,344.6424156350338,1225.1424156350338,10-25,Q2,NORMAL_STRATEGY
A,2026-07-13 00:00:00,2026-07-14 00:00:00,SCGP,BUY,7262,LIMIT,IOC,28.25,28.25,FILLED,,205151.5,322.087855,22.54614985,344.63400485,1815.5,,2026-07-14,2026,2026-07,0.25,88.49557522123894,344.63400485,2160.13400485,25-50,Q2,NORMAL_STRATEGY
A,2026-07-16 00:00:00,2026-07-17 00:00:00,OSP,SELL,2866,LIMIT,IOC,17.299999618530272,17.299999618530272,FILLED,,49581.79890670776,77.84342428353118,5.449039699847183,83.29246398337837,286.6,,2026-07-17,2026,2026-07,0.1,57.803469482674785,83.29246398337835,369.8924639833784,10-25,Q1,NORMAL_STRATEGY
A,2026-07-16 00:00:00,2026-07-17 00:00:00,LH,SELL,7871,LIMIT,IOC,3.839999895095825,3.839999895095825,FILLED,,30224.63917429924,47.45268350364981,3.3216878452554863,50.77437134890529,157.42,,2026-07-17,2026,2026-07,0.019999999999999997,52.0833347561873,50.7743713489053,208.1943713489053,<5,Q1,NORMAL_STRATEGY
A,2026-07-16 00:00:00,2026-07-17 00:00:00,PTTGC,SELL,134,LIMIT,IOC,36.75,36.75,FILLED,,4924.5,7.731465,0.54120255,8.27266755,33.5,,2026-07-17,2026,2026-07,0.25,68.02721088435374,8.27266755,41.77266755,25-50,Q1,NORMAL_STRATEGY
A,2026-07-16 00:00:00,2026-07-17 00:00:00,IVL,SELL,416,LIMIT,IOC,24.75,24.75,FILLED,,10296.0,16.16472,1.1315304,17.2962504,104.0,,2026-07-17,2026,2026-07,0.25,101.01010101010102,17.296250399999998,121.29625039999999,10-25,Q1,NORMAL_STRATEGY
A,2026-07-16 00:00:00,2026-07-17 00:00:00,SCGP,SELL,142,LIMIT,IOC,29.25,29.25,FILLED,,4153.5,6.520995,0.45646965,6.97746465,35.5,,2026-07-17,2026,2026-07,0.25,85.47008547008548,6.97746465,42.47746465,25-50,Q1,NORMAL_STRATEGY
A,2026-07-16 00:00:00,2026-07-17 00:00:00,KKP,BUY,63,LIMIT,IOC,106.5,106.5,FILLED,,6709.5,10.533915,0.73737405,11.27128905,31.5,,2026-07-17,2026,2026-07,0.5,46.948356807511736,11.27128905,42.77128905,>100,Q1,NORMAL_STRATEGY
A,2026-07-16 00:00:00,2026-07-17 00:00:00,KTB,BUY,161,LIMIT,IOC,41.5,41.5,FILLED,,6681.5,10.489955,0.73429685,11.22425185,40.25,,2026-07-17,2026,2026-07,0.25,60.24096385542169,11.22425185,51.47425185,25-50,Q1,NORMAL_STRATEGY
A,2026-07-16 00:00:00,2026-07-17 00:00:00,MTC,BUY,9,LIMIT,IOC,33.25,33.25,FILLED,,299.25,0.4698225,0.032887575,0.502710075,2.25,,2026-07-17,2026,2026-07,0.25,75.18796992481202,0.502710075,2.752710075,25-50,Q1,NORMAL_STRATEGY
A,2026-07-16 00:00:00,2026-07-17 00:00:00,RATCH,BUY,29,LIMIT,IOC,37.75,37.75,FILLED,,1094.75,1.7187575,0.120313025,1.839070525,7.25,,2026-07-17,2026,2026-07,0.25,66.2251655629139,1.839070525,9.089070525,25-50,Q1,NORMAL_STRATEGY
A,2026-07-21 00:00:00,2026-07-22 00:00:00,COM7,SELL,2559,LIMIT,IOC,30.25,30.25,FILLED,,77409.75,121.5333075,8.507331525,130.040639025,639.75,,2026-07-22,2026,2026-07,0.25,82.64462809917356,130.04063902500002,769.790639025,25-50,Q2,NORMAL_STRATEGY
A,2026-07-21 00:00:00,2026-07-22 00:00:00,KTB,SELL,334,LIMIT,IOC,41.75,41.75,FILLED,,13944.5,21.892865,1.53250055,23.42536555,83.5,,2026-07-22,2026,2026-07,0.25,59.880239520958085,23.425365550000002,106.92536555000001,25-50,Q1,NORMAL_STRATEGY
A,2026-07-21 00:00:00,2026-07-22 00:00:00,OSP,SELL,652,LIMIT,IOC,17.4,17.4,FILLED,,11344.8,17.811336,1.24679352,19.05812952,65.2,,2026-07-22,2026,2026-07,0.1,57.4712643678161,19.05812952,84.25812952000001,10-25,Q1,NORMAL_STRATEGY
A,2026-07-21 00:00:00,2026-07-22 00:00:00,KKP,SELL,214,LIMIT,IOC,112.5,112.5,FILLED,,24075.0,37.79775,2.6458425,40.4435925,107.0,,2026-07-22,2026,2026-07,0.5,44.44444444444444,40.4435925,147.4435925,>100,Q1,NORMAL_STRATEGY
A,2026-07-21 00:00:00,2026-07-22 00:00:00,BDMS,SELL,3042,LIMIT,IOC,19.50000038146973,19.50000038146973,FILLED,,59319.001160430904,93.13083182187651,6.519158227531356,99.64999004940788,304.2,,2026-07-22,2026,2026-07,0.09999999999999999,51.282050278843606,99.64999004940788,403.8499900494079,10-25,Q2,NORMAL_STRATEGY
A,2026-07-21 00:00:00,2026-07-22 00:00:00,HMPRO,SELL,1240,LIMIT,IOC,6.600000095367432,6.600000095367432,FILLED,,8184.000118255614,12.848880185661317,0.8994216129962921,13.748301798657607,62.0,,2026-07-22,2026,2026-07,0.05,75.7575746629083,13.748301798657609,75.74830179865761,5-10,Q1,NORMAL_STRATEGY
A,2026-07-21 00:00:00,2026-07-22 00:00:00,MTC,SELL,611,LIMIT,IOC,34.5,34.5,FILLED,,21079.5,33.094815,2.31663705,35.41145205,152.75,,2026-07-22,2026,2026-07,0.25,72.46376811594203,35.411452049999994,188.16145204999998,25-50,Q1,NORMAL_STRATEGY
A,2026-07-21 00:00:00,2026-07-22 00:00:00,LH,SELL,1829,LIMIT,IOC,3.779999952316284,3.779999952316284,FILLED,,6913.619912786483,10.854383263074778,0.7598068284152345,11.614190091490013,36.58,,2026-07-22,2026,2026-07,0.02,52.91005357749947,11.614190091490013,48.194190091490015,<5,Q1,NORMAL_STRATEGY
A,2026-07-21 00:00:00,2026-07-22 00:00:00,TOP,SELL,988,LIMIT,IOC,65.5,65.5,FILLED,,64714.0,101.60098,7.1120686,108.7130486,247.0,,2026-07-22,2026,2026-07,0.25,38.167938931297705,108.71304860000001,355.7130486,50-100,Q2,NORMAL_STRATEGY
A,2026-07-21 00:00:00,2026-07-22 00:00:00,PTTGC,SELL,485,LIMIT,IOC,38.25,38.25,FILLED,,18551.25,29.1254625,2.038782375,31.164244875,121.25,,2026-07-22,2026,2026-07,0.25,65.359477124183,31.164244875,152.414244875,25-50,Q1,NORMAL_STRATEGY
A,2026-07-21 00:00:00,2026-07-22 00:00:00,SCGP,SELL,721,LIMIT,IOC,31.0,31.0,FILLED,,22351.0,35.09107,2.4563749,37.5474449,180.25,,2026-07-22,2026,2026-07,0.25,80.64516129032258,37.5474449,217.79744490000002,25-50,Q1,NORMAL_STRATEGY
A,2026-07-24 00:00:00,2026-07-27 00:00:00,BDMS,SELL,10231,LIMIT,IOC,18.9,18.9,FILLED,,193365.9,303.584463,21.25091241,324.83537541,1023.1,,2026-07-27,2026,2026-07,0.1,52.91005291005292,324.83537541000004,1347.93537541,10-25,Q2,NORMAL_STRATEGY
A,2026-07-24 00:00:00,2026-07-27 00:00:00,HMPRO,SELL,30084,LIMIT,IOC,6.500000190734863,6.500000190734863,FILLED,,195546.0057380676,307.00722900876616,21.49050603061363,328.49773503937973,1504.2,,2026-07-27,2026,2026-07,0.05,76.92307466585969,328.4977350393798,1832.69773503938,5-10,Q2,NORMAL_STRATEGY
A,2026-07-24 00:00:00,2026-07-27 00:00:00,COM7,BUY,3531,LIMIT,IOC,30.0,30.0,FILLED,,105930.0,166.3101,11.641707,177.951807,882.75,,2026-07-27,2026,2026-07,0.25,83.33333333333333,177.951807,1060.701807,25-50,Q2,NORMAL_STRATEGY
A,2026-07-24 00:00:00,2026-07-27 00:00:00,IVL,BUY,3911,LIMIT,IOC,24.6,24.6,FILLED,,96210.6,151.050642,10.57354494,161.62418694,391.1,,2026-07-27,2026,2026-07,0.1,40.65040650406504,161.62418694000002,552.72418694,10-25,Q2,NORMAL_STRATEGY
A,2026-07-24 00:00:00,2026-07-27 00:00:00,KKP,BUY,767,LIMIT,IOC,119.0,119.0,FILLED,,91273.0,143.29861,10.0309027,153.3295127,383.5,,2026-07-27,2026,2026-07,0.5,42.016806722689076,153.3295127,536.8295127,>100,Q2,NORMAL_STRATEGY
A,2026-07-24 00:00:00,2026-07-27 00:00:00,KTB,BUY,2146,LIMIT,IOC,43.75,43.75,FILLED,,93887.5,147.403375,10.31823625,157.72161125,536.5,,2026-07-27,2026,2026-07,0.25,57.142857142857146,157.72161125000002,694.22161125,25-50,Q2,NORMAL_STRATEGY
A,2026-07-24 00:00:00,2026-07-27 00:00:00,MTC,BUY,3140,LIMIT,IOC,34.0,34.0,FILLED,,106760.0,167.6132,11.732924,179.346124,785.0,,2026-07-27,2026,2026-07,0.25,73.52941176470588,179.346124,964.346124,25-50,Q2,NORMAL_STRATEGY
A,2026-07-24 00:00:00,2026-07-27 00:00:00,PTTGC,BUY,2557,LIMIT,IOC,39.0,39.0,FILLED,,99723.0,156.56511,10.9595577,167.5246677,639.25,,2026-07-27,2026,2026-07,0.25,64.1025641025641,167.5246677,806.7746677,25-50,Q2,NORMAL_STRATEGY
A,2026-07-24 00:00:00,2026-07-27 00:00:00,TOP,BUY,1711,LIMIT,IOC,63.5,63.5,FILLED,,108648.5,170.578145,11.94047015,182.51861515,427.75,,2026-07-27,2026,2026-07,0.25,39.37007874015748,182.51861515000002,610.26861515,50-100,Q2,NORMAL_STRATEGY
A,2026-07-29 00:00:00,2026-07-30 00:00:00,COM7,SELL,2268,LIMIT,IOC,31.0,31.0,FILLED,,70308.0,110.38356,7.7268492,118.1104092,567.0,,2026-07-30,2026,2026-07,0.25,80.64516129032258,118.1104092,685.1104092,25-50,Q2,NORMAL_STRATEGY
A,2026-07-29 00:00:00,2026-07-30 00:00:00,KTB,SELL,1287,LIMIT,IOC,43.25,43.25,FILLED,,55662.75,87.3905175,6.117336225,93.507853725,321.75,,2026-07-30,2026,2026-07,0.25,57.80346820809248,93.507853725,415.257853725,25-50,Q2,NORMAL_STRATEGY
A,2026-07-29 00:00:00,2026-07-30 00:00:00,KKP,SELL,482,LIMIT,IOC,118.5,118.5,FILLED,,57117.0,89.67369,6.2771583,95.9508483,241.0,,2026-07-30,2026,2026-07,0.5,42.19409282700422,95.95084829999999,336.95084829999996,>100,Q2,NORMAL_STRATEGY
A,2026-07-29 00:00:00,2026-07-30 00:00:00,MTC,SELL,1709,LIMIT,IOC,33.75,33.75,FILLED,,57678.75,90.5556375,6.338894625,96.894532125,427.25,,2026-07-30,2026,2026-07,0.25,74.07407407407408,96.894532125,524.144532125,25-50,Q2,NORMAL_STRATEGY
A,2026-07-29 00:00:00,2026-07-30 00:00:00,TOP,SELL,917,LIMIT,IOC,63.5,63.5,FILLED,,58229.5,91.420315,6.39942205,97.81973705,229.25,,2026-07-30,2026,2026-07,0.25,39.37007874015748,97.81973705,327.06973705,50-100,Q2,NORMAL_STRATEGY
A,2026-07-29 00:00:00,2026-07-30 00:00:00,PTTGC,SELL,1320,LIMIT,IOC,37.75,37.75,FILLED,,49830.0,78.2331,5.476317,83.709417,330.0,,2026-07-30,2026,2026-07,0.25,66.2251655629139,83.70941699999999,413.709417,25-50,Q1,NORMAL_STRATEGY
A,2026-07-29 00:00:00,2026-07-30 00:00:00,IVL,SELL,1685,LIMIT,IOC,23.00000038146973,23.00000038146973,FILLED,,38755.00064277649,60.84535100915909,4.259174570641136,65.10452557980024,168.5,,2026-07-30,2026,2026-07,0.1,43.47826014845044,65.10452557980022,233.60452557980022,10-25,Q1,NORMAL_STRATEGY
A,2026-07-29 00:00:00,2026-07-30 00:00:00,GULF,BUY,3731,LIMIT,IOC,66.0,66.0,FILLED,,246246.0,386.60622,27.0624354,413.6686554,932.75,,2026-07-30,2026,2026-07,0.25,37.87878787878788,413.66865540000003,1346.4186554,50-100,Q2,NORMAL_STRATEGY
A,2026-07-29 00:00:00,2026-07-30 00:00:00,LH,BUY,12732,LIMIT,IOC,3.760000009536743,3.760000009536743,FILLED,,47872.320121421806,75.15954259063224,5.261167981344257,80.4207105719765,254.64,,2026-07-30,2026,2026-07,0.02,53.19148922678895,80.4207105719765,335.0607105719765,<5,Q1,NORMAL_STRATEGY
A,2026-07-29 00:00:00,2026-07-30 00:00:00,RATCH,BUY,744,LIMIT,IOC,38.75,38.75,FILLED,,28830.0,45.2631,3.168417,48.431517,186.0,,2026-07-30,2026,2026-07,0.25,64.51612903225806,48.431517,234.43151699999999,25-50,Q1,NORMAL_STRATEGY
A,2026-07-29 00:00:00,2026-07-30 00:00:00,SCGP,BUY,1949,LIMIT,IOC,29.5,29.5,FILLED,,57495.5,90.267935,6.31875545,96.58669045,487.25,,2026-07-30,2026,2026-07,0.25,84.7457627118644,96.58669044999999,583.83669045,25-50,Q2,NORMAL_STRATEGY
A,2026-08-03 00:00:00,2026-08-04 00:00:00,PTTGC,SELL,6438,LIMIT,IOC,36.25,36.25,FILLED,,233377.5,366.402675,25.64818725,392.05086225,1609.5,,2026-08-04,2026,2026-08,0.25,68.9655172413793,392.05086224999997,2001.55086225,25-50,Q2,NORMAL_STRATEGY
A,2026-08-03 00:00:00,2026-08-04 00:00:00,IVL,SELL,10615,LIMIT,IOC,21.9,21.9,FILLED,,232468.5,364.975545,25.54828815,390.52383315,1061.5,,2026-08-04,2026,2026-08,0.1,45.662100456621005,390.52383315000003,1452.02383315,10-25,Q2,NORMAL_STRATEGY
A,2026-08-03 00:00:00,2026-08-04 00:00:00,COM7,BUY,1065,LIMIT,IOC,30.75,30.75,FILLED,,32748.75,51.4155375,3.599087625,55.014625125,266.25,,2026-08-04,2026,2026-08,0.25,81.30081300813009,55.014625125,321.264625125,25-50,Q1,NORMAL_STRATEGY
A,2026-08-03 00:00:00,2026-08-04 00:00:00,GULF,BUY,330,LIMIT,IOC,67.25,67.25,FILLED,,22192.5,34.842225,2.43895575,37.28118075,82.5,,2026-08-04,2026,2026-08,0.25,37.174721189591075,37.28118075,119.78118075,50-100,Q1,NORMAL_STRATEGY
A,2026-08-03 00:00:00,2026-08-04 00:00:00,KKP,BUY,346,LIMIT,IOC,113.5,113.5,FILLED,,39271.0,61.65547,4.3158829,65.9713529,173.0,,2026-08-04,2026,2026-08,0.5,44.05286343612335,65.9713529,238.9713529,>100,Q1,NORMAL_STRATEGY
A,2026-08-03 00:00:00,2026-08-04 00:00:00,KTB,BUY,474,LIMIT,IOC,44.75,44.75,FILLED,,21211.5,33.302055,2.33114385,35.63319885,118.5,,2026-08-04,2026,2026-08,0.25,55.865921787709496,35.63319885,154.13319884999999,25-50,Q1,NORMAL_STRATEGY
A,2026-08-03 00:00:00,2026-08-04 00:00:00,LH,BUY,5267,LIMIT,IOC,3.859999914169312,3.859999914169312,FILLED,,20330.619547929768,31.91907269024973,2.234335088317481,34.153407778567214,105.34,,2026-08-04,2026,2026-08,0.02,51.813472654711404,34.153407778567214,139.49340777856722,<5,Q1,NORMAL_STRATEGY
A,2026-08-03 00:00:00,2026-08-04 00:00:00,MTC,BUY,614,LIMIT,IOC,35.0,35.0,FILLED,,21490.0,33.7393,2.361751,36.101051,153.5,,2026-08-04,2026,2026-08,0.25,71.42857142857143,36.101051,189.60105099999998,25-50,Q1,NORMAL_STRATEGY
A,2026-08-03 00:00:00,2026-08-04 00:00:00,RATCH,BUY,786,LIMIT,IOC,38.25,38.25,FILLED,,30064.5,47.201265,3.30408855,50.50535355,196.5,,2026-08-04,2026,2026-08,0.25,65.359477124183,50.50535355,247.00535355,25-50,Q1,NORMAL_STRATEGY
A,2026-08-03 00:00:00,2026-08-04 00:00:00,SCGP,BUY,681,LIMIT,IOC,30.25,30.25,FILLED,,20600.25,32.3423925,2.263967475,34.606359975,170.25,,2026-08-04,2026,2026-08,0.25,82.64462809917356,34.606359975000004,204.856359975,25-50,Q1,NORMAL_STRATEGY
A,2026-08-03 00:00:00,2026-08-04 00:00:00,TOP,BUY,338,LIMIT,IOC,65.25,65.25,FILLED,,22054.5,34.625565,2.42378955,37.04935455,84.5,,2026-08-04,2026,2026-08,0.25,38.314176245210724,37.049354550000004,121.54935455,50-100,Q1,NORMAL_STRATEGY
A,2026-08-06 00:00:00,2026-08-07 00:00:00,COM7,SELL,8883,LIMIT,IOC,29.75,29.75,FILLED,,264269.25,414.9027225,29.043190575,443.945913075,2220.75,,2026-08-07,2026,2026-08,0.25,84.03361344537815,443.94591307499996,2664.695913075,25-50,Q3,NORMAL_STRATEGY
A,2026-08-06 00:00:00,2026-08-07 00:00:00,KTB,SELL,153,LIMIT,IOC,45.25,45.25,FILLED,,6923.25,10.8695025,0.760865175,11.630367675,38.25,,2026-08-07,2026,2026-08,0.25,55.248618784530386,11.630367674999999,49.880367675,25-50,Q1,NORMAL_STRATEGY
A,2026-08-06 00:00:00,2026-08-07 00:00:00,KKP,SELL,39,LIMIT,IOC,114.0,114.0,FILLED,,4446.0,6.98022,0.4886154,7.4688354,19.5,,2026-08-07,2026,2026-08,0.5,43.859649122807014,7.4688354,26.9688354,>100,Q1,NORMAL_STRATEGY
A,2026-08-06 00:00:00,2026-08-07 00:00:00,MTC,SELL,81,LIMIT,IOC,34.75,34.75,FILLED,,2814.75,4.4191575,0.309341025,4.728498525,20.25,,2026-08-07,2026,2026-08,0.25,71.94244604316548,4.728498525,24.978498525,25-50,Q1,NORMAL_STRATEGY
A,2026-08-06 00:00:00,2026-08-07 00:00:00,RATCH,SELL,249,LIMIT,IOC,39.0,39.0,FILLED,,9711.0,15.24627,1.0672389,16.3135089,62.25,,2026-08-07,2026,2026-08,0.25,64.1025641025641,16.313508900000002,78.5635089,25-50,Q1,NORMAL_STRATEGY
A,2026-08-06 00:00:00,2026-08-07 00:00:00,SCGP,SELL,455,LIMIT,IOC,31.25,31.25,FILLED,,14218.75,22.3234375,1.562640625,23.886078125,113.75,,2026-08-07,2026,2026-08,0.25,80.0,23.886078125,137.636078125,25-50,Q1,NORMAL_STRATEGY
A,2026-08-06 00:00:00,2026-08-07 00:00:00,BDMS,BUY,13544,LIMIT,IOC,20.1,20.1,FILLED,,272234.4,427.408008,29.91856056,457.32656856,1354.4,,2026-08-07,2026,2026-08,0.1,49.75124378109452,457.32656856,1811.72656856,10-25,Q3,NORMAL_STRATEGY
A,2026-08-06 00:00:00,2026-08-07 00:00:00,HMPRO,BUY,40333,LIMIT,IOC,6.749999809265137,6.749999809265137,FILLED,,272247.7423070908,427.4289554221325,29.920026879549276,457.34898230168176,2016.65,,2026-08-07,2026,2026-08,0.05,74.07407616718649,457.34898230168176,2473.9989823016817,5-10,Q3,NORMAL_STRATEGY
A,2026-08-06 00:00:00,2026-08-07 00:00:00,OSP,BUY,3929,LIMIT,IOC,17.700000381469728,17.700000381469728,FILLED,,69543.30149879456,109.18298335310745,7.642808834717523,116.82579218782496,392.9,,2026-08-07,2026,2026-08,0.09999999999999999,56.497173923617986,116.82579218782497,509.72579218782494,10-25,Q2,NORMAL_STRATEGY
A,2026-08-06 00:00:00,2026-08-07 00:00:00,TOP,BUY,34,LIMIT,IOC,64.5,64.5,FILLED,,2193.0,3.44301,0.2410107,3.6840207,8.5,,2026-08-07,2026,2026-08,0.25,38.75968992248062,3.6840207,12.1840207,50-100,Q1,NORMAL_STRATEGY
A,2026-08-14 00:00:00,2026-08-17 00:00:00,MTC,SELL,7723,LIMIT,IOC,32.75,32.75,FILLED,,252928.25,397.0973525,27.796814675,424.894167175,1930.75,,2026-08-17,2026,2026-08,0.25,76.33587786259541,424.894167175,2355.644167175,25-50,Q2,NORMAL_STRATEGY
A,2026-08-14 00:00:00,2026-08-17 00:00:00,LH,SELL,70765,LIMIT,IOC,3.7000000286102295,3.7000000286102295,FILLED,,261830.50202460287,411.0738881786265,28.775172172503854,439.8490603511304,1415.3,,2026-08-17,2026,2026-08,0.02,54.054053636081385,439.84906035113033,1855.1490603511302,<5,Q3,NORMAL_STRATEGY
A,2026-08-14 00:00:00,2026-08-17 00:00:00,RATCH,SELL,6892,LIMIT,IOC,37.0,37.0,FILLED,,255004.0,400.35628,28.0249396,428.3812196,1723.0,,2026-08-17,2026,2026-08,0.25,67.56756756756756,428.3812196,2151.3812196,25-50,Q2,NORMAL_STRATEGY
A,2026-08-14 00:00:00,2026-08-17 00:00:00,SCGP,SELL,8574,LIMIT,IOC,30.25,30.25,FILLED,,259363.5,407.200695,28.50404865,435.70474365,2143.5,,2026-08-17,2026,2026-08,0.25,82.64462809917356,435.70474365,2579.20474365,25-50,Q3,NORMAL_STRATEGY
A,2026-08-14 00:00:00,2026-08-17 00:00:00,GULF,SELL,4061,LIMIT,IOC,64.5,64.5,FILLED,,261934.5,411.237165,28.78660155,440.02376655,1015.25,,2026-08-17,2026,2026-08,0.25,38.75968992248062,440.02376655,1455.27376655,50-100,Q3,NORMAL_STRATEGY
A,2026-08-14 00:00:00,2026-08-17 00:00:00,BDMS,SELL,13544,LIMIT,IOC,19.4,19.4,FILLED,,262753.6,412.523152,28.87662064,441.39977264,1354.4,,2026-08-17,2026,2026-08,0.1,51.54639175257733,441.39977264,1795.7997726400001,10-25,Q3,NORMAL_STRATEGY
A,2026-08-14 00:00:00,2026-08-17 00:00:00,HMPRO,BUY,46190,LIMIT,IOC,6.749999809265137,6.749999809265137,FILLED,,311782.49118995667,489.498511168232,34.26489578177624,523.7634069500082,2309.5,,2026-08-17,2026,2026-08,0.05,74.07407616718649,523.7634069500083,2833.263406950008,5-10,Q3,NORMAL_STRATEGY
A,2026-08-14 00:00:00,2026-08-17 00:00:00,KTB,BUY,7323,LIMIT,IOC,44.0,44.0,FILLED,,322212.0,505.87284,35.4110988,541.2839388,1830.75,,2026-08-17,2026,2026-08,0.25,56.81818181818182,541.2839388,2372.0339388,25-50,Q3,NORMAL_STRATEGY
A,2026-08-14 00:00:00,2026-08-17 00:00:00,OSP,BUY,17615,LIMIT,IOC,17.700000381469728,17.700000381469728,FILLED,,311785.50671958923,489.5032455497551,34.265227188482854,523.768472738238,1761.5,,2026-08-17,2026,2026-08,0.1,56.49717392361799,523.768472738238,2285.268472738238,10-25,Q3,NORMAL_STRATEGY
A,2026-08-14 00:00:00,2026-08-17 00:00:00,PTTGC,BUY,15071,LIMIT,IOC,38.75,38.75,FILLED,,584001.25,916.8819625,64.181737375,981.063699875,3767.75,,2026-08-17,2026,2026-08,0.25,64.51612903225806,981.063699875,4748.813699875,25-50,Q3,NORMAL_STRATEGY
A,2026-08-19 00:00:00,2026-08-20 00:00:00,KTB,SELL,13273,LIMIT,IOC,43.75,43.75,FILLED,,580693.75,911.6891875,63.818243125,975.507430625,3318.25,,2026-08-20,2026,2026-08,0.25,57.142857142857146,975.507430625,4293.757430625,25-50,Q3,NORMAL_STRATEGY
A,2026-08-19 00:00:00,2026-08-20 00:00:00,OSP,SELL,32996,LIMIT,IOC,17.4,17.4,FILLED,,574130.4,901.384728,63.09693096,964.48165896,3299.6,,2026-08-20,2026,2026-08,0.09999999999999999,57.47126436781609,964.48165896,4264.08165896,10-25,Q3,NORMAL_STRATEGY
A,2026-08-19 00:00:00,2026-08-20 00:00:00,KKP,SELL,2367,LIMIT,IOC,113.5,113.5,FILLED,,268654.5,421.787565,29.52512955,451.31269455,1183.5,,2026-08-20,2026,2026-08,0.5,44.05286343612335,451.31269454999995,1634.8126945499998,>100,Q3,NORMAL_STRATEGY
A,2026-08-19 00:00:00,2026-08-20 00:00:00,TOP,SELL,4220,LIMIT,IOC,62.25,62.25,FILLED,,262695.0,412.43115,28.8701805,441.3013305,1055.0,,2026-08-20,2026,2026-08,0.25,40.16064257028112,441.3013305,1496.3013305,50-100,Q3,NORMAL_STRATEGY
A,2026-08-19 00:00:00,2026-08-20 00:00:00,PTTGC,SELL,15071,LIMIT,IOC,39.5,39.5,FILLED,,595304.5,934.628065,65.42396455,1000.05202955,3767.75,,2026-08-20,2026,2026-08,0.25,63.291139240506325,1000.05202955,4767.80202955,25-50,Q3,NORMAL_STRATEGY
A,2026-08-24 00:00:00,2026-08-25 00:00:00,HMPRO,SELL,86523,LIMIT,IOC,6.350000095367432,6.350000095367432,FILLED,,549421.0582514763,862.5910614548178,60.38137430183725,922.972435756655,4326.15,,2026-08-25,2026,2026-08,0.049999999999999996,78.74015629775647,922.972435756655,5249.122435756654,5-10,Q3,NORMAL_STRATEGY
A,2026-08-24 00:00:00,2026-08-25 00:00:00,BDMS,BUY,71994,LIMIT,IOC,19.99999961853028,19.99999961853028,FILLED,,1439879.9725364689,2260.611556882256,158.24280898175792,2418.8543658640137,7199.4,,2026-08-25,2026,2026-08,0.09999999999999999,50.000000953674316,2418.854365864014,9618.254365864013,10-25,Q4,NORMAL_STRATEGY
A,2026-08-27 00:00:00,2026-08-28 00:00:00,BDMS,SELL,71994,LIMIT,IOC,19.50000038146973,19.50000038146973,FILLED,,1403883.0274635316,2204.0963531177445,154.28674471824212,2358.3830978359865,7199.4,,2026-08-28,2026,2026-08,0.09999999999999999,51.2820502788436,2358.3830978359865,9557.783097835985,10-25,Q4,NORMAL_STRATEGY
A,2026-08-27 00:00:00,2026-08-28 00:00:00,IVL,BUY,24694,LIMIT,IOC,22.89999923706055,22.89999923706055,FILLED,,565492.5811599732,887.8233524211578,62.14763466948105,949.9709870906389,2469.4,,2026-08-28,2026,2026-08,0.1,43.66812372559539,949.9709870906388,3419.3709870906387,10-25,Q3,NORMAL_STRATEGY
A,2026-08-27 00:00:00,2026-08-28 00:00:00,KKP,BUY,4792,LIMIT,IOC,118.0,118.0,FILLED,,565456.0,887.76592,62.1436144,949.9095344,2396.0,,2026-08-28,2026,2026-08,0.5,42.3728813559322,949.9095344000001,3345.9095344,>100,Q3,NORMAL_STRATEGY
A,2026-08-27 00:00:00,2026-08-28 00:00:00,PTTGC,BUY,13000,LIMIT,IOC,43.5,43.5,FILLED,,565500.0,887.835,62.14845,949.98345,3250.0,,2026-08-28,2026,2026-08,0.25,57.47126436781609,949.9834500000001,4199.98345,25-50,Q3,NORMAL_STRATEGY
A,2026-08-27 00:00:00,2026-08-28 00:00:00,TIDLOR,BUY,28561,LIMIT,IOC,19.80000076293945,19.80000076293945,FILLED,,565507.8217903137,887.8472802107925,62.14930961475548,949.996589825548,2856.1,,2026-08-28,2026,2026-08,0.09999999999999999,50.50504855897505,949.996589825548,3806.096589825548,10-25,Q3,NORMAL_STRATEGY
A,2026-09-01 00:00:00,2026-09-02 00:00:00,IVL,BUY,3247,LIMIT,IOC,25.5,25.5,FILLED,,82798.5,129.993645,9.09955515,139.09320015,811.75,,2026-09-02,2026,2026-09,0.25,98.0392156862745,139.09320014999997,950.84320015,25-50,Q2,NORMAL_STRATEGY
A,2026-09-01 00:00:00,2026-09-02 00:00:00,KKP,BUY,1246,LIMIT,IOC,118.0,118.0,FILLED,,147028.0,230.83396,16.1583772,246.9923372,623.0,,2026-09-02,2026,2026-09,0.5,42.3728813559322,246.99233719999998,869.9923372,>100,Q2,NORMAL_STRATEGY
A,2026-09-01 00:00:00,2026-09-02 00:00:00,PTTGC,BUY,2833,LIMIT,IOC,45.0,45.0,FILLED,,127485.0,200.15145,14.0106015,214.1620515,708.25,,2026-09-02,2026,2026-09,0.25,55.55555555555556,214.16205150000002,922.4120515,25-50,Q2,NORMAL_STRATEGY
C,2023-02-01 00:00:00,2023-02-02 00:00:00,BDMS,BUY,66004,LIMIT,IOC,30.25,30.25,FILLED,,1996621.0,3134.69497,219.4286479,3354.1236179,16501.0,,2023-02-02,2023,2023-02,0.25,82.64462809917356,3354.1236178999998,19855.1236179,25-50,Q4,NORMAL_STRATEGY
C,2023-02-01 00:00:00,2023-02-02 00:00:00,IVL,BUY,48403,LIMIT,IOC,41.25,41.25,FILLED,,1996623.75,3134.6992875,219.428950125,3354.128237625,12100.75,,2023-02-02,2023,2023-02,0.25,60.60606060606061,3354.128237625,15454.878237625,25-50,Q4,NORMAL_STRATEGY
C,2023-02-06 00:00:00,2023-02-07 00:00:00,BDMS,SELL,66004,LIMIT,IOC,29.75,29.75,FILLED,,1963619.0,3082.88183,215.8017281,3298.6835581,16501.0,,2023-02-07,2023,2023-02,0.25,84.03361344537815,3298.6835580999996,19799.683558099998,25-50,Q4,NORMAL_STRATEGY
C,2023-02-06 00:00:00,2023-02-07 00:00:00,IVL,SELL,48403,LIMIT,IOC,40.5,40.5,FILLED,,1960321.5,3077.704755,215.43933285,3293.14408785,12100.75,,2023-02-07,2023,2023-02,0.25,61.72839506172839,3293.1440878500002,15393.89408785,25-50,Q4,NORMAL_STRATEGY
C,2023-02-06 00:00:00,2023-02-07 00:00:00,CENTEL,BUY,91582,LIMIT,IOC,54.0,54.0,FILLED,,4945428.0,7764.32196,543.5025372,8307.8244972,22895.5,,2023-02-07,2023,2023-02,0.25,46.29629629629629,8307.8244972,31203.3244972,50-100,Q4,NORMAL_STRATEGY
C,2023-02-14 00:00:00,2023-02-15 00:00:00,CENTEL,BUY,646,LIMIT,IOC,54.25,54.25,FILLED,,35045.5,55.021435,3.85150045,58.87293545,161.5,,2023-02-15,2023,2023-02,0.25,46.08294930875576,58.87293545,220.37293545,50-100,Q1,NORMAL_STRATEGY
C,2023-02-17 00:00:00,2023-02-20 00:00:00,CENTEL,SELL,2090,LIMIT,IOC,54.5,54.5,FILLED,,113905.0,178.83085,12.5181595,191.3490095,522.5,,2023-02-20,2023,2023-02,0.25,45.87155963302752,191.3490095,713.8490095,50-100,Q2,NORMAL_STRATEGY
C,2023-02-22 00:00:00,2023-02-23 00:00:00,CENTEL,SELL,54163,LIMIT,IOC,55.75,55.75,FILLED,,3019587.25,4740.7519825,331.852638775,5072.604621275,13540.75,,2023-02-23,2023,2023-02,0.25,44.84304932735426,5072.604621275,18613.354621275,50-100,Q4,NORMAL_STRATEGY
C,2023-02-22 00:00:00,2023-02-23 00:00:00,BDMS,BUY,67453,LIMIT,IOC,30.0,30.0,FILLED,,2023590.0,3177.0363,222.392541,3399.428841,16863.25,,2023-02-23,2023,2023-02,0.25,83.33333333333333,3399.4288410000004,20262.678841,25-50,Q4,NORMAL_STRATEGY
C,2023-02-22 00:00:00,2023-02-23 00:00:00,HMPRO,BUY,134014,LIMIT,IOC,15.1,15.1,FILLED,,2023611.4,3177.069898,222.39489286,3399.46479086,13401.4,,2023-02-23,2023,2023-02,0.09999999999999999,66.2251655629139,3399.46479086,16800.86479086,10-25,Q4,NORMAL_STRATEGY
C,2023-02-22 00:00:00,2023-02-23 00:00:00,OSP,BUY,62747,LIMIT,IOC,32.25,32.25,FILLED,,2023590.75,3177.0374775,222.392623425,3399.430100925,15686.75,,2023-02-23,2023,2023-02,0.25,77.51937984496124,3399.4301009250003,19086.180100925,25-50,Q4,NORMAL_STRATEGY
C,2023-02-27 00:00:00,2023-02-28 00:00:00,BDMS,SELL,67453,LIMIT,IOC,28.25,28.25,FILLED,,1905547.25,2991.7091825,209.419642775,3201.128825275,16863.25,,2023-02-28,2023,2023-02,0.25,88.49557522123894,3201.128825275,20064.378825275002,25-50,Q4,NORMAL_STRATEGY
C,2023-02-27 00:00:00,2023-02-28 00:00:00,HMPRO,SELL,134014,LIMIT,IOC,14.200000190734864,14.200000190734864,FILLED,,1902998.8255611416,2987.708156130993,209.13957092916948,3196.8477270601625,13401.4,,2023-02-28,2023,2023-02,0.09999999999999999,70.42253426534984,3196.8477270601625,16598.247727060163,10-25,Q4,NORMAL_STRATEGY
C,2023-02-27 00:00:00,2023-02-28 00:00:00,CENTEL,BUY,21983,LIMIT,IOC,56.25,56.25,FILLED,,1236543.75,1941.3736875,135.896158125,2077.269845625,5495.75,,2023-02-28,2023,2023-02,0.25,44.44444444444444,2077.269845625,7573.019845625,50-100,Q4,NORMAL_STRATEGY
C,2023-02-27 00:00:00,2023-02-28 00:00:00,COM7,BUY,103496,LIMIT,IOC,31.5,31.5,FILLED,,3260124.0,5118.39468,358.2876276,5476.6823076,25874.0,,2023-02-28,2023,2023-02,0.25,79.36507936507937,5476.6823076,31350.6823076,25-50,Q4,NORMAL_STRATEGY
C,2023-02-27 00:00:00,2023-02-28 00:00:00,OSP,BUY,38342,LIMIT,IOC,32.25,32.25,FILLED,,1236529.5,1941.351315,135.89459205,2077.24590705,9585.5,,2023-02-28,2023,2023-02,0.25,77.51937984496124,2077.24590705,11662.74590705,25-50,Q4,NORMAL_STRATEGY
C,2023-03-02 00:00:00,2023-03-03 00:00:00,COM7,SELL,103496,LIMIT,IOC,30.5,30.5,FILLED,,3156628.0,4955.90596,346.9134172,5302.8193772,25874.0,,2023-03-03,2023,2023-03,0.25,81.9672131147541,5302.8193772,31176.8193772,25-50,Q4,NORMAL_STRATEGY
C,2023-03-08 00:00:00,2023-03-09 00:00:00,OSP,SELL,590,LIMIT,IOC,32.0,32.0,FILLED,,18880.0,29.6416,2.074912,31.716512,147.5,,2023-03-09,2023,2023-03,0.25,78.125,31.716512,179.216512,25-50,Q1,NORMAL_STRATEGY
C,2023-03-08 00:00:00,2023-03-09 00:00:00,CENTEL,BUY,629,LIMIT,IOC,55.75,55.75,FILLED,,35066.75,55.0547975,3.853835825,58.908633325,157.25,,2023-03-09,2023,2023-03,0.25,44.84304932735426,58.908633325,216.15863332499998,50-100,Q1,NORMAL_STRATEGY
C,2023-03-13 00:00:00,2023-03-14 00:00:00,CENTEL,SELL,58587,LIMIT,IOC,54.75,54.75,FILLED,,3207638.25,5035.9920525,352.519443675,5388.511496175,14646.75,,2023-03-14,2023,2023-03,0.25,45.662100456621005,5388.511496175,20035.261496175,50-100,Q4,NORMAL_STRATEGY
C,2023-03-13 00:00:00,2023-03-14 00:00:00,OSP,BUY,45011,LIMIT,IOC,32.25,32.25,FILLED,,1451604.75,2279.0194575,159.531362025,2438.550819525,11252.75,,2023-03-14,2023,2023-03,0.25,77.51937984496124,2438.550819525,13691.300819525,25-50,Q4,NORMAL_STRATEGY
C,2023-03-16 00:00:00,2023-03-17 00:00:00,OSP,SELL,145510,LIMIT,IOC,31.5,31.5,FILLED,,4583565.0,7196.19705,503.7337935,7699.9308435,36377.5,,2023-03-17,2023,2023-03,0.25,79.36507936507937,7699.930843499999,44077.4308435,25-50,Q4,NORMAL_STRATEGY
C,2023-03-24 00:00:00,2023-03-27 00:00:00,BGRIM,BUY,116298,LIMIT,IOC,40.75,40.75,FILLED,,4739143.5,7440.455295,520.83187065,7961.28716565,29074.5,,2023-03-27,2023,2023-03,0.25,61.34969325153374,7961.28716565,37035.78716565,25-50,Q4,NORMAL_STRATEGY
C,2023-03-24 00:00:00,2023-03-27 00:00:00,CENTEL,BUY,82420,LIMIT,IOC,57.5,57.5,FILLED,,4739150.0,7440.4655,520.832585,7961.298085,20605.0,,2023-03-27,2023,2023-03,0.25,43.47826086956522,7961.298085,28566.298085000002,50-100,Q4,NORMAL_STRATEGY
C,2023-03-29 00:00:00,2023-03-30 00:00:00,BGRIM,SELL,70825,LIMIT,IOC,40.5,40.5,FILLED,,2868412.5,4503.407625,315.23853375,4818.64615875,17706.25,,2023-03-30,2023,2023-03,0.25,61.72839506172839,4818.64615875,22524.89615875,25-50,Q4,NORMAL_STRATEGY
C,2023-03-29 00:00:00,2023-03-30 00:00:00,BDMS,BUY,62669,LIMIT,IOC,29.75,29.75,FILLED,,1864402.75,2927.1123175,204.897862225,3132.010179725,15667.25,,2023-03-30,2023,2023-03,0.25,84.03361344537815,3132.010179725,18799.260179725,25-50,Q4,NORMAL_STRATEGY
C,2023-04-03 00:00:00,2023-04-04 00:00:00,BGRIM,SELL,12201,LIMIT,IOC,39.25,39.25,FILLED,,478889.25,751.8561225,52.629928575,804.486051075,3050.25,,2023-04-04,2023,2023-04,0.25,63.69426751592357,804.486051075,3854.736051075,25-50,Q3,NORMAL_STRATEGY
C,2023-04-03 00:00:00,2023-04-04 00:00:00,CENTEL,SELL,59012,LIMIT,IOC,56.0,56.0,FILLED,,3304672.0,5188.33504,363.1834528,5551.5184928,14753.0,,2023-04-04,2023,2023-04,0.25,44.64285714285714,5551.5184928,20304.5184928,50-100,Q4,NORMAL_STRATEGY
C,2023-04-03 00:00:00,2023-04-04 00:00:00,BDMS,SELL,18947,LIMIT,IOC,29.75,29.75,FILLED,,563673.25,884.9670025,61.947690175,946.914692675,4736.75,,2023-04-04,2023,2023-04,0.25,84.03361344537815,946.9146926750001,5683.664692675,25-50,Q3,NORMAL_STRATEGY
C,2023-04-03 00:00:00,2023-04-04 00:00:00,MTC,BUY,37788,LIMIT,IOC,35.0,35.0,FILLED,,1322580.0,2076.4506,145.351542,2221.802142,9447.0,,2023-04-04,2023,2023-04,0.25,71.42857142857143,2221.802142,11668.802142,25-50,Q4,NORMAL_STRATEGY
C,2023-04-07 00:00:00,2023-04-10 00:00:00,CENTEL,SELL,23408,LIMIT,IOC,55.0,55.0,FILLED,,1287440.0,2021.2808,141.489656,2162.770456,5852.0,,2023-04-10,2023,2023-04,0.25,45.45454545454545,2162.770456,8014.770456,50-100,Q4,NORMAL_STRATEGY
C,2023-04-07 00:00:00,2023-04-10 00:00:00,BDMS,BUY,32899,LIMIT,IOC,30.25,30.25,FILLED,,995194.75,1562.4557575,109.371903025,1671.827660525,8224.75,,2023-04-10,2023,2023-04,0.25,82.64462809917356,1671.8276605249998,9896.577660525,25-50,Q4,NORMAL_STRATEGY
C,2023-04-07 00:00:00,2023-04-10 00:00:00,LH,BUY,235309,LIMIT,IOC,9.850000190734864,9.850000190734864,FILLED,,2317793.6948816297,3638.9361009641593,254.72552706749113,3893.66162803165,11765.45,,2023-04-10,2023,2023-04,0.05,50.761420336855586,3893.6616280316503,15659.111628031651,5-10,Q4,NORMAL_STRATEGY
C,2023-04-07 00:00:00,2023-04-10 00:00:00,MTC,BUY,29884,LIMIT,IOC,34.25,34.25,FILLED,,1023527.0,1606.93739,112.4856173,1719.4230073,7471.0,,2023-04-10,2023,2023-04,0.25,72.99270072992701,1719.4230073,9190.4230073,25-50,Q4,NORMAL_STRATEGY
C,2023-04-12 00:00:00,2023-04-17 00:00:00,BDMS,SELL,32085,LIMIT,IOC,29.75,29.75,FILLED,,954528.75,1498.6101375,104.902709625,1603.512847125,8021.25,,2023-04-17,2023,2023-04,0.25,84.03361344537815,1603.512847125,9624.762847125,25-50,Q4,NORMAL_STRATEGY
C,2023-04-12 00:00:00,2023-04-17 00:00:00,MTC,SELL,31013,LIMIT,IOC,36.25,36.25,FILLED,,1124221.25,1765.0273625,123.551915375,1888.579277875,7753.25,,2023-04-17,2023,2023-04,0.25,68.9655172413793,1888.579277875,9641.829277875,25-50,Q4,NORMAL_STRATEGY
C,2023-04-12 00:00:00,2023-04-17 00:00:00,BGRIM,BUY,199,LIMIT,IOC,40.25,40.25,FILLED,,8009.75,12.5753075,0.880271525,13.455579025,49.75,,2023-04-17,2023,2023-04,0.25,62.11180124223602,13.455579024999999,63.205579025,25-50,Q1,NORMAL_STRATEGY
C,2023-04-12 00:00:00,2023-04-17 00:00:00,KTB,BUY,77875,LIMIT,IOC,17.30000076293945,17.30000076293945,FILLED,,1347237.55941391,2115.1629682798384,148.06140777958868,2263.2243760594274,7787.5,,2023-04-17,2023,2023-04,0.1,57.80346565892806,2263.224376059427,10050.724376059427,10-25,Q4,NORMAL_STRATEGY
C,2023-04-12 00:00:00,2023-04-17 00:00:00,RATCH,BUY,34107,LIMIT,IOC,39.5,39.5,FILLED,,1347226.5,2115.145605,148.06019235,2263.20579735,8526.75,,2023-04-17,2023,2023-04,0.25,63.291139240506325,2263.20579735,10789.95579735,25-50,Q4,NORMAL_STRATEGY
C,2023-04-19 00:00:00,2023-04-20 00:00:00,BGRIM,SELL,33471,LIMIT,IOC,39.0,39.0,FILLED,,1305369.0,2049.42933,143.4600531,2192.8893831,8367.75,,2023-04-20,2023,2023-04,0.25,64.1025641025641,2192.8893831,10560.6393831,25-50,Q4,NORMAL_STRATEGY
C,2023-04-19 00:00:00,2023-04-20 00:00:00,BDMS,SELL,44536,LIMIT,IOC,29.5,29.5,FILLED,,1313812.0,2062.68484,144.3879388,2207.0727788,11134.0,,2023-04-20,2023,2023-04,0.25,84.7457627118644,2207.0727788,13341.0727788,25-50,Q4,NORMAL_STRATEGY
C,2023-04-19 00:00:00,2023-04-20 00:00:00,LH,BUY,77652,LIMIT,IOC,9.8,9.8,FILLED,,760989.6,1194.753672,83.63275704,1278.38642904,3882.6,,2023-04-20,2023,2023-04,0.049999999999999996,51.02040816326531,1278.3864290400002,5160.98642904,5-10,Q4,NORMAL_STRATEGY
C,2023-04-19 00:00:00,2023-04-20 00:00:00,RATCH,BUY,45042,LIMIT,IOC,38.75,38.75,FILLED,,1745377.5,2740.242675,191.81698725,2932.05966225,11260.5,,2023-04-20,2023,2023-04,0.25,64.51612903225806,2932.0596622499997,14192.55966225,25-50,Q4,NORMAL_STRATEGY
C,2023-04-24 00:00:00,2023-04-25 00:00:00,LH,SELL,3440,LIMIT,IOC,9.7,9.7,FILLED,,33368.0,52.38776,3.6671432,56.0549032,172.0,,2023-04-25,2023,2023-04,0.05,51.54639175257732,56.0549032,228.0549032,5-10,Q1,NORMAL_STRATEGY
C,2023-04-24 00:00:00,2023-04-25 00:00:00,RATCH,SELL,79149,LIMIT,IOC,38.0,38.0,FILLED,,3007662.0,4722.02934,330.5420538,5052.5713938,19787.25,,2023-04-25,2023,2023-04,0.25,65.78947368421052,5052.5713938,24839.8213938,25-50,Q4,NORMAL_STRATEGY
C,2023-04-24 00:00:00,2023-04-25 00:00:00,KTB,BUY,90642,LIMIT,IOC,17.99999961853027,17.99999961853027,FILLED,,1631555.965422821,2561.5428657138286,179.308000599968,2740.850866313797,9064.2,,2023-04-25,2023,2023-04,0.1,55.55555673293129,2740.850866313797,11805.050866313797,10-25,Q4,NORMAL_STRATEGY
C,2023-04-24 00:00:00,2023-04-25 00:00:00,MTC,BUY,48188,LIMIT,IOC,35.75,35.75,FILLED,,1722721.0,2704.67197,189.3270379,2893.9990079,12047.0,,2023-04-25,2023,2023-04,0.25,69.93006993006993,2893.9990079,14940.9990079,25-50,Q4,NORMAL_STRATEGY
C,2023-04-27 00:00:00,2023-04-28 00:00:00,MTC,SELL,84847,LIMIT,IOC,33.75,33.75,FILLED,,2863586.25,4495.8304125,314.708128875,4810.538541375,21211.75,,2023-04-28,2023,2023-04,0.25,74.07407407407408,4810.538541375,26022.288541375,25-50,Q4,NORMAL_STRATEGY
C,2023-04-27 00:00:00,2023-04-28 00:00:00,LH,SELL,309521,LIMIT,IOC,9.750000190734864,9.750000190734864,FILLED,,3017829.8090364453,4737.9928001872195,331.65949601310535,5069.652296200325,15476.05,,2023-04-28,2023,2023-04,0.049999999999999996,51.282050278843606,5069.652296200325,20545.702296200325,5-10,Q4,NORMAL_STRATEGY
C,2023-05-03 00:00:00,2023-05-08 00:00:00,KTB,BUY,75886,LIMIT,IOC,18.6,18.6,FILLED,,1411479.6,2216.022972,155.12160804,2371.14458004,7588.6,,2023-05-08,2023,2023-05,0.1,53.76344086021505,2371.14458004,9959.74458004,10-25,Q4,NORMAL_STRATEGY
C,2023-05-03 00:00:00,2023-05-08 00:00:00,MTC,BUY,125404,LIMIT,IOC,36.25,36.25,FILLED,,4545895.0,7137.05515,499.5938605,7636.6490105,31351.0,,2023-05-08,2023,2023-05,0.25,68.9655172413793,7636.6490105,38987.6490105,25-50,Q4,NORMAL_STRATEGY
C,2023-05-10 00:00:00,2023-05-11 00:00:00,KTB,SELL,159957,LIMIT,IOC,18.50000038146973,18.50000038146973,FILLED,,2959204.561018753,4645.951160799442,325.21658125596093,4971.167742055403,15995.7,,2023-05-11,2023,2023-05,0.1,54.054052939460284,4971.167742055402,20966.8677420554,10-25,Q4,NORMAL_STRATEGY
C,2023-05-10 00:00:00,2023-05-11 00:00:00,MTC,SELL,85677,LIMIT,IOC,39.25,39.25,FILLED,,3362822.25,5279.6309325,369.574165275,5649.205097775,21419.25,,2023-05-11,2023,2023-05,0.25,63.69426751592357,5649.2050977750005,27068.455097775,25-50,Q4,NORMAL_STRATEGY
C,2023-05-10 00:00:00,2023-05-11 00:00:00,BGRIM,BUY,39233,LIMIT,IOC,40.25,40.25,FILLED,,1579128.25,2479.2313525,173.546194675,2652.777547175,9808.25,,2023-05-11,2023,2023-05,0.25,62.11180124223602,2652.777547175,12461.027547175,25-50,Q4,NORMAL_STRATEGY
C,2023-05-10 00:00:00,2023-05-11 00:00:00,RATCH,BUY,40491,LIMIT,IOC,39.0,39.0,FILLED,,1579149.0,2479.26393,173.5484751,2652.8124051,10122.75,,2023-05-11,2023,2023-05,0.25,64.1025641025641,2652.8124051,12775.5624051,25-50,Q4,NORMAL_STRATEGY
C,2023-05-15 00:00:00,2023-05-16 00:00:00,KTB,SELL,2404,LIMIT,IOC,18.60000076293945,18.60000076293945,FILLED,,44714.40183410645,70.20161087954712,4.914112761568298,75.11572364111541,240.4,,2023-05-16,2023,2023-05,0.1,53.76343865493287,75.11572364111541,315.5157236411154,10-25,Q1,NORMAL_STRATEGY
C,2023-05-15 00:00:00,2023-05-16 00:00:00,RATCH,SELL,40491,LIMIT,IOC,37.0,37.0,FILLED,,1498167.0,2352.12219,164.6485533,2516.7707433,10122.75,,2023-05-16,2023,2023-05,0.25,67.56756756756756,2516.7707433,12639.5207433,25-50,Q4,NORMAL_STRATEGY
C,2023-05-15 00:00:00,2023-05-16 00:00:00,COM7,BUY,55581,LIMIT,IOC,27.75,27.75,FILLED,,1542372.75,2421.5252175,169.506765225,2591.031982725,13895.25,,2023-05-16,2023,2023-05,0.25,90.09009009009009,2591.031982725,16486.281982725,25-50,Q4,NORMAL_STRATEGY
C,2023-05-15 00:00:00,2023-05-16 00:00:00,HMPRO,BUY,105643,LIMIT,IOC,14.6,14.6,FILLED,,1542387.8,2421.548846,169.50841922,2591.05726522,10564.3,,2023-05-16,2023,2023-05,0.09999999999999999,68.4931506849315,2591.0572652200003,13155.35726522,10-25,Q4,NORMAL_STRATEGY
C,2023-05-15 00:00:00,2023-05-16 00:00:00,MTC,BUY,76,LIMIT,IOC,38.75,38.75,FILLED,,2945.0,4.62365,0.3236555,4.9473055,19.0,,2023-05-16,2023,2023-05,0.25,64.51612903225806,4.9473055,23.9473055,25-50,Q1,NORMAL_STRATEGY
C,2023-05-15 00:00:00,2023-05-16 00:00:00,OSP,BUY,50159,LIMIT,IOC,30.75,30.75,FILLED,,1542389.25,2421.5511225,169.508578575,2591.059701075,12539.75,,2023-05-16,2023,2023-05,0.25,81.30081300813009,2591.059701075,15130.809701074999,25-50,Q4,NORMAL_STRATEGY
C,2023-05-18 00:00:00,2023-05-19 00:00:00,BGRIM,SELL,39233,LIMIT,IOC,37.5,37.5,FILLED,,1471237.5,2309.842875,161.68900125,2471.53187625,9808.25,,2023-05-19,2023,2023-05,0.25,66.66666666666667,2471.5318762499996,12279.78187625,25-50,Q4,NORMAL_STRATEGY
C,2023-05-18 00:00:00,2023-05-19 00:00:00,COM7,SELL,55581,LIMIT,IOC,27.5,27.5,FILLED,,1528477.5,2399.709675,167.97967725,2567.68935225,13895.25,,2023-05-19,2023,2023-05,0.25,90.9090909090909,2567.68935225,16462.93935225,25-50,Q4,NORMAL_STRATEGY
C,2023-05-18 00:00:00,2023-05-19 00:00:00,HMPRO,SELL,105643,LIMIT,IOC,14.000000381469729,14.000000381469729,FILLED,,1479002.0402996065,2322.033203270382,162.54232422892676,2484.575527499309,10564.3,,2023-05-19,2023,2023-05,0.09999999999999999,71.42856948229736,2484.5755274993085,13048.875527499307,10-25,Q4,NORMAL_STRATEGY
C,2023-05-18 00:00:00,2023-05-19 00:00:00,GLOBAL,BUY,135137,LIMIT,IOC,16.88571319580078,16.88571319580078,FILLED,,2281884.62414093,3582.55885990126,250.7791201930882,3833.337980094348,13513.7,,2023-05-19,2023,2023-05,0.1,59.221662028979914,3833.337980094348,17347.03798009435,10-25,Q4,NORMAL_STRATEGY
C,2023-05-18 00:00:00,2023-05-19 00:00:00,MTC,BUY,18707,LIMIT,IOC,39.0,39.0,FILLED,,729573.0,1145.42961,80.1800727,1225.6096827,4676.75,,2023-05-19,2023,2023-05,0.25,64.1025641025641,1225.6096827,5902.3596827,25-50,Q4,NORMAL_STRATEGY
C,2023-05-23 00:00:00,2023-05-24 00:00:00,KTB,SELL,2846,LIMIT,IOC,19.10000076293945,19.10000076293945,FILLED,,54358.60217132568,85.34300540898131,5.974010378628693,91.31701578761,284.6,,2023-05-24,2023,2023-05,0.1,52.35601885107476,91.31701578761,375.91701578761,10-25,Q2,NORMAL_STRATEGY
C,2023-05-23 00:00:00,2023-05-24 00:00:00,MTC,SELL,20298,LIMIT,IOC,39.5,39.5,FILLED,,801771.0,1258.78047,88.1146329,1346.8951029,5074.5,,2023-05-24,2023,2023-05,0.25,63.291139240506325,1346.8951029,6421.3951029,25-50,Q4,NORMAL_STRATEGY
C,2023-05-23 00:00:00,2023-05-24 00:00:00,OSP,SELL,45,LIMIT,IOC,30.0,30.0,FILLED,,1350.0,2.1195,0.148365,2.267865,11.25,,2023-05-24,2023,2023-05,0.25,83.33333333333333,2.267865,13.517865,25-50,Q1,NORMAL_STRATEGY
C,2023-05-23 00:00:00,2023-05-24 00:00:00,GLOBAL,SELL,46031,LIMIT,IOC,16.953571701049803,16.953571701049803,FILLED,,780389.8589710235,1225.212078584507,85.76484550091548,1310.9769240854223,4603.1,,2023-05-24,2023,2023-05,0.1,58.98462091843915,1310.9769240854225,5914.076924085422,10-25,Q4,NORMAL_STRATEGY
C,2023-05-23 00:00:00,2023-05-24 00:00:00,IVL,BUY,45288,LIMIT,IOC,33.75,33.75,FILLED,,1528470.0,2399.6979,167.978853,2567.676753,11322.0,,2023-05-24,2023,2023-05,0.25,74.07407407407408,2567.676753,13889.676753,25-50,Q4,NORMAL_STRATEGY
C,2023-05-26 00:00:00,2023-05-29 00:00:00,OSP,SELL,50114,LIMIT,IOC,29.0,29.0,FILLED,,1453306.0,2281.69042,159.7183294,2441.4087494,12528.5,,2023-05-29,2023,2023-05,0.25,86.20689655172414,2441.4087494,14969.9087494,25-50,Q4,NORMAL_STRATEGY
C,2023-05-26 00:00:00,2023-05-29 00:00:00,IVL,SELL,45288,LIMIT,IOC,32.25,32.25,FILLED,,1460538.0,2293.04466,160.5131262,2453.5577862,11322.0,,2023-05-29,2023,2023-05,0.25,77.51937984496124,2453.5577862,13775.5577862,25-50,Q4,NORMAL_STRATEGY
C,2023-05-26 00:00:00,2023-05-29 00:00:00,COM7,BUY,80815,LIMIT,IOC,28.0,28.0,FILLED,,2262820.0,3552.6274,248.683918,3801.311318,20203.75,,2023-05-29,2023,2023-05,0.25,89.28571428571428,3801.311318,24005.061318,25-50,Q4,NORMAL_STRATEGY
C,2023-05-26 00:00:00,2023-05-29 00:00:00,GLOBAL,BUY,48541,LIMIT,IOC,16.439284896850587,16.439284896850587,FILLED,,797979.3281780243,1252.827545239498,87.69792816676487,1340.525473406263,4854.1,,2023-05-29,2023,2023-05,0.1,60.829896572421994,1340.5254734062628,6194.625473406263,10-25,Q4,NORMAL_STRATEGY
C,2023-05-26 00:00:00,2023-05-29 00:00:00,MTC,BUY,16978,LIMIT,IOC,41.0,41.0,FILLED,,696098.0,1092.87386,76.5011702,1169.3750302,4244.5,,2023-05-29,2023,2023-05,0.25,60.97560975609756,1169.3750301999999,5413.8750302,25-50,Q3,NORMAL_STRATEGY
C,2023-05-31 00:00:00,2023-06-01 00:00:00,MTC,SELL,303,LIMIT,IOC,41.0,41.0,FILLED,,12423.0,19.50411,1.3652877,20.8693977,75.75,,2023-06-01,2023,2023-06,0.25,60.97560975609756,20.8693977,96.61939770000001,25-50,Q1,NORMAL_STRATEGY
C,2023-05-31 00:00:00,2023-06-01 00:00:00,GLOBAL,SELL,2033,LIMIT,IOC,16.596428298950197,16.596428298950197,FILLED,,33740.538731765744,52.97264580887222,3.708085206621056,56.68073101549328,203.3,,2023-06-01,2023,2023-06,0.1,60.2539282541446,56.68073101549328,259.9807310154933,10-25,Q1,NORMAL_STRATEGY
C,2023-05-31 00:00:00,2023-06-01 00:00:00,COM7,SELL,2941,LIMIT,IOC,28.75,28.75,FILLED,,84553.75,132.7493875,9.292457125,142.041844625,735.25,,2023-06-01,2023,2023-06,0.25,86.95652173913044,142.041844625,877.2918446250001,25-50,Q2,NORMAL_STRATEGY
C,2023-05-31 00:00:00,2023-06-01 00:00:00,KTB,BUY,40062,LIMIT,IOC,19.1,19.1,FILLED,,765184.2,1201.339194,84.09374358,1285.43293758,4006.2,,2023-06-01,2023,2023-06,0.09999999999999999,52.35602094240838,1285.4329375799998,5291.63293758,10-25,Q4,NORMAL_STRATEGY
C,2023-06-06 00:00:00,2023-06-07 00:00:00,GLOBAL,SELL,135614,LIMIT,IOC,15.257142448425292,15.257142448425292,FILLED,,2069082.1160007475,3248.458922121173,227.39212454848212,3475.8510466696557,13561.4,,2023-06-07,2023,2023-06,0.09999999999999999,65.54307291685615,3475.8510466696553,17037.251046669655,10-25,Q4,NORMAL_STRATEGY
C,2023-06-06 00:00:00,2023-06-07 00:00:00,COM7,BUY,24666,LIMIT,IOC,28.75,28.75,FILLED,,709147.5,1113.361575,77.93531025,1191.29688525,6166.5,,2023-06-07,2023,2023-06,0.25,86.95652173913044,1191.2968852499998,7357.79688525,25-50,Q3,NORMAL_STRATEGY
C,2023-06-09 00:00:00,2023-06-12 00:00:00,COM7,BUY,1574,LIMIT,IOC,28.75,28.75,FILLED,,45252.5,71.046425,4.97324975,76.01967475,393.5,,2023-06-12,2023,2023-06,0.25,86.95652173913044,76.01967475,469.51967475,25-50,Q1,NORMAL_STRATEGY
C,2023-06-09 00:00:00,2023-06-12 00:00:00,MTC,BUY,17677,LIMIT,IOC,41.25,41.25,FILLED,,729176.25,1144.8067125,80.136469875,1224.943182375,4419.25,,2023-06-12,2023,2023-06,0.25,60.60606060606061,1224.943182375,5644.193182375,25-50,Q4,NORMAL_STRATEGY
C,2023-06-14 00:00:00,2023-06-15 00:00:00,KTB,SELL,44853,LIMIT,IOC,19.4,19.4,FILLED,,870148.2,1366.132674,95.62928718,1461.76196118,4485.3,,2023-06-15,2023,2023-06,0.1,51.54639175257733,1461.76196118,5947.06196118,10-25,Q4,NORMAL_STRATEGY
C,2023-06-14 00:00:00,2023-06-15 00:00:00,MTC,SELL,36995,LIMIT,IOC,40.5,40.5,FILLED,,1498297.5,2352.327075,164.66289525,2516.98997025,9248.75,,2023-06-15,2023,2023-06,0.25,61.72839506172839,2516.98997025,11765.73997025,25-50,Q4,NORMAL_STRATEGY
C,2023-06-14 00:00:00,2023-06-15 00:00:00,COM7,SELL,52492,LIMIT,IOC,27.75,27.75,FILLED,,1456653.0,2286.94521,160.0861647,2447.0313747,13123.0,,2023-06-15,2023,2023-06,0.25,90.09009009009009,2447.0313747,15570.0313747,25-50,Q4,NORMAL_STRATEGY
C,2023-06-14 00:00:00,2023-06-15 00:00:00,IVL,BUY,41371,LIMIT,IOC,35.25,35.25,FILLED,,1458327.75,2289.5745675,160.270219725,2449.844787225,10342.75,,2023-06-15,2023,2023-06,0.25,70.92198581560284,2449.844787225,12792.594787225,25-50,Q4,NORMAL_STRATEGY
C,2023-06-19 00:00:00,2023-06-20 00:00:00,MTC,SELL,35569,LIMIT,IOC,40.25,40.25,FILLED,,1431652.25,2247.6940325,157.338582275,2405.032614775,8892.25,,2023-06-20,2023,2023-06,0.25,62.11180124223602,2405.032614775,11297.282614775,25-50,Q4,NORMAL_STRATEGY
C,2023-06-19 00:00:00,2023-06-20 00:00:00,COM7,SELL,51622,LIMIT,IOC,27.25,27.25,FILLED,,1406699.5,2208.518215,154.59627505,2363.11449005,12905.5,,2023-06-20,2023,2023-06,0.25,91.74311926605505,2363.11449005,15268.61449005,25-50,Q4,NORMAL_STRATEGY
C,2023-06-19 00:00:00,2023-06-20 00:00:00,IVL,BUY,337,LIMIT,IOC,35.0,35.0,FILLED,,11795.0,18.51815,1.2962705,19.8144205,84.25,,2023-06-20,2023,2023-06,0.25,71.42857142857143,19.814420499999997,104.0644205,25-50,Q1,NORMAL_STRATEGY
C,2023-06-19 00:00:00,2023-06-20 00:00:00,KTB,BUY,74,LIMIT,IOC,19.6,19.6,FILLED,,1450.4,2.277128,0.15939896,2.43652696,7.4,,2023-06-20,2023,2023-06,0.1,51.0204081632653,2.4365269599999997,9.83652696,10-25,Q1,NORMAL_STRATEGY
C,2023-06-19 00:00:00,2023-06-20 00:00:00,PTTGC,BUY,37430,LIMIT,IOC,39.0,39.0,FILLED,,1459770.0,2291.8389,160.428723,2452.267623,9357.5,,2023-06-20,2023,2023-06,0.25,64.1025641025641,2452.267623,11809.767623,25-50,Q4,NORMAL_STRATEGY
C,2023-06-19 00:00:00,2023-06-20 00:00:00,RATCH,BUY,38927,LIMIT,IOC,37.5,37.5,FILLED,,1459762.5,2291.827125,160.42789875,2452.25502375,9731.75,,2023-06-20,2023,2023-06,0.25,66.66666666666667,2452.25502375,12184.00502375,25-50,Q4,NORMAL_STRATEGY
C,2023-06-19 00:00:00,2023-06-20 00:00:00,TOP,BUY,31734,LIMIT,IOC,46.0,46.0,FILLED,,1459764.0,2291.82948,160.4280636,2452.2575436,7933.5,,2023-06-20,2023,2023-06,0.25,54.34782608695652,2452.2575435999997,10385.7575436,25-50,Q4,NORMAL_STRATEGY
C,2023-06-22 00:00:00,2023-06-23 00:00:00,PTTGC,SELL,37430,LIMIT,IOC,36.75,36.75,FILLED,,1375552.5,2159.617425,151.17321975,2310.79064475,9357.5,,2023-06-23,2023,2023-06,0.25,68.02721088435374,2310.79064475,11668.290644749999,25-50,Q4,NORMAL_STRATEGY
C,2023-06-22 00:00:00,2023-06-23 00:00:00,RATCH,SELL,38927,LIMIT,IOC,36.25,36.25,FILLED,,1411103.75,2215.4328875,155.080302125,2370.513189625,9731.75,,2023-06-23,2023,2023-06,0.25,68.9655172413793,2370.513189625,12102.263189625,25-50,Q4,NORMAL_STRATEGY
C,2023-06-22 00:00:00,2023-06-23 00:00:00,TOP,SELL,31734,LIMIT,IOC,44.0,44.0,FILLED,,1396296.0,2192.18472,153.4529304,2345.6376504,7933.5,,2023-06-23,2023,2023-06,0.25,56.81818181818182,2345.6376504,10279.1376504,25-50,Q4,NORMAL_STRATEGY
C,2023-06-22 00:00:00,2023-06-23 00:00:00,IVL,BUY,42001,LIMIT,IOC,34.25,34.25,FILLED,,1438534.25,2258.4987725,158.094914075,2416.593686575,10500.25,,2023-06-23,2023,2023-06,0.25,72.99270072992701,2416.593686575,12916.843686575,25-50,Q4,NORMAL_STRATEGY
C,2023-06-22 00:00:00,2023-06-23 00:00:00,OSP,BUY,94778,LIMIT,IOC,30.25,30.25,FILLED,,2867034.5,4501.244165,315.08709155,4816.33125655,23694.5,,2023-06-23,2023,2023-06,0.25,82.64462809917356,4816.33125655,28510.831256550002,25-50,Q4,NORMAL_STRATEGY
C,2023-06-27 00:00:00,2023-06-28 00:00:00,KTB,SELL,74479,LIMIT,IOC,19.19999923706055,19.19999923706055,FILLED,,1429996.7431770323,2245.0948867879406,157.15664207515587,2402.2515288630966,7447.9,,2023-06-28,2023,2023-06,0.09999999999999999,52.083335402939134,2402.2515288630966,9850.151528863096,10-25,Q4,NORMAL_STRATEGY
C,2023-06-27 00:00:00,2023-06-28 00:00:00,IVL,SELL,83709,LIMIT,IOC,32.25,32.25,FILLED,,2699615.25,4238.3959425,296.687715975,4535.083658475,20927.25,,2023-06-28,2023,2023-06,0.25,77.51937984496124,4535.083658475,25462.333658475,25-50,Q4,NORMAL_STRATEGY
C,2023-06-30 00:00:00,2023-07-03 00:00:00,OSP,SELL,94778,LIMIT,IOC,29.75,29.75,FILLED,,2819645.5,4426.843435,309.87904045,4736.72247545,23694.5,,2023-07-03,2023,2023-07,0.25,84.03361344537815,4736.722475449999,28431.22247545,25-50,Q4,NORMAL_STRATEGY
C,2023-06-30 00:00:00,2023-07-03 00:00:00,HMPRO,BUY,195902,LIMIT,IOC,14.1,14.1,FILLED,,2762218.2,4336.682574,303.56778018,4640.25035418,19590.2,,2023-07-03,2023,2023-07,0.1,70.92198581560284,4640.250354180001,24230.45035418,10-25,Q4,NORMAL_STRATEGY
C,2023-07-05 00:00:00,2023-07-06 00:00:00,HMPRO,SELL,78214,LIMIT,IOC,13.799999618530272,13.799999618530272,FILLED,,1079353.1701637267,1694.5844771570507,118.62091340099356,1813.2053905580444,7821.4,,2023-07-06,2023,2023-07,0.09999999999999999,72.46377011903874,1813.2053905580442,9634.605390558045,10-25,Q4,NORMAL_STRATEGY
C,2023-07-05 00:00:00,2023-07-06 00:00:00,PTTGC,BUY,42519,LIMIT,IOC,38.75,38.75,FILLED,,1647611.25,2586.7496625,181.072476375,2767.822138875,10629.75,,2023-07-06,2023,2023-07,0.25,64.51612903225806,2767.822138875,13397.572138874999,25-50,Q4,NORMAL_STRATEGY
C,2023-07-10 00:00:00,2023-07-11 00:00:00,HMPRO,SELL,117688,LIMIT,IOC,13.700000190734864,13.700000190734864,FILLED,,1612325.6224472043,2531.3512272421112,177.1945859069478,2708.5458131490586,11768.8,,2023-07-11,2023,2023-07,0.09999999999999999,72.9926997137042,2708.545813149059,14477.345813149059,10-25,Q4,NORMAL_STRATEGY
C,2023-07-10 00:00:00,2023-07-11 00:00:00,PTTGC,BUY,165403,LIMIT,IOC,39.5,39.5,FILLED,,6533418.5,10257.467045,718.02269315,10975.48973815,41350.75,,2023-07-11,2023,2023-07,0.25,63.291139240506325,10975.48973815,52326.23973815,25-50,Q4,NORMAL_STRATEGY
C,2023-07-13 00:00:00,2023-07-14 00:00:00,PTTGC,SELL,138125,LIMIT,IOC,39.75,39.75,FILLED,,5490468.75,8620.0359375,603.402515625,9223.438453125,34531.25,,2023-07-14,2023,2023-07,0.25,62.89308176100629,9223.438453125,43754.688453124996,25-50,Q4,NORMAL_STRATEGY
C,2023-07-13 00:00:00,2023-07-14 00:00:00,KTB,BUY,143334,LIMIT,IOC,19.6,19.6,FILLED,,2809346.4,4410.673848,308.74716936,4719.42101736,14333.4,,2023-07-14,2023,2023-07,0.09999999999999999,51.02040816326531,4719.42101736,19052.821017360002,10-25,Q4,NORMAL_STRATEGY
C,2023-07-18 00:00:00,2023-07-19 00:00:00,PTTGC,SELL,27347,LIMIT,IOC,38.5,38.5,FILLED,,1052859.5,1652.989415,115.70925905,1768.69867405,6836.75,,2023-07-19,2023,2023-07,0.25,64.93506493506494,1768.69867405,8605.44867405,25-50,Q4,NORMAL_STRATEGY
C,2023-07-18 00:00:00,2023-07-19 00:00:00,KTB,SELL,62180,LIMIT,IOC,20.19999923706055,20.19999923706055,FILLED,,1256035.9525604248,1971.9764455198667,138.03835118639068,2110.0147967062576,6218.0,,2023-07-19,2023,2023-07,0.1,49.50495236481591,2110.0147967062576,8328.014796706258,10-25,Q4,NORMAL_STRATEGY
C,2023-07-18 00:00:00,2023-07-19 00:00:00,BDMS,BUY,57087,LIMIT,IOC,29.0,29.0,FILLED,,1655523.0,2599.17111,181.9419777,2781.1130877,14271.75,,2023-07-19,2023,2023-07,0.25,86.20689655172414,2781.1130877,17052.8630877,25-50,Q4,NORMAL_STRATEGY
C,2023-07-18 00:00:00,2023-07-19 00:00:00,TOP,BUY,35038,LIMIT,IOC,47.25,47.25,FILLED,,1655545.5,2599.206435,181.94445045,2781.15088545,8759.5,,2023-07-19,2023,2023-07,0.25,52.910052910052904,2781.1508854500003,11540.65088545,25-50,Q4,NORMAL_STRATEGY
C,2023-07-21 00:00:00,2023-07-24 00:00:00,PTTGC,SELL,42450,LIMIT,IOC,36.75,36.75,FILLED,,1560037.5,2449.258875,171.44812125,2620.70699625,10612.5,,2023-07-24,2023,2023-07,0.25,68.02721088435374,2620.70699625,13233.206996249999,25-50,Q4,NORMAL_STRATEGY
C,2023-07-21 00:00:00,2023-07-24 00:00:00,KTB,SELL,36139,LIMIT,IOC,20.10000076293945,20.10000076293945,FILLED,,726393.927571869,1140.438466287834,79.83069264014838,1220.2691589279823,3613.9,,2023-07-24,2023,2023-07,0.1,49.75124189267734,1220.2691589279823,4834.169158927983,10-25,Q4,NORMAL_STRATEGY
C,2023-07-21 00:00:00,2023-07-24 00:00:00,BDMS,SELL,25577,LIMIT,IOC,28.5,28.5,FILLED,,728944.5,1144.442865,80.11100055,1224.55386555,6394.25,,2023-07-24,2023,2023-07,0.25,87.71929824561403,1224.55386555,7618.80386555,25-50,Q4,NORMAL_STRATEGY
C,2023-07-21 00:00:00,2023-07-24 00:00:00,TOP,SELL,16001,LIMIT,IOC,47.5,47.5,FILLED,,760047.5,1193.274575,83.52922025,1276.80379525,4000.25,,2023-07-24,2023,2023-07,0.25,52.63157894736842,1276.80379525,5277.05379525,25-50,Q4,NORMAL_STRATEGY
C,2023-07-21 00:00:00,2023-07-24 00:00:00,BGRIM,BUY,24865,LIMIT,IOC,36.75,36.75,FILLED,,913788.75,1434.6483375,100.425383625,1535.073721125,6216.25,,2023-07-24,2023,2023-07,0.25,68.02721088435374,1535.073721125,7751.323721125,25-50,Q4,NORMAL_STRATEGY
C,2023-07-21 00:00:00,2023-07-24 00:00:00,COM7,BUY,32063,LIMIT,IOC,28.5,28.5,FILLED,,913795.5,1434.658935,100.42612545,1535.08506045,8015.75,,2023-07-24,2023,2023-07,0.25,87.71929824561403,1535.08506045,9550.83506045,25-50,Q4,NORMAL_STRATEGY
C,2023-07-21 00:00:00,2023-07-24 00:00:00,HMPRO,BUY,64809,LIMIT,IOC,14.1,14.1,FILLED,,913806.9,1434.676833,100.42737831,1535.10421131,6480.9,,2023-07-24,2023,2023-07,0.09999999999999999,70.92198581560284,1535.10421131,8016.00421131,10-25,Q4,NORMAL_STRATEGY
C,2023-07-21 00:00:00,2023-07-24 00:00:00,LH,BUY,106878,LIMIT,IOC,8.55,8.55,FILLED,,913806.9,1434.676833,100.42737831,1535.10421131,5343.9,,2023-07-24,2023,2023-07,0.049999999999999996,58.47953216374269,1535.10421131,6879.00421131,5-10,Q4,NORMAL_STRATEGY
C,2023-07-21 00:00:00,2023-07-24 00:00:00,RATCH,BUY,24368,LIMIT,IOC,37.5,37.5,FILLED,,913800.0,1434.666,100.42662,1535.09262,6092.0,,2023-07-24,2023,2023-07,0.25,66.66666666666667,1535.09262,7627.092619999999,25-50,Q4,NORMAL_STRATEGY
C,2023-07-26 00:00:00,2023-07-27 00:00:00,KTB,SELL,5244,LIMIT,IOC,20.4,20.4,FILLED,,106977.6,167.954832,11.75683824,179.71167024,524.4,,2023-07-27,2023,2023-07,0.09999999999999999,49.01960784313725,179.71167024000002,704.11167024,10-25,Q2,NORMAL_STRATEGY
C,2023-07-26 00:00:00,2023-07-27 00:00:00,BDMS,SELL,2764,LIMIT,IOC,28.0,28.0,FILLED,,77392.0,121.50544,8.5053808,130.0108208,691.0,,2023-07-27,2023,2023-07,0.25,89.28571428571428,130.0108208,821.0108208,25-50,Q2,NORMAL_STRATEGY
C,2023-07-26 00:00:00,2023-07-27 00:00:00,TOP,SELL,2652,LIMIT,IOC,49.5,49.5,FILLED,,131274.0,206.10018,14.4270126,220.5271926,663.0,,2023-07-27,2023,2023-07,0.25,50.50505050505051,220.5271926,883.5271926,25-50,Q2,NORMAL_STRATEGY
C,2023-07-26 00:00:00,2023-07-27 00:00:00,COM7,SELL,2540,LIMIT,IOC,27.25,27.25,FILLED,,69215.0,108.66755,7.6067285,116.2742785,635.0,,2023-07-27,2023,2023-07,0.25,91.74311926605505,116.27427850000001,751.2742785,25-50,Q2,NORMAL_STRATEGY
C,2023-07-26 00:00:00,2023-07-27 00:00:00,LH,SELL,11612,LIMIT,IOC,8.500000190734863,8.500000190734863,FILLED,,98702.00221481323,154.96214347725677,10.847350043407973,165.80949352066474,580.6,,2023-07-27,2023,2023-07,0.05,58.82352809180029,165.80949352066474,746.4094935206648,5-10,Q2,NORMAL_STRATEGY
C,2023-07-26 00:00:00,2023-07-27 00:00:00,RATCH,SELL,24368,LIMIT,IOC,34.5,34.5,FILLED,,840696.0,1319.89272,92.3924904,1412.2852104,6092.0,,2023-07-27,2023,2023-07,0.25,72.46376811594203,1412.2852104,7504.2852104,25-50,Q4,NORMAL_STRATEGY
C,2023-07-26 00:00:00,2023-07-27 00:00:00,GLOBAL,BUY,55910,LIMIT,IOC,14.653570747375488,14.653570747375488,FILLED,,819281.1404857635,1286.2713905626488,90.0389973393854,1376.310387902034,5591.0,,2023-07-27,2023,2023-07,0.1,68.24275238027592,1376.310387902034,6967.310387902035,10-25,Q4,NORMAL_STRATEGY
C,2023-07-26 00:00:00,2023-07-27 00:00:00,IVL,BUY,23920,LIMIT,IOC,34.25,34.25,FILLED,,819260.0,1286.2382,90.036674,1376.274874,5980.0,,2023-07-27,2023,2023-07,0.25,72.99270072992701,1376.274874,7356.274874,25-50,Q4,NORMAL_STRATEGY
C,2023-08-02 00:00:00,2023-08-03 00:00:00,KTB,SELL,144,LIMIT,IOC,20.10000076293945,20.10000076293945,FILLED,,2894.4001098632807,4.544208172485352,0.3180945720739746,4.862302744559327,14.4,,2023-08-03,2023,2023-08,0.1,49.75124189267736,4.862302744559326,19.262302744559328,10-25,Q1,NORMAL_STRATEGY
C,2023-08-02 00:00:00,2023-08-03 00:00:00,BDMS,SELL,271,LIMIT,IOC,27.75,27.75,FILLED,,7520.25,11.8067925,0.826475475,12.633267975,67.75,,2023-08-03,2023,2023-08,0.25,90.09009009009009,12.633267975,80.383267975,25-50,Q1,NORMAL_STRATEGY
C,2023-08-02 00:00:00,2023-08-03 00:00:00,TOP,SELL,765,LIMIT,IOC,51.0,51.0,FILLED,,39015.0,61.25355,4.2877485,65.5412985,191.25,,2023-08-03,2023,2023-08,0.25,49.01960784313725,65.5412985,256.7912985,50-100,Q1,NORMAL_STRATEGY
C,2023-08-02 00:00:00,2023-08-03 00:00:00,BGRIM,SELL,3971,LIMIT,IOC,38.0,38.0,FILLED,,150898.0,236.90986,16.5836902,253.4935502,992.75,,2023-08-03,2023,2023-08,0.25,65.78947368421052,253.49355020000002,1246.2435502,25-50,Q2,NORMAL_STRATEGY
C,2023-08-02 00:00:00,2023-08-03 00:00:00,COM7,SELL,29523,LIMIT,IOC,27.25,27.25,FILLED,,804501.75,1263.0677475,88.414742325,1351.482489825,7380.75,,2023-08-03,2023,2023-08,0.25,91.74311926605505,1351.482489825,8732.232489825,25-50,Q4,NORMAL_STRATEGY
C,2023-08-02 00:00:00,2023-08-03 00:00:00,HMPRO,SELL,7349,LIMIT,IOC,13.799999618530272,13.799999618530272,FILLED,,101416.19719657896,159.22342959862897,11.145640071904028,170.369069670533,734.9,,2023-08-03,2023,2023-08,0.09999999999999999,72.46377011903876,170.369069670533,905.269069670533,10-25,Q2,NORMAL_STRATEGY
C,2023-08-02 00:00:00,2023-08-03 00:00:00,LH,SELL,95266,LIMIT,IOC,8.45,8.45,FILLED,,804997.7,1263.846389,88.46924723,1352.31563623,4763.3,,2023-08-03,2023,2023-08,0.05,59.1715976331361,1352.31563623,6115.615636230001,5-10,Q4,NORMAL_STRATEGY
C,2023-08-02 00:00:00,2023-08-03 00:00:00,GLOBAL,SELL,1013,LIMIT,IOC,14.453570747375489,14.453570747375489,FILLED,,14641.467167091369,22.987103452333447,1.6090972416633413,24.596200693996792,101.3,,2023-08-03,2023,2023-08,0.09999999999999999,69.18705539816742,24.59620069399679,125.89620069399679,10-25,Q1,NORMAL_STRATEGY
C,2023-08-02 00:00:00,2023-08-03 00:00:00,IVL,SELL,771,LIMIT,IOC,34.25,34.25,FILLED,,26406.75,41.4585975,2.902101825,44.360699325,192.75,,2023-08-03,2023,2023-08,0.25,72.99270072992701,44.360699325000006,237.110699325,25-50,Q1,NORMAL_STRATEGY
C,2023-08-02 00:00:00,2023-08-03 00:00:00,PTTGC,BUY,20237,LIMIT,IOC,39.75,39.75,FILLED,,804420.75,1262.9405775,88.405840425,1351.346417925,5059.25,,2023-08-03,2023,2023-08,0.25,62.89308176100629,1351.346417925,6410.596417925,25-50,Q4,NORMAL_STRATEGY
C,2023-08-02 00:00:00,2023-08-03 00:00:00,RATCH,BUY,22039,LIMIT,IOC,36.5,36.5,FILLED,,804423.5,1262.944895,88.40614265,1351.35103765,5509.75,,2023-08-03,2023,2023-08,0.25,68.4931506849315,1351.35103765,6861.10103765,25-50,Q4,NORMAL_STRATEGY
C,2023-08-02 00:00:00,2023-08-03 00:00:00,SCGP,BUY,20365,LIMIT,IOC,39.5,39.5,FILLED,,804417.5,1262.935475,88.40548325,1351.34095825,5091.25,,2023-08-03,2023,2023-08,0.25,63.291139240506325,1351.34095825,6442.59095825,25-50,Q4,NORMAL_STRATEGY
C,2023-08-07 00:00:00,2023-08-08 00:00:00,HMPRO,SELL,57460,LIMIT,IOC,13.599999809265135,13.599999809265135,FILLED,,781455.9890403748,1226.8859027933884,85.88201319553718,1312.7679159889256,5746.0,,2023-08-08,2023,2023-08,0.1,73.52941279592812,1312.7679159889256,7058.767915988926,10-25,Q4,NORMAL_STRATEGY
C,2023-08-07 00:00:00,2023-08-08 00:00:00,IVL,SELL,23149,LIMIT,IOC,33.25,33.25,FILLED,,769704.25,1208.4356725,84.590497075,1293.026169575,5787.25,,2023-08-08,2023,2023-08,0.25,75.18796992481202,1293.026169575,7080.276169575,25-50,Q4,NORMAL_STRATEGY
C,2023-08-07 00:00:00,2023-08-08 00:00:00,RATCH,SELL,22039,LIMIT,IOC,35.75,35.75,FILLED,,787894.25,1236.9939725,86.589578075,1323.583550575,5509.75,,2023-08-08,2023,2023-08,0.25,69.93006993006993,1323.583550575,6833.333550575,25-50,Q4,NORMAL_STRATEGY
C,2023-08-07 00:00:00,2023-08-08 00:00:00,BDMS,BUY,11306,LIMIT,IOC,28.5,28.5,FILLED,,322221.0,505.88697,35.4120879,541.2990579,2826.5,,2023-08-08,2023,2023-08,0.25,87.71929824561403,541.2990579,3367.7990578999998,25-50,Q3,NORMAL_STRATEGY
C,2023-08-07 00:00:00,2023-08-08 00:00:00,BGRIM,BUY,8941,LIMIT,IOC,38.0,38.0,FILLED,,339758.0,533.42006,37.3394042,570.7594642,2235.25,,2023-08-08,2023,2023-08,0.25,65.78947368421052,570.7594642,2806.0094642,25-50,Q3,NORMAL_STRATEGY
C,2023-08-07 00:00:00,2023-08-08 00:00:00,KTB,BUY,16499,LIMIT,IOC,20.200000381469728,20.200000381469728,FILLED,,333279.80629386904,523.2492958813745,36.627450711696206,559.8767465930706,1649.9,,2023-08-08,2023,2023-08,0.1,49.50494956016635,559.8767465930706,2209.7767465930706,10-25,Q3,NORMAL_STRATEGY
C,2023-08-07 00:00:00,2023-08-08 00:00:00,PTTGC,BUY,8285,LIMIT,IOC,39.75,39.75,FILLED,,329328.75,517.0461375,36.193229625,553.239367125,2071.25,,2023-08-08,2023,2023-08,0.25,62.89308176100629,553.239367125,2624.489367125,25-50,Q3,NORMAL_STRATEGY
C,2023-08-07 00:00:00,2023-08-08 00:00:00,SCGP,BUY,8157,LIMIT,IOC,39.75,39.75,FILLED,,324240.75,509.0579775,35.634058425,544.692035925,2039.25,,2023-08-08,2023,2023-08,0.25,62.89308176100629,544.692035925,2583.942035925,25-50,Q3,NORMAL_STRATEGY
C,2023-08-10 00:00:00,2023-08-11 00:00:00,KTB,SELL,6551,LIMIT,IOC,20.00000038146973,20.00000038146973,FILLED,,131020.00249900817,205.70140392344285,14.399098274641,220.10050219808383,655.1,,2023-08-11,2023,2023-08,0.1,49.99999904632571,220.10050219808386,875.2005021980839,10-25,Q2,NORMAL_STRATEGY
C,2023-08-10 00:00:00,2023-08-11 00:00:00,BDMS,SELL,5835,LIMIT,IOC,29.0,29.0,FILLED,,169215.0,265.66755,18.5967285,284.2642785,1458.75,,2023-08-11,2023,2023-08,0.25,86.20689655172414,284.2642785,1743.0142785,25-50,Q2,NORMAL_STRATEGY
C,2023-08-10 00:00:00,2023-08-11 00:00:00,BGRIM,SELL,29835,LIMIT,IOC,37.25,37.25,FILLED,,1111353.75,1744.8253875,122.137777125,1866.963164625,7458.75,,2023-08-11,2023,2023-08,0.25,67.11409395973155,1866.963164625,9325.713164625,25-50,Q4,NORMAL_STRATEGY
C,2023-08-10 00:00:00,2023-08-11 00:00:00,PTTGC,SELL,3643,LIMIT,IOC,39.75,39.75,FILLED,,144809.25,227.3505225,15.914536575,243.265059075,910.75,,2023-08-11,2023,2023-08,0.25,62.89308176100629,243.265059075,1154.015059075,25-50,Q2,NORMAL_STRATEGY
C,2023-08-10 00:00:00,2023-08-11 00:00:00,SCGP,SELL,28522,LIMIT,IOC,38.75,38.75,FILLED,,1105227.5,1735.207175,121.46450225,1856.67167725,7130.5,,2023-08-11,2023,2023-08,0.25,64.51612903225806,1856.67167725,8987.17167725,25-50,Q4,NORMAL_STRATEGY
C,2023-08-10 00:00:00,2023-08-11 00:00:00,COM7,BUY,34831,LIMIT,IOC,28.75,28.75,FILLED,,1001391.25,1572.1842625,110.052898375,1682.237160875,8707.75,,2023-08-11,2023,2023-08,0.25,86.95652173913044,1682.237160875,10389.987160875,25-50,Q4,NORMAL_STRATEGY
C,2023-08-10 00:00:00,2023-08-11 00:00:00,MTC,BUY,25677,LIMIT,IOC,39.0,39.0,FILLED,,1001403.0,1572.20271,110.0541897,1682.2568997,6419.25,,2023-08-11,2023,2023-08,0.25,64.1025641025641,1682.2568997,8101.5068997,25-50,Q4,NORMAL_STRATEGY
C,2023-08-10 00:00:00,2023-08-11 00:00:00,OSP,BUY,34236,LIMIT,IOC,29.25,29.25,FILLED,,1001403.0,1572.20271,110.0541897,1682.2568997,8559.0,,2023-08-11,2023,2023-08,0.25,85.47008547008548,1682.2568997,10241.2568997,25-50,Q4,NORMAL_STRATEGY
C,2023-08-10 00:00:00,2023-08-11 00:00:00,TOP,BUY,2754,LIMIT,IOC,54.5,54.5,FILLED,,150093.0,235.64601,16.4952207,252.1412307,688.5,,2023-08-11,2023,2023-08,0.25,45.87155963302752,252.1412307,940.6412307,50-100,Q2,NORMAL_STRATEGY
C,2023-08-16 00:00:00,2023-08-17 00:00:00,KTB,SELL,49575,LIMIT,IOC,19.69999923706055,19.69999923706055,FILLED,,976627.4621772766,1533.3051156183242,107.3313580932827,1640.6364737116069,4957.5,,2023-08-17,2023,2023-08,0.1,50.761423285679825,1640.6364737116069,6598.136473711607,10-25,Q4,NORMAL_STRATEGY
C,2023-08-16 00:00:00,2023-08-17 00:00:00,BDMS,SELL,33946,LIMIT,IOC,28.0,28.0,FILLED,,950488.0,1492.26616,104.4586312,1596.7247912,8486.5,,2023-08-17,2023,2023-08,0.25,89.28571428571428,1596.7247911999998,10083.2247912,25-50,Q4,NORMAL_STRATEGY
C,2023-08-16 00:00:00,2023-08-17 00:00:00,PTTGC,SELL,24879,LIMIT,IOC,36.0,36.0,FILLED,,895644.0,1406.16108,98.4312756,1504.5923556,6219.75,,2023-08-17,2023,2023-08,0.25,69.44444444444444,1504.5923556,7724.3423556,25-50,Q4,NORMAL_STRATEGY
C,2023-08-16 00:00:00,2023-08-17 00:00:00,COM7,BUY,19895,LIMIT,IOC,29.0,29.0,FILLED,,576955.0,905.81935,63.4073545,969.2267045,4973.75,,2023-08-17,2023,2023-08,0.25,86.20689655172414,969.2267045,5942.9767045,25-50,Q3,NORMAL_STRATEGY
C,2023-08-16 00:00:00,2023-08-17 00:00:00,GLOBAL,BUY,52752,LIMIT,IOC,14.74285659790039,14.74285659790039,FILLED,,777715.1712524412,1221.0128188663327,85.4708973206433,1306.4837161869762,5275.2,,2023-08-17,2023,2023-08,0.09999999999999999,67.82945987159745,1306.483716186976,6581.683716186975,10-25,Q4,NORMAL_STRATEGY
C,2023-08-16 00:00:00,2023-08-17 00:00:00,MTC,BUY,17216,LIMIT,IOC,37.0,37.0,FILLED,,636992.0,1000.07744,70.0054208,1070.0828608,4304.0,,2023-08-17,2023,2023-08,0.25,67.56756756756756,1070.0828608,5374.0828608,25-50,Q3,NORMAL_STRATEGY
C,2023-08-16 00:00:00,2023-08-17 00:00:00,OSP,BUY,19562,LIMIT,IOC,29.5,29.5,FILLED,,577079.0,906.01403,63.4209821,969.4350121,4890.5,,2023-08-17,2023,2023-08,0.25,84.7457627118644,969.4350121,5859.9350121,25-50,Q3,NORMAL_STRATEGY
C,2023-08-21 00:00:00,2023-08-22 00:00:00,OSP,SELL,53798,LIMIT,IOC,29.25,29.25,FILLED,,1573591.5,2470.538655,172.93770585,2643.47636085,13449.5,,2023-08-22,2023,2023-08,0.25,85.47008547008548,2643.4763608499998,16092.97636085,25-50,Q4,NORMAL_STRATEGY
C,2023-08-21 00:00:00,2023-08-22 00:00:00,COM7,BUY,11129,LIMIT,IOC,31.25,31.25,FILLED,,347781.25,546.0165625,38.221159375,584.237721875,2782.25,,2023-08-22,2023,2023-08,0.25,80.0,584.2377218749999,3366.487721875,25-50,Q3,NORMAL_STRATEGY
C,2023-08-21 00:00:00,2023-08-22 00:00:00,MTC,BUY,7609,LIMIT,IOC,40.75,40.75,FILLED,,310066.75,486.8047975,34.076335825,520.881133325,1902.25,,2023-08-22,2023,2023-08,0.25,61.34969325153374,520.8811333250001,2423.131133325,25-50,Q3,NORMAL_STRATEGY
C,2023-08-24 00:00:00,2023-08-25 00:00:00,TOP,SELL,18374,LIMIT,IOC,51.75,51.75,FILLED,,950854.5,1492.841565,104.49890955,1597.34047455,4593.5,,2023-08-25,2023,2023-08,0.25,48.30917874396135,1597.34047455,6190.84047455,50-100,Q4,NORMAL_STRATEGY
C,2023-08-24 00:00:00,2023-08-25 00:00:00,GLOBAL,SELL,6193,LIMIT,IOC,16.06071319580078,16.06071319580078,FILLED,,99463.99682159424,156.15847500990293,10.931093250693204,167.08956826059614,619.3,,2023-08-25,2023,2023-08,0.09999999999999999,62.26373560181992,167.08956826059614,786.3895682605961,10-25,Q2,NORMAL_STRATEGY
C,2023-08-24 00:00:00,2023-08-25 00:00:00,COM7,SELL,14301,LIMIT,IOC,31.5,31.5,FILLED,,450481.5,707.255955,49.50791685,756.76387185,3575.25,,2023-08-25,2023,2023-08,0.25,79.36507936507937,756.76387185,4332.01387185,25-50,Q3,NORMAL_STRATEGY
C,2023-08-24 00:00:00,2023-08-25 00:00:00,MTC,SELL,8999,LIMIT,IOC,39.25,39.25,FILLED,,353210.75,554.5408775,38.817861425,593.358738925,2249.75,,2023-08-25,2023,2023-08,0.25,63.69426751592357,593.358738925,2843.108738925,25-50,Q3,NORMAL_STRATEGY
C,2023-08-24 00:00:00,2023-08-25 00:00:00,OSP,BUY,56401,LIMIT,IOC,29.25,29.25,FILLED,,1649729.25,2590.0749225,181.305244575,2771.380167075,14100.25,,2023-08-25,2023,2023-08,0.25,85.47008547008548,2771.380167075,16871.630167075,25-50,Q4,NORMAL_STRATEGY
C,2023-08-29 00:00:00,2023-08-30 00:00:00,COM7,SELL,14849,LIMIT,IOC,32.25,32.25,FILLED,,478880.25,751.8419925,52.628939475,804.470931975,3712.25,,2023-08-30,2023,2023-08,0.25,77.51937984496124,804.470931975,4516.720931975,25-50,Q3,NORMAL_STRATEGY
C,2023-08-29 00:00:00,2023-08-30 00:00:00,MTC,SELL,12361,LIMIT,IOC,40.75,40.75,FILLED,,503710.75,790.8258775,55.357811425,846.183688925,3090.25,,2023-08-30,2023,2023-08,0.25,61.34969325153374,846.1836889250001,3936.433688925,25-50,Q3,NORMAL_STRATEGY
C,2023-08-29 00:00:00,2023-08-30 00:00:00,OSP,SELL,17308,LIMIT,IOC,30.25,30.25,FILLED,,523567.0,822.00019,57.5400133,879.5402033,4327.0,,2023-08-30,2023,2023-08,0.25,82.64462809917356,879.5402033,5206.5402033,25-50,Q3,NORMAL_STRATEGY
C,2023-08-29 00:00:00,2023-08-30 00:00:00,TOP,BUY,22469,LIMIT,IOC,53.5,53.5,FILLED,,1202091.5,1887.283655,132.10985585,2019.39351085,5617.25,,2023-08-30,2023,2023-08,0.25,46.72897196261682,2019.39351085,7636.64351085,50-100,Q4,NORMAL_STRATEGY
C,2023-09-01 00:00:00,2023-09-04 00:00:00,GLOBAL,SELL,18711,LIMIT,IOC,16.239284896850585,16.239284896850585,FILLED,,303853.2597049713,477.049617736805,33.393473241576345,510.4430909783813,1871.1,,2023-09-04,2023,2023-09,0.09999999999999999,61.57906621823834,510.4430909783813,2381.5430909783813,10-25,Q3,NORMAL_STRATEGY
C,2023-09-01 00:00:00,2023-09-04 00:00:00,TOP,SELL,22469,LIMIT,IOC,50.75,50.75,FILLED,,1140301.75,1790.2737475,125.319162325,1915.592909825,5617.25,,2023-09-04,2023,2023-09,0.25,49.26108374384236,1915.5929098249999,7532.842909825,50-100,Q4,NORMAL_STRATEGY
C,2023-09-01 00:00:00,2023-09-04 00:00:00,CENTEL,BUY,28637,LIMIT,IOC,47.5,47.5,FILLED,,1360257.5,2135.604275,149.49229925,2285.09657425,7159.25,,2023-09-04,2023,2023-09,0.25,52.63157894736842,2285.0965742500002,9444.346574250001,25-50,Q4,NORMAL_STRATEGY
C,2023-09-01 00:00:00,2023-09-04 00:00:00,MTC,BUY,4035,LIMIT,IOC,41.0,41.0,FILLED,,165435.0,259.73295,18.1813065,277.9142565,1008.75,,2023-09-04,2023,2023-09,0.25,60.97560975609756,277.9142565,1286.6642565,25-50,Q2,NORMAL_STRATEGY
C,2023-09-01 00:00:00,2023-09-04 00:00:00,SCGP,BUY,33177,LIMIT,IOC,41.0,41.0,FILLED,,1360257.0,2135.60349,149.4922443,2285.0957343,8294.25,,2023-09-04,2023,2023-09,0.25,60.97560975609756,2285.0957343,10579.345734300001,25-50,Q4,NORMAL_STRATEGY
C,2023-09-06 00:00:00,2023-09-07 00:00:00,OSP,SELL,39093,LIMIT,IOC,28.75,28.75,FILLED,,1123923.75,1764.5602875,123.519220125,1888.079507625,9773.25,,2023-09-07,2023,2023-09,0.25,86.95652173913044,1888.079507625,11661.329507625,25-50,Q4,NORMAL_STRATEGY
C,2023-09-06 00:00:00,2023-09-07 00:00:00,CENTEL,BUY,5992,LIMIT,IOC,46.75,46.75,FILLED,,280126.0,439.79782,30.7858474,470.5836674,1498.0,,2023-09-07,2023,2023-09,0.25,53.475935828877,470.5836674,1968.5836674,25-50,Q2,NORMAL_STRATEGY
C,2023-09-06 00:00:00,2023-09-07 00:00:00,COM7,BUY,12728,LIMIT,IOC,32.75,32.75,FILLED,,416842.0,654.44194,45.8109358,700.2528758,3182.0,,2023-09-07,2023,2023-09,0.25,76.33587786259541,700.2528758000001,3882.2528758,25-50,Q3,NORMAL_STRATEGY
C,2023-09-06 00:00:00,2023-09-07 00:00:00,GLOBAL,BUY,14677,LIMIT,IOC,16.61785659790039,16.61785659790039,FILLED,,243900.281287384,382.92344162119286,26.804640913483503,409.7280825346764,1467.7,,2023-09-07,2023,2023-09,0.1,60.176232362382216,409.7280825346764,1877.4280825346764,10-25,Q2,NORMAL_STRATEGY
C,2023-09-06 00:00:00,2023-09-07 00:00:00,MTC,BUY,7296,LIMIT,IOC,40.0,40.0,FILLED,,291840.0,458.1888,32.073216,490.262016,1824.0,,2023-09-07,2023,2023-09,0.25,62.5,490.262016,2314.262016,25-50,Q3,NORMAL_STRATEGY
C,2023-09-11 00:00:00,2023-09-12 00:00:00,CENTEL,SELL,34629,LIMIT,IOC,47.75,47.75,FILLED,,1653534.75,2596.0495575,181.723469025,2777.773026525,8657.25,,2023-09-12,2023,2023-09,0.25,52.35602094240838,2777.773026525,11435.023026525,25-50,Q4,NORMAL_STRATEGY
C,2023-09-11 00:00:00,2023-09-12 00:00:00,COM7,BUY,12192,LIMIT,IOC,32.75,32.75,FILLED,,399288.0,626.88216,43.8817512,670.7639112,3048.0,,2023-09-12,2023,2023-09,0.25,76.33587786259541,670.7639111999999,3718.7639111999997,25-50,Q3,NORMAL_STRATEGY
C,2023-09-11 00:00:00,2023-09-12 00:00:00,MTC,BUY,9053,LIMIT,IOC,40.75,40.75,FILLED,,368909.75,579.1883075,40.543181525,619.731489025,2263.25,,2023-09-12,2023,2023-09,0.25,61.34969325153374,619.731489025,2882.981489025,25-50,Q3,NORMAL_STRATEGY
C,2023-09-14 00:00:00,2023-09-15 00:00:00,COM7,SELL,61625,LIMIT,IOC,31.0,31.0,FILLED,,1910375.0,2999.28875,209.9502125,3209.2389625,15406.25,,2023-09-15,2023,2023-09,0.25,80.64516129032258,3209.2389625,18615.4889625,25-50,Q4,NORMAL_STRATEGY
C,2023-09-14 00:00:00,2023-09-15 00:00:00,MTC,BUY,47328,LIMIT,IOC,41.0,41.0,FILLED,,1940448.0,3046.50336,213.2552352,3259.7585952,11832.0,,2023-09-15,2023,2023-09,0.25,60.97560975609756,3259.7585952,15091.7585952,25-50,Q4,NORMAL_STRATEGY
C,2023-09-19 00:00:00,2023-09-20 00:00:00,GLOBAL,SELL,97422,LIMIT,IOC,15.078570747375489,15.078570747375489,FILLED,,1468984.5193508149,2306.305695380779,161.44139867665453,2467.7470940574335,9742.2,,2023-09-20,2023,2023-09,0.1,66.31928295817133,2467.7470940574335,12209.947094057434,10-25,Q4,NORMAL_STRATEGY
C,2023-09-19 00:00:00,2023-09-20 00:00:00,MTC,SELL,96854,LIMIT,IOC,37.75,37.75,FILLED,,3656238.5,5740.294445,401.82061115,6142.11505615,24213.5,,2023-09-20,2023,2023-09,0.25,66.2251655629139,6142.115056150001,30355.61505615,25-50,Q4,NORMAL_STRATEGY
C,2023-09-19 00:00:00,2023-09-20 00:00:00,SCGP,SELL,33177,LIMIT,IOC,38.5,38.5,FILLED,,1277314.5,2005.383765,140.37686355,2145.76062855,8294.25,,2023-09-20,2023,2023-09,0.25,64.93506493506494,2145.76062855,10440.01062855,25-50,Q4,NORMAL_STRATEGY
C,2023-09-19 00:00:00,2023-09-20 00:00:00,COM7,BUY,117790,LIMIT,IOC,32.5,32.5,FILLED,,3828175.0,6010.23475,420.7164325,6430.9511825,29447.5,,2023-09-20,2023,2023-09,0.25,76.92307692307693,6430.9511825,35878.4511825,25-50,Q4,NORMAL_STRATEGY
C,2023-09-22 00:00:00,2023-09-25 00:00:00,COM7,SELL,41606,LIMIT,IOC,32.25,32.25,FILLED,,1341793.5,2106.615795,147.46310565,2254.07890065,10401.5,,2023-09-25,2023,2023-09,0.25,77.51937984496124,2254.07890065,12655.57890065,25-50,Q4,NORMAL_STRATEGY
C,2023-09-27 00:00:00,2023-09-28 00:00:00,COM7,SELL,76184,LIMIT,IOC,30.5,30.5,FILLED,,2323612.0,3648.07084,255.3649588,3903.4357988,19046.0,,2023-09-28,2023,2023-09,0.25,81.9672131147541,3903.4357987999997,22949.4357988,25-50,Q4,NORMAL_STRATEGY
C,2023-10-02 00:00:00,2023-10-03 00:00:00,TOP,BUY,150348,LIMIT,IOC,49.25,49.25,FILLED,,7404639.0,11625.28323,813.7698261,12439.0530561,37587.0,,2023-10-03,2023,2023-10,0.25,50.76142131979695,12439.0530561,50026.0530561,25-50,Q4,NORMAL_STRATEGY
C,2023-10-05 00:00:00,2023-10-06 00:00:00,TOP,SELL,150348,LIMIT,IOC,47.0,47.0,FILLED,,7066356.0,11094.17892,776.5925244,11870.7714444,37587.0,,2023-10-06,2023,2023-10,0.25,53.191489361702125,11870.771444400001,49457.7714444,25-50,Q4,NORMAL_STRATEGY
C,2023-10-10 00:00:00,2023-10-11 00:00:00,TOP,BUY,140853,LIMIT,IOC,50.0,50.0,FILLED,,7042650.0,11056.9605,773.987235,11830.947735,35213.25,,2023-10-11,2023,2023-10,0.25,50.0,11830.947735,47044.197735,25-50,Q4,NORMAL_STRATEGY
C,2023-10-16 00:00:00,2023-10-17 00:00:00,TOP,SELL,140853,LIMIT,IOC,49.75,49.75,FILLED,,7007436.75,11001.6756975,770.117298825,11771.792996325,35213.25,,2023-10-17,2023,2023-10,0.25,50.25125628140704,11771.792996325,46985.042996325,25-50,Q4,NORMAL_STRATEGY
C,2023-10-16 00:00:00,2023-10-17 00:00:00,BDMS,BUY,127833,LIMIT,IOC,27.5,27.5,FILLED,,3515407.5,5519.189775,386.34328425,5905.53305925,31958.25,,2023-10-17,2023,2023-10,0.25,90.9090909090909,5905.5330592499995,37863.783059249996,25-50,Q4,NORMAL_STRATEGY
C,2023-10-19 00:00:00,2023-10-20 00:00:00,BDMS,SELL,127833,LIMIT,IOC,26.75,26.75,FILLED,,3419532.75,5368.6664175,375.806649225,5744.473066725,31958.25,,2023-10-20,2023,2023-10,0.25,93.45794392523364,5744.473066725,37702.723066725,25-50,Q4,NORMAL_STRATEGY
C,2023-10-19 00:00:00,2023-10-20 00:00:00,KTB,BUY,177288,LIMIT,IOC,19.49999961853028,19.49999961853028,FILLED,,3457115.932369996,5427.672013820893,379.9370409674625,5807.609054788356,17728.8,,2023-10-20,2023,2023-10,0.09999999999999999,51.282052285258985,5807.609054788356,23536.409054788353,10-25,Q4,NORMAL_STRATEGY
C,2023-10-25 00:00:00,2023-10-26 00:00:00,KTB,SELL,2039,LIMIT,IOC,19.10000076293945,19.10000076293945,FILLED,,38944.901555633536,61.143495442344665,4.280044680964127,65.4235401233088,203.9,,2023-10-26,2023,2023-10,0.1,52.35601885107476,65.4235401233088,269.3235401233088,10-25,Q1,NORMAL_STRATEGY
C,2023-10-25 00:00:00,2023-10-26 00:00:00,RATCH,BUY,102494,LIMIT,IOC,33.0,33.0,FILLED,,3382302.0,5310.21414,371.7149898,5681.9291298,25623.5,,2023-10-26,2023,2023-10,0.25,75.75757575757576,5681.9291298,31305.4291298,25-50,Q4,NORMAL_STRATEGY
C,2023-10-30 00:00:00,2023-10-31 00:00:00,KTB,SELL,175249,LIMIT,IOC,18.9,18.9,FILLED,,3312206.1,5200.163577,364.01145039,5564.17502739,17524.9,,2023-10-31,2023,2023-10,0.1,52.91005291005292,5564.175027390001,23089.07502739,10-25,Q4,NORMAL_STRATEGY
C,2023-10-30 00:00:00,2023-10-31 00:00:00,RATCH,SELL,34135,LIMIT,IOC,32.0,32.0,FILLED,,1092320.0,1714.9424,120.045968,1834.988368,8533.75,,2023-10-31,2023,2023-10,0.25,78.125,1834.9883679999998,10368.738368,25-50,Q4,NORMAL_STRATEGY
C,2023-10-30 00:00:00,2023-10-31 00:00:00,PTTGC,BUY,63026,LIMIT,IOC,35.25,35.25,FILLED,,2221666.5,3488.016405,244.16114835,3732.17755335,15756.5,,2023-10-31,2023,2023-10,0.25,70.92198581560284,3732.17755335,19488.67755335,25-50,Q4,NORMAL_STRATEGY
C,2023-11-02 00:00:00,2023-11-03 00:00:00,RATCH,BUY,585,LIMIT,IOC,33.0,33.0,FILLED,,19305.0,30.30885,2.1216195,32.4304695,146.25,,2023-11-03,2023,2023-11,0.25,75.75757575757576,32.4304695,178.68046950000002,25-50,Q1,NORMAL_STRATEGY
C,2023-11-07 00:00:00,2023-11-08 00:00:00,RATCH,SELL,34188,LIMIT,IOC,31.75,31.75,FILLED,,1085469.0,1704.18633,119.2930431,1823.4793731,8547.0,,2023-11-08,2023,2023-11,0.25,78.74015748031496,1823.4793731,10370.479373099999,25-50,Q4,NORMAL_STRATEGY
C,2023-11-07 00:00:00,2023-11-08 00:00:00,PTTGC,SELL,32935,LIMIT,IOC,36.75,36.75,FILLED,,1210361.25,1900.2671625,133.018701375,2033.285863875,8233.75,,2023-11-08,2023,2023-11,0.25,68.02721088435374,2033.2858638750001,10267.035863875,25-50,Q4,NORMAL_STRATEGY
C,2023-11-07 00:00:00,2023-11-08 00:00:00,CENTEL,BUY,24235,LIMIT,IOC,46.25,46.25,FILLED,,1120868.75,1759.7639375,123.183475625,1882.947413125,6058.75,,2023-11-08,2023,2023-11,0.25,54.054054054054056,1882.9474131250001,7941.697413125,25-50,Q4,NORMAL_STRATEGY
C,2023-11-07 00:00:00,2023-11-08 00:00:00,GLOBAL,BUY,76029,LIMIT,IOC,14.74285659790039,14.74285659790039,FILLED,,1120884.6442817687,1759.7888915223768,123.18522240656638,1882.9741139289436,7602.9,,2023-11-08,2023,2023-11,0.09999999999999999,67.82945987159744,1882.9741139289433,9485.874113928943,10-25,Q4,NORMAL_STRATEGY
C,2023-11-07 00:00:00,2023-11-08 00:00:00,IVL,BUY,43529,LIMIT,IOC,25.75,25.75,FILLED,,1120871.75,1759.7686475,123.183805325,1882.952452825,10882.25,,2023-11-08,2023,2023-11,0.25,97.08737864077669,1882.9524528250001,12765.202452825,25-50,Q4,NORMAL_STRATEGY
C,2023-11-07 00:00:00,2023-11-08 00:00:00,MTC,BUY,27676,LIMIT,IOC,40.5,40.5,FILLED,,1120878.0,1759.77846,123.1844922,1882.9629522,6919.0,,2023-11-08,2023,2023-11,0.25,61.72839506172839,1882.9629522,8801.9629522,25-50,Q4,NORMAL_STRATEGY
C,2023-11-10 00:00:00,2023-11-13 00:00:00,CENTEL,SELL,24235,LIMIT,IOC,44.5,44.5,FILLED,,1078457.5,1693.178275,118.52247925,1811.70075425,6058.75,,2023-11-13,2023,2023-11,0.25,56.17977528089887,1811.70075425,7870.45075425,25-50,Q4,NORMAL_STRATEGY
C,2023-11-10 00:00:00,2023-11-13 00:00:00,IVL,SELL,43529,LIMIT,IOC,24.75,24.75,FILLED,,1077342.75,1691.4281175,118.399968225,1809.828085725,10882.25,,2023-11-13,2023,2023-11,0.25,101.01010101010102,1809.8280857250002,12692.078085725,10-25,Q4,NORMAL_STRATEGY
C,2023-11-10 00:00:00,2023-11-13 00:00:00,MTC,BUY,12289,LIMIT,IOC,42.0,42.0,FILLED,,516138.0,810.33666,56.7235662,867.0602262,3072.25,,2023-11-13,2023,2023-11,0.25,59.52380952380952,867.0602262000001,3939.3102262,25-50,Q3,NORMAL_STRATEGY
C,2023-11-10 00:00:00,2023-11-13 00:00:00,PTTGC,BUY,16214,LIMIT,IOC,36.25,36.25,FILLED,,587757.5,922.779275,64.59454925,987.37382425,4053.5,,2023-11-13,2023,2023-11,0.25,68.9655172413793,987.37382425,5040.87382425,25-50,Q3,NORMAL_STRATEGY
C,2023-11-15 00:00:00,2023-11-16 00:00:00,PTTGC,SELL,10457,LIMIT,IOC,37.75,37.75,FILLED,,394751.75,619.7602475,43.383217325,663.143464825,2614.25,,2023-11-16,2023,2023-11,0.25,66.2251655629139,663.143464825,3277.393464825,25-50,Q3,NORMAL_STRATEGY
C,2023-11-15 00:00:00,2023-11-16 00:00:00,MTC,SELL,8262,LIMIT,IOC,42.75,42.75,FILLED,,353200.5,554.524785,38.81673495,593.34151995,2065.5,,2023-11-16,2023,2023-11,0.25,58.47953216374269,593.3415199499999,2658.84151995,25-50,Q3,NORMAL_STRATEGY
C,2023-11-15 00:00:00,2023-11-16 00:00:00,SCGP,BUY,36323,LIMIT,IOC,37.75,37.75,FILLED,,1371193.25,2152.7734025,150.694138175,2303.467540675,9080.75,,2023-11-16,2023,2023-11,0.25,66.2251655629139,2303.467540675,11384.217540675,25-50,Q4,NORMAL_STRATEGY
C,2023-11-20 00:00:00,2023-11-21 00:00:00,RATCH,SELL,13660,LIMIT,IOC,32.5,32.5,FILLED,,443950.0,697.0015,48.790105,745.791605,3415.0,,2023-11-21,2023,2023-11,0.25,76.92307692307693,745.791605,4160.791605,25-50,Q3,NORMAL_STRATEGY
C,2023-11-20 00:00:00,2023-11-21 00:00:00,PTTGC,SELL,17882,LIMIT,IOC,38.25,38.25,FILLED,,683986.5,1073.858805,75.17011635,1149.02892135,4470.5,,2023-11-21,2023,2023-11,0.25,65.359477124183,1149.02892135,5619.52892135,25-50,Q3,NORMAL_STRATEGY
C,2023-11-20 00:00:00,2023-11-21 00:00:00,MTC,SELL,16059,LIMIT,IOC,44.0,44.0,FILLED,,706596.0,1109.35572,77.6549004,1187.0106204,4014.75,,2023-11-21,2023,2023-11,0.25,56.81818181818182,1187.0106204,5201.7606204,25-50,Q3,NORMAL_STRATEGY
C,2023-11-20 00:00:00,2023-11-21 00:00:00,SCGP,SELL,18240,LIMIT,IOC,38.0,38.0,FILLED,,693120.0,1088.1984,76.173888,1164.372288,4560.0,,2023-11-21,2023,2023-11,0.25,65.78947368421052,1164.372288,5724.3722880000005,25-50,Q3,NORMAL_STRATEGY
C,2023-11-20 00:00:00,2023-11-21 00:00:00,BGRIM,BUY,25548,LIMIT,IOC,27.25,27.25,FILLED,,696183.0,1093.00731,76.5105117,1169.5178217,6387.0,,2023-11-21,2023,2023-11,0.25,91.74311926605505,1169.5178217,7556.5178217,25-50,Q3,NORMAL_STRATEGY
C,2023-11-20 00:00:00,2023-11-21 00:00:00,IVL,BUY,26026,LIMIT,IOC,26.75,26.75,FILLED,,696195.5,1093.026935,76.51188545,1169.53882045,6506.5,,2023-11-21,2023,2023-11,0.25,93.45794392523364,1169.53882045,7676.03882045,25-50,Q3,NORMAL_STRATEGY
C,2023-11-23 00:00:00,2023-11-24 00:00:00,GLOBAL,SELL,28573,LIMIT,IOC,15.614284896850586,15.614284896850586,FILLED,,446146.96235771175,700.4507309016075,49.031551163112525,749.48228206472,2857.3,,2023-11-24,2023,2023-11,0.1,64.04391918080738,749.48228206472,3606.78228206472,10-25,Q3,NORMAL_STRATEGY
C,2023-11-23 00:00:00,2023-11-24 00:00:00,BGRIM,BUY,3597,LIMIT,IOC,25.75,25.75,FILLED,,92622.75,145.4177175,10.179240225,155.596957725,899.25,,2023-11-24,2023,2023-11,0.25,97.08737864077669,155.596957725,1054.846957725,25-50,Q2,NORMAL_STRATEGY
C,2023-11-23 00:00:00,2023-11-24 00:00:00,LH,BUY,96217,LIMIT,IOC,7.8,7.8,FILLED,,750492.6,1178.273382,82.47913674,1260.75251874,4810.85,,2023-11-24,2023,2023-11,0.05,64.1025641025641,1260.7525187400001,6071.602518740001,5-10,Q4,NORMAL_STRATEGY
C,2023-11-23 00:00:00,2023-11-24 00:00:00,MTC,BUY,1221,LIMIT,IOC,44.5,44.5,FILLED,,54334.5,85.305165,5.97136155,91.27652655,305.25,,2023-11-24,2023,2023-11,0.25,56.17977528089887,91.27652655,396.52652654999997,25-50,Q2,NORMAL_STRATEGY
C,2023-11-23 00:00:00,2023-11-24 00:00:00,SCGP,BUY,1537,LIMIT,IOC,38.25,38.25,FILLED,,58790.25,92.3006925,6.461048475,98.761740975,384.25,,2023-11-24,2023,2023-11,0.25,65.359477124183,98.761740975,483.011740975,25-50,Q2,NORMAL_STRATEGY
C,2023-11-23 00:00:00,2023-11-24 00:00:00,TOP,BUY,14432,LIMIT,IOC,52.0,52.0,FILLED,,750464.0,1178.22848,82.4759936,1260.7044736,3608.0,,2023-11-24,2023,2023-11,0.25,48.07692307692308,1260.7044736,4868.7044736,50-100,Q4,NORMAL_STRATEGY
C,2023-11-28 00:00:00,2023-11-29 00:00:00,PTTGC,SELL,303,LIMIT,IOC,38.5,38.5,FILLED,,11665.5,18.314835,1.28203845,19.59687345,75.75,,2023-11-29,2023,2023-11,0.25,64.93506493506494,19.596873449999997,95.34687345,25-50,Q1,NORMAL_STRATEGY
C,2023-11-28 00:00:00,2023-11-29 00:00:00,GLOBAL,SELL,4382,LIMIT,IOC,15.79285659790039,15.79285659790039,FILLED,,69204.29761199951,108.65074725083922,7.605552307558746,116.25629955839796,438.2,,2023-11-29,2023,2023-11,0.09999999999999999,63.319766997247775,116.25629955839796,554.456299558398,10-25,Q2,NORMAL_STRATEGY
C,2023-11-28 00:00:00,2023-11-29 00:00:00,BGRIM,SELL,2650,LIMIT,IOC,25.5,25.5,FILLED,,67575.0,106.09275,7.4264925,113.5192425,662.5,,2023-11-29,2023,2023-11,0.25,98.0392156862745,113.51924249999999,776.0192425,25-50,Q2,NORMAL_STRATEGY
C,2023-11-28 00:00:00,2023-11-29 00:00:00,TOP,SELL,1248,LIMIT,IOC,51.75,51.75,FILLED,,64584.0,101.39688,7.0977816,108.4946616,312.0,,2023-11-29,2023,2023-11,0.25,48.30917874396135,108.4946616,420.4946616,50-100,Q2,NORMAL_STRATEGY
C,2023-11-28 00:00:00,2023-11-29 00:00:00,IVL,BUY,989,LIMIT,IOC,25.5,25.5,FILLED,,25219.5,39.594615,2.77162305,42.36623805,247.25,,2023-11-29,2023,2023-11,0.25,98.0392156862745,42.36623805,289.61623805,25-50,Q1,NORMAL_STRATEGY
C,2023-12-01 00:00:00,2023-12-04 00:00:00,RATCH,SELL,21096,LIMIT,IOC,31.0,31.0,FILLED,,653976.0,1026.74232,71.8719624,1098.6142824,5274.0,,2023-12-04,2023,2023-12,0.25,80.64516129032258,1098.6142824,6372.6142824,25-50,Q3,NORMAL_STRATEGY
C,2023-12-01 00:00:00,2023-12-04 00:00:00,GLOBAL,SELL,43074,LIMIT,IOC,14.989284896850586,14.989284896850586,FILLED,,645648.4576469421,1013.6680785056992,70.95676549539894,1084.624844001098,4307.4,,2023-12-04,2023,2023-12,0.09999999999999999,66.7143233904448,1084.6248440010982,5392.024844001098,10-25,Q3,NORMAL_STRATEGY
C,2023-12-01 00:00:00,2023-12-04 00:00:00,BGRIM,BUY,16707,LIMIT,IOC,26.0,26.0,FILLED,,434382.0,681.97974,47.7385818,729.7183218,4176.75,,2023-12-04,2023,2023-12,0.25,96.15384615384616,729.7183218,4906.4683218,25-50,Q3,NORMAL_STRATEGY
C,2023-12-01 00:00:00,2023-12-04 00:00:00,LH,BUY,50615,LIMIT,IOC,7.649999904632568,7.649999904632568,FILLED,,387204.74517297745,607.9114499215746,42.55380149451022,650.4652514160848,2530.75,,2023-12-04,2023,2023-12,0.05,65.35947793897589,650.4652514160848,3181.215251416085,5-10,Q3,NORMAL_STRATEGY
C,2023-12-01 00:00:00,2023-12-04 00:00:00,MTC,BUY,8376,LIMIT,IOC,44.5,44.5,FILLED,,372732.0,585.18924,40.9632468,626.1524868,2094.0,,2023-12-04,2023,2023-12,0.25,56.17977528089887,626.1524868,2720.1524868,25-50,Q3,NORMAL_STRATEGY
C,2023-12-01 00:00:00,2023-12-04 00:00:00,PTTGC,BUY,11324,LIMIT,IOC,38.75,38.75,FILLED,,438805.0,688.92385,48.2246695,737.1485195,2831.0,,2023-12-04,2023,2023-12,0.25,64.51612903225806,737.1485195,3568.1485195,25-50,Q3,NORMAL_STRATEGY
C,2023-12-07 00:00:00,2023-12-08 00:00:00,PTTGC,SELL,4395,LIMIT,IOC,38.75,38.75,FILLED,,170306.25,267.3808125,18.716656875,286.097469375,1098.75,,2023-12-08,2023,2023-12,0.25,64.51612903225806,286.097469375,1384.847469375,25-50,Q2,NORMAL_STRATEGY
C,2023-12-07 00:00:00,2023-12-08 00:00:00,MTC,SELL,3428,LIMIT,IOC,43.75,43.75,FILLED,,149975.0,235.46075,16.4822525,251.9430025,857.0,,2023-12-08,2023,2023-12,0.25,57.142857142857146,251.94300249999998,1108.9430025,25-50,Q2,NORMAL_STRATEGY
C,2023-12-07 00:00:00,2023-12-08 00:00:00,BGRIM,SELL,7452,LIMIT,IOC,26.5,26.5,FILLED,,197478.0,310.04046,21.7028322,331.7432922,1863.0,,2023-12-08,2023,2023-12,0.25,94.33962264150944,331.7432922,2194.7432922,25-50,Q2,NORMAL_STRATEGY
C,2023-12-07 00:00:00,2023-12-08 00:00:00,IVL,BUY,10470,LIMIT,IOC,25.75,25.75,FILLED,,269602.5,423.275925,29.62931475,452.90523975,2617.5,,2023-12-08,2023,2023-12,0.25,97.08737864077669,452.90523974999996,3070.40523975,25-50,Q2,NORMAL_STRATEGY
C,2023-12-07 00:00:00,2023-12-08 00:00:00,TOP,BUY,5930,LIMIT,IOC,50.5,50.5,FILLED,,299465.0,470.16005,32.9112035,503.0712535,1482.5,,2023-12-08,2023,2023-12,0.25,49.504950495049506,503.0712535,1985.5712535,50-100,Q3,NORMAL_STRATEGY
C,2023-12-13 00:00:00,2023-12-14 00:00:00,PTTGC,SELL,24592,LIMIT,IOC,37.5,37.5,FILLED,,922200.0,1447.854,101.34978,1549.20378,6148.0,,2023-12-14,2023,2023-12,0.25,66.66666666666667,1549.20378,7697.20378,25-50,Q4,NORMAL_STRATEGY
C,2023-12-13 00:00:00,2023-12-14 00:00:00,MTC,SELL,21813,LIMIT,IOC,43.75,43.75,FILLED,,954318.75,1498.2804375,104.879630625,1603.160068125,5453.25,,2023-12-14,2023,2023-12,0.25,57.142857142857146,1603.1600681250002,7056.410068125,25-50,Q4,NORMAL_STRATEGY
C,2023-12-13 00:00:00,2023-12-14 00:00:00,SCGP,SELL,19620,LIMIT,IOC,36.5,36.5,FILLED,,716130.0,1124.3241,78.702687,1203.026787,4905.0,,2023-12-14,2023,2023-12,0.25,68.4931506849315,1203.026787,6108.026787,25-50,Q3,NORMAL_STRATEGY
C,2023-12-13 00:00:00,2023-12-14 00:00:00,BGRIM,SELL,35750,LIMIT,IOC,25.75,25.75,FILLED,,920562.5,1445.283125,101.16981875,1546.45294375,8937.5,,2023-12-14,2023,2023-12,0.25,97.08737864077669,1546.45294375,10483.95294375,25-50,Q4,NORMAL_STRATEGY
C,2023-12-13 00:00:00,2023-12-14 00:00:00,IVL,SELL,37485,LIMIT,IOC,24.4,24.4,FILLED,,914634.0,1435.97538,100.5182766,1536.4936566,3748.5,,2023-12-14,2023,2023-12,0.1,40.98360655737705,1536.4936566000001,5284.9936566,10-25,Q4,NORMAL_STRATEGY
C,2023-12-18 00:00:00,2023-12-19 00:00:00,LH,SELL,24725,LIMIT,IOC,7.7,7.7,FILLED,,190382.5,298.900525,20.92303675,319.82356175,1236.25,,2023-12-19,2023,2023-12,0.05,64.93506493506494,319.82356175,1556.07356175,5-10,Q2,NORMAL_STRATEGY
C,2023-12-18 00:00:00,2023-12-19 00:00:00,TOP,SELL,1228,LIMIT,IOC,52.75,52.75,FILLED,,64777.0,101.69989,7.1189923,108.8188823,307.0,,2023-12-19,2023,2023-12,0.25,47.39336492890995,108.8188823,415.8188823,50-100,Q2,NORMAL_STRATEGY
C,2023-12-18 00:00:00,2023-12-19 00:00:00,BGRIM,BUY,34322,LIMIT,IOC,27.75,27.75,FILLED,,952435.5,1495.323735,104.67266145,1599.99639645,8580.5,,2023-12-19,2023,2023-12,0.25,90.09009009009009,1599.99639645,10180.49639645,25-50,Q4,NORMAL_STRATEGY
C,2023-12-18 00:00:00,2023-12-19 00:00:00,CENTEL,BUY,21895,LIMIT,IOC,43.5,43.5,FILLED,,952432.5,1495.319025,104.67233175,1599.99135675,5473.75,,2023-12-19,2023,2023-12,0.25,57.47126436781609,1599.99135675,7073.74135675,25-50,Q4,NORMAL_STRATEGY
C,2023-12-18 00:00:00,2023-12-19 00:00:00,PTTGC,BUY,24112,LIMIT,IOC,39.5,39.5,FILLED,,952424.0,1495.30568,104.6713976,1599.9770776,6028.0,,2023-12-19,2023,2023-12,0.25,63.291139240506325,1599.9770776,7627.9770776000005,25-50,Q4,NORMAL_STRATEGY
C,2023-12-21 00:00:00,2023-12-22 00:00:00,CENTEL,SELL,21895,LIMIT,IOC,43.5,43.5,FILLED,,952432.5,1495.319025,104.67233175,1599.99135675,5473.75,,2023-12-22,2023,2023-12,0.25,57.47126436781609,1599.99135675,7073.74135675,25-50,Q4,NORMAL_STRATEGY
C,2023-12-21 00:00:00,2023-12-22 00:00:00,IVL,BUY,48326,LIMIT,IOC,27.5,27.5,FILLED,,1328965.0,2086.47505,146.0532535,2232.5283035,12081.5,,2023-12-22,2023,2023-12,0.25,90.9090909090909,2232.5283035,14314.0283035,25-50,Q4,NORMAL_STRATEGY
C,2023-12-26 00:00:00,2023-12-27 00:00:00,LH,SELL,19069,LIMIT,IOC,7.95,7.95,FILLED,,151598.55,238.0097235,16.660680645,254.670404145,953.45,,2023-12-27,2023,2023-12,0.05,62.8930817610063,254.67040414500002,1208.120404145,5-10,Q2,NORMAL_STRATEGY
C,2023-12-26 00:00:00,2023-12-27 00:00:00,TOP,SELL,2526,LIMIT,IOC,53.5,53.5,FILLED,,135141.0,212.17137,14.8519959,227.0233659,631.5,,2023-12-27,2023,2023-12,0.25,46.72897196261682,227.0233659,858.5233659,50-100,Q2,NORMAL_STRATEGY
C,2023-12-26 00:00:00,2023-12-27 00:00:00,BGRIM,SELL,4699,LIMIT,IOC,27.5,27.5,FILLED,,129222.5,202.879325,14.20155275,217.08087775,1174.75,,2023-12-27,2023,2023-12,0.25,90.9090909090909,217.08087774999998,1391.83087775,25-50,Q2,NORMAL_STRATEGY
C,2023-12-26 00:00:00,2023-12-27 00:00:00,PTTGC,SELL,24112,LIMIT,IOC,38.25,38.25,FILLED,,922284.0,1447.98588,101.3590116,1549.3448916,6028.0,,2023-12-27,2023,2023-12,0.25,65.359477124183,1549.3448916,7577.3448916,25-50,Q4,NORMAL_STRATEGY
C,2023-12-26 00:00:00,2023-12-27 00:00:00,IVL,SELL,17888,LIMIT,IOC,26.75,26.75,FILLED,,478504.0,751.25128,52.5875896,803.8388696,4472.0,,2023-12-27,2023,2023-12,0.25,93.45794392523364,803.8388696,5275.8388696,25-50,Q3,NORMAL_STRATEGY
C,2023-12-26 00:00:00,2023-12-27 00:00:00,BDMS,BUY,29890,LIMIT,IOC,27.75,27.75,FILLED,,829447.5,1302.232575,91.15628025,1393.38885525,7472.5,,2023-12-27,2023,2023-12,0.25,90.09009009009009,1393.38885525,8865.88885525,25-50,Q4,NORMAL_STRATEGY
C,2023-12-26 00:00:00,2023-12-27 00:00:00,CENTEL,BUY,18851,LIMIT,IOC,44.0,44.0,FILLED,,829444.0,1302.22708,91.1558956,1393.3829756,4712.75,,2023-12-27,2023,2023-12,0.25,56.81818181818182,1393.3829755999998,6106.1329756,25-50,Q4,NORMAL_STRATEGY
C,2023-12-26 00:00:00,2023-12-27 00:00:00,COM7,BUY,34705,LIMIT,IOC,23.89999923706055,23.89999923706055,FILLED,,829449.4735221863,1302.2356734298323,91.15649714008829,1393.3921705699208,3470.5,,2023-12-27,2023,2023-12,0.1,41.8410055197554,1393.3921705699206,4863.89217056992,10-25,Q4,NORMAL_STRATEGY
C,2023-12-26 00:00:00,2023-12-27 00:00:00,MTC,BUY,18229,LIMIT,IOC,45.5,45.5,FILLED,,829419.5,1302.188615,91.15320305,1393.34181805,4557.25,,2023-12-27,2023,2023-12,0.25,54.94505494505495,1393.34181805,5950.59181805,25-50,Q4,NORMAL_STRATEGY
C,2024-01-03 00:00:00,2024-01-04 00:00:00,LH,SELL,11018,LIMIT,IOC,8.099999618530273,8.099999618530273,FILLED,,89245.79579696654,140.11589940123747,9.808112958086625,149.9240123593241,550.9,,2024-01-04,2024,2024-01,0.049999999999999996,61.72839796882903,149.92401235932408,700.8240123593241,5-10,Q2,NORMAL_STRATEGY
C,2024-01-03 00:00:00,2024-01-04 00:00:00,TOP,SELL,1190,LIMIT,IOC,52.75,52.75,FILLED,,62772.5,98.552825,6.89869775,105.45152275,297.5,,2024-01-04,2024,2024-01,0.25,47.39336492890995,105.45152275,402.95152275,50-100,Q2,NORMAL_STRATEGY
C,2024-01-03 00:00:00,2024-01-04 00:00:00,BGRIM,SELL,2675,LIMIT,IOC,27.5,27.5,FILLED,,73562.5,115.493125,8.08451875,123.57764375,668.75,,2024-01-04,2024,2024-01,0.25,90.9090909090909,123.57764375000001,792.32764375,25-50,Q2,NORMAL_STRATEGY
C,2024-01-03 00:00:00,2024-01-04 00:00:00,IVL,SELL,3490,LIMIT,IOC,27.5,27.5,FILLED,,95975.0,150.68075,10.5476525,161.2284025,872.5,,2024-01-04,2024,2024-01,0.25,90.9090909090909,161.2284025,1033.7284025,25-50,Q2,NORMAL_STRATEGY
C,2024-01-03 00:00:00,2024-01-04 00:00:00,BDMS,SELL,2699,LIMIT,IOC,27.25,27.25,FILLED,,73547.75,115.4699675,8.082897725,123.552865225,674.75,,2024-01-04,2024,2024-01,0.25,91.74311926605505,123.55286522499999,798.302865225,25-50,Q2,NORMAL_STRATEGY
C,2024-01-03 00:00:00,2024-01-04 00:00:00,CENTEL,SELL,2176,LIMIT,IOC,44.75,44.75,FILLED,,97376.0,152.88032,10.7016224,163.5819424,544.0,,2024-01-04,2024,2024-01,0.25,55.865921787709496,163.5819424,707.5819424,25-50,Q2,NORMAL_STRATEGY
C,2024-01-03 00:00:00,2024-01-04 00:00:00,COM7,SELL,5402,LIMIT,IOC,25.25,25.25,FILLED,,136400.5,214.148785,14.99041495,229.13919995,1350.5,,2024-01-04,2024,2024-01,0.25,99.00990099009901,229.13919995,1579.63919995,25-50,Q2,NORMAL_STRATEGY
C,2024-01-03 00:00:00,2024-01-04 00:00:00,MTC,SELL,1736,LIMIT,IOC,45.25,45.25,FILLED,,78554.0,123.32978,8.6330846,131.9628646,434.0,,2024-01-04,2024,2024-01,0.25,55.248618784530386,131.9628646,565.9628646,25-50,Q2,NORMAL_STRATEGY
C,2024-01-08 00:00:00,2024-01-09 00:00:00,LH,SELL,10993,LIMIT,IOC,8.000000190734863,8.000000190734863,FILLED,,87944.00209674836,138.0720832918949,9.665045830432643,147.73712912232756,549.65,,2024-01-09,2024,2024-01,0.049999999999999996,62.49999850988391,147.73712912232753,697.3871291223275,5-10,Q2,NORMAL_STRATEGY
C,2024-01-08 00:00:00,2024-01-09 00:00:00,TOP,SELL,14170,LIMIT,IOC,52.25,52.25,FILLED,,740382.5,1162.400525,81.36803675,1243.76856175,3542.5,,2024-01-09,2024,2024-01,0.25,47.846889952153106,1243.7685617500001,4786.26856175,50-100,Q4,NORMAL_STRATEGY
C,2024-01-08 00:00:00,2024-01-09 00:00:00,BGRIM,SELL,26948,LIMIT,IOC,26.5,26.5,FILLED,,714122.0,1121.17154,78.4820078,1199.6535478,6737.0,,2024-01-09,2024,2024-01,0.25,94.33962264150944,1199.6535478,7936.6535478000005,25-50,Q3,NORMAL_STRATEGY
C,2024-01-08 00:00:00,2024-01-09 00:00:00,IVL,SELL,2640,LIMIT,IOC,26.5,26.5,FILLED,,69960.0,109.8372,7.688604,117.525804,660.0,,2024-01-09,2024,2024-01,0.25,94.33962264150944,117.525804,777.525804,25-50,Q2,NORMAL_STRATEGY
C,2024-01-08 00:00:00,2024-01-09 00:00:00,BDMS,SELL,3751,LIMIT,IOC,27.5,27.5,FILLED,,103152.5,161.949425,11.33645975,173.28588475,937.75,,2024-01-09,2024,2024-01,0.25,90.9090909090909,173.28588474999998,1111.03588475,25-50,Q2,NORMAL_STRATEGY
C,2024-01-08 00:00:00,2024-01-09 00:00:00,CENTEL,SELL,2408,LIMIT,IOC,45.5,45.5,FILLED,,109564.0,172.01548,12.0410836,184.0565636,602.0,,2024-01-09,2024,2024-01,0.25,54.94505494505495,184.0565636,786.0565636,25-50,Q2,NORMAL_STRATEGY
C,2024-01-08 00:00:00,2024-01-09 00:00:00,COM7,SELL,3815,LIMIT,IOC,25.25,25.25,FILLED,,96328.75,151.2361375,10.586529625,161.822667125,953.75,,2024-01-09,2024,2024-01,0.25,99.00990099009901,161.822667125,1115.572667125,25-50,Q2,NORMAL_STRATEGY
C,2024-01-08 00:00:00,2024-01-09 00:00:00,MTC,SELL,2069,LIMIT,IOC,45.0,45.0,FILLED,,93105.0,146.17485,10.2322395,156.4070895,517.25,,2024-01-09,2024,2024-01,0.25,55.55555555555556,156.40708949999998,673.6570895,25-50,Q2,NORMAL_STRATEGY
C,2024-01-08 00:00:00,2024-01-09 00:00:00,KTB,BUY,34726,LIMIT,IOC,18.89999923706055,18.89999923706055,FILLED,,656321.3735061645,1030.4245564046785,72.1297189483275,1102.5542753530058,3472.6,,2024-01-09,2024,2024-01,0.09999999999999999,52.91005504588193,1102.554275353006,4575.154275353006,10-25,Q3,NORMAL_STRATEGY
C,2024-01-08 00:00:00,2024-01-09 00:00:00,OSP,BUY,28786,LIMIT,IOC,22.80000076293945,22.80000076293945,FILLED,,656320.8219619751,1030.4236904803008,72.12965833362105,1102.553348813922,2878.6,,2024-01-09,2024,2024-01,0.09999999999999999,43.85964765516423,1102.553348813922,3981.153348813922,10-25,Q3,NORMAL_STRATEGY
C,2024-01-11 00:00:00,2024-01-12 00:00:00,IVL,SELL,24308,LIMIT,IOC,25.75,25.75,FILLED,,625931.0,982.71167,68.7898169,1051.5014869,6077.0,,2024-01-12,2024,2024-01,0.25,97.08737864077669,1051.5014869000001,7128.501486900001,25-50,Q3,NORMAL_STRATEGY
C,2024-01-11 00:00:00,2024-01-12 00:00:00,CENTEL,SELL,14267,LIMIT,IOC,42.75,42.75,FILLED,,609914.25,957.5653725,67.029576075,1024.594948575,3566.75,,2024-01-12,2024,2024-01,0.25,58.47953216374269,1024.594948575,4591.344948575,25-50,Q3,NORMAL_STRATEGY
C,2024-01-11 00:00:00,2024-01-12 00:00:00,COM7,SELL,25488,LIMIT,IOC,23.00000038146973,23.00000038146973,FILLED,,586224.0097229003,920.3716952649536,64.42601866854675,984.7977139335005,2548.8,,2024-01-12,2024,2024-01,0.1,43.478260148450445,984.7977139335003,3533.5977139335005,10-25,Q3,NORMAL_STRATEGY
C,2024-01-11 00:00:00,2024-01-12 00:00:00,BDMS,BUY,23021,LIMIT,IOC,28.0,28.0,FILLED,,644588.0,1012.00316,70.8402212,1082.8433812,5755.25,,2024-01-12,2024,2024-01,0.25,89.28571428571428,1082.8433812,6838.0933812,25-50,Q3,NORMAL_STRATEGY
C,2024-01-11 00:00:00,2024-01-12 00:00:00,MTC,BUY,13704,LIMIT,IOC,46.25,46.25,FILLED,,633810.0,995.0817,69.655719,1064.737419,3426.0,,2024-01-12,2024,2024-01,0.25,54.054054054054056,1064.737419,4490.737419,25-50,Q3,NORMAL_STRATEGY
C,2024-01-11 00:00:00,2024-01-12 00:00:00,OSP,BUY,30889,LIMIT,IOC,21.80000076293945,21.80000076293945,FILLED,,673380.2235664368,1057.2069509993055,74.0044865699514,1131.2114375692572,3088.9,,2024-01-12,2024,2024-01,0.1,45.871558027650394,1131.211437569257,4220.111437569257,10-25,Q3,NORMAL_STRATEGY
C,2024-01-16 00:00:00,2024-01-17 00:00:00,LH,SELL,81027,LIMIT,IOC,7.850000095367432,7.850000095367432,FILLED,,636061.9577273369,998.6172736319187,69.90320915423433,1068.5204827861533,4051.35,,2024-01-17,2024,2024-01,0.049999999999999996,63.69426674211992,1068.520482786153,5119.870482786153,5-10,Q3,NORMAL_STRATEGY
C,2024-01-16 00:00:00,2024-01-17 00:00:00,MTC,SELL,28128,LIMIT,IOC,42.75,42.75,FILLED,,1202472.0,1887.88104,132.1516728,2020.0327128,7032.0,,2024-01-17,2024,2024-01,0.25,58.47953216374269,2020.0327128,9052.032712799999,25-50,Q4,NORMAL_STRATEGY
C,2024-01-16 00:00:00,2024-01-17 00:00:00,KTB,SELL,34726,LIMIT,IOC,18.19999923706055,18.19999923706055,FILLED,,632013.1735061646,992.2606824046784,69.45824776832748,1061.718930173006,3472.6,,2024-01-17,2024,2024-01,0.09999999999999999,54.94505724833802,1061.718930173006,4534.318930173005,10-25,Q3,NORMAL_STRATEGY
C,2024-01-16 00:00:00,2024-01-17 00:00:00,OSP,BUY,84192,LIMIT,IOC,21.89999923706055,21.89999923706055,FILLED,,1843804.7357666013,2894.7734351535646,202.6341404607495,3097.4075756143134,8419.2,,2024-01-17,2024,2024-01,0.1,45.662102047370745,3097.4075756143143,11516.607575614315,10-25,Q4,NORMAL_STRATEGY
C,2024-01-19 00:00:00,2024-01-22 00:00:00,BDMS,SELL,46461,LIMIT,IOC,27.0,27.0,FILLED,,1254447.0,1969.48179,137.8637253,2107.3455153,11615.25,,2024-01-22,2024,2024-01,0.25,92.59259259259258,2107.3455153,13722.5955153,25-50,Q4,NORMAL_STRATEGY
C,2024-01-19 00:00:00,2024-01-22 00:00:00,OSP,SELL,143867,LIMIT,IOC,21.60000076293945,21.60000076293945,FILLED,,3107527.3097618106,4878.817876326041,341.51725134282293,5220.3351276688645,14386.7,,2024-01-22,2024,2024-01,0.1,46.29629466105232,5220.3351276688645,19607.035127668867,10-25,Q4,NORMAL_STRATEGY
C,2024-01-24 00:00:00,2024-01-25 00:00:00,BDMS,BUY,223665,LIMIT,IOC,28.0,28.0,FILLED,,6262620.0,9832.3134,688.261938,10520.575338,55916.25,,2024-01-25,2024,2024-01,0.25,89.28571428571428,10520.575337999999,66436.825338,25-50,Q4,NORMAL_STRATEGY
C,2024-02-01 00:00:00,2024-02-02 00:00:00,BDMS,SELL,223665,LIMIT,IOC,27.75,27.75,FILLED,,6206703.75,9744.5248875,682.116742125,10426.641629625,55916.25,,2024-02-02,2024,2024-02,0.25,90.09009009009009,10426.641629624999,66342.891629625,25-50,Q4,NORMAL_STRATEGY
C,2024-02-06 00:00:00,2024-02-07 00:00:00,BGRIM,BUY,70494,LIMIT,IOC,29.25,29.25,FILLED,,2061949.5,3237.260715,226.60825005,3463.86896505,17623.5,,2024-02-07,2024,2024-02,0.25,85.47008547008548,3463.86896505,21087.368965050002,25-50,Q4,NORMAL_STRATEGY
C,2024-02-06 00:00:00,2024-02-07 00:00:00,TOP,BUY,36985,LIMIT,IOC,55.75,55.75,FILLED,,2061913.75,3237.2045875,226.604321125,3463.808908625,9246.25,,2024-02-07,2024,2024-02,0.25,44.84304932735426,3463.8089086249997,12710.058908625,50-100,Q4,NORMAL_STRATEGY
C,2024-02-09 00:00:00,2024-02-12 00:00:00,BGRIM,BUY,34671,LIMIT,IOC,29.25,29.25,FILLED,,1014126.75,1592.1789975,111.452529825,1703.631527325,8667.75,,2024-02-12,2024,2024-02,0.25,85.47008547008548,1703.631527325,10371.381527325,25-50,Q4,NORMAL_STRATEGY
C,2024-02-09 00:00:00,2024-02-12 00:00:00,TOP,BUY,17458,LIMIT,IOC,56.5,56.5,FILLED,,986377.0,1548.61189,108.4028323,1657.0147223,4364.5,,2024-02-12,2024,2024-02,0.25,44.24778761061947,1657.0147223,6021.5147223,50-100,Q4,NORMAL_STRATEGY
C,2024-02-14 00:00:00,2024-02-15 00:00:00,BGRIM,SELL,74469,LIMIT,IOC,28.5,28.5,FILLED,,2122366.5,3332.115405,233.24807835,3565.36348335,18617.25,,2024-02-15,2024,2024-02,0.25,87.71929824561403,3565.36348335,22182.61348335,25-50,Q4,NORMAL_STRATEGY
C,2024-02-14 00:00:00,2024-02-15 00:00:00,TOP,SELL,38826,LIMIT,IOC,56.5,56.5,FILLED,,2193669.0,3444.06033,241.0842231,3685.1445531,9706.5,,2024-02-15,2024,2024-02,0.25,44.24778761061947,3685.1445531,13391.644553099999,50-100,Q4,NORMAL_STRATEGY
C,2024-02-14 00:00:00,2024-02-15 00:00:00,BDMS,BUY,31511,LIMIT,IOC,28.25,28.25,FILLED,,890185.75,1397.5916275,97.831413925,1495.423041425,7877.75,,2024-02-15,2024,2024-02,0.25,88.49557522123894,1495.423041425,9373.173041425,25-50,Q4,NORMAL_STRATEGY
C,2024-02-14 00:00:00,2024-02-15 00:00:00,COM7,BUY,39741,LIMIT,IOC,22.39999923706055,22.39999923706055,FILLED,,890198.3696800232,1397.6114403976364,97.83280082783456,1495.4442412254707,3974.1,,2024-02-15,2024,2024-02,0.09999999999999999,44.64285866338385,1495.444241225471,5469.544241225471,10-25,Q4,NORMAL_STRATEGY
C,2024-02-14 00:00:00,2024-02-15 00:00:00,GLOBAL,BUY,60382,LIMIT,IOC,14.74285659790039,14.74285659790039,FILLED,,890203.1670944212,1397.6189723382415,97.8333280636769,1495.4523004019184,6038.2,,2024-02-15,2024,2024-02,0.09999999999999999,67.82945987159744,1495.4523004019184,7533.652300401918,10-25,Q4,NORMAL_STRATEGY
C,2024-02-14 00:00:00,2024-02-15 00:00:00,MTC,BUY,20231,LIMIT,IOC,44.0,44.0,FILLED,,890164.0,1397.55748,97.8290236,1495.3865036,5057.75,,2024-02-15,2024,2024-02,0.25,56.81818181818182,1495.3865036,6553.1365036,25-50,Q4,NORMAL_STRATEGY
C,2024-02-19 00:00:00,2024-02-20 00:00:00,BGRIM,SELL,4739,LIMIT,IOC,28.75,28.75,FILLED,,136246.25,213.9066125,14.973462875,228.880075375,1184.75,,2024-02-20,2024,2024-02,0.25,86.95652173913044,228.880075375,1413.630075375,25-50,Q2,NORMAL_STRATEGY
C,2024-02-19 00:00:00,2024-02-20 00:00:00,TOP,SELL,2749,LIMIT,IOC,58.5,58.5,FILLED,,160816.5,252.481905,17.67373335,270.15563835,687.25,,2024-02-20,2024,2024-02,0.25,42.73504273504274,270.15563835,957.40563835,50-100,Q2,NORMAL_STRATEGY
C,2024-02-19 00:00:00,2024-02-20 00:00:00,BDMS,SELL,4635,LIMIT,IOC,27.75,27.75,FILLED,,128621.25,201.9353625,14.135475375,216.070837875,1158.75,,2024-02-20,2024,2024-02,0.25,90.09009009009009,216.070837875,1374.820837875,25-50,Q2,NORMAL_STRATEGY
C,2024-02-19 00:00:00,2024-02-20 00:00:00,COM7,SELL,5386,LIMIT,IOC,21.9,21.9,FILLED,,117953.4,185.186838,12.96307866,198.14991666,538.6,,2024-02-20,2024,2024-02,0.1,45.66210045662101,198.14991666,736.74991666,10-25,Q2,NORMAL_STRATEGY
C,2024-02-19 00:00:00,2024-02-20 00:00:00,GLOBAL,SELL,8569,LIMIT,IOC,14.453570747375489,14.453570747375489,FILLED,,123852.64773426056,194.44865694278909,13.611405985995235,208.06006292878433,856.9,,2024-02-20,2024,2024-02,0.09999999999999999,69.18705539816742,208.06006292878433,1064.9600629287843,10-25,Q2,NORMAL_STRATEGY
C,2024-02-19 00:00:00,2024-02-20 00:00:00,MTC,SELL,3073,LIMIT,IOC,43.75,43.75,FILLED,,134443.75,211.0766875,14.775368125,225.852055625,768.25,,2024-02-20,2024,2024-02,0.25,57.142857142857146,225.852055625,994.102055625,25-50,Q2,NORMAL_STRATEGY
C,2024-02-22 00:00:00,2024-02-23 00:00:00,BGRIM,SELL,25957,LIMIT,IOC,27.25,27.25,FILLED,,707328.25,1110.5053525,77.735374675,1188.240727175,6489.25,,2024-02-23,2024,2024-02,0.25,91.74311926605505,1188.240727175,7677.490727175,25-50,Q3,NORMAL_STRATEGY
C,2024-02-22 00:00:00,2024-02-23 00:00:00,TOP,SELL,2470,LIMIT,IOC,58.25,58.25,FILLED,,143877.5,225.887675,15.81213725,241.69981225,617.5,,2024-02-23,2024,2024-02,0.25,42.918454935622314,241.69981225,859.19981225,50-100,Q2,NORMAL_STRATEGY
C,2024-02-22 00:00:00,2024-02-23 00:00:00,BDMS,SELL,6681,LIMIT,IOC,29.75,29.75,FILLED,,198759.75,312.0528075,21.843696525,333.896504025,1670.25,,2024-02-23,2024,2024-02,0.25,84.03361344537815,333.89650402499996,2004.146504025,25-50,Q2,NORMAL_STRATEGY
C,2024-02-22 00:00:00,2024-02-23 00:00:00,COM7,SELL,5403,LIMIT,IOC,20.9,20.9,FILLED,,112922.7,177.288639,12.41020473,189.69884373,540.3,,2024-02-23,2024,2024-02,0.09999999999999999,47.846889952153106,189.69884373,729.99884373,10-25,Q2,NORMAL_STRATEGY
C,2024-02-22 00:00:00,2024-02-23 00:00:00,GLOBAL,SELL,11717,LIMIT,IOC,15.035713577270508,15.035713577270508,FILLED,,176173.45598487853,276.5923258962593,19.361462812738154,295.9537887089974,1171.7,,2024-02-23,2024,2024-02,0.1,66.50831667289143,295.9537887089974,1467.6537887089976,10-25,Q2,NORMAL_STRATEGY
C,2024-02-22 00:00:00,2024-02-23 00:00:00,MTC,SELL,3950,LIMIT,IOC,45.75,45.75,FILLED,,180712.5,283.718625,19.86030375,303.57892875,987.5,,2024-02-23,2024,2024-02,0.25,54.6448087431694,303.57892875,1291.07892875,25-50,Q2,NORMAL_STRATEGY
C,2024-02-22 00:00:00,2024-02-23 00:00:00,HMPRO,BUY,55036,LIMIT,IOC,11.1,11.1,FILLED,,610899.6,959.112372,67.13786604,1026.25023804,5503.6,,2024-02-23,2024,2024-02,0.1,90.0900900900901,1026.25023804,6529.8502380400005,10-25,Q3,NORMAL_STRATEGY
C,2024-02-22 00:00:00,2024-02-23 00:00:00,PTTGC,BUY,15971,LIMIT,IOC,38.25,38.25,FILLED,,610890.75,959.0984775,67.136893425,1026.235370925,3992.75,,2024-02-23,2024,2024-02,0.25,65.359477124183,1026.2353709249999,5018.985370925,25-50,Q3,NORMAL_STRATEGY
C,2024-02-28 00:00:00,2024-02-29 00:00:00,COM7,SELL,28952,LIMIT,IOC,20.4,20.4,FILLED,,590620.8,927.274656,64.90922592,992.18388192,2895.2,,2024-02-29,2024,2024-02,0.09999999999999999,49.019607843137244,992.1838819200001,3887.38388192,10-25,Q3,NORMAL_STRATEGY
C,2024-02-28 00:00:00,2024-02-29 00:00:00,GLOBAL,BUY,16458,LIMIT,IOC,15.421428298950197,15.421428298950197,FILLED,,253805.86694412233,398.475211102272,27.89326477715904,426.3684758794311,1645.8,,2024-02-29,2024,2024-02,0.09999999999999999,64.84483671775554,426.36847587943106,2072.168475879431,10-25,Q2,NORMAL_STRATEGY
C,2024-02-28 00:00:00,2024-02-29 00:00:00,HMPRO,BUY,22145,LIMIT,IOC,11.299999809265136,11.299999809265136,FILLED,,250238.49577617645,392.87443836859694,27.50121068580179,420.3756490543988,2214.5,,2024-02-29,2024,2024-02,0.1,88.49557671497271,420.3756490543987,2634.8756490543988,10-25,Q2,NORMAL_STRATEGY
C,2024-02-28 00:00:00,2024-02-29 00:00:00,MTC,BUY,5751,LIMIT,IOC,46.0,46.0,FILLED,,264546.0,415.33722,29.0736054,444.4108254,1437.75,,2024-02-29,2024,2024-02,0.25,54.34782608695652,444.4108254,1882.1608254,25-50,Q2,NORMAL_STRATEGY
C,2024-02-28 00:00:00,2024-02-29 00:00:00,PTTGC,BUY,6980,LIMIT,IOC,38.0,38.0,FILLED,,265240.0,416.4268,29.149876,445.576676,1745.0,,2024-02-29,2024,2024-02,0.25,65.78947368421052,445.576676,2190.576676,25-50,Q2,NORMAL_STRATEGY
C,2024-03-04 00:00:00,2024-03-05 00:00:00,BDMS,SELL,20195,LIMIT,IOC,27.75,27.75,FILLED,,560411.25,879.8456625,61.589196375,941.434858875,5048.75,,2024-03-05,2024,2024-03,0.25,90.09009009009009,941.434858875,5990.184858875,25-50,Q3,NORMAL_STRATEGY
C,2024-03-04 00:00:00,2024-03-05 00:00:00,GLOBAL,BUY,8225,LIMIT,IOC,15.607142066955566,15.607142066955566,FILLED,,128368.74350070952,201.538927296114,14.107724910727976,215.64665220684196,822.5,,2024-03-05,2024,2024-03,0.1,64.0732297886404,215.64665220684196,1038.146652206842,10-25,Q2,NORMAL_STRATEGY
C,2024-03-04 00:00:00,2024-03-05 00:00:00,HMPRO,BUY,13901,LIMIT,IOC,11.1,11.1,FILLED,,154301.1,242.252727,16.95769089,259.21041789,1390.1,,2024-03-05,2024,2024-03,0.09999999999999999,90.09009009009009,259.21041789,1649.3104178899998,10-25,Q2,NORMAL_STRATEGY
C,2024-03-04 00:00:00,2024-03-05 00:00:00,MTC,BUY,3019,LIMIT,IOC,46.0,46.0,FILLED,,138874.0,218.03218,15.2622526,233.2944326,754.75,,2024-03-05,2024,2024-03,0.25,54.34782608695652,233.29443260000002,988.0444326,25-50,Q2,NORMAL_STRATEGY
C,2024-03-04 00:00:00,2024-03-05 00:00:00,PTTGC,BUY,4190,LIMIT,IOC,37.25,37.25,FILLED,,156077.5,245.041675,17.15291725,262.19459225,1047.5,,2024-03-05,2024,2024-03,0.25,67.11409395973155,262.19459225,1309.69459225,25-50,Q2,NORMAL_STRATEGY
C,2024-03-04 00:00:00,2024-03-05 00:00:00,TOP,BUY,7184,LIMIT,IOC,57.5,57.5,FILLED,,413080.0,648.5356,45.397492,693.933092,1796.0,,2024-03-05,2024,2024-03,0.25,43.47826086956522,693.933092,2489.933092,50-100,Q3,NORMAL_STRATEGY
C,2024-03-07 00:00:00,2024-03-08 00:00:00,PTTGC,SELL,27141,LIMIT,IOC,37.0,37.0,FILLED,,1004217.0,1576.62069,110.3634483,1686.9841383,6785.25,,2024-03-08,2024,2024-03,0.25,67.56756756756756,1686.9841383,8472.2341383,25-50,Q4,NORMAL_STRATEGY
C,2024-03-07 00:00:00,2024-03-08 00:00:00,BDMS,BUY,41683,LIMIT,IOC,29.25,29.25,FILLED,,1219227.75,1914.1875675,133.993129725,2048.180697225,10420.75,,2024-03-08,2024,2024-03,0.25,85.47008547008548,2048.1806972249997,12468.930697225,25-50,Q4,NORMAL_STRATEGY
C,2024-03-07 00:00:00,2024-03-08 00:00:00,GLOBAL,BUY,14283,LIMIT,IOC,15.421428298950197,15.421428298950197,FILLED,,220264.26039390563,345.8148888184318,24.20704221729023,370.0219310357221,1428.3,,2024-03-08,2024,2024-03,0.09999999999999999,64.84483671775554,370.02193103572205,1798.321931035722,10-25,Q2,NORMAL_STRATEGY
C,2024-03-07 00:00:00,2024-03-08 00:00:00,HMPRO,BUY,17779,LIMIT,IOC,11.200000381469728,11.200000381469728,FILLED,,199124.8067821503,312.625946647976,21.88381626535832,334.50976291333427,1777.9,,2024-03-08,2024,2024-03,0.1,89.28571124466107,334.50976291333427,2112.4097629133344,10-25,Q2,NORMAL_STRATEGY
C,2024-03-07 00:00:00,2024-03-08 00:00:00,MTC,BUY,4384,LIMIT,IOC,46.25,46.25,FILLED,,202760.0,318.3332,22.283324,340.616524,1096.0,,2024-03-08,2024,2024-03,0.25,54.054054054054056,340.61652399999997,1436.616524,25-50,Q2,NORMAL_STRATEGY
C,2024-03-12 00:00:00,2024-03-13 00:00:00,HMPRO,SELL,31293,LIMIT,IOC,10.9,10.9,FILLED,,341093.7,535.517109,37.48619763,573.00330663,3129.3,,2024-03-13,2024,2024-03,0.1,91.74311926605505,573.00330663,3702.3033066300004,10-25,Q3,NORMAL_STRATEGY
C,2024-03-12 00:00:00,2024-03-13 00:00:00,BDMS,SELL,12497,LIMIT,IOC,29.0,29.0,FILLED,,362413.0,568.98841,39.8291887,608.8175987,3124.25,,2024-03-13,2024,2024-03,0.25,86.20689655172414,608.8175987000001,3733.0675987,25-50,Q3,NORMAL_STRATEGY
C,2024-03-12 00:00:00,2024-03-13 00:00:00,BGRIM,BUY,29690,LIMIT,IOC,29.0,29.0,FILLED,,861010.0,1351.7857,94.624999,1446.410699,7422.5,,2024-03-13,2024,2024-03,0.25,86.20689655172414,1446.410699,8868.910699,25-50,Q4,NORMAL_STRATEGY
C,2024-03-15 00:00:00,2024-03-18 00:00:00,TOP,SELL,6213,LIMIT,IOC,58.75,58.75,FILLED,,365013.75,573.0715875,40.115011125,613.186598625,1553.25,,2024-03-18,2024,2024-03,0.25,42.5531914893617,613.186598625,2166.436598625,50-100,Q3,NORMAL_STRATEGY
C,2024-03-15 00:00:00,2024-03-18 00:00:00,GLOBAL,SELL,36903,LIMIT,IOC,15.778570556640624,15.778570556640624,FILLED,,582276.5892517089,914.1742451251827,63.99219715876281,978.1664422839458,3690.3,,2024-03-18,2024,2024-03,0.1,63.37709720980628,978.1664422839455,4668.466442283946,10-25,Q3,NORMAL_STRATEGY
C,2024-03-15 00:00:00,2024-03-18 00:00:00,HMPRO,SELL,17422,LIMIT,IOC,11.000000381469729,11.000000381469729,FILLED,,191642.0066459656,300.877950434166,21.061456530391617,321.9394069645576,1742.2,,2024-03-18,2024,2024-03,0.1,90.90908775644864,321.93940696455763,2064.1394069645576,10-25,Q2,NORMAL_STRATEGY
C,2024-03-15 00:00:00,2024-03-18 00:00:00,BDMS,SELL,6351,LIMIT,IOC,29.0,29.0,FILLED,,184179.0,289.16103,20.2412721,309.4023021,1587.75,,2024-03-18,2024,2024-03,0.25,86.20689655172414,309.4023021,1897.1523021,25-50,Q2,NORMAL_STRATEGY
C,2024-03-15 00:00:00,2024-03-18 00:00:00,BGRIM,SELL,29690,LIMIT,IOC,28.0,28.0,FILLED,,831320.0,1305.1724,91.362068,1396.534468,7422.5,,2024-03-18,2024,2024-03,0.25,89.28571428571428,1396.5344679999998,8819.034468,25-50,Q4,NORMAL_STRATEGY
C,2024-03-15 00:00:00,2024-03-18 00:00:00,CENTEL,BUY,15575,LIMIT,IOC,43.25,43.25,FILLED,,673618.75,1057.5814375,74.030700625,1131.612138125,3893.75,,2024-03-18,2024,2024-03,0.25,57.80346820809248,1131.612138125,5025.362138125,25-50,Q3,NORMAL_STRATEGY
C,2024-03-15 00:00:00,2024-03-18 00:00:00,IVL,BUY,26945,LIMIT,IOC,24.99999961853028,24.99999961853028,FILLED,,673624.9897212983,1057.5912338624385,74.03138637037068,1131.622620232809,2694.5,,2024-03-18,2024,2024-03,0.1,40.00000061035156,1131.6226202328091,3826.122620232809,10-25,Q3,NORMAL_STRATEGY
C,2024-03-15 00:00:00,2024-03-18 00:00:00,KTB,BUY,41582,LIMIT,IOC,16.200000381469728,16.200000381469728,FILLED,,673628.4158622741,1057.5966129037704,74.03176290326394,1131.6283758070344,4158.2,,2024-03-18,2024,2024-03,0.09999999999999999,61.72839360817819,1131.6283758070344,5289.828375807034,10-25,Q3,NORMAL_STRATEGY
C,2024-03-20 00:00:00,2024-03-21 00:00:00,MTC,SELL,10649,LIMIT,IOC,47.5,47.5,FILLED,,505827.5,794.149175,55.59044225,849.73961725,2662.25,,2024-03-21,2024,2024-03,0.25,52.63157894736842,849.73961725,3511.9896172500003,25-50,Q3,NORMAL_STRATEGY
C,2024-03-20 00:00:00,2024-03-21 00:00:00,HMPRO,SELL,60146,LIMIT,IOC,10.9,10.9,FILLED,,655591.4,1029.278498,72.04949486,1101.32799286,6014.6,,2024-03-21,2024,2024-03,0.1,91.74311926605505,1101.32799286,7115.927992860001,10-25,Q3,NORMAL_STRATEGY
C,2024-03-20 00:00:00,2024-03-21 00:00:00,BDMS,SELL,22835,LIMIT,IOC,28.5,28.5,FILLED,,650797.5,1021.752075,71.52264525,1093.27472025,5708.75,,2024-03-21,2024,2024-03,0.25,87.71929824561403,1093.27472025,6802.0247202499995,25-50,Q3,NORMAL_STRATEGY
C,2024-03-20 00:00:00,2024-03-21 00:00:00,CENTEL,SELL,15575,LIMIT,IOC,43.5,43.5,FILLED,,677512.5,1063.694625,74.45862375,1138.15324875,3893.75,,2024-03-21,2024,2024-03,0.25,57.47126436781609,1138.15324875,5031.90324875,25-50,Q3,NORMAL_STRATEGY
C,2024-03-20 00:00:00,2024-03-21 00:00:00,IVL,BUY,3840,LIMIT,IOC,24.49999961853028,24.49999961853028,FILLED,,94079.99853515625,147.7055977001953,10.339391839013672,158.044989539209,384.0,,2024-03-21,2024,2024-03,0.1,40.816327166130336,158.04498953920898,542.0449895392089,10-25,Q2,NORMAL_STRATEGY
C,2024-03-20 00:00:00,2024-03-21 00:00:00,PTTGC,BUY,19216,LIMIT,IOC,39.25,39.25,FILLED,,754228.0,1184.13796,82.8896572,1267.0276172,4804.0,,2024-03-21,2024,2024-03,0.25,63.69426751592357,1267.0276172000001,6071.0276172,25-50,Q4,NORMAL_STRATEGY
C,2024-03-20 00:00:00,2024-03-21 00:00:00,SCGP,BUY,25352,LIMIT,IOC,29.75,29.75,FILLED,,754222.0,1184.12854,82.8889978,1267.0175378,6338.0,,2024-03-21,2024,2024-03,0.25,84.03361344537815,1267.0175378,7605.0175378,25-50,Q4,NORMAL_STRATEGY
C,2024-03-25 00:00:00,2024-03-26 00:00:00,MTC,SELL,15713,LIMIT,IOC,45.0,45.0,FILLED,,707085.0,1110.12345,77.7086415,1187.8320915,3928.25,,2024-03-26,2024,2024-03,0.25,55.55555555555556,1187.8320915,5116.0820915,25-50,Q3,NORMAL_STRATEGY
C,2024-03-25 00:00:00,2024-03-26 00:00:00,SCGP,SELL,25352,LIMIT,IOC,28.75,28.75,FILLED,,728870.0,1144.3259,80.102813,1224.428713,6338.0,,2024-03-26,2024,2024-03,0.25,86.95652173913044,1224.428713,7562.428713,25-50,Q4,NORMAL_STRATEGY
C,2024-03-25 00:00:00,2024-03-26 00:00:00,KTB,BUY,17736,LIMIT,IOC,16.80000076293945,16.80000076293945,FILLED,,297964.8135314941,467.80475724444574,32.746333007111204,500.55109025155696,1773.6,,2024-03-26,2024,2024-03,0.09999999999999999,59.52380682065115,500.55109025155696,2274.151090251557,10-25,Q3,NORMAL_STRATEGY
C,2024-03-28 00:00:00,2024-03-29 00:00:00,GLOBAL,SELL,42159,LIMIT,IOC,15.407142066955567,15.407142066955567,FILLED,,649549.7024007797,1019.793032769224,71.3855122938457,1091.1785450630698,4215.9,,2024-03-29,2024,2024-03,0.09999999999999999,64.90496392220253,1091.1785450630698,5307.078545063069,10-25,Q3,NORMAL_STRATEGY
C,2024-03-28 00:00:00,2024-03-29 00:00:00,IVL,SELL,30785,LIMIT,IOC,23.9,23.9,FILLED,,735761.5,1155.145555,80.86018885,1236.00574385,3078.5,,2024-03-29,2024,2024-03,0.1,41.84100418410041,1236.00574385,4314.50574385,10-25,Q4,NORMAL_STRATEGY
C,2024-03-28 00:00:00,2024-03-29 00:00:00,CENTEL,BUY,22906,LIMIT,IOC,43.25,43.25,FILLED,,990684.5,1555.374665,108.87622655,1664.25089155,5726.5,,2024-03-29,2024,2024-03,0.25,57.80346820809248,1664.25089155,7390.75089155,25-50,Q4,NORMAL_STRATEGY
C,2024-03-28 00:00:00,2024-03-29 00:00:00,MTC,BUY,21191,LIMIT,IOC,46.75,46.75,FILLED,,990679.25,1555.3664225,108.875649575,1664.242072075,5297.75,,2024-03-29,2024,2024-03,0.25,53.475935828877,1664.242072075,6961.992072075,25-50,Q4,NORMAL_STRATEGY
C,2024-03-28 00:00:00,2024-03-29 00:00:00,TOP,BUY,5351,LIMIT,IOC,59.25,59.25,FILLED,,317046.75,497.7633975,34.843437825,532.606835325,1337.75,,2024-03-29,2024,2024-03,0.25,42.19409282700422,532.606835325,1870.356835325,50-100,Q3,NORMAL_STRATEGY
C,2024-04-02 00:00:00,2024-04-03 00:00:00,KTB,SELL,19332,LIMIT,IOC,16.4,16.4,FILLED,,317044.8,497.760336,34.84322352,532.60355952,1933.2,,2024-04-03,2024,2024-04,0.1,60.97560975609756,532.60355952,2465.80355952,10-25,Q3,NORMAL_STRATEGY
C,2024-04-02 00:00:00,2024-04-03 00:00:00,MTC,SELL,7069,LIMIT,IOC,46.5,46.5,FILLED,,328708.5,516.072345,36.12506415,552.19740915,1767.25,,2024-04-03,2024,2024-04,0.25,53.763440860215056,552.19740915,2319.44740915,25-50,Q3,NORMAL_STRATEGY
C,2024-04-02 00:00:00,2024-04-03 00:00:00,IVL,BUY,26550,LIMIT,IOC,24.99999961853028,24.99999961853028,FILLED,,663749.9898719789,1042.0874840990068,72.94612388693047,1115.0336079859371,2655.0,,2024-04-03,2024,2024-04,0.1,40.00000061035156,1115.0336079859374,3770.033607985937,10-25,Q3,NORMAL_STRATEGY
C,2024-04-02 00:00:00,2024-04-03 00:00:00,LH,BUY,87916,LIMIT,IOC,7.55,7.55,FILLED,,663765.8,1042.112306,72.94786142,1115.06016742,4395.8,,2024-04-03,2024,2024-04,0.05,66.2251655629139,1115.06016742,5510.86016742,5-10,Q3,NORMAL_STRATEGY
C,2024-04-05 00:00:00,2024-04-09 00:00:00,MTC,SELL,14122,LIMIT,IOC,45.25,45.25,FILLED,,639020.5,1003.262185,70.22835295,1073.49053795,3530.5,,2024-04-09,2024,2024-04,0.25,55.248618784530386,1073.49053795,4603.99053795,25-50,Q3,NORMAL_STRATEGY
C,2024-04-05 00:00:00,2024-04-09 00:00:00,GLOBAL,BUY,63661,LIMIT,IOC,15.607142066955566,15.607142066955566,FILLED,,993566.2711244583,1559.8990456653996,109.19293319657795,1669.0919788619774,6366.1,,2024-04-09,2024,2024-04,0.1,64.0732297886404,1669.0919788619776,8035.191978861978,10-25,Q4,NORMAL_STRATEGY
C,2024-04-11 00:00:00,2024-04-17 00:00:00,CENTEL,SELL,3541,LIMIT,IOC,43.25,43.25,FILLED,,153148.25,240.4427525,16.830992675,257.273745175,885.25,,2024-04-17,2024,2024-04,0.25,57.80346820809248,257.273745175,1142.523745175,25-50,Q2,NORMAL_STRATEGY
C,2024-04-11 00:00:00,2024-04-17 00:00:00,KTB,BUY,12312,LIMIT,IOC,16.200000381469728,16.200000381469728,FILLED,,199454.40469665529,313.1434153737488,21.92003907616241,335.0634544499112,1231.2,,2024-04-17,2024,2024-04,0.1,61.72839360817819,335.0634544499112,1566.2634544499113,10-25,Q2,NORMAL_STRATEGY
C,2024-04-19 00:00:00,2024-04-22 00:00:00,TOP,SELL,16720,LIMIT,IOC,58.0,58.0,FILLED,,969760.0,1522.5232,106.576624,1629.099824,4180.0,,2024-04-22,2024,2024-04,0.25,43.10344827586207,1629.0998240000001,5809.099824,50-100,Q4,NORMAL_STRATEGY
C,2024-04-19 00:00:00,2024-04-22 00:00:00,CENTEL,SELL,19365,LIMIT,IOC,43.5,43.5,FILLED,,842377.5,1322.532675,92.57728725,1415.10996225,4841.25,,2024-04-22,2024,2024-04,0.25,57.47126436781609,1415.1099622499999,6256.35996225,25-50,Q4,NORMAL_STRATEGY
C,2024-04-19 00:00:00,2024-04-22 00:00:00,GLOBAL,SELL,63661,LIMIT,IOC,14.849999809265135,14.849999809265135,FILLED,,945365.8378576279,1484.2243654364756,103.8957055805533,1588.120071017029,6366.1,,2024-04-22,2024,2024-04,0.1,67.3400682049898,1588.120071017029,7954.220071017029,10-25,Q4,NORMAL_STRATEGY
C,2024-04-19 00:00:00,2024-04-22 00:00:00,LH,BUY,106773,LIMIT,IOC,7.399999904632568,7.399999904632568,FILLED,,790120.1898173331,1240.488698013213,86.83420886092492,1327.322906874138,5338.65,,2024-04-22,2024,2024-04,0.049999999999999996,67.56756843834398,1327.322906874138,6665.972906874138,5-10,Q4,NORMAL_STRATEGY
C,2024-04-19 00:00:00,2024-04-22 00:00:00,SCGP,BUY,45021,LIMIT,IOC,32.0,32.0,FILLED,,1440672.0,2261.85504,158.3298528,2420.1848928,11255.25,,2024-04-22,2024,2024-04,0.25,78.125,2420.1848928,13675.4348928,25-50,Q4,NORMAL_STRATEGY
C,2024-04-24 00:00:00,2024-04-25 00:00:00,KTB,SELL,52298,LIMIT,IOC,16.10000076293945,16.10000076293945,FILLED,,841997.8399002075,1321.9366086433256,92.5355626050328,1414.4721712483586,5229.8,,2024-04-25,2024,2024-04,0.1,62.11179829891047,1414.4721712483583,6644.272171248358,10-25,Q4,NORMAL_STRATEGY
C,2024-04-24 00:00:00,2024-04-25 00:00:00,PTTGC,SELL,19216,LIMIT,IOC,37.25,37.25,FILLED,,715796.0,1123.79972,78.6659804,1202.4657004,4804.0,,2024-04-25,2024,2024-04,0.25,67.11409395973155,1202.4657004,6006.4657004,25-50,Q3,NORMAL_STRATEGY
C,2024-04-24 00:00:00,2024-04-25 00:00:00,IVL,SELL,26550,LIMIT,IOC,23.79999961853028,23.79999961853028,FILLED,,631889.9898719789,992.0672840990068,69.44470988693048,1061.5119939859371,2655.0,,2024-04-25,2024,2024-04,0.1,42.01680739614034,1061.5119939859374,3716.5119939859374,10-25,Q3,NORMAL_STRATEGY
C,2024-04-24 00:00:00,2024-04-25 00:00:00,LH,SELL,194689,LIMIT,IOC,7.2,7.2,FILLED,,1401760.8,2200.764456,154.05351192,2354.81796792,9734.45,,2024-04-25,2024,2024-04,0.05,69.44444444444444,2354.81796792,12089.267967920001,5-10,Q4,NORMAL_STRATEGY
C,2024-04-24 00:00:00,2024-04-25 00:00:00,OSP,BUY,89693,LIMIT,IOC,21.30000076293945,21.30000076293945,FILLED,,1910460.9684303284,2999.4237204356155,209.95966043049307,3209.383380866109,8969.3,,2024-04-25,2024,2024-04,0.09999999999999999,46.94835512588017,3209.3833808661084,12178.683380866107,10-25,Q4,NORMAL_STRATEGY
C,2024-04-29 00:00:00,2024-04-30 00:00:00,SCGP,SELL,16122,LIMIT,IOC,32.5,32.5,FILLED,,523965.0,822.62505,57.5837535,880.2088035,4030.5,,2024-04-30,2024,2024-04,0.25,76.92307692307693,880.2088034999999,4910.7088035,25-50,Q3,NORMAL_STRATEGY
C,2024-05-09 00:00:00,2024-05-10 00:00:00,SCGP,SELL,28899,LIMIT,IOC,31.25,31.25,FILLED,,903093.75,1417.8571875,99.250003125,1517.107190625,7224.75,,2024-05-10,2024,2024-05,0.25,80.0,1517.107190625,8741.857190625,25-50,Q4,NORMAL_STRATEGY
C,2024-05-09 00:00:00,2024-05-10 00:00:00,OSP,SELL,36467,LIMIT,IOC,20.9,20.9,FILLED,,762160.3,1196.591671,83.76141697,1280.35308797,3646.7,,2024-05-10,2024,2024-05,0.09999999999999999,47.846889952153106,1280.35308797,4927.05308797,10-25,Q4,NORMAL_STRATEGY
C,2024-05-09 00:00:00,2024-05-10 00:00:00,BDMS,BUY,38395,LIMIT,IOC,29.25,29.25,FILLED,,1123053.75,1763.1943875,123.423607125,1886.617994625,9598.75,,2024-05-10,2024,2024-05,0.25,85.47008547008548,1886.617994625,11485.367994625,25-50,Q4,NORMAL_STRATEGY
C,2024-05-09 00:00:00,2024-05-10 00:00:00,COM7,BUY,58190,LIMIT,IOC,19.30000076293945,19.30000076293945,FILLED,,1123067.0443954468,1763.2152597008514,123.4250681790596,1886.6403278799112,5819.0,,2024-05-10,2024,2024-05,0.1,51.81346945437616,1886.640327879911,7705.640327879911,10-25,Q4,NORMAL_STRATEGY
C,2024-05-09 00:00:00,2024-05-10 00:00:00,MTC,BUY,23643,LIMIT,IOC,47.5,47.5,FILLED,,1123042.5,1763.176725,123.42237075,1886.59909575,5910.75,,2024-05-10,2024,2024-05,0.25,52.63157894736842,1886.59909575,7797.34909575,25-50,Q4,NORMAL_STRATEGY
C,2024-05-14 00:00:00,2024-05-15 00:00:00,OSP,SELL,16031,LIMIT,IOC,21.4,21.4,FILLED,,343063.4,538.609538,37.70266766,576.31220566,1603.1,,2024-05-15,2024,2024-05,0.09999999999999999,46.72897196261682,576.31220566,2179.41220566,10-25,Q3,NORMAL_STRATEGY
C,2024-05-14 00:00:00,2024-05-15 00:00:00,COM7,SELL,17199,LIMIT,IOC,19.4,19.4,FILLED,,333660.6,523.847142,36.66929994,560.51644194,1719.9,,2024-05-15,2024,2024-05,0.1,51.54639175257733,560.5164419399999,2280.41644194,10-25,Q3,NORMAL_STRATEGY
C,2024-05-14 00:00:00,2024-05-15 00:00:00,CENTEL,BUY,17657,LIMIT,IOC,45.5,45.5,FILLED,,803393.5,1261.327795,88.29294565,1349.62074065,4414.25,,2024-05-15,2024,2024-05,0.25,54.94505494505495,1349.62074065,5763.87074065,25-50,Q4,NORMAL_STRATEGY
C,2024-05-17 00:00:00,2024-05-20 00:00:00,GLOBAL,BUY,44192,LIMIT,IOC,15.700000381469728,15.700000381469728,FILLED,,693814.4168579102,1089.288634466919,76.25020441268434,1165.5388388796032,4419.2,,2024-05-20,2024,2024-05,0.09999999999999999,63.69426596831629,1165.5388388796032,5584.738838879603,10-25,Q3,NORMAL_STRATEGY
C,2024-05-23 00:00:00,2024-05-24 00:00:00,OSP,SELL,980,LIMIT,IOC,21.50000038146973,21.50000038146973,FILLED,,21070.00037384033,33.07990058692932,2.3155930410850525,35.39549362801437,98.0,,2024-05-24,2024,2024-05,0.1,46.511627081731284,35.39549362801437,133.39549362801438,10-25,Q1,NORMAL_STRATEGY
C,2024-05-28 00:00:00,2024-05-29 00:00:00,OSP,SELL,36215,LIMIT,IOC,21.29999961853028,21.29999961853028,FILLED,,771379.486185074,1211.065793310566,84.77460553173964,1295.8403988423056,3621.5,,2024-05-29,2024,2024-05,0.1,46.94835764832756,1295.8403988423056,4917.340398842305,10-25,Q4,NORMAL_STRATEGY
C,2024-05-28 00:00:00,2024-05-29 00:00:00,BDMS,SELL,38395,LIMIT,IOC,27.75,27.75,FILLED,,1065461.25,1672.7741625,117.094191375,1789.868353875,9598.75,,2024-05-29,2024,2024-05,0.25,90.09009009009009,1789.8683538750001,11388.618353875001,25-50,Q4,NORMAL_STRATEGY
C,2024-05-28 00:00:00,2024-05-29 00:00:00,COM7,SELL,40991,LIMIT,IOC,18.00000038146973,18.00000038146973,FILLED,,737838.0156368255,1158.405684549816,81.08839791848713,1239.4940824683033,4099.1,,2024-05-29,2024,2024-05,0.1,55.5555543781799,1239.494082468303,5338.594082468304,10-25,Q4,NORMAL_STRATEGY
C,2024-05-28 00:00:00,2024-05-29 00:00:00,MTC,SELL,23643,LIMIT,IOC,45.0,45.0,FILLED,,1063935.0,1670.37795,116.9264565,1787.3044065,5910.75,,2024-05-29,2024,2024-05,0.25,55.55555555555556,1787.3044065000001,7698.0544065,25-50,Q4,NORMAL_STRATEGY
C,2024-05-28 00:00:00,2024-05-29 00:00:00,CENTEL,SELL,17657,LIMIT,IOC,40.75,40.75,FILLED,,719522.75,1129.6507175,79.075550225,1208.726267725,4414.25,,2024-05-29,2024,2024-05,0.25,61.34969325153374,1208.7262677249998,5622.976267725,25-50,Q3,NORMAL_STRATEGY
C,2024-05-28 00:00:00,2024-05-29 00:00:00,GLOBAL,BUY,71431,LIMIT,IOC,15.607142066955566,15.607142066955566,FILLED,,1114833.764984703,1750.2890110259837,122.52023077181886,1872.8092417978023,7143.1,,2024-05-29,2024,2024-05,0.1,64.0732297886404,1872.8092417978025,9015.909241797803,10-25,Q4,NORMAL_STRATEGY
C,2024-05-28 00:00:00,2024-05-29 00:00:00,KTB,BUY,105529,LIMIT,IOC,17.1,17.1,FILLED,,1804545.9,2833.137063,198.31959441,3031.45665741,10552.9,,2024-05-29,2024,2024-05,0.09999999999999999,58.47953216374269,3031.45665741,13584.35665741,10-25,Q4,NORMAL_STRATEGY
C,2024-05-31 00:00:00,2024-06-04 00:00:00,GLOBAL,SELL,47041,LIMIT,IOC,15.314284706115725,15.314284706115725,FILLED,,720399.2668603897,1131.026848970812,79.17187942795684,1210.1987283987687,4704.1,,2024-06-04,2024,2024-06,0.1,65.29851176141791,1210.1987283987687,5914.2987283987695,10-25,Q4,NORMAL_STRATEGY
C,2024-05-31 00:00:00,2024-06-04 00:00:00,KTB,SELL,44380,LIMIT,IOC,17.19999923706055,17.19999923706055,FILLED,,763335.9661407471,1198.4374668409728,83.8906226788681,1282.328089519841,4438.0,,2024-06-04,2024,2024-06,0.1,58.13953746261319,1282.328089519841,5720.32808951984,10-25,Q4,NORMAL_STRATEGY
C,2024-05-31 00:00:00,2024-06-04 00:00:00,OSP,BUY,46261,LIMIT,IOC,22.99999961853028,22.99999961853028,FILLED,,1064002.9823528293,1670.4846822939417,116.93392776057593,1787.4186100545176,4626.1,,2024-06-04,2024,2024-06,0.1,43.47826159068002,1787.4186100545176,6413.518610054518,10-25,Q4,NORMAL_STRATEGY
C,2024-05-31 00:00:00,2024-06-04 00:00:00,RATCH,BUY,36689,LIMIT,IOC,29.0,29.0,FILLED,,1063981.0,1670.45017,116.9315119,1787.3816819,9172.25,,2024-06-04,2024,2024-06,0.25,86.20689655172414,1787.3816819,10959.6316819,25-50,Q4,NORMAL_STRATEGY
C,2024-05-31 00:00:00,2024-06-04 00:00:00,SCGP,BUY,30840,LIMIT,IOC,34.5,34.5,FILLED,,1063980.0,1670.4486,116.931402,1787.380002,7710.0,,2024-06-04,2024,2024-06,0.25,72.46376811594203,1787.3800019999999,9497.380002,25-50,Q4,NORMAL_STRATEGY
C,2024-06-06 00:00:00,2024-06-07 00:00:00,GLOBAL,SELL,68582,LIMIT,IOC,15.221428298950196,15.221428298950196,FILLED,,1043915.9955986022,1638.9481130898057,114.72636791628638,1753.674481006092,6858.2,,2024-06-07,2024,2024-06,0.09999999999999999,65.69685711221784,1753.674481006092,8611.874481006093,10-25,Q4,NORMAL_STRATEGY
C,2024-06-06 00:00:00,2024-06-07 00:00:00,KTB,BUY,40211,LIMIT,IOC,17.39999923706055,17.39999923706055,FILLED,,699671.3693214416,1098.4840498346632,76.89388348842643,1175.3779333230898,4021.1,,2024-06-07,2024,2024-06,0.09999999999999999,57.471266887764195,1175.3779333230896,5196.477933323089,10-25,Q3,NORMAL_STRATEGY
C,2024-06-11 00:00:00,2024-06-12 00:00:00,KTB,SELL,1188,LIMIT,IOC,17.299999618530272,17.299999618530272,FILLED,,20552.399546813966,32.267267288497926,2.2587087101948544,34.52597599869278,118.8,,2024-06-12,2024,2024-06,0.09999999999999999,57.80346948267478,34.52597599869278,153.32597599869277,10-25,Q1,NORMAL_STRATEGY
C,2024-06-11 00:00:00,2024-06-12 00:00:00,RATCH,SELL,36689,LIMIT,IOC,27.0,27.0,FILLED,,990603.0,1555.24671,108.8672697,1664.1139797,9172.25,,2024-06-12,2024,2024-06,0.25,92.59259259259258,1664.1139796999998,10836.3639797,25-50,Q4,NORMAL_STRATEGY
C,2024-06-11 00:00:00,2024-06-12 00:00:00,SCGP,BUY,21101,LIMIT,IOC,33.75,33.75,FILLED,,712158.75,1118.0892375,78.266246625,1196.355484125,5275.25,,2024-06-12,2024,2024-06,0.25,74.07407407407408,1196.355484125,6471.605484125,25-50,Q3,NORMAL_STRATEGY
C,2024-06-14 00:00:00,2024-06-17 00:00:00,OSP,SELL,46261,LIMIT,IOC,22.19999923706055,22.19999923706055,FILLED,,1026994.164705658,1612.380838587883,112.8666587011518,1725.2474972890348,4626.1,,2024-06-17,2024,2024-06,0.1,45.04504659309204,1725.247497289035,6351.347497289035,10-25,Q4,NORMAL_STRATEGY
C,2024-06-14 00:00:00,2024-06-17 00:00:00,SCGP,SELL,51941,LIMIT,IOC,33.0,33.0,FILLED,,1714053.0,2691.06321,188.3744247,2879.4376347,12985.25,,2024-06-17,2024,2024-06,0.25,75.75757575757576,2879.4376346999998,15864.6876347,25-50,Q4,NORMAL_STRATEGY
C,2024-06-19 00:00:00,2024-06-20 00:00:00,KTB,BUY,50606,LIMIT,IOC,16.99999961853027,16.99999961853027,FILLED,,860301.980695343,1350.6741096916885,94.54718767841821,1445.2212973701066,5060.6,,2024-06-20,2024,2024-06,0.1,58.82353073172919,1445.2212973701066,6505.821297370107,10-25,Q4,NORMAL_STRATEGY
C,2024-06-24 00:00:00,2024-06-25 00:00:00,SCGP,BUY,49807,LIMIT,IOC,34.5,34.5,FILLED,,1718341.5,2697.796155,188.84573085,2886.64188585,12451.75,,2024-06-25,2024,2024-06,0.25,72.46376811594203,2886.64188585,15338.39188585,25-50,Q4,NORMAL_STRATEGY
C,2024-06-27 00:00:00,2024-06-28 00:00:00,KTB,SELL,150778,LIMIT,IOC,16.9,16.9,FILLED,,2548148.2,4000.592674,280.04148718,4280.63416118,15077.8,,2024-06-28,2024,2024-06,0.09999999999999999,59.17159763313609,4280.63416118,19358.434161179997,10-25,Q4,NORMAL_STRATEGY
C,2024-06-27 00:00:00,2024-06-28 00:00:00,SCGP,SELL,49807,LIMIT,IOC,33.25,33.25,FILLED,,1656082.75,2600.0499175,182.003494225,2782.053411725,12451.75,,2024-06-28,2024,2024-06,0.25,75.18796992481202,2782.053411725,15233.803411724999,25-50,Q4,NORMAL_STRATEGY
C,2024-06-27 00:00:00,2024-06-28 00:00:00,TOP,BUY,47662,LIMIT,IOC,53.5,53.5,FILLED,,2549917.0,4003.36969,280.2358783,4283.6055683,11915.5,,2024-06-28,2024,2024-06,0.25,46.72897196261682,4283.6055683,16199.105568300001,50-100,Q4,NORMAL_STRATEGY
C,2024-07-05 00:00:00,2024-07-08 00:00:00,TOP,SELL,1665,LIMIT,IOC,55.25,55.25,FILLED,,91991.25,144.4262625,10.109838375,154.536100875,416.25,,2024-07-08,2024,2024-07,0.25,45.248868778280546,154.53610087500002,570.786100875,50-100,Q2,NORMAL_STRATEGY
C,2024-07-05 00:00:00,2024-07-08 00:00:00,OSP,BUY,109122,LIMIT,IOC,23.49999961853028,23.49999961853028,FILLED,,2564366.9583732607,4026.05612464602,281.8239287252214,4307.880053371241,10912.2,,2024-07-08,2024,2024-07,0.1,42.55319218011722,4307.880053371242,15220.080053371243,10-25,Q4,NORMAL_STRATEGY
C,2024-07-10 00:00:00,2024-07-11 00:00:00,OSP,SELL,54730,LIMIT,IOC,23.10000076293945,23.10000076293945,FILLED,,1264263.0417556763,1984.892975556412,138.94250828894883,2123.8354838453606,5473.0,,2024-07-11,2024,2024-07,0.1,43.29004186027356,2123.8354838453606,7596.835483845361,10-25,Q4,NORMAL_STRATEGY
C,2024-07-15 00:00:00,2024-07-16 00:00:00,TOP,SELL,36618,LIMIT,IOC,52.75,52.75,FILLED,,1931599.5,3032.611215,212.28278505,3244.89400005,9154.5,,2024-07-16,2024,2024-07,0.25,47.39336492890995,3244.8940000499997,12399.39400005,50-100,Q4,NORMAL_STRATEGY
C,2024-07-15 00:00:00,2024-07-16 00:00:00,OSP,SELL,33581,LIMIT,IOC,23.79999961853028,23.79999961853028,FILLED,,799227.7871898653,1254.7876258880883,87.83513381216618,1342.6227597002546,3358.1,,2024-07-16,2024,2024-07,0.09999999999999999,42.01680739614032,1342.6227597002544,4700.722759700255,10-25,Q4,NORMAL_STRATEGY
C,2024-07-15 00:00:00,2024-07-16 00:00:00,BGRIM,BUY,22198,LIMIT,IOC,22.49999961853028,22.49999961853028,FILLED,,499454.9915321351,784.1443367054521,54.89010356938165,839.0344402748337,2219.8,,2024-07-16,2024,2024-07,0.1,44.4444451979649,839.0344402748337,3058.834440274834,10-25,Q3,NORMAL_STRATEGY
C,2024-07-15 00:00:00,2024-07-16 00:00:00,CENTEL,BUY,11821,LIMIT,IOC,42.25,42.25,FILLED,,499437.25,784.1164825,54.888153775,839.004636275,2955.25,,2024-07-16,2024,2024-07,0.25,59.171597633136095,839.0046362749999,3794.254636275,25-50,Q3,NORMAL_STRATEGY
C,2024-07-15 00:00:00,2024-07-16 00:00:00,IVL,BUY,25746,LIMIT,IOC,19.39999923706055,19.39999923706055,FILLED,,499472.3803573608,784.1716371610564,54.89201460127396,839.0636517623306,2574.6,,2024-07-16,2024,2024-07,0.09999999999999999,51.5463937797308,839.0636517623304,3413.66365176233,10-25,Q3,NORMAL_STRATEGY
C,2024-07-15 00:00:00,2024-07-16 00:00:00,PTTGC,BUY,16789,LIMIT,IOC,29.75,29.75,FILLED,,499472.75,784.1722175,54.892055225,839.064272725,4197.25,,2024-07-16,2024,2024-07,0.25,84.03361344537815,839.064272725,5036.314272725,25-50,Q3,NORMAL_STRATEGY
C,2024-07-15 00:00:00,2024-07-16 00:00:00,RATCH,BUY,17525,LIMIT,IOC,28.5,28.5,FILLED,,499462.5,784.156125,54.89092875,839.04705375,4381.25,,2024-07-16,2024,2024-07,0.25,87.71929824561403,839.04705375,5220.2970537500005,25-50,Q3,NORMAL_STRATEGY
C,2024-07-18 00:00:00,2024-07-19 00:00:00,TOP,SELL,9379,LIMIT,IOC,53.0,53.0,FILLED,,497087.0,780.42659,54.6298613,835.0564513,2344.75,,2024-07-19,2024,2024-07,0.25,47.16981132075472,835.0564513,3179.8064513,50-100,Q3,NORMAL_STRATEGY
C,2024-07-18 00:00:00,2024-07-19 00:00:00,IVL,SELL,25746,LIMIT,IOC,19.10000076293945,19.10000076293945,FILLED,,491748.6196426392,772.0453328389434,54.04317329872604,826.0885061376695,2574.6,,2024-07-19,2024,2024-07,0.09999999999999999,52.35601885107474,826.0885061376695,3400.6885061376693,10-25,Q3,NORMAL_STRATEGY
C,2024-07-18 00:00:00,2024-07-19 00:00:00,PTTGC,SELL,16789,LIMIT,IOC,28.25,28.25,FILLED,,474289.25,744.6341225,52.124388575,796.758511075,4197.25,,2024-07-19,2024,2024-07,0.25,88.49557522123894,796.758511075,4994.008511075,25-50,Q3,NORMAL_STRATEGY
C,2024-07-18 00:00:00,2024-07-19 00:00:00,BDMS,BUY,22760,LIMIT,IOC,27.0,27.0,FILLED,,614520.0,964.7964,67.535748,1032.332148,5690.0,,2024-07-19,2024,2024-07,0.25,92.59259259259258,1032.332148,6722.3321479999995,25-50,Q3,NORMAL_STRATEGY
C,2024-07-18 00:00:00,2024-07-19 00:00:00,BGRIM,BUY,7634,LIMIT,IOC,20.6,20.6,FILLED,,157260.4,246.898828,17.28291796,264.18174596,763.4,,2024-07-19,2024,2024-07,0.09999999999999999,48.54368932038835,264.18174596,1027.58174596,10-25,Q2,NORMAL_STRATEGY
C,2024-07-18 00:00:00,2024-07-19 00:00:00,CENTEL,BUY,2388,LIMIT,IOC,43.25,43.25,FILLED,,103281.0,162.15117,11.3505819,173.5017519,597.0,,2024-07-19,2024,2024-07,0.25,57.80346820809248,173.50175190000002,770.5017519,25-50,Q2,NORMAL_STRATEGY
C,2024-07-18 00:00:00,2024-07-19 00:00:00,HMPRO,BUY,67531,LIMIT,IOC,9.100000190734864,9.100000190734864,FILLED,,614532.112880516,964.8154172224099,67.53707920556872,1032.3524964279788,3376.55,,2024-07-19,2024,2024-07,0.05,54.94505379341349,1032.3524964279786,4408.902496427979,5-10,Q3,NORMAL_STRATEGY
C,2024-07-18 00:00:00,2024-07-19 00:00:00,KTB,BUY,35116,LIMIT,IOC,17.49999961853027,17.49999961853027,FILLED,,614529.9866043091,964.8120789687651,67.53684552781357,1032.3489244965788,3511.6,,2024-07-19,2024,2024-07,0.09999999999999999,57.142858388472604,1032.3489244965788,4543.948924496579,10-25,Q3,NORMAL_STRATEGY
C,2024-07-18 00:00:00,2024-07-19 00:00:00,OSP,BUY,3869,LIMIT,IOC,24.89999923706055,24.89999923706055,FILLED,,96338.09704818724,151.250812365654,10.58755686559578,161.83836923124977,386.9,,2024-07-19,2024,2024-07,0.09999999999999999,40.16064380080882,161.8383692312498,548.7383692312497,10-25,Q2,NORMAL_STRATEGY
C,2024-07-24 00:00:00,2024-07-25 00:00:00,BDMS,SELL,22760,LIMIT,IOC,26.0,26.0,FILLED,,591760.0,929.0632,65.034424,994.097624,5690.0,,2024-07-25,2024,2024-07,0.25,96.15384615384616,994.097624,6684.097624,25-50,Q3,NORMAL_STRATEGY
C,2024-07-24 00:00:00,2024-07-25 00:00:00,HMPRO,SELL,67531,LIMIT,IOC,8.7,8.7,FILLED,,587519.7,922.405929,64.56841503,986.97434403,3376.55,,2024-07-25,2024,2024-07,0.05,57.4712643678161,986.97434403,4363.52434403,5-10,Q3,NORMAL_STRATEGY
C,2024-07-24 00:00:00,2024-07-25 00:00:00,BGRIM,BUY,7140,LIMIT,IOC,21.99999961853028,21.99999961853028,FILLED,,157079.99727630615,246.61559572380068,17.26309170066605,263.87868742446676,714.0,,2024-07-25,2024,2024-07,0.1,45.45454624270606,263.8786874244667,977.8786874244668,10-25,Q2,NORMAL_STRATEGY
C,2024-07-24 00:00:00,2024-07-25 00:00:00,CENTEL,BUY,5273,LIMIT,IOC,41.75,41.75,FILLED,,220147.75,345.6319675,24.194237725,369.826205225,1318.25,,2024-07-25,2024,2024-07,0.25,59.880239520958085,369.82620522499997,1688.076205225,25-50,Q2,NORMAL_STRATEGY
C,2024-07-24 00:00:00,2024-07-25 00:00:00,GLOBAL,BUY,55766,LIMIT,IOC,14.585713958740234,14.585713958740234,FILLED,,813386.9246231079,1277.0174716582792,89.39122301607955,1366.408694674359,5576.6,,2024-07-25,2024,2024-07,0.1,68.56023660060654,1366.4086946743587,6943.0086946743595,10-25,Q4,NORMAL_STRATEGY
C,2024-07-24 00:00:00,2024-07-25 00:00:00,KTB,BUY,9822,LIMIT,IOC,18.1,18.1,FILLED,,177778.2,279.111774,19.53782418,298.64959818,982.2,,2024-07-25,2024,2024-07,0.1,55.248618784530386,298.64959818,1280.8495981800002,10-25,Q2,NORMAL_STRATEGY
C,2024-07-24 00:00:00,2024-07-25 00:00:00,OSP,BUY,9932,LIMIT,IOC,23.49999961853028,23.49999961853028,FILLED,,233401.99621124272,366.44113405165115,25.65087938361557,392.09201343526655,993.2,,2024-07-25,2024,2024-07,0.1,42.553192180117215,392.0920134352667,1385.2920134352667,10-25,Q2,NORMAL_STRATEGY
C,2024-07-24 00:00:00,2024-07-25 00:00:00,RATCH,BUY,11786,LIMIT,IOC,27.75,27.75,FILLED,,327061.5,513.486555,35.94405885,549.43061385,2946.5,,2024-07-25,2024,2024-07,0.25,90.09009009009009,549.43061385,3495.93061385,25-50,Q3,NORMAL_STRATEGY
C,2024-07-30 00:00:00,2024-07-31 00:00:00,RATCH,SELL,29311,LIMIT,IOC,27.25,27.25,FILLED,,798724.75,1253.9978575,87.779850025,1341.777707525,7327.75,,2024-07-31,2024,2024-07,0.25,91.74311926605505,1341.777707525,8669.527707525,25-50,Q4,NORMAL_STRATEGY
C,2024-07-30 00:00:00,2024-07-31 00:00:00,BGRIM,BUY,18976,LIMIT,IOC,21.700000381469728,21.700000381469728,FILLED,,411779.2072387695,646.4933553648682,45.25453487554077,691.747890240409,1897.6,,2024-07-31,2024,2024-07,0.09999999999999999,46.08294849865209,691.747890240409,2589.347890240409,10-25,Q3,NORMAL_STRATEGY
C,2024-08-02 00:00:00,2024-08-05 00:00:00,OSP,SELL,34612,LIMIT,IOC,23.29999961853028,23.29999961853028,FILLED,,806459.5867965699,1266.1415512706149,88.62990858894302,1354.7714598595578,3461.2,,2024-08-05,2024,2024-08,0.09999999999999999,42.918455638287185,1354.7714598595578,4815.971459859557,10-25,Q4,NORMAL_STRATEGY
C,2024-08-02 00:00:00,2024-08-05 00:00:00,CENTEL,SELL,19482,LIMIT,IOC,38.25,38.25,FILLED,,745186.5,1169.942805,81.89599635,1251.83880135,4870.5,,2024-08-05,2024,2024-08,0.25,65.359477124183,1251.8388013499998,6122.33880135,25-50,Q4,NORMAL_STRATEGY
C,2024-08-02 00:00:00,2024-08-05 00:00:00,GLOBAL,SELL,55766,LIMIT,IOC,13.921428108215332,13.921428108215332,FILLED,,776342.3598827361,1218.8575050158959,85.3200253511127,1304.1775303670083,5576.6,,2024-08-05,2024,2024-08,0.1,71.83171095858182,1304.1775303670086,6880.777530367009,10-25,Q4,NORMAL_STRATEGY
C,2024-08-02 00:00:00,2024-08-05 00:00:00,BGRIM,BUY,13790,LIMIT,IOC,22.30000076293945,22.30000076293945,FILLED,,307517.01052093506,482.801706517868,33.79611945625076,516.5978259741188,1379.0,,2024-08-05,2024,2024-08,0.1,44.843047793160075,516.5978259741188,1895.5978259741187,10-25,Q3,NORMAL_STRATEGY
C,2024-08-02 00:00:00,2024-08-05 00:00:00,IVL,BUY,84520,LIMIT,IOC,18.39999923706055,18.39999923706055,FILLED,,1555167.9355163574,2441.6136587606807,170.91295611324767,2612.526614873929,8452.0,,2024-08-05,2024,2024-08,0.1,54.34782834044035,2612.5266148739283,11064.526614873928,10-25,Q4,NORMAL_STRATEGY
C,2024-08-02 00:00:00,2024-08-05 00:00:00,KTB,BUY,43929,LIMIT,IOC,17.49999961853027,17.49999961853027,FILLED,,768757.4832424163,1206.9492486905935,84.48644740834156,1291.4356960989353,4392.9,,2024-08-05,2024,2024-08,0.09999999999999999,57.142858388472604,1291.435696098935,5684.335696098935,10-25,Q4,NORMAL_STRATEGY
C,2024-08-13 00:00:00,2024-08-14 00:00:00,BGRIM,SELL,69738,LIMIT,IOC,20.50000038146973,20.50000038146973,FILLED,,1429629.0266029357,2244.517571766609,157.11623002366264,2401.633801790272,6973.8,,2024-08-14,2024,2024-08,0.1,48.780486897157125,2401.6338017902717,9375.433801790272,10-25,Q4,NORMAL_STRATEGY
C,2024-08-13 00:00:00,2024-08-14 00:00:00,KTB,SELL,6229,LIMIT,IOC,18.00000038146973,18.00000038146973,FILLED,,112122.00237617492,176.03154373059465,12.322208061141623,188.35375179173624,622.9,,2024-08-14,2024,2024-08,0.09999999999999999,55.555554378179885,188.35375179173627,811.2537517917362,10-25,Q2,NORMAL_STRATEGY
C,2024-08-13 00:00:00,2024-08-14 00:00:00,IVL,SELL,84520,LIMIT,IOC,16.799999618530272,16.799999618530272,FILLED,,1419935.9677581787,2229.2994693803403,156.05096285662384,2385.3504322369645,8452.0,,2024-08-14,2024,2024-08,0.1,59.523810875388804,2385.350432236964,10837.350432236964,10-25,Q4,NORMAL_STRATEGY
C,2024-08-13 00:00:00,2024-08-14 00:00:00,BDMS,BUY,54199,LIMIT,IOC,27.75,27.75,FILLED,,1504022.25,2361.3149325,165.292045275,2526.606977775,13549.75,,2024-08-14,2024,2024-08,0.25,90.09009009009009,2526.606977775,16076.356977775,25-50,Q4,NORMAL_STRATEGY
C,2024-08-13 00:00:00,2024-08-14 00:00:00,OSP,BUY,62929,LIMIT,IOC,23.89999923706055,23.89999923706055,FILLED,,1504003.0519889833,2361.284791622704,165.28993541358923,2526.5747270362926,6292.9,,2024-08-14,2024,2024-08,0.09999999999999999,41.841005519755385,2526.574727036293,8819.474727036293,10-25,Q4,NORMAL_STRATEGY
C,2024-08-26 00:00:00,2024-08-27 00:00:00,KTB,SELL,48590,LIMIT,IOC,18.60000076293945,18.60000076293945,FILLED,,903774.037071228,1418.925238201828,99.32476667412799,1518.250004875956,4859.0,,2024-08-27,2024,2024-08,0.1,53.76343865493288,1518.250004875956,6377.250004875956,10-25,Q4,NORMAL_STRATEGY
C,2024-08-26 00:00:00,2024-08-27 00:00:00,OSP,SELL,62929,LIMIT,IOC,22.69999923706055,22.69999923706055,FILLED,,1428488.2519889832,2242.7265556227035,156.99085889358923,2399.7174145162926,6292.9,,2024-08-27,2024,2024-08,0.09999999999999999,44.05286491672548,2399.7174145162926,8692.617414516291,10-25,Q4,NORMAL_STRATEGY
C,2024-08-26 00:00:00,2024-08-27 00:00:00,IVL,BUY,33513,LIMIT,IOC,19.1,19.1,FILLED,,640098.3,1004.954331,70.34680317,1075.30113417,3351.3,,2024-08-27,2024,2024-08,0.1,52.35602094240838,1075.30113417,4426.6011341700005,10-25,Q3,NORMAL_STRATEGY
C,2024-08-26 00:00:00,2024-08-27 00:00:00,MTC,BUY,14224,LIMIT,IOC,45.0,45.0,FILLED,,640080.0,1004.9256,70.344792,1075.270392,3556.0,,2024-08-27,2024,2024-08,0.25,55.55555555555556,1075.2703920000001,4631.270392,25-50,Q3,NORMAL_STRATEGY
C,2024-08-26 00:00:00,2024-08-27 00:00:00,TOP,BUY,12020,LIMIT,IOC,53.25,53.25,FILLED,,640065.0,1004.90205,70.3431435,1075.2451935,3005.0,,2024-08-27,2024,2024-08,0.25,46.948356807511736,1075.2451935,4080.2451935,50-100,Q3,NORMAL_STRATEGY
C,2024-08-29 00:00:00,2024-08-30 00:00:00,IVL,SELL,33513,LIMIT,IOC,18.00000038146973,18.00000038146973,FILLED,,603234.012784195,947.0774000711859,66.29541800498303,1013.3728180761692,3351.3,,2024-08-30,2024,2024-08,0.1,55.55555437817988,1013.372818076169,4364.672818076169,10-25,Q3,NORMAL_STRATEGY
C,2024-08-29 00:00:00,2024-08-30 00:00:00,KTB,BUY,4969,LIMIT,IOC,18.700000381469728,18.700000381469728,FILLED,,92920.30189552307,145.88487397597123,10.211941178317984,156.0968151542892,496.9,,2024-08-30,2024,2024-08,0.09999999999999999,53.475934737997314,156.0968151542892,652.9968151542892,10-25,Q2,NORMAL_STRATEGY
C,2024-08-29 00:00:00,2024-08-30 00:00:00,MTC,BUY,2264,LIMIT,IOC,44.25,44.25,FILLED,,100182.0,157.28574,11.0100018,168.2957418,566.0,,2024-08-30,2024,2024-08,0.25,56.497175141242934,168.2957418,734.2957418,25-50,Q2,NORMAL_STRATEGY
C,2024-08-29 00:00:00,2024-08-30 00:00:00,RATCH,BUY,23727,LIMIT,IOC,30.75,30.75,FILLED,,729605.25,1145.4802425,80.183616975,1225.663859475,5931.75,,2024-08-30,2024,2024-08,0.25,81.30081300813009,1225.663859475,7157.413859475,25-50,Q4,NORMAL_STRATEGY
C,2024-09-03 00:00:00,2024-09-04 00:00:00,MTC,SELL,5345,LIMIT,IOC,43.5,43.5,FILLED,,232507.5,365.036775,25.55257425,390.58934925,1336.25,,2024-09-04,2024,2024-09,0.25,57.47126436781609,390.58934925,1726.83934925,25-50,Q2,NORMAL_STRATEGY
C,2024-09-11 00:00:00,2024-09-12 00:00:00,MTC,SELL,1701,LIMIT,IOC,48.75,48.75,FILLED,,82923.75,130.1902875,9.113320125,139.303607625,425.25,,2024-09-12,2024,2024-09,0.25,51.282051282051285,139.303607625,564.553607625,25-50,Q2,NORMAL_STRATEGY
C,2024-09-11 00:00:00,2024-09-12 00:00:00,RATCH,SELL,23727,LIMIT,IOC,31.75,31.75,FILLED,,753332.25,1182.7316325,82.791214275,1265.522846775,5931.75,,2024-09-12,2024,2024-09,0.25,78.74015748031496,1265.5228467749998,7197.272846775,25-50,Q4,NORMAL_STRATEGY
C,2024-09-11 00:00:00,2024-09-12 00:00:00,CENTEL,BUY,12401,LIMIT,IOC,37.5,37.5,FILLED,,465037.5,730.108875,51.10762125,781.21649625,3100.25,,2024-09-12,2024,2024-09,0.25,66.66666666666667,781.21649625,3881.46649625,25-50,Q3,NORMAL_STRATEGY
C,2024-09-11 00:00:00,2024-09-12 00:00:00,GLOBAL,BUY,32087,LIMIT,IOC,14.49285659790039,14.49285659790039,FILLED,,465032.2896568298,730.1006947612227,51.1070486332856,781.2077433945085,3208.7,,2024-09-12,2024,2024-09,0.09999999999999999,68.99950974087966,781.2077433945083,3989.907743394508,10-25,Q3,NORMAL_STRATEGY
C,2024-09-16 00:00:00,2024-09-17 00:00:00,KTB,SELL,16419,LIMIT,IOC,20.4,20.4,FILLED,,334947.6,525.867732,36.81074124,562.67847324,1641.9,,2024-09-17,2024,2024-09,0.1,49.019607843137265,562.67847324,2204.57847324,10-25,Q3,NORMAL_STRATEGY
C,2024-09-16 00:00:00,2024-09-17 00:00:00,MTC,SELL,533,LIMIT,IOC,51.75,51.75,FILLED,,27582.75,43.3049175,3.031344225,46.336261725,133.25,,2024-09-17,2024,2024-09,0.25,48.30917874396135,46.336261725,179.58626172499999,50-100,Q1,NORMAL_STRATEGY
C,2024-09-16 00:00:00,2024-09-17 00:00:00,GLOBAL,SELL,32087,LIMIT,IOC,14.66428508758545,14.66428508758545,FILLED,,470532.9156053543,738.7366775004062,51.71156742502844,790.4482449254347,3208.7,,2024-09-17,2024,2024-09,0.09999999999999999,68.19289137024376,790.4482449254347,3999.1482449254345,10-25,Q3,NORMAL_STRATEGY
C,2024-09-16 00:00:00,2024-09-17 00:00:00,BGRIM,BUY,19809,LIMIT,IOC,23.49999961853028,23.49999961853028,FILLED,,465511.4924434663,730.8530431362419,51.159713019536945,782.0127561557789,1980.9,,2024-09-17,2024,2024-09,0.1,42.5531921801172,782.0127561557789,2762.912756155779,10-25,Q3,NORMAL_STRATEGY
C,2024-09-16 00:00:00,2024-09-17 00:00:00,IVL,BUY,19642,LIMIT,IOC,23.700000381469728,23.700000381469728,FILLED,,465515.4074928284,730.8591897637405,51.16014328346184,782.0193330472024,1964.2,,2024-09-17,2024,2024-09,0.1,42.19409214785786,782.0193330472023,2746.2193330472023,10-25,Q3,NORMAL_STRATEGY
C,2024-09-19 00:00:00,2024-09-20 00:00:00,BDMS,SELL,54199,LIMIT,IOC,30.0,30.0,FILLED,,1625970.0,2552.7729,178.694103,2731.467003,13549.75,,2024-09-20,2024,2024-09,0.25,83.33333333333333,2731.4670029999997,16281.217003,25-50,Q4,NORMAL_STRATEGY
C,2024-09-19 00:00:00,2024-09-20 00:00:00,MTC,SELL,11,LIMIT,IOC,52.75,52.75,FILLED,,580.25,0.9109925,0.063769475,0.974761975,2.75,,2024-09-20,2024,2024-09,0.25,47.39336492890995,0.974761975,3.724761975,50-100,Q1,NORMAL_STRATEGY
C,2024-09-19 00:00:00,2024-09-20 00:00:00,GLOBAL,BUY,32905,LIMIT,IOC,14.400000190734865,14.400000190734865,FILLED,,473832.0062761306,743.9162498535251,52.07413748974676,795.9903873432719,3290.5,,2024-09-20,2024,2024-09,0.1,69.4444435246197,795.9903873432718,4086.490387343272,10-25,Q3,NORMAL_STRATEGY
C,2024-09-19 00:00:00,2024-09-20 00:00:00,PTTGC,BUY,16626,LIMIT,IOC,28.5,28.5,FILLED,,473841.0,743.93037,52.0751259,796.0054959,4156.5,,2024-09-20,2024,2024-09,0.25,87.71929824561403,796.0054959,4952.5054959,25-50,Q3,NORMAL_STRATEGY
C,2024-09-19 00:00:00,2024-09-20 00:00:00,SCGP,BUY,16339,LIMIT,IOC,29.0,29.0,FILLED,,473831.0,743.91467,52.0740269,795.9886969,4084.75,,2024-09-20,2024,2024-09,0.25,86.20689655172414,795.9886969,4880.7386969,25-50,Q3,NORMAL_STRATEGY
C,2024-09-24 00:00:00,2024-09-25 00:00:00,TOP,SELL,12020,LIMIT,IOC,52.0,52.0,FILLED,,625040.0,981.3128,68.691896,1050.004696,3005.0,,2024-09-25,2024,2024-09,0.25,48.07692307692308,1050.004696,4055.004696,50-100,Q3,NORMAL_STRATEGY
C,2024-09-24 00:00:00,2024-09-25 00:00:00,IVL,SELL,877,LIMIT,IOC,25.25,25.25,FILLED,,22144.25,34.7664725,2.433653075,37.200125575,219.25,,2024-09-25,2024,2024-09,0.25,99.00990099009901,37.200125575,256.450125575,25-50,Q1,NORMAL_STRATEGY
C,2024-09-24 00:00:00,2024-09-25 00:00:00,PTTGC,SELL,1643,LIMIT,IOC,31.75,31.75,FILLED,,52165.25,81.8994425,5.732960975,87.632403475,410.75,,2024-09-25,2024,2024-09,0.25,78.74015748031496,87.632403475,498.382403475,25-50,Q1,NORMAL_STRATEGY
C,2024-09-24 00:00:00,2024-09-25 00:00:00,SCGP,SELL,1000,LIMIT,IOC,31.0,31.0,FILLED,,31000.0,48.67,3.4069,52.0769,250.0,,2024-09-25,2024,2024-09,0.25,80.64516129032258,52.0769,302.0769,25-50,Q1,NORMAL_STRATEGY
C,2024-09-24 00:00:00,2024-09-25 00:00:00,BDMS,BUY,15587,LIMIT,IOC,31.0,31.0,FILLED,,483197.0,758.61929,53.1033503,811.7226403,3896.75,,2024-09-25,2024,2024-09,0.25,80.64516129032258,811.7226403,4708.4726403,25-50,Q3,NORMAL_STRATEGY
C,2024-09-24 00:00:00,2024-09-25 00:00:00,BGRIM,BUY,840,LIMIT,IOC,23.39999923706055,23.39999923706055,FILLED,,19655.999359130856,30.859918993835446,2.160194329568481,33.020113323403926,84.0,,2024-09-25,2024,2024-09,0.1,42.73504412838681,33.020113323403926,117.02011332340393,10-25,Q1,NORMAL_STRATEGY
C,2024-09-24 00:00:00,2024-09-25 00:00:00,HMPRO,BUY,45159,LIMIT,IOC,10.700000381469728,10.700000381469728,FILLED,,483201.31722679135,758.6260680460625,53.103824763224374,811.7298928092869,4515.9,,2024-09-25,2024,2024-09,0.09999999999999999,93.45794059332944,811.7298928092869,5327.6298928092865,10-25,Q3,NORMAL_STRATEGY
C,2024-09-24 00:00:00,2024-09-25 00:00:00,MTC,BUY,766,LIMIT,IOC,50.0,50.0,FILLED,,38300.0,60.131,4.20917,64.34017,191.5,,2024-09-25,2024,2024-09,0.25,50.0,64.34017,255.84017,25-50,Q1,NORMAL_STRATEGY
C,2024-09-27 00:00:00,2024-09-30 00:00:00,CENTEL,SELL,579,LIMIT,IOC,39.75,39.75,FILLED,,23015.25,36.1339425,2.529375975,38.663318475,144.75,,2024-09-30,2024,2024-09,0.25,62.89308176100629,38.663318475000004,183.413318475,25-50,Q1,NORMAL_STRATEGY
C,2024-09-27 00:00:00,2024-09-30 00:00:00,BGRIM,SELL,571,LIMIT,IOC,23.50000038146973,23.50000038146973,FILLED,,13418.500217819214,21.06704534197617,1.4746931739383315,22.541738515914496,57.1,,2024-09-30,2024,2024-09,0.1,42.55319079860621,22.5417385159145,79.6417385159145,10-25,Q1,NORMAL_STRATEGY
C,2024-09-27 00:00:00,2024-09-30 00:00:00,GLOBAL,SELL,32905,LIMIT,IOC,14.478571319580078,14.478571319580078,FILLED,,476417.38927078247,747.9753011551284,52.35827108085899,800.3335722359874,3290.5,,2024-09-30,2024,2024-09,0.1,69.06758808775913,800.3335722359874,4090.8335722359875,10-25,Q3,NORMAL_STRATEGY
C,2024-09-27 00:00:00,2024-09-30 00:00:00,HMPRO,SELL,267,LIMIT,IOC,10.4,10.4,FILLED,,2776.8,4.359576,0.30517032,4.66474632,26.7,,2024-09-30,2024,2024-09,0.09999999999999999,96.15384615384615,4.66474632,31.36474632,10-25,Q1,NORMAL_STRATEGY
C,2024-09-27 00:00:00,2024-09-30 00:00:00,BDMS,BUY,14,LIMIT,IOC,30.5,30.5,FILLED,,427.0,0.67039,0.0469273,0.7173173,3.5,,2024-09-30,2024,2024-09,0.25,81.9672131147541,0.7173173,4.2173173,25-50,Q1,NORMAL_STRATEGY
C,2024-09-27 00:00:00,2024-09-30 00:00:00,IVL,BUY,980,LIMIT,IOC,24.1,24.1,FILLED,,23618.0,37.08026,2.5956182,39.6758782,98.0,,2024-09-30,2024,2024-09,0.1,41.49377593360996,39.6758782,137.6758782,10-25,Q1,NORMAL_STRATEGY
C,2024-09-27 00:00:00,2024-09-30 00:00:00,KTB,BUY,501,LIMIT,IOC,20.6,20.6,FILLED,,10320.6,16.203342,1.13423394,17.33757594,50.1,,2024-09-30,2024,2024-09,0.1,48.543689320388346,17.33757594,67.43757594,10-25,Q1,NORMAL_STRATEGY
C,2024-09-27 00:00:00,2024-09-30 00:00:00,LH,BUY,74352,LIMIT,IOC,6.399999904632568,6.399999904632568,FILLED,,475852.7929092407,747.088884867508,52.29622194072555,799.3851068082334,3717.6,,2024-09-30,2024,2024-09,0.049999999999999996,78.12500116415323,799.3851068082336,4516.9851068082335,5-10,Q3,NORMAL_STRATEGY
C,2024-09-27 00:00:00,2024-09-30 00:00:00,PTTGC,BUY,618,LIMIT,IOC,30.5,30.5,FILLED,,18849.0,29.59293,2.0715051,31.6644351,154.5,,2024-09-30,2024,2024-09,0.25,81.9672131147541,31.6644351,186.1644351,25-50,Q1,NORMAL_STRATEGY
C,2024-09-27 00:00:00,2024-09-30 00:00:00,SCGP,BUY,791,LIMIT,IOC,29.5,29.5,FILLED,,23334.5,36.635165,2.56446155,39.19962655,197.75,,2024-09-30,2024,2024-09,0.25,84.7457627118644,39.19962655,236.94962655,25-50,Q1,NORMAL_STRATEGY
C,2024-10-02 00:00:00,2024-10-03 00:00:00,MTC,SELL,9664,LIMIT,IOC,49.0,49.0,FILLED,,473536.0,743.45152,52.0416064,795.4931264,2416.0,,2024-10-03,2024,2024-10,0.25,51.0204081632653,795.4931263999999,3211.4931263999997,25-50,Q3,NORMAL_STRATEGY
C,2024-10-02 00:00:00,2024-10-03 00:00:00,HMPRO,SELL,44892,LIMIT,IOC,10.500000381469729,10.500000381469729,FILLED,,471366.017124939,740.0446468861543,51.8031252820308,791.847772168185,4489.2,,2024-10-03,2024,2024-10,0.09999999999999999,95.23809177805248,791.8477721681851,5281.047772168185,10-25,Q3,NORMAL_STRATEGY
C,2024-10-02 00:00:00,2024-10-03 00:00:00,BGRIM,BUY,1795,LIMIT,IOC,23.80000076293945,23.80000076293945,FILLED,,42721.00136947632,67.07197215007781,4.695038050505447,71.76701020058327,179.5,,2024-10-03,2024,2024-10,0.1,42.01680537578662,71.76701020058326,251.26701020058326,10-25,Q1,NORMAL_STRATEGY
C,2024-10-02 00:00:00,2024-10-03 00:00:00,CENTEL,BUY,1274,LIMIT,IOC,39.75,39.75,FILLED,,50641.5,79.507155,5.56550085,85.07265585,318.5,,2024-10-03,2024,2024-10,0.25,62.89308176100629,85.07265585,403.57265585,25-50,Q1,NORMAL_STRATEGY
C,2024-10-02 00:00:00,2024-10-03 00:00:00,IVL,BUY,1590,LIMIT,IOC,24.39999923706055,24.39999923706055,FILLED,,38795.99878692626,60.90971809547424,4.263680266683197,65.17339836215744,159.0,,2024-10-03,2024,2024-10,0.1,40.98360783885293,65.17339836215744,224.17339836215746,10-25,Q1,NORMAL_STRATEGY
C,2024-10-02 00:00:00,2024-10-03 00:00:00,KTB,BUY,1573,LIMIT,IOC,21.1,21.1,FILLED,,33190.3,52.108771,3.64761397,55.75638497,157.3,,2024-10-03,2024,2024-10,0.1,47.393364928909946,55.75638497,213.05638497,10-25,Q1,NORMAL_STRATEGY
C,2024-10-02 00:00:00,2024-10-03 00:00:00,LH,BUY,6989,LIMIT,IOC,6.399999904632568,6.399999904632568,FILLED,,44729.59933347702,70.22547095355893,4.915782966749124,75.14125392030803,349.45,,2024-10-03,2024,2024-10,0.049999999999999996,78.12500116415323,75.14125392030805,424.591253920308,5-10,Q1,NORMAL_STRATEGY
C,2024-10-02 00:00:00,2024-10-03 00:00:00,PTTGC,BUY,1897,LIMIT,IOC,29.75,29.75,FILLED,,56435.75,88.6041275,6.202288925,94.806416425,474.25,,2024-10-03,2024,2024-10,0.25,84.03361344537815,94.80641642500001,569.056416425,25-50,Q2,NORMAL_STRATEGY
C,2024-10-02 00:00:00,2024-10-03 00:00:00,SCGP,BUY,1222,LIMIT,IOC,30.0,30.0,FILLED,,36660.0,57.5562,4.028934,61.585134,305.5,,2024-10-03,2024,2024-10,0.25,83.33333333333333,61.585134,367.085134,25-50,Q1,NORMAL_STRATEGY
C,2024-10-07 00:00:00,2024-10-08 00:00:00,BGRIM,SELL,21873,LIMIT,IOC,22.69999923706055,22.69999923706055,FILLED,,496517.0833122253,779.5318208001939,54.56722745601357,834.0990482562073,2187.3,,2024-10-08,2024,2024-10,0.1,44.052864916725504,834.0990482562075,3021.3990482562076,10-25,Q3,NORMAL_STRATEGY
C,2024-10-07 00:00:00,2024-10-08 00:00:00,CENTEL,BUY,4081,LIMIT,IOC,38.75,38.75,FILLED,,158138.75,248.2778375,17.379448625,265.657286125,1020.25,,2024-10-08,2024,2024-10,0.25,64.51612903225806,265.657286125,1285.907286125,25-50,Q2,NORMAL_STRATEGY
C,2024-10-07 00:00:00,2024-10-08 00:00:00,IVL,BUY,6284,LIMIT,IOC,24.1,24.1,FILLED,,151444.4,237.767708,16.64373956,254.41144756,628.4,,2024-10-08,2024,2024-10,0.09999999999999999,41.49377593360996,254.41144756,882.81144756,10-25,Q2,NORMAL_STRATEGY
C,2024-10-07 00:00:00,2024-10-08 00:00:00,KTB,BUY,7329,LIMIT,IOC,20.80000076293945,20.80000076293945,FILLED,,152443.20559158325,239.3358327787857,16.753508294515,256.0893410733007,732.9,,2024-10-08,2024,2024-10,0.09999999999999999,48.07692131347211,256.0893410733007,988.9893410733007,10-25,Q2,NORMAL_STRATEGY
C,2024-10-07 00:00:00,2024-10-08 00:00:00,PTTGC,BUY,5455,LIMIT,IOC,29.0,29.0,FILLED,,158195.0,248.36615,17.3856305,265.7517805,1363.75,,2024-10-08,2024,2024-10,0.25,86.20689655172414,265.7517805,1629.5017805,25-50,Q2,NORMAL_STRATEGY
C,2024-10-07 00:00:00,2024-10-08 00:00:00,SCGP,BUY,5404,LIMIT,IOC,29.25,29.25,FILLED,,158067.0,248.16519,17.3715633,265.5367533,1351.0,,2024-10-08,2024,2024-10,0.25,85.47008547008548,265.5367533,1616.5367532999999,25-50,Q2,NORMAL_STRATEGY
C,2024-10-10 00:00:00,2024-10-11 00:00:00,CENTEL,SELL,17177,LIMIT,IOC,38.25,38.25,FILLED,,657020.25,1031.5217925,72.206525475,1103.728317975,4294.25,,2024-10-11,2024,2024-10,0.25,65.359477124183,1103.728317975,5397.978317975,25-50,Q3,NORMAL_STRATEGY
C,2024-10-10 00:00:00,2024-10-11 00:00:00,PTTGC,SELL,22953,LIMIT,IOC,28.5,28.5,FILLED,,654160.5,1027.031985,71.89223895,1098.92422395,5738.25,,2024-10-11,2024,2024-10,0.25,87.71929824561403,1098.9242239500002,6837.17422395,25-50,Q3,NORMAL_STRATEGY
C,2024-10-10 00:00:00,2024-10-11 00:00:00,SCGP,SELL,22756,LIMIT,IOC,27.5,27.5,FILLED,,625790.0,982.4903,68.774321,1051.264621,5689.0,,2024-10-11,2024,2024-10,0.25,90.9090909090909,1051.264621,6740.264621,25-50,Q3,NORMAL_STRATEGY
C,2024-10-10 00:00:00,2024-10-11 00:00:00,BGRIM,BUY,31817,LIMIT,IOC,23.80000076293945,23.80000076293945,FILLED,,757244.6242744445,1188.874060110878,83.22118420776147,1272.0952443186393,3181.7,,2024-10-11,2024,2024-10,0.09999999999999999,42.01680537578662,1272.0952443186395,4453.79524431864,10-25,Q4,NORMAL_STRATEGY
C,2024-10-10 00:00:00,2024-10-11 00:00:00,IVL,BUY,3163,LIMIT,IOC,24.6,24.6,FILLED,,77809.8,122.161386,8.55129702,130.71268302,316.3,,2024-10-11,2024,2024-10,0.1,40.65040650406504,130.71268302,447.01268302,10-25,Q2,NORMAL_STRATEGY
C,2024-10-10 00:00:00,2024-10-11 00:00:00,KTB,BUY,3718,LIMIT,IOC,21.200000381469728,21.200000381469728,FILLED,,78821.60141830445,123.74991422673796,8.662493995871658,132.41240822260963,371.8,,2024-10-11,2024,2024-10,0.1,47.16981047198798,132.41240822260963,504.2124082226096,10-25,Q2,NORMAL_STRATEGY
C,2024-10-10 00:00:00,2024-10-11 00:00:00,MTC,BUY,14632,LIMIT,IOC,51.75,51.75,FILLED,,757206.0,1188.81342,83.2169394,1272.0303594,3658.0,,2024-10-11,2024,2024-10,0.25,48.30917874396135,1272.0303594,4930.0303594,50-100,Q4,NORMAL_STRATEGY
C,2024-10-16 00:00:00,2024-10-17 00:00:00,IVL,SELL,30782,LIMIT,IOC,24.75,24.75,FILLED,,761854.5,1196.111565,83.72780955,1279.83937455,7695.5,,2024-10-17,2024,2024-10,0.25,101.01010101010102,1279.83937455,8975.33937455,10-25,Q4,NORMAL_STRATEGY
C,2024-10-16 00:00:00,2024-10-17 00:00:00,LH,SELL,81341,LIMIT,IOC,6.299999904632568,6.299999904632568,FILLED,,512448.2922427177,804.5438188210669,56.31806731747468,860.8618861385414,4067.05,,2024-10-17,2024,2024-10,0.05,79.36508056648316,860.8618861385415,4927.911886138541,5-10,Q3,NORMAL_STRATEGY
C,2024-10-16 00:00:00,2024-10-17 00:00:00,BGRIM,SELL,31817,LIMIT,IOC,24.29999961853028,24.29999961853028,FILLED,,773153.0878627778,1213.8503479445612,84.96952435611928,1298.8198723006803,3181.7,,2024-10-17,2024,2024-10,0.09999999999999999,41.152264020507936,1298.8198723006806,4480.519872300681,10-25,Q4,NORMAL_STRATEGY
C,2024-10-16 00:00:00,2024-10-17 00:00:00,MTC,SELL,14632,LIMIT,IOC,53.75,53.75,FILLED,,786470.0,1234.7579,86.433053,1321.190953,3658.0,,2024-10-17,2024,2024-10,0.25,46.51162790697674,1321.190953,4979.190953,50-100,Q4,NORMAL_STRATEGY
C,2024-10-16 00:00:00,2024-10-17 00:00:00,GLOBAL,BUY,102293,LIMIT,IOC,15.14285717010498,15.14285717010498,FILLED,,1549008.2885015488,2431.9430129474317,170.2360109063202,2602.179023853752,10229.3,,2024-10-17,2024,2024-10,0.09999999999999999,66.03773573022926,2602.179023853752,12831.479023853752,10-25,Q4,NORMAL_STRATEGY
C,2024-10-21 00:00:00,2024-10-22 00:00:00,GLOBAL,SELL,41567,LIMIT,IOC,15.035713577270508,15.035713577270508,FILLED,,624989.5062664032,981.233524838253,68.68634673867771,1049.9198715769307,4156.7,,2024-10-22,2024,2024-10,0.09999999999999999,66.50831667289141,1049.9198715769307,5206.619871576931,10-25,Q3,NORMAL_STRATEGY
C,2024-10-25 00:00:00,2024-10-28 00:00:00,KTB,SELL,35719,LIMIT,IOC,20.79999961853028,20.79999961853028,FILLED,,742955.1863742829,1166.4396426076241,81.65077498253369,1248.090417590158,3571.9,,2024-10-28,2024,2024-10,0.1,48.07692395864861,1248.0904175901578,4819.990417590157,10-25,Q4,NORMAL_STRATEGY
C,2024-10-25 00:00:00,2024-10-28 00:00:00,BDMS,SELL,15601,LIMIT,IOC,28.25,28.25,FILLED,,440728.25,691.9433525,48.436034675,740.379387175,3900.25,,2024-10-28,2024,2024-10,0.25,88.49557522123894,740.3793871749999,4640.629387175,25-50,Q3,NORMAL_STRATEGY
C,2024-10-25 00:00:00,2024-10-28 00:00:00,GLOBAL,SELL,60726,LIMIT,IOC,14.571427726745604,14.571427726745604,FILLED,,884864.5201343534,1389.237296610935,97.24661076276544,1486.4839073737005,6072.6,,2024-10-28,2024,2024-10,0.1,68.6274549586186,1486.4839073737003,7559.083907373701,10-25,Q4,NORMAL_STRATEGY
C,2024-10-25 00:00:00,2024-10-28 00:00:00,IVL,BUY,89775,LIMIT,IOC,25.5,25.5,FILLED,,2289262.5,3594.142125,251.58994875,3845.73207375,22443.75,,2024-10-28,2024,2024-10,0.25,98.0392156862745,3845.73207375,26289.48207375,25-50,Q4,NORMAL_STRATEGY
C,2024-11-12 00:00:00,2024-11-13 00:00:00,IVL,BUY,82849,LIMIT,IOC,26.75,26.75,FILLED,,2216210.75,3479.4508775,243.561561425,3723.012438925,20712.25,,2024-11-13,2024,2024-11,0.25,93.45794392523364,3723.012438925,24435.262438925,25-50,Q4,NORMAL_STRATEGY
C,2024-11-15 00:00:00,2024-11-18 00:00:00,IVL,SELL,172624,LIMIT,IOC,25.5,25.5,FILLED,,4401912.0,6911.00184,483.7701288,7394.7719688,43156.0,,2024-11-18,2024,2024-11,0.25,98.0392156862745,7394.7719688,50550.7719688,25-50,Q4,NORMAL_STRATEGY
C,2024-11-20 00:00:00,2024-11-21 00:00:00,CENTEL,BUY,116559,LIMIT,IOC,38.25,38.25,FILLED,,4458381.75,6999.6593475,489.976154325,7489.635501825,29139.75,,2024-11-21,2024,2024-11,0.25,65.359477124183,7489.635501825,36629.385501825,25-50,Q4,NORMAL_STRATEGY
C,2024-11-25 00:00:00,2024-11-26 00:00:00,CENTEL,SELL,78542,LIMIT,IOC,37.25,37.25,FILLED,,2925689.5,4593.332515,321.53327605,4914.86579105,19635.5,,2024-11-26,2024,2024-11,0.25,67.11409395973155,4914.86579105,24550.36579105,25-50,Q4,NORMAL_STRATEGY
C,2024-11-25 00:00:00,2024-11-26 00:00:00,HMPRO,BUY,145701,LIMIT,IOC,9.850000190734864,9.850000190734864,FILLED,,1435154.8777902601,2253.193158130709,157.7235210691496,2410.916679199858,7285.05,,2024-11-26,2024,2024-11,0.05,50.761420336855586,2410.9166791998587,9695.966679199859,5-10,Q4,NORMAL_STRATEGY
C,2024-11-25 00:00:00,2024-11-26 00:00:00,OSP,BUY,66751,LIMIT,IOC,21.49999961853028,21.49999961853028,FILLED,,1435146.4745365144,2253.179965022328,157.72259755156293,2410.902562573891,6675.1,,2024-11-26,2024,2024-11,0.1,46.51162873222225,2410.902562573891,9086.00256257389,10-25,Q4,NORMAL_STRATEGY
C,2024-12-03 00:00:00,2024-12-04 00:00:00,CENTEL,SELL,9394,LIMIT,IOC,37.0,37.0,FILLED,,347578.0,545.69746,38.1988222,583.8962822,2348.5,,2024-12-04,2024,2024-12,0.25,67.56756756756756,583.8962822,2932.3962822,25-50,Q3,NORMAL_STRATEGY
C,2024-12-03 00:00:00,2024-12-04 00:00:00,HMPRO,SELL,36728,LIMIT,IOC,9.750000190734864,9.750000190734864,FILLED,,358098.00700531004,562.2138709983368,39.35497096988357,601.5688419682205,1836.4,,2024-12-04,2024,2024-12,0.05,51.282050278843606,601.5688419682203,2437.9688419682207,5-10,Q3,NORMAL_STRATEGY
C,2024-12-03 00:00:00,2024-12-04 00:00:00,OSP,SELL,17287,LIMIT,IOC,21.50000038146973,21.50000038146973,FILLED,,371670.5065944672,583.5226953533136,40.84658867473193,624.3692840280454,1728.7,,2024-12-04,2024,2024-12,0.1,46.51162708173126,624.3692840280455,2353.0692840280453,10-25,Q3,NORMAL_STRATEGY
C,2024-12-03 00:00:00,2024-12-04 00:00:00,RATCH,BUY,33027,LIMIT,IOC,32.5,32.5,FILLED,,1073377.5,1685.202675,117.96418725,1803.16686225,8256.75,,2024-12-04,2024,2024-12,0.25,76.92307692307693,1803.16686225,10059.91686225,25-50,Q4,NORMAL_STRATEGY
C,2024-12-09 00:00:00,2024-12-11 00:00:00,OSP,SELL,10316,LIMIT,IOC,21.69999923706055,21.69999923706055,FILLED,,223857.1921295166,351.45579164334106,24.601905415033876,376.05769705837486,1031.6,,2024-12-11,2024,2024-12,0.09999999999999999,46.08295092896319,376.0576970583749,1407.6576970583749,10-25,Q2,NORMAL_STRATEGY
C,2024-12-09 00:00:00,2024-12-11 00:00:00,RATCH,SELL,6647,LIMIT,IOC,32.0,32.0,FILLED,,212704.0,333.94528,23.3761696,357.3214496,1661.75,,2024-12-11,2024,2024-12,0.25,78.125,357.32144960000005,2019.0714496,25-50,Q2,NORMAL_STRATEGY
C,2024-12-13 00:00:00,2024-12-16 00:00:00,CENTEL,SELL,28623,LIMIT,IOC,34.75,34.75,FILLED,,994649.25,1561.5993225,109.311952575,1670.911275075,7155.75,,2024-12-16,2024,2024-12,0.25,71.94244604316548,1670.911275075,8826.661275075,25-50,Q4,NORMAL_STRATEGY
C,2024-12-13 00:00:00,2024-12-16 00:00:00,HMPRO,SELL,23283,LIMIT,IOC,9.649999809265136,9.649999809265136,FILLED,,224680.94555912015,352.7490845278187,24.692435916947307,377.441520444766,1164.15,,2024-12-16,2024,2024-12,0.05,51.813472526698,377.441520444766,1541.591520444766,5-10,Q2,NORMAL_STRATEGY
C,2024-12-13 00:00:00,2024-12-16 00:00:00,OSP,SELL,39148,LIMIT,IOC,21.10000076293945,21.10000076293945,FILLED,,826022.8298675538,1296.8558428920592,90.77990900244416,1387.6357518945033,3914.8,,2024-12-16,2024,2024-12,0.1,47.39336321524803,1387.6357518945033,5302.4357518945035,10-25,Q4,NORMAL_STRATEGY
C,2024-12-13 00:00:00,2024-12-16 00:00:00,IVL,BUY,30943,LIMIT,IOC,27.0,27.0,FILLED,,835461.0,1311.67377,91.8171639,1403.4909339,7735.75,,2024-12-16,2024,2024-12,0.25,92.59259259259258,1403.4909339,9139.2409339,25-50,Q4,NORMAL_STRATEGY
C,2024-12-13 00:00:00,2024-12-16 00:00:00,RATCH,BUY,143,LIMIT,IOC,31.5,31.5,FILLED,,4504.5,7.072065,0.49504455,7.56710955,35.75,,2024-12-16,2024,2024-12,0.25,79.36507936507937,7.5671095500000005,43.31710955,25-50,Q1,NORMAL_STRATEGY
C,2024-12-18 00:00:00,2024-12-19 00:00:00,HMPRO,SELL,85690,LIMIT,IOC,9.000000190734863,9.000000190734863,FILLED,,771210.0163440704,1210.7997256601905,84.75598079621335,1295.5557064564039,4284.5,,2024-12-19,2024,2024-12,0.05,55.55555437817988,1295.5557064564039,5580.055706456404,5-10,Q4,NORMAL_STRATEGY
C,2024-12-18 00:00:00,2024-12-19 00:00:00,RATCH,SELL,26523,LIMIT,IOC,30.5,30.5,FILLED,,808951.5,1270.053855,88.90376985,1358.95762485,6630.75,,2024-12-19,2024,2024-12,0.25,81.9672131147541,1358.9576248500002,7989.70762485,25-50,Q4,NORMAL_STRATEGY
C,2024-12-18 00:00:00,2024-12-19 00:00:00,IVL,BUY,47580,LIMIT,IOC,25.75,25.75,FILLED,,1225185.0,1923.54045,134.6478315,2058.1882815,11895.0,,2024-12-19,2024,2024-12,0.25,97.08737864077669,2058.1882815,13953.188281499999,25-50,Q4,NORMAL_STRATEGY
C,2024-12-18 00:00:00,2024-12-19 00:00:00,KTB,BUY,95828,LIMIT,IOC,21.1,21.1,FILLED,,2021970.8,3174.494156,222.21459092,3396.70874692,9582.8,,2024-12-19,2024,2024-12,0.09999999999999999,47.393364928909946,3396.70874692,12979.508746919999,10-25,Q4,NORMAL_STRATEGY
C,2024-12-23 00:00:00,2024-12-24 00:00:00,IVL,SELL,27644,LIMIT,IOC,26.0,26.0,FILLED,,718744.0,1128.42808,78.9899656,1207.4180456,6911.0,,2024-12-24,2024,2024-12,0.25,96.15384615384616,1207.4180456,8118.4180455999995,25-50,Q3,NORMAL_STRATEGY
C,2024-12-26 00:00:00,2024-12-27 00:00:00,IVL,SELL,50879,LIMIT,IOC,25.5,25.5,FILLED,,1297414.5,2036.940765,142.58585355,2179.52661855,12719.75,,2024-12-27,2024,2024-12,0.25,98.0392156862745,2179.52661855,14899.27661855,25-50,Q4,NORMAL_STRATEGY
C,2025-01-02 00:00:00,2025-01-03 00:00:00,KTB,SELL,32080,LIMIT,IOC,21.10000076293945,21.10000076293945,FILLED,,676888.0244750977,1062.7141984259033,74.38999388981323,1137.1041923157163,3208.0,,2025-01-03,2025,2025-01,0.1,47.39336321524803,1137.1041923157165,4345.104192315716,10-25,Q3,NORMAL_STRATEGY
C,2025-01-02 00:00:00,2025-01-03 00:00:00,COM7,BUY,52224,LIMIT,IOC,26.0,26.0,FILLED,,1357824.0,2131.78368,149.2248576,2281.0085376,13056.0,,2025-01-03,2025,2025-01,0.25,96.15384615384616,2281.0085376,15337.0085376,25-50,Q4,NORMAL_STRATEGY
C,2025-01-07 00:00:00,2025-01-08 00:00:00,COM7,BUY,26938,LIMIT,IOC,25.5,25.5,FILLED,,686919.0,1078.46283,75.4923981,1153.9552281,6734.5,,2025-01-08,2025,2025-01,0.25,98.0392156862745,1153.9552280999999,7888.4552281,25-50,Q3,NORMAL_STRATEGY
C,2025-01-07 00:00:00,2025-01-08 00:00:00,KTB,BUY,28427,LIMIT,IOC,21.89999923706055,21.89999923706055,FILLED,,622551.2783119201,977.4055069497145,68.41838548648002,1045.8238924361947,2842.7,,2025-01-08,2025,2025-01,0.09999999999999999,45.66210204737074,1045.8238924361945,3888.5238924361943,10-25,Q3,NORMAL_STRATEGY
C,2025-01-15 00:00:00,2025-01-16 00:00:00,KTB,SELL,33718,LIMIT,IOC,22.10000076293945,22.10000076293945,FILLED,,745167.8257247923,1169.913486387924,81.89394404715469,1251.807430435079,3371.8,,2025-01-16,2025,2025-01,0.1,45.2488672161925,1251.8074304350787,4623.607430435079,10-25,Q4,NORMAL_STRATEGY
C,2025-01-15 00:00:00,2025-01-16 00:00:00,COM7,SELL,23690,LIMIT,IOC,23.29999961853028,23.29999961853028,FILLED,,551976.9909629823,866.6038758118821,60.662271306831755,927.2661471187139,2369.0,,2025-01-16,2025,2025-01,0.1,42.91845563828718,927.2661471187138,3296.266147118714,10-25,Q3,NORMAL_STRATEGY
C,2025-01-15 00:00:00,2025-01-16 00:00:00,OSP,BUY,60916,LIMIT,IOC,21.39999923706055,21.39999923706055,FILLED,,1303602.3535247801,2046.6556950339047,143.26589865237335,2189.9215936862784,6091.6,,2025-01-16,2025,2025-01,0.1,46.72897362856906,2189.921593686278,8281.521593686279,10-25,Q4,NORMAL_STRATEGY
C,2025-01-20 00:00:00,2025-01-21 00:00:00,OSP,BUY,2,LIMIT,IOC,21.39999923706055,21.39999923706055,FILLED,,42.79999847412109,0.0671959976043701,0.0047037198323059,0.071899717436676,0.2,,2025-01-21,2025,2025-01,0.1,46.72897362856906,0.071899717436676,0.271899717436676,10-25,Q1,NORMAL_STRATEGY
C,2025-01-23 00:00:00,2025-01-24 00:00:00,OSP,SELL,60918,LIMIT,IOC,20.69999923706055,20.69999923706055,FILLED,,1261002.5535232543,1979.7740090315092,138.58418063220563,2118.358189663715,6091.8,,2025-01-24,2025,2025-01,0.1,48.30918052449178,2118.3581896637147,8210.158189663714,10-25,Q4,NORMAL_STRATEGY
C,2025-01-28 00:00:00,2025-01-29 00:00:00,COM7,BUY,27236,LIMIT,IOC,23.80000076293945,23.80000076293945,FILLED,,648216.8207794189,1017.7004086236876,71.23902860365814,1088.9394372273457,2723.6,,2025-01-29,2025,2025-01,0.09999999999999999,42.01680537578662,1088.9394372273457,3812.539437227346,10-25,Q3,NORMAL_STRATEGY
C,2025-01-28 00:00:00,2025-01-29 00:00:00,KTB,BUY,26026,LIMIT,IOC,23.30000076293945,23.30000076293945,FILLED,,606405.8198562622,952.0571371743315,66.64399960220321,1018.7011367765348,2602.6,,2025-01-29,2025,2025-01,0.09999999999999999,42.918453530292645,1018.7011367765347,3621.301136776535,10-25,Q3,NORMAL_STRATEGY
C,2025-02-05 00:00:00,2025-02-06 00:00:00,COM7,SELL,82708,LIMIT,IOC,23.00000038146973,23.00000038146973,FILLED,,1902284.031550598,2986.5859295344394,209.06101506741075,3195.6469446018496,8270.8,,2025-02-06,2025,2025-02,0.09999999999999999,43.47826014845044,3195.64694460185,11466.446944601848,10-25,Q4,NORMAL_STRATEGY
C,2025-02-05 00:00:00,2025-02-06 00:00:00,KTB,BUY,76090,LIMIT,IOC,23.700000381469728,23.700000381469728,FILLED,,1803333.0290260315,2831.232855570869,198.18629988996088,3029.4191554608306,7609.0,,2025-02-06,2025,2025-02,0.1,42.19409214785786,3029.41915546083,10638.41915546083,10-25,Q4,NORMAL_STRATEGY
C,2025-02-14 00:00:00,2025-02-17 00:00:00,KTB,SELL,160573,LIMIT,IOC,23.00000038146973,23.00000038146973,FILLED,,3693179.0612537377,5798.291126168369,405.88037883178583,6204.171505000155,16057.3,,2025-02-17,2025,2025-02,0.09999999999999999,43.478260148450445,6204.171505000155,22261.471505000154,10-25,Q4,NORMAL_STRATEGY
C,2025-02-19 00:00:00,2025-02-20 00:00:00,KTB,BUY,51336,LIMIT,IOC,24.6,24.6,FILLED,,1262865.6,1982.698992,138.78892944,2121.48792144,5133.6,,2025-02-20,2025,2025-02,0.1,40.65040650406504,2121.4879214400003,7255.087921440001,10-25,Q4,NORMAL_STRATEGY
C,2025-02-19 00:00:00,2025-02-20 00:00:00,MTC,BUY,26447,LIMIT,IOC,47.75,47.75,FILLED,,1262844.25,1982.6654725,138.786583075,2121.452055575,6611.75,,2025-02-20,2025,2025-02,0.25,52.35602094240838,2121.452055575,8733.202055575,25-50,Q4,NORMAL_STRATEGY
C,2025-02-19 00:00:00,2025-02-20 00:00:00,TOP,BUY,47210,LIMIT,IOC,26.75,26.75,FILLED,,1262867.5,1982.701975,138.78913825,2121.49111325,11802.5,,2025-02-20,2025,2025-02,0.25,93.45794392523364,2121.49111325,13923.99111325,25-50,Q4,NORMAL_STRATEGY
C,2025-02-24 00:00:00,2025-02-25 00:00:00,TOP,SELL,47210,LIMIT,IOC,25.5,25.5,FILLED,,1203855.0,1890.05235,132.3036645,2022.3560145,11802.5,,2025-02-25,2025,2025-02,0.25,98.0392156862745,2022.3560145,13824.8560145,25-50,Q4,NORMAL_STRATEGY
C,2025-02-24 00:00:00,2025-02-25 00:00:00,KTB,BUY,25186,LIMIT,IOC,23.49999961853028,23.49999961853028,FILLED,,591870.9903923036,929.2374549159165,65.04662184411416,994.2840767600308,2518.6,,2025-02-25,2025,2025-02,0.09999999999999999,42.553192180117215,994.2840767600306,3512.8840767600304,10-25,Q3,NORMAL_STRATEGY
C,2025-02-24 00:00:00,2025-02-25 00:00:00,MTC,BUY,11017,LIMIT,IOC,48.0,48.0,FILLED,,528816.0,830.24112,58.1168784,888.3579984,2754.25,,2025-02-25,2025,2025-02,0.25,52.08333333333333,888.3579984,3642.6079984,25-50,Q3,NORMAL_STRATEGY
C,2025-02-27 00:00:00,2025-02-28 00:00:00,KTB,SELL,76522,LIMIT,IOC,22.69999923706055,22.69999923706055,FILLED,,1737049.3416183472,2727.167466340805,190.90172264385637,2918.069188984661,7652.2,,2025-02-28,2025,2025-02,0.09999999999999999,44.05286491672548,2918.069188984661,10570.269188984661,10-25,Q4,NORMAL_STRATEGY
C,2025-02-27 00:00:00,2025-02-28 00:00:00,BDMS,BUY,73167,LIMIT,IOC,24.30000076293945,24.30000076293945,FILLED,,1777958.1558219907,2791.3943046405257,195.3976013248368,2986.7919059653623,7316.7,,2025-02-28,2025,2025-02,0.09999999999999999,41.15226208244098,2986.7919059653623,10303.491905965362,10-25,Q4,NORMAL_STRATEGY
C,2025-03-04 00:00:00,2025-03-05 00:00:00,MTC,SELL,24,LIMIT,IOC,47.0,47.0,FILLED,,1128.0,1.77096,0.1239672,1.8949272,6.0,,2025-03-05,2025,2025-03,0.25,53.191489361702125,1.8949272000000001,7.8949272,25-50,Q1,NORMAL_STRATEGY
C,2025-03-04 00:00:00,2025-03-05 00:00:00,BDMS,BUY,1243,LIMIT,IOC,23.89999923706055,23.89999923706055,FILLED,,29707.699051666255,46.64108751111603,3.264876125778122,49.90596363689415,124.3,,2025-03-05,2025,2025-03,0.09999999999999999,41.8410055197554,49.90596363689415,174.20596363689415,10-25,Q1,NORMAL_STRATEGY
C,2025-03-07 00:00:00,2025-03-10 00:00:00,MTC,SELL,23059,LIMIT,IOC,46.5,46.5,FILLED,,1072243.5,1683.422295,117.83956065,1801.26185565,5764.75,,2025-03-10,2025,2025-03,0.25,53.763440860215056,1801.2618556500001,7566.01185565,25-50,Q4,NORMAL_STRATEGY
C,2025-03-07 00:00:00,2025-03-10 00:00:00,BDMS,SELL,45525,LIMIT,IOC,23.19999923706055,23.19999923706055,FILLED,,1056179.9652671814,1658.202545469475,116.07417818286324,1774.276723652338,4552.5,,2025-03-10,2025,2025-03,0.1,43.10344969333286,1774.2767236523382,6326.776723652338,10-25,Q4,NORMAL_STRATEGY
C,2025-03-07 00:00:00,2025-03-10 00:00:00,TOP,BUY,26768,LIMIT,IOC,25.25,25.25,FILLED,,675892.0,1061.15044,74.2805308,1135.4309708,6692.0,,2025-03-10,2025,2025-03,0.25,99.00990099009901,1135.4309707999998,7827.4309708,25-50,Q3,NORMAL_STRATEGY
C,2025-03-12 00:00:00,2025-03-13 00:00:00,MTC,SELL,14381,LIMIT,IOC,44.25,44.25,FILLED,,636359.25,999.0840225,69.935881575,1069.019904075,3595.25,,2025-03-13,2025,2025-03,0.25,56.497175141242934,1069.0199040749999,4664.269904074999,25-50,Q3,NORMAL_STRATEGY
C,2025-03-12 00:00:00,2025-03-13 00:00:00,BDMS,BUY,18986,LIMIT,IOC,23.80000076293945,23.80000076293945,FILLED,,451866.8144851685,709.4308987417145,49.66016291192001,759.0910616536346,1898.6,,2025-03-13,2025,2025-03,0.09999999999999999,42.01680537578662,759.0910616536345,2657.6910616536343,10-25,Q3,NORMAL_STRATEGY
C,2025-03-12 00:00:00,2025-03-13 00:00:00,TOP,BUY,18354,LIMIT,IOC,25.25,25.25,FILLED,,463438.5,727.598445,50.93189115,778.53033615,4588.5,,2025-03-13,2025,2025-03,0.25,99.00990099009901,778.5303361499999,5367.03033615,25-50,Q3,NORMAL_STRATEGY
C,2025-03-17 00:00:00,2025-03-18 00:00:00,TOP,SELL,45122,LIMIT,IOC,26.0,26.0,FILLED,,1173172.0,1841.88004,128.9316028,1970.8116428,11280.5,,2025-03-18,2025,2025-03,0.25,96.15384615384616,1970.8116428,13251.3116428,25-50,Q4,NORMAL_STRATEGY
C,2025-03-17 00:00:00,2025-03-18 00:00:00,KTB,BUY,37038,LIMIT,IOC,23.49999961853028,23.49999961853028,FILLED,,870392.9858711244,1366.5169878176653,95.65618914723656,1462.1731769649018,3703.8,,2025-03-18,2025,2025-03,0.1,42.553192180117215,1462.1731769649018,5165.973176964902,10-25,Q4,NORMAL_STRATEGY
C,2025-03-17 00:00:00,2025-03-18 00:00:00,OSP,BUY,56889,LIMIT,IOC,15.299999809265136,15.299999809265136,FILLED,,870401.6891492843,1366.5306519643764,95.65714563750637,1462.1877976018827,5688.9,,2025-03-18,2025,2025-03,0.09999999999999999,65.3594779389759,1462.1877976018827,7151.087797601882,10-25,Q4,NORMAL_STRATEGY
C,2025-03-20 00:00:00,2025-03-21 00:00:00,BDMS,SELL,47871,LIMIT,IOC,23.19999923706055,23.19999923706055,FILLED,,1110607.1634773253,1743.6532466594008,122.05572726615806,1865.7089739255591,4787.1,,2025-03-21,2025,2025-03,0.1,43.10344969333287,1865.708973925559,6652.808973925559,10-25,Q4,NORMAL_STRATEGY
C,2025-03-20 00:00:00,2025-03-21 00:00:00,KTB,SELL,37038,LIMIT,IOC,23.60000076293945,23.60000076293945,FILLED,,874096.8282577513,1372.3320203646697,96.06324142552688,1468.3952617901966,3703.8,,2025-03-21,2025,2025-03,0.1,42.37287998610417,1468.3952617901966,5172.195261790197,10-25,Q4,NORMAL_STRATEGY
C,2025-03-20 00:00:00,2025-03-21 00:00:00,OSP,BUY,17990,LIMIT,IOC,15.299999809265136,15.299999809265136,FILLED,,275246.9965686798,432.13778461282726,30.24964492289791,462.3874295357252,1799.0,,2025-03-21,2025,2025-03,0.1,65.35947793897589,462.3874295357252,2261.387429535725,10-25,Q2,NORMAL_STRATEGY
C,2025-03-20 00:00:00,2025-03-21 00:00:00,SCGP,BUY,72971,LIMIT,IOC,15.700000381469728,15.700000381469728,FILLED,,1145644.7278362275,1798.6622227028772,125.9063555892014,1924.5685782920784,7297.1,,2025-03-21,2025,2025-03,0.1,63.694265968316294,1924.5685782920787,9221.66857829208,10-25,Q4,NORMAL_STRATEGY
C,2025-03-25 00:00:00,2025-03-26 00:00:00,OSP,SELL,74879,LIMIT,IOC,14.4,14.4,FILLED,,1078257.6,1692.864432,118.50051024,1811.36494224,7487.9,,2025-03-26,2025,2025-03,0.09999999999999999,69.44444444444443,1811.3649422400001,9299.264942239999,10-25,Q4,NORMAL_STRATEGY
C,2025-03-25 00:00:00,2025-03-26 00:00:00,SCGP,SELL,72971,LIMIT,IOC,13.9,13.9,FILLED,,1014296.9,1592.446133,111.47122931,1703.91736231,7297.1,,2025-03-26,2025,2025-03,0.1,71.94244604316548,1703.9173623099998,9001.01736231,10-25,Q4,NORMAL_STRATEGY
C,2025-03-25 00:00:00,2025-03-26 00:00:00,KTB,BUY,44767,LIMIT,IOC,24.200000381469728,24.200000381469728,FILLED,,1083361.4170772552,1700.877424811291,119.06141973679036,1819.9388445480809,4476.7,,2025-03-26,2025,2025-03,0.09999999999999999,41.32231339821439,1819.9388445480813,6296.638844548081,10-25,Q4,NORMAL_STRATEGY
C,2025-03-25 00:00:00,2025-03-26 00:00:00,PTTGC,BUY,58879,LIMIT,IOC,18.39999923706055,18.39999923706055,FILLED,,1083373.555078888,1700.896481473854,119.06275370316978,1819.959235177024,5887.9,,2025-03-26,2025,2025-03,0.09999999999999999,54.347828340440344,1819.9592351770239,7707.859235177024,10-25,Q4,NORMAL_STRATEGY
C,2025-04-02 00:00:00,2025-04-03 00:00:00,KTB,BUY,20983,LIMIT,IOC,24.1,24.1,FILLED,,505690.3,793.933771,55.57536397,849.50913497,2098.3,,2025-04-03,2025,2025-04,0.1,41.49377593360997,849.50913497,2947.8091349700003,10-25,Q3,NORMAL_STRATEGY
C,2025-04-11 00:00:00,2025-04-16 00:00:00,KTB,SELL,65750,LIMIT,IOC,20.69999923706055,20.69999923706055,FILLED,,1361024.9498367307,2136.809171243668,149.57664198705672,2286.3858132307246,6575.0,,2025-04-16,2025,2025-04,0.1,48.30918052449179,2286.3858132307246,8861.385813230725,10-25,Q4,NORMAL_STRATEGY
C,2025-04-11 00:00:00,2025-04-16 00:00:00,PTTGC,SELL,58879,LIMIT,IOC,16.69999923706055,16.69999923706055,FILLED,,983279.255078888,1543.748430473854,108.06239013316979,1651.8108206070237,5887.9,,2025-04-16,2025,2025-04,0.09999999999999999,59.880242256586776,1651.8108206070237,7539.710820607023,10-25,Q4,NORMAL_STRATEGY
C,2025-04-18 00:00:00,2025-04-21 00:00:00,COM7,BUY,37032,LIMIT,IOC,19.6,19.6,FILLED,,725827.2,1139.548704,79.76840928,1219.31711328,3703.2,,2025-04-21,2025,2025-04,0.09999999999999999,51.02040816326531,1219.31711328,4922.51711328,10-25,Q4,NORMAL_STRATEGY
C,2025-04-18 00:00:00,2025-04-21 00:00:00,MTC,BUY,16590,LIMIT,IOC,43.75,43.75,FILLED,,725812.5,1139.525625,79.76679375,1219.29241875,4147.5,,2025-04-21,2025,2025-04,0.25,57.142857142857146,1219.29241875,5366.79241875,25-50,Q4,NORMAL_STRATEGY
C,2025-04-23 00:00:00,2025-04-24 00:00:00,BDMS,BUY,41731,LIMIT,IOC,23.30000076293945,23.30000076293945,FILLED,,972332.3318382264,1526.561760986015,106.85932326902108,1633.4210842550365,4173.1,,2025-04-24,2025,2025-04,0.1,42.91845353029264,1633.4210842550362,5806.521084255037,10-25,Q4,NORMAL_STRATEGY
C,2025-04-23 00:00:00,2025-04-24 00:00:00,COM7,BUY,12325,LIMIT,IOC,19.700000381469728,19.700000381469728,FILLED,,242802.5047016144,381.19993238153455,26.68399526670742,407.883927648242,1232.5,,2025-04-24,2025,2025-04,0.1,50.76142033685557,407.883927648242,1640.383927648242,10-25,Q2,NORMAL_STRATEGY
C,2025-04-23 00:00:00,2025-04-24 00:00:00,MTC,BUY,5138,LIMIT,IOC,44.75,44.75,FILLED,,229925.5,360.983035,25.26881245,386.25184745,1284.5,,2025-04-24,2025,2025-04,0.25,55.865921787709496,386.25184744999996,1670.75184745,25-50,Q2,NORMAL_STRATEGY
C,2025-04-28 00:00:00,2025-04-29 00:00:00,COM7,SELL,28320,LIMIT,IOC,20.10000076293945,20.10000076293945,FILLED,,569232.0216064453,893.694273922119,62.558599174548334,956.2528730966674,2832.0,,2025-04-29,2025,2025-04,0.1,49.75124189267735,956.2528730966674,3788.2528730966674,10-25,Q3,NORMAL_STRATEGY
C,2025-04-28 00:00:00,2025-04-29 00:00:00,MTC,SELL,12077,LIMIT,IOC,43.75,43.75,FILLED,,528368.75,829.5389375,58.067725625,887.606663125,3019.25,,2025-04-29,2025,2025-04,0.25,57.142857142857146,887.606663125,3906.856663125,25-50,Q3,NORMAL_STRATEGY
C,2025-04-28 00:00:00,2025-04-29 00:00:00,BDMS,SELL,23244,LIMIT,IOC,22.9,22.9,FILLED,,532287.6,835.691532,58.49840724,894.18993924,2324.4,,2025-04-29,2025,2025-04,0.1,43.668122270742366,894.1899392400001,3218.58993924,10-25,Q3,NORMAL_STRATEGY
C,2025-04-28 00:00:00,2025-04-29 00:00:00,BGRIM,BUY,37793,LIMIT,IOC,11.299999809265136,11.299999809265136,FILLED,,427060.8927915573,670.4856016827449,46.93399211779215,717.4195938005371,3779.3,,2025-04-29,2025,2025-04,0.1,88.49557671497271,717.4195938005371,4496.719593800537,10-25,Q3,NORMAL_STRATEGY
C,2025-04-28 00:00:00,2025-04-29 00:00:00,OSP,BUY,27201,LIMIT,IOC,15.700000381469728,15.700000381469728,FILLED,,427055.71037635807,670.4774652908822,46.93342257036175,717.410887861244,2720.1,,2025-04-29,2025,2025-04,0.09999999999999999,63.69426596831629,717.4108878612439,3437.5108878612436,10-25,Q3,NORMAL_STRATEGY
C,2025-04-28 00:00:00,2025-04-29 00:00:00,RATCH,BUY,15965,LIMIT,IOC,26.75,26.75,FILLED,,427063.75,670.4900875,46.934306125,717.424393625,3991.25,,2025-04-29,2025,2025-04,0.25,93.45794392523364,717.424393625,4708.674393625,25-50,Q3,NORMAL_STRATEGY
C,2025-05-02 00:00:00,2025-05-06 00:00:00,MTC,SELL,2414,LIMIT,IOC,43.75,43.75,FILLED,,105612.5,165.811625,11.60681375,177.41843875,603.5,,2025-05-06,2025,2025-05,0.25,57.142857142857146,177.41843875,780.91843875,25-50,Q2,NORMAL_STRATEGY
C,2025-05-02 00:00:00,2025-05-06 00:00:00,BDMS,SELL,5253,LIMIT,IOC,24.00000038146973,24.00000038146973,FILLED,,126072.00200386049,197.93304314606092,13.855313020224266,211.7883561662852,525.3,,2025-05-06,2025,2025-05,0.09999999999999999,41.66666600439284,211.78835616628518,737.0883561662852,10-25,Q2,NORMAL_STRATEGY
C,2025-05-02 00:00:00,2025-05-06 00:00:00,BGRIM,SELL,9699,LIMIT,IOC,11.200000190734864,11.200000190734864,FILLED,,108628.80184993744,170.54721890440177,11.938305323308125,182.48552422770987,969.9,,2025-05-06,2025,2025-05,0.09999999999999999,89.28571276518765,182.4855242277099,1152.38552422771,10-25,Q2,NORMAL_STRATEGY
C,2025-05-02 00:00:00,2025-05-06 00:00:00,OSP,SELL,7185,LIMIT,IOC,15.799999618530272,15.799999618530272,FILLED,,113522.99725914,178.2311056968498,12.476177398779486,190.7072830956293,718.5,,2025-05-06,2025,2025-05,0.1,63.29114076858572,190.7072830956293,909.2072830956292,10-25,Q2,NORMAL_STRATEGY
C,2025-05-02 00:00:00,2025-05-06 00:00:00,RATCH,SELL,3993,LIMIT,IOC,26.25,26.25,FILLED,,104816.25,164.5615125,11.519305875,176.080818375,998.25,,2025-05-06,2025,2025-05,0.25,95.23809523809524,176.08081837499998,1174.330818375,25-50,Q2,NORMAL_STRATEGY
C,2025-05-02 00:00:00,2025-05-06 00:00:00,GLOBAL,BUY,48473,LIMIT,IOC,6.607141780853272,6.607141780853272,FILLED,,320267.98354330065,502.820734162982,35.19745139140874,538.0181855543908,2423.65,,2025-05-06,2025,2025-05,0.05,75.67568800308506,538.0181855543907,2961.6681855543907,5-10,Q3,NORMAL_STRATEGY
C,2025-05-02 00:00:00,2025-05-06 00:00:00,SCGP,BUY,22087,LIMIT,IOC,14.499999618530271,14.499999618530271,FILLED,,320261.4915744781,502.81054177193056,35.19673792403514,538.0072796959657,2208.7,,2025-05-06,2025,2025-05,0.09999999999999999,68.96551905574191,538.0072796959657,2746.7072796959656,10-25,Q3,NORMAL_STRATEGY
C,2025-05-08 00:00:00,2025-05-09 00:00:00,COM7,SELL,7370,LIMIT,IOC,21.29999961853028,21.29999961853028,FILLED,,156980.99718856814,246.460165586052,17.252211591023638,263.7123771770756,737.0,,2025-05-09,2025,2025-05,0.1,46.94835764832756,263.7123771770756,1000.7123771770756,10-25,Q2,NORMAL_STRATEGY
C,2025-05-08 00:00:00,2025-05-09 00:00:00,MTC,SELL,597,LIMIT,IOC,43.75,43.75,FILLED,,26118.75,41.0064375,2.870450625,43.876888125,149.25,,2025-05-09,2025,2025-05,0.25,57.142857142857146,43.876888124999994,193.126888125,25-50,Q1,NORMAL_STRATEGY
C,2025-05-08 00:00:00,2025-05-09 00:00:00,BDMS,SELL,1191,LIMIT,IOC,24.19999923706055,24.19999923706055,FILLED,,28822.199091339113,45.250852573402405,3.1675596801381682,48.418412253540566,119.1,,2025-05-09,2025,2025-05,0.09999999999999999,41.32231535233159,48.41841225354057,167.51841225354056,10-25,Q1,NORMAL_STRATEGY
C,2025-05-08 00:00:00,2025-05-09 00:00:00,BGRIM,SELL,4008,LIMIT,IOC,12.000000381469729,12.000000381469729,FILLED,,48096.00152893066,75.51072240042116,5.2857505680294805,80.79647296845063,400.8,,2025-05-09,2025,2025-05,0.1,83.3333306842381,80.79647296845064,481.59647296845066,10-25,Q1,NORMAL_STRATEGY
C,2025-05-08 00:00:00,2025-05-09 00:00:00,OSP,SELL,1058,LIMIT,IOC,15.299999618530272,15.299999618530272,FILLED,,16187.399596405028,25.414217366355892,1.7789952156449125,27.193212582000807,105.8,,2025-05-09,2025,2025-05,0.09999999999999999,65.35947875376878,27.193212582000804,132.9932125820008,10-25,Q1,NORMAL_STRATEGY
C,2025-05-08 00:00:00,2025-05-09 00:00:00,RATCH,SELL,1383,LIMIT,IOC,27.25,27.25,FILLED,,37686.75,59.1681975,4.141773825,63.309971325,345.75,,2025-05-09,2025,2025-05,0.25,91.74311926605505,63.309971325,409.059971325,25-50,Q1,NORMAL_STRATEGY
C,2025-05-08 00:00:00,2025-05-09 00:00:00,GLOBAL,SELL,48473,LIMIT,IOC,5.783928108215332,5.783928108215332,FILLED,,280364.34718952177,440.1720250875492,30.812041756128444,470.9840668436777,2423.65,,2025-05-09,2025,2025-05,0.05,86.44644100776665,470.9840668436776,2894.634066843678,5-10,Q2,NORMAL_STRATEGY
C,2025-05-08 00:00:00,2025-05-09 00:00:00,SCGP,SELL,3006,LIMIT,IOC,15.200000190734864,15.200000190734864,FILLED,,45691.200573349,71.73518490015793,5.021462943011056,76.75664784316898,300.6,,2025-05-09,2025,2025-05,0.1,65.78947285866144,76.75664784316899,377.356647843169,10-25,Q1,NORMAL_STRATEGY
C,2025-05-08 00:00:00,2025-05-09 00:00:00,GULF,BUY,5906,LIMIT,IOC,49.75,49.75,FILLED,,293823.5,461.302895,32.29120265,493.59409765,1476.5,,2025-05-09,2025,2025-05,0.25,50.25125628140704,493.59409765,1970.09409765,25-50,Q3,NORMAL_STRATEGY
C,2025-05-08 00:00:00,2025-05-09 00:00:00,PTTGC,BUY,16145,LIMIT,IOC,18.200000381469728,18.200000381469728,FILLED,,293839.00615882874,461.3272396693611,32.29290677685528,493.6201464462164,1614.5,,2025-05-09,2025,2025-05,0.1,54.945053793413486,493.6201464462164,2108.1201464462165,10-25,Q3,NORMAL_STRATEGY
C,2025-05-08 00:00:00,2025-05-09 00:00:00,TOP,BUY,10883,LIMIT,IOC,27.0,27.0,FILLED,,293841.0,461.33037,32.2931259,493.6234959,2720.75,,2025-05-09,2025,2025-05,0.25,92.59259259259258,493.6234959,3214.3734959,25-50,Q3,NORMAL_STRATEGY
C,2025-05-14 00:00:00,2025-05-15 00:00:00,MTC,SELL,6640,LIMIT,IOC,43.0,43.0,FILLED,,285520.0,448.2664,31.378648,479.645048,1660.0,,2025-05-15,2025,2025-05,0.25,58.13953488372093,479.645048,2139.645048,25-50,Q3,NORMAL_STRATEGY
C,2025-05-14 00:00:00,2025-05-15 00:00:00,BDMS,SELL,110,LIMIT,IOC,24.00000038146973,24.00000038146973,FILLED,,2640.0000419616695,4.144800065879822,0.2901360046115875,4.434936070491409,11.0,,2025-05-15,2025,2025-05,0.1,41.66666600439285,4.434936070491409,15.434936070491409,10-25,Q1,NORMAL_STRATEGY
C,2025-05-14 00:00:00,2025-05-15 00:00:00,BGRIM,SELL,22,LIMIT,IOC,11.799999618530272,11.799999618530272,FILLED,,259.599991607666,0.4075719868240355,0.0285300390776824,0.436102025901718,2.2,,2025-05-15,2025,2025-05,0.1,84.74576545152068,0.4361020259017179,2.6361020259017183,10-25,Q1,NORMAL_STRATEGY
C,2025-05-14 00:00:00,2025-05-15 00:00:00,OSP,SELL,18958,LIMIT,IOC,15.299999618530272,15.299999618530272,FILLED,,290057.3927680969,455.39010664591206,31.87730746521385,487.267414111126,1895.8,,2025-05-15,2025,2025-05,0.09999999999999999,65.3594787537688,487.2674141111259,2383.067414111126,10-25,Q3,NORMAL_STRATEGY
C,2025-05-14 00:00:00,2025-05-15 00:00:00,SCGP,SELL,1789,LIMIT,IOC,16.50000038146973,16.50000038146973,FILLED,,29518.50068244934,46.34404607144546,3.2440832250011824,49.588129296446645,178.9,,2025-05-15,2025,2025-05,0.1,60.60605920488626,49.588129296446645,228.48812929644666,10-25,Q1,NORMAL_STRATEGY
C,2025-05-14 00:00:00,2025-05-15 00:00:00,GULF,SELL,43,LIMIT,IOC,48.75,48.75,FILLED,,2096.25,3.2911125,0.230377875,3.521490375,10.75,,2025-05-15,2025,2025-05,0.25,51.282051282051285,3.521490375,14.271490374999999,25-50,Q1,NORMAL_STRATEGY
C,2025-05-14 00:00:00,2025-05-15 00:00:00,PTTGC,SELL,1183,LIMIT,IOC,19.10000076293945,19.10000076293945,FILLED,,22595.300902557366,35.47462241701508,2.4832235691910554,37.95784598620613,118.3,,2025-05-15,2025,2025-05,0.09999999999999999,52.35601885107476,37.95784598620613,156.25784598620612,10-25,Q1,NORMAL_STRATEGY
C,2025-05-14 00:00:00,2025-05-15 00:00:00,TOP,SELL,382,LIMIT,IOC,27.0,27.0,FILLED,,10314.0,16.19298,1.1335086,17.3264886,95.5,,2025-05-15,2025,2025-05,0.25,92.59259259259258,17.326488599999998,112.8264886,25-50,Q1,NORMAL_STRATEGY
C,2025-05-14 00:00:00,2025-05-15 00:00:00,COM7,BUY,84,LIMIT,IOC,20.99999961853028,20.99999961853028,FILLED,,1763.9999679565433,2.769479949691773,0.1938635964784241,2.9633435461701967,8.4,,2025-05-15,2025,2025-05,0.1,47.61904848405834,2.963343546170197,11.363343546170197,10-25,Q1,NORMAL_STRATEGY
C,2025-05-14 00:00:00,2025-05-15 00:00:00,KTB,BUY,12891,LIMIT,IOC,22.39999923706055,22.39999923706055,FILLED,,288758.39016494754,453.3506725589676,31.73454707912773,485.0852196380953,1289.1,,2025-05-15,2025,2025-05,0.09999999999999999,44.64285866338384,485.0852196380953,1774.185219638095,10-25,Q3,NORMAL_STRATEGY
C,2025-05-14 00:00:00,2025-05-15 00:00:00,RATCH,BUY,8,LIMIT,IOC,27.25,27.25,FILLED,,218.0,0.34226,0.0239582,0.3662182,2.0,,2025-05-15,2025,2025-05,0.25,91.74311926605505,0.3662182,2.3662182,25-50,Q1,NORMAL_STRATEGY
C,2025-05-19 00:00:00,2025-05-20 00:00:00,BDMS,SELL,11933,LIMIT,IOC,23.00000038146973,23.00000038146973,FILLED,,274459.00455207826,430.9006371467629,30.1630446002734,461.06368174703624,1193.3,,2025-05-20,2025,2025-05,0.09999999999999999,43.478260148450424,461.0636817470363,1654.3636817470363,10-25,Q2,NORMAL_STRATEGY
C,2025-05-19 00:00:00,2025-05-20 00:00:00,RATCH,SELL,10597,LIMIT,IOC,25.75,25.75,FILLED,,272872.75,428.4102175,29.988715225,458.398932725,2649.25,,2025-05-20,2025,2025-05,0.25,97.08737864077669,458.398932725,3107.648932725,25-50,Q2,NORMAL_STRATEGY
C,2025-05-19 00:00:00,2025-05-20 00:00:00,COM7,BUY,3225,LIMIT,IOC,21.1,21.1,FILLED,,68047.5,106.834575,7.47842025,114.31299525,322.5,,2025-05-20,2025,2025-05,0.1,47.39336492890995,114.31299525,436.81299525,10-25,Q2,NORMAL_STRATEGY
C,2025-05-19 00:00:00,2025-05-20 00:00:00,GULF,BUY,1484,LIMIT,IOC,48.75,48.75,FILLED,,72345.0,113.58165,7.9507155,121.5323655,371.0,,2025-05-20,2025,2025-05,0.25,51.282051282051285,121.5323655,492.53236549999997,25-50,Q2,NORMAL_STRATEGY
C,2025-05-19 00:00:00,2025-05-20 00:00:00,IVL,BUY,17821,LIMIT,IOC,20.1,20.1,FILLED,,358202.1,562.377297,39.36641079,601.74370779,1782.1,,2025-05-20,2025,2025-05,0.09999999999999999,49.75124378109452,601.74370779,2383.84370779,10-25,Q3,NORMAL_STRATEGY
C,2025-05-19 00:00:00,2025-05-20 00:00:00,KTB,BUY,3317,LIMIT,IOC,22.1,22.1,FILLED,,73305.7,115.089949,8.05629643,123.14624543,331.7,,2025-05-20,2025,2025-05,0.09999999999999999,45.248868778280546,123.14624543000001,454.84624543,10-25,Q2,NORMAL_STRATEGY
C,2025-05-22 00:00:00,2025-05-23 00:00:00,GULF,SELL,7347,LIMIT,IOC,47.25,47.25,FILLED,,347145.75,545.0188275,38.151317925,583.170145425,1836.75,,2025-05-23,2025,2025-05,0.25,52.910052910052904,583.1701454250001,2419.920145425,25-50,Q3,NORMAL_STRATEGY
C,2025-05-22 00:00:00,2025-05-23 00:00:00,KTB,BUY,5193,LIMIT,IOC,22.6,22.6,FILLED,,117361.8,184.258026,12.89806182,197.15608782,519.3,,2025-05-23,2025,2025-05,0.09999999999999999,44.24778761061946,197.15608782,716.45608782,10-25,Q2,NORMAL_STRATEGY
C,2025-05-22 00:00:00,2025-05-23 00:00:00,SCGP,BUY,11327,LIMIT,IOC,16.89999923706055,16.89999923706055,FILLED,,191426.2913581848,300.53927743235016,21.03774942026451,321.57702685261467,1132.7,,2025-05-23,2025,2025-05,0.1,59.17160030439932,321.57702685261467,1454.2770268526147,10-25,Q2,NORMAL_STRATEGY
C,2025-05-22 00:00:00,2025-05-23 00:00:00,TOP,BUY,6177,LIMIT,IOC,29.0,29.0,FILLED,,179133.0,281.23881,19.6867167,300.9255267,1544.25,,2025-05-23,2025,2025-05,0.25,86.20689655172414,300.9255267,1845.1755266999999,25-50,Q2,NORMAL_STRATEGY
C,2025-05-27 00:00:00,2025-05-28 00:00:00,COM7,SELL,16976,LIMIT,IOC,20.10000076293945,20.10000076293945,FILLED,,341217.6129516601,535.7116523341064,37.49981566338745,573.2114679974939,1697.6,,2025-05-28,2025,2025-05,0.09999999999999999,49.75124189267735,573.2114679974939,2270.8114679974938,10-25,Q3,NORMAL_STRATEGY
C,2025-05-27 00:00:00,2025-05-28 00:00:00,TOP,SELL,257,LIMIT,IOC,29.25,29.25,FILLED,,7517.25,11.8020825,0.826145775,12.628228275,64.25,,2025-05-28,2025,2025-05,0.25,85.47008547008548,12.628228275,76.878228275,25-50,Q1,NORMAL_STRATEGY
C,2025-05-27 00:00:00,2025-05-28 00:00:00,IVL,BUY,5553,LIMIT,IOC,20.89999923706055,20.89999923706055,FILLED,,116057.6957633972,182.21058234853365,12.754740764397354,194.96532311293095,555.3,,2025-05-28,2025,2025-05,0.09999999999999999,47.84689169876945,194.965323112931,750.2653231129309,10-25,Q2,NORMAL_STRATEGY
C,2025-05-27 00:00:00,2025-05-28 00:00:00,KTB,BUY,215,LIMIT,IOC,22.6,22.6,FILLED,,4859.0,7.62863,0.5340041,8.1626341,21.5,,2025-05-28,2025,2025-05,0.1,44.24778761061947,8.1626341,29.6626341,10-25,Q1,NORMAL_STRATEGY
C,2025-05-27 00:00:00,2025-05-28 00:00:00,PTTGC,BUY,8869,LIMIT,IOC,20.49999961853028,20.49999961853028,FILLED,,181814.49661674505,285.44875968828967,19.98141317818028,305.43017286647,886.9,,2025-05-28,2025,2025-05,0.09999999999999999,48.780488712598995,305.43017286646995,1192.3301728664699,10-25,Q2,NORMAL_STRATEGY
C,2025-05-27 00:00:00,2025-05-28 00:00:00,SCGP,BUY,460,LIMIT,IOC,16.80000076293945,16.80000076293945,FILLED,,7728.0003509521475,12.132960550994872,0.8493072385696411,12.982267789564514,46.0,,2025-05-28,2025,2025-05,0.1,59.52380682065117,12.982267789564514,58.98226778956452,10-25,Q1,NORMAL_STRATEGY
C,2025-05-30 00:00:00,2025-06-04 00:00:00,BGRIM,SELL,24064,LIMIT,IOC,9.649999809265136,9.649999809265136,FILLED,,232217.59541015624,364.58162479394525,25.52071373557617,390.10233852952155,1203.2,,2025-06-04,2025,2025-06,0.05,51.81347252669799,390.10233852952143,1593.3023385295214,5-10,Q2,NORMAL_STRATEGY
C,2025-05-30 00:00:00,2025-06-04 00:00:00,KTB,SELL,21616,LIMIT,IOC,21.79999961853028,21.79999961853028,FILLED,,471228.7917541505,739.8292030540161,51.788044213781134,791.6172472677973,2161.6,,2025-06-04,2025,2025-06,0.09999999999999999,45.87156043571612,791.6172472677973,2953.217247267797,10-25,Q3,NORMAL_STRATEGY
C,2025-05-30 00:00:00,2025-06-04 00:00:00,IVL,BUY,4582,LIMIT,IOC,20.39999923706055,20.39999923706055,FILLED,,93472.79650421142,146.75229051161193,10.272660335812835,157.02495084742475,458.2,,2025-06-04,2025,2025-06,0.09999999999999999,49.01960967642128,157.02495084742478,615.2249508474248,10-25,Q2,NORMAL_STRATEGY
C,2025-05-30 00:00:00,2025-06-04 00:00:00,OSP,BUY,35423,LIMIT,IOC,16.1,16.1,FILLED,,570310.3,895.387171,62.67710197,958.06427297,3542.3,,2025-06-04,2025,2025-06,0.1,62.11180124223602,958.0642729699999,4500.3642729700005,10-25,Q3,NORMAL_STRATEGY
C,2025-05-30 00:00:00,2025-06-04 00:00:00,PTTGC,BUY,4263,LIMIT,IOC,20.30000076293945,20.30000076293945,FILLED,,86538.90325241088,135.86607810628507,9.510625467439954,145.37670357372505,426.3,,2025-06-04,2025,2025-06,0.1,49.26108189245208,145.37670357372502,571.676703573725,10-25,Q2,NORMAL_STRATEGY
C,2025-05-30 00:00:00,2025-06-04 00:00:00,SCGP,BUY,5485,LIMIT,IOC,16.49999961853027,16.49999961853027,FILLED,,90502.49790763855,142.08892171499252,9.946224520049475,152.035146235042,548.5,,2025-06-04,2025,2025-06,0.1,60.606062007235025,152.035146235042,700.535146235042,10-25,Q2,NORMAL_STRATEGY
C,2025-05-30 00:00:00,2025-06-04 00:00:00,TOP,BUY,2589,LIMIT,IOC,30.0,30.0,FILLED,,77670.0,121.9419,8.535933,130.477833,647.25,,2025-06-04,2025,2025-06,0.25,83.33333333333333,130.477833,777.727833,25-50,Q2,NORMAL_STRATEGY
C,2025-06-06 00:00:00,2025-06-09 00:00:00,SCGP,SELL,34564,LIMIT,IOC,16.19999923706055,16.19999923706055,FILLED,,559936.7736297608,879.1007345987243,61.53705142191071,940.6377860206351,3456.4,,2025-06-09,2025,2025-06,0.1,61.72839796882902,940.6377860206351,4397.037786020635,10-25,Q3,NORMAL_STRATEGY
C,2025-06-06 00:00:00,2025-06-09 00:00:00,TOP,SELL,19010,LIMIT,IOC,28.0,28.0,FILLED,,532280.0,835.6796,58.497572,894.177172,4752.5,,2025-06-09,2025,2025-06,0.25,89.28571428571428,894.177172,5646.677172,25-50,Q3,NORMAL_STRATEGY
C,2025-06-06 00:00:00,2025-06-09 00:00:00,KTB,BUY,30698,LIMIT,IOC,22.49999961853028,22.49999961853028,FILLED,,690704.9882896424,1084.4068316147386,75.9084782130317,1160.3153098277703,3069.8,,2025-06-09,2025,2025-06,0.1,44.4444451979649,1160.3153098277703,4230.11530982777,10-25,Q3,NORMAL_STRATEGY
C,2025-06-11 00:00:00,2025-06-12 00:00:00,KTB,SELL,30698,LIMIT,IOC,22.19999923706055,22.19999923706055,FILLED,,681495.5765792847,1069.9480552294767,74.89636386606338,1144.8444190955404,3069.8,,2025-06-12,2025,2025-06,0.1,45.04504659309203,1144.8444190955402,4214.644419095541,10-25,Q3,NORMAL_STRATEGY
C,2025-06-11 00:00:00,2025-06-12 00:00:00,IVL,BUY,6003,LIMIT,IOC,20.6,20.6,FILLED,,123661.8,194.149026,13.59043182,207.73945782,600.3,,2025-06-12,2025,2025-06,0.09999999999999999,48.543689320388346,207.73945781999998,808.0394578199999,10-25,Q2,NORMAL_STRATEGY
C,2025-06-11 00:00:00,2025-06-12 00:00:00,OSP,BUY,8027,LIMIT,IOC,16.1,16.1,FILLED,,129234.7,202.898479,14.20289353,217.10137253,802.7,,2025-06-12,2025,2025-06,0.1,62.11180124223603,217.10137253000002,1019.8013725300001,10-25,Q2,NORMAL_STRATEGY
C,2025-06-11 00:00:00,2025-06-12 00:00:00,PTTGC,BUY,6197,LIMIT,IOC,20.39999923706055,20.39999923706055,FILLED,,126418.7952720642,198.4775085771408,13.893425600399857,212.37093417754065,619.7,,2025-06-12,2025,2025-06,0.1,49.01960967642129,212.37093417754068,832.0709341775407,10-25,Q2,NORMAL_STRATEGY
C,2025-06-11 00:00:00,2025-06-12 00:00:00,SCGP,BUY,40671,LIMIT,IOC,17.200000381469728,17.200000381469728,FILLED,,699541.2155147552,1098.2797083581656,76.8795795850716,1175.1592879432371,4067.1,,2025-06-12,2025,2025-06,0.09999999999999999,58.13953359427489,1175.1592879432371,5242.259287943237,10-25,Q3,NORMAL_STRATEGY
C,2025-06-16 00:00:00,2025-06-17 00:00:00,IVL,SELL,33959,LIMIT,IOC,20.10000076293945,20.10000076293945,FILLED,,682575.9259086609,1071.6442036765975,75.01509425736182,1146.6592979339594,3395.9,,2025-06-17,2025,2025-06,0.1,49.75124189267735,1146.6592979339594,4542.55929793396,10-25,Q3,NORMAL_STRATEGY
C,2025-06-19 00:00:00,2025-06-20 00:00:00,OSP,SELL,43450,LIMIT,IOC,14.200000190734864,14.200000190734864,FILLED,,616990.0082874298,968.674313011265,67.80720191078852,1036.4815149220533,4345.0,,2025-06-20,2025,2025-06,0.1,70.42253426534982,1036.4815149220535,5381.481514922054,10-25,Q3,NORMAL_STRATEGY
C,2025-06-19 00:00:00,2025-06-20 00:00:00,SCGP,SELL,40671,LIMIT,IOC,16.00000038146973,16.00000038146973,FILLED,,650736.0155147553,1021.6555443581656,71.5158881050716,1093.1714324632371,4067.1,,2025-06-20,2025,2025-06,0.09999999999999999,62.49999850988391,1093.1714324632371,5160.271432463237,10-25,Q3,NORMAL_STRATEGY
C,2025-06-24 00:00:00,2025-06-25 00:00:00,PTTGC,SELL,34291,LIMIT,IOC,19.60000076293945,19.60000076293945,FILLED,,672103.6261619568,1055.202693074272,73.86418851519906,1129.0668815894712,3429.1,,2025-06-25,2025,2025-06,0.09999999999999999,51.02040617727139,1129.066881589471,4558.166881589471,10-25,Q3,NORMAL_STRATEGY
C,2025-06-24 00:00:00,2025-06-25 00:00:00,BGRIM,BUY,127429,LIMIT,IOC,10.400000190734865,10.400000190734865,FILLED,,1325261.6243051528,2080.6607501590897,145.64625251113628,2226.307002670226,12742.9,,2025-06-25,2025,2025-06,0.09999999999999999,96.15384439039516,2226.307002670226,14969.207002670226,10-25,Q4,NORMAL_STRATEGY
C,2025-06-27 00:00:00,2025-06-30 00:00:00,BGRIM,BUY,121013,LIMIT,IOC,10.6,10.6,FILLED,,1282737.8,2013.898346,140.97288422,2154.87123022,12101.3,,2025-06-30,2025,2025-06,0.09999999999999999,94.33962264150944,2154.87123022,14256.17123022,10-25,Q4,NORMAL_STRATEGY
C,2025-06-30 00:00:00,2025-06-30 00:00:00,BGRIM,SELL,248442,LIMIT,IOC,10.4,10.4,FILLED,UNIVERSE_BOUNDARY_EXIT,2583796.8,4056.560976,283.95926832,4340.52024432,24844.2,2025-06-30 00:00:00,2025-06-30,2025,2025-06,0.1,96.15384615384616,4340.5202443200005,29184.72024432,10-25,Q4,BOUNDARY_EXIT
C,2025-07-02 00:00:00,2025-07-03 00:00:00,IVL,BUY,41913,LIMIT,IOC,20.700000381469728,20.700000381469728,FILLED,,867599.1159885407,1362.1306121020089,95.34914284714063,1457.4797549491493,4191.3,,2025-07-03,2025,2025-07,0.1,48.30917785369619,1457.4797549491495,5648.77975494915,10-25,Q4,NORMAL_STRATEGY
C,2025-07-02 00:00:00,2025-07-03 00:00:00,PTTGC,BUY,41712,LIMIT,IOC,20.80000076293945,20.80000076293945,FILLED,,867609.6318237304,1362.1471219632567,95.35029853742797,1457.4974205006847,4171.2,,2025-07-03,2025,2025-07,0.09999999999999999,48.07692131347211,1457.4974205006847,5628.6974205006845,10-25,Q4,NORMAL_STRATEGY
C,2025-07-02 00:00:00,2025-07-03 00:00:00,SCGP,BUY,47934,LIMIT,IOC,18.1,18.1,FILLED,,867605.4,1362.140478,95.34983346,1457.49031146,4793.4,,2025-07-03,2025,2025-07,0.09999999999999999,55.248618784530386,1457.49031146,6250.89031146,10-25,Q4,NORMAL_STRATEGY
C,2025-07-07 00:00:00,2025-07-08 00:00:00,IVL,SELL,17265,LIMIT,IOC,19.9,19.9,FILLED,,343573.5,539.410395,37.75872765,577.16912265,1726.5,,2025-07-08,2025,2025-07,0.1,50.25125628140704,577.16912265,2303.6691226499997,10-25,Q3,NORMAL_STRATEGY
C,2025-07-07 00:00:00,2025-07-08 00:00:00,PTTGC,SELL,17893,LIMIT,IOC,20.60000076293945,20.60000076293945,FILLED,,368595.8136512756,578.6954274325027,40.50867992027519,619.2041073527779,1789.3,,2025-07-08,2025,2025-07,0.09999999999999999,48.5436875225294,619.2041073527779,2408.5041073527777,10-25,Q3,NORMAL_STRATEGY
C,2025-07-07 00:00:00,2025-07-08 00:00:00,SCGP,SELL,18444,LIMIT,IOC,16.60000076293945,16.60000076293945,FILLED,,306170.4140716553,480.6875500924988,33.64812850647492,514.3356785989737,1844.4,,2025-07-08,2025,2025-07,0.1,60.24096108673458,514.3356785989737,2358.7356785989737,10-25,Q3,NORMAL_STRATEGY
C,2025-07-07 00:00:00,2025-07-08 00:00:00,COM7,BUY,24526,LIMIT,IOC,20.200000381469728,20.200000381469728,FILLED,,495425.2093559265,777.8175786888046,54.44723050821633,832.264809197021,2452.6,,2025-07-08,2025,2025-07,0.09999999999999999,49.50494956016636,832.2648091970209,3284.864809197021,10-25,Q3,NORMAL_STRATEGY
C,2025-07-07 00:00:00,2025-07-08 00:00:00,TOP,BUY,17537,LIMIT,IOC,28.25,28.25,FILLED,,495420.25,777.8097925,54.446685475,832.256477975,4384.25,,2025-07-08,2025,2025-07,0.25,88.49557522123894,832.2564779749999,5216.506477975,25-50,Q3,NORMAL_STRATEGY
C,2025-07-11 00:00:00,2025-07-14 00:00:00,SCGP,SELL,29490,LIMIT,IOC,16.299999618530272,16.299999618530272,FILLED,,480686.98875045776,754.6785723382186,52.8275000636753,807.5060724018939,2949.0,,2025-07-14,2025,2025-07,0.1,61.34969468730376,807.5060724018939,3756.506072401894,10-25,Q3,NORMAL_STRATEGY
C,2025-07-11 00:00:00,2025-07-14 00:00:00,COM7,BUY,18684,LIMIT,IOC,19.80000076293945,19.80000076293945,FILLED,,369943.2142547607,580.8108463799744,40.656759246598206,621.4676056265725,1868.4,,2025-07-14,2025,2025-07,0.1,50.50504855897505,621.4676056265725,2489.8676056265726,10-25,Q3,NORMAL_STRATEGY
C,2025-07-16 00:00:00,2025-07-17 00:00:00,COM7,SELL,29296,LIMIT,IOC,20.9,20.9,FILLED,,612286.4,961.289648,67.29027536,1028.57992336,2929.6,,2025-07-17,2025,2025-07,0.09999999999999999,47.846889952153106,1028.57992336,3958.17992336,10-25,Q3,NORMAL_STRATEGY
C,2025-07-16 00:00:00,2025-07-17 00:00:00,HMPRO,BUY,40777,LIMIT,IOC,7.200000095367432,7.200000095367432,FILLED,,293594.40388879774,460.9432141054125,32.26602498737888,493.20923909279134,2038.85,,2025-07-17,2025,2025-07,0.049999999999999996,69.4444435246197,493.2092390927914,2532.0592390927914,5-10,Q3,NORMAL_STRATEGY
C,2025-07-16 00:00:00,2025-07-17 00:00:00,LH,BUY,76857,LIMIT,IOC,3.819999952316284,3.819999952316284,FILLED,,293593.73633517267,460.94216604622096,32.26595162323547,493.2081176694565,1537.14,,2025-07-17,2025,2025-07,0.02,52.356021595950175,493.20811766945644,2030.3481176694565,<5,Q3,NORMAL_STRATEGY
C,2025-07-21 00:00:00,2025-07-22 00:00:00,IVL,SELL,12678,LIMIT,IOC,21.60000076293945,21.60000076293945,FILLED,,273844.8096725464,429.93635118589776,30.09554458301285,460.03189576891066,1267.8,,2025-07-22,2025,2025-07,0.09999999999999999,46.29629466105232,460.0318957689106,1727.8318957689105,10-25,Q2,NORMAL_STRATEGY
C,2025-07-21 00:00:00,2025-07-22 00:00:00,PTTGC,SELL,12012,LIMIT,IOC,21.9,21.9,FILLED,,263062.8,413.008596,28.91060172,441.91919772,1201.2,,2025-07-22,2025,2025-07,0.1,45.66210045662101,441.91919772,1643.11919772,10-25,Q2,NORMAL_STRATEGY
C,2025-07-21 00:00:00,2025-07-22 00:00:00,COM7,SELL,1720,LIMIT,IOC,21.19999923706055,21.19999923706055,FILLED,,36463.99868774414,57.2484779397583,4.007393455783081,61.25587139554138,172.0,,2025-07-22,2025,2025-07,0.1,47.16981301828827,61.255871395541384,233.2558713955414,10-25,Q1,NORMAL_STRATEGY
C,2025-07-21 00:00:00,2025-07-22 00:00:00,TOP,SELL,9383,LIMIT,IOC,31.5,31.5,FILLED,,295564.5,464.036265,32.48253855,496.51880355,2345.75,,2025-07-22,2025,2025-07,0.25,79.36507936507937,496.51880355000003,2842.26880355,25-50,Q3,NORMAL_STRATEGY
C,2025-07-21 00:00:00,2025-07-22 00:00:00,HMPRO,SELL,5984,LIMIT,IOC,7.399999809265137,7.399999809265137,FILLED,,44281.598858642574,69.52211020806885,4.86654771456482,74.38865792263368,299.2,,2025-07-22,2025,2025-07,0.049999999999999996,67.56756930912042,74.38865792263367,373.5886579226337,5-10,Q1,NORMAL_STRATEGY
C,2025-07-21 00:00:00,2025-07-22 00:00:00,GULF,BUY,5864,LIMIT,IOC,44.5,44.5,FILLED,,260948.0,409.68836,28.6781852,438.3665452,1466.0,,2025-07-22,2025,2025-07,0.25,56.17977528089887,438.3665452,1904.3665452,25-50,Q2,NORMAL_STRATEGY
C,2025-07-21 00:00:00,2025-07-22 00:00:00,OSP,BUY,15815,LIMIT,IOC,16.49999961853027,16.49999961853027,FILLED,,260947.49396705625,409.6875655282783,28.678129586979484,438.3656951152578,1581.5,,2025-07-22,2025,2025-07,0.1,60.60606200723503,438.3656951152578,2019.8656951152577,10-25,Q2,NORMAL_STRATEGY
C,2025-07-21 00:00:00,2025-07-22 00:00:00,SCGP,BUY,14743,LIMIT,IOC,17.700000381469728,17.700000381469728,FILLED,,260951.10562400817,409.69323582969287,28.678526508078495,438.3717623377714,1474.3,,2025-07-22,2025,2025-07,0.09999999999999999,56.49717392361799,438.3717623377714,1912.6717623377713,10-25,Q2,NORMAL_STRATEGY
C,2025-07-24 00:00:00,2025-07-25 00:00:00,TOP,SELL,96,LIMIT,IOC,32.5,32.5,FILLED,,3120.0,4.8984,0.342888,5.241288,24.0,,2025-07-25,2025,2025-07,0.25,76.92307692307693,5.241288,29.241288,25-50,Q1,NORMAL_STRATEGY
C,2025-07-24 00:00:00,2025-07-25 00:00:00,LH,SELL,7605,LIMIT,IOC,3.799999933242798,3.799999933242798,FILLED,,28898.99949231148,45.37142920292902,3.176000044205032,48.54742924713405,152.1,,2025-07-25,2025,2025-07,0.02,52.63157987198342,48.547429247134055,200.64742924713406,<5,Q1,NORMAL_STRATEGY
C,2025-07-24 00:00:00,2025-07-25 00:00:00,COM7,BUY,529,LIMIT,IOC,20.89999923706055,20.89999923706055,FILLED,,11056.099596405027,17.358076366355895,1.2150653456449128,18.573141712000808,52.9,,2025-07-25,2025,2025-07,0.09999999999999999,47.84689169876945,18.573141712000808,71.47314171200081,10-25,Q1,NORMAL_STRATEGY
C,2025-07-24 00:00:00,2025-07-25 00:00:00,HMPRO,BUY,1886,LIMIT,IOC,7.249999809265137,7.249999809265137,FILLED,,13673.499640274047,21.46739443523025,1.502717610466118,22.97011204569637,94.3,,2025-07-25,2025,2025-07,0.049999999999999996,68.96551905574191,22.970112045696368,117.27011204569637,5-10,Q1,NORMAL_STRATEGY
C,2025-07-24 00:00:00,2025-07-25 00:00:00,IVL,BUY,573,LIMIT,IOC,21.200000381469728,21.200000381469728,FILLED,,12147.600218582153,19.07173234317398,1.3350212640221786,20.40675360719616,57.3,,2025-07-25,2025,2025-07,0.09999999999999999,47.16981047198799,20.40675360719616,77.70675360719616,10-25,Q1,NORMAL_STRATEGY
C,2025-07-24 00:00:00,2025-07-25 00:00:00,OSP,BUY,14,LIMIT,IOC,16.80000076293945,16.80000076293945,FILLED,,235.20001068115235,0.3692640167694091,0.0258484811738586,0.3951124979432678,1.4,,2025-07-25,2025,2025-07,0.09999999999999999,59.523806820651146,0.39511249794326775,1.7951124979432675,10-25,Q1,NORMAL_STRATEGY
C,2025-07-24 00:00:00,2025-07-25 00:00:00,PTTGC,BUY,796,LIMIT,IOC,21.1,21.1,FILLED,,16795.6,26.369092,1.84583644,28.21492844,79.6,,2025-07-25,2025,2025-07,0.09999999999999999,47.39336492890995,28.214928439999998,107.81492843999999,10-25,Q1,NORMAL_STRATEGY
C,2025-07-30 00:00:00,2025-07-31 00:00:00,IVL,SELL,473,LIMIT,IOC,22.69999923706055,22.69999923706055,FILLED,,10737.099639129638,16.85724643343353,1.1800072503403471,18.03725368377388,47.3,,2025-07-31,2025,2025-07,0.09999999999999999,44.0528649167255,18.037253683773876,65.33725368377387,10-25,Q1,NORMAL_STRATEGY
C,2025-07-30 00:00:00,2025-07-31 00:00:00,PTTGC,SELL,941,LIMIT,IOC,23.50000038146973,23.50000038146973,FILLED,,22113.50035896301,34.718195563571925,2.4302736894500354,37.148469253021965,94.1,,2025-07-31,2025,2025-07,0.09999999999999999,42.55319079860621,37.14846925302196,131.24846925302194,10-25,Q1,NORMAL_STRATEGY
C,2025-07-30 00:00:00,2025-07-31 00:00:00,COM7,SELL,44,LIMIT,IOC,21.60000076293945,21.60000076293945,FILLED,,950.400033569336,1.4921280527038574,0.10444896368927,1.5965770163931274,4.4,,2025-07-31,2025,2025-07,0.1,46.29629466105233,1.5965770163931274,5.996577016393128,10-25,Q1,NORMAL_STRATEGY
C,2025-07-30 00:00:00,2025-07-31 00:00:00,TOP,SELL,104,LIMIT,IOC,34.25,34.25,FILLED,,3562.0,5.59234,0.3914638,5.9838038,26.0,,2025-07-31,2025,2025-07,0.25,72.99270072992701,5.9838038000000005,31.9838038,25-50,Q1,NORMAL_STRATEGY
C,2025-07-30 00:00:00,2025-07-31 00:00:00,GULF,SELL,45,LIMIT,IOC,47.0,47.0,FILLED,,2115.0,3.32055,0.2324385,3.5529885,11.25,,2025-07-31,2025,2025-07,0.25,53.191489361702125,3.5529884999999997,14.8029885,25-50,Q1,NORMAL_STRATEGY
C,2025-07-30 00:00:00,2025-07-31 00:00:00,OSP,SELL,642,LIMIT,IOC,18.00000038146973,18.00000038146973,FILLED,,11556.000244903564,18.1429203844986,1.2700044269149016,19.412924811413497,64.2,,2025-07-31,2025,2025-07,0.1,55.555554378179885,19.4129248114135,83.6129248114135,10-25,Q1,NORMAL_STRATEGY
C,2025-07-30 00:00:00,2025-07-31 00:00:00,SCGP,SELL,272,LIMIT,IOC,18.9,18.9,FILLED,,5140.8,8.071056,0.56497392,8.63602992,27.2,,2025-07-31,2025,2025-07,0.09999999999999999,52.910052910052904,8.63602992,35.83602992,10-25,Q1,NORMAL_STRATEGY
C,2025-07-30 00:00:00,2025-07-31 00:00:00,HMPRO,BUY,1185,LIMIT,IOC,7.3,7.3,FILLED,,8650.5,13.581285,0.95068995,14.53197495,59.25,,2025-07-31,2025,2025-07,0.05,68.4931506849315,14.531974949999999,73.78197495,5-10,Q1,NORMAL_STRATEGY
C,2025-07-30 00:00:00,2025-07-31 00:00:00,RATCH,BUY,10430,LIMIT,IOC,26.5,26.5,FILLED,,276395.0,433.94015,30.3758105,464.3159605,2607.5,,2025-07-31,2025,2025-07,0.25,94.33962264150944,464.3159605,3071.8159605,25-50,Q2,NORMAL_STRATEGY
C,2025-08-04 00:00:00,2025-08-05 00:00:00,IVL,SELL,200,LIMIT,IOC,22.9,22.9,FILLED,,4580.0,7.1906,0.503342,7.693942,20.0,,2025-08-05,2025,2025-08,0.1,43.66812227074236,7.693942,27.693942,10-25,Q1,NORMAL_STRATEGY
C,2025-08-04 00:00:00,2025-08-05 00:00:00,PTTGC,SELL,425,LIMIT,IOC,24.19999923706055,24.19999923706055,FILLED,,10284.999675750732,16.147449490928647,1.1303214643650055,17.277770955293654,42.5,,2025-08-05,2025,2025-08,0.1,41.3223153523316,17.277770955293654,59.777770955293654,10-25,Q1,NORMAL_STRATEGY
C,2025-08-04 00:00:00,2025-08-05 00:00:00,COM7,SELL,272,LIMIT,IOC,21.9,21.9,FILLED,,5956.8,9.352176,0.65465232,10.00682832,27.2,,2025-08-05,2025,2025-08,0.09999999999999999,45.662100456621005,10.00682832,37.20682832,10-25,Q1,NORMAL_STRATEGY
C,2025-08-04 00:00:00,2025-08-05 00:00:00,HMPRO,SELL,37864,LIMIT,IOC,7.049999904632568,7.049999904632568,FILLED,,266941.19638900756,419.0976783307418,29.33683748315193,448.43451581389377,1893.2,,2025-08-05,2025,2025-08,0.05,70.9219867749855,448.43451581389377,2341.634515813894,5-10,Q2,NORMAL_STRATEGY
C,2025-08-04 00:00:00,2025-08-05 00:00:00,OSP,SELL,38,LIMIT,IOC,17.9,17.9,FILLED,,680.2,1.067914,0.07475398,1.14266798,3.8,,2025-08-05,2025,2025-08,0.09999999999999999,55.86592178770949,1.1426679800000001,4.9426679799999995,10-25,Q1,NORMAL_STRATEGY
C,2025-08-04 00:00:00,2025-08-05 00:00:00,SCGP,SELL,14471,LIMIT,IOC,17.9,17.9,FILLED,,259030.9,406.678513,28.46749591,435.14600891,1447.1,,2025-08-05,2025,2025-08,0.09999999999999999,55.865921787709496,435.14600891000003,1882.24600891,10-25,Q2,NORMAL_STRATEGY
C,2025-08-04 00:00:00,2025-08-05 00:00:00,RATCH,SELL,10430,LIMIT,IOC,25.75,25.75,FILLED,,268572.5,421.658825,29.51611775,451.17494275,2607.5,,2025-08-05,2025,2025-08,0.25,97.08737864077669,451.17494274999996,3058.67494275,25-50,Q2,NORMAL_STRATEGY
C,2025-08-04 00:00:00,2025-08-05 00:00:00,BDMS,BUY,12694,LIMIT,IOC,21.6,21.6,FILLED,,274190.4,430.478928,30.13352496,460.61245296,1269.4,,2025-08-05,2025,2025-08,0.1,46.29629629629629,460.61245296,1730.01245296,10-25,Q2,NORMAL_STRATEGY
C,2025-08-04 00:00:00,2025-08-05 00:00:00,GULF,BUY,46,LIMIT,IOC,46.75,46.75,FILLED,,2150.5,3.376285,0.23633995,3.61262495,11.5,,2025-08-05,2025,2025-08,0.25,53.475935828877,3.6126249500000003,15.11262495,25-50,Q1,NORMAL_STRATEGY
C,2025-08-04 00:00:00,2025-08-05 00:00:00,KKP,BUY,4940,LIMIT,IOC,55.5,55.5,FILLED,,274170.0,430.4469,30.131283,460.578183,1235.0,,2025-08-05,2025,2025-08,0.25,45.04504504504504,460.578183,1695.578183,50-100,Q2,NORMAL_STRATEGY
C,2025-08-04 00:00:00,2025-08-05 00:00:00,LH,BUY,1785,LIMIT,IOC,3.859999914169312,3.859999914169312,FILLED,,6890.099846792222,10.817456759463788,0.7572219731624651,11.574678732626252,35.7,,2025-08-05,2025,2025-08,0.02,51.81347265471141,11.574678732626253,47.274678732626256,<5,Q1,NORMAL_STRATEGY
C,2025-08-04 00:00:00,2025-08-05 00:00:00,TIDLOR,BUY,15491,LIMIT,IOC,17.700000381469728,17.700000381469728,FILLED,,274190.70590934757,430.4794082776756,30.13355857943729,460.6129668571129,1549.1,,2025-08-05,2025,2025-08,0.09999999999999999,56.497173923617986,460.6129668571129,2009.7129668571129,10-25,Q2,NORMAL_STRATEGY
C,2025-08-04 00:00:00,2025-08-05 00:00:00,TOP,BUY,292,LIMIT,IOC,33.25,33.25,FILLED,,9709.0,15.24313,1.0670191,16.3101491,73.0,,2025-08-05,2025,2025-08,0.25,75.18796992481202,16.3101491,89.3101491,25-50,Q1,NORMAL_STRATEGY
C,2025-08-07 00:00:00,2025-08-08 00:00:00,LH,SELL,1376,LIMIT,IOC,3.9600000190734863,3.9600000190734863,FILLED,,5448.960026245117,8.554867241204835,0.5988407068843383,9.15370794808917,27.52,,2025-08-08,2025,2025-08,0.02,50.50505026179107,9.153707948089174,36.673707948089174,<5,Q1,NORMAL_STRATEGY
C,2025-08-07 00:00:00,2025-08-08 00:00:00,GULF,SELL,60,LIMIT,IOC,47.5,47.5,FILLED,,2850.0,4.4745,0.313215,4.787715,15.0,,2025-08-08,2025,2025-08,0.25,52.63157894736842,4.787715,19.787715,25-50,Q1,NORMAL_STRATEGY
C,2025-08-07 00:00:00,2025-08-08 00:00:00,OSP,SELL,88,LIMIT,IOC,18.29999961853028,18.29999961853028,FILLED,,1610.3999664306643,2.5283279472961433,0.17698295631073,2.7053109036068728,8.8,,2025-08-08,2025,2025-08,0.1,54.64480988225905,2.705310903606873,11.505310903606874,10-25,Q1,NORMAL_STRATEGY
C,2025-08-07 00:00:00,2025-08-08 00:00:00,BDMS,SELL,12694,LIMIT,IOC,22.10000076293945,22.10000076293945,FILLED,,280537.4096847534,440.44373320506287,30.8310613243544,471.2747945294173,1269.4,,2025-08-08,2025,2025-08,0.1,45.248867216192494,471.27479452941725,1740.6747945294173,10-25,Q2,NORMAL_STRATEGY
C,2025-08-07 00:00:00,2025-08-08 00:00:00,IVL,BUY,140,LIMIT,IOC,23.200000381469728,23.200000381469728,FILLED,,3248.0000534057617,5.099360083847046,0.3569552058692932,5.456315289716339,14.0,,2025-08-08,2025,2025-08,0.1,43.10344756712671,5.456315289716339,19.45631528971634,10-25,Q1,NORMAL_STRATEGY
C,2025-08-07 00:00:00,2025-08-08 00:00:00,PTTGC,BUY,325,LIMIT,IOC,24.1,24.1,FILLED,,7832.5,12.297025,0.86079175,13.15781675,32.5,,2025-08-08,2025,2025-08,0.1,41.49377593360996,13.15781675,45.65781675,10-25,Q1,NORMAL_STRATEGY
C,2025-08-07 00:00:00,2025-08-08 00:00:00,TOP,BUY,10,LIMIT,IOC,33.75,33.75,FILLED,,337.5,0.529875,0.03709125,0.56696625,2.5,,2025-08-08,2025,2025-08,0.25,74.07407407407408,0.56696625,3.06696625,25-50,Q1,NORMAL_STRATEGY
C,2025-08-14 00:00:00,2025-08-15 00:00:00,IVL,SELL,12010,LIMIT,IOC,22.10000076293945,22.10000076293945,FILLED,,265421.00916290283,416.71098438575746,29.16976890700302,445.88075329276046,1201.0,,2025-08-15,2025,2025-08,0.1,45.248867216192494,445.88075329276046,1646.8807532927603,10-25,Q2,NORMAL_STRATEGY
C,2025-08-14 00:00:00,2025-08-15 00:00:00,COM7,SELL,1150,LIMIT,IOC,24.4,24.4,FILLED,,28060.0,44.0542,3.083794,47.137994,115.0,,2025-08-15,2025,2025-08,0.1,40.98360655737705,47.137994,162.137994,10-25,Q1,NORMAL_STRATEGY
C,2025-08-14 00:00:00,2025-08-15 00:00:00,LH,SELL,1451,LIMIT,IOC,4.019999961853027,4.019999961853027,FILLED,,5833.019944648742,9.157841313098524,0.6410488919168967,9.798890205015422,29.02,,2025-08-15,2025,2025-08,0.02,49.75124425319884,9.798890205015422,38.81889020501542,<5,Q1,NORMAL_STRATEGY
C,2025-08-14 00:00:00,2025-08-15 00:00:00,GULF,SELL,6,LIMIT,IOC,47.25,47.25,FILLED,,283.5,0.445095,0.03115665,0.47625165,1.5,,2025-08-15,2025,2025-08,0.25,52.910052910052904,0.47625165,1.97625165,25-50,Q1,NORMAL_STRATEGY
C,2025-08-14 00:00:00,2025-08-15 00:00:00,KKP,SELL,145,LIMIT,IOC,57.25,57.25,FILLED,,8301.25,13.0329625,0.912307375,13.945269875,36.25,,2025-08-15,2025,2025-08,0.25,43.66812227074236,13.945269875,50.195269875,50-100,Q1,NORMAL_STRATEGY
C,2025-08-14 00:00:00,2025-08-15 00:00:00,TIDLOR,SELL,1216,LIMIT,IOC,19.19999923706055,19.19999923706055,FILLED,,23347.199072265623,36.65510254345703,2.565857178041992,39.22095972149902,121.6,,2025-08-15,2025,2025-08,0.09999999999999999,52.083335402939134,39.22095972149903,160.82095972149904,10-25,Q1,NORMAL_STRATEGY
C,2025-08-14 00:00:00,2025-08-15 00:00:00,BDMS,BUY,12821,LIMIT,IOC,21.6,21.6,FILLED,,276933.6,434.785752,30.43500264,465.22075464,1282.1,,2025-08-15,2025,2025-08,0.09999999999999999,46.29629629629629,465.22075464,1747.32075464,10-25,Q2,NORMAL_STRATEGY
C,2025-08-14 00:00:00,2025-08-15 00:00:00,KTB,BUY,11443,LIMIT,IOC,24.200000381469728,24.200000381469728,FILLED,,276920.60436515807,434.7653488532982,30.433574419730878,465.19892327302904,1144.3,,2025-08-15,2025,2025-08,0.09999999999999999,41.32231339821439,465.19892327302904,1609.498923273029,10-25,Q2,NORMAL_STRATEGY
C,2025-08-14 00:00:00,2025-08-15 00:00:00,PTTGC,BUY,374,LIMIT,IOC,23.200000381469728,23.200000381469728,FILLED,,8676.800142669677,13.622576223991395,0.9535803356793976,14.576156559670792,37.4,,2025-08-15,2025,2025-08,0.09999999999999999,43.10344756712671,14.576156559670792,51.97615655967079,10-25,Q1,NORMAL_STRATEGY
C,2025-08-19 00:00:00,2025-08-20 00:00:00,TOP,SELL,8256,LIMIT,IOC,30.0,30.0,FILLED,,247680.0,388.8576,27.220032,416.077632,2064.0,,2025-08-20,2025,2025-08,0.25,83.33333333333333,416.077632,2480.077632,25-50,Q2,NORMAL_STRATEGY
C,2025-08-19 00:00:00,2025-08-20 00:00:00,BDMS,SELL,12821,LIMIT,IOC,20.9,20.9,FILLED,,267958.9,420.695473,29.44868311,450.14415611,1282.1,,2025-08-20,2025,2025-08,0.09999999999999999,47.8468899521531,450.14415611,1732.24415611,10-25,Q2,NORMAL_STRATEGY
C,2025-08-19 00:00:00,2025-08-20 00:00:00,COM7,BUY,7678,LIMIT,IOC,24.6,24.6,FILLED,,188878.8,296.539716,20.75778012,317.29749612,767.8,,2025-08-20,2025,2025-08,0.09999999999999999,40.650406504065046,317.29749612,1085.09749612,10-25,Q2,NORMAL_STRATEGY
C,2025-08-19 00:00:00,2025-08-20 00:00:00,GULF,BUY,4111,LIMIT,IOC,47.0,47.0,FILLED,,193217.0,303.35069,21.2345483,324.5852383,1027.75,,2025-08-20,2025,2025-08,0.25,53.191489361702125,324.5852383,1352.3352383000001,25-50,Q2,NORMAL_STRATEGY
C,2025-08-22 00:00:00,2025-08-25 00:00:00,PTTGC,SELL,1745,LIMIT,IOC,27.25,27.25,FILLED,,47551.25,74.6554625,5.225882375,79.881344875,436.25,,2025-08-25,2025,2025-08,0.25,91.74311926605505,79.881344875,516.131344875,25-50,Q1,NORMAL_STRATEGY
C,2025-08-22 00:00:00,2025-08-25 00:00:00,COM7,SELL,8058,LIMIT,IOC,25.5,25.5,FILLED,,205479.0,322.60203,22.5821421,345.1841721,2014.5,,2025-08-25,2025,2025-08,0.25,98.0392156862745,345.1841721,2359.6841721,25-50,Q2,NORMAL_STRATEGY
C,2025-08-22 00:00:00,2025-08-25 00:00:00,GULF,SELL,4049,LIMIT,IOC,47.75,47.75,FILLED,,193339.75,303.5434075,21.248038525,324.791446025,1012.25,,2025-08-25,2025,2025-08,0.25,52.35602094240838,324.791446025,1337.041446025,25-50,Q2,NORMAL_STRATEGY
C,2025-08-22 00:00:00,2025-08-25 00:00:00,OSP,SELL,15061,LIMIT,IOC,17.4,17.4,FILLED,,262061.4,411.436398,28.80054786,440.23694586,1506.1,,2025-08-25,2025,2025-08,0.09999999999999999,57.47126436781609,440.23694586,1946.33694586,10-25,Q2,NORMAL_STRATEGY
C,2025-08-22 00:00:00,2025-08-25 00:00:00,IVL,BUY,12190,LIMIT,IOC,23.200000381469728,23.200000381469728,FILLED,,282808.004650116,444.0085673006821,31.080599711047743,475.0891670117298,1219.0,,2025-08-25,2025,2025-08,0.1,43.1034475671267,475.08916701172984,1694.0891670117298,10-25,Q3,NORMAL_STRATEGY
C,2025-08-22 00:00:00,2025-08-25 00:00:00,KKP,BUY,144,LIMIT,IOC,57.25,57.25,FILLED,,8244.0,12.94308,0.9060156,13.8490956,36.0,,2025-08-25,2025,2025-08,0.25,43.66812227074236,13.8490956,49.8490956,50-100,Q1,NORMAL_STRATEGY
C,2025-08-22 00:00:00,2025-08-25 00:00:00,KTB,BUY,243,LIMIT,IOC,24.200000381469728,24.200000381469728,FILLED,,5880.600092697144,9.232542145534515,0.646277950187416,9.878820095721933,24.3,,2025-08-25,2025,2025-08,0.1,41.32231339821439,9.878820095721931,34.17882009572193,10-25,Q1,NORMAL_STRATEGY
C,2025-08-22 00:00:00,2025-08-25 00:00:00,LH,BUY,2492,LIMIT,IOC,4.000000019073487,4.000000019073487,FILLED,,9968.00004753113,15.64976007462387,1.0954832052236707,16.74524327984754,49.84,,2025-08-25,2025,2025-08,0.02,49.99999976158142,16.745243279847543,66.58524327984755,<5,Q1,NORMAL_STRATEGY
C,2025-08-22 00:00:00,2025-08-25 00:00:00,RATCH,BUY,10474,LIMIT,IOC,27.0,27.0,FILLED,,282798.0,443.99286,31.0795002,475.0723602,2618.5,,2025-08-25,2025,2025-08,0.25,92.59259259259258,475.0723602,3093.5723602,25-50,Q3,NORMAL_STRATEGY
C,2025-08-22 00:00:00,2025-08-25 00:00:00,SCGP,BUY,15286,LIMIT,IOC,18.49999961853028,18.49999961853028,FILLED,,282790.9941688538,443.98186084510047,31.078730259157037,475.0605911042575,1528.6,,2025-08-25,2025,2025-08,0.09999999999999999,54.054055168647864,475.0605911042575,2003.6605911042575,10-25,Q3,NORMAL_STRATEGY
C,2025-08-22 00:00:00,2025-08-25 00:00:00,TIDLOR,BUY,531,LIMIT,IOC,19.1,19.1,FILLED,,10142.1,15.923097,1.11461679,17.03771379,53.1,,2025-08-25,2025,2025-08,0.1,52.35602094240838,17.03771379,70.13771379,10-25,Q1,NORMAL_STRATEGY
C,2025-08-27 00:00:00,2025-08-28 00:00:00,IVL,SELL,12190,LIMIT,IOC,22.19999923706055,22.19999923706055,FILLED,,270617.99069976807,424.8702453986359,29.74091717790451,454.6111625765404,1219.0,,2025-08-28,2025,2025-08,0.1,45.04504659309204,454.61116257654044,1673.6111625765404,10-25,Q2,NORMAL_STRATEGY
C,2025-08-27 00:00:00,2025-08-28 00:00:00,SCGP,SELL,15286,LIMIT,IOC,17.10000076293945,17.10000076293945,FILLED,,261390.61166229247,410.3832603097992,28.726828221685945,439.11008853148513,1528.6,,2025-08-28,2025,2025-08,0.09999999999999999,58.479529554599985,439.11008853148513,1967.710088531485,10-25,Q2,NORMAL_STRATEGY
C,2025-08-27 00:00:00,2025-08-28 00:00:00,COM7,BUY,1004,LIMIT,IOC,26.0,26.0,FILLED,,26104.0,40.98328,2.8688296,43.8521096,251.0,,2025-08-28,2025,2025-08,0.25,96.15384615384616,43.8521096,294.8521096,25-50,Q1,NORMAL_STRATEGY
C,2025-08-27 00:00:00,2025-08-28 00:00:00,GULF,BUY,608,LIMIT,IOC,47.75,47.75,FILLED,,29032.0,45.58024,3.1906168,48.7708568,152.0,,2025-08-28,2025,2025-08,0.25,52.35602094240838,48.770856800000004,200.7708568,25-50,Q1,NORMAL_STRATEGY
C,2025-08-27 00:00:00,2025-08-28 00:00:00,KKP,BUY,480,LIMIT,IOC,57.0,57.0,FILLED,,27360.0,42.9552,3.006864,45.962064,120.0,,2025-08-28,2025,2025-08,0.25,43.859649122807014,45.962064,165.962064,50-100,Q1,NORMAL_STRATEGY
C,2025-08-27 00:00:00,2025-08-28 00:00:00,KTB,BUY,871,LIMIT,IOC,24.6,24.6,FILLED,,21426.6,33.639762,2.35478334,35.99454534,87.1,,2025-08-28,2025,2025-08,0.09999999999999999,40.650406504065046,35.994545339999995,123.09454534,10-25,Q1,NORMAL_STRATEGY
C,2025-08-27 00:00:00,2025-08-28 00:00:00,MTC,BUY,8075,LIMIT,IOC,38.25,38.25,FILLED,,308868.75,484.9239375,33.944675625,518.868613125,2018.75,,2025-08-28,2025,2025-08,0.25,65.359477124183,518.868613125,2537.618613125,25-50,Q3,NORMAL_STRATEGY
C,2025-08-27 00:00:00,2025-08-28 00:00:00,PTTGC,BUY,1465,LIMIT,IOC,26.5,26.5,FILLED,,38822.5,60.951325,4.26659275,65.21791775,366.25,,2025-08-28,2025,2025-08,0.25,94.33962264150944,65.21791775,431.46791774999997,25-50,Q1,NORMAL_STRATEGY
C,2025-08-27 00:00:00,2025-08-28 00:00:00,RATCH,BUY,966,LIMIT,IOC,27.0,27.0,FILLED,,26082.0,40.94874,2.8664118,43.8151518,241.5,,2025-08-28,2025,2025-08,0.25,92.59259259259258,43.8151518,285.3151518,25-50,Q1,NORMAL_STRATEGY
C,2025-08-27 00:00:00,2025-08-28 00:00:00,TIDLOR,BUY,1538,LIMIT,IOC,18.89999923706055,18.89999923706055,FILLED,,29068.19882659912,45.63707215776063,3.1945950510432435,48.83166720880386,153.8,,2025-08-28,2025,2025-08,0.1,52.91005504588194,48.83166720880387,202.6316672088039,10-25,Q1,NORMAL_STRATEGY
C,2025-09-01 00:00:00,2025-09-02 00:00:00,GULF,SELL,6469,LIMIT,IOC,46.5,46.5,FILLED,,300808.5,472.269345,33.05885415,505.32819915,1617.25,,2025-09-02,2025,2025-09,0.25,53.763440860215056,505.32819915,2122.57819915,25-50,Q3,NORMAL_STRATEGY
C,2025-09-01 00:00:00,2025-09-02 00:00:00,MTC,SELL,8075,LIMIT,IOC,36.75,36.75,FILLED,,296756.25,465.9073125,32.613511875,498.520824375,2018.75,,2025-09-02,2025,2025-09,0.25,68.02721088435374,498.52082437499996,2517.270824375,25-50,Q3,NORMAL_STRATEGY
C,2025-09-01 00:00:00,2025-09-02 00:00:00,COM7,BUY,1758,LIMIT,IOC,25.75,25.75,FILLED,,45268.5,71.071545,4.97500815,76.04655315,439.5,,2025-09-02,2025,2025-09,0.25,97.08737864077669,76.04655315,515.54655315,25-50,Q1,NORMAL_STRATEGY
C,2025-09-01 00:00:00,2025-09-02 00:00:00,HMPRO,BUY,45909,LIMIT,IOC,7.649999904632568,7.649999904632568,FILLED,,351203.84562177653,551.3900376261892,38.597302633833245,589.9873402600225,2295.45,,2025-09-02,2025,2025-09,0.049999999999999996,65.3594779389759,589.9873402600224,2885.437340260022,5-10,Q3,NORMAL_STRATEGY
C,2025-09-01 00:00:00,2025-09-02 00:00:00,KTB,BUY,1352,LIMIT,IOC,25.25,25.25,FILLED,,34138.0,53.59666,3.7517662,57.3484262,338.0,,2025-09-02,2025,2025-09,0.25,99.00990099009901,57.3484262,395.3484262,25-50,Q1,NORMAL_STRATEGY
C,2025-09-01 00:00:00,2025-09-02 00:00:00,LH,BUY,16230,LIMIT,IOC,4.039999980926514,4.039999980926514,FILLED,,65569.19969043732,102.9436435139866,7.206055045979061,110.14969855996564,324.6,,2025-09-02,2025,2025-09,0.02,49.5049507287703,110.14969855996566,434.7496985599657,<5,Q2,NORMAL_STRATEGY
C,2025-09-01 00:00:00,2025-09-02 00:00:00,PTTGC,BUY,1351,LIMIT,IOC,27.0,27.0,FILLED,,36477.0,57.26889,4.0088223,61.2777123,337.75,,2025-09-02,2025,2025-09,0.25,92.59259259259258,61.2777123,399.0277123,25-50,Q1,NORMAL_STRATEGY
C,2025-09-01 00:00:00,2025-09-02 00:00:00,RATCH,BUY,1813,LIMIT,IOC,26.5,26.5,FILLED,,48044.5,75.429865,5.28009055,80.70995555,453.25,,2025-09-02,2025,2025-09,0.25,94.33962264150944,80.70995555,533.95995555,25-50,Q1,NORMAL_STRATEGY
C,2025-09-01 00:00:00,2025-09-02 00:00:00,TIDLOR,BUY,2043,LIMIT,IOC,19.1,19.1,FILLED,,39021.3,61.263441,4.28844087,65.55188187,204.3,,2025-09-02,2025,2025-09,0.1,52.35602094240838,65.55188187,269.85188187,10-25,Q1,NORMAL_STRATEGY
C,2025-09-04 00:00:00,2025-09-05 00:00:00,COM7,SELL,118,LIMIT,IOC,25.5,25.5,FILLED,,3009.0,4.72413,0.3306891,5.0548191,29.5,,2025-09-05,2025,2025-09,0.25,98.0392156862745,5.0548191,34.5548191,25-50,Q1,NORMAL_STRATEGY
C,2025-09-04 00:00:00,2025-09-05 00:00:00,LH,SELL,1602,LIMIT,IOC,4.079999904632568,4.079999904632568,FILLED,,6536.159847221374,10.261770960137556,0.7183239672096289,10.980094927347187,32.04,,2025-09-05,2025,2025-09,0.02,49.01960898893976,10.980094927347185,43.02009492734719,<5,Q1,NORMAL_STRATEGY
C,2025-09-04 00:00:00,2025-09-05 00:00:00,TIDLOR,SELL,983,LIMIT,IOC,20.00000038146973,20.00000038146973,FILLED,,19660.00037498474,30.866200588726045,2.160634041210823,33.026834629936864,98.3,,2025-09-05,2025,2025-09,0.09999999999999999,49.99999904632571,33.02683462993687,131.32683462993685,10-25,Q1,NORMAL_STRATEGY
C,2025-09-04 00:00:00,2025-09-05 00:00:00,RATCH,SELL,13253,LIMIT,IOC,25.75,25.75,FILLED,,341264.75,535.7856575,37.504996025,573.290653525,3313.25,,2025-09-05,2025,2025-09,0.25,97.08737864077669,573.2906535249999,3886.540653525,25-50,Q3,NORMAL_STRATEGY
C,2025-09-04 00:00:00,2025-09-05 00:00:00,KKP,BUY,416,LIMIT,IOC,60.25,60.25,FILLED,,25064.0,39.35048,2.7545336,42.1050136,104.0,,2025-09-05,2025,2025-09,0.25,41.49377593360996,42.1050136,146.1050136,50-100,Q1,NORMAL_STRATEGY
C,2025-09-04 00:00:00,2025-09-05 00:00:00,KTB,BUY,14,LIMIT,IOC,25.25,25.25,FILLED,,353.5,0.554995,0.03884965,0.59384465,3.5,,2025-09-05,2025,2025-09,0.25,99.00990099009901,0.59384465,4.09384465,25-50,Q1,NORMAL_STRATEGY
C,2025-09-04 00:00:00,2025-09-05 00:00:00,PTTGC,BUY,13,LIMIT,IOC,27.0,27.0,FILLED,,351.0,0.55107,0.0385749,0.5896449,3.25,,2025-09-05,2025,2025-09,0.25,92.59259259259258,0.5896448999999999,3.8396448999999997,25-50,Q1,NORMAL_STRATEGY
C,2025-09-09 00:00:00,2025-09-10 00:00:00,PTTGC,SELL,2952,LIMIT,IOC,27.5,27.5,FILLED,,81180.0,127.4526,8.921682,136.374282,738.0,,2025-09-10,2025,2025-09,0.25,90.9090909090909,136.374282,874.374282,25-50,Q2,NORMAL_STRATEGY
C,2025-09-09 00:00:00,2025-09-10 00:00:00,COM7,SELL,13521,LIMIT,IOC,24.75,24.75,FILLED,,334644.75,525.3922575,36.777458025,562.169715525,3380.25,,2025-09-10,2025,2025-09,0.25,101.01010101010102,562.169715525,3942.419715525,10-25,Q3,NORMAL_STRATEGY
C,2025-09-09 00:00:00,2025-09-10 00:00:00,LH,SELL,19459,LIMIT,IOC,4.240000228881836,4.240000228881836,FILLED,,82506.16445381165,129.53467819248428,9.067427473473902,138.6021056659582,389.18,,2025-09-10,2025,2025-09,0.02,47.16980877445461,138.6021056659582,527.7821056659582,<5,Q2,NORMAL_STRATEGY
C,2025-09-09 00:00:00,2025-09-10 00:00:00,KKP,SELL,1057,LIMIT,IOC,58.5,58.5,FILLED,,61834.5,97.080165,6.79561155,103.87577655,264.25,,2025-09-10,2025,2025-09,0.25,42.73504273504274,103.87577655,368.12577655,50-100,Q2,NORMAL_STRATEGY
C,2025-09-09 00:00:00,2025-09-10 00:00:00,TIDLOR,SELL,3850,LIMIT,IOC,20.60000076293945,20.60000076293945,FILLED,,79310.0029373169,124.51670461158751,8.716169322811126,133.23287393439864,385.0,,2025-09-10,2025,2025-09,0.1,48.5436875225294,133.23287393439864,518.2328739343986,10-25,Q2,NORMAL_STRATEGY
C,2025-09-09 00:00:00,2025-09-10 00:00:00,KTB,SELL,3080,LIMIT,IOC,25.5,25.5,FILLED,,78540.0,123.3078,8.631546,131.939346,770.0,,2025-09-10,2025,2025-09,0.25,98.0392156862745,131.939346,901.939346,25-50,Q2,NORMAL_STRATEGY
C,2025-09-09 00:00:00,2025-09-10 00:00:00,IVL,BUY,11996,LIMIT,IOC,23.49999961853028,23.49999961853028,FILLED,,281905.9954238892,442.59241281550607,30.981468897085424,473.57388171259146,1199.6,,2025-09-10,2025,2025-09,0.09999999999999999,42.553192180117215,473.5738817125915,1673.1738817125915,10-25,Q3,NORMAL_STRATEGY
C,2025-09-09 00:00:00,2025-09-10 00:00:00,MTC,BUY,6518,LIMIT,IOC,43.25,43.25,FILLED,,281903.5,442.588495,30.98119465,473.56968965,1629.5,,2025-09-10,2025,2025-09,0.25,57.80346820809248,473.56968965000004,2103.06968965,25-50,Q3,NORMAL_STRATEGY
C,2025-09-09 00:00:00,2025-09-10 00:00:00,OSP,BUY,14532,LIMIT,IOC,19.39999923706055,19.39999923706055,FILLED,,281920.7889129638,442.61563859335325,30.98309470153473,473.598733294888,1453.2,,2025-09-10,2025,2025-09,0.1,51.546393779730806,473.598733294888,1926.798733294888,10-25,Q3,NORMAL_STRATEGY
C,2025-09-12 00:00:00,2025-09-15 00:00:00,PTTGC,SELL,105,LIMIT,IOC,27.75,27.75,FILLED,,2913.75,4.5745875,0.320221125,4.894808625,26.25,,2025-09-15,2025,2025-09,0.25,90.09009009009009,4.894808625,31.144808625,25-50,Q1,NORMAL_STRATEGY
C,2025-09-12 00:00:00,2025-09-15 00:00:00,LH,SELL,108,LIMIT,IOC,4.240000228881836,4.240000228881836,FILLED,,457.9200247192383,0.718934438809204,0.0503254107166442,0.7692598495258484,2.16,,2025-09-15,2025,2025-09,0.02,47.169808774454616,0.7692598495258482,2.9292598495258484,<5,Q1,NORMAL_STRATEGY
C,2025-09-12 00:00:00,2025-09-15 00:00:00,KKP,SELL,4778,LIMIT,IOC,59.0,59.0,FILLED,,281902.0,442.58614,30.9810298,473.5671698,1194.5,,2025-09-15,2025,2025-09,0.25,42.3728813559322,473.5671698,1668.0671698,50-100,Q3,NORMAL_STRATEGY
C,2025-09-12 00:00:00,2025-09-15 00:00:00,HMPRO,SELL,8874,LIMIT,IOC,7.500000190734863,7.500000190734863,FILLED,,66555.00169258117,104.49135265735244,7.31439468601467,111.80574734336712,443.7,,2025-09-15,2025,2025-09,0.049999999999999996,66.66666497124571,111.8057473433671,555.5057473433671,5-10,Q2,NORMAL_STRATEGY
C,2025-09-12 00:00:00,2025-09-15 00:00:00,IVL,SELL,220,LIMIT,IOC,23.69999923706055,23.69999923706055,FILLED,,5213.99983215332,8.185979736480714,0.5730185815536499,8.758998318034362,22.0,,2025-09-15,2025,2025-09,0.1,42.19409418529701,8.758998318034365,30.758998318034365,10-25,Q1,NORMAL_STRATEGY
C,2025-09-12 00:00:00,2025-09-15 00:00:00,MTC,SELL,11,LIMIT,IOC,42.75,42.75,FILLED,,470.25,0.7382925,0.051680475,0.789972975,2.75,,2025-09-15,2025,2025-09,0.25,58.47953216374269,0.789972975,3.539972975,25-50,Q1,NORMAL_STRATEGY
C,2025-09-12 00:00:00,2025-09-15 00:00:00,TIDLOR,BUY,176,LIMIT,IOC,20.49999961853028,20.49999961853028,FILLED,,3607.999932861329,5.664559894592286,0.39651919262146,6.061079087213746,17.6,,2025-09-15,2025,2025-09,0.1,48.780488712599,6.061079087213746,23.661079087213746,10-25,Q1,NORMAL_STRATEGY
C,2025-09-12 00:00:00,2025-09-15 00:00:00,TOP,BUY,7818,LIMIT,IOC,36.0,36.0,FILLED,,281448.0,441.87336,30.9311352,472.8044952,1954.5,,2025-09-15,2025,2025-09,0.25,69.44444444444444,472.8044952,2427.3044952,25-50,Q3,NORMAL_STRATEGY
C,2025-09-17 00:00:00,2025-09-18 00:00:00,PTTGC,SELL,75,LIMIT,IOC,27.75,27.75,FILLED,,2081.25,3.2675625,0.228729375,3.496291875,18.75,,2025-09-18,2025,2025-09,0.25,90.09009009009009,3.496291875,22.246291875,25-50,Q1,NORMAL_STRATEGY
C,2025-09-17 00:00:00,2025-09-18 00:00:00,LH,SELL,3959,LIMIT,IOC,4.48,4.48,FILLED,,17736.32,27.8460224,1.949221568,29.795243968,79.18,,2025-09-18,2025,2025-09,0.02,44.642857142857146,29.795243967999998,108.975243968,<5,Q1,NORMAL_STRATEGY
C,2025-09-17 00:00:00,2025-09-18 00:00:00,TIDLOR,SELL,169,LIMIT,IOC,20.4,20.4,FILLED,,3447.6,5.412732,0.37889124,5.79162324,16.9,,2025-09-18,2025,2025-09,0.09999999999999999,49.01960784313725,5.79162324,22.69162324,10-25,Q1,NORMAL_STRATEGY
C,2025-09-17 00:00:00,2025-09-18 00:00:00,HMPRO,SELL,2333,LIMIT,IOC,7.95,7.95,FILLED,,18547.35,29.1193395,2.038353765,31.157693265,116.65,,2025-09-18,2025,2025-09,0.05,62.8930817610063,31.157693265,147.807693265,5-10,Q1,NORMAL_STRATEGY
C,2025-09-17 00:00:00,2025-09-18 00:00:00,MTC,SELL,85,LIMIT,IOC,43.0,43.0,FILLED,,3655.0,5.73835,0.4016845,6.1400345,21.25,,2025-09-18,2025,2025-09,0.25,58.13953488372093,6.1400345,27.3900345,25-50,Q1,NORMAL_STRATEGY
C,2025-09-17 00:00:00,2025-09-18 00:00:00,TOP,SELL,319,LIMIT,IOC,36.75,36.75,FILLED,,11723.25,18.4055025,1.288385175,19.693887675,79.75,,2025-09-18,2025,2025-09,0.25,68.02721088435374,19.693887675,99.443887675,25-50,Q1,NORMAL_STRATEGY
C,2025-09-17 00:00:00,2025-09-18 00:00:00,IVL,BUY,111,LIMIT,IOC,23.49999961853028,23.49999961853028,FILLED,,2608.4999576568607,4.095344933521271,0.2866741453464889,4.38201907886776,11.1,,2025-09-18,2025,2025-09,0.09999999999999999,42.553192180117215,4.38201907886776,15.48201907886776,10-25,Q1,NORMAL_STRATEGY
C,2025-09-17 00:00:00,2025-09-18 00:00:00,KTB,BUY,5,LIMIT,IOC,25.75,25.75,FILLED,,128.75,0.2021375,0.014149625,0.216287125,1.25,,2025-09-18,2025,2025-09,0.25,97.08737864077669,0.216287125,1.466287125,25-50,Q1,NORMAL_STRATEGY
C,2025-09-17 00:00:00,2025-09-18 00:00:00,OSP,BUY,94,LIMIT,IOC,19.1,19.1,FILLED,,1795.4,2.818778,0.19731446,3.01609246,9.4,,2025-09-18,2025,2025-09,0.1,52.35602094240838,3.01609246,12.41609246,10-25,Q1,NORMAL_STRATEGY
C,2025-09-22 00:00:00,2025-09-23 00:00:00,PTTGC,SELL,9888,LIMIT,IOC,27.0,27.0,FILLED,,266976.0,419.15232,29.3406624,448.4929824,2472.0,,2025-09-23,2025,2025-09,0.25,92.59259259259258,448.49298239999996,2920.4929824,25-50,Q2,NORMAL_STRATEGY
C,2025-09-22 00:00:00,2025-09-23 00:00:00,HMPRO,SELL,34702,LIMIT,IOC,7.45,7.45,FILLED,,258529.9,405.891943,28.41243601,434.30437901,1735.1,,2025-09-23,2025,2025-09,0.049999999999999996,67.11409395973155,434.30437901000005,2169.40437901,5-10,Q2,NORMAL_STRATEGY
C,2025-09-22 00:00:00,2025-09-23 00:00:00,IVL,SELL,11887,LIMIT,IOC,22.9,22.9,FILLED,,272212.3,427.373311,29.91613177,457.28944277,1188.7,,2025-09-23,2025,2025-09,0.1,43.668122270742366,457.28944277,1645.98944277,10-25,Q2,NORMAL_STRATEGY
C,2025-09-22 00:00:00,2025-09-23 00:00:00,MTC,BUY,6443,LIMIT,IOC,41.75,41.75,FILLED,,268995.25,422.3225425,29.562577975,451.885120475,1610.75,,2025-09-23,2025,2025-09,0.25,59.880239520958085,451.885120475,2062.635120475,25-50,Q2,NORMAL_STRATEGY
C,2025-09-22 00:00:00,2025-09-23 00:00:00,OSP,BUY,15050,LIMIT,IOC,18.1,18.1,FILLED,,272405.0,427.67585,29.9373095,457.6131595,1505.0,,2025-09-23,2025,2025-09,0.1,55.248618784530386,457.61315950000005,1962.6131595000002,10-25,Q2,NORMAL_STRATEGY
C,2025-09-22 00:00:00,2025-09-23 00:00:00,TIDLOR,BUY,13162,LIMIT,IOC,20.1,20.1,FILLED,,264556.2,415.353234,29.07472638,444.42796038,1316.2,,2025-09-23,2025,2025-09,0.1,49.75124378109452,444.42796038,1760.62796038,10-25,Q2,NORMAL_STRATEGY
C,2025-09-22 00:00:00,2025-09-23 00:00:00,TOP,BUY,7526,LIMIT,IOC,35.75,35.75,FILLED,,269054.5,422.415565,29.56908955,451.98465455,1881.5,,2025-09-23,2025,2025-09,0.25,69.93006993006993,451.98465455,2333.48465455,25-50,Q2,NORMAL_STRATEGY
C,2025-09-25 00:00:00,2025-09-26 00:00:00,TIDLOR,SELL,4581,LIMIT,IOC,20.4,20.4,FILLED,,93452.4,146.720268,10.27041876,156.99068676,458.1,,2025-09-26,2025,2025-09,0.1,49.019607843137265,156.99068676000002,615.09068676,10-25,Q2,NORMAL_STRATEGY
C,2025-09-25 00:00:00,2025-09-26 00:00:00,MTC,SELL,2005,LIMIT,IOC,41.5,41.5,FILLED,,83207.5,130.635775,9.14450425,139.78027925,501.25,,2025-09-26,2025,2025-09,0.25,60.24096385542169,139.78027925,641.03027925,25-50,Q2,NORMAL_STRATEGY
C,2025-09-25 00:00:00,2025-09-26 00:00:00,OSP,SELL,29676,LIMIT,IOC,17.69999923706055,17.69999923706055,FILLED,,525265.1773590088,824.6663284536438,57.726642991755064,882.3929714453988,2967.6,,2025-09-26,2025,2025-09,0.09999999999999999,56.49717757649298,882.3929714453989,3849.992971445399,10-25,Q3,NORMAL_STRATEGY
C,2025-09-25 00:00:00,2025-09-26 00:00:00,TOP,SELL,2697,LIMIT,IOC,36.5,36.5,FILLED,,98440.5,154.551585,10.81861095,165.37019595,674.25,,2025-09-26,2025,2025-09,0.25,68.4931506849315,165.37019594999998,839.6201959499999,25-50,Q2,NORMAL_STRATEGY
C,2025-09-25 00:00:00,2025-09-26 00:00:00,KKP,BUY,7570,LIMIT,IOC,60.25,60.25,FILLED,,456092.5,716.065225,50.12456575,766.18979075,1892.5,,2025-09-26,2025,2025-09,0.25,41.49377593360996,766.18979075,2658.68979075,50-100,Q3,NORMAL_STRATEGY
C,2025-09-25 00:00:00,2025-09-26 00:00:00,LH,BUY,44274,LIMIT,IOC,4.30000020980835,4.30000020980835,FILLED,,190378.20928905488,298.89378858381616,20.92256520086713,319.81635378468326,885.48,,2025-09-26,2025,2025-09,0.02,46.51162563755177,319.8163537846833,1205.2963537846833,<5,Q2,NORMAL_STRATEGY
C,2025-09-30 00:00:00,2025-10-01 00:00:00,TIDLOR,SELL,22142,LIMIT,IOC,19.60000076293945,19.60000076293945,FILLED,,433983.21689300536,681.3536505220184,47.69475553654129,729.0484060585596,2214.2,,2025-10-01,2025,2025-10,0.09999999999999999,51.02040617727139,729.0484060585596,2943.2484060585593,10-25,Q3,NORMAL_STRATEGY
C,2025-09-30 00:00:00,2025-10-01 00:00:00,KTB,SELL,10848,LIMIT,IOC,24.69999923706055,24.69999923706055,FILLED,,267945.5917236328,420.6745790061035,29.44722053042725,450.1217995365308,1084.8,,2025-10-01,2025,2025-10,0.09999999999999999,40.485831210050115,450.1217995365308,1534.9217995365307,10-25,Q2,NORMAL_STRATEGY
C,2025-09-30 00:00:00,2025-10-01 00:00:00,MTC,SELL,10860,LIMIT,IOC,40.25,40.25,FILLED,,437115.0,686.27055,48.0389385,734.3094885,2715.0,,2025-10-01,2025,2025-10,0.25,62.11180124223602,734.3094884999999,3449.3094885,25-50,Q3,NORMAL_STRATEGY
C,2025-09-30 00:00:00,2025-10-01 00:00:00,KKP,SELL,7570,LIMIT,IOC,58.25,58.25,FILLED,,440952.5,692.295425,48.46067975,740.75610475,1892.5,,2025-10-01,2025,2025-10,0.25,42.918454935622314,740.7561047500001,2633.2561047500003,50-100,Q3,NORMAL_STRATEGY
C,2025-09-30 00:00:00,2025-10-01 00:00:00,COM7,BUY,34237,LIMIT,IOC,26.0,26.0,FILLED,,890162.0,1397.55434,97.8288038,1495.3831438,8559.25,,2025-10-01,2025,2025-10,0.25,96.15384615384616,1495.3831438,10054.6331438,25-50,Q4,NORMAL_STRATEGY
C,2025-10-03 00:00:00,2025-10-06 00:00:00,COM7,BUY,15190,LIMIT,IOC,27.25,27.25,FILLED,,413927.5,649.866175,45.49063225,695.35680725,3797.5,,2025-10-06,2025,2025-10,0.25,91.74311926605505,695.35680725,4492.85680725,25-50,Q3,NORMAL_STRATEGY
C,2025-10-08 00:00:00,2025-10-09 00:00:00,LH,SELL,106078,LIMIT,IOC,4.26000020980835,4.26000020980835,FILLED,,451892.30225605017,709.4709145419987,49.66296401793991,759.1338785599386,2121.56,,2025-10-09,2025,2025-10,0.02,46.948354495268354,759.1338785599386,2880.6938785599386,<5,Q3,NORMAL_STRATEGY
C,2025-10-08 00:00:00,2025-10-09 00:00:00,TOP,SELL,12328,LIMIT,IOC,34.5,34.5,FILLED,,425316.0,667.74612,46.7422284,714.4883484,3082.0,,2025-10-09,2025,2025-10,0.25,72.46376811594203,714.4883484000001,3796.4883484,25-50,Q3,NORMAL_STRATEGY
C,2025-10-08 00:00:00,2025-10-09 00:00:00,RATCH,BUY,33941,LIMIT,IOC,27.0,27.0,FILLED,,916407.0,1438.75899,100.7131293,1539.4721193,8485.25,,2025-10-09,2025,2025-10,0.25,92.59259259259258,1539.4721193,10024.7221193,25-50,Q4,NORMAL_STRATEGY
C,2025-10-14 00:00:00,2025-10-15 00:00:00,COM7,SELL,23623,LIMIT,IOC,26.25,26.25,FILLED,,620103.75,973.5628875,68.149402125,1041.712289625,5905.75,,2025-10-15,2025,2025-10,0.25,95.23809523809524,1041.712289625,6947.462289625,25-50,Q3,NORMAL_STRATEGY
C,2025-10-14 00:00:00,2025-10-15 00:00:00,RATCH,SELL,9507,LIMIT,IOC,27.75,27.75,FILLED,,263819.25,414.1962225,28.993735575,443.189958075,2376.75,,2025-10-15,2025,2025-10,0.25,90.09009009009009,443.189958075,2819.939958075,25-50,Q2,NORMAL_STRATEGY
C,2025-10-14 00:00:00,2025-10-15 00:00:00,KKP,BUY,11223,LIMIT,IOC,61.5,61.5,FILLED,,690214.5,1083.636765,75.85457355,1159.49133855,2805.75,,2025-10-15,2025,2025-10,0.25,40.650406504065046,1159.49133855,3965.24133855,50-100,Q3,NORMAL_STRATEGY
C,2025-10-17 00:00:00,2025-10-20 00:00:00,COM7,SELL,25804,LIMIT,IOC,26.0,26.0,FILLED,,670904.0,1053.31928,73.7323496,1127.0516296,6451.0,,2025-10-20,2025,2025-10,0.25,96.15384615384616,1127.0516295999998,7578.0516296,25-50,Q3,NORMAL_STRATEGY
C,2025-10-17 00:00:00,2025-10-20 00:00:00,KKP,BUY,3321,LIMIT,IOC,62.75,62.75,FILLED,,208392.75,327.1766175,22.902363225,350.078980725,830.25,,2025-10-20,2025,2025-10,0.25,39.8406374501992,350.078980725,1180.328980725,50-100,Q2,NORMAL_STRATEGY
C,2025-10-17 00:00:00,2025-10-20 00:00:00,RATCH,BUY,6768,LIMIT,IOC,29.25,29.25,FILLED,,197964.0,310.80348,21.7562436,332.5597236,1692.0,,2025-10-20,2025,2025-10,0.25,85.47008547008548,332.5597236,2024.5597235999999,25-50,Q2,NORMAL_STRATEGY
C,2025-10-22 00:00:00,2025-10-24 00:00:00,KKP,SELL,8678,LIMIT,IOC,65.5,65.5,FILLED,,568409.0,892.40213,62.4681491,954.8702791,2169.5,,2025-10-24,2025,2025-10,0.25,38.167938931297705,954.8702791000001,3124.3702791,50-100,Q3,NORMAL_STRATEGY
C,2025-10-22 00:00:00,2025-10-24 00:00:00,GULF,BUY,8463,LIMIT,IOC,45.75,45.75,FILLED,,387182.25,607.8761325,42.551329275,650.427461775,2115.75,,2025-10-24,2025,2025-10,0.25,54.6448087431694,650.427461775,2766.1774617749998,25-50,Q3,NORMAL_STRATEGY
C,2025-10-22 00:00:00,2025-10-24 00:00:00,KTB,BUY,14209,LIMIT,IOC,27.25,27.25,FILLED,,387195.25,607.8965425,42.552757975,650.449300475,3552.25,,2025-10-24,2025,2025-10,0.25,91.74311926605505,650.449300475,4202.699300475,25-50,Q3,NORMAL_STRATEGY
C,2025-10-22 00:00:00,2025-10-24 00:00:00,MTC,BUY,9219,LIMIT,IOC,42.0,42.0,FILLED,,387198.0,607.90086,42.5530602,650.4539202,2304.75,,2025-10-24,2025,2025-10,0.25,59.52380952380952,650.4539202,2955.2039202,25-50,Q3,NORMAL_STRATEGY
C,2025-10-28 00:00:00,2025-10-29 00:00:00,RATCH,SELL,12432,LIMIT,IOC,27.75,27.75,FILLED,,344988.0,541.63116,37.9141812,579.5453412,3108.0,,2025-10-29,2025,2025-10,0.25,90.09009009009009,579.5453412,3687.5453412,25-50,Q3,NORMAL_STRATEGY
C,2025-10-28 00:00:00,2025-10-29 00:00:00,MTC,SELL,9219,LIMIT,IOC,39.75,39.75,FILLED,,366455.25,575.3347425,40.273431975,615.608174475,2304.75,,2025-10-29,2025,2025-10,0.25,62.89308176100629,615.6081744749999,2920.358174475,25-50,Q3,NORMAL_STRATEGY
C,2025-10-28 00:00:00,2025-10-29 00:00:00,GULF,BUY,3127,LIMIT,IOC,45.75,45.75,FILLED,,143060.25,224.6045925,15.722321475,240.326913975,781.75,,2025-10-29,2025,2025-10,0.25,54.6448087431694,240.326913975,1022.076913975,25-50,Q2,NORMAL_STRATEGY
C,2025-10-28 00:00:00,2025-10-29 00:00:00,KKP,BUY,2260,LIMIT,IOC,65.25,65.25,FILLED,,147465.0,231.52005,16.2064035,247.7264535,565.0,,2025-10-29,2025,2025-10,0.25,38.314176245210724,247.7264535,812.7264534999999,50-100,Q2,NORMAL_STRATEGY
C,2025-10-28 00:00:00,2025-10-29 00:00:00,KTB,BUY,5800,LIMIT,IOC,26.5,26.5,FILLED,,153700.0,241.309,16.89163,258.20063,1450.0,,2025-10-29,2025,2025-10,0.25,94.33962264150944,258.20063,1708.20063,25-50,Q2,NORMAL_STRATEGY
C,2025-10-28 00:00:00,2025-10-29 00:00:00,TIDLOR,BUY,24778,LIMIT,IOC,21.39999923706055,21.39999923706055,FILLED,,530249.1810958863,832.4912143205414,58.274385002437896,890.7655993229793,2477.8,,2025-10-29,2025,2025-10,0.1,46.72897362856905,890.7655993229794,3368.5655993229793,10-25,Q3,NORMAL_STRATEGY
C,2025-10-31 00:00:00,2025-11-03 00:00:00,KKP,SELL,85,LIMIT,IOC,65.5,65.5,FILLED,,5567.5,8.740975,0.61186825,9.35284325,21.25,,2025-11-03,2025,2025-11,0.25,38.167938931297705,9.352843250000001,30.60284325,50-100,Q1,NORMAL_STRATEGY
C,2025-10-31 00:00:00,2025-11-03 00:00:00,GULF,SELL,11590,LIMIT,IOC,44.0,44.0,FILLED,,509960.0,800.6372,56.044604,856.681804,2897.5,,2025-11-03,2025,2025-11,0.25,56.81818181818182,856.681804,3754.181804,25-50,Q3,NORMAL_STRATEGY
C,2025-10-31 00:00:00,2025-11-03 00:00:00,KTB,SELL,710,LIMIT,IOC,27.0,27.0,FILLED,,19170.0,30.0969,2.106783,32.203683,177.5,,2025-11-03,2025,2025-11,0.25,92.59259259259258,32.203683,209.703683,25-50,Q1,NORMAL_STRATEGY
C,2025-10-31 00:00:00,2025-11-03 00:00:00,PTTGC,BUY,20813,LIMIT,IOC,25.5,25.5,FILLED,,530731.5,833.248455,58.32739185,891.57584685,5203.25,,2025-11-03,2025,2025-11,0.25,98.0392156862745,891.5758468500001,6094.82584685,25-50,Q3,NORMAL_STRATEGY
C,2025-10-31 00:00:00,2025-11-03 00:00:00,RATCH,BUY,355,LIMIT,IOC,27.75,27.75,FILLED,,9851.25,15.4664625,1.082652375,16.549114875,88.75,,2025-11-03,2025,2025-11,0.25,90.09009009009009,16.549114875,105.299114875,25-50,Q1,NORMAL_STRATEGY
C,2025-11-05 00:00:00,2025-11-06 00:00:00,TIDLOR,SELL,24778,LIMIT,IOC,20.79999961853028,20.79999961853028,FILLED,,515382.3905479432,809.1503531602707,56.64052472121896,865.7908778814899,2477.8,,2025-11-06,2025,2025-11,0.1,48.07692395864861,865.7908778814897,3343.59087788149,10-25,Q3,NORMAL_STRATEGY
C,2025-11-05 00:00:00,2025-11-06 00:00:00,PTTGC,SELL,20813,LIMIT,IOC,20.79999961853028,20.79999961853028,FILLED,,432910.39206047065,679.6693155349388,47.57685208744573,727.2461676223846,2081.3,,2025-11-06,2025,2025-11,0.1,48.07692395864861,727.2461676223845,2808.546167622385,10-25,Q3,NORMAL_STRATEGY
C,2025-11-05 00:00:00,2025-11-06 00:00:00,KKP,BUY,5092,LIMIT,IOC,65.75,65.75,FILLED,,334799.0,525.63443,36.7944101,562.4288401,1273.0,,2025-11-06,2025,2025-11,0.25,38.02281368821293,562.4288401,1835.4288401,50-100,Q3,NORMAL_STRATEGY
C,2025-11-05 00:00:00,2025-11-06 00:00:00,KTB,BUY,11820,LIMIT,IOC,27.75,27.75,FILLED,,328005.0,514.96785,36.0477495,551.0155995,2955.0,,2025-11-06,2025,2025-11,0.25,90.09009009009009,551.0155995,3506.0155995,25-50,Q3,NORMAL_STRATEGY
C,2025-11-10 00:00:00,2025-11-11 00:00:00,KKP,SELL,3341,LIMIT,IOC,65.25,65.25,FILLED,,218000.25,342.2603925,23.958227475,366.218619975,835.25,,2025-11-11,2025,2025-11,0.25,38.314176245210724,366.218619975,1201.468619975,50-100,Q2,NORMAL_STRATEGY
C,2025-11-10 00:00:00,2025-11-11 00:00:00,KTB,SELL,7917,LIMIT,IOC,27.25,27.25,FILLED,,215738.25,338.7090525,23.709633675,362.418686175,1979.25,,2025-11-11,2025,2025-11,0.25,91.74311926605505,362.418686175,2341.668686175,25-50,Q2,NORMAL_STRATEGY
C,2025-11-10 00:00:00,2025-11-11 00:00:00,RATCH,BUY,3077,LIMIT,IOC,29.0,29.0,FILLED,,89233.0,140.09581,9.8067067,149.9025167,769.25,,2025-11-11,2025,2025-11,0.25,86.20689655172414,149.9025167,919.1525167,25-50,Q2,NORMAL_STRATEGY
C,2025-11-10 00:00:00,2025-11-11 00:00:00,TOP,BUY,17640,LIMIT,IOC,36.5,36.5,FILLED,,643860.0,1010.8602,70.760214,1081.620414,4410.0,,2025-11-11,2025,2025-11,0.25,68.4931506849315,1081.620414,5491.620414,25-50,Q3,NORMAL_STRATEGY
C,2025-11-13 00:00:00,2025-11-14 00:00:00,RATCH,SELL,22202,LIMIT,IOC,28.25,28.25,FILLED,,627206.5,984.714205,68.92999435,1053.64419935,5550.5,,2025-11-14,2025,2025-11,0.25,88.49557522123894,1053.64419935,6604.14419935,25-50,Q3,NORMAL_STRATEGY
C,2025-11-13 00:00:00,2025-11-14 00:00:00,KKP,SELL,9792,LIMIT,IOC,64.5,64.5,FILLED,,631584.0,991.58688,69.4110816,1060.9979616,2448.0,,2025-11-14,2025,2025-11,0.25,38.75968992248062,1060.9979616,3508.9979616,50-100,Q3,NORMAL_STRATEGY
C,2025-11-13 00:00:00,2025-11-14 00:00:00,KTB,BUY,22959,LIMIT,IOC,27.25,27.25,FILLED,,625632.75,982.2434175,68.757039225,1051.000456725,5739.75,,2025-11-14,2025,2025-11,0.25,91.74311926605505,1051.000456725,6790.750456725,25-50,Q3,NORMAL_STRATEGY
C,2025-11-13 00:00:00,2025-11-14 00:00:00,TOP,BUY,16822,LIMIT,IOC,36.5,36.5,FILLED,,614003.0,963.98471,67.4789297,1031.4636397,4205.5,,2025-11-14,2025,2025-11,0.25,68.4931506849315,1031.4636397,5236.9636396999995,25-50,Q3,NORMAL_STRATEGY
C,2025-11-18 00:00:00,2025-11-19 00:00:00,KTB,SELL,15547,LIMIT,IOC,27.25,27.25,FILLED,,423655.75,665.1395275,46.559766925,711.699294425,3886.75,,2025-11-19,2025,2025-11,0.25,91.74311926605505,711.699294425,4598.449294425,25-50,Q3,NORMAL_STRATEGY
C,2025-11-21 00:00:00,2025-11-24 00:00:00,TOP,SELL,34462,LIMIT,IOC,35.25,35.25,FILLED,,1214785.5,1907.213235,133.50492645,2040.71816145,8615.5,,2025-11-24,2025,2025-11,0.25,70.92198581560284,2040.71816145,10656.21816145,25-50,Q4,NORMAL_STRATEGY
C,2025-11-21 00:00:00,2025-11-24 00:00:00,KTB,BUY,15037,LIMIT,IOC,27.75,27.75,FILLED,,417276.75,655.1244975,45.858714825,700.983212325,3759.25,,2025-11-24,2025,2025-11,0.25,90.09009009009009,700.983212325,4460.233212325,25-50,Q3,NORMAL_STRATEGY
C,2025-11-26 00:00:00,2025-11-27 00:00:00,KTB,SELL,23399,LIMIT,IOC,27.75,27.75,FILLED,,649322.25,1019.4359325,71.360515275,1090.796447775,5849.75,,2025-11-27,2025,2025-11,0.25,90.09009009009009,1090.796447775,6940.546447775,25-50,Q3,NORMAL_STRATEGY
C,2025-11-26 00:00:00,2025-11-27 00:00:00,OSP,BUY,40040,LIMIT,IOC,15.700000381469728,15.700000381469728,FILLED,,628628.015274048,986.9459839802552,69.08621887861787,1056.032202858873,4004.0,,2025-11-27,2025,2025-11,0.1,63.69426596831627,1056.032202858873,5060.032202858873,10-25,Q3,NORMAL_STRATEGY
C,2025-12-01 00:00:00,2025-12-02 00:00:00,KTB,SELL,4304,LIMIT,IOC,27.75,27.75,FILLED,,119436.0,187.51452,13.1260164,200.6405364,1076.0,,2025-12-02,2025,2025-12,0.25,90.09009009009009,200.6405364,1276.6405364,25-50,Q2,NORMAL_STRATEGY
C,2025-12-01 00:00:00,2025-12-02 00:00:00,OSP,SELL,8547,LIMIT,IOC,15.9,15.9,FILLED,,135897.3,213.358761,14.93511327,228.29387427,854.7,,2025-12-02,2025,2025-12,0.1,62.8930817610063,228.29387426999998,1082.99387427,10-25,Q2,NORMAL_STRATEGY
C,2025-12-01 00:00:00,2025-12-02 00:00:00,BDMS,BUY,26408,LIMIT,IOC,19.200000381469728,19.200000381469728,FILLED,,507033.6100738526,796.0427678159485,55.7229937471164,851.765761563065,2640.8,,2025-12-02,2025,2025-12,0.1,52.083332298530486,851.765761563065,3492.5657615630653,10-25,Q3,NORMAL_STRATEGY
C,2025-12-01 00:00:00,2025-12-02 00:00:00,TOP,BUY,13891,LIMIT,IOC,36.5,36.5,FILLED,,507021.5,796.023755,55.72166285,851.74541785,3472.75,,2025-12-02,2025,2025-12,0.25,68.4931506849315,851.7454178500001,4324.49541785,25-50,Q3,NORMAL_STRATEGY
C,2025-12-04 00:00:00,2025-12-08 00:00:00,BDMS,SELL,26408,LIMIT,IOC,18.69999923706055,18.69999923706055,FILLED,,493829.5798522949,775.312440368103,54.27187082576721,829.5843111938702,2640.8,,2025-12-08,2025,2025-12,0.1,53.475938010636526,829.5843111938702,3470.3843111938704,10-25,Q3,NORMAL_STRATEGY
C,2025-12-04 00:00:00,2025-12-08 00:00:00,TOP,SELL,13891,LIMIT,IOC,35.25,35.25,FILLED,,489657.75,768.7626675,53.813386725,822.576054225,3472.75,,2025-12-08,2025,2025-12,0.25,70.92198581560284,822.576054225,4295.326054225,25-50,Q3,NORMAL_STRATEGY
C,2025-12-04 00:00:00,2025-12-08 00:00:00,HMPRO,BUY,97241,LIMIT,IOC,6.350000190734863,6.350000190734863,FILLED,,617480.3685472488,969.4441786191807,67.86109250334265,1037.3052711225232,4862.05,,2025-12-08,2025,2025-12,0.05,78.74015511519801,1037.3052711225232,5899.355271122524,5-10,Q3,NORMAL_STRATEGY
C,2025-12-04 00:00:00,2025-12-08 00:00:00,RATCH,BUY,20931,LIMIT,IOC,29.5,29.5,FILLED,,617464.5,969.419265,67.85934855,1037.27861355,5232.75,,2025-12-08,2025,2025-12,0.25,84.7457627118644,1037.27861355,6270.02861355,25-50,Q3,NORMAL_STRATEGY
C,2025-12-11 00:00:00,2025-12-12 00:00:00,OSP,SELL,31493,LIMIT,IOC,15.700000190734864,15.700000190734864,FILLED,,494440.10600681294,776.2709664306964,54.33896765014875,830.6099340808452,3149.3,,2025-12-12,2025,2025-12,0.1,63.694266742119936,830.6099340808452,3979.9099340808452,10-25,Q3,NORMAL_STRATEGY
C,2025-12-11 00:00:00,2025-12-12 00:00:00,BDMS,BUY,31642,LIMIT,IOC,19.700000381469728,19.700000381469728,FILLED,,623347.4120704652,978.6554369506302,68.50588058654411,1047.1613175371745,3164.2,,2025-12-12,2025,2025-12,0.09999999999999999,50.761420336855565,1047.1613175371745,4211.361317537174,10-25,Q3,NORMAL_STRATEGY
C,2025-12-11 00:00:00,2025-12-12 00:00:00,RATCH,BUY,199,LIMIT,IOC,29.5,29.5,FILLED,,5870.5,9.216685,0.64516795,9.86185295,49.75,,2025-12-12,2025,2025-12,0.25,84.7457627118644,9.86185295,59.61185295,25-50,Q1,NORMAL_STRATEGY
C,2025-12-16 00:00:00,2025-12-17 00:00:00,HMPRO,SELL,42077,LIMIT,IOC,6.299999904632568,6.299999904632568,FILLED,,265085.09598722454,416.1836006999426,29.132852048995975,445.31645274893856,2103.85,,2025-12-17,2025,2025-12,0.049999999999999996,79.36508056648316,445.31645274893856,2549.1664527489384,5-10,Q2,NORMAL_STRATEGY
C,2025-12-16 00:00:00,2025-12-17 00:00:00,RATCH,SELL,9263,LIMIT,IOC,29.25,29.25,FILLED,,270942.75,425.3801175,29.776608225,455.156725725,2315.75,,2025-12-17,2025,2025-12,0.25,85.47008547008548,455.156725725,2770.906725725,25-50,Q2,NORMAL_STRATEGY
C,2025-12-16 00:00:00,2025-12-17 00:00:00,KKP,BUY,5289,LIMIT,IOC,66.75,66.75,FILLED,,353040.75,554.2739775,38.799178425,593.073155925,1322.25,,2025-12-17,2025,2025-12,0.25,37.453183520599254,593.073155925,1915.323155925,50-100,Q3,NORMAL_STRATEGY
C,2025-12-19 00:00:00,2025-12-22 00:00:00,KTB,SELL,5718,LIMIT,IOC,28.25,28.25,FILLED,,161533.5,253.607595,17.75253165,271.36012665,1429.5,,2025-12-22,2025,2025-12,0.25,88.49557522123894,271.36012665,1700.86012665,25-50,Q2,NORMAL_STRATEGY
C,2025-12-19 00:00:00,2025-12-22 00:00:00,HMPRO,SELL,224,LIMIT,IOC,6.299999904632568,6.299999904632568,FILLED,,1411.1999786376953,2.2155839664611814,0.1550908776522827,2.370674844113464,11.2,,2025-12-22,2025,2025-12,0.049999999999999996,79.36508056648316,2.370674844113464,13.570674844113464,5-10,Q1,NORMAL_STRATEGY
C,2025-12-19 00:00:00,2025-12-22 00:00:00,BDMS,SELL,13794,LIMIT,IOC,19.50000038146973,19.50000038146973,FILLED,,268983.0052619934,422.3033182613297,29.56123227829308,451.8645505396227,1379.4,,2025-12-22,2025,2025-12,0.1,51.282050278843606,451.86455053962277,1831.2645505396229,10-25,Q2,NORMAL_STRATEGY
C,2025-12-19 00:00:00,2025-12-22 00:00:00,KKP,SELL,61,LIMIT,IOC,66.75,66.75,FILLED,,4071.75,6.3926475,0.447485325,6.840132825,15.25,,2025-12-22,2025,2025-12,0.25,37.453183520599254,6.8401328249999995,22.090132824999998,50-100,Q1,NORMAL_STRATEGY
C,2025-12-19 00:00:00,2025-12-22 00:00:00,GULF,BUY,8371,LIMIT,IOC,42.0,42.0,FILLED,,351582.0,551.98374,38.6388618,590.6226018,2092.75,,2025-12-22,2025,2025-12,0.25,59.52380952380952,590.6226018,2683.3726017999998,25-50,Q3,NORMAL_STRATEGY
C,2025-12-19 00:00:00,2025-12-22 00:00:00,LH,BUY,94015,LIMIT,IOC,3.7400000286102295,3.7400000286102295,FILLED,,351616.1026897907,552.0372812229714,38.642609685608,590.6798909085794,1880.3,,2025-12-22,2025,2025-12,0.02,53.47593541979712,590.6798909085794,2470.9798909085794,<5,Q3,NORMAL_STRATEGY
C,2025-12-24 00:00:00,2025-12-25 00:00:00,KTB,SELL,12230,LIMIT,IOC,28.25,28.25,FILLED,,345497.5,542.431075,37.97017525,580.40125025,3057.5,,2025-12-25,2025,2025-12,0.25,88.49557522123894,580.40125025,3637.90125025,25-50,Q3,NORMAL_STRATEGY
C,2025-12-24 00:00:00,2025-12-25 00:00:00,HMPRO,SELL,14073,LIMIT,IOC,6.649999809265137,6.649999809265137,FILLED,,93585.44731578829,146.92915228578758,10.285040660005132,157.21419294579272,703.65,,2025-12-25,2025,2025-12,0.049999999999999996,75.18797208134849,157.21419294579272,860.8641929457926,5-10,Q2,NORMAL_STRATEGY
C,2025-12-24 00:00:00,2025-12-25 00:00:00,RATCH,SELL,2672,LIMIT,IOC,29.5,29.5,FILLED,,78824.0,123.75368,8.6627576,132.4164376,668.0,,2025-12-25,2025,2025-12,0.25,84.7457627118644,132.4164376,800.4164376,25-50,Q2,NORMAL_STRATEGY
C,2025-12-24 00:00:00,2025-12-25 00:00:00,BDMS,SELL,3986,LIMIT,IOC,19.69999923706055,19.69999923706055,FILLED,,78524.19695892335,123.28298922550964,8.629809245785674,131.91279847129533,398.6,,2025-12-25,2025,2025-12,0.1,50.761423285679825,131.9127984712953,530.5127984712954,10-25,Q2,NORMAL_STRATEGY
C,2025-12-24 00:00:00,2025-12-25 00:00:00,KKP,SELL,5228,LIMIT,IOC,65.75,65.75,FILLED,,343741.0,539.67337,37.7771359,577.4505059,1307.0,,2025-12-25,2025,2025-12,0.25,38.02281368821293,577.4505058999999,1884.4505058999998,50-100,Q3,NORMAL_STRATEGY
C,2025-12-24 00:00:00,2025-12-25 00:00:00,GULF,SELL,1956,LIMIT,IOC,42.5,42.5,FILLED,,83130.0,130.5141,9.135987,139.650087,489.0,,2025-12-25,2025,2025-12,0.25,58.8235294117647,139.650087,628.650087,25-50,Q2,NORMAL_STRATEGY
C,2025-12-24 00:00:00,2025-12-25 00:00:00,LH,SELL,22177,LIMIT,IOC,3.799999933242798,3.799999933242798,FILLED,,84272.59851952553,132.30797967565508,9.261558577295856,141.5695382529509,443.54,,2025-12-25,2025,2025-12,0.02,52.63157987198342,141.56953825295093,585.109538252951,<5,Q2,NORMAL_STRATEGY
C,2025-12-24 00:00:00,2025-12-25 00:00:00,PTTGC,BUY,12771,LIMIT,IOC,21.6,21.6,FILLED,,275853.6,433.090152,30.31631064,463.40646264,1277.1,,2025-12-25,2025,2025-12,0.09999999999999999,46.29629629629629,463.40646264,1740.5064626399999,10-25,Q2,NORMAL_STRATEGY
C,2025-12-29 00:00:00,2025-12-30 00:00:00,BDMS,SELL,13862,LIMIT,IOC,19.4,19.4,FILLED,,268922.8,422.208796,29.55461572,451.76341172,1386.2,,2025-12-30,2025,2025-12,0.1,51.54639175257733,451.76341172,1837.96341172,10-25,Q2,NORMAL_STRATEGY
C,2025-12-29 00:00:00,2025-12-30 00:00:00,GULF,BUY,956,LIMIT,IOC,41.75,41.75,FILLED,,39913.0,62.66341,4.3864387,67.0498487,239.0,,2025-12-30,2025,2025-12,0.25,59.880239520958085,67.0498487,306.0498487,25-50,Q1,NORMAL_STRATEGY
C,2025-12-29 00:00:00,2025-12-30 00:00:00,HMPRO,BUY,5414,LIMIT,IOC,6.649999904632568,6.649999904632568,FILLED,,36003.09948368072,56.524866189378734,3.956740633256512,60.48160682263525,270.7,,2025-12-30,2025,2025-12,0.049999999999999996,75.18797100308025,60.48160682263524,331.1816068226352,5-10,Q1,NORMAL_STRATEGY
C,2025-12-29 00:00:00,2025-12-30 00:00:00,IVL,BUY,18998,LIMIT,IOC,16.200000381469728,16.200000381469728,FILLED,,307767.60724716185,483.1951433780442,33.82366003646309,517.0188034145071,1899.8,,2025-12-30,2025,2025-12,0.09999999999999999,61.72839360817819,517.0188034145073,2416.8188034145073,10-25,Q3,NORMAL_STRATEGY
C,2025-12-29 00:00:00,2025-12-30 00:00:00,KKP,BUY,4576,LIMIT,IOC,67.25,67.25,FILLED,,307736.0,483.14552,33.8201864,516.9657064,1144.0,,2025-12-30,2025,2025-12,0.25,37.174721189591075,516.9657063999999,1660.9657063999998,50-100,Q3,NORMAL_STRATEGY
C,2025-12-29 00:00:00,2025-12-30 00:00:00,PTTGC,BUY,2025,LIMIT,IOC,20.80000076293945,20.80000076293945,FILLED,,42120.00154495239,66.12840242557526,4.628988169790268,70.75739059536552,202.5,,2025-12-30,2025,2025-12,0.1,48.07692131347211,70.75739059536552,273.2573905953655,10-25,Q1,NORMAL_STRATEGY
C,2026-01-06 00:00:00,2026-01-07 00:00:00,GULF,SELL,11,LIMIT,IOC,42.25,42.25,FILLED,,464.75,0.7296575,0.051076025,0.780733525,2.75,,2026-01-07,2026,2026-01,0.25,59.171597633136095,0.7807335249999999,3.530733525,25-50,Q1,NORMAL_STRATEGY
C,2026-01-06 00:00:00,2026-01-07 00:00:00,HMPRO,BUY,683,LIMIT,IOC,6.700000095367432,6.700000095367432,FILLED,,4576.100065135956,7.184477102263451,0.5029133971584415,7.687390499421891,34.15,,2026-01-07,2026,2026-01,0.049999999999999996,74.6268646094071,7.687390499421893,41.83739049942189,5-10,Q1,NORMAL_STRATEGY
C,2026-01-06 00:00:00,2026-01-07 00:00:00,IVL,BUY,546,LIMIT,IOC,16.1,16.1,FILLED,,8790.6,13.801242,0.96608694,14.76732894,54.6,,2026-01-07,2026,2026-01,0.1,62.11180124223602,14.76732894,69.36732894000001,10-25,Q1,NORMAL_STRATEGY
C,2026-01-06 00:00:00,2026-01-07 00:00:00,KKP,BUY,51,LIMIT,IOC,68.0,68.0,FILLED,,3468.0,5.44476,0.3811332,5.8258932,12.75,,2026-01-07,2026,2026-01,0.25,36.76470588235294,5.825893199999999,18.5758932,50-100,Q1,NORMAL_STRATEGY
C,2026-01-06 00:00:00,2026-01-07 00:00:00,LH,BUY,8433,LIMIT,IOC,3.920000095367432,3.920000095367432,FILLED,,33057.360804233555,51.90005646264668,3.633003952385268,55.53306041503195,168.66,,2026-01-07,2026,2026-01,0.02,51.020406922019085,55.53306041503195,224.19306041503194,<5,Q1,NORMAL_STRATEGY
C,2026-01-06 00:00:00,2026-01-07 00:00:00,PTTGC,BUY,116,LIMIT,IOC,21.1,21.1,FILLED,,2447.6,3.842732,0.26899124,4.11172324,11.6,,2026-01-07,2026,2026-01,0.09999999999999999,47.39336492890995,4.11172324,15.71172324,10-25,Q1,NORMAL_STRATEGY
C,2026-01-06 00:00:00,2026-01-07 00:00:00,SCGP,BUY,17980,LIMIT,IOC,17.49999961853027,17.49999961853027,FILLED,,314649.9931411743,494.00048923164366,34.58003424621506,528.5805234778587,1798.0,,2026-01-07,2026,2026-01,0.1,57.142858388472604,528.5805234778587,2326.5805234778586,10-25,Q3,NORMAL_STRATEGY
C,2026-01-09 00:00:00,2026-01-12 00:00:00,HMPRO,SELL,517,LIMIT,IOC,6.600000095367432,6.600000095367432,FILLED,,3412.2000493049622,5.357154077408791,0.3750007854186153,5.732154862827406,25.85,,2026-01-12,2026,2026-01,0.05,75.75757466290828,5.732154862827406,31.58215486282741,5-10,Q1,NORMAL_STRATEGY
C,2026-01-09 00:00:00,2026-01-12 00:00:00,RATCH,SELL,9195,LIMIT,IOC,29.0,29.0,FILLED,,266655.0,418.64835,29.3053845,447.9537345,2298.75,,2026-01-12,2026,2026-01,0.25,86.20689655172414,447.9537345,2746.7037345,25-50,Q2,NORMAL_STRATEGY
C,2026-01-09 00:00:00,2026-01-12 00:00:00,GULF,SELL,207,LIMIT,IOC,43.0,43.0,FILLED,,8901.0,13.97457,0.9782199,14.9527899,51.75,,2026-01-12,2026,2026-01,0.25,58.13953488372093,14.952789899999999,66.7027899,25-50,Q1,NORMAL_STRATEGY
C,2026-01-09 00:00:00,2026-01-12 00:00:00,PTTGC,SELL,1020,LIMIT,IOC,22.19999923706055,22.19999923706055,FILLED,,22643.99922180176,35.55107877822876,2.488575514476013,38.03965429270477,102.0,,2026-01-12,2026,2026-01,0.1,45.04504659309203,38.03965429270477,140.03965429270477,10-25,Q1,NORMAL_STRATEGY
C,2026-01-09 00:00:00,2026-01-12 00:00:00,IVL,SELL,1239,LIMIT,IOC,16.799999618530272,16.799999618530272,FILLED,,20815.199527359007,32.67986325795364,2.287590428056755,34.9674536860104,123.9,,2026-01-12,2026,2026-01,0.1,59.52381087538881,34.967453686010394,158.8674536860104,10-25,Q1,NORMAL_STRATEGY
C,2026-01-09 00:00:00,2026-01-12 00:00:00,KKP,SELL,4627,LIMIT,IOC,66.75,66.75,FILLED,,308852.25,484.8980325,33.942862275,518.840894775,1156.75,,2026-01-12,2026,2026-01,0.25,37.453183520599254,518.840894775,1675.590894775,50-100,Q3,NORMAL_STRATEGY
C,2026-01-09 00:00:00,2026-01-12 00:00:00,SCGP,SELL,1427,LIMIT,IOC,18.60000076293945,18.60000076293945,FILLED,,26542.2010887146,41.67125570928192,2.9169878996497345,44.588243608931656,142.7,,2026-01-12,2026,2026-01,0.09999999999999999,53.76343865493288,44.588243608931656,187.28824360893165,10-25,Q1,NORMAL_STRATEGY
C,2026-01-09 00:00:00,2026-01-12 00:00:00,TOP,BUY,7828,LIMIT,IOC,39.75,39.75,FILLED,,311163.0,488.52591,34.1968137,522.7227237,1957.0,,2026-01-12,2026,2026-01,0.25,62.89308176100629,522.7227237,2479.7227236999997,25-50,Q3,NORMAL_STRATEGY
C,2026-01-14 00:00:00,2026-01-15 00:00:00,GULF,BUY,1343,LIMIT,IOC,43.25,43.25,FILLED,,58084.75,91.1930575,6.383514025,97.576571525,335.75,,2026-01-15,2026,2026-01,0.25,57.80346820809248,97.57657152499999,433.32657152499996,25-50,Q2,NORMAL_STRATEGY
C,2026-01-14 00:00:00,2026-01-15 00:00:00,IVL,BUY,2937,LIMIT,IOC,17.30000076293945,17.30000076293945,FILLED,,50810.10224075317,79.77186051798247,5.584030236258774,85.35589075424124,293.7,,2026-01-15,2026,2026-01,0.09999999999999999,57.80346565892807,85.35589075424124,379.0558907542412,10-25,Q1,NORMAL_STRATEGY
C,2026-01-14 00:00:00,2026-01-15 00:00:00,PTTGC,BUY,2368,LIMIT,IOC,22.6,22.6,FILLED,,53516.8,84.021376,5.88149632,89.90287232,236.8,,2026-01-15,2026,2026-01,0.1,44.24778761061947,89.90287232,326.70287232,10-25,Q2,NORMAL_STRATEGY
C,2026-01-14 00:00:00,2026-01-15 00:00:00,SCGP,BUY,2788,LIMIT,IOC,18.99999961853028,18.99999961853028,FILLED,,52971.998936462405,83.16603833024598,5.821622683117219,88.9876610133632,278.8,,2026-01-15,2026,2026-01,0.1,52.63158000407129,88.98766101336321,367.7876610133632,10-25,Q2,NORMAL_STRATEGY
C,2026-01-14 00:00:00,2026-01-15 00:00:00,TOP,BUY,1655,LIMIT,IOC,38.75,38.75,FILLED,,64131.25,100.6860625,7.048024375,107.734086875,413.75,,2026-01-15,2026,2026-01,0.25,64.51612903225806,107.734086875,521.484086875,25-50,Q2,NORMAL_STRATEGY
C,2026-01-19 00:00:00,2026-01-20 00:00:00,HMPRO,SELL,7402,LIMIT,IOC,6.750000190734863,6.750000190734863,FILLED,,49963.50141181946,78.44269721655654,5.490988805158959,83.9336860217155,370.1,,2026-01-20,2026,2026-01,0.05,74.07407198096178,83.9336860217155,454.03368602171554,5-10,Q1,NORMAL_STRATEGY
C,2026-01-19 00:00:00,2026-01-20 00:00:00,GULF,SELL,2682,LIMIT,IOC,45.5,45.5,FILLED,,122031.0,191.58867,13.4112069,204.9998769,670.5,,2026-01-20,2026,2026-01,0.25,54.94505494505495,204.9998769,875.4998769,25-50,Q2,NORMAL_STRATEGY
C,2026-01-19 00:00:00,2026-01-20 00:00:00,LH,SELL,80271,LIMIT,IOC,3.880000095367432,3.880000095367432,FILLED,,311451.4876552392,488.97883561872544,34.22851849331078,523.2073541120361,1605.42,,2026-01-20,2026,2026-01,0.02,51.546390485606466,523.2073541120362,2128.6273541120363,<5,Q3,NORMAL_STRATEGY
C,2026-01-19 00:00:00,2026-01-20 00:00:00,IVL,SELL,7384,LIMIT,IOC,19.10000076293945,19.10000076293945,FILLED,,141034.40563354493,221.42401684466552,15.499681179126586,236.92369802379207,738.4,,2026-01-20,2026,2026-01,0.09999999999999999,52.35601885107474,236.9236980237921,975.3236980237921,10-25,Q2,NORMAL_STRATEGY
C,2026-01-19 00:00:00,2026-01-20 00:00:00,TOP,SELL,2838,LIMIT,IOC,39.75,39.75,FILLED,,112810.5,177.112485,12.39787395,189.51035895,709.5,,2026-01-20,2026,2026-01,0.25,62.89308176100629,189.51035894999998,899.01035895,25-50,Q2,NORMAL_STRATEGY
C,2026-01-19 00:00:00,2026-01-20 00:00:00,KKP,BUY,3848,LIMIT,IOC,69.5,69.5,FILLED,,267436.0,419.87452,29.3912164,449.2657364,962.0,,2026-01-20,2026,2026-01,0.25,35.97122302158274,449.26573640000004,1411.2657364000002,50-100,Q2,NORMAL_STRATEGY
C,2026-01-19 00:00:00,2026-01-20 00:00:00,KTB,BUY,9222,LIMIT,IOC,29.0,29.0,FILLED,,267438.0,419.87766,29.3914362,449.2690962,2305.5,,2026-01-20,2026,2026-01,0.25,86.20689655172414,449.2690962,2754.7690962,25-50,Q2,NORMAL_STRATEGY
C,2026-01-19 00:00:00,2026-01-20 00:00:00,OSP,BUY,15283,LIMIT,IOC,17.49999961853027,17.49999961853027,FILLED,,267452.49416999816,419.90041584689715,29.3930291092828,449.29344495617994,1528.3,,2026-01-20,2026,2026-01,0.09999999999999999,57.142858388472604,449.29344495617994,1977.5934449561798,10-25,Q2,NORMAL_STRATEGY
C,2026-01-22 00:00:00,2026-01-23 00:00:00,HMPRO,SELL,532,LIMIT,IOC,6.850000095367432,6.850000095367432,FILLED,,3644.2000507354737,5.721394079654694,0.4004975855758285,6.121891665230522,26.6,,2026-01-23,2026,2026-01,0.05,72.9926997137042,6.121891665230522,32.72189166523052,5-10,Q1,NORMAL_STRATEGY
C,2026-01-22 00:00:00,2026-01-23 00:00:00,PTTGC,SELL,5660,LIMIT,IOC,24.75,24.75,FILLED,,140085.0,219.93345,15.3953415,235.3287915,1415.0,,2026-01-23,2026,2026-01,0.25,101.01010101010102,235.3287915,1650.3287915,10-25,Q2,NORMAL_STRATEGY
C,2026-01-22 00:00:00,2026-01-23 00:00:00,IVL,SELL,202,LIMIT,IOC,19.4,19.4,FILLED,,3918.8,6.152516,0.43067612,6.58319212,20.2,,2026-01-23,2026,2026-01,0.09999999999999999,51.54639175257732,6.5831921200000005,26.78319212,10-25,Q1,NORMAL_STRATEGY
C,2026-01-22 00:00:00,2026-01-23 00:00:00,SCGP,SELL,6473,LIMIT,IOC,20.60000076293945,20.60000076293945,FILLED,,133343.8049385071,209.34977375345608,14.654484162741928,224.00425791619804,647.3,,2026-01-23,2026,2026-01,0.09999999999999999,48.54368752252939,224.00425791619801,871.3042579161979,10-25,Q2,NORMAL_STRATEGY
C,2026-01-22 00:00:00,2026-01-23 00:00:00,KKP,SELL,3848,LIMIT,IOC,70.0,70.0,FILLED,,269360.0,422.8952,29.602664,452.497864,962.0,,2026-01-23,2026,2026-01,0.25,35.714285714285715,452.497864,1414.497864,50-100,Q2,NORMAL_STRATEGY
C,2026-01-22 00:00:00,2026-01-23 00:00:00,KTB,SELL,9222,LIMIT,IOC,28.5,28.5,FILLED,,262827.0,412.63839,28.8846873,441.5230773,2305.5,,2026-01-23,2026,2026-01,0.25,87.71929824561403,441.5230773,2747.0230773,25-50,Q2,NORMAL_STRATEGY
C,2026-01-22 00:00:00,2026-01-23 00:00:00,CENTEL,BUY,7647,LIMIT,IOC,35.0,35.0,FILLED,,267645.0,420.20265,29.4141855,449.6168355,1911.75,,2026-01-23,2026,2026-01,0.25,71.42857142857143,449.6168355,2361.3668355,25-50,Q2,NORMAL_STRATEGY
C,2026-01-22 00:00:00,2026-01-23 00:00:00,LH,BUY,66253,LIMIT,IOC,4.039999980926514,4.039999980926514,FILLED,,267662.11873632437,420.2295264160292,29.416066849122043,449.6455932651512,1325.06,,2026-01-23,2026,2026-01,0.02,49.50495072877028,449.64559326515126,1774.7055932651513,<5,Q2,NORMAL_STRATEGY
C,2026-01-27 00:00:00,2026-01-28 00:00:00,GULF,SELL,9,LIMIT,IOC,46.75,46.75,FILLED,,420.75,0.6605775,0.046240425,0.706817925,2.25,,2026-01-28,2026,2026-01,0.25,53.475935828877,0.7068179250000001,2.956817925,25-50,Q1,NORMAL_STRATEGY
C,2026-01-27 00:00:00,2026-01-28 00:00:00,PTTGC,SELL,50,LIMIT,IOC,25.5,25.5,FILLED,,1275.0,2.00175,0.1401225,2.1418725,12.5,,2026-01-28,2026,2026-01,0.25,98.0392156862745,2.1418725,14.6418725,25-50,Q1,NORMAL_STRATEGY
C,2026-01-27 00:00:00,2026-01-28 00:00:00,IVL,SELL,143,LIMIT,IOC,20.10000076293945,20.10000076293945,FILLED,,2874.3001091003416,4.512651171287537,0.3158855819901275,4.828536753277664,14.3,,2026-01-28,2026,2026-01,0.1,49.75124189267735,4.828536753277665,19.128536753277665,10-25,Q1,NORMAL_STRATEGY
C,2026-01-27 00:00:00,2026-01-28 00:00:00,TOP,SELL,229,LIMIT,IOC,42.25,42.25,FILLED,,9675.25,15.1901425,1.063309975,16.253452475,57.25,,2026-01-28,2026,2026-01,0.25,59.171597633136095,16.253452475,73.503452475,25-50,Q1,NORMAL_STRATEGY
C,2026-01-27 00:00:00,2026-01-28 00:00:00,CENTEL,SELL,27,LIMIT,IOC,35.5,35.5,FILLED,,958.5,1.504845,0.10533915,1.61018415,6.75,,2026-01-28,2026,2026-01,0.25,70.4225352112676,1.61018415,8.36018415,25-50,Q1,NORMAL_STRATEGY
C,2026-01-27 00:00:00,2026-01-28 00:00:00,KKP,BUY,3891,LIMIT,IOC,70.5,70.5,FILLED,,274315.5,430.675335,30.14727345,460.82260845,972.75,,2026-01-28,2026,2026-01,0.25,35.46099290780142,460.82260845,1433.57260845,50-100,Q2,NORMAL_STRATEGY
C,2026-01-27 00:00:00,2026-01-28 00:00:00,LH,BUY,2673,LIMIT,IOC,3.9800000381469727,3.9800000381469727,FILLED,,10638.540101966859,16.702507960087967,1.1691755572061575,17.871683517294123,53.46,,2026-01-28,2026,2026-01,0.02,50.2512557997655,17.871683517294123,71.33168351729412,<5,Q1,NORMAL_STRATEGY
C,2026-01-27 00:00:00,2026-01-28 00:00:00,OSP,BUY,573,LIMIT,IOC,17.30000076293945,17.30000076293945,FILLED,,9912.900437164306,15.56325368634796,1.0894277580443572,16.652681444392318,57.3,,2026-01-28,2026,2026-01,0.09999999999999999,57.80346565892807,16.652681444392318,73.95268144439231,10-25,Q1,NORMAL_STRATEGY
C,2026-01-30 00:00:00,2026-02-02 00:00:00,GULF,SELL,21,LIMIT,IOC,46.25,46.25,FILLED,,971.25,1.5248625,0.106740375,1.631602875,5.25,,2026-02-02,2026,2026-02,0.25,54.054054054054056,1.631602875,6.8816028750000005,25-50,Q1,NORMAL_STRATEGY
C,2026-01-30 00:00:00,2026-02-02 00:00:00,IVL,SELL,125,LIMIT,IOC,20.00000038146973,20.00000038146973,FILLED,,2500.000047683716,3.9250000748634335,0.2747500052404403,4.199750080103874,12.5,,2026-02-02,2026,2026-02,0.1,49.9999990463257,4.199750080103874,16.699750080103875,10-25,Q1,NORMAL_STRATEGY
C,2026-01-30 00:00:00,2026-02-02 00:00:00,TOP,SELL,90,LIMIT,IOC,42.25,42.25,FILLED,,3802.5,5.969925,0.41789475,6.38781975,22.5,,2026-02-02,2026,2026-02,0.25,59.171597633136095,6.38781975,28.88781975,25-50,Q1,NORMAL_STRATEGY
C,2026-01-30 00:00:00,2026-02-02 00:00:00,OSP,SELL,578,LIMIT,IOC,17.50000038146973,17.50000038146973,FILLED,,10115.000220489503,15.880550346168517,1.111638524231796,16.992188870400312,57.8,,2026-02-02,2026,2026-02,0.09999999999999999,57.14285589724172,16.992188870400312,74.79218887040031,10-25,Q1,NORMAL_STRATEGY
C,2026-01-30 00:00:00,2026-02-02 00:00:00,CENTEL,SELL,7620,LIMIT,IOC,34.5,34.5,FILLED,,262890.0,412.7373,28.891611,441.628911,1905.0,,2026-02-02,2026,2026-02,0.25,72.46376811594203,441.628911,2346.628911,25-50,Q2,NORMAL_STRATEGY
C,2026-01-30 00:00:00,2026-02-02 00:00:00,KKP,SELL,135,LIMIT,IOC,71.5,71.5,FILLED,,9652.5,15.154425,1.06080975,16.21523475,33.75,,2026-02-02,2026,2026-02,0.25,34.96503496503497,16.21523475,49.96523475,50-100,Q1,NORMAL_STRATEGY
C,2026-01-30 00:00:00,2026-02-02 00:00:00,COM7,BUY,12292,LIMIT,IOC,21.99999961853028,21.99999961853028,FILLED,,270423.99531097413,424.56567263822944,29.71959708467606,454.2852697229055,1229.2,,2026-02-02,2026,2026-02,0.1,45.45454624270606,454.2852697229055,1683.4852697229055,10-25,Q2,NORMAL_STRATEGY
C,2026-01-30 00:00:00,2026-02-02 00:00:00,HMPRO,BUY,680,LIMIT,IOC,6.899999904632568,6.899999904632568,FILLED,,4691.999935150146,7.36643989818573,0.515650792873001,7.882090691058729,34.0,,2026-02-02,2026,2026-02,0.05,72.46376911749039,7.882090691058731,41.88209069105873,5-10,Q1,NORMAL_STRATEGY
C,2026-01-30 00:00:00,2026-02-02 00:00:00,PTTGC,BUY,488,LIMIT,IOC,24.49999961853028,24.49999961853028,FILLED,,11955.999813842776,18.77091970773316,1.3139643795413207,20.08488408727448,48.8,,2026-02-02,2026,2026-02,0.09999999999999999,40.81632716613032,20.08488408727448,68.88488408727449,10-25,Q1,NORMAL_STRATEGY
C,2026-02-04 00:00:00,2026-02-05 00:00:00,HMPRO,SELL,39193,LIMIT,IOC,6.7,6.7,FILLED,,262593.1,412.271167,28.85898169,441.13014869,1959.65,,2026-02-05,2026,2026-02,0.05,74.6268656716418,441.13014869,2400.7801486900003,5-10,Q2,NORMAL_STRATEGY
C,2026-02-04 00:00:00,2026-02-05 00:00:00,PTTGC,SELL,235,LIMIT,IOC,25.25,25.25,FILLED,,5933.75,9.3159875,0.652119125,9.968106625,58.75,,2026-02-05,2026,2026-02,0.25,99.00990099009901,9.968106625,68.718106625,25-50,Q1,NORMAL_STRATEGY
C,2026-02-04 00:00:00,2026-02-05 00:00:00,IVL,SELL,267,LIMIT,IOC,21.00000038146973,21.00000038146973,FILLED,,5607.000101852417,8.802990159908294,0.6162093111935806,9.419199471101875,26.7,,2026-02-05,2026,2026-02,0.09999999999999999,47.619046754036916,9.419199471101875,36.11919947110187,10-25,Q1,NORMAL_STRATEGY
C,2026-02-04 00:00:00,2026-02-05 00:00:00,SCGP,SELL,12868,LIMIT,IOC,19.9,19.9,FILLED,,256073.2,402.034924,28.14244468,430.17736868,1286.8,,2026-02-05,2026,2026-02,0.09999999999999999,50.25125628140703,430.17736868,1716.97736868,10-25,Q2,NORMAL_STRATEGY
C,2026-02-04 00:00:00,2026-02-05 00:00:00,TOP,SELL,179,LIMIT,IOC,44.75,44.75,FILLED,,8010.25,12.5760925,0.880326475,13.456418975,44.75,,2026-02-05,2026,2026-02,0.25,55.865921787709496,13.456418975,58.206418975,25-50,Q1,NORMAL_STRATEGY
C,2026-02-04 00:00:00,2026-02-05 00:00:00,COM7,SELL,404,LIMIT,IOC,23.19999923706055,23.19999923706055,FILLED,,9372.799691772463,14.715295516082763,1.0300706861257933,15.745366202208556,40.4,,2026-02-05,2026,2026-02,0.09999999999999999,43.10344969333284,15.745366202208556,56.14536620220856,10-25,Q1,NORMAL_STRATEGY
C,2026-02-04 00:00:00,2026-02-05 00:00:00,CENTEL,BUY,7569,LIMIT,IOC,36.75,36.75,FILLED,,278160.75,436.7123775,30.569866425,467.282243925,1892.25,,2026-02-05,2026,2026-02,0.25,68.02721088435374,467.282243925,2359.532243925,25-50,Q2,NORMAL_STRATEGY
C,2026-02-04 00:00:00,2026-02-05 00:00:00,KKP,BUY,107,LIMIT,IOC,72.0,72.0,FILLED,,7704.0,12.09528,0.8466696,12.9419496,26.75,,2026-02-05,2026,2026-02,0.25,34.72222222222222,12.941949600000001,39.6919496,50-100,Q1,NORMAL_STRATEGY
C,2026-02-04 00:00:00,2026-02-05 00:00:00,OSP,BUY,350,LIMIT,IOC,17.80000076293945,17.80000076293945,FILLED,,6230.000267028809,9.781100419235228,0.684677029346466,10.465777448581695,35.0,,2026-02-05,2026,2026-02,0.1,56.17977287293454,10.465777448581694,45.46577744858169,10-25,Q1,NORMAL_STRATEGY
C,2026-02-09 00:00:00,2026-02-10 00:00:00,GULF,SELL,393,LIMIT,IOC,53.0,53.0,FILLED,,20829.0,32.70153,2.2891071,34.9906371,98.25,,2026-02-10,2026,2026-02,0.25,47.16981132075472,34.9906371,133.24063710000001,50-100,Q1,NORMAL_STRATEGY
C,2026-02-09 00:00:00,2026-02-10 00:00:00,IVL,SELL,69,LIMIT,IOC,21.9,21.9,FILLED,,1511.1,2.372427,0.16606989,2.53849689,6.9,,2026-02-10,2026,2026-02,0.1,45.66210045662101,2.5384968900000002,9.43849689,10-25,Q1,NORMAL_STRATEGY
C,2026-02-09 00:00:00,2026-02-10 00:00:00,TOP,SELL,261,LIMIT,IOC,48.5,48.5,FILLED,,12658.5,19.873845,1.39116915,21.26501415,65.25,,2026-02-10,2026,2026-02,0.25,51.54639175257732,21.26501415,86.51501415,25-50,Q1,NORMAL_STRATEGY
C,2026-02-09 00:00:00,2026-02-10 00:00:00,OSP,SELL,36,LIMIT,IOC,18.29999961853028,18.29999961853028,FILLED,,658.79998626709,1.0343159784393312,0.0724021184907531,1.1067180969300845,3.6,,2026-02-10,2026,2026-02,0.1,54.64480988225904,1.1067180969300843,4.706718096930084,10-25,Q1,NORMAL_STRATEGY
C,2026-02-09 00:00:00,2026-02-10 00:00:00,KKP,SELL,3863,LIMIT,IOC,72.75,72.75,FILLED,,281033.25,441.2222025,30.885554175,472.107756675,965.75,,2026-02-10,2026,2026-02,0.25,34.36426116838488,472.10775667499996,1437.857756675,50-100,Q2,NORMAL_STRATEGY
C,2026-02-09 00:00:00,2026-02-10 00:00:00,COM7,SELL,304,LIMIT,IOC,24.69999923706055,24.69999923706055,FILLED,,7508.799768066407,11.788815635864257,0.825217094510498,12.614032730374756,30.4,,2026-02-10,2026,2026-02,0.09999999999999999,40.485831210050115,12.614032730374754,43.01403273037475,10-25,Q1,NORMAL_STRATEGY
C,2026-02-09 00:00:00,2026-02-10 00:00:00,CENTEL,BUY,227,LIMIT,IOC,37.0,37.0,FILLED,,8399.0,13.18643,0.9230501,14.1094801,56.75,,2026-02-10,2026,2026-02,0.25,67.56756756756756,14.109480099999999,70.8594801,25-50,Q1,NORMAL_STRATEGY
C,2026-02-09 00:00:00,2026-02-10 00:00:00,MTC,BUY,7541,LIMIT,IOC,38.25,38.25,FILLED,,288443.25,452.8559025,31.699913175,484.555815675,1885.25,,2026-02-10,2026,2026-02,0.25,65.359477124183,484.555815675,2369.805815675,25-50,Q3,NORMAL_STRATEGY
C,2026-02-09 00:00:00,2026-02-10 00:00:00,TIDLOR,BUY,15182,LIMIT,IOC,18.99999961853028,18.99999961853028,FILLED,,288457.9942085266,452.8790509073869,31.70153356351708,484.580584470904,1518.2,,2026-02-10,2026,2026-02,0.1,52.63158000407129,484.580584470904,2002.7805844709042,10-25,Q3,NORMAL_STRATEGY
C,2026-02-12 00:00:00,2026-02-13 00:00:00,GULF,SELL,351,LIMIT,IOC,58.0,58.0,FILLED,,20358.0,31.96206,2.2373442,34.1994042,87.75,,2026-02-13,2026,2026-02,0.25,43.10344827586207,34.199404200000004,121.9494042,50-100,Q1,NORMAL_STRATEGY
C,2026-02-12 00:00:00,2026-02-13 00:00:00,IVL,SELL,177,LIMIT,IOC,22.69999923706055,22.69999923706055,FILLED,,4017.899864959717,6.308102787986755,0.4415671951590728,6.749669983145828,17.7,,2026-02-13,2026,2026-02,0.09999999999999999,44.05286491672548,6.749669983145828,24.449669983145828,10-25,Q1,NORMAL_STRATEGY
C,2026-02-12 00:00:00,2026-02-13 00:00:00,TOP,SELL,161,LIMIT,IOC,51.0,51.0,FILLED,,8211.0,12.89127,0.9023889,13.7936589,40.25,,2026-02-13,2026,2026-02,0.25,49.01960784313725,13.7936589,54.0436589,50-100,Q1,NORMAL_STRATEGY
C,2026-02-12 00:00:00,2026-02-13 00:00:00,OSP,SELL,15592,LIMIT,IOC,18.29999961853028,18.29999961853028,FILLED,,285333.59405212407,447.9737426618348,31.35816198632844,479.3319046481632,1559.2,,2026-02-13,2026,2026-02,0.1,54.64480988225905,479.33190464816323,2038.5319046481632,10-25,Q3,NORMAL_STRATEGY
C,2026-02-12 00:00:00,2026-02-13 00:00:00,LH,SELL,3693,LIMIT,IOC,4.48,4.48,FILLED,,16544.64,25.9750848,1.818255936,27.793340736,73.86,,2026-02-13,2026,2026-02,0.02,44.64285714285714,27.793340736,101.653340736,<5,Q1,NORMAL_STRATEGY
C,2026-02-12 00:00:00,2026-02-13 00:00:00,BDMS,BUY,13908,LIMIT,IOC,21.200000381469728,21.200000381469728,FILLED,,294849.60530548095,462.9138803296051,32.40397162307236,495.31785195267753,1390.8,,2026-02-13,2026,2026-02,0.09999999999999999,47.16981047198799,495.3178519526775,1886.1178519526775,10-25,Q3,NORMAL_STRATEGY
C,2026-02-12 00:00:00,2026-02-13 00:00:00,COM7,BUY,305,LIMIT,IOC,24.80000076293945,24.80000076293945,FILLED,,7564.000232696533,11.875480365333557,0.8312836255733489,12.706763990906905,30.5,,2026-02-13,2026,2026-02,0.1,40.32257940469005,12.706763990906905,43.20676399090691,10-25,Q1,NORMAL_STRATEGY
C,2026-02-12 00:00:00,2026-02-13 00:00:00,MTC,BUY,68,LIMIT,IOC,38.75,38.75,FILLED,,2635.0,4.13695,0.2895865,4.4265365,17.0,,2026-02-13,2026,2026-02,0.25,64.51612903225806,4.4265365,21.4265365,25-50,Q1,NORMAL_STRATEGY
C,2026-02-12 00:00:00,2026-02-13 00:00:00,PTTGC,BUY,117,LIMIT,IOC,27.0,27.0,FILLED,,3159.0,4.95963,0.3471741,5.3068041,29.25,,2026-02-13,2026,2026-02,0.25,92.59259259259258,5.3068041,34.5568041,25-50,Q1,NORMAL_STRATEGY
C,2026-02-12 00:00:00,2026-02-13 00:00:00,TIDLOR,BUY,255,LIMIT,IOC,19.1,19.1,FILLED,,4870.5,7.646685,0.53526795,8.18195295,25.5,,2026-02-13,2026,2026-02,0.1,52.35602094240838,8.18195295,33.681952949999996,10-25,Q1,NORMAL_STRATEGY
C,2026-02-17 00:00:00,2026-02-18 00:00:00,GULF,SELL,134,LIMIT,IOC,60.5,60.5,FILLED,,8107.0,12.72799,0.8909593,13.6189493,33.5,,2026-02-18,2026,2026-02,0.25,41.32231404958678,13.6189493,47.1189493,50-100,Q1,NORMAL_STRATEGY
C,2026-02-17 00:00:00,2026-02-18 00:00:00,PTTGC,SELL,134,LIMIT,IOC,27.25,27.25,FILLED,,3651.5,5.732855,0.40129985,6.13415485,33.5,,2026-02-18,2026,2026-02,0.25,91.74311926605505,6.13415485,39.63415485,25-50,Q1,NORMAL_STRATEGY
C,2026-02-17 00:00:00,2026-02-18 00:00:00,IVL,SELL,29,LIMIT,IOC,23.10000076293945,23.10000076293945,FILLED,,669.900022125244,1.0517430347366332,0.0736220124315643,1.1253650471681975,2.9,,2026-02-18,2026,2026-02,0.09999999999999999,43.29004186027356,1.1253650471681975,4.025365047168197,10-25,Q1,NORMAL_STRATEGY
C,2026-02-17 00:00:00,2026-02-18 00:00:00,CENTEL,SELL,122,LIMIT,IOC,38.5,38.5,FILLED,,4697.0,7.37429,0.5162003,7.8904903,30.5,,2026-02-18,2026,2026-02,0.25,64.93506493506494,7.8904903,38.390490299999996,25-50,Q1,NORMAL_STRATEGY
C,2026-02-17 00:00:00,2026-02-18 00:00:00,MTC,SELL,32,LIMIT,IOC,39.0,39.0,FILLED,,1248.0,1.95936,0.1371552,2.0965152,8.0,,2026-02-18,2026,2026-02,0.25,64.1025641025641,2.0965152,10.096515199999999,25-50,Q1,NORMAL_STRATEGY
C,2026-02-17 00:00:00,2026-02-18 00:00:00,BDMS,SELL,13908,LIMIT,IOC,21.69999923706055,21.69999923706055,FILLED,,301803.5893890381,473.8316353407898,33.168214473855286,506.999849814645,1390.8,,2026-02-18,2026,2026-02,0.09999999999999999,46.08295092896319,506.9998498146451,1897.799849814645,10-25,Q3,NORMAL_STRATEGY
C,2026-02-17 00:00:00,2026-02-18 00:00:00,COM7,BUY,229,LIMIT,IOC,24.700000381469728,24.700000381469728,FILLED,,5656.300087356568,8.880391137149811,0.6216273796004868,9.502018516750296,22.9,,2026-02-18,2026,2026-02,0.09999999999999999,40.48582933424622,9.502018516750297,32.402018516750296,10-25,Q1,NORMAL_STRATEGY
C,2026-02-17 00:00:00,2026-02-18 00:00:00,KTB,BUY,9139,LIMIT,IOC,32.75,32.75,FILLED,,299302.25,469.9045325,32.893317275,502.797849775,2284.75,,2026-02-18,2026,2026-02,0.25,76.33587786259541,502.79784977500003,2787.547849775,25-50,Q3,NORMAL_STRATEGY
C,2026-02-17 00:00:00,2026-02-18 00:00:00,LH,BUY,3417,LIMIT,IOC,4.360000152587891,4.360000152587891,FILLED,,14898.120521392824,23.39004921858673,1.6373034453010713,25.027352663887804,68.34,,2026-02-18,2026,2026-02,0.02,45.871558027650394,25.0273526638878,93.3673526638878,<5,Q1,NORMAL_STRATEGY
C,2026-02-17 00:00:00,2026-02-18 00:00:00,TIDLOR,BUY,234,LIMIT,IOC,19.1,19.1,FILLED,,4469.4,7.016958,0.49118706,7.50814506,23.4,,2026-02-18,2026,2026-02,0.09999999999999999,52.35602094240838,7.5081450599999995,30.90814506,10-25,Q1,NORMAL_STRATEGY
C,2026-02-17 00:00:00,2026-02-18 00:00:00,TOP,BUY,58,LIMIT,IOC,51.75,51.75,FILLED,,3001.5,4.712355,0.32986485,5.04221985,14.5,,2026-02-18,2026,2026-02,0.25,48.30917874396135,5.0422198499999995,19.54221985,50-100,Q1,NORMAL_STRATEGY
C,2026-02-20 00:00:00,2026-02-23 00:00:00,GULF,SELL,9,LIMIT,IOC,60.25,60.25,FILLED,,542.25,0.8513325,0.059593275,0.910925775,2.25,,2026-02-23,2026,2026-02,0.25,41.49377593360996,0.910925775,3.160925775,50-100,Q1,NORMAL_STRATEGY
C,2026-02-20 00:00:00,2026-02-23 00:00:00,TOP,SELL,222,LIMIT,IOC,53.0,53.0,FILLED,,11766.0,18.47262,1.2930834,19.7657034,55.5,,2026-02-23,2026,2026-02,0.25,47.16981132075472,19.7657034,75.2657034,50-100,Q1,NORMAL_STRATEGY
C,2026-02-20 00:00:00,2026-02-23 00:00:00,LH,SELL,1336,LIMIT,IOC,4.380000095367432,4.380000095367432,FILLED,,5851.680127410888,9.187137800035098,0.6430996460024567,9.830237446037552,26.72,,2026-02-23,2026,2026-02,0.02,45.66209946240247,9.830237446037554,36.550237446037556,<5,Q1,NORMAL_STRATEGY
C,2026-02-20 00:00:00,2026-02-23 00:00:00,COM7,SELL,121,LIMIT,IOC,24.60000076293945,24.60000076293945,FILLED,,2976.6000923156735,4.673262144935608,0.3271283501454925,5.000390495081101,12.1,,2026-02-23,2026,2026-02,0.09999999999999999,40.65040524334155,5.0003904950811,17.1003904950811,10-25,Q1,NORMAL_STRATEGY
C,2026-02-20 00:00:00,2026-02-23 00:00:00,CENTEL,SELL,7674,LIMIT,IOC,36.5,36.5,FILLED,,280101.0,439.75857,30.7830999,470.5416699,1918.5,,2026-02-23,2026,2026-02,0.25,68.4931506849315,470.54166990000004,2389.0416699,25-50,Q2,NORMAL_STRATEGY
C,2026-02-20 00:00:00,2026-02-23 00:00:00,TIDLOR,SELL,942,LIMIT,IOC,20.00000038146973,20.00000038146973,FILLED,,18840.00035934448,29.57880056417084,2.0705160394919586,31.6493166036628,94.2,,2026-02-23,2026,2026-02,0.1,49.99999904632571,31.6493166036628,125.8493166036628,10-25,Q1,NORMAL_STRATEGY
C,2026-02-20 00:00:00,2026-02-23 00:00:00,KTB,SELL,389,LIMIT,IOC,33.5,33.5,FILLED,,13031.5,20.459455,1.43216185,21.89161685,97.25,,2026-02-23,2026,2026-02,0.25,74.6268656716418,21.89161685,119.14161684999999,25-50,Q1,NORMAL_STRATEGY
C,2026-02-20 00:00:00,2026-02-23 00:00:00,IVL,BUY,34,LIMIT,IOC,23.1,23.1,FILLED,,785.4,1.233078,0.08631546,1.31939346,3.4,,2026-02-23,2026,2026-02,0.09999999999999999,43.29004329004329,1.31939346,4.71939346,10-25,Q1,NORMAL_STRATEGY
C,2026-02-20 00:00:00,2026-02-23 00:00:00,PTTGC,BUY,132,LIMIT,IOC,27.25,27.25,FILLED,,3597.0,5.64729,0.3953103,6.0426003,33.0,,2026-02-23,2026,2026-02,0.25,91.74311926605505,6.0426003,39.042600300000004,25-50,Q1,NORMAL_STRATEGY
C,2026-02-25 00:00:00,2026-02-26 00:00:00,GULF,SELL,109,LIMIT,IOC,62.25,62.25,FILLED,,6785.25,10.6528425,0.745698975,11.398541475,27.25,,2026-02-26,2026,2026-02,0.25,40.16064257028112,11.398541475,38.648541475,50-100,Q1,NORMAL_STRATEGY
C,2026-02-25 00:00:00,2026-02-26 00:00:00,PTTGC,SELL,375,LIMIT,IOC,28.0,28.0,FILLED,,10500.0,16.485,1.15395,17.63895,93.75,,2026-02-26,2026,2026-02,0.25,89.28571428571428,17.63895,111.38895,25-50,Q1,NORMAL_STRATEGY
C,2026-02-25 00:00:00,2026-02-26 00:00:00,TOP,SELL,98,LIMIT,IOC,54.5,54.5,FILLED,,5341.0,8.38537,0.5869759,8.9723459,24.5,,2026-02-26,2026,2026-02,0.25,45.87155963302752,8.9723459,33.4723459,50-100,Q1,NORMAL_STRATEGY
C,2026-02-25 00:00:00,2026-02-26 00:00:00,TIDLOR,SELL,142,LIMIT,IOC,20.4,20.4,FILLED,,2896.8,4.547976,0.31835832,4.86633432,14.2,,2026-02-26,2026,2026-02,0.09999999999999999,49.019607843137244,4.86633432,19.06633432,10-25,Q1,NORMAL_STRATEGY
C,2026-02-25 00:00:00,2026-02-26 00:00:00,KTB,SELL,165,LIMIT,IOC,34.5,34.5,FILLED,,5692.5,8.937225,0.62560575,9.56283075,41.25,,2026-02-26,2026,2026-02,0.25,72.46376811594203,9.56283075,50.81283075,25-50,Q1,NORMAL_STRATEGY
C,2026-02-25 00:00:00,2026-02-26 00:00:00,CENTEL,BUY,7705,LIMIT,IOC,39.0,39.0,FILLED,,300495.0,471.77715,33.0244005,504.8015505,1926.25,,2026-02-26,2026,2026-02,0.25,64.1025641025641,504.8015505,2431.0515505,25-50,Q3,NORMAL_STRATEGY
C,2026-02-25 00:00:00,2026-02-26 00:00:00,COM7,BUY,318,LIMIT,IOC,24.39999923706055,24.39999923706055,FILLED,,7759.199757385254,12.181943619094849,0.8527360533366394,13.034679672431489,31.8,,2026-02-26,2026,2026-02,0.1,40.983607838852926,13.034679672431489,44.83467967243149,10-25,Q1,NORMAL_STRATEGY
C,2026-03-02 00:00:00,2026-03-04 00:00:00,PTTGC,SELL,10543,LIMIT,IOC,24.75,24.75,FILLED,,260939.25,409.6746225,28.677223575,438.351846075,2635.75,,2026-03-04,2026,2026-03,0.25,101.01010101010102,438.351846075,3074.101846075,10-25,Q2,NORMAL_STRATEGY
C,2026-03-02 00:00:00,2026-03-04 00:00:00,IVL,SELL,12880,LIMIT,IOC,18.4,18.4,FILLED,,236992.0,372.07744,26.0454208,398.1228608,1288.0,,2026-03-04,2026,2026-03,0.1,54.34782608695652,398.1228608,1686.1228608000001,10-25,Q2,NORMAL_STRATEGY
C,2026-03-02 00:00:00,2026-03-04 00:00:00,LH,SELL,67314,LIMIT,IOC,3.7599999713897705,3.7599999713897705,FILLED,,253100.638074131,397.36800177638565,27.815760124347,425.18376190073275,1346.28,,2026-03-04,2026,2026-03,0.02,53.191489766441684,425.18376190073263,1771.4637619007326,<5,Q2,NORMAL_STRATEGY
C,2026-03-02 00:00:00,2026-03-04 00:00:00,COM7,SELL,12315,LIMIT,IOC,21.10000076293945,21.10000076293945,FILLED,,259846.50939559937,407.95901975109103,28.55713138257637,436.51615113366734,1231.5,,2026-03-04,2026,2026-03,0.1,47.39336321524803,436.5161511336674,1668.0161511336673,10-25,Q2,NORMAL_STRATEGY
C,2026-03-02 00:00:00,2026-03-04 00:00:00,MTC,SELL,7577,LIMIT,IOC,29.75,29.75,FILLED,,225415.75,353.9027275,24.773190925,378.675918425,1894.25,,2026-03-04,2026,2026-03,0.25,84.03361344537815,378.675918425,2272.925918425,25-50,Q2,NORMAL_STRATEGY
C,2026-03-02 00:00:00,2026-03-04 00:00:00,TIDLOR,SELL,14587,LIMIT,IOC,16.9,16.9,FILLED,,246520.3,387.036871,27.09258097,414.12945197,1458.7,,2026-03-04,2026,2026-03,0.1,59.1715976331361,414.12945197,1872.82945197,10-25,Q2,NORMAL_STRATEGY
C,2026-03-02 00:00:00,2026-03-04 00:00:00,CENTEL,SELL,7705,LIMIT,IOC,32.25,32.25,FILLED,,248486.25,390.1234125,27.308638875,417.432051375,1926.25,,2026-03-04,2026,2026-03,0.25,77.51937984496124,417.43205137499996,2343.682051375,25-50,Q2,NORMAL_STRATEGY
C,2026-03-02 00:00:00,2026-03-04 00:00:00,GULF,BUY,7744,LIMIT,IOC,52.75,52.75,FILLED,,408496.0,641.33872,44.8937104,686.2324304,1936.0,,2026-03-04,2026,2026-03,0.25,47.39336492890995,686.2324304,2622.2324304,50-100,Q3,NORMAL_STRATEGY
C,2026-03-02 00:00:00,2026-03-04 00:00:00,KKP,BUY,8963,LIMIT,IOC,73.75,73.75,FILLED,,661021.25,1037.8033625,72.646235375,1110.449597875,2240.75,,2026-03-04,2026,2026-03,0.25,33.898305084745765,1110.449597875,3351.199597875,50-100,Q3,NORMAL_STRATEGY
C,2026-03-02 00:00:00,2026-03-04 00:00:00,KTB,BUY,11755,LIMIT,IOC,32.5,32.5,FILLED,,382037.5,599.798875,41.98592125,641.78479625,2938.75,,2026-03-04,2026,2026-03,0.25,76.92307692307693,641.78479625,3580.53479625,25-50,Q3,NORMAL_STRATEGY
C,2026-03-06 00:00:00,2026-03-09 00:00:00,GULF,SELL,12532,LIMIT,IOC,52.25,52.25,FILLED,,654797.0,1028.03129,71.9621903,1099.9934803,3133.0,,2026-03-09,2026,2026-03,0.25,47.846889952153106,1099.9934802999999,4232.9934803,50-100,Q3,NORMAL_STRATEGY
C,2026-03-06 00:00:00,2026-03-09 00:00:00,TOP,SELL,5463,LIMIT,IOC,46.25,46.25,FILLED,,252663.75,396.6820875,27.767746125,424.449833625,1365.75,,2026-03-09,2026,2026-03,0.25,54.054054054054056,424.449833625,1790.1998336249999,25-50,Q2,NORMAL_STRATEGY
C,2026-03-06 00:00:00,2026-03-09 00:00:00,KKP,SELL,8963,LIMIT,IOC,69.75,69.75,FILLED,,625169.25,981.5157225,68.706100575,1050.221823075,2240.75,,2026-03-09,2026,2026-03,0.25,35.842293906810035,1050.221823075,3290.971823075,50-100,Q3,NORMAL_STRATEGY
C,2026-03-16 00:00:00,2026-03-17 00:00:00,KTB,BUY,16840,LIMIT,IOC,34.5,34.5,FILLED,,580980.0,912.1386,63.849702,975.988302,4210.0,,2026-03-17,2026,2026-03,0.25,72.46376811594203,975.988302,5185.988302,25-50,Q3,NORMAL_STRATEGY
C,2026-03-16 00:00:00,2026-03-17 00:00:00,PTTGC,BUY,43116,LIMIT,IOC,29.75,29.75,FILLED,,1282701.0,2013.84057,140.9688399,2154.8094099,10779.0,,2026-03-17,2026,2026-03,0.25,84.03361344537815,2154.8094099,12933.8094099,25-50,Q4,NORMAL_STRATEGY
C,2026-03-19 00:00:00,2026-03-20 00:00:00,KTB,SELL,11673,LIMIT,IOC,34.25,34.25,FILLED,,399800.25,627.6863925,43.938047475,671.624439975,2918.25,,2026-03-20,2026,2026-03,0.25,72.99270072992701,671.624439975,3589.874439975,25-50,Q3,NORMAL_STRATEGY
C,2026-03-19 00:00:00,2026-03-20 00:00:00,PTTGC,SELL,16458,LIMIT,IOC,32.75,32.75,FILLED,,538999.5,846.229215,59.23604505,905.46526005,4114.5,,2026-03-20,2026,2026-03,0.25,76.33587786259541,905.46526005,5019.96526005,25-50,Q3,NORMAL_STRATEGY
C,2026-03-24 00:00:00,2026-03-25 00:00:00,KTB,BUY,12584,LIMIT,IOC,35.0,35.0,FILLED,,440440.0,691.4908,48.404356,739.895156,3146.0,,2026-03-25,2026,2026-03,0.25,71.42857142857143,739.895156,3885.895156,25-50,Q3,NORMAL_STRATEGY
C,2026-03-27 00:00:00,2026-03-30 00:00:00,PTTGC,BUY,321,LIMIT,IOC,34.25,34.25,FILLED,,10994.25,17.2609725,1.208268075,18.469240575,80.25,,2026-03-30,2026,2026-03,0.25,72.99270072992701,18.469240575,98.719240575,25-50,Q1,NORMAL_STRATEGY
C,2026-04-01 00:00:00,2026-04-02 00:00:00,PTTGC,SELL,19365,LIMIT,IOC,36.25,36.25,FILLED,,701981.25,1102.1105625,77.147739375,1179.258301875,4841.25,,2026-04-02,2026,2026-04,0.25,68.9655172413793,1179.258301875,6020.508301875,25-50,Q3,NORMAL_STRATEGY
C,2026-04-01 00:00:00,2026-04-02 00:00:00,CENTEL,BUY,8415,LIMIT,IOC,33.25,33.25,FILLED,,279798.75,439.2840375,30.749882625,470.033920125,2103.75,,2026-04-02,2026,2026-04,0.25,75.18796992481202,470.033920125,2573.783920125,25-50,Q2,NORMAL_STRATEGY
C,2026-04-01 00:00:00,2026-04-02 00:00:00,GULF,BUY,4644,LIMIT,IOC,60.25,60.25,FILLED,,279801.0,439.28757,30.7501299,470.0376999,1161.0,,2026-04-02,2026,2026-04,0.25,41.49377593360996,470.0376999,1631.0376999,50-100,Q2,NORMAL_STRATEGY
C,2026-04-01 00:00:00,2026-04-02 00:00:00,IVL,BUY,10762,LIMIT,IOC,26.0,26.0,FILLED,,279812.0,439.30484,30.7513388,470.0561788,2690.5,,2026-04-02,2026,2026-04,0.25,96.15384615384616,470.0561788,3160.5561788,25-50,Q2,NORMAL_STRATEGY
C,2026-04-01 00:00:00,2026-04-02 00:00:00,KKP,BUY,3553,LIMIT,IOC,78.75,78.75,FILLED,,279798.75,439.2840375,30.749882625,470.033920125,888.25,,2026-04-02,2026,2026-04,0.25,31.746031746031747,470.033920125,1358.283920125,50-100,Q2,NORMAL_STRATEGY
C,2026-04-07 00:00:00,2026-04-08 00:00:00,KTB,SELL,29406,LIMIT,IOC,35.5,35.5,FILLED,,1043913.0,1638.94341,114.7260387,1753.6694487,7351.5,,2026-04-08,2026,2026-04,0.25,70.4225352112676,1753.6694487,9105.1694487,25-50,Q4,NORMAL_STRATEGY
C,2026-04-07 00:00:00,2026-04-08 00:00:00,CENTEL,SELL,8415,LIMIT,IOC,34.0,34.0,FILLED,,286110.0,449.1927,31.443489,480.636189,2103.75,,2026-04-08,2026,2026-04,0.25,73.52941176470588,480.636189,2584.386189,25-50,Q3,NORMAL_STRATEGY
C,2026-04-07 00:00:00,2026-04-08 00:00:00,GULF,BUY,460,LIMIT,IOC,61.25,61.25,FILLED,,28175.0,44.23475,3.0964325,47.3311825,115.0,,2026-04-08,2026,2026-04,0.25,40.81632653061225,47.3311825,162.3311825,50-100,Q1,NORMAL_STRATEGY
C,2026-04-07 00:00:00,2026-04-08 00:00:00,IVL,BUY,2211,LIMIT,IOC,24.1,24.1,FILLED,,53285.1,83.657607,5.85603249,89.51363949,221.1,,2026-04-08,2026,2026-04,0.09999999999999999,41.49377593360996,89.51363949,310.61363948999997,10-25,Q2,NORMAL_STRATEGY
C,2026-04-07 00:00:00,2026-04-08 00:00:00,KKP,BUY,367,LIMIT,IOC,79.75,79.75,FILLED,,29268.25,45.9511525,3.216580675,49.167733175,91.75,,2026-04-08,2026,2026-04,0.25,31.34796238244514,49.167733175,140.917733175,50-100,Q1,NORMAL_STRATEGY
C,2026-04-07 00:00:00,2026-04-08 00:00:00,LH,BUY,81422,LIMIT,IOC,3.839999933242798,3.839999933242798,FILLED,,312660.4745644951,490.8769450662573,34.361386154638005,525.2383312208952,1628.44,,2026-04-08,2026,2026-04,0.02,52.08333423878586,525.2383312208952,2153.6783312208954,<5,Q3,NORMAL_STRATEGY
C,2026-04-07 00:00:00,2026-04-08 00:00:00,PTTGC,BUY,1383,LIMIT,IOC,34.75,34.75,FILLED,,48059.25,75.4530225,5.281711575,80.734734075,345.75,,2026-04-08,2026,2026-04,0.25,71.94244604316548,80.734734075,426.484734075,25-50,Q1,NORMAL_STRATEGY
C,2026-04-07 00:00:00,2026-04-08 00:00:00,SCGP,BUY,14888,LIMIT,IOC,20.99999961853028,20.99999961853028,FILLED,,312647.9943206788,490.8573510834657,34.3600145758426,525.2173656593083,1488.8,,2026-04-08,2026,2026-04,0.09999999999999999,47.61904848405833,525.2173656593083,2014.0173656593083,10-25,Q3,NORMAL_STRATEGY
C,2026-04-10 00:00:00,2026-04-16 00:00:00,KTB,SELL,8685,LIMIT,IOC,32.75,32.75,FILLED,,284433.75,446.5609875,31.259269125,477.820256625,2171.25,,2026-04-16,2026,2026-04,0.25,76.33587786259541,477.820256625,2649.070256625,25-50,Q3,NORMAL_STRATEGY
C,2026-04-10 00:00:00,2026-04-16 00:00:00,LH,SELL,81422,LIMIT,IOC,3.779999952316284,3.779999952316284,FILLED,,307775.1561174965,483.2069951044695,33.82448965731287,517.0314847617823,1628.44,,2026-04-16,2026,2026-04,0.02,52.91005357749947,517.0314847617824,2145.4714847617824,<5,Q3,NORMAL_STRATEGY
C,2026-04-10 00:00:00,2026-04-16 00:00:00,CENTEL,BUY,9686,LIMIT,IOC,35.75,35.75,FILLED,,346274.5,543.650965,38.05556755,581.70653255,2421.5,,2026-04-16,2026,2026-04,0.25,69.93006993006993,581.70653255,3003.20653255,25-50,Q3,NORMAL_STRATEGY
C,2026-04-10 00:00:00,2026-04-16 00:00:00,GULF,BUY,643,LIMIT,IOC,60.25,60.25,FILLED,,38740.75,60.8229775,4.257608425,65.080585925,160.75,,2026-04-16,2026,2026-04,0.25,41.49377593360996,65.080585925,225.83058592499998,50-100,Q1,NORMAL_STRATEGY
C,2026-04-10 00:00:00,2026-04-16 00:00:00,IVL,BUY,1277,LIMIT,IOC,24.30000076293945,24.30000076293945,FILLED,,31031.10097427368,48.71882852960968,3.4103179970726774,52.12914652668236,127.7,,2026-04-16,2026,2026-04,0.1,41.15226208244098,52.129146526682355,179.82914652668236,10-25,Q1,NORMAL_STRATEGY
C,2026-04-10 00:00:00,2026-04-16 00:00:00,KKP,BUY,381,LIMIT,IOC,80.5,80.5,FILLED,,30670.5,48.152685,3.37068795,51.52337295,95.25,,2026-04-16,2026,2026-04,0.25,31.05590062111801,51.523372949999995,146.77337295,50-100,Q1,NORMAL_STRATEGY
C,2026-04-10 00:00:00,2026-04-16 00:00:00,OSP,BUY,22933,LIMIT,IOC,15.1,15.1,FILLED,,346288.3,543.672631,38.05708417,581.72971517,2293.3,,2026-04-16,2026,2026-04,0.1,66.22516556291392,581.7297151700001,2875.02971517,10-25,Q3,NORMAL_STRATEGY
C,2026-04-10 00:00:00,2026-04-16 00:00:00,PTTGC,BUY,555,LIMIT,IOC,36.25,36.25,FILLED,,20118.75,31.5864375,2.211050625,33.797488125,138.75,,2026-04-16,2026,2026-04,0.25,68.9655172413793,33.797488125,172.547488125,25-50,Q1,NORMAL_STRATEGY
C,2026-04-10 00:00:00,2026-04-16 00:00:00,RATCH,BUY,11543,LIMIT,IOC,30.0,30.0,FILLED,,346290.0,543.6753,38.057271,581.732571,2885.75,,2026-04-16,2026,2026-04,0.25,83.33333333333333,581.732571,3467.482571,25-50,Q3,NORMAL_STRATEGY
C,2026-04-10 00:00:00,2026-04-16 00:00:00,SCGP,BUY,1602,LIMIT,IOC,20.99999961853028,20.99999961853028,FILLED,,33641.9993888855,52.81793904055024,3.6972557328385167,56.51519477338876,160.2,,2026-04-16,2026,2026-04,0.09999999999999999,47.61904848405834,56.51519477338876,216.71519477338876,10-25,Q1,NORMAL_STRATEGY
C,2026-04-20 00:00:00,2026-04-21 00:00:00,PTTGC,SELL,1961,LIMIT,IOC,35.25,35.25,FILLED,,69125.25,108.5266425,7.596864975,116.123507475,490.25,,2026-04-21,2026,2026-04,0.25,70.92198581560284,116.123507475,606.373507475,25-50,Q2,NORMAL_STRATEGY
C,2026-04-20 00:00:00,2026-04-21 00:00:00,GULF,SELL,1128,LIMIT,IOC,58.25,58.25,FILLED,,65706.0,103.15842,7.2210894,110.3795094,282.0,,2026-04-21,2026,2026-04,0.25,42.918454935622314,110.3795094,392.3795094,50-100,Q2,NORMAL_STRATEGY
C,2026-04-20 00:00:00,2026-04-21 00:00:00,IVL,SELL,3263,LIMIT,IOC,24.50000038146973,24.50000038146973,FILLED,,79943.50124473573,125.51129695423508,8.785790786796454,134.29708774103153,326.3,,2026-04-21,2026,2026-04,0.1,40.81632589509417,134.29708774103153,460.59708774103154,10-25,Q2,NORMAL_STRATEGY
C,2026-04-20 00:00:00,2026-04-21 00:00:00,KKP,SELL,982,LIMIT,IOC,81.25,81.25,FILLED,,79787.5,125.266375,8.76864625,134.03502125,245.5,,2026-04-21,2026,2026-04,0.25,30.76923076923077,134.03502125,379.53502125,50-100,Q2,NORMAL_STRATEGY
C,2026-04-20 00:00:00,2026-04-21 00:00:00,SCGP,SELL,3926,LIMIT,IOC,21.4,21.4,FILLED,,84016.4,131.905748,9.23340236,141.13915036,392.6,,2026-04-21,2026,2026-04,0.1,46.728971962616825,141.13915035999997,533.7391503599999,10-25,Q2,NORMAL_STRATEGY
C,2026-04-20 00:00:00,2026-04-21 00:00:00,CENTEL,SELL,9686,LIMIT,IOC,33.25,33.25,FILLED,,322059.5,505.633415,35.39433905,541.02775405,2421.5,,2026-04-21,2026,2026-04,0.25,75.18796992481202,541.02775405,2962.52775405,25-50,Q3,NORMAL_STRATEGY
C,2026-04-20 00:00:00,2026-04-21 00:00:00,OSP,SELL,5195,LIMIT,IOC,15.099999809265135,15.099999809265135,FILLED,,78444.49900913239,123.15786344433783,8.62105044110365,131.77891388544148,519.5,,2026-04-21,2026,2026-04,0.1,66.22516639943365,131.77891388544148,651.2789138854415,10-25,Q2,NORMAL_STRATEGY
C,2026-04-20 00:00:00,2026-04-21 00:00:00,RATCH,SELL,2421,LIMIT,IOC,29.25,29.25,FILLED,,70814.25,111.1783725,7.782486075,118.960858575,605.25,,2026-04-21,2026,2026-04,0.25,85.47008547008548,118.96085857499999,724.210858575,25-50,Q2,NORMAL_STRATEGY
C,2026-04-20 00:00:00,2026-04-21 00:00:00,HMPRO,BUY,42406,LIMIT,IOC,6.399999904632568,6.399999904632568,FILLED,,271398.3959558487,426.0954816506824,29.82668371554777,455.92216536623016,2120.3,,2026-04-21,2026,2026-04,0.05,78.12500116415325,455.92216536623016,2576.2221653662305,5-10,Q2,NORMAL_STRATEGY
C,2026-04-20 00:00:00,2026-04-21 00:00:00,LH,BUY,71047,LIMIT,IOC,3.819999952316284,3.819999952316284,FILLED,,271399.53661221504,426.0972724811776,29.826809073682433,455.92408155486,1420.94,,2026-04-21,2026,2026-04,0.02,52.356021595950175,455.92408155486004,1876.8640815548601,<5,Q2,NORMAL_STRATEGY
C,2026-04-20 00:00:00,2026-04-21 00:00:00,MTC,BUY,8684,LIMIT,IOC,31.25,31.25,FILLED,,271375.0,426.05875,29.8241125,455.8828625,2171.0,,2026-04-21,2026,2026-04,0.25,80.0,455.8828625,2626.8828625,25-50,Q2,NORMAL_STRATEGY
C,2026-04-23 00:00:00,2026-04-24 00:00:00,GULF,SELL,4619,LIMIT,IOC,56.0,56.0,FILLED,,258664.0,406.10248,28.4271736,434.5296536,1154.75,,2026-04-24,2026,2026-04,0.25,44.64285714285714,434.5296536,1589.2796536,50-100,Q2,NORMAL_STRATEGY
C,2026-04-23 00:00:00,2026-04-24 00:00:00,IVL,SELL,10987,LIMIT,IOC,23.69999923706055,23.69999923706055,FILLED,,260391.89161758425,408.8152698396072,28.617068888772504,437.4323387283797,1098.7,,2026-04-24,2026,2026-04,0.1,42.19409418529701,437.4323387283797,1536.1323387283796,10-25,Q2,NORMAL_STRATEGY
C,2026-04-23 00:00:00,2026-04-24 00:00:00,SCGP,SELL,12564,LIMIT,IOC,19.9,19.9,FILLED,,250023.6,392.537052,27.47759364,420.01464564,1256.4,,2026-04-24,2026,2026-04,0.1,50.25125628140704,420.01464564,1676.4146456400001,10-25,Q2,NORMAL_STRATEGY
C,2026-04-23 00:00:00,2026-04-24 00:00:00,HMPRO,SELL,42406,LIMIT,IOC,6.2,6.2,FILLED,,262917.2,412.780004,28.89460028,441.67460428,2120.3,,2026-04-24,2026,2026-04,0.05,80.64516129032258,441.67460428000004,2561.97460428,5-10,Q2,NORMAL_STRATEGY
C,2026-04-23 00:00:00,2026-04-24 00:00:00,KKP,BUY,2128,LIMIT,IOC,82.25,82.25,FILLED,,175028.0,274.79396,19.2355772,294.0295372,532.0,,2026-04-24,2026,2026-04,0.25,30.3951367781155,294.02953720000005,826.0295372,50-100,Q2,NORMAL_STRATEGY
C,2026-04-23 00:00:00,2026-04-24 00:00:00,MTC,BUY,6127,LIMIT,IOC,30.25,30.25,FILLED,,185341.75,290.9865475,20.369058325,311.355605825,1531.75,,2026-04-24,2026,2026-04,0.25,82.64462809917356,311.355605825,1843.105605825,25-50,Q2,NORMAL_STRATEGY
C,2026-04-23 00:00:00,2026-04-24 00:00:00,OSP,BUY,11545,LIMIT,IOC,15.299999809265136,15.299999809265136,FILLED,,176638.497797966,277.32244154280664,19.412570907996464,296.7350124508031,1154.5,,2026-04-24,2026,2026-04,0.1,65.35947793897589,296.7350124508031,1451.235012450803,10-25,Q2,NORMAL_STRATEGY
C,2026-04-23 00:00:00,2026-04-24 00:00:00,PTTGC,BUY,4684,LIMIT,IOC,36.5,36.5,FILLED,,170966.0,268.41662,18.7891634,287.2057834,1171.0,,2026-04-24,2026,2026-04,0.25,68.4931506849315,287.20578340000003,1458.2057834,25-50,Q2,NORMAL_STRATEGY
C,2026-04-28 00:00:00,2026-04-29 00:00:00,PTTGC,SELL,446,LIMIT,IOC,37.25,37.25,FILLED,,16613.5,26.083195,1.82582365,27.90901865,111.5,,2026-04-29,2026,2026-04,0.25,67.11409395973155,27.90901865,139.40901865,25-50,Q1,NORMAL_STRATEGY
C,2026-04-28 00:00:00,2026-04-29 00:00:00,RATCH,SELL,9122,LIMIT,IOC,28.75,28.75,FILLED,,262257.5,411.744275,28.82209925,440.56637425,2280.5,,2026-04-29,2026,2026-04,0.25,86.95652173913044,440.56637425,2721.06637425,25-50,Q2,NORMAL_STRATEGY
C,2026-04-28 00:00:00,2026-04-29 00:00:00,LH,SELL,71047,LIMIT,IOC,3.620000104904175,3.620000104904175,FILLED,,257190.14745312688,403.7885315014093,28.265197205098648,432.0537287065079,1420.94,,2026-04-29,2026,2026-04,0.02,55.24861718347774,432.05372870650797,1852.9937287065081,<5,Q2,NORMAL_STRATEGY
C,2026-04-28 00:00:00,2026-04-29 00:00:00,MTC,SELL,14811,LIMIT,IOC,28.75,28.75,FILLED,,425816.25,668.5315125,46.797205875,715.328718375,3702.75,,2026-04-29,2026,2026-04,0.25,86.95652173913044,715.328718375,4418.078718375,25-50,Q3,NORMAL_STRATEGY
C,2026-04-28 00:00:00,2026-04-29 00:00:00,IVL,BUY,17341,LIMIT,IOC,25.75,25.75,FILLED,,446530.75,701.0532775,49.073729425,750.127006925,4335.25,,2026-04-29,2026,2026-04,0.25,97.08737864077669,750.127006925,5085.377006925,25-50,Q3,NORMAL_STRATEGY
C,2026-04-28 00:00:00,2026-04-29 00:00:00,KKP,BUY,259,LIMIT,IOC,78.25,78.25,FILLED,,20266.75,31.8187975,2.227315825,34.046113325,64.75,,2026-04-29,2026,2026-04,0.25,31.948881789137378,34.046113325,98.796113325,50-100,Q1,NORMAL_STRATEGY
C,2026-04-28 00:00:00,2026-04-29 00:00:00,SCGP,BUY,17685,LIMIT,IOC,25.25,25.25,FILLED,,446546.25,701.0776125,49.075432875,750.153045375,4421.25,,2026-04-29,2026,2026-04,0.25,99.00990099009901,750.153045375,5171.403045375,25-50,Q3,NORMAL_STRATEGY
C,2026-05-06 00:00:00,2026-05-07 00:00:00,PTTGC,SELL,3635,LIMIT,IOC,39.5,39.5,FILLED,,143582.5,225.424525,15.77971675,241.20424175,908.75,,2026-05-07,2026,2026-05,0.25,63.291139240506325,241.20424175,1149.95424175,25-50,Q2,NORMAL_STRATEGY
C,2026-05-06 00:00:00,2026-05-07 00:00:00,KKP,SELL,1721,LIMIT,IOC,81.75,81.75,FILLED,,140691.75,220.8860475,15.462023325,236.348070825,430.25,,2026-05-07,2026,2026-05,0.25,30.581039755351682,236.34807082499998,666.5980708249999,50-100,Q2,NORMAL_STRATEGY
C,2026-05-06 00:00:00,2026-05-07 00:00:00,OSP,SELL,29283,LIMIT,IOC,14.599999809265135,14.599999809265135,FILLED,,427531.79441471107,671.2249172310962,46.98574420617673,718.210661437273,2928.3,,2026-05-07,2026,2026-05,0.1,68.4931515797282,718.210661437273,3646.510661437273,10-25,Q3,NORMAL_STRATEGY
C,2026-05-06 00:00:00,2026-05-07 00:00:00,IVL,SELL,4735,LIMIT,IOC,25.5,25.5,FILLED,,120742.5,189.565725,13.26960075,202.83532575,1183.75,,2026-05-07,2026,2026-05,0.25,98.0392156862745,202.83532574999998,1386.58532575,25-50,Q2,NORMAL_STRATEGY
C,2026-05-06 00:00:00,2026-05-07 00:00:00,SCGP,SELL,5079,LIMIT,IOC,25.5,25.5,FILLED,,129514.5,203.337765,14.23364355,217.57140855,1269.75,,2026-05-07,2026,2026-05,0.25,98.0392156862745,217.57140855,1487.32140855,25-50,Q2,NORMAL_STRATEGY
C,2026-05-06 00:00:00,2026-05-07 00:00:00,COM7,BUY,13600,LIMIT,IOC,24.1,24.1,FILLED,,327760.0,514.5832,36.020824,550.604024,1360.0,,2026-05-07,2026,2026-05,0.1,41.49377593360996,550.604024,1910.604024,10-25,Q3,NORMAL_STRATEGY
C,2026-05-06 00:00:00,2026-05-07 00:00:00,GULF,BUY,5329,LIMIT,IOC,61.5,61.5,FILLED,,327733.5,514.541595,36.01791165,550.55950665,1332.25,,2026-05-07,2026,2026-05,0.25,40.650406504065046,550.55950665,1882.80950665,50-100,Q3,NORMAL_STRATEGY
C,2026-05-06 00:00:00,2026-05-07 00:00:00,TOP,BUY,6900,LIMIT,IOC,47.5,47.5,FILLED,,327750.0,514.5675,36.019725,550.587225,1725.0,,2026-05-07,2026,2026-05,0.25,52.63157894736842,550.587225,2275.587225,25-50,Q3,NORMAL_STRATEGY
C,2026-05-11 00:00:00,2026-05-12 00:00:00,IVL,SELL,12606,LIMIT,IOC,24.50000038146973,24.50000038146973,FILLED,,308847.00480880734,484.8897975498276,33.942285828487925,518.8320833783155,1260.6,,2026-05-12,2026,2026-05,0.09999999999999999,40.81632589509418,518.8320833783156,1779.4320833783154,10-25,Q3,NORMAL_STRATEGY
C,2026-05-11 00:00:00,2026-05-12 00:00:00,GULF,SELL,5329,LIMIT,IOC,58.75,58.75,FILLED,,313078.75,491.5336375,34.407354625,525.940992125,1332.25,,2026-05-12,2026,2026-05,0.25,42.5531914893617,525.940992125,1858.1909921249999,50-100,Q3,NORMAL_STRATEGY
C,2026-05-11 00:00:00,2026-05-12 00:00:00,TOP,SELL,6900,LIMIT,IOC,46.25,46.25,FILLED,,319125.0,501.02625,35.0718375,536.0980875,1725.0,,2026-05-12,2026,2026-05,0.25,54.054054054054056,536.0980875,2261.0980875,25-50,Q3,NORMAL_STRATEGY
C,2026-05-11 00:00:00,2026-05-12 00:00:00,COM7,BUY,8095,LIMIT,IOC,23.80000076293945,23.80000076293945,FILLED,,192661.00617599487,302.477779696312,21.17344457874184,323.6512242750538,809.5,,2026-05-12,2026,2026-05,0.1,42.01680537578662,323.65122427505383,1133.151224275054,10-25,Q2,NORMAL_STRATEGY
C,2026-05-11 00:00:00,2026-05-12 00:00:00,KKP,BUY,2292,LIMIT,IOC,82.25,82.25,FILLED,,188517.0,295.97169,20.7180183,316.6897083,573.0,,2026-05-12,2026,2026-05,0.25,30.3951367781155,316.6897083,889.6897083,50-100,Q2,NORMAL_STRATEGY
C,2026-05-11 00:00:00,2026-05-12 00:00:00,PTTGC,BUY,4878,LIMIT,IOC,39.5,39.5,FILLED,,192681.0,302.50917,21.1756419,323.6848119,1219.5,,2026-05-12,2026,2026-05,0.25,63.291139240506325,323.6848119,1543.1848119,25-50,Q2,NORMAL_STRATEGY
C,2026-05-11 00:00:00,2026-05-12 00:00:00,SCGP,BUY,8214,LIMIT,IOC,24.80000076293945,24.80000076293945,FILLED,,203707.20626678463,319.8203138388519,22.387421968719636,342.2077358075716,821.4,,2026-05-12,2026,2026-05,0.09999999999999999,40.32257940469005,342.20773580757157,1163.6077358075715,10-25,Q2,NORMAL_STRATEGY
C,2026-05-14 00:00:00,2026-05-15 00:00:00,PTTGC,SELL,6560,LIMIT,IOC,39.0,39.0,FILLED,,255840.0,401.6688,28.116816,429.785616,1640.0,,2026-05-15,2026,2026-05,0.25,64.1025641025641,429.785616,2069.785616,25-50,Q2,NORMAL_STRATEGY
C,2026-05-14 00:00:00,2026-05-15 00:00:00,KKP,SELL,3131,LIMIT,IOC,81.25,81.25,FILLED,,254393.75,399.3981875,27.957873125,427.356060625,782.75,,2026-05-15,2026,2026-05,0.25,30.76923076923077,427.356060625,1210.106060625,50-100,Q2,NORMAL_STRATEGY
C,2026-05-14 00:00:00,2026-05-15 00:00:00,SCGP,SELL,10732,LIMIT,IOC,25.0,25.0,FILLED,,268300.0,421.231,29.48617,450.71717,2683.0,,2026-05-15,2026,2026-05,0.25,100.0,450.71717,3133.71717,10-25,Q2,NORMAL_STRATEGY
C,2026-05-14 00:00:00,2026-05-15 00:00:00,GULF,BUY,4252,LIMIT,IOC,60.5,60.5,FILLED,,257246.0,403.87622,28.2713354,432.1475554,1063.0,,2026-05-15,2026,2026-05,0.25,41.32231404958678,432.1475554,1495.1475553999999,50-100,Q2,NORMAL_STRATEGY
C,2026-05-14 00:00:00,2026-05-15 00:00:00,IVL,BUY,10088,LIMIT,IOC,25.5,25.5,FILLED,,257244.0,403.87308,28.2711156,432.1441956,2522.0,,2026-05-15,2026,2026-05,0.25,98.0392156862745,432.1441956,2954.1441956,25-50,Q2,NORMAL_STRATEGY
C,2026-05-14 00:00:00,2026-05-15 00:00:00,KTB,BUY,7511,LIMIT,IOC,34.25,34.25,FILLED,,257251.75,403.8852475,28.271967325,432.157214825,1877.75,,2026-05-15,2026,2026-05,0.25,72.99270072992701,432.157214825,2309.9072148249998,25-50,Q2,NORMAL_STRATEGY
C,2026-05-14 00:00:00,2026-05-15 00:00:00,RATCH,BUY,8504,LIMIT,IOC,30.25,30.25,FILLED,,257246.0,403.87622,28.2713354,432.1475554,2126.0,,2026-05-15,2026,2026-05,0.25,82.64462809917356,432.1475554,2558.1475554,25-50,Q2,NORMAL_STRATEGY
C,2026-05-14 00:00:00,2026-05-15 00:00:00,TIDLOR,BUY,15313,LIMIT,IOC,16.80000076293945,16.80000076293945,FILLED,,257258.41168289183,403.89570634214016,28.27269944394981,432.16840578609,1531.3,,2026-05-15,2026,2026-05,0.09999999999999999,59.52380682065115,432.16840578609,1963.46840578609,10-25,Q2,NORMAL_STRATEGY
C,2026-05-19 00:00:00,2026-05-20 00:00:00,PTTGC,SELL,6512,LIMIT,IOC,37.5,37.5,FILLED,,244200.0,383.394,26.83758,410.23158,1628.0,,2026-05-20,2026,2026-05,0.25,66.66666666666667,410.23158,2038.2315800000001,25-50,Q2,NORMAL_STRATEGY
C,2026-05-19 00:00:00,2026-05-20 00:00:00,IVL,SELL,10088,LIMIT,IOC,24.10000076293945,24.10000076293945,FILLED,,243120.8076965332,381.6996680835571,26.718976765849,408.41864484940606,1008.8,,2026-05-20,2026,2026-05,0.09999999999999999,41.49377462003163,408.4186448494061,1417.218644849406,10-25,Q2,NORMAL_STRATEGY
C,2026-05-19 00:00:00,2026-05-20 00:00:00,TIDLOR,SELL,15313,LIMIT,IOC,15.9,15.9,FILLED,,243476.7,382.258419,26.75808933,409.01650833,1531.3,,2026-05-20,2026,2026-05,0.09999999999999999,62.893081761006286,409.01650833,1940.31650833,10-25,Q2,NORMAL_STRATEGY
C,2026-05-19 00:00:00,2026-05-20 00:00:00,COM7,BUY,3710,LIMIT,IOC,25.25,25.25,FILLED,,93677.5,147.073675,10.29515725,157.36883225,927.5,,2026-05-20,2026,2026-05,0.25,99.00990099009901,157.36883225,1084.86883225,25-50,Q2,NORMAL_STRATEGY
C,2026-05-19 00:00:00,2026-05-20 00:00:00,GULF,BUY,6351,LIMIT,IOC,60.5,60.5,FILLED,,384235.5,603.249735,42.22748145,645.47721645,1587.75,,2026-05-20,2026,2026-05,0.25,41.32231404958678,645.47721645,2233.22721645,50-100,Q3,NORMAL_STRATEGY
C,2026-05-22 00:00:00,2026-05-25 00:00:00,KKP,SELL,3146,LIMIT,IOC,81.0,81.0,FILLED,,254826.0,400.07682,28.0053774,428.0821974,786.5,,2026-05-25,2026,2026-05,0.25,30.864197530864196,428.0821974,1214.5821974,50-100,Q2,NORMAL_STRATEGY
C,2026-05-22 00:00:00,2026-05-25 00:00:00,SCGP,SELL,10088,LIMIT,IOC,24.50000038146973,24.50000038146973,FILLED,,247156.0038482666,388.03492604177853,27.162444822924495,415.19737086470315,1008.8,,2026-05-25,2026,2026-05,0.09999999999999999,40.81632589509417,415.19737086470303,1423.997370864703,10-25,Q2,NORMAL_STRATEGY
C,2026-05-22 00:00:00,2026-05-25 00:00:00,COM7,SELL,11035,LIMIT,IOC,25.5,25.5,FILLED,,281392.5,441.786225,30.92503575,472.71126075,2758.75,,2026-05-25,2026,2026-05,0.25,98.0392156862745,472.71126075,3231.46126075,25-50,Q2,NORMAL_STRATEGY
C,2026-05-22 00:00:00,2026-05-25 00:00:00,GULF,SELL,4553,LIMIT,IOC,61.25,61.25,FILLED,,278871.25,437.8278625,30.647950375,468.475812875,1138.25,,2026-05-25,2026,2026-05,0.25,40.81632653061225,468.475812875,1606.725812875,50-100,Q2,NORMAL_STRATEGY
C,2026-05-22 00:00:00,2026-05-25 00:00:00,CENTEL,BUY,11321,LIMIT,IOC,33.0,33.0,FILLED,,373593.0,586.54101,41.0578707,627.5988807,2830.25,,2026-05-25,2026,2026-05,0.25,75.75757575757576,627.5988807,3457.8488807,25-50,Q3,NORMAL_STRATEGY
C,2026-05-22 00:00:00,2026-05-25 00:00:00,KTB,BUY,3088,LIMIT,IOC,35.25,35.25,FILLED,,108852.0,170.89764,11.9628348,182.8604748,772.0,,2026-05-25,2026,2026-05,0.25,70.92198581560284,182.8604748,954.8604748,25-50,Q2,NORMAL_STRATEGY
C,2026-05-22 00:00:00,2026-05-25 00:00:00,RATCH,BUY,3646,LIMIT,IOC,30.75,30.75,FILLED,,112114.5,176.019765,12.32138355,188.34114855,911.5,,2026-05-25,2026,2026-05,0.25,81.30081300813009,188.34114855,1099.84114855,25-50,Q2,NORMAL_STRATEGY
C,2026-05-22 00:00:00,2026-05-25 00:00:00,TIDLOR,BUY,20642,LIMIT,IOC,18.1,18.1,FILLED,,373620.2,586.583714,41.06085998,627.64457398,2064.2,,2026-05-25,2026,2026-05,0.09999999999999999,55.248618784530386,627.64457398,2691.84457398,10-25,Q3,NORMAL_STRATEGY
C,2026-05-27 00:00:00,2026-05-28 00:00:00,GULF,SELL,850,LIMIT,IOC,62.0,62.0,FILLED,,52700.0,82.739,5.79173,88.53073,212.5,,2026-05-28,2026,2026-05,0.25,40.32258064516129,88.53073,301.03073,50-100,Q2,NORMAL_STRATEGY
C,2026-05-27 00:00:00,2026-05-28 00:00:00,KTB,SELL,1378,LIMIT,IOC,34.75,34.75,FILLED,,47885.5,75.180235,5.26261645,80.44285145,344.5,,2026-05-28,2026,2026-05,0.25,71.94244604316548,80.44285144999999,424.94285145,25-50,Q1,NORMAL_STRATEGY
C,2026-05-27 00:00:00,2026-05-28 00:00:00,RATCH,SELL,1580,LIMIT,IOC,30.25,30.25,FILLED,,47795.0,75.03815,5.2526705,80.2908205,395.0,,2026-05-28,2026,2026-05,0.25,82.64462809917356,80.2908205,475.2908205,25-50,Q1,NORMAL_STRATEGY
C,2026-05-27 00:00:00,2026-05-28 00:00:00,TIDLOR,SELL,2977,LIMIT,IOC,18.19999923706055,18.19999923706055,FILLED,,54181.39772872925,85.06479443410493,5.954535610387344,91.01933004449225,297.7,,2026-05-28,2026,2026-05,0.09999999999999999,54.94505724833802,91.01933004449226,388.71933004449227,10-25,Q2,NORMAL_STRATEGY
C,2026-05-27 00:00:00,2026-05-28 00:00:00,OSP,BUY,21245,LIMIT,IOC,15.299999809265136,15.299999809265136,FILLED,,325048.49594783783,510.3261386381054,35.722829704667376,546.0489683427728,2124.5,,2026-05-28,2026,2026-05,0.1,65.35947793897589,546.0489683427728,2670.5489683427727,10-25,Q3,NORMAL_STRATEGY
C,2026-06-01 00:00:00,2026-06-02 00:00:00,CENTEL,SELL,1564,LIMIT,IOC,33.25,33.25,FILLED,,52003.0,81.64471,5.7151297,87.3598397,391.0,,2026-06-02,2026,2026-06,0.25,75.18796992481202,87.35983970000001,478.3598397,25-50,Q1,NORMAL_STRATEGY
C,2026-06-01 00:00:00,2026-06-02 00:00:00,GULF,BUY,133,LIMIT,IOC,61.75,61.75,FILLED,,8212.75,12.8940175,0.902581225,13.796598725,33.25,,2026-06-02,2026,2026-06,0.25,40.48582995951417,13.796598725,47.046598725,50-100,Q1,NORMAL_STRATEGY
C,2026-06-01 00:00:00,2026-06-02 00:00:00,KTB,BUY,121,LIMIT,IOC,35.25,35.25,FILLED,,4265.25,6.6964425,0.468750975,7.165193475,30.25,,2026-06-02,2026,2026-06,0.25,70.92198581560284,7.165193475,37.415193475,25-50,Q1,NORMAL_STRATEGY
C,2026-06-01 00:00:00,2026-06-02 00:00:00,OSP,BUY,140,LIMIT,IOC,15.400000190734865,15.400000190734865,FILLED,,2156.000026702881,3.3849200419235226,0.2369444029346466,3.6218644448581694,14.0,,2026-06-02,2026,2026-06,0.1,64.93506413081944,3.6218644448581694,17.62186444485817,10-25,Q1,NORMAL_STRATEGY
C,2026-06-01 00:00:00,2026-06-02 00:00:00,RATCH,BUY,53,LIMIT,IOC,31.0,31.0,FILLED,,1643.0,2.57951,0.1805657,2.7600757,13.25,,2026-06-02,2026,2026-06,0.25,80.64516129032258,2.7600757,16.0100757,25-50,Q1,NORMAL_STRATEGY
C,2026-06-01 00:00:00,2026-06-02 00:00:00,TIDLOR,BUY,941,LIMIT,IOC,17.700000381469728,17.700000381469728,FILLED,,16655.70035896301,26.149449563571928,1.8304614694500352,27.979911033021963,94.1,,2026-06-02,2026,2026-06,0.09999999999999999,56.49717392361799,27.979911033021963,122.07991103302196,10-25,Q1,NORMAL_STRATEGY
C,2026-06-04 00:00:00,2026-06-05 00:00:00,COM7,SELL,3224,LIMIT,IOC,26.0,26.0,FILLED,,83824.0,131.60368,9.2122576,140.8159376,806.0,,2026-06-05,2026,2026-06,0.25,96.15384615384616,140.81593759999998,946.8159376,25-50,Q2,NORMAL_STRATEGY
C,2026-06-04 00:00:00,2026-06-05 00:00:00,GULF,SELL,1021,LIMIT,IOC,68.0,68.0,FILLED,,69428.0,109.00196,7.6301372,116.6320972,255.25,,2026-06-05,2026,2026-06,0.25,36.76470588235294,116.6320972,371.8820972,50-100,Q2,NORMAL_STRATEGY
C,2026-06-04 00:00:00,2026-06-05 00:00:00,KTB,SELL,1080,LIMIT,IOC,35.25,35.25,FILLED,,38070.0,59.7699,4.183893,63.953793,270.0,,2026-06-05,2026,2026-06,0.25,70.92198581560284,63.953793,333.953793,25-50,Q1,NORMAL_STRATEGY
C,2026-06-04 00:00:00,2026-06-05 00:00:00,RATCH,SELL,1017,LIMIT,IOC,30.25,30.25,FILLED,,30764.25,48.2998725,3.380991075,51.680863575,254.25,,2026-06-05,2026,2026-06,0.25,82.64462809917356,51.680863575,305.930863575,25-50,Q1,NORMAL_STRATEGY
C,2026-06-04 00:00:00,2026-06-05 00:00:00,TIDLOR,SELL,1918,LIMIT,IOC,17.50000038146973,17.50000038146973,FILLED,,33565.00073165893,52.69705114870453,3.6887935804093166,56.38584472911385,191.8,,2026-06-05,2026,2026-06,0.1,57.142855897241745,56.38584472911385,248.18584472911385,10-25,Q1,NORMAL_STRATEGY
C,2026-06-04 00:00:00,2026-06-05 00:00:00,OSP,SELL,2450,LIMIT,IOC,15.4,15.4,FILLED,,37730.0,59.2361,4.146527,63.382627,245.0,,2026-06-05,2026,2026-06,0.1,64.93506493506494,63.382627,308.382627,10-25,Q1,NORMAL_STRATEGY
C,2026-06-04 00:00:00,2026-06-05 00:00:00,LH,BUY,80707,LIMIT,IOC,3.660000104904175,3.660000104904175,FILLED,,295387.62846650125,463.75857669240696,32.46310036846849,496.22167706087544,1614.14,,2026-06-05,2026,2026-06,0.02,54.6448071769212,496.22167706087544,2110.3616770608755,<5,Q3,NORMAL_STRATEGY
C,2026-06-09 00:00:00,2026-06-10 00:00:00,RATCH,SELL,9606,LIMIT,IOC,29.5,29.5,FILLED,,283377.0,444.90189,31.1431323,476.0450223,2401.5,,2026-06-10,2026,2026-06,0.25,84.7457627118644,476.04502229999997,2877.5450223,25-50,Q3,NORMAL_STRATEGY
C,2026-06-09 00:00:00,2026-06-10 00:00:00,TIDLOR,SELL,16688,LIMIT,IOC,16.60000076293945,16.60000076293945,FILLED,,277020.8127319336,434.92267598913566,30.4445873192395,465.3672633083752,1668.8,,2026-06-10,2026,2026-06,0.09999999999999999,60.24096108673458,465.36726330837513,2134.167263308375,10-25,Q2,NORMAL_STRATEGY
C,2026-06-09 00:00:00,2026-06-10 00:00:00,COM7,BUY,2607,LIMIT,IOC,26.75,26.75,FILLED,,69737.25,109.4874825,7.664123775,117.151606275,651.75,,2026-06-10,2026,2026-06,0.25,93.45794392523364,117.151606275,768.901606275,25-50,Q2,NORMAL_STRATEGY
C,2026-06-09 00:00:00,2026-06-10 00:00:00,GULF,BUY,1459,LIMIT,IOC,63.75,63.75,FILLED,,93011.25,146.0276625,10.221936375,156.249598875,364.75,,2026-06-10,2026,2026-06,0.25,39.21568627450981,156.249598875,520.999598875,50-100,Q2,NORMAL_STRATEGY
C,2026-06-09 00:00:00,2026-06-10 00:00:00,KKP,BUY,4168,LIMIT,IOC,88.25,88.25,FILLED,,367826.0,577.48682,40.4240774,617.9108974,1042.0,,2026-06-10,2026,2026-06,0.25,28.328611898016998,617.9108974,1659.9108974,50-100,Q3,NORMAL_STRATEGY
C,2026-06-09 00:00:00,2026-06-10 00:00:00,KTB,BUY,2249,LIMIT,IOC,35.0,35.0,FILLED,,78715.0,123.58255,8.6507785,132.2333285,562.25,,2026-06-10,2026,2026-06,0.25,71.42857142857143,132.2333285,694.4833285,25-50,Q2,NORMAL_STRATEGY
C,2026-06-09 00:00:00,2026-06-10 00:00:00,OSP,BUY,5111,LIMIT,IOC,15.299999809265136,15.299999809265136,FILLED,,78198.2990251541,122.77132946949196,8.593993062864437,131.3653225323564,511.1,,2026-06-10,2026,2026-06,0.1,65.3594779389759,131.3653225323564,642.4653225323564,10-25,Q2,NORMAL_STRATEGY
C,2026-06-12 00:00:00,2026-06-15 00:00:00,GULF,SELL,28,LIMIT,IOC,65.0,65.0,FILLED,,1820.0,2.8574,0.200018,3.057418,7.0,,2026-06-15,2026,2026-06,0.25,38.46153846153847,3.057418,10.057418,50-100,Q1,NORMAL_STRATEGY
C,2026-06-12 00:00:00,2026-06-15 00:00:00,LH,SELL,80707,LIMIT,IOC,3.640000085830689,3.640000085830689,FILLED,,293773.4869271374,461.22437447560577,32.2857062132924,493.5100806888981,1614.14,,2026-06-15,2026,2026-06,0.02,54.9450536494583,493.51008068889814,2107.650080688898,<5,Q3,NORMAL_STRATEGY
C,2026-06-12 00:00:00,2026-06-15 00:00:00,CENTEL,BUY,915,LIMIT,IOC,35.25,35.25,FILLED,,32253.75,50.6383875,3.544687125,54.183074625,228.75,,2026-06-15,2026,2026-06,0.25,70.92198581560284,54.183074625,282.933074625,25-50,Q1,NORMAL_STRATEGY
C,2026-06-12 00:00:00,2026-06-15 00:00:00,COM7,BUY,52,LIMIT,IOC,27.25,27.25,FILLED,,1417.0,2.22469,0.1557283,2.3804183,13.0,,2026-06-15,2026,2026-06,0.25,91.74311926605505,2.3804182999999997,15.380418299999999,25-50,Q1,NORMAL_STRATEGY
C,2026-06-12 00:00:00,2026-06-15 00:00:00,KKP,BUY,23,LIMIT,IOC,89.75,89.75,FILLED,,2064.25,3.2408725,0.226861075,3.467733575,5.75,,2026-06-15,2026,2026-06,0.25,27.855153203342617,3.467733575,9.217733575,50-100,Q1,NORMAL_STRATEGY
C,2026-06-12 00:00:00,2026-06-15 00:00:00,KTB,BUY,11,LIMIT,IOC,35.75,35.75,FILLED,,393.25,0.6174025,0.043218175,0.660620675,2.75,,2026-06-15,2026,2026-06,0.25,69.93006993006993,0.660620675,3.410620675,25-50,Q1,NORMAL_STRATEGY
C,2026-06-12 00:00:00,2026-06-15 00:00:00,OSP,BUY,224,LIMIT,IOC,15.499999618530271,15.499999618530271,FILLED,,3471.999914550781,5.451039865844726,0.3815727906091308,5.832612656453857,22.4,,2026-06-15,2026,2026-06,0.09999999999999999,64.51613062006133,5.832612656453857,28.232612656453856,10-25,Q1,NORMAL_STRATEGY
C,2026-06-17 00:00:00,2026-06-18 00:00:00,COM7,SELL,4165,LIMIT,IOC,27.0,27.0,FILLED,,112455.0,176.55435,12.3588045,188.9131545,1041.25,,2026-06-18,2026,2026-06,0.25,92.59259259259258,188.9131545,1230.1631545,25-50,Q2,NORMAL_STRATEGY
C,2026-06-17 00:00:00,2026-06-18 00:00:00,GULF,SELL,1617,LIMIT,IOC,63.75,63.75,FILLED,,103083.75,161.8414875,11.328904125,173.170391625,404.25,,2026-06-18,2026,2026-06,0.25,39.21568627450981,173.170391625,577.420391625,50-100,Q2,NORMAL_STRATEGY
C,2026-06-17 00:00:00,2026-06-18 00:00:00,KTB,SELL,10522,LIMIT,IOC,35.75,35.75,FILLED,,376161.5,590.573555,41.34014885,631.91370385,2630.5,,2026-06-18,2026,2026-06,0.25,69.93006993006993,631.91370385,3262.4137038500003,25-50,Q3,NORMAL_STRATEGY
C,2026-06-17 00:00:00,2026-06-18 00:00:00,CENTEL,SELL,3308,LIMIT,IOC,35.5,35.5,FILLED,,117434.0,184.37138,12.9059966,197.2773766,827.0,,2026-06-18,2026,2026-06,0.25,70.4225352112676,197.2773766,1024.2773766,25-50,Q2,NORMAL_STRATEGY
C,2026-06-17 00:00:00,2026-06-18 00:00:00,OSP,SELL,7701,LIMIT,IOC,15.799999618530272,15.799999618530272,FILLED,,121675.79706230162,191.03100138781355,13.372170097146949,204.40317148496047,770.1,,2026-06-18,2026,2026-06,0.1,63.29114076858572,204.4031714849605,974.5031714849605,10-25,Q2,NORMAL_STRATEGY
C,2026-06-17 00:00:00,2026-06-18 00:00:00,KKP,SELL,1294,LIMIT,IOC,91.0,91.0,FILLED,,117754.0,184.87378,12.9411646,197.8149446,323.5,,2026-06-18,2026,2026-06,0.25,27.472527472527474,197.81494460000002,521.3149446,50-100,Q2,NORMAL_STRATEGY
C,2026-06-17 00:00:00,2026-06-18 00:00:00,RATCH,BUY,8483,LIMIT,IOC,31.25,31.25,FILLED,,265093.75,416.1971875,29.133803125,445.330990625,2120.75,,2026-06-18,2026,2026-06,0.25,80.0,445.33099062499997,2566.080990625,25-50,Q2,NORMAL_STRATEGY
C,2026-06-17 00:00:00,2026-06-18 00:00:00,SCGP,BUY,10295,LIMIT,IOC,25.75,25.75,FILLED,,265096.25,416.2011125,29.134077875,445.335190375,2573.75,,2026-06-18,2026,2026-06,0.25,97.08737864077669,445.335190375,3019.085190375,25-50,Q2,NORMAL_STRATEGY
C,2026-06-17 00:00:00,2026-06-18 00:00:00,TIDLOR,BUY,13880,LIMIT,IOC,19.1,19.1,FILLED,,265108.0,416.21956,29.1353692,445.3549292,1388.0,,2026-06-18,2026,2026-06,0.1,52.35602094240838,445.3549292,1833.3549292,10-25,Q2,NORMAL_STRATEGY
C,2026-06-22 00:00:00,2026-06-23 00:00:00,COM7,SELL,346,LIMIT,IOC,28.25,28.25,FILLED,,9774.5,15.345965,1.07421755,16.42018255,86.5,,2026-06-23,2026,2026-06,0.25,88.49557522123894,16.42018255,102.92018254999999,25-50,Q1,NORMAL_STRATEGY
C,2026-06-22 00:00:00,2026-06-23 00:00:00,GULF,SELL,4126,LIMIT,IOC,60.25,60.25,FILLED,,248591.5,390.288655,27.32020585,417.60886085,1031.5,,2026-06-23,2026,2026-06,0.25,41.49377593360996,417.60886085,1449.10886085,50-100,Q2,NORMAL_STRATEGY
C,2026-06-22 00:00:00,2026-06-23 00:00:00,CENTEL,SELL,43,LIMIT,IOC,36.0,36.0,FILLED,,1548.0,2.43036,0.1701252,2.6004852,10.75,,2026-06-23,2026,2026-06,0.25,69.44444444444444,2.6004852,13.3504852,25-50,Q1,NORMAL_STRATEGY
C,2026-06-22 00:00:00,2026-06-23 00:00:00,OSP,SELL,374,LIMIT,IOC,16.299999618530272,16.299999618530272,FILLED,,6096.199857330322,9.571033776008605,0.6699723643206023,10.241006140329208,37.4,,2026-06-23,2026,2026-06,0.09999999999999999,61.34969468730376,10.241006140329207,47.6410061403292,10-25,Q1,NORMAL_STRATEGY
C,2026-06-22 00:00:00,2026-06-23 00:00:00,KKP,SELL,62,LIMIT,IOC,93.75,93.75,FILLED,,5812.5,9.125625,0.63879375,9.76441875,15.5,,2026-06-23,2026,2026-06,0.25,26.666666666666664,9.764418749999999,25.264418749999997,50-100,Q1,NORMAL_STRATEGY
C,2026-06-22 00:00:00,2026-06-23 00:00:00,RATCH,SELL,8483,LIMIT,IOC,30.25,30.25,FILLED,,256610.75,402.8788775,28.201521425,431.080398925,2120.75,,2026-06-23,2026,2026-06,0.25,82.64462809917356,431.080398925,2551.830398925,25-50,Q2,NORMAL_STRATEGY
C,2026-06-22 00:00:00,2026-06-23 00:00:00,BDMS,BUY,14444,LIMIT,IOC,18.49999961853028,18.49999961853028,FILLED,,267213.9944900513,419.52597134938054,29.36681799445664,448.8927893438372,1444.4,,2026-06-23,2026,2026-06,0.1,54.05405516864787,448.8927893438372,1893.2927893438373,10-25,Q2,NORMAL_STRATEGY
C,2026-06-22 00:00:00,2026-06-23 00:00:00,HMPRO,BUY,43451,LIMIT,IOC,6.149999904632568,6.149999904632568,FILLED,,267223.64585618966,419.54112399421774,29.367878679595247,448.90900267381306,2172.55,,2026-06-23,2026,2026-06,0.05,81.30081426885367,448.909002673813,2621.4590026738133,5-10,Q2,NORMAL_STRATEGY
C,2026-06-22 00:00:00,2026-06-23 00:00:00,KTB,BUY,7371,LIMIT,IOC,36.25,36.25,FILLED,,267198.75,419.5020375,29.365142625,448.867180125,1842.75,,2026-06-23,2026,2026-06,0.25,68.9655172413793,448.86718012499995,2291.617180125,25-50,Q2,NORMAL_STRATEGY
C,2026-06-22 00:00:00,2026-06-23 00:00:00,TIDLOR,BUY,110,LIMIT,IOC,19.1,19.1,FILLED,,2101.0,3.29857,0.2308999,3.5294699,11.0,,2026-06-23,2026,2026-06,0.1,52.35602094240838,3.5294698999999996,14.529469899999999,10-25,Q1,NORMAL_STRATEGY
C,2026-06-25 00:00:00,2026-06-26 00:00:00,CENTEL,SELL,100,LIMIT,IOC,37.25,37.25,FILLED,,3725.0,5.84825,0.4093775,6.2576275,25.0,,2026-06-26,2026,2026-06,0.25,67.11409395973155,6.2576275,31.257627499999998,25-50,Q1,NORMAL_STRATEGY
C,2026-06-25 00:00:00,2026-06-26 00:00:00,OSP,SELL,881,LIMIT,IOC,17.60000076293945,17.60000076293945,FILLED,,15505.600672149658,24.343793055274965,1.7040655138692473,26.047858569144207,88.1,,2026-06-26,2026,2026-06,0.09999999999999999,56.81817935518007,26.04785856914421,114.1478585691442,10-25,Q1,NORMAL_STRATEGY
C,2026-06-25 00:00:00,2026-06-26 00:00:00,KKP,SELL,96,LIMIT,IOC,99.0,99.0,FILLED,,9504.0,14.92128,1.0444896,15.9657696,24.0,,2026-06-26,2026,2026-06,0.25,25.252525252525256,15.9657696,39.9657696,50-100,Q1,NORMAL_STRATEGY
C,2026-06-25 00:00:00,2026-06-26 00:00:00,SCGP,SELL,472,LIMIT,IOC,27.25,27.25,FILLED,,12862.0,20.19334,1.4135338,21.6068738,118.0,,2026-06-26,2026,2026-06,0.25,91.74311926605505,21.6068738,139.6068738,25-50,Q1,NORMAL_STRATEGY
C,2026-06-25 00:00:00,2026-06-26 00:00:00,BDMS,SELL,14444,LIMIT,IOC,18.50000038146973,18.50000038146973,FILLED,,267214.00550994877,419.5259886506195,29.36681920554337,448.8928078561629,1444.4,,2026-06-26,2026,2026-06,0.1,54.05405293946028,448.8928078561629,1893.292807856163,10-25,Q2,NORMAL_STRATEGY
C,2026-06-25 00:00:00,2026-06-26 00:00:00,HMPRO,SELL,1188,LIMIT,IOC,6.350000095367432,6.350000095367432,FILLED,,7543.800113296509,11.84376617787552,0.8290636324512863,12.672829810326803,59.4,,2026-06-26,2026,2026-06,0.049999999999999996,78.74015629775644,12.672829810326805,72.07282981032681,5-10,Q1,NORMAL_STRATEGY
C,2026-06-25 00:00:00,2026-06-26 00:00:00,COM7,BUY,802,LIMIT,IOC,27.0,27.0,FILLED,,21654.0,33.99678,2.3797746,36.3765546,200.5,,2026-06-26,2026,2026-06,0.25,92.59259259259258,36.3765546,236.8765546,25-50,Q1,NORMAL_STRATEGY
C,2026-06-25 00:00:00,2026-06-26 00:00:00,KTB,BUY,46,LIMIT,IOC,36.75,36.75,FILLED,,1690.5,2.654085,0.18578595,2.83987095,11.5,,2026-06-26,2026,2026-06,0.25,68.02721088435374,2.83987095,14.33987095,25-50,Q1,NORMAL_STRATEGY
C,2026-06-25 00:00:00,2026-06-26 00:00:00,LH,BUY,73676,LIMIT,IOC,3.700000066757202,3.700000066757202,FILLED,,272601.2049184036,427.98389172189366,29.95887242053256,457.94276414242626,1473.52,,2026-06-26,2026,2026-06,0.02,54.054053078784506,457.9427641424262,1931.4627641424263,<5,Q2,NORMAL_STRATEGY
C,2026-06-25 00:00:00,2026-06-26 00:00:00,MTC,BUY,8865,LIMIT,IOC,30.75,30.75,FILLED,,272598.75,427.9800375,29.958602625,457.938640125,2216.25,,2026-06-26,2026,2026-06,0.25,81.30081300813009,457.938640125,2674.188640125,25-50,Q2,NORMAL_STRATEGY
C,2026-06-25 00:00:00,2026-06-26 00:00:00,TIDLOR,BUY,61,LIMIT,IOC,19.39999923706055,19.39999923706055,FILLED,,1183.3999534606933,1.8579379269332883,0.1300556548853302,1.9879935818186187,6.1,,2026-06-26,2026,2026-06,0.09999999999999999,51.5463937797308,1.9879935818186185,8.087993581818619,10-25,Q1,NORMAL_STRATEGY
C,2026-06-30 00:00:00,2026-06-30 00:00:00,CENTEL,SELL,7221,LIMIT,IOC,36.5,36.5,FILLED,UNIVERSE_BOUNDARY_EXIT,263566.5,413.799405,28.96595835,442.76536335,1805.25,2026-06-30 00:00:00,2026-06-30,2026,2026-06,0.25,68.4931506849315,442.76536335,2248.01536335,25-50,Q2,BOUNDARY_EXIT
C,2026-06-30 00:00:00,2026-07-01 00:00:00,COM7,SELL,10096,LIMIT,IOC,27.75,27.75,FILLED,,280164.0,439.85748,30.7900236,470.6475036,2524.0,,2026-07-01,2026,2026-07,0.25,90.09009009009009,470.6475036,2994.6475036,25-50,Q2,NORMAL_STRATEGY
C,2026-06-30 00:00:00,2026-07-01 00:00:00,KKP,SELL,36,LIMIT,IOC,100.5,100.5,FILLED,,3618.0,5.68026,0.3976182,6.0778782,18.0,,2026-07-01,2026,2026-07,0.5,49.75124378109452,6.0778782,24.0778782,>100,Q1,NORMAL_STRATEGY
C,2026-06-30 00:00:00,2026-07-01 00:00:00,SCGP,SELL,360,LIMIT,IOC,28.5,28.5,FILLED,,10260.0,16.1082,1.127574,17.235774,90.0,,2026-07-01,2026,2026-07,0.25,87.71929824561403,17.235774,107.23577399999999,25-50,Q1,NORMAL_STRATEGY
C,2026-06-30 00:00:00,2026-07-01 00:00:00,HMPRO,SELL,363,LIMIT,IOC,6.45,6.45,FILLED,,2341.35,3.6759195,0.257314365,3.933233865,18.15,,2026-07-01,2026,2026-07,0.049999999999999996,77.51937984496124,3.933233865,22.083233864999997,5-10,Q1,NORMAL_STRATEGY
C,2026-06-30 00:00:00,2026-07-01 00:00:00,KTB,SELL,242,LIMIT,IOC,37.75,37.75,FILLED,,9135.5,14.342735,1.00399145,15.34672645,60.5,,2026-07-01,2026,2026-07,0.25,66.2251655629139,15.346726449999998,75.84672645,25-50,Q1,NORMAL_STRATEGY
C,2026-06-30 00:00:00,2026-07-01 00:00:00,LH,SELL,73676,LIMIT,IOC,3.7599999713897705,3.7599999713897705,FILLED,,277021.7578921128,434.924159890617,30.44469119234319,465.36885108296013,1473.52,,2026-07-01,2026,2026-07,0.02,53.19148976644168,465.3688510829602,1938.8888510829602,<5,Q2,NORMAL_STRATEGY
C,2026-06-30 00:00:00,2026-07-01 00:00:00,MTC,SELL,289,LIMIT,IOC,31.5,31.5,FILLED,,9103.5,14.292495,1.00047465,15.29296965,72.25,,2026-07-01,2026,2026-07,0.25,79.36507936507937,15.29296965,87.54296965,25-50,Q1,NORMAL_STRATEGY
C,2026-06-30 00:00:00,2026-07-01 00:00:00,BDMS,BUY,14220,LIMIT,IOC,19.30000076293945,19.30000076293945,FILLED,,274446.010848999,430.8802370329285,30.16161659230499,461.0418536252335,1422.0,,2026-07-01,2026,2026-07,0.1,51.81346945437616,461.0418536252335,1883.0418536252334,10-25,Q2,NORMAL_STRATEGY
C,2026-06-30 00:00:00,2026-07-01 00:00:00,OSP,BUY,368,LIMIT,IOC,17.49999961853027,17.49999961853027,FILLED,,6439.999859619141,10.11079977960205,0.7077559845721435,10.818555764174194,36.8,,2026-07-01,2026,2026-07,0.09999999999999999,57.1428583884726,10.818555764174194,47.61855576417419,10-25,Q1,NORMAL_STRATEGY
C,2026-06-30 00:00:00,2026-07-01 00:00:00,TIDLOR,BUY,243,LIMIT,IOC,19.200000381469728,19.200000381469728,FILLED,,4665.600092697144,7.324992145534515,0.512749450187416,7.837741595721932,24.3,,2026-07-01,2026,2026-07,0.1,52.0833322985305,7.837741595721931,32.137741595721934,10-25,Q1,NORMAL_STRATEGY
C,2026-06-30 00:00:00,2026-07-01 00:00:00,TOP,BUY,5629,LIMIT,IOC,48.75,48.75,FILLED,,274413.75,430.8295875,30.158071125,460.987658625,1407.25,,2026-07-01,2026,2026-07,0.25,51.282051282051285,460.987658625,1868.237658625,25-50,Q2,NORMAL_STRATEGY
C,2026-07-03 00:00:00,2026-07-06 00:00:00,KKP,SELL,2,LIMIT,IOC,103.0,103.0,FILLED,,206.0,0.32342,0.0226394,0.3460594,1.0,,2026-07-06,2026,2026-07,0.5,48.543689320388346,0.34605939999999996,1.3460594,>100,Q1,NORMAL_STRATEGY
C,2026-07-03 00:00:00,2026-07-06 00:00:00,KTB,SELL,196,LIMIT,IOC,39.75,39.75,FILLED,,7791.0,12.23187,0.8562309,13.0881009,49.0,,2026-07-06,2026,2026-07,0.25,62.89308176100629,13.0881009,62.0881009,25-50,Q1,NORMAL_STRATEGY
C,2026-07-03 00:00:00,2026-07-06 00:00:00,MTC,SELL,252,LIMIT,IOC,33.25,33.25,FILLED,,8379.0,13.15503,0.9208521,14.0758821,63.0,,2026-07-06,2026,2026-07,0.25,75.18796992481202,14.0758821,77.0758821,25-50,Q1,NORMAL_STRATEGY
C,2026-07-03 00:00:00,2026-07-06 00:00:00,BDMS,SELL,312,LIMIT,IOC,20.00000038146973,20.00000038146973,FILLED,,6240.000119018554,9.796800186859134,0.6857760130801391,10.48257619993927,31.2,,2026-07-06,2026,2026-07,0.09999999999999999,49.99999904632571,10.482576199939272,41.68257619993927,10-25,Q1,NORMAL_STRATEGY
C,2026-07-03 00:00:00,2026-07-06 00:00:00,OSP,BUY,371,LIMIT,IOC,17.49999961853027,17.49999961853027,FILLED,,6492.499858474731,10.193224777805328,0.7135257344463729,10.9067505122517,37.1,,2026-07-06,2026,2026-07,0.1,57.14285838847261,10.906750512251701,48.0067505122517,10-25,Q1,NORMAL_STRATEGY
C,2026-07-03 00:00:00,2026-07-06 00:00:00,RATCH,BUY,8263,LIMIT,IOC,34.0,34.0,FILLED,,280942.0,441.07894,30.8755258,471.9544658,2065.75,,2026-07-06,2026,2026-07,0.25,73.52941176470588,471.9544658,2537.7044658,25-50,Q2,NORMAL_STRATEGY
C,2026-07-03 00:00:00,2026-07-06 00:00:00,TIDLOR,BUY,113,LIMIT,IOC,19.49999961853028,19.49999961853028,FILLED,,2203.499956893921,3.4594949323234565,0.2421646452626419,3.7016595775860974,11.3,,2026-07-06,2026,2026-07,0.1,51.282052285259,3.7016595775860983,15.0016595775861,10-25,Q1,NORMAL_STRATEGY
C,2026-07-08 00:00:00,2026-07-09 00:00:00,KKP,SELL,5,LIMIT,IOC,102.5,102.5,FILLED,,512.5,0.804625,0.05632375,0.86094875,2.5,,2026-07-09,2026,2026-07,0.5,48.78048780487805,0.86094875,3.36094875,>100,Q1,NORMAL_STRATEGY
C,2026-07-08 00:00:00,2026-07-09 00:00:00,SCGP,SELL,9463,LIMIT,IOC,27.25,27.25,FILLED,,257866.75,404.8507975,28.339555825,433.190353325,2365.75,,2026-07-09,2026,2026-07,0.25,91.74311926605505,433.190353325,2798.940353325,25-50,Q2,NORMAL_STRATEGY
C,2026-07-08 00:00:00,2026-07-09 00:00:00,TIDLOR,SELL,14407,LIMIT,IOC,18.79999961853028,18.79999961853028,FILLED,,270851.5945041657,425.23700337154014,29.766590236007808,455.003593607548,1440.7,,2026-07-09,2026,2026-07,0.1,53.191490441007616,455.00359360754794,1895.703593607548,10-25,Q2,NORMAL_STRATEGY
C,2026-07-08 00:00:00,2026-07-09 00:00:00,TOP,SELL,20,LIMIT,IOC,49.25,49.25,FILLED,,985.0,1.54645,0.1082515,1.6547015,5.0,,2026-07-09,2026,2026-07,0.25,50.76142131979695,1.6547015,6.6547015,25-50,Q1,NORMAL_STRATEGY
C,2026-07-08 00:00:00,2026-07-09 00:00:00,RATCH,SELL,233,LIMIT,IOC,34.25,34.25,FILLED,,7980.25,12.5289925,0.877029475,13.406021975,58.25,,2026-07-09,2026,2026-07,0.25,72.99270072992701,13.406021975,71.656021975,25-50,Q1,NORMAL_STRATEGY
C,2026-07-08 00:00:00,2026-07-09 00:00:00,BDMS,BUY,476,LIMIT,IOC,19.39999923706055,19.39999923706055,FILLED,,9234.399636840819,14.498007429840088,1.014860520088806,15.512867949928895,47.6,,2026-07-09,2026,2026-07,0.1,51.546393779730806,15.512867949928895,63.1128679499289,10-25,Q1,NORMAL_STRATEGY
C,2026-07-08 00:00:00,2026-07-09 00:00:00,COM7,BUY,9878,LIMIT,IOC,28.25,28.25,FILLED,,279053.5,438.113995,30.66797965,468.78197465,2469.5,,2026-07-09,2026,2026-07,0.25,88.49557522123894,468.78197465,2938.28197465,25-50,Q2,NORMAL_STRATEGY
C,2026-07-08 00:00:00,2026-07-09 00:00:00,HMPRO,BUY,1703,LIMIT,IOC,6.399999904632568,6.399999904632568,FILLED,,10899.199837589264,17.111743745015144,1.19782206215106,18.309565807166205,85.15,,2026-07-09,2026,2026-07,0.05,78.12500116415323,18.309565807166205,103.45956580716621,5-10,Q1,NORMAL_STRATEGY
C,2026-07-08 00:00:00,2026-07-09 00:00:00,KTB,BUY,85,LIMIT,IOC,39.5,39.5,FILLED,,3357.5,5.271275,0.36898925,5.64026425,21.25,,2026-07-09,2026,2026-07,0.25,63.291139240506325,5.64026425,26.89026425,25-50,Q1,NORMAL_STRATEGY
C,2026-07-08 00:00:00,2026-07-09 00:00:00,MTC,BUY,396,LIMIT,IOC,32.0,32.0,FILLED,,12672.0,19.89504,1.3926528,21.2876928,99.0,,2026-07-09,2026,2026-07,0.25,78.125,21.287692800000002,120.2876928,25-50,Q1,NORMAL_STRATEGY
C,2026-07-08 00:00:00,2026-07-09 00:00:00,OSP,BUY,171,LIMIT,IOC,17.200000381469728,17.200000381469728,FILLED,,2941.2000652313236,4.617684102413177,0.3232378871689224,4.9409219895821,17.1,,2026-07-09,2026,2026-07,0.1,58.13953359427488,4.940921989582099,22.040921989582102,10-25,Q1,NORMAL_STRATEGY
C,2026-07-13 00:00:00,2026-07-14 00:00:00,KKP,SELL,38,LIMIT,IOC,105.5,105.5,FILLED,,4009.0,6.29413,0.4405891,6.7347191,19.0,,2026-07-14,2026,2026-07,0.5,47.39336492890995,6.7347191,25.7347191,>100,Q1,NORMAL_STRATEGY
C,2026-07-13 00:00:00,2026-07-14 00:00:00,HMPRO,SELL,379,LIMIT,IOC,6.45,6.45,FILLED,,2444.55,3.8379435,0.268656045,4.106599545,18.95,,2026-07-14,2026,2026-07,0.049999999999999996,77.51937984496124,4.106599545,23.056599544999997,5-10,Q1,NORMAL_STRATEGY
C,2026-07-13 00:00:00,2026-07-14 00:00:00,KTB,SELL,242,LIMIT,IOC,41.0,41.0,FILLED,,9922.0,15.57754,1.0904278,16.6679678,60.5,,2026-07-14,2026,2026-07,0.25,60.97560975609756,16.6679678,77.1679678,25-50,Q1,NORMAL_STRATEGY
C,2026-07-13 00:00:00,2026-07-14 00:00:00,TOP,SELL,31,LIMIT,IOC,50.25,50.25,FILLED,,1557.75,2.4456675,0.171196725,2.616864225,7.75,,2026-07-14,2026,2026-07,0.25,49.75124378109452,2.616864225,10.366864225,50-100,Q1,NORMAL_STRATEGY
C,2026-07-13 00:00:00,2026-07-14 00:00:00,RATCH,SELL,326,LIMIT,IOC,36.25,36.25,FILLED,,11817.5,18.553475,1.29874325,19.85221825,81.5,,2026-07-14,2026,2026-07,0.25,68.9655172413793,19.85221825,101.35221824999999,25-50,Q1,NORMAL_STRATEGY
C,2026-07-13 00:00:00,2026-07-14 00:00:00,MTC,BUY,58,LIMIT,IOC,32.25,32.25,FILLED,,1870.5,2.936685,0.20556795,3.14225295,14.5,,2026-07-14,2026,2026-07,0.25,77.51937984496124,3.14225295,17.64225295,25-50,Q1,NORMAL_STRATEGY
C,2026-07-13 00:00:00,2026-07-14 00:00:00,OSP,BUY,47,LIMIT,IOC,17.39999923706055,17.39999923706055,FILLED,,817.7999641418457,1.2839459437026977,0.0898762160591888,1.3738221597618867,4.7,,2026-07-14,2026,2026-07,0.1,57.47126688776419,1.3738221597618865,6.073822159761887,10-25,Q1,NORMAL_STRATEGY
C,2026-07-16 00:00:00,2026-07-17 00:00:00,HMPRO,SELL,43224,LIMIT,IOC,6.600000095367432,6.600000095367432,FILLED,,285278.40412216185,447.88709447179417,31.35209661302559,479.23919108481965,2161.2,,2026-07-17,2026,2026-07,0.049999999999999996,75.75757466290828,479.23919108481977,2640.4391910848194,5-10,Q3,NORMAL_STRATEGY
C,2026-07-16 00:00:00,2026-07-17 00:00:00,KKP,BUY,82,LIMIT,IOC,106.5,106.5,FILLED,,8733.0,13.71081,0.9597567,14.6705667,41.0,,2026-07-17,2026,2026-07,0.5,46.948356807511736,14.6705667,55.6705667,>100,Q1,NORMAL_STRATEGY
C,2026-07-16 00:00:00,2026-07-17 00:00:00,KTB,BUY,210,LIMIT,IOC,41.5,41.5,FILLED,,8715.0,13.68255,0.9577785,14.6403285,52.5,,2026-07-17,2026,2026-07,0.25,60.24096385542169,14.6403285,67.1403285,25-50,Q1,NORMAL_STRATEGY
C,2026-07-16 00:00:00,2026-07-17 00:00:00,PTTGC,BUY,7835,LIMIT,IOC,37.25,37.25,FILLED,,291853.75,458.2103875,32.074727125,490.285114625,1958.75,,2026-07-17,2026,2026-07,0.25,67.11409395973155,490.285114625,2449.035114625,25-50,Q3,NORMAL_STRATEGY
C,2026-07-16 00:00:00,2026-07-17 00:00:00,RATCH,BUY,27,LIMIT,IOC,37.75,37.75,FILLED,,1019.25,1.6002225,0.112015575,1.712238075,6.75,,2026-07-17,2026,2026-07,0.25,66.2251655629139,1.7122380750000001,8.462238075,25-50,Q1,NORMAL_STRATEGY
C,2026-07-21 00:00:00,2026-07-22 00:00:00,OSP,SELL,16271,LIMIT,IOC,17.4,17.4,FILLED,,283115.4,444.491178,31.11438246,475.60556046,1627.1,,2026-07-22,2026,2026-07,0.09999999999999999,57.47126436781608,475.60556046,2102.70556046,10-25,Q3,NORMAL_STRATEGY
C,2026-07-21 00:00:00,2026-07-22 00:00:00,KKP,SELL,116,LIMIT,IOC,112.5,112.5,FILLED,,13050.0,20.4885,1.434195,21.922695,58.0,,2026-07-22,2026,2026-07,0.5,44.44444444444444,21.922694999999997,79.922695,>100,Q1,NORMAL_STRATEGY
C,2026-07-21 00:00:00,2026-07-22 00:00:00,MTC,SELL,267,LIMIT,IOC,34.5,34.5,FILLED,,9211.5,14.462055,1.01234385,15.47439885,66.75,,2026-07-22,2026,2026-07,0.25,72.46376811594203,15.47439885,82.22439885,25-50,Q1,NORMAL_STRATEGY
C,2026-07-21 00:00:00,2026-07-22 00:00:00,BDMS,SELL,14384,LIMIT,IOC,19.50000038146973,19.50000038146973,FILLED,,280488.0054870605,440.366168614685,30.825631803027957,471.19180041771295,1438.4,,2026-07-22,2026,2026-07,0.1,51.282050278843606,471.19180041771295,1909.591800417713,10-25,Q2,NORMAL_STRATEGY
C,2026-07-21 00:00:00,2026-07-22 00:00:00,TOP,SELL,1065,LIMIT,IOC,65.5,65.5,FILLED,,69757.5,109.519275,7.66634925,117.18562425,266.25,,2026-07-22,2026,2026-07,0.25,38.167938931297705,117.18562424999999,383.43562425,50-100,Q2,NORMAL_STRATEGY
C,2026-07-21 00:00:00,2026-07-22 00:00:00,COM7,SELL,9878,LIMIT,IOC,30.25,30.25,FILLED,,298809.5,469.130915,32.83916405,501.97007905,2469.5,,2026-07-22,2026,2026-07,0.25,82.64462809917356,501.97007905000004,2971.47007905,25-50,Q3,NORMAL_STRATEGY
C,2026-07-21 00:00:00,2026-07-22 00:00:00,PTTGC,SELL,147,LIMIT,IOC,38.25,38.25,FILLED,,5622.75,8.8277175,0.617940225,9.445657725,36.75,,2026-07-22,2026,2026-07,0.25,65.359477124183,9.445657725,46.195657725000004,25-50,Q1,NORMAL_STRATEGY
C,2026-07-21 00:00:00,2026-07-22 00:00:00,IVL,BUY,11798,LIMIT,IOC,25.25,25.25,FILLED,,297899.5,467.702215,32.73915505,500.44137005,2949.5,,2026-07-22,2026,2026-07,0.25,99.00990099009901,500.44137005000005,3449.94137005,25-50,Q3,NORMAL_STRATEGY
C,2026-07-21 00:00:00,2026-07-22 00:00:00,RATCH,BUY,7,LIMIT,IOC,38.5,38.5,FILLED,,269.5,0.423115,0.02961805,0.45273305,1.75,,2026-07-22,2026,2026-07,0.25,64.93506493506494,0.45273305,2.20273305,25-50,Q1,NORMAL_STRATEGY
C,2026-07-21 00:00:00,2026-07-22 00:00:00,SCGP,BUY,9457,LIMIT,IOC,31.5,31.5,FILLED,,297895.5,467.695935,32.73871545,500.43465045,2364.25,,2026-07-22,2026,2026-07,0.25,79.36507936507937,500.43465045000005,2864.68465045,25-50,Q3,NORMAL_STRATEGY
C,2026-07-24 00:00:00,2026-07-27 00:00:00,KKP,SELL,128,LIMIT,IOC,118.0,118.0,FILLED,,15104.0,23.71328,1.6599296,25.3732096,64.0,,2026-07-27,2026,2026-07,0.5,42.3728813559322,25.373209600000003,89.3732096,>100,Q1,NORMAL_STRATEGY
C,2026-07-24 00:00:00,2026-07-27 00:00:00,KTB,SELL,242,LIMIT,IOC,43.25,43.25,FILLED,,10466.5,16.432405,1.15026835,17.58267335,60.5,,2026-07-27,2026,2026-07,0.25,57.80346820809248,17.58267335,78.08267335,25-50,Q1,NORMAL_STRATEGY
C,2026-07-24 00:00:00,2026-07-27 00:00:00,RATCH,SELL,169,LIMIT,IOC,38.75,38.75,FILLED,,6548.75,10.2815375,0.719707625,11.001245125,42.25,,2026-07-27,2026,2026-07,0.25,64.51612903225806,11.001245125,53.251245125,25-50,Q1,NORMAL_STRATEGY
C,2026-07-24 00:00:00,2026-07-27 00:00:00,PTTGC,SELL,71,LIMIT,IOC,38.5,38.5,FILLED,,2733.5,4.291595,0.30041165,4.59200665,17.75,,2026-07-27,2026,2026-07,0.25,64.93506493506494,4.59200665,22.342006650000002,25-50,Q1,NORMAL_STRATEGY
C,2026-07-24 00:00:00,2026-07-27 00:00:00,COM7,BUY,9903,LIMIT,IOC,30.0,30.0,FILLED,,297090.0,466.4313,32.650191,499.081491,2475.75,,2026-07-27,2026,2026-07,0.25,83.33333333333333,499.081491,2974.831491,25-50,Q3,NORMAL_STRATEGY
C,2026-07-24 00:00:00,2026-07-27 00:00:00,IVL,BUY,279,LIMIT,IOC,24.6,24.6,FILLED,,6863.4,10.775538,0.75428766,11.52982566,27.9,,2026-07-27,2026,2026-07,0.09999999999999999,40.650406504065046,11.529825659999998,39.42982566,10-25,Q1,NORMAL_STRATEGY
C,2026-07-24 00:00:00,2026-07-27 00:00:00,MTC,BUY,227,LIMIT,IOC,34.0,34.0,FILLED,,7718.0,12.11726,0.8482082,12.9654682,56.75,,2026-07-27,2026,2026-07,0.25,73.52941176470588,12.9654682,69.7154682,25-50,Q1,NORMAL_STRATEGY
C,2026-07-24 00:00:00,2026-07-27 00:00:00,TOP,BUY,165,LIMIT,IOC,63.5,63.5,FILLED,,10477.5,16.449675,1.15147725,17.60115225,41.25,,2026-07-27,2026,2026-07,0.25,39.37007874015748,17.60115225,58.85115225,50-100,Q1,NORMAL_STRATEGY
C,2026-07-29 00:00:00,2026-07-30 00:00:00,KKP,SELL,60,LIMIT,IOC,118.5,118.5,FILLED,,7110.0,11.1627,0.781389,11.944089,30.0,,2026-07-30,2026,2026-07,0.5,42.19409282700422,11.944089,41.944089,>100,Q1,NORMAL_STRATEGY
C,2026-07-29 00:00:00,2026-07-30 00:00:00,KTB,SELL,135,LIMIT,IOC,43.25,43.25,FILLED,,5838.75,9.1668375,0.641678625,9.808516125,33.75,,2026-07-30,2026,2026-07,0.25,57.80346820809248,9.808516125,43.558516125,25-50,Q1,NORMAL_STRATEGY
C,2026-07-29 00:00:00,2026-07-30 00:00:00,MTC,SELL,238,LIMIT,IOC,33.75,33.75,FILLED,,8032.5,12.611025,0.88277175,13.49379675,59.5,,2026-07-30,2026,2026-07,0.25,74.07407407407408,13.49379675,72.99379675,25-50,Q1,NORMAL_STRATEGY
C,2026-07-29 00:00:00,2026-07-30 00:00:00,TOP,SELL,129,LIMIT,IOC,63.5,63.5,FILLED,,8191.5,12.860655,0.90024585,13.76090085,32.25,,2026-07-30,2026,2026-07,0.25,39.37007874015748,13.760900849999999,46.01090085,50-100,Q1,NORMAL_STRATEGY
C,2026-07-29 00:00:00,2026-07-30 00:00:00,RATCH,SELL,56,LIMIT,IOC,38.25,38.25,FILLED,,2142.0,3.36294,0.2354058,3.5983458,14.0,,2026-07-30,2026,2026-07,0.25,65.359477124183,3.5983458,17.5983458,25-50,Q1,NORMAL_STRATEGY
C,2026-07-29 00:00:00,2026-07-30 00:00:00,PTTGC,SELL,6,LIMIT,IOC,37.75,37.75,FILLED,,226.5,0.355605,0.02489235,0.38049735,1.5,,2026-07-30,2026,2026-07,0.25,66.2251655629139,0.38049735,1.88049735,25-50,Q1,NORMAL_STRATEGY
C,2026-07-29 00:00:00,2026-07-30 00:00:00,SCGP,SELL,9457,LIMIT,IOC,29.0,29.0,FILLED,,274253.0,430.57721,30.1404047,460.7176147,2364.25,,2026-07-30,2026,2026-07,0.25,86.20689655172414,460.71761469999996,2824.9676147,25-50,Q2,NORMAL_STRATEGY
C,2026-07-29 00:00:00,2026-07-30 00:00:00,COM7,SELL,660,LIMIT,IOC,31.0,31.0,FILLED,,20460.0,32.1222,2.248554,34.370754,165.0,,2026-07-30,2026,2026-07,0.25,80.64516129032258,34.370754,199.370754,25-50,Q1,NORMAL_STRATEGY
C,2026-07-29 00:00:00,2026-07-30 00:00:00,GULF,BUY,4411,LIMIT,IOC,66.0,66.0,FILLED,,291126.0,457.06782,31.9947474,489.0625674,1102.75,,2026-07-30,2026,2026-07,0.25,37.87878787878788,489.0625674,1591.8125674,50-100,Q3,NORMAL_STRATEGY
C,2026-07-29 00:00:00,2026-07-30 00:00:00,IVL,BUY,472,LIMIT,IOC,23.200000381469728,23.200000381469728,FILLED,,10950.400180053712,17.192128282684326,1.2034489797879029,18.395577262472226,47.2,,2026-07-30,2026,2026-07,0.1,43.10344756712671,18.39557726247223,65.59557726247223,10-25,Q1,NORMAL_STRATEGY
C,2026-08-03 00:00:00,2026-08-04 00:00:00,KTB,SELL,116,LIMIT,IOC,44.25,44.25,FILLED,,5133.0,8.05881,0.5641167,8.6229267,29.0,,2026-08-04,2026,2026-08,0.25,56.497175141242934,8.622926699999999,37.6229267,25-50,Q1,NORMAL_STRATEGY
C,2026-08-03 00:00:00,2026-08-04 00:00:00,MTC,SELL,140,LIMIT,IOC,34.5,34.5,FILLED,,4830.0,7.5831,0.530817,8.113917,35.0,,2026-08-04,2026,2026-08,0.25,72.46376811594203,8.113917,43.113917,25-50,Q1,NORMAL_STRATEGY
C,2026-08-03 00:00:00,2026-08-04 00:00:00,TOP,SELL,65,LIMIT,IOC,64.75,64.75,FILLED,,4208.75,6.6077375,0.462541625,7.070279125,16.25,,2026-08-04,2026,2026-08,0.25,38.61003861003861,7.070279125,23.320279125,50-100,Q1,NORMAL_STRATEGY
C,2026-08-03 00:00:00,2026-08-04 00:00:00,PTTGC,SELL,7611,LIMIT,IOC,36.25,36.25,FILLED,,275898.75,433.1610375,30.321272625,463.482310125,1902.75,,2026-08-04,2026,2026-08,0.25,68.9655172413793,463.482310125,2366.232310125,25-50,Q2,NORMAL_STRATEGY
C,2026-08-03 00:00:00,2026-08-04 00:00:00,IVL,SELL,12549,LIMIT,IOC,21.9,21.9,FILLED,,274823.1,431.472267,30.20305869,461.67532569,1254.9,,2026-08-04,2026,2026-08,0.1,45.66210045662101,461.67532568999997,1716.57532569,10-25,Q2,NORMAL_STRATEGY
C,2026-08-03 00:00:00,2026-08-04 00:00:00,GULF,SELL,60,LIMIT,IOC,66.75,66.75,FILLED,,4005.0,6.28785,0.4401495,6.7279995,15.0,,2026-08-04,2026,2026-08,0.25,37.453183520599254,6.7279995,21.7279995,50-100,Q1,NORMAL_STRATEGY
C,2026-08-03 00:00:00,2026-08-04 00:00:00,COM7,BUY,273,LIMIT,IOC,30.75,30.75,FILLED,,8394.75,13.1797575,0.922583025,14.102340525,68.25,,2026-08-04,2026,2026-08,0.25,81.30081300813009,14.102340524999999,82.352340525,25-50,Q1,NORMAL_STRATEGY
C,2026-08-03 00:00:00,2026-08-04 00:00:00,KKP,BUY,142,LIMIT,IOC,113.5,113.5,FILLED,,16117.0,25.30369,1.7712583,27.0749483,71.0,,2026-08-04,2026,2026-08,0.5,44.05286343612335,27.0749483,98.0749483,>100,Q1,NORMAL_STRATEGY
C,2026-08-03 00:00:00,2026-08-04 00:00:00,RATCH,BUY,137,LIMIT,IOC,38.25,38.25,FILLED,,5240.25,8.2271925,0.575903475,8.803095975,34.25,,2026-08-04,2026,2026-08,0.25,65.359477124183,8.803095975,43.053095975,25-50,Q1,NORMAL_STRATEGY
C,2026-08-03 00:00:00,2026-08-04 00:00:00,SCGP,BUY,9673,LIMIT,IOC,30.25,30.25,FILLED,,292608.25,459.3949525,32.157646675,491.552599175,2418.25,,2026-08-04,2026,2026-08,0.25,82.64462809917356,491.552599175,2909.802599175,25-50,Q3,NORMAL_STRATEGY
C,2026-08-06 00:00:00,2026-08-07 00:00:00,KKP,SELL,29,LIMIT,IOC,114.0,114.0,FILLED,,3306.0,5.19042,0.3633294,5.5537494,14.5,,2026-08-07,2026,2026-08,0.5,43.859649122807014,5.553749399999999,20.0537494,>100,Q1,NORMAL_STRATEGY
C,2026-08-06 00:00:00,2026-08-07 00:00:00,KTB,SELL,131,LIMIT,IOC,45.25,45.25,FILLED,,5927.75,9.3065675,0.651459725,9.958027225,32.75,,2026-08-07,2026,2026-08,0.25,55.248618784530386,9.958027225,42.708027225,25-50,Q1,NORMAL_STRATEGY
C,2026-08-06 00:00:00,2026-08-07 00:00:00,MTC,SELL,43,LIMIT,IOC,34.75,34.75,FILLED,,1494.25,2.3459725,0.164218075,2.510190575,10.75,,2026-08-07,2026,2026-08,0.25,71.94244604316548,2.5101905749999998,13.260190575,25-50,Q1,NORMAL_STRATEGY
C,2026-08-06 00:00:00,2026-08-07 00:00:00,RATCH,SELL,228,LIMIT,IOC,39.0,39.0,FILLED,,8892.0,13.96044,0.9772308,14.9376708,57.0,,2026-08-07,2026,2026-08,0.25,64.1025641025641,14.9376708,71.9376708,25-50,Q1,NORMAL_STRATEGY
C,2026-08-06 00:00:00,2026-08-07 00:00:00,COM7,SELL,9516,LIMIT,IOC,29.75,29.75,FILLED,,283101.0,444.46857,31.1127999,475.5813699,2379.0,,2026-08-07,2026,2026-08,0.25,84.03361344537815,475.5813699,2854.5813699,25-50,Q3,NORMAL_STRATEGY
C,2026-08-06 00:00:00,2026-08-07 00:00:00,SCGP,SELL,439,LIMIT,IOC,31.25,31.25,FILLED,,13718.75,21.5384375,1.507690625,23.046128125,109.75,,2026-08-07,2026,2026-08,0.25,80.0,23.046128125,132.796128125,25-50,Q1,NORMAL_STRATEGY
C,2026-08-06 00:00:00,2026-08-07 00:00:00,BDMS,BUY,14587,LIMIT,IOC,20.1,20.1,FILLED,,293198.7,460.321959,32.22253713,492.54449613,1458.7,,2026-08-07,2026,2026-08,0.1,49.75124378109452,492.54449612999997,1951.24449613,10-25,Q3,NORMAL_STRATEGY
C,2026-08-06 00:00:00,2026-08-07 00:00:00,HMPRO,BUY,43438,LIMIT,IOC,6.749999809265137,6.749999809265137,FILLED,,293206.49171485903,460.3341919923287,32.22339343946301,492.55758543179167,2171.9,,2026-08-07,2026,2026-08,0.05,74.07407616718649,492.5575854317917,2664.457585431792,5-10,Q3,NORMAL_STRATEGY
C,2026-08-06 00:00:00,2026-08-07 00:00:00,OSP,BUY,16565,LIMIT,IOC,17.700000381469728,17.700000381469728,FILLED,,293200.506319046,460.3247949209023,32.22273564446316,492.54753056536543,1656.5,,2026-08-07,2026,2026-08,0.1,56.49717392361799,492.5475305653655,2149.0475305653654,10-25,Q3,NORMAL_STRATEGY
C,2026-08-06 00:00:00,2026-08-07 00:00:00,TOP,BUY,61,LIMIT,IOC,64.5,64.5,FILLED,,3934.5,6.177165,0.43240155,6.60956655,15.25,,2026-08-07,2026,2026-08,0.25,38.75968992248062,6.609566549999999,21.85956655,50-100,Q1,NORMAL_STRATEGY
C,2026-08-14 00:00:00,2026-08-17 00:00:00,MTC,SELL,8317,LIMIT,IOC,32.75,32.75,FILLED,,272381.75,427.6393475,29.934754325,457.574101825,2079.25,,2026-08-17,2026,2026-08,0.25,76.33587786259541,457.57410182499996,2536.824101825,25-50,Q2,NORMAL_STRATEGY
C,2026-08-14 00:00:00,2026-08-17 00:00:00,RATCH,SELL,7422,LIMIT,IOC,37.0,37.0,FILLED,,274614.0,431.14398,30.1800786,461.3240586,1855.5,,2026-08-17,2026,2026-08,0.25,67.56756756756756,461.3240586,2316.8240586,25-50,Q2,NORMAL_STRATEGY
C,2026-08-14 00:00:00,2026-08-17 00:00:00,GULF,SELL,4351,LIMIT,IOC,64.5,64.5,FILLED,,280639.5,440.604015,30.84228105,471.44629605,1087.75,,2026-08-17,2026,2026-08,0.25,38.75968992248062,471.44629605,1559.19629605,50-100,Q2,NORMAL_STRATEGY
C,2026-08-14 00:00:00,2026-08-17 00:00:00,SCGP,SELL,9234,LIMIT,IOC,30.25,30.25,FILLED,,279328.5,438.545745,30.69820215,469.24394715,2308.5,,2026-08-17,2026,2026-08,0.25,82.64462809917356,469.24394715,2777.74394715,25-50,Q2,NORMAL_STRATEGY
C,2026-08-14 00:00:00,2026-08-17 00:00:00,BDMS,SELL,14587,LIMIT,IOC,19.4,19.4,FILLED,,282987.8,444.290846,31.10035922,475.39120522,1458.7,,2026-08-17,2026,2026-08,0.1,51.54639175257733,475.39120521999996,1934.0912052200001,10-25,Q3,NORMAL_STRATEGY
C,2026-08-14 00:00:00,2026-08-17 00:00:00,HMPRO,BUY,41265,LIMIT,IOC,6.749999809265137,6.749999809265137,FILLED,,278538.74212932587,437.3058251430416,30.611407760012916,467.9172329030546,2063.25,,2026-08-17,2026,2026-08,0.05,74.07407616718649,467.9172329030545,2531.1672329030544,5-10,Q2,NORMAL_STRATEGY
C,2026-08-14 00:00:00,2026-08-17 00:00:00,KTB,BUY,6586,LIMIT,IOC,44.0,44.0,FILLED,,289784.0,454.96088,31.8472616,486.8081416,1646.5,,2026-08-17,2026,2026-08,0.25,56.81818181818182,486.8081416,2133.3081416,25-50,Q3,NORMAL_STRATEGY
C,2026-08-14 00:00:00,2026-08-17 00:00:00,OSP,BUY,15737,LIMIT,IOC,17.700000381469728,17.700000381469728,FILLED,,278544.9060031891,437.31550242500685,30.61208516975048,467.92758759475737,1573.7,,2026-08-17,2026,2026-08,0.1,56.49717392361799,467.9275875947573,2041.6275875947574,10-25,Q2,NORMAL_STRATEGY
C,2026-08-14 00:00:00,2026-08-17 00:00:00,TOP,BUY,4117,LIMIT,IOC,66.0,66.0,FILLED,,271722.0,426.60354,29.8622478,456.4657878,1029.25,,2026-08-17,2026,2026-08,0.25,37.87878787878788,456.4657878,1485.7157878,50-100,Q2,NORMAL_STRATEGY
C,2026-08-19 00:00:00,2026-08-20 00:00:00,KKP,SELL,2549,LIMIT,IOC,113.5,113.5,FILLED,,289311.5,454.219055,31.79533385,486.01438885,1274.5,,2026-08-20,2026,2026-08,0.5,44.05286343612335,486.01438885000005,1760.5143888500002,>100,Q3,NORMAL_STRATEGY
C,2026-08-19 00:00:00,2026-08-20 00:00:00,KTB,SELL,12994,LIMIT,IOC,43.75,43.75,FILLED,,568487.5,892.525375,62.47677625,955.00215125,3248.5,,2026-08-20,2026,2026-08,0.25,57.142857142857146,955.00215125,4203.50215125,25-50,Q3,NORMAL_STRATEGY
C,2026-08-19 00:00:00,2026-08-20 00:00:00,TOP,SELL,8662,LIMIT,IOC,62.25,62.25,FILLED,,539209.5,846.558915,59.25912405,905.81803905,2165.5,,2026-08-20,2026,2026-08,0.25,40.16064257028112,905.8180390499999,3071.31803905,50-100,Q3,NORMAL_STRATEGY
C,2026-08-19 00:00:00,2026-08-20 00:00:00,OSP,SELL,32302,LIMIT,IOC,17.4,17.4,FILLED,,562054.8,882.426036,61.76982252,944.19585852,3230.2,,2026-08-20,2026,2026-08,0.09999999999999999,57.47126436781608,944.19585852,4174.39585852,10-25,Q3,NORMAL_STRATEGY
C,2026-08-24 00:00:00,2026-08-25 00:00:00,HMPRO,SELL,84703,LIMIT,IOC,6.350000095367432,6.350000095367432,FILLED,,537864.0580779077,844.4465711823149,59.11125998276205,903.5578311650768,4235.15,,2026-08-25,2026,2026-08,0.049999999999999996,78.74015629775644,903.5578311650769,5138.707831165077,5-10,Q3,NORMAL_STRATEGY
C,2026-08-24 00:00:00,2026-08-25 00:00:00,BDMS,BUY,69832,LIMIT,IOC,19.99999961853028,19.99999961853028,FILLED,,1396639.9733612065,2192.7247581770935,153.49073307239655,2346.2154912494902,6983.2,,2026-08-25,2026,2026-08,0.09999999999999999,50.000000953674316,2346.21549124949,9329.415491249489,10-25,Q4,NORMAL_STRATEGY
C,2026-08-27 00:00:00,2026-08-28 00:00:00,BDMS,SELL,69832,LIMIT,IOC,19.50000038146973,19.50000038146973,FILLED,,1361724.026638794,2137.9067218229065,149.65347052760345,2287.56019235051,6983.2,,2026-08-28,2026,2026-08,0.09999999999999999,51.2820502788436,2287.56019235051,9270.76019235051,10-25,Q4,NORMAL_STRATEGY
C,2026-08-27 00:00:00,2026-08-28 00:00:00,IVL,BUY,23952,LIMIT,IOC,22.89999923706055,22.89999923706055,FILLED,,548500.7817260743,861.1462273099365,60.28023591169556,921.426463221632,2395.2,,2026-08-28,2026,2026-08,0.09999999999999999,43.66812372559538,921.426463221632,3316.6264632216316,10-25,Q3,NORMAL_STRATEGY
C,2026-08-27 00:00:00,2026-08-28 00:00:00,KKP,BUY,4648,LIMIT,IOC,118.0,118.0,FILLED,,548464.0,861.08848,60.2761936,921.3646736,2324.0,,2026-08-28,2026,2026-08,0.5,42.3728813559322,921.3646736000001,3245.3646736,>100,Q3,NORMAL_STRATEGY
C,2026-08-27 00:00:00,2026-08-28 00:00:00,PTTGC,BUY,12609,LIMIT,IOC,43.5,43.5,FILLED,,548491.5,861.131655,60.27921585,921.41087085,3152.25,,2026-08-28,2026,2026-08,0.25,57.47126436781609,921.41087085,4073.66087085,25-50,Q3,NORMAL_STRATEGY
C,2026-08-27 00:00:00,2026-08-28 00:00:00,TIDLOR,BUY,27702,LIMIT,IOC,19.80000076293945,19.80000076293945,FILLED,,548499.6211349487,861.1444051818694,60.28010836273087,921.4245135446004,2770.2,,2026-08-28,2026,2026-08,0.09999999999999999,50.50504855897505,921.4245135446002,3691.6245135446,10-25,Q3,NORMAL_STRATEGY
C,2026-09-01 00:00:00,2026-09-02 00:00:00,IVL,BUY,3149,LIMIT,IOC,25.5,25.5,FILLED,,80299.5,126.070215,8.82491505,134.89513005,787.25,,2026-09-02,2026,2026-09,0.25,98.0392156862745,134.89513005,922.14513005,25-50,Q2,NORMAL_STRATEGY
C,2026-09-01 00:00:00,2026-09-02 00:00:00,KKP,BUY,1208,LIMIT,IOC,118.0,118.0,FILLED,,142544.0,223.79408,15.6655856,239.4596656,604.0,,2026-09-02,2026,2026-09,0.5,42.3728813559322,239.4596656,843.4596656,>100,Q2,NORMAL_STRATEGY
C,2026-09-01 00:00:00,2026-09-02 00:00:00,PTTGC,BUY,2748,LIMIT,IOC,45.0,45.0,FILLED,,123660.0,194.1462,13.590234,207.736434,687.0,,2026-09-02,2026,2026-09,0.25,55.55555555555556,207.736434,894.736434,25-50,Q2,NORMAL_STRATEGY
