Date,Open,High,Low,Close,Adj Close,Volume,Dividends,Stock Splits
2010-01-04,24.600000381469727,24.700000762939453,24.100000381469727,24.5,11.767434120178223,40044000,0.0,0.0
2010-01-05,24.799999237060547,25.0,24.299999237060547,24.399999618530273,11.719402313232422,69048000,0.0,0.0
2010-01-06,24.5,24.600000381469727,24.299999237060547,24.5,11.767434120178223,29298000,0.0,0.0
2010-01-07,24.700000762939453,24.799999237060547,24.399999618530273,24.399999618530273,11.719402313232422,48300000,0.0,0.0
2010-01-08,24.399999618530273,24.799999237060547,24.399999618530273,24.600000381469727,11.815468788146973,41024000,0.0,0.0
2010-01-11,24.799999237060547,25.100000381469727,24.799999237060547,24.899999618530273,11.959554672241211,63098000,0.0,0.0
2010-01-12,24.799999237060547,24.899999618530273,24.700000762939453,24.700000762939453,11.863495826721191,36750000,0.0,0.0
2010-01-13,24.5,24.799999237060547,24.399999618530273,24.600000381469727,11.815468788146973,62833000,0.0,0.0
2010-01-14,24.799999237060547,24.899999618530273,24.600000381469727,24.700000762939453,11.863495826721191,32838000,0.0,0.0
2010-01-15,24.799999237060547,24.899999618530273,24.600000381469727,24.700000762939453,11.863495826721191,35461000,0.0,0.0
2010-01-18,24.600000381469727,24.700000762939453,24.5,24.700000762939453,11.863495826721191,23203000,0.0,0.0
2010-01-19,24.600000381469727,24.700000762939453,24.200000762939453,24.200000762939453,11.623343467712402,46709000,0.0,0.0
2010-01-20,24.299999237060547,24.299999237060547,23.5,23.799999237060547,11.431221008300781,50895000,0.0,0.0
2010-01-21,23.600000381469727,23.700000762939453,23.100000381469727,23.100000381469727,11.095009803771973,72969000,0.0,0.0
2010-01-22,22.700000762939453,23.0,22.600000381469727,22.899999618530273,10.998944282531738,72926000,0.0,0.0
2010-01-25,22.600000381469727,22.799999237060547,22.200000762939453,22.600000381469727,10.854859352111816,95599000,0.0,0.0
2010-01-26,22.600000381469727,22.700000762939453,22.0,22.200000762939453,10.662734985351562,114063000,0.0,0.0
2010-01-27,22.200000762939453,22.299999237060547,21.700000762939453,21.700000762939453,10.42258358001709,104217000,0.0,0.0
2010-01-28,21.899999618530273,22.100000381469727,21.5,22.0,10.56667709350586,65195000,0.0,0.0
2010-01-29,21.799999237060547,22.399999618530273,21.799999237060547,22.299999237060547,10.71076488494873,43369000,0.0,0.0
2010-02-01,22.200000762939453,22.399999618530273,21.799999237060547,22.399999618530273,10.758795738220215,45300000,0.0,0.0
2010-02-02,22.5,22.600000381469727,21.899999618530273,21.899999618530273,10.51864242553711,62797000,0.0,0.0
2010-02-03,22.100000381469727,22.600000381469727,22.0,22.5,10.806831359863281,58241000,0.0,0.0
2010-02-04,22.399999618530273,22.600000381469727,22.100000381469727,22.200000762939453,10.662734985351562,54565000,0.0,0.0
2010-02-05,21.799999237060547,21.899999618530273,21.600000381469727,21.799999237060547,10.470616340637207,64783000,0.0,0.0
2010-02-08,21.700000762939453,21.799999237060547,21.5,21.700000762939453,10.42258358001709,34235000,0.0,0.0
2010-02-09,21.600000381469727,21.600000381469727,21.100000381469727,21.399999618530273,10.278491973876953,94218000,0.0,0.0
2010-02-10,21.5,21.700000762939453,21.299999237060547,21.600000381469727,10.374554634094238,38347000,0.0,0.0
2010-02-11,21.700000762939453,22.200000762939453,21.600000381469727,22.0,10.56667709350586,49747000,0.0,0.0
2010-02-12,22.0,22.100000381469727,21.799999237060547,22.100000381469727,10.614706039428711,41071000,0.0,0.0
2010-02-15,22.0,22.100000381469727,21.5,21.600000381469727,10.374554634094238,26693000,0.0,0.0
2010-02-16,21.700000762939453,21.799999237060547,21.5,21.600000381469727,10.374554634094238,51731000,0.0,0.0
2010-02-17,21.799999237060547,22.0,21.700000762939453,21.799999237060547,10.470616340637207,57754000,0.0,0.0
2010-02-18,21.799999237060547,22.0,21.700000762939453,21.799999237060547,10.470616340637207,32288000,0.0,0.0
2010-02-19,22.0,22.399999618530273,21.700000762939453,22.399999618530273,10.758795738220215,55046000,0.0,0.0
2010-02-22,22.600000381469727,22.799999237060547,22.5,22.700000762939453,10.9028902053833,69728000,0.0,0.0
2010-02-23,22.799999237060547,23.5,22.600000381469727,23.299999237060547,11.191069602966309,111360000,0.0,0.0
2010-02-24,23.200000762939453,23.399999618530273,22.799999237060547,23.100000381469727,11.095009803771973,78063000,0.0,0.0
2010-02-25,23.5,23.600000381469727,22.899999618530273,23.100000381469727,11.095009803771973,88527000,0.0,0.0
2010-02-26,23.100000381469727,23.399999618530273,23.0,23.200000762939453,11.14304256439209,72551000,0.0,0.0
2010-03-02,23.399999618530273,24.100000381469727,23.299999237060547,24.100000381469727,11.575313568115234,99624000,0.0,0.0
2010-03-03,24.399999618530273,24.5,24.200000762939453,24.200000762939453,11.623343467712402,70987000,0.0,0.0
2010-03-04,23.899999618530273,23.899999618530273,23.600000381469727,23.600000381469727,11.549933433532715,68226000,0.45,0.0
2010-03-05,23.700000762939453,23.899999618530273,23.100000381469727,23.100000381469727,11.305232048034668,61608000,0.0,0.0
2010-03-08,23.5,23.799999237060547,23.100000381469727,23.5,11.500990867614746,80247000,0.0,0.0
2010-03-09,23.600000381469727,23.799999237060547,23.299999237060547,23.700000762939453,11.59887409210205,50999000,0.0,0.0
2010-03-10,23.5,23.700000762939453,23.5,23.700000762939453,11.59887409210205,30147000,0.0,0.0
2010-03-11,23.700000762939453,24.100000381469727,23.600000381469727,23.700000762939453,11.59887409210205,70838000,0.0,0.0
2010-03-12,23.700000762939453,24.0,23.5,24.0,11.74569034576416,36522000,0.0,0.0
2010-03-15,23.700000762939453,24.100000381469727,23.700000762939453,24.0,11.74569034576416,28816000,0.0,0.0
2010-03-16,24.100000381469727,24.700000762939453,24.100000381469727,24.600000381469727,12.039335250854492,70039000,0.0,0.0
2010-03-17,24.899999618530273,25.200000762939453,24.700000762939453,25.0,12.235097885131836,108775000,0.0,0.0
2010-03-18,25.200000762939453,25.200000762939453,24.700000762939453,24.700000762939453,12.088278770446777,70063000,0.0,0.0
2010-03-19,24.899999618530273,25.200000762939453,24.799999237060547,25.100000381469727,12.284038543701172,69909000,0.0,0.0
2010-03-22,24.899999618530273,25.5,24.799999237060547,24.899999618530273,12.186161041259766,96459000,0.0,0.0
2010-03-23,25.200000762939453,25.600000381469727,25.0,25.600000381469727,12.528741836547852,97649000,0.0,0.0
2010-03-24,26.0,26.100000381469727,25.600000381469727,25.600000381469727,12.528741836547852,110186000,0.0,0.0
2010-03-25,25.600000381469727,25.700000762939453,25.100000381469727,25.399999618530273,12.430858612060547,66712000,0.0,0.0
2010-03-26,25.299999237060547,25.600000381469727,25.0,25.100000381469727,12.284038543701172,26957000,0.0,0.0
2010-03-29,25.200000762939453,25.200000762939453,24.700000762939453,24.700000762939453,12.088278770446777,60748000,0.0,0.0
2010-03-30,24.899999618530273,25.700000762939453,24.899999618530273,25.5,12.4798002243042,58041000,0.0,0.0
2010-03-31,25.600000381469727,26.399999618530273,25.600000381469727,26.200000762939453,12.822381019592285,150194000,0.0,0.0
2010-04-01,26.5,27.100000381469727,26.5,27.0,13.213906288146973,115573000,0.0,0.0
2010-04-02,27.200000762939453,27.299999237060547,26.899999618530273,27.100000381469727,13.262845993041992,81963000,0.0,0.0
2010-04-05,26.899999618530273,27.299999237060547,26.700000762939453,27.299999237060547,13.36072826385498,60583000,0.0,0.0
2010-04-07,27.799999237060547,28.5,27.700000762939453,27.899999618530273,13.65436840057373,152489000,0.0,0.0
2010-04-08,27.799999237060547,27.899999618530273,26.399999618530273,26.700000762939453,13.067085266113281,149171000,0.0,0.0
2010-04-09,26.399999618530273,26.899999618530273,26.100000381469727,26.899999618530273,13.164962768554688,88113000,0.0,0.0
2010-04-12,25.700000762939453,26.100000381469727,24.899999618530273,25.600000381469727,12.528741836547852,152211000,0.0,0.0
2010-04-16,25.200000762939453,25.600000381469727,24.600000381469727,24.700000762939453,12.088278770446777,129060000,0.0,0.0
2010-04-19,24.299999237060547,25.100000381469727,23.700000762939453,24.5,11.990395545959473,122693000,0.0,0.0
2010-04-20,24.899999618530273,26.0,24.799999237060547,26.0,12.724501609802246,113750000,0.0,0.0
2010-04-21,25.700000762939453,26.100000381469727,25.5,25.5,12.4798002243042,76053000,0.0,0.0
2010-04-22,25.5,26.100000381469727,25.299999237060547,25.600000381469727,12.528741836547852,100981000,0.0,0.0
2010-04-23,25.200000762939453,25.299999237060547,24.899999618530273,25.299999237060547,12.381917953491211,74171000,0.0,0.0
2010-04-26,25.600000381469727,26.0,25.5,25.799999237060547,12.62662124633789,72809000,0.0,0.0
2010-04-27,25.600000381469727,25.799999237060547,25.399999618530273,25.600000381469727,12.528741836547852,43102000,0.0,0.0
2010-04-28,25.299999237060547,25.399999618530273,25.0,25.0,12.235097885131836,62325000,0.0,0.0
2010-04-29,25.0,25.200000762939453,24.799999237060547,25.100000381469727,12.284038543701172,64721000,0.0,0.0
2010-04-30,25.399999618530273,25.700000762939453,25.100000381469727,25.700000762939453,12.577681541442871,86645000,0.0,0.0
2010-05-04,26.899999618530273,27.100000381469727,26.799999237060547,26.899999618530273,13.164962768554688,154511000,0.0,0.0
2010-05-06,26.5,26.600000381469727,25.899999618530273,26.299999237060547,12.87132453918457,99569000,0.0,0.0
2010-05-07,25.799999237060547,25.799999237060547,25.200000762939453,25.600000381469727,12.528741836547852,135466000,0.0,0.0
2010-05-10,25.700000762939453,26.0,25.5,25.799999237060547,12.62662124633789,94567000,0.0,0.0
2010-05-11,26.0,26.100000381469727,25.399999618530273,25.399999618530273,12.430858612060547,110128000,0.0,0.0
2010-05-12,25.299999237060547,25.700000762939453,25.200000762939453,25.5,12.4798002243042,39173000,0.0,0.0
2010-05-13,25.5,25.600000381469727,25.0,25.200000762939453,12.332980155944824,52059000,0.0,0.0
2010-05-14,24.600000381469727,25.399999618530273,24.600000381469727,25.399999618530273,12.430858612060547,69472000,0.0,0.0
2010-05-17,24.399999618530273,24.899999618530273,24.299999237060547,24.799999237060547,12.13721752166748,65097000,0.0,0.0
2010-05-18,24.799999237060547,25.0,24.5,24.899999618530273,12.186161041259766,57091000,0.0,0.0
2010-05-19,24.600000381469727,25.100000381469727,24.600000381469727,25.100000381469727,12.284038543701172,48861000,0.0,0.0
2010-05-20,25.100000381469727,25.100000381469727,25.100000381469727,25.100000381469727,12.284038543701172,0,0.0,0.0
2010-05-21,25.100000381469727,25.100000381469727,25.100000381469727,25.100000381469727,12.284038543701172,0,0.0,0.0
2010-05-24,24.799999237060547,24.799999237060547,24.0,24.200000762939453,11.843576431274414,159909000,0.0,0.0
2010-05-25,23.799999237060547,23.899999618530273,23.299999237060547,23.299999237060547,11.403108596801758,103798000,0.0,0.0
2010-05-26,23.5,23.799999237060547,23.399999618530273,23.700000762939453,11.59887409210205,63564000,0.0,0.0
2010-05-27,23.600000381469727,24.399999618530273,23.600000381469727,24.200000762939453,11.843576431274414,62006000,0.0,0.0
2010-05-31,24.5,24.600000381469727,24.299999237060547,24.600000381469727,12.039335250854492,41399000,0.0,0.0
2010-06-01,24.700000762939453,24.700000762939453,24.0,24.100000381469727,11.794636726379395,46837000,0.0,0.0
2010-06-02,24.200000762939453,24.5,24.100000381469727,24.399999618530273,11.94145393371582,29189000,0.0,0.0
2010-06-03,24.700000762939453,24.899999618530273,24.600000381469727,24.799999237060547,12.13721752166748,46658000,0.0,0.0
2010-06-04,25.0,25.100000381469727,24.799999237060547,25.100000381469727,12.284038543701172,41534000,0.0,0.0
2010-06-07,24.5,24.600000381469727,24.399999618530273,24.600000381469727,12.039335250854492,43668000,0.0,0.0
2010-06-08,24.700000762939453,24.799999237060547,24.299999237060547,24.299999237060547,11.892511367797852,37275000,0.0,0.0
2010-06-09,24.399999618530273,24.600000381469727,24.200000762939453,24.5,11.990395545959473,27222000,0.0,0.0
2010-06-10,24.5,24.600000381469727,24.299999237060547,24.5,11.990395545959473,34104000,0.0,0.0
2010-06-11,24.700000762939453,24.700000762939453,24.200000762939453,24.399999618530273,11.94145393371582,60728000,0.0,0.0
2010-06-14,24.600000381469727,24.700000762939453,24.399999618530273,24.600000381469727,12.039335250854492,53836000,0.0,0.0
2010-06-15,24.5,24.700000762939453,24.399999618530273,24.5,11.990395545959473,44013000,0.0,0.0
2010-06-16,24.700000762939453,25.299999237060547,24.700000762939453,25.100000381469727,12.284038543701172,134221000,0.0,0.0
2010-06-17,25.299999237060547,25.399999618530273,25.100000381469727,25.100000381469727,12.284038543701172,59739000,0.0,0.0
2010-06-18,25.100000381469727,25.299999237060547,24.799999237060547,25.200000762939453,12.332980155944824,39385000,0.0,0.0
2010-06-21,25.5,25.899999618530273,25.399999618530273,25.700000762939453,12.577681541442871,92568000,0.0,0.0
2010-06-22,25.600000381469727,25.700000762939453,25.5,25.5,12.4798002243042,33874000,0.0,0.0
2010-06-23,25.399999618530273,25.5,25.200000762939453,25.399999618530273,12.430858612060547,35288000,0.0,0.0
2010-06-24,25.399999618530273,25.600000381469727,25.0,25.0,12.235097885131836,64171000,0.0,0.0
2010-06-25,25.0,25.299999237060547,24.799999237060547,25.0,12.235097885131836,39975000,0.0,0.0
2010-06-28,25.299999237060547,25.5,25.200000762939453,25.399999618530273,12.430858612060547,19971000,0.0,0.0
2010-06-29,25.100000381469727,25.200000762939453,24.799999237060547,25.0,12.235097885131836,49237000,0.0,0.0
2010-06-30,24.799999237060547,25.0,24.600000381469727,24.600000381469727,12.039335250854492,56337000,0.0,0.0
2010-07-02,24.5,24.700000762939453,24.299999237060547,24.600000381469727,12.039335250854492,44081000,0.0,0.0
2010-07-05,24.600000381469727,24.700000762939453,24.399999618530273,24.399999618530273,11.94145393371582,33865000,0.0,0.0
2010-07-06,24.399999618530273,25.0,24.299999237060547,25.0,12.235097885131836,33980000,0.0,0.0
2010-07-07,24.899999618530273,24.899999618530273,24.600000381469727,24.700000762939453,12.088278770446777,21656000,0.0,0.0
2010-07-08,25.100000381469727,25.200000762939453,24.700000762939453,24.700000762939453,12.088278770446777,34807000,0.0,0.0
2010-07-09,24.899999618530273,25.100000381469727,24.700000762939453,24.799999237060547,12.13721752166748,32503000,0.0,0.0
2010-07-12,24.899999618530273,25.0,24.600000381469727,24.600000381469727,12.039335250854492,18077000,0.0,0.0
2010-07-13,24.700000762939453,24.700000762939453,24.399999618530273,24.700000762939453,12.088278770446777,30873000,0.0,0.0
2010-07-14,24.899999618530273,24.899999618530273,24.600000381469727,24.600000381469727,12.039335250854492,26807000,0.0,0.0
2010-07-15,24.700000762939453,24.799999237060547,24.5,24.600000381469727,12.039335250854492,20263000,0.0,0.0
2010-07-16,24.700000762939453,24.799999237060547,24.600000381469727,24.600000381469727,12.039335250854492,23320000,0.0,0.0
2010-07-19,24.600000381469727,24.799999237060547,24.299999237060547,24.700000762939453,12.088278770446777,31809000,0.0,0.0
2010-07-20,24.799999237060547,25.100000381469727,24.5,24.600000381469727,12.039335250854492,54282000,0.0,0.0
2010-07-21,24.700000762939453,24.700000762939453,24.399999618530273,24.5,11.990395545959473,30113000,0.0,0.0
2010-07-22,24.399999618530273,24.600000381469727,24.0,24.200000762939453,11.843576431274414,54398000,0.0,0.0
2010-07-23,24.5,24.700000762939453,24.299999237060547,24.700000762939453,12.088278770446777,41627000,0.0,0.0
2010-07-27,25.0,25.5,25.0,25.5,12.4798002243042,123489000,0.0,0.0
2010-07-28,25.700000762939453,25.799999237060547,25.399999618530273,25.600000381469727,12.528741836547852,70388000,0.0,0.0
2010-07-29,25.600000381469727,25.799999237060547,25.399999618530273,25.600000381469727,12.528741836547852,43152000,0.0,0.0
2010-07-30,25.600000381469727,25.600000381469727,25.299999237060547,25.399999618530273,12.430858612060547,14961000,0.0,0.0
2010-08-02,25.600000381469727,25.700000762939453,25.5,25.700000762939453,12.577681541442871,31608000,0.0,0.0
2010-08-03,25.899999618530273,26.100000381469727,25.700000762939453,25.799999237060547,12.62662124633789,98547000,0.0,0.0
2010-08-04,26.0,26.100000381469727,25.899999618530273,25.899999618530273,12.675559043884277,62754000,0.0,0.0
2010-08-05,26.100000381469727,26.100000381469727,25.899999618530273,26.100000381469727,12.77344036102295,32172000,0.0,0.0
2010-08-06,26.0,26.100000381469727,25.899999618530273,25.899999618530273,12.675559043884277,25875000,0.0,0.0
2010-08-09,25.899999618530273,26.0,25.5,25.600000381469727,12.528741836547852,35789000,0.0,0.0
2010-08-10,25.5,25.600000381469727,25.100000381469727,25.100000381469727,12.284038543701172,36427000,0.0,0.0
2010-08-11,25.100000381469727,25.200000762939453,24.899999618530273,25.0,12.235097885131836,29278000,0.0,0.0
2010-08-16,25.0,25.700000762939453,24.899999618530273,25.5,12.4798002243042,59048000,0.0,0.0
2010-08-17,25.700000762939453,25.700000762939453,25.399999618530273,25.700000762939453,12.577681541442871,29977000,0.0,0.0
2010-08-18,25.700000762939453,26.0,25.600000381469727,26.0,12.724501609802246,54768000,0.0,0.0
2010-08-19,26.100000381469727,26.600000381469727,26.100000381469727,26.600000381469727,13.018142700195312,113044000,0.0,0.0
2010-08-20,26.600000381469727,26.899999618530273,26.5,26.600000381469727,13.018142700195312,69517000,0.0,0.0
2010-08-23,26.899999618530273,27.0,26.299999237060547,26.399999618530273,12.920263290405273,65397000,0.0,0.0
2010-08-24,26.5,26.600000381469727,25.700000762939453,25.799999237060547,12.62662124633789,92672000,0.0,0.0
2010-08-25,25.899999618530273,26.200000762939453,25.700000762939453,25.700000762939453,12.577681541442871,46395000,0.0,0.0
2010-08-26,26.0,26.0,25.600000381469727,25.799999237060547,12.62662124633789,45213000,0.0,0.0
2010-08-27,26.0,26.100000381469727,25.700000762939453,25.799999237060547,12.62662124633789,66941000,0.0,0.0
2010-08-30,26.200000762939453,26.5,26.200000762939453,26.299999237060547,12.87132453918457,34463000,0.0,0.0
2010-08-31,26.399999618530273,26.5,26.0,26.5,12.969205856323242,52787000,0.0,0.0
2010-09-01,26.899999618530273,27.299999237060547,26.799999237060547,27.100000381469727,13.262845993041992,129998000,0.0,0.0
2010-09-02,27.5,27.5,26.299999237060547,26.899999618530273,13.164962768554688,123545000,0.0,0.0
2010-09-03,27.5,29.200000762939453,27.5,29.100000381469727,14.241653442382812,301859000,0.0,0.0
2010-09-06,29.799999237060547,30.600000381469727,29.700000762939453,30.200000762939453,14.779997825622559,246445000,0.0,0.0
2010-09-07,29.799999237060547,29.899999618530273,29.200000762939453,29.200000762939453,14.518956184387207,182632000,0.475,0.0
2010-09-08,28.799999237060547,29.100000381469727,28.399999618530273,28.899999618530273,14.369789123535156,130454000,0.0,0.0
2010-09-09,29.100000381469727,29.100000381469727,28.399999618530273,28.5,14.170899391174316,102125000,0.0,0.0
2010-09-10,28.600000381469727,29.200000762939453,28.5,28.799999237060547,14.320063591003418,108161000,0.0,0.0
2010-09-13,29.100000381469727,29.5,28.899999618530273,29.100000381469727,14.469232559204102,130950000,0.0,0.0
2010-09-14,29.100000381469727,29.200000762939453,28.200000762939453,28.200000762939453,14.021730422973633,110683000,0.0,0.0
2010-09-15,28.100000381469727,28.200000762939453,27.600000381469727,28.100000381469727,13.972007751464844,99647000,0.0,0.0
2010-09-16,28.200000762939453,28.5,28.100000381469727,28.399999618530273,14.12117862701416,42269000,0.0,0.0
2010-09-17,28.600000381469727,28.700000762939453,28.399999618530273,28.5,14.170899391174316,48265000,0.0,0.0
2010-09-20,28.600000381469727,28.799999237060547,28.299999237060547,28.399999618530273,14.12117862701416,23499000,0.0,0.0
2010-09-21,28.600000381469727,28.700000762939453,28.100000381469727,28.700000762939453,14.270342826843262,54448000,0.0,0.0
2010-09-22,28.899999618530273,29.399999618530273,28.799999237060547,29.299999237060547,14.568675994873047,127448000,0.0,0.0
2010-09-23,29.399999618530273,29.700000762939453,29.100000381469727,29.100000381469727,14.469232559204102,118763000,0.0,0.0
2010-09-24,29.100000381469727,29.200000762939453,28.799999237060547,29.0,14.419514656066895,47414000,0.0,0.0
2010-09-27,29.399999618530273,29.5,29.200000762939453,29.399999618530273,14.618398666381836,88786000,0.0,0.0
2010-09-28,29.299999237060547,29.299999237060547,29.0,29.200000762939453,14.518956184387207,51184000,0.0,0.0
2010-09-29,29.299999237060547,29.5,29.200000762939453,29.299999237060547,14.568675994873047,79089000,0.0,0.0
2010-09-30,29.299999237060547,29.799999237060547,29.200000762939453,29.700000762939453,14.767570495605469,76518000,0.0,0.0
2010-10-01,29.899999618530273,30.0,29.5,29.700000762939453,14.767570495605469,75577000,0.0,0.0
2010-10-04,30.100000381469727,30.5,29.700000762939453,29.700000762939453,14.767570495605469,168275000,0.0,0.0
2010-10-05,29.700000762939453,29.799999237060547,29.200000762939453,29.700000762939453,14.767570495605469,97394000,0.0,0.0
2010-10-06,30.0,30.200000762939453,29.600000381469727,30.200000762939453,15.0161771774292,86288000,0.0,0.0
2010-10-07,30.299999237060547,30.700000762939453,30.0,30.0,14.916735649108887,136521000,0.0,0.0
2010-10-08,30.299999237060547,30.600000381469727,30.0,30.200000762939453,15.0161771774292,144834000,0.0,0.0
2010-10-11,30.5,30.600000381469727,30.399999618530273,30.600000381469727,15.215071678161621,57944000,0.0,0.0
2010-10-12,30.600000381469727,30.600000381469727,30.200000762939453,30.399999618530273,15.115622520446777,47770000,0.0,0.0
2010-10-13,30.600000381469727,31.0,30.5,30.899999618530273,15.364236831665039,101196000,0.0,0.0
2010-10-14,31.100000381469727,31.5,30.899999618530273,31.299999237060547,15.563126564025879,105564000,0.0,0.0
2010-10-15,31.299999237060547,31.5,31.0,31.299999237060547,15.563126564025879,58509000,0.0,0.0
2010-10-18,31.100000381469727,31.299999237060547,30.600000381469727,30.799999237060547,15.3145112991333,73558000,0.0,0.0
2010-10-19,31.0,31.100000381469727,30.700000762939453,31.0,15.413956642150879,36512000,0.0,0.0
2010-10-20,30.600000381469727,31.0,30.600000381469727,30.700000762939453,15.264796257019043,65133000,0.0,0.0
2010-10-21,30.799999237060547,30.899999618530273,30.5,30.5,15.165350914001465,72271000,0.0,0.0
2010-10-22,30.399999618530273,30.5,30.299999237060547,30.399999618530273,15.115622520446777,38706000,0.0,0.0
2010-10-26,30.5,30.899999618530273,30.399999618530273,30.5,15.165350914001465,90562000,0.0,0.0
2010-10-27,30.600000381469727,30.600000381469727,30.0,30.0,14.916735649108887,51513000,0.0,0.0
2010-10-28,30.100000381469727,30.299999237060547,30.0,30.200000762939453,15.0161771774292,42137000,0.0,0.0
2010-10-29,30.200000762939453,30.399999618530273,29.899999618530273,30.299999237060547,15.065898895263672,43869000,0.0,0.0
2010-11-01,30.5,30.899999618530273,30.299999237060547,30.899999618530273,15.364236831665039,66020000,0.0,0.0
2010-11-02,30.799999237060547,31.0,30.700000762939453,30.799999237060547,15.3145112991333,35637000,0.0,0.0
2010-11-03,31.0,31.700000762939453,31.0,31.399999618530273,15.612847328186035,143469000,0.0,0.0
2010-11-04,32.0,33.20000076293945,31.899999618530273,33.099998474121094,16.458131790161133,195867000,0.0,0.0
2010-11-05,34.0,34.5,33.70000076293945,34.20000076293945,17.005075454711914,140595000,0.0,0.0
2010-11-08,34.099998474121094,34.400001525878906,33.599998474121094,34.20000076293945,17.005075454711914,91427000,0.0,0.0
2010-11-09,33.79999923706055,34.0,33.599998474121094,33.79999923706055,16.806188583374023,66215000,0.0,0.0
2010-11-10,33.599998474121094,34.20000076293945,33.599998474121094,33.70000076293945,16.756465911865234,82112000,0.0,0.0
2010-11-11,33.900001525878906,34.0,33.29999923706055,33.29999923706055,16.557571411132812,50544000,0.0,0.0
2010-11-12,33.099998474121094,33.20000076293945,32.099998474121094,32.900001525878906,16.35868263244629,94281000,0.0,0.0
2010-11-15,32.70000076293945,33.20000076293945,32.5,33.20000076293945,16.507856369018555,28913000,0.0,0.0
2010-11-16,33.0,33.29999923706055,32.099998474121094,32.099998474121094,15.96090316772461,75458000,0.0,0.0
2010-11-17,31.899999618530273,32.0,31.299999237060547,31.600000381469727,15.712292671203613,99382000,0.0,0.0
2010-11-18,31.600000381469727,32.20000076293945,31.399999618530273,32.099998474121094,15.96090316772461,60741000,0.0,0.0
2010-11-19,32.5,32.5,32.0,32.29999923706055,16.06035041809082,46235000,0.0,0.0
2010-11-22,32.400001525878906,32.70000076293945,32.400001525878906,32.599998474121094,16.209516525268555,29716000,0.0,0.0
2010-11-23,32.29999923706055,32.400001525878906,31.799999237060547,32.20000076293945,16.010629653930664,81683000,0.0,0.0
2010-11-24,32.20000076293945,32.20000076293945,30.899999618530273,31.0,15.413956642150879,164768000,0.0,0.0
2010-11-25,31.299999237060547,31.399999618530273,30.200000762939453,30.200000762939453,15.0161771774292,106924000,0.0,0.0
2010-11-26,30.399999618530273,30.600000381469727,30.100000381469727,30.299999237060547,15.065898895263672,48048000,0.0,0.0
2010-11-29,30.100000381469727,31.5,30.100000381469727,31.399999618530273,15.612847328186035,63134000,0.0,0.0
2010-11-30,31.399999618530273,31.399999618530273,30.899999618530273,30.899999618530273,15.364236831665039,44148000,0.0,0.0
2010-12-01,30.899999618530273,31.399999618530273,30.5,31.299999237060547,15.563126564025879,55569000,0.0,0.0
2010-12-02,31.700000762939453,32.20000076293945,31.600000381469727,32.099998474121094,15.96090316772461,87205000,0.0,0.0
2010-12-03,32.400001525878906,32.79999923706055,32.099998474121094,32.099998474121094,15.96090316772461,74140000,0.0,0.0
2010-12-07,32.29999923706055,32.900001525878906,32.29999923706055,32.900001525878906,16.35868263244629,69940000,0.0,0.0
2010-12-08,32.70000076293945,32.79999923706055,32.20000076293945,32.29999923706055,16.06035041809082,49147000,0.0,0.0
2010-12-09,32.5,32.599998474121094,32.0,32.400001525878906,16.110071182250977,62385000,0.0,0.0
2010-12-13,32.70000076293945,33.099998474121094,32.400001525878906,32.599998474121094,16.209516525268555,95068000,0.0,0.0
2010-12-14,32.599998474121094,32.599998474121094,32.20000076293945,32.400001525878906,16.110071182250977,51261000,0.0,0.0
2010-12-15,32.29999923706055,32.29999923706055,31.799999237060547,32.0,15.91118335723877,63919000,0.0,0.0
2010-12-16,32.0,32.099998474121094,31.700000762939453,32.0,15.91118335723877,66649000,0.0,0.0
2010-12-17,32.099998474121094,32.400001525878906,32.0,32.0,15.91118335723877,40789000,0.0,0.0
2010-12-20,32.20000076293945,32.400001525878906,31.799999237060547,31.799999237060547,15.811738967895508,24380000,0.0,0.0
2010-12-21,31.899999618530273,32.29999923706055,31.899999618530273,32.29999923706055,16.06035041809082,32234000,0.0,0.0
2010-12-22,32.29999923706055,32.29999923706055,32.0,32.0,15.91118335723877,29406000,0.0,0.0
2010-12-23,32.099998474121094,32.29999923706055,31.799999237060547,31.899999618530273,15.861458778381348,56710000,0.0,0.0
2010-12-24,32.0,32.20000076293945,31.5,31.799999237060547,15.811738967895508,46502000,0.0,0.0
2010-12-27,31.799999237060547,32.0,31.600000381469727,31.799999237060547,15.811738967895508,15313000,0.0,0.0
2010-12-28,31.799999237060547,32.099998474121094,31.600000381469727,32.0,15.91118335723877,14248000,0.0,0.0
2010-12-29,32.20000076293945,32.29999923706055,32.0,32.0,15.91118335723877,20454000,0.0,0.0
2010-12-30,32.099998474121094,32.20000076293945,31.899999618530273,32.0,15.91118335723877,16374000,0.0,0.0
2011-01-04,32.5,33.29999923706055,32.29999923706055,33.0,16.408409118652344,105954000,0.0,0.0
2011-01-05,33.0,33.20000076293945,32.79999923706055,33.20000076293945,16.507856369018555,60858000,0.0,0.0
2011-01-06,33.29999923706055,33.400001525878906,32.900001525878906,33.20000076293945,16.507856369018555,39649000,0.0,0.0
2011-01-07,33.099998474121094,33.099998474121094,32.20000076293945,32.20000076293945,16.010629653930664,55332000,0.0,0.0
2011-01-10,32.099998474121094,32.20000076293945,31.600000381469727,31.799999237060547,15.811738967895508,83620000,0.0,0.0
2011-01-11,31.799999237060547,32.0,31.5,31.899999618530273,15.861458778381348,53077000,0.0,0.0
2011-01-12,32.29999923706055,33.0,32.29999923706055,32.900001525878906,16.35868263244629,116459000,0.0,0.0
2011-01-13,33.29999923706055,33.29999923706055,32.900001525878906,33.29999923706055,16.557571411132812,78502000,0.0,0.0
2011-01-14,33.20000076293945,33.20000076293945,33.0,33.20000076293945,16.507856369018555,34529000,0.0,0.0
2011-01-17,33.099998474121094,33.099998474121094,32.599998474121094,32.79999923706055,16.308961868286133,26967000,0.0,0.0
2011-01-18,33.0,33.599998474121094,32.900001525878906,33.400001525878906,16.607297897338867,56345000,0.0,0.0
2011-01-19,33.599998474121094,34.20000076293945,33.400001525878906,34.20000076293945,17.005075454711914,94690000,0.0,0.0
2011-01-20,33.79999923706055,34.20000076293945,33.400001525878906,33.900001525878906,16.855911254882812,87856000,0.0,0.0
2011-01-21,33.5,33.900001525878906,33.5,33.900001525878906,16.855911254882812,66540000,0.0,0.0
2011-01-24,33.599998474121094,33.599998474121094,32.099998474121094,32.099998474121094,15.96090316772461,87220000,0.0,0.0
2011-01-25,32.099998474121094,32.70000076293945,31.799999237060547,32.29999923706055,16.06035041809082,97866000,0.0,0.0
2011-01-26,32.599998474121094,33.70000076293945,32.400001525878906,33.70000076293945,16.756465911865234,92234000,0.0,0.0
2011-01-27,33.79999923706055,34.599998474121094,33.5,34.400001525878906,17.104524612426758,145935000,0.0,0.0
2011-01-28,34.099998474121094,34.29999923706055,33.70000076293945,34.20000076293945,17.005075454711914,61811000,0.0,0.0
2011-01-31,33.70000076293945,34.29999923706055,33.5,33.5,16.657020568847656,52454000,0.0,0.0
2011-02-01,33.900001525878906,34.5,33.79999923706055,33.79999923706055,16.806188583374023,70126000,0.0,0.0
2011-02-02,34.29999923706055,34.5,34.20000076293945,34.400001525878906,17.104524612426758,39160000,0.0,0.0
2011-02-03,34.400001525878906,34.599998474121094,34.29999923706055,34.5,17.154247283935547,21929000,0.0,0.0
2011-02-04,35.099998474121094,35.099998474121094,34.5,34.5,17.154247283935547,77044000,0.0,0.0
2011-02-07,34.099998474121094,34.29999923706055,33.599998474121094,33.900001525878906,16.855911254882812,87215000,0.0,0.0
2011-02-08,33.70000076293945,34.0,33.599998474121094,33.70000076293945,16.756465911865234,33249000,0.0,0.0
2011-02-09,33.5,33.70000076293945,32.900001525878906,33.0,16.408409118652344,64799000,0.0,0.0
2011-02-10,32.70000076293945,32.900001525878906,32.0,32.0,15.91118335723877,74987000,0.0,0.0
2011-02-11,32.0,32.0,31.299999237060547,31.600000381469727,15.712292671203613,88978000,0.0,0.0
2011-02-14,32.0,32.5,31.899999618530273,32.400001525878906,16.110071182250977,55089000,0.0,0.0
2011-02-15,32.400001525878906,32.70000076293945,32.20000076293945,32.599998474121094,16.209516525268555,49951000,0.0,0.0
2011-02-16,32.5,33.099998474121094,32.5,32.900001525878906,16.35868263244629,51677000,0.0,0.0
2011-02-17,33.0,33.400001525878906,33.0,33.400001525878906,16.607297897338867,61342000,0.0,0.0
2011-02-18,33.400001525878906,33.400001525878906,33.400001525878906,33.400001525878906,16.607297897338867,0,0.0,0.0
2011-02-21,33.599998474121094,33.599998474121094,33.0,33.099998474121094,16.458131790161133,59819000,0.0,0.0
2011-02-22,32.70000076293945,33.400001525878906,32.70000076293945,33.29999923706055,16.557571411132812,46221000,0.0,0.0
2011-02-23,33.5,34.0,33.400001525878906,33.900001525878906,16.855911254882812,76646000,0.0,0.0
2011-02-24,34.29999923706055,34.5,33.900001525878906,34.0,16.9056339263916,61414000,0.0,0.0
2011-02-25,33.900001525878906,34.79999923706055,33.79999923706055,34.29999923706055,17.054800033569336,83322000,0.0,0.0
2011-02-28,33.900001525878906,34.20000076293945,33.599998474121094,33.70000076293945,16.756465911865234,70508000,0.0,0.0
2011-03-01,33.79999923706055,34.0,33.599998474121094,33.900001525878906,16.855911254882812,38950000,0.0,0.0
2011-03-02,33.79999923706055,33.900001525878906,33.20000076293945,33.400001525878906,16.607297897338867,43423000,0.0,0.0
2011-03-03,33.70000076293945,33.70000076293945,33.099998474121094,33.20000076293945,16.507856369018555,40851000,0.0,0.0
2011-03-04,33.5,33.70000076293945,33.29999923706055,33.29999923706055,16.557571411132812,19652000,0.0,0.0
2011-03-07,33.599998474121094,34.20000076293945,33.5,34.20000076293945,17.005075454711914,46382000,0.0,0.0
2011-03-08,34.5,34.900001525878906,34.29999923706055,34.79999923706055,17.30341148376465,76689000,0.0,0.0
2011-03-09,35.0,35.0,34.400001525878906,34.400001525878906,17.104524612426758,36629000,0.0,0.0
2011-03-10,34.400001525878906,34.599998474121094,34.29999923706055,34.599998474121094,17.203968048095703,17748000,0.0,0.0
2011-03-11,34.29999923706055,34.5,34.099998474121094,34.29999923706055,17.054800033569336,32635000,0.0,0.0
2011-03-14,34.29999923706055,34.900001525878906,34.20000076293945,34.900001525878906,17.353137969970703,34304000,0.0,0.0
2011-03-15,34.0,34.29999923706055,33.70000076293945,33.79999923706055,17.075281143188477,61045000,0.55,0.0
2011-03-16,34.0,34.099998474121094,33.70000076293945,33.900001525878906,17.12580108642578,42625000,0.0,0.0
2011-03-17,33.599998474121094,33.70000076293945,33.29999923706055,33.599998474121094,16.974245071411133,51291000,0.0,0.0
2011-03-21,34.099998474121094,34.400001525878906,34.0,34.29999923706055,17.32787322998047,29246000,0.0,0.0
2011-03-22,34.29999923706055,34.5,34.099998474121094,34.20000076293945,17.277353286743164,32612000,0.0,0.0
2011-03-23,34.20000076293945,34.599998474121094,34.20000076293945,34.5,17.428913116455078,28832000,0.0,0.0
2011-03-24,34.70000076293945,34.79999923706055,34.5,34.70000076293945,17.529949188232422,29329000,0.0,0.0
2011-03-25,34.900001525878906,34.900001525878906,34.599998474121094,34.79999923706055,17.580467224121094,25605000,0.0,0.0
2011-03-28,34.900001525878906,34.900001525878906,34.5,34.599998474121094,17.47943115234375,15682000,0.0,0.0
2011-03-29,34.70000076293945,35.099998474121094,34.599998474121094,34.599998474121094,17.47943115234375,64819000,0.0,0.0
2011-03-30,34.79999923706055,35.20000076293945,34.79999923706055,35.20000076293945,17.782543182373047,55059000,0.0,0.0
2011-03-31,35.29999923706055,35.5,35.0,35.400001525878906,17.88357925415039,43963000,0.0,0.0
2011-04-01,35.599998474121094,36.0,35.5,35.70000076293945,18.035137176513672,46928000,0.0,0.0
2011-04-04,36.099998474121094,36.79999923706055,36.099998474121094,36.79999923706055,18.590837478637695,60639000,0.0,0.0
2011-04-05,36.70000076293945,36.79999923706055,36.599998474121094,36.79999923706055,18.590837478637695,23788000,0.0,0.0
2011-04-07,37.0,37.70000076293945,36.900001525878906,37.70000076293945,19.045507431030273,70331000,0.0,0.0
2011-04-08,37.900001525878906,38.099998474121094,37.5,37.599998474121094,18.994991302490234,75539000,0.0,0.0
2011-04-11,37.900001525878906,38.29999923706055,36.70000076293945,36.79999923706055,18.590837478637695,60020000,0.0,0.0
2011-04-12,36.400001525878906,37.099998474121094,36.20000076293945,37.099998474121094,18.742395401000977,60755000,0.0,0.0
2011-04-18,37.5,37.79999923706055,37.400001525878906,37.5,18.944467544555664,50739000,0.0,0.0
2011-04-19,37.29999923706055,37.900001525878906,37.099998474121094,37.70000076293945,19.045507431030273,58681000,0.0,0.0
2011-04-20,38.0,38.400001525878906,37.900001525878906,38.400001525878906,19.39913558959961,72522000,0.0,0.0
2011-04-21,38.70000076293945,38.70000076293945,38.20000076293945,38.29999923706055,19.348617553710938,39378000,0.0,0.0
2011-04-22,38.099998474121094,38.20000076293945,37.79999923706055,38.0,19.19706153869629,19818000,0.0,0.0
2011-04-25,37.900001525878906,38.099998474121094,37.599998474121094,37.900001525878906,19.146543502807617,14508000,0.0,0.0
2011-04-26,37.599998474121094,37.79999923706055,37.29999923706055,37.599998474121094,18.994991302490234,29285000,0.0,0.0
2011-04-27,37.79999923706055,38.0,37.5,37.70000076293945,19.045507431030273,27042000,0.0,0.0
2011-04-28,37.900001525878906,38.0,37.29999923706055,37.29999923706055,18.84343147277832,28262000,0.0,0.0
2011-04-29,37.29999923706055,37.5,36.70000076293945,37.5,18.944467544555664,37022000,0.0,0.0
2011-05-03,37.5,37.5,36.099998474121094,36.400001525878906,18.388769149780273,55866000,0.0,0.0
2011-05-04,36.400001525878906,36.5,35.70000076293945,36.099998474121094,18.237211227416992,63137000,0.0,0.0
2011-05-06,35.29999923706055,35.400001525878906,34.5,34.70000076293945,17.529949188232422,139754000,0.0,0.0
2011-05-09,34.79999923706055,35.900001525878906,34.70000076293945,35.79999923706055,18.085657119750977,59396000,0.0,0.0
2011-05-10,36.0,36.29999923706055,35.70000076293945,36.099998474121094,18.237211227416992,36930000,0.0,0.0
2011-05-11,36.400001525878906,37.20000076293945,36.400001525878906,36.79999923706055,18.590837478637695,61319000,0.0,0.0
2011-05-12,36.5,36.70000076293945,36.0,36.0,18.186697006225586,44963000,0.0,0.0
2011-05-13,36.400001525878906,36.5,35.79999923706055,36.099998474121094,18.237211227416992,45407000,0.0,0.0
2011-05-18,35.900001525878906,36.20000076293945,35.599998474121094,36.20000076293945,18.28773307800293,45913000,0.0,0.0
2011-05-19,36.400001525878906,36.599998474121094,36.29999923706055,36.599998474121094,18.48979949951172,29542000,0.0,0.0
2011-05-20,36.599998474121094,36.599998474121094,36.0,36.099998474121094,18.237211227416992,22306000,0.0,0.0
2011-05-23,35.599998474121094,35.70000076293945,35.0,35.20000076293945,17.782543182373047,56680000,0.0,0.0
2011-05-24,35.0,35.29999923706055,34.79999923706055,35.20000076293945,17.782543182373047,68658000,0.0,0.0
2011-05-25,35.099998474121094,35.29999923706055,34.79999923706055,34.79999923706055,17.580467224121094,58463000,0.0,0.0
2011-05-26,35.0,35.599998474121094,35.0,35.20000076293945,17.782543182373047,56118000,0.0,0.0
2011-05-27,35.400001525878906,35.599998474121094,35.29999923706055,35.400001525878906,17.88357925415039,22247000,0.0,0.0
2011-05-30,35.599998474121094,35.79999923706055,35.20000076293945,35.79999923706055,18.085657119750977,28966000,0.0,0.0
2011-05-31,35.900001525878906,36.0,35.29999923706055,35.400001525878906,17.88357925415039,61021000,0.0,0.0
2011-06-01,35.599998474121094,35.599998474121094,34.79999923706055,35.0,17.681503295898438,52377000,0.0,0.0
2011-06-02,34.599998474121094,34.900001525878906,34.599998474121094,34.70000076293945,17.529949188232422,30697000,0.0,0.0
2011-06-03,34.70000076293945,35.0,34.70000076293945,34.70000076293945,17.529949188232422,33124000,0.0,0.0
2011-06-06,34.599998474121094,34.599998474121094,34.099998474121094,34.29999923706055,17.32787322998047,32061000,0.0,0.0
2011-06-07,34.29999923706055,34.5,33.900001525878906,33.900001525878906,17.12580108642578,53772000,0.0,0.0
2011-06-08,33.70000076293945,33.79999923706055,32.900001525878906,33.0,16.67112922668457,73758000,0.0,0.0
2011-06-09,32.900001525878906,33.400001525878906,32.79999923706055,33.29999923706055,16.82268714904785,66568000,0.0,0.0
2011-06-10,33.5,33.599998474121094,33.29999923706055,33.400001525878906,16.873205184936523,26032000,0.0,0.0
2011-06-13,33.20000076293945,33.29999923706055,32.900001525878906,33.099998474121094,16.72165298461914,29220000,0.0,0.0
2011-06-14,33.29999923706055,33.900001525878906,33.099998474121094,33.900001525878906,17.12580108642578,44991000,0.0,0.0
2011-06-15,33.900001525878906,33.900001525878906,33.400001525878906,33.400001525878906,16.873205184936523,27918000,0.0,0.0
2011-06-16,33.099998474121094,33.29999923706055,33.0,33.20000076293945,16.772172927856445,20556000,0.0,0.0
2011-06-17,33.400001525878906,33.400001525878906,32.79999923706055,33.0,16.67112922668457,25428000,0.0,0.0
2011-06-20,33.099998474121094,33.20000076293945,32.900001525878906,32.900001525878906,16.62061309814453,25649000,0.0,0.0
2011-06-21,33.099998474121094,33.599998474121094,33.0,33.400001525878906,16.873205184936523,51127000,0.0,0.0
2011-06-22,33.5,33.5,32.900001525878906,33.0,16.67112922668457,71774000,0.0,0.0
2011-06-23,32.900001525878906,33.20000076293945,32.79999923706055,32.900001525878906,16.62061309814453,25917000,0.0,0.0
2011-06-24,33.0,33.400001525878906,32.79999923706055,33.400001525878906,16.873205184936523,46796000,0.0,0.0
2011-06-27,32.79999923706055,33.0,32.29999923706055,32.400001525878906,16.368019104003906,77788000,0.0,0.0
2011-06-28,32.5,32.70000076293945,32.400001525878906,32.400001525878906,16.368019104003906,41129000,0.0,0.0
2011-06-29,32.70000076293945,33.400001525878906,32.70000076293945,33.29999923706055,16.82268714904785,41369000,0.0,0.0
2011-06-30,33.599998474121094,33.599998474121094,33.29999923706055,33.5,16.923723220825195,31954000,0.0,0.0
2011-07-04,34.79999923706055,35.5,34.400001525878906,35.099998474121094,17.732019424438477,113477000,0.0,0.0
2011-07-05,35.20000076293945,35.29999923706055,34.70000076293945,34.70000076293945,17.529949188232422,49403000,0.0,0.0
2011-07-06,34.5,34.599998474121094,33.79999923706055,34.0,17.176321029663086,105575000,0.0,0.0
2011-07-07,34.099998474121094,34.20000076293945,33.5,33.900001525878906,17.12580108642578,70149000,0.0,0.0
2011-07-08,34.0,34.099998474121094,33.20000076293945,33.5,16.923723220825195,147677000,0.0,0.0
2011-07-11,33.099998474121094,33.400001525878906,33.0,33.099998474121094,16.72165298461914,58823000,0.0,0.0
2011-07-12,32.79999923706055,33.400001525878906,32.79999923706055,32.900001525878906,16.62061309814453,91840000,0.0,0.0
2011-07-13,33.29999923706055,33.400001525878906,33.099998474121094,33.20000076293945,16.772172927856445,52318000,0.0,0.0
2011-07-14,33.099998474121094,33.400001525878906,33.099998474121094,33.400001525878906,16.873205184936523,37275000,0.0,0.0
2011-07-18,33.79999923706055,33.900001525878906,33.5,33.79999923706055,17.075281143188477,69714000,0.0,0.0
2011-07-19,33.79999923706055,34.20000076293945,33.70000076293945,34.0,17.176321029663086,70465000,0.0,0.0
2011-07-20,34.400001525878906,34.79999923706055,34.29999923706055,34.599998474121094,17.47943115234375,78794000,0.0,0.0
2011-07-21,34.70000076293945,35.0,34.599998474121094,34.900001525878906,17.630985260009766,58815000,0.0,0.0
2011-07-22,35.099998474121094,35.400001525878906,35.099998474121094,35.20000076293945,17.782543182373047,52498000,0.0,0.0
2011-07-25,34.70000076293945,35.0,34.70000076293945,35.0,17.681503295898438,48072000,0.0,0.0
2011-07-26,35.0,35.099998474121094,34.70000076293945,34.79999923706055,17.580467224121094,42280000,0.0,0.0
2011-07-27,34.79999923706055,35.29999923706055,34.79999923706055,35.099998474121094,17.732019424438477,31234000,0.0,0.0
2011-07-28,34.900001525878906,35.20000076293945,34.79999923706055,35.099998474121094,17.732019424438477,35384000,0.0,0.0
2011-07-29,35.0,35.099998474121094,34.29999923706055,34.70000076293945,17.529949188232422,70754000,0.0,0.0
2011-08-01,35.099998474121094,35.29999923706055,34.79999923706055,35.0,17.681503295898438,55175000,0.0,0.0
2011-08-02,35.0,35.099998474121094,34.70000076293945,34.79999923706055,17.580467224121094,30588000,0.0,0.0
2011-08-03,34.400001525878906,34.5,34.099998474121094,34.29999923706055,17.32787322998047,77610000,0.0,0.0
2011-08-04,34.400001525878906,34.5,34.0,34.0,17.176321029663086,33980000,0.0,0.0
2011-08-05,33.20000076293945,33.29999923706055,32.599998474121094,33.0,16.67112922668457,128639000,0.0,0.0
2011-08-08,32.20000076293945,32.599998474121094,31.799999237060547,32.20000076293945,16.266984939575195,104717000,0.0,0.0
2011-08-09,31.100000381469727,31.899999618530273,30.899999618530273,31.100000381469727,15.711281776428223,141122000,0.0,0.0
2011-08-10,31.600000381469727,31.799999237060547,31.299999237060547,31.700000762939453,16.01439094543457,77652000,0.0,0.0
2011-08-11,31.600000381469727,31.799999237060547,31.399999618530273,31.5,15.913355827331543,56368000,0.0,0.0
2011-08-15,32.099998474121094,32.70000076293945,32.0,32.70000076293945,16.519577026367188,75850000,0.0,0.0
2011-08-16,32.900001525878906,32.900001525878906,32.29999923706055,32.29999923706055,16.317502975463867,47477000,0.0,0.0
2011-08-17,32.70000076293945,33.20000076293945,32.5,33.20000076293945,16.772172927856445,44986000,0.0,0.0
2011-08-18,33.29999923706055,33.400001525878906,32.79999923706055,32.900001525878906,16.62061309814453,42261000,0.0,0.0
2011-08-19,32.20000076293945,32.29999923706055,31.799999237060547,31.799999237060547,16.064910888671875,91516000,0.0,0.0
2011-08-22,31.700000762939453,31.799999237060547,31.200000762939453,31.5,15.913355827331543,88045000,0.0,0.0
2011-08-23,31.600000381469727,32.0,31.399999618530273,31.600000381469727,15.963871955871582,49092000,0.0,0.0
2011-08-24,31.600000381469727,31.799999237060547,31.299999237060547,31.5,15.913355827331543,34892000,0.0,0.0
2011-08-25,31.799999237060547,31.799999237060547,30.899999618530273,30.899999618530273,15.610244750976562,68608000,0.0,0.0
2011-08-26,30.700000762939453,31.799999237060547,30.700000762939453,31.700000762939453,16.01439094543457,70899000,0.0,0.0
2011-08-29,31.799999237060547,32.900001525878906,31.600000381469727,32.900001525878906,16.62061309814453,76577000,0.0,0.0
2011-08-30,33.099998474121094,33.20000076293945,32.20000076293945,32.20000076293945,16.266984939575195,61173000,0.0,0.0
2011-08-31,32.5,33.0,32.400001525878906,32.900001525878906,16.62061309814453,57690000,0.0,0.0
2011-09-01,33.400001525878906,33.400001525878906,32.900001525878906,33.0,16.67112922668457,57185000,0.0,0.0
2011-09-02,33.20000076293945,33.20000076293945,32.5,32.79999923706055,16.570091247558594,58755000,0.0,0.0
2011-09-05,32.5,32.599998474121094,32.20000076293945,32.400001525878906,16.368019104003906,74242000,0.0,0.0
2011-09-06,31.700000762939453,31.899999618530273,31.399999618530273,31.899999618530273,16.368019104003906,49590000,0.5,0.0
2011-09-07,32.099998474121094,32.400001525878906,31.899999618530273,32.400001525878906,16.624576568603516,24598000,0.0,0.0
2011-09-08,32.29999923706055,32.599998474121094,32.099998474121094,32.599998474121094,16.727195739746094,29246000,0.0,0.0
2011-09-09,32.5,32.599998474121094,32.099998474121094,32.099998474121094,16.47064208984375,28333000,0.0,0.0
2011-09-12,31.600000381469727,31.799999237060547,31.100000381469727,31.399999618530273,16.111469268798828,41567000,0.0,0.0
2011-09-13,31.5,31.600000381469727,30.899999618530273,31.0,15.90622329711914,54129000,0.0,0.0
2011-09-14,31.299999237060547,31.399999618530273,30.700000762939453,31.200000762939453,16.00885009765625,57532000,0.0,0.0
2011-09-15,31.299999237060547,31.700000762939453,31.0,31.600000381469727,16.21409034729004,43439000,0.0,0.0
2011-09-16,31.799999237060547,31.899999618530273,30.899999618530273,31.0,15.90622329711914,52172000,0.0,0.0
2011-09-19,30.799999237060547,30.899999618530273,30.600000381469727,30.600000381469727,15.700986862182617,35366000,0.0,0.0
2011-09-20,30.600000381469727,31.200000762939453,30.399999618530273,31.0,15.90622329711914,42224000,0.0,0.0
2011-09-21,30.899999618530273,31.200000762939453,30.799999237060547,31.200000762939453,16.00885009765625,23243000,0.0,0.0
2011-09-22,30.700000762939453,30.700000762939453,30.100000381469727,30.200000762939453,15.495748519897461,61977000,0.0,0.0
2011-09-23,29.600000381469727,29.600000381469727,28.799999237060547,29.0,14.880019187927246,127708000,0.0,0.0
2011-09-26,28.899999618530273,28.899999618530273,25.399999618530273,26.700000762939453,13.699884414672852,179605000,0.0,0.0
2011-09-27,27.399999618530273,28.299999237060547,26.799999237060547,28.299999237060547,14.520846366882324,135541000,0.0,0.0
2011-09-28,28.0,28.200000762939453,27.100000381469727,27.100000381469727,13.905122756958008,110141000,0.0,0.0
2011-09-29,26.5,27.0,26.299999237060547,26.299999237060547,13.494635581970215,135216000,0.0,0.0
2011-09-30,26.399999618530273,26.700000762939453,25.899999618530273,26.0,13.340707778930664,83126000,0.0,0.0
2011-10-03,25.0,25.100000381469727,24.100000381469727,24.399999618530273,12.519740104675293,109436000,0.0,0.0
2011-10-04,24.399999618530273,24.600000381469727,23.600000381469727,24.200000762939453,12.417123794555664,142343000,0.0,0.0
2011-10-05,24.5,25.100000381469727,24.299999237060547,25.0,12.827601432800293,96548000,0.0,0.0
2011-10-06,26.399999618530273,27.5,26.100000381469727,27.5,14.110365867614746,125744000,0.0,0.0
2011-10-07,28.600000381469727,28.700000762939453,27.399999618530273,27.399999618530273,14.059056282043457,126338000,0.0,0.0
2011-10-10,27.0,28.0,26.799999237060547,28.0,14.366917610168457,57905000,0.0,0.0
2011-10-11,28.600000381469727,29.200000762939453,28.5,29.200000762939453,14.98264217376709,139992000,0.0,0.0
2011-10-12,29.0,29.700000762939453,28.700000762939453,29.299999237060547,15.033950805664062,95019000,0.0,0.0
2011-10-13,29.5,29.5,28.399999618530273,28.399999618530273,14.572158813476562,72361000,0.0,0.0
2011-10-14,28.299999237060547,29.200000762939453,28.200000762939453,29.200000762939453,14.98264217376709,69236000,0.0,0.0
2011-10-17,29.5,30.100000381469727,29.299999237060547,30.0,15.3931245803833,79322050,0.0,0.0
2011-10-18,29.299999237060547,29.399999618530273,28.799999237060547,29.299999237060547,15.033950805664062,61850000,0.0,0.0
2011-10-19,29.600000381469727,29.600000381469727,28.700000762939453,29.0,14.880019187927246,36167000,0.0,0.0
2011-10-20,28.399999618530273,28.700000762939453,27.5,27.700000762939453,14.21298599243164,65026000,0.0,0.0
2011-10-21,27.700000762939453,28.5,27.700000762939453,28.399999618530273,14.572158813476562,36356000,0.0,0.0
2011-10-25,29.0,29.799999237060547,28.899999618530273,29.700000762939453,15.23919677734375,82019000,0.0,0.0
2011-10-26,29.399999618530273,29.899999618530273,29.0,29.299999237060547,15.033950805664062,54822000,0.0,0.0
2011-10-27,29.799999237060547,30.700000762939453,29.799999237060547,30.600000381469727,15.700986862182617,100797000,0.0,0.0
2011-10-28,31.0,31.799999237060547,31.0,31.200000762939453,16.00885009765625,75521000,0.0,0.0
2011-10-31,31.200000762939453,31.200000762939453,30.600000381469727,30.600000381469727,15.700986862182617,43094000,0.0,0.0
2011-11-01,30.5,30.700000762939453,29.5,29.5,15.136571884155273,69422000,0.0,0.0
2011-11-02,29.399999618530273,30.0,29.0,29.799999237060547,15.290507316589355,93068000,0.0,0.0
2011-11-03,29.200000762939453,29.5,28.899999618530273,29.399999618530273,15.085262298583984,60374000,0.0,0.0
2011-11-04,29.700000762939453,29.899999618530273,29.100000381469727,29.100000381469727,14.931329727172852,60535000,0.0,0.0
2011-11-07,29.299999237060547,29.5,29.0,29.100000381469727,14.931329727172852,27471000,0.0,0.0
2011-11-08,29.299999237060547,30.600000381469727,29.200000762939453,30.600000381469727,15.700986862182617,56999000,0.0,0.0
2011-11-09,30.200000762939453,30.700000762939453,29.600000381469727,29.600000381469727,15.187882423400879,118680000,0.0,0.0
2011-11-10,29.200000762939453,30.200000762939453,29.100000381469727,30.100000381469727,15.444432258605957,77687000,0.0,0.0
2011-11-11,30.100000381469727,30.299999237060547,29.799999237060547,30.0,15.3931245803833,50467000,0.0,0.0
2011-11-14,30.600000381469727,30.799999237060547,30.399999618530273,30.399999618530273,15.598367691040039,68466000,0.0,0.0
2011-11-15,30.5,30.700000762939453,30.100000381469727,30.299999237060547,15.547053337097168,35269000,0.0,0.0
2011-11-16,30.299999237060547,30.799999237060547,30.200000762939453,30.799999237060547,15.803605079650879,22924000,0.0,0.0
2011-11-17,30.700000762939453,31.0,30.600000381469727,30.700000762939453,15.752300262451172,42049000,0.0,0.0
2011-11-18,30.299999237060547,30.700000762939453,30.200000762939453,30.299999237060547,15.547053337097168,27666000,0.0,0.0
2011-11-21,30.0,30.299999237060547,29.600000381469727,29.700000762939453,15.23919677734375,31450000,0.0,0.0
2011-11-22,30.399999618530273,30.399999618530273,29.700000762939453,30.100000381469727,15.444432258605957,34449000,0.0,0.0
2011-11-23,29.899999618530273,30.200000762939453,29.799999237060547,29.899999618530273,15.341814994812012,19704000,0.0,0.0
2011-11-24,29.899999618530273,30.100000381469727,29.899999618530273,30.100000381469727,15.444432258605957,18335000,0.0,0.0
2011-11-25,29.899999618530273,30.100000381469727,29.600000381469727,29.700000762939453,15.23919677734375,16277000,0.0,0.0
2011-11-28,30.0,30.299999237060547,30.0,30.200000762939453,15.495748519897461,37915000,0.0,0.0
2011-11-29,30.100000381469727,30.5,30.0,30.0,15.3931245803833,34832000,0.0,0.0
2011-11-30,30.200000762939453,30.600000381469727,30.100000381469727,30.600000381469727,15.700986862182617,39886000,0.0,0.0
2011-12-01,31.5,31.700000762939453,31.299999237060547,31.600000381469727,16.21409034729004,79904000,0.0,0.0
2011-12-02,31.600000381469727,32.099998474121094,31.399999618530273,32.0,16.41933250427246,56968000,0.0,0.0
2011-12-06,32.099998474121094,32.400001525878906,31.700000762939453,32.20000076293945,16.52195167541504,59487000,0.0,0.0
2011-12-07,32.400001525878906,32.5,32.099998474121094,32.400001525878906,16.624576568603516,40848000,0.0,0.0
2011-12-08,32.099998474121094,32.70000076293945,32.0,32.5,16.675884246826172,38112000,0.0,0.0
2011-12-09,32.20000076293945,32.29999923706055,31.799999237060547,32.0,16.41933250427246,48399000,0.0,0.0
2011-12-13,32.0,32.20000076293945,31.799999237060547,31.799999237060547,16.316709518432617,34561000,0.0,0.0
2011-12-14,31.899999618530273,32.099998474121094,31.299999237060547,31.299999237060547,16.06015968322754,39045000,0.0,0.0
2011-12-15,31.0,31.5,30.799999237060547,31.5,16.16278076171875,43096000,0.0,0.0
2011-12-16,31.399999618530273,32.0,31.200000762939453,31.799999237060547,16.316709518432617,27436000,0.0,0.0
2011-12-19,31.700000762939453,31.899999618530273,31.5,31.600000381469727,16.21409034729004,24246000,0.0,0.0
2011-12-20,31.700000762939453,31.899999618530273,31.5,31.600000381469727,16.21409034729004,15886000,0.0,0.0
2011-12-21,32.0,32.29999923706055,32.0,32.099998474121094,16.47064208984375,30960000,0.0,0.0
2011-12-22,32.099998474121094,32.29999923706055,32.0,32.20000076293945,16.52195167541504,18128000,0.0,0.0
2011-12-23,32.20000076293945,32.29999923706055,31.899999618530273,31.899999618530273,16.368019104003906,18376000,0.0,0.0
2011-12-26,32.0,32.0,31.600000381469727,31.700000762939453,16.265403747558594,6309000,0.0,0.0
2011-12-27,31.700000762939453,31.799999237060547,31.299999237060547,31.799999237060547,16.316709518432617,13999000,0.0,0.0
2011-12-28,31.799999237060547,31.799999237060547,31.399999618530273,31.700000762939453,16.265403747558594,11680000,0.0,0.0
2011-12-29,31.5,32.0,31.399999618530273,31.700000762939453,16.265403747558594,23934000,0.0,0.0
2011-12-30,31.799999237060547,31.899999618530273,31.600000381469727,31.799999237060547,16.316709518432617,11057000,0.0,0.0
2012-01-04,32.29999923706055,32.5,32.20000076293945,32.400001525878906,16.624576568603516,39899000,0.0,0.0
2012-01-05,32.400001525878906,32.79999923706055,32.29999923706055,32.79999923706055,16.829814910888672,42206000,0.0,0.0
2012-01-06,32.70000076293945,32.70000076293945,32.20000076293945,32.29999923706055,16.573261260986328,23963000,0.0,0.0
2012-01-09,32.20000076293945,32.5,32.099998474121094,32.400001525878906,16.624576568603516,33054000,0.0,0.0
2012-01-10,32.400001525878906,32.70000076293945,32.29999923706055,32.400001525878906,16.624576568603516,58131000,0.0,0.0
2012-01-11,32.400001525878906,32.70000076293945,32.29999923706055,32.400001525878906,16.624576568603516,41299000,0.0,0.0
2012-01-12,32.599998474121094,32.599998474121094,32.29999923706055,32.400001525878906,16.624576568603516,17751000,0.0,0.0
2012-01-13,32.29999923706055,32.400001525878906,32.099998474121094,32.20000076293945,16.52195167541504,22264000,0.0,0.0
2012-01-16,32.0,32.20000076293945,31.799999237060547,32.099998474121094,16.47064208984375,13304000,0.0,0.0
2012-01-17,32.400001525878906,33.0,32.29999923706055,33.0,16.932437896728516,57313000,0.0,0.0
2012-01-18,32.900001525878906,33.099998474121094,32.79999923706055,32.79999923706055,16.829814910888672,46786000,0.0,0.0
2012-01-19,33.099998474121094,33.29999923706055,33.0,33.29999923706055,17.086366653442383,44441000,0.0,0.0
2012-01-20,33.400001525878906,33.400001525878906,33.0,33.0,16.932437896728516,24596000,0.0,0.0
2012-01-23,33.099998474121094,33.29999923706055,32.900001525878906,33.099998474121094,16.983747482299805,12009000,0.0,0.0
2012-01-24,33.29999923706055,33.400001525878906,33.0,33.0,16.932437896728516,15019000,0.0,0.0
2012-01-25,33.20000076293945,33.20000076293945,32.5,32.599998474121094,16.727195739746094,20789000,0.0,0.0
2012-01-26,32.79999923706055,33.29999923706055,32.70000076293945,33.20000076293945,17.035062789916992,23502000,0.0,0.0
2012-01-27,33.29999923706055,33.79999923706055,33.20000076293945,33.70000076293945,17.291608810424805,60999000,0.0,0.0
2012-01-30,33.599998474121094,34.0,33.599998474121094,34.0,17.445541381835938,37080000,0.0,0.0
2012-01-31,34.20000076293945,34.20000076293945,33.599998474121094,34.0,17.445541381835938,29294000,0.0,0.0
2012-02-01,33.900001525878906,34.0,33.599998474121094,33.900001525878906,17.39423179626465,25082000,0.0,0.0
2012-02-02,34.0,34.400001525878906,33.900001525878906,34.20000076293945,17.548160552978516,52134000,0.0,0.0
2012-02-03,34.20000076293945,34.29999923706055,34.0,34.29999923706055,17.599472045898438,25697000,0.0,0.0
2012-02-06,34.5,34.599998474121094,34.099998474121094,34.099998474121094,17.49685287475586,33826000,0.0,0.0
2012-02-07,34.20000076293945,34.29999923706055,33.900001525878906,34.099998474121094,17.49685287475586,29928000,0.0,0.0
2012-02-08,34.400001525878906,34.900001525878906,34.29999923706055,34.79999923706055,17.85602569580078,66710000,0.0,0.0
2012-02-09,34.900001525878906,35.099998474121094,34.70000076293945,35.099998474121094,18.00995445251465,61584000,0.0,0.0
2012-02-10,35.0,35.0,34.70000076293945,34.79999923706055,17.85602569580078,31515000,0.0,0.0
2012-02-13,34.79999923706055,34.900001525878906,34.5,34.599998474121094,17.75340461730957,41599000,0.0,0.0
2012-02-14,34.29999923706055,34.599998474121094,33.70000076293945,33.79999923706055,17.342918395996094,72376000,0.0,0.0
2012-02-15,34.099998474121094,34.70000076293945,34.0,34.400001525878906,17.650785446166992,75289000,0.0,0.0
2012-02-16,34.29999923706055,34.400001525878906,33.900001525878906,34.099998474121094,17.49685287475586,58323000,0.0,0.0
2012-02-17,34.400001525878906,34.5,34.0,34.400001525878906,17.650785446166992,64523000,0.0,0.0
2012-02-20,34.900001525878906,35.400001525878906,34.79999923706055,35.400001525878906,18.163888931274414,93857000,0.0,0.0
2012-02-21,35.5,36.0,35.400001525878906,35.70000076293945,18.317819595336914,69257000,0.0,0.0
2012-02-22,35.79999923706055,36.0,35.599998474121094,35.79999923706055,18.36912727355957,67012000,0.0,0.0
2012-02-23,35.79999923706055,36.0,35.20000076293945,35.900001525878906,18.420440673828125,81477000,0.0,0.0
2012-02-24,36.099998474121094,36.29999923706055,36.0,36.20000076293945,18.574377059936523,59941000,0.0,0.0
2012-02-27,36.400001525878906,36.400001525878906,35.400001525878906,35.70000076293945,18.317819595336914,43083000,0.0,0.0
2012-02-28,35.5,36.0,35.5,36.0,18.47174644470215,36877000,0.0,0.0
2012-02-29,36.099998474121094,36.29999923706055,35.900001525878906,36.29999923706055,18.625682830810547,49983000,0.0,0.0
2012-03-01,36.099998474121094,36.400001525878906,36.0,36.400001525878906,18.676990509033203,41500000,0.0,0.0
2012-03-02,36.599998474121094,36.900001525878906,36.5,36.5,18.728296279907227,58862000,0.0,0.0
2012-03-05,35.79999923706055,36.0,35.599998474121094,35.79999923706055,18.72829818725586,43575000,0.7,0.0
2012-03-06,35.599998474121094,35.70000076293945,35.20000076293945,35.29999923706055,18.46673583984375,57468000,0.0,0.0
2012-03-08,35.5,35.79999923706055,35.400001525878906,35.70000076293945,18.67599105834961,48825000,0.0,0.0
2012-03-09,35.70000076293945,35.70000076293945,35.0,35.099998474121094,18.362106323242188,47112000,0.0,0.0
2012-03-12,35.20000076293945,35.400001525878906,34.5,34.599998474121094,18.100534439086914,38142000,0.0,0.0
2012-03-13,34.70000076293945,34.79999923706055,33.79999923706055,34.20000076293945,17.891284942626953,67802000,0.0,0.0
2012-03-14,34.599998474121094,34.900001525878906,34.5,34.79999923706055,18.205163955688477,43935000,0.0,0.0
2012-03-15,35.0,35.099998474121094,34.5,34.5,18.04822540283203,34976000,0.0,0.0
2012-03-16,35.0,35.400001525878906,34.599998474121094,35.400001525878906,18.51905059814453,53500000,0.0,0.0
2012-03-19,35.70000076293945,35.70000076293945,35.20000076293945,35.20000076293945,18.414419174194336,33873000,0.0,0.0
2012-03-20,35.29999923706055,35.5,35.099998474121094,35.5,18.57135772705078,22136000,0.0,0.0
2012-03-21,35.20000076293945,35.400001525878906,34.900001525878906,35.400001525878906,18.51905059814453,63816000,0.0,0.0
2012-03-22,35.5,35.599998474121094,34.70000076293945,34.70000076293945,18.152851104736328,38029000,0.0,0.0
2012-03-23,34.79999923706055,35.099998474121094,34.5,34.900001525878906,18.257478713989258,37868000,0.0,0.0
2012-03-26,35.099998474121094,35.20000076293945,34.79999923706055,34.79999923706055,18.205163955688477,24031000,0.0,0.0
2012-03-27,35.20000076293945,35.70000076293945,35.099998474121094,35.599998474121094,18.623674392700195,58264000,0.0,0.0
2012-03-28,35.79999923706055,36.0,35.5,35.900001525878906,18.780616760253906,36079000,0.0,0.0
2012-03-29,35.599998474121094,35.79999923706055,35.400001525878906,35.79999923706055,18.72829818725586,36928000,0.0,0.0
2012-03-30,35.79999923706055,35.79999923706055,35.29999923706055,35.400001525878906,18.51905059814453,37364000,0.0,0.0
2012-04-02,35.400001525878906,35.79999923706055,35.29999923706055,35.70000076293945,18.67599105834961,15807000,0.0,0.0
2012-04-03,35.900001525878906,36.0,35.599998474121094,35.900001525878906,18.780616760253906,41147000,0.0,0.0
2012-04-04,35.599998474121094,35.79999923706055,35.400001525878906,35.400001525878906,18.51905059814453,19750000,0.0,0.0
2012-04-05,35.400001525878906,35.400001525878906,34.79999923706055,34.900001525878906,18.257478713989258,35000000,0.0,0.0
2012-04-10,34.900001525878906,35.0,34.5,34.900001525878906,18.257478713989258,25386000,0.0,0.0
2012-04-11,34.70000076293945,34.70000076293945,34.0,34.099998474121094,17.838970184326172,42036000,0.0,0.0
2012-04-12,34.29999923706055,34.5,34.20000076293945,34.400001525878906,17.995912551879883,18237000,0.0,0.0
2012-04-17,34.70000076293945,34.70000076293945,33.5,33.5,17.525087356567383,53394000,0.0,0.0
2012-04-18,34.099998474121094,34.5,34.099998474121094,34.29999923706055,17.943592071533203,40707000,0.0,0.0
2012-04-19,34.400001525878906,35.099998474121094,34.29999923706055,35.099998474121094,18.362106323242188,44852000,0.0,0.0
2012-04-20,35.099998474121094,35.5,35.0,35.400001525878906,18.51905059814453,32882000,0.0,0.0
2012-04-23,35.5,35.5,34.5,34.70000076293945,18.152851104736328,21142000,0.0,0.0
2012-04-24,34.70000076293945,34.79999923706055,34.5,34.79999923706055,18.205163955688477,23533000,0.0,0.0
2012-04-25,34.79999923706055,34.900001525878906,34.5,34.599998474121094,18.100534439086914,24645000,0.0,0.0
2012-04-26,34.70000076293945,35.0,34.599998474121094,34.70000076293945,18.152851104736328,17974000,0.0,0.0
2012-04-27,34.79999923706055,35.0,34.20000076293945,34.400001525878906,17.995912551879883,29533000,0.0,0.0
2012-04-30,34.599998474121094,35.099998474121094,34.5,35.099998474121094,18.362106323242188,28420000,0.0,0.0
2012-05-02,35.400001525878906,36.0,35.29999923706055,35.900001525878906,18.780616760253906,72633000,0.0,0.0
2012-05-03,35.900001525878906,36.0,35.70000076293945,35.900001525878906,18.780616760253906,25299000,0.0,0.0
2012-05-04,35.79999923706055,35.79999923706055,35.099998474121094,35.29999923706055,18.46673583984375,38913000,0.0,0.0
2012-05-08,35.0,35.400001525878906,34.900001525878906,35.29999923706055,18.46673583984375,32687000,0.0,0.0
2012-05-09,35.0,35.20000076293945,34.400001525878906,34.5,18.04822540283203,46740000,0.0,0.0
2012-05-10,34.0,34.099998474121094,33.400001525878906,33.5,17.525087356567383,99880000,0.0,0.0
2012-05-11,33.400001525878906,33.599998474121094,33.099998474121094,33.599998474121094,17.577404022216797,60627000,0.0,0.0
2012-05-14,33.599998474121094,33.79999923706055,32.79999923706055,33.0,17.263517379760742,35186000,0.0,0.0
2012-05-15,32.900001525878906,33.599998474121094,32.5,33.5,17.525087356567383,56606000,0.0,0.0
2012-05-16,32.900001525878906,33.099998474121094,32.70000076293945,33.099998474121094,17.315832138061523,41779000,0.0,0.0
2012-05-17,33.099998474121094,33.29999923706055,32.900001525878906,33.20000076293945,17.368146896362305,37881000,0.0,0.0
2012-05-18,32.79999923706055,33.0,32.599998474121094,32.79999923706055,17.158891677856445,41048000,0.0,0.0
2012-05-21,32.599998474121094,32.79999923706055,32.20000076293945,32.20000076293945,16.845006942749023,37452000,0.0,0.0
2012-05-22,32.400001525878906,32.5,31.899999618530273,31.899999618530273,16.688064575195312,36162000,0.0,0.0
2012-05-23,31.600000381469727,31.799999237060547,30.799999237060547,30.799999237060547,16.11261558532715,43939000,0.0,0.0
2012-05-24,30.799999237060547,31.299999237060547,30.600000381469727,31.299999237060547,16.37418556213379,51686000,0.0,0.0
2012-05-25,31.0,31.100000381469727,30.600000381469727,30.700000762939453,16.060304641723633,74499000,0.0,0.0
2012-05-28,30.5,30.600000381469727,30.0,30.399999618530273,15.903365135192871,58091000,0.0,0.0
2012-05-29,30.5,31.399999618530273,30.399999618530273,31.299999237060547,16.37418556213379,51752000,0.0,0.0
2012-05-30,30.899999618530273,31.0,30.700000762939453,30.700000762939453,16.060304641723633,35232000,0.0,0.0
2012-05-31,30.399999618530273,31.299999237060547,30.200000762939453,31.299999237060547,16.37418556213379,55329000,0.0,0.0
2012-06-01,31.0,31.0,30.399999618530273,30.5,15.955676078796387,32214000,0.0,0.0
2012-06-05,30.700000762939453,30.700000762939453,30.299999237060547,30.299999237060547,15.851048469543457,33974000,0.0,0.0
2012-06-06,30.799999237060547,31.0,30.5,30.799999237060547,16.11261558532715,37731000,0.0,0.0
2012-06-07,31.0,31.200000762939453,30.5,30.799999237060547,16.11261558532715,37262100,0.0,0.0
2012-06-08,30.600000381469727,30.899999618530273,30.5,30.899999618530273,16.16493034362793,23597930,0.0,0.0
2012-06-11,31.299999237060547,32.099998474121094,31.299999237060547,32.0,16.74038314819336,50318000,0.0,0.0
2012-06-12,31.600000381469727,32.5,31.5,32.5,17.001953125,47904000,0.0,0.0
2012-06-13,32.70000076293945,32.70000076293945,32.29999923706055,32.599998474121094,17.054262161254883,32257000,0.0,0.0
2012-06-14,32.70000076293945,33.099998474121094,32.5,32.599998474121094,17.054262161254883,42430000,0.0,0.0
2012-06-15,32.79999923706055,33.79999923706055,32.79999923706055,33.29999923706055,17.420459747314453,96265000,0.0,0.0
2012-06-18,33.900001525878906,34.0,33.0,33.099998474121094,17.315832138061523,41913000,0.0,0.0
2012-06-19,33.20000076293945,33.599998474121094,33.0,33.5,17.525087356567383,24217000,0.0,0.0
2012-06-20,33.29999923706055,33.5,33.0,33.20000076293945,17.368146896362305,30961000,0.0,0.0
2012-06-21,32.70000076293945,32.79999923706055,32.0,32.099998474121094,16.792692184448242,55821000,0.0,0.0
2012-06-22,31.5,31.600000381469727,31.100000381469727,31.399999618530273,16.426502227783203,65752000,0.0,0.0
2012-06-25,31.100000381469727,31.399999618530273,31.0,31.0,16.217247009277344,37355000,0.0,0.0
2012-06-26,31.0,31.200000762939453,30.899999618530273,31.100000381469727,16.269556045532227,39387000,0.0,0.0
2012-06-27,31.399999618530273,31.600000381469727,31.200000762939453,31.600000381469727,16.531129837036133,36130000,0.0,0.0
2012-06-28,31.700000762939453,32.20000076293945,31.399999618530273,32.0,16.74038314819336,48688000,0.0,0.0
2012-06-29,32.099998474121094,32.5,32.099998474121094,32.29999923706055,16.897323608398438,44895000,0.0,0.0
2012-07-02,33.0,33.099998474121094,32.70000076293945,33.0,17.263517379760742,48347000,0.0,0.0
2012-07-03,33.20000076293945,33.400001525878906,33.0,33.29999923706055,17.420459747314453,32498000,0.0,0.0
2012-07-04,33.5,33.70000076293945,33.20000076293945,33.599998474121094,17.577404022216797,39452000,0.0,0.0
2012-07-05,33.599998474121094,33.900001525878906,33.29999923706055,33.79999923706055,17.682025909423828,37264000,0.0,0.0
2012-07-06,33.70000076293945,33.79999923706055,33.0,33.400001525878906,17.4727725982666,39684000,0.0,0.0
2012-07-09,33.0,33.099998474121094,32.70000076293945,32.70000076293945,17.106578826904297,21380000,0.0,0.0
2012-07-10,32.70000076293945,33.20000076293945,32.599998474121094,33.20000076293945,17.368146896362305,24934000,0.0,0.0
2012-07-11,33.20000076293945,33.29999923706055,32.900001525878906,33.29999923706055,17.420459747314453,22212000,0.0,0.0
2012-07-12,33.099998474121094,33.29999923706055,32.900001525878906,32.900001525878906,17.211204528808594,19636000,0.0,0.0
2012-07-13,33.0,33.5,32.900001525878906,33.400001525878906,17.4727725982666,18602000,0.0,0.0
2012-07-16,33.29999923706055,33.5,33.099998474121094,33.099998474121094,17.315832138061523,11300000,0.0,0.0
2012-07-17,33.29999923706055,33.70000076293945,33.29999923706055,33.599998474121094,17.577404022216797,44142000,0.0,0.0
2012-07-18,33.5,34.0,33.400001525878906,34.0,17.786659240722656,31045000,0.0,0.0
2012-07-19,34.20000076293945,34.70000076293945,33.70000076293945,34.20000076293945,17.891284942626953,81765000,0.0,0.0
2012-07-20,34.20000076293945,34.400001525878906,33.79999923706055,34.0,17.786659240722656,20534000,0.0,0.0
2012-07-23,33.0,33.20000076293945,32.5,32.599998474121094,17.054262161254883,46896000,0.0,0.0
2012-07-24,32.5,32.599998474121094,32.099998474121094,32.099998474121094,16.792692184448242,41776000,0.0,0.0
2012-07-25,32.0,32.099998474121094,31.600000381469727,31.799999237060547,16.635751724243164,47763000,0.0,0.0
2012-07-26,31.899999618530273,32.29999923706055,31.600000381469727,31.600000381469727,16.531129837036133,30761000,0.0,0.0
2012-07-27,32.099998474121094,32.29999923706055,31.700000762939453,32.20000076293945,16.845006942749023,30714000,0.0,0.0
2012-07-30,32.400001525878906,32.70000076293945,32.400001525878906,32.70000076293945,17.106578826904297,22713000,0.0,0.0
2012-07-31,32.79999923706055,32.79999923706055,32.20000076293945,32.599998474121094,17.054262161254883,30680000,0.0,0.0
2012-08-01,32.29999923706055,32.70000076293945,32.099998474121094,32.20000076293945,16.845006942749023,48140000,0.0,0.0
2012-08-03,31.899999618530273,32.0,31.600000381469727,32.0,16.74038314819336,45255000,0.0,0.0
2012-08-06,32.400001525878906,32.599998474121094,32.20000076293945,32.5,17.001953125,32287000,0.0,0.0
2012-08-07,32.70000076293945,33.400001525878906,32.599998474121094,33.29999923706055,17.420459747314453,45676000,0.0,0.0
2012-08-08,33.5,34.0,33.400001525878906,33.79999923706055,17.682025909423828,46631000,0.0,0.0
2012-08-09,34.0,34.0,33.400001525878906,33.599998474121094,17.577404022216797,29427000,0.0,0.0
2012-08-10,33.599998474121094,34.20000076293945,33.599998474121094,34.20000076293945,17.891284942626953,29275000,0.0,0.0
2012-08-14,34.20000076293945,34.400001525878906,34.0,34.400001525878906,17.995912551879883,23088000,0.0,0.0
2012-08-15,34.400001525878906,34.5,34.20000076293945,34.5,18.04822540283203,17216000,0.0,0.0
2012-08-16,34.599998474121094,34.70000076293945,34.099998474121094,34.099998474121094,17.838970184326172,10540000,0.0,0.0
2012-08-17,34.599998474121094,34.599998474121094,33.70000076293945,33.900001525878906,17.734336853027344,26330000,0.0,0.0
2012-08-20,33.70000076293945,34.20000076293945,33.5,34.20000076293945,17.891284942626953,17379000,0.0,0.0
2012-08-21,34.099998474121094,34.29999923706055,34.0,34.099998474121094,17.838970184326172,11703000,0.0,0.0
2012-08-22,34.0,34.099998474121094,33.70000076293945,33.900001525878906,17.734336853027344,17088000,0.0,0.0
2012-08-23,33.70000076293945,33.900001525878906,33.29999923706055,33.400001525878906,17.4727725982666,46564000,0.0,0.0
2012-08-24,33.0,33.20000076293945,32.900001525878906,33.099998474121094,17.315832138061523,34870000,0.0,0.0
2012-08-27,33.400001525878906,33.5,33.20000076293945,33.29999923706055,17.420459747314453,22309000,0.0,0.0
2012-08-28,33.29999923706055,33.5,33.20000076293945,33.400001525878906,17.4727725982666,16100000,0.0,0.0
2012-08-29,33.400001525878906,33.5,33.29999923706055,33.29999923706055,17.420459747314453,18363000,0.0,0.0
2012-08-30,33.099998474121094,33.099998474121094,32.79999923706055,32.900001525878906,17.211204528808594,36164000,0.0,0.0
2012-08-31,33.0,33.20000076293945,32.79999923706055,33.0,17.263517379760742,28996000,0.0,0.0
2012-09-03,33.29999923706055,33.70000076293945,33.20000076293945,33.70000076293945,17.629714965820312,28145000,0.0,0.0
2012-09-04,33.79999923706055,33.79999923706055,33.400001525878906,33.599998474121094,17.577404022216797,22170000,0.0,0.0
2012-09-05,33.0,33.20000076293945,32.900001525878906,33.099998474121094,17.577404022216797,27045000,0.5,0.0
2012-09-06,33.099998474121094,33.20000076293945,32.79999923706055,32.900001525878906,17.471193313598633,29978000,0.0,0.0
2012-09-07,33.29999923706055,33.400001525878906,32.900001525878906,33.0,17.52429962158203,31591000,0.0,0.0
2012-09-10,33.29999923706055,33.29999923706055,32.900001525878906,32.900001525878906,17.471193313598633,15975000,0.0,0.0
2012-09-11,32.900001525878906,33.0,32.5,32.70000076293945,17.36498260498047,35371000,0.0,0.0
2012-09-12,32.900001525878906,33.099998474121094,32.70000076293945,32.900001525878906,17.471193313598633,46901000,0.0,0.0
2012-09-13,32.70000076293945,32.79999923706055,32.599998474121094,32.79999923706055,17.4180908203125,28878000,0.0,0.0
2012-09-14,33.29999923706055,33.79999923706055,33.20000076293945,33.599998474121094,17.842920303344727,155592000,0.0,0.0
2012-09-17,33.70000076293945,34.20000076293945,33.599998474121094,34.20000076293945,18.161544799804688,70436000,0.0,0.0
2012-09-18,34.0,34.099998474121094,33.70000076293945,33.79999923706055,17.949127197265625,38933000,0.0,0.0
2012-09-19,33.79999923706055,34.20000076293945,33.70000076293945,34.0,18.055339813232422,34984000,0.0,0.0
2012-09-20,33.70000076293945,33.79999923706055,33.5,33.70000076293945,17.896026611328125,31418000,0.0,0.0
2012-09-21,33.900001525878906,34.0,33.599998474121094,33.70000076293945,17.896026611328125,23224000,0.0,0.0
2012-09-24,33.5,33.70000076293945,33.400001525878906,33.400001525878906,17.73671531677246,21809000,0.0,0.0
2012-09-25,33.400001525878906,33.599998474121094,33.099998474121094,33.20000076293945,17.630502700805664,21545000,0.0,0.0
2012-09-26,33.20000076293945,33.20000076293945,32.70000076293945,32.79999923706055,17.4180908203125,37289000,0.0,0.0
2012-09-27,32.79999923706055,33.29999923706055,32.79999923706055,32.900001525878906,17.471193313598633,46190000,0.0,0.0
2012-09-28,33.099998474121094,33.20000076293945,32.900001525878906,32.900001525878906,17.471193313598633,27573000,0.0,0.0
2012-10-01,32.900001525878906,33.0,32.79999923706055,32.900001525878906,17.471193313598633,24610000,0.0,0.0
2012-10-02,32.900001525878906,32.900001525878906,32.599998474121094,32.70000076293945,17.36498260498047,38561000,0.0,0.0
2012-10-03,32.79999923706055,32.79999923706055,32.29999923706055,32.5,17.258779525756836,35659000,0.0,0.0
2012-10-04,32.099998474121094,32.20000076293945,32.0,32.099998474121094,17.04636001586914,52024000,0.0,0.0
2012-10-05,32.20000076293945,32.599998474121094,32.099998474121094,32.20000076293945,17.09946632385254,53637000,0.0,0.0
2012-10-08,32.099998474121094,32.20000076293945,31.700000762939453,31.799999237060547,16.88705062866211,45957000,0.0,0.0
2012-10-09,31.899999618530273,32.099998474121094,31.5,31.5,16.727739334106445,54141000,0.0,0.0
2012-10-10,31.5,31.700000762939453,31.399999618530273,31.399999618530273,16.674631118774414,45017000,0.0,0.0
2012-10-11,31.399999618530273,31.600000381469727,31.200000762939453,31.5,16.727739334106445,33780000,0.0,0.0
2012-10-12,31.799999237060547,32.0,31.5,31.5,16.727739334106445,51130000,0.0,0.0
2012-10-15,31.399999618530273,31.5,31.200000762939453,31.299999237060547,16.621530532836914,24287000,0.0,0.0
2012-10-16,31.399999618530273,31.600000381469727,31.100000381469727,31.100000381469727,16.515321731567383,28214000,0.0,0.0
2012-10-17,31.200000762939453,31.5,31.200000762939453,31.399999618530273,16.674631118774414,34704000,0.0,0.0
2012-10-18,31.600000381469727,31.899999618530273,31.5,31.700000762939453,16.833946228027344,38387000,0.0,0.0
2012-10-19,31.899999618530273,32.20000076293945,31.799999237060547,32.0,16.99325942993164,42208000,0.0,0.0
2012-10-22,31.799999237060547,32.0,31.700000762939453,31.899999618530273,16.94015121459961,24078000,0.0,0.0
2012-10-24,31.5,31.700000762939453,31.399999618530273,31.399999618530273,16.674631118774414,27618000,0.0,0.0
2012-10-25,31.399999618530273,31.5,31.100000381469727,31.299999237060547,16.621530532836914,29794000,0.0,0.0
2012-10-26,31.200000762939453,31.299999237060547,31.0,31.299999237060547,16.621530532836914,33502000,0.0,0.0
2012-10-29,31.200000762939453,31.600000381469727,31.100000381469727,31.600000381469727,16.780841827392578,50717000,0.0,0.0
2012-10-30,31.600000381469727,32.0,31.299999237060547,31.700000762939453,16.833946228027344,48107000,0.0,0.0
2012-10-31,31.700000762939453,31.899999618530273,31.600000381469727,31.799999237060547,16.88705062866211,35024000,0.0,0.0
2012-11-01,31.700000762939453,31.899999618530273,31.600000381469727,31.799999237060547,16.88705062866211,22757000,0.0,0.0
2012-11-02,32.0,32.400001525878906,31.899999618530273,31.899999618530273,16.94015121459961,59681000,0.0,0.0
2012-11-05,31.899999618530273,32.20000076293945,31.799999237060547,32.20000076293945,17.09946632385254,24471000,0.0,0.0
2012-11-06,32.099998474121094,32.400001525878906,31.799999237060547,31.899999618530273,16.94015121459961,36378000,0.0,0.0
2012-11-07,32.099998474121094,32.29999923706055,31.799999237060547,31.899999618530273,16.94015121459961,34556000,0.0,0.0
2012-11-08,31.600000381469727,31.700000762939453,31.399999618530273,31.700000762939453,16.833946228027344,40315000,0.0,0.0
2012-11-09,31.799999237060547,31.899999618530273,31.5,31.600000381469727,16.780841827392578,29982000,0.0,0.0
2012-11-12,31.600000381469727,31.799999237060547,31.5,31.700000762939453,16.833946228027344,17402000,0.0,0.0
2012-11-13,31.600000381469727,31.899999618530273,31.600000381469727,31.899999618530273,16.94015121459961,19331000,0.0,0.0
2012-11-14,31.700000762939453,31.799999237060547,31.600000381469727,31.600000381469727,16.780841827392578,23350000,0.0,0.0
2012-11-15,31.5,31.5,31.200000762939453,31.399999618530273,16.674631118774414,27003000,0.0,0.0
2012-11-16,31.399999618530273,31.600000381469727,31.200000762939453,31.399999618530273,16.674631118774414,45523000,0.0,0.0
2012-11-19,31.5,31.5,31.200000762939453,31.200000762939453,16.56842613220215,25021000,0.0,0.0
2012-11-20,31.299999237060547,31.5,31.0,31.0,16.46221923828125,49315000,0.0,0.0
2012-11-21,31.100000381469727,31.200000762939453,30.799999237060547,31.0,16.46221923828125,28643000,0.0,0.0
2012-11-22,31.100000381469727,31.200000762939453,30.899999618530273,30.899999618530273,16.40911102294922,17334000,0.0,0.0
2012-11-23,30.899999618530273,31.200000762939453,30.899999618530273,31.200000762939453,16.56842613220215,24504000,0.0,0.0
2012-11-26,31.299999237060547,31.5,31.200000762939453,31.200000762939453,16.56842613220215,24567000,0.0,0.0
2012-11-27,31.399999618530273,31.700000762939453,31.299999237060547,31.399999618530273,16.674631118774414,33578000,0.0,0.0
2012-11-28,31.399999618530273,31.600000381469727,31.299999237060547,31.600000381469727,16.780841827392578,26280000,0.0,0.0
2012-11-29,31.700000762939453,31.799999237060547,31.5,31.799999237060547,16.88705062866211,24094000,0.0,0.0
2012-11-30,31.899999618530273,32.29999923706055,31.799999237060547,32.0,16.99325942993164,73940000,0.0,0.0
2012-12-03,32.099998474121094,32.5,32.099998474121094,32.5,17.258779525756836,39417000,0.0,0.0
2012-12-04,32.599998474121094,32.79999923706055,32.400001525878906,32.70000076293945,17.36498260498047,44874000,0.0,0.0
2012-12-06,33.0,33.0,32.79999923706055,32.79999923706055,17.4180908203125,42001000,0.0,0.0
2012-12-07,32.900001525878906,32.900001525878906,32.5,32.599998474121094,17.311878204345703,41715000,0.0,0.0
2012-12-11,32.599998474121094,32.79999923706055,32.5,32.79999923706055,17.4180908203125,41086000,0.0,0.0
2012-12-12,33.0,33.20000076293945,32.79999923706055,33.099998474121094,17.577404022216797,40262000,0.0,0.0
2012-12-13,33.20000076293945,33.400001525878906,32.79999923706055,32.900001525878906,17.471193313598633,40022000,0.0,0.0
2012-12-14,33.099998474121094,33.20000076293945,32.900001525878906,33.099998474121094,17.577404022216797,30773000,0.0,0.0
2012-12-17,33.20000076293945,33.400001525878906,32.900001525878906,33.099998474121094,17.577404022216797,30477000,0.0,0.0
2012-12-18,33.20000076293945,33.20000076293945,32.79999923706055,33.099998474121094,17.577404022216797,29835000,0.0,0.0
2012-12-19,33.29999923706055,33.29999923706055,32.900001525878906,33.29999923706055,17.68360710144043,25795000,0.0,0.0
2012-12-20,33.20000076293945,33.29999923706055,33.099998474121094,33.29999923706055,17.68360710144043,25792000,0.0,0.0
2012-12-21,33.0,33.29999923706055,33.0,33.29999923706055,17.68360710144043,22638000,0.0,0.0
2012-12-24,33.20000076293945,33.20000076293945,33.0,33.099998474121094,17.577404022216797,20323000,0.0,0.0
2012-12-25,33.099998474121094,33.29999923706055,33.099998474121094,33.29999923706055,17.68360710144043,10588000,0.0,0.0
2012-12-26,33.29999923706055,33.400001525878906,33.099998474121094,33.099998474121094,17.577404022216797,15269000,0.0,0.0
2012-12-27,33.20000076293945,33.5,33.099998474121094,33.5,17.78981590270996,51823000,0.0,0.0
2012-12-28,33.599998474121094,33.599998474121094,33.20000076293945,33.20000076293945,17.630502700805664,36101000,0.0,0.0
2013-01-02,33.5,33.70000076293945,33.400001525878906,33.70000076293945,17.896026611328125,35296000,0.0,0.0
2013-01-03,33.70000076293945,33.900001525878906,33.5,33.70000076293945,17.896026611328125,49876000,0.0,0.0
2013-01-04,33.599998474121094,33.70000076293945,33.400001525878906,33.5,17.78981590270996,43065000,0.0,0.0
2013-01-07,33.70000076293945,33.70000076293945,33.400001525878906,33.400001525878906,17.73671531677246,26297000,0.0,0.0
2013-01-08,33.400001525878906,33.5,33.0,33.0,17.52429962158203,38398000,0.0,0.0
2013-01-09,33.099998474121094,33.400001525878906,33.0,33.099998474121094,17.577404022216797,33414000,0.0,0.0
2013-01-10,33.400001525878906,33.400001525878906,32.70000076293945,32.70000076293945,17.36498260498047,50653000,0.0,0.0
2013-01-11,32.79999923706055,33.0,32.5,32.599998474121094,17.311878204345703,70463000,0.0,0.0
2013-01-14,32.79999923706055,33.400001525878906,32.79999923706055,33.29999923706055,17.68360710144043,44132000,0.0,0.0
2013-01-15,33.599998474121094,33.79999923706055,33.400001525878906,33.5,17.78981590270996,48421000,0.0,0.0
2013-01-16,33.5,33.79999923706055,33.29999923706055,33.599998474121094,17.842920303344727,40027000,0.0,0.0
2013-01-17,33.79999923706055,33.79999923706055,33.29999923706055,33.599998474121094,17.842920303344727,30350000,0.0,0.0
2013-01-18,33.70000076293945,33.79999923706055,33.5,33.599998474121094,17.842920303344727,34488000,0.0,0.0
2013-01-21,33.70000076293945,33.79999923706055,33.5,33.599998474121094,17.842920303344727,24506000,0.0,0.0
2013-01-22,33.599998474121094,33.79999923706055,33.5,33.5,17.78981590270996,25235000,0.0,0.0
2013-01-23,33.70000076293945,33.70000076293945,33.29999923706055,33.599998474121094,17.842920303344727,26451000,0.0,0.0
2013-01-24,33.70000076293945,33.70000076293945,33.29999923706055,33.400001525878906,17.73671531677246,22394000,0.0,0.0
2013-01-25,33.29999923706055,33.400001525878906,33.0,33.29999923706055,17.68360710144043,44389000,0.0,0.0
2013-01-28,33.400001525878906,33.5,33.0,33.099998474121094,17.577404022216797,34801000,0.0,0.0
2013-01-29,33.20000076293945,33.599998474121094,33.099998474121094,33.5,17.78981590270996,31733000,0.0,0.0
2013-01-30,33.599998474121094,35.0,33.5,34.79999923706055,18.48016357421875,159107000,0.0,0.0
2013-01-31,34.70000076293945,35.20000076293945,34.099998474121094,34.099998474121094,18.108440399169922,88593000,0.0,0.0
2013-02-01,34.599998474121094,35.5,34.5,35.400001525878906,18.79879379272461,101678000,0.0,0.0
2013-02-04,36.0,36.400001525878906,35.900001525878906,36.20000076293945,19.22362518310547,115119000,0.0,0.0
2013-02-05,35.79999923706055,36.79999923706055,35.70000076293945,36.70000076293945,19.48914337158203,102070000,0.0,0.0
2013-02-06,36.5,36.5,36.0,36.099998474121094,19.17051887512207,59428000,0.0,0.0
2013-02-07,35.70000076293945,35.79999923706055,35.0,35.5,18.85189437866211,125402000,0.0,0.0
2013-02-08,35.29999923706055,35.70000076293945,34.900001525878906,35.0,18.586374282836914,66428000,0.0,0.0
2013-02-11,35.099998474121094,35.20000076293945,34.599998474121094,34.70000076293945,18.42706298828125,46320000,0.0,0.0
2013-02-12,35.0,35.099998474121094,34.5,34.70000076293945,18.42706298828125,39840000,0.0,0.0
2013-02-13,35.0,36.099998474121094,34.900001525878906,36.099998474121094,19.17051887512207,91159000,0.0,0.0
2013-02-14,36.20000076293945,36.599998474121094,35.900001525878906,36.20000076293945,19.22362518310547,67376000,0.0,0.0
2013-02-15,36.0,36.099998474121094,35.599998474121094,35.70000076293945,18.95810317993164,46767000,0.0,0.0
2013-02-18,35.5,35.70000076293945,35.099998474121094,35.20000076293945,18.692584991455078,40970000,0.0,0.0
2013-02-19,35.20000076293945,35.79999923706055,35.20000076293945,35.79999923706055,19.011205673217773,43535000,0.0,0.0
2013-02-20,36.099998474121094,36.099998474121094,35.400001525878906,35.599998474121094,18.904996871948242,55593000,0.0,0.0
2013-02-21,35.20000076293945,35.20000076293945,34.79999923706055,34.79999923706055,18.48016357421875,70211000,0.0,0.0
2013-02-22,34.79999923706055,35.099998474121094,34.599998474121094,34.900001525878906,18.53326988220215,52818000,0.0,0.0
2013-02-26,34.70000076293945,34.79999923706055,34.20000076293945,34.400001525878906,18.267751693725586,58021000,0.0,0.0
2013-02-27,34.5,34.79999923706055,34.099998474121094,34.099998474121094,18.108440399169922,41682000,0.0,0.0
2013-02-28,34.400001525878906,35.0,34.20000076293945,35.0,18.586374282836914,43658000,0.0,0.0
2013-03-01,34.900001525878906,35.0,34.5,34.5,18.32085418701172,52221000,0.0,0.0
2013-03-04,34.5,34.599998474121094,34.20000076293945,34.400001525878906,18.267751693725586,39076000,0.0,0.0
2013-03-05,34.599998474121094,34.79999923706055,34.400001525878906,34.599998474121094,18.373958587646484,43428000,0.0,0.0
2013-03-06,34.0,34.099998474121094,33.79999923706055,34.0,18.48268699645996,48456000,0.8,0.0
2013-03-07,33.900001525878906,34.099998474121094,33.79999923706055,33.900001525878906,18.428314208984375,48742000,0.0,0.0
2013-03-08,34.0,34.099998474121094,33.400001525878906,33.5,18.21087646484375,56380000,0.0,0.0
2013-03-11,33.599998474121094,34.29999923706055,33.5,34.29999923706055,18.64576530456543,47776000,0.0,0.0
2013-03-12,34.29999923706055,34.5,34.099998474121094,34.29999923706055,18.64576530456543,49764000,0.0,0.0
2013-03-13,34.29999923706055,34.29999923706055,34.0,34.20000076293945,18.591405868530273,27414000,0.0,0.0
2013-03-14,33.900001525878906,34.0,33.5,33.70000076293945,18.31960105895996,65340000,0.0,0.0
2013-03-15,33.900001525878906,34.0,33.599998474121094,34.0,18.48268699645996,28904000,0.0,0.0
2013-03-18,33.79999923706055,34.0,33.599998474121094,33.900001525878906,18.428314208984375,25567000,0.0,0.0
2013-03-19,33.900001525878906,34.20000076293945,33.70000076293945,33.79999923706055,18.37395668029785,43534000,0.0,0.0
2013-03-20,33.79999923706055,33.79999923706055,33.099998474121094,33.29999923706055,18.102153778076172,90146000,0.0,0.0
2013-03-21,33.400001525878906,33.599998474121094,33.099998474121094,33.599998474121094,18.265239715576172,40716000,0.0,0.0
2013-03-22,33.400001525878906,33.5,31.600000381469727,32.0,17.395471572875977,136045000,0.0,0.0
2013-03-25,32.5,32.70000076293945,32.099998474121094,32.70000076293945,17.77599334716797,73486000,0.0,0.0
2013-03-26,32.70000076293945,32.79999923706055,32.400001525878906,32.599998474121094,17.721628189086914,33359000,0.0,0.0
2013-03-27,32.79999923706055,33.099998474121094,32.70000076293945,32.70000076293945,17.77599334716797,35157000,0.0,0.0
2013-03-28,32.70000076293945,32.79999923706055,32.400001525878906,32.400001525878906,17.6129093170166,29948000,0.0,0.0
2013-03-29,32.5,32.79999923706055,32.5,32.599998474121094,17.721628189086914,16348000,0.0,0.0
2013-04-01,32.599998474121094,32.599998474121094,32.099998474121094,32.099998474121094,17.44982147216797,24148000,0.0,0.0
2013-04-02,32.20000076293945,32.70000076293945,32.099998474121094,32.5,17.66727066040039,32392000,0.0,0.0
2013-04-03,32.79999923706055,32.900001525878906,32.20000076293945,32.20000076293945,17.50418472290039,39121000,0.0,0.0
2013-04-04,31.799999237060547,32.20000076293945,31.700000762939453,32.0,17.395471572875977,28472000,0.0,0.0
2013-04-05,31.700000762939453,31.799999237060547,31.299999237060547,31.5,17.123659133911133,64945000,0.0,0.0
2013-04-09,31.600000381469727,31.700000762939453,31.100000381469727,31.100000381469727,16.906219482421875,39491000,0.0,0.0
2013-04-10,31.100000381469727,31.399999618530273,30.899999618530273,31.399999618530273,17.069297790527344,65668000,0.0,0.0
2013-04-11,31.399999618530273,31.700000762939453,31.200000762939453,31.700000762939453,17.232385635375977,39968000,0.0,0.0
2013-04-12,31.5,31.799999237060547,31.299999237060547,31.5,17.123659133911133,35820000,0.0,0.0
2013-04-17,31.100000381469727,31.200000762939453,30.799999237060547,30.899999618530273,16.797496795654297,60923000,0.0,0.0
2013-04-18,30.799999237060547,31.399999618530273,30.5,31.399999618530273,17.069297790527344,54105000,0.0,0.0
2013-04-19,31.399999618530273,32.0,31.200000762939453,31.799999237060547,17.286745071411133,37586000,0.0,0.0
2013-04-22,31.799999237060547,31.799999237060547,31.100000381469727,31.200000762939453,16.96057891845703,55600000,0.0,0.0
2013-04-23,31.100000381469727,31.399999618530273,31.0,31.200000762939453,16.96057891845703,22237000,0.0,0.0
2013-04-24,31.5,31.600000381469727,31.200000762939453,31.399999618530273,17.069297790527344,17152000,0.0,0.0
2013-04-25,31.5,31.899999618530273,31.399999618530273,31.700000762939453,17.232385635375977,26863000,0.0,0.0
2013-04-26,31.899999618530273,32.099998474121094,31.700000762939453,31.899999618530273,17.341100692749023,26400000,0.0,0.0
2013-04-29,31.700000762939453,31.899999618530273,31.5,31.700000762939453,17.232385635375977,3970000,0.0,0.0
2013-04-30,32.0,32.599998474121094,31.899999618530273,32.599998474121094,17.721628189086914,64075000,0.0,0.0
2013-05-02,32.70000076293945,32.900001525878906,32.5,32.70000076293945,17.77599334716797,51640000,0.0,0.0
2013-05-03,32.900001525878906,33.0,32.5,32.599998474121094,17.721628189086914,28775000,0.0,0.0
2013-05-07,32.79999923706055,33.0,32.20000076293945,33.0,17.939077377319336,33413000,0.0,0.0
2013-05-08,33.0,33.70000076293945,33.0,33.400001525878906,18.156517028808594,48531000,0.0,0.0
2013-05-09,33.5,34.0,33.29999923706055,33.79999923706055,18.37395668029785,34402000,0.0,0.0
2013-05-10,33.900001525878906,34.099998474121094,33.599998474121094,34.0,18.48268699645996,54952000,0.0,0.0
2013-05-13,33.900001525878906,34.0,33.5,33.5,18.21087646484375,26107000,0.0,0.0
2013-05-14,33.599998474121094,33.79999923706055,33.400001525878906,33.400001525878906,18.156517028808594,20962000,0.0,0.0
2013-05-15,33.599998474121094,34.099998474121094,33.5,33.900001525878906,18.428314208984375,52776000,0.0,0.0
2013-05-16,34.0,34.20000076293945,33.599998474121094,33.70000076293945,18.31960105895996,37981000,0.0,0.0
2013-05-17,33.70000076293945,33.79999923706055,33.5,33.5,18.21087646484375,22907000,0.0,0.0
2013-05-20,33.70000076293945,34.5,33.70000076293945,34.29999923706055,18.64576530456543,59564000,0.0,0.0
2013-05-21,34.599998474121094,34.599998474121094,34.400001525878906,34.5,18.754486083984375,43475000,0.0,0.0
2013-05-22,34.599998474121094,35.099998474121094,34.5,34.70000076293945,18.863208770751953,84633000,0.0,0.0
2013-05-23,34.5,34.599998474121094,33.70000076293945,34.5,18.754486083984375,70349000,0.0,0.0
2013-05-27,34.20000076293945,34.400001525878906,33.79999923706055,34.400001525878906,18.70012664794922,30392000,0.0,0.0
2013-05-28,34.20000076293945,34.900001525878906,34.099998474121094,34.900001525878906,18.971927642822266,27095000,0.0,0.0
2013-05-29,34.900001525878906,35.29999923706055,34.29999923706055,34.29999923706055,18.64576530456543,67184000,0.0,0.0
2013-05-30,33.900001525878906,34.0,33.599998474121094,33.70000076293945,18.31960105895996,53530000,0.0,0.0
2013-05-31,33.900001525878906,33.900001525878906,32.599998474121094,32.599998474121094,17.721628189086914,73214000,0.0,0.0
2013-06-03,32.5,32.79999923706055,32.099998474121094,32.20000076293945,17.50418472290039,37176000,0.0,0.0
2013-06-04,32.29999923706055,33.0,32.0,33.0,17.939077377319336,41706000,0.0,0.0
2013-06-05,32.599998474121094,33.099998474121094,32.20000076293945,32.20000076293945,17.50418472290039,32747000,0.0,0.0
2013-06-06,32.099998474121094,32.70000076293945,32.0,32.599998474121094,17.721628189086914,43002000,0.0,0.0
2013-06-07,32.400001525878906,33.5,32.29999923706055,33.5,18.21087646484375,43932000,0.0,0.0
2013-06-10,33.5,34.0,33.5,33.79999923706055,18.37395668029785,32481000,0.0,0.0
2013-06-11,33.5,33.5,32.20000076293945,32.5,17.66727066040039,61805000,0.0,0.0
2013-06-12,32.0,32.20000076293945,31.299999237060547,31.799999237060547,17.286745071411133,84580000,0.0,0.0
2013-06-13,31.200000762939453,31.799999237060547,30.799999237060547,31.200000762939453,16.96057891845703,69482000,0.0,0.0
2013-06-14,31.899999618530273,32.29999923706055,31.700000762939453,32.20000076293945,17.50418472290039,55904000,0.0,0.0
2013-06-17,32.5,33.0,32.29999923706055,32.900001525878906,17.88471221923828,38622000,0.0,0.0
2013-06-18,32.79999923706055,33.5,32.099998474121094,32.099998474121094,17.44982147216797,71255000,0.0,0.0
2013-06-19,32.400001525878906,33.20000076293945,32.20000076293945,33.20000076293945,18.04779052734375,47449000,0.0,0.0
2013-06-20,32.29999923706055,33.79999923706055,32.20000076293945,33.400001525878906,18.156517028808594,88745000,0.0,0.0
2013-06-21,33.0,34.0,32.70000076293945,33.79999923706055,18.37395668029785,107309000,0.0,0.0
2013-06-24,33.5,33.599998474121094,32.599998474121094,32.599998474121094,17.721628189086914,44379000,0.0,0.0
2013-06-25,33.0,33.70000076293945,32.29999923706055,33.0,17.939077377319336,54643000,0.0,0.0
2013-06-26,33.400001525878906,33.79999923706055,33.20000076293945,33.599998474121094,18.265239715576172,54265000,0.0,0.0
2013-06-27,33.900001525878906,34.20000076293945,33.5,34.099998474121094,18.537044525146484,55819000,0.0,0.0
2013-06-28,34.20000076293945,34.29999923706055,33.29999923706055,33.5,18.21087646484375,62093000,0.0,0.0
2013-07-02,33.70000076293945,34.099998474121094,33.599998474121094,33.70000076293945,18.31960105895996,27578000,0.0,0.0
2013-07-03,33.400001525878906,34.29999923706055,33.400001525878906,33.900001525878906,18.428314208984375,62198000,0.0,0.0
2013-07-04,34.0,34.29999923706055,34.0,34.20000076293945,18.591405868530273,28755000,0.0,0.0
2013-07-05,34.29999923706055,34.900001525878906,34.29999923706055,34.79999923706055,18.91756820678711,61651000,0.0,0.0
2013-07-08,34.79999923706055,35.20000076293945,34.400001525878906,34.400001525878906,18.70012664794922,66024000,0.0,0.0
2013-07-09,34.400001525878906,34.79999923706055,34.29999923706055,34.599998474121094,18.808847427368164,33809000,0.0,0.0
2013-07-10,34.400001525878906,34.79999923706055,34.099998474121094,34.29999923706055,18.64576530456543,36600000,0.0,0.0
2013-07-11,34.70000076293945,35.099998474121094,34.70000076293945,35.099998474121094,19.080650329589844,73821000,0.0,0.0
2013-07-12,35.099998474121094,35.20000076293945,34.400001525878906,34.599998474121094,18.808847427368164,35752000,0.0,0.0
2013-07-15,34.400001525878906,34.599998474121094,33.900001525878906,34.0,18.48268699645996,51999000,0.0,0.0
2013-07-16,33.79999923706055,34.0,33.5,33.900001525878906,18.428314208984375,38006000,0.0,0.0
2013-07-17,34.099998474121094,34.29999923706055,33.599998474121094,33.79999923706055,18.37395668029785,42496000,0.0,0.0
2013-07-18,33.70000076293945,34.5,33.70000076293945,34.20000076293945,18.591405868530273,34815000,0.0,0.0
2013-07-19,34.5,34.599998474121094,34.099998474121094,34.099998474121094,18.537044525146484,34553000,0.0,0.0
2013-07-23,34.400001525878906,34.599998474121094,34.400001525878906,34.599998474121094,18.808847427368164,35208000,0.0,0.0
2013-07-24,34.599998474121094,34.599998474121094,34.29999923706055,34.400001525878906,18.70012664794922,24228000,0.0,0.0
2013-07-25,34.099998474121094,34.20000076293945,33.29999923706055,33.29999923706055,18.102153778076172,57078000,0.0,0.0
2013-07-26,33.400001525878906,33.900001525878906,33.099998474121094,33.900001525878906,18.428314208984375,36567000,0.0,0.0
2013-07-29,33.599998474121094,33.900001525878906,33.400001525878906,33.599998474121094,18.265239715576172,17232000,0.0,0.0
2013-07-30,33.900001525878906,33.900001525878906,32.79999923706055,32.79999923706055,17.830352783203125,30104000,0.0,0.0
2013-07-31,32.79999923706055,33.099998474121094,32.29999923706055,33.099998474121094,17.993432998657227,38008000,0.0,0.0
2013-08-01,33.29999923706055,33.5,33.0,33.099998474121094,17.993432998657227,21406000,0.0,0.0
2013-08-02,33.29999923706055,33.5,32.599998474121094,33.099998474121094,17.993432998657227,44843000,0.0,0.0
2013-08-05,33.099998474121094,33.29999923706055,32.70000076293945,33.29999923706055,18.102153778076172,15089000,0.0,0.0
2013-08-06,33.29999923706055,33.599998474121094,33.0,33.5,18.21087646484375,19931000,0.0,0.0
2013-08-07,33.20000076293945,33.400001525878906,32.79999923706055,32.79999923706055,17.830352783203125,20914000,0.0,0.0
2013-08-08,33.0,33.29999923706055,32.70000076293945,33.0,17.939077377319336,20669000,0.0,0.0
2013-08-09,33.099998474121094,33.099998474121094,32.70000076293945,32.79999923706055,17.830352783203125,17690000,0.0,0.0
2013-08-13,33.0,33.29999923706055,32.79999923706055,33.20000076293945,18.04779052734375,33930000,0.0,0.0
2013-08-14,33.20000076293945,33.20000076293945,32.79999923706055,32.900001525878906,17.88471221923828,25817000,0.0,0.0
2013-08-15,33.0,33.099998474121094,32.599998474121094,32.900001525878906,17.88471221923828,27237000,0.0,0.0
2013-08-16,32.70000076293945,32.79999923706055,32.29999923706055,32.400001525878906,17.6129093170166,49061000,0.0,0.0
2013-08-19,32.29999923706055,32.29999923706055,31.5,31.600000381469727,17.17801856994629,60519000,0.0,0.0
2013-08-20,31.299999237060547,31.899999618530273,30.799999237060547,31.899999618530273,17.341100692749023,94004000,0.0,0.0
2013-08-21,31.299999237060547,31.600000381469727,31.100000381469727,31.100000381469727,16.906219482421875,52671000,0.0,0.0
2013-08-22,31.100000381469727,32.20000076293945,31.0,32.20000076293945,17.50418472290039,63722000,0.0,0.0
2013-08-23,32.5,32.70000076293945,32.0,32.099998474121094,17.44982147216797,52974000,0.0,0.0
2013-08-26,32.5,32.599998474121094,31.700000762939453,31.799999237060547,17.286745071411133,33524000,0.0,0.0
2013-08-27,31.799999237060547,32.20000076293945,31.600000381469727,32.0,17.395471572875977,30612000,0.0,0.0
2013-08-28,32.099998474121094,32.29999923706055,31.799999237060547,31.799999237060547,17.286745071411133,41484000,0.0,0.0
2013-08-29,32.20000076293945,32.900001525878906,31.899999618530273,32.70000076293945,17.77599334716797,58257000,0.0,0.0
2013-08-30,33.0,33.0,32.29999923706055,32.70000076293945,17.77599334716797,33509000,0.0,0.0
2013-09-02,32.70000076293945,32.79999923706055,32.400001525878906,32.599998474121094,17.721628189086914,22172000,0.0,0.0
2013-09-03,32.599998474121094,32.900001525878906,32.0,32.5,17.66727066040039,34712000,0.0,0.0
2013-09-04,32.5,33.099998474121094,32.5,32.599998474121094,17.721628189086914,60420000,0.0,0.0
2013-09-05,32.599998474121094,33.099998474121094,32.599998474121094,33.099998474121094,17.993432998657227,41003000,0.0,0.0
2013-09-06,33.0,33.5,32.900001525878906,33.400001525878906,18.156517028808594,46557000,0.0,0.0
2013-09-09,33.599998474121094,34.20000076293945,33.599998474121094,34.20000076293945,18.591405868530273,59683000,0.0,0.0
2013-09-10,34.0,34.400001525878906,33.79999923706055,33.900001525878906,18.428314208984375,54607000,0.0,0.0
2013-09-11,33.599998474121094,34.0,33.29999923706055,34.0,18.48268699645996,49167000,0.0,0.0
2013-09-12,33.900001525878906,34.0,33.29999923706055,33.29999923706055,18.102153778076172,32505000,0.0,0.0
2013-09-13,33.20000076293945,33.900001525878906,33.20000076293945,33.5,18.21087646484375,30104000,0.0,0.0
2013-09-16,34.0,34.20000076293945,33.79999923706055,34.0,18.48268699645996,37850000,0.0,0.0
2013-09-17,34.20000076293945,34.20000076293945,33.70000076293945,33.900001525878906,18.428314208984375,33058000,0.0,0.0
2013-09-18,33.599998474121094,33.599998474121094,33.0,33.099998474121094,18.262794494628906,42762000,0.5,0.0
2013-09-19,33.70000076293945,33.79999923706055,33.20000076293945,33.29999923706055,18.373146057128906,70221000,0.0,0.0
2013-09-20,33.400001525878906,33.70000076293945,33.20000076293945,33.599998474121094,18.538671493530273,35588000,0.0,0.0
2013-09-23,33.5,33.70000076293945,33.0,33.29999923706055,18.373146057128906,32748000,0.0,0.0
2013-09-24,33.5,33.5,32.70000076293945,32.70000076293945,18.042098999023438,45750000,0.0,0.0
2013-09-25,32.79999923706055,33.0,32.5,33.0,18.20762825012207,33560000,0.0,0.0
2013-09-26,33.20000076293945,33.20000076293945,32.70000076293945,32.70000076293945,18.042098999023438,35336000,0.0,0.0
2013-09-27,32.79999923706055,33.0,32.599998474121094,32.599998474121094,17.986919403076172,26514000,0.0,0.0
2013-09-30,32.400001525878906,32.400001525878906,31.600000381469727,31.600000381469727,17.435178756713867,44691000,0.0,0.0
2013-10-01,31.600000381469727,32.099998474121094,31.600000381469727,32.0,17.65587043762207,38231000,0.0,0.0
2013-10-02,32.0,32.0,31.600000381469727,31.899999618530273,17.60070037841797,25897000,0.0,0.0
2013-10-03,32.099998474121094,32.29999923706055,31.899999618530273,32.0,17.65587043762207,31566000,0.0,0.0
2013-10-04,31.899999618530273,32.0,31.700000762939453,31.899999618530273,17.60070037841797,31887000,0.0,0.0
2013-10-07,32.0,32.0,31.799999237060547,31.899999618530273,17.60070037841797,17233000,0.0,0.0
2013-10-08,31.799999237060547,32.20000076293945,31.700000762939453,32.0,17.65587043762207,48039000,0.0,0.0
2013-10-09,32.0,32.0,31.799999237060547,32.0,17.65587043762207,21923000,0.0,0.0
2013-10-10,32.0,32.20000076293945,31.799999237060547,32.0,17.65587043762207,38627000,0.0,0.0
2013-10-11,32.099998474121094,32.400001525878906,32.0,32.29999923706055,17.821399688720703,59739000,0.0,0.0
2013-10-14,32.099998474121094,32.20000076293945,31.899999618530273,31.899999618530273,17.60070037841797,48919000,0.0,0.0
2013-10-15,32.0,32.099998474121094,31.799999237060547,31.899999618530273,17.60070037841797,50826000,0.0,0.0
2013-10-16,31.899999618530273,32.29999923706055,31.899999618530273,31.899999618530273,17.60070037841797,32070000,0.0,0.0
2013-10-17,32.0,32.099998474121094,31.799999237060547,31.799999237060547,17.5455265045166,48230000,0.0,0.0
2013-10-18,31.899999618530273,32.099998474121094,31.799999237060547,32.0,17.65587043762207,38037000,0.0,0.0
2013-10-21,32.20000076293945,32.29999923706055,31.799999237060547,32.0,17.65587043762207,46502000,0.0,0.0
2013-10-22,32.099998474121094,32.099998474121094,31.799999237060547,32.099998474121094,17.71105194091797,25961000,0.0,0.0
2013-10-24,31.799999237060547,32.099998474121094,31.700000762939453,32.099998474121094,17.71105194091797,38781000,0.0,0.0
2013-10-25,32.0,32.099998474121094,31.700000762939453,32.0,17.65587043762207,28185000,0.0,0.0
2013-10-28,31.899999618530273,32.099998474121094,31.600000381469727,31.700000762939453,17.490352630615234,20145000,0.0,0.0
2013-10-29,31.700000762939453,31.799999237060547,31.5,31.600000381469727,17.435178756713867,36958000,0.0,0.0
2013-10-30,31.600000381469727,31.700000762939453,31.100000381469727,31.100000381469727,17.1593074798584,50863000,0.0,0.0
2013-10-31,31.100000381469727,31.700000762939453,31.0,31.700000762939453,17.490352630615234,32478000,0.0,0.0
2013-11-01,31.299999237060547,31.5,31.100000381469727,31.5,17.380002975463867,26452000,0.0,0.0
2013-11-04,31.100000381469727,31.299999237060547,31.0,31.100000381469727,17.1593074798584,24793000,0.0,0.0
2013-11-05,31.200000762939453,31.299999237060547,31.0,31.200000762939453,17.2144832611084,39726000,0.0,0.0
2013-11-06,31.200000762939453,31.299999237060547,30.899999618530273,31.200000762939453,17.2144832611084,40340000,0.0,0.0
2013-11-07,31.200000762939453,31.5,31.0,31.100000381469727,17.1593074798584,31970000,0.0,0.0
2013-11-08,31.100000381469727,31.100000381469727,30.899999618530273,31.0,17.10413360595703,34916000,0.0,0.0
2013-11-11,31.0,31.0,30.600000381469727,31.0,17.10413360595703,35780000,0.0,0.0
2013-11-12,30.899999618530273,31.100000381469727,30.799999237060547,30.799999237060547,16.9937801361084,29684000,0.0,0.0
2013-11-13,30.799999237060547,31.0,30.700000762939453,30.799999237060547,16.9937801361084,24864000,0.0,0.0
2013-11-14,30.799999237060547,31.0,30.799999237060547,30.799999237060547,16.9937801361084,28745000,0.0,0.0
2013-11-15,30.799999237060547,31.100000381469727,30.799999237060547,31.0,17.10413360595703,21753000,0.0,0.0
2013-11-18,31.100000381469727,31.200000762939453,31.0,31.100000381469727,17.1593074798584,21342000,0.0,0.0
2013-11-19,31.0,31.100000381469727,30.799999237060547,30.799999237060547,16.9937801361084,24500000,0.0,0.0
2013-11-20,30.799999237060547,30.799999237060547,30.5,30.5,16.828258514404297,60979000,0.0,0.0
2013-11-21,30.399999618530273,30.5,30.0,30.100000381469727,16.607555389404297,41610000,0.0,0.0
2013-11-22,30.100000381469727,30.200000762939453,29.399999618530273,29.700000762939453,16.386865615844727,56238000,0.0,0.0
2013-11-25,29.200000762939453,29.5,29.0,29.299999237060547,16.16615867614746,45419000,0.0,0.0
2013-11-26,29.100000381469727,29.5,29.100000381469727,29.100000381469727,16.055814743041992,46779000,0.0,0.0
2013-11-27,29.100000381469727,29.600000381469727,29.100000381469727,29.5,16.27651023864746,28375000,0.0,0.0
2013-11-28,29.600000381469727,29.799999237060547,29.100000381469727,29.200000762939453,16.110984802246094,26447000,0.0,0.0
2013-11-29,29.200000762939453,29.600000381469727,29.0,29.5,16.27651023864746,17456000,0.0,0.0
2013-12-02,29.399999618530273,30.200000762939453,29.299999237060547,30.200000762939453,16.662729263305664,25716000,0.0,0.0
2013-12-03,30.299999237060547,31.0,30.100000381469727,30.700000762939453,16.93860626220703,44567000,0.0,0.0
2013-12-04,30.5,30.899999618530273,30.5,30.600000381469727,16.88343048095703,31092000,0.0,0.0
2013-12-06,30.700000762939453,30.700000762939453,29.799999237060547,30.299999237060547,16.717906951904297,33457000,0.0,0.0
2013-12-09,30.399999618530273,30.700000762939453,30.0,30.5,16.828258514404297,31141000,0.0,0.0
2013-12-11,30.200000762939453,30.5,30.100000381469727,30.200000762939453,16.662729263305664,47342000,0.0,0.0
2013-12-12,30.100000381469727,30.100000381469727,29.5,29.700000762939453,16.386865615844727,38374000,0.0,0.0
2013-12-13,29.799999237060547,29.799999237060547,29.100000381469727,29.299999237060547,16.16615867614746,48126000,0.0,0.0
2013-12-16,29.200000762939453,29.299999237060547,28.700000762939453,28.700000762939453,15.835113525390625,49693000,0.0,0.0
2013-12-17,28.700000762939453,28.899999618530273,28.5,28.600000381469727,15.779940605163574,37265000,0.0,0.0
2013-12-18,28.700000762939453,29.100000381469727,28.700000762939453,28.899999618530273,15.945467948913574,56989000,0.0,0.0
2013-12-19,28.799999237060547,29.200000762939453,28.799999237060547,29.0,16.000638961791992,57295000,0.0,0.0
2013-12-20,29.100000381469727,29.100000381469727,28.799999237060547,29.100000381469727,16.055814743041992,24144000,0.0,0.0
2013-12-23,29.0,29.200000762939453,28.5,28.600000381469727,15.779940605163574,48268000,0.0,0.0
2013-12-24,28.600000381469727,29.0,28.600000381469727,28.799999237060547,15.890287399291992,18084000,0.0,0.0
2013-12-25,28.799999237060547,29.0,28.700000762939453,28.899999618530273,15.945467948913574,8167000,0.0,0.0
2013-12-26,28.899999618530273,29.0,28.399999618530273,28.5,15.72476577758789,27036000,0.0,0.0
2013-12-27,28.600000381469727,28.899999618530273,28.5,28.600000381469727,15.779940605163574,24439000,0.0,0.0
2014-01-02,28.5,28.700000762939453,27.399999618530273,27.399999618530273,15.117842674255371,34484000,0.0,0.0
2014-01-03,27.0,27.100000381469727,26.5,26.799999237060547,14.786795616149902,46203000,0.0,0.0
2014-01-06,26.899999618530273,26.899999618530273,25.899999618530273,26.399999618530273,14.566096305847168,62204000,0.0,0.0
2014-01-07,26.600000381469727,28.100000381469727,26.5,28.100000381469727,15.504066467285156,76936000,0.0,0.0
2014-01-08,28.100000381469727,28.799999237060547,27.799999237060547,28.5,15.72476577758789,60965000,0.0,0.0
2014-01-09,28.600000381469727,29.299999237060547,28.299999237060547,28.399999618530273,15.669591903686523,68893000,0.0,0.0
2014-01-10,28.399999618530273,28.899999618530273,28.0,28.700000762939453,15.835113525390625,29114000,0.0,0.0
2014-01-13,28.299999237060547,29.299999237060547,28.100000381469727,29.200000762939453,16.110984802246094,37241000,0.0,0.0
2014-01-14,28.799999237060547,29.5,28.799999237060547,29.399999618530273,16.22133445739746,30169000,0.0,0.0
2014-01-15,29.0,29.200000762939453,28.5,28.600000381469727,15.779940605163574,59229000,0.0,0.0
2014-01-16,28.600000381469727,29.200000762939453,28.600000381469727,28.799999237060547,15.890287399291992,51389000,0.0,0.0
2014-01-17,29.0,29.0,28.600000381469727,28.799999237060547,15.890287399291992,30522000,0.0,0.0
2014-01-20,28.600000381469727,29.0,28.600000381469727,28.899999618530273,15.945467948913574,14982000,0.0,0.0
2014-01-21,28.799999237060547,29.100000381469727,28.399999618530273,28.600000381469727,15.779940605163574,33680000,0.0,0.0
2014-01-22,28.5,28.700000762939453,28.100000381469727,28.200000762939453,15.55924129486084,34824000,0.0,0.0
2014-01-23,28.399999618530273,28.899999618530273,28.200000762939453,28.899999618530273,15.945467948913574,32178000,0.0,0.0
2014-01-24,29.0,29.200000762939453,28.799999237060547,29.100000381469727,16.055814743041992,29277000,0.0,0.0
2014-01-27,28.799999237060547,28.899999618530273,28.200000762939453,28.299999237060547,15.614415168762207,33811000,0.0,0.0
2014-01-28,28.200000762939453,28.5,27.700000762939453,27.799999237060547,15.338545799255371,37108000,0.0,0.0
2014-01-29,27.899999618530273,28.0,27.399999618530273,27.399999618530273,15.117842674255371,27720000,0.0,0.0
2014-01-30,27.399999618530273,27.399999618530273,26.899999618530273,27.0,14.897148132324219,28881000,0.0,0.0
2014-01-31,27.200000762939453,27.700000762939453,27.100000381469727,27.600000381469727,15.228192329406738,30054000,0.0,0.0
2014-02-03,27.899999618530273,28.0,27.700000762939453,27.799999237060547,15.338545799255371,21733000,0.0,0.0
2014-02-04,27.600000381469727,27.600000381469727,27.200000762939453,27.299999237060547,15.062667846679688,28435000,0.0,0.0
2014-02-05,27.399999618530273,27.600000381469727,27.0,27.100000381469727,14.952322959899902,23962000,0.0,0.0
2014-02-06,27.399999618530273,27.5,27.200000762939453,27.5,15.173017501831055,20767000,0.0,0.0
2014-02-07,27.899999618530273,28.600000381469727,27.799999237060547,28.600000381469727,15.779940605163574,82540000,0.0,0.0
2014-02-10,28.799999237060547,28.899999618530273,28.5,28.700000762939453,15.835113525390625,37366000,0.0,0.0
2014-02-11,28.799999237060547,29.200000762939453,28.5,28.899999618530273,15.945467948913574,31506000,0.0,0.0
2014-02-12,29.0,29.299999237060547,28.899999618530273,29.299999237060547,16.16615867614746,34549000,0.0,0.0
2014-02-13,29.299999237060547,29.5,28.899999618530273,28.899999618530273,15.945467948913574,26010000,0.0,0.0
2014-02-17,28.899999618530273,29.799999237060547,28.799999237060547,29.700000762939453,16.386865615844727,46076000,0.0,0.0
2014-02-18,29.600000381469727,29.799999237060547,29.299999237060547,29.700000762939453,16.386865615844727,40614000,0.0,0.0
2014-02-19,29.799999237060547,29.899999618530273,29.100000381469727,29.200000762939453,16.110984802246094,29922000,0.0,0.0
2014-02-20,29.0,29.100000381469727,28.600000381469727,28.700000762939453,15.835113525390625,30515000,0.0,0.0
2014-02-21,28.700000762939453,28.799999237060547,28.5,28.600000381469727,15.779940605163574,22139000,0.0,0.0
2014-02-24,28.600000381469727,29.200000762939453,28.600000381469727,29.100000381469727,16.055814743041992,22453000,0.0,0.0
2014-02-25,29.200000762939453,29.5,28.799999237060547,28.799999237060547,15.890287399291992,40383000,0.0,0.0
2014-02-26,28.600000381469727,28.899999618530273,28.5,28.600000381469727,15.779940605163574,37977000,0.0,0.0
2014-02-27,28.700000762939453,28.899999618530273,28.600000381469727,28.700000762939453,15.835113525390625,39000000,0.0,0.0
2014-02-28,28.700000762939453,29.5,28.600000381469727,29.299999237060547,16.16615867614746,43525000,0.0,0.0
2014-03-03,29.600000381469727,30.200000762939453,29.5,30.0,16.552385330200195,59915000,0.0,0.0
2014-03-04,30.200000762939453,30.5,30.0,30.100000381469727,16.607555389404297,30873000,0.0,0.0
2014-03-05,30.299999237060547,30.5,30.200000762939453,30.399999618530273,16.773082733154297,49667000,0.0,0.0
2014-03-06,29.700000762939453,29.700000762939453,29.5,29.600000381469727,16.773082733154297,37826000,0.8,0.0
2014-03-07,29.600000381469727,29.700000762939453,29.200000762939453,29.200000762939453,16.546422958374023,29661000,0.0,0.0
2014-03-10,29.299999237060547,29.5,29.0,29.100000381469727,16.489749908447266,27779000,0.0,0.0
2014-03-11,29.200000762939453,30.0,29.100000381469727,30.0,16.999744415283203,52281000,0.0,0.0
2014-03-12,29.700000762939453,30.0,29.5,29.5,16.716415405273438,29567000,0.0,0.0
2014-03-13,29.700000762939453,30.0,29.5,30.0,16.999744415283203,44752000,0.0,0.0
2014-03-14,29.700000762939453,29.799999237060547,29.200000762939453,29.5,16.716415405273438,43660000,0.0,0.0
2014-03-17,29.5,29.600000381469727,29.100000381469727,29.399999618530273,16.659751892089844,46111000,0.0,0.0
2014-03-18,29.5,29.5,29.0,29.5,16.716415405273438,60671000,0.0,0.0
2014-03-19,29.5,29.600000381469727,29.0,29.0,16.433088302612305,35126000,0.0,0.0
2014-03-20,28.799999237060547,29.299999237060547,28.600000381469727,29.299999237060547,16.60308837890625,52286000,0.0,0.0
2014-03-21,29.299999237060547,29.299999237060547,29.0,29.200000762939453,16.546422958374023,27164000,0.0,0.0
2014-03-24,29.200000762939453,29.200000762939453,28.700000762939453,28.700000762939453,16.263093948364258,22777000,0.0,0.0
2014-03-25,28.700000762939453,29.5,28.5,29.5,16.716415405273438,54943000,0.0,0.0
2014-03-26,29.399999618530273,29.5,29.299999237060547,29.5,16.716415405273438,17417000,0.0,0.0
2014-03-27,29.600000381469727,29.899999618530273,29.299999237060547,29.899999618530273,16.943082809448242,55481000,0.0,0.0
2014-03-28,29.899999618530273,30.100000381469727,29.799999237060547,29.899999618530273,16.943082809448242,54151000,0.0,0.0
2014-03-31,29.899999618530273,30.200000762939453,29.799999237060547,29.899999618530273,16.943082809448242,18196000,0.0,0.0
2014-04-01,29.899999618530273,30.200000762939453,29.799999237060547,30.200000762939453,17.11307716369629,18668000,0.0,0.0
2014-04-02,30.299999237060547,30.700000762939453,30.100000381469727,30.700000762939453,17.396408081054688,41190000,0.0,0.0
2014-04-03,30.799999237060547,30.899999618530273,30.600000381469727,30.799999237060547,17.45306968688965,36627000,0.0,0.0
2014-04-04,30.799999237060547,30.899999618530273,30.399999618530273,30.600000381469727,17.339738845825195,29802000,0.0,0.0
2014-04-08,30.899999618530273,30.899999618530273,30.200000762939453,30.200000762939453,17.11307716369629,20282000,0.0,0.0
2014-04-09,30.299999237060547,30.600000381469727,30.299999237060547,30.399999618530273,17.226408004760742,17260000,0.0,0.0
2014-04-10,30.700000762939453,30.799999237060547,30.299999237060547,30.700000762939453,17.396408081054688,20428000,0.0,0.0
2014-04-11,30.5,30.700000762939453,30.5,30.700000762939453,17.396408081054688,9734000,0.0,0.0
2014-04-16,30.899999618530273,31.600000381469727,30.899999618530273,31.5,17.849735260009766,55391000,0.0,0.0
2014-04-17,31.399999618530273,31.5,31.200000762939453,31.200000762939453,17.679737091064453,23814000,0.0,0.0
2014-04-18,31.200000762939453,31.399999618530273,31.100000381469727,31.100000381469727,17.623069763183594,16069000,0.0,0.0
2014-04-21,31.200000762939453,31.200000762939453,30.899999618530273,31.0,17.566402435302734,21397000,0.0,0.0
2014-04-22,31.100000381469727,31.200000762939453,30.600000381469727,30.700000762939453,17.396408081054688,30098000,0.0,0.0
2014-04-23,30.799999237060547,31.100000381469727,30.600000381469727,30.799999237060547,17.45306968688965,39515000,0.0,0.0
2014-04-24,30.799999237060547,30.899999618530273,30.600000381469727,30.899999618530273,17.509737014770508,24527000,0.0,0.0
2014-04-25,30.600000381469727,31.0,30.600000381469727,30.700000762939453,17.396408081054688,24020000,0.0,0.0
2014-04-28,30.700000762939453,30.899999618530273,30.600000381469727,30.600000381469727,17.339738845825195,12477000,0.0,0.0
2014-04-29,30.5,30.600000381469727,30.200000762939453,30.299999237060547,17.16974639892578,36132000,0.0,0.0
2014-04-30,30.600000381469727,31.299999237060547,30.399999618530273,31.299999237060547,17.736404418945312,76368000,0.0,0.0
2014-05-02,30.899999618530273,31.200000762939453,30.899999618530273,30.899999618530273,17.509737014770508,26920000,0.0,0.0
2014-05-06,31.0,31.100000381469727,30.799999237060547,30.899999618530273,17.509737014770508,16058000,0.0,0.0
2014-05-07,30.5,31.0,30.5,31.0,17.566402435302734,25072000,0.0,0.0
2014-05-08,30.899999618530273,31.0,30.5,30.5,17.2830753326416,25203000,0.0,0.0
2014-05-09,30.399999618530273,30.700000762939453,30.299999237060547,30.399999618530273,17.226408004760742,24563000,0.0,0.0
2014-05-12,30.5,30.5,30.100000381469727,30.100000381469727,17.05640983581543,32740000,0.0,0.0
2014-05-14,30.299999237060547,30.5,30.100000381469727,30.399999618530273,17.226408004760742,55545000,0.0,0.0
2014-05-15,30.299999237060547,30.399999618530273,30.100000381469727,30.299999237060547,17.16974639892578,27670000,0.0,0.0
2014-05-16,30.100000381469727,30.600000381469727,30.0,30.5,17.2830753326416,59679000,0.0,0.0
2014-05-19,30.399999618530273,30.799999237060547,30.299999237060547,30.799999237060547,17.45306968688965,21180000,0.0,0.0
2014-05-20,30.600000381469727,30.700000762939453,30.299999237060547,30.5,17.2830753326416,32464000,0.0,0.0
2014-05-21,30.700000762939453,31.200000762939453,30.5,31.0,17.566402435302734,37642000,0.0,0.0
2014-05-22,31.200000762939453,31.299999237060547,30.5,30.799999237060547,17.45306968688965,33596000,0.0,0.0
2014-05-23,30.299999237060547,30.5,30.100000381469727,30.399999618530273,17.226408004760742,59939000,0.0,0.0
2014-05-26,30.299999237060547,30.299999237060547,29.200000762939453,29.600000381469727,16.773082733154297,129275000,0.0,0.0
2014-05-27,29.799999237060547,29.799999237060547,29.200000762939453,29.399999618530273,16.659751892089844,65176000,0.0,0.0
2014-05-28,29.5,29.700000762939453,29.399999618530273,29.5,16.716415405273438,35062000,0.0,0.0
2014-05-29,29.600000381469727,29.700000762939453,29.100000381469727,29.299999237060547,16.60308837890625,50607000,0.0,0.0
2014-05-30,29.299999237060547,29.700000762939453,29.200000762939453,29.399999618530273,16.659751892089844,67825000,0.0,0.0
2014-06-02,29.600000381469727,29.899999618530273,29.600000381469727,29.799999237060547,16.886417388916016,28913000,0.0,0.0
2014-06-03,30.200000762939453,30.5,30.0,30.200000762939453,17.11307716369629,58397000,0.0,0.0
2014-06-04,30.100000381469727,30.299999237060547,30.0,30.100000381469727,17.05640983581543,37586000,0.0,0.0
2014-06-05,30.200000762939453,30.299999237060547,29.600000381469727,29.700000762939453,16.829748153686523,50922000,0.0,0.0
2014-06-06,29.799999237060547,29.899999618530273,29.600000381469727,29.799999237060547,16.886417388916016,27011000,0.0,0.0
2014-06-09,29.899999618530273,29.899999618530273,29.399999618530273,29.5,16.716415405273438,19117000,0.0,0.0
2014-06-10,29.600000381469727,29.899999618530273,29.600000381469727,29.799999237060547,16.886417388916016,24351000,0.0,0.0
2014-06-11,29.5,29.899999618530273,29.5,29.899999618530273,16.943082809448242,21689000,0.0,0.0
2014-06-12,29.899999618530273,30.0,29.399999618530273,29.399999618530273,16.659751892089844,22637000,0.0,0.0
2014-06-13,29.5,29.700000762939453,29.200000762939453,29.200000762939453,16.546422958374023,24636000,0.0,0.0
2014-06-16,29.600000381469727,29.799999237060547,29.399999618530273,29.799999237060547,16.886417388916016,34299000,0.0,0.0
2014-06-17,29.899999618530273,30.100000381469727,29.799999237060547,29.899999618530273,16.943082809448242,32332000,0.0,0.0
2014-06-18,30.0,30.0,29.5,29.5,16.716415405273438,21225000,0.0,0.0
2014-06-19,29.600000381469727,29.799999237060547,29.5,29.700000762939453,16.829748153686523,19197000,0.0,0.0
2014-06-20,29.799999237060547,29.899999618530273,29.5,29.799999237060547,16.886417388916016,24876000,0.0,0.0
2014-06-23,29.899999618530273,30.100000381469727,29.799999237060547,30.100000381469727,17.05640983581543,23667000,0.0,0.0
2014-06-24,29.899999618530273,30.0,29.700000762939453,29.700000762939453,16.829748153686523,15674000,0.0,0.0
2014-06-25,29.700000762939453,30.0,29.600000381469727,30.0,16.999744415283203,20597000,0.0,0.0
2014-06-26,30.100000381469727,30.899999618530273,30.100000381469727,30.799999237060547,17.45306968688965,102215000,0.0,0.0
2014-06-27,31.0,31.299999237060547,30.799999237060547,31.200000762939453,17.679737091064453,62463000,0.0,0.0
2014-06-30,31.5,31.799999237060547,31.299999237060547,31.799999237060547,18.019731521606445,69602000,0.0,0.0
2014-07-02,31.899999618530273,32.0,31.700000762939453,31.899999618530273,18.076396942138672,36223000,0.0,0.0
2014-07-03,32.0,32.0,31.700000762939453,31.899999618530273,18.076396942138672,38148000,0.0,0.0
2014-07-04,32.0,32.20000076293945,31.799999237060547,31.899999618530273,18.076396942138672,35551000,0.0,0.0
2014-07-07,32.29999923706055,32.599998474121094,32.099998474121094,32.599998474121094,18.473054885864258,52432000,0.0,0.0
2014-07-08,32.599998474121094,32.70000076293945,32.0,32.099998474121094,18.189725875854492,34177000,0.0,0.0
2014-07-09,32.0,32.599998474121094,32.0,32.20000076293945,18.24639129638672,27006000,0.0,0.0
2014-07-10,32.29999923706055,33.0,32.29999923706055,32.599998474121094,18.473054885864258,48656000,0.0,0.0
2014-07-14,32.70000076293945,32.900001525878906,32.599998474121094,32.599998474121094,18.473054885864258,15433000,0.0,0.0
2014-07-15,32.70000076293945,32.70000076293945,32.20000076293945,32.400001525878906,18.359729766845703,26130000,0.0,0.0
2014-07-16,32.599998474121094,32.599998474121094,32.29999923706055,32.400001525878906,18.359729766845703,22600000,0.0,0.0
2014-07-17,32.29999923706055,33.099998474121094,32.29999923706055,33.0,18.699718475341797,54424000,0.0,0.0
2014-07-18,32.900001525878906,33.29999923706055,32.900001525878906,33.099998474121094,18.756383895874023,27132000,0.0,0.0
2014-07-21,33.0,33.5,33.0,33.5,18.983051300048828,38911000,0.0,0.0
2014-07-22,33.400001525878906,33.5,32.70000076293945,33.099998474121094,18.756383895874023,38520000,0.0,0.0
2014-07-23,33.099998474121094,33.29999923706055,33.0,33.29999923706055,18.86971664428711,14223000,0.0,0.0
2014-07-24,33.29999923706055,33.5,33.20000076293945,33.400001525878906,18.92638397216797,19101000,0.0,0.0
2014-07-25,33.400001525878906,33.5,33.20000076293945,33.400001525878906,18.92638397216797,18133000,0.0,0.0
2014-07-28,33.400001525878906,33.400001525878906,32.900001525878906,32.900001525878906,18.643054962158203,16494000,0.0,0.0
2014-07-29,33.29999923706055,33.70000076293945,32.900001525878906,33.099998474121094,18.756383895874023,47008000,0.0,0.0
2014-07-30,33.099998474121094,33.20000076293945,32.5,32.599998474121094,18.473054885864258,34875000,0.0,0.0
2014-07-31,32.400001525878906,32.599998474121094,31.5,31.899999618530273,18.076396942138672,60748000,0.0,0.0
2014-08-01,31.799999237060547,31.799999237060547,31.100000381469727,31.399999618530273,17.793066024780273,53778000,0.0,0.0
2014-08-04,31.5,32.400001525878906,31.399999618530273,32.29999923706055,18.303058624267578,52007000,0.0,0.0
2014-08-05,32.5,33.0,32.29999923706055,32.79999923706055,18.586393356323242,37136000,0.0,0.0
2014-08-06,32.79999923706055,32.79999923706055,32.5,32.5,18.416391372680664,22762000,0.0,0.0
2014-08-07,32.5,32.599998474121094,32.099998474121094,32.599998474121094,18.473054885864258,19324000,0.0,0.0
2014-08-08,32.29999923706055,32.599998474121094,32.20000076293945,32.20000076293945,18.24639129638672,18757000,0.0,0.0
2014-08-13,32.5,33.099998474121094,32.5,33.099998474121094,18.756383895874023,39262000,0.0,0.0
2014-08-14,33.20000076293945,33.5,33.099998474121094,33.20000076293945,18.81305503845215,38610000,0.0,0.0
2014-08-15,33.099998474121094,33.5,32.79999923706055,33.5,18.983051300048828,28691000,0.0,0.0
2014-08-18,33.5,33.599998474121094,33.20000076293945,33.400001525878906,18.92638397216797,12906000,0.0,0.0
2014-08-19,33.599998474121094,33.79999923706055,33.29999923706055,33.400001525878906,18.92638397216797,14935000,0.0,0.0
2014-08-20,33.29999923706055,33.599998474121094,33.20000076293945,33.599998474121094,19.039716720581055,18802000,0.0,0.0
2014-08-21,33.5,33.70000076293945,33.400001525878906,33.599998474121094,19.039716720581055,17506000,0.0,0.0
2014-08-22,33.70000076293945,33.79999923706055,33.5,33.599998474121094,19.039716720581055,15179000,0.0,0.0
2014-08-25,33.599998474121094,33.70000076293945,33.29999923706055,33.400001525878906,18.92638397216797,15888000,0.0,0.0
2014-08-26,33.400001525878906,33.5,33.099998474121094,33.29999923706055,18.86971664428711,14366000,0.0,0.0
2014-08-27,33.29999923706055,33.400001525878906,32.79999923706055,33.0,18.699718475341797,22099000,0.0,0.0
2014-08-28,32.900001525878906,33.099998474121094,31.899999618530273,32.099998474121094,18.189725875854492,67999000,0.0,0.0
2014-08-29,32.0,32.29999923706055,31.899999618530273,32.099998474121094,18.189725875854492,45311000,0.0,0.0
2014-09-01,32.20000076293945,32.29999923706055,31.899999618530273,31.899999618530273,18.076396942138672,22964000,0.0,0.0
2014-09-02,31.899999618530273,32.29999923706055,31.899999618530273,32.0,18.1330623626709,19645000,0.0,0.0
2014-09-03,32.29999923706055,32.79999923706055,32.20000076293945,32.70000076293945,18.52972412109375,44662000,0.0,0.0
2014-09-04,32.79999923706055,33.099998474121094,32.79999923706055,33.099998474121094,18.756383895874023,41392000,0.0,0.0
2014-09-05,33.20000076293945,33.29999923706055,33.0,33.099998474121094,18.756383895874023,11758000,0.0,0.0
2014-09-08,33.29999923706055,33.5,33.099998474121094,33.400001525878906,18.92638397216797,25600000,0.0,0.0
2014-09-09,33.599998474121094,34.79999923706055,33.599998474121094,34.79999923706055,19.71970558166504,108103000,0.0,0.0
2014-09-10,34.79999923706055,35.099998474121094,34.29999923706055,35.0,19.833038330078125,88230000,0.0,0.0
2014-09-11,34.79999923706055,35.900001525878906,34.79999923706055,35.599998474121094,20.17303466796875,101873000,0.0,0.0
2014-09-12,35.70000076293945,35.70000076293945,35.20000076293945,35.400001525878906,20.059701919555664,35786000,0.0,0.0
2014-09-15,34.79999923706055,35.29999923706055,34.79999923706055,35.20000076293945,20.290273666381836,42481000,0.6,0.0
2014-09-16,35.29999923706055,35.400001525878906,35.0,35.20000076293945,20.290273666381836,30285000,0.0,0.0
2014-09-17,35.29999923706055,35.400001525878906,34.79999923706055,35.0,20.174985885620117,41599000,0.0,0.0
2014-09-18,35.099998474121094,35.099998474121094,34.900001525878906,35.0,20.174985885620117,42080000,0.0,0.0
2014-09-19,35.099998474121094,35.400001525878906,34.900001525878906,35.400001525878906,20.405559539794922,57423000,0.0,0.0
2014-09-22,35.29999923706055,36.099998474121094,35.20000076293945,35.79999923706055,20.636131286621094,98520000,0.0,0.0
2014-09-23,35.79999923706055,36.0,35.5,35.900001525878906,20.693775177001953,31625000,0.0,0.0
2014-09-24,36.0,36.0,35.20000076293945,35.29999923706055,20.34791374206543,33565000,0.0,0.0
2014-09-25,35.400001525878906,35.5,35.20000076293945,35.20000076293945,20.290273666381836,24250000,0.0,0.0
2014-09-26,35.400001525878906,35.79999923706055,35.400001525878906,35.70000076293945,20.578481674194336,27298000,0.0,0.0
2014-09-29,35.70000076293945,35.70000076293945,35.099998474121094,35.29999923706055,20.34791374206543,38130000,0.0,0.0
2014-09-30,35.5,36.099998474121094,35.29999923706055,36.0,20.75141716003418,96559000,0.0,0.0
2014-10-01,36.099998474121094,36.599998474121094,36.099998474121094,36.599998474121094,21.097274780273438,86863000,0.0,0.0
2014-10-02,36.5,37.5,36.5,36.900001525878906,21.270200729370117,102998000,0.0,0.0
2014-10-03,36.599998474121094,37.0,36.29999923706055,36.400001525878906,20.981983184814453,50141000,0.0,0.0
2014-10-06,36.400001525878906,37.099998474121094,36.400001525878906,37.0,21.327844619750977,42424000,0.0,0.0
2014-10-07,36.900001525878906,37.0,36.29999923706055,36.70000076293945,21.1549129486084,36490000,0.0,0.0
2014-10-08,36.5,37.0,36.29999923706055,36.79999923706055,21.212556838989258,47912000,0.0,0.0
2014-10-09,37.099998474121094,37.79999923706055,37.099998474121094,37.5,21.616060256958008,73870000,0.0,0.0
2014-10-10,36.900001525878906,37.099998474121094,36.400001525878906,36.400001525878906,20.981983184814453,70640000,0.0,0.0
2014-10-13,36.099998474121094,36.20000076293945,35.20000076293945,35.20000076293945,20.290273666381836,55974000,0.0,0.0
2014-10-14,35.20000076293945,35.599998474121094,35.20000076293945,35.599998474121094,20.520845413208008,52205000,0.0,0.0
2014-10-15,35.20000076293945,35.70000076293945,35.099998474121094,35.099998474121094,20.23262596130371,34397000,0.0,0.0
2014-10-16,34.900001525878906,35.29999923706055,34.29999923706055,34.5,19.88677215576172,66891000,0.0,0.0
2014-10-17,34.70000076293945,35.599998474121094,34.5,35.400001525878906,20.405559539794922,35660000,0.0,0.0
2014-10-20,35.70000076293945,35.900001525878906,35.0,35.099998474121094,20.23262596130371,28632000,0.0,0.0
2014-10-21,35.400001525878906,35.5,34.79999923706055,35.29999923706055,20.34791374206543,34958000,0.0,0.0
2014-10-22,35.5,35.599998474121094,35.099998474121094,35.20000076293945,20.290273666381836,32915000,0.0,0.0
2014-10-24,35.20000076293945,35.29999923706055,34.79999923706055,35.20000076293945,20.290273666381836,31733000,0.0,0.0
2014-10-27,35.099998474121094,35.70000076293945,35.099998474121094,35.5,20.463205337524414,28237000,0.0,0.0
2014-10-28,35.5,35.79999923706055,35.20000076293945,35.5,20.463205337524414,34877000,0.0,0.0
2014-10-29,35.79999923706055,35.79999923706055,35.099998474121094,35.400001525878906,20.405559539794922,34560000,0.0,0.0
2014-10-30,35.5,35.599998474121094,35.20000076293945,35.400001525878906,20.405559539794922,18413000,0.0,0.0
2014-10-31,35.5,36.79999923706055,35.400001525878906,36.79999923706055,21.212556838989258,34766000,0.0,0.0
2014-11-03,37.0,37.099998474121094,35.79999923706055,36.20000076293945,20.866703033447266,40551000,0.0,0.0
2014-11-04,36.29999923706055,36.79999923706055,36.0,36.79999923706055,21.212556838989258,20597000,0.0,0.0
2014-11-05,36.900001525878906,36.900001525878906,36.5,36.79999923706055,21.212556838989258,19463000,0.0,0.0
2014-11-06,37.20000076293945,38.5,37.20000076293945,38.099998474121094,21.961917877197266,118632000,0.0,0.0
2014-11-07,38.70000076293945,39.099998474121094,38.400001525878906,39.099998474121094,22.538341522216797,96537000,0.0,0.0
2014-11-10,39.0,39.0,37.79999923706055,37.900001525878906,21.846628189086914,47474000,0.0,0.0
2014-11-11,38.20000076293945,38.400001525878906,37.79999923706055,38.0,21.904268264770508,45627000,0.0,0.0
2014-11-12,37.900001525878906,38.70000076293945,37.70000076293945,38.20000076293945,22.01955795288086,28963000,0.0,0.0
2014-11-13,37.900001525878906,39.29999923706055,37.79999923706055,39.29999923706055,22.653629302978516,59249000,0.0,0.0
2014-11-14,39.20000076293945,39.29999923706055,38.599998474121094,38.79999923706055,22.365413665771484,47254000,0.0,0.0
2014-11-17,38.70000076293945,39.0,38.400001525878906,38.400001525878906,22.134843826293945,39038000,0.0,0.0
2014-11-18,38.599998474121094,39.099998474121094,38.599998474121094,38.70000076293945,22.307777404785156,46636000,0.0,0.0
2014-11-19,38.900001525878906,38.900001525878906,38.5,38.599998474121094,22.250125885009766,27334000,0.0,0.0
2014-11-20,39.0,39.0,38.20000076293945,38.400001525878906,22.134843826293945,36795000,0.0,0.0
2014-11-21,38.400001525878906,38.900001525878906,38.29999923706055,38.70000076293945,22.307777404785156,31007000,0.0,0.0
2014-11-24,38.79999923706055,39.099998474121094,38.70000076293945,38.79999923706055,22.365413665771484,36877000,0.0,0.0
2014-11-25,38.79999923706055,39.79999923706055,38.400001525878906,39.70000076293945,22.88420295715332,155064000,0.0,0.0
2014-11-26,39.5,39.79999923706055,39.0,39.400001525878906,22.711273193359375,37086000,0.0,0.0
2014-11-27,39.5,39.5,38.900001525878906,39.0,22.48069953918457,32446000,0.0,0.0
2014-11-28,38.400001525878906,38.5,38.0,38.29999923706055,22.07719612121582,65515000,0.0,0.0
2014-12-01,37.900001525878906,38.0,36.099998474121094,36.400001525878906,20.981983184814453,125004000,0.0,0.0
2014-12-02,36.70000076293945,37.0,36.400001525878906,36.599998474121094,21.097274780273438,72381000,0.0,0.0
2014-12-03,37.099998474121094,37.5,36.79999923706055,36.79999923706055,21.212556838989258,68912000,0.0,0.0
2014-12-04,37.0,37.29999923706055,36.70000076293945,37.29999923706055,21.500770568847656,41790000,0.0,0.0
2014-12-08,37.29999923706055,37.29999923706055,36.5,36.70000076293945,21.1549129486084,38996000,0.0,0.0
2014-12-09,36.5,36.599998474121094,34.5,34.5,19.88677215576172,137211000,0.0,0.0
2014-12-11,34.0,34.0,32.900001525878906,33.29999923706055,19.195058822631836,165348000,0.0,0.0
2014-12-12,33.20000076293945,33.70000076293945,32.900001525878906,33.0,19.022130966186523,109269000,0.0,0.0
2014-12-15,31.700000762939453,32.599998474121094,29.399999618530273,31.399999618530273,18.099843978881836,244098000,0.0,0.0
2014-12-16,30.5,31.399999618530273,29.5,30.299999237060547,17.46578025817871,214779000,0.0,0.0
2014-12-17,30.5,32.0,30.399999618530273,31.5,18.157487869262695,191462000,0.0,0.0
2014-12-18,32.599998474121094,33.5,32.29999923706055,33.5,19.310344696044922,93783000,0.0,0.0
2014-12-19,33.599998474121094,33.79999923706055,32.599998474121094,33.0,19.022130966186523,88356000,0.0,0.0
2014-12-22,33.5,34.70000076293945,33.29999923706055,34.400001525878906,19.829132080078125,51424000,0.0,0.0
2014-12-23,33.79999923706055,33.900001525878906,33.400001525878906,33.70000076293945,19.42563247680664,39443000,0.0,0.0
2014-12-24,34.0,34.099998474121094,33.70000076293945,33.70000076293945,19.42563247680664,14107000,0.0,0.0
2014-12-25,33.400001525878906,33.400001525878906,32.599998474121094,32.79999923706055,18.90684700012207,25557000,0.0,0.0
2014-12-26,32.900001525878906,33.099998474121094,32.400001525878906,33.0,19.022130966186523,27113000,0.0,0.0
2014-12-29,33.20000076293945,33.20000076293945,32.5,32.599998474121094,18.79155921936035,22957000,0.0,0.0
2014-12-30,32.599998474121094,32.79999923706055,32.29999923706055,32.400001525878906,18.67627716064453,27946000,0.0,0.0
2015-01-05,33.0,33.099998474121094,31.299999237060547,31.5,18.157487869262695,66839000,0.0,0.0
2015-01-06,31.0,32.29999923706055,30.600000381469727,32.29999923706055,18.618629455566406,79574000,0.0,0.0
2015-01-07,32.20000076293945,33.5,31.899999618530273,33.400001525878906,19.252702713012695,63603000,0.0,0.0
2015-01-08,34.599998474121094,34.900001525878906,34.0,34.0,19.598560333251953,103834000,0.0,0.0
2015-01-09,34.20000076293945,34.20000076293945,33.5,33.79999923706055,19.483272552490234,60629000,0.0,0.0
2015-01-12,33.5,33.70000076293945,33.29999923706055,33.29999923706055,19.195058822631836,43487000,0.0,0.0
2015-01-13,32.70000076293945,33.0,32.5,32.79999923706055,18.90684700012207,44810000,0.0,0.0
2015-01-14,32.70000076293945,33.29999923706055,32.099998474121094,32.20000076293945,18.560985565185547,60893000,0.0,0.0
2015-01-15,32.599998474121094,32.70000076293945,31.5,31.899999618530273,18.388059616088867,93443000,0.0,0.0
2015-01-16,31.700000762939453,32.5,31.700000762939453,32.20000076293945,18.560985565185547,45471000,0.0,0.0
2015-01-19,32.5,33.400001525878906,32.5,33.29999923706055,19.195058822631836,52269000,0.0,0.0
2015-01-20,33.20000076293945,33.5,33.0,33.5,19.310344696044922,31887000,0.0,0.0
2015-01-21,33.400001525878906,33.400001525878906,32.599998474121094,33.0,19.022130966186523,54089000,0.0,0.0
2015-01-22,33.5,34.20000076293945,33.29999923706055,34.099998474121094,19.65620231628418,60761000,0.0,0.0
2015-01-23,34.20000076293945,34.79999923706055,34.099998474121094,34.79999923706055,20.059701919555664,75699000,0.0,0.0
2015-01-26,34.70000076293945,35.099998474121094,34.5,34.5,19.88677215576172,44951000,0.0,0.0
2015-01-27,34.599998474121094,35.0,34.5,35.0,20.174985885620117,32516000,0.0,0.0
2015-01-28,35.5,35.5,34.599998474121094,34.900001525878906,20.117345809936523,42563000,0.0,0.0
2015-01-29,34.900001525878906,35.5,34.900001525878906,35.0,20.174985885620117,39775000,0.0,0.0
2015-01-30,35.400001525878906,35.400001525878906,34.599998474121094,34.599998474121094,19.94441795349121,36313000,0.0,0.0
2015-02-02,35.0,35.599998474121094,35.0,35.5,20.463205337524414,36763000,0.0,0.0
2015-02-03,36.0,37.0,35.900001525878906,37.0,21.327844619750977,68332000,0.0,0.0
2015-02-04,37.79999923706055,38.20000076293945,37.599998474121094,37.79999923706055,21.788984298706055,94397000,0.0,0.0
2015-02-05,36.79999923706055,37.400001525878906,36.29999923706055,37.400001525878906,21.558414459228516,97160000,0.0,0.0
2015-02-06,38.0,38.0,37.400001525878906,37.70000076293945,21.731346130371094,51508000,0.0,0.0
2015-02-09,37.20000076293945,37.5,36.5,36.599998474121094,21.097274780273438,39963000,0.0,0.0
2015-02-10,36.5,36.79999923706055,36.0,36.099998474121094,20.809059143066406,37241000,0.0,0.0
2015-02-11,36.0,36.20000076293945,35.29999923706055,35.70000076293945,20.578481674194336,83261000,0.0,0.0
2015-02-12,35.5,35.900001525878906,35.20000076293945,35.900001525878906,20.693775177001953,61431000,0.0,0.0
2015-02-13,36.0,36.900001525878906,35.900001525878906,36.900001525878906,21.270200729370117,49116000,0.0,0.0
2015-02-16,36.70000076293945,36.900001525878906,36.20000076293945,36.20000076293945,20.866703033447266,26818000,0.0,0.0
2015-02-17,36.20000076293945,36.20000076293945,35.400001525878906,35.400001525878906,20.405559539794922,37013000,0.0,0.0
2015-02-18,35.70000076293945,36.0,35.400001525878906,35.599998474121094,20.520845413208008,28497000,0.0,0.0
2015-02-19,35.5,35.599998474121094,34.5,34.5,19.88677215576172,37116000,0.0,0.0
2015-02-20,34.70000076293945,35.0,34.5,34.5,19.88677215576172,38253000,0.0,0.0
2015-02-23,34.400001525878906,34.599998474121094,33.70000076293945,33.79999923706055,19.483272552490234,42165000,0.0,0.0
2015-02-24,33.79999923706055,34.5,33.79999923706055,34.099998474121094,19.65620231628418,37941000,0.0,0.0
2015-02-25,34.20000076293945,34.5,33.79999923706055,33.79999923706055,19.483272552490234,22008000,0.0,0.0
2015-02-26,34.0,34.5,33.400001525878906,34.5,19.88677215576172,37681000,0.0,0.0
2015-02-27,34.099998474121094,34.400001525878906,33.900001525878906,34.29999923706055,19.771488189697266,28532000,0.0,0.0
2015-03-02,34.29999923706055,35.20000076293945,34.0,35.0,20.174985885620117,41394000,0.0,0.0
2015-03-03,34.5,34.5,34.0,34.0,19.882596969604492,33855000,0.5,0.0
2015-03-05,34.0,34.0,33.20000076293945,33.20000076293945,19.41477394104004,52032000,0.0,0.0
2015-03-06,32.900001525878906,33.20000076293945,32.79999923706055,32.900001525878906,19.23933982849121,64425000,0.0,0.0
2015-03-09,32.70000076293945,33.29999923706055,32.599998474121094,33.20000076293945,19.41477394104004,32683000,0.0,0.0
2015-03-10,33.5,33.70000076293945,33.0,33.0,19.297813415527344,40727000,0.0,0.0
2015-03-11,33.29999923706055,33.5,33.0,33.0,19.297813415527344,51385000,0.0,0.0
2015-03-12,32.900001525878906,33.29999923706055,32.599998474121094,32.70000076293945,19.122379302978516,51608000,0.0,0.0
2015-03-13,32.79999923706055,32.79999923706055,32.400001525878906,32.400001525878906,18.946945190429688,42802000,0.0,0.0
2015-03-16,32.20000076293945,32.29999923706055,31.700000762939453,31.700000762939453,18.537595748901367,35328000,0.0,0.0
2015-03-17,32.20000076293945,32.29999923706055,31.799999237060547,31.899999618530273,18.654552459716797,36098000,0.0,0.0
2015-03-18,31.899999618530273,32.70000076293945,31.799999237060547,32.599998474121094,19.06389808654785,31882000,0.0,0.0
2015-03-19,32.900001525878906,33.0,32.599998474121094,32.70000076293945,19.122379302978516,26435000,0.0,0.0
2015-03-20,32.79999923706055,32.900001525878906,32.20000076293945,32.20000076293945,18.829986572265625,30220000,0.0,0.0
2015-03-23,32.5,32.70000076293945,32.5,32.599998474121094,19.06389808654785,17820000,0.0,0.0
2015-03-24,32.5,33.099998474121094,32.400001525878906,33.099998474121094,19.356292724609375,29377000,0.0,0.0
2015-03-25,33.099998474121094,33.29999923706055,32.5,32.5,19.00542449951172,22411000,0.0,0.0
2015-03-26,32.599998474121094,33.20000076293945,32.5,32.599998474121094,19.06389808654785,54960000,0.0,0.0
2015-03-27,32.599998474121094,33.0,32.5,32.5,19.00542449951172,31596000,0.0,0.0
2015-03-30,32.599998474121094,32.70000076293945,32.099998474121094,32.099998474121094,18.771509170532227,28217000,0.0,0.0
2015-03-31,32.099998474121094,32.5,32.099998474121094,32.29999923706055,18.888465881347656,31506000,0.0,0.0
2015-04-01,32.29999923706055,32.70000076293945,32.20000076293945,32.400001525878906,18.946945190429688,29432000,0.0,0.0
2015-04-02,32.599998474121094,33.29999923706055,32.5,32.79999923706055,19.180856704711914,100919000,0.0,0.0
2015-04-03,32.79999923706055,33.0,32.599998474121094,33.0,19.297813415527344,31769000,0.0,0.0
2015-04-07,33.29999923706055,34.29999923706055,33.20000076293945,34.099998474121094,19.941076278686523,61503000,0.0,0.0
2015-04-08,34.20000076293945,34.400001525878906,33.900001525878906,34.0,19.882596969604492,28401000,0.0,0.0
2015-04-09,33.900001525878906,34.0,33.20000076293945,33.20000076293945,19.41477394104004,33125000,0.0,0.0
2015-04-10,33.29999923706055,33.599998474121094,33.29999923706055,33.400001525878906,19.531726837158203,29983000,0.0,0.0
2015-04-16,35.0,35.599998474121094,34.70000076293945,35.5,20.75977325439453,123194000,0.0,0.0
2015-04-17,35.900001525878906,36.5,35.70000076293945,36.099998474121094,21.110639572143555,79201000,0.0,0.0
2015-04-20,35.79999923706055,36.099998474121094,35.20000076293945,35.20000076293945,20.58433723449707,95184000,0.0,0.0
2015-04-21,35.400001525878906,35.599998474121094,35.29999923706055,35.400001525878906,20.701292037963867,30895000,0.0,0.0
2015-04-22,35.20000076293945,35.5,34.599998474121094,34.599998474121094,20.23346519470215,47455000,0.0,0.0
2015-04-23,34.79999923706055,35.29999923706055,34.5,34.5,20.174985885620117,53468000,0.0,0.0
2015-04-24,34.900001525878906,35.599998474121094,34.70000076293945,35.599998474121094,20.81825065612793,52362000,0.0,0.0
2015-04-27,35.900001525878906,36.20000076293945,35.70000076293945,36.20000076293945,21.169116973876953,50503000,0.0,0.0
2015-04-28,36.5,36.5,35.70000076293945,36.20000076293945,21.169116973876953,35516000,0.0,0.0
2015-04-29,35.70000076293945,36.0,35.29999923706055,35.29999923706055,20.6428165435791,75378000,0.0,0.0
2015-04-30,35.29999923706055,36.099998474121094,35.29999923706055,35.599998474121094,20.81825065612793,44195000,0.0,0.0
2015-05-04,35.599998474121094,35.599998474121094,35.599998474121094,35.599998474121094,20.81825065612793,0,0.0,0.0
2015-05-06,36.20000076293945,36.29999923706055,35.900001525878906,36.20000076293945,21.169116973876953,56475000,0.0,0.0
2015-05-07,36.20000076293945,36.29999923706055,35.599998474121094,35.900001525878906,20.993682861328125,41050000,0.0,0.0
2015-05-08,35.900001525878906,36.0,35.5,35.900001525878906,20.993682861328125,23699000,0.0,0.0
2015-05-11,36.0,36.099998474121094,35.400001525878906,35.400001525878906,20.701292037963867,20821000,0.0,0.0
2015-05-12,35.400001525878906,35.599998474121094,34.400001525878906,34.5,20.174985885620117,54956000,0.0,0.0
2015-05-13,34.79999923706055,35.400001525878906,34.70000076293945,35.400001525878906,20.701292037963867,38485000,0.0,0.0
2015-05-14,35.5,35.599998474121094,35.0,35.20000076293945,20.58433723449707,21417000,0.0,0.0
2015-05-15,35.0,36.099998474121094,35.0,36.099998474121094,21.110639572143555,27196000,0.0,0.0
2015-05-18,35.79999923706055,36.20000076293945,35.599998474121094,36.0,21.052162170410156,48006000,0.0,0.0
2015-05-19,36.0,36.79999923706055,35.900001525878906,36.79999923706055,21.51998519897461,69126000,0.0,0.0
2015-05-20,36.400001525878906,36.599998474121094,36.099998474121094,36.099998474121094,21.110639572143555,40044000,0.0,0.0
2015-05-21,36.29999923706055,36.599998474121094,36.20000076293945,36.5,21.344552993774414,31370000,0.0,0.0
2015-05-22,36.599998474121094,37.0,36.099998474121094,36.099998474121094,21.110639572143555,58022000,0.0,0.0
2015-05-25,36.20000076293945,36.400001525878906,36.0,36.099998474121094,21.110639572143555,33994000,0.0,0.0
2015-05-26,36.29999923706055,36.29999923706055,35.900001525878906,36.0,21.052162170410156,29498000,0.0,0.0
2015-05-27,35.599998474121094,35.79999923706055,35.20000076293945,35.5,20.75977325439453,56256000,0.0,0.0
2015-05-28,35.70000076293945,35.70000076293945,34.900001525878906,35.0,20.467376708984375,48444000,0.0,0.0
2015-05-29,35.29999923706055,35.29999923706055,34.70000076293945,34.70000076293945,20.291946411132812,58918000,0.0,0.0
2015-06-02,34.599998474121094,34.79999923706055,34.20000076293945,34.20000076293945,19.999555587768555,59536000,0.0,0.0
2015-06-03,34.29999923706055,34.5,34.0,34.0,19.882596969604492,52615000,0.0,0.0
2015-06-04,34.0,34.099998474121094,33.29999923706055,33.70000076293945,19.707164764404297,73232000,0.0,0.0
2015-06-05,33.599998474121094,34.70000076293945,33.5,34.599998474121094,20.23346519470215,41235000,0.0,0.0
2015-06-08,34.400001525878906,34.599998474121094,34.0,34.400001525878906,20.116512298583984,31455000,0.0,0.0
2015-06-09,34.20000076293945,34.29999923706055,33.599998474121094,33.70000076293945,19.707164764404297,45923000,0.0,0.0
2015-06-10,34.0,34.599998474121094,34.0,34.400001525878906,20.116512298583984,56347000,0.0,0.0
2015-06-11,35.0,35.0,34.29999923706055,34.29999923706055,20.05803108215332,56863000,0.0,0.0
2015-06-12,34.20000076293945,34.29999923706055,33.900001525878906,33.900001525878906,19.824115753173828,36506000,0.0,0.0
2015-06-15,33.79999923706055,34.099998474121094,33.79999923706055,34.0,19.882596969604492,19866000,0.0,0.0
2015-06-16,34.099998474121094,34.79999923706055,34.099998474121094,34.599998474121094,20.23346519470215,35269000,0.0,0.0
2015-06-17,34.900001525878906,35.5,34.79999923706055,35.5,20.75977325439453,48115000,0.0,0.0
2015-06-18,35.599998474121094,35.70000076293945,35.20000076293945,35.5,20.75977325439453,41543000,0.0,0.0
2015-06-19,35.79999923706055,35.900001525878906,35.20000076293945,35.400001525878906,20.701292037963867,43165000,0.0,0.0
2015-06-22,35.599998474121094,35.900001525878906,35.400001525878906,35.599998474121094,20.81825065612793,27766000,0.0,0.0
2015-06-23,36.0,36.0,35.400001525878906,35.70000076293945,20.876724243164062,39035000,0.0,0.0
2015-06-24,35.79999923706055,36.20000076293945,35.70000076293945,36.20000076293945,21.169116973876953,33513000,0.0,0.0
2015-06-25,36.29999923706055,36.70000076293945,36.0,36.70000076293945,21.461505889892578,51897000,0.0,0.0
2015-06-26,36.400001525878906,36.599998474121094,36.29999923706055,36.400001525878906,21.286073684692383,23457000,0.0,0.0
2015-06-29,35.900001525878906,36.599998474121094,35.599998474121094,36.29999923706055,21.227598190307617,52222000,0.0,0.0
2015-06-30,36.20000076293945,36.5,35.70000076293945,35.900001525878906,20.993682861328125,40319000,0.0,0.0
2015-07-02,35.599998474121094,36.099998474121094,35.599998474121094,35.599998474121094,20.81825065612793,40634000,0.0,0.0
2015-07-03,35.599998474121094,35.70000076293945,35.20000076293945,35.400001525878906,20.701292037963867,27073000,0.0,0.0
2015-07-06,35.099998474121094,35.20000076293945,34.5,34.70000076293945,20.291946411132812,42261000,0.0,0.0
2015-07-07,34.599998474121094,34.900001525878906,34.29999923706055,34.900001525878906,20.408899307250977,54097000,0.0,0.0
2015-07-08,34.599998474121094,34.599998474121094,33.79999923706055,34.0,19.882596969604492,95805000,0.0,0.0
2015-07-09,34.0,34.20000076293945,33.5,33.79999923706055,19.76563835144043,84147000,0.0,0.0
2015-07-10,34.20000076293945,34.5,33.79999923706055,34.099998474121094,19.941076278686523,73705000,0.0,0.0
2015-07-13,33.79999923706055,34.099998474121094,33.70000076293945,33.79999923706055,19.76563835144043,45130000,0.0,0.0
2015-07-14,33.900001525878906,34.099998474121094,33.70000076293945,33.79999923706055,19.76563835144043,36427000,0.0,0.0
2015-07-15,33.900001525878906,34.29999923706055,33.79999923706055,33.79999923706055,19.76563835144043,56453000,0.0,0.0
2015-07-16,33.900001525878906,34.0,33.599998474121094,33.900001525878906,19.824115753173828,30595000,0.0,0.0
2015-07-17,33.79999923706055,33.900001525878906,33.29999923706055,33.400001525878906,19.531726837158203,29172000,0.0,0.0
2015-07-20,33.400001525878906,33.5,32.70000076293945,33.0,19.297813415527344,46382000,0.0,0.0
2015-07-21,33.0,33.0,32.0,32.20000076293945,18.829986572265625,71853000,0.0,0.0
2015-07-22,32.099998474121094,32.099998474121094,31.399999618530273,31.399999618530273,18.362165451049805,108373000,0.0,0.0
2015-07-23,31.200000762939453,32.20000076293945,31.200000762939453,31.899999618530273,18.654552459716797,81681000,0.0,0.0
2015-07-24,31.799999237060547,31.799999237060547,31.399999618530273,31.700000762939453,18.537595748901367,33446000,0.0,0.0
2015-07-27,31.5,31.799999237060547,31.0,31.399999618530273,18.362165451049805,50177000,0.0,0.0
2015-07-28,31.700000762939453,31.799999237060547,31.399999618530273,31.399999618530273,18.362165451049805,46636000,0.0,0.0
2015-07-29,31.600000381469727,32.099998474121094,31.399999618530273,31.700000762939453,18.537595748901367,44152000,0.0,0.0
2015-07-31,31.899999618530273,32.599998474121094,31.700000762939453,32.599998474121094,19.06389808654785,79456000,0.0,0.0
2015-08-03,32.5,32.70000076293945,32.099998474121094,32.70000076293945,19.122379302978516,30736000,0.0,0.0
2015-08-04,32.400001525878906,32.5,31.700000762939453,31.799999237060547,18.59607696533203,65712000,0.0,0.0
2015-08-05,32.0,32.29999923706055,31.899999618530273,31.899999618530273,18.654552459716797,50438000,0.0,0.0
2015-08-06,31.899999618530273,32.099998474121094,31.5,31.600000381469727,18.47911834716797,34230000,0.0,0.0
2015-08-07,31.600000381469727,31.799999237060547,31.299999237060547,31.5,18.42064094543457,26753000,0.0,0.0
2015-08-10,31.299999237060547,31.5,31.200000762939453,31.299999237060547,18.30368423461914,27794000,0.0,0.0
2015-08-11,31.600000381469727,31.700000762939453,30.799999237060547,30.799999237060547,18.011293411254883,49304000,0.0,0.0
2015-08-13,30.5,30.5,29.399999618530273,30.0,17.54346466064453,123679000,0.0,0.0
2015-08-14,29.799999237060547,30.399999618530273,29.600000381469727,30.200000762939453,17.660423278808594,65341000,0.0,0.0
2015-08-17,30.0,30.200000762939453,29.700000762939453,29.700000762939453,17.368030548095703,46453000,0.0,0.0
2015-08-18,29.200000762939453,29.299999237060547,27.799999237060547,28.0,16.373903274536133,209705000,0.0,0.0
2015-08-19,28.200000762939453,28.299999237060547,27.299999237060547,27.299999237060547,15.964553833007812,217403000,0.0,0.0
2015-08-20,27.0,27.100000381469727,25.799999237060547,25.799999237060547,15.087379455566406,332640000,0.0,0.0
2015-08-21,25.600000381469727,26.600000381469727,25.5,26.5,15.49673080444336,188401000,0.0,0.0
2015-08-24,25.200000762939453,25.399999618530273,24.0,24.0,14.034772872924805,209211000,0.0,0.0
2015-08-25,25.0,25.200000762939453,24.299999237060547,25.200000762939453,14.736513137817383,205808000,0.0,0.0
2015-08-26,24.799999237060547,25.5,24.799999237060547,24.899999618530273,14.561079025268555,103364000,0.0,0.0
2015-08-27,25.5,26.100000381469727,25.399999618530273,25.899999618530273,15.14586067199707,113436000,0.0,0.0
2015-08-28,27.100000381469727,27.299999237060547,26.5,26.899999618530273,15.730639457702637,159151000,0.0,0.0
2015-08-31,27.100000381469727,27.200000762939453,26.5,26.799999237060547,15.672161102294922,86789000,0.0,0.0
2015-09-01,27.100000381469727,27.5,26.399999618530273,26.399999618530273,15.438249588012695,108968000,0.0,0.0
2015-09-02,26.200000762939453,26.700000762939453,26.0,26.600000381469727,15.55521011352539,69919000,0.0,0.0
2015-09-03,26.700000762939453,26.799999237060547,26.399999618530273,26.399999618530273,15.438249588012695,35388000,0.0,0.0
2015-09-04,26.299999237060547,26.600000381469727,26.0,26.0,15.204339981079102,56270000,0.0,0.0
2015-09-07,25.899999618530273,26.100000381469727,25.700000762939453,26.0,15.204339981079102,36788000,0.0,0.0
2015-09-08,26.0,26.100000381469727,25.5,26.0,15.204339981079102,82443000,0.0,0.0
2015-09-09,26.399999618530273,26.5,26.100000381469727,26.299999237060547,15.379772186279297,97989000,0.0,0.0
2015-09-10,25.600000381469727,25.700000762939453,25.5,25.600000381469727,15.319929122924805,43460000,0.6,0.0
2015-09-11,25.700000762939453,25.899999618530273,25.100000381469727,25.100000381469727,15.020711898803711,61988000,0.0,0.0
2015-09-14,24.799999237060547,24.899999618530273,24.399999618530273,24.600000381469727,14.721495628356934,74743000,0.0,0.0
2015-09-15,24.600000381469727,24.799999237060547,24.399999618530273,24.700000762939453,14.78133773803711,39564000,0.0,0.0
2015-09-16,25.0,25.200000762939453,24.799999237060547,25.0,14.960869789123535,66661000,0.0,0.0
2015-09-17,25.399999618530273,25.700000762939453,25.299999237060547,25.5,15.260083198547363,69445000,0.0,0.0
2015-09-18,25.600000381469727,25.700000762939453,25.299999237060547,25.299999237060547,15.140398979187012,40635000,0.0,0.0
2015-09-21,25.0,25.600000381469727,25.0,25.600000381469727,15.319929122924805,30646000,0.0,0.0
2015-09-22,25.600000381469727,25.700000762939453,25.0,25.0,14.960869789123535,56291000,0.0,0.0
2015-09-23,25.0,25.299999237060547,24.899999618530273,25.200000762939453,15.080554962158203,43521000,0.0,0.0
2015-09-24,24.899999618530273,25.100000381469727,24.700000762939453,24.700000762939453,14.78133773803711,59983000,0.0,0.0
2015-09-25,24.700000762939453,25.200000762939453,24.700000762939453,25.0,14.960869789123535,40640000,0.0,0.0
2015-09-28,24.799999237060547,24.799999237060547,24.5,24.5,14.661650657653809,43538000,0.0,0.0
2015-09-29,24.100000381469727,24.600000381469727,24.100000381469727,24.299999237060547,14.541967391967773,74522000,0.0,0.0
2015-09-30,24.299999237060547,24.600000381469727,24.0,24.0,14.362432479858398,58400000,0.0,0.0
2015-10-01,24.299999237060547,24.399999618530273,24.0,24.100000381469727,14.42227554321289,42813000,0.0,0.0
2015-10-02,24.100000381469727,24.600000381469727,24.0,24.600000381469727,14.721495628356934,38317000,0.0,0.0
2015-10-05,24.700000762939453,25.299999237060547,24.700000762939453,25.299999237060547,15.140398979187012,73268000,0.0,0.0
2015-10-06,25.5,25.700000762939453,25.200000762939453,25.299999237060547,15.140398979187012,80389000,0.0,0.0
2015-10-07,26.0,27.0,25.799999237060547,26.799999237060547,16.038047790527344,170557000,0.0,0.0
2015-10-08,26.799999237060547,27.100000381469727,26.5,26.600000381469727,15.918365478515625,116683000,0.0,0.0
2015-10-09,27.200000762939453,27.5,27.100000381469727,27.200000762939453,16.27742576599121,87900000,0.0,0.0
2015-10-12,27.399999618530273,27.5,26.899999618530273,27.0,16.15774154663086,69376000,0.0,0.0
2015-10-13,26.600000381469727,26.700000762939453,26.200000762939453,26.5,15.858518600463867,81972000,0.0,0.0
2015-10-14,26.399999618530273,26.5,26.100000381469727,26.200000762939453,15.678991317749023,59285000,0.0,0.0
2015-10-15,26.399999618530273,26.799999237060547,26.299999237060547,26.5,15.858518600463867,60896000,0.0,0.0
2015-10-16,26.600000381469727,26.899999618530273,26.5,26.600000381469727,15.918365478515625,61078000,0.0,0.0
2015-10-19,26.700000762939453,26.899999618530273,26.600000381469727,26.700000762939453,15.978212356567383,26691000,0.0,0.0
2015-10-20,26.600000381469727,27.0,26.600000381469727,27.0,16.15774154663086,47416000,0.0,0.0
2015-10-21,27.100000381469727,27.200000762939453,26.799999237060547,26.899999618530273,16.097890853881836,35119000,0.0,0.0
2015-10-22,26.899999618530273,27.0,26.700000762939453,26.899999618530273,16.097890853881836,25262000,0.0,0.0
2015-10-26,27.399999618530273,28.100000381469727,27.200000762939453,28.100000381469727,16.816015243530273,123364000,0.0,0.0
2015-10-27,27.899999618530273,28.799999237060547,27.799999237060547,28.5,17.055389404296875,99649000,0.0,0.0
2015-10-28,28.399999618530273,28.5,28.100000381469727,28.299999237060547,16.935705184936523,96719000,0.0,0.0
2015-10-29,28.600000381469727,28.799999237060547,28.100000381469727,28.200000762939453,16.875864028930664,120303000,0.0,0.0
2015-10-30,28.299999237060547,28.399999618530273,27.399999618530273,27.5,16.45695686340332,89423000,0.0,0.0
2015-11-02,27.600000381469727,28.600000381469727,27.5,28.600000381469727,17.115236282348633,58846000,0.0,0.0
2015-11-03,28.799999237060547,28.899999618530273,28.5,28.700000762939453,17.175077438354492,33438000,0.0,0.0
2015-11-04,29.200000762939453,29.899999618530273,29.100000381469727,29.899999618530273,17.893198013305664,106900000,0.0,0.0
2015-11-05,29.600000381469727,29.799999237060547,29.299999237060547,29.399999618530273,17.593978881835938,53292000,0.0,0.0
2015-11-06,29.200000762939453,29.700000762939453,29.100000381469727,29.600000381469727,17.713668823242188,26194000,0.0,0.0
2015-11-09,29.299999237060547,29.299999237060547,28.600000381469727,28.600000381469727,17.115236282348633,42097000,0.0,0.0
2015-11-10,28.399999618530273,28.5,27.799999237060547,27.799999237060547,16.636486053466797,65327000,0.0,0.0
2015-11-11,27.700000762939453,28.299999237060547,27.600000381469727,27.799999237060547,16.636486053466797,46030000,0.0,0.0
2015-11-12,27.700000762939453,28.299999237060547,27.5,28.299999237060547,16.935705184936523,42489000,0.0,0.0
2015-11-13,27.799999237060547,28.200000762939453,27.600000381469727,27.600000381469727,16.51679801940918,42483000,0.0,0.0
2015-11-16,27.100000381469727,27.5,27.0,27.399999618530273,16.397111892700195,64233000,0.0,0.0
2015-11-17,27.799999237060547,28.0,27.100000381469727,27.100000381469727,16.217580795288086,79156000,0.0,0.0
2015-11-18,27.0,27.200000762939453,26.299999237060547,26.299999237060547,15.738836288452148,95623000,0.0,0.0
2015-11-19,26.600000381469727,27.100000381469727,26.5,26.899999618530273,16.097890853881836,34797000,0.0,0.0
2015-11-20,26.899999618530273,27.5,26.700000762939453,27.5,16.45695686340332,35110000,0.0,0.0
2015-11-23,27.5,27.600000381469727,27.100000381469727,27.100000381469727,16.217580795288086,19655000,0.0,0.0
2015-11-24,27.200000762939453,27.5,26.799999237060547,26.899999618530273,16.097890853881836,23787000,0.0,0.0
2015-11-25,27.100000381469727,27.399999618530273,27.0,27.0,16.15774154663086,43581000,0.0,0.0
2015-11-26,27.200000762939453,27.299999237060547,26.799999237060547,26.799999237060547,16.038047790527344,30692000,0.0,0.0
2015-11-27,26.700000762939453,27.0,26.5,26.5,15.858518600463867,18817000,0.0,0.0
2015-11-30,26.5,26.700000762939453,25.600000381469727,25.600000381469727,15.319929122924805,96058000,0.0,0.0
2015-12-01,25.700000762939453,25.799999237060547,25.0,25.299999237060547,15.140398979187012,112072000,0.0,0.0
2015-12-02,25.5,25.899999618530273,25.0,25.0,14.960869789123535,60993000,0.0,0.0
2015-12-03,24.799999237060547,25.700000762939453,24.799999237060547,25.700000762939453,15.37977409362793,46414000,0.0,0.0
2015-12-04,25.399999618530273,25.600000381469727,25.0,25.200000762939453,15.080554962158203,32764000,0.0,0.0
2015-12-08,24.200000762939453,24.5,24.100000381469727,24.100000381469727,14.42227554321289,63262000,0.0,0.0
2015-12-09,24.299999237060547,24.5,23.100000381469727,23.200000762939453,13.883685111999512,94004000,0.0,0.0
2015-12-11,22.899999618530273,23.0,22.0,22.0,13.165562629699707,129782000,0.0,0.0
2015-12-14,21.100000381469727,22.600000381469727,20.600000381469727,22.399999618530273,13.404937744140625,166170000,0.0,0.0
2015-12-15,22.899999618530273,23.399999618530273,22.399999618530273,23.399999618530273,14.003373146057129,91361000,0.0,0.0
2015-12-16,23.700000762939453,24.399999618530273,23.600000381469727,24.0,14.362432479858398,97436000,0.0,0.0
2015-12-17,23.700000762939453,24.399999618530273,23.399999618530273,24.200000762939453,14.482124328613281,53247000,0.0,0.0
2015-12-18,23.799999237060547,23.799999237060547,22.5,22.5,13.464778900146484,69286000,0.0,0.0
2015-12-21,22.600000381469727,23.200000762939453,22.5,23.200000762939453,13.883685111999512,40698000,0.0,0.0
2015-12-22,23.299999237060547,24.0,23.299999237060547,24.0,14.362432479858398,40191000,0.0,0.0
2015-12-23,24.200000762939453,24.799999237060547,24.200000762939453,24.799999237060547,14.841177940368652,50947000,0.0,0.0
2015-12-24,25.299999237060547,25.399999618530273,24.899999618530273,25.0,14.960869789123535,42080000,0.0,0.0
2015-12-25,25.100000381469727,25.100000381469727,24.5,24.799999237060547,14.841177940368652,19908000,0.0,0.0
2015-12-28,24.799999237060547,24.899999618530273,24.299999237060547,24.700000762939453,14.78133773803711,13357000,0.0,0.0
2015-12-29,24.200000762939453,24.399999618530273,23.600000381469727,23.700000762939453,14.182902336120605,47679000,0.0,0.0
2015-12-30,23.899999618530273,24.700000762939453,23.799999237060547,24.399999618530273,14.601805686950684,52110000,0.0,0.0
2016-01-04,24.799999237060547,25.0,23.799999237060547,23.799999237060547,14.242745399475098,57964000,0.0,0.0
2016-01-05,23.899999618530273,24.100000381469727,22.5,22.700000762939453,13.584467887878418,88229000,0.0,0.0
2016-01-06,22.5,22.899999618530273,22.200000762939453,22.799999237060547,13.644311904907227,65320000,0.0,0.0
2016-01-07,21.5,21.600000381469727,20.600000381469727,20.899999618530273,12.507284164428711,182186000,0.0,0.0
2016-01-08,21.299999237060547,21.700000762939453,20.899999618530273,21.5,12.866344451904297,108961000,0.0,0.0
2016-01-11,21.100000381469727,21.299999237060547,20.600000381469727,21.100000381469727,12.626973152160645,82679000,0.0,0.0
2016-01-12,20.600000381469727,21.399999618530273,20.600000381469727,21.399999618530273,12.806501388549805,112532000,0.0,0.0
2016-01-13,21.799999237060547,22.700000762939453,21.399999618530273,22.700000762939453,13.584467887878418,135559000,0.0,0.0
2016-01-14,22.100000381469727,22.200000762939453,21.600000381469727,21.899999618530273,13.105718612670898,109356000,0.0,0.0
2016-01-15,21.799999237060547,22.100000381469727,20.600000381469727,20.600000381469727,12.327757835388184,173860000,0.0,0.0
2016-01-18,19.899999618530273,20.200000762939453,19.700000762939453,19.799999237060547,11.849007606506348,187252000,0.0,0.0
2016-01-19,20.100000381469727,21.100000381469727,19.899999618530273,21.100000381469727,12.626973152160645,124900000,0.0,0.0
2016-01-20,20.200000762939453,20.5,20.0,20.0,11.968694686889648,99317000,0.0,0.0
2016-01-21,20.700000762939453,20.799999237060547,20.0,20.399999618530273,12.208065032958984,116973000,0.0,0.0
2016-01-22,21.200000762939453,22.0,20.700000762939453,21.799999237060547,13.045876502990723,234268000,0.0,0.0
2016-01-25,22.299999237060547,22.899999618530273,22.0,22.200000762939453,13.285250663757324,188508000,0.0,0.0
2016-01-26,21.799999237060547,22.100000381469727,21.399999618530273,21.899999618530273,13.105718612670898,86434000,0.0,0.0
2016-01-27,22.399999618530273,22.700000762939453,22.100000381469727,22.200000762939453,13.285250663757324,91059000,0.0,0.0
2016-01-28,22.600000381469727,23.600000381469727,22.5,23.5,14.063217163085938,178272000,0.0,0.0
2016-01-29,23.600000381469727,23.700000762939453,23.200000762939453,23.600000381469727,14.123059272766113,106785000,0.0,0.0
2016-02-01,23.5,24.5,23.0,24.0,14.362432479858398,122618000,0.0,0.0
2016-02-02,23.700000762939453,23.700000762939453,23.100000381469727,23.200000762939453,13.883685111999512,65876000,0.0,0.0
2016-02-03,22.600000381469727,23.399999618530273,22.299999237060547,23.399999618530273,14.003373146057129,140363000,0.0,0.0
2016-02-04,24.0,24.299999237060547,23.799999237060547,23.799999237060547,14.242745399475098,121277000,0.0,0.0
2016-02-05,24.0,24.200000762939453,23.700000762939453,24.200000762939453,14.482124328613281,59869000,0.0,0.0
2016-02-08,24.0,24.399999618530273,23.899999618530273,24.0,14.362432479858398,44604000,0.0,0.0
2016-02-09,23.700000762939453,24.100000381469727,23.5,24.100000381469727,14.42227554321289,71480000,0.0,0.0
2016-02-10,23.700000762939453,23.799999237060547,23.399999618530273,23.600000381469727,14.123059272766113,87104000,0.0,0.0
2016-02-11,23.299999237060547,23.600000381469727,22.799999237060547,22.799999237060547,13.644311904907227,121482000,0.0,0.0
2016-02-12,22.799999237060547,22.799999237060547,22.799999237060547,22.799999237060547,13.644311904907227,0,0.0,0.0
2016-02-15,23.399999618530273,23.799999237060547,23.299999237060547,23.5,14.063217163085938,94254000,0.0,0.0
2016-02-16,23.899999618530273,24.299999237060547,23.700000762939453,23.799999237060547,14.242745399475098,136801000,0.0,0.0
2016-02-17,23.600000381469727,24.299999237060547,23.5,24.299999237060547,14.541967391967773,115501000,0.0,0.0
2016-02-18,24.799999237060547,25.200000762939453,24.5,25.0,14.960869789123535,198933000,0.0,0.0
2016-02-19,24.700000762939453,26.0,24.700000762939453,25.799999237060547,15.439615249633789,141717000,0.0,0.0
2016-02-23,26.299999237060547,26.799999237060547,26.100000381469727,26.200000762939453,15.678991317749023,158180000,0.0,0.0
2016-02-24,25.799999237060547,26.299999237060547,25.600000381469727,25.799999237060547,15.439615249633789,96511000,0.0,0.0
2016-02-25,26.200000762939453,26.299999237060547,25.799999237060547,26.100000381469727,15.619145393371582,49301000,0.0,0.0
2016-02-26,26.399999618530273,26.600000381469727,26.200000762939453,26.399999618530273,15.798673629760742,64431000,0.0,0.0
2016-02-29,26.299999237060547,26.600000381469727,26.0,26.0,15.559304237365723,72377000,0.0,0.0
2016-03-01,26.299999237060547,27.0,26.100000381469727,26.799999237060547,16.038047790527344,73847000,0.0,0.0
2016-03-02,27.200000762939453,27.5,27.0,27.299999237060547,16.337268829345703,81356000,0.0,0.0
2016-03-03,27.299999237060547,27.5,26.799999237060547,27.200000762939453,16.519468307495117,66218000,0.4,0.0
2016-03-04,27.600000381469727,27.700000762939453,27.299999237060547,27.700000762939453,16.823139190673828,67970000,0.0,0.0
2016-03-07,27.899999618530273,28.899999618530273,27.899999618530273,28.600000381469727,17.369731903076172,87541000,0.0,0.0
2016-03-08,28.899999618530273,29.299999237060547,28.100000381469727,28.100000381469727,17.06606674194336,85029000,0.0,0.0
2016-03-09,27.600000381469727,28.100000381469727,27.200000762939453,28.100000381469727,17.06606674194336,123242000,0.0,0.0
2016-03-10,28.299999237060547,28.399999618530273,27.5,27.5,16.7016658782959,64262000,0.0,0.0
2016-03-11,27.899999618530273,28.299999237060547,27.700000762939453,28.100000381469727,17.06606674194336,65953000,0.0,0.0
2016-03-14,28.399999618530273,28.5,27.600000381469727,27.600000381469727,16.762405395507812,45610000,0.0,0.0
2016-03-15,27.200000762939453,27.399999618530273,26.899999618530273,27.0,16.398000717163086,62291000,0.0,0.0
2016-03-16,27.200000762939453,27.5,26.799999237060547,27.100000381469727,16.458736419677734,70021000,0.0,0.0
2016-03-17,27.799999237060547,28.299999237060547,27.600000381469727,27.799999237060547,16.883867263793945,86568000,0.0,0.0
2016-03-18,28.200000762939453,28.399999618530273,28.0,28.200000762939453,17.126808166503906,74323000,0.0,0.0
2016-03-21,28.200000762939453,28.700000762939453,28.0,28.700000762939453,17.43046760559082,42563000,0.0,0.0
2016-03-22,28.700000762939453,29.100000381469727,28.5,28.799999237060547,17.49120330810547,90877000,0.0,0.0
2016-03-23,28.700000762939453,29.299999237060547,28.600000381469727,29.100000381469727,17.67340087890625,34291000,0.0,0.0
2016-03-24,28.600000381469727,29.0,28.5,28.5,17.309003829956055,46128000,0.0,0.0
2016-03-25,28.5,28.799999237060547,28.200000762939453,28.299999237060547,17.18753433227539,25466000,0.0,0.0
2016-03-28,28.299999237060547,28.5,28.0,28.399999618530273,17.24827003479004,17363000,0.0,0.0
2016-03-29,28.600000381469727,28.600000381469727,28.100000381469727,28.399999618530273,17.24827003479004,41677000,0.0,0.0
2016-03-30,28.600000381469727,29.200000762939453,28.5,28.700000762939453,17.43046760559082,88065000,0.0,0.0
2016-03-31,28.5,28.600000381469727,27.899999618530273,28.0,17.005334854125977,90446000,0.0,0.0
2016-04-01,27.799999237060547,27.899999618530273,27.5,27.799999237060547,16.883867263793945,53343000,0.0,0.0
2016-04-04,27.799999237060547,28.0,27.299999237060547,28.0,17.005334854125977,29776000,0.0,0.0
2016-04-05,27.5,27.700000762939453,27.299999237060547,27.5,16.7016658782959,50528000,0.0,0.0
2016-04-07,27.799999237060547,28.0,27.200000762939453,27.200000762939453,16.519468307495117,57490000,0.0,0.0
2016-04-08,27.299999237060547,28.100000381469727,27.200000762939453,28.0,17.005334854125977,37096000,0.0,0.0
2016-04-11,28.399999618530273,28.700000762939453,28.200000762939453,28.399999618530273,17.24827003479004,47367000,0.0,0.0
2016-04-12,28.700000762939453,28.799999237060547,28.5,28.600000381469727,17.369731903076172,33153000,0.0,0.0
2016-04-18,28.5,28.799999237060547,28.200000762939453,28.799999237060547,17.49120330810547,50914000,0.0,0.0
2016-04-19,29.0,29.799999237060547,28.899999618530273,29.799999237060547,18.098533630371094,99855000,0.0,0.0
2016-04-20,29.799999237060547,30.399999618530273,29.600000381469727,30.299999237060547,18.40220069885254,94781000,0.0,0.0
2016-04-21,31.0,31.5,30.899999618530273,31.299999237060547,19.00953483581543,88475000,0.0,0.0
2016-04-22,31.399999618530273,31.5,31.0,31.0,18.827335357666016,54574000,0.0,0.0
2016-04-25,30.799999237060547,30.899999618530273,30.200000762939453,30.299999237060547,18.40220069885254,36220000,0.0,0.0
2016-04-26,30.200000762939453,30.5,29.799999237060547,30.200000762939453,18.341466903686523,77175000,0.0,0.0
2016-04-27,30.5,30.700000762939453,30.200000762939453,30.299999237060547,18.40220069885254,61781000,0.0,0.0
2016-04-28,30.600000381469727,30.700000762939453,30.100000381469727,30.299999237060547,18.40220069885254,46545000,0.0,0.0
2016-04-29,30.399999618530273,30.5,30.100000381469727,30.399999618530273,18.462934494018555,25032000,0.0,0.0
2016-05-03,30.299999237060547,30.5,29.700000762939453,29.700000762939453,18.037799835205078,48022000,0.0,0.0
2016-05-04,29.399999618530273,29.399999618530273,29.0,29.299999237060547,17.79486846923828,56663000,0.0,0.0
2016-05-09,29.700000762939453,30.100000381469727,29.600000381469727,29.899999618530273,18.159269332885742,81288000,0.0,0.0
2016-05-10,29.299999237060547,29.799999237060547,29.100000381469727,29.399999618530273,17.855602264404297,56019000,0.0,0.0
2016-05-11,29.700000762939453,29.899999618530273,29.200000762939453,29.200000762939453,17.734132766723633,39194000,0.0,0.0
2016-05-12,29.399999618530273,30.5,29.200000762939453,30.5,18.523666381835938,60379000,0.0,0.0
2016-05-13,30.600000381469727,30.600000381469727,30.0,30.0,18.220001220703125,49311000,0.0,0.0
2016-05-16,30.600000381469727,31.0,30.5,30.700000762939453,18.645137786865234,42495000,0.0,0.0
2016-05-17,31.0,31.5,30.899999618530273,31.200000762939453,18.948802947998047,71027000,0.0,0.0
2016-05-18,31.5,31.600000381469727,31.0,31.100000381469727,18.88806915283203,54777000,0.0,0.0
2016-05-19,30.899999618530273,31.0,30.200000762939453,30.299999237060547,18.40220069885254,64349000,0.0,0.0
2016-05-23,30.0,30.200000762939453,29.600000381469727,29.899999618530273,18.159269332885742,58861000,0.0,0.0
2016-05-24,29.799999237060547,30.0,29.200000762939453,29.5,17.916336059570312,82205000,0.0,0.0
2016-05-25,30.100000381469727,30.299999237060547,29.899999618530273,30.0,18.220001220703125,50621000,0.0,0.0
2016-05-26,30.200000762939453,30.5,30.100000381469727,30.5,18.523666381835938,47602000,0.0,0.0
2016-05-27,30.299999237060547,30.899999618530273,30.299999237060547,30.700000762939453,18.645137786865234,45805000,0.0,0.0
2016-05-30,31.0,31.299999237060547,30.799999237060547,31.0,18.827335357666016,65620000,0.0,0.0
2016-05-31,31.100000381469727,31.200000762939453,30.100000381469727,30.100000381469727,18.280736923217773,104296000,0.0,0.0
2016-06-01,30.100000381469727,30.399999618530273,29.799999237060547,29.899999618530273,18.159269332885742,38817000,0.0,0.0
2016-06-02,30.100000381469727,30.700000762939453,30.0,30.5,18.523666381835938,57747000,0.0,0.0
2016-06-03,30.899999618530273,30.899999618530273,30.299999237060547,30.600000381469727,18.584400177001953,72826000,0.0,0.0
2016-06-06,30.799999237060547,30.899999618530273,30.5,30.799999237060547,18.70586585998535,38724000,0.0,0.0
2016-06-07,30.899999618530273,31.100000381469727,30.799999237060547,30.899999618530273,18.766605377197266,59956000,0.0,0.0
2016-06-08,31.100000381469727,31.700000762939453,31.0,31.700000762939453,19.25246810913086,80730000,0.0,0.0
2016-06-09,32.0,32.5,31.899999618530273,31.899999618530273,19.373931884765625,104966000,0.0,0.0
2016-06-10,31.799999237060547,32.0,31.600000381469727,31.700000762939453,19.25246810913086,37433000,0.0,0.0
2016-06-13,31.100000381469727,31.600000381469727,30.899999618530273,31.600000381469727,19.191734313964844,54049000,0.0,0.0
2016-06-14,31.399999618530273,31.799999237060547,31.299999237060547,31.700000762939453,19.25246810913086,36829000,0.0,0.0
2016-06-15,31.600000381469727,32.0,31.299999237060547,31.899999618530273,19.373931884765625,48690000,0.0,0.0
2016-06-16,31.600000381469727,31.700000762939453,31.200000762939453,31.299999237060547,19.00953483581543,69109000,0.0,0.0
2016-06-17,31.399999618530273,31.700000762939453,31.100000381469727,31.700000762939453,19.25246810913086,41194000,0.0,0.0
2016-06-20,32.0,32.0,31.700000762939453,31.799999237060547,19.313201904296875,34970000,0.0,0.0
2016-06-21,31.700000762939453,31.899999618530273,31.700000762939453,31.899999618530273,19.373931884765625,34050000,0.0,0.0
2016-06-22,31.899999618530273,32.20000076293945,31.799999237060547,32.0,19.434669494628906,30714000,0.0,0.0
2016-06-23,32.0,32.5,31.700000762939453,32.400001525878906,19.677602767944336,49061000,0.0,0.0
2016-06-24,31.700000762939453,31.799999237060547,30.600000381469727,30.799999237060547,18.70586585998535,211690000,0.0,0.0
2016-06-27,30.799999237060547,31.100000381469727,30.600000381469727,30.899999618530273,18.766605377197266,68334000,0.0,0.0
2016-06-28,31.0,31.200000762939453,30.799999237060547,31.200000762939453,18.948802947998047,50687000,0.0,0.0
2016-06-29,31.399999618530273,31.700000762939453,31.200000762939453,31.200000762939453,18.948802947998047,65685000,0.0,0.0
2016-06-30,31.399999618530273,31.600000381469727,31.100000381469727,31.299999237060547,19.00953483581543,44996000,0.0,0.0
2016-07-04,31.5,31.5,31.200000762939453,31.399999618530273,19.070268630981445,21745000,0.0,0.0
2016-07-05,31.399999618530273,31.399999618530273,31.100000381469727,31.200000762939453,18.948802947998047,27224000,0.0,0.0
2016-07-06,31.0,31.200000762939453,30.799999237060547,31.0,18.827335357666016,43849000,0.0,0.0
2016-07-07,31.299999237060547,31.600000381469727,31.299999237060547,31.399999618530273,19.070268630981445,45143000,0.0,0.0
2016-07-08,31.200000762939453,31.299999237060547,31.0,31.200000762939453,18.948802947998047,35489000,0.0,0.0
2016-07-11,31.299999237060547,31.399999618530273,30.700000762939453,30.899999618530273,18.766605377197266,43606000,0.0,0.0
2016-07-12,31.100000381469727,31.299999237060547,30.799999237060547,31.299999237060547,19.00953483581543,48197000,0.0,0.0
2016-07-13,31.399999618530273,31.600000381469727,31.200000762939453,31.5,19.13100242614746,47728000,0.0,0.0
2016-07-14,31.5,32.400001525878906,31.299999237060547,32.400001525878906,19.677602767944336,75915000,0.0,0.0
2016-07-15,32.5,33.099998474121094,32.29999923706055,32.70000076293945,19.859800338745117,101971000,0.0,0.0
2016-07-20,33.0,33.70000076293945,32.79999923706055,33.70000076293945,20.46713638305664,78389000,0.0,0.0
2016-07-21,33.599998474121094,34.099998474121094,33.5,33.599998474121094,20.40639877319336,46017000,0.0,0.0
2016-07-22,33.29999923706055,34.20000076293945,33.29999923706055,34.20000076293945,20.770803451538086,48454000,0.0,0.0
2016-07-25,33.900001525878906,34.20000076293945,33.79999923706055,33.900001525878906,20.588603973388672,26807000,0.0,0.0
2016-07-26,33.79999923706055,33.900001525878906,32.79999923706055,32.900001525878906,19.98126983642578,92129000,0.0,0.0
2016-07-27,33.20000076293945,33.400001525878906,32.900001525878906,33.0,20.042001724243164,43536000,0.0,0.0
2016-07-28,32.79999923706055,33.5,32.5,33.400001525878906,20.28493881225586,55129000,0.0,0.0
2016-07-29,33.400001525878906,33.599998474121094,32.900001525878906,33.0,20.042001724243164,58452000,0.0,0.0
2016-08-01,33.20000076293945,33.5,32.70000076293945,32.70000076293945,19.859800338745117,51573000,0.0,0.0
2016-08-02,32.29999923706055,32.400001525878906,31.799999237060547,31.899999618530273,19.373931884765625,71025000,0.0,0.0
2016-08-03,32.0,32.29999923706055,31.700000762939453,32.099998474121094,19.495397567749023,44463000,0.0,0.0
2016-08-04,32.599998474121094,33.400001525878906,32.5,33.20000076293945,20.163469314575195,69369000,0.0,0.0
2016-08-05,33.5,33.70000076293945,33.29999923706055,33.5,20.345666885375977,44521000,0.0,0.0
2016-08-08,34.0,34.099998474121094,33.599998474121094,33.70000076293945,20.46713638305664,64479000,0.0,0.0
2016-08-09,33.79999923706055,34.20000076293945,33.79999923706055,33.79999923706055,20.527870178222656,46548000,0.0,0.0
2016-08-10,33.79999923706055,34.0,33.599998474121094,33.70000076293945,20.46713638305664,25719000,0.0,0.0
2016-08-11,33.599998474121094,33.79999923706055,33.5,33.79999923706055,20.527870178222656,35240000,0.0,0.0
2016-08-15,34.20000076293945,34.5,33.900001525878906,34.400001525878906,20.89227294921875,76926000,0.0,0.0
2016-08-16,34.5,34.79999923706055,34.29999923706055,34.400001525878906,20.89227294921875,46777000,0.0,0.0
2016-08-17,34.400001525878906,34.400001525878906,34.0,34.20000076293945,20.770803451538086,38405000,0.0,0.0
2016-08-18,34.400001525878906,34.70000076293945,34.29999923706055,34.70000076293945,21.074472427368164,27396000,0.0,0.0
2016-08-19,34.900001525878906,35.29999923706055,34.900001525878906,34.900001525878906,21.195934295654297,79523000,0.0,0.0
2016-08-22,34.70000076293945,35.400001525878906,34.70000076293945,35.0,21.256668090820312,33172000,0.0,0.0
2016-08-23,34.400001525878906,34.70000076293945,34.29999923706055,34.5,20.953001022338867,48953000,0.0,0.0
2016-08-24,34.599998474121094,34.79999923706055,34.5,34.70000076293945,21.074472427368164,29057000,0.0,0.0
2016-08-25,34.900001525878906,35.099998474121094,34.599998474121094,34.599998474121094,21.013736724853516,49909000,0.0,0.0
2016-08-26,34.70000076293945,35.099998474121094,34.70000076293945,35.099998474121094,21.317399978637695,41809000,0.0,0.0
2016-08-29,35.20000076293945,35.29999923706055,35.0,35.20000076293945,21.378137588500977,26635000,0.0,0.0
2016-08-30,35.29999923706055,35.70000076293945,35.29999923706055,35.400001525878906,21.499603271484375,45530000,0.0,0.0
2016-08-31,34.79999923706055,34.900001525878906,34.599998474121094,34.900001525878906,21.561384201049805,51712000,0.6,0.0
2016-09-01,34.79999923706055,34.900001525878906,34.5,34.5,21.314260482788086,45657000,0.0,0.0
2016-09-02,34.599998474121094,34.599998474121094,33.20000076293945,33.5,20.696453094482422,119559000,0.0,0.0
2016-09-05,33.79999923706055,33.900001525878906,32.5,33.29999923706055,20.572895050048828,108190000,0.0,0.0
2016-09-06,33.400001525878906,33.70000076293945,33.20000076293945,33.29999923706055,20.572895050048828,59354000,0.0,0.0
2016-09-07,33.5,33.70000076293945,33.099998474121094,33.29999923706055,20.572895050048828,59338000,0.0,0.0
2016-09-08,33.599998474121094,33.599998474121094,33.099998474121094,33.29999923706055,20.572895050048828,78727000,0.0,0.0
2016-09-09,33.5,33.5,32.29999923706055,32.5,20.07865333557129,116536000,0.0,0.0
2016-09-12,31.899999618530273,32.0,31.100000381469727,31.100000381469727,19.21372413635254,112082000,0.0,0.0
2016-09-13,31.600000381469727,32.599998474121094,31.399999618530273,32.29999923706055,19.95509147644043,111518000,0.0,0.0
2016-09-14,32.099998474121094,32.5,31.799999237060547,32.099998474121094,19.83152961730957,78259000,0.0,0.0
2016-09-15,31.899999618530273,32.20000076293945,31.799999237060547,31.899999618530273,19.70796775817871,48373000,0.0,0.0
2016-09-16,32.20000076293945,32.599998474121094,32.0,32.599998474121094,20.14042854309082,191017000,0.0,0.0
2016-09-19,32.70000076293945,33.0,32.5,32.900001525878906,20.325775146484375,29015000,0.0,0.0
2016-09-20,32.599998474121094,32.70000076293945,32.29999923706055,32.599998474121094,20.14042854309082,58922000,0.0,0.0
2016-09-21,32.900001525878906,33.29999923706055,32.79999923706055,33.29999923706055,20.572895050048828,44242000,0.0,0.0
2016-09-22,33.599998474121094,33.70000076293945,33.400001525878906,33.70000076293945,20.82002067565918,53800000,0.0,0.0
2016-09-23,33.70000076293945,33.79999923706055,33.099998474121094,33.29999923706055,20.572895050048828,59706000,0.0,0.0
2016-09-26,32.900001525878906,33.29999923706055,32.70000076293945,33.099998474121094,20.449337005615234,32562000,0.0,0.0
2016-09-27,33.20000076293945,33.400001525878906,33.0,33.099998474121094,20.449337005615234,37400000,0.0,0.0
2016-09-28,33.0,33.20000076293945,32.79999923706055,32.900001525878906,20.325775146484375,25251000,0.0,0.0
2016-09-29,33.79999923706055,34.29999923706055,33.70000076293945,34.20000076293945,21.128921508789062,122938000,0.0,0.0
2016-09-30,34.20000076293945,34.5,33.79999923706055,33.900001525878906,20.943580627441406,86237000,0.0,0.0
2016-10-03,34.29999923706055,34.70000076293945,34.20000076293945,34.70000076293945,21.43782615661621,50306000,0.0,0.0
2016-10-04,34.79999923706055,34.900001525878906,34.5,34.599998474121094,21.37604331970215,66064000,0.0,0.0
2016-10-05,34.900001525878906,34.900001525878906,34.599998474121094,34.70000076293945,21.43782615661621,36783000,0.0,0.0
2016-10-06,34.900001525878906,35.0,34.70000076293945,34.70000076293945,21.43782615661621,45853000,0.0,0.0
2016-10-07,34.900001525878906,35.0,34.5,34.5,21.314260482788086,36564000,0.0,0.0
2016-10-10,33.5,33.900001525878906,33.099998474121094,33.5,20.696453094482422,59446000,0.0,0.0
2016-10-11,34.0,34.400001525878906,33.20000076293945,33.70000076293945,20.82002067565918,82001000,0.0,0.0
2016-10-12,33.70000076293945,34.0,32.0,33.70000076293945,20.82002067565918,196124000,0.0,0.0
2016-10-13,33.400001525878906,33.79999923706055,32.5,33.79999923706055,20.881799697875977,147945000,0.0,0.0
2016-10-14,34.79999923706055,35.70000076293945,34.5,35.29999923706055,21.808504104614258,123975000,0.0,0.0
2016-10-17,35.400001525878906,35.5,34.79999923706055,35.20000076293945,21.74672508239746,60042000,0.0,0.0
2016-10-18,35.20000076293945,36.099998474121094,35.0,35.5,21.932064056396484,91061000,0.0,0.0
2016-10-19,35.400001525878906,36.099998474121094,35.29999923706055,35.400001525878906,21.87028694152832,69100000,0.0,0.0
2016-10-20,36.0,36.29999923706055,35.70000076293945,35.70000076293945,22.055625915527344,66088000,0.0,0.0
2016-10-21,35.599998474121094,35.70000076293945,35.099998474121094,35.20000076293945,21.74672508239746,60102000,0.0,0.0
2016-10-25,35.400001525878906,35.5,35.20000076293945,35.400001525878906,21.87028694152832,39662000,0.0,0.0
2016-10-26,35.29999923706055,35.29999923706055,34.70000076293945,34.70000076293945,21.43782615661621,32226000,0.0,0.0
2016-10-27,34.70000076293945,35.400001525878906,34.599998474121094,35.099998474121094,21.6849422454834,44266000,0.0,0.0
2016-10-28,35.0,35.099998474121094,34.70000076293945,34.900001525878906,21.561384201049805,39966000,0.0,0.0
2016-10-31,34.599998474121094,34.70000076293945,34.400001525878906,34.599998474121094,21.37604331970215,33599000,0.0,0.0
2016-11-01,34.599998474121094,34.79999923706055,34.29999923706055,34.599998474121094,21.37604331970215,35592000,0.0,0.0
2016-11-02,34.400001525878906,34.400001525878906,34.099998474121094,34.20000076293945,21.128921508789062,32028000,0.0,0.0
2016-11-03,34.0,34.599998474121094,34.0,34.0,21.005359649658203,42346000,0.0,0.0
2016-11-04,33.900001525878906,34.099998474121094,33.599998474121094,33.70000076293945,20.82002067565918,42114000,0.0,0.0
2016-11-07,34.099998474121094,34.599998474121094,33.79999923706055,34.599998474121094,21.37604331970215,26992000,0.0,0.0
2016-11-08,34.599998474121094,35.0,34.400001525878906,34.900001525878906,21.561384201049805,38205000,0.0,0.0
2016-11-09,34.400001525878906,34.599998474121094,33.79999923706055,34.5,21.314260482788086,83727000,0.0,0.0
2016-11-10,34.70000076293945,34.70000076293945,34.099998474121094,34.099998474121094,21.067142486572266,57591000,0.0,0.0
2016-11-11,33.900001525878906,34.0,33.5,33.5,20.696453094482422,52138000,0.0,0.0
2016-11-14,32.599998474121094,32.900001525878906,32.5,32.70000076293945,20.202211380004883,64731000,0.0,0.0
2016-11-15,32.900001525878906,33.79999923706055,32.70000076293945,33.70000076293945,20.82002067565918,48542000,0.0,0.0
2016-11-16,34.29999923706055,34.400001525878906,33.70000076293945,33.70000076293945,20.82002067565918,76063000,0.0,0.0
2016-11-17,33.900001525878906,34.0,33.5,34.0,21.005359649658203,26695000,0.0,0.0
2016-11-18,33.900001525878906,34.400001525878906,33.599998474121094,34.400001525878906,21.252485275268555,55313000,0.0,0.0
2016-11-21,34.5,34.70000076293945,34.099998474121094,34.099998474121094,21.067142486572266,49270000,0.0,0.0
2016-11-22,34.599998474121094,34.70000076293945,34.400001525878906,34.400001525878906,21.252485275268555,46651000,0.0,0.0
2016-11-23,34.599998474121094,35.0,34.5,35.0,21.6231632232666,55610000,0.0,0.0
2016-11-24,35.0,35.099998474121094,34.599998474121094,34.900001525878906,21.561384201049805,35083000,0.0,0.0
2016-11-25,35.0,35.099998474121094,34.599998474121094,34.79999923706055,21.499601364135742,30734000,0.0,0.0
2016-11-28,34.79999923706055,34.79999923706055,34.29999923706055,34.400001525878906,21.252485275268555,37788000,0.0,0.0
2016-11-29,34.70000076293945,34.79999923706055,34.20000076293945,34.20000076293945,21.128921508789062,40617000,0.0,0.0
2016-11-30,34.20000076293945,34.900001525878906,34.20000076293945,34.900001525878906,21.561384201049805,77901000,0.0,0.0
2016-12-01,35.5,36.5,35.400001525878906,36.400001525878906,22.48809242248535,159670000,0.0,0.0
2016-12-02,36.70000076293945,37.0,35.599998474121094,35.599998474121094,21.99384880065918,109641000,0.0,0.0
2016-12-06,36.0,36.70000076293945,35.400001525878906,36.70000076293945,22.673429489135742,63390000,0.0,0.0
2016-12-07,36.599998474121094,36.79999923706055,36.400001525878906,36.5,22.54987144470215,51880000,0.0,0.0
2016-12-08,36.599998474121094,36.599998474121094,36.20000076293945,36.20000076293945,22.364532470703125,46079000,0.0,0.0
2016-12-09,36.79999923706055,37.0,36.599998474121094,36.900001525878906,22.796995162963867,65290000,0.0,0.0
2016-12-13,37.099998474121094,37.29999923706055,36.79999923706055,36.79999923706055,22.735212326049805,85396000,0.0,0.0
2016-12-14,36.70000076293945,36.79999923706055,36.400001525878906,36.599998474121094,22.61165428161621,51709000,0.0,0.0
2016-12-15,36.20000076293945,36.5,36.0,36.20000076293945,22.364532470703125,58271000,0.0,0.0
2016-12-16,36.29999923706055,36.599998474121094,36.29999923706055,36.29999923706055,22.42630958557129,54103000,0.0,0.0
2016-12-19,36.599998474121094,36.599998474121094,36.400001525878906,36.5,22.54987144470215,32187000,0.0,0.0
2016-12-20,36.20000076293945,36.400001525878906,35.900001525878906,36.400001525878906,22.48809242248535,44475000,0.0,0.0
2016-12-21,36.400001525878906,36.599998474121094,36.29999923706055,36.29999923706055,22.42630958557129,20093000,0.0,0.0
2016-12-22,36.29999923706055,36.400001525878906,36.0,36.29999923706055,22.42630958557129,30709000,0.0,0.0
2016-12-23,36.29999923706055,36.70000076293945,36.29999923706055,36.5,22.54987144470215,28730000,0.0,0.0
2016-12-26,36.599998474121094,36.79999923706055,36.29999923706055,36.5,22.54987144470215,15572000,0.0,0.0
2016-12-27,36.5,36.599998474121094,36.400001525878906,36.5,22.54987144470215,15425000,0.0,0.0
2016-12-28,36.5,36.900001525878906,36.400001525878906,36.900001525878906,22.796995162963867,33264000,0.0,0.0
2016-12-29,36.70000076293945,37.70000076293945,36.70000076293945,37.5,23.167675018310547,57663000,0.0,0.0
2016-12-30,37.400001525878906,37.70000076293945,37.20000076293945,37.20000076293945,22.982337951660156,44540000,0.0,0.0
2017-01-04,37.400001525878906,38.099998474121094,37.29999923706055,38.0,23.476573944091797,75879000,0.0,0.0
2017-01-05,38.20000076293945,38.79999923706055,38.20000076293945,38.70000076293945,23.90904426574707,75282000,0.0,0.0
2017-01-06,38.70000076293945,38.900001525878906,38.5,38.900001525878906,24.032602310180664,45129000,0.0,0.0
2017-01-09,38.900001525878906,39.0,38.20000076293945,38.29999923706055,23.66191864013672,40455000,0.0,0.0
2017-01-10,38.29999923706055,38.900001525878906,38.20000076293945,38.79999923706055,23.970823287963867,43224000,0.0,0.0
2017-01-11,38.5,38.900001525878906,38.5,38.5,23.78548240661621,38177000,0.0,0.0
2017-01-12,38.900001525878906,38.900001525878906,38.29999923706055,38.29999923706055,23.66191864013672,35313000,0.0,0.0
2017-01-16,38.599998474121094,39.099998474121094,38.5,38.900001525878906,24.032602310180664,42809000,0.0,0.0
2017-01-17,38.79999923706055,39.0,38.599998474121094,38.70000076293945,23.90904426574707,32141000,0.0,0.0
2017-01-18,38.70000076293945,38.79999923706055,38.5,38.5,23.78548240661621,23665000,0.0,0.0
2017-01-19,38.5,38.599998474121094,38.29999923706055,38.5,23.78548240661621,32121000,0.0,0.0
2017-01-20,38.70000076293945,38.79999923706055,38.5,38.599998474121094,23.84725570678711,33027000,0.0,0.0
2017-01-23,38.70000076293945,38.900001525878906,38.5,38.900001525878906,24.032602310180664,24963000,0.0,0.0
2017-01-24,38.900001525878906,40.79999923706055,38.900001525878906,40.79999923706055,25.20642852783203,128983000,0.0,0.0
2017-01-25,40.79999923706055,41.20000076293945,40.20000076293945,41.0,25.329992294311523,74923000,0.0,0.0
2017-01-26,42.0,43.0,41.400001525878906,42.0,25.947795867919922,121160000,0.0,0.0
2017-01-27,42.0,42.20000076293945,41.400001525878906,41.79999923706055,25.824230194091797,43895000,0.0,0.0
2017-01-30,41.599998474121094,42.0,41.400001525878906,41.79999923706055,25.824230194091797,28986000,0.0,0.0
2017-01-31,41.599998474121094,41.599998474121094,40.400001525878906,40.400001525878906,24.959314346313477,70486000,0.0,0.0
2017-02-01,40.400001525878906,41.0,40.0,40.400001525878906,24.959314346313477,80764000,0.0,0.0
2017-02-02,40.20000076293945,40.599998474121094,40.20000076293945,40.400001525878906,24.959314346313477,45951000,0.0,0.0
2017-02-03,40.400001525878906,41.599998474121094,40.20000076293945,41.0,25.329992294311523,69129000,0.0,0.0
2017-02-06,41.0,41.79999923706055,40.599998474121094,41.599998474121094,25.700672149658203,62098000,0.0,0.0
2017-02-07,41.20000076293945,41.400001525878906,40.79999923706055,41.0,25.329992294311523,43756000,0.0,0.0
2017-02-08,41.0,41.20000076293945,40.599998474121094,40.79999923706055,25.20642852783203,43053000,0.0,0.0
2017-02-09,41.0,41.20000076293945,39.400001525878906,39.400001525878906,24.341506958007812,128031000,0.0,0.0
2017-02-10,39.79999923706055,39.79999923706055,39.29999923706055,39.599998474121094,24.46506118774414,132435000,0.0,0.0
2017-02-14,39.400001525878906,39.400001525878906,38.599998474121094,38.599998474121094,23.84725570678711,133047000,0.0,0.0
2017-02-15,38.70000076293945,39.70000076293945,38.599998474121094,39.70000076293945,24.526853561401367,106851000,0.0,0.0
2017-02-16,39.70000076293945,39.79999923706055,39.099998474121094,39.400001525878906,24.341506958007812,56206000,0.0,0.0
2017-02-17,39.5,39.900001525878906,39.5,39.599998474121094,24.46506118774414,58265000,0.0,0.0
2017-02-20,39.70000076293945,39.79999923706055,39.5,39.70000076293945,24.526853561401367,21270000,0.0,0.0
2017-02-21,39.79999923706055,40.20000076293945,39.599998474121094,39.70000076293945,24.526853561401367,55256000,0.0,0.0
2017-02-22,39.900001525878906,40.20000076293945,39.70000076293945,40.20000076293945,24.83574676513672,56561000,0.0,0.0
2017-02-23,40.0,40.0,39.599998474121094,39.79999923706055,24.588624954223633,38878000,0.0,0.0
2017-02-24,39.70000076293945,40.0,39.599998474121094,39.900001525878906,24.650407791137695,30676000,0.0,0.0
2017-02-27,39.70000076293945,40.0,39.70000076293945,40.0,24.712186813354492,24447000,0.0,0.0
2017-02-28,40.0,40.0,39.70000076293945,39.70000076293945,24.526853561401367,30061000,0.0,0.0
2017-03-01,39.79999923706055,39.900001525878906,39.400001525878906,39.900001525878906,24.650407791137695,47124000,0.0,0.0
2017-03-02,39.900001525878906,40.20000076293945,39.70000076293945,39.900001525878906,24.650407791137695,40710000,0.0,0.0
2017-03-03,39.5,39.70000076293945,39.5,39.599998474121094,24.46506118774414,35614000,0.0,0.0
2017-03-06,39.5,39.599998474121094,38.70000076293945,38.79999923706055,23.970823287963867,85752000,0.0,0.0
2017-03-07,38.79999923706055,39.099998474121094,38.79999923706055,38.900001525878906,24.032602310180664,47171000,0.0,0.0
2017-03-08,38.900001525878906,39.400001525878906,38.79999923706055,39.400001525878906,24.341506958007812,60501000,0.0,0.0
2017-03-09,39.099998474121094,39.20000076293945,38.79999923706055,39.0,24.094385147094727,49430000,0.0,0.0
2017-03-10,39.0,39.099998474121094,38.70000076293945,39.0,24.094385147094727,37112000,0.0,0.0
2017-03-13,39.0,39.400001525878906,38.79999923706055,39.400001525878906,24.341506958007812,40327000,0.0,0.0
2017-03-14,39.400001525878906,39.79999923706055,39.099998474121094,39.70000076293945,24.526853561401367,84833000,0.0,0.0
2017-03-15,39.70000076293945,39.79999923706055,39.5,39.5,24.403284072875977,42234000,0.0,0.0
2017-03-16,40.0,40.0,39.5,39.70000076293945,24.526853561401367,67448000,0.0,0.0
2017-03-17,39.79999923706055,39.900001525878906,39.599998474121094,39.599998474121094,24.46506118774414,53444000,0.0,0.0
2017-03-20,40.0,40.400001525878906,39.900001525878906,40.20000076293945,24.83574676513672,60715000,0.0,0.0
2017-03-21,40.400001525878906,40.79999923706055,40.20000076293945,40.599998474121094,25.082870483398438,40390000,0.0,0.0
2017-03-22,40.400001525878906,40.79999923706055,40.20000076293945,40.599998474121094,25.082870483398438,35429000,0.0,0.0
2017-03-23,40.79999923706055,40.79999923706055,40.20000076293945,40.20000076293945,24.83574676513672,33499000,0.0,0.0
2017-03-24,40.400001525878906,40.79999923706055,40.20000076293945,40.79999923706055,25.20642852783203,28918000,0.0,0.0
2017-03-27,40.79999923706055,40.79999923706055,40.20000076293945,40.400001525878906,24.959314346313477,71246000,0.0,0.0
2017-03-28,40.400001525878906,40.599998474121094,40.20000076293945,40.400001525878906,24.959314346313477,57818000,0.0,0.0
2017-03-29,39.599998474121094,39.70000076293945,39.400001525878906,39.5,25.02265739440918,31458000,1.0,0.0
2017-03-30,39.5,39.79999923706055,39.400001525878906,39.5,25.02265739440918,76110000,0.0,0.0
2017-03-31,39.70000076293945,39.79999923706055,38.70000076293945,38.70000076293945,24.515872955322266,103687000,0.0,0.0
2017-04-03,39.0,39.400001525878906,38.900001525878906,39.20000076293945,24.83261489868164,38942000,0.0,0.0
2017-04-04,39.099998474121094,39.400001525878906,39.0,39.20000076293945,24.83261489868164,55023000,0.0,0.0
2017-04-05,39.29999923706055,39.29999923706055,38.900001525878906,39.0,24.705915451049805,53016000,0.0,0.0
2017-04-07,39.099998474121094,39.29999923706055,38.900001525878906,39.20000076293945,24.83261489868164,46657000,0.0,0.0
2017-04-10,39.29999923706055,39.5,39.20000076293945,39.5,25.02265739440918,35646000,0.0,0.0
2017-04-11,39.599998474121094,39.599998474121094,39.29999923706055,39.400001525878906,24.95931053161621,32476000,0.0,0.0
2017-04-12,39.5,39.70000076293945,39.400001525878906,39.70000076293945,25.14935874938965,42293000,0.0,0.0
2017-04-17,39.5,39.599998474121094,39.29999923706055,39.29999923706055,24.89595603942871,27718000,0.0,0.0
2017-04-18,39.400001525878906,39.5,39.20000076293945,39.20000076293945,24.83261489868164,29205000,0.0,0.0
2017-04-19,39.20000076293945,39.5,39.20000076293945,39.29999923706055,24.89595603942871,26153000,0.0,0.0
2017-04-20,39.400001525878906,39.5,39.099998474121094,39.20000076293945,24.83261489868164,30203000,0.0,0.0
2017-04-21,39.29999923706055,39.400001525878906,39.0,39.0,24.705915451049805,30323000,0.0,0.0
2017-04-24,39.29999923706055,39.29999923706055,38.900001525878906,38.900001525878906,24.6425724029541,29944000,0.0,0.0
2017-04-25,38.900001525878906,39.099998474121094,38.79999923706055,39.0,24.705915451049805,31018000,0.0,0.0
2017-04-26,39.099998474121094,39.20000076293945,38.599998474121094,38.79999923706055,24.579219818115234,48800000,0.0,0.0
2017-04-27,38.70000076293945,39.099998474121094,38.599998474121094,38.79999923706055,24.579219818115234,21043000,0.0,0.0
2017-04-28,39.099998474121094,39.20000076293945,38.900001525878906,38.900001525878906,24.6425724029541,24511000,0.0,0.0
2017-05-02,38.79999923706055,39.099998474121094,38.79999923706055,38.900001525878906,24.6425724029541,34586000,0.0,0.0
2017-05-03,38.79999923706055,39.099998474121094,38.79999923706055,38.900001525878906,24.6425724029541,25868000,0.0,0.0
2017-05-04,39.0,39.099998474121094,38.900001525878906,39.0,24.705915451049805,27784000,0.0,0.0
2017-05-08,39.0,39.0,38.70000076293945,38.900001525878906,24.6425724029541,34961000,0.0,0.0
2017-05-09,39.0,39.0,38.70000076293945,38.70000076293945,24.515872955322266,23221000,0.0,0.0
2017-05-11,38.900001525878906,39.0,38.599998474121094,38.599998474121094,24.4525203704834,39760000,0.0,0.0
2017-05-12,38.79999923706055,38.900001525878906,37.900001525878906,38.099998474121094,24.135778427124023,101677000,0.0,0.0
2017-05-15,38.599998474121094,38.599998474121094,38.599998474121094,38.599998474121094,24.4525203704834,2347000,0.0,0.0
2017-05-16,39.0,39.400001525878906,38.79999923706055,39.29999923706055,24.89595603942871,91450000,0.0,0.0
2017-05-17,39.20000076293945,39.5,38.900001525878906,38.900001525878906,24.6425724029541,30017000,0.0,0.0
2017-05-18,39.20000076293945,39.29999923706055,39.0,39.20000076293945,24.83261489868164,26467000,0.0,0.0
2017-05-19,39.20000076293945,39.400001525878906,39.099998474121094,39.29999923706055,24.89595603942871,27021000,0.0,0.0
2017-05-22,39.400001525878906,39.5,39.099998474121094,39.29999923706055,24.89595603942871,35929000,0.0,0.0
2017-05-23,39.400001525878906,39.5,39.20000076293945,39.29999923706055,24.89595603942871,40191000,0.0,0.0
2017-05-24,39.29999923706055,39.599998474121094,39.29999923706055,39.5,25.02265739440918,39768000,0.0,0.0
2017-05-25,39.599998474121094,39.599998474121094,39.29999923706055,39.400001525878906,24.95931053161621,27641000,0.0,0.0
2017-05-26,39.20000076293945,39.400001525878906,39.099998474121094,39.29999923706055,24.89595603942871,30386000,0.0,0.0
2017-05-29,39.29999923706055,39.400001525878906,39.20000076293945,39.400001525878906,24.95931053161621,14873000,0.0,0.0
2017-05-30,39.400001525878906,39.5,39.099998474121094,39.20000076293945,24.83261489868164,13446000,0.0,0.0
2017-05-31,39.29999923706055,39.400001525878906,39.099998474121094,39.29999923706055,24.89595603942871,66392000,0.0,0.0
2017-06-01,39.20000076293945,39.29999923706055,38.79999923706055,39.0,24.705915451049805,32902000,0.0,0.0
2017-06-02,39.0,39.099998474121094,38.900001525878906,39.099998474121094,24.76926612854004,22348000,0.0,0.0
2017-06-05,39.20000076293945,39.29999923706055,38.20000076293945,38.29999923706055,24.26247787475586,88069000,0.0,0.0
2017-06-06,38.5,38.599998474121094,38.20000076293945,38.5,24.389171600341797,53708000,0.0,0.0
2017-06-07,38.599998474121094,38.900001525878906,38.5,38.5,24.389171600341797,44418000,0.0,0.0
2017-06-08,38.400001525878906,38.5,38.099998474121094,38.20000076293945,24.199129104614258,52907000,0.0,0.0
2017-06-09,38.29999923706055,38.29999923706055,38.0,38.29999923706055,24.26247787475586,48017000,0.0,0.0
2017-06-12,38.400001525878906,38.400001525878906,38.0,38.099998474121094,24.135778427124023,22450000,0.0,0.0
2017-06-13,38.20000076293945,38.599998474121094,37.900001525878906,38.5,24.389171600341797,64574000,0.0,0.0
2017-06-14,38.5,38.599998474121094,38.29999923706055,38.400001525878906,24.325828552246094,26723000,0.0,0.0
2017-06-15,38.29999923706055,38.400001525878906,37.900001525878906,38.0,24.072431564331055,52396000,0.0,0.0
2017-06-16,38.0,38.20000076293945,37.70000076293945,37.900001525878906,24.009084701538086,40507000,0.0,0.0
2017-06-19,38.0,38.20000076293945,38.0,38.0,24.072431564331055,16749000,0.0,0.0
2017-06-20,38.099998474121094,38.400001525878906,38.0,38.400001525878906,24.325828552246094,24501000,0.0,0.0
2017-06-21,38.20000076293945,38.20000076293945,37.70000076293945,37.70000076293945,23.88238525390625,80741000,0.0,0.0
2017-06-22,37.70000076293945,38.0,37.599998474121094,37.79999923706055,23.94573211669922,37459000,0.0,0.0
2017-06-23,37.79999923706055,38.099998474121094,37.79999923706055,38.0,24.072431564331055,24888000,0.0,0.0
2017-06-26,38.0,38.20000076293945,37.900001525878906,37.900001525878906,24.009084701538086,19854000,0.0,0.0
2017-06-27,38.0,38.099998474121094,37.900001525878906,38.0,24.072431564331055,19561000,0.0,0.0
2017-06-28,38.0,38.099998474121094,37.70000076293945,37.70000076293945,23.88238525390625,47308000,0.0,0.0
2017-06-29,37.79999923706055,37.900001525878906,37.5,37.5,23.755687713623047,76289000,0.0,0.0
2017-06-30,37.5,37.5,37.0,37.0,23.43894386291504,103831000,0.0,0.0
2017-07-03,37.20000076293945,37.400001525878906,37.099998474121094,37.29999923706055,23.62899398803711,33027000,0.0,0.0
2017-07-04,37.5,37.70000076293945,37.400001525878906,37.400001525878906,23.69234275817871,29610000,0.0,0.0
2017-07-05,37.400001525878906,37.5,37.20000076293945,37.29999923706055,23.62899398803711,26015000,0.0,0.0
2017-07-06,37.20000076293945,37.20000076293945,36.5,36.900001525878906,23.37559700012207,112079000,0.0,0.0
2017-07-07,36.70000076293945,37.400001525878906,36.70000076293945,37.400001525878906,23.69234275817871,44647000,0.0,0.0
2017-07-11,37.400001525878906,37.400001525878906,37.099998474121094,37.29999923706055,23.62899398803711,34718000,0.0,0.0
2017-07-12,37.400001525878906,37.5,37.20000076293945,37.20000076293945,23.565643310546875,34383000,0.0,0.0
2017-07-13,37.29999923706055,37.70000076293945,37.29999923706055,37.599998474121094,23.81903839111328,46734000,0.0,0.0
2017-07-14,37.599998474121094,37.70000076293945,37.29999923706055,37.400001525878906,23.69234275817871,32488000,0.0,0.0
2017-07-17,37.599998474121094,37.70000076293945,37.400001525878906,37.599998474121094,23.81903839111328,20325000,0.0,0.0
2017-07-18,37.599998474121094,38.0,37.5,38.0,24.072431564331055,31945000,0.0,0.0
2017-07-19,38.0,38.099998474121094,37.900001525878906,38.0,24.072431564331055,17774000,0.0,0.0
2017-07-20,38.20000076293945,38.20000076293945,37.79999923706055,37.79999923706055,23.94573211669922,22367000,0.0,0.0
2017-07-21,37.79999923706055,38.0,37.79999923706055,37.79999923706055,23.94573211669922,12618000,0.0,0.0
2017-07-24,37.79999923706055,37.900001525878906,37.599998474121094,37.79999923706055,23.94573211669922,19704000,0.0,0.0
2017-07-25,37.900001525878906,38.5,37.70000076293945,38.5,24.389171600341797,62237000,0.0,0.0
2017-07-26,38.599998474121094,39.0,38.599998474121094,38.79999923706055,24.579219818115234,76631000,0.0,0.0
2017-07-27,38.900001525878906,38.900001525878906,38.70000076293945,38.79999923706055,24.579219818115234,26683000,0.0,0.0
2017-07-31,39.0,39.0,38.5,38.79999923706055,24.579219818115234,99014000,0.0,0.0
2017-08-01,38.70000076293945,38.79999923706055,38.5,38.599998474121094,24.4525203704834,33341000,0.0,0.0
2017-08-02,38.5,38.599998474121094,38.099998474121094,38.099998474121094,24.135778427124023,58428000,0.0,0.0
2017-08-03,38.099998474121094,38.400001525878906,38.0,38.0,24.072431564331055,46016000,0.0,0.0
2017-08-04,38.0,38.29999923706055,37.900001525878906,38.099998474121094,24.135778427124023,27719000,0.0,0.0
2017-08-07,38.099998474121094,38.29999923706055,38.099998474121094,38.20000076293945,24.199129104614258,15638000,0.0,0.0
2017-08-08,38.29999923706055,38.400001525878906,38.099998474121094,38.20000076293945,24.199129104614258,23598000,0.0,0.0
2017-08-09,38.20000076293945,38.400001525878906,38.099998474121094,38.400001525878906,24.325828552246094,20249000,0.0,0.0
2017-08-10,38.400001525878906,38.5,38.20000076293945,38.20000076293945,24.199129104614258,24355000,0.0,0.0
2017-08-11,38.099998474121094,38.29999923706055,38.0,38.099998474121094,24.135778427124023,37503000,0.0,0.0
2017-08-15,38.400001525878906,38.5,38.20000076293945,38.400001525878906,24.325828552246094,26372000,0.0,0.0
2017-08-16,38.29999923706055,38.5,38.29999923706055,38.400001525878906,24.325828552246094,18087000,0.0,0.0
2017-08-17,38.5,38.599998474121094,38.29999923706055,38.5,24.389171600341797,22242000,0.0,0.0
2017-08-18,38.5,39.0,38.400001525878906,38.900001525878906,24.6425724029541,43101000,0.0,0.0
2017-08-21,39.0,39.5,39.0,39.29999923706055,24.89595603942871,49173000,0.0,0.0
2017-08-22,39.29999923706055,39.29999923706055,39.099998474121094,39.20000076293945,24.83261489868164,26078000,0.0,0.0
2017-08-23,39.29999923706055,39.400001525878906,39.20000076293945,39.400001525878906,24.95931053161621,20586000,0.0,0.0
2017-08-24,39.400001525878906,39.5,39.20000076293945,39.29999923706055,24.89595603942871,32167000,0.0,0.0
2017-08-25,39.29999923706055,39.5,39.099998474121094,39.400001525878906,24.95931053161621,38937000,0.0,0.0
2017-08-28,39.400001525878906,39.400001525878906,39.400001525878906,39.400001525878906,24.95931053161621,5629000,0.0,0.0
2017-08-29,39.400001525878906,40.79999923706055,39.29999923706055,40.0,25.339399337768555,199823000,0.0,0.0
2017-08-30,40.400001525878906,40.79999923706055,40.0,40.20000076293945,25.466100692749023,96940000,0.0,0.0
2017-08-31,39.5,40.20000076293945,39.400001525878906,39.900001525878906,25.789270401000977,86320000,0.8,0.0
2017-09-01,40.20000076293945,40.20000076293945,39.79999923706055,40.0,25.853904724121094,49800000,0.0,0.0
2017-09-04,39.79999923706055,40.20000076293945,39.79999923706055,39.900001525878906,25.789270401000977,34769000,0.0,0.0
2017-09-05,40.0,40.20000076293945,39.79999923706055,40.0,25.853904724121094,33978000,0.0,0.0
2017-09-06,40.20000076293945,40.20000076293945,39.79999923706055,39.79999923706055,25.724634170532227,49190000,0.0,0.0
2017-09-07,40.0,40.79999923706055,40.0,40.599998474121094,26.24172019958496,72311000,0.0,0.0
2017-09-08,40.599998474121094,40.79999923706055,40.400001525878906,40.599998474121094,26.24172019958496,75716000,0.0,0.0
2017-09-11,40.599998474121094,40.599998474121094,40.20000076293945,40.400001525878906,26.112451553344727,46902000,0.0,0.0
2017-09-12,40.599998474121094,41.0,40.400001525878906,40.599998474121094,26.24172019958496,78435000,0.0,0.0
2017-09-13,40.79999923706055,40.79999923706055,40.400001525878906,40.400001525878906,26.112451553344727,50220000,0.0,0.0
2017-09-14,40.599998474121094,41.400001525878906,40.400001525878906,41.0,26.500253677368164,104967000,0.0,0.0
2017-09-15,41.0,41.400001525878906,40.79999923706055,41.20000076293945,26.62952423095703,71128000,0.0,0.0
2017-09-18,41.400001525878906,42.20000076293945,41.400001525878906,41.599998474121094,26.888065338134766,97165000,0.0,0.0
2017-09-19,41.79999923706055,42.20000076293945,41.400001525878906,42.0,27.14659881591797,61043000,0.0,0.0
2017-09-20,42.0,42.0,41.599998474121094,41.599998474121094,26.888065338134766,27694000,0.0,0.0
2017-09-21,41.79999923706055,42.0,41.400001525878906,41.400001525878906,26.7587947845459,45799000,0.0,0.0
2017-09-22,41.400001525878906,41.599998474121094,40.599998474121094,40.599998474121094,26.24172019958496,75798000,0.0,0.0
2017-09-25,40.79999923706055,41.20000076293945,40.400001525878906,41.20000076293945,26.62952423095703,23149000,0.0,0.0
2017-09-26,41.599998474121094,42.0,41.400001525878906,41.79999923706055,27.017335891723633,52447000,0.0,0.0
2017-09-27,41.79999923706055,42.0,41.20000076293945,41.79999923706055,27.017335891723633,46064000,0.0,0.0
2017-09-28,41.79999923706055,41.79999923706055,41.20000076293945,41.400001525878906,26.7587947845459,42127000,0.0,0.0
2017-09-29,41.20000076293945,41.20000076293945,40.79999923706055,40.79999923706055,26.37098503112793,55952000,0.0,0.0
2017-10-02,40.79999923706055,42.0,40.79999923706055,41.79999923706055,27.017335891723633,76069000,0.0,0.0
2017-10-03,42.0,42.20000076293945,41.599998474121094,42.20000076293945,27.2758731842041,64154000,0.0,0.0
2017-10-04,42.20000076293945,42.79999923706055,42.0,42.400001525878906,27.405141830444336,77317000,0.0,0.0
2017-10-05,42.20000076293945,42.400001525878906,41.79999923706055,41.79999923706055,27.017335891723633,36932000,0.0,0.0
2017-10-06,42.0,42.20000076293945,41.79999923706055,42.0,27.14659881591797,37248000,0.0,0.0
2017-10-09,42.0,42.400001525878906,41.79999923706055,41.79999923706055,27.017335891723633,25586000,0.0,0.0
2017-10-10,42.0,43.0,41.79999923706055,42.79999923706055,27.663679122924805,77577000,0.0,0.0
2017-10-11,43.400001525878906,43.599998474121094,42.599998474121094,43.0,27.792945861816406,70610000,0.0,0.0
2017-10-12,43.20000076293945,43.400001525878906,42.20000076293945,42.400001525878906,27.405141830444336,81823000,0.0,0.0
2017-10-16,43.0,43.0,42.599998474121094,42.79999923706055,27.663679122924805,47780000,0.0,0.0
2017-10-17,42.599998474121094,43.0,42.400001525878906,43.0,27.792945861816406,44418000,0.0,0.0
2017-10-18,42.79999923706055,42.79999923706055,42.0,42.20000076293945,27.2758731842041,66002000,0.0,0.0
2017-10-19,42.20000076293945,42.400001525878906,41.400001525878906,41.599998474121094,26.888065338134766,81675000,0.0,0.0
2017-10-20,41.599998474121094,41.599998474121094,40.599998474121094,41.0,26.500253677368164,113327000,0.0,0.0
2017-10-24,41.0,41.400001525878906,41.0,41.0,26.500253677368164,34294000,0.0,0.0
2017-10-25,41.20000076293945,41.599998474121094,41.0,41.0,26.500253677368164,51057000,0.0,0.0
2017-10-27,41.20000076293945,42.0,41.20000076293945,41.599998474121094,26.888065338134766,47465000,0.0,0.0
2017-10-30,42.0,42.400001525878906,41.599998474121094,42.0,27.14659881591797,86355000,0.0,0.0
2017-10-31,42.0,42.400001525878906,42.0,42.0,27.14659881591797,28636000,0.0,0.0
2017-11-01,42.400001525878906,42.400001525878906,41.79999923706055,42.0,27.14659881591797,45474000,0.0,0.0
2017-11-02,41.79999923706055,42.20000076293945,41.20000076293945,41.599998474121094,26.888065338134766,51148000,0.0,0.0
2017-11-03,41.79999923706055,41.79999923706055,41.20000076293945,41.599998474121094,26.888065338134766,36638000,0.0,0.0
2017-11-06,41.79999923706055,42.20000076293945,41.400001525878906,42.20000076293945,27.2758731842041,42919000,0.0,0.0
2017-11-07,42.400001525878906,42.79999923706055,42.400001525878906,42.400001525878906,27.405141830444336,66284000,0.0,0.0
2017-11-08,42.400001525878906,42.599998474121094,42.0,42.0,27.14659881591797,37231000,0.0,0.0
2017-11-09,41.79999923706055,42.20000076293945,41.599998474121094,41.599998474121094,26.888065338134766,47493000,0.0,0.0
2017-11-10,41.599998474121094,41.79999923706055,41.400001525878906,41.400001525878906,26.7587947845459,39600000,0.0,0.0
2017-11-13,41.400001525878906,41.599998474121094,41.20000076293945,41.400001525878906,26.7587947845459,33346000,0.0,0.0
2017-11-14,41.20000076293945,42.0,41.20000076293945,41.79999923706055,27.017335891723633,59775000,0.0,0.0
2017-11-15,41.599998474121094,41.599998474121094,40.79999923706055,41.20000076293945,26.62952423095703,73862000,0.0,0.0
2017-11-16,41.20000076293945,41.400001525878906,41.0,41.0,26.500253677368164,38859000,0.0,0.0
2017-11-17,41.20000076293945,41.79999923706055,41.0,41.79999923706055,27.017335891723633,55735000,0.0,0.0
2017-11-20,42.0,42.0,41.20000076293945,41.599998474121094,26.888065338134766,30240000,0.0,0.0
2017-11-21,41.400001525878906,41.400001525878906,41.400001525878906,41.400001525878906,26.7587947845459,39749000,0.0,0.0
2017-11-22,41.400001525878906,41.79999923706055,41.400001525878906,41.400001525878906,26.7587947845459,30347000,0.0,0.0
2017-11-23,41.599998474121094,41.79999923706055,41.20000076293945,41.20000076293945,26.62952423095703,44993000,0.0,0.0
2017-11-24,41.20000076293945,41.400001525878906,41.0,41.400001525878906,26.7587947845459,43300000,0.0,0.0
2017-11-27,41.20000076293945,41.599998474121094,41.20000076293945,41.599998474121094,26.888065338134766,23443000,0.0,0.0
2017-11-28,41.400001525878906,41.400001525878906,41.20000076293945,41.400001525878906,26.7587947845459,30440000,0.0,0.0
2017-11-29,41.20000076293945,41.599998474121094,41.0,41.20000076293945,26.62952423095703,32796000,0.0,0.0
2017-11-30,41.20000076293945,41.400001525878906,41.0,41.20000076293945,26.62952423095703,41112000,0.0,0.0
2017-12-01,41.599998474121094,42.20000076293945,41.20000076293945,42.0,27.14659881591797,60773000,0.0,0.0
2017-12-04,42.20000076293945,42.20000076293945,41.79999923706055,42.0,27.14659881591797,25998000,0.0,0.0
2017-12-06,42.0,42.20000076293945,41.79999923706055,42.20000076293945,27.2758731842041,61696000,0.0,0.0
2017-12-07,42.20000076293945,42.20000076293945,41.79999923706055,42.0,27.14659881591797,38396000,0.0,0.0
2017-12-08,41.79999923706055,42.20000076293945,41.599998474121094,42.20000076293945,27.2758731842041,47730000,0.0,0.0
2017-12-12,42.400001525878906,42.79999923706055,42.20000076293945,42.79999923706055,27.663679122924805,77993000,0.0,0.0
2017-12-13,42.79999923706055,43.0,42.599998474121094,42.599998474121094,27.534408569335938,61753000,0.0,0.0
2017-12-14,42.79999923706055,43.0,42.599998474121094,43.0,27.792945861816406,36901000,0.0,0.0
2017-12-15,42.79999923706055,43.20000076293945,42.599998474121094,43.20000076293945,27.92222023010254,70332000,0.0,0.0
2017-12-18,43.20000076293945,43.599998474121094,43.0,43.599998474121094,28.180763244628906,62442000,0.0,0.0
2017-12-19,43.599998474121094,43.79999923706055,43.599998474121094,43.79999923706055,28.310028076171875,36153000,0.0,0.0
2017-12-20,43.79999923706055,44.0,43.599998474121094,44.0,28.439300537109375,32203000,0.0,0.0
2017-12-21,44.0,44.0,43.599998474121094,43.79999923706055,28.310028076171875,40940000,0.0,0.0
2017-12-22,44.0,44.599998474121094,43.79999923706055,44.599998474121094,28.82710075378418,58815000,0.0,0.0
2017-12-25,44.79999923706055,45.20000076293945,44.599998474121094,44.79999923706055,28.956378936767578,43682000,0.0,0.0
2017-12-26,44.599998474121094,44.79999923706055,43.79999923706055,44.0,28.439300537109375,68052000,0.0,0.0
2017-12-27,44.400001525878906,44.79999923706055,44.0,44.0,28.439300537109375,59254000,0.0,0.0
2017-12-28,44.0,44.20000076293945,43.79999923706055,43.79999923706055,28.310028076171875,45493000,0.0,0.0
2017-12-29,44.20000076293945,44.20000076293945,43.599998474121094,44.0,28.439300537109375,34749000,0.0,0.0
2018-01-03,44.20000076293945,45.0,44.0,45.0,29.085649490356445,81239000,0.0,0.0
2018-01-04,45.20000076293945,47.20000076293945,45.0,47.20000076293945,30.50760841369629,124259000,0.0,0.0
2018-01-05,47.20000076293945,47.400001525878906,46.400001525878906,46.79999923706055,30.249073028564453,87860000,0.0,0.0
2018-01-08,46.79999923706055,47.20000076293945,46.599998474121094,46.599998474121094,30.119800567626953,63976000,0.0,0.0
2018-01-09,46.599998474121094,46.599998474121094,46.599998474121094,46.599998474121094,30.119800567626953,5658000,0.0,0.0
2018-01-10,47.0,47.79999923706055,47.0,47.0,30.378339767456055,125555000,0.0,0.0
2018-01-11,46.79999923706055,47.20000076293945,46.20000076293945,47.20000076293945,30.50760841369629,72251000,0.0,0.0
2018-01-12,47.400001525878906,47.599998474121094,46.79999923706055,47.0,30.378339767456055,56663000,0.0,0.0
2018-01-15,47.79999923706055,48.79999923706055,47.79999923706055,48.400001525878906,31.283226013183594,75603000,0.0,0.0
2018-01-16,48.79999923706055,49.400001525878906,48.20000076293945,48.20000076293945,31.15395736694336,48780000,0.0,0.0
2018-01-17,48.20000076293945,48.599998474121094,47.79999923706055,48.400001525878906,31.283226013183594,76105000,0.0,0.0
2018-01-18,49.0,49.0,48.0,48.0,31.024688720703125,64940000,0.0,0.0
2018-01-19,47.79999923706055,48.20000076293945,47.599998474121094,47.79999923706055,30.89542007446289,56392000,0.0,0.0
2018-01-22,48.0,48.599998474121094,47.79999923706055,48.400001525878906,31.283226013183594,38327000,0.0,0.0
2018-01-23,48.79999923706055,49.20000076293945,48.400001525878906,48.79999923706055,31.54176902770996,57940000,0.0,0.0
2018-01-24,48.79999923706055,49.20000076293945,48.599998474121094,49.20000076293945,31.800312042236328,38894000,0.0,0.0
2018-01-25,49.599998474121094,49.79999923706055,48.400001525878906,48.599998474121094,31.41248893737793,61458000,0.0,0.0
2018-01-26,48.79999923706055,49.0,48.400001525878906,49.0,31.671035766601562,65887000,0.0,0.0
2018-01-29,49.599998474121094,50.0,49.20000076293945,49.79999923706055,32.188114166259766,58510000,0.0,0.0
2018-01-30,49.400001525878906,49.79999923706055,48.79999923706055,49.0,31.671035766601562,80868000,0.0,0.0
2018-01-31,48.599998474121094,49.79999923706055,48.599998474121094,49.20000076293945,31.800312042236328,87819000,0.0,0.0
2018-02-01,49.599998474121094,50.0,49.20000076293945,49.79999923706055,32.188114166259766,67874000,0.0,0.0
2018-02-02,50.400001525878906,51.0,50.0,50.20000076293945,32.446651458740234,97839000,0.0,0.0
2018-02-05,49.20000076293945,50.20000076293945,49.20000076293945,50.0,32.317386627197266,83664000,0.0,0.0
2018-02-06,48.599998474121094,49.0,48.0,48.400001525878906,31.283226013183594,238469000,0.0,0.0
2018-02-07,49.0,49.0,48.20000076293945,48.400001525878906,31.283226013183594,102954000,0.0,0.0
2018-02-08,48.400001525878906,49.0,48.0,48.0,31.024688720703125,106229000,0.0,0.0
2018-02-09,47.599998474121094,48.20000076293945,47.400001525878906,48.0,31.024688720703125,93569000,0.0,0.0
2018-02-12,48.0,48.79999923706055,47.79999923706055,48.79999923706055,31.54176902770996,53925000,0.0,0.0
2018-02-13,49.20000076293945,49.20000076293945,48.400001525878906,48.79999923706055,31.54176902770996,56410000,0.0,0.0
2018-02-14,48.79999923706055,49.0,48.0,48.0,31.024688720703125,68945000,0.0,0.0
2018-02-15,48.400001525878906,48.79999923706055,48.0,48.599998474121094,31.41248893737793,47286000,0.0,0.0
2018-02-16,49.0,49.0,48.400001525878906,48.599998474121094,31.41248893737793,29076000,0.0,0.0
2018-02-19,49.0,49.20000076293945,48.79999923706055,48.79999923706055,31.54176902770996,66162000,0.0,0.0
2018-02-20,48.79999923706055,49.20000076293945,48.599998474121094,49.0,31.671035766601562,40499000,0.0,0.0
2018-02-21,50.79999923706055,52.599998474121094,50.79999923706055,52.20000076293945,33.73934555053711,330376000,0.0,0.0
2018-02-22,52.400001525878906,54.79999923706055,52.20000076293945,54.0,34.902774810791016,332671000,0.0,0.0
2018-02-23,54.599998474121094,54.79999923706055,53.20000076293945,53.79999923706055,34.773502349853516,167569000,0.0,0.0
2018-02-26,54.20000076293945,56.79999923706055,53.599998474121094,56.599998474121094,36.58327865600586,204246000,0.0,0.0
2018-02-27,57.20000076293945,58.79999923706055,56.79999923706055,57.400001525878906,37.10036087036133,298401000,0.0,0.0
2018-02-28,57.0,57.79999923706055,56.400001525878906,56.79999923706055,36.71254348754883,221819000,0.0,0.0
2018-03-02,56.0,56.400001525878906,55.20000076293945,55.599998474121094,35.93693542480469,208658000,0.0,0.0
2018-03-05,56.0,56.400001525878906,55.0,56.20000076293945,36.324737548828125,169267000,0.0,0.0
2018-03-06,55.599998474121094,56.0,55.20000076293945,55.20000076293945,36.45682144165039,122723000,1.2,0.0
2018-03-07,55.0,55.0,54.0,54.0,35.664283752441406,161007000,0.0,0.0
2018-03-08,54.400001525878906,54.599998474121094,53.20000076293945,53.20000076293945,35.13593673706055,204969000,0.0,0.0
2018-03-09,53.400001525878906,53.400001525878906,52.20000076293945,53.400001525878906,35.26802062988281,183815000,0.0,0.0
2018-03-12,54.400001525878906,55.79999923706055,54.20000076293945,55.79999923706055,36.85309600830078,149250000,0.0,0.0
2018-03-13,55.400001525878906,56.599998474121094,55.20000076293945,56.599998474121094,37.3814582824707,142055000,0.0,0.0
2018-03-14,56.400001525878906,56.599998474121094,55.400001525878906,56.0,36.98518753051758,132393000,0.0,0.0
2018-03-15,56.0,56.400001525878906,55.599998474121094,55.79999923706055,36.85309600830078,78002000,0.0,0.0
2018-03-16,55.400001525878906,55.599998474121094,54.599998474121094,54.79999923706055,36.19264221191406,160472000,0.0,0.0
2018-03-19,54.599998474121094,54.599998474121094,53.599998474121094,53.599998474121094,35.40010070800781,132993000,0.0,0.0
2018-03-20,53.599998474121094,54.79999923706055,53.400001525878906,54.20000076293945,35.7963752746582,107076000,0.0,0.0
2018-03-21,54.599998474121094,54.79999923706055,54.0,54.20000076293945,35.7963752746582,84649000,0.0,0.0
2018-03-22,54.599998474121094,55.400001525878906,54.20000076293945,54.400001525878906,35.928470611572266,105139000,0.0,0.0
2018-03-23,53.400001525878906,55.0,53.400001525878906,55.0,36.324737548828125,127146000,0.0,0.0
2018-03-26,55.20000076293945,56.0,55.20000076293945,56.0,36.98518753051758,102487000,0.0,0.0
2018-03-27,56.20000076293945,56.400001525878906,55.79999923706055,56.0,36.98518753051758,83788000,0.0,0.0
2018-03-28,55.79999923706055,57.0,55.599998474121094,56.0,36.98518753051758,160142000,0.0,0.0
2018-03-29,56.0,56.0,54.20000076293945,54.79999923706055,36.19264221191406,220320000,0.0,0.0
2018-03-30,55.0,55.599998474121094,54.400001525878906,55.20000076293945,36.45682144165039,129086000,0.0,0.0
2018-04-02,55.0,55.400001525878906,54.79999923706055,55.20000076293945,36.45682144165039,57952000,0.0,0.0
2018-04-03,54.599998474121094,55.0,54.20000076293945,54.599998474121094,36.06056213378906,81677000,0.0,0.0
2018-04-04,54.599998474121094,54.79999923706055,53.20000076293945,53.20000076293945,35.13593673706055,159905000,0.0,0.0
2018-04-05,53.79999923706055,54.20000076293945,53.400001525878906,54.20000076293945,35.7963752746582,83408000,0.0,0.0
2018-04-09,53.79999923706055,55.400001525878906,53.79999923706055,55.0,36.324737548828125,97806000,0.0,0.0
2018-04-10,55.400001525878906,55.599998474121094,54.79999923706055,55.20000076293945,36.45682144165039,85706000,0.0,0.0
2018-04-11,55.599998474121094,55.599998474121094,54.20000076293945,54.599998474121094,36.06056213378906,115582000,0.0,0.0
2018-04-12,55.0,55.400001525878906,54.400001525878906,55.0,36.324737548828125,110041000,0.0,0.0
2018-04-17,55.0,55.20000076293945,54.599998474121094,54.599998474121094,36.06056213378906,86401000,0.0,0.0
2018-04-18,55.0,55.0,54.599998474121094,55.0,36.324737548828125,61960000,0.0,0.0
2018-04-19,55.400001525878906,58.0,55.400001525878906,58.0,38.306087493896484,273007000,0.0,0.0
2018-04-20,58.599998474121094,59.0,57.599998474121094,58.79999923706055,38.834442138671875,211704000,0.0,0.0
2018-04-23,58.599998474121094,58.79999923706055,57.20000076293945,57.20000076293945,37.77772903442383,191878000,0.0,0.0
2018-04-24,57.75,59.5,57.25,58.0,38.306087493896484,325306300,0.0,10.0
2018-04-25,57.5,57.75,56.75,57.5,37.97586441040039,157002500,0.0,0.0
2018-04-26,57.5,57.75,56.5,56.5,37.31541442871094,113278500,0.0,0.0
2018-04-27,57.0,57.0,56.0,56.5,37.31541442871094,104864700,0.0,0.0
2018-04-30,56.5,57.0,56.25,56.5,37.31541442871094,83708300,0.0,0.0
2018-05-02,56.25,57.0,55.25,57.0,37.64563751220703,110577500,0.0,0.0
2018-05-03,56.5,57.75,56.5,57.5,37.97586441040039,135296800,0.0,0.0
2018-05-04,57.25,57.5,56.25,56.75,37.48052215576172,115768300,0.0,0.0
2018-05-07,57.25,57.5,56.5,56.75,37.48052215576172,107637800,0.0,0.0
2018-05-08,56.75,57.0,55.25,55.5,36.65495681762695,126756000,0.0,0.0
2018-05-09,55.75,56.5,55.5,56.25,37.15030288696289,95601800,0.0,0.0
2018-05-10,57.0,57.0,56.0,56.0,36.98518753051758,78033200,0.0,0.0
2018-05-11,56.0,56.75,55.5,56.75,37.48052215576172,78480800,0.0,0.0
2018-05-14,56.75,57.25,56.75,57.0,37.64563751220703,46814100,0.0,0.0
2018-05-15,56.75,57.0,56.0,56.5,37.31541442871094,80006000,0.0,0.0
2018-05-16,56.25,56.75,56.25,56.5,37.31541442871094,55780100,0.0,0.0
2018-05-17,56.75,57.75,56.25,57.25,37.810752868652344,119569500,0.0,0.0
2018-05-18,57.25,57.5,56.75,57.0,37.64563751220703,57711700,0.0,0.0
2018-05-21,57.25,57.5,56.75,57.0,37.64563751220703,56374800,0.0,0.0
2018-05-22,57.0,57.0,55.0,55.25,36.48984909057617,167858200,0.0,0.0
2018-05-23,54.0,54.25,52.75,53.5,35.33406066894531,273302200,0.0,0.0
2018-05-24,53.0,53.0,50.75,50.75,33.51782989501953,235261800,0.0,0.0
2018-05-25,51.25,52.0,50.5,52.0,34.343387603759766,142250800,0.0,0.0
2018-05-28,50.75,51.25,50.0,50.25,33.187599182128906,107089500,0.0,0.0
2018-05-30,49.25,51.75,49.0,51.5,34.01316452026367,226064000,0.0,0.0
2018-05-31,52.25,53.5,51.75,52.25,34.508506774902344,206712100,0.0,0.0
2018-06-01,52.25,52.5,51.25,51.5,34.01316452026367,129175400,0.0,0.0
2018-06-04,51.75,52.25,51.25,51.75,34.17827606201172,78044400,0.0,0.0
2018-06-05,51.75,52.25,51.0,52.0,34.343387603759766,75242400,0.0,0.0
2018-06-06,52.0,53.0,52.0,52.5,34.67361068725586,91991700,0.0,0.0
2018-06-07,52.5,52.75,52.0,52.25,34.508506774902344,49200600,0.0,0.0
2018-06-08,52.5,52.5,51.0,51.0,33.68293762207031,73894100,0.0,0.0
2018-06-11,51.0,51.25,50.5,50.75,33.51782989501953,62354000,0.0,0.0
2018-06-12,51.0,52.25,50.75,51.5,34.01316452026367,68496600,0.0,0.0
2018-06-13,51.5,51.75,51.0,51.0,33.68293762207031,51645800,0.0,0.0
2018-06-14,51.0,51.25,50.0,51.0,33.68293762207031,103017600,0.0,0.0
2018-06-15,50.5,50.75,49.75,50.0,33.022491455078125,125894600,0.0,0.0
2018-06-18,49.25,49.5,48.75,49.0,32.36204147338867,157428000,0.0,0.0
2018-06-19,48.75,49.25,47.5,47.75,31.536474227905273,171700000,0.0,0.0
2018-06-20,48.5,49.0,48.0,48.75,32.19692611694336,110820500,0.0,0.0
2018-06-21,48.75,48.75,47.0,47.5,31.371362686157227,109123800,0.0,0.0
2018-06-22,48.25,48.75,47.5,48.0,31.70159149169922,81454200,0.0,0.0
2018-06-25,48.75,49.25,48.0,48.0,31.70159149169922,85629500,0.0,0.0
2018-06-26,47.5,48.25,47.25,48.0,31.70159149169922,110144800,0.0,0.0
2018-06-27,48.75,49.0,47.5,48.0,31.70159149169922,93749900,0.0,0.0
2018-06-28,48.5,48.5,47.5,47.5,31.371362686157227,85942200,0.0,0.0
2018-06-29,48.0,48.0,47.25,48.0,31.70159149169922,74551000,0.0,0.0
2018-07-02,48.0,48.0,47.0,47.75,31.536474227905273,66120400,0.0,0.0
2018-07-03,47.75,48.0,47.0,47.5,31.371362686157227,80016400,0.0,0.0
2018-07-04,47.5,47.75,47.0,47.75,31.536474227905273,58381700,0.0,0.0
2018-07-05,47.5,47.75,46.25,46.25,30.545808792114258,77335700,0.0,0.0
2018-07-06,46.25,46.5,44.25,46.25,30.545808792114258,157614000,0.0,0.0
2018-07-09,47.0,47.25,46.5,47.0,31.041139602661133,51029600,0.0,0.0
2018-07-10,47.0,48.75,46.5,48.75,32.19692611694336,84328400,0.0,0.0
2018-07-11,48.0,48.75,47.75,48.5,32.03181076049805,74055100,0.0,0.0
2018-07-12,48.0,48.5,47.75,48.0,31.70159149169922,54379100,0.0,0.0
2018-07-13,48.0,48.25,47.5,47.5,31.371362686157227,36081100,0.0,0.0
2018-07-16,47.25,48.0,47.25,47.5,31.371362686157227,29481300,0.0,0.0
2018-07-17,47.5,48.25,47.25,47.75,31.536474227905273,58694800,0.0,0.0
2018-07-18,48.5,49.75,48.25,49.5,32.692264556884766,96638300,0.0,0.0
2018-07-19,49.75,50.0,49.0,49.5,32.692264556884766,53977500,0.0,0.0
2018-07-20,49.5,51.5,49.25,51.5,34.01316452026367,117827700,0.0,0.0
2018-07-23,51.25,51.5,50.75,51.0,33.68293762207031,45791600,0.0,0.0
2018-07-24,51.25,51.75,50.25,50.25,33.187599182128906,63252200,0.0,0.0
2018-07-25,50.25,51.5,50.25,51.0,33.68293762207031,56717600,0.0,0.0
2018-07-26,51.5,51.75,50.75,51.75,34.17827606201172,68520700,0.0,0.0
2018-07-31,51.5,51.75,50.75,51.25,33.848052978515625,84223400,0.0,0.0
2018-08-01,51.25,52.75,50.75,52.5,34.67361068725586,115565400,0.0,0.0
2018-08-02,52.0,52.5,51.5,52.0,34.343387603759766,77496200,0.0,0.0
2018-08-03,51.75,52.25,51.5,51.75,34.17827606201172,41694900,0.0,0.0
2018-08-06,52.0,52.25,51.25,51.5,34.01316452026367,39754800,0.0,0.0
2018-08-07,51.75,52.5,51.25,52.25,34.508506774902344,58994400,0.0,0.0
2018-08-08,52.25,53.0,52.25,53.0,35.00384521484375,82988200,0.0,0.0
2018-08-09,52.5,53.0,52.5,52.5,34.67361068725586,50597000,0.0,0.0
2018-08-10,52.25,52.75,51.75,51.75,34.17827606201172,47011600,0.0,0.0
2018-08-14,51.5,52.0,51.0,51.75,34.17827606201172,58340400,0.0,0.0
2018-08-15,51.5,51.75,50.75,51.0,33.68293762207031,52610500,0.0,0.0
2018-08-16,50.5,50.75,49.5,50.5,33.352718353271484,94396000,0.0,0.0
2018-08-17,51.0,52.0,51.0,51.5,34.01316452026367,70988500,0.0,0.0
2018-08-20,52.0,52.5,52.0,52.25,34.508506774902344,34657600,0.0,0.0
2018-08-21,52.5,52.75,51.5,51.75,34.17827606201172,75318000,0.0,0.0
2018-08-22,51.75,52.5,51.25,51.75,34.17827606201172,68004900,0.0,0.0
2018-08-23,52.25,52.5,51.75,52.0,34.343387603759766,50542900,0.0,0.0
2018-08-24,51.75,52.25,51.5,51.75,34.17827606201172,55900700,0.0,0.0
2018-08-27,52.0,52.25,51.75,52.0,34.343387603759766,51157200,0.0,0.0
2018-08-28,52.25,53.0,52.25,52.5,34.67361068725586,92789300,0.0,0.0
2018-08-29,52.5,52.5,52.0,52.5,34.67361068725586,57306100,0.0,0.0
2018-08-30,52.5,52.75,52.0,52.0,34.343387603759766,49662200,0.0,0.0
2018-08-31,51.75,52.5,51.75,52.5,34.67361068725586,54766500,0.0,0.0
2018-09-03,52.5,52.75,52.25,52.75,34.83872985839844,37571700,0.0,0.0
2018-09-04,52.75,53.0,52.25,52.25,34.508506774902344,78851600,0.0,0.0
2018-09-05,51.75,52.0,50.5,50.5,33.352718353271484,81497900,0.0,0.0
2018-09-06,50.5,50.5,49.75,50.5,33.352718353271484,75705800,0.0,0.0
2018-09-07,50.25,50.25,49.5,50.0,33.022491455078125,61471900,0.0,0.0
2018-09-10,50.0,50.25,49.5,50.25,33.187599182128906,34077100,0.0,0.0
2018-09-11,50.0,50.25,48.75,48.75,32.19692611694336,89541500,0.0,0.0
2018-09-12,49.0,49.75,48.75,49.5,32.692264556884766,70998100,0.0,0.0
2018-09-13,50.25,52.25,50.25,52.0,34.343387603759766,118417200,0.0,0.0
2018-09-14,52.25,52.25,51.5,51.75,34.17827606201172,48676600,0.0,0.0
2018-09-17,51.5,51.75,50.75,51.0,33.68293762207031,51129800,0.0,0.0
2018-09-18,50.75,52.25,50.75,52.0,34.343387603759766,102707000,0.0,0.0
2018-09-19,52.25,53.0,52.0,52.5,34.67361068725586,116079600,0.0,0.0
2018-09-20,53.0,53.75,52.75,53.5,35.33406066894531,117463700,0.0,0.0
2018-09-21,53.75,54.0,53.25,53.75,35.499176025390625,102535600,0.0,0.0
2018-09-24,53.5,54.0,53.25,54.0,35.664283752441406,42751100,0.0,0.0
2018-09-25,54.0,54.25,53.75,54.0,35.664283752441406,45177600,0.0,0.0
2018-09-26,54.25,54.5,54.0,54.25,35.82939910888672,41601500,0.0,0.0
2018-09-27,54.25,54.5,53.0,54.0,35.664283752441406,88924300,0.0,0.0
2018-09-28,54.5,54.5,54.0,54.25,35.82939910888672,49890000,0.0,0.0
2018-10-01,54.75,55.0,54.5,54.75,36.15962219238281,56906200,0.0,0.0
2018-10-02,54.75,55.25,54.25,54.5,35.99452209472656,75827200,0.0,0.0
2018-10-03,54.5,54.75,53.25,53.5,35.33406066894531,57174600,0.0,0.0
2018-10-04,53.25,53.75,52.5,53.0,35.00384521484375,79805500,0.0,0.0
2018-10-05,52.5,53.0,52.25,52.5,34.67361068725586,45275600,0.0,0.0
2018-10-08,52.5,53.0,51.75,51.75,34.17827606201172,62608300,0.0,0.0
2018-10-09,52.0,52.5,51.75,52.25,34.508506774902344,60714800,0.0,0.0
2018-10-10,52.75,54.0,52.75,54.0,35.664283752441406,84425100,0.0,0.0
2018-10-11,51.25,52.0,50.75,51.0,34.1894416809082,161422900,0.8,0.0
2018-10-12,51.5,52.0,51.0,51.5,34.52463912963867,78177000,0.0,0.0
2018-10-16,51.5,51.75,51.0,51.0,34.1894416809082,43143300,0.0,0.0
2018-10-17,51.5,51.75,51.0,51.0,34.1894416809082,39322500,0.0,0.0
2018-10-18,50.75,51.5,50.5,51.0,34.1894416809082,42968200,0.0,0.0
2018-10-19,50.75,51.0,50.5,50.5,33.8542594909668,60801700,0.0,0.0
2018-10-22,50.75,51.0,50.25,50.25,33.68666458129883,25528000,0.0,0.0
2018-10-24,48.75,49.25,48.5,48.5,32.51349639892578,99742400,0.0,0.0
2018-10-25,47.75,50.0,47.75,49.5,33.183876037597656,110238500,0.0,0.0
2018-10-26,49.25,49.5,48.25,48.25,32.34589767456055,94270400,0.0,0.0
2018-10-29,48.5,49.5,48.5,48.75,32.681087493896484,30536400,0.0,0.0
2018-10-30,48.75,49.5,48.5,49.25,33.01628875732422,43117500,0.0,0.0
2018-10-31,50.0,51.0,49.5,51.0,34.1894416809082,72326100,0.0,0.0
2018-11-01,50.75,51.0,49.5,49.5,33.183876037597656,101938000,0.0,0.0
2018-11-02,49.75,50.25,49.25,49.75,33.351470947265625,76979500,0.0,0.0
2018-11-05,49.25,49.5,49.0,49.25,33.01628875732422,46735900,0.0,0.0
2018-11-06,49.5,50.25,49.5,49.75,33.351470947265625,45290000,0.0,0.0
2018-11-07,50.25,50.5,49.5,50.25,33.68666458129883,61291900,0.0,0.0
2018-11-08,50.75,51.25,50.75,50.75,34.021854400634766,56791700,0.0,0.0
2018-11-09,50.25,50.5,49.75,49.75,33.351470947265625,47183700,0.0,0.0
2018-11-12,50.0,50.25,49.75,49.75,33.351470947265625,35330100,0.0,0.0
2018-11-13,49.5,50.5,49.5,50.0,33.519065856933594,60123200,0.0,0.0
2018-11-14,49.5,49.5,48.5,49.0,32.84868621826172,75095100,0.0,0.0
2018-11-15,49.0,49.25,48.5,48.75,32.681087493896484,57846600,0.0,0.0
2018-11-16,48.75,49.25,48.5,48.75,32.681087493896484,39354100,0.0,0.0
2018-11-19,48.75,49.0,48.5,48.75,32.681087493896484,36193800,0.0,0.0
2018-11-20,48.75,49.0,48.25,48.5,32.51349639892578,27612900,0.0,0.0
2018-11-21,48.0,48.75,48.0,48.25,32.34589767456055,53508900,0.0,0.0
2018-11-22,48.5,48.75,48.0,48.0,32.17830276489258,26426300,0.0,0.0
2018-11-23,48.25,49.0,48.0,48.75,32.681087493896484,39162200,0.0,0.0
2018-11-26,48.5,48.75,48.25,48.5,32.51349639892578,27399400,0.0,0.0
2018-11-27,48.25,49.0,48.25,48.75,32.681087493896484,32470700,0.0,0.0
2018-11-28,49.0,49.5,48.75,49.0,32.84868621826172,32987600,0.0,0.0
2018-11-29,49.25,50.0,49.25,49.25,33.01628875732422,31648400,0.0,0.0
2018-11-30,49.5,50.0,49.0,49.25,33.01628875732422,50870800,0.0,0.0
2018-12-03,50.5,52.25,50.25,51.75,34.69223403930664,102166400,0.0,0.0
2018-12-04,51.5,51.75,51.0,51.5,34.52463912963867,59150400,0.0,0.0
2018-12-06,50.5,50.75,50.0,50.25,33.68666458129883,57776700,0.0,0.0
2018-12-07,50.5,50.75,49.5,49.5,33.183876037597656,60108000,0.0,0.0
2018-12-11,49.5,49.75,49.0,49.25,33.01628875732422,51995700,0.0,0.0
2018-12-12,49.5,49.75,48.75,49.0,32.84868621826172,55457100,0.0,0.0
2018-12-13,49.0,49.25,47.0,47.5,31.84311294555664,107105500,0.0,0.0
2018-12-14,47.5,48.25,47.25,47.75,32.010711669921875,51388700,0.0,0.0
2018-12-17,47.75,48.25,47.75,48.0,32.17830276489258,39167300,0.0,0.0
2018-12-18,47.5,47.75,47.0,48.0,32.17830276489258,65021900,0.0,0.0
2018-12-19,46.75,47.25,46.25,47.0,31.507925033569336,87102700,0.0,0.0
2018-12-20,46.75,47.25,46.5,46.75,31.340320587158203,41622600,0.0,0.0
2018-12-21,46.5,47.5,46.5,47.5,31.84311294555664,52923700,0.0,0.0
2018-12-24,47.25,48.25,47.0,47.5,31.84311294555664,30399200,0.0,0.0
2018-12-25,46.75,46.75,45.25,45.25,30.33475685119629,57988500,0.0,0.0
2018-12-26,45.5,45.75,45.25,45.5,30.502355575561523,48055200,0.0,0.0
2018-12-27,47.0,47.5,45.25,45.5,30.502355575561523,92559300,0.0,0.0
2018-12-28,45.75,46.5,45.75,46.0,30.837543487548828,40796100,0.0,0.0
2019-01-02,46.25,46.75,46.25,46.25,31.00514030456543,30481900,0.0,0.0
2019-01-03,46.5,47.0,45.25,45.5,30.502355575561523,53438400,0.0,0.0
2019-01-04,45.5,47.0,45.25,46.75,31.340320587158203,60708300,0.0,0.0
2019-01-07,47.25,48.75,47.25,48.0,32.17830276489258,86356300,0.0,0.0
2019-01-08,48.25,48.75,47.75,48.0,32.17830276489258,50671500,0.0,0.0
2019-01-09,49.25,49.25,48.0,48.25,32.34589767456055,61760500,0.0,0.0
2019-01-10,48.25,49.0,48.0,48.75,32.681087493896484,70224300,0.0,0.0
2019-01-11,48.75,49.25,48.75,49.25,33.01628875732422,46822700,0.0,0.0
2019-01-14,48.75,49.0,47.5,48.0,32.17830276489258,63594700,0.0,0.0
2019-01-15,48.25,48.5,47.5,47.75,32.010711669921875,42908000,0.0,0.0
2019-01-16,48.0,48.25,47.0,47.5,31.84311294555664,71303600,0.0,0.0
2019-01-17,47.25,48.0,47.25,47.25,31.67551612854004,53656000,0.0,0.0
2019-01-18,48.0,48.5,47.75,48.25,32.34589767456055,43114000,0.0,0.0
2019-01-21,48.5,49.0,48.5,48.75,32.681087493896484,40896500,0.0,0.0
2019-01-22,48.75,49.75,48.75,49.5,33.183876037597656,60630600,0.0,0.0
2019-01-23,49.5,50.0,49.25,49.5,33.183876037597656,97284200,0.0,0.0
2019-01-24,49.5,50.0,49.0,49.0,32.84868621826172,65759600,0.0,0.0
2019-01-25,49.0,49.25,48.25,48.75,32.681087493896484,68842000,0.0,0.0
2019-01-28,48.75,49.25,48.5,48.75,32.681087493896484,44516700,0.0,0.0
2019-01-29,48.5,48.75,47.25,48.25,32.34589767456055,82281100,0.0,0.0
2019-01-30,48.5,48.5,47.5,48.25,32.34589767456055,51236800,0.0,0.0
2019-01-31,48.5,49.25,48.5,48.5,32.51349639892578,61479100,0.0,0.0
2019-02-01,48.75,49.5,48.5,49.5,33.183876037597656,45486300,0.0,0.0
2019-02-04,49.75,49.75,49.25,49.25,33.01628875732422,42524900,0.0,0.0
2019-02-05,49.25,49.25,48.75,49.25,33.01628875732422,18570600,0.0,0.0
2019-02-06,49.25,49.25,48.75,48.75,32.681087493896484,30913700,0.0,0.0
2019-02-07,48.75,49.5,48.75,49.0,32.84868621826172,43047500,0.0,0.0
2019-02-08,48.75,49.0,48.5,48.5,32.51349639892578,52078500,0.0,0.0
2019-02-11,48.25,48.5,48.0,48.25,32.34589767456055,45073400,0.0,0.0
2019-02-12,48.25,48.5,48.0,48.5,32.51349639892578,25236800,0.0,0.0
2019-02-13,48.75,49.25,48.25,49.0,32.84868621826172,55507500,0.0,0.0
2019-02-14,49.0,49.25,48.25,48.25,32.34589767456055,66581400,0.0,0.0
2019-02-15,48.25,48.5,47.75,48.25,32.34589767456055,51281500,0.0,0.0
2019-02-18,48.5,48.75,48.25,48.5,32.51349639892578,38098300,0.0,0.0
2019-02-20,48.25,49.0,48.25,49.0,32.84868621826172,54250800,0.0,0.0
2019-02-21,49.0,49.25,48.75,48.75,32.681087493896484,39701600,0.0,0.0
2019-02-22,48.5,49.5,48.25,49.25,33.01628875732422,54555900,0.0,0.0
2019-02-25,49.5,50.0,49.25,49.75,33.351470947265625,66032200,0.0,0.0
2019-02-26,49.5,49.5,49.0,49.0,32.84868621826172,56262500,0.0,0.0
2019-02-27,49.0,49.5,48.75,49.25,33.01628875732422,36652900,0.0,0.0
2019-02-28,49.25,49.5,48.5,48.5,32.51349639892578,74772600,0.0,0.0
2019-03-01,48.5,48.75,48.25,48.75,32.681087493896484,50324500,0.0,0.0
2019-03-04,48.5,49.0,48.25,48.75,32.681087493896484,42714600,0.0,0.0
2019-03-05,48.5,49.0,48.5,48.75,32.681087493896484,40786100,0.0,0.0
2019-03-06,48.0,48.0,47.5,47.5,32.646724700927734,39502400,1.2,0.0
2019-03-07,47.5,48.0,47.25,47.75,32.81855392456055,45868600,0.0,0.0
2019-03-08,47.75,48.0,47.25,47.5,32.646724700927734,42416300,0.0,0.0
2019-03-11,47.5,48.0,47.25,47.25,32.47489929199219,34589700,0.0,0.0
2019-03-12,47.5,47.75,47.25,47.25,32.47489929199219,34074500,0.0,0.0
2019-03-13,47.25,47.75,46.75,47.75,32.81855392456055,50919200,0.0,0.0
2019-03-14,48.0,48.5,47.75,48.0,32.99037170410156,47689700,0.0,0.0
2019-03-15,48.25,48.5,47.75,48.25,33.16220474243164,67054000,0.0,0.0
2019-03-18,48.25,48.5,47.5,47.75,32.81855392456055,50423100,0.0,0.0
2019-03-19,47.75,48.75,47.75,48.5,33.33402633666992,40416300,0.0,0.0
2019-03-20,48.5,48.75,48.0,48.25,33.16220474243164,37376700,0.0,0.0
2019-03-21,48.25,48.75,48.25,48.25,33.16220474243164,47539000,0.0,0.0
2019-03-22,48.75,49.25,48.5,48.75,33.50585174560547,46427000,0.0,0.0
2019-03-25,48.25,48.5,47.5,47.75,32.81855392456055,75544200,0.0,0.0
2019-03-26,48.0,48.25,47.5,48.0,32.99037170410156,48308300,0.0,0.0
2019-03-27,47.75,48.0,47.25,47.5,32.646724700927734,59392600,0.0,0.0
2019-03-28,47.25,47.75,47.0,47.5,32.646724700927734,45521900,0.0,0.0
2019-03-29,47.75,48.0,47.5,48.0,32.99037170410156,31394100,0.0,0.0
2019-04-01,48.25,48.5,48.0,48.0,32.99037170410156,42727400,0.0,0.0
2019-04-02,48.25,48.5,48.0,48.0,32.99037170410156,34675200,0.0,0.0
2019-04-03,48.25,48.5,47.75,48.25,33.16220474243164,62638000,0.0,0.0
2019-04-04,48.25,48.25,47.75,48.0,32.99037170410156,26875900,0.0,0.0
2019-04-05,48.0,48.25,47.5,47.75,32.81855392456055,28256400,0.0,0.0
2019-04-09,47.75,48.25,47.75,48.0,32.99037170410156,41015400,0.0,0.0
2019-04-10,48.0,48.5,48.0,48.25,33.16220474243164,47147000,0.0,0.0
2019-04-11,48.25,48.5,48.0,48.25,33.16220474243164,21735500,0.0,0.0
2019-04-12,48.25,48.5,48.0,48.0,32.99037170410156,20434800,0.0,0.0
2019-04-17,48.25,48.75,48.0,48.5,33.33402633666992,80575800,0.0,0.0
2019-04-18,48.75,48.75,48.25,48.75,33.50585174560547,26839600,0.0,0.0
2019-04-19,48.5,48.75,48.5,48.5,33.33402633666992,9213100,0.0,0.0
2019-04-22,48.5,49.5,48.5,49.25,33.8494987487793,85567700,0.0,0.0
2019-04-23,49.25,50.0,49.25,49.5,34.02132797241211,59826300,0.0,0.0
2019-04-24,50.0,50.25,49.5,49.5,34.02132797241211,66025200,0.0,0.0
2019-04-25,49.5,49.75,49.25,49.5,34.02132797241211,36027300,0.0,0.0
2019-04-26,49.75,49.75,49.0,49.25,33.8494987487793,42478000,0.0,0.0
2019-04-29,49.0,49.25,48.75,48.75,33.50585174560547,31093700,0.0,0.0
2019-04-30,49.0,49.25,48.5,48.75,33.50585174560547,36313700,0.0,0.0
2019-05-02,49.0,49.25,48.75,49.0,33.67767333984375,24142900,0.0,0.0
2019-05-03,49.0,49.5,48.75,49.25,33.8494987487793,34370400,0.0,0.0
2019-05-07,49.0,49.0,48.25,48.75,33.50585174560547,71380400,0.0,0.0
2019-05-08,48.5,48.5,48.0,48.0,32.99037170410156,60392200,0.0,0.0
2019-05-09,48.0,48.25,47.5,47.5,32.646724700927734,65309100,0.0,0.0
2019-05-10,47.75,48.0,47.5,47.75,32.81855392456055,39293800,0.0,0.0
2019-05-13,47.75,48.0,47.25,47.5,32.646724700927734,42830900,0.0,0.0
2019-05-14,47.25,47.75,47.0,47.25,32.47489929199219,53515100,0.0,0.0
2019-05-15,47.5,47.75,47.25,47.25,32.47489929199219,26120400,0.0,0.0
2019-05-16,47.25,47.5,47.0,47.0,32.303077697753906,38097800,0.0,0.0
2019-05-17,47.25,47.5,46.5,46.5,31.959428787231445,59669500,0.0,0.0
2019-05-21,46.5,46.75,46.25,46.25,31.78760528564453,63587200,0.0,0.0
2019-05-22,46.25,46.75,46.25,46.5,31.959428787231445,50385300,0.0,0.0
2019-05-23,46.25,46.5,45.75,45.75,31.443952560424805,32282200,0.0,0.0
2019-05-24,45.25,46.0,45.0,45.75,31.443952560424805,65756200,0.0,0.0
2019-05-27,46.0,46.75,46.0,46.25,31.78760528564453,25633000,0.0,0.0
2019-05-28,46.5,47.25,46.0,47.25,32.47489929199219,105796000,0.0,0.0
2019-05-29,47.0,47.0,46.5,46.5,31.959428787231445,32579800,0.0,0.0
2019-05-30,46.5,46.75,46.25,46.25,31.78760528564453,41340600,0.0,0.0
2019-05-31,46.25,46.75,46.0,46.25,31.78760528564453,38579900,0.0,0.0
2019-06-04,46.0,46.75,45.75,46.5,31.959428787231445,62919700,0.0,0.0
2019-06-05,47.0,47.25,46.75,47.0,32.303077697753906,41894200,0.0,0.0
2019-06-06,47.0,47.25,46.75,47.0,32.303077697753906,29504100,0.0,0.0
2019-06-07,47.25,47.25,46.75,47.0,32.303077697753906,31203700,0.0,0.0
2019-06-10,47.25,47.75,47.0,47.25,32.47489929199219,62287800,0.0,0.0
2019-06-11,47.25,47.75,47.25,47.5,32.646724700927734,53160200,0.0,0.0
2019-06-12,47.25,47.5,47.0,47.0,32.303077697753906,29206300,0.0,0.0
2019-06-13,46.75,47.0,46.5,47.0,32.303077697753906,53014500,0.0,0.0
2019-06-14,46.75,47.0,46.5,46.5,31.959428787231445,23853800,0.0,0.0
2019-06-17,46.75,47.0,46.5,46.5,31.959428787231445,29257600,0.0,0.0
2019-06-18,46.75,47.5,46.5,47.5,32.646724700927734,43570800,0.0,0.0
2019-06-19,47.75,48.5,47.75,48.0,32.99037170410156,96102900,0.0,0.0
2019-06-20,48.25,49.0,48.0,48.75,33.50585174560547,96692400,0.0,0.0
2019-06-21,49.25,49.5,48.5,49.0,33.67767333984375,101717200,0.0,0.0
2019-06-24,49.0,49.25,48.75,49.0,33.67767333984375,41335300,0.0,0.0
2019-06-25,49.0,49.25,48.25,48.75,33.50585174560547,63759000,0.0,0.0
2019-06-26,48.75,49.0,48.25,48.5,33.33402633666992,61454600,0.0,0.0
2019-06-27,48.75,49.0,48.5,48.75,33.50585174560547,41623900,0.0,0.0
2019-06-28,48.75,49.0,48.75,48.75,33.50585174560547,26162200,0.0,0.0
2019-07-01,49.5,49.5,49.0,49.5,34.02132797241211,52067800,0.0,0.0
2019-07-02,49.25,49.5,48.5,48.5,33.33402633666992,51490800,0.0,0.0
2019-07-03,48.5,48.5,48.0,48.25,33.16220474243164,44524800,0.0,0.0
2019-07-04,48.5,48.75,48.0,48.25,33.16220474243164,49509400,0.0,0.0
2019-07-05,48.25,48.5,48.0,48.25,33.16220474243164,20907100,0.0,0.0
2019-07-08,48.0,48.25,48.0,48.25,33.16220474243164,12375900,0.0,0.0
2019-07-09,48.0,48.25,47.75,47.75,32.81855392456055,39812400,0.0,0.0
2019-07-10,48.0,48.5,47.75,48.25,33.16220474243164,56289300,0.0,0.0
2019-07-11,48.5,48.75,48.25,48.25,33.16220474243164,47516200,0.0,0.0
2019-07-12,48.5,48.5,47.75,47.75,32.81855392456055,52101300,0.0,0.0
2019-07-15,47.75,48.5,47.5,47.75,32.81855392456055,52288400,0.0,0.0
2019-07-17,47.75,48.25,47.5,48.0,32.99037170410156,40867000,0.0,0.0
2019-07-18,47.75,48.0,47.5,47.75,32.81855392456055,42921300,0.0,0.0
2019-07-19,48.0,48.0,47.5,47.75,32.81855392456055,32629400,0.0,0.0
2019-07-22,47.5,48.0,47.5,47.75,32.81855392456055,34406000,0.0,0.0
2019-07-23,48.0,48.0,47.5,47.75,32.81855392456055,21060200,0.0,0.0
2019-07-24,47.75,48.0,47.25,47.75,32.81855392456055,34429900,0.0,0.0
2019-07-25,47.75,48.0,47.5,47.75,32.81855392456055,20087500,0.0,0.0
2019-07-26,47.5,47.75,47.0,47.25,32.47489929199219,41728200,0.0,0.0
2019-07-30,47.25,47.5,47.0,47.25,32.47489929199219,23789900,0.0,0.0
2019-07-31,47.0,47.5,47.0,47.25,32.47489929199219,34634400,0.0,0.0
2019-08-01,47.0,47.25,46.75,47.25,32.47489929199219,25010600,0.0,0.0
2019-08-02,46.75,46.75,45.75,46.0,31.615779876708984,109691800,0.0,0.0
2019-08-05,46.0,46.5,45.75,45.75,31.443952560424805,54457300,0.0,0.0
2019-08-06,45.25,45.75,45.25,45.5,31.27212905883789,63979300,0.0,0.0
2019-08-07,45.5,45.75,45.0,45.0,30.928478240966797,61688200,0.0,0.0
2019-08-08,45.0,45.25,44.0,44.25,30.41299819946289,89147100,0.0,0.0
2019-08-09,44.25,44.75,44.0,44.25,30.41299819946289,40806300,0.0,0.0
2019-08-13,44.0,44.25,42.5,43.0,29.553874969482422,101437800,0.0,0.0
2019-08-14,43.5,44.0,43.0,43.25,29.725704193115234,84574000,0.0,0.0
2019-08-15,42.75,43.25,42.0,42.25,29.03840446472168,99627300,0.0,0.0
2019-08-16,42.5,43.0,42.25,42.75,29.382051467895508,43127600,0.0,0.0
2019-08-19,43.0,43.5,42.75,43.25,29.725704193115234,47577500,0.0,0.0
2019-08-20,43.5,43.5,42.5,42.75,29.382051467895508,33490200,0.0,0.0
2019-08-21,43.0,43.5,42.75,43.0,29.553874969482422,29780800,0.0,0.0
2019-08-22,42.5,42.75,42.0,42.25,29.03840446472168,83616100,0.0,0.0
2019-08-23,42.5,42.75,42.25,42.5,29.210227966308594,20612900,0.0,0.0
2019-08-26,41.75,42.0,41.0,41.0,28.179277420043945,88299000,0.0,0.0
2019-08-27,41.25,41.5,40.75,40.75,28.007455825805664,80169300,0.0,0.0
2019-08-28,41.0,41.25,40.75,41.0,28.179277420043945,28287600,0.0,0.0
2019-08-29,41.25,43.5,41.0,43.25,29.725704193115234,109703100,0.0,0.0
2019-08-30,43.75,44.5,43.5,44.25,30.41299819946289,94049500,0.0,0.0
2019-09-02,44.0,44.25,43.5,43.5,29.89752769470215,48614200,0.0,0.0
2019-09-03,43.5,43.75,42.75,42.75,29.382051467895508,46176100,0.0,0.0
2019-09-04,43.25,43.75,42.75,43.5,29.89752769470215,45669600,0.0,0.0
2019-09-05,44.25,44.5,44.0,44.25,30.41299819946289,51698600,0.0,0.0
2019-09-06,44.5,44.75,44.25,44.5,30.584829330444336,29316600,0.0,0.0
2019-09-09,44.5,45.0,44.25,45.0,30.928478240966797,33094400,0.0,0.0
2019-09-10,45.25,45.5,45.0,45.5,31.27212905883789,44756700,0.0,0.0
2019-09-11,45.25,45.75,45.0,45.75,31.443952560424805,43756200,0.0,0.0
2019-09-12,45.75,46.25,45.5,45.5,31.27212905883789,37933400,0.0,0.0
2019-09-13,45.5,45.75,45.25,45.5,31.27212905883789,37103000,0.0,0.0
2019-09-16,46.75,47.25,46.75,47.0,32.303077697753906,109572700,0.0,0.0
2019-09-17,47.25,47.75,47.0,47.25,32.47489929199219,83573700,0.0,0.0
2019-09-18,46.5,46.75,45.5,45.75,31.443952560424805,91383800,0.0,0.0
2019-09-19,45.5,45.75,45.0,45.25,31.100299835205078,46595800,0.0,0.0
2019-09-20,45.0,45.75,44.75,45.5,31.27212905883789,72291500,0.0,0.0
2019-09-23,45.5,46.0,45.0,45.75,31.443952560424805,43060500,0.0,0.0
2019-09-24,45.75,46.5,45.75,46.25,31.78760528564453,39281300,0.0,0.0
2019-09-25,45.75,46.0,45.5,46.0,31.615779876708984,38430600,0.0,0.0
2019-09-26,46.0,46.5,46.0,46.0,31.615779876708984,41834400,0.0,0.0
2019-09-27,46.0,46.25,45.75,46.0,31.615779876708984,42434900,0.0,0.0
2019-09-30,46.25,46.25,45.75,46.25,31.78760528564453,48000500,0.0,0.0
2019-10-01,46.0,46.0,45.5,45.75,31.443952560424805,35882000,0.0,0.0
2019-10-02,45.5,45.75,45.25,45.75,31.443952560424805,41306600,0.0,0.0
2019-10-03,45.5,45.75,45.25,45.5,31.27212905883789,51159300,0.0,0.0
2019-10-04,45.75,46.0,45.5,45.75,31.443952560424805,18036800,0.0,0.0
2019-10-07,45.75,46.0,45.5,46.0,31.615779876708984,24833700,0.0,0.0
2019-10-08,46.25,46.5,45.75,45.75,31.443952560424805,25986400,0.0,0.0
2019-10-09,46.0,46.0,45.5,45.75,31.443952560424805,28119300,0.0,0.0
2019-10-10,45.0,45.25,44.5,44.5,31.198572158813477,44578000,0.9,0.0
2019-10-11,44.5,45.75,44.5,45.25,31.72438621520996,49071300,0.0,0.0
2019-10-15,45.25,45.75,44.75,45.0,31.549118041992188,31686200,0.0,0.0
2019-10-16,45.0,45.5,44.5,45.0,31.549118041992188,33940300,0.0,0.0
2019-10-17,45.0,45.25,44.25,44.25,31.02329444885254,41839500,0.0,0.0
2019-10-18,44.25,44.75,44.0,44.5,31.198572158813477,25782300,0.0,0.0
2019-10-21,44.5,44.75,44.0,44.25,31.02329444885254,21384300,0.0,0.0
2019-10-22,44.5,45.0,44.25,44.75,31.373838424682617,15780100,0.0,0.0
2019-10-24,45.25,45.25,44.25,44.75,31.373838424682617,41726700,0.0,0.0
2019-10-25,44.75,45.0,44.25,44.5,31.198572158813477,27856900,0.0,0.0
2019-10-28,44.5,44.75,44.25,44.5,31.198572158813477,23898200,0.0,0.0
2019-10-29,44.75,45.0,44.25,44.5,31.198572158813477,28255100,0.0,0.0
2019-10-30,44.5,45.75,44.25,45.5,31.8996639251709,59666100,0.0,0.0
2019-10-31,45.75,46.0,45.0,45.25,31.72438621520996,61242200,0.0,0.0
2019-11-01,45.25,45.5,44.75,45.25,31.72438621520996,30744800,0.0,0.0
2019-11-04,45.5,45.75,44.75,45.5,31.8996639251709,58485500,0.0,0.0
2019-11-05,46.0,46.0,45.5,45.75,32.07493591308594,54410800,0.0,0.0
2019-11-06,45.75,46.0,45.25,45.5,31.8996639251709,51214200,0.0,0.0
2019-11-07,45.25,46.25,45.0,46.0,32.250213623046875,80378200,0.0,0.0
2019-11-08,46.0,46.25,45.25,45.5,31.8996639251709,66256800,0.0,0.0
2019-11-11,45.25,45.75,45.0,45.25,31.72438621520996,45495600,0.0,0.0
2019-11-12,45.5,45.75,45.0,45.25,31.72438621520996,36738100,0.0,0.0
2019-11-13,45.0,45.25,45.0,45.25,31.72438621520996,19448300,0.0,0.0
2019-11-14,45.25,45.25,44.75,44.75,31.373838424682617,48616100,0.0,0.0
2019-11-15,45.0,45.0,44.5,44.75,31.373838424682617,28837900,0.0,0.0
2019-11-18,44.75,45.0,44.5,44.5,31.198572158813477,43191600,0.0,0.0
2019-11-19,44.5,44.5,43.25,43.75,30.672754287719727,96012900,0.0,0.0
2019-11-20,43.5,43.5,42.75,43.0,30.146928787231445,63434600,0.0,0.0
2019-11-21,43.25,43.25,42.75,43.25,30.322206497192383,39145000,0.0,0.0
2019-11-22,43.25,43.5,43.0,43.25,30.322206497192383,14441700,0.0,0.0
2019-11-25,43.5,43.5,43.0,43.5,30.497480392456055,38908500,0.0,0.0
2019-11-26,43.5,44.25,43.25,43.25,30.322206497192383,80037300,0.0,0.0
2019-11-27,43.25,43.75,43.0,43.5,30.497480392456055,47384800,0.0,0.0
2019-11-28,43.5,43.5,43.25,43.5,30.497480392456055,12772600,0.0,0.0
2019-11-29,43.25,43.75,43.0,43.25,30.322206497192383,43033900,0.0,0.0
2019-12-02,43.25,43.25,42.5,42.5,29.79638671875,51835600,0.0,0.0
2019-12-03,42.5,42.5,41.75,41.75,29.27056884765625,50405700,0.0,0.0
2019-12-04,41.5,43.0,41.25,42.25,29.62111473083496,44312600,0.0,0.0
2019-12-06,42.25,42.75,42.0,42.0,29.445844650268555,34376400,0.0,0.0
2019-12-09,42.5,42.75,42.0,42.25,29.62111473083496,26918700,0.0,0.0
2019-12-11,42.5,42.5,41.5,42.0,29.445844650268555,61259700,0.0,0.0
2019-12-12,42.25,43.25,42.25,42.75,29.97165870666504,48892000,0.0,0.0
2019-12-13,44.25,44.75,44.0,44.0,30.8480281829834,61368700,0.0,0.0
2019-12-16,44.25,44.25,43.5,43.5,30.497480392456055,47295200,0.0,0.0
2019-12-17,43.75,44.25,43.25,43.75,30.672754287719727,41898500,0.0,0.0
2019-12-18,44.25,44.75,44.0,44.75,31.373838424682617,42178000,0.0,0.0
2019-12-19,44.0,44.5,43.25,44.25,31.02329444885254,64486600,0.0,0.0
2019-12-20,44.25,44.5,43.5,44.5,31.198572158813477,59579700,0.0,0.0
2019-12-23,44.5,45.25,44.25,44.75,31.373838424682617,23862100,0.0,0.0
2019-12-24,45.0,45.0,44.0,44.25,31.02329444885254,32913200,0.0,0.0
2019-12-25,44.25,44.25,43.75,44.25,31.02329444885254,11687500,0.0,0.0
2019-12-26,44.25,44.5,44.25,44.5,31.198572158813477,11117700,0.0,0.0
2019-12-27,44.5,44.75,43.5,44.25,31.02329444885254,55385800,0.0,0.0
2019-12-30,44.25,44.75,44.0,44.0,30.8480281829834,33688500,0.0,0.0
2020-01-02,44.25,45.5,44.0,45.5,31.8996639251709,59084700,0.0,0.0
2020-01-03,46.25,47.0,46.0,46.5,32.60075759887695,147370600,0.0,0.0
2020-01-06,47.25,47.75,46.5,47.0,32.951297760009766,91026800,0.0,0.0
2020-01-07,47.25,47.25,46.25,47.25,33.1265754699707,60059600,0.0,0.0
2020-01-08,47.5,47.75,46.75,46.75,32.77602005004883,57759900,0.0,0.0
2020-01-09,46.25,47.0,45.75,47.0,32.951297760009766,52687500,0.0,0.0
2020-01-10,47.0,47.0,46.0,46.5,32.60075759887695,46958400,0.0,0.0
2020-01-13,46.5,47.0,46.25,46.5,32.60075759887695,34881800,0.0,0.0
2020-01-14,46.0,46.5,45.75,46.0,32.250213623046875,33151000,0.0,0.0
2020-01-15,45.75,46.0,45.5,45.5,31.8996639251709,54902500,0.0,0.0
2020-01-16,45.5,46.0,45.25,46.0,32.250213623046875,22148600,0.0,0.0
2020-01-17,46.0,46.5,45.75,46.0,32.250213623046875,35360400,0.0,0.0
2020-01-20,46.0,46.25,45.75,46.25,32.42548370361328,18111800,0.0,0.0
2020-01-21,46.25,46.75,45.75,46.5,32.60075759887695,41680400,0.0,0.0
2020-01-22,46.75,47.0,46.25,46.25,32.42548370361328,27232000,0.0,0.0
2020-01-23,45.75,46.0,45.25,45.75,32.07493591308594,42931800,0.0,0.0
2020-01-24,45.5,45.75,45.0,45.25,31.72438621520996,48022500,0.0,0.0
2020-01-27,44.75,44.75,43.5,43.5,30.497480392456055,81866700,0.0,0.0
2020-01-28,43.25,44.0,43.25,43.75,30.672754287719727,52014600,0.0,0.0
2020-01-29,44.0,44.0,43.25,43.5,30.497480392456055,58874300,0.0,0.0
2020-01-30,43.5,43.75,43.25,43.5,30.497480392456055,15786000,0.0,0.0
2020-01-31,43.5,43.75,43.0,43.25,30.322206497192383,33971300,0.0,0.0
2020-02-03,43.25,43.25,42.5,42.75,29.97165870666504,41357700,0.0,0.0
2020-02-04,42.75,43.0,42.25,43.0,30.146928787231445,48374600,0.0,0.0
2020-02-05,43.0,43.5,42.5,43.25,30.322206497192383,53322800,0.0,0.0
2020-02-06,43.5,44.25,43.25,43.75,30.672754287719727,57822000,0.0,0.0
2020-02-07,44.0,44.25,43.25,43.5,30.497480392456055,38887000,0.0,0.0
2020-02-11,43.5,43.75,43.0,43.0,30.146928787231445,47458700,0.0,0.0
2020-02-12,43.5,43.5,43.0,43.25,30.322206497192383,40596700,0.0,0.0
2020-02-13,43.25,43.75,43.0,43.0,30.146928787231445,30805100,0.0,0.0
2020-02-14,43.25,43.5,43.0,43.0,30.146928787231445,24283500,0.0,0.0
2020-02-17,43.0,43.25,42.75,43.0,30.146928787231445,29068200,0.0,0.0
2020-02-18,43.0,43.25,42.75,42.75,29.97165870666504,19227100,0.0,0.0
2020-02-19,43.0,44.5,43.0,44.0,30.8480281829834,79842400,0.0,0.0
2020-02-20,44.5,45.0,43.5,44.75,31.373838424682617,59181300,0.0,0.0
2020-02-21,43.75,44.5,43.75,44.5,31.198572158813477,45151700,0.0,0.0
2020-02-24,43.75,44.0,42.75,42.75,29.97165870666504,79722500,0.0,0.0
2020-02-25,42.75,43.25,42.5,42.5,29.79638671875,68580100,0.0,0.0
2020-02-26,42.25,42.5,41.5,41.5,29.09529685974121,91569300,0.0,0.0
2020-02-27,41.5,42.25,41.0,41.75,29.27056884765625,78430600,0.0,0.0
2020-02-28,40.75,40.75,38.0,39.0,27.342565536499023,135415600,0.0,0.0
2020-03-02,39.5,40.5,39.25,39.25,27.517837524414062,131743600,0.0,0.0
2020-03-03,40.0,40.75,39.75,40.75,28.56947898864746,82152500,0.0,0.0
2020-03-04,39.5,40.0,39.0,39.5,28.461393356323242,62206800,1.1,0.0
2020-03-05,40.0,40.0,39.0,39.0,28.101125717163086,52775600,0.0,0.0
2020-03-06,38.5,38.5,37.5,37.5,27.020313262939453,71759400,0.0,0.0
2020-03-09,26.75,31.5,26.75,28.0,20.1751651763916,643782000,0.0,0.0
2020-03-10,29.0,29.5,28.0,28.5,20.535436630249023,325595400,0.0,0.0
2020-03-11,29.25,30.25,28.5,29.25,21.075847625732422,273511400,0.0,0.0
2020-03-12,27.25,28.0,26.25,26.5,19.0943546295166,252899600,0.0,0.0
2020-03-13,24.200000762939453,29.5,23.600000381469727,28.0,20.1751651763916,390830800,0.0,0.0
2020-03-16,27.0,28.0,26.25,26.25,18.914216995239258,168223100,0.0,0.0
2020-03-17,26.5,27.5,26.0,26.0,18.734086990356445,193054600,0.0,0.0
2020-03-18,26.5,27.25,25.5,26.5,19.0943546295166,121063700,0.0,0.0
2020-03-19,25.0,26.0,24.600000381469727,25.75,18.55394744873047,156500700,0.0,0.0
2020-03-20,27.25,29.5,26.75,29.5,21.255983352661133,199378000,0.0,0.0
2020-03-23,27.0,28.5,26.5,27.25,19.634761810302734,166909300,0.0,0.0
2020-03-24,29.25,29.75,27.75,29.0,20.895709991455078,185795900,0.0,0.0
2020-03-25,30.0,32.75,29.5,31.25,22.516929626464844,225148500,0.0,0.0
2020-03-26,30.75,32.0,30.5,31.25,22.516929626464844,142242900,0.0,0.0
2020-03-27,31.5,31.75,29.5,30.0,21.61625099182129,148090400,0.0,0.0
2020-03-30,29.0,29.0,29.0,29.0,20.895709991455078,7500500,0.0,0.0
2020-03-31,29.0,30.75,29.0,30.75,22.15665626525879,113739000,0.0,0.0
2020-04-01,30.25,31.25,30.0,30.25,21.796384811401367,112603400,0.0,0.0
2020-04-02,30.75,34.5,30.5,33.75,24.318283081054688,235135400,0.0,0.0
2020-04-03,35.5,36.75,34.0,35.5,25.57923126220703,267035700,0.0,0.0
2020-04-07,38.5,38.75,37.0,38.25,27.560720443725586,214399300,0.0,0.0
2020-04-08,37.5,37.5,35.75,36.0,25.939504623413086,171353300,0.0,0.0
2020-04-09,37.0,37.25,35.0,35.75,25.759363174438477,155937800,0.0,0.0
2020-04-10,35.0,36.25,34.5,36.0,25.939504623413086,79974300,0.0,0.0
2020-04-13,35.5,36.0,35.0,35.75,25.759363174438477,65183100,0.0,0.0
2020-04-14,36.25,36.5,35.75,36.0,25.939504623413086,79894600,0.0,0.0
2020-04-15,35.5,36.0,35.0,35.5,25.57923126220703,89542500,0.0,0.0
2020-04-16,35.0,35.25,33.0,33.25,23.9580135345459,129900200,0.0,0.0
2020-04-17,34.5,34.75,33.25,34.25,24.678550720214844,122747300,0.0,0.0
2020-04-20,34.0,35.75,33.75,35.25,25.399091720581055,87463700,0.0,0.0
2020-04-21,34.5,34.75,33.75,34.0,24.4984188079834,109237800,0.0,0.0
2020-04-22,33.25,33.75,32.5,33.25,23.9580135345459,145407200,0.0,0.0
2020-04-23,33.75,34.25,33.5,33.75,24.318283081054688,102677100,0.0,0.0
2020-04-24,34.25,35.0,33.75,34.0,24.4984188079834,122083100,0.0,0.0
2020-04-27,34.75,34.75,33.75,34.0,24.4984188079834,52826400,0.0,0.0
2020-04-28,33.5,34.0,33.0,33.5,24.138147354125977,87950300,0.0,0.0
2020-04-29,34.0,34.25,33.5,34.0,24.4984188079834,70051700,0.0,0.0
2020-04-30,35.0,35.5,34.5,35.5,25.57923126220703,182032900,0.0,0.0
2020-05-05,35.25,35.75,34.5,35.0,25.218957901000977,93125700,0.0,0.0
2020-05-07,35.0,35.25,34.25,34.25,24.678550720214844,64787000,0.0,0.0
2020-05-08,34.75,35.5,34.5,35.25,25.399091720581055,68596200,0.0,0.0
2020-05-11,35.75,36.0,35.25,35.5,25.57923126220703,88413800,0.0,0.0
2020-05-12,35.5,36.25,35.25,36.25,26.11963653564453,71991100,0.0,0.0
2020-05-13,36.0,36.5,35.75,36.0,25.939504623413086,49095100,0.0,0.0
2020-05-14,35.5,35.75,35.0,35.5,25.57923126220703,45709300,0.0,0.0
2020-05-15,35.75,36.0,35.25,35.5,25.57923126220703,78668000,0.0,0.0
2020-05-18,36.0,36.5,36.0,36.0,25.939504623413086,77226800,0.0,0.0
2020-05-19,37.0,37.0,36.5,36.5,26.29977035522461,106752100,0.0,0.0
2020-05-20,36.5,37.0,36.25,36.75,26.479904174804688,46700700,0.0,0.0
2020-05-21,37.0,37.25,36.5,37.0,26.66004180908203,47689600,0.0,0.0
2020-05-22,36.5,36.75,35.5,35.75,25.759363174438477,69384300,0.0,0.0
2020-05-25,35.75,36.5,35.75,36.25,26.11963653564453,25186200,0.0,0.0
2020-05-26,36.75,37.25,36.5,36.75,26.479904174804688,47875500,0.0,0.0
2020-05-27,36.5,36.75,36.0,36.5,26.29977035522461,39041200,0.0,0.0
2020-05-28,36.5,36.75,35.5,35.5,25.57923126220703,74678900,0.0,0.0
2020-05-29,35.5,35.75,35.0,35.5,25.57923126220703,92200800,0.0,0.0
2020-06-01,35.75,36.5,35.75,36.0,25.939504623413086,57097800,0.0,0.0
2020-06-02,36.25,37.0,35.75,37.0,26.66004180908203,53305400,0.0,0.0
2020-06-04,37.75,38.25,37.25,38.0,27.380584716796875,112629200,0.0,0.0
2020-06-05,38.0,40.5,37.5,39.5,28.461393356323242,172777600,0.0,0.0
2020-06-08,40.5,41.5,40.25,40.75,29.36207389831543,120902300,0.0,0.0
2020-06-09,40.25,40.5,38.75,39.0,28.101125717163086,116567300,0.0,0.0
2020-06-10,39.5,39.5,38.5,39.25,28.281259536743164,66057000,0.0,0.0
2020-06-11,39.0,39.25,38.0,38.5,27.740854263305664,55341900,0.0,0.0
2020-06-12,37.25,37.75,36.75,37.25,26.84017562866211,93979600,0.0,0.0
2020-06-15,36.75,37.25,36.0,36.5,26.29977035522461,74051700,0.0,0.0
2020-06-16,37.75,38.5,37.25,38.0,27.380584716796875,78565000,0.0,0.0
2020-06-17,37.5,38.0,37.0,38.0,27.380584716796875,77566900,0.0,0.0
2020-06-18,37.25,38.0,37.0,37.75,27.200448989868164,34172200,0.0,0.0
2020-06-19,38.0,38.25,37.5,38.25,27.560720443725586,48335300,0.0,0.0
2020-06-22,38.0,38.5,37.75,38.5,27.740854263305664,43698000,0.0,0.0
2020-06-23,38.75,38.75,38.25,38.75,27.920989990234375,27061200,0.0,0.0
2020-06-24,39.0,39.0,37.25,37.5,27.020313262939453,45653000,0.0,0.0
2020-06-25,37.0,37.25,36.25,37.25,26.84017562866211,50161000,0.0,0.0
2020-06-26,37.75,38.0,37.0,37.0,26.66004180908203,32050100,0.0,0.0
2020-06-29,36.5,37.5,36.5,37.25,26.84017562866211,35798700,0.0,0.0
2020-06-30,37.75,38.25,37.5,37.75,27.200448989868164,48960900,0.0,0.0
2020-07-01,38.0,38.5,37.5,38.5,27.740854263305664,51477700,0.0,0.0
2020-07-02,38.5,39.75,38.25,39.0,28.101125717163086,85892400,0.0,0.0
2020-07-03,39.25,39.75,38.75,39.25,28.281259536743164,45900700,0.0,0.0
2020-07-07,39.75,41.0,39.75,40.25,29.001802444458008,98297800,0.0,0.0
2020-07-08,40.0,40.5,39.0,39.5,28.461393356323242,75150800,0.0,0.0
2020-07-09,39.5,39.75,39.0,39.25,28.281259536743164,52227100,0.0,0.0
2020-07-10,38.75,39.0,38.0,38.25,27.560720443725586,51049000,0.0,0.0
2020-07-13,38.5,38.75,37.5,37.5,27.020313262939453,51480300,0.0,0.0
2020-07-14,37.25,38.0,37.0,38.0,27.380584716796875,33133600,0.0,0.0
2020-07-15,38.25,39.0,38.0,38.75,27.920989990234375,44600300,0.0,0.0
2020-07-16,38.75,38.75,37.75,38.25,27.560720443725586,37275700,0.0,0.0
2020-07-17,38.5,39.0,38.0,38.75,27.920989990234375,27833900,0.0,0.0
2020-07-20,38.5,39.0,38.25,38.5,27.740854263305664,25566500,0.0,0.0
2020-07-21,39.0,40.5,39.0,40.25,29.001802444458008,65615400,0.0,0.0
2020-07-22,40.25,40.75,39.0,39.5,28.461393356323242,65462200,0.0,0.0
2020-07-23,39.5,40.0,39.0,39.75,28.641529083251953,36524100,0.0,0.0
2020-07-24,39.0,39.25,38.5,38.5,27.740854263305664,42731400,0.0,0.0
2020-07-29,38.5,38.75,38.25,38.5,27.740854263305664,29212400,0.0,0.0
2020-07-30,38.5,39.0,38.0,38.0,27.380584716796875,37445600,0.0,0.0
2020-07-31,38.25,39.25,37.25,39.0,28.101125717163086,75399200,0.0,0.0
2020-08-03,39.0,39.0,38.25,38.5,27.740854263305664,35058600,0.0,0.0
2020-08-04,38.75,39.0,38.0,38.0,27.380584716796875,60854500,0.0,0.0
2020-08-05,38.25,39.25,38.0,39.0,28.101125717163086,61561600,0.0,0.0
2020-08-06,38.75,39.5,38.5,38.75,27.920989990234375,34953700,0.0,0.0
2020-08-07,38.5,38.75,37.75,38.25,27.560720443725586,59234200,0.0,0.0
2020-08-10,38.25,38.5,37.75,37.75,27.200448989868164,23190400,0.0,0.0
2020-08-11,38.0,38.5,37.5,37.5,27.020313262939453,61644200,0.0,0.0
2020-08-13,37.75,38.75,37.75,38.25,27.560720443725586,61045300,0.0,0.0
2020-08-14,38.25,38.5,37.5,37.75,27.200448989868164,38129200,0.0,0.0
2020-08-17,38.0,38.25,37.75,38.0,27.380584716796875,20152300,0.0,0.0
2020-08-18,38.0,38.25,37.75,38.0,27.380584716796875,31995400,0.0,0.0
2020-08-19,38.25,38.25,37.25,37.25,26.84017562866211,55437600,0.0,0.0
2020-08-20,37.0,37.25,36.25,36.25,26.11963653564453,49667200,0.0,0.0
2020-08-21,36.75,37.0,36.25,36.5,26.29977035522461,35237700,0.0,0.0
2020-08-24,36.5,37.25,36.25,36.75,26.479904174804688,40119000,0.0,0.0
2020-08-25,37.0,37.75,37.0,37.25,26.84017562866211,40673600,0.0,0.0
2020-08-26,37.25,37.5,36.75,37.0,26.66004180908203,32468600,0.0,0.0
2020-08-27,37.25,38.0,37.0,37.25,26.84017562866211,66120700,0.0,0.0
2020-08-28,37.5,37.75,36.5,36.75,26.479904174804688,60845600,0.0,0.0
2020-08-31,36.75,37.25,36.0,36.0,25.939504623413086,58945200,0.0,0.0
2020-09-01,36.25,36.5,36.0,36.25,26.11963653564453,32744800,0.0,0.0
2020-09-02,36.25,36.5,36.0,36.5,26.29977035522461,31752700,0.0,0.0
2020-09-03,36.25,36.5,36.0,36.0,25.939504623413086,33798000,0.0,0.0
2020-09-08,35.5,35.75,35.0,35.0,25.218957901000977,38232100,0.0,0.0
2020-09-09,34.25,35.5,33.75,35.25,25.399091720581055,52814100,0.0,0.0
2020-09-10,35.25,35.75,35.0,35.25,25.399091720581055,33592600,0.0,0.0
2020-09-11,35.0,35.5,35.0,35.0,25.218957901000977,22348300,0.0,0.0
2020-09-14,35.25,35.5,35.0,35.0,25.218957901000977,30045200,0.0,0.0
2020-09-15,35.0,35.5,34.5,35.25,25.399091720581055,45036600,0.0,0.0
2020-09-16,35.25,35.5,35.0,35.25,25.399091720581055,37845700,0.0,0.0
2020-09-17,35.25,35.75,35.0,35.75,25.759363174438477,32618600,0.0,0.0
2020-09-18,35.75,35.75,35.0,35.25,25.399091720581055,56531100,0.0,0.0
2020-09-21,35.25,35.5,34.75,35.0,25.218957901000977,30099100,0.0,0.0
2020-09-22,34.5,34.75,34.0,34.25,24.678550720214844,53563000,0.0,0.0
2020-09-23,34.5,34.5,33.5,33.5,24.138147354125977,53308400,0.0,0.0
2020-09-24,33.0,33.5,32.5,32.5,23.417606353759766,65105400,0.0,0.0
2020-09-25,32.5,33.0,32.25,32.5,23.417606353759766,43553600,0.0,0.0
2020-09-28,32.75,33.5,32.5,33.5,24.138147354125977,43085800,0.0,0.0
2020-09-29,33.5,33.5,33.0,33.25,23.9580135345459,34346000,0.0,0.0
2020-09-30,33.0,33.25,32.0,32.0,23.18283462524414,55633600,0.18,0.0
2020-10-01,32.5,33.25,32.0,33.0,23.90729522705078,35311400,0.0,0.0
2020-10-02,32.75,33.0,31.75,32.25,23.363954544067383,46626700,0.0,0.0
2020-10-05,32.5,32.75,32.0,32.25,23.363954544067383,33832700,0.0,0.0
2020-10-06,32.75,33.25,32.5,33.0,23.90729522705078,67785500,0.0,0.0
2020-10-07,32.75,33.0,32.25,33.0,23.90729522705078,43231700,0.0,0.0
2020-10-08,33.0,33.75,32.75,33.0,23.90729522705078,55614500,0.0,0.0
2020-10-09,33.25,33.5,32.75,33.25,24.088415145874023,38909600,0.0,0.0
2020-10-12,33.25,34.5,33.0,34.25,24.812875747680664,78586500,0.0,0.0
2020-10-14,33.75,34.0,33.0,33.25,24.088415145874023,60663600,0.0,0.0
2020-10-15,33.0,33.5,32.75,33.0,23.90729522705078,61294100,0.0,0.0
2020-10-16,33.0,33.25,32.5,32.75,23.726186752319336,49334500,0.0,0.0
2020-10-19,32.5,32.75,32.25,32.5,23.545066833496094,37145300,0.0,0.0
2020-10-20,32.0,32.5,31.5,32.25,23.363954544067383,54014500,0.0,0.0
2020-10-21,32.25,32.5,31.75,32.25,23.363954544067383,49705800,0.0,0.0
2020-10-22,32.0,32.75,31.5,32.25,23.363954544067383,38068700,0.0,0.0
2020-10-26,32.0,32.25,31.5,32.25,23.363954544067383,32681300,0.0,0.0
2020-10-27,31.75,32.25,31.5,32.0,23.18283462524414,47632800,0.0,0.0
2020-10-28,31.75,32.25,31.5,31.5,22.820602416992188,51605900,0.0,0.0
2020-10-29,31.0,31.25,30.5,31.0,22.458372116088867,52314400,0.0,0.0
2020-10-30,31.0,31.25,30.5,31.0,22.458372116088867,56732200,0.0,0.0
2020-11-02,31.0,31.25,30.5,31.0,22.458372116088867,30857500,0.0,0.0
2020-11-03,31.25,32.75,31.25,32.75,23.726186752319336,65590200,0.0,0.0
2020-11-04,32.5,33.0,32.25,32.5,23.545066833496094,45413600,0.0,0.0
2020-11-05,33.25,34.0,33.0,34.0,24.631763458251953,82258200,0.0,0.0
2020-11-06,34.0,34.5,33.25,34.0,24.631763458251953,60023200,0.0,0.0
2020-11-09,34.5,35.75,34.5,34.75,25.175111770629883,93598600,0.0,0.0
2020-11-10,36.75,38.5,36.25,38.25,27.71073341369629,176251200,0.0,0.0
2020-11-11,38.5,38.75,37.25,38.25,27.71073341369629,110716000,0.0,0.0
2020-11-12,37.75,38.0,36.75,37.25,26.98626708984375,100172800,0.0,0.0
2020-11-13,36.75,38.0,36.5,37.5,27.167387008666992,71186700,0.0,0.0
2020-11-16,38.0,38.25,37.5,37.5,27.167387008666992,48351600,0.0,0.0
2020-11-17,37.5,38.0,37.25,37.5,27.167387008666992,66524600,0.0,0.0
2020-11-18,37.0,38.0,37.0,38.0,27.529617309570312,56396500,0.0,0.0
2020-11-19,38.0,38.25,37.5,37.75,27.348501205444336,51648000,0.0,0.0
2020-11-20,37.75,38.5,37.5,38.25,27.71073341369629,67251700,0.0,0.0
2020-11-23,38.75,40.5,38.75,40.5,29.34078025817871,138790200,0.0,0.0
2020-11-24,40.75,41.25,40.0,40.0,28.97854232788086,162888600,0.0,0.0
2020-11-25,41.25,42.0,40.25,41.5,30.06523895263672,195748500,0.0,0.0
2020-11-26,41.75,42.0,41.25,42.0,30.42746925354004,83353600,0.0,0.0
2020-11-27,41.5,42.0,41.5,41.75,30.246353149414062,54491000,0.0,0.0
2020-11-30,41.25,41.5,39.75,40.0,28.97854232788086,108599500,0.0,0.0
2020-12-01,40.5,41.5,40.25,41.0,29.703001022338867,55254600,0.0,0.0
2020-12-02,40.25,41.5,40.25,41.0,29.703001022338867,73399900,0.0,0.0
2020-12-03,41.5,42.5,40.75,42.25,30.60858917236328,96101000,0.0,0.0
2020-12-04,42.5,43.25,42.5,43.0,31.151933670043945,92410000,0.0,0.0
2020-12-08,42.5,44.0,42.25,43.25,31.333053588867188,117678700,0.0,0.0
2020-12-09,43.25,43.5,42.5,43.0,31.151933670043945,71762300,0.0,0.0
2020-12-14,42.75,43.5,42.25,42.25,30.60858917236328,77686300,0.0,0.0
2020-12-15,42.25,43.0,41.75,42.75,30.9708194732666,64379400,0.0,0.0
2020-12-16,43.0,43.25,42.25,42.5,30.789703369140625,52564400,0.0,0.0
2020-12-17,42.75,42.75,42.25,42.25,30.60858917236328,35362500,0.0,0.0
2020-12-18,42.25,43.25,42.25,42.75,30.9708194732666,134028200,0.0,0.0
2020-12-21,41.75,42.25,40.5,40.5,29.34078025817871,106732300,0.0,0.0
2020-12-22,40.75,41.75,40.0,41.25,29.88412857055664,97200700,0.0,0.0
2020-12-23,41.0,41.75,40.25,40.25,29.159658432006836,122121200,0.0,0.0
2020-12-24,40.75,41.5,40.75,41.25,29.88412857055664,45405500,0.0,0.0
2020-12-25,41.25,42.25,41.25,42.0,30.42746925354004,32414000,0.0,0.0
2020-12-28,42.25,42.75,41.0,41.0,29.703001022338867,60698100,0.0,0.0
2020-12-29,41.25,42.5,41.0,42.5,30.789703369140625,41046600,0.0,0.0
2020-12-30,43.25,43.25,42.25,42.5,30.789703369140625,67293300,0.0,0.0
2021-01-04,41.0,42.75,40.75,42.5,30.789703369140625,74638600,0.0,0.0
2021-01-05,42.25,42.5,41.25,42.0,30.42746925354004,75867500,0.0,0.0
2021-01-06,43.0,43.5,42.5,42.75,30.9708194732666,88565400,0.0,0.0
2021-01-07,43.0,43.25,42.25,42.5,30.789703369140625,63128900,0.0,0.0
2021-01-08,42.75,43.5,42.0,42.75,30.9708194732666,83698400,0.0,0.0
2021-01-11,42.75,43.0,42.5,43.0,31.151933670043945,45553200,0.0,0.0
2021-01-12,43.0,44.0,42.5,43.75,31.695281982421875,101081900,0.0,0.0
2021-01-13,44.0,45.0,44.0,44.5,32.238624572753906,129830400,0.0,0.0
2021-01-14,44.5,44.75,44.0,44.0,31.876401901245117,66527800,0.0,0.0
2021-01-15,44.25,44.75,43.0,43.25,31.333053588867188,124773600,0.0,0.0
2021-01-18,43.0,43.25,42.0,42.5,30.789703369140625,82965000,0.0,0.0
2021-01-19,42.25,42.5,41.0,41.0,29.703001022338867,154588600,0.0,0.0
2021-01-20,41.25,41.75,41.0,41.0,29.703001022338867,93360500,0.0,0.0
2021-01-21,41.5,41.5,40.5,40.75,29.521888732910156,73920700,0.0,0.0
2021-01-22,40.75,40.75,39.5,39.5,28.616310119628906,105024200,0.0,0.0
2021-01-25,39.5,40.5,39.5,40.0,28.97854232788086,78808700,0.0,0.0
2021-01-26,39.75,40.0,39.25,39.75,28.797428131103516,66223400,0.0,0.0
2021-01-27,39.5,39.75,39.25,39.25,28.435195922851562,53759100,0.0,0.0
2021-01-28,39.0,39.0,38.5,38.5,27.891843795776367,78536000,0.0,0.0
2021-01-29,38.75,39.0,37.75,37.75,27.348501205444336,99172400,0.0,0.0
2021-02-01,37.5,39.25,37.0,39.25,28.435195922851562,161452500,0.0,0.0
2021-02-02,39.75,40.0,38.75,38.75,28.072965621948242,123434300,0.0,0.0
2021-02-03,39.25,39.5,38.0,38.25,27.71073341369629,103367800,0.0,0.0
2021-02-04,38.75,38.75,38.0,38.25,27.71073341369629,92014700,0.0,0.0
2021-02-05,38.75,39.5,38.5,39.0,28.25408363342285,103580800,0.0,0.0
2021-02-08,39.5,40.75,39.25,40.25,29.159658432006836,128518800,0.0,0.0
2021-02-09,41.0,41.75,40.75,41.0,29.703001022338867,135090700,0.0,0.0
2021-02-10,41.0,41.25,40.25,40.75,29.521888732910156,73597200,0.0,0.0
2021-02-11,41.0,41.25,40.0,40.25,29.159658432006836,63452700,0.0,0.0
2021-02-15,40.75,41.5,40.75,41.25,29.88412857055664,84832900,0.0,0.0
2021-02-16,41.75,42.0,41.25,41.25,29.88412857055664,69476400,0.0,0.0
2021-02-17,41.0,41.25,40.5,40.75,29.521888732910156,46059200,0.0,0.0
2021-02-18,40.75,41.5,40.0,40.5,29.34078025817871,78147700,0.0,0.0
2021-02-19,40.0,40.25,39.5,40.0,28.97854232788086,60699900,0.0,0.0
2021-02-22,40.0,40.5,39.5,40.0,28.97854232788086,51572700,0.0,0.0
2021-02-23,40.25,41.25,40.0,40.5,29.34078025817871,98305000,0.0,0.0
2021-02-24,40.5,40.75,39.5,39.5,28.616310119628906,88002400,0.0,0.0
2021-02-25,40.25,40.75,39.75,40.0,28.97854232788086,106429500,0.0,0.0
2021-03-01,40.0,40.25,39.75,40.0,28.97854232788086,55518400,0.0,0.0
2021-03-02,39.75,40.25,39.5,39.75,28.797428131103516,54742000,0.0,0.0
2021-03-03,40.0,41.0,40.0,41.0,29.703001022338867,76191500,0.0,0.0
2021-03-04,40.25,40.5,40.0,40.0,29.5699405670166,85198500,0.82,0.0
2021-03-05,40.25,41.25,40.25,40.5,29.93956756591797,90370700,0.0,0.0
2021-03-08,41.5,42.5,41.5,42.0,31.048442840576172,126615700,0.0,0.0
2021-03-09,42.25,42.25,41.0,41.25,30.49400520324707,95147400,0.0,0.0
2021-03-10,41.0,41.5,40.75,41.5,30.67881202697754,79871400,0.0,0.0
2021-03-11,41.75,42.0,41.25,41.5,30.67881202697754,61501400,0.0,0.0
2021-03-12,41.75,42.0,41.25,41.75,30.863624572753906,63249100,0.0,0.0
2021-03-15,41.75,42.0,41.0,41.25,30.49400520324707,80602500,0.0,0.0
2021-03-16,41.25,41.25,40.5,40.75,30.12438201904297,63962400,0.0,0.0
2021-03-17,40.5,40.75,40.0,40.5,29.93956756591797,94213200,0.0,0.0
2021-03-18,40.75,41.25,40.5,40.5,29.93956756591797,48932200,0.0,0.0
2021-03-19,40.0,40.5,39.75,40.5,29.93956756591797,80270400,0.0,0.0
2021-03-22,40.5,40.75,40.0,40.5,29.93956756591797,34058900,0.0,0.0
2021-03-23,40.25,40.5,40.0,40.25,29.7547550201416,35990800,0.0,0.0
2021-03-24,40.0,40.25,39.75,40.25,29.7547550201416,45431600,0.0,0.0
2021-03-25,40.25,40.5,40.0,40.25,29.7547550201416,41435200,0.0,0.0
2021-03-26,40.25,40.5,40.0,40.25,29.7547550201416,23495900,0.0,0.0
2021-03-29,40.5,41.0,40.25,40.75,30.12438201904297,49691200,0.0,0.0
2021-03-30,41.0,41.25,40.5,40.75,30.12438201904297,45195300,0.0,0.0
2021-03-31,40.5,41.25,40.5,41.0,30.309186935424805,57139700,0.0,0.0
2021-04-01,41.0,41.25,40.75,40.75,30.12438201904297,52230600,0.0,0.0
2021-04-02,41.25,41.25,40.5,40.5,29.93956756591797,40479900,0.0,0.0
2021-04-05,40.5,40.75,40.0,40.0,29.5699405670166,28921000,0.0,0.0
2021-04-07,39.75,40.0,39.25,39.5,29.200315475463867,83189600,0.0,0.0
2021-04-08,39.25,39.5,39.0,39.0,28.830698013305664,37568700,0.0,0.0
2021-04-09,39.0,39.75,39.0,39.25,29.0155086517334,51489000,0.0,0.0
2021-04-12,39.25,39.5,38.75,39.0,28.830698013305664,37609500,0.0,0.0
2021-04-16,39.5,40.0,39.25,39.75,29.385128021240234,60260500,0.0,0.0
2021-04-19,39.75,40.0,39.5,39.75,29.385128021240234,30128300,0.0,0.0
2021-04-20,39.75,40.25,39.5,39.75,29.385128021240234,34410000,0.0,0.0
2021-04-21,39.5,39.5,39.0,39.25,29.0155086517334,40084200,0.0,0.0
2021-04-22,39.25,39.5,39.0,39.0,28.830698013305664,36460500,0.0,0.0
2021-04-23,39.0,39.0,38.5,38.75,28.645883560180664,33893600,0.0,0.0
2021-04-26,38.75,39.0,38.5,38.75,28.645883560180664,34829000,0.0,0.0
2021-04-27,38.75,39.0,38.5,39.0,28.830698013305664,26567400,0.0,0.0
2021-04-28,39.0,39.5,38.75,39.25,29.0155086517334,35232600,0.0,0.0
2021-04-29,39.75,40.75,39.5,40.5,29.93956756591797,77856600,0.0,0.0
2021-04-30,40.5,40.75,40.0,40.0,29.5699405670166,53259900,0.0,0.0
2021-05-05,40.75,41.0,39.25,39.5,29.200315475463867,97820000,0.0,0.0
2021-05-06,39.75,40.25,39.25,39.75,29.385128021240234,51747300,0.0,0.0
2021-05-07,40.0,40.5,39.75,40.5,29.93956756591797,43201900,0.0,0.0
2021-05-10,40.75,41.0,40.0,40.5,29.93956756591797,39373600,0.0,0.0
2021-05-11,40.0,40.5,39.75,40.25,29.7547550201416,45648500,0.0,0.0
2021-05-12,40.0,40.25,39.5,39.75,29.385128021240234,57783300,0.0,0.0
2021-05-13,39.5,40.0,39.25,40.0,29.5699405670166,76074000,0.0,0.0
2021-05-14,40.25,40.5,39.5,40.25,29.7547550201416,75052100,0.0,0.0
2021-05-17,40.25,40.5,39.75,39.75,29.385128021240234,57341500,0.0,0.0
2021-05-18,40.0,40.5,39.75,40.0,29.5699405670166,61374500,0.0,0.0
2021-05-19,39.5,39.75,39.25,39.75,29.385128021240234,53432200,0.0,0.0
2021-05-20,39.75,39.75,38.75,39.0,28.830698013305664,76811700,0.0,0.0
2021-05-21,38.75,39.0,38.0,38.5,28.461069107055664,108867200,0.0,0.0
2021-05-24,38.5,39.0,38.0,38.25,28.27625846862793,53404300,0.0,0.0
2021-05-25,38.75,39.0,38.5,38.75,28.645883560180664,47606200,0.0,0.0
2021-05-27,39.0,39.25,38.5,38.75,28.645883560180664,201215000,0.0,0.0
2021-05-28,39.25,39.5,39.0,39.25,29.0155086517334,47154300,0.0,0.0
2021-05-31,39.25,39.5,39.0,39.5,29.200315475463867,32629600,0.0,0.0
2021-06-01,40.0,41.5,40.0,41.5,30.67881202697754,139641800,0.0,0.0
2021-06-02,41.75,42.0,41.25,41.5,30.67881202697754,90445900,0.0,0.0
2021-06-04,41.25,41.75,41.0,41.25,30.49400520324707,76905100,0.0,0.0
2021-06-07,41.5,41.75,41.0,41.25,30.49400520324707,65914800,0.0,0.0
2021-06-08,41.25,41.5,40.5,40.5,29.93956756591797,49609300,0.0,0.0
2021-06-09,40.75,41.25,40.75,40.75,30.12438201904297,36053500,0.0,0.0
2021-06-10,40.75,41.0,40.5,40.75,30.12438201904297,28605300,0.0,0.0
2021-06-11,41.0,41.5,40.75,41.5,30.67881202697754,38833600,0.0,0.0
2021-06-14,41.75,41.75,41.25,41.5,30.67881202697754,26194000,0.0,0.0
2021-06-15,41.25,41.5,40.75,40.75,30.12438201904297,55556800,0.0,0.0
2021-06-16,41.0,42.0,40.75,41.25,30.49400520324707,117516500,0.0,0.0
2021-06-17,41.25,41.75,41.0,41.0,30.309186935424805,36768900,0.0,0.0
2021-06-18,41.0,41.25,40.0,40.0,29.5699405670166,122846500,0.0,0.0
2021-06-21,39.75,40.0,39.5,39.75,29.385128021240234,71785600,0.0,0.0
2021-06-22,40.0,40.75,40.0,40.0,29.5699405670166,50246400,0.0,0.0
2021-06-23,40.25,40.5,40.0,40.0,29.5699405670166,31244600,0.0,0.0
2021-06-24,40.0,40.25,39.5,40.0,29.5699405670166,43225600,0.0,0.0
2021-06-25,40.0,40.5,39.75,39.75,29.385128021240234,41171000,0.0,0.0
2021-06-28,39.75,40.0,39.5,39.75,29.385128021240234,30819800,0.0,0.0
2021-06-29,39.75,40.0,39.5,39.5,29.200315475463867,38739300,0.0,0.0
2021-06-30,39.5,39.75,39.25,39.25,29.0155086517334,41053800,0.0,0.0
2021-07-01,39.25,39.5,39.0,39.0,28.830698013305664,57676100,0.0,0.0
2021-07-02,39.25,39.5,38.5,38.75,28.645883560180664,102326100,0.0,0.0
2021-07-05,38.75,39.25,38.5,39.0,28.830698013305664,37405700,0.0,0.0
2021-07-06,39.25,39.5,39.0,39.0,28.830698013305664,20708400,0.0,0.0
2021-07-07,39.0,39.25,38.75,38.75,28.645883560180664,32207000,0.0,0.0
2021-07-08,38.5,38.75,37.0,37.25,27.537010192871094,127566500,0.0,0.0
2021-07-09,37.25,38.0,37.0,37.25,27.537010192871094,57764800,0.0,0.0
2021-07-12,37.5,37.75,37.0,37.0,27.352195739746094,52279800,0.0,0.0
2021-07-13,37.0,38.0,37.0,37.75,27.906631469726562,44033500,0.0,0.0
2021-07-14,37.75,38.0,37.25,37.5,27.721820831298828,43594900,0.0,0.0
2021-07-15,37.75,37.75,37.0,37.25,27.537010192871094,80596200,0.0,0.0
2021-07-16,37.25,37.5,37.0,37.5,27.721820831298828,25437600,0.0,0.0
2021-07-19,37.0,37.25,36.5,36.5,26.982572555541992,67501000,0.0,0.0
2021-07-20,36.25,36.5,35.5,35.75,26.428138732910156,139101700,0.0,0.0
2021-07-21,35.75,36.25,35.5,36.0,26.612945556640625,71498400,0.0,0.0
2021-07-22,36.25,36.5,36.0,36.25,26.79775619506836,25587300,0.0,0.0
2021-07-23,36.0,36.25,35.5,35.75,26.428138732910156,41631800,0.0,0.0
2021-07-27,35.75,36.0,35.25,35.5,26.243322372436523,38861800,0.0,0.0
2021-07-29,35.5,35.75,35.0,35.5,26.243322372436523,58569300,0.0,0.0
2021-07-30,35.0,35.25,34.5,34.75,25.688888549804688,80028700,0.0,0.0
2021-08-02,34.75,35.0,34.25,35.0,25.873699188232422,67631700,0.0,0.0
2021-08-03,35.0,35.5,34.75,35.25,26.058509826660156,42044900,0.0,0.0
2021-08-04,35.25,35.5,35.0,35.0,25.873699188232422,51778500,0.0,0.0
2021-08-05,34.75,35.0,34.5,34.5,25.504074096679688,63568300,0.0,0.0
2021-08-06,34.5,34.75,34.0,34.5,25.504074096679688,69864700,0.0,0.0
2021-08-09,34.75,34.75,34.25,34.5,25.504074096679688,51686900,0.0,0.0
2021-08-10,34.75,35.25,34.5,34.75,25.688888549804688,79799300,0.0,0.0
2021-08-11,35.0,35.0,34.25,34.5,25.504074096679688,81840800,0.0,0.0
2021-08-13,34.75,35.25,34.25,35.0,25.873699188232422,74494100,0.0,0.0
2021-08-16,34.75,35.25,34.75,35.25,26.058509826660156,45881900,0.0,0.0
2021-08-17,35.25,36.0,35.0,36.0,26.612945556640625,112879000,0.0,0.0
2021-08-18,36.0,36.5,35.75,35.75,26.428138732910156,83022700,0.0,0.0
2021-08-19,35.5,35.75,35.25,35.25,26.058509826660156,47716600,0.0,0.0
2021-08-20,35.25,35.75,34.75,35.0,25.873699188232422,56414400,0.0,0.0
2021-08-23,35.25,36.5,35.0,36.0,26.612945556640625,87545600,0.0,0.0
2021-08-24,37.0,38.0,36.75,37.0,27.352195739746094,142064800,0.0,0.0
2021-08-25,37.25,37.75,36.75,37.25,27.537010192871094,88846900,0.0,0.0
2021-08-26,37.5,37.5,37.0,37.0,27.352195739746094,45226100,0.0,0.0
2021-08-27,37.25,37.75,37.0,37.75,27.906631469726562,66171000,0.0,0.0
2021-08-30,38.0,38.75,38.0,38.75,28.645883560180664,97994200,0.0,0.0
2021-08-31,38.5,38.75,38.0,38.25,28.27625846862793,98277700,0.0,0.0
2021-09-01,38.25,38.5,37.5,37.5,27.721820831298828,83087800,0.0,0.0
2021-09-02,37.5,38.25,37.25,38.0,28.091447830200195,53803000,0.0,0.0
2021-09-03,38.25,38.5,37.75,38.25,28.27625846862793,49420400,0.0,0.0
2021-09-06,38.0,38.25,37.5,38.0,28.091447830200195,28381900,0.0,0.0
2021-09-07,37.75,38.25,37.5,37.5,27.721820831298828,75256800,0.0,0.0
2021-09-08,37.25,37.75,37.0,37.25,27.537010192871094,41794200,0.0,0.0
2021-09-09,37.0,37.75,37.0,37.25,27.537010192871094,52432500,0.0,0.0
2021-09-10,37.5,38.25,37.0,38.0,28.091447830200195,41561200,0.0,0.0
2021-09-13,38.0,38.5,37.75,38.25,28.27625846862793,62065800,0.0,0.0
2021-09-14,38.5,39.0,38.25,39.0,28.830698013305664,75280400,0.0,0.0
2021-09-15,39.0,39.5,38.75,39.0,28.830698013305664,59325300,0.0,0.0
2021-09-16,39.25,39.75,39.25,39.75,29.385128021240234,81297200,0.0,0.0
2021-09-17,40.0,40.25,39.0,39.0,28.830698013305664,141093900,0.0,0.0
2021-09-20,38.75,39.25,38.5,39.0,28.830698013305664,75862900,0.0,0.0
2021-09-21,38.75,39.5,38.75,39.5,29.200315475463867,57929900,0.0,0.0
2021-09-22,39.5,39.75,39.25,39.5,29.200315475463867,44421800,0.0,0.0
2021-09-23,39.75,40.25,39.5,40.0,29.5699405670166,63355900,0.0,0.0
2021-09-27,40.25,40.75,40.0,40.5,29.93956756591797,114666600,0.0,0.0
2021-09-28,40.75,41.0,40.25,40.5,29.93956756591797,104953600,0.0,0.0
2021-09-29,39.25,39.5,39.0,39.25,29.901477813720703,90070800,1.2,0.0
2021-09-30,39.0,39.25,38.75,39.0,29.711017608642578,63650300,0.0,0.0
2021-10-01,38.75,39.0,38.5,38.75,29.52056312561035,38212800,0.0,0.0
2021-10-04,39.0,39.5,39.0,39.0,29.711017608642578,53749600,0.0,0.0
2021-10-05,39.25,39.75,39.25,39.75,30.282390594482422,42021700,0.0,0.0
2021-10-06,39.75,40.25,39.5,40.0,30.47284698486328,67639600,0.0,0.0
2021-10-07,40.0,40.0,39.25,39.5,30.091928482055664,77452800,0.0,0.0
2021-10-08,39.75,40.0,39.5,39.75,30.282390594482422,25810400,0.0,0.0
2021-10-11,40.0,40.25,39.75,40.0,30.47284698486328,58294200,0.0,0.0
2021-10-12,40.0,40.25,39.5,40.0,30.47284698486328,40520000,0.0,0.0
2021-10-14,39.75,40.0,39.25,39.5,30.091928482055664,51400700,0.0,0.0
2021-10-15,39.75,40.0,39.0,39.25,29.901477813720703,51076700,0.0,0.0
2021-10-18,39.5,40.0,39.5,40.0,30.47284698486328,39184000,0.0,0.0
2021-10-19,40.0,40.25,39.25,39.5,30.091928482055664,54502400,0.0,0.0
2021-10-20,39.5,39.75,39.25,39.5,30.091928482055664,43860200,0.0,0.0
2021-10-21,39.75,40.0,39.5,40.0,30.47284698486328,45160800,0.0,0.0
2021-10-25,39.75,40.0,39.25,39.5,30.091928482055664,23571500,0.0,0.0
2021-10-26,39.5,39.75,38.75,39.25,29.901477813720703,54563900,0.0,0.0
2021-10-27,39.25,39.25,38.75,38.75,29.52056312561035,35816700,0.0,0.0
2021-10-28,38.5,38.75,38.0,38.25,29.1396541595459,57779100,0.0,0.0
2021-10-29,38.25,38.5,38.0,38.0,28.949199676513672,49185600,0.0,0.0
2021-11-01,38.0,38.5,37.5,38.0,28.949199676513672,54152100,0.0,0.0
2021-11-02,38.0,38.25,37.75,38.0,28.949199676513672,38169900,0.0,0.0
2021-11-03,38.0,38.25,37.5,37.75,28.758745193481445,26751000,0.0,0.0
2021-11-04,37.5,37.75,37.0,37.5,28.56829071044922,57080200,0.0,0.0
2021-11-05,37.5,37.75,37.25,37.25,28.377836227416992,34196500,0.0,0.0
2021-11-08,37.5,38.25,37.5,38.25,29.1396541595459,52474600,0.0,0.0
2021-11-09,38.25,39.0,38.25,38.25,29.1396541595459,68309500,0.0,0.0
2021-11-10,38.25,38.75,38.0,38.5,29.330102920532227,40667200,0.0,0.0
2021-11-11,38.25,38.5,38.0,38.0,28.949199676513672,27612600,0.0,0.0
2021-11-12,38.25,38.25,37.5,37.5,28.56829071044922,34319600,0.0,0.0
2021-11-15,37.5,38.25,37.5,38.0,28.949199676513672,27749200,0.0,0.0
2021-11-16,37.75,38.5,37.75,37.75,28.758745193481445,57516600,0.0,0.0
2021-11-17,38.0,38.5,38.0,38.0,28.949199676513672,45437900,0.0,0.0
2021-11-18,38.0,38.25,37.75,37.75,28.758745193481445,37107700,0.0,0.0
2021-11-19,38.0,38.25,37.5,37.75,28.758745193481445,40590100,0.0,0.0
2021-11-22,37.75,37.75,37.0,37.25,28.377836227416992,93525700,0.0,0.0
2021-11-23,37.5,37.75,37.0,37.0,28.187381744384766,55594000,0.0,0.0
2021-11-24,37.5,38.0,37.5,37.75,28.758745193481445,40737600,0.0,0.0
2021-11-25,38.0,38.25,37.5,37.75,28.758745193481445,30842500,0.0,0.0
2021-11-26,37.5,37.75,36.75,37.0,28.187381744384766,68866700,0.0,0.0
2021-11-29,36.75,37.0,36.0,36.0,27.425559997558594,76252300,0.0,0.0
2021-11-30,36.5,36.75,35.5,35.5,27.044647216796875,121299400,0.0,0.0
2021-12-01,35.75,37.0,35.5,36.75,27.996923446655273,64936900,0.0,0.0
2021-12-02,36.25,37.25,36.0,37.25,28.377836227416992,61302400,0.0,0.0
2021-12-03,37.25,37.5,36.75,36.75,27.996923446655273,36459300,0.0,0.0
2021-12-07,37.25,37.75,37.0,37.5,28.56829071044922,61053200,0.0,0.0
2021-12-08,37.5,38.0,37.5,37.5,28.56829071044922,34299900,0.0,0.0
2021-12-09,37.5,37.75,37.0,37.5,28.56829071044922,52624400,0.0,0.0
2021-12-13,37.75,38.0,37.0,37.5,28.56829071044922,84879300,0.0,0.0
2021-12-14,37.5,37.75,37.25,37.75,28.758745193481445,36242300,0.0,0.0
2021-12-15,37.5,37.75,37.25,37.5,28.56829071044922,38990500,0.0,0.0
2021-12-16,37.5,37.75,37.0,37.5,28.56829071044922,35239100,0.0,0.0
2021-12-17,37.5,38.0,37.5,38.0,28.949199676513672,67784100,0.0,0.0
2021-12-20,37.5,37.75,37.0,37.25,28.377836227416992,39688100,0.0,0.0
2021-12-21,37.5,37.5,37.0,37.0,28.187381744384766,21118200,0.0,0.0
2021-12-22,37.5,37.5,37.25,37.5,28.56829071044922,9297200,0.0,0.0
2021-12-23,37.5,38.0,37.5,38.0,28.949199676513672,41667500,0.0,0.0
2021-12-24,38.0,38.25,37.75,38.0,28.949199676513672,19817700,0.0,0.0
2021-12-27,38.0,38.0,37.5,37.75,28.758745193481445,29699300,0.0,0.0
2021-12-28,37.75,38.0,37.75,38.0,28.949199676513672,18096900,0.0,0.0
2021-12-29,37.75,38.25,37.75,38.25,29.1396541595459,42015700,0.0,0.0
2021-12-30,38.5,38.5,38.0,38.0,28.949199676513672,45388600,0.0,0.0
2022-01-04,38.25,38.5,38.0,38.0,28.949199676513672,59500200,0.0,0.0
2022-01-05,38.25,39.0,38.0,39.0,29.711017608642578,76590500,0.0,0.0
2022-01-06,39.0,39.0,38.0,38.0,28.949199676513672,71677600,0.0,0.0
2022-01-07,38.5,38.75,38.25,38.75,29.52056312561035,59556500,0.0,0.0
2022-01-10,38.75,38.75,38.0,38.5,29.330102920532227,34789500,0.0,0.0
2022-01-11,38.25,39.0,38.25,39.0,29.711017608642578,35007100,0.0,0.0
2022-01-12,39.25,39.5,39.0,39.25,29.901477813720703,36693300,0.0,0.0
2022-01-13,39.5,39.5,38.75,39.25,29.901477813720703,41109600,0.0,0.0
2022-01-14,39.0,39.0,38.5,38.75,29.52056312561035,34315800,0.0,0.0
2022-01-17,39.0,39.25,38.5,38.75,29.52056312561035,32721000,0.0,0.0
2022-01-18,38.75,38.75,38.0,38.0,28.949199676513672,45708100,0.0,0.0
2022-01-19,38.25,39.25,38.25,39.0,29.711017608642578,94167200,0.0,0.0
2022-01-20,39.5,39.5,39.0,39.5,30.091928482055664,45122000,0.0,0.0
2022-01-21,39.0,39.25,38.25,38.75,29.52056312561035,69342700,0.0,0.0
2022-01-24,38.5,38.75,38.0,38.5,29.330102920532227,63689200,0.0,0.0
2022-01-25,38.25,38.5,38.0,38.25,29.1396541595459,39626500,0.0,0.0
2022-01-26,38.5,39.0,38.25,39.0,29.711017608642578,51285800,0.0,0.0
2022-01-27,38.5,38.75,38.0,38.75,29.52056312561035,53237100,0.0,0.0
2022-01-28,38.75,39.0,38.5,38.75,29.52056312561035,33797400,0.0,0.0
2022-01-31,39.0,39.5,38.75,39.0,29.711017608642578,69888200,0.0,0.0
2022-02-01,39.5,39.5,38.75,38.75,29.52056312561035,29896300,0.0,0.0
2022-02-02,38.75,39.0,38.25,38.75,29.52056312561035,35655800,0.0,0.0
2022-02-03,38.5,39.0,38.5,38.75,29.52056312561035,50852600,0.0,0.0
2022-02-04,39.0,40.0,39.0,39.75,30.282390594482422,107894100,0.0,0.0
2022-02-07,40.0,40.25,39.5,40.0,30.47284698486328,88542300,0.0,0.0
2022-02-08,40.0,40.5,40.0,40.25,30.66329574584961,103839300,0.0,0.0
2022-02-09,40.25,40.75,39.5,40.5,30.85375213623047,132279000,0.0,0.0
2022-02-10,40.5,40.75,40.25,40.5,30.85375213623047,68752900,0.0,0.0
2022-02-11,40.25,40.5,40.0,40.25,30.66329574584961,52130700,0.0,0.0
2022-02-14,40.75,41.25,40.5,40.5,30.85375213623047,75857700,0.0,0.0
2022-02-15,40.5,40.75,40.0,40.25,30.66329574584961,57052600,0.0,0.0
2022-02-17,40.25,40.5,40.0,40.0,30.47284698486328,35510200,0.0,0.0
2022-02-18,40.0,40.0,39.5,39.5,30.091928482055664,63088500,0.0,0.0
2022-02-21,39.5,39.5,38.5,38.75,29.52056312561035,81379000,0.0,0.0
2022-02-22,39.0,39.25,38.5,39.0,29.711017608642578,79687700,0.0,0.0
2022-02-23,39.0,39.0,38.25,38.5,29.330102920532227,91735100,0.0,0.0
2022-02-24,38.5,39.0,38.25,38.75,29.52056312561035,76774900,0.0,0.0
2022-02-25,39.0,39.25,38.75,39.0,29.711017608642578,39802200,0.0,0.0
2022-02-28,39.5,39.75,39.25,39.5,30.091928482055664,75534700,0.0,0.0
2022-03-01,39.75,40.0,39.0,39.0,29.711017608642578,59172500,0.0,0.0
2022-03-02,39.75,40.25,39.25,39.75,30.282390594482422,100744400,0.0,0.0
2022-03-03,40.0,40.25,39.5,40.0,31.09872817993164,142534500,0.8,0.0
2022-03-04,39.75,39.75,38.5,38.5,29.93252182006836,103829500,0.0,0.0
2022-03-07,39.25,39.5,38.25,38.5,29.93252182006836,117744600,0.0,0.0
2022-03-08,38.5,38.75,37.25,38.25,29.7381591796875,112177000,0.0,0.0
2022-03-09,38.5,38.75,38.0,38.75,30.12689208984375,81740400,0.0,0.0
2022-03-10,38.5,38.75,38.25,38.75,30.12689208984375,64666100,0.0,0.0
2022-03-11,38.5,39.75,38.25,39.5,30.70999526977539,89337900,0.0,0.0
2022-03-14,39.25,39.5,39.25,39.5,30.70999526977539,24802800,0.0,0.0
2022-03-15,38.75,39.0,38.25,38.75,30.12689208984375,60174700,0.0,0.0
2022-03-16,39.0,39.0,38.5,39.0,30.321258544921875,41795600,0.0,0.0
2022-03-17,39.25,39.5,39.0,39.25,30.5156307220459,54709700,0.0,0.0
2022-03-18,39.25,39.5,39.0,39.0,30.321258544921875,61983100,0.0,0.0
2022-03-21,39.25,39.25,38.75,39.0,30.321258544921875,34846800,0.0,0.0
2022-03-22,38.75,39.75,38.75,39.25,30.5156307220459,89193800,0.0,0.0
2022-03-23,39.25,39.5,39.0,39.25,30.5156307220459,40523000,0.0,0.0
2022-03-24,39.25,39.5,38.75,39.5,30.70999526977539,76967400,0.0,0.0
2022-03-25,39.25,39.5,38.75,39.0,30.321258544921875,33546900,0.0,0.0
2022-03-28,39.0,39.5,39.0,39.0,30.321258544921875,23921800,0.0,0.0
2022-03-29,39.0,39.25,38.5,38.75,30.12689208984375,36520900,0.0,0.0
2022-03-30,38.75,39.0,38.5,38.75,30.12689208984375,42685600,0.0,0.0
2022-03-31,39.0,39.0,38.5,38.5,29.93252182006836,38098600,0.0,0.0
2022-04-01,38.5,39.0,38.5,38.75,30.12689208984375,40102700,0.0,0.0
2022-04-04,38.75,39.0,38.5,38.75,30.12689208984375,35910600,0.0,0.0
2022-04-05,38.75,39.0,38.5,38.5,29.93252182006836,45728000,0.0,0.0
2022-04-07,38.5,38.5,38.0,38.25,29.7381591796875,68030700,0.0,0.0
2022-04-08,38.25,38.5,37.75,37.75,29.34942626953125,53592600,0.0,0.0
2022-04-11,37.75,38.0,37.5,37.75,29.34942626953125,26445000,0.0,0.0
2022-04-12,37.5,37.75,37.0,37.0,28.766324996948242,52893300,0.0,0.0
2022-04-18,37.25,37.5,37.0,37.25,28.960691452026367,61554400,0.0,0.0
2022-04-19,37.5,38.25,37.25,37.75,29.34942626953125,55317000,0.0,0.0
2022-04-20,37.75,38.0,37.5,37.5,29.15505599975586,27315600,0.0,0.0
2022-04-21,37.75,37.75,37.5,37.75,29.34942626953125,19730200,0.0,0.0
2022-04-22,37.5,37.5,37.0,37.25,28.960691452026367,39360500,0.0,0.0
2022-04-25,37.0,37.25,36.75,37.0,28.766324996948242,41645800,0.0,0.0
2022-04-26,37.0,37.25,36.75,36.75,28.57195472717285,36076200,0.0,0.0
2022-04-27,36.75,37.0,36.5,36.5,28.377592086791992,44241500,0.0,0.0
2022-04-28,36.75,37.25,36.5,37.25,28.960691452026367,52595000,0.0,0.0
2022-04-29,37.25,37.75,37.25,37.5,29.15505599975586,40607100,0.0,0.0
2022-05-03,37.5,37.75,37.0,37.25,28.960691452026367,32133300,0.0,0.0
2022-05-05,37.75,38.0,37.25,37.5,29.15505599975586,40723300,0.0,0.0
2022-05-06,37.25,37.5,37.25,37.25,28.960691452026367,30300400,0.0,0.0
2022-05-09,37.5,37.75,37.0,37.0,28.766324996948242,41035800,0.0,0.0
2022-05-10,37.0,37.25,36.75,37.0,28.766324996948242,84699200,0.0,0.0
2022-05-11,37.0,37.25,36.5,36.75,28.57195472717285,50440000,0.0,0.0
2022-05-12,36.75,37.0,36.25,36.5,28.377592086791992,68386000,0.0,0.0
2022-05-13,37.0,37.0,36.25,36.25,28.183225631713867,39847200,0.0,0.0
2022-05-17,36.5,37.0,36.25,37.0,28.766324996948242,78725500,0.0,0.0
2022-05-18,37.0,37.25,36.75,36.75,28.57195472717285,53076800,0.0,0.0
2022-05-19,36.25,36.5,36.25,36.25,28.183225631713867,33653100,0.0,0.0
2022-05-20,36.5,37.0,36.5,36.75,28.57195472717285,31182100,0.0,0.0
2022-05-23,36.75,37.75,36.75,37.5,29.15505599975586,62122800,0.0,0.0
2022-05-24,37.25,37.5,36.75,37.0,28.766324996948242,60315400,0.0,0.0
2022-05-25,37.0,37.25,36.75,36.75,28.57195472717285,33843300,0.0,0.0
2022-05-26,37.0,37.25,36.75,37.0,28.766324996948242,32512900,0.0,0.0
2022-05-27,37.25,37.5,37.0,37.5,29.15505599975586,36074200,0.0,0.0
2022-05-30,37.75,38.0,37.5,38.0,29.543792724609375,61181000,0.0,0.0
2022-05-31,38.0,38.25,37.5,38.25,29.7381591796875,82813300,0.0,0.0
2022-06-01,38.0,38.5,38.0,38.25,29.7381591796875,52395000,0.0,0.0
2022-06-02,37.75,38.25,37.75,38.0,29.543792724609375,30230400,0.0,0.0
2022-06-06,38.0,38.5,38.0,38.25,29.7381591796875,38003100,0.0,0.0
2022-06-07,38.25,38.25,37.75,38.0,29.543792724609375,34007000,0.0,0.0
2022-06-08,38.25,38.25,37.75,38.0,29.543792724609375,32084300,0.0,0.0
2022-06-09,38.0,38.25,37.5,37.75,29.34942626953125,36018700,0.0,0.0
2022-06-10,37.5,37.75,37.25,37.5,29.15505599975586,39593300,0.0,0.0
2022-06-13,37.25,37.25,36.5,36.5,28.377592086791992,69982900,0.0,0.0
2022-06-14,36.5,36.75,36.25,36.5,28.377592086791992,29172400,0.0,0.0
2022-06-15,36.75,36.75,36.0,36.0,27.98885726928711,64502900,0.0,0.0
2022-06-16,36.0,36.25,34.75,34.75,27.017019271850586,181631200,0.0,0.0
2022-06-17,34.5,34.5,33.5,33.5,26.045183181762695,252882700,0.0,0.0
2022-06-20,33.25,33.5,33.0,33.25,25.850818634033203,44082000,0.0,0.0
2022-06-21,33.75,34.0,33.5,33.75,26.23955535888672,66612500,0.0,0.0
2022-06-22,33.5,33.75,33.25,33.75,26.23955535888672,60696200,0.0,0.0
2022-06-23,33.5,33.75,33.0,33.25,25.850818634033203,95160600,0.0,0.0
2022-06-24,33.5,33.5,32.75,33.25,25.850818634033203,101170400,0.0,0.0
2022-06-27,33.5,34.25,33.25,34.0,26.433921813964844,60386500,0.0,0.0
2022-06-28,34.0,35.0,33.75,35.0,27.21138572692871,103017000,0.0,0.0
2022-06-29,34.75,35.25,34.5,35.0,27.21138572692871,87925800,0.0,0.0
2022-06-30,35.25,35.25,34.0,34.0,26.433921813964844,73497500,0.0,0.0
2022-07-01,34.25,34.5,34.0,34.5,26.82265281677246,26783100,0.0,0.0
2022-07-04,34.5,34.5,33.75,34.25,26.62828826904297,69448200,0.0,0.0
2022-07-05,34.0,34.25,33.75,34.25,26.62828826904297,57879800,0.0,0.0
2022-07-06,34.0,34.25,33.5,34.0,26.433921813964844,60256300,0.0,0.0
2022-07-07,34.0,35.0,33.5,34.75,27.017019271850586,73502900,0.0,0.0
2022-07-08,34.75,35.0,34.25,34.5,26.82265281677246,54322900,0.0,0.0
2022-07-11,34.25,34.5,33.75,34.0,26.433921813964844,49444500,0.0,0.0
2022-07-12,33.75,34.0,33.5,33.75,26.23955535888672,44995200,0.0,0.0
2022-07-14,33.25,34.0,33.25,33.75,26.23955535888672,68303400,0.0,0.0
2022-07-15,33.75,34.0,33.0,33.5,26.045183181762695,46734000,0.0,0.0
2022-07-18,33.5,34.5,33.5,34.5,26.82265281677246,61647600,0.0,0.0
2022-07-19,34.25,34.5,34.0,34.25,26.62828826904297,58599300,0.0,0.0
2022-07-20,34.25,34.5,34.0,34.25,26.62828826904297,62716500,0.0,0.0
2022-07-21,34.0,34.25,33.75,34.25,26.62828826904297,19639400,0.0,0.0
2022-07-22,34.25,34.5,34.0,34.5,26.82265281677246,31604300,0.0,0.0
2022-07-25,34.25,34.5,34.0,34.25,26.62828826904297,19818200,0.0,0.0
2022-07-26,34.5,34.75,34.25,34.5,26.82265281677246,30315100,0.0,0.0
2022-07-27,34.25,34.75,34.25,34.75,27.017019271850586,29089000,0.0,0.0
2022-08-01,34.75,35.5,34.5,35.25,27.405752182006836,88917000,0.0,0.0
2022-08-02,35.25,35.5,34.75,35.25,27.405752182006836,53686100,0.0,0.0
2022-08-03,35.25,35.5,35.0,35.25,27.405752182006836,27271900,0.0,0.0
2022-08-04,35.5,35.5,34.75,35.0,27.21138572692871,32575400,0.0,0.0
2022-08-05,34.75,35.5,34.5,35.5,27.600122451782227,53854700,0.0,0.0
2022-08-08,35.25,36.5,35.0,36.5,28.377592086791992,80742100,0.0,0.0
2022-08-09,36.25,36.75,36.0,36.25,28.183225631713867,46983100,0.0,0.0
2022-08-10,36.25,36.75,36.25,36.75,28.57195472717285,45477700,0.0,0.0
2022-08-11,37.0,37.0,36.25,37.0,28.766324996948242,51073400,0.0,0.0
2022-08-15,36.75,37.25,36.5,37.0,28.766324996948242,34452500,0.0,0.0
2022-08-16,37.25,37.5,37.0,37.5,29.15505599975586,75762700,0.0,0.0
2022-08-17,37.5,38.0,37.25,37.75,29.34942626953125,89352700,0.0,0.0
2022-08-18,37.5,37.75,37.0,37.25,28.960691452026367,45521500,0.0,0.0
2022-08-19,37.25,37.5,37.0,37.0,28.766324996948242,38474800,0.0,0.0
2022-08-22,37.0,37.5,36.75,36.75,28.57195472717285,52110800,0.0,0.0
2022-08-23,36.75,37.75,36.75,37.5,29.15505599975586,47634400,0.0,0.0
2022-08-24,37.75,38.25,37.5,37.75,29.34942626953125,96869700,0.0,0.0
2022-08-25,37.75,38.0,37.5,37.75,29.34942626953125,42514900,0.0,0.0
2022-08-26,37.75,38.0,37.5,38.0,29.543792724609375,35083300,0.0,0.0
2022-08-29,37.5,37.75,37.0,37.5,29.15505599975586,64898600,0.0,0.0
2022-08-30,37.5,38.0,37.5,38.0,29.543792724609375,49033400,0.0,0.0
2022-08-31,37.75,37.75,37.25,37.5,29.15505599975586,76636200,0.0,0.0
2022-09-01,37.25,37.5,36.5,36.75,28.57195472717285,68865000,0.0,0.0
2022-09-02,36.75,37.0,36.5,36.75,28.57195472717285,35303200,0.0,0.0
2022-09-05,36.75,37.25,36.5,37.0,28.766324996948242,37083900,0.0,0.0
2022-09-06,37.0,37.5,37.0,37.25,28.960691452026367,20756500,0.0,0.0
2022-09-07,37.0,37.25,36.75,37.0,28.766324996948242,36279400,0.0,0.0
2022-09-08,36.75,36.75,36.25,36.25,28.183225631713867,67305800,0.0,0.0
2022-09-09,36.5,37.0,36.25,36.75,28.57195472717285,36255000,0.0,0.0
2022-09-12,37.0,37.5,36.75,37.25,28.960691452026367,56435400,0.0,0.0
2022-09-13,37.0,37.25,36.75,37.0,28.766324996948242,44958500,0.0,0.0
2022-09-14,36.75,37.0,36.5,36.75,28.57195472717285,41145900,0.0,0.0
2022-09-15,37.0,37.25,36.75,36.75,28.57195472717285,42997100,0.0,0.0
2022-09-16,37.0,37.25,36.75,36.75,28.57195472717285,96082500,0.0,0.0
2022-09-19,37.0,37.25,36.75,36.75,28.57195472717285,31788500,0.0,0.0
2022-09-20,37.0,37.25,36.75,37.0,28.766324996948242,53669000,0.0,0.0
2022-09-21,37.0,37.25,36.75,37.0,28.766324996948242,46103900,0.0,0.0
2022-09-22,37.0,37.5,36.75,37.25,28.960691452026367,60802000,0.0,0.0
2022-09-23,37.25,37.25,37.0,37.0,28.766324996948242,38769800,0.0,0.0
2022-09-26,37.0,37.25,36.5,37.0,28.766324996948242,55859200,0.0,0.0
2022-09-27,36.75,37.0,36.75,36.75,28.57195472717285,55111300,0.0,0.0
2022-09-28,35.25,35.5,35.0,35.0,28.209264755249023,49151800,1.3,0.0
2022-09-29,35.25,35.5,34.0,34.25,27.60478401184082,96070900,0.0,0.0
2022-09-30,34.0,34.5,34.0,34.0,27.403289794921875,75492000,0.0,0.0
2022-10-03,34.0,34.25,33.75,34.0,27.403289794921875,55553600,0.0,0.0
2022-10-04,34.5,34.75,34.25,34.5,27.806276321411133,51217300,0.0,0.0
2022-10-05,34.5,34.75,34.25,34.5,27.806276321411133,69696700,0.0,0.0
2022-10-06,34.5,35.0,34.5,34.5,27.806276321411133,71940600,0.0,0.0
2022-10-07,34.5,34.75,34.25,34.5,27.806276321411133,58567500,0.0,0.0
2022-10-10,34.5,34.75,34.0,34.5,27.806276321411133,87348000,0.0,0.0
2022-10-11,34.25,34.5,34.25,34.5,27.806276321411133,20949500,0.0,0.0
2022-10-12,34.5,35.0,34.5,34.5,27.806276321411133,38256500,0.0,0.0
2022-10-17,34.5,34.5,34.0,34.25,27.60478401184082,91968100,0.0,0.0
2022-10-18,34.25,34.5,34.0,34.25,27.60478401184082,69784400,0.0,0.0
2022-10-19,34.25,34.5,34.25,34.25,27.60478401184082,10486300,0.0,0.0
2022-10-20,34.25,34.75,34.25,34.75,28.007770538330078,33038700,0.0,0.0
2022-10-21,34.75,35.25,34.75,34.75,28.007770538330078,24070000,0.0,0.0
2022-10-25,35.25,35.5,35.0,35.0,28.209264755249023,67017600,0.0,0.0
2022-10-26,35.0,35.25,34.75,35.0,28.209264755249023,41593100,0.0,0.0
2022-10-27,35.0,35.5,34.75,35.5,28.61225700378418,32737400,0.0,0.0
2022-10-28,35.25,36.0,35.25,36.0,29.015247344970703,53733200,0.0,0.0
2022-10-31,36.0,36.25,35.75,36.0,29.015247344970703,52149800,0.0,0.0
2022-11-01,36.0,36.25,35.75,36.0,29.015247344970703,60355400,0.0,0.0
2022-11-02,36.25,36.25,35.75,36.0,29.015247344970703,59855100,0.0,0.0
2022-11-03,35.75,36.0,35.5,35.75,28.813753128051758,43601200,0.0,0.0
2022-11-04,36.0,36.25,36.0,36.0,29.015247344970703,60730300,0.0,0.0
2022-11-07,36.0,36.25,35.5,35.75,28.813753128051758,78978600,0.0,0.0
2022-11-08,35.75,35.75,35.25,35.5,28.61225700378418,28564500,0.0,0.0
2022-11-09,35.5,35.5,35.0,35.0,28.209264755249023,51277300,0.0,0.0
2022-11-10,34.5,34.75,34.0,34.25,27.60478401184082,64884000,0.0,0.0
2022-11-11,34.5,35.0,34.25,34.75,28.007770538330078,54886600,0.0,0.0
2022-11-14,34.5,34.75,33.5,34.0,27.403289794921875,102696100,0.0,0.0
2022-11-15,33.75,34.0,33.25,33.5,27.000295639038086,85702900,0.0,0.0
2022-11-16,33.5,33.75,33.25,33.5,27.000295639038086,56698100,0.0,0.0
2022-11-17,33.25,33.5,33.0,33.0,26.597309112548828,71697700,0.0,0.0
2022-11-18,33.0,33.5,32.75,33.5,27.000295639038086,71033500,0.0,0.0
2022-11-21,33.25,33.5,33.0,33.25,26.798803329467773,39724000,0.0,0.0
2022-11-22,33.25,33.5,33.0,33.25,26.798803329467773,44381500,0.0,0.0
2022-11-23,33.0,34.0,33.0,33.75,27.20179557800293,68409800,0.0,0.0
2022-11-24,34.0,34.0,33.25,33.75,27.20179557800293,53964000,0.0,0.0
2022-11-25,33.75,33.75,33.25,33.75,27.20179557800293,36071400,0.0,0.0
2022-11-28,33.0,33.5,32.75,33.25,26.798803329467773,62644300,0.0,0.0
2022-11-29,33.25,33.5,33.0,33.25,26.798803329467773,55324600,0.0,0.0
2022-11-30,33.25,33.75,33.0,33.25,26.798803329467773,88354200,0.0,0.0
2022-12-01,33.5,33.75,33.25,33.25,26.798803329467773,56433700,0.0,0.0
2022-12-02,33.25,33.5,33.0,33.0,26.597309112548828,28119000,0.0,0.0
2022-12-06,33.25,33.25,32.75,32.75,26.395814895629883,60085700,0.0,0.0
2022-12-07,32.75,33.0,32.0,32.25,25.99282455444336,112248500,0.0,0.0
2022-12-08,32.25,32.25,31.75,31.75,25.589834213256836,77577900,0.0,0.0
2022-12-09,31.75,32.5,31.5,32.0,25.79132843017578,72581800,0.0,0.0
2022-12-13,32.25,32.25,31.75,32.0,25.79132843017578,65611400,0.0,0.0
2022-12-14,32.0,32.25,31.75,31.75,25.589834213256836,50389300,0.0,0.0
2022-12-15,31.75,32.0,31.25,31.5,25.388338088989258,96837000,0.0,0.0
2022-12-16,31.25,31.5,31.0,31.25,25.186845779418945,74996800,0.0,0.0
2022-12-19,31.0,31.25,30.75,31.25,25.186845779418945,47133700,0.0,0.0
2022-12-20,31.0,31.5,31.0,31.25,25.186845779418945,48572100,0.0,0.0
2022-12-21,31.25,31.5,30.75,31.0,24.9853515625,76194000,0.0,0.0
2022-12-22,31.0,31.5,31.0,31.5,25.388338088989258,30432600,0.0,0.0
2022-12-23,31.5,31.75,31.25,31.5,25.388338088989258,37979900,0.0,0.0
2022-12-26,31.5,32.25,31.5,32.25,25.99282455444336,39661000,0.0,0.0
2022-12-27,32.5,32.75,32.25,32.5,26.194318771362305,80790200,0.0,0.0
2022-12-28,32.5,32.75,32.25,32.75,26.395814895629883,49817800,0.0,0.0
2022-12-29,32.75,33.0,32.5,32.75,26.395814895629883,61347100,0.0,0.0
2022-12-30,33.0,33.5,32.75,33.25,26.798803329467773,94398400,0.0,0.0
