Date,Adj Close,Close,Dividends,High,Low,Open,Stock Splits,Volume
2010-01-04,1.8725290298461914,3.5318050384521484,0.0,3.590667963027954,3.3552141189575195,3.3552141189575195,0.0,12319332
2010-01-05,1.8725290298461914,3.5318050384521484,0.0,3.6495308876037598,3.4729409217834473,3.590667963027954,0.0,6927341
2010-01-06,1.8413195610046387,3.4729409217834473,0.0,3.590667963027954,3.4729409217834473,3.5318050384521484,0.0,3293692
2010-01-07,1.8413195610046387,3.4729409217834473,0.0,3.5318050384521484,3.4140779972076416,3.4729409217834473,0.0,2014918
2010-01-08,1.8413195610046387,3.4729409217834473,0.0,3.5318050384521484,3.4140779972076416,3.4729409217834473,0.0,2515552
2010-01-11,1.8413195610046387,3.4729409217834473,0.0,3.5318050384521484,3.4140779972076416,3.4729409217834473,0.0,2837025
2010-01-12,1.8101115226745605,3.4140779972076416,0.0,3.4729409217834473,3.4140779972076416,3.4729409217834473,0.0,2736742
2010-01-13,1.8101115226745605,3.4140779972076416,0.0,3.4729409217834473,3.3552141189575195,3.4729409217834473,0.0,3525959
2010-01-14,1.7789026498794556,3.3552141189575195,0.0,3.4140779972076416,3.3552141189575195,3.4140779972076416,0.0,1777640
2010-01-15,1.8101115226745605,3.4140779972076416,0.0,3.4140779972076416,3.3552141189575195,3.3552141189575195,0.0,1533940
2010-01-18,1.7789026498794556,3.3552141189575195,0.0,3.4140779972076416,3.2963509559631348,3.4140779972076416,0.0,3763407
2010-01-19,1.7789026498794556,3.3552141189575195,0.0,3.3552141189575195,3.2963509559631348,3.3552141189575195,0.0,2518066
2010-01-20,1.7476937770843506,3.2963509559631348,0.0,3.3552141189575195,3.2963509559631348,3.3552141189575195,0.0,2450299
2010-01-21,1.7164839506149292,3.2374870777130127,0.0,3.2963509559631348,3.2374870777130127,3.2963509559631348,0.0,3081778
2010-01-22,1.7164839506149292,3.2374870777130127,0.0,3.2374870777130127,3.178623914718628,3.2374870777130127,0.0,1869344
2010-01-25,1.7164839506149292,3.2374870777130127,0.0,3.2374870777130127,3.178623914718628,3.2374870777130127,0.0,1640254
2010-01-26,1.6540671586990356,3.1197609901428223,0.0,3.2963509559631348,3.1197609901428223,3.2963509559631348,0.0,4295724
2010-01-27,1.6852761507034302,3.178623914718628,0.0,3.178623914718628,3.1197609901428223,3.178623914718628,0.0,1177097
2010-01-28,1.6540671586990356,3.1197609901428223,0.0,3.2374870777130127,3.0608971118927,3.2374870777130127,0.0,4729202
2010-01-29,1.6852761507034302,3.178623914718628,0.0,3.178623914718628,3.0608971118927,3.1197609901428223,0.0,1090847
2010-02-01,1.7789026498794556,3.3552141189575195,0.0,3.3552141189575195,3.178623914718628,3.2374870777130127,0.0,6247853
2010-02-02,1.7789026498794556,3.3552141189575195,0.0,3.4140779972076416,3.2963509559631348,3.3552141189575195,0.0,5621063
2010-02-03,2.122199058532715,4.002711772918701,0.0,4.002711772918701,3.4140779972076416,3.4140779972076416,0.0,51215442
2010-02-04,2.059781551361084,3.8849849700927734,0.0,4.061574935913086,3.8261220455169678,3.9438490867614746,0.0,30255310
2010-02-05,2.0285732746124268,3.8261220455169678,0.0,3.8849849700927734,3.708395004272461,3.7672579288482666,0.0,13945027
2010-02-08,2.059781551361084,3.8849849700927734,0.0,4.061574935913086,3.8849849700927734,3.8849849700927734,0.0,28228601
2010-02-09,1.9973639249801636,3.7672579288482666,0.0,3.8849849700927734,3.7672579288482666,3.8849849700927734,0.0,10938338
2010-02-10,1.9349462985992432,3.6495308876037598,0.0,3.8261220455169678,3.6495308876037598,3.8261220455169678,0.0,9182103
2010-02-11,1.9349462985992432,3.6495308876037598,0.0,3.708395004272461,3.590667963027954,3.6495308876037598,0.0,4256939
2010-02-12,2.0285732746124268,3.8261220455169678,0.0,3.8261220455169678,3.6495308876037598,3.6495308876037598,0.0,13464933
2010-02-15,2.0285732746124268,3.8261220455169678,0.0,3.8261220455169678,3.7672579288482666,3.7672579288482666,0.0,4090248
2010-02-16,1.9973639249801636,3.7672579288482666,0.0,3.8261220455169678,3.708395004272461,3.8261220455169678,0.0,3012295
2010-02-17,1.9973639249801636,3.7672579288482666,0.0,3.8261220455169678,3.7672579288482666,3.7672579288482666,0.0,1160720
2010-02-18,2.0285732746124268,3.8261220455169678,0.0,4.061574935913086,3.7672579288482666,3.7672579288482666,0.0,22592350
2010-02-19,2.0285732746124268,3.8261220455169678,0.0,3.8261220455169678,3.7672579288482666,3.8261220455169678,0.0,2791716
2010-02-22,2.0285732746124268,3.8261220455169678,0.0,3.9438490867614746,3.8261220455169678,3.8849849700927734,0.0,3072638
2010-02-23,2.0285732746124268,3.8261220455169678,0.0,3.9438490867614746,3.8261220455169678,3.8261220455169678,0.0,7427567
2010-02-24,2.122199058532715,4.002711772918701,0.0,4.061574935913086,3.8849849700927734,3.8849849700927734,0.0,30451017
2010-02-25,2.247035264968872,4.238165855407715,0.0,4.2970290184021,3.9438490867614746,4.002711772918701,0.0,36734275
2010-02-26,2.1534082889556885,4.061574935913086,0.0,4.2970290184021,4.061574935913086,4.2970290184021,0.0,33550328
2010-03-02,2.184616804122925,4.120439052581787,0.0,4.179302215576172,4.002711772918701,4.120439052581787,0.0,22789876
2010-03-03,2.340660810470581,4.414755821228027,0.0,4.414755821228027,4.120439052581787,4.120439052581787,0.0,39805112
2010-03-04,2.309452533721924,4.355892181396484,0.0,4.414755821228027,4.238165855407715,4.355892181396484,0.0,27801630
2010-03-05,2.4967048168182373,4.709073066711426,0.0,4.709073066711426,4.355892181396484,4.414755821228027,0.0,64720859
2010-03-08,2.4967048168182373,4.709073066711426,0.0,4.709073066711426,4.473618984222412,4.650209903717041,0.0,38296756
2010-03-09,2.4342870712280273,4.59134578704834,0.0,4.885663032531738,4.59134578704834,4.8267998695373535,0.0,36175269
2010-03-10,2.247035264968872,4.238165855407715,0.0,4.59134578704834,4.238165855407715,4.532483100891113,0.0,26508586
2010-03-11,2.27824330329895,4.2970290184021,0.0,4.414755821228027,4.120439052581787,4.238165855407715,0.0,14522619
2010-03-12,2.309452533721924,4.355892181396484,0.0,4.355892181396484,4.179302215576172,4.2970290184021,0.0,10782044
2010-03-15,2.309452533721924,4.355892181396484,0.0,4.355892181396484,4.238165855407715,4.238165855407715,0.0,2824181
2010-03-16,2.309452533721924,4.355892181396484,0.0,4.473618984222412,4.2970290184021,4.355892181396484,0.0,5857525
2010-03-17,2.4967048168182373,4.709073066711426,0.0,4.7679362297058105,4.355892181396484,4.355892181396484,0.0,15932221
2010-03-18,2.4967048168182373,4.709073066711426,0.0,4.7679362297058105,4.59134578704834,4.709073066711426,0.0,8327447
2010-03-19,2.4967048168182373,4.709073066711426,0.0,4.709073066711426,4.650209903717041,4.709073066711426,0.0,5488468
2010-03-22,2.590331792831421,4.885663032531738,0.0,5.003389835357666,4.650209903717041,4.650209903717041,0.0,17216635
2010-03-23,2.4030792713165283,4.532483100891113,0.0,5.003389835357666,4.238165855407715,5.003389835357666,0.0,26946991
2010-03-24,2.309452533721924,4.355892181396484,0.0,4.532483100891113,4.2970290184021,4.532483100891113,0.0,8367692
2010-03-25,2.309452533721924,4.355892181396484,0.0,4.414755821228027,4.238165855407715,4.414755821228027,0.0,4455500
2010-03-26,2.27824330329895,4.2970290184021,0.0,4.414755821228027,4.238165855407715,4.355892181396484,0.0,3664228
2010-03-29,2.247035264968872,4.238165855407715,0.0,4.355892181396484,4.179302215576172,4.355892181396484,0.0,1467957
2010-03-30,2.184616804122925,4.120439052581787,0.0,4.2970290184021,4.002711772918701,4.2970290184021,0.0,6335972
2010-03-31,2.2158255577087402,4.179302215576172,0.0,4.179302215576172,4.061574935913086,4.120439052581787,0.0,3676358
2010-04-01,2.309452533721924,4.355892181396484,0.0,4.355892181396484,4.179302215576172,4.238165855407715,0.0,2873108
2010-04-02,2.309452533721924,4.355892181396484,0.0,4.355892181396484,4.238165855407715,4.355892181396484,0.0,2685436
2010-04-05,2.184616804122925,4.120439052581787,0.0,4.355892181396484,4.120439052581787,4.2970290184021,0.0,9079696
2010-04-07,2.1534082889556885,4.061574935913086,0.0,4.179302215576172,4.061574935913086,4.179302215576172,0.0,3620635
2010-04-08,2.1534082889556885,4.061574935913086,0.0,4.061574935913086,3.9438490867614746,4.061574935913086,0.0,2440276
2010-04-09,2.1534082889556885,4.061574935913086,0.0,4.120439052581787,4.002711772918701,4.002711772918701,0.0,3904462
2010-04-12,2.122199058532715,4.002711772918701,0.0,4.002711772918701,3.8849849700927734,3.8849849700927734,0.0,3503449
2010-04-16,2.059781551361084,3.8849849700927734,0.0,4.002711772918701,3.8849849700927734,3.9438490867614746,0.0,2635151
2010-04-19,2.0285732746124268,3.8261220455169678,0.0,3.8261220455169678,3.708395004272461,3.8261220455169678,0.0,2756907
2010-04-20,2.122199058532715,4.002711772918701,0.0,4.002711772918701,3.8261220455169678,3.8261220455169678,0.0,6917097
2010-04-21,2.059781551361084,3.8849849700927734,0.0,4.002711772918701,3.8261220455169678,3.9438490867614746,0.0,3000607
2010-04-22,2.059781551361084,3.8849849700927734,0.0,3.9438490867614746,3.8849849700927734,3.8849849700927734,0.0,1953165
2010-04-23,2.0909905433654785,3.9438490867614746,0.0,4.120439052581787,3.8849849700927734,3.8849849700927734,0.0,10993313
2010-04-26,2.1534082889556885,4.061574935913086,0.0,4.120439052581787,3.9438490867614746,4.002711772918701,0.0,5107212
2010-04-27,2.122199058532715,4.002711772918701,0.0,4.120439052581787,4.002711772918701,4.061574935913086,0.0,4693594
2010-04-28,2.0909905433654785,3.9438490867614746,0.0,4.061574935913086,3.9438490867614746,4.002711772918701,0.0,3013399
2010-04-29,2.122199058532715,4.002711772918701,0.0,4.061574935913086,3.9438490867614746,4.002711772918701,0.0,2730490
2010-04-30,2.4030792713165283,4.532483100891113,0.0,4.7679362297058105,4.061574935913086,4.061574935913086,0.0,71926421
2010-05-04,2.4342870712280273,4.59134578704834,0.0,4.7679362297058105,4.532483100891113,4.7679362297058105,0.0,32660403
2010-05-06,2.340660810470581,4.414755821228027,0.0,4.7679362297058105,4.414755821228027,4.532483100891113,0.0,39892195
2010-05-07,2.340660810470581,4.414755821228027,0.0,4.414755821228027,4.179302215576172,4.355892181396484,0.0,22110115
2010-05-10,2.309452533721924,4.355892181396484,0.0,4.473618984222412,4.179302215576172,4.355892181396484,0.0,13808984
2010-05-11,2.340660810470581,4.414755821228027,0.0,4.7679362297058105,4.2970290184021,4.532483100891113,0.0,121087459
2010-05-12,2.352719783782959,4.4375,0.0,4.6875,4.375,4.5,0.0,55519488
2010-05-13,2.319582939147949,4.375,0.0,4.5625,4.375,4.4375,0.0,18492544
2010-05-14,2.319582939147949,4.375,0.0,4.4375,4.3125,4.375,0.0,17472112
2010-05-17,2.253309488296509,4.25,0.0,4.3125,4.1875,4.1875,0.0,14295887
2010-05-18,2.253309488296509,4.25,0.0,4.3125,4.1875,4.3125,0.0,14055695
2010-05-19,2.2864468097686768,4.3125,0.0,4.3125,4.1875,4.1875,0.0,11104896
2010-05-20,2.2864468097686768,4.3125,0.0,4.3125,4.3125,4.3125,0.0,0
2010-05-21,2.2864468097686768,4.3125,0.0,4.3125,4.3125,4.3125,0.0,0
2010-05-24,2.1207616329193115,4.0,0.0,4.3125,4.0,4.1875,0.0,27925360
2010-05-25,1.988214135169983,3.75,0.0,4.0625,3.75,3.875,0.0,40045184
2010-05-26,2.021350622177124,3.8125,0.0,3.875,3.75,3.8125,0.0,25457520
2010-05-27,1.988214135169983,3.75,0.0,3.8125,3.6875,3.75,0.0,50691297
2010-05-31,1.988214135169983,3.75,0.0,3.8125,3.6875,3.75,0.0,39684272
2010-06-01,2.021350622177124,3.8125,0.0,3.875,3.75,3.875,0.0,100053381
2010-06-02,2.054487705230713,3.875,0.0,3.9375,3.8125,3.875,0.0,71676096
2010-06-03,2.054487705230713,3.875,0.0,4.0,3.8125,3.875,0.0,46937646
2010-06-04,2.0876245498657227,3.9375,0.0,3.9375,3.875,3.875,0.0,16333775
2010-06-07,2.021350622177124,3.8125,0.0,3.9375,3.8125,3.875,0.0,20614624
2010-06-08,2.021350622177124,3.8125,0.0,3.875,3.8125,3.8125,0.0,15508832
2010-06-09,2.021350622177124,3.8125,0.0,3.875,3.75,3.875,0.0,17001120
2010-06-10,1.988214135169983,3.75,0.0,3.875,3.75,3.8125,0.0,19307584
2010-06-11,1.988214135169983,3.75,0.0,3.875,3.75,3.8125,0.0,25129551
2010-06-14,2.021350622177124,3.8125,0.0,3.875,3.75,3.75,0.0,26537024
2010-06-15,2.0876245498657227,3.9375,0.0,4.0,3.8125,3.9375,0.0,71018209
2010-06-16,2.18703556060791,4.125,0.0,4.1875,3.9375,4.125,0.0,82592450
2010-06-17,2.253309488296509,4.25,0.0,4.3125,4.1875,4.25,0.0,63462896
2010-06-18,2.4189937114715576,4.5625,0.0,4.625,4.3125,4.5,0.0,131279984
2010-06-21,2.4189937114715576,4.5625,0.0,4.6875,4.4375,4.5,0.0,67887375
2010-06-22,2.5846786499023438,4.875,0.0,4.9375,4.5,4.5625,0.0,123377104
2010-06-23,2.5515406131744385,4.8125,0.0,4.9375,4.8125,4.875,0.0,80251536
2010-06-24,2.5515406131744385,4.8125,0.0,5.0625,4.75,5.0,0.0,126969088
2010-06-25,2.518404722213745,4.75,0.0,4.9375,4.5625,4.6875,0.0,139842867
2010-06-28,2.783499002456665,5.25,0.0,5.25,4.8125,5.125,0.0,178473246
2010-06-29,2.7503626346588135,5.1875,0.0,5.25,5.0,5.0,0.0,132386396
2010-06-30,2.849773406982422,5.375,0.0,5.4375,5.125,5.375,0.0,161971824
2010-07-02,2.8829102516174316,5.4375,0.0,5.5,5.3125,5.375,0.0,113628352
2010-07-05,2.8166372776031494,5.3125,0.0,5.4375,5.1875,5.25,0.0,106826895
2010-07-06,2.8166372776031494,5.3125,0.0,5.4375,5.25,5.3125,0.0,93541136
2010-07-07,2.949183464050293,5.5625,0.0,5.6875,5.25,5.5,0.0,287119339
2010-07-08,3.0485951900482178,5.75,0.0,5.875,5.5625,5.6875,0.0,314706841
2010-07-09,3.0485951900482178,5.75,0.0,5.875,5.6875,5.8125,0.0,236987200
2010-07-12,2.982320547103882,5.625,0.0,5.8125,5.625,5.6875,0.0,77232783
2010-07-13,2.9160475730895996,5.5,0.0,5.6875,5.4375,5.625,0.0,54919521
2010-07-14,2.982320547103882,5.625,0.0,5.75,5.5625,5.625,0.0,95591312
2010-07-15,2.949183464050293,5.5625,0.0,5.6875,5.5,5.5625,0.0,89844418
2010-07-16,2.982320547103882,5.625,0.0,6.0,5.5625,5.8125,0.0,456
2010-07-19,2.949183464050293,5.5625,0.0,5.6875,5.5,5.5625,0.0,119533107
2010-07-20,2.7503626346588135,5.1875,0.0,5.625,5.125,5.3125,0.0,187965480
2010-07-21,2.8166372776031494,5.3125,0.0,5.375,5.25,5.3125,0.0,108264878
2010-07-22,2.717226266860962,5.125,0.0,5.375,5.0,5.1875,0.0,133063966
2010-07-23,2.717226266860962,5.125,0.0,5.25,5.0625,5.125,0.0,77843072
2010-07-27,2.717226266860962,5.125,0.0,5.25,5.125,5.1875,0.0,96246302
2010-07-28,2.684088706970215,5.0625,0.0,5.25,5.0,5.125,0.0,128692623
2010-07-29,2.717226266860962,5.125,0.0,5.25,5.0625,5.125,0.0,182401331
2010-07-30,2.717226266860962,5.125,0.0,5.25,5.125,5.1875,0.0,102868848
2010-08-02,2.717226266860962,5.125,0.0,5.1875,5.0625,5.125,0.0,38895904
2010-08-03,2.7503626346588135,5.1875,0.0,5.375,5.0625,5.25,0.0,293930065
2010-08-04,2.783499002456665,5.25,0.0,5.3125,5.125,5.25,0.0,248672192
2010-08-05,2.7503626346588135,5.1875,0.0,5.3125,5.125,5.25,0.0,141176784
2010-08-06,2.982320547103882,5.625,0.0,5.625,5.125,5.1875,0.0,325216832
2010-08-09,3.0154573917388916,5.6875,0.0,5.875,5.625,5.75,0.0,623
2010-08-10,2.9160475730895996,5.5,0.0,5.75,5.4375,5.625,0.0,247862026
2010-08-11,2.949183464050293,5.5625,0.0,5.5625,5.375,5.4375,0.0,105912739
2010-08-16,2.8829102516174316,5.4375,0.0,5.5625,5.4375,5.5,0.0,42510256
2010-08-17,2.8166372776031494,5.3125,0.0,5.5,5.25,5.5,0.0,164853552
2010-08-18,2.8829102516174316,5.4375,0.0,5.4375,5.3125,5.375,0.0,207836048
2010-08-19,2.9160475730895996,5.5,0.0,5.625,5.4375,5.5625,0.0,188783680
2010-08-20,2.849773406982422,5.375,0.0,5.5,5.375,5.5,0.0,113176640
2010-08-23,2.8166372776031494,5.3125,0.0,5.5,5.25,5.5,0.0,168266928
2010-08-24,2.849773406982422,5.375,0.0,5.4375,5.25,5.375,0.0,110231856
2010-08-25,2.8829102516174316,5.4375,0.0,5.6875,5.375,5.375,0.0,299
2010-08-26,2.8829102516174316,5.4375,0.0,5.5625,5.4375,5.5,0.0,130919136
2010-08-27,2.949183464050293,5.5625,0.0,5.625,5.4375,5.5,0.0,189510064
2010-08-30,2.982320547103882,5.625,0.0,5.75,5.5625,5.625,0.0,267911872
2010-08-31,2.9160475730895996,5.5,0.0,5.6875,5.4375,5.625,0.0,165862720
2010-09-01,2.9160475730895996,5.5,0.0,5.625,5.4375,5.5625,0.0,107454256
2010-09-02,2.949183464050293,5.5625,0.0,5.6875,5.4375,5.5,0.0,196201120
2010-09-03,2.849773406982422,5.375,0.0,5.625,5.375,5.625,0.0,269365872
2010-09-06,2.849773406982422,5.375,0.0,5.5,5.375,5.4375,0.0,119397856
2010-09-07,2.8166372776031494,5.3125,0.0,5.5,5.25,5.4375,0.0,127217888
2010-09-08,2.783499002456665,5.25,0.0,5.3125,5.1875,5.25,0.0,97567728
2010-09-09,2.783499002456665,5.25,0.0,5.3125,5.1875,5.25,0.0,33111920
2010-09-10,2.783499002456665,5.25,0.0,5.3125,5.1875,5.25,0.0,47459792
2010-09-13,2.7503626346588135,5.1875,0.0,5.3125,5.125,5.25,0.0,63985328
2010-09-14,2.717226266860962,5.125,0.0,5.25,5.0625,5.1875,0.0,42725296
2010-09-15,2.717226266860962,5.125,0.0,5.25,5.0,5.125,0.0,75290992
2010-09-16,2.684088706970215,5.0625,0.0,5.1875,5.0625,5.125,0.0,17828752
2010-09-17,2.684088706970215,5.0625,0.0,5.125,5.0,5.0625,0.0,42638256
2010-09-20,2.684088706970215,5.0625,0.0,5.125,5.0,5.0625,0.0,26205712
2010-09-21,2.717226266860962,5.125,0.0,5.125,5.0625,5.0625,0.0,11551136
2010-09-22,2.8166372776031494,5.3125,0.0,5.375,5.125,5.125,0.0,174905616
2010-09-23,2.7503626346588135,5.1875,0.0,5.3125,5.125,5.3125,0.0,77298720
2010-09-24,2.7503626346588135,5.1875,0.0,5.25,5.125,5.1875,0.0,42654848
2010-09-27,2.7503626346588135,5.1875,0.0,5.25,5.125,5.1875,0.0,23718368
2010-09-28,2.717226266860962,5.125,0.0,5.25,5.125,5.1875,0.0,15697920
2010-09-29,2.783499002456665,5.25,0.0,5.25,5.125,5.1875,0.0,63406944
2010-09-30,2.783499002456665,5.25,0.0,5.3125,5.1875,5.25,0.0,40674960
2010-10-01,2.7503626346588135,5.1875,0.0,5.3125,5.125,5.25,0.0,28984848
2010-10-04,2.684088706970215,5.0625,0.0,5.25,5.0625,5.1875,0.0,44682672
2010-10-05,2.717226266860962,5.125,0.0,5.1875,5.0625,5.125,0.0,29825664
2010-10-06,2.684088706970215,5.0625,0.0,5.1875,5.0625,5.1875,0.0,38545904
2010-10-07,2.684088706970215,5.0625,0.0,5.125,5.0625,5.125,0.0,19738480
2010-10-08,2.7503626346588135,5.1875,0.0,5.3125,5.125,5.125,0.0,123298976
2010-10-11,2.8166372776031494,5.3125,0.0,5.3125,5.1875,5.25,0.0,65865456
2010-10-12,2.8166372776031494,5.3125,0.0,5.4375,5.25,5.3125,0.0,108682560
2010-10-13,2.9160475730895996,5.5,0.0,5.5,5.3125,5.375,0.0,104421760
2010-10-14,2.849773406982422,5.375,0.0,5.5,5.375,5.5,0.0,73179648
2010-10-15,2.8166372776031494,5.3125,0.0,5.4375,5.25,5.4375,0.0,64023104
2010-10-18,2.717226266860962,5.125,0.0,5.3125,5.125,5.25,0.0,61608480
2010-10-19,2.7503626346588135,5.1875,0.0,5.25,5.125,5.1875,0.0,42229744
2010-10-20,2.7503626346588135,5.1875,0.0,5.25,5.125,5.125,0.0,21787776
2010-10-21,2.7503626346588135,5.1875,0.0,5.25,5.125,5.25,0.0,27701808
2010-10-22,2.7503626346588135,5.1875,0.0,5.25,5.125,5.25,0.0,20762448
2010-10-26,2.7503626346588135,5.1875,0.0,5.3125,5.1875,5.1875,0.0,34117568
2010-10-27,2.7503626346588135,5.1875,0.0,5.25,5.125,5.25,0.0,77797616
2010-10-28,2.717226266860962,5.125,0.0,5.1875,5.125,5.125,0.0,14595680
2010-10-29,2.717226266860962,5.125,0.0,5.1875,5.125,5.1875,0.0,18418368
2010-11-01,2.7503626346588135,5.1875,0.0,5.25,5.1875,5.25,0.0,33881424
2010-11-02,2.717226266860962,5.125,0.0,5.25,5.125,5.1875,0.0,33403728
2010-11-03,2.717226266860962,5.125,0.0,5.1875,5.125,5.125,0.0,32021888
2010-11-04,2.783499002456665,5.25,0.0,5.375,5.125,5.125,0.0,211798576
2010-11-05,2.7503626346588135,5.1875,0.0,5.375,5.1875,5.3125,0.0,125398352
2010-11-08,2.7503626346588135,5.1875,0.0,5.3125,5.1875,5.25,0.0,44862080
2010-11-09,2.717226266860962,5.125,0.0,5.25,5.125,5.1875,0.0,63671568
2010-11-10,2.7503626346588135,5.1875,0.0,5.25,5.125,5.1875,0.0,32252080
2010-11-11,2.7503626346588135,5.1875,0.0,5.3125,5.125,5.25,0.0,167752896
2010-11-12,2.684088706970215,5.0625,0.0,5.25,5.0,5.25,0.0,113136416
2010-11-15,2.717226266860962,5.125,0.0,5.1875,5.0625,5.125,0.0,61663184
2010-11-16,2.6509525775909424,5.0,0.0,5.125,5.0,5.125,0.0,93467920
2010-11-17,2.5846786499023438,4.875,0.0,5.0625,4.8125,5.0,0.0,93925280
2010-11-18,2.6178154945373535,4.9375,0.0,5.0,4.875,4.875,0.0,37043872
2010-11-19,2.6178154945373535,4.9375,0.0,5.0,4.9375,4.9375,0.0,17901776
2010-11-22,2.6178154945373535,4.9375,0.0,5.0,4.875,5.0,0.0,16324912
2010-11-23,2.6178154945373535,4.9375,0.0,4.9375,4.8125,4.9375,0.0,30065632
2010-11-24,2.5846786499023438,4.875,0.0,5.0,4.875,4.9375,0.0,40424176
2010-11-25,2.6178154945373535,4.9375,0.0,5.0625,4.9375,4.9375,0.0,73790784
2010-11-26,2.6178154945373535,4.9375,0.0,5.0,4.875,5.0,0.0,27504271
2010-11-29,2.6178154945373535,4.9375,0.0,5.0,4.875,4.875,0.0,19828704
2010-11-30,2.6509525775909424,5.0,0.0,5.125,4.9375,5.0,0.0,91522928
2010-12-01,2.783499002456665,5.25,0.0,5.3125,5.0,5.0625,0.0,179896992
2010-12-02,2.717226266860962,5.125,0.0,5.3125,5.0625,5.25,0.0,113640256
2010-12-03,2.7503626346588135,5.1875,0.0,5.25,5.125,5.1875,0.0,49342128
2010-12-07,2.717226266860962,5.125,0.0,5.25,5.125,5.25,0.0,25205680
2010-12-08,2.684088706970215,5.0625,0.0,5.1875,5.0625,5.125,0.0,56276048
2010-12-09,2.7503626346588135,5.1875,0.0,5.1875,5.0625,5.125,0.0,38517040
2010-12-13,2.717226266860962,5.125,0.0,5.25,5.125,5.1875,0.0,31499600
2010-12-14,2.717226266860962,5.125,0.0,5.1875,5.125,5.125,0.0,13198512
2010-12-15,2.717226266860962,5.125,0.0,5.25,5.125,5.1875,0.0,104680640
2010-12-16,2.717226266860962,5.125,0.0,5.1875,5.0625,5.125,0.0,25355760
2010-12-17,2.717226266860962,5.125,0.0,5.1875,5.0625,5.125,0.0,13926400
2010-12-20,2.6509525775909424,5.0,0.0,5.125,5.0,5.125,0.0,27409136
2010-12-21,2.684088706970215,5.0625,0.0,5.125,5.0,5.0625,0.0,34144448
2010-12-22,2.717226266860962,5.125,0.0,5.125,5.0,5.0625,0.0,13770736
2010-12-23,2.684088706970215,5.0625,0.0,5.125,5.0,5.0625,0.0,14943632
2010-12-24,2.717226266860962,5.125,0.0,5.125,5.0625,5.0625,0.0,7745120
2010-12-27,2.684088706970215,5.0625,0.0,5.125,5.0625,5.125,0.0,12852656
2010-12-28,2.717226266860962,5.125,0.0,5.125,5.0625,5.0625,0.0,15604992
2010-12-29,2.684088706970215,5.0625,0.0,5.125,5.0625,5.125,0.0,11544688
2010-12-30,2.717226266860962,5.125,0.0,5.1875,5.0625,5.125,0.0,47953024
2011-01-04,2.8829102516174316,5.4375,0.0,5.4375,5.1875,5.1875,0.0,333188528
2011-01-05,2.949183464050293,5.5625,0.0,5.5625,5.375,5.375,0.0,191339040
2011-01-06,2.9160475730895996,5.5,0.0,5.625,5.375,5.5625,0.0,115828000
2011-01-07,2.849773406982422,5.375,0.0,5.5625,5.3125,5.5,0.0,115010304
2011-01-10,2.7503626346588135,5.1875,0.0,5.375,5.1875,5.3125,0.0,82604048
2011-01-11,2.7503626346588135,5.1875,0.0,5.25,5.125,5.1875,0.0,57986688
2011-01-12,2.717226266860962,5.125,0.0,5.25,5.0625,5.1875,0.0,99641036
2011-01-13,2.717226266860962,5.125,0.0,5.1875,5.0625,5.1875,0.0,42275200
2011-01-14,2.717226266860962,5.125,0.0,5.1875,5.0625,5.125,0.0,50807936
2011-01-17,2.717226266860962,5.125,0.0,5.1875,5.0625,5.125,0.0,36222928
2011-01-18,2.684088706970215,5.0625,0.0,5.1875,5.0,5.125,0.0,86782960
2011-01-19,2.684088706970215,5.0625,0.0,5.125,5.0625,5.0625,0.0,18909200
2011-01-20,2.684088706970215,5.0625,0.0,5.125,5.0,5.0625,0.0,47095360
2011-01-21,2.6509525775909424,5.0,0.0,5.125,4.9375,5.0625,0.0,53483984
2011-01-24,2.4521305561065674,4.625,0.0,5.0,4.625,5.0,0.0,136458064
2011-01-25,2.385857105255127,4.5,0.0,4.75,4.5,4.6875,0.0,122787120
2011-01-26,2.4521305561065674,4.625,0.0,4.6875,4.5,4.5625,0.0,64341424
2011-01-27,2.518404722213745,4.75,0.0,4.8125,4.625,4.6875,0.0,49383856
2011-01-28,2.4189937114715576,4.5625,0.0,4.75,4.5625,4.75,0.0,55646272
2011-01-31,2.4189937114715576,4.5625,0.0,4.625,4.5,4.5625,0.0,28562352
2011-02-01,2.385857105255127,4.5,0.0,4.625,4.4375,4.5625,0.0,23029856
2011-02-02,2.4521305561065674,4.625,0.0,4.625,4.5,4.5,0.0,24106528
2011-02-03,2.4521305561065674,4.625,0.0,4.6875,4.5625,4.625,0.0,12413584
2011-02-04,2.4521305561065674,4.625,0.0,4.75,4.5625,4.6875,0.0,47767104
2011-02-07,2.4852676391601562,4.6875,0.0,4.75,4.5625,4.625,0.0,34200592
2011-02-08,2.4521305561065674,4.625,0.0,4.75,4.625,4.6875,0.0,18393392
2011-02-09,2.4189937114715576,4.5625,0.0,4.75,4.5,4.625,0.0,48311648
2011-02-10,2.385857105255127,4.5,0.0,4.625,4.5,4.5625,0.0,34904480
2011-02-11,2.4189937114715576,4.5625,0.0,4.5625,4.4375,4.5625,0.0,17018880
2011-02-14,2.4189937114715576,4.5625,0.0,4.625,4.5625,4.5625,0.0,10703600
2011-02-15,2.385857105255127,4.5,0.0,4.625,4.5,4.5625,0.0,19051280
2011-02-16,2.4189937114715576,4.5625,0.0,4.625,4.5,4.5625,0.0,42149456
2011-02-17,2.4521305561065674,4.625,0.0,4.625,4.5,4.5625,0.0,28402976
2011-02-18,2.4521305561065674,4.625,0.0,4.625,4.625,4.625,0.0,0
2011-02-21,2.4189937114715576,4.5625,0.0,4.625,4.5,4.625,0.0,12534896
2011-02-22,2.385857105255127,4.5,0.0,4.5625,4.5,4.5,0.0,24868304
2011-02-23,2.385857105255127,4.5,0.0,4.5625,4.4375,4.5,0.0,80198816
2011-02-24,2.352719783782959,4.4375,0.0,4.5625,4.4375,4.5,0.0,17110784
2011-02-25,2.352719783782959,4.4375,0.0,4.5,4.4375,4.4375,0.0,22055872
2011-02-28,2.352719783782959,4.4375,0.0,4.5,4.4375,4.4375,0.0,9574224
2011-03-01,2.352719783782959,4.4375,0.0,4.5,4.4375,4.5,0.0,11287104
2011-03-02,2.352719783782959,4.4375,0.0,4.5,4.4375,4.4375,0.0,13321120
2011-03-03,2.385857105255127,4.5,0.0,4.5,4.4375,4.4375,0.0,8997744
2011-03-04,2.352719783782959,4.4375,0.0,4.5,4.4375,4.5,0.0,5107040
2011-03-07,2.518404722213745,4.75,0.0,4.875,4.5,4.5,0.0,200949024
2011-03-08,2.518404722213745,4.75,0.0,4.8125,4.6875,4.8125,0.0,52716064
2011-03-09,2.6178154945373535,4.9375,0.0,5.0625,4.8125,4.875,0.0,185213472
2011-03-10,2.5938968658447266,4.8125,0.080625,4.875,4.8125,4.875,0.0,28586064
2011-03-11,2.560210704803467,4.75,0.0,4.875,4.75,4.75,0.0,32581760
2011-03-14,2.5938968658447266,4.8125,0.0,4.875,4.75,4.75,0.0,10687680
2011-03-15,2.4928367137908936,4.625,0.0,4.75,4.625,4.75,0.0,34309600
2011-03-16,2.5265231132507324,4.6875,0.0,4.75,4.625,4.6875,0.0,22839424
2011-03-17,2.4928367137908936,4.625,0.0,4.6875,4.5625,4.625,0.0,18574416
2011-03-21,2.560210704803467,4.75,0.0,4.75,4.625,4.6875,0.0,13095744
2011-03-22,2.4928367137908936,4.625,0.0,4.75,4.625,4.6875,0.0,16947504
2011-03-23,2.4928367137908936,4.625,0.0,4.75,4.625,4.6875,0.0,17000320
2011-03-24,2.560210704803467,4.75,0.0,4.8125,4.625,4.6875,0.0,123305600
2011-03-25,2.4928367137908936,4.625,0.0,4.8125,4.625,4.75,0.0,84790896
2011-03-28,2.5265231132507324,4.6875,0.0,4.75,4.6875,4.6875,0.0,20819008
2011-03-29,2.5265231132507324,4.6875,0.0,4.75,4.625,4.6875,0.0,15921680
2011-03-30,2.5265231132507324,4.6875,0.0,4.75,4.625,4.75,0.0,23786960
2011-03-31,2.5265231132507324,4.6875,0.0,4.8125,4.6875,4.6875,0.0,63403904
2011-04-01,2.560210704803467,4.75,0.0,4.8125,4.6875,4.75,0.0,80357760
2011-04-04,2.5938968658447266,4.8125,0.0,4.875,4.75,4.8125,0.0,45892080
2011-04-05,2.560210704803467,4.75,0.0,4.875,4.75,4.875,0.0,25154384
2011-04-07,2.560210704803467,4.75,0.0,4.875,4.75,4.75,0.0,45352448
2011-04-08,2.560210704803467,4.75,0.0,4.8125,4.75,4.75,0.0,22566960
2011-04-11,2.560210704803467,4.75,0.0,4.8125,4.6875,4.75,0.0,12530640
2011-04-12,2.5938968658447266,4.8125,0.0,4.8125,4.6875,4.6875,0.0,8320224
2011-04-18,2.560210704803467,4.75,0.0,4.8125,4.75,4.75,0.0,16555008
2011-04-19,2.661271333694458,4.9375,0.0,4.9375,4.75,4.75,0.0,87029552
2011-04-20,2.661271333694458,4.9375,0.0,5.0,4.875,4.9375,0.0,53402816
2011-04-21,2.627584457397461,4.875,0.0,5.0,4.8125,4.9375,0.0,57616464
2011-04-22,2.5938968658447266,4.8125,0.0,4.9375,4.8125,4.875,0.0,25133680
2011-04-25,2.5938968658447266,4.8125,0.0,4.875,4.8125,4.875,0.0,6852160
2011-04-26,2.5938968658447266,4.8125,0.0,4.875,4.75,4.8125,0.0,20888848
2011-04-27,2.5938968658447266,4.8125,0.0,4.875,4.75,4.875,0.0,16337776
2011-04-28,2.560210704803467,4.75,0.0,4.875,4.75,4.875,0.0,21114688
2011-04-29,2.560210704803467,4.75,0.0,4.875,4.75,4.75,0.0,32923568
2011-05-03,2.5265231132507324,4.6875,0.0,4.875,4.625,4.8125,0.0,66061040
2011-05-04,2.560210704803467,4.75,0.0,4.8125,4.6875,4.75,0.0,31842560
2011-05-06,2.560210704803467,4.75,0.0,4.75,4.6875,4.6875,0.0,18741536
2011-05-09,2.560210704803467,4.75,0.0,4.8125,4.6875,4.75,0.0,20444336
2011-05-10,2.560210704803467,4.75,0.0,4.8125,4.6875,4.8125,0.0,14891216
2011-05-11,2.5938968658447266,4.8125,0.0,4.8125,4.6875,4.75,0.0,32824208
2011-05-12,2.5265231132507324,4.6875,0.0,4.8125,4.6875,4.75,0.0,16884544
2011-05-13,2.5265231132507324,4.6875,0.0,4.75,4.6875,4.6875,0.0,10900192
2011-05-18,2.5265231132507324,4.6875,0.0,4.75,4.625,4.6875,0.0,21152304
2011-05-19,2.5265231132507324,4.6875,0.0,4.75,4.6875,4.6875,0.0,8630608
2011-05-20,2.5265231132507324,4.6875,0.0,4.875,4.6875,4.6875,0.0,73873408
2011-05-23,2.4928367137908936,4.625,0.0,4.75,4.625,4.6875,0.0,17370240
2011-05-24,2.4928367137908936,4.625,0.0,4.6875,4.625,4.625,0.0,16454368
2011-05-25,2.425462484359741,4.5,0.0,4.6875,4.5,4.625,0.0,37299728
2011-05-26,2.4591493606567383,4.5625,0.0,4.625,4.5,4.5625,0.0,26190640
2011-05-27,2.4591493606567383,4.5625,0.0,4.625,4.5,4.5625,0.0,9409792
2011-05-30,2.4591493606567383,4.5625,0.0,4.6875,4.5625,4.5625,0.0,35127760
2011-05-31,2.4928367137908936,4.625,0.0,4.625,4.5625,4.625,0.0,25951872
2011-06-01,2.4591493606567383,4.5625,0.0,4.6875,4.5,4.6875,0.0,27398880
2011-06-02,2.425462484359741,4.5,0.0,4.625,4.5,4.5625,0.0,19015744
2011-06-03,2.425462484359741,4.5,0.0,4.5625,4.5,4.5625,0.0,8157040
2011-06-06,2.425462484359741,4.5,0.0,4.5625,4.5,4.5625,0.0,21574560
2011-06-07,2.391775608062744,4.4375,0.0,4.5625,4.4375,4.5,0.0,14281168
2011-06-08,2.32440185546875,4.3125,0.0,4.5,4.25,4.4375,0.0,57649008
2011-06-09,2.2907145023345947,4.25,0.0,4.3125,4.125,4.3125,0.0,60747760
2011-06-10,2.2907145023345947,4.25,0.0,4.3125,4.125,4.25,0.0,33662560
2011-06-13,2.2233402729034424,4.125,0.0,4.1875,4.0625,4.1875,0.0,35430208
2011-06-14,2.2570276260375977,4.1875,0.0,4.1875,4.125,4.125,0.0,9390400
2011-06-15,2.2570276260375977,4.1875,0.0,4.25,4.125,4.1875,0.0,13157984
2011-06-16,2.2570276260375977,4.1875,0.0,4.1875,4.125,4.125,0.0,7479328
2011-06-17,2.2570276260375977,4.1875,0.0,4.25,4.125,4.1875,0.0,28482640
2011-06-20,2.2907145023345947,4.25,0.0,4.3125,4.125,4.25,0.0,35699408
2011-06-21,2.2907145023345947,4.25,0.0,4.3125,4.1875,4.25,0.0,20162480
2011-06-22,2.2907145023345947,4.25,0.0,4.3125,4.25,4.25,0.0,7326912
2011-06-23,2.2907145023345947,4.25,0.0,4.3125,4.1875,4.25,0.0,13451936
2011-06-24,2.2907145023345947,4.25,0.0,4.3125,4.25,4.3125,0.0,10422736
2011-06-27,2.2570276260375977,4.1875,0.0,4.25,4.1875,4.25,0.0,10498704
2011-06-28,2.2907145023345947,4.25,0.0,4.3125,4.1875,4.1875,0.0,22863920
2011-06-29,2.3696086406707764,4.25,0.1415,4.25,4.125,4.1875,0.0,27051360
2011-06-30,2.3696086406707764,4.25,0.0,4.3125,4.1875,4.25,0.0,11473280
2011-07-04,2.439303159713745,4.375,0.0,4.5,4.25,4.3125,0.0,81539088
2011-07-05,2.40445613861084,4.3125,0.0,4.4375,4.3125,4.4375,0.0,29749680
2011-07-06,2.40445613861084,4.3125,0.0,4.4375,4.3125,4.375,0.0,23972288
2011-07-07,2.4741504192352295,4.4375,0.0,4.4375,4.3125,4.375,0.0,29222464
2011-07-08,2.439303159713745,4.375,0.0,4.5,4.3125,4.4375,0.0,52646192
2011-07-11,2.40445613861084,4.3125,0.0,4.4375,4.3125,4.375,0.0,9919408
2011-07-12,2.40445613861084,4.3125,0.0,4.375,4.25,4.3125,0.0,21117632
2011-07-13,2.40445613861084,4.3125,0.0,4.375,4.3125,4.375,0.0,7171744
2011-07-14,2.40445613861084,4.3125,0.0,4.375,4.3125,4.3125,0.0,14164304
2011-07-18,2.5089974403381348,4.5,0.0,4.5,4.3125,4.375,0.0,46025904
2011-07-19,2.4741504192352295,4.4375,0.0,4.5,4.375,4.4375,0.0,28116736
2011-07-20,2.4741504192352295,4.4375,0.0,4.5,4.375,4.4375,0.0,18621776
2011-07-21,2.4741504192352295,4.4375,0.0,4.5,4.375,4.4375,0.0,17570336
2011-07-22,2.4741504192352295,4.4375,0.0,4.5,4.375,4.5,0.0,21858944
2011-07-25,2.5089974403381348,4.5,0.0,4.5625,4.4375,4.4375,0.0,37266384
2011-07-26,2.54384446144104,4.5625,0.0,4.625,4.5,4.5625,0.0,43036848
2011-07-27,2.54384446144104,4.5625,0.0,4.625,4.5,4.5625,0.0,39886816
2011-07-28,2.54384446144104,4.5625,0.0,4.625,4.5,4.5625,0.0,19995648
2011-07-29,2.54384446144104,4.5625,0.0,4.625,4.5,4.625,0.0,21329408
2011-08-01,2.54384446144104,4.5625,0.0,4.625,4.5,4.5625,0.0,23582912
2011-08-02,2.54384446144104,4.5625,0.0,4.625,4.5,4.5625,0.0,27830592
2011-08-03,2.5089974403381348,4.5,0.0,4.5625,4.5,4.5625,0.0,17970736
2011-08-04,2.4741504192352295,4.4375,0.0,4.5625,4.4375,4.5,0.0,43289920
2011-08-05,2.40445613861084,4.3125,0.0,4.375,4.25,4.3125,0.0,69504368
2011-08-08,2.40445613861084,4.3125,0.0,4.375,4.1875,4.25,0.0,33334576
2011-08-09,2.2999138832092285,4.125,0.0,4.1875,4.0625,4.1875,0.0,115266608
2011-08-10,2.334761381149292,4.1875,0.0,4.25,4.125,4.1875,0.0,34732640
2011-08-11,2.2999138832092285,4.125,0.0,4.1875,4.125,4.125,0.0,33249168
2011-08-15,2.3696086406707764,4.25,0.0,4.375,4.1875,4.1875,0.0,52611632
2011-08-16,2.3696086406707764,4.25,0.0,4.375,4.25,4.3125,0.0,35678240
2011-08-17,2.439303159713745,4.375,0.0,4.375,4.25,4.3125,0.0,27175488
2011-08-18,2.3696086406707764,4.25,0.0,4.4375,4.25,4.375,0.0,40637408
2011-08-19,2.3696086406707764,4.25,0.0,4.3125,4.1875,4.25,0.0,25017136
2011-08-22,2.334761381149292,4.1875,0.0,4.3125,4.1875,4.25,0.0,31943200
2011-08-23,2.334761381149292,4.1875,0.0,4.25,4.1875,4.1875,0.0,17794320
2011-08-24,2.2650668621063232,4.0625,0.0,4.25,4.0625,4.25,0.0,46256624
2011-08-25,2.230219602584839,4.0,0.0,4.1875,4.0,4.125,0.0,35966336
2011-08-26,2.230219602584839,4.0,0.0,4.0625,3.9375,4.0,0.0,30998704
2011-08-29,2.2650668621063232,4.0625,0.0,4.125,4.0,4.0,0.0,19077632
2011-08-30,2.2650668621063232,4.0625,0.0,4.1875,4.0625,4.125,0.0,19183264
2011-08-31,2.2999138832092285,4.125,0.0,4.1875,4.0625,4.125,0.0,17436304
2011-09-01,2.2999138832092285,4.125,0.0,4.1875,4.0625,4.1875,0.0,9261952
2011-09-02,2.2999138832092285,4.125,0.0,4.1875,4.125,4.125,0.0,10413504
2011-09-05,2.2650668621063232,4.0625,0.0,4.125,4.0625,4.125,0.0,8654480
2011-09-06,2.2999138832092285,4.125,0.0,4.125,4.0,4.0625,0.0,11095040
2011-09-07,2.2999138832092285,4.125,0.0,4.125,4.0625,4.125,0.0,4222336
2011-09-08,2.2999138832092285,4.125,0.0,4.1875,4.0625,4.125,0.0,29702592
2011-09-09,2.334761381149292,4.1875,0.0,4.1875,4.0625,4.125,0.0,20344256
2011-09-12,2.2650668621063232,4.0625,0.0,4.1875,4.0625,4.125,0.0,15910720
2011-09-13,2.2650668621063232,4.0625,0.0,4.125,4.0,4.125,0.0,20096896
2011-09-14,2.230219602584839,4.0,0.0,4.125,4.0,4.0625,0.0,21348800
2011-09-15,2.334761381149292,4.1875,0.0,4.25,4.0625,4.0625,0.0,92358848
2011-09-16,2.334761381149292,4.1875,0.0,4.25,4.125,4.1875,0.0,14627360
2011-09-19,2.2650668621063232,4.0625,0.0,4.1875,4.0625,4.1875,0.0,11704336
2011-09-20,2.2999138832092285,4.125,0.0,4.25,4.125,4.125,0.0,29243248
2011-09-21,2.334761381149292,4.1875,0.0,4.1875,4.0625,4.125,0.0,12258512
2011-09-22,2.230219602584839,4.0,0.0,4.1875,4.0,4.125,0.0,36159536
2011-09-23,2.195373058319092,3.9375,0.0,4.0625,3.875,4.0,0.0,53682016
2011-09-26,2.0908312797546387,3.75,0.0,3.9375,3.625,3.875,0.0,62532048
2011-09-27,2.0908312797546387,3.75,0.0,3.8125,3.6875,3.8125,0.0,26601136
2011-09-28,2.0908312797546387,3.75,0.0,3.8125,3.6875,3.75,0.0,18107856
2011-09-29,2.0908312797546387,3.75,0.0,3.75,3.6875,3.6875,0.0,6848528
2011-09-30,2.0559842586517334,3.6875,0.0,3.8125,3.6875,3.75,0.0,13744592
2011-10-03,1.9165955781936646,3.4375,0.0,3.625,3.4375,3.5625,0.0,25124832
2011-10-04,1.8120537996292114,3.25,0.0,3.5,3.1875,3.4375,0.0,54354208
2011-10-05,1.8120537996292114,3.25,0.0,3.3125,3.1875,3.3125,0.0,33671408
2011-10-06,1.951442837715149,3.5,0.0,3.5,3.3125,3.3125,0.0,57866272
2011-10-07,1.9862895011901855,3.5625,0.0,3.625,3.4375,3.5625,0.0,39702128
2011-10-10,2.0559842586517334,3.6875,0.0,3.6875,3.5,3.5,0.0,22154560
2011-10-11,2.0908312797546387,3.75,0.0,3.8125,3.6875,3.75,0.0,26400864
2011-10-12,2.125678062438965,3.8125,0.0,3.8125,3.625,3.75,0.0,38789136
2011-10-13,2.0559842586517334,3.6875,0.0,3.875,3.625,3.8125,0.0,20795568
2011-10-14,2.125678062438965,3.8125,0.0,3.875,3.625,3.6875,0.0,22282592
2011-10-17,2.125678062438965,3.8125,0.0,3.875,3.75,3.875,0.0,8765136
2011-10-18,2.0908312797546387,3.75,0.0,3.8125,3.6875,3.75,0.0,10265600
2011-10-19,2.0211362838745117,3.625,0.0,3.8125,3.5625,3.75,0.0,17766016
2011-10-20,1.9165955781936646,3.4375,0.0,3.625,3.4375,3.5625,0.0,30132288
2011-10-21,1.9862895011901855,3.5625,0.0,3.5625,3.375,3.4375,0.0,9420672
2011-10-25,1.9862895011901855,3.5625,0.0,3.625,3.5,3.5625,0.0,14889504
2011-10-26,1.9862895011901855,3.5625,0.0,3.625,3.5,3.5625,0.0,8882336
2011-10-27,2.0211362838745117,3.625,0.0,3.6875,3.5625,3.5625,0.0,24962336
2011-10-28,2.0559842586517334,3.6875,0.0,3.75,3.625,3.6875,0.0,26818576
2011-10-31,2.0559842586517334,3.6875,0.0,3.75,3.625,3.75,0.0,7943952
2011-11-01,2.0559842586517334,3.6875,0.0,3.75,3.625,3.6875,0.0,9870512
2011-11-02,2.125678062438965,3.8125,0.0,3.8125,3.6875,3.6875,0.0,15774704
2011-11-03,2.0908312797546387,3.75,0.0,3.8125,3.6875,3.75,0.0,8403136
2011-11-04,2.0559842586517334,3.6875,0.0,3.8125,3.6875,3.8125,0.0,7595056
2011-11-07,2.0908312797546387,3.75,0.0,3.8125,3.6875,3.6875,0.0,8788368
2011-11-08,2.125678062438965,3.8125,0.0,3.8125,3.75,3.75,0.0,9771392
2011-11-09,2.125678062438965,3.8125,0.0,3.8125,3.75,3.8125,0.0,6957696
2011-11-10,2.0908312797546387,3.75,0.0,3.8125,3.6875,3.75,0.0,7299712
2011-11-11,2.125678062438965,3.8125,0.0,3.8125,3.75,3.8125,0.0,3540560
2011-11-14,2.195373058319092,3.9375,0.0,4.0,3.8125,3.8125,0.0,34067552
2011-11-15,2.160525321960449,3.875,0.0,4.0625,3.875,4.0,0.0,31019376
2011-11-16,2.230219602584839,4.0,0.0,4.0,3.875,3.9375,0.0,16053296
2011-11-17,2.230219602584839,4.0,0.0,4.0,3.9375,4.0,0.0,7587184
2011-11-18,2.195373058319092,3.9375,0.0,4.0,3.875,3.9375,0.0,15365728
2011-11-21,2.195373058319092,3.9375,0.0,4.0625,3.875,4.0,0.0,38494736
2011-11-22,2.195373058319092,3.9375,0.0,4.0,3.875,4.0,0.0,7602832
2011-11-23,2.334761381149292,4.1875,0.0,4.1875,3.9375,4.0,0.0,77693808
2011-11-24,2.2999138832092285,4.125,0.0,4.1875,4.125,4.1875,0.0,12932368
2011-11-25,2.2650668621063232,4.0625,0.0,4.1875,4.0625,4.125,0.0,17707008
2011-11-28,2.334761381149292,4.1875,0.0,4.1875,4.125,4.125,0.0,8272752
2011-11-29,2.2999138832092285,4.125,0.0,4.1875,4.0625,4.1875,0.0,20175584
2011-11-30,2.334761381149292,4.1875,0.0,4.1875,4.125,4.125,0.0,12719296
2011-12-01,2.334761381149292,4.1875,0.0,4.25,4.125,4.1875,0.0,44164544
2011-12-02,2.334761381149292,4.1875,0.0,4.25,4.125,4.1875,0.0,15953008
2011-12-06,2.334761381149292,4.1875,0.0,4.25,4.125,4.1875,0.0,12514128
2011-12-07,2.40445613861084,4.3125,0.0,4.375,4.1875,4.25,0.0,63627920
2011-12-08,2.40445613861084,4.3125,0.0,4.375,4.25,4.3125,0.0,22477920
2011-12-09,2.40445613861084,4.3125,0.0,4.3125,4.1875,4.3125,0.0,17809776
2011-12-13,2.40445613861084,4.3125,0.0,4.375,4.25,4.3125,0.0,9223728
2011-12-14,2.3696086406707764,4.25,0.0,4.3125,4.1875,4.3125,0.0,13136528
2011-12-15,2.334761381149292,4.1875,0.0,4.25,4.125,4.1875,0.0,32169264
2011-12-16,2.3696086406707764,4.25,0.0,4.25,4.1875,4.25,0.0,6408032
2011-12-19,2.3696086406707764,4.25,0.0,4.3125,4.1875,4.25,0.0,18528672
2011-12-20,2.40445613861084,4.3125,0.0,4.375,4.25,4.3125,0.0,53163072
2011-12-21,2.3696086406707764,4.25,0.0,4.375,4.25,4.375,0.0,7503968
2011-12-22,2.40445613861084,4.3125,0.0,4.375,4.25,4.3125,0.0,13035792
2011-12-23,2.3696086406707764,4.25,0.0,4.375,4.25,4.3125,0.0,20740880
2011-12-26,2.40445613861084,4.3125,0.0,4.3125,4.25,4.25,0.0,24954256
2011-12-27,2.3696086406707764,4.25,0.0,4.3125,4.25,4.25,0.0,10737424
2011-12-28,2.3696086406707764,4.25,0.0,4.3125,4.25,4.25,0.0,18035136
2011-12-29,2.439303159713745,4.375,0.0,4.375,4.25,4.3125,0.0,15692800
2011-12-30,2.439303159713745,4.375,0.0,4.4375,4.3125,4.375,0.0,51416736
2012-01-04,2.439303159713745,4.375,0.0,4.4375,4.3125,4.375,0.0,15823744
2012-01-05,2.439303159713745,4.375,0.0,4.4375,4.3125,4.375,0.0,8181648
2012-01-06,2.4741504192352295,4.4375,0.0,4.5,4.375,4.375,0.0,32421344
2012-01-09,2.4741504192352295,4.4375,0.0,4.5,4.4375,4.5,0.0,11808976
2012-01-10,2.5089974403381348,4.5,0.0,4.5,4.4375,4.4375,0.0,5073264
2012-01-11,2.439303159713745,4.375,0.0,4.5,4.375,4.4375,0.0,15644752
2012-01-12,2.439303159713745,4.375,0.0,4.4375,4.375,4.375,0.0,12679072
2012-01-13,2.4741504192352295,4.4375,0.0,4.5,4.375,4.4375,0.0,35301680
2012-01-16,2.4741504192352295,4.4375,0.0,4.5,4.375,4.5,0.0,31550736
2012-01-17,2.4741504192352295,4.4375,0.0,4.5,4.4375,4.5,0.0,13960976
2012-01-18,2.4741504192352295,4.4375,0.0,4.5,4.375,4.4375,0.0,22360256
2012-01-19,2.5089974403381348,4.5,0.0,4.5,4.375,4.5,0.0,13596336
2012-01-20,2.4741504192352295,4.4375,0.0,4.5,4.4375,4.5,0.0,12705632
2012-01-23,2.4741504192352295,4.4375,0.0,4.5,4.4375,4.4375,0.0,4402096
2012-01-24,2.4741504192352295,4.4375,0.0,4.5,4.375,4.4375,0.0,16241253
2012-01-25,2.4741504192352295,4.4375,0.0,4.4375,4.375,4.4375,0.0,11318784
2012-01-26,2.488323211669922,4.3125,0.149563,4.375,4.3125,4.3125,0.0,7830496
2012-01-27,2.488323211669922,4.3125,0.0,4.375,4.25,4.3125,0.0,13611104
2012-01-30,2.4522602558135986,4.25,0.0,4.375,4.25,4.3125,0.0,15766432
2012-01-31,2.488323211669922,4.3125,0.0,4.3125,4.25,4.3125,0.0,4309424
2012-02-01,2.524385929107666,4.375,0.0,4.375,4.25,4.3125,0.0,19992784
2012-02-02,2.488323211669922,4.3125,0.0,4.375,4.3125,4.375,0.0,10760752
2012-02-03,2.488323211669922,4.3125,0.0,4.375,4.25,4.3125,0.0,12045520
2012-02-06,2.4522602558135986,4.25,0.0,4.375,4.25,4.3125,0.0,16950528
2012-02-07,2.488323211669922,4.3125,0.0,4.375,4.25,4.3125,0.0,12868352
2012-02-08,2.524385929107666,4.375,0.0,4.375,4.3125,4.3125,0.0,5813808
2012-02-09,2.524385929107666,4.375,0.0,4.375,4.3125,4.375,0.0,13942272
2012-02-10,2.488323211669922,4.3125,0.0,4.375,4.3125,4.3125,0.0,3492640
2012-02-13,2.488323211669922,4.3125,0.0,4.375,4.3125,4.3125,0.0,5397584
2012-02-14,2.488323211669922,4.3125,0.0,4.375,4.25,4.3125,0.0,23000336
2012-02-15,2.6686367988586426,4.625,0.0,4.6875,4.3125,4.375,0.0,178134512
2012-02-16,2.632573366165161,4.5625,0.0,4.75,4.5625,4.6875,0.0,56803424
2012-02-17,2.6686367988586426,4.625,0.0,4.6875,4.5625,4.625,0.0,27316016
2012-02-20,2.7046985626220703,4.6875,0.0,4.8125,4.625,4.6875,0.0,80810576
2012-02-21,2.7046985626220703,4.6875,0.0,4.75,4.6875,4.6875,0.0,24050400
2012-02-22,2.7046985626220703,4.6875,0.0,4.75,4.625,4.6875,0.0,40613104
2012-02-23,2.7046985626220703,4.6875,0.0,4.75,4.625,4.6875,0.0,12476688
2012-02-24,2.7407619953155518,4.75,0.0,4.75,4.6875,4.6875,0.0,10760240
2012-02-27,2.6686367988586426,4.625,0.0,4.75,4.625,4.6875,0.0,13802064
2012-02-28,2.6686367988586426,4.625,0.0,4.6875,4.5625,4.625,0.0,11745904
2012-02-29,2.6686367988586426,4.625,0.0,4.6875,4.5625,4.625,0.0,17543744
2012-03-01,2.7046985626220703,4.6875,0.0,4.6875,4.5625,4.625,0.0,14262976
2012-03-02,2.7046985626220703,4.6875,0.0,4.75,4.625,4.6875,0.0,23076896
2012-03-05,2.6686367988586426,4.625,0.0,4.75,4.625,4.6875,0.0,23297360
2012-03-06,2.7046985626220703,4.6875,0.0,4.6875,4.625,4.625,0.0,13078736
2012-03-08,2.7046985626220703,4.6875,0.0,4.6875,4.625,4.6875,0.0,14351552
2012-03-09,2.7046985626220703,4.6875,0.0,4.75,4.625,4.6875,0.0,58794256
2012-03-12,2.6686367988586426,4.625,0.0,4.75,4.625,4.6875,0.0,12173872
2012-03-13,2.7046985626220703,4.6875,0.0,4.75,4.625,4.6875,0.0,53743808
2012-03-14,2.7046985626220703,4.6875,0.0,4.75,4.6875,4.75,0.0,6642112
2012-03-15,2.7046985626220703,4.6875,0.0,4.75,4.6875,4.6875,0.0,14154800
2012-03-16,2.812886953353882,4.875,0.0,4.875,4.6875,4.75,0.0,126964608
2012-03-19,2.7768237590789795,4.8125,0.0,4.875,4.75,4.875,0.0,51630656
2012-03-20,2.812886953353882,4.875,0.0,4.875,4.8125,4.8125,0.0,16941520
2012-03-21,2.7768237590789795,4.8125,0.0,4.875,4.75,4.8125,0.0,39020272
2012-03-22,2.7407619953155518,4.75,0.0,4.9375,4.75,4.8125,0.0,68998592
2012-03-23,2.7407619953155518,4.75,0.0,4.8125,4.75,4.75,0.0,18425808
2012-03-26,2.7407619953155518,4.75,0.0,4.8125,4.75,4.8125,0.0,7226912
2012-03-27,2.7768237590789795,4.8125,0.0,4.875,4.75,4.8125,0.0,22620688
2012-03-28,2.7407619953155518,4.75,0.0,4.8125,4.75,4.8125,0.0,11050112
2012-03-29,2.812886953353882,4.875,0.0,4.875,4.75,4.8125,0.0,28292112
2012-03-30,2.812886953353882,4.875,0.0,4.9375,4.8125,4.875,0.0,32453872
2012-04-02,2.812886953353882,4.875,0.0,4.9375,4.8125,4.875,0.0,18465104
2012-04-03,2.7768237590789795,4.8125,0.0,4.9375,4.8125,4.875,0.0,11766624
2012-04-04,2.812886953353882,4.875,0.0,4.9375,4.875,4.875,0.0,23719360
2012-04-05,2.812886953353882,4.875,0.0,4.9375,4.8125,4.875,0.0,24472400
2012-04-10,2.7768237590789795,4.8125,0.0,4.875,4.75,4.8125,0.0,34754336
2012-04-11,2.7768237590789795,4.8125,0.0,4.9375,4.75,4.8125,0.0,39340784
2012-04-12,2.7768237590789795,4.8125,0.0,4.875,4.8125,4.8125,0.0,8280912
2012-04-17,2.7768237590789795,4.8125,0.0,4.9375,4.8125,4.875,0.0,20755200
2012-04-18,2.812886953353882,4.875,0.0,4.9375,4.875,4.875,0.0,25310864
2012-04-19,2.812886953353882,4.875,0.0,4.9375,4.875,4.875,0.0,14945104
2012-04-20,2.848949670791626,4.9375,0.0,5.0,4.875,4.9375,0.0,62585488
2012-04-23,2.957138776779175,5.125,0.0,5.1875,5.0,5.0,0.0,163641504
2012-04-24,2.957138776779175,5.125,0.0,5.1875,5.0625,5.1875,0.0,47478656
2012-04-25,2.9932003021240234,5.1875,0.0,5.1875,5.0625,5.125,0.0,28417456
2012-04-26,2.9932003021240234,5.1875,0.0,5.25,5.125,5.1875,0.0,31113776
2012-04-27,3.0292630195617676,5.25,0.0,5.25,5.1875,5.1875,0.0,24367968
2012-04-30,3.0292630195617676,5.25,0.0,5.375,5.25,5.3125,0.0,52880336
2012-05-02,3.1013882160186768,5.375,0.0,5.375,5.25,5.3125,0.0,30045184
2012-05-03,3.0653257369995117,5.3125,0.0,5.4375,5.3125,5.375,0.0,42240752
2012-05-04,3.137450695037842,5.4375,0.0,5.4375,5.3125,5.375,0.0,87058848
2012-05-08,3.173513174057007,5.5,0.0,5.5625,5.375,5.4375,0.0,74058384
2012-05-09,2.9932003021240234,5.1875,0.0,5.5,5.1875,5.4375,0.0,136127696
2012-05-10,2.957138776779175,5.125,0.0,5.1875,5.0,5.1875,0.0,89901120
2012-05-11,2.957138776779175,5.125,0.0,5.25,5.0625,5.1875,0.0,35544400
2012-05-14,2.848949670791626,4.9375,0.0,5.1875,4.8125,5.125,0.0,80131504
2012-05-15,2.848949670791626,4.9375,0.0,4.9375,4.8125,4.875,0.0,33191584
2012-05-16,2.7768237590789795,4.8125,0.0,4.875,4.625,4.875,0.0,74023504
2012-05-17,2.7046985626220703,4.6875,0.0,4.8125,4.625,4.8125,0.0,74409216
2012-05-18,2.7046985626220703,4.6875,0.0,4.75,4.5625,4.625,0.0,31645136
2012-05-21,2.7768237590789795,4.8125,0.0,4.8125,4.625,4.6875,0.0,20639568
2012-05-22,2.7407619953155518,4.75,0.0,4.8125,4.6875,4.8125,0.0,14360624
2012-05-23,2.7407619953155518,4.75,0.0,4.8125,4.6875,4.6875,0.0,12377760
2012-05-24,2.6686367988586426,4.625,0.0,4.75,4.5625,4.6875,0.0,44063376
2012-05-25,2.7407619953155518,4.75,0.0,4.75,4.625,4.6875,0.0,13592096
2012-05-28,2.7407619953155518,4.75,0.0,4.8125,4.6875,4.75,0.0,19106496
2012-05-29,2.7768237590789795,4.8125,0.0,4.9375,4.75,4.8125,0.0,56176336
2012-05-30,2.7768237590789795,4.8125,0.0,4.875,4.75,4.8125,0.0,17934656
2012-05-31,2.7768237590789795,4.8125,0.0,4.875,4.75,4.75,0.0,28914176
2012-06-01,2.7407619953155518,4.75,0.0,4.875,4.75,4.8125,0.0,32934272
2012-06-05,2.6686367988586426,4.625,0.0,4.75,4.625,4.75,0.0,23630400
2012-06-06,2.7046985626220703,4.6875,0.0,4.75,4.6875,4.6875,0.0,9798544
2012-06-07,2.7046985626220703,4.6875,0.0,4.75,4.625,4.75,0.0,23895648
2012-06-08,2.7046985626220703,4.6875,0.0,4.6875,4.625,4.6875,0.0,13657888
2012-06-11,2.7407619953155518,4.75,0.0,4.8125,4.6875,4.75,0.0,13631168
2012-06-12,2.7768237590789795,4.8125,0.0,4.8125,4.6875,4.75,0.0,19975312
2012-06-13,2.7768237590789795,4.8125,0.0,4.8125,4.75,4.8125,0.0,8997136
2012-06-14,2.88501238822937,5.0,0.0,5.0625,4.8125,4.8125,0.0,90545200
2012-06-15,2.9607436656951904,5.131249904632568,0.0,5.131249904632568,4.9375,5.0625,0.0,108205793
2012-06-18,2.9607436656951904,5.131249904632568,0.0,5.25,5.131249904632568,5.131249904632568,0.0,57832304
2012-06-19,2.88501238822937,5.0,0.0,5.1875,4.9375,5.131249904632568,0.0,59273231
2012-06-20,2.88501238822937,5.0,0.0,5.0625,5.0,5.0625,0.0,13112624
2012-06-21,2.9210751056671143,5.0625,0.0,5.0625,4.9375,5.0625,0.0,21339184
2012-06-22,2.88501238822937,5.0,0.0,5.0625,4.9375,5.0,0.0,16443760
2012-06-25,2.88501238822937,5.0,0.0,5.131249904632568,5.0,5.0625,0.0,16411440
2012-06-26,2.9374399185180664,4.9375,0.150625,5.0,4.875,4.9375,0.0,21485600
2012-06-27,2.9002573490142822,4.875,0.0,5.0,4.875,4.9375,0.0,12037648
2012-06-28,2.9002573490142822,4.875,0.0,4.9375,4.875,4.9375,0.0,19377152
2012-06-29,2.9002573490142822,4.875,0.0,5.0,4.875,4.875,0.0,12974448
2012-07-02,2.9374399185180664,4.9375,0.0,5.0,4.875,4.9375,0.0,12373216
2012-07-03,2.9002573490142822,4.875,0.0,5.0,4.875,4.9375,0.0,14397824
2012-07-04,2.9374399185180664,4.9375,0.0,4.9375,4.875,4.9375,0.0,11462048
2012-07-05,2.9374399185180664,4.9375,0.0,5.0,4.875,4.9375,0.0,10234592
2012-07-06,2.9374399185180664,4.9375,0.0,4.9375,4.875,4.9375,0.0,4828432
2012-07-09,2.9374399185180664,4.9375,0.0,4.9375,4.875,4.9375,0.0,9554800
2012-07-10,2.9374399185180664,4.9375,0.0,4.9375,4.875,4.9375,0.0,6294192
2012-07-11,2.9374399185180664,4.9375,0.0,5.0,4.875,4.9375,0.0,8781392
2012-07-12,2.9374399185180664,4.9375,0.0,5.0,4.875,4.9375,0.0,8207120
2012-07-13,2.9002573490142822,4.875,0.0,4.9375,4.875,4.875,0.0,6873312
2012-07-16,2.974623203277588,5.0,0.0,5.0,4.875,4.875,0.0,11600544
2012-07-17,2.9374399185180664,4.9375,0.0,5.0,4.9375,5.0,0.0,6610928
2012-07-18,3.011805295944214,5.0625,0.0,5.0625,4.9375,5.0,0.0,22201456
2012-07-19,3.011805295944214,5.0625,0.0,5.131249904632568,5.0,5.0625,0.0,20096384
2012-07-20,2.974623203277588,5.0,0.0,5.131249904632568,5.0,5.0625,0.0,9062752
2012-07-23,2.9374399185180664,4.9375,0.0,5.0,4.9375,5.0,0.0,15547680
2012-07-24,2.9374399185180664,4.9375,0.0,5.0,4.875,4.9375,0.0,16103648
2012-07-25,2.9374399185180664,4.9375,0.0,5.0,4.9375,4.9375,0.0,4694832
2012-07-26,2.9374399185180664,4.9375,0.0,5.0,4.9375,5.0,0.0,14230272
2012-07-27,2.974623203277588,5.0,0.0,5.0625,4.9375,5.0,0.0,44217424
2012-07-30,2.974623203277588,5.0,0.0,5.0625,4.9375,5.0625,0.0,13015744
2012-07-31,2.974623203277588,5.0,0.0,5.0625,5.0,5.0625,0.0,7175888
2012-08-01,3.0861713886260986,5.1875,0.0,5.1875,5.0,5.0625,0.0,64437776
2012-08-03,3.123353958129883,5.25,0.0,5.375,5.1875,5.25,0.0,80629136
2012-08-06,3.0861713886260986,5.1875,0.0,5.3125,5.131249904632568,5.3125,0.0,43501839
2012-08-07,3.123353958129883,5.25,0.0,5.25,5.131249904632568,5.1875,0.0,21116480
2012-08-08,3.1605372428894043,5.3125,0.0,5.375,5.1875,5.25,0.0,71033664
2012-08-09,3.20143723487854,5.381249904632568,0.0,5.4375,5.381249904632568,5.381249904632568,0.0,73845550
2012-08-10,3.1531004905700684,5.300000190734863,0.0,5.400000095367432,5.25,5.400000095367432,0.16,47363900
2012-08-14,3.093606948852539,5.199999809265137,0.0,5.300000190734863,5.150000095367432,5.25,0.0,41894800
2012-08-15,3.06386137008667,5.150000095367432,0.0,5.25,5.150000095367432,5.150000095367432,0.0,47291300
2012-08-16,3.123353958129883,5.25,0.0,5.25,5.099999904632568,5.199999809265137,0.0,31817200
2012-08-17,3.1531004905700684,5.300000190734863,0.0,5.300000190734863,5.199999809265137,5.25,0.0,17316900
2012-08-20,3.182847261428833,5.349999904632568,0.0,5.349999904632568,5.25,5.25,0.0,34463900
2012-08-21,3.1531004905700684,5.300000190734863,0.0,5.400000095367432,5.300000190734863,5.349999904632568,0.0,38168600
2012-08-22,3.093606948852539,5.199999809265137,0.0,5.300000190734863,5.199999809265137,5.300000190734863,0.0,75053000
2012-08-23,3.123353958129883,5.25,0.0,5.300000190734863,5.199999809265137,5.25,0.0,44145300
2012-08-24,3.123353958129883,5.25,0.0,5.300000190734863,5.199999809265137,5.25,0.0,32844400
2012-08-27,3.2423386573791504,5.449999809265137,0.0,5.449999809265137,5.25,5.25,0.0,85912000
2012-08-28,3.3910694122314453,5.699999809265137,0.0,5.75,5.449999809265137,5.5,0.0,209313400
2012-08-29,3.3018312454223633,5.550000190734863,0.0,5.699999809265137,5.550000190734863,5.699999809265137,0.0,116225600
2012-08-30,3.2423386573791504,5.449999809265137,0.0,5.550000190734863,5.400000095367432,5.550000190734863,0.0,106592400
2012-08-31,3.3315773010253906,5.599999904632568,0.0,5.599999904632568,5.400000095367432,5.449999809265137,0.0,61309700
2012-09-03,3.2423386573791504,5.449999809265137,0.0,5.650000095367432,5.400000095367432,5.599999904632568,0.0,94605696
2012-09-04,3.182847261428833,5.349999904632568,0.0,5.449999809265137,5.349999904632568,5.449999809265137,0.0,49747500
2012-09-05,3.1531004905700684,5.300000190734863,0.0,5.349999904632568,5.25,5.300000190734863,0.0,95514600
2012-09-06,3.1531004905700684,5.300000190734863,0.0,5.349999904632568,5.25,5.300000190734863,0.0,33195000
2012-09-07,3.1531004905700684,5.300000190734863,0.0,5.400000095367432,5.300000190734863,5.349999904632568,0.0,65835400
2012-09-10,3.2125930786132812,5.400000095367432,0.0,5.400000095367432,5.300000190734863,5.349999904632568,0.0,46901400
2012-09-11,3.182847261428833,5.349999904632568,0.0,5.400000095367432,5.300000190734863,5.400000095367432,0.0,28843800
2012-09-12,3.182847261428833,5.349999904632568,0.0,5.349999904632568,5.300000190734863,5.349999904632568,0.0,31021700
2012-09-13,3.3018312454223633,5.550000190734863,0.0,5.650000095367432,5.349999904632568,5.349999904632568,0.0,362432600
2012-09-14,3.3315773010253906,5.599999904632568,0.0,5.650000095367432,5.5,5.650000095367432,0.0,132906200
2012-09-17,3.3910694122314453,5.699999809265137,0.0,5.75,5.550000190734863,5.599999904632568,0.0,129594800
2012-09-18,3.3613243103027344,5.650000095367432,0.0,5.699999809265137,5.599999904632568,5.650000095367432,0.0,69547600
2012-09-19,3.3613243103027344,5.650000095367432,0.0,5.699999809265137,5.599999904632568,5.650000095367432,0.0,34188000
2012-09-20,3.42081618309021,5.75,0.0,5.849999904632568,5.599999904632568,5.650000095367432,0.0,155337400
2012-09-21,3.4505629539489746,5.800000190734863,0.0,5.849999904632568,5.75,5.75,0.0,86933500
2012-09-24,3.5100550651550293,5.900000095367432,0.0,6.0,5.75,5.800000190734863,0.0,195231700
2012-09-25,3.4803082942962646,5.849999904632568,0.0,5.900000095367432,5.75,5.900000095367432,0.0,102557200
2012-09-26,3.3613243103027344,5.650000095367432,0.0,5.800000190734863,5.599999904632568,5.75,0.0,208898704
2012-09-27,3.3910694122314453,5.699999809265137,0.0,5.75,5.650000095367432,5.650000095367432,0.0,87324200
2012-09-28,3.3613243103027344,5.650000095367432,0.0,5.800000190734863,5.650000095367432,5.75,0.0,80864400
2012-10-01,3.4505629539489746,5.800000190734863,0.0,5.800000190734863,5.650000095367432,5.699999809265137,0.0,80334304
2012-10-02,3.42081618309021,5.75,0.0,5.849999904632568,5.699999809265137,5.800000190734863,0.0,76171200
2012-10-03,3.3613243103027344,5.650000095367432,0.0,5.75,5.650000095367432,5.699999809265137,0.0,97719000
2012-10-04,3.3910694122314453,5.699999809265137,0.0,5.75,5.550000190734863,5.550000190734863,0.0,202961700
2012-10-05,3.4803082942962646,5.849999904632568,0.0,5.900000095367432,5.75,5.800000190734863,0.0,177865500
2012-10-08,3.5398004055023193,5.949999809265137,0.0,6.0,5.900000095367432,5.949999809265137,0.0,167208100
2012-10-09,3.5398004055023193,5.949999809265137,0.0,6.099999904632568,5.949999809265137,6.050000190734863,0.0,139613300
2012-10-10,3.5992939472198486,6.050000190734863,0.0,6.050000190734863,5.949999809265137,6.0,0.0,142864000
2012-10-11,3.4505629539489746,5.800000190734863,0.0,6.050000190734863,5.699999809265137,6.050000190734863,0.0,328686700
2012-10-12,3.42081618309021,5.75,0.0,5.900000095367432,5.699999809265137,5.75,0.0,226465400
2012-10-15,3.42081618309021,5.75,0.0,5.800000190734863,5.75,5.75,0.0,27675200
2012-10-16,3.42081618309021,5.75,0.0,5.849999904632568,5.75,5.800000190734863,0.0,50882700
2012-10-17,3.4505629539489746,5.800000190734863,0.0,5.800000190734863,5.75,5.800000190734863,0.0,21134500
2012-10-18,3.3910694122314453,5.699999809265137,0.0,5.800000190734863,5.699999809265137,5.800000190734863,0.0,69867100
2012-10-19,3.3910694122314453,5.699999809265137,0.0,5.75,5.650000095367432,5.699999809265137,0.0,45136000
2012-10-22,3.3910694122314453,5.699999809265137,0.0,5.75,5.650000095367432,5.699999809265137,0.0,66048000
2012-10-24,3.3315773010253906,5.599999904632568,0.0,5.699999809265137,5.599999904632568,5.699999809265137,0.0,61058400
2012-10-25,3.3613243103027344,5.650000095367432,0.0,5.699999809265137,5.599999904632568,5.650000095367432,0.0,45748700
2012-10-26,3.3613243103027344,5.650000095367432,0.0,5.699999809265137,5.550000190734863,5.650000095367432,0.0,85073900
2012-10-29,3.3018312454223633,5.550000190734863,0.0,5.650000095367432,5.5,5.650000095367432,0.0,82102000
2012-10-30,3.3018312454223633,5.550000190734863,0.0,5.599999904632568,5.5,5.5,0.0,49308000
2012-10-31,3.4505629539489746,5.800000190734863,0.0,5.849999904632568,5.599999904632568,5.650000095367432,0.0,214821500
2012-11-01,3.4803082942962646,5.849999904632568,0.0,5.900000095367432,5.800000190734863,5.800000190734863,0.0,84159900
2012-11-02,3.4803082942962646,5.849999904632568,0.0,5.949999809265137,5.849999904632568,5.900000095367432,0.0,117057800
2012-11-05,3.5100550651550293,5.900000095367432,0.0,5.949999809265137,5.800000190734863,5.900000095367432,0.0,86205900
2012-11-06,3.5100550651550293,5.900000095367432,0.0,5.949999809265137,5.849999904632568,5.900000095367432,0.0,99627000
2012-11-07,3.688532590866089,6.199999809265137,0.0,6.25,5.949999809265137,5.949999809265137,0.0,481081000
2012-11-08,3.718278169631958,6.25,0.0,6.400000095367432,6.150000095367432,6.199999809265137,0.0,375793900
2012-11-09,3.896756172180176,6.550000190734863,0.0,6.550000190734863,6.25,6.349999904632568,0.0,212282000
2012-11-12,3.8372631072998047,6.449999809265137,0.0,6.75,6.349999904632568,6.699999809265137,0.0,30959300
2012-11-13,3.718278169631958,6.25,0.0,6.550000190734863,6.25,6.449999809265137,0.0,318131400
2012-11-14,3.629039764404297,6.099999904632568,0.0,6.25,6.050000190734863,6.25,0.0,259850800
2012-11-15,3.718278169631958,6.25,0.0,6.300000190734863,6.050000190734863,6.099999904632568,0.0,199922800
2012-11-16,3.6587862968444824,6.150000095367432,0.0,6.300000190734863,6.150000095367432,6.199999809265137,0.0,57777600
2012-11-19,3.74802565574646,6.300000190734863,0.0,6.349999904632568,6.199999809265137,6.199999809265137,0.0,139295400
2012-11-20,3.688532590866089,6.199999809265137,0.0,6.349999904632568,6.099999904632568,6.349999904632568,0.0,89548600
2012-11-21,3.6587862968444824,6.150000095367432,0.0,6.199999809265137,6.099999904632568,6.150000095367432,0.0,38639100
2012-11-22,3.718278169631958,6.25,0.0,6.300000190734863,6.150000095367432,6.199999809265137,0.0,80634900
2012-11-23,3.718278169631958,6.25,0.0,6.25,6.150000095367432,6.199999809265137,0.0,38151400
2012-11-26,3.718278169631958,6.25,0.0,6.300000190734863,6.199999809265137,6.25,0.0,39590400
2012-11-27,3.74802565574646,6.300000190734863,0.0,6.300000190734863,6.199999809265137,6.25,0.0,112708900
2012-11-28,3.718278169631958,6.25,0.0,6.349999904632568,6.25,6.300000190734863,0.0,83927100
2012-11-29,3.8075168132781982,6.400000095367432,0.0,6.449999809265137,6.300000190734863,6.300000190734863,0.0,215977900
2012-11-30,3.8075168132781982,6.400000095367432,0.0,6.449999809265137,6.349999904632568,6.400000095367432,0.0,78254400
2012-12-03,3.8372631072998047,6.449999809265137,0.0,6.5,6.400000095367432,6.449999809265137,0.0,56788000
2012-12-04,3.8670108318328857,6.5,0.0,6.550000190734863,6.400000095367432,6.449999809265137,0.0,62596400
2012-12-06,3.8075168132781982,6.400000095367432,0.0,6.550000190734863,6.400000095367432,6.5,0.0,73252300
2012-12-07,3.8075168132781982,6.400000095367432,0.0,6.5,6.400000095367432,6.449999809265137,0.0,37045900
2012-12-11,3.777770519256592,6.349999904632568,0.0,6.449999809265137,6.300000190734863,6.400000095367432,0.0,91830100
2012-12-12,3.8075168132781982,6.400000095367432,0.0,6.5,6.349999904632568,6.349999904632568,0.0,119194100
2012-12-13,3.8670108318328857,6.5,0.0,6.5,6.349999904632568,6.449999809265137,0.0,84088300
2012-12-14,3.985994338989258,6.699999809265137,0.0,6.75,6.550000190734863,6.550000190734863,0.0,252996900
2012-12-17,4.075233459472656,6.849999904632568,0.0,6.900000095367432,6.699999809265137,6.75,0.0,171906200
2012-12-18,4.0454864501953125,6.800000190734863,0.0,7.0,6.699999809265137,6.900000095367432,0.0,247188500
2012-12-19,4.075233459472656,6.849999904632568,0.0,6.900000095367432,6.75,6.849999904632568,0.0,62212300
2012-12-20,4.0454864501953125,6.800000190734863,0.0,6.900000095367432,6.75,6.900000095367432,0.0,50874400
2012-12-21,4.015740871429443,6.75,0.0,6.800000190734863,6.699999809265137,6.75,0.0,34226500
2012-12-24,4.104979991912842,6.900000095367432,0.0,6.949999809265137,6.75,6.800000190734863,0.0,113435500
2012-12-25,4.223965167999268,7.099999904632568,0.0,7.150000095367432,6.900000095367432,6.900000095367432,0.0,255783100
2012-12-26,4.194217205047607,7.050000190734863,0.0,7.150000095367432,7.0,7.150000095367432,0.0,118412300
2012-12-27,4.223965167999268,7.099999904632568,0.0,7.150000095367432,7.050000190734863,7.099999904632568,0.0,84342000
2012-12-28,4.253710746765137,7.150000095367432,0.0,7.199999809265137,7.099999904632568,7.099999904632568,0.0,115665600
2013-01-02,4.283456802368164,7.199999809265137,0.0,7.25,7.0,7.150000095367432,0.0,149596200
2013-01-03,4.194217205047607,7.050000190734863,0.0,7.150000095367432,7.0,7.150000095367432,0.0,162664600
2013-01-04,4.223965167999268,7.099999904632568,0.0,7.099999904632568,7.0,7.050000190734863,0.0,103141400
2013-01-07,4.194217205047607,7.050000190734863,0.0,7.150000095367432,7.050000190734863,7.099999904632568,0.0,70950600
2013-01-08,4.283456802368164,7.199999809265137,0.0,7.199999809265137,7.050000190734863,7.050000190734863,0.0,118649000
2013-01-09,4.194217205047607,7.050000190734863,0.0,7.199999809265137,7.050000190734863,7.150000095367432,0.0,211813800
2013-01-10,4.194217205047607,7.050000190734863,0.0,7.099999904632568,7.0,7.050000190734863,0.0,164643200
2013-01-11,4.194217205047607,7.050000190734863,0.0,7.150000095367432,6.949999809265137,7.050000190734863,0.0,198953700
2013-01-14,4.223965167999268,7.099999904632568,0.0,7.199999809265137,7.0,7.099999904632568,0.0,325089800
2013-01-15,4.253710746765137,7.150000095367432,0.0,7.199999809265137,7.099999904632568,7.150000095367432,0.0,139713600
2013-01-16,4.253710746765137,7.150000095367432,0.0,7.199999809265137,7.099999904632568,7.150000095367432,0.0,113111500
2013-01-17,4.402441501617432,7.400000095367432,0.0,7.400000095367432,7.099999904632568,7.150000095367432,0.0,266979200
2013-01-18,4.372695446014404,7.349999904632568,0.0,7.5,7.349999904632568,7.449999809265137,0.0,202850500
2013-01-21,4.461933612823486,7.5,0.0,7.550000190734863,7.400000095367432,7.449999809265137,0.0,103922000
2013-01-22,4.461933612823486,7.5,0.0,7.599999904632568,7.449999809265137,7.5,0.0,136809700
2013-01-23,4.461933612823486,7.5,0.0,7.550000190734863,7.349999904632568,7.5,0.0,225405300
2013-01-24,4.561061859130859,7.5,0.163,7.5,7.349999904632568,7.400000095367432,0.0,164150100
2013-01-25,4.7130961418151855,7.75,0.0,7.75,7.599999904632568,7.599999904632568,0.0,217131200
2013-01-28,4.7130961418151855,7.75,0.0,7.800000190734863,7.699999809265137,7.75,0.0,124636900
2013-01-29,4.865131855010986,8.0,0.0,8.050000190734863,7.800000190734863,7.800000190734863,0.0,229760100
2013-01-30,4.865131855010986,8.0,0.0,8.100000381469727,7.900000095367432,8.050000190734863,0.0,219696800
2013-01-31,4.743504047393799,7.800000190734863,0.0,8.0,7.800000190734863,7.949999809265137,0.0,131285600
2013-02-01,4.834724426269531,7.949999809265137,0.0,8.0,7.849999904632568,7.849999904632568,0.0,101713200
2013-02-04,4.865131855010986,8.0,0.0,8.050000190734863,7.949999809265137,8.050000190734863,0.0,109385500
2013-02-05,4.865131855010986,8.0,0.0,8.050000190734863,7.900000095367432,7.900000095367432,0.0,109534700
2013-02-06,5.017167568206787,8.25,0.0,8.25,8.0,8.050000190734863,0.0,221943000
2013-02-07,4.986760139465332,8.199999809265137,0.0,8.25,8.050000190734863,8.199999809265137,0.0,99667000
2013-02-08,5.047574520111084,8.300000190734863,0.0,8.399999618530273,8.25,8.300000190734863,0.0,173814800
2013-02-11,5.108389377593994,8.399999618530273,0.0,8.449999809265137,8.300000190734863,8.350000381469727,0.0,88552700
2013-02-12,5.047574520111084,8.300000190734863,0.0,8.399999618530273,8.300000190734863,8.399999618530273,0.0,46246200
2013-02-13,5.108389377593994,8.399999618530273,0.0,8.5,8.350000381469727,8.350000381469727,0.0,119508500
2013-02-14,4.956353187561035,8.149999618530273,0.0,8.449999809265137,8.100000381469727,8.449999809265137,0.0,271407900
2013-02-15,4.895538330078125,8.050000190734863,0.0,8.149999618530273,7.900000095367432,8.100000381469727,0.0,233675700
2013-02-18,4.925946235656738,8.100000381469727,0.0,8.199999809265137,8.100000381469727,8.100000381469727,0.0,87203800
2013-02-19,4.986760139465332,8.199999809265137,0.0,8.25,8.100000381469727,8.199999809265137,0.0,99437100
2013-02-20,5.017167568206787,8.25,0.0,8.25,8.100000381469727,8.199999809265137,0.0,104889900
2013-02-21,4.986760139465332,8.199999809265137,0.0,8.25,8.149999618530273,8.149999618530273,0.0,93449200
2013-02-22,4.956353187561035,8.149999618530273,0.0,8.199999809265137,8.100000381469727,8.149999618530273,0.0,88829500
2013-02-26,4.986760139465332,8.199999809265137,0.0,8.25,8.100000381469727,8.199999809265137,0.0,104133300
2013-02-27,4.986760139465332,8.199999809265137,0.0,8.300000190734863,8.199999809265137,8.25,0.0,62814500
2013-02-28,4.986760139465332,8.199999809265137,0.0,8.300000190734863,8.149999618530273,8.25,0.0,51793500
2013-03-01,5.017167568206787,8.25,0.0,8.25,8.149999618530273,8.199999809265137,0.0,53181500
2013-03-04,5.108389377593994,8.399999618530273,0.0,8.449999809265137,8.300000190734863,8.300000190734863,0.0,190153900
2013-03-05,5.16920280456543,8.5,0.0,8.600000381469727,8.399999618530273,8.399999618530273,0.0,174681400
2013-03-06,5.199610233306885,8.550000190734863,0.0,8.600000381469727,8.5,8.550000190734863,0.0,64370100
2013-03-07,5.260422706604004,8.649999618530273,0.0,8.649999618530273,8.550000190734863,8.600000381469727,0.0,95967500
2013-03-08,5.412459373474121,8.899999618530273,0.0,8.949999809265137,8.649999618530273,8.699999809265137,0.0,178963400
2013-03-11,5.3516459465026855,8.800000190734863,0.0,8.899999618530273,8.75,8.899999618530273,0.0,68868200
2013-03-12,5.3212385177612305,8.75,0.0,8.850000381469727,8.600000381469727,8.800000190734863,0.0,103186200
2013-03-13,5.290830135345459,8.699999809265137,0.0,8.850000381469727,8.649999618530273,8.75,0.0,65730600
2013-03-14,5.3516459465026855,8.800000190734863,0.0,8.800000190734863,8.649999618530273,8.699999809265137,0.0,58581600
2013-03-15,5.534087181091309,9.100000381469727,0.0,9.100000381469727,8.699999809265137,8.800000190734863,0.0,308066600
2013-03-18,5.71652889251709,9.399999618530273,0.0,9.649999618530273,9.149999618530273,9.149999618530273,0.0,333916200
2013-03-19,5.686122894287109,9.350000381469727,0.0,9.649999618530273,9.149999618530273,9.550000190734863,0.0,244082200
2013-03-20,5.686122894287109,9.350000381469727,0.0,9.600000381469727,9.300000190734863,9.550000190734863,0.0,287135600
2013-03-21,5.594902515411377,9.199999809265137,0.0,9.449999809265137,9.199999809265137,9.399999618530273,0.0,168502500
2013-03-22,5.3516459465026855,8.800000190734863,0.0,9.149999618530273,8.300000190734863,9.100000381469727,0.0,667070700
2013-03-25,5.503681659698486,9.050000190734863,0.0,9.100000381469727,8.800000190734863,8.949999809265137,0.0,258325000
2013-03-26,5.56449556350708,9.149999618530273,0.0,9.300000190734863,8.949999809265137,9.050000190734863,0.0,180952400
2013-03-27,5.56449556350708,9.149999618530273,0.0,9.300000190734863,9.149999618530273,9.199999809265137,0.0,124774400
2013-03-28,5.534087181091309,9.100000381469727,0.0,9.25,9.050000190734863,9.149999618530273,0.0,137828600
2013-03-29,5.71652889251709,9.399999618530273,0.0,9.5,9.149999618530273,9.149999618530273,0.0,195526500
2013-04-01,5.6557159423828125,9.300000190734863,0.0,9.399999618530273,9.300000190734863,9.399999618530273,0.0,109466900
2013-04-02,5.686122894287109,9.350000381469727,0.0,9.399999618530273,9.25,9.399999618530273,0.0,132919100
2013-04-03,5.56449556350708,9.149999618530273,0.0,9.399999618530273,9.050000190734863,9.350000381469727,0.0,182157400
2013-04-04,5.503681659698486,9.050000190734863,0.0,9.149999618530273,8.800000190734863,8.850000381469727,0.0,190958400
2013-04-05,5.473274230957031,9.0,0.0,9.149999618530273,8.949999809265137,9.100000381469727,0.0,169179000
2013-04-09,5.3516459465026855,8.800000190734863,0.0,9.050000190734863,8.800000190734863,9.0,0.0,122764200
2013-04-10,5.412459373474121,8.899999618530273,0.0,8.899999618530273,8.699999809265137,8.850000381469727,0.0,109317500
2013-04-11,5.44286584854126,8.949999809265137,0.0,9.0,8.850000381469727,9.0,0.0,104807400
2013-04-12,5.473274230957031,9.0,0.0,9.0,8.850000381469727,8.949999809265137,0.0,54019100
2013-04-17,5.412459373474121,8.899999618530273,0.0,9.0,8.850000381469727,8.899999618530273,0.0,70128200
2013-04-18,5.625309467315674,9.25,0.0,9.25,8.850000381469727,8.949999809265137,0.0,136532900
2013-04-19,5.56449556350708,9.149999618530273,0.0,9.5,9.100000381469727,9.350000381469727,0.0,266661400
2013-04-22,5.534087181091309,9.100000381469727,0.0,9.25,9.050000190734863,9.199999809265137,0.0,105325800
2013-04-23,5.473274230957031,9.0,0.0,9.100000381469727,8.899999618530273,9.050000190734863,0.0,101019800
2013-04-24,5.412459373474121,8.899999618530273,0.0,9.050000190734863,8.850000381469727,9.0,0.0,69902000
2013-04-25,5.44286584854126,8.949999809265137,0.0,9.0,8.850000381469727,8.899999618530273,0.0,42436800
2013-04-26,5.44286584854126,8.949999809265137,0.0,9.050000190734863,8.949999809265137,9.050000190734863,0.0,43967700
2013-04-29,5.503681659698486,9.050000190734863,0.0,9.050000190734863,8.899999618530273,9.0,0.0,4136200
2013-04-30,5.503681659698486,9.050000190734863,0.0,9.100000381469727,9.0,9.050000190734863,0.0,78208400
2013-05-02,5.491271495819092,8.850000381469727,0.18,8.949999809265137,8.800000190734863,8.899999618530273,0.0,102456700
2013-05-03,5.305126190185547,8.550000190734863,0.0,8.850000381469727,8.5,8.850000381469727,0.0,222314600
2013-05-07,5.274101734161377,8.5,0.0,8.550000190734863,8.199999809265137,8.5,0.0,124853400
2013-05-08,5.305126190185547,8.550000190734863,0.0,8.699999809265137,8.5,8.550000190734863,0.0,90965400
2013-05-09,5.274101734161377,8.5,0.0,8.699999809265137,8.5,8.600000381469727,0.0,67045200
2013-05-10,5.212054252624512,8.399999618530273,0.0,8.600000381469727,8.350000381469727,8.550000190734863,0.0,55402800
2013-05-13,5.243077754974365,8.449999809265137,0.0,8.5,8.350000381469727,8.399999618530273,0.0,35325600
2013-05-14,5.42922306060791,8.75,0.0,8.75,8.449999809265137,8.449999809265137,0.0,74672900
2013-05-15,5.398197650909424,8.699999809265137,0.0,8.899999618530273,8.699999809265137,8.800000190734863,0.0,46446400
2013-05-16,5.274101734161377,8.5,0.0,8.649999618530273,8.5,8.600000381469727,0.0,53671000
2013-05-17,5.305126190185547,8.550000190734863,0.0,8.649999618530273,8.5,8.5,0.0,29735000
2013-05-20,5.305126190185547,8.550000190734863,0.0,8.649999618530273,8.5,8.600000381469727,0.0,27551900
2013-05-21,5.212054252624512,8.399999618530273,0.0,8.550000190734863,8.399999618530273,8.5,0.0,74619700
2013-05-22,5.243077754974365,8.449999809265137,0.0,8.550000190734863,8.449999809265137,8.449999809265137,0.0,52011900
2013-05-23,5.212054252624512,8.399999618530273,0.0,8.5,8.300000190734863,8.449999809265137,0.0,65290000
2013-05-27,5.0569329261779785,8.149999618530273,0.0,8.399999618530273,8.050000190734863,8.300000190734863,0.0,138173500
2013-05-28,5.243077754974365,8.449999809265137,0.0,8.5,8.100000381469727,8.100000381469727,0.0,118569000
2013-05-29,5.3361496925354,8.600000381469727,0.0,8.600000381469727,8.449999809265137,8.550000190734863,0.0,144547100
2013-05-30,5.181029319763184,8.350000381469727,0.0,8.550000190734863,8.350000381469727,8.5,0.0,75779100
2013-05-31,5.0569329261779785,8.149999618530273,0.0,8.449999809265137,8.100000381469727,8.399999618530273,0.0,119414000
2013-06-03,5.025908946990967,8.100000381469727,0.0,8.300000190734863,8.050000190734863,8.149999618530273,0.0,49701300
2013-06-04,5.08795690536499,8.199999809265137,0.0,8.25,8.050000190734863,8.149999618530273,0.0,62502200
2013-06-05,5.08795690536499,8.199999809265137,0.0,8.25,8.100000381469727,8.100000381469727,0.0,58622400
2013-06-06,4.963860511779785,8.0,0.0,8.149999618530273,8.0,8.100000381469727,0.0,108426100
2013-06-07,4.994884014129639,8.050000190734863,0.0,8.149999618530273,8.0,8.0,0.0,78158600
2013-06-10,5.0569329261779785,8.149999618530273,0.0,8.25,8.100000381469727,8.199999809265137,0.0,39396600
2013-06-11,4.9018120765686035,7.900000095367432,0.0,8.149999618530273,7.800000190734863,8.100000381469727,0.0,136937800
2013-06-12,4.839764595031738,7.800000190734863,0.0,7.949999809265137,7.699999809265137,7.75,0.0,93624500
2013-06-13,4.653619766235352,7.5,0.0,7.599999904632568,7.099999904632568,7.5,0.0,206888900
2013-06-14,4.90018892288208,7.849999904632568,0.045,7.900000095367432,7.599999904632568,7.699999809265137,0.0,115033300
2013-06-17,5.087457180023193,8.149999618530273,0.0,8.199999809265137,7.800000190734863,7.900000095367432,0.0,77510000
2013-06-18,4.90018892288208,7.849999904632568,0.0,8.199999809265137,7.800000190734863,8.149999618530273,0.0,67933200
2013-06-19,4.806555271148682,7.699999809265137,0.0,7.949999809265137,7.650000095367432,7.900000095367432,0.0,43072900
2013-06-20,4.588075160980225,7.349999904632568,0.0,7.599999904632568,7.349999904632568,7.449999809265137,0.0,56664600
2013-06-21,4.556864261627197,7.300000190734863,0.0,7.400000095367432,7.099999904632568,7.199999809265137,0.0,128392700
2013-06-24,4.49444055557251,7.199999809265137,0.0,7.400000095367432,7.199999809265137,7.300000190734863,0.0,39009900
2013-06-25,4.650497913360596,7.449999809265137,0.0,7.449999809265137,7.050000190734863,7.300000190734863,0.0,86190700
2013-06-26,4.806555271148682,7.699999809265137,0.0,7.699999809265137,7.300000190734863,7.449999809265137,0.0,78948600
2013-06-27,4.77534294128418,7.650000095367432,0.0,7.900000095367432,7.5,7.800000190734863,0.0,57515400
2013-06-28,4.77534294128418,7.650000095367432,0.0,7.849999904632568,7.650000095367432,7.75,0.0,47715900
2013-07-02,4.837767124176025,7.75,0.0,7.800000190734863,7.650000095367432,7.75,0.0,39259300
2013-07-03,4.868978977203369,7.800000190734863,0.0,7.800000190734863,7.599999904632568,7.699999809265137,0.0,42675800
2013-07-04,4.77534294128418,7.650000095367432,0.0,7.800000190734863,7.599999904632568,7.800000190734863,0.0,24983500
2013-07-05,4.806555271148682,7.699999809265137,0.0,7.75,7.599999904632568,7.699999809265137,0.0,47306400
2013-07-08,4.837767124176025,7.75,0.0,7.75,7.449999809265137,7.550000190734863,0.0,57457800
2013-07-09,4.90018892288208,7.849999904632568,0.0,8.100000381469727,7.699999809265137,7.849999904632568,0.0,206926300
2013-07-10,4.77534294128418,7.650000095367432,0.0,7.949999809265137,7.599999904632568,7.849999904632568,0.0,85970500
2013-07-11,4.962611198425293,7.949999809265137,0.0,7.949999809265137,7.75,7.75,0.0,47805900
2013-07-12,5.0250349044799805,8.050000190734863,0.0,8.100000381469727,7.900000095367432,7.949999809265137,0.0,69659400
2013-07-15,4.9938225746154785,8.0,0.0,8.149999618530273,7.900000095367432,8.050000190734863,0.0,58138800
2013-07-16,4.9938225746154785,8.0,0.0,8.050000190734863,7.900000095367432,8.0,0.0,17988300
2013-07-17,5.18109130859375,8.300000190734863,0.0,8.449999809265137,8.0,8.050000190734863,0.0,152021700
2013-07-18,5.274725437164307,8.449999809265137,0.0,8.5,8.300000190734863,8.399999618530273,0.0,70795300
2013-07-19,5.337149620056152,8.550000190734863,0.0,8.550000190734863,8.399999618530273,8.399999618530273,0.0,65916300
2013-07-23,5.368360996246338,8.600000381469727,0.0,8.649999618530273,8.5,8.600000381469727,0.0,51354800
2013-07-24,5.274725437164307,8.449999809265137,0.0,8.600000381469727,8.350000381469727,8.600000381469727,0.0,43215400
2013-07-25,5.118668556213379,8.199999809265137,0.0,8.399999618530273,8.199999809265137,8.399999618530273,0.0,53210500
2013-07-26,5.274725437164307,8.449999809265137,0.0,8.449999809265137,8.149999618530273,8.25,0.0,41591400
2013-07-29,5.118668556213379,8.199999809265137,0.0,8.350000381469727,8.199999809265137,8.350000381469727,0.0,25713000
2013-07-30,5.0250349044799805,8.050000190734863,0.0,8.25,8.050000190734863,8.199999809265137,0.0,57770400
2013-07-31,4.962611198425293,7.949999809265137,0.0,8.050000190734863,7.849999904632568,8.0,0.0,61173800
2013-08-01,5.087457180023193,8.149999618530273,0.0,8.199999809265137,7.949999809265137,8.050000190734863,0.0,39765900
2013-08-02,4.9938225746154785,8.0,0.0,8.199999809265137,7.949999809265137,8.149999618530273,0.0,52994000
2013-08-05,4.9938225746154785,8.0,0.0,8.050000190734863,7.900000095367432,8.0,0.0,16734400
2013-08-06,5.0250349044799805,8.050000190734863,0.0,8.149999618530273,7.900000095367432,7.900000095367432,0.0,35352600
2013-08-07,5.18109130859375,8.300000190734863,0.0,8.300000190734863,8.050000190734863,8.100000381469727,0.0,59515600
2013-08-08,5.2435150146484375,8.399999618530273,0.0,8.449999809265137,8.25,8.300000190734863,0.0,76243800
2013-08-09,5.368360996246338,8.600000381469727,0.0,8.649999618530273,8.399999618530273,8.399999618530273,0.0,216926000
2013-08-13,5.368360996246338,8.600000381469727,0.0,8.699999809265137,8.449999809265137,8.5,0.0,108649000
2013-08-14,5.368360996246338,8.600000381469727,0.0,8.699999809265137,8.550000190734863,8.600000381469727,0.0,77585500
2013-08-15,5.305937767028809,8.5,0.0,8.649999618530273,8.449999809265137,8.550000190734863,0.0,82016900
2013-08-16,5.274725437164307,8.449999809265137,0.0,8.600000381469727,8.399999618530273,8.449999809265137,0.0,123428000
2013-08-19,5.18109130859375,8.300000190734863,0.0,8.449999809265137,8.300000190734863,8.449999809265137,0.0,60260600
2013-08-20,5.18109130859375,8.300000190734863,0.0,8.300000190734863,8.100000381469727,8.199999809265137,0.0,72071500
2013-08-21,5.212301731109619,8.350000381469727,0.0,8.5,8.25,8.300000190734863,0.0,79697300
2013-08-22,5.173977375030518,8.100000381469727,0.19,8.149999618530273,8.0,8.050000190734863,0.0,88194900
2013-08-23,5.110100269317627,8.0,0.0,8.25,7.949999809265137,8.149999618530273,0.0,63887700
2013-08-26,5.046224117279053,7.900000095367432,0.0,8.149999618530273,7.849999904632568,8.100000381469727,0.0,55403800
2013-08-27,4.758781433105469,7.449999809265137,0.0,8.0,7.400000095367432,7.900000095367432,0.0,123515000
2013-08-28,4.726844310760498,7.400000095367432,0.0,7.650000095367432,7.300000190734863,7.349999904632568,0.0,121194700
2013-08-29,4.790720462799072,7.5,0.0,7.599999904632568,7.449999809265137,7.550000190734863,0.0,34032200
2013-08-30,4.886534214019775,7.650000095367432,0.0,7.75,7.550000190734863,7.550000190734863,0.0,34152000
2013-09-02,5.173977375030518,8.100000381469727,0.0,8.100000381469727,7.699999809265137,7.75,0.0,72683700
2013-09-03,5.046224117279053,7.900000095367432,0.0,8.149999618530273,7.900000095367432,8.050000190734863,0.0,48663800
2013-09-04,5.046224117279053,7.900000095367432,0.0,8.050000190734863,7.900000095367432,7.900000095367432,0.0,24962900
2013-09-05,5.014286994934082,7.849999904632568,0.0,8.0,7.800000190734863,7.949999809265137,0.0,35423400
2013-09-06,5.078163146972656,7.949999809265137,0.0,8.050000190734863,7.849999904632568,7.900000095367432,0.0,37361400
2013-09-09,5.173977375030518,8.100000381469727,0.0,8.100000381469727,7.949999809265137,8.0,0.0,43714700
2013-09-10,5.110100269317627,8.0,0.0,8.199999809265137,7.949999809265137,8.100000381469727,0.0,79973200
2013-09-11,5.173977375030518,8.100000381469727,0.0,8.100000381469727,8.0,8.050000190734863,0.0,27597500
2013-09-12,5.142039775848389,8.050000190734863,0.0,8.199999809265137,8.050000190734863,8.149999618530273,0.0,34812000
2013-09-13,5.173977375030518,8.100000381469727,0.0,8.199999809265137,8.0,8.100000381469727,0.0,53834800
2013-09-16,5.525296688079834,8.649999618530273,0.0,8.649999618530273,8.25,8.25,0.0,206561500
2013-09-17,5.429482460021973,8.5,0.0,8.649999618530273,8.5,8.600000381469727,0.0,54220900
2013-09-18,5.58917236328125,8.75,0.0,8.850000381469727,8.600000381469727,8.649999618530273,0.0,125334400
2013-09-19,5.653049468994141,8.850000381469727,0.0,9.0,8.800000190734863,9.0,0.0,143232100
2013-09-20,5.684987545013428,8.899999618530273,0.0,8.899999618530273,8.75,8.850000381469727,0.0,44212000
2013-09-23,5.557235240936279,8.699999809265137,0.0,8.899999618530273,8.699999809265137,8.850000381469727,0.0,63221400
2013-09-24,5.557235240936279,8.699999809265137,0.0,8.800000190734863,8.649999618530273,8.649999618530273,0.0,41974300
2013-09-25,5.653049468994141,8.850000381469727,0.0,8.899999618530273,8.699999809265137,8.75,0.0,29170800
2013-09-26,5.684987545013428,8.899999618530273,0.0,8.949999809265137,8.75,8.800000190734863,0.0,39786700
2013-09-27,5.621111869812012,8.800000190734863,0.0,9.050000190734863,8.800000190734863,8.899999618530273,0.0,84046300
2013-09-30,5.58917236328125,8.75,0.0,8.75,8.5,8.699999809265137,0.0,59327400
2013-10-01,5.621111869812012,8.800000190734863,0.0,8.850000381469727,8.600000381469727,8.75,0.0,43384700
2013-10-02,5.621111869812012,8.800000190734863,0.0,8.850000381469727,8.75,8.800000190734863,0.0,29356800
2013-10-03,5.653049468994141,8.850000381469727,0.0,8.899999618530273,8.800000190734863,8.850000381469727,0.0,53210500
2013-10-04,5.716925621032715,8.949999809265137,0.0,9.0,8.800000190734863,8.850000381469727,0.0,50132600
2013-10-07,5.557235240936279,8.699999809265137,0.0,8.949999809265137,8.699999809265137,8.949999809265137,0.0,65087500
2013-10-08,5.621111869812012,8.800000190734863,0.0,8.850000381469727,8.75,8.75,0.0,33065100
2013-10-09,5.653049468994141,8.850000381469727,0.0,8.949999809265137,8.800000190734863,8.850000381469727,0.0,64380600
2013-10-10,5.716925621032715,8.949999809265137,0.0,8.949999809265137,8.850000381469727,8.899999618530273,0.0,46295600
2013-10-11,5.812739849090576,9.100000381469727,0.0,9.149999618530273,8.949999809265137,9.0,0.0,156720800
2013-10-14,5.87661600112915,9.199999809265137,0.0,9.25,9.050000190734863,9.050000190734863,0.0,98632800
2013-10-15,5.8446784019470215,9.149999618530273,0.0,9.300000190734863,9.149999618530273,9.199999809265137,0.0,141477100
2013-10-16,5.621111869812012,8.800000190734863,0.0,8.949999809265137,8.800000190734863,8.899999618530273,0.0,135645400
2013-10-17,5.653049468994141,8.850000381469727,0.0,8.949999809265137,8.800000190734863,8.899999618530273,0.0,51001800
2013-10-18,5.684987545013428,8.899999618530273,0.0,8.949999809265137,8.850000381469727,8.899999618530273,0.0,56199100
2013-10-21,5.58917236328125,8.75,0.0,8.899999618530273,8.75,8.899999618530273,0.0,46708800
2013-10-22,5.58917236328125,8.75,0.0,8.850000381469727,8.600000381469727,8.75,0.0,28937100
2013-10-24,5.621111869812012,8.800000190734863,0.0,8.800000190734863,8.649999618530273,8.649999618530273,0.0,23942500
2013-10-25,5.684987545013428,8.899999618530273,0.0,8.949999809265137,8.800000190734863,8.850000381469727,0.0,46866600
2013-10-28,5.653049468994141,8.850000381469727,0.0,9.0,8.850000381469727,8.949999809265137,0.0,43857900
2013-10-29,5.716925621032715,8.949999809265137,0.0,8.949999809265137,8.850000381469727,8.899999618530273,0.0,37470200
2013-10-30,5.621111869812012,8.800000190734863,0.0,8.949999809265137,8.75,8.949999809265137,0.0,52865300
2013-10-31,5.621111869812012,8.800000190734863,0.0,8.800000190734863,8.699999809265137,8.699999809265137,0.0,39591800
2013-11-01,5.621111869812012,8.800000190734863,0.0,8.850000381469727,8.699999809265137,8.75,0.0,33111400
2013-11-04,5.429482460021973,8.5,0.0,8.75,8.5,8.75,0.0,94418500
2013-11-05,5.684987545013428,8.899999618530273,0.0,8.949999809265137,8.600000381469727,8.600000381469727,0.0,73336500
2013-11-06,5.812739849090576,9.100000381469727,0.0,9.149999618530273,8.800000190734863,8.899999618530273,0.0,100236100
2013-11-07,5.716925621032715,8.949999809265137,0.0,9.100000381469727,8.899999618530273,9.050000190734863,0.0,60693700
2013-11-08,5.812739849090576,9.100000381469727,0.0,9.149999618530273,9.0,9.100000381469727,0.0,174978900
2013-11-11,5.8446784019470215,9.149999618530273,0.0,9.199999809265137,8.949999809265137,9.050000190734863,0.0,74748400
2013-11-12,5.8446784019470215,9.149999618530273,0.0,9.300000190734863,9.149999618530273,9.199999809265137,0.0,74606600
2013-11-13,5.908554553985596,9.25,0.0,9.25,9.100000381469727,9.100000381469727,0.0,29391900
2013-11-14,5.87661600112915,9.199999809265137,0.0,9.25,9.100000381469727,9.25,0.0,76425800
2013-11-15,5.908554553985596,9.25,0.0,9.25,9.100000381469727,9.25,0.0,41442200
2013-11-18,5.908554553985596,9.25,0.0,9.300000190734863,9.149999618530273,9.300000190734863,0.0,68122500
2013-11-19,5.972430229187012,9.350000381469727,0.0,9.399999618530273,9.25,9.25,0.0,100260500
2013-11-20,5.972430229187012,9.350000381469727,0.0,9.5,9.300000190734863,9.350000381469727,0.0,128338500
2013-11-21,5.748864650726318,9.0,0.0,9.350000381469727,8.899999618530273,9.300000190734863,0.0,141715100
2013-11-22,5.8446784019470215,9.149999618530273,0.0,9.199999809265137,9.0,9.100000381469727,0.0,146408300
2013-11-25,5.8446784019470215,9.149999618530273,0.0,9.199999809265137,9.0,9.050000190734863,0.0,79047500
2013-11-26,5.621111869812012,8.800000190734863,0.0,9.149999618530273,8.800000190734863,9.100000381469727,0.0,494779600
2013-11-27,5.812739849090576,9.100000381469727,0.0,9.100000381469727,8.800000190734863,8.850000381469727,0.0,128654200
2013-11-28,5.7808027267456055,9.050000190734863,0.0,9.149999618530273,8.949999809265137,9.149999618530273,0.0,65833200
2013-11-29,5.972430229187012,9.350000381469727,0.0,9.350000381469727,9.050000190734863,9.050000190734863,0.0,98167000
2013-12-02,5.972430229187012,9.350000381469727,0.0,9.449999809265137,9.149999618530273,9.149999618530273,0.0,99641200
2013-12-03,5.908554553985596,9.25,0.0,9.449999809265137,9.149999618530273,9.449999809265137,0.0,83493600
2013-12-04,5.812739849090576,9.100000381469727,0.0,9.300000190734863,9.100000381469727,9.199999809265137,0.0,46932500
2013-12-06,5.748864650726318,9.0,0.0,9.149999618530273,8.899999618530273,9.100000381469727,0.0,120245200
2013-12-09,5.716925621032715,8.949999809265137,0.0,9.100000381469727,8.899999618530273,9.0,0.0,37861800
2013-12-11,5.748864650726318,9.0,0.0,9.0,8.899999618530273,9.0,0.0,27137500
2013-12-12,5.653049468994141,8.850000381469727,0.0,9.100000381469727,8.850000381469727,8.949999809265137,0.0,62846100
2013-12-13,5.653049468994141,8.850000381469727,0.0,8.949999809265137,8.800000190734863,8.899999618530273,0.0,38523200
2013-12-16,5.684987545013428,8.899999618530273,0.0,8.899999618530273,8.75,8.800000190734863,0.0,34898000
2013-12-17,5.621111869812012,8.800000190734863,0.0,8.949999809265137,8.800000190734863,8.949999809265137,0.0,31048500
2013-12-18,5.716925621032715,8.949999809265137,0.0,8.949999809265137,8.800000190734863,8.899999618530273,0.0,35078800
2013-12-19,5.684987545013428,8.899999618530273,0.0,9.0,8.850000381469727,8.949999809265137,0.0,34666300
2013-12-20,5.653049468994141,8.850000381469727,0.0,8.899999618530273,8.800000190734863,8.899999618530273,0.0,20890100
2013-12-23,5.557235240936279,8.699999809265137,0.0,8.899999618530273,8.600000381469727,8.850000381469727,0.0,52439200
2013-12-24,5.525296688079834,8.649999618530273,0.0,8.75,8.600000381469727,8.649999618530273,0.0,24561000
2013-12-25,5.621111869812012,8.800000190734863,0.0,8.850000381469727,8.649999618530273,8.699999809265137,0.0,19277600
2013-12-26,5.525296688079834,8.649999618530273,0.0,8.800000190734863,8.649999618530273,8.800000190734863,0.0,21187200
2013-12-27,5.557235240936279,8.699999809265137,0.0,8.699999809265137,8.600000381469727,8.699999809265137,0.0,44544300
2014-01-02,5.23785400390625,8.199999809265137,0.0,8.649999618530273,8.199999809265137,8.600000381469727,0.0,42998900
2014-01-03,5.078163146972656,7.949999809265137,0.0,8.100000381469727,7.849999904632568,8.0,0.0,78845000
2014-01-06,5.046224117279053,7.900000095367432,0.0,7.900000095367432,7.650000095367432,7.900000095367432,0.0,70481900
2014-01-07,5.205914497375488,8.149999618530273,0.0,8.149999618530273,7.949999809265137,7.949999809265137,0.0,49657500
2014-01-08,5.142039775848389,8.050000190734863,0.0,8.25,7.949999809265137,8.149999618530273,0.0,53790800
2014-01-09,5.173977375030518,8.100000381469727,0.0,8.300000190734863,8.050000190734863,8.100000381469727,0.0,56777100
2014-01-10,5.23785400390625,8.199999809265137,0.0,8.25,7.949999809265137,8.050000190734863,0.0,52330300
2014-01-13,5.333666801452637,8.350000381469727,0.0,8.399999618530273,8.149999618530273,8.199999809265137,0.0,89473000
2014-01-14,5.36560583114624,8.399999618530273,0.0,8.5,8.300000190734863,8.350000381469727,0.0,95137300
2014-01-15,5.333666801452637,8.350000381469727,0.0,8.5,8.300000190734863,8.449999809265137,0.0,42331100
2014-01-16,5.397544860839844,8.449999809265137,0.0,8.5,8.350000381469727,8.350000381469727,0.0,37597100
2014-01-17,5.333666801452637,8.350000381469727,0.0,8.5,8.300000190734863,8.5,0.0,48287400
2014-01-20,5.333666801452637,8.350000381469727,0.0,8.449999809265137,8.300000190734863,8.350000381469727,0.0,31747900
2014-01-21,5.429482460021973,8.5,0.0,8.600000381469727,8.399999618530273,8.399999618530273,0.0,57271800
2014-01-22,5.397544860839844,8.449999809265137,0.0,8.5,8.350000381469727,8.399999618530273,0.0,39610500
2014-01-23,5.4629693031311035,8.350000381469727,0.2,8.399999618530273,8.149999618530273,8.300000190734863,0.0,67428600
2014-01-24,5.4629693031311035,8.350000381469727,0.0,8.350000381469727,8.25,8.350000381469727,0.0,42585400
2014-01-27,5.364832878112793,8.199999809265137,0.0,8.300000190734863,8.199999809265137,8.25,0.0,29023400
2014-01-28,5.3975443840026855,8.25,0.0,8.25,8.149999618530273,8.199999809265137,0.0,25580000
2014-01-29,5.2994065284729,8.100000381469727,0.0,8.199999809265137,8.100000381469727,8.149999618530273,0.0,32848600
2014-01-30,5.26669454574585,8.050000190734863,0.0,8.100000381469727,8.0,8.050000190734863,0.0,46913400
2014-01-31,5.26669454574585,8.050000190734863,0.0,8.149999618530273,8.0,8.100000381469727,0.0,36557300
2014-02-03,5.364832878112793,8.199999809265137,0.0,8.25,8.050000190734863,8.050000190734863,0.0,27384900
2014-02-04,5.332119464874268,8.149999618530273,0.0,8.199999809265137,8.050000190734863,8.100000381469727,0.0,43940200
2014-02-05,5.364832878112793,8.199999809265137,0.0,8.25,8.100000381469727,8.149999618530273,0.0,26030200
2014-02-06,5.430257797241211,8.300000190734863,0.0,8.399999618530273,8.199999809265137,8.25,0.0,60865500
2014-02-07,5.4956817626953125,8.399999618530273,0.0,8.449999809265137,8.25,8.300000190734863,0.0,70616800
2014-02-10,5.4629693031311035,8.350000381469727,0.0,8.449999809265137,8.25,8.449999809265137,0.0,45836400
2014-02-11,5.3975443840026855,8.25,0.0,8.399999618530273,8.25,8.350000381469727,0.0,31596700
2014-02-12,5.430257797241211,8.300000190734863,0.0,8.350000381469727,8.25,8.300000190734863,0.0,36394800
2014-02-13,5.4629693031311035,8.350000381469727,0.0,8.449999809265137,8.300000190734863,8.350000381469727,0.0,42877900
2014-02-17,5.4956817626953125,8.399999618530273,0.0,8.449999809265137,8.350000381469727,8.399999618530273,0.0,51046400
2014-02-18,5.4956817626953125,8.399999618530273,0.0,8.449999809265137,8.25,8.399999618530273,0.0,53290700
2014-02-19,5.3975443840026855,8.25,0.0,8.449999809265137,8.25,8.399999618530273,0.0,76927500
2014-02-20,5.3975443840026855,8.25,0.0,8.300000190734863,8.149999618530273,8.25,0.0,42271100
2014-02-21,5.364832878112793,8.199999809265137,0.0,8.25,8.149999618530273,8.199999809265137,0.0,27501000
2014-02-24,5.2994065284729,8.100000381469727,0.0,8.199999809265137,8.100000381469727,8.149999618530273,0.0,18841900
2014-02-25,5.364832878112793,8.199999809265137,0.0,8.25,8.100000381469727,8.100000381469727,0.0,32809800
2014-02-26,5.3975443840026855,8.25,0.0,8.300000190734863,8.199999809265137,8.25,0.0,33179800
2014-02-27,5.3975443840026855,8.25,0.0,8.399999618530273,8.25,8.25,0.0,58163500
2014-02-28,5.4629693031311035,8.350000381469727,0.0,8.350000381469727,8.149999618530273,8.300000190734863,0.0,86440400
2014-03-03,5.3975443840026855,8.25,0.0,8.399999618530273,8.199999809265137,8.399999618530273,0.0,86152200
2014-03-04,5.3975443840026855,8.25,0.0,8.350000381469727,8.25,8.300000190734863,0.0,60500400
2014-03-05,5.3975443840026855,8.25,0.0,8.350000381469727,8.199999809265137,8.300000190734863,0.0,81279200
2014-03-06,5.4956817626953125,8.399999618530273,0.0,8.449999809265137,8.25,8.300000190734863,0.0,131616800
2014-03-07,5.528395175933838,8.449999809265137,0.0,8.550000190734863,8.399999618530273,8.449999809265137,0.0,82806100
2014-03-10,5.593819618225098,8.550000190734863,0.0,8.550000190734863,8.399999618530273,8.5,0.0,91236300
2014-03-11,5.659242630004883,8.649999618530273,0.0,8.75,8.600000381469727,8.600000381469727,0.0,129984600
2014-03-12,5.62653112411499,8.600000381469727,0.0,8.75,8.600000381469727,8.649999618530273,0.0,80655600
2014-03-13,5.659242630004883,8.649999618530273,0.0,8.699999809265137,8.600000381469727,8.649999618530273,0.0,50944300
2014-03-14,5.62653112411499,8.600000381469727,0.0,8.649999618530273,8.5,8.600000381469727,0.0,68827800
2014-03-17,5.659242630004883,8.649999618530273,0.0,8.649999618530273,8.449999809265137,8.600000381469727,0.0,60619300
2014-03-18,5.659242630004883,8.649999618530273,0.0,8.699999809265137,8.600000381469727,8.649999618530273,0.0,43193800
2014-03-19,5.593819618225098,8.550000190734863,0.0,8.699999809265137,8.5,8.649999618530273,0.0,56604200
2014-03-20,5.5611066818237305,8.5,0.0,8.550000190734863,8.449999809265137,8.5,0.0,43881300
2014-03-21,5.5611066818237305,8.5,0.0,8.600000381469727,8.449999809265137,8.5,0.0,139911300
2014-03-24,5.4956817626953125,8.399999618530273,0.0,8.5,8.350000381469727,8.5,0.0,46742000
2014-03-25,5.528395175933838,8.449999809265137,0.0,8.5,8.399999618530273,8.449999809265137,0.0,9688000
2014-03-26,5.4956817626953125,8.399999618530273,0.0,8.5,8.399999618530273,8.5,0.0,11696700
2014-03-27,5.4956817626953125,8.399999618530273,0.0,8.449999809265137,8.399999618530273,8.449999809265137,0.0,14569400
2014-03-28,5.4956817626953125,8.399999618530273,0.0,8.5,8.300000190734863,8.449999809265137,0.0,51067300
2014-03-31,5.4956817626953125,8.399999618530273,0.0,8.449999809265137,8.350000381469727,8.399999618530273,0.0,19460600
2014-04-01,5.593819618225098,8.550000190734863,0.0,8.550000190734863,8.399999618530273,8.399999618530273,0.0,29100900
2014-04-02,5.528395175933838,8.449999809265137,0.0,8.550000190734863,8.449999809265137,8.550000190734863,0.0,27218400
2014-04-03,5.4956817626953125,8.399999618530273,0.0,8.5,8.399999618530273,8.449999809265137,0.0,24150800
2014-04-04,5.528395175933838,8.449999809265137,0.0,8.5,8.399999618530273,8.399999618530273,0.0,25950400
2014-04-08,5.4956817626953125,8.399999618530273,0.0,8.5,8.399999618530273,8.449999809265137,0.0,17120200
2014-04-09,5.4956817626953125,8.399999618530273,0.0,8.5,8.350000381469727,8.449999809265137,0.0,22977800
2014-04-10,5.62653112411499,8.600000381469727,0.0,8.600000381469727,8.5,8.5,0.0,66150400
2014-04-11,5.62653112411499,8.600000381469727,0.0,8.649999618530273,8.5,8.550000190734863,0.0,45802200
2014-04-16,5.62653112411499,8.600000381469727,0.0,8.699999809265137,8.550000190734863,8.649999618530273,0.0,37598000
2014-04-17,5.528395175933838,8.449999809265137,0.0,8.649999618530273,8.449999809265137,8.600000381469727,0.0,46164400
2014-04-18,5.528395175933838,8.449999809265137,0.0,8.550000190734863,8.449999809265137,8.5,0.0,29286600
2014-04-21,5.4956817626953125,8.399999618530273,0.0,8.5,8.399999618530273,8.5,0.0,36931200
2014-04-22,5.4956817626953125,8.399999618530273,0.0,8.5,8.350000381469727,8.449999809265137,0.0,56145700
2014-04-23,5.528395175933838,8.449999809265137,0.0,8.5,8.399999618530273,8.449999809265137,0.0,34572700
2014-04-24,5.4956817626953125,8.399999618530273,0.0,8.5,8.399999618530273,8.449999809265137,0.0,30575800
2014-04-25,5.4629693031311035,8.350000381469727,0.0,8.449999809265137,8.350000381469727,8.449999809265137,0.0,21791000
2014-04-28,5.430257797241211,8.300000190734863,0.0,8.449999809265137,8.300000190734863,8.350000381469727,0.0,47883800
2014-04-29,5.4956817626953125,8.399999618530273,0.0,8.399999618530273,8.300000190734863,8.300000190734863,0.0,8442600
2014-04-30,5.4629693031311035,8.350000381469727,0.0,8.399999618530273,8.300000190734863,8.399999618530273,0.0,29063300
2014-05-02,5.430257797241211,8.300000190734863,0.0,8.399999618530273,8.300000190734863,8.399999618530273,0.0,28516900
2014-05-06,5.430257797241211,8.300000190734863,0.0,8.399999618530273,8.25,8.350000381469727,0.0,29902200
2014-05-07,5.430257797241211,8.300000190734863,0.0,8.300000190734863,8.199999809265137,8.25,0.0,41068600
2014-05-08,5.332119464874268,8.149999618530273,0.0,8.300000190734863,8.100000381469727,8.25,0.0,54027300
2014-05-09,5.26669454574585,8.050000190734863,0.0,8.199999809265137,8.050000190734863,8.100000381469727,0.0,64696700
2014-05-12,5.26669454574585,8.050000190734863,0.0,8.149999618530273,8.050000190734863,8.100000381469727,0.0,42599500
2014-05-14,5.2994065284729,8.100000381469727,0.0,8.149999618530273,8.050000190734863,8.100000381469727,0.0,61175600
2014-05-15,5.2994065284729,8.100000381469727,0.0,8.100000381469727,8.0,8.100000381469727,0.0,35035800
2014-05-16,5.26669454574585,8.050000190734863,0.0,8.149999618530273,8.050000190734863,8.100000381469727,0.0,79128700
2014-05-19,5.2994065284729,8.100000381469727,0.0,8.149999618530273,8.050000190734863,8.100000381469727,0.0,39878600
2014-05-20,5.2994065284729,8.100000381469727,0.0,8.100000381469727,8.0,8.0,0.0,47030000
2014-05-21,5.26669454574585,8.050000190734863,0.0,8.149999618530273,8.050000190734863,8.100000381469727,0.0,44842700
2014-05-22,5.26669454574585,8.050000190734863,0.0,8.149999618530273,8.0,8.100000381469727,0.0,74940500
2014-05-23,5.26669454574585,8.050000190734863,0.0,8.050000190734863,7.949999809265137,8.0,0.0,96745800
2014-05-26,5.332119464874268,8.149999618530273,0.0,8.25,8.100000381469727,8.149999618530273,0.0,130917900
2014-05-27,5.3975443840026855,8.25,0.0,8.350000381469727,8.199999809265137,8.199999809265137,0.0,83706000
2014-05-28,5.4629693031311035,8.350000381469727,0.0,8.399999618530273,8.300000190734863,8.300000190734863,0.0,69687800
2014-05-29,5.430257797241211,8.300000190734863,0.0,8.399999618530273,8.25,8.350000381469727,0.0,63065900
2014-05-30,5.528395175933838,8.449999809265137,0.0,8.449999809265137,8.300000190734863,8.300000190734863,0.0,89809800
2014-06-02,5.5611066818237305,8.5,0.0,8.550000190734863,8.449999809265137,8.5,0.0,50614300
2014-06-03,5.659242630004883,8.649999618530273,0.0,8.649999618530273,8.550000190734863,8.600000381469727,0.0,88670200
2014-06-04,5.691956043243408,8.699999809265137,0.0,8.699999809265137,8.600000381469727,8.699999809265137,0.0,127894100
2014-06-05,5.732182025909424,8.550000190734863,0.21,8.600000381469727,8.449999809265137,8.5,0.0,69823100
2014-06-06,5.732182025909424,8.550000190734863,0.0,8.600000381469727,8.5,8.600000381469727,0.0,53348100
2014-06-09,5.698659420013428,8.5,0.0,8.600000381469727,8.5,8.600000381469727,0.0,26877900
2014-06-10,5.765703201293945,8.600000381469727,0.0,8.600000381469727,8.5,8.550000190734863,0.0,31496900
2014-06-11,5.765703201293945,8.600000381469727,0.0,8.649999618530273,8.550000190734863,8.600000381469727,0.0,38431300
2014-06-12,5.698659420013428,8.5,0.0,8.600000381469727,8.5,8.600000381469727,0.0,36192800
2014-06-13,5.6651387214660645,8.449999809265137,0.0,8.550000190734863,8.399999618530273,8.5,0.0,34754900
2014-06-16,5.698659420013428,8.5,0.0,8.550000190734863,8.449999809265137,8.5,0.0,24727800
2014-06-17,5.765703201293945,8.600000381469727,0.0,8.600000381469727,8.5,8.550000190734863,0.0,38770400
2014-06-18,5.765703201293945,8.600000381469727,0.0,8.649999618530273,8.550000190734863,8.600000381469727,0.0,43402000
2014-06-19,6.000353813171387,8.949999809265137,0.0,8.949999809265137,8.550000190734863,8.600000381469727,0.0,196100700
2014-06-20,5.933310508728027,8.850000381469727,0.0,9.0,8.75,8.949999809265137,0.0,92072900
2014-06-23,5.966832637786865,8.899999618530273,0.0,8.949999809265137,8.850000381469727,8.899999618530273,0.0,80338200
2014-06-24,5.899788856506348,8.800000190734863,0.0,8.949999809265137,8.699999809265137,8.899999618530273,0.0,67652500
2014-06-25,5.866267681121826,8.75,0.0,8.949999809265137,8.649999618530273,8.800000190734863,0.0,61362300
2014-06-26,5.899788856506348,8.800000190734863,0.0,8.850000381469727,8.75,8.75,0.0,23337000
2014-06-27,5.866267681121826,8.75,0.0,8.850000381469727,8.699999809265137,8.800000190734863,0.0,32822400
2014-06-30,5.799223899841309,8.649999618530273,0.0,8.800000190734863,8.649999618530273,8.75,0.0,27339200
2014-07-02,5.8327460289001465,8.699999809265137,0.0,8.75,8.649999618530273,8.649999618530273,0.0,23881700
2014-07-03,5.866267681121826,8.75,0.0,8.800000190734863,8.699999809265137,8.75,0.0,15589900
2014-07-04,5.8327460289001465,8.699999809265137,0.0,8.800000190734863,8.699999809265137,8.75,0.0,22474300
2014-07-07,5.933310508728027,8.850000381469727,0.0,8.850000381469727,8.699999809265137,8.75,0.0,43837400
2014-07-08,5.899788856506348,8.800000190734863,0.0,8.850000381469727,8.800000190734863,8.850000381469727,0.0,18220700
2014-07-09,5.899788856506348,8.800000190734863,0.0,8.850000381469727,8.75,8.800000190734863,0.0,16560900
2014-07-10,5.8327460289001465,8.699999809265137,0.0,8.850000381469727,8.699999809265137,8.800000190734863,0.0,29463100
2014-07-14,5.8327460289001465,8.699999809265137,0.0,8.800000190734863,8.699999809265137,8.75,0.0,32298300
2014-07-15,5.866267681121826,8.75,0.0,8.800000190734863,8.649999618530273,8.75,0.0,31634400
2014-07-16,5.8327460289001465,8.699999809265137,0.0,8.850000381469727,8.699999809265137,8.800000190734863,0.0,43480200
2014-07-17,5.866267681121826,8.75,0.0,8.75,8.649999618530273,8.699999809265137,0.0,40906100
2014-07-18,5.866267681121826,8.75,0.0,8.800000190734863,8.699999809265137,8.699999809265137,0.0,25361000
2014-07-21,5.866267681121826,8.75,0.0,8.800000190734863,8.699999809265137,8.75,0.0,24249300
2014-07-22,5.799223899841309,8.649999618530273,0.0,8.800000190734863,8.649999618530273,8.800000190734863,0.0,37276900
2014-07-23,5.8327460289001465,8.699999809265137,0.0,8.75,8.649999618530273,8.699999809265137,0.0,29218600
2014-07-24,5.8327460289001465,8.699999809265137,0.0,8.75,8.649999618530273,8.699999809265137,0.0,16081700
2014-07-25,5.8327460289001465,8.699999809265137,0.0,8.75,8.649999618530273,8.699999809265137,0.0,24858200
2014-07-28,5.866267681121826,8.75,0.0,8.75,8.649999618530273,8.699999809265137,0.0,28410900
2014-07-29,5.799223899841309,8.649999618530273,0.0,8.75,8.649999618530273,8.75,0.0,31875500
2014-07-30,5.765703201293945,8.600000381469727,0.0,8.699999809265137,8.600000381469727,8.699999809265137,0.0,46453400
2014-07-31,5.732182025909424,8.550000190734863,0.0,8.649999618530273,8.550000190734863,8.600000381469727,0.0,34236700
2014-08-01,5.765703201293945,8.600000381469727,0.0,8.699999809265137,8.5,8.5,0.0,45427800
2014-08-04,5.966832637786865,8.899999618530273,0.0,8.949999809265137,8.649999618530273,8.699999809265137,0.0,147656400
2014-08-05,5.933310508728027,8.850000381469727,0.0,8.949999809265137,8.800000190734863,8.899999618530273,0.0,47117200
2014-08-06,6.033874988555908,9.0,0.0,9.149999618530273,8.850000381469727,8.899999618530273,0.0,240614900
2014-08-07,6.201482772827148,9.25,0.0,9.25,8.949999809265137,9.100000381469727,0.0,116168800
2014-08-08,6.167961120605469,9.199999809265137,0.0,9.300000190734863,9.100000381469727,9.149999618530273,0.0,114257100
2014-08-13,6.369091033935547,9.5,0.0,9.5,9.25,9.300000190734863,0.0,167283600
2014-08-14,6.402613162994385,9.550000190734863,0.0,9.699999809265137,9.350000381469727,9.600000381469727,0.0,125551100
2014-08-15,6.536699295043945,9.75,0.0,9.850000381469727,9.5,9.550000190734863,0.0,6929800
2014-08-18,6.402613162994385,9.550000190734863,0.0,9.800000190734863,9.550000190734863,9.75,0.0,67036900
2014-08-19,6.469654083251953,9.649999618530273,0.0,9.699999809265137,9.600000381469727,9.600000381469727,0.0,55552800
2014-08-20,6.402613162994385,9.550000190734863,0.0,9.75,9.5,9.699999809265137,0.0,71251900
2014-08-21,6.402613162994385,9.550000190734863,0.0,9.600000381469727,9.5,9.600000381469727,0.0,45992400
2014-08-22,6.369091033935547,9.5,0.0,9.600000381469727,9.350000381469727,9.600000381469727,0.0,98355400
2014-08-25,6.536699295043945,9.75,0.0,9.75,9.600000381469727,9.600000381469727,0.0,51435700
2014-08-26,6.4361348152160645,9.600000381469727,0.0,9.75,9.600000381469727,9.75,0.0,61149900
2014-08-27,6.536699295043945,9.75,0.0,9.850000381469727,9.600000381469727,9.600000381469727,0.0,52531300
2014-08-28,6.536699295043945,9.75,0.0,9.75,9.649999618530273,9.699999809265137,0.0,28051700
2014-08-29,6.469654083251953,9.649999618530273,0.0,9.800000190734863,9.600000381469727,9.699999809265137,0.0,69604700
2014-09-01,6.469654083251953,9.649999618530273,0.0,9.75,9.649999618530273,9.649999618530273,0.0,23477900
2014-09-02,6.469654083251953,9.649999618530273,0.0,9.75,9.600000381469727,9.649999618530273,0.0,18278000
2014-09-03,6.503176212310791,9.699999809265137,0.0,9.75,9.649999618530273,9.699999809265137,0.0,41046700
2014-09-04,6.4361348152160645,9.600000381469727,0.0,9.75,9.550000190734863,9.75,0.0,50463900
2014-09-05,6.4361348152160645,9.600000381469727,0.0,9.649999618530273,9.550000190734863,9.649999618530273,0.0,40674400
2014-09-08,6.4361348152160645,9.600000381469727,0.0,9.699999809265137,9.550000190734863,9.600000381469727,0.0,22324100
2014-09-09,6.402613162994385,9.550000190734863,0.0,9.600000381469727,9.5,9.600000381469727,0.0,45116500
2014-09-10,6.302046775817871,9.399999618530273,0.0,9.550000190734863,9.399999618530273,9.5,0.0,73149700
2014-09-11,6.26852560043335,9.350000381469727,0.0,9.449999809265137,9.350000381469727,9.449999809265137,0.0,46676900
2014-09-12,6.402613162994385,9.550000190734863,0.0,9.550000190734863,9.300000190734863,9.399999618530273,0.0,31487200
2014-09-15,6.335569381713867,9.449999809265137,0.0,9.550000190734863,9.399999618530273,9.5,0.0,17898000
2014-09-16,6.335569381713867,9.449999809265137,0.0,9.550000190734863,9.399999618530273,9.449999809265137,0.0,32255300
2014-09-17,6.469654083251953,9.649999618530273,0.0,9.649999618530273,9.449999809265137,9.449999809265137,0.0,88692300
2014-09-18,6.469654083251953,9.649999618530273,0.0,9.699999809265137,9.600000381469727,9.649999618530273,0.0,32392100
2014-09-19,6.4361348152160645,9.600000381469727,0.0,9.649999618530273,9.550000190734863,9.649999618530273,0.0,36242800
2014-09-22,6.402613162994385,9.550000190734863,0.0,9.699999809265137,9.5,9.550000190734863,0.0,46274300
2014-09-23,6.469654083251953,9.649999618530273,0.0,9.649999618530273,9.550000190734863,9.600000381469727,0.0,25944300
2014-09-24,6.670784950256348,9.949999809265137,0.0,10.0,9.649999618530273,9.699999809265137,0.0,232410300
2014-09-25,6.63726282119751,9.899999618530273,0.0,10.199999809265137,9.899999618530273,10.0,0.0,125269100
2014-09-26,6.670784950256348,9.949999809265137,0.0,10.0,9.850000381469727,9.899999618530273,0.0,40919800
2014-09-29,6.63726282119751,9.899999618530273,0.0,10.100000381469727,9.899999618530273,10.0,0.0,35093600
2014-09-30,6.7043070793151855,10.0,0.0,10.0,9.800000190734863,9.899999618530273,0.0,58466200
2014-10-01,6.63726282119751,9.899999618530273,0.0,10.0,9.899999618530273,10.0,0.0,20422100
2014-10-02,6.536699295043945,9.75,0.0,9.949999809265137,9.75,9.899999618530273,0.0,44655100
2014-10-03,6.603740692138672,9.850000381469727,0.0,9.850000381469727,9.649999618530273,9.75,0.0,42514800
2014-10-06,6.63726282119751,9.899999618530273,0.0,10.0,9.800000190734863,9.899999618530273,0.0,122776800
2014-10-07,6.83839225769043,10.199999809265137,0.0,10.199999809265137,9.850000381469727,9.949999809265137,0.0,130911300
2014-10-08,6.7043070793151855,10.0,0.0,10.199999809265137,10.0,10.100000381469727,0.0,136019900
2014-10-09,6.905434608459473,10.300000190734863,0.0,10.300000190734863,10.0,10.100000381469727,0.0,116095700
2014-10-10,6.7713494300842285,10.100000381469727,0.0,10.199999809265137,10.0,10.100000381469727,0.0,51283400
2014-10-13,6.7043070793151855,10.0,0.0,10.100000381469727,9.949999809265137,10.100000381469727,0.0,28234300
2014-10-14,6.7043070793151855,10.0,0.0,10.100000381469727,9.949999809265137,10.0,0.0,30077400
2014-10-15,6.670784950256348,9.949999809265137,0.0,10.100000381469727,9.949999809265137,10.100000381469727,0.0,21927300
2014-10-16,6.7713494300842285,10.100000381469727,0.0,10.300000190734863,10.0,10.0,0.0,71796200
2014-10-17,6.83839225769043,10.199999809265137,0.0,10.399999618530273,10.100000381469727,10.199999809265137,0.0,89435200
2014-10-20,6.83839225769043,10.199999809265137,0.0,10.399999618530273,10.100000381469727,10.300000190734863,0.0,19420100
2014-10-21,6.7713494300842285,10.100000381469727,0.0,10.300000190734863,10.100000381469727,10.300000190734863,0.0,19502900
2014-10-22,6.83839225769043,10.199999809265137,0.0,10.300000190734863,10.100000381469727,10.199999809265137,0.0,11026600
2014-10-24,6.83839225769043,10.199999809265137,0.0,10.300000190734863,10.100000381469727,10.300000190734863,0.0,16669400
2014-10-27,6.7043070793151855,10.0,0.0,10.199999809265137,10.0,10.199999809265137,0.0,24521900
2014-10-28,6.7713494300842285,10.100000381469727,0.0,10.199999809265137,10.0,10.100000381469727,0.0,38506900
2014-10-29,6.83839225769043,10.199999809265137,0.0,10.199999809265137,10.100000381469727,10.199999809265137,0.0,4104200
2014-10-30,6.7713494300842285,10.100000381469727,0.0,10.199999809265137,10.100000381469727,10.199999809265137,0.0,17369000
2014-10-31,6.905434608459473,10.300000190734863,0.0,10.300000190734863,10.100000381469727,10.199999809265137,0.0,17890400
2014-11-03,6.83839225769043,10.199999809265137,0.0,10.399999618530273,10.199999809265137,10.300000190734863,0.0,30008800
2014-11-04,6.972478866577148,10.399999618530273,0.0,10.600000381469727,10.199999809265137,10.300000190734863,0.0,91697500
2014-11-05,6.83839225769043,10.199999809265137,0.0,10.5,10.199999809265137,10.5,0.0,35290700
2014-11-06,6.972478866577148,10.399999618530273,0.0,10.5,10.199999809265137,10.199999809265137,0.0,35032900
2014-11-07,6.905434608459473,10.300000190734863,0.0,10.399999618530273,10.199999809265137,10.399999618530273,0.0,34826900
2014-11-10,6.83839225769043,10.199999809265137,0.0,10.399999618530273,10.199999809265137,10.399999618530273,0.0,32641600
2014-11-11,6.972478866577148,10.399999618530273,0.0,10.5,10.199999809265137,10.199999809265137,0.0,46875400
2014-11-12,6.905434608459473,10.300000190734863,0.0,10.5,10.300000190734863,10.5,0.0,58487300
2014-11-13,7.039522171020508,10.5,0.0,10.5,10.300000190734863,10.300000190734863,0.0,36929700
2014-11-14,6.905434608459473,10.300000190734863,0.0,10.5,10.300000190734863,10.5,0.0,50049100
2014-11-17,6.83839225769043,10.199999809265137,0.0,10.399999618530273,10.199999809265137,10.399999618530273,0.0,16363500
2014-11-18,6.905434608459473,10.300000190734863,0.0,10.399999618530273,10.199999809265137,10.300000190734863,0.0,26375700
2014-11-19,6.905434608459473,10.300000190734863,0.0,10.399999618530273,10.199999809265137,10.300000190734863,0.0,24631200
2014-11-20,6.83839225769043,10.199999809265137,0.0,10.399999618530273,10.199999809265137,10.300000190734863,0.0,20663100
2014-11-21,6.83839225769043,10.199999809265137,0.0,10.399999618530273,10.199999809265137,10.199999809265137,0.0,37940900
2014-11-24,6.83839225769043,10.199999809265137,0.0,10.300000190734863,10.199999809265137,10.199999809265137,0.0,36159100
2014-11-25,6.905434608459473,10.300000190734863,0.0,10.300000190734863,10.199999809265137,10.300000190734863,0.0,43707700
2014-11-26,6.83839225769043,10.199999809265137,0.0,10.399999618530273,10.199999809265137,10.300000190734863,0.0,34218000
2014-11-27,6.83839225769043,10.199999809265137,0.0,10.300000190734863,10.100000381469727,10.300000190734863,0.0,33590200
2014-11-28,6.7043070793151855,10.0,0.0,10.199999809265137,10.0,10.100000381469727,0.0,68627400
2014-12-01,6.905434608459473,10.300000190734863,0.0,10.300000190734863,9.949999809265137,10.0,0.0,49612100
2014-12-02,6.83839225769043,10.199999809265137,0.0,10.300000190734863,10.199999809265137,10.300000190734863,0.0,14062500
2014-12-03,6.7713494300842285,10.100000381469727,0.0,10.300000190734863,10.100000381469727,10.300000190734863,0.0,15562500
2014-12-04,6.83839225769043,10.199999809265137,0.0,10.300000190734863,10.100000381469727,10.100000381469727,0.0,26857000
2014-12-08,6.905434608459473,10.300000190734863,0.0,10.300000190734863,10.100000381469727,10.199999809265137,0.0,37392400
2014-12-09,6.7713494300842285,10.100000381469727,0.0,10.300000190734863,10.100000381469727,10.199999809265137,0.0,27180300
2014-12-11,6.670784950256348,9.949999809265137,0.0,10.199999809265137,9.899999618530273,10.100000381469727,0.0,90503400
2014-12-12,6.570219993591309,9.800000190734863,0.0,10.100000381469727,9.75,9.949999809265137,0.0,73399800
2014-12-15,6.369091033935547,9.5,0.0,9.699999809265137,9.0,9.699999809265137,0.0,163083900
2014-12-16,6.402613162994385,9.550000190734863,0.0,9.649999618530273,9.199999809265137,9.350000381469727,0.0,117225500
2014-12-17,6.335569381713867,9.449999809265137,0.0,9.699999809265137,9.449999809265137,9.600000381469727,0.0,72201500
2014-12-18,6.503176212310791,9.699999809265137,0.0,9.699999809265137,9.5,9.550000190734863,0.0,71239700
2014-12-19,6.570219993591309,9.800000190734863,0.0,9.899999618530273,9.75,9.75,0.0,48905400
2014-12-22,6.570219993591309,9.800000190734863,0.0,9.899999618530273,9.75,9.800000190734863,0.0,16543200
2014-12-23,6.503176212310791,9.699999809265137,0.0,9.800000190734863,9.699999809265137,9.800000190734863,0.0,27062300
2014-12-24,6.4361348152160645,9.600000381469727,0.0,9.800000190734863,9.600000381469727,9.75,0.0,45316900
2014-12-25,6.402613162994385,9.550000190734863,0.0,9.649999618530273,9.5,9.600000381469727,0.0,18491200
2014-12-26,6.4361348152160645,9.600000381469727,0.0,9.600000381469727,9.5,9.550000190734863,0.0,10015300
2014-12-29,6.4361348152160645,9.600000381469727,0.0,9.600000381469727,9.5,9.600000381469727,0.0,19401700
2014-12-30,6.469654083251953,9.649999618530273,0.0,9.649999618530273,9.5,9.5,0.0,18892600
2015-01-05,6.402613162994385,9.550000190734863,0.0,9.699999809265137,9.550000190734863,9.699999809265137,0.0,16258800
2015-01-06,6.603740692138672,9.850000381469727,0.0,9.949999809265137,9.600000381469727,9.600000381469727,0.0,71126300
2015-01-07,6.63726282119751,9.899999618530273,0.0,9.899999618530273,9.800000190734863,9.850000381469727,0.0,14696800
2015-01-08,6.670784950256348,9.949999809265137,0.0,9.949999809265137,9.850000381469727,9.949999809265137,0.0,30076200
2015-01-09,6.670784950256348,9.949999809265137,0.0,10.100000381469727,9.899999618530273,9.949999809265137,0.0,48959500
2015-01-12,6.83839225769043,10.199999809265137,0.0,10.199999809265137,10.0,10.100000381469727,0.0,39206200
2015-01-13,6.972478866577148,10.399999618530273,0.0,10.399999618530273,10.100000381469727,10.199999809265137,0.0,57817400
2015-01-14,6.83839225769043,10.199999809265137,0.0,10.399999618530273,10.199999809265137,10.399999618530273,0.0,37406900
2015-01-15,6.83839225769043,10.199999809265137,0.0,10.300000190734863,10.199999809265137,10.300000190734863,0.0,21706300
2015-01-16,6.83839225769043,10.199999809265137,0.0,10.300000190734863,10.199999809265137,10.199999809265137,0.0,17764900
2015-01-19,6.905434608459473,10.300000190734863,0.0,10.399999618530273,10.199999809265137,10.300000190734863,0.0,16495500
2015-01-20,6.905434608459473,10.300000190734863,0.0,10.399999618530273,10.199999809265137,10.300000190734863,0.0,27956400
2015-01-21,6.905434608459473,10.300000190734863,0.0,10.300000190734863,10.199999809265137,10.300000190734863,0.0,23902600
2015-01-22,6.9054365158081055,10.0,0.3,10.100000381469727,9.949999809265137,10.0,0.0,78611900
2015-01-23,6.9054365158081055,10.0,0.0,10.199999809265137,9.949999809265137,10.0,0.0,62296500
2015-01-26,6.9054365158081055,10.0,0.0,10.100000381469727,9.949999809265137,10.100000381469727,0.0,30125900
2015-01-27,6.9054365158081055,10.0,0.0,10.100000381469727,10.0,10.0,0.0,21892300
2015-01-28,6.870908737182617,9.949999809265137,0.0,10.100000381469727,9.949999809265137,10.0,0.0,20559200
2015-01-29,6.836380958557129,9.899999618530273,0.0,10.0,9.899999618530273,9.949999809265137,0.0,21834100
2015-01-30,6.801853179931641,9.850000381469727,0.0,9.949999809265137,9.800000190734863,9.949999809265137,0.0,53972000
2015-02-02,6.836380958557129,9.899999618530273,0.0,9.899999618530273,9.75,9.800000190734863,0.0,24512600
2015-02-03,6.836380958557129,9.899999618530273,0.0,10.0,9.899999618530273,9.949999809265137,0.0,50372100
2015-02-04,6.698271751403809,9.699999809265137,0.0,10.0,9.699999809265137,9.949999809265137,0.0,95354600
2015-02-05,6.767326354980469,9.800000190734863,0.0,9.800000190734863,9.699999809265137,9.699999809265137,0.0,27277000
2015-02-06,6.836380958557129,9.899999618530273,0.0,9.899999618530273,9.75,9.800000190734863,0.0,32007100
2015-02-09,6.836380958557129,9.899999618530273,0.0,9.949999809265137,9.800000190734863,9.850000381469727,0.0,23664800
2015-02-10,6.974490165710449,10.100000381469727,0.0,10.300000190734863,9.899999618530273,9.949999809265137,0.0,105938500
2015-02-11,6.974490165710449,10.100000381469727,0.0,10.199999809265137,9.949999809265137,10.199999809265137,0.0,58161700
2015-02-12,6.870908737182617,9.949999809265137,0.0,10.199999809265137,9.850000381469727,10.100000381469727,0.0,78040200
2015-02-13,6.836380958557129,9.899999618530273,0.0,10.0,9.850000381469727,9.949999809265137,0.0,49697100
2015-02-16,6.836380958557129,9.899999618530273,0.0,9.949999809265137,9.850000381469727,9.899999618530273,0.0,17457600
2015-02-17,6.767326354980469,9.800000190734863,0.0,9.949999809265137,9.800000190734863,9.899999618530273,0.0,25819100
2015-02-18,6.767326354980469,9.800000190734863,0.0,9.949999809265137,9.800000190734863,9.850000381469727,0.0,18183200
2015-02-19,6.767326354980469,9.800000190734863,0.0,9.850000381469727,9.800000190734863,9.850000381469727,0.0,22860700
2015-02-20,6.801853179931641,9.850000381469727,0.0,9.850000381469727,9.75,9.800000190734863,0.0,24741800
2015-02-23,6.698271751403809,9.699999809265137,0.0,9.899999618530273,9.699999809265137,9.850000381469727,0.0,34311700
2015-02-24,6.698271751403809,9.699999809265137,0.0,9.800000190734863,9.699999809265137,9.699999809265137,0.0,26243200
2015-02-25,6.629218578338623,9.600000381469727,0.0,9.75,9.600000381469727,9.699999809265137,0.0,54140900
2015-02-26,6.629218578338623,9.600000381469727,0.0,9.649999618530273,9.5,9.600000381469727,0.0,41010700
2015-02-27,6.629218578338623,9.600000381469727,0.0,9.649999618530273,9.550000190734863,9.600000381469727,0.0,16397800
2015-03-02,6.594691276550293,9.550000190734863,0.0,9.699999809265137,9.550000190734863,9.600000381469727,0.0,22399600
2015-03-03,6.560163497924805,9.5,0.0,9.600000381469727,9.5,9.600000381469727,0.0,20850000
2015-03-05,6.560163497924805,9.5,0.0,9.550000190734863,9.5,9.5,0.0,30520500
2015-03-06,6.698271751403809,9.699999809265137,0.0,9.75,9.550000190734863,9.550000190734863,0.0,43803500
2015-03-09,6.66374397277832,9.649999618530273,0.0,9.699999809265137,9.600000381469727,9.649999618530273,0.0,15783300
2015-03-10,6.560163497924805,9.5,0.0,9.699999809265137,9.5,9.649999618530273,0.0,29574600
2015-03-11,6.525636672973633,9.449999809265137,0.0,9.550000190734863,9.399999618530273,9.5,0.0,56707300
2015-03-12,6.4565815925598145,9.350000381469727,0.0,9.5,9.350000381469727,9.5,0.0,46004300
2015-03-13,6.491108417510986,9.399999618530273,0.0,9.449999809265137,9.350000381469727,9.399999618530273,0.0,26114200
2015-03-16,6.353000164031982,9.199999809265137,0.0,9.399999618530273,9.149999618530273,9.399999618530273,0.0,55325600
2015-03-17,6.353000164031982,9.199999809265137,0.0,9.300000190734863,9.149999618530273,9.25,0.0,36321500
2015-03-18,6.491108417510986,9.399999618530273,0.0,9.5,9.199999809265137,9.199999809265137,0.0,39022700
2015-03-19,6.4565815925598145,9.350000381469727,0.0,9.5,9.350000381469727,9.449999809265137,0.0,17072600
2015-03-20,6.422055244445801,9.300000190734863,0.0,9.399999618530273,9.25,9.350000381469727,0.0,33145100
2015-03-23,6.422055244445801,9.300000190734863,0.0,9.350000381469727,9.25,9.300000190734863,0.0,11460400
2015-03-24,6.3875274658203125,9.25,0.0,9.300000190734863,9.199999809265137,9.300000190734863,0.0,28143000
2015-03-25,6.353000164031982,9.199999809265137,0.0,9.300000190734863,9.199999809265137,9.199999809265137,0.0,17501900
2015-03-26,6.2839460372924805,9.100000381469727,0.0,9.199999809265137,9.100000381469727,9.199999809265137,0.0,23031900
2015-03-27,6.249419689178467,9.050000190734863,0.0,9.149999618530273,9.050000190734863,9.149999618530273,0.0,31539000
2015-03-30,6.249419689178467,9.050000190734863,0.0,9.149999618530273,9.050000190734863,9.100000381469727,0.0,27595900
2015-03-31,6.3184733390808105,9.149999618530273,0.0,9.149999618530273,9.050000190734863,9.100000381469727,0.0,18960000
2015-04-01,6.353000164031982,9.199999809265137,0.0,9.300000190734863,9.100000381469727,9.149999618530273,0.0,25139700
2015-04-02,6.4565815925598145,9.350000381469727,0.0,9.399999618530273,9.25,9.300000190734863,0.0,31789600
2015-04-03,6.491108417510986,9.399999618530273,0.0,9.449999809265137,9.350000381469727,9.350000381469727,0.0,17731900
2015-04-07,6.422055244445801,9.300000190734863,0.0,9.5,9.25,9.449999809265137,0.0,31922300
2015-04-08,6.353000164031982,9.199999809265137,0.0,9.350000381469727,9.199999809265137,9.300000190734863,0.0,35702900
2015-04-09,6.3875274658203125,9.25,0.0,9.300000190734863,9.199999809265137,9.25,0.0,9566400
2015-04-10,6.3875274658203125,9.25,0.0,9.300000190734863,9.199999809265137,9.25,0.0,13922600
2015-04-16,6.422055244445801,9.300000190734863,0.0,9.350000381469727,9.25,9.350000381469727,0.0,19327700
2015-04-17,6.353000164031982,9.199999809265137,0.0,9.300000190734863,9.199999809265137,9.25,0.0,33017000
2015-04-20,6.353000164031982,9.199999809265137,0.0,9.25,9.149999618530273,9.199999809265137,0.0,11219000
2015-04-21,6.422055244445801,9.300000190734863,0.0,9.399999618530273,9.25,9.25,0.0,18551500
2015-04-22,6.422055244445801,9.300000190734863,0.0,9.350000381469727,9.199999809265137,9.300000190734863,0.0,25602900
2015-04-23,6.3875274658203125,9.25,0.0,9.350000381469727,9.199999809265137,9.300000190734863,0.0,14414000
2015-04-24,6.3875274658203125,9.25,0.0,9.300000190734863,9.199999809265137,9.300000190734863,0.0,12468600
2015-04-27,6.353000164031982,9.199999809265137,0.0,9.300000190734863,9.199999809265137,9.300000190734863,0.0,25209100
2015-04-28,6.353000164031982,9.199999809265137,0.0,9.25,9.100000381469727,9.199999809265137,0.0,26173000
2015-04-29,6.422055244445801,9.300000190734863,0.0,9.300000190734863,9.149999618530273,9.149999618530273,0.0,17871700
2015-04-30,6.3875274658203125,9.25,0.0,9.25,9.149999618530273,9.25,0.0,24266500
2015-05-04,6.3875274658203125,9.25,0.0,9.25,9.25,9.25,0.0,0
2015-05-06,6.3184733390808105,9.149999618530273,0.0,9.300000190734863,9.149999618530273,9.300000190734863,0.0,30869000
2015-05-07,6.249419689178467,9.050000190734863,0.0,9.199999809265137,9.050000190734863,9.149999618530273,0.0,27873000
2015-05-08,6.21489143371582,9.0,0.0,9.149999618530273,8.949999809265137,9.050000190734863,0.0,59468900
2015-05-11,6.249419689178467,9.050000190734863,0.0,9.050000190734863,9.0,9.050000190734863,0.0,16713000
2015-05-12,6.3184733390808105,9.149999618530273,0.0,9.25,9.0,9.050000190734863,0.0,32414200
2015-05-13,6.249419689178467,9.050000190734863,0.0,9.149999618530273,9.0,9.100000381469727,0.0,37716200
2015-05-14,6.249419689178467,9.050000190734863,0.0,9.050000190734863,9.0,9.050000190734863,0.0,33038400
2015-05-15,6.353000164031982,9.199999809265137,0.0,9.25,9.050000190734863,9.050000190734863,0.0,27736700
2015-05-18,6.3184733390808105,9.149999618530273,0.0,9.25,9.100000381469727,9.199999809265137,0.0,15810100
2015-05-19,6.3184733390808105,9.149999618530273,0.0,9.199999809265137,9.050000190734863,9.199999809265137,0.0,37786400
2015-05-20,6.422055244445801,9.300000190734863,0.0,9.399999618530273,9.25,9.25,0.0,60484100
2015-05-21,6.525636672973633,9.449999809265137,0.0,9.449999809265137,9.25,9.350000381469727,0.0,49114600
2015-05-22,6.491108417510986,9.399999618530273,0.0,9.5,9.350000381469727,9.449999809265137,0.0,33069800
2015-05-25,6.422055244445801,9.300000190734863,0.0,9.449999809265137,9.25,9.449999809265137,0.0,22756000
2015-05-26,6.491108417510986,9.399999618530273,0.0,9.449999809265137,9.350000381469727,9.399999618530273,0.0,36770600
2015-05-27,6.491108417510986,9.399999618530273,0.0,9.449999809265137,9.300000190734863,9.399999618530273,0.0,32084700
2015-05-28,6.4565815925598145,9.350000381469727,0.0,9.449999809265137,9.350000381469727,9.399999618530273,0.0,39116100
2015-05-29,6.629218578338623,9.600000381469727,0.0,9.600000381469727,9.300000190734863,9.350000381469727,0.0,134741400
2015-06-02,6.525636672973633,9.449999809265137,0.0,9.600000381469727,9.399999618530273,9.600000381469727,0.0,49359600
2015-06-03,6.560163497924805,9.5,0.0,9.5,9.399999618530273,9.449999809265137,0.0,41245000
2015-06-04,6.560163497924805,9.5,0.0,9.600000381469727,9.5,9.5,0.0,26098600
2015-06-05,6.66374397277832,9.649999618530273,0.0,9.699999809265137,9.5,9.550000190734863,0.0,52052000
2015-06-08,6.732800483703613,9.75,0.0,9.949999809265137,9.649999618530273,9.649999618530273,0.0,133190100
2015-06-09,6.732800483703613,9.75,0.0,9.899999618530273,9.699999809265137,9.75,0.0,51602200
2015-06-10,6.767326354980469,9.800000190734863,0.0,9.850000381469727,9.75,9.75,0.0,23591500
2015-06-11,6.9054365158081055,10.0,0.0,10.0,9.800000190734863,9.850000381469727,0.0,90501000
2015-06-12,6.9054365158081055,10.0,0.0,10.199999809265137,9.949999809265137,10.0,0.0,98895700
2015-06-15,6.836380958557129,9.899999618530273,0.0,10.100000381469727,9.899999618530273,10.0,0.0,30798600
2015-06-16,6.870908737182617,9.949999809265137,0.0,10.0,9.899999618530273,9.899999618530273,0.0,21794500
2015-06-17,7.043543815612793,10.199999809265137,0.0,10.199999809265137,9.899999618530273,9.949999809265137,0.0,50312200
2015-06-18,6.974490165710449,10.100000381469727,0.0,10.199999809265137,10.0,10.100000381469727,0.0,15470500
2015-06-19,6.836380958557129,9.899999618530273,0.0,10.100000381469727,9.899999618530273,10.0,0.0,37841100
2015-06-22,6.9054365158081055,10.0,0.0,10.100000381469727,9.899999618530273,9.899999618530273,0.0,50228700
2015-06-23,6.9054365158081055,10.0,0.0,10.100000381469727,9.949999809265137,10.0,0.0,19680100
2015-06-24,6.974490165710449,10.100000381469727,0.0,10.199999809265137,10.0,10.0,0.0,54382900
2015-06-25,6.974490165710449,10.100000381469727,0.0,10.199999809265137,10.0,10.100000381469727,0.0,23106400
2015-06-26,6.9054365158081055,10.0,0.0,10.199999809265137,10.0,10.100000381469727,0.0,11702600
2015-06-29,6.974490165710449,10.100000381469727,0.0,10.100000381469727,9.899999618530273,9.949999809265137,0.0,53260500
2015-06-30,6.9054365158081055,10.0,0.0,10.100000381469727,10.0,10.0,0.0,19121300
2015-07-02,6.9054365158081055,10.0,0.0,10.100000381469727,9.949999809265137,10.100000381469727,0.0,33097700
2015-07-03,6.974490165710449,10.100000381469727,0.0,10.199999809265137,9.949999809265137,10.0,0.0,29367500
2015-07-06,6.9054365158081055,10.0,0.0,10.199999809265137,10.0,10.100000381469727,0.0,34350500
2015-07-07,6.974490165710449,10.100000381469727,0.0,10.199999809265137,10.0,10.100000381469727,0.0,43346300
2015-07-08,6.9054365158081055,10.0,0.0,10.100000381469727,9.949999809265137,10.0,0.0,59547700
2015-07-09,6.9054365158081055,10.0,0.0,10.0,9.949999809265137,10.0,0.0,30808700
2015-07-10,6.974490165710449,10.100000381469727,0.0,10.100000381469727,10.0,10.0,0.0,19002800
2015-07-13,6.9054365158081055,10.0,0.0,10.100000381469727,10.0,10.0,0.0,17536300
2015-07-14,6.9054365158081055,10.0,0.0,10.100000381469727,10.0,10.0,0.0,18628600
2015-07-15,7.043543815612793,10.199999809265137,0.0,10.300000190734863,10.0,10.100000381469727,0.0,44084100
2015-07-16,7.112597942352295,10.300000190734863,0.0,10.399999618530273,10.199999809265137,10.300000190734863,0.0,46677800
2015-07-17,7.112597942352295,10.300000190734863,0.0,10.399999618530273,10.300000190734863,10.300000190734863,0.0,13307100
2015-07-20,7.112597942352295,10.300000190734863,0.0,10.399999618530273,10.300000190734863,10.300000190734863,0.0,9891200
2015-07-21,7.043543815612793,10.199999809265137,0.0,10.399999618530273,10.100000381469727,10.300000190734863,0.0,87993500
2015-07-22,6.974490165710449,10.100000381469727,0.0,10.300000190734863,10.100000381469727,10.199999809265137,0.0,32709600
2015-07-23,7.043543815612793,10.199999809265137,0.0,10.300000190734863,10.100000381469727,10.199999809265137,0.0,22005900
2015-07-24,7.043543815612793,10.199999809265137,0.0,10.300000190734863,10.100000381469727,10.199999809265137,0.0,15191800
2015-07-27,7.043543815612793,10.199999809265137,0.0,10.399999618530273,10.100000381469727,10.300000190734863,0.0,92792600
2015-07-28,6.974490165710449,10.100000381469727,0.0,10.300000190734863,10.0,10.199999809265137,0.0,82285400
2015-07-29,6.9054365158081055,10.0,0.0,10.199999809265137,10.0,10.100000381469727,0.0,48190300
2015-07-31,7.012221336364746,9.850000381469727,0.3,9.949999809265137,9.800000190734863,9.899999618530273,0.0,84184100
2015-08-03,7.012221336364746,9.850000381469727,0.0,9.949999809265137,9.850000381469727,9.850000381469727,0.0,15519500
2015-08-04,7.083410263061523,9.949999809265137,0.0,9.949999809265137,9.850000381469727,9.899999618530273,0.0,14246000
2015-08-05,7.083410263061523,9.949999809265137,0.0,10.0,9.899999618530273,10.0,0.0,21932600
2015-08-06,7.012221336364746,9.850000381469727,0.0,9.949999809265137,9.800000190734863,9.899999618530273,0.0,27975500
2015-08-07,6.941030025482178,9.75,0.0,9.850000381469727,9.699999809265137,9.850000381469727,0.0,32956300
2015-08-10,6.905436038970947,9.699999809265137,0.0,9.75,9.649999618530273,9.75,0.0,29736300
2015-08-11,6.869840145111084,9.649999618530273,0.0,9.800000190734863,9.649999618530273,9.75,0.0,17671600
2015-08-13,6.869840145111084,9.649999618530273,0.0,9.649999618530273,9.550000190734863,9.600000381469727,0.0,31059300
2015-08-14,6.905436038970947,9.699999809265137,0.0,9.800000190734863,9.600000381469727,9.649999618530273,0.0,25482000
2015-08-17,6.834245681762695,9.600000381469727,0.0,9.75,9.600000381469727,9.75,0.0,19806100
2015-08-18,6.691863536834717,9.399999618530273,0.0,9.550000190734863,9.300000190734863,9.399999618530273,0.0,104484800
2015-08-19,6.727459907531738,9.449999809265137,0.0,9.550000190734863,9.399999618530273,9.5,0.0,25458400
2015-08-20,6.79865026473999,9.550000190734863,0.0,9.550000190734863,9.399999618530273,9.449999809265137,0.0,10723900
2015-08-21,6.727459907531738,9.449999809265137,0.0,9.550000190734863,9.449999809265137,9.5,0.0,15835600
2015-08-24,6.585079193115234,9.25,0.0,9.399999618530273,9.199999809265137,9.399999618530273,0.0,66927400
2015-08-25,6.620675563812256,9.300000190734863,0.0,9.350000381469727,9.199999809265137,9.300000190734863,0.0,48833200
2015-08-26,6.691863536834717,9.399999618530273,0.0,9.449999809265137,9.300000190734863,9.300000190734863,0.0,25425400
2015-08-27,6.869840145111084,9.649999618530273,0.0,9.649999618530273,9.449999809265137,9.449999809265137,0.0,32910600
2015-08-28,6.869840145111084,9.649999618530273,0.0,9.800000190734863,9.600000381469727,9.699999809265137,0.0,24187700
2015-08-31,6.941030025482178,9.75,0.0,9.75,9.600000381469727,9.649999618530273,0.0,20434500
2015-09-01,6.905436038970947,9.699999809265137,0.0,9.800000190734863,9.600000381469727,9.75,0.0,17586700
2015-09-02,6.941030025482178,9.75,0.0,9.75,9.600000381469727,9.649999618530273,0.0,18489600
2015-09-03,6.905436038970947,9.699999809265137,0.0,9.800000190734863,9.699999809265137,9.75,0.0,10167500
2015-09-04,6.905436038970947,9.699999809265137,0.0,9.75,9.649999618530273,9.699999809265137,0.0,12252600
2015-09-07,6.869840145111084,9.649999618530273,0.0,9.75,9.649999618530273,9.699999809265137,0.0,8188000
2015-09-08,6.869840145111084,9.649999618530273,0.0,9.699999809265137,9.550000190734863,9.649999618530273,0.0,17685300
2015-09-09,6.976626396179199,9.800000190734863,0.0,9.850000381469727,9.649999618530273,9.699999809265137,0.0,20811800
2015-09-10,7.083410263061523,9.949999809265137,0.0,10.0,9.75,9.75,0.0,59026900
2015-09-11,7.047816276550293,9.899999618530273,0.0,10.100000381469727,9.850000381469727,10.0,0.0,49381900
2015-09-14,6.976626396179199,9.800000190734863,0.0,9.949999809265137,9.75,9.899999618530273,0.0,23666100
2015-09-15,6.905436038970947,9.699999809265137,0.0,9.800000190734863,9.649999618530273,9.75,0.0,17261600
2015-09-16,7.047816276550293,9.899999618530273,0.0,9.949999809265137,9.649999618530273,9.75,0.0,28503800
2015-09-17,6.976626396179199,9.800000190734863,0.0,9.899999618530273,9.699999809265137,9.850000381469727,0.0,22070500
2015-09-18,6.869840145111084,9.649999618530273,0.0,9.850000381469727,9.649999618530273,9.800000190734863,0.0,37081700
2015-09-21,6.976626396179199,9.800000190734863,0.0,9.800000190734863,9.600000381469727,9.600000381469727,0.0,16528000
2015-09-22,6.941030025482178,9.75,0.0,9.850000381469727,9.699999809265137,9.850000381469727,0.0,14395200
2015-09-23,6.941030025482178,9.75,0.0,9.75,9.649999618530273,9.649999618530273,0.0,13122900
2015-09-24,6.941030025482178,9.75,0.0,9.75,9.649999618530273,9.699999809265137,0.0,7554200
2015-09-25,6.941030025482178,9.75,0.0,9.800000190734863,9.699999809265137,9.75,0.0,12912300
2015-09-28,6.905436038970947,9.699999809265137,0.0,9.800000190734863,9.649999618530273,9.75,0.0,16629600
2015-09-29,6.905436038970947,9.699999809265137,0.0,9.800000190734863,9.600000381469727,9.649999618530273,0.0,32216700
2015-09-30,6.941030025482178,9.75,0.0,9.800000190734863,9.699999809265137,9.75,0.0,17052500
2015-10-01,6.869840145111084,9.649999618530273,0.0,9.75,9.649999618530273,9.75,0.0,12321700
2015-10-02,6.905436038970947,9.699999809265137,0.0,9.75,9.600000381469727,9.649999618530273,0.0,14833900
2015-10-05,6.976626396179199,9.800000190734863,0.0,9.800000190734863,9.75,9.75,0.0,15406600
2015-10-06,6.976626396179199,9.800000190734863,0.0,9.800000190734863,9.699999809265137,9.800000190734863,0.0,11731300
2015-10-07,6.905436038970947,9.699999809265137,0.0,9.800000190734863,9.649999618530273,9.800000190734863,0.0,38646100
2015-10-08,6.869840145111084,9.649999618530273,0.0,9.75,9.649999618530273,9.699999809265137,0.0,17809300
2015-10-09,7.012221336364746,9.850000381469727,0.0,9.899999618530273,9.699999809265137,9.699999809265137,0.0,53110900
2015-10-12,6.941030025482178,9.75,0.0,9.899999618530273,9.75,9.899999618530273,0.0,17762900
2015-10-13,7.012221336364746,9.850000381469727,0.0,9.899999618530273,9.699999809265137,9.75,0.0,26118400
2015-10-14,6.976626396179199,9.800000190734863,0.0,9.850000381469727,9.699999809265137,9.800000190734863,0.0,14256000
2015-10-15,6.905436038970947,9.699999809265137,0.0,9.850000381469727,9.699999809265137,9.800000190734863,0.0,39930800
2015-10-16,7.047816276550293,9.899999618530273,0.0,9.899999618530273,9.699999809265137,9.75,0.0,21320700
2015-10-19,7.012221336364746,9.850000381469727,0.0,9.899999618530273,9.800000190734863,9.850000381469727,0.0,6177200
2015-10-20,6.941030025482178,9.75,0.0,9.850000381469727,9.75,9.800000190734863,0.0,8941600
2015-10-21,6.941030025482178,9.75,0.0,9.850000381469727,9.75,9.800000190734863,0.0,10125300
2015-10-22,6.905436038970947,9.699999809265137,0.0,9.800000190734863,9.699999809265137,9.75,0.0,13074700
2015-10-26,6.941030025482178,9.75,0.0,9.850000381469727,9.699999809265137,9.800000190734863,0.0,14452700
2015-10-27,6.905436038970947,9.699999809265137,0.0,9.800000190734863,9.699999809265137,9.75,0.0,26416300
2015-10-28,6.869840145111084,9.649999618530273,0.0,9.699999809265137,9.649999618530273,9.699999809265137,0.0,18218000
2015-10-29,6.834245681762695,9.600000381469727,0.0,9.699999809265137,9.550000190734863,9.649999618530273,0.0,23758600
2015-10-30,6.869840145111084,9.649999618530273,0.0,9.75,9.649999618530273,9.649999618530273,0.0,16582200
2015-11-02,6.905436038970947,9.699999809265137,0.0,9.699999809265137,9.649999618530273,9.699999809265137,0.0,8440200
2015-11-03,6.905436038970947,9.699999809265137,0.0,9.75,9.649999618530273,9.699999809265137,0.0,7305500
2015-11-04,6.869840145111084,9.649999618530273,0.0,9.75,9.649999618530273,9.699999809265137,0.0,14182800
2015-11-05,6.941030025482178,9.75,0.0,9.800000190734863,9.649999618530273,9.649999618530273,0.0,28772500
2015-11-06,6.905436038970947,9.699999809265137,0.0,9.75,9.649999618530273,9.75,0.0,6881100
2015-11-09,6.905436038970947,9.699999809265137,0.0,9.75,9.649999618530273,9.649999618530273,0.0,9010400
2015-11-10,6.834245681762695,9.600000381469727,0.0,9.699999809265137,9.600000381469727,9.649999618530273,0.0,27201200
2015-11-11,6.834245681762695,9.600000381469727,0.0,9.699999809265137,9.600000381469727,9.600000381469727,0.0,11280200
2015-11-12,6.763054847717285,9.5,0.0,9.649999618530273,9.5,9.649999618530273,0.0,24595300
2015-11-13,6.834245681762695,9.600000381469727,0.0,9.600000381469727,9.5,9.550000190734863,0.0,20729900
2015-11-16,6.763054847717285,9.5,0.0,9.600000381469727,9.399999618530273,9.550000190734863,0.0,35821200
2015-11-17,6.727459907531738,9.449999809265137,0.0,9.550000190734863,9.449999809265137,9.5,0.0,52826900
2015-11-18,6.6562700271606445,9.350000381469727,0.0,9.5,9.350000381469727,9.449999809265137,0.0,32022000
2015-11-19,6.727459907531738,9.449999809265137,0.0,9.5,9.350000381469727,9.399999618530273,0.0,19585200
2015-11-20,6.763054847717285,9.5,0.0,9.649999618530273,9.449999809265137,9.449999809265137,0.0,23188400
2015-11-23,6.763054847717285,9.5,0.0,9.600000381469727,9.449999809265137,9.5,0.0,10714400
2015-11-24,6.691863536834717,9.399999618530273,0.0,9.550000190734863,9.399999618530273,9.5,0.0,26085600
2015-11-25,6.691863536834717,9.399999618530273,0.0,9.5,9.350000381469727,9.5,0.0,23638300
2015-11-26,6.691863536834717,9.399999618530273,0.0,9.449999809265137,9.300000190734863,9.399999618530273,0.0,17248200
2015-11-27,6.691863536834717,9.399999618530273,0.0,9.449999809265137,9.350000381469727,9.350000381469727,0.0,13625700
2015-11-30,6.79865026473999,9.550000190734863,0.0,9.550000190734863,9.300000190734863,9.399999618530273,0.0,43979200
2015-12-01,6.727459907531738,9.449999809265137,0.0,9.550000190734863,9.399999618530273,9.550000190734863,0.0,16809000
2015-12-02,6.585079193115234,9.25,0.0,9.449999809265137,9.25,9.449999809265137,0.0,29543300
2015-12-03,6.585079193115234,9.25,0.0,9.350000381469727,9.199999809265137,9.300000190734863,0.0,32340900
2015-12-04,6.620675563812256,9.300000190734863,0.0,9.300000190734863,9.199999809265137,9.199999809265137,0.0,15211400
2015-12-08,6.513889789581299,9.149999618530273,0.0,9.300000190734863,9.100000381469727,9.25,0.0,29311200
2015-12-09,6.478294372558594,9.100000381469727,0.0,9.199999809265137,9.050000190734863,9.149999618530273,0.0,17653100
2015-12-11,6.407105445861816,9.0,0.0,9.100000381469727,8.949999809265137,9.050000190734863,0.0,29504100
2015-12-14,6.229128837585449,8.75,0.0,8.949999809265137,8.75,8.949999809265137,0.0,51125400
2015-12-15,6.513889789581299,9.149999618530273,0.0,9.149999618530273,8.800000190734863,8.800000190734863,0.0,30758000
2015-12-16,6.2647247314453125,8.800000190734863,0.0,9.100000381469727,8.75,9.050000190734863,0.0,45409100
2015-12-17,6.300319671630859,8.850000381469727,0.0,8.899999618530273,8.699999809265137,8.800000190734863,0.0,40254700
2015-12-18,6.229128837585449,8.75,0.0,8.899999618530273,8.75,8.850000381469727,0.0,22699900
2015-12-21,6.229128837585449,8.75,0.0,8.850000381469727,8.699999809265137,8.75,0.0,17816000
2015-12-22,6.1935343742370605,8.699999809265137,0.0,8.800000190734863,8.649999618530273,8.800000190734863,0.0,25987400
2015-12-23,6.1935343742370605,8.699999809265137,0.0,8.75,8.649999618530273,8.699999809265137,0.0,10349100
2015-12-24,6.300319671630859,8.850000381469727,0.0,8.850000381469727,8.75,8.75,0.0,12358200
2015-12-25,6.300319671630859,8.850000381469727,0.0,8.899999618530273,8.800000190734863,8.899999618530273,0.0,4957000
2015-12-28,6.442699432373047,9.050000190734863,0.0,9.149999618530273,8.850000381469727,8.850000381469727,0.0,17669500
2015-12-29,6.3715105056762695,8.949999809265137,0.0,9.050000190734863,8.949999809265137,9.0,0.0,13020200
2015-12-30,6.478294372558594,9.100000381469727,0.0,9.100000381469727,8.949999809265137,8.949999809265137,0.0,15306000
2016-01-04,6.2647247314453125,8.800000190734863,0.0,9.050000190734863,8.800000190734863,9.050000190734863,0.0,29383400
2016-01-05,6.300319671630859,8.850000381469727,0.0,9.0,8.850000381469727,8.850000381469727,0.0,36570900
2016-01-06,6.2647247314453125,8.800000190734863,0.0,8.899999618530273,8.800000190734863,8.899999618530273,0.0,15777400
2016-01-07,6.051153659820557,8.5,0.0,8.850000381469727,8.5,8.800000190734863,0.0,54940200
2016-01-08,6.086750030517578,8.550000190734863,0.0,8.649999618530273,8.5,8.550000190734863,0.0,22423600
2016-01-11,5.908774375915527,8.300000190734863,0.0,8.550000190734863,8.300000190734863,8.5,0.0,37205600
2016-01-12,6.122344493865967,8.600000381469727,0.0,8.649999618530273,8.449999809265137,8.449999809265137,0.0,52762200
2016-01-13,6.157938003540039,8.649999618530273,0.0,8.75,8.550000190734863,8.649999618530273,0.0,42088000
2016-01-14,6.157938003540039,8.649999618530273,0.0,8.699999809265137,8.550000190734863,8.600000381469727,0.0,31242000
2016-01-15,6.122344493865967,8.600000381469727,0.0,8.75,8.600000381469727,8.699999809265137,0.0,32995000
2016-01-18,6.086750030517578,8.550000190734863,0.0,8.600000381469727,8.5,8.600000381469727,0.0,18741500
2016-01-19,6.1935343742370605,8.699999809265137,0.0,8.75,8.550000190734863,8.600000381469727,0.0,25096300
2016-01-20,6.1935343742370605,8.699999809265137,0.0,8.75,8.600000381469727,8.649999618530273,0.0,35311400
2016-01-21,6.186126232147217,8.350000381469727,0.34,8.399999618530273,8.300000190734863,8.350000381469727,0.0,30655300
2016-01-22,6.223168849945068,8.399999618530273,0.0,8.449999809265137,8.350000381469727,8.449999809265137,0.0,15534200
2016-01-25,6.074997901916504,8.199999809265137,0.0,8.449999809265137,8.199999809265137,8.399999618530273,0.0,44291600
2016-01-26,6.0379557609558105,8.149999618530273,0.0,8.25,8.149999618530273,8.199999809265137,0.0,19638700
2016-01-27,6.0379557609558105,8.149999618530273,0.0,8.199999809265137,8.100000381469727,8.149999618530273,0.0,30955300
2016-01-28,6.074997901916504,8.199999809265137,0.0,8.199999809265137,8.100000381469727,8.199999809265137,0.0,23341700
2016-01-29,6.0379557609558105,8.149999618530273,0.0,8.25,8.100000381469727,8.149999618530273,0.0,33900700
2016-02-01,6.0379557609558105,8.149999618530273,0.0,8.199999809265137,8.050000190734863,8.149999618530273,0.0,19737000
2016-02-02,5.963870048522949,8.050000190734863,0.0,8.149999618530273,8.0,8.149999618530273,0.0,21550400
2016-02-03,6.000913143157959,8.100000381469727,0.0,8.100000381469727,8.0,8.0,0.0,22345800
2016-02-04,6.0379557609558105,8.149999618530273,0.0,8.25,8.100000381469727,8.149999618530273,0.0,28611200
2016-02-05,6.0379557609558105,8.149999618530273,0.0,8.25,8.100000381469727,8.199999809265137,0.0,21088500
2016-02-08,6.000913143157959,8.100000381469727,0.0,8.199999809265137,8.100000381469727,8.149999618530273,0.0,11608900
2016-02-09,5.963870048522949,8.050000190734863,0.0,8.25,8.050000190734863,8.100000381469727,0.0,35647900
2016-02-10,6.000913143157959,8.100000381469727,0.0,8.100000381469727,8.050000190734863,8.100000381469727,0.0,14934500
2016-02-11,5.963870048522949,8.050000190734863,0.0,8.199999809265137,8.050000190734863,8.100000381469727,0.0,26637300
2016-02-12,5.963870048522949,8.050000190734863,0.0,8.100000381469727,8.0,8.050000190734863,0.0,20705500
2016-02-15,6.000913143157959,8.100000381469727,0.0,8.149999618530273,8.050000190734863,8.100000381469727,0.0,10786900
2016-02-16,5.963870048522949,8.050000190734863,0.0,8.100000381469727,8.0,8.100000381469727,0.0,41294400
2016-02-17,5.963870048522949,8.050000190734863,0.0,8.050000190734863,7.949999809265137,8.0,0.0,33906800
2016-02-18,5.963870048522949,8.050000190734863,0.0,8.050000190734863,7.949999809265137,8.0,0.0,27812400
2016-02-19,6.074997901916504,8.199999809265137,0.0,8.199999809265137,8.0,8.0,0.0,34659800
2016-02-23,6.149083137512207,8.300000190734863,0.0,8.300000190734863,8.149999618530273,8.199999809265137,0.0,21710100
2016-02-24,6.186126232147217,8.350000381469727,0.0,8.399999618530273,8.199999809265137,8.25,0.0,21982700
2016-02-25,6.149083137512207,8.300000190734863,0.0,8.449999809265137,8.25,8.399999618530273,0.0,23085200
2016-02-26,6.186126232147217,8.350000381469727,0.0,8.350000381469727,8.25,8.300000190734863,0.0,15555800
2016-02-29,6.149083137512207,8.300000190734863,0.0,8.350000381469727,8.199999809265137,8.350000381469727,0.0,18907800
2016-03-01,6.186126232147217,8.350000381469727,0.0,8.350000381469727,8.199999809265137,8.25,0.0,14775600
2016-03-02,6.186126232147217,8.350000381469727,0.0,8.399999618530273,8.300000190734863,8.350000381469727,0.0,22708100
2016-03-03,6.371339321136475,8.600000381469727,0.0,8.649999618530273,8.350000381469727,8.399999618530273,0.0,71275700
2016-03-04,6.371339321136475,8.600000381469727,0.0,8.699999809265137,8.550000190734863,8.649999618530273,0.0,22548100
2016-03-07,6.482466697692871,8.75,0.0,8.800000190734863,8.649999618530273,8.649999618530273,0.0,32757800
2016-03-08,6.445424556732178,8.699999809265137,0.0,8.800000190734863,8.600000381469727,8.699999809265137,0.0,21167600
2016-03-09,6.519510269165039,8.800000190734863,0.0,8.800000190734863,8.649999618530273,8.699999809265137,0.0,18406100
2016-03-10,6.445424556732178,8.699999809265137,0.0,8.800000190734863,8.649999618530273,8.800000190734863,0.0,12750900
2016-03-11,6.482466697692871,8.75,0.0,8.800000190734863,8.699999809265137,8.699999809265137,0.0,14664000
2016-03-14,6.445424556732178,8.699999809265137,0.0,8.850000381469727,8.649999618530273,8.800000190734863,0.0,15113300
2016-03-15,6.371339321136475,8.600000381469727,0.0,8.699999809265137,8.600000381469727,8.649999618530273,0.0,17637800
2016-03-16,6.2602105140686035,8.449999809265137,0.0,8.699999809265137,8.399999618530273,8.649999618530273,0.0,29027100
2016-03-17,6.371339321136475,8.600000381469727,0.0,8.699999809265137,8.449999809265137,8.550000190734863,0.0,36753500
2016-03-18,6.371339321136475,8.600000381469727,0.0,8.699999809265137,8.600000381469727,8.699999809265137,0.0,15783200
2016-03-21,6.445424556732178,8.699999809265137,0.0,8.699999809265137,8.600000381469727,8.649999618530273,0.0,11471100
2016-03-22,6.408380508422852,8.649999618530273,0.0,8.699999809265137,8.600000381469727,8.699999809265137,0.0,23963600
2016-03-23,6.445424556732178,8.699999809265137,0.0,8.699999809265137,8.600000381469727,8.649999618530273,0.0,8702400
2016-03-24,6.445424556732178,8.699999809265137,0.0,8.699999809265137,8.600000381469727,8.649999618530273,0.0,23103200
2016-03-25,6.371339321136475,8.600000381469727,0.0,8.699999809265137,8.600000381469727,8.699999809265137,0.0,7201500
2016-03-28,6.371339321136475,8.600000381469727,0.0,8.649999618530273,8.550000190734863,8.649999618530273,0.0,13770200
2016-03-29,6.371339321136475,8.600000381469727,0.0,8.699999809265137,8.600000381469727,8.600000381469727,0.0,18209700
2016-03-30,6.556552886962891,8.850000381469727,0.0,9.0,8.699999809265137,8.699999809265137,0.0,94397500
2016-03-31,6.630638599395752,8.949999809265137,0.0,8.949999809265137,8.800000190734863,8.899999618530273,0.0,26310300
2016-04-01,6.556552886962891,8.850000381469727,0.0,9.0,8.75,9.0,0.0,35753300
2016-04-04,6.593594551086426,8.899999618530273,0.0,9.0,8.800000190734863,8.850000381469727,0.0,19540300
2016-04-05,6.593594551086426,8.899999618530273,0.0,9.0,8.899999618530273,9.0,0.0,33152200
2016-04-07,6.593594551086426,8.899999618530273,0.0,9.050000190734863,8.899999618530273,9.0,0.0,33404100
2016-04-08,6.6676812171936035,9.0,0.0,9.0,8.899999618530273,8.949999809265137,0.0,18867700
2016-04-11,6.556552886962891,8.850000381469727,0.0,9.0,8.850000381469727,9.0,0.0,13313600
2016-04-12,6.77880859375,9.149999618530273,0.0,9.149999618530273,8.850000381469727,8.850000381469727,0.0,29703400
2016-04-18,6.852893352508545,9.25,0.0,9.25,9.100000381469727,9.149999618530273,0.0,23606500
2016-04-19,6.889937400817871,9.300000190734863,0.0,9.300000190734863,9.149999618530273,9.25,0.0,29101500
2016-04-20,6.6676812171936035,9.0,0.0,9.300000190734863,8.949999809265137,9.25,0.0,61943200
2016-04-21,6.74176549911499,9.100000381469727,0.0,9.100000381469727,9.0,9.050000190734863,0.0,15911700
2016-04-22,6.6676812171936035,9.0,0.0,9.149999618530273,9.0,9.100000381469727,0.0,13542900
2016-04-25,6.852893352508545,9.25,0.0,9.25,9.0,9.0,0.0,25044700
2016-04-26,6.815851211547852,9.199999809265137,0.0,9.25,9.100000381469727,9.199999809265137,0.0,17795200
2016-04-27,6.77880859375,9.149999618530273,0.0,9.300000190734863,9.100000381469727,9.199999809265137,0.0,16694000
2016-04-28,6.74176549911499,9.100000381469727,0.0,9.199999809265137,9.050000190734863,9.199999809265137,0.0,12917900
2016-04-29,6.815851211547852,9.199999809265137,0.0,9.199999809265137,9.050000190734863,9.100000381469727,0.0,9364000
2016-05-03,6.77880859375,9.149999618530273,0.0,9.25,9.149999618530273,9.199999809265137,0.0,21325300
2016-05-04,6.815851211547852,9.199999809265137,0.0,9.199999809265137,9.050000190734863,9.199999809265137,0.0,14264100
2016-05-09,6.74176549911499,9.100000381469727,0.0,9.149999618530273,9.050000190734863,9.100000381469727,0.0,14334700
2016-05-10,6.74176549911499,9.100000381469727,0.0,9.149999618530273,9.050000190734863,9.100000381469727,0.0,14314400
2016-05-11,6.630638599395752,8.949999809265137,0.0,9.199999809265137,8.949999809265137,9.149999618530273,0.0,32136100
2016-05-12,6.6676812171936035,9.0,0.0,9.0,8.850000381469727,8.949999809265137,0.0,14320000
2016-05-13,6.6676812171936035,9.0,0.0,9.100000381469727,8.949999809265137,9.0,0.0,10247800
2016-05-16,6.630638599395752,8.949999809265137,0.0,9.100000381469727,8.949999809265137,9.100000381469727,0.0,11364500
2016-05-17,6.704722881317139,9.050000190734863,0.0,9.050000190734863,8.899999618530273,8.949999809265137,0.0,18835200
2016-05-18,6.630638599395752,8.949999809265137,0.0,9.050000190734863,8.899999618530273,9.0,0.0,21008700
2016-05-19,6.593594551086426,8.899999618530273,0.0,8.949999809265137,8.899999618530273,8.949999809265137,0.0,13647700
2016-05-23,6.556552886962891,8.850000381469727,0.0,8.949999809265137,8.800000190734863,8.899999618530273,0.0,13950600
2016-05-24,6.519510269165039,8.800000190734863,0.0,8.899999618530273,8.75,8.850000381469727,0.0,22984000
2016-05-25,6.556552886962891,8.850000381469727,0.0,8.899999618530273,8.75,8.850000381469727,0.0,18712200
2016-05-26,6.6676812171936035,9.0,0.0,9.100000381469727,8.899999618530273,8.949999809265137,0.0,35553300
2016-05-27,6.6676812171936035,9.0,0.0,9.050000190734863,8.949999809265137,9.0,0.0,18403200
2016-05-30,6.74176549911499,9.100000381469727,0.0,9.149999618530273,9.0,9.100000381469727,0.0,38038500
2016-05-31,6.74176549911499,9.100000381469727,0.0,9.149999618530273,9.0,9.149999618530273,0.0,44174000
2016-06-01,6.6676812171936035,9.0,0.0,9.149999618530273,9.0,9.100000381469727,0.0,28935900
2016-06-02,6.6676812171936035,9.0,0.0,9.100000381469727,9.0,9.050000190734863,0.0,35854600
2016-06-03,6.74176549911499,9.100000381469727,0.0,9.149999618530273,9.0,9.050000190734863,0.0,16746300
2016-06-06,6.815851211547852,9.199999809265137,0.0,9.199999809265137,9.100000381469727,9.149999618530273,0.0,20613100
2016-06-07,6.852893352508545,9.25,0.0,9.25,9.149999618530273,9.199999809265137,0.0,30967400
2016-06-08,6.852893352508545,9.25,0.0,9.25,9.149999618530273,9.25,0.0,19882800
2016-06-09,6.77880859375,9.149999618530273,0.0,9.25,9.149999618530273,9.25,0.0,17195500
2016-06-10,6.74176549911499,9.100000381469727,0.0,9.199999809265137,9.100000381469727,9.149999618530273,0.0,17937200
2016-06-13,6.704722881317139,9.050000190734863,0.0,9.100000381469727,9.0,9.100000381469727,0.0,23660000
2016-06-14,6.74176549911499,9.100000381469727,0.0,9.149999618530273,9.0,9.050000190734863,0.0,13622200
2016-06-15,6.77880859375,9.149999618530273,0.0,9.199999809265137,9.050000190734863,9.100000381469727,0.0,17190400
2016-06-16,6.74176549911499,9.100000381469727,0.0,9.149999618530273,9.050000190734863,9.149999618530273,0.0,13945100
2016-06-17,6.77880859375,9.149999618530273,0.0,9.149999618530273,9.050000190734863,9.100000381469727,0.0,14618900
2016-06-20,6.77880859375,9.149999618530273,0.0,9.149999618530273,9.100000381469727,9.149999618530273,0.0,9071800
2016-06-21,6.77880859375,9.149999618530273,0.0,9.149999618530273,9.100000381469727,9.149999618530273,0.0,9014200
2016-06-22,6.74176549911499,9.100000381469727,0.0,9.149999618530273,9.050000190734863,9.100000381469727,0.0,17651700
2016-06-23,6.74176549911499,9.100000381469727,0.0,9.100000381469727,8.949999809265137,9.100000381469727,0.0,34207100
2016-06-24,6.6676812171936035,9.0,0.0,9.100000381469727,8.949999809265137,9.050000190734863,0.0,52624300
2016-06-27,6.889937400817871,9.300000190734863,0.0,9.350000381469727,9.0,9.0,0.0,68346200
2016-06-28,6.9269795417785645,9.350000381469727,0.0,9.399999618530273,9.300000190734863,9.350000381469727,0.0,47357900
2016-06-29,7.038107395172119,9.5,0.0,9.5,9.300000190734863,9.350000381469727,0.0,84427600
2016-06-30,7.1121931076049805,9.600000381469727,0.0,9.699999809265137,9.5,9.550000190734863,0.0,75531000
2016-07-04,7.186278820037842,9.699999809265137,0.0,9.800000190734863,9.649999618530273,9.649999618530273,0.0,36206100
2016-07-05,7.1121931076049805,9.600000381469727,0.0,9.75,9.550000190734863,9.699999809265137,0.0,26308500
2016-07-06,7.1121931076049805,9.600000381469727,0.0,9.699999809265137,9.550000190734863,9.600000381469727,0.0,22081900
2016-07-07,7.1121931076049805,9.600000381469727,0.0,9.699999809265137,9.600000381469727,9.649999618530273,0.0,22988900
2016-07-08,7.149235248565674,9.649999618530273,0.0,9.699999809265137,9.600000381469727,9.649999618530273,0.0,22739000
2016-07-11,7.186278820037842,9.699999809265137,0.0,9.800000190734863,9.649999618530273,9.75,0.0,34340900
2016-07-12,7.260364532470703,9.800000190734863,0.0,9.800000190734863,9.649999618530273,9.699999809265137,0.0,26680300
2016-07-13,7.186278820037842,9.699999809265137,0.0,9.800000190734863,9.600000381469727,9.800000190734863,0.0,49217900
2016-07-14,7.186278820037842,9.699999809265137,0.0,9.699999809265137,9.600000381469727,9.699999809265137,0.0,29917100
2016-07-15,7.149235248565674,9.649999618530273,0.0,9.800000190734863,9.600000381469727,9.699999809265137,0.0,40880100
2016-07-20,7.223320484161377,9.75,0.0,9.75,9.649999618530273,9.699999809265137,0.0,37468200
2016-07-21,7.1121931076049805,9.600000381469727,0.0,9.75,9.550000190734863,9.75,0.0,57413800
2016-07-22,7.223320484161377,9.75,0.0,9.75,9.600000381469727,9.600000381469727,0.0,35272000
2016-07-25,7.186278820037842,9.699999809265137,0.0,9.75,9.649999618530273,9.75,0.0,37232300
2016-07-26,7.149235248565674,9.649999618530273,0.0,9.699999809265137,9.550000190734863,9.699999809265137,0.0,43169100
2016-07-27,7.223320484161377,9.75,0.0,9.800000190734863,9.649999618530273,9.649999618530273,0.0,94082700
2016-07-28,7.215642929077148,9.399999618530273,0.34,9.449999809265137,9.350000381469727,9.399999618530273,0.0,51078100
2016-07-29,7.215642929077148,9.399999618530273,0.0,9.5,9.350000381469727,9.399999618530273,0.0,37026300
2016-08-01,7.023738384246826,9.149999618530273,0.0,9.449999809265137,9.100000381469727,9.399999618530273,0.0,82987800
2016-08-02,7.100501537322998,9.25,0.0,9.350000381469727,9.149999618530273,9.149999618530273,0.0,39624600
2016-08-03,7.138882160186768,9.300000190734863,0.0,9.300000190734863,9.149999618530273,9.25,0.0,22294900
2016-08-04,7.100501537322998,9.25,0.0,9.300000190734863,9.100000381469727,9.300000190734863,0.0,28411400
2016-08-05,7.062119960784912,9.199999809265137,0.0,9.300000190734863,9.100000381469727,9.199999809265137,0.0,37317500
2016-08-08,7.100501537322998,9.25,0.0,9.300000190734863,9.199999809265137,9.300000190734863,0.0,40159500
2016-08-09,7.100501537322998,9.25,0.0,9.399999618530273,9.199999809265137,9.300000190734863,0.0,49729400
2016-08-10,7.062119960784912,9.199999809265137,0.0,9.300000190734863,9.100000381469727,9.25,0.0,52662400
2016-08-11,6.985357761383057,9.100000381469727,0.0,9.199999809265137,9.050000190734863,9.199999809265137,0.0,35407500
2016-08-15,6.946977138519287,9.050000190734863,0.0,9.149999618530273,9.0,9.050000190734863,0.0,30864700
2016-08-16,6.946977138519287,9.050000190734863,0.0,9.100000381469727,9.0,9.050000190734863,0.0,31308500
2016-08-17,6.946977138519287,9.050000190734863,0.0,9.149999618530273,9.0,9.050000190734863,0.0,28262900
2016-08-18,7.023738384246826,9.149999618530273,0.0,9.149999618530273,9.050000190734863,9.100000381469727,0.0,26388700
2016-08-19,7.023738384246826,9.149999618530273,0.0,9.199999809265137,9.100000381469727,9.149999618530273,0.0,29478800
2016-08-22,7.100501537322998,9.25,0.0,9.25,9.149999618530273,9.199999809265137,0.0,24420300
2016-08-23,7.100501537322998,9.25,0.0,9.25,9.050000190734863,9.100000381469727,0.0,44928800
2016-08-24,7.100501537322998,9.25,0.0,9.25,9.199999809265137,9.25,0.0,14414500
2016-08-25,7.062119960784912,9.199999809265137,0.0,9.300000190734863,9.199999809265137,9.25,0.0,21379200
2016-08-26,7.062119960784912,9.199999809265137,0.0,9.300000190734863,9.199999809265137,9.199999809265137,0.0,21301700
2016-08-29,7.062119960784912,9.199999809265137,0.0,9.350000381469727,9.199999809265137,9.199999809265137,0.0,49821200
2016-08-30,7.023738384246826,9.149999618530273,0.0,9.25,9.149999618530273,9.199999809265137,0.0,11718000
2016-08-31,6.946977138519287,9.050000190734863,0.0,9.199999809265137,9.050000190734863,9.149999618530273,0.0,41468600
2016-09-01,6.985357761383057,9.100000381469727,0.0,9.100000381469727,9.0,9.050000190734863,0.0,34629000
2016-09-02,7.023738384246826,9.149999618530273,0.0,9.149999618530273,9.0,9.050000190734863,0.0,18361600
2016-09-05,6.87021541595459,8.949999809265137,0.0,9.149999618530273,8.800000190734863,9.149999618530273,0.0,56784100
2016-09-06,6.908596038818359,9.0,0.0,9.0,8.899999618530273,8.899999618530273,0.0,22208000
2016-09-07,6.755071640014648,8.800000190734863,0.0,9.050000190734863,8.800000190734863,9.0,0.0,42586600
2016-09-08,6.716690540313721,8.75,0.0,8.850000381469727,8.600000381469727,8.800000190734863,0.0,65215200
2016-09-09,6.563166618347168,8.550000190734863,0.0,8.75,8.550000190734863,8.699999809265137,0.0,33694700
2016-09-12,6.371261119842529,8.300000190734863,0.0,8.550000190734863,8.300000190734863,8.5,0.0,44567900
2016-09-13,6.601547718048096,8.600000381469727,0.0,8.649999618530273,8.399999618530273,8.5,0.0,52695600
2016-09-14,6.601547718048096,8.600000381469727,0.0,8.649999618530273,8.5,8.600000381469727,0.0,16889600
2016-09-15,6.601547718048096,8.600000381469727,0.0,8.649999618530273,8.5,8.550000190734863,0.0,15488700
2016-09-16,6.678308963775635,8.699999809265137,0.0,8.699999809265137,8.5,8.699999809265137,0.0,56424200
2016-09-19,6.678308963775635,8.699999809265137,0.0,8.75,8.649999618530273,8.699999809265137,0.0,14371400
2016-09-20,6.601547718048096,8.600000381469727,0.0,8.699999809265137,8.550000190734863,8.699999809265137,0.0,22639500
2016-09-21,6.601547718048096,8.600000381469727,0.0,8.699999809265137,8.550000190734863,8.600000381469727,0.0,14705400
2016-09-22,6.755071640014648,8.800000190734863,0.0,8.850000381469727,8.649999618530273,8.75,0.0,32347600
2016-09-23,6.755071640014648,8.800000190734863,0.0,8.850000381469727,8.649999618530273,8.800000190734863,0.0,22480500
2016-09-26,6.601547718048096,8.600000381469727,0.0,8.699999809265137,8.600000381469727,8.649999618530273,0.0,13188400
2016-09-27,6.716690540313721,8.75,0.0,8.800000190734863,8.600000381469727,8.649999618530273,0.0,13633300
2016-09-28,6.678308963775635,8.699999809265137,0.0,8.800000190734863,8.649999618530273,8.699999809265137,0.0,15464400
2016-09-29,6.678308963775635,8.699999809265137,0.0,8.800000190734863,8.649999618530273,8.75,0.0,21731100
2016-09-30,6.639927864074707,8.649999618530273,0.0,8.699999809265137,8.600000381469727,8.649999618530273,0.0,15905400
2016-10-03,6.601547718048096,8.600000381469727,0.0,8.699999809265137,8.5,8.649999618530273,0.0,32917200
2016-10-04,6.678308963775635,8.699999809265137,0.0,8.75,8.600000381469727,8.649999618530273,0.0,18532500
2016-10-05,6.716690540313721,8.75,0.0,8.75,8.649999618530273,8.75,0.0,10270700
2016-10-06,6.601547718048096,8.600000381469727,0.0,8.75,8.600000381469727,8.699999809265137,0.0,15567800
2016-10-07,6.563166618347168,8.550000190734863,0.0,8.649999618530273,8.550000190734863,8.600000381469727,0.0,15162300
2016-10-10,6.4864044189453125,8.449999809265137,0.0,8.5,8.300000190734863,8.399999618530273,0.0,48012800
2016-10-11,6.371261119842529,8.300000190734863,0.0,8.449999809265137,8.300000190734863,8.449999809265137,0.0,29068300
2016-10-12,6.256117820739746,8.149999618530273,0.0,8.300000190734863,7.599999904632568,8.25,0.0,93236600
2016-10-13,6.140974044799805,8.0,0.0,8.050000190734863,7.75,8.0,0.0,84888300
2016-10-14,6.4864044189453125,8.449999809265137,0.0,8.5,8.25,8.399999618530273,0.0,45479700
2016-10-17,6.4864044189453125,8.449999809265137,0.0,8.5,8.399999618530273,8.449999809265137,0.0,13542100
2016-10-18,6.409641265869141,8.350000381469727,0.0,8.5,8.350000381469727,8.449999809265137,0.0,14081700
2016-10-19,6.448022365570068,8.399999618530273,0.0,8.5,8.350000381469727,8.350000381469727,0.0,18621900
2016-10-20,6.4864044189453125,8.449999809265137,0.0,8.5,8.399999618530273,8.449999809265137,0.0,8500700
2016-10-21,6.601547718048096,8.600000381469727,0.0,8.600000381469727,8.449999809265137,8.449999809265137,0.0,22506800
2016-10-25,6.639927864074707,8.649999618530273,0.0,8.699999809265137,8.600000381469727,8.649999618530273,0.0,17997800
2016-10-26,6.601547718048096,8.600000381469727,0.0,8.699999809265137,8.449999809265137,8.649999618530273,0.0,16048500
2016-10-27,6.601547718048096,8.600000381469727,0.0,8.600000381469727,8.5,8.550000190734863,0.0,7696500
2016-10-28,6.563166618347168,8.550000190734863,0.0,8.600000381469727,8.5,8.600000381469727,0.0,5882500
2016-10-31,6.563166618347168,8.550000190734863,0.0,8.600000381469727,8.449999809265137,8.550000190734863,0.0,10484800
2016-11-01,6.563166618347168,8.550000190734863,0.0,8.600000381469727,8.5,8.550000190734863,0.0,11332100
2016-11-02,6.601547718048096,8.600000381469727,0.0,8.600000381469727,8.5,8.550000190734863,0.0,6938100
2016-11-03,6.563166618347168,8.550000190734863,0.0,8.600000381469727,8.550000190734863,8.600000381469727,0.0,5159300
2016-11-04,6.563166618347168,8.550000190734863,0.0,8.550000190734863,8.5,8.5,0.0,8826400
2016-11-07,6.563166618347168,8.550000190734863,0.0,8.600000381469727,8.5,8.550000190734863,0.0,16417500
2016-11-08,6.563166618347168,8.550000190734863,0.0,8.699999809265137,8.5,8.600000381469727,0.0,35569400
2016-11-09,6.563166618347168,8.550000190734863,0.0,8.600000381469727,8.5,8.550000190734863,0.0,18854400
2016-11-10,6.678308963775635,8.699999809265137,0.0,8.899999618530273,8.600000381469727,8.649999618530273,0.0,56064100
2016-11-11,6.524784564971924,8.5,0.0,8.699999809265137,8.5,8.649999618530273,0.0,37908800
2016-11-14,6.4864044189453125,8.449999809265137,0.0,8.550000190734863,8.449999809265137,8.449999809265137,0.0,17163500
2016-11-15,6.4864044189453125,8.449999809265137,0.0,8.5,8.399999618530273,8.5,0.0,22959400
2016-11-16,6.4864044189453125,8.449999809265137,0.0,8.550000190734863,8.449999809265137,8.5,0.0,15362500
2016-11-17,6.4864044189453125,8.449999809265137,0.0,8.5,8.350000381469727,8.449999809265137,0.0,21333100
2016-11-18,6.409641265869141,8.350000381469727,0.0,8.449999809265137,8.350000381469727,8.449999809265137,0.0,13636600
2016-11-21,6.409641265869141,8.350000381469727,0.0,8.399999618530273,8.350000381469727,8.399999618530273,0.0,8032900
2016-11-22,6.371261119842529,8.300000190734863,0.0,8.449999809265137,8.300000190734863,8.350000381469727,0.0,18325300
2016-11-23,6.563166618347168,8.550000190734863,0.0,8.550000190734863,8.300000190734863,8.350000381469727,0.0,19108500
2016-11-24,6.448022365570068,8.399999618530273,0.0,8.550000190734863,8.399999618530273,8.5,0.0,12792300
2016-11-25,6.563166618347168,8.550000190734863,0.0,8.600000381469727,8.399999618530273,8.449999809265137,0.0,19564000
2016-11-28,6.524784564971924,8.5,0.0,8.600000381469727,8.449999809265137,8.550000190734863,0.0,16704900
2016-11-29,6.563166618347168,8.550000190734863,0.0,8.649999618530273,8.5,8.550000190734863,0.0,22394700
2016-11-30,6.678308963775635,8.699999809265137,0.0,8.699999809265137,8.550000190734863,8.550000190734863,0.0,48859200
2016-12-01,6.601547718048096,8.600000381469727,0.0,8.800000190734863,8.600000381469727,8.75,0.0,21365400
2016-12-02,6.524784564971924,8.5,0.0,8.649999618530273,8.5,8.600000381469727,0.0,14000700
2016-12-06,6.639927864074707,8.649999618530273,0.0,8.75,8.5,8.550000190734863,0.0,30196300
2016-12-07,6.79345178604126,8.850000381469727,0.0,9.0,8.800000190734863,8.800000190734863,0.0,110022400
2016-12-08,6.716690540313721,8.75,0.0,8.949999809265137,8.75,8.949999809265137,0.0,38734800
2016-12-09,6.678308963775635,8.699999809265137,0.0,8.850000381469727,8.699999809265137,8.75,0.0,25027100
2016-12-13,6.678308963775635,8.699999809265137,0.0,8.75,8.649999618530273,8.699999809265137,0.0,24890800
2016-12-14,6.563166618347168,8.550000190734863,0.0,8.699999809265137,8.5,8.649999618530273,0.0,44763200
2016-12-15,6.448022365570068,8.399999618530273,0.0,8.550000190734863,8.399999618530273,8.5,0.0,41484400
2016-12-16,6.4864044189453125,8.449999809265137,0.0,8.600000381469727,8.399999618530273,8.399999618530273,0.0,48605900
2016-12-19,6.4864044189453125,8.449999809265137,0.0,8.5,8.449999809265137,8.449999809265137,0.0,8146400
2016-12-20,6.4864044189453125,8.449999809265137,0.0,8.550000190734863,8.449999809265137,8.5,0.0,12776600
2016-12-21,6.448022365570068,8.399999618530273,0.0,8.5,8.399999618530273,8.449999809265137,0.0,11080400
2016-12-22,6.448022365570068,8.399999618530273,0.0,8.449999809265137,8.399999618530273,8.399999618530273,0.0,13730500
2016-12-23,6.448022365570068,8.399999618530273,0.0,8.5,8.399999618530273,8.399999618530273,0.0,14321400
2016-12-26,6.524784564971924,8.5,0.0,8.5,8.399999618530273,8.449999809265137,0.0,9327300
2016-12-27,6.524784564971924,8.5,0.0,8.550000190734863,8.449999809265137,8.449999809265137,0.0,7234400
2016-12-28,6.601547718048096,8.600000381469727,0.0,8.600000381469727,8.449999809265137,8.5,0.0,20034700
2016-12-29,6.639927864074707,8.649999618530273,0.0,8.649999618530273,8.550000190734863,8.600000381469727,0.0,24752800
2016-12-30,6.563166618347168,8.550000190734863,0.0,8.699999809265137,8.550000190734863,8.649999618530273,0.0,17088300
2017-01-04,6.678308963775635,8.699999809265137,0.0,8.699999809265137,8.600000381469727,8.600000381469727,0.0,21218100
2017-01-05,6.639927864074707,8.649999618530273,0.0,8.75,8.600000381469727,8.75,0.0,26683800
2017-01-06,6.601547718048096,8.600000381469727,0.0,8.699999809265137,8.600000381469727,8.649999618530273,0.0,18723200
2017-01-09,6.678308963775635,8.699999809265137,0.0,8.699999809265137,8.600000381469727,8.649999618530273,0.0,15143800
2017-01-10,6.678308963775635,8.699999809265137,0.0,8.699999809265137,8.600000381469727,8.699999809265137,0.0,27843900
2017-01-11,6.639927864074707,8.649999618530273,0.0,8.75,8.649999618530273,8.699999809265137,0.0,29821700
2017-01-12,6.639927864074707,8.649999618530273,0.0,8.699999809265137,8.649999618530273,8.699999809265137,0.0,15774800
2017-01-16,6.601547718048096,8.600000381469727,0.0,8.649999618530273,8.600000381469727,8.649999618530273,0.0,9377000
2017-01-17,6.601547718048096,8.600000381469727,0.0,8.649999618530273,8.600000381469727,8.649999618530273,0.0,11112000
2017-01-18,6.563166618347168,8.550000190734863,0.0,8.649999618530273,8.550000190734863,8.649999618530273,0.0,24959700
2017-01-19,6.614043712615967,8.449999809265137,0.165,8.5,8.399999618530273,8.449999809265137,0.0,25757000
2017-01-20,6.614043712615967,8.449999809265137,0.0,8.5,8.399999618530273,8.449999809265137,0.0,19535000
2017-01-23,6.65317964553833,8.5,0.0,8.5,8.399999618530273,8.449999809265137,0.0,22181000
2017-01-24,6.5749077796936035,8.399999618530273,0.0,8.5,8.399999618530273,8.5,0.0,17766100
2017-01-25,6.65317964553833,8.5,0.0,8.5,8.449999809265137,8.449999809265137,0.0,13539400
2017-01-26,6.65317964553833,8.5,0.0,8.5,8.399999618530273,8.5,0.0,20116900
2017-01-27,6.65317964553833,8.5,0.0,8.5,8.449999809265137,8.5,0.0,12645500
2017-01-30,6.65317964553833,8.5,0.0,8.5,8.399999618530273,8.449999809265137,0.0,8414900
2017-01-31,6.535770416259766,8.350000381469727,0.0,8.449999809265137,8.350000381469727,8.449999809265137,0.0,30804400
2017-02-01,6.535770416259766,8.350000381469727,0.0,8.449999809265137,8.350000381469727,8.350000381469727,0.0,26936200
2017-02-02,6.535770416259766,8.350000381469727,0.0,8.399999618530273,8.300000190734863,8.350000381469727,0.0,24323600
2017-02-03,6.535770416259766,8.350000381469727,0.0,8.399999618530273,8.300000190734863,8.350000381469727,0.0,15649500
2017-02-06,6.496634483337402,8.300000190734863,0.0,8.399999618530273,8.300000190734863,8.399999618530273,0.0,27245000
2017-02-07,6.496634483337402,8.300000190734863,0.0,8.350000381469727,8.300000190734863,8.300000190734863,0.0,18218500
2017-02-08,6.535770416259766,8.350000381469727,0.0,8.350000381469727,8.25,8.300000190734863,0.0,23347300
2017-02-09,6.535770416259766,8.350000381469727,0.0,8.399999618530273,8.300000190734863,8.300000190734863,0.0,17308400
2017-02-10,6.614043712615967,8.449999809265137,0.0,8.5,8.399999618530273,8.399999618530273,0.0,45050500
2017-02-14,6.535770416259766,8.350000381469727,0.0,8.5,8.300000190734863,8.5,0.0,23491000
2017-02-15,6.457498073577881,8.25,0.0,8.350000381469727,8.199999809265137,8.350000381469727,0.0,37824000
2017-02-16,6.457498073577881,8.25,0.0,8.300000190734863,8.25,8.25,0.0,12655000
2017-02-17,6.457498073577881,8.25,0.0,8.300000190734863,8.199999809265137,8.300000190734863,0.0,27076000
2017-02-20,6.535770416259766,8.350000381469727,0.0,8.399999618530273,8.199999809265137,8.25,0.0,17420200
2017-02-21,6.535770416259766,8.350000381469727,0.0,8.399999618530273,8.300000190734863,8.350000381469727,0.0,6444200
2017-02-22,6.496634483337402,8.300000190734863,0.0,8.350000381469727,8.25,8.350000381469727,0.0,22636800
2017-02-23,6.496634483337402,8.300000190734863,0.0,8.300000190734863,8.25,8.300000190734863,0.0,14626200
2017-02-24,6.496634483337402,8.300000190734863,0.0,8.350000381469727,8.25,8.300000190734863,0.0,19301300
2017-02-27,6.457498073577881,8.25,0.0,8.300000190734863,8.199999809265137,8.300000190734863,0.0,19214500
2017-02-28,6.418362140655518,8.199999809265137,0.0,8.300000190734863,8.199999809265137,8.25,0.0,21051600
2017-03-01,6.457498073577881,8.25,0.0,8.300000190734863,8.199999809265137,8.199999809265137,0.0,12369700
2017-03-02,6.496634483337402,8.300000190734863,0.0,8.350000381469727,8.25,8.300000190734863,0.0,16136400
2017-03-03,6.535770416259766,8.350000381469727,0.0,8.399999618530273,8.300000190734863,8.350000381469727,0.0,13588700
2017-03-06,6.535770416259766,8.350000381469727,0.0,8.399999618530273,8.300000190734863,8.399999618530273,0.0,19847500
2017-03-07,6.496634483337402,8.300000190734863,0.0,8.350000381469727,8.25,8.350000381469727,0.0,15820800
2017-03-08,6.457498073577881,8.25,0.0,8.300000190734863,8.25,8.300000190734863,0.0,11638900
2017-03-09,6.496634483337402,8.300000190734863,0.0,8.350000381469727,8.25,8.300000190734863,0.0,12630800
2017-03-10,6.457498073577881,8.25,0.0,8.350000381469727,8.25,8.300000190734863,0.0,14085300
2017-03-13,6.457498073577881,8.25,0.0,8.300000190734863,8.199999809265137,8.300000190734863,0.0,16235300
2017-03-14,6.457498073577881,8.25,0.0,8.300000190734863,8.199999809265137,8.25,0.0,12797700
2017-03-15,6.418362140655518,8.199999809265137,0.0,8.300000190734863,8.199999809265137,8.25,0.0,17104700
2017-03-16,6.457498073577881,8.25,0.0,8.300000190734863,8.199999809265137,8.25,0.0,16780800
2017-03-17,6.457498073577881,8.25,0.0,8.300000190734863,8.199999809265137,8.300000190734863,0.0,29143200
2017-03-20,6.496634483337402,8.300000190734863,0.0,8.300000190734863,8.25,8.25,0.0,13908500
2017-03-21,6.457498073577881,8.25,0.0,8.300000190734863,8.25,8.25,0.0,15201200
2017-03-22,6.535770416259766,8.350000381469727,0.0,8.350000381469727,8.199999809265137,8.25,0.0,20078200
2017-03-23,6.496634483337402,8.300000190734863,0.0,8.350000381469727,8.25,8.350000381469727,0.0,23360600
2017-03-24,6.535770416259766,8.350000381469727,0.0,8.399999618530273,8.25,8.25,0.0,23500000
2017-03-27,6.5749077796936035,8.399999618530273,0.0,8.449999809265137,8.350000381469727,8.350000381469727,0.0,32158600
2017-03-28,6.5749077796936035,8.399999618530273,0.0,8.5,8.399999618530273,8.449999809265137,0.0,22159400
2017-03-29,6.535770416259766,8.350000381469727,0.0,8.5,8.350000381469727,8.449999809265137,0.0,27345300
2017-03-30,6.614043712615967,8.449999809265137,0.0,8.449999809265137,8.350000381469727,8.350000381469727,0.0,23436100
2017-03-31,6.614043712615967,8.449999809265137,0.0,8.5,8.399999618530273,8.399999618530273,0.0,13167600
2017-04-03,6.65317964553833,8.5,0.0,8.5,8.449999809265137,8.5,0.0,10985600
2017-04-04,6.69231653213501,8.550000190734863,0.0,8.600000381469727,8.550000190734863,8.600000381469727,0.0,18965800
2017-04-05,6.69231653213501,8.550000190734863,0.0,8.649999618530273,8.550000190734863,8.600000381469727,0.0,46360400
2017-04-07,6.65317964553833,8.5,0.0,8.550000190734863,8.5,8.550000190734863,0.0,20955200
2017-04-10,6.614043712615967,8.449999809265137,0.0,8.5,8.399999618530273,8.5,0.0,15450000
2017-04-11,6.65317964553833,8.5,0.0,8.550000190734863,8.449999809265137,8.5,0.0,9585900
2017-04-12,6.65317964553833,8.5,0.0,8.5,8.399999618530273,8.449999809265137,0.0,12853800
2017-04-17,6.614043712615967,8.449999809265137,0.0,8.5,8.399999618530273,8.5,0.0,11752700
2017-04-18,6.65317964553833,8.5,0.0,8.550000190734863,8.399999618530273,8.449999809265137,0.0,15218700
2017-04-19,6.69231653213501,8.550000190734863,0.0,8.550000190734863,8.449999809265137,8.449999809265137,0.0,11824600
2017-04-20,6.69231653213501,8.550000190734863,0.0,8.600000381469727,8.5,8.600000381469727,0.0,25686300
2017-04-21,6.69231653213501,8.550000190734863,0.0,8.600000381469727,8.5,8.550000190734863,0.0,9690800
2017-04-24,6.65317964553833,8.5,0.0,8.600000381469727,8.5,8.550000190734863,0.0,12542000
2017-04-25,6.69231653213501,8.550000190734863,0.0,8.550000190734863,8.449999809265137,8.550000190734863,0.0,20626500
2017-04-26,6.69231653213501,8.550000190734863,0.0,8.600000381469727,8.449999809265137,8.550000190734863,0.0,13727900
2017-04-27,6.69231653213501,8.550000190734863,0.0,8.550000190734863,8.449999809265137,8.550000190734863,0.0,14103300
2017-04-28,6.65317964553833,8.5,0.0,8.550000190734863,8.449999809265137,8.5,0.0,14442000
2017-05-02,6.5749077796936035,8.399999618530273,0.0,8.5,8.399999618530273,8.449999809265137,0.0,21452200
2017-05-03,6.535770416259766,8.350000381469727,0.0,8.550000190734863,8.350000381469727,8.399999618530273,0.0,24659700
2017-05-04,6.535770416259766,8.350000381469727,0.0,8.399999618530273,8.350000381469727,8.399999618530273,0.0,12773500
2017-05-08,6.496634483337402,8.300000190734863,0.0,8.399999618530273,8.300000190734863,8.399999618530273,0.0,22066100
2017-05-09,6.535770416259766,8.350000381469727,0.0,8.449999809265137,8.300000190734863,8.300000190734863,0.0,16873200
2017-05-11,6.535770416259766,8.350000381469727,0.0,8.399999618530273,8.300000190734863,8.399999618530273,0.0,15872300
2017-05-12,6.496634483337402,8.300000190734863,0.0,8.399999618530273,8.25,8.350000381469727,0.0,19004400
2017-05-15,6.496634483337402,8.300000190734863,0.0,8.300000190734863,8.300000190734863,8.300000190734863,0.0,764900
2017-05-16,6.5749077796936035,8.399999618530273,0.0,8.399999618530273,8.300000190734863,8.350000381469727,0.0,9899100
2017-05-17,6.496634483337402,8.300000190734863,0.0,8.350000381469727,8.300000190734863,8.350000381469727,0.0,13630200
2017-05-18,6.535770416259766,8.350000381469727,0.0,8.350000381469727,8.300000190734863,8.300000190734863,0.0,7361200
2017-05-19,6.496634483337402,8.300000190734863,0.0,8.350000381469727,8.300000190734863,8.350000381469727,0.0,8111500
2017-05-22,6.5749077796936035,8.399999618530273,0.0,8.399999618530273,8.300000190734863,8.350000381469727,0.0,10801000
2017-05-23,6.5749077796936035,8.399999618530273,0.0,8.399999618530273,8.350000381469727,8.350000381469727,0.0,9092000
2017-05-24,6.535770416259766,8.350000381469727,0.0,8.399999618530273,8.350000381469727,8.350000381469727,0.0,4415600
2017-05-25,6.535770416259766,8.350000381469727,0.0,8.399999618530273,8.350000381469727,8.399999618530273,0.0,5631500
2017-05-26,6.496634483337402,8.300000190734863,0.0,8.399999618530273,8.25,8.350000381469727,0.0,41666800
2017-05-29,6.457498073577881,8.25,0.0,8.300000190734863,8.199999809265137,8.25,0.0,47520500
2017-05-30,6.5749077796936035,8.399999618530273,0.0,8.449999809265137,8.350000381469727,8.350000381469727,0.0,44918900
2017-05-31,6.69231653213501,8.550000190734863,0.0,8.600000381469727,8.399999618530273,8.449999809265137,0.0,72240200
2017-06-01,6.65317964553833,8.5,0.0,8.600000381469727,8.449999809265137,8.550000190734863,0.0,11484100
2017-06-02,6.65317964553833,8.5,0.0,8.550000190734863,8.5,8.550000190734863,0.0,12417100
2017-06-05,6.65317964553833,8.5,0.0,8.550000190734863,8.449999809265137,8.550000190734863,0.0,15029500
2017-06-06,6.65317964553833,8.5,0.0,8.550000190734863,8.449999809265137,8.5,0.0,6735300
2017-06-07,6.69231653213501,8.550000190734863,0.0,8.550000190734863,8.5,8.550000190734863,0.0,10411100
2017-06-08,6.65317964553833,8.5,0.0,8.550000190734863,8.5,8.550000190734863,0.0,5576900
2017-06-09,6.65317964553833,8.5,0.0,8.600000381469727,8.5,8.5,0.0,12540500
2017-06-12,6.614043712615967,8.449999809265137,0.0,8.550000190734863,8.449999809265137,8.5,0.0,6682100
2017-06-13,6.5749077796936035,8.399999618530273,0.0,8.5,8.399999618530273,8.449999809265137,0.0,9359000
2017-06-14,6.614043712615967,8.449999809265137,0.0,8.449999809265137,8.399999618530273,8.399999618530273,0.0,8171200
2017-06-15,6.5749077796936035,8.399999618530273,0.0,8.449999809265137,8.399999618530273,8.399999618530273,0.0,16748300
2017-06-16,6.5749077796936035,8.399999618530273,0.0,8.5,8.399999618530273,8.399999618530273,0.0,24313600
2017-06-19,6.614043712615967,8.449999809265137,0.0,8.550000190734863,8.449999809265137,8.449999809265137,0.0,29515800
2017-06-20,6.614043712615967,8.449999809265137,0.0,8.550000190734863,8.399999618530273,8.449999809265137,0.0,25662000
2017-06-21,6.69231653213501,8.550000190734863,0.0,8.550000190734863,8.449999809265137,8.5,0.0,18777900
2017-06-22,6.65317964553833,8.5,0.0,8.600000381469727,8.5,8.550000190734863,0.0,13879500
2017-06-23,6.770588397979736,8.649999618530273,0.0,8.699999809265137,8.5,8.5,0.0,54767900
2017-06-26,6.809725284576416,8.699999809265137,0.0,8.75,8.600000381469727,8.649999618530273,0.0,27194400
2017-06-27,6.65317964553833,8.5,0.0,8.649999618530273,8.5,8.649999618530273,0.0,32393100
2017-06-28,6.731452941894531,8.600000381469727,0.0,8.600000381469727,8.449999809265137,8.5,0.0,28616900
2017-06-29,6.614043712615967,8.449999809265137,0.0,8.649999618530273,8.399999618530273,8.600000381469727,0.0,46081000
2017-06-30,6.65317964553833,8.5,0.0,8.5,8.350000381469727,8.399999618530273,0.0,34605600
2017-07-03,6.614043712615967,8.449999809265137,0.0,8.5,8.399999618530273,8.5,0.0,10109600
2017-07-04,6.614043712615967,8.449999809265137,0.0,8.5,8.399999618530273,8.449999809265137,0.0,10484300
2017-07-05,6.65317964553833,8.5,0.0,8.5,8.449999809265137,8.5,0.0,7549300
2017-07-06,6.65317964553833,8.5,0.0,8.5,8.449999809265137,8.5,0.0,9021300
2017-07-07,6.65317964553833,8.5,0.0,8.550000190734863,8.449999809265137,8.5,0.0,18192000
2017-07-11,6.614043712615967,8.449999809265137,0.0,8.5,8.449999809265137,8.5,0.0,9772700
2017-07-12,6.614043712615967,8.449999809265137,0.0,8.5,8.449999809265137,8.5,0.0,8554000
2017-07-13,6.65317964553833,8.5,0.0,8.5,8.449999809265137,8.449999809265137,0.0,10336000
2017-07-14,6.614043712615967,8.449999809265137,0.0,8.5,8.399999618530273,8.449999809265137,0.0,13023100
2017-07-17,6.614043712615967,8.449999809265137,0.0,8.5,8.399999618530273,8.399999618530273,0.0,10123200
2017-07-18,6.731452941894531,8.600000381469727,0.0,8.600000381469727,8.449999809265137,8.449999809265137,0.0,26956900
2017-07-19,6.65317964553833,8.5,0.0,8.600000381469727,8.5,8.600000381469727,0.0,7800200
2017-07-20,6.65317964553833,8.5,0.0,8.550000190734863,8.5,8.5,0.0,4095300
2017-07-21,6.65317964553833,8.5,0.0,8.550000190734863,8.5,8.550000190734863,0.0,8692100
2017-07-24,6.65317964553833,8.5,0.0,8.550000190734863,8.5,8.5,0.0,9913700
2017-07-25,6.69231653213501,8.550000190734863,0.0,8.649999618530273,8.5,8.550000190734863,0.0,26563500
2017-07-26,6.731452941894531,8.600000381469727,0.0,8.699999809265137,8.550000190734863,8.550000190734863,0.0,33031200
2017-07-27,6.770588397979736,8.649999618530273,0.0,8.699999809265137,8.600000381469727,8.600000381469727,0.0,21765700
2017-07-31,6.731452941894531,8.600000381469727,0.0,8.699999809265137,8.600000381469727,8.649999618530273,0.0,29825900
2017-08-01,6.791376113891602,8.5,0.175,8.5,8.399999618530273,8.449999809265137,0.0,17901700
2017-08-02,6.871275424957275,8.600000381469727,0.0,8.600000381469727,8.449999809265137,8.550000190734863,0.0,30972200
2017-08-03,6.791376113891602,8.5,0.0,8.600000381469727,8.449999809265137,8.550000190734863,0.0,13859800
2017-08-04,6.871275424957275,8.600000381469727,0.0,8.600000381469727,8.5,8.5,0.0,15002400
2017-08-07,6.791376113891602,8.5,0.0,8.600000381469727,8.5,8.600000381469727,0.0,10614800
2017-08-08,6.791376113891602,8.5,0.0,8.550000190734863,8.5,8.550000190734863,0.0,7088600
2017-08-09,6.791376113891602,8.5,0.0,8.550000190734863,8.449999809265137,8.5,0.0,10717900
2017-08-10,6.751426696777344,8.449999809265137,0.0,8.5,8.449999809265137,8.5,0.0,4359400
2017-08-11,6.751426696777344,8.449999809265137,0.0,8.5,8.449999809265137,8.449999809265137,0.0,9725200
2017-08-15,6.751426696777344,8.449999809265137,0.0,8.5,8.449999809265137,8.449999809265137,0.0,7606300
2017-08-16,6.751426696777344,8.449999809265137,0.0,8.5,8.399999618530273,8.449999809265137,0.0,15604900
2017-08-17,6.791376113891602,8.5,0.0,8.550000190734863,8.449999809265137,8.449999809265137,0.0,20824700
2017-08-18,6.831325054168701,8.550000190734863,0.0,8.600000381469727,8.5,8.550000190734863,0.0,19772100
2017-08-21,6.871275424957275,8.600000381469727,0.0,8.600000381469727,8.550000190734863,8.600000381469727,0.0,6397600
2017-08-22,6.871275424957275,8.600000381469727,0.0,8.600000381469727,8.550000190734863,8.600000381469727,0.0,6541000
2017-08-23,6.791376113891602,8.5,0.0,8.600000381469727,8.449999809265137,8.600000381469727,0.0,24104500
2017-08-24,6.791376113891602,8.5,0.0,8.600000381469727,8.449999809265137,8.5,0.0,20893300
2017-08-25,6.791376113891602,8.5,0.0,8.550000190734863,8.449999809265137,8.5,0.0,8126900
2017-08-28,6.791376113891602,8.5,0.0,8.5,8.5,8.5,0.0,3273400
2017-08-29,7.071021556854248,8.850000381469727,0.0,8.850000381469727,8.550000190734863,8.550000190734863,0.0,110256400
2017-08-30,6.991123199462891,8.75,0.0,8.949999809265137,8.699999809265137,8.800000190734863,0.0,43818900
2017-08-31,6.911224842071533,8.649999618530273,0.0,8.800000190734863,8.649999618530273,8.75,0.0,30552100
2017-09-01,6.911224842071533,8.649999618530273,0.0,8.699999809265137,8.600000381469727,8.699999809265137,0.0,19960900
2017-09-04,6.911224842071533,8.649999618530273,0.0,8.75,8.600000381469727,8.649999618530273,0.0,21376500
2017-09-05,6.911224842071533,8.649999618530273,0.0,8.699999809265137,8.600000381469727,8.699999809265137,0.0,20182600
2017-09-06,6.911224842071533,8.649999618530273,0.0,8.699999809265137,8.600000381469727,8.649999618530273,0.0,11595600
2017-09-07,6.951174259185791,8.699999809265137,0.0,8.800000190734863,8.649999618530273,8.699999809265137,0.0,34642600
2017-09-08,6.911224842071533,8.649999618530273,0.0,8.75,8.600000381469727,8.75,0.0,27271100
2017-09-11,6.871275424957275,8.600000381469727,0.0,8.699999809265137,8.600000381469727,8.649999618530273,0.0,11996900
2017-09-12,6.871275424957275,8.600000381469727,0.0,8.649999618530273,8.550000190734863,8.600000381469727,0.0,26327700
2017-09-13,6.911224842071533,8.649999618530273,0.0,8.649999618530273,8.550000190734863,8.649999618530273,0.0,19074700
2017-09-14,6.911224842071533,8.649999618530273,0.0,8.649999618530273,8.550000190734863,8.600000381469727,0.0,21884800
2017-09-15,6.911224842071533,8.649999618530273,0.0,8.649999618530273,8.550000190734863,8.649999618530273,0.0,21284300
2017-09-18,6.911224842071533,8.649999618530273,0.0,8.649999618530273,8.550000190734863,8.649999618530273,0.0,27265400
2017-09-19,6.951174259185791,8.699999809265137,0.0,8.800000190734863,8.649999618530273,8.649999618530273,0.0,40616400
2017-09-20,6.951174259185791,8.699999809265137,0.0,8.699999809265137,8.600000381469727,8.699999809265137,0.0,11708600
2017-09-21,6.871275424957275,8.600000381469727,0.0,8.699999809265137,8.550000190734863,8.649999618530273,0.0,33380900
2017-09-22,6.831325054168701,8.550000190734863,0.0,8.600000381469727,8.550000190734863,8.550000190734863,0.0,22004800
2017-09-25,6.871275424957275,8.600000381469727,0.0,8.600000381469727,8.550000190734863,8.550000190734863,0.0,8011400
2017-09-26,6.831325054168701,8.550000190734863,0.0,8.649999618530273,8.550000190734863,8.600000381469727,0.0,10894600
2017-09-27,6.831325054168701,8.550000190734863,0.0,8.600000381469727,8.5,8.550000190734863,0.0,20931700
2017-09-28,6.871275424957275,8.600000381469727,0.0,8.600000381469727,8.5,8.550000190734863,0.0,33870500
2017-09-29,6.831325054168701,8.550000190734863,0.0,8.600000381469727,8.5,8.550000190734863,0.0,13504500
2017-10-02,6.871275424957275,8.600000381469727,0.0,8.649999618530273,8.550000190734863,8.550000190734863,0.0,28674000
2017-10-03,6.831325054168701,8.550000190734863,0.0,8.649999618530273,8.550000190734863,8.600000381469727,0.0,20487200
2017-10-04,6.831325054168701,8.550000190734863,0.0,8.600000381469727,8.550000190734863,8.600000381469727,0.0,21361600
2017-10-05,6.831325054168701,8.550000190734863,0.0,8.600000381469727,8.5,8.550000190734863,0.0,15648000
2017-10-06,6.871275424957275,8.600000381469727,0.0,8.600000381469727,8.550000190734863,8.600000381469727,0.0,10269200
2017-10-09,6.871275424957275,8.600000381469727,0.0,8.649999618530273,8.550000190734863,8.600000381469727,0.0,21613300
2017-10-10,6.791376113891602,8.5,0.0,8.600000381469727,8.5,8.550000190734863,0.0,23473200
2017-10-11,6.831325054168701,8.550000190734863,0.0,8.550000190734863,8.5,8.550000190734863,0.0,28796900
2017-10-12,6.831325054168701,8.550000190734863,0.0,8.550000190734863,8.399999618530273,8.5,0.0,47289500
2017-10-16,6.831325054168701,8.550000190734863,0.0,8.550000190734863,8.550000190734863,8.550000190734863,0.0,1555800
2017-10-17,6.791376113891602,8.5,0.0,8.550000190734863,8.449999809265137,8.5,0.0,20660100
2017-10-18,6.711478233337402,8.399999618530273,0.0,8.5,8.399999618530273,8.5,0.0,25306200
2017-10-19,6.711478233337402,8.399999618530273,0.0,8.5,8.399999618530273,8.449999809265137,0.0,34169400
2017-10-20,6.711478233337402,8.399999618530273,0.0,8.5,8.399999618530273,8.399999618530273,0.0,34032400
2017-10-24,6.751426696777344,8.449999809265137,0.0,8.550000190734863,8.449999809265137,8.449999809265137,0.0,26605600
2017-10-25,6.791376113891602,8.5,0.0,8.5,8.449999809265137,8.5,0.0,4847700
2017-10-27,6.751426696777344,8.449999809265137,0.0,8.5,8.449999809265137,8.449999809265137,0.0,13698800
2017-10-30,6.791376113891602,8.5,0.0,8.5,8.399999618530273,8.5,0.0,23955600
2017-10-31,6.791376113891602,8.5,0.0,8.5,8.449999809265137,8.449999809265137,0.0,14386500
2017-11-01,6.751426696777344,8.449999809265137,0.0,8.550000190734863,8.449999809265137,8.5,0.0,13487600
2017-11-02,6.751426696777344,8.449999809265137,0.0,8.5,8.449999809265137,8.5,0.0,13715100
2017-11-03,6.711478233337402,8.399999618530273,0.0,8.449999809265137,8.399999618530273,8.399999618530273,0.0,16570500
2017-11-06,6.711478233337402,8.399999618530273,0.0,8.449999809265137,8.399999618530273,8.399999618530273,0.0,9823300
2017-11-07,6.751426696777344,8.449999809265137,0.0,8.449999809265137,8.399999618530273,8.449999809265137,0.0,9017700
2017-11-08,6.751426696777344,8.449999809265137,0.0,8.5,8.350000381469727,8.399999618530273,0.0,22095500
2017-11-09,6.711478233337402,8.399999618530273,0.0,8.449999809265137,8.399999618530273,8.399999618530273,0.0,12587500
2017-11-10,6.6715288162231445,8.350000381469727,0.0,8.449999809265137,8.350000381469727,8.399999618530273,0.0,16102100
2017-11-13,6.631579875946045,8.300000190734863,0.0,8.399999618530273,8.300000190734863,8.350000381469727,0.0,14454300
2017-11-14,6.631579875946045,8.300000190734863,0.0,8.399999618530273,8.300000190734863,8.350000381469727,0.0,23360000
2017-11-15,6.631579875946045,8.300000190734863,0.0,8.350000381469727,8.300000190734863,8.300000190734863,0.0,29304600
2017-11-16,6.631579875946045,8.300000190734863,0.0,8.350000381469727,8.25,8.300000190734863,0.0,20889000
2017-11-17,6.591629981994629,8.25,0.0,8.350000381469727,8.25,8.300000190734863,0.0,24801900
2017-11-20,6.6715288162231445,8.350000381469727,0.0,8.399999618530273,8.25,8.300000190734863,0.0,33572600
2017-11-21,6.6715288162231445,8.350000381469727,0.0,8.350000381469727,8.350000381469727,8.350000381469727,0.0,24910700
2017-11-22,6.6715288162231445,8.350000381469727,0.0,8.399999618530273,8.300000190734863,8.350000381469727,0.0,11068800
2017-11-23,6.631579875946045,8.300000190734863,0.0,8.399999618530273,8.300000190734863,8.399999618530273,0.0,10438800
2017-11-24,6.591629981994629,8.25,0.0,8.350000381469727,8.25,8.300000190734863,0.0,19713900
2017-11-27,6.591629981994629,8.25,0.0,8.300000190734863,8.25,8.300000190734863,0.0,16080000
2017-11-28,6.6715288162231445,8.350000381469727,0.0,8.350000381469727,8.25,8.300000190734863,0.0,17809800
2017-11-29,6.551679611206055,8.199999809265137,0.0,8.350000381469727,8.199999809265137,8.300000190734863,0.0,40495100
2017-11-30,6.591629981994629,8.25,0.0,8.25,8.199999809265137,8.199999809265137,0.0,45345900
2017-12-01,6.591629981994629,8.25,0.0,8.25,8.199999809265137,8.25,0.0,11444100
2017-12-04,6.551679611206055,8.199999809265137,0.0,8.300000190734863,8.199999809265137,8.25,0.0,16959400
2017-12-06,6.631579875946045,8.300000190734863,0.0,8.300000190734863,8.199999809265137,8.25,0.0,20810000
2017-12-07,6.631579875946045,8.300000190734863,0.0,8.300000190734863,8.25,8.300000190734863,0.0,9814700
2017-12-08,6.631579875946045,8.300000190734863,0.0,8.350000381469727,8.25,8.300000190734863,0.0,17935300
2017-12-12,6.591629981994629,8.25,0.0,8.350000381469727,8.25,8.350000381469727,0.0,16648300
2017-12-13,6.6715288162231445,8.350000381469727,0.0,8.399999618530273,8.300000190734863,8.300000190734863,0.0,20353600
2017-12-14,6.631579875946045,8.300000190734863,0.0,8.399999618530273,8.300000190734863,8.399999618530273,0.0,9159600
2017-12-15,6.711478233337402,8.399999618530273,0.0,8.449999809265137,8.300000190734863,8.350000381469727,0.0,34937000
2017-12-18,6.631579875946045,8.300000190734863,0.0,8.449999809265137,8.300000190734863,8.449999809265137,0.0,23101500
2017-12-19,6.591629981994629,8.25,0.0,8.350000381469727,8.25,8.300000190734863,0.0,24294200
2017-12-20,6.551679611206055,8.199999809265137,0.0,8.300000190734863,8.199999809265137,8.300000190734863,0.0,34503500
2017-12-21,6.591629981994629,8.25,0.0,8.300000190734863,8.199999809265137,8.25,0.0,12790100
2017-12-22,6.6715288162231445,8.350000381469727,0.0,8.399999618530273,8.300000190734863,8.300000190734863,0.0,28210400
2017-12-25,6.711478233337402,8.399999618530273,0.0,8.5,8.399999618530273,8.399999618530273,0.0,19085500
2017-12-26,6.711478233337402,8.399999618530273,0.0,8.449999809265137,8.399999618530273,8.399999618530273,0.0,8937200
2017-12-27,6.6715288162231445,8.350000381469727,0.0,8.399999618530273,8.350000381469727,8.399999618530273,0.0,9264200
2017-12-28,6.591629981994629,8.25,0.0,8.399999618530273,8.25,8.350000381469727,0.0,21744600
2017-12-29,6.631579875946045,8.300000190734863,0.0,8.300000190734863,8.199999809265137,8.300000190734863,0.0,28209600
2018-01-03,6.631579875946045,8.300000190734863,0.0,8.350000381469727,8.25,8.300000190734863,0.0,23134000
2018-01-04,6.631579875946045,8.300000190734863,0.0,8.350000381469727,8.25,8.300000190734863,0.0,23021000
2018-01-05,6.591629981994629,8.25,0.0,8.399999618530273,8.25,8.350000381469727,0.0,44644100
2018-01-08,6.631579875946045,8.300000190734863,0.0,8.399999618530273,8.25,8.300000190734863,0.0,44309300
2018-01-09,6.751426696777344,8.449999809265137,0.0,8.449999809265137,8.449999809265137,8.449999809265137,0.0,5292900
2018-01-10,6.6715288162231445,8.350000381469727,0.0,8.449999809265137,8.300000190734863,8.449999809265137,0.0,48252500
2018-01-11,6.6715288162231445,8.350000381469727,0.0,8.399999618530273,8.350000381469727,8.399999618530273,0.0,13642100
2018-01-12,6.711478233337402,8.399999618530273,0.0,8.449999809265137,8.350000381469727,8.399999618530273,0.0,21433000
2018-01-15,6.711478233337402,8.399999618530273,0.0,8.449999809265137,8.350000381469727,8.449999809265137,0.0,22140800
2018-01-16,6.751426696777344,8.449999809265137,0.0,8.449999809265137,8.399999618530273,8.449999809265137,0.0,25584200
2018-01-17,6.711478233337402,8.399999618530273,0.0,8.5,8.399999618530273,8.449999809265137,0.0,36008600
2018-01-18,6.682952404022217,8.199999809265137,0.165,8.300000190734863,8.199999809265137,8.300000190734863,0.0,47870200
2018-01-19,6.682952404022217,8.199999809265137,0.0,8.25,8.199999809265137,8.25,0.0,23679300
2018-01-22,6.682952404022217,8.199999809265137,0.0,8.25,8.199999809265137,8.199999809265137,0.0,18668900
2018-01-23,6.642203330993652,8.149999618530273,0.0,8.25,8.100000381469727,8.199999809265137,0.0,58965800
2018-01-24,6.642203330993652,8.149999618530273,0.0,8.199999809265137,8.149999618530273,8.149999618530273,0.0,10825900
2018-01-25,6.560703754425049,8.050000190734863,0.0,8.199999809265137,8.050000190734863,8.199999809265137,0.0,69530500
2018-01-26,6.560703754425049,8.050000190734863,0.0,8.100000381469727,8.0,8.050000190734863,0.0,40617200
2018-01-29,6.601454257965088,8.100000381469727,0.0,8.100000381469727,8.0,8.100000381469727,0.0,32370300
2018-01-30,6.560703754425049,8.050000190734863,0.0,8.100000381469727,8.050000190734863,8.100000381469727,0.0,10146900
2018-01-31,6.560703754425049,8.050000190734863,0.0,8.100000381469727,8.0,8.050000190734863,0.0,31532400
2018-02-01,6.479203701019287,7.949999809265137,0.0,8.050000190734863,7.949999809265137,8.050000190734863,0.0,61887300
2018-02-02,6.560703754425049,8.050000190734863,0.0,8.100000381469727,7.949999809265137,8.0,0.0,33032200
2018-02-05,6.519954204559326,8.0,0.0,8.0,7.949999809265137,8.0,0.0,16160800
2018-02-06,6.397704601287842,7.849999904632568,0.0,7.900000095367432,7.75,7.849999904632568,0.0,58150800
2018-02-07,6.438455581665039,7.900000095367432,0.0,7.949999809265137,7.900000095367432,7.900000095367432,0.0,29760400
2018-02-08,6.438455581665039,7.900000095367432,0.0,7.900000095367432,7.800000190734863,7.900000095367432,0.0,29467900
2018-02-09,6.397704601287842,7.849999904632568,0.0,7.849999904632568,7.75,7.800000190734863,0.0,35566300
2018-02-12,6.519954204559326,8.0,0.0,8.050000190734863,7.849999904632568,7.849999904632568,0.0,30042400
2018-02-13,6.438455581665039,7.900000095367432,0.0,8.050000190734863,7.900000095367432,8.0,0.0,16821700
2018-02-14,6.519954204559326,8.0,0.0,8.0,7.949999809265137,7.949999809265137,0.0,12821000
2018-02-15,6.519954204559326,8.0,0.0,8.100000381469727,8.0,8.050000190734863,0.0,22042700
2018-02-16,6.601454257965088,8.100000381469727,0.0,8.149999618530273,8.050000190734863,8.100000381469727,0.0,40342500
2018-02-19,6.642203330993652,8.149999618530273,0.0,8.149999618530273,8.050000190734863,8.100000381469727,0.0,23344600
2018-02-20,6.642203330993652,8.149999618530273,0.0,8.199999809265137,8.100000381469727,8.149999618530273,0.0,27565600
2018-02-21,6.601454257965088,8.100000381469727,0.0,8.199999809265137,8.0,8.199999809265137,0.0,41589100
2018-02-22,6.642203330993652,8.149999618530273,0.0,8.149999618530273,8.050000190734863,8.100000381469727,0.0,21220700
2018-02-23,6.642203330993652,8.149999618530273,0.0,8.25,8.100000381469727,8.149999618530273,0.0,38689500
2018-02-26,6.682952404022217,8.199999809265137,0.0,8.199999809265137,8.149999618530273,8.199999809265137,0.0,11634200
2018-02-27,6.682952404022217,8.199999809265137,0.0,8.25,8.149999618530273,8.25,0.0,23450300
2018-02-28,6.642203330993652,8.149999618530273,0.0,8.25,8.149999618530273,8.149999618530273,0.0,19518100
2018-03-02,6.682952404022217,8.199999809265137,0.0,8.199999809265137,8.100000381469727,8.149999618530273,0.0,30405700
2018-03-05,6.682952404022217,8.199999809265137,0.0,8.25,8.149999618530273,8.199999809265137,0.0,25411400
2018-03-06,6.682952404022217,8.199999809265137,0.0,8.199999809265137,8.199999809265137,8.199999809265137,0.0,2592400
2018-03-07,6.723702430725098,8.25,0.0,8.25,8.149999618530273,8.25,0.0,19970300
2018-03-08,6.642203330993652,8.149999618530273,0.0,8.25,8.149999618530273,8.199999809265137,0.0,12242300
2018-03-09,6.682952404022217,8.199999809265137,0.0,8.25,8.149999618530273,8.199999809265137,0.0,15024200
2018-03-12,6.76445198059082,8.300000190734863,0.0,8.300000190734863,8.149999618530273,8.199999809265137,0.0,17061500
2018-03-13,6.76445198059082,8.300000190734863,0.0,8.300000190734863,8.199999809265137,8.300000190734863,0.0,13205500
2018-03-14,6.805202007293701,8.350000381469727,0.0,8.350000381469727,8.199999809265137,8.300000190734863,0.0,15959100
2018-03-15,6.845952033996582,8.399999618530273,0.0,8.399999618530273,8.300000190734863,8.350000381469727,0.0,25472200
2018-03-16,6.805202007293701,8.350000381469727,0.0,8.449999809265137,8.300000190734863,8.399999618530273,0.0,25908400
2018-03-19,6.805202007293701,8.350000381469727,0.0,8.350000381469727,8.300000190734863,8.350000381469727,0.0,12836700
2018-03-20,6.723702430725098,8.25,0.0,8.300000190734863,8.25,8.300000190734863,0.0,8309800
2018-03-21,6.76445198059082,8.300000190734863,0.0,8.350000381469727,8.25,8.300000190734863,0.0,13175300
2018-03-22,6.76445198059082,8.300000190734863,0.0,8.350000381469727,8.25,8.300000190734863,0.0,14927100
2018-03-23,6.76445198059082,8.300000190734863,0.0,8.350000381469727,8.25,8.300000190734863,0.0,13936600
2018-03-26,6.805202007293701,8.350000381469727,0.0,8.350000381469727,8.25,8.300000190734863,0.0,19415900
2018-03-27,6.76445198059082,8.300000190734863,0.0,8.350000381469727,8.300000190734863,8.350000381469727,0.0,6944700
2018-03-28,6.723702430725098,8.25,0.0,8.350000381469727,8.25,8.350000381469727,0.0,11385700
2018-03-29,6.76445198059082,8.300000190734863,0.0,8.399999618530273,8.25,8.25,0.0,55671300
2018-03-30,6.805202007293701,8.350000381469727,0.0,8.350000381469727,8.25,8.350000381469727,0.0,13323300
2018-04-02,6.76445198059082,8.300000190734863,0.0,8.350000381469727,8.25,8.300000190734863,0.0,15279300
2018-04-03,6.805202007293701,8.350000381469727,0.0,8.350000381469727,8.25,8.300000190734863,0.0,14241500
2018-04-04,6.682952404022217,8.199999809265137,0.0,8.350000381469727,8.199999809265137,8.300000190734863,0.0,24742500
2018-04-05,6.845952033996582,8.399999618530273,0.0,8.449999809265137,8.199999809265137,8.199999809265137,0.0,37445000
2018-04-09,6.886701583862305,8.449999809265137,0.0,8.449999809265137,8.350000381469727,8.350000381469727,0.0,42062000
2018-04-10,7.008950710296631,8.600000381469727,0.0,8.600000381469727,8.449999809265137,8.5,0.0,61096700
2018-04-11,7.008950710296631,8.600000381469727,0.0,8.699999809265137,8.550000190734863,8.550000190734863,0.0,58274200
2018-04-12,7.008950710296631,8.600000381469727,0.0,8.699999809265137,8.550000190734863,8.600000381469727,0.0,38220100
2018-04-17,6.96820068359375,8.550000190734863,0.0,8.649999618530273,8.550000190734863,8.600000381469727,0.0,21547800
2018-04-18,7.049700736999512,8.649999618530273,0.0,8.649999618530273,8.5,8.600000381469727,0.0,20713700
2018-04-19,7.049700736999512,8.649999618530273,0.0,8.699999809265137,8.600000381469727,8.649999618530273,0.0,27050300
2018-04-20,7.008950710296631,8.600000381469727,0.0,8.649999618530273,8.550000190734863,8.649999618530273,0.0,21926200
2018-04-23,7.049700736999512,8.649999618530273,0.0,8.699999809265137,8.550000190734863,8.550000190734863,0.0,19254500
2018-04-24,7.049700736999512,8.649999618530273,0.0,8.75,8.649999618530273,8.699999809265137,0.0,28724300
2018-04-25,7.049700736999512,8.649999618530273,0.0,8.649999618530273,8.550000190734863,8.600000381469727,0.0,18495400
2018-04-26,7.090449810028076,8.699999809265137,0.0,8.699999809265137,8.600000381469727,8.600000381469727,0.0,26351400
2018-04-27,7.131199836730957,8.75,0.0,8.800000190734863,8.699999809265137,8.75,0.0,38435000
2018-04-30,7.294198989868164,8.949999809265137,0.0,8.949999809265137,8.75,8.800000190734863,0.0,54504400
2018-05-02,7.416446685791016,9.100000381469727,0.0,9.100000381469727,8.899999618530273,8.899999618530273,0.0,92582500
2018-05-03,7.538697242736816,9.25,0.0,9.300000190734863,9.050000190734863,9.100000381469727,0.0,70068400
2018-05-04,7.538697242736816,9.25,0.0,9.300000190734863,9.149999618530273,9.25,0.0,54173500
2018-05-07,7.497947692871094,9.199999809265137,0.0,9.25,9.050000190734863,9.199999809265137,0.0,43305600
2018-05-08,7.497947692871094,9.199999809265137,0.0,9.300000190734863,9.149999618530273,9.149999618530273,0.0,59136300
2018-05-09,7.497947692871094,9.199999809265137,0.0,9.25,9.149999618530273,9.199999809265137,0.0,14387300
2018-05-10,7.497947692871094,9.199999809265137,0.0,9.350000381469727,9.199999809265137,9.199999809265137,0.0,75515300
2018-05-11,7.620195388793945,9.350000381469727,0.0,9.350000381469727,9.149999618530273,9.199999809265137,0.0,58341000
2018-05-14,7.70169734954834,9.449999809265137,0.0,9.5,9.350000381469727,9.399999618530273,0.0,56999900
2018-05-15,7.742445945739746,9.5,0.0,9.5,9.350000381469727,9.449999809265137,0.0,35318900
2018-05-16,7.660945892333984,9.399999618530273,0.0,9.449999809265137,9.350000381469727,9.449999809265137,0.0,29719300
2018-05-17,7.579446792602539,9.300000190734863,0.0,9.399999618530273,9.199999809265137,9.350000381469727,0.0,35392800
2018-05-18,7.70169734954834,9.449999809265137,0.0,9.449999809265137,9.25,9.25,0.0,46430200
2018-05-21,7.742445945739746,9.5,0.0,9.600000381469727,9.399999618530273,9.5,0.0,65757300
2018-05-22,7.70169734954834,9.449999809265137,0.0,9.5,9.350000381469727,9.5,0.0,20137100
2018-05-23,7.70169734954834,9.449999809265137,0.0,9.5,9.350000381469727,9.399999618530273,0.0,27370500
2018-05-24,7.783194541931152,9.550000190734863,0.0,9.550000190734863,9.399999618530273,9.449999809265137,0.0,43322300
2018-05-25,7.742445945739746,9.5,0.0,9.550000190734863,9.449999809265137,9.5,0.0,37690700
2018-05-28,7.742445945739746,9.5,0.0,9.550000190734863,9.399999618530273,9.5,0.0,16330100
2018-05-30,7.660945892333984,9.399999618530273,0.0,9.449999809265137,9.350000381469727,9.399999618530273,0.0,46137900
2018-05-31,7.905444622039795,9.699999809265137,0.0,9.699999809265137,9.399999618530273,9.449999809265137,0.0,117087700
2018-06-01,7.986944675445557,9.800000190734863,0.0,9.800000190734863,9.649999618530273,9.649999618530273,0.0,40229800
2018-06-04,8.027692794799805,9.850000381469727,0.0,9.899999618530273,9.75,9.800000190734863,0.0,46736500
2018-06-05,7.946193218231201,9.75,0.0,9.899999618530273,9.600000381469727,9.899999618530273,0.0,40297300
2018-06-06,7.864694118499756,9.649999618530273,0.0,9.850000381469727,9.550000190734863,9.800000190734863,0.0,52999100
2018-06-07,7.783194541931152,9.550000190734863,0.0,9.699999809265137,9.550000190734863,9.649999618530273,0.0,40658100
2018-06-08,7.864694118499756,9.649999618530273,0.0,9.649999618530273,9.550000190734863,9.550000190734863,0.0,37604800
2018-06-11,7.783194541931152,9.550000190734863,0.0,9.649999618530273,9.550000190734863,9.649999618530273,0.0,24283200
2018-06-12,7.783194541931152,9.550000190734863,0.0,9.600000381469727,9.5,9.550000190734863,0.0,28650800
2018-06-13,7.82394552230835,9.600000381469727,0.0,9.649999618530273,9.5,9.550000190734863,0.0,28410600
2018-06-14,7.783194541931152,9.550000190734863,0.0,9.600000381469727,9.5,9.550000190734863,0.0,17700700
2018-06-15,7.660945892333984,9.399999618530273,0.0,9.600000381469727,9.399999618530273,9.550000190734863,0.0,51931600
2018-06-18,7.579446792602539,9.300000190734863,0.0,9.449999809265137,9.100000381469727,9.300000190734863,0.0,57642000
2018-06-19,7.457197666168213,9.149999618530273,0.0,9.300000190734863,9.050000190734863,9.300000190734863,0.0,77849700
2018-06-20,7.660945892333984,9.399999618530273,0.0,9.399999618530273,9.100000381469727,9.149999618530273,0.0,51418600
2018-06-21,7.538697242736816,9.25,0.0,9.350000381469727,9.149999618530273,9.350000381469727,0.0,47466100
2018-06-22,7.497947692871094,9.199999809265137,0.0,9.300000190734863,9.149999618530273,9.300000190734863,0.0,32725500
2018-06-25,7.457197666168213,9.149999618530273,0.0,9.350000381469727,9.149999618530273,9.199999809265137,0.0,32460100
2018-06-26,7.416446685791016,9.100000381469727,0.0,9.25,9.100000381469727,9.149999618530273,0.0,40895100
2018-06-27,7.334950923919678,9.0,0.0,9.149999618530273,9.0,9.100000381469727,0.0,25452100
2018-06-28,7.334950923919678,9.0,0.0,9.149999618530273,8.899999618530273,9.0,0.0,43303100
2018-06-29,7.1719489097595215,8.800000190734863,0.0,9.050000190734863,8.800000190734863,9.0,0.0,48689700
2018-07-02,7.253448963165283,8.899999618530273,0.0,8.899999618530273,8.649999618530273,8.800000190734863,0.0,36240000
2018-07-03,7.497947692871094,9.199999809265137,0.0,9.25,8.899999618530273,8.899999618530273,0.0,29403100
2018-07-04,7.334950923919678,9.0,0.0,9.25,8.899999618530273,9.149999618530273,0.0,30167400
2018-07-05,7.334950923919678,9.0,0.0,9.149999618530273,9.0,9.050000190734863,0.0,18654600
2018-07-06,7.334950923919678,9.0,0.0,9.100000381469727,8.949999809265137,9.100000381469727,0.0,20915600
2018-07-09,7.416446685791016,9.100000381469727,0.0,9.149999618530273,9.0,9.050000190734863,0.0,15063900
2018-07-10,7.416446685791016,9.100000381469727,0.0,9.149999618530273,9.0,9.100000381469727,0.0,17902600
2018-07-11,7.416446685791016,9.100000381469727,0.0,9.100000381469727,9.0,9.0,0.0,17631900
2018-07-12,7.375698566436768,9.050000190734863,0.0,9.100000381469727,9.0,9.100000381469727,0.0,13605400
2018-07-13,7.416446685791016,9.100000381469727,0.0,9.149999618530273,9.050000190734863,9.050000190734863,0.0,19138500
2018-07-16,7.416446685791016,9.100000381469727,0.0,9.100000381469727,9.0,9.050000190734863,0.0,16025900
2018-07-17,7.416446685791016,9.100000381469727,0.0,9.100000381469727,9.050000190734863,9.050000190734863,0.0,6568300
2018-07-18,7.620195388793945,9.350000381469727,0.0,9.350000381469727,9.100000381469727,9.100000381469727,0.0,31459800
2018-07-19,7.538697242736816,9.25,0.0,9.399999618530273,9.199999809265137,9.399999618530273,0.0,24857800
2018-07-20,7.579446792602539,9.300000190734863,0.0,9.350000381469727,9.25,9.300000190734863,0.0,19778200
2018-07-23,7.620195388793945,9.350000381469727,0.0,9.399999618530273,9.25,9.300000190734863,0.0,25462000
2018-07-24,7.620195388793945,9.350000381469727,0.0,9.449999809265137,9.300000190734863,9.350000381469727,0.0,18233800
2018-07-25,7.660945892333984,9.399999618530273,0.0,9.449999809265137,9.350000381469727,9.350000381469727,0.0,30716600
2018-07-26,7.70169734954834,9.449999809265137,0.0,9.5,9.399999618530273,9.449999809265137,0.0,24816000
2018-07-31,7.70169734954834,9.449999809265137,0.0,9.449999809265137,9.300000190734863,9.449999809265137,0.0,32959800
2018-08-01,7.606100082397461,9.149999618530273,0.185,9.300000190734863,9.050000190734863,9.25,0.0,35008000
2018-08-02,7.6476640701293945,9.199999809265137,0.0,9.199999809265137,9.050000190734863,9.149999618530273,0.0,20044400
2018-08-03,7.6476640701293945,9.199999809265137,0.0,9.300000190734863,9.149999618530273,9.199999809265137,0.0,18459600
2018-08-06,7.689227104187012,9.25,0.0,9.350000381469727,9.199999809265137,9.25,0.0,21783500
2018-08-07,7.81391716003418,9.399999618530273,0.0,9.399999618530273,9.25,9.300000190734863,0.0,24164600
2018-08-08,7.772352695465088,9.350000381469727,0.0,9.449999809265137,9.300000190734863,9.399999618530273,0.0,19676800
2018-08-09,7.81391716003418,9.399999618530273,0.0,9.399999618530273,9.300000190734863,9.350000381469727,0.0,19797300
2018-08-10,7.689227104187012,9.25,0.0,9.449999809265137,9.25,9.399999618530273,0.0,17347900
2018-08-14,7.689227104187012,9.25,0.0,9.25,9.149999618530273,9.199999809265137,0.0,32204900
2018-08-15,7.564535617828369,9.100000381469727,0.0,9.199999809265137,9.0,9.199999809265137,0.0,38059100
2018-08-16,7.606100082397461,9.149999618530273,0.0,9.149999618530273,9.050000190734863,9.050000190734863,0.0,13002000
2018-08-17,7.689227104187012,9.25,0.0,9.350000381469727,9.199999809265137,9.199999809265137,0.0,30769600
2018-08-20,7.6476640701293945,9.199999809265137,0.0,9.300000190734863,9.149999618530273,9.300000190734863,0.0,24148700
2018-08-21,7.6476640701293945,9.199999809265137,0.0,9.199999809265137,9.149999618530273,9.149999618530273,0.0,14257500
2018-08-22,7.6476640701293945,9.199999809265137,0.0,9.199999809265137,9.100000381469727,9.199999809265137,0.0,20548600
2018-08-23,7.606100082397461,9.149999618530273,0.0,9.25,9.149999618530273,9.199999809265137,0.0,14058800
2018-08-24,7.606100082397461,9.149999618530273,0.0,9.199999809265137,9.149999618530273,9.149999618530273,0.0,9034300
2018-08-27,7.772352695465088,9.350000381469727,0.0,9.350000381469727,9.149999618530273,9.149999618530273,0.0,55445600
2018-08-28,7.772352695465088,9.350000381469727,0.0,9.399999618530273,9.300000190734863,9.399999618530273,0.0,35454300
2018-08-29,7.730790138244629,9.300000190734863,0.0,9.399999618530273,9.25,9.399999618530273,0.0,15780500
2018-08-30,7.730790138244629,9.300000190734863,0.0,9.300000190734863,9.25,9.300000190734863,0.0,7533400
2018-08-31,7.689227104187012,9.25,0.0,9.300000190734863,9.199999809265137,9.300000190734863,0.0,22774400
2018-09-03,7.6476640701293945,9.199999809265137,0.0,9.25,9.149999618530273,9.199999809265137,0.0,16408700
2018-09-04,7.606100082397461,9.149999618530273,0.0,9.25,9.149999618530273,9.199999809265137,0.0,10488900
2018-09-05,7.52297306060791,9.050000190734863,0.0,9.149999618530273,9.050000190734863,9.149999618530273,0.0,20293900
2018-09-06,7.606100082397461,9.149999618530273,0.0,9.199999809265137,9.050000190734863,9.050000190734863,0.0,19423700
2018-09-07,7.6476640701293945,9.199999809265137,0.0,9.25,9.100000381469727,9.149999618530273,0.0,17851100
2018-09-10,7.6476640701293945,9.199999809265137,0.0,9.199999809265137,9.149999618530273,9.149999618530273,0.0,7835200
2018-09-11,7.564535617828369,9.100000381469727,0.0,9.25,9.100000381469727,9.149999618530273,0.0,19031000
2018-09-12,7.52297306060791,9.050000190734863,0.0,9.149999618530273,9.050000190734863,9.100000381469727,0.0,11454300
2018-09-13,7.689227104187012,9.25,0.0,9.300000190734863,9.100000381469727,9.100000381469727,0.0,41879500
2018-09-14,7.6476640701293945,9.199999809265137,0.0,9.300000190734863,9.199999809265137,9.25,0.0,30435200
2018-09-17,7.730790138244629,9.300000190734863,0.0,9.350000381469727,9.149999618530273,9.149999618530273,0.0,28859400
2018-09-18,7.772352695465088,9.350000381469727,0.0,9.449999809265137,9.25,9.300000190734863,0.0,42706400
2018-09-19,7.730790138244629,9.300000190734863,0.0,9.449999809265137,9.25,9.399999618530273,0.0,70429200
2018-09-20,7.772352695465088,9.350000381469727,0.0,9.399999618530273,9.25,9.350000381469727,0.0,31883600
2018-09-21,7.772352695465088,9.350000381469727,0.0,9.399999618530273,9.300000190734863,9.350000381469727,0.0,26455600
2018-09-24,7.730790138244629,9.300000190734863,0.0,9.449999809265137,9.300000190734863,9.350000381469727,0.0,29061800
2018-09-25,7.730790138244629,9.300000190734863,0.0,9.350000381469727,9.25,9.300000190734863,0.0,11390300
2018-09-26,7.772352695465088,9.350000381469727,0.0,9.350000381469727,9.25,9.300000190734863,0.0,18802500
2018-09-27,7.772352695465088,9.350000381469727,0.0,9.350000381469727,9.25,9.350000381469727,0.0,19848600
2018-09-28,7.730790138244629,9.300000190734863,0.0,9.399999618530273,9.300000190734863,9.350000381469727,0.0,14331100
2018-10-01,7.689227104187012,9.25,0.0,9.399999618530273,9.25,9.350000381469727,0.0,19664900
2018-10-02,7.689227104187012,9.25,0.0,9.399999618530273,9.25,9.25,0.0,32664500
2018-10-03,7.689227104187012,9.25,0.0,9.399999618530273,9.25,9.300000190734863,0.0,16394900
2018-10-04,7.6476640701293945,9.199999809265137,0.0,9.350000381469727,9.199999809265137,9.25,0.0,20568400
2018-10-05,7.606100082397461,9.149999618530273,0.0,9.25,9.149999618530273,9.25,0.0,18521200
2018-10-08,7.52297306060791,9.050000190734863,0.0,9.199999809265137,9.050000190734863,9.149999618530273,0.0,24640000
2018-10-09,7.564535617828369,9.100000381469727,0.0,9.149999618530273,9.050000190734863,9.050000190734863,0.0,18860900
2018-10-10,7.564535617828369,9.100000381469727,0.0,9.199999809265137,9.050000190734863,9.149999618530273,0.0,16943800
2018-10-11,7.481411933898926,9.0,0.0,9.050000190734863,8.899999618530273,9.050000190734863,0.0,46749100
2018-10-12,7.52297306060791,9.050000190734863,0.0,9.100000381469727,9.0,9.0,0.0,13098000
2018-10-16,7.481411933898926,9.0,0.0,9.050000190734863,8.899999618530273,9.050000190734863,0.0,26799900
2018-10-17,7.481411933898926,9.0,0.0,9.100000381469727,9.0,9.050000190734863,0.0,9324000
2018-10-18,7.481411933898926,9.0,0.0,9.050000190734863,8.949999809265137,9.050000190734863,0.0,8754600
2018-10-19,7.439846992492676,8.949999809265137,0.0,9.050000190734863,8.899999618530273,9.0,0.0,20681700
2018-10-22,7.439846992492676,8.949999809265137,0.0,9.050000190734863,8.949999809265137,9.0,0.0,10831000
2018-10-24,7.356720447540283,8.850000381469727,0.0,8.949999809265137,8.850000381469727,8.899999618530273,0.0,18698100
2018-10-25,7.481411933898926,9.0,0.0,9.0,8.75,8.800000190734863,0.0,43113100
2018-10-26,7.481411933898926,9.0,0.0,9.050000190734863,8.949999809265137,8.949999809265137,0.0,11051700
2018-10-29,7.481411933898926,9.0,0.0,9.050000190734863,8.949999809265137,9.0,0.0,9803300
2018-10-30,7.52297306060791,9.050000190734863,0.0,9.050000190734863,8.899999618530273,8.949999809265137,0.0,8139400
2018-10-31,7.606100082397461,9.149999618530273,0.0,9.149999618530273,9.050000190734863,9.100000381469727,0.0,16658200
2018-11-01,7.606100082397461,9.149999618530273,0.0,9.199999809265137,9.100000381469727,9.149999618530273,0.0,10359300
2018-11-02,7.606100082397461,9.149999618530273,0.0,9.25,9.149999618530273,9.25,0.0,15340900
2018-11-05,7.606100082397461,9.149999618530273,0.0,9.199999809265137,9.149999618530273,9.149999618530273,0.0,8699500
2018-11-06,7.6476640701293945,9.199999809265137,0.0,9.25,9.149999618530273,9.199999809265137,0.0,7229200
2018-11-07,7.730790138244629,9.300000190734863,0.0,9.300000190734863,9.199999809265137,9.199999809265137,0.0,16348000
2018-11-08,7.81391716003418,9.399999618530273,0.0,9.5,9.300000190734863,9.350000381469727,0.0,43771700
2018-11-09,7.772352695465088,9.350000381469727,0.0,9.399999618530273,9.300000190734863,9.399999618530273,0.0,9779100
2018-11-12,7.730790138244629,9.300000190734863,0.0,9.449999809265137,9.300000190734863,9.399999618530273,0.0,14389500
2018-11-13,7.81391716003418,9.399999618530273,0.0,9.399999618530273,9.25,9.25,0.0,17812800
2018-11-14,7.81391716003418,9.399999618530273,0.0,9.399999618530273,9.300000190734863,9.350000381469727,0.0,9047900
2018-11-15,7.772352695465088,9.350000381469727,0.0,9.449999809265137,9.300000190734863,9.399999618530273,0.0,14931200
2018-11-16,7.730790138244629,9.300000190734863,0.0,9.350000381469727,9.300000190734863,9.300000190734863,0.0,5637100
2018-11-19,7.81391716003418,9.399999618530273,0.0,9.399999618530273,9.300000190734863,9.350000381469727,0.0,13473700
2018-11-20,7.730790138244629,9.300000190734863,0.0,9.399999618530273,9.199999809265137,9.350000381469727,0.0,16583300
2018-11-21,7.730790138244629,9.300000190734863,0.0,9.350000381469727,9.25,9.25,0.0,11361000
2018-11-22,7.81391716003418,9.399999618530273,0.0,9.399999618530273,9.300000190734863,9.350000381469727,0.0,17034000
2018-11-23,7.730790138244629,9.300000190734863,0.0,9.399999618530273,9.199999809265137,9.399999618530273,0.0,24259400
2018-11-26,7.81391716003418,9.399999618530273,0.0,9.399999618530273,9.300000190734863,9.300000190734863,0.0,11940700
2018-11-27,7.81391716003418,9.399999618530273,0.0,9.449999809265137,9.350000381469727,9.399999618530273,0.0,14923100
2018-11-28,7.855482578277588,9.449999809265137,0.0,9.449999809265137,9.350000381469727,9.399999618530273,0.0,18816900
2018-11-29,7.81391716003418,9.399999618530273,0.0,9.449999809265137,9.350000381469727,9.449999809265137,0.0,24007800
2018-11-30,7.855482578277588,9.449999809265137,0.0,9.5,9.350000381469727,9.399999618530273,0.0,47246400
2018-12-03,7.855482578277588,9.449999809265137,0.0,9.550000190734863,9.399999618530273,9.5,0.0,34741900
2018-12-04,7.938607215881348,9.550000190734863,0.0,9.550000190734863,9.449999809265137,9.5,0.0,32051700
2018-12-06,7.938607215881348,9.550000190734863,0.0,9.600000381469727,9.449999809265137,9.449999809265137,0.0,33311000
2018-12-07,7.938607215881348,9.550000190734863,0.0,9.649999618530273,9.5,9.600000381469727,0.0,22518700
2018-12-11,7.897045612335205,9.5,0.0,9.600000381469727,9.399999618530273,9.550000190734863,0.0,24622900
2018-12-12,7.855482578277588,9.449999809265137,0.0,9.550000190734863,9.399999618530273,9.550000190734863,0.0,11526600
2018-12-13,7.897045612335205,9.5,0.0,9.550000190734863,9.449999809265137,9.449999809265137,0.0,19456400
2018-12-14,7.6476640701293945,9.199999809265137,0.0,9.449999809265137,9.100000381469727,9.399999618530273,0.0,42580800
2018-12-17,7.606100082397461,9.149999618530273,0.0,9.199999809265137,9.100000381469727,9.149999618530273,0.0,19025700
2018-12-18,7.6476640701293945,9.199999809265137,0.0,9.399999618530273,9.100000381469727,9.149999618530273,0.0,25713700
2018-12-19,7.81391716003418,9.399999618530273,0.0,9.399999618530273,9.199999809265137,9.25,0.0,20032600
2018-12-20,7.81391716003418,9.399999618530273,0.0,9.399999618530273,9.25,9.350000381469727,0.0,11580300
2018-12-21,7.938607215881348,9.550000190734863,0.0,9.649999618530273,9.350000381469727,9.350000381469727,0.0,58795900
2018-12-24,8.021733283996582,9.649999618530273,0.0,9.699999809265137,9.550000190734863,9.550000190734863,0.0,40096900
2018-12-25,7.855482578277588,9.449999809265137,0.0,9.600000381469727,9.399999618530273,9.550000190734863,0.0,19195400
2018-12-26,7.855482578277588,9.449999809265137,0.0,9.5,9.350000381469727,9.399999618530273,0.0,14939800
2018-12-27,7.81391716003418,9.399999618530273,0.0,9.600000381469727,9.350000381469727,9.550000190734863,0.0,23548900
2018-12-28,7.938607215881348,9.550000190734863,0.0,9.600000381469727,9.399999618530273,9.399999618530273,0.0,11828200
2019-01-02,7.897045612335205,9.5,0.0,9.649999618530273,9.5,9.550000190734863,0.0,22941400
2019-01-03,7.897045612335205,9.5,0.0,9.600000381469727,9.449999809265137,9.5,0.0,13336400
2019-01-04,7.897045612335205,9.5,0.0,9.550000190734863,9.449999809265137,9.5,0.0,9437400
2019-01-07,7.897045612335205,9.5,0.0,9.600000381469727,9.449999809265137,9.550000190734863,0.0,23276800
2019-01-08,7.897045612335205,9.5,0.0,9.550000190734863,9.449999809265137,9.550000190734863,0.0,12684300
2019-01-09,7.897045612335205,9.5,0.0,9.600000381469727,9.5,9.550000190734863,0.0,15086200
2019-01-10,7.938607215881348,9.550000190734863,0.0,9.600000381469727,9.399999618530273,9.5,0.0,27801300
2019-01-11,8.021733283996582,9.649999618530273,0.0,9.649999618530273,9.5,9.550000190734863,0.0,12660100
2019-01-14,8.021733283996582,9.649999618530273,0.0,9.649999618530273,9.550000190734863,9.600000381469727,0.0,18128800
2019-01-15,7.938607215881348,9.550000190734863,0.0,9.699999809265137,9.550000190734863,9.600000381469727,0.0,18434700
2019-01-16,7.938607215881348,9.550000190734863,0.0,9.600000381469727,9.5,9.550000190734863,0.0,16468100
2019-01-17,8.021733283996582,9.649999618530273,0.0,9.699999809265137,9.550000190734863,9.550000190734863,0.0,26151500
2019-01-18,8.080965995788574,9.550000190734863,0.17,9.600000381469727,9.449999809265137,9.5,0.0,22853100
2019-01-21,8.03865909576416,9.5,0.0,9.600000381469727,9.5,9.600000381469727,0.0,18280300
2019-01-22,8.123274803161621,9.600000381469727,0.0,9.600000381469727,9.5,9.550000190734863,0.0,13160600
2019-01-23,8.250200271606445,9.75,0.0,9.75,9.550000190734863,9.600000381469727,0.0,49955400
2019-01-24,8.461745262145996,10.0,0.0,10.0,9.75,9.800000190734863,0.0,74088300
2019-01-25,8.377126693725586,9.899999618530273,0.0,10.0,9.899999618530273,10.0,0.0,26567800
2019-01-28,8.461745262145996,10.0,0.0,10.100000381469727,9.899999618530273,9.949999809265137,0.0,61693700
2019-01-29,8.41943645477295,9.949999809265137,0.0,10.0,9.850000381469727,9.949999809265137,0.0,27709400
2019-01-30,8.630979537963867,10.199999809265137,0.0,10.199999809265137,9.949999809265137,9.949999809265137,0.0,45334400
2019-01-31,8.461745262145996,10.0,0.0,10.199999809265137,9.899999618530273,10.199999809265137,0.0,46846300
2019-02-01,8.54636287689209,10.100000381469727,0.0,10.100000381469727,9.949999809265137,9.949999809265137,0.0,31928300
2019-02-04,8.41943645477295,9.949999809265137,0.0,10.100000381469727,9.949999809265137,10.0,0.0,23847400
2019-02-05,8.377126693725586,9.899999618530273,0.0,10.0,9.850000381469727,9.949999809265137,0.0,23113700
2019-02-06,8.461745262145996,10.0,0.0,10.100000381469727,9.850000381469727,9.899999618530273,0.0,34868600
2019-02-07,8.377126693725586,9.899999618530273,0.0,10.100000381469727,9.899999618530273,10.0,0.0,14617900
2019-02-08,8.377126693725586,9.899999618530273,0.0,9.949999809265137,9.75,9.800000190734863,0.0,43627800
2019-02-11,8.41943645477295,9.949999809265137,0.0,10.0,9.850000381469727,9.899999618530273,0.0,20319300
2019-02-12,8.377126693725586,9.899999618530273,0.0,10.0,9.899999618530273,9.949999809265137,0.0,16099000
2019-02-13,8.461745262145996,10.0,0.0,10.100000381469727,9.899999618530273,9.949999809265137,0.0,43043900
2019-02-14,8.41943645477295,9.949999809265137,0.0,10.100000381469727,9.899999618530273,10.0,0.0,19080500
2019-02-15,8.715597152709961,10.300000190734863,0.0,10.300000190734863,10.0,10.100000381469727,0.0,99178600
2019-02-18,8.630979537963867,10.199999809265137,0.0,10.399999618530273,10.199999809265137,10.300000190734863,0.0,20780200
2019-02-20,8.630979537963867,10.199999809265137,0.0,10.199999809265137,9.949999809265137,10.199999809265137,0.0,34468600
2019-02-21,8.715597152709961,10.300000190734863,0.0,10.300000190734863,10.100000381469727,10.199999809265137,0.0,19795400
2019-02-22,8.800213813781738,10.399999618530273,0.0,10.399999618530273,10.199999809265137,10.300000190734863,0.0,20895000
2019-02-25,8.800213813781738,10.399999618530273,0.0,10.600000381469727,10.300000190734863,10.399999618530273,0.0,54193900
2019-02-26,8.969449996948242,10.600000381469727,0.0,10.699999809265137,10.399999618530273,10.399999618530273,0.0,73413200
2019-02-27,8.969449996948242,10.600000381469727,0.0,10.699999809265137,10.5,10.600000381469727,0.0,19468900
2019-02-28,8.800213813781738,10.399999618530273,0.0,10.699999809265137,10.399999618530273,10.600000381469727,0.0,39848500
2019-03-01,8.715597152709961,10.300000190734863,0.0,10.5,10.300000190734863,10.399999618530273,0.0,16056200
2019-03-04,8.715597152709961,10.300000190734863,0.0,10.5,10.300000190734863,10.300000190734863,0.0,21004200
2019-03-05,8.715597152709961,10.300000190734863,0.0,10.399999618530273,10.300000190734863,10.399999618530273,0.0,7486600
2019-03-06,8.630979537963867,10.199999809265137,0.0,10.399999618530273,10.100000381469727,10.300000190734863,0.0,15684600
2019-03-07,8.715597152709961,10.300000190734863,0.0,10.5,10.100000381469727,10.100000381469727,0.0,44369100
2019-03-08,9.138686180114746,10.800000190734863,0.0,10.800000190734863,10.399999618530273,10.5,0.0,84624800
2019-03-11,9.138686180114746,10.800000190734863,0.0,10.899999618530273,10.600000381469727,10.899999618530273,0.0,59993000
2019-03-12,9.138686180114746,10.800000190734863,0.0,11.0,10.699999809265137,10.800000190734863,0.0,49132400
2019-03-13,9.138686180114746,10.800000190734863,0.0,11.0,10.699999809265137,10.800000190734863,0.0,26575600
2019-03-14,9.22330093383789,10.899999618530273,0.0,11.100000381469727,10.800000190734863,10.800000190734863,0.0,80637600
2019-03-15,9.138686180114746,10.800000190734863,0.0,10.899999618530273,10.699999809265137,10.899999618530273,0.0,29906700
2019-03-18,9.138686180114746,10.800000190734863,0.0,10.899999618530273,10.5,10.800000190734863,0.0,36134600
2019-03-19,9.054065704345703,10.699999809265137,0.0,10.899999618530273,10.600000381469727,10.800000190734863,0.0,41663700
2019-03-20,9.138686180114746,10.800000190734863,0.0,10.800000190734863,10.600000381469727,10.699999809265137,0.0,41251500
2019-03-21,8.969449996948242,10.600000381469727,0.0,10.800000190734863,10.600000381469727,10.800000190734863,0.0,30818900
2019-03-22,9.22330093383789,10.899999618530273,0.0,11.0,10.600000381469727,10.600000381469727,0.0,41598800
2019-03-25,9.22330093383789,10.899999618530273,0.0,10.899999618530273,10.699999809265137,10.800000190734863,0.0,24639100
2019-03-26,9.3079195022583,11.0,0.0,11.0,10.699999809265137,10.899999618530273,0.0,34060200
2019-03-27,9.138686180114746,10.800000190734863,0.0,11.100000381469727,10.800000190734863,10.899999618530273,0.0,27503600
2019-03-28,9.3079195022583,11.0,0.0,11.0,10.800000190734863,10.899999618530273,0.0,44235900
2019-03-29,9.3079195022583,11.0,0.0,11.199999809265137,11.0,11.100000381469727,0.0,35669600
2019-04-01,9.477154731750488,11.199999809265137,0.0,11.199999809265137,11.0,11.100000381469727,0.0,22060400
2019-04-02,9.561771392822266,11.300000190734863,0.0,11.399999618530273,11.100000381469727,11.300000190734863,0.0,33286500
2019-04-03,9.138686180114746,10.800000190734863,0.0,11.300000190734863,10.800000190734863,11.199999809265137,0.0,98460900
2019-04-04,9.22330093383789,10.899999618530273,0.0,10.899999618530273,10.699999809265137,10.800000190734863,0.0,34651100
2019-04-05,9.22330093383789,10.899999618530273,0.0,10.899999618530273,10.800000190734863,10.899999618530273,0.0,23465300
2019-04-09,9.3079195022583,11.0,0.0,11.100000381469727,10.800000190734863,10.899999618530273,0.0,31290100
2019-04-10,9.477154731750488,11.199999809265137,0.0,11.399999618530273,11.0,11.0,0.0,70583600
2019-04-11,9.477154731750488,11.199999809265137,0.0,11.199999809265137,10.899999618530273,11.100000381469727,0.0,50106300
2019-04-12,9.815624237060547,11.600000381469727,0.0,11.699999809265137,11.199999809265137,11.300000190734863,0.0,77085100
2019-04-17,9.815624237060547,11.600000381469727,0.0,11.800000190734863,11.399999618530273,11.699999809265137,0.0,55839300
2019-04-18,9.90024185180664,11.699999809265137,0.0,11.800000190734863,11.5,11.600000381469727,0.0,13149200
2019-04-19,9.731005668640137,11.5,0.0,11.699999809265137,11.5,11.600000381469727,0.0,16815900
2019-04-22,9.815624237060547,11.600000381469727,0.0,11.800000190734863,11.5,11.5,0.0,29899100
2019-04-23,9.815624237060547,11.600000381469727,0.0,11.699999809265137,11.5,11.600000381469727,0.0,18457200
2019-04-24,9.815624237060547,11.600000381469727,0.0,11.800000190734863,11.5,11.699999809265137,0.0,39466300
2019-04-25,9.731005668640137,11.5,0.0,11.600000381469727,11.399999618530273,11.600000381469727,0.0,22385900
2019-04-26,9.815624237060547,11.600000381469727,0.0,11.600000381469727,11.5,11.5,0.0,15450400
2019-04-29,9.815624237060547,11.600000381469727,0.0,11.600000381469727,11.5,11.600000381469727,0.0,13979600
2019-04-30,9.984858512878418,11.800000190734863,0.0,11.800000190734863,11.5,11.600000381469727,0.0,52092600
2019-05-02,9.90024185180664,11.699999809265137,0.0,11.800000190734863,11.600000381469727,11.699999809265137,0.0,28009900
2019-05-03,10.069475173950195,11.899999618530273,0.0,11.899999618530273,11.600000381469727,11.699999809265137,0.0,27344000
2019-05-07,9.815624237060547,11.600000381469727,0.0,11.899999618530273,11.600000381469727,11.699999809265137,0.0,29870400
2019-05-08,9.984858512878418,11.800000190734863,0.0,11.800000190734863,11.5,11.600000381469727,0.0,40018600
2019-05-09,9.90024185180664,11.699999809265137,0.0,11.800000190734863,11.600000381469727,11.699999809265137,0.0,34555200
2019-05-10,9.815624237060547,11.600000381469727,0.0,11.699999809265137,11.5,11.699999809265137,0.0,30141000
2019-05-13,9.815624237060547,11.600000381469727,0.0,11.600000381469727,11.5,11.5,0.0,19688800
2019-05-14,9.731005668640137,11.5,0.0,11.600000381469727,11.199999809265137,11.5,0.0,51910100
2019-05-15,9.64638900756836,11.399999618530273,0.0,11.600000381469727,11.399999618530273,11.5,0.0,44906900
2019-05-16,9.64638900756836,11.399999618530273,0.0,11.5,11.100000381469727,11.5,0.0,54744300
2019-05-17,9.64638900756836,11.399999618530273,0.0,11.5,11.300000190734863,11.399999618530273,0.0,22101100
2019-05-21,9.64638900756836,11.399999618530273,0.0,11.600000381469727,11.399999618530273,11.399999618530273,0.0,48441900
2019-05-22,9.731005668640137,11.5,0.0,11.600000381469727,11.399999618530273,11.399999618530273,0.0,15946600
2019-05-23,9.64638900756836,11.399999618530273,0.0,11.5,11.199999809265137,11.5,0.0,30147400
2019-05-24,9.64638900756836,11.399999618530273,0.0,11.399999618530273,11.300000190734863,11.300000190734863,0.0,13563100
2019-05-27,9.561771392822266,11.300000190734863,0.0,11.399999618530273,11.300000190734863,11.399999618530273,0.0,17865300
2019-05-28,9.477154731750488,11.199999809265137,0.0,11.399999618530273,11.0,11.399999618530273,0.0,110580500
2019-05-29,9.561771392822266,11.300000190734863,0.0,11.399999618530273,11.199999809265137,11.199999809265137,0.0,35535100
2019-05-30,9.815624237060547,11.600000381469727,0.0,11.600000381469727,11.300000190734863,11.399999618530273,0.0,34089800
2019-05-31,9.64638900756836,11.399999618530273,0.0,11.600000381469727,11.399999618530273,11.600000381469727,0.0,48979500
2019-06-04,9.815624237060547,11.600000381469727,0.0,11.600000381469727,11.399999618530273,11.5,0.0,41751500
2019-06-05,9.815624237060547,11.600000381469727,0.0,11.600000381469727,11.5,11.600000381469727,0.0,19512100
2019-06-06,9.90024185180664,11.699999809265137,0.0,11.699999809265137,11.5,11.600000381469727,0.0,45646900
2019-06-07,9.731005668640137,11.5,0.0,11.699999809265137,11.5,11.699999809265137,0.0,18902200
2019-06-10,9.815624237060547,11.600000381469727,0.0,11.699999809265137,11.5,11.600000381469727,0.0,60175700
2019-06-11,9.90024185180664,11.699999809265137,0.0,11.699999809265137,11.600000381469727,11.699999809265137,0.0,17196800
2019-06-12,9.815624237060547,11.600000381469727,0.0,11.699999809265137,11.5,11.699999809265137,0.0,45096100
2019-06-13,9.90024185180664,11.699999809265137,0.0,11.699999809265137,11.5,11.600000381469727,0.0,53479600
2019-06-14,9.984858512878418,11.800000190734863,0.0,11.899999618530273,11.600000381469727,11.600000381469727,0.0,112355000
2019-06-17,9.90024185180664,11.699999809265137,0.0,11.800000190734863,11.699999809265137,11.800000190734863,0.0,6610500
2019-06-18,9.90024185180664,11.699999809265137,0.0,11.800000190734863,11.5,11.699999809265137,0.0,51866800
2019-06-19,10.154094696044922,12.0,0.0,12.199999809265137,11.699999809265137,11.800000190734863,0.0,196999600
2019-06-20,10.323328971862793,12.199999809265137,0.0,12.300000190734863,12.0,12.100000381469727,0.0,72033500
2019-06-21,10.154094696044922,12.0,0.0,12.399999618530273,12.0,12.300000190734863,0.0,64106600
2019-06-24,10.069475173950195,11.899999618530273,0.0,12.100000381469727,11.899999618530273,12.100000381469727,0.0,33510000
2019-06-25,10.323328971862793,12.199999809265137,0.0,12.300000190734863,12.0,12.0,0.0,44523400
2019-06-26,10.2387113571167,12.100000381469727,0.0,12.300000190734863,12.100000381469727,12.199999809265137,0.0,27178800
2019-06-27,10.154094696044922,12.0,0.0,12.300000190734863,12.0,12.199999809265137,0.0,37877800
2019-06-28,10.154094696044922,12.0,0.0,12.199999809265137,12.0,12.100000381469727,0.0,28349900
2019-07-01,10.2387113571167,12.100000381469727,0.0,12.300000190734863,12.100000381469727,12.100000381469727,0.0,22862800
2019-07-02,10.577180862426758,12.5,0.0,12.5,12.100000381469727,12.199999809265137,0.0,81668800
2019-07-03,10.577180862426758,12.5,0.0,12.699999809265137,12.399999618530273,12.600000381469727,0.0,50696300
2019-07-04,10.577180862426758,12.5,0.0,12.800000190734863,12.399999618530273,12.600000381469727,0.0,68197000
2019-07-05,10.661798477172852,12.600000381469727,0.0,12.699999809265137,12.300000190734863,12.5,0.0,50790600
2019-07-08,10.661798477172852,12.600000381469727,0.0,12.800000190734863,12.5,12.699999809265137,0.0,28949000
2019-07-09,10.746415138244629,12.699999809265137,0.0,12.800000190734863,12.600000381469727,12.800000190734863,0.0,26749200
2019-07-10,10.746415138244629,12.699999809265137,0.0,12.899999618530273,12.5,12.800000190734863,0.0,73299200
2019-07-11,10.661798477172852,12.600000381469727,0.0,12.800000190734863,12.5,12.600000381469727,0.0,43779000
2019-07-12,10.661798477172852,12.600000381469727,0.0,12.699999809265137,12.5,12.600000381469727,0.0,36510300
2019-07-15,10.661798477172852,12.600000381469727,0.0,12.800000190734863,12.5,12.600000381469727,0.0,29103800
2019-07-17,10.746415138244629,12.699999809265137,0.0,12.800000190734863,12.600000381469727,12.699999809265137,0.0,26281600
2019-07-18,10.661798477172852,12.600000381469727,0.0,12.800000190734863,12.600000381469727,12.600000381469727,0.0,21292500
2019-07-19,10.915648460388184,12.899999618530273,0.0,13.0,12.699999809265137,12.699999809265137,0.0,41862700
2019-07-22,10.746415138244629,12.699999809265137,0.0,12.899999618530273,12.600000381469727,12.800000190734863,0.0,30924200
2019-07-23,10.915648460388184,12.899999618530273,0.0,13.0,12.699999809265137,12.899999618530273,0.0,30952800
2019-07-24,10.831033706665039,12.800000190734863,0.0,12.899999618530273,12.699999809265137,12.899999618530273,0.0,40926300
2019-07-25,10.577180862426758,12.5,0.0,12.899999618530273,12.300000190734863,12.800000190734863,0.0,77156400
2019-07-26,10.577180862426758,12.5,0.0,12.600000381469727,12.399999618530273,12.5,0.0,22937000
2019-07-30,10.447664260864258,12.100000381469727,0.25,12.399999618530273,12.100000381469727,12.300000190734863,0.0,32969300
2019-07-31,10.706696510314941,12.399999618530273,0.0,12.5,12.100000381469727,12.100000381469727,0.0,29857100
2019-08-01,10.706696510314941,12.399999618530273,0.0,12.5,12.199999809265137,12.300000190734863,0.0,21364900
2019-08-02,10.706696510314941,12.399999618530273,0.0,12.5,12.0,12.199999809265137,0.0,67180700
2019-08-05,10.534008979797363,12.199999809265137,0.0,12.399999618530273,12.0,12.300000190734863,0.0,42874300
2019-08-06,10.620352745056152,12.300000190734863,0.0,12.5,12.0,12.100000381469727,0.0,53333300
2019-08-07,10.965729713439941,12.699999809265137,0.0,12.800000190734863,12.399999618530273,12.399999618530273,0.0,105133000
2019-08-08,10.965729713439941,12.699999809265137,0.0,12.800000190734863,12.600000381469727,12.699999809265137,0.0,28356800
2019-08-09,10.965729713439941,12.699999809265137,0.0,12.800000190734863,12.600000381469727,12.800000190734863,0.0,43392000
2019-08-13,10.793041229248047,12.5,0.0,12.800000190734863,12.399999618530273,12.699999809265137,0.0,67588100
2019-08-14,10.706696510314941,12.399999618530273,0.0,12.699999809265137,12.199999809265137,12.600000381469727,0.0,80126800
2019-08-15,10.793041229248047,12.5,0.0,12.5,12.199999809265137,12.300000190734863,0.0,54237000
2019-08-16,10.706696510314941,12.399999618530273,0.0,12.5,12.300000190734863,12.399999618530273,0.0,50818600
2019-08-19,11.138416290283203,12.899999618530273,0.0,13.0,12.399999618530273,12.399999618530273,0.0,89147400
2019-08-20,11.052075386047363,12.800000190734863,0.0,13.0,12.699999809265137,13.0,0.0,35669900
2019-08-21,10.965729713439941,12.699999809265137,0.0,12.899999618530273,12.600000381469727,12.800000190734863,0.0,41920600
2019-08-22,11.483796119689941,13.300000190734863,0.0,13.300000190734863,12.600000381469727,12.600000381469727,0.0,142733200
2019-08-23,11.483796119689941,13.300000190734863,0.0,13.5,13.0,13.0,0.0,64241000
2019-08-26,11.483796119689941,13.300000190734863,0.0,13.5,13.100000381469727,13.199999809265137,0.0,47454500
2019-08-27,11.57013988494873,13.399999618530273,0.0,13.699999809265137,13.300000190734863,13.300000190734863,0.0,61729800
2019-08-28,11.656484603881836,13.5,0.0,13.600000381469727,13.399999618530273,13.399999618530273,0.0,30659000
2019-08-29,11.656484603881836,13.5,0.0,13.600000381469727,13.300000190734863,13.5,0.0,32697900
2019-08-30,11.656484603881836,13.5,0.0,13.600000381469727,13.300000190734863,13.5,0.0,26892400
2019-09-02,11.57013988494873,13.399999618530273,0.0,13.5,13.300000190734863,13.5,0.0,26915100
2019-09-03,11.656484603881836,13.5,0.0,13.699999809265137,13.399999618530273,13.399999618530273,0.0,21730400
2019-09-04,12.174551010131836,14.100000381469727,0.0,14.100000381469727,13.600000381469727,13.699999809265137,0.0,100843400
2019-09-05,12.088207244873047,14.0,0.0,14.199999809265137,13.899999618530273,14.100000381469727,0.0,44097600
2019-09-06,12.001861572265625,13.899999618530273,0.0,14.100000381469727,13.800000190734863,14.0,0.0,36715300
2019-09-09,12.001861572265625,13.899999618530273,0.0,14.0,13.800000190734863,13.800000190734863,0.0,26689700
2019-09-10,11.82917308807373,13.699999809265137,0.0,14.0,13.5,13.899999618530273,0.0,52463100
2019-09-11,11.57013988494873,13.399999618530273,0.0,13.800000190734863,13.300000190734863,13.699999809265137,0.0,70955600
2019-09-12,11.311108589172363,13.100000381469727,0.0,13.699999809265137,13.100000381469727,13.399999618530273,0.0,48736100
2019-09-13,11.483796119689941,13.300000190734863,0.0,13.399999618530273,13.100000381469727,13.199999809265137,0.0,37773900
2019-09-16,11.57013988494873,13.399999618530273,0.0,13.5,13.199999809265137,13.300000190734863,0.0,25426300
2019-09-17,11.656484603881836,13.5,0.0,13.699999809265137,13.399999618530273,13.600000381469727,0.0,52318800
2019-09-18,11.57013988494873,13.399999618530273,0.0,13.600000381469727,13.300000190734863,13.600000381469727,0.0,36059900
2019-09-19,11.483796119689941,13.300000190734863,0.0,13.5,13.199999809265137,13.399999618530273,0.0,29552600
2019-09-20,11.57013988494873,13.399999618530273,0.0,13.600000381469727,13.300000190734863,13.300000190734863,0.0,74552900
2019-09-23,11.483796119689941,13.300000190734863,0.0,13.5,13.300000190734863,13.5,0.0,23403100
2019-09-24,11.483796119689941,13.300000190734863,0.0,13.5,13.199999809265137,13.300000190734863,0.0,30392800
2019-09-25,11.57013988494873,13.399999618530273,0.0,13.399999618530273,13.199999809265137,13.300000190734863,0.0,34632200
2019-09-26,11.656484603881836,13.5,0.0,13.600000381469727,13.300000190734863,13.399999618530273,0.0,34905900
2019-09-27,11.742830276489258,13.600000381469727,0.0,13.600000381469727,13.399999618530273,13.5,0.0,30833900
2019-09-30,11.57013988494873,13.399999618530273,0.0,13.600000381469727,13.399999618530273,13.5,0.0,38831300
2019-10-01,11.57013988494873,13.399999618530273,0.0,13.5,13.199999809265137,13.5,0.0,30789700
2019-10-02,11.397451400756836,13.199999809265137,0.0,13.399999618530273,13.100000381469727,13.300000190734863,0.0,24534000
2019-10-03,11.397451400756836,13.199999809265137,0.0,13.300000190734863,13.100000381469727,13.100000381469727,0.0,17334900
2019-10-04,11.397451400756836,13.199999809265137,0.0,13.300000190734863,13.100000381469727,13.199999809265137,0.0,9918400
2019-10-07,11.397451400756836,13.199999809265137,0.0,13.300000190734863,13.100000381469727,13.199999809265137,0.0,22496400
2019-10-08,11.483796119689941,13.300000190734863,0.0,13.300000190734863,13.100000381469727,13.300000190734863,0.0,20931700
2019-10-09,11.483796119689941,13.300000190734863,0.0,13.399999618530273,13.199999809265137,13.300000190734863,0.0,14255000
2019-10-10,11.57013988494873,13.399999618530273,0.0,13.5,13.300000190734863,13.399999618530273,0.0,26044000
2019-10-11,11.656484603881836,13.5,0.0,13.5,13.300000190734863,13.399999618530273,0.0,21965400
2019-10-15,11.483796119689941,13.300000190734863,0.0,13.600000381469727,13.199999809265137,13.600000381469727,0.0,41812100
2019-10-16,11.82917308807373,13.699999809265137,0.0,13.699999809265137,13.199999809265137,13.300000190734863,0.0,63991700
2019-10-17,11.82917308807373,13.699999809265137,0.0,13.800000190734863,13.5,13.800000190734863,0.0,27292000
2019-10-18,11.742830276489258,13.600000381469727,0.0,13.699999809265137,13.5,13.699999809265137,0.0,37889600
2019-10-21,11.57013988494873,13.399999618530273,0.0,13.600000381469727,13.300000190734863,13.5,0.0,25519100
2019-10-22,11.742830276489258,13.600000381469727,0.0,13.699999809265137,13.399999618530273,13.5,0.0,27938300
2019-10-24,11.742830276489258,13.600000381469727,0.0,13.699999809265137,13.399999618530273,13.600000381469727,0.0,30235300
2019-10-25,11.57013988494873,13.399999618530273,0.0,13.600000381469727,13.300000190734863,13.5,0.0,22774500
2019-10-28,11.57013988494873,13.399999618530273,0.0,13.5,13.300000190734863,13.399999618530273,0.0,19552800
2019-10-29,11.656484603881836,13.5,0.0,13.5,13.300000190734863,13.399999618530273,0.0,36906400
2019-10-30,11.57013988494873,13.399999618530273,0.0,13.5,13.300000190734863,13.399999618530273,0.0,23831800
2019-10-31,11.57013988494873,13.399999618530273,0.0,13.5,13.300000190734863,13.399999618530273,0.0,22138500
2019-11-01,11.57013988494873,13.399999618530273,0.0,13.399999618530273,13.199999809265137,13.399999618530273,0.0,25565700
2019-11-04,11.656484603881836,13.5,0.0,13.5,13.300000190734863,13.399999618530273,0.0,41703400
2019-11-05,11.742830276489258,13.600000381469727,0.0,13.800000190734863,13.399999618530273,13.5,0.0,82639800
2019-11-06,11.656484603881836,13.5,0.0,13.699999809265137,13.399999618530273,13.600000381469727,0.0,36223100
2019-11-07,12.001861572265625,13.899999618530273,0.0,14.0,13.399999618530273,13.5,0.0,63324500
2019-11-08,11.742830276489258,13.600000381469727,0.0,14.0,13.600000381469727,14.0,0.0,32757600
2019-11-11,11.742830276489258,13.600000381469727,0.0,13.699999809265137,13.5,13.600000381469727,0.0,25889600
2019-11-12,11.915517807006836,13.800000190734863,0.0,14.0,13.600000381469727,13.699999809265137,0.0,45136000
2019-11-13,11.915517807006836,13.800000190734863,0.0,13.899999618530273,13.600000381469727,13.699999809265137,0.0,21561500
2019-11-14,12.001861572265625,13.899999618530273,0.0,14.100000381469727,13.600000381469727,13.800000190734863,0.0,49063100
2019-11-15,12.088207244873047,14.0,0.0,14.199999809265137,13.800000190734863,14.0,0.0,47321400
2019-11-18,12.174551010131836,14.100000381469727,0.0,14.100000381469727,13.899999618530273,14.0,0.0,20152600
2019-11-19,12.088207244873047,14.0,0.0,14.199999809265137,13.899999618530273,14.100000381469727,0.0,36053500
2019-11-20,12.174551010131836,14.100000381469727,0.0,14.300000190734863,13.800000190734863,13.899999618530273,0.0,80050700
2019-11-21,12.001861572265625,13.899999618530273,0.0,14.199999809265137,13.800000190734863,14.100000381469727,0.0,40576800
2019-11-22,12.088207244873047,14.0,0.0,14.0,13.800000190734863,13.899999618530273,0.0,26099200
2019-11-25,12.088207244873047,14.0,0.0,14.199999809265137,13.899999618530273,13.899999618530273,0.0,30324100
2019-11-26,12.088207244873047,14.0,0.0,14.100000381469727,13.800000190734863,14.0,0.0,59849400
2019-11-27,12.088207244873047,14.0,0.0,14.100000381469727,13.899999618530273,14.0,0.0,29700700
2019-11-28,11.82917308807373,13.699999809265137,0.0,14.0,13.600000381469727,13.899999618530273,0.0,39405100
2019-11-29,11.82917308807373,13.699999809265137,0.0,13.800000190734863,13.5,13.699999809265137,0.0,36206900
2019-12-02,11.656484603881836,13.5,0.0,13.800000190734863,13.399999618530273,13.699999809265137,0.0,42823800
2019-12-03,11.82917308807373,13.699999809265137,0.0,13.899999618530273,13.399999618530273,13.399999618530273,0.0,54072700
2019-12-04,12.088207244873047,14.0,0.0,14.100000381469727,13.600000381469727,13.699999809265137,0.0,58828900
2019-12-06,12.260893821716309,14.199999809265137,0.0,14.399999618530273,14.0,14.100000381469727,0.0,62528000
2019-12-09,12.174551010131836,14.100000381469727,0.0,14.300000190734863,14.0,14.300000190734863,0.0,48623200
2019-12-11,12.174551010131836,14.100000381469727,0.0,14.199999809265137,14.0,14.100000381469727,0.0,26142500
2019-12-12,12.260893821716309,14.199999809265137,0.0,14.399999618530273,14.100000381469727,14.199999809265137,0.0,56606800
2019-12-13,11.82917308807373,13.699999809265137,0.0,14.300000190734863,13.600000381469727,14.300000190734863,0.0,119852600
2019-12-16,11.483796119689941,13.300000190734863,0.0,13.699999809265137,13.199999809265137,13.600000381469727,0.0,77729800
2019-12-17,11.311108589172363,13.100000381469727,0.0,13.5,13.0,13.399999618530273,0.0,78741400
2019-12-18,11.138416290283203,12.899999618530273,0.0,13.100000381469727,12.699999809265137,13.100000381469727,0.0,117993700
2019-12-19,11.397451400756836,13.199999809265137,0.0,13.300000190734863,12.399999618530273,12.699999809265137,0.0,231546600
2019-12-20,11.483796119689941,13.300000190734863,0.0,13.399999618530273,13.100000381469727,13.300000190734863,0.0,99057300
2019-12-23,11.224764823913574,13.0,0.0,13.199999809265137,13.0,13.199999809265137,0.0,47458600
2019-12-24,11.311108589172363,13.100000381469727,0.0,13.199999809265137,12.899999618530273,13.0,0.0,42471100
2019-12-25,11.397451400756836,13.199999809265137,0.0,13.199999809265137,13.0,13.100000381469727,0.0,13037600
2019-12-26,11.397451400756836,13.199999809265137,0.0,13.300000190734863,13.100000381469727,13.199999809265137,0.0,21619600
2019-12-27,11.397451400756836,13.199999809265137,0.0,13.300000190734863,13.100000381469727,13.199999809265137,0.0,31034800
2019-12-30,11.397451400756836,13.199999809265137,0.0,13.300000190734863,13.0,13.300000190734863,0.0,50678600
2020-01-02,11.57013988494873,13.399999618530273,0.0,13.5,13.199999809265137,13.199999809265137,0.0,47209300
2020-01-03,11.483796119689941,13.300000190734863,0.0,13.399999618530273,13.199999809265137,13.300000190734863,0.0,30427100
2020-01-06,11.311108589172363,13.100000381469727,0.0,13.199999809265137,13.0,13.100000381469727,0.0,45926000
2020-01-07,11.656484603881836,13.5,0.0,13.5,13.100000381469727,13.199999809265137,0.0,41923400
2020-01-08,11.57013988494873,13.399999618530273,0.0,13.5,13.100000381469727,13.300000190734863,0.0,37214800
2020-01-09,11.742830276489258,13.600000381469727,0.0,13.699999809265137,13.5,13.5,0.0,50995700
2020-01-10,11.57013988494873,13.399999618530273,0.0,13.600000381469727,13.300000190734863,13.600000381469727,0.0,33941000
2020-01-13,11.656484603881836,13.5,0.0,13.600000381469727,13.300000190734863,13.399999618530273,0.0,23993100
2020-01-14,11.57013988494873,13.399999618530273,0.0,13.5,13.300000190734863,13.5,0.0,15585000
2020-01-15,11.57013988494873,13.399999618530273,0.0,13.5,13.300000190734863,13.399999618530273,0.0,20935900
2020-01-16,11.742830276489258,13.600000381469727,0.0,13.699999809265137,13.300000190734863,13.5,0.0,40415100
2020-01-17,11.915517807006836,13.800000190734863,0.0,13.800000190734863,13.399999618530273,13.600000381469727,0.0,58923400
2020-01-20,11.742830276489258,13.600000381469727,0.0,13.899999618530273,13.600000381469727,13.800000190734863,0.0,15689000
2020-01-21,11.57013988494873,13.399999618530273,0.0,13.699999809265137,13.399999618530273,13.699999809265137,0.0,28320900
2020-01-22,11.656484603881836,13.5,0.0,13.699999809265137,13.399999618530273,13.399999618530273,0.0,27674200
2020-01-23,11.742830276489258,13.600000381469727,0.0,13.699999809265137,13.399999618530273,13.399999618530273,0.0,26311200
2020-01-24,11.82917308807373,13.699999809265137,0.0,13.699999809265137,13.5,13.600000381469727,0.0,14606300
2020-01-27,11.54919147491455,13.199999809265137,0.18,13.399999618530273,13.100000381469727,13.300000190734863,0.0,37576400
2020-01-28,11.374204635620117,13.0,0.0,13.199999809265137,13.0,13.100000381469727,0.0,29814000
2020-01-29,11.02423095703125,12.600000381469727,0.0,13.199999809265137,12.399999618530273,13.0,0.0,167653100
2020-01-30,11.111724853515625,12.699999809265137,0.0,12.899999618530273,12.399999618530273,12.5,0.0,85445300
2020-01-31,10.936736106872559,12.5,0.0,12.800000190734863,12.5,12.699999809265137,0.0,46150100
2020-02-03,10.936736106872559,12.5,0.0,12.699999809265137,12.399999618530273,12.399999618530273,0.0,24540500
2020-02-04,11.286710739135742,12.899999618530273,0.0,12.899999618530273,12.5,12.600000381469727,0.0,50933700
2020-02-05,11.19921875,12.800000190734863,0.0,13.0,12.800000190734863,13.0,0.0,21134400
2020-02-06,11.19921875,12.800000190734863,0.0,13.0,12.800000190734863,12.800000190734863,0.0,22162700
2020-02-07,11.461699485778809,13.100000381469727,0.0,13.199999809265137,12.800000190734863,12.899999618530273,0.0,28148400
2020-02-11,11.286710739135742,12.899999618530273,0.0,13.199999809265137,12.899999618530273,13.0,0.0,24616500
2020-02-12,11.374204635620117,13.0,0.0,13.0,12.800000190734863,13.0,0.0,22250700
2020-02-13,11.19921875,12.800000190734863,0.0,13.0,12.800000190734863,12.899999618530273,0.0,29016200
2020-02-14,11.111724853515625,12.699999809265137,0.0,12.899999618530273,12.699999809265137,12.800000190734863,0.0,17874000
2020-02-17,11.286710739135742,12.899999618530273,0.0,13.199999809265137,12.899999618530273,12.899999618530273,0.0,47886800
2020-02-18,11.19921875,12.800000190734863,0.0,13.0,12.800000190734863,12.899999618530273,0.0,19706500
2020-02-19,11.286710739135742,12.899999618530273,0.0,13.0,12.800000190734863,12.899999618530273,0.0,24365800
2020-02-20,11.02423095703125,12.600000381469727,0.0,13.100000381469727,12.600000381469727,13.0,0.0,41120700
2020-02-21,11.286710739135742,12.899999618530273,0.0,12.899999618530273,12.5,12.600000381469727,0.0,32708300
2020-02-24,10.674254417419434,12.199999809265137,0.0,12.600000381469727,12.199999809265137,12.5,0.0,52212700
2020-02-25,10.674254417419434,12.199999809265137,0.0,12.399999618530273,11.399999618530273,12.300000190734863,0.0,112445600
2020-02-26,10.061798095703125,11.5,0.0,12.100000381469727,11.5,12.100000381469727,0.0,70747900
2020-02-27,10.1492919921875,11.600000381469727,0.0,11.699999809265137,11.199999809265137,11.5,0.0,77317700
2020-02-28,9.536833763122559,10.899999618530273,0.0,11.399999618530273,10.899999618530273,11.199999809265137,0.0,104194500
2020-03-02,9.449341773986816,10.800000190734863,0.0,11.199999809265137,10.399999618530273,11.0,0.0,53383100
2020-03-03,10.061798095703125,11.5,0.0,11.600000381469727,11.0,11.0,0.0,58434600
2020-03-04,10.061798095703125,11.5,0.0,11.800000190734863,11.199999809265137,11.300000190734863,0.0,49841000
2020-03-05,10.1492919921875,11.600000381469727,0.0,12.100000381469727,11.600000381469727,11.800000190734863,0.0,63128400
2020-03-06,9.97430419921875,11.399999618530273,0.0,11.699999809265137,11.300000190734863,11.300000190734863,0.0,36227800
2020-03-09,9.624327659606934,11.0,0.0,11.399999618530273,10.800000190734863,11.100000381469727,0.0,66453200
2020-03-10,9.886810302734375,11.300000190734863,0.0,11.300000190734863,11.0,11.100000381469727,0.0,54749700
2020-03-11,9.536833763122559,10.899999618530273,0.0,11.300000190734863,10.5,11.100000381469727,0.0,76620600
2020-03-12,8.486907005310059,9.699999809265137,0.0,10.5,9.399999618530273,10.399999618530273,0.0,167654700
2020-03-13,8.618148803710938,9.850000381469727,0.0,10.399999618530273,8.0,8.5,0.0,191078500
2020-03-16,7.524474143981934,8.600000381469727,0.0,9.399999618530273,8.5,9.199999809265137,0.0,118408200
2020-03-17,7.524474143981934,8.600000381469727,0.0,8.949999809265137,8.550000190734863,8.600000381469727,0.0,68078000
2020-03-18,7.655714988708496,8.75,0.0,9.100000381469727,8.600000381469727,8.75,0.0,69656500
2020-03-19,7.699462413787842,8.800000190734863,0.0,8.899999618530273,8.550000190734863,8.600000381469727,0.0,54326900
2020-03-20,8.268171310424805,9.449999809265137,0.0,9.800000190734863,8.850000381469727,9.050000190734863,0.0,154033600
2020-03-23,7.436980247497559,8.5,0.0,8.800000190734863,8.449999809265137,8.550000190734863,0.0,72768000
2020-03-24,7.218245983123779,8.25,0.0,9.0,8.199999809265137,8.800000190734863,0.0,106455400
2020-03-25,7.524474143981934,8.600000381469727,0.0,8.699999809265137,8.350000381469727,8.600000381469727,0.0,58307400
2020-03-26,7.786955833435059,8.899999618530273,0.0,9.100000381469727,8.5,8.550000190734863,0.0,69822100
2020-03-27,7.830702304840088,8.949999809265137,0.0,9.149999618530273,8.699999809265137,9.050000190734863,0.0,43559600
2020-03-30,7.743208885192871,8.850000381469727,0.0,8.850000381469727,8.850000381469727,8.850000381469727,0.0,5194600
2020-03-31,7.961945533752441,9.100000381469727,0.0,9.149999618530273,8.850000381469727,9.0,0.0,53632000
2020-04-01,7.786955833435059,8.899999618530273,0.0,9.050000190734863,8.850000381469727,8.899999618530273,0.0,62149500
2020-04-02,7.743208885192871,8.850000381469727,0.0,8.949999809265137,8.75,8.899999618530273,0.0,42305000
2020-04-03,7.699462413787842,8.800000190734863,0.0,9.050000190734863,8.75,8.949999809265137,0.0,49748800
2020-04-07,8.836882591247559,10.100000381469727,0.0,10.100000381469727,8.949999809265137,9.100000381469727,0.0,149032100
2020-04-08,8.618148803710938,9.850000381469727,0.0,10.300000190734863,9.800000190734863,10.100000381469727,0.0,72242200
2020-04-09,8.836882591247559,10.100000381469727,0.0,10.5,9.949999809265137,10.100000381469727,0.0,79560500
2020-04-10,9.011871337890625,10.300000190734863,0.0,10.300000190734863,9.949999809265137,10.0,0.0,39861800
2020-04-13,9.536833763122559,10.899999618530273,0.0,11.199999809265137,10.399999618530273,10.399999618530273,0.0,101007100
2020-04-14,9.97430419921875,11.399999618530273,0.0,11.600000381469727,10.899999618530273,11.100000381469727,0.0,103025600
2020-04-15,9.624327659606934,11.0,0.0,11.399999618530273,11.0,11.300000190734863,0.0,65171300
2020-04-16,9.361845970153809,10.699999809265137,0.0,11.199999809265137,10.600000381469727,10.899999618530273,0.0,40787600
2020-04-17,9.799315452575684,11.199999809265137,0.0,11.300000190734863,10.899999618530273,11.199999809265137,0.0,46054300
2020-04-20,10.061798095703125,11.5,0.0,11.600000381469727,11.199999809265137,11.300000190734863,0.0,46335100
2020-04-21,9.57422161102295,10.800000190734863,0.15,11.100000381469727,10.800000190734863,11.0,0.0,100463400
2020-04-22,9.751521110534668,11.0,0.0,11.0,10.5,10.699999809265137,0.0,41544900
2020-04-23,9.751521110534668,11.0,0.0,11.199999809265137,10.899999618530273,11.0,0.0,32808400
2020-04-24,9.662870407104492,10.899999618530273,0.0,11.100000381469727,10.800000190734863,11.100000381469727,0.0,31320800
2020-04-27,9.840171813964844,11.100000381469727,0.0,11.100000381469727,10.800000190734863,11.0,0.0,28191800
2020-04-28,10.017472267150879,11.300000190734863,0.0,11.399999618530273,10.899999618530273,11.100000381469727,0.0,62182300
2020-04-29,9.928821563720703,11.199999809265137,0.0,11.5,11.199999809265137,11.399999618530273,0.0,39603000
2020-04-30,10.194772720336914,11.5,0.0,11.5,11.300000190734863,11.399999618530273,0.0,33773300
2020-05-05,10.017472267150879,11.300000190734863,0.0,11.600000381469727,11.199999809265137,11.300000190734863,0.0,36706900
2020-05-07,10.28342342376709,11.600000381469727,0.0,11.699999809265137,11.199999809265137,11.300000190734863,0.0,61963800
2020-05-08,10.37207317352295,11.699999809265137,0.0,11.800000190734863,11.5,11.699999809265137,0.0,40379500
2020-05-11,10.460722923278809,11.800000190734863,0.0,12.100000381469727,11.699999809265137,11.800000190734863,0.0,99258900
2020-05-12,10.460722923278809,11.800000190734863,0.0,12.0,11.800000190734863,11.800000190734863,0.0,23873400
2020-05-13,10.460722923278809,11.800000190734863,0.0,11.899999618530273,11.800000190734863,11.899999618530273,0.0,25913900
2020-05-14,10.28342342376709,11.600000381469727,0.0,11.800000190734863,11.5,11.699999809265137,0.0,33095700
2020-05-15,10.37207317352295,11.699999809265137,0.0,11.699999809265137,11.5,11.699999809265137,0.0,28276700
2020-05-18,10.37207317352295,11.699999809265137,0.0,11.800000190734863,11.600000381469727,11.699999809265137,0.0,15421700
2020-05-19,10.638023376464844,12.0,0.0,12.0,11.699999809265137,11.800000190734863,0.0,44153200
2020-05-20,10.549372673034668,11.899999618530273,0.0,12.0,11.800000190734863,12.0,0.0,25098200
2020-05-21,10.549372673034668,11.899999618530273,0.0,12.0,11.699999809265137,11.899999618530273,0.0,34141600
2020-05-22,10.37207317352295,11.699999809265137,0.0,11.899999618530273,11.699999809265137,11.800000190734863,0.0,24237500
2020-05-25,10.638023376464844,12.0,0.0,12.0,11.699999809265137,11.699999809265137,0.0,18478400
2020-05-26,10.638023376464844,12.0,0.0,12.199999809265137,11.899999618530273,12.0,0.0,49423200
2020-05-27,10.549372673034668,11.899999618530273,0.0,12.100000381469727,11.899999618530273,12.0,0.0,20569600
2020-05-28,10.72667407989502,12.100000381469727,0.0,12.199999809265137,11.899999618530273,12.0,0.0,53560900
2020-05-29,10.72667407989502,12.100000381469727,0.0,12.399999618530273,12.0,12.100000381469727,0.0,126053100
2020-06-01,10.72667407989502,12.100000381469727,0.0,12.300000190734863,12.0,12.199999809265137,0.0,26680400
2020-06-02,10.549372673034668,11.899999618530273,0.0,12.199999809265137,11.600000381469727,12.100000381469727,0.0,121384700
2020-06-04,10.460722923278809,11.800000190734863,0.0,12.199999809265137,11.800000190734863,12.0,0.0,82649600
2020-06-05,10.638023376464844,12.0,0.0,12.100000381469727,11.800000190734863,11.899999618530273,0.0,45321300
2020-06-08,10.638023376464844,12.0,0.0,12.300000190734863,11.899999618530273,12.100000381469727,0.0,77109300
2020-06-09,10.549372673034668,11.899999618530273,0.0,12.199999809265137,11.800000190734863,12.100000381469727,0.0,40984300
2020-06-10,10.460722923278809,11.800000190734863,0.0,12.0,11.699999809265137,12.0,0.0,37527600
2020-06-11,10.37207317352295,11.699999809265137,0.0,12.0,11.600000381469727,11.800000190734863,0.0,37451900
2020-06-12,10.37207317352295,11.699999809265137,0.0,11.800000190734863,11.5,11.600000381469727,0.0,30008500
2020-06-15,10.017472267150879,11.300000190734863,0.0,11.800000190734863,11.300000190734863,11.699999809265137,0.0,66018800
2020-06-16,10.28342342376709,11.600000381469727,0.0,11.699999809265137,11.399999618530273,11.5,0.0,21608700
2020-06-17,10.194772720336914,11.5,0.0,11.699999809265137,11.399999618530273,11.5,0.0,24845000
2020-06-18,10.37207317352295,11.699999809265137,0.0,11.800000190734863,11.399999618530273,11.399999618530273,0.0,22885000
2020-06-19,10.28342342376709,11.600000381469727,0.0,11.800000190734863,11.600000381469727,11.699999809265137,0.0,27136500
2020-06-22,10.194772720336914,11.5,0.0,11.800000190734863,11.5,11.699999809265137,0.0,22529100
2020-06-23,10.194772720336914,11.5,0.0,11.699999809265137,11.5,11.600000381469727,0.0,16050300
2020-06-24,10.106122970581055,11.399999618530273,0.0,11.699999809265137,11.399999618530273,11.600000381469727,0.0,30873500
2020-06-25,9.928821563720703,11.199999809265137,0.0,11.399999618530273,11.100000381469727,11.300000190734863,0.0,41693300
2020-06-26,9.928821563720703,11.199999809265137,0.0,11.399999618530273,11.100000381469727,11.300000190734863,0.0,26118200
2020-06-29,10.017472267150879,11.300000190734863,0.0,11.300000190734863,11.100000381469727,11.199999809265137,0.0,17392800
2020-06-30,10.017472267150879,11.300000190734863,0.0,11.5,11.300000190734863,11.399999618530273,0.0,25375700
2020-07-01,9.928821563720703,11.199999809265137,0.0,11.399999618530273,11.100000381469727,11.300000190734863,0.0,27480800
2020-07-02,10.28342342376709,11.600000381469727,0.0,11.699999809265137,11.300000190734863,11.300000190734863,0.0,43167800
2020-07-03,10.28342342376709,11.600000381469727,0.0,11.699999809265137,11.399999618530273,11.699999809265137,0.0,16949900
2020-07-07,10.106122970581055,11.399999618530273,0.0,11.800000190734863,11.399999618530273,11.699999809265137,0.0,32067100
2020-07-08,10.017472267150879,11.300000190734863,0.0,11.5,11.300000190734863,11.399999618530273,0.0,19246800
2020-07-09,10.017472267150879,11.300000190734863,0.0,11.399999618530273,11.199999809265137,11.300000190734863,0.0,20410300
2020-07-10,9.928821563720703,11.199999809265137,0.0,11.300000190734863,11.100000381469727,11.199999809265137,0.0,23031800
2020-07-13,9.840171813964844,11.100000381469727,0.0,11.300000190734863,11.0,11.199999809265137,0.0,25211300
2020-07-14,9.662870407104492,10.899999618530273,0.0,11.100000381469727,10.699999809265137,11.0,0.0,44227100
2020-07-15,9.751521110534668,11.0,0.0,11.100000381469727,10.800000190734863,10.899999618530273,0.0,34595700
2020-07-16,9.662870407104492,10.899999618530273,0.0,11.0,10.800000190734863,10.899999618530273,0.0,17309800
2020-07-17,9.751521110534668,11.0,0.0,11.0,10.800000190734863,10.899999618530273,0.0,13315900
2020-07-20,9.57422161102295,10.800000190734863,0.0,11.0,10.800000190734863,11.0,0.0,11701300
2020-07-21,9.662870407104492,10.899999618530273,0.0,11.0,10.800000190734863,10.800000190734863,0.0,44477200
2020-07-22,9.57422161102295,10.800000190734863,0.0,11.0,10.800000190734863,11.0,0.0,24642600
2020-07-23,9.485569953918457,10.699999809265137,0.0,10.899999618530273,10.699999809265137,10.800000190734863,0.0,34363800
2020-07-24,9.308271408081055,10.5,0.0,10.699999809265137,10.5,10.600000381469727,0.0,44467100
2020-07-29,9.53310775756836,10.600000381469727,0.15,10.699999809265137,10.300000190734863,10.5,0.0,48137900
2020-07-30,9.4431734085083,10.5,0.0,10.800000190734863,10.399999618530273,10.699999809265137,0.0,35619400
2020-07-31,9.4431734085083,10.5,0.0,10.600000381469727,10.300000190734863,10.5,0.0,35432600
2020-08-03,9.26330280303955,10.300000190734863,0.0,10.600000381469727,10.199999809265137,10.5,0.0,24545400
2020-08-04,9.26330280303955,10.300000190734863,0.0,10.5,10.300000190734863,10.399999618530273,0.0,16424100
2020-08-05,9.26330280303955,10.300000190734863,0.0,10.5,10.300000190734863,10.399999618530273,0.0,19280500
2020-08-06,9.26330280303955,10.300000190734863,0.0,10.399999618530273,10.300000190734863,10.300000190734863,0.0,12113600
2020-08-07,9.083434104919434,10.100000381469727,0.0,10.300000190734863,10.0,10.199999809265137,0.0,41197100
2020-08-10,8.948530197143555,9.949999809265137,0.0,10.100000381469727,9.899999618530273,10.100000381469727,0.0,49010100
2020-08-11,9.53310775756836,10.600000381469727,0.0,10.600000381469727,10.0,10.0,0.0,101006900
2020-08-13,9.802912712097168,10.899999618530273,0.0,11.199999809265137,10.600000381469727,11.0,0.0,83568900
2020-08-14,9.53310775756836,10.600000381469727,0.0,10.899999618530273,10.5,10.699999809265137,0.0,34684100
2020-08-17,9.35323715209961,10.399999618530273,0.0,10.699999809265137,10.300000190734863,10.600000381469727,0.0,23822800
2020-08-18,9.53310775756836,10.600000381469727,0.0,10.699999809265137,10.399999618530273,10.5,0.0,26327700
2020-08-19,9.26330280303955,10.300000190734863,0.0,10.699999809265137,10.300000190734863,10.699999809265137,0.0,44355500
2020-08-20,9.26330280303955,10.300000190734863,0.0,10.399999618530273,10.199999809265137,10.300000190734863,0.0,25402400
2020-08-21,9.35323715209961,10.399999618530273,0.0,10.5,10.300000190734863,10.399999618530273,0.0,16417500
2020-08-24,9.35323715209961,10.399999618530273,0.0,10.5,10.300000190734863,10.399999618530273,0.0,27550600
2020-08-25,9.35323715209961,10.399999618530273,0.0,10.600000381469727,10.399999618530273,10.5,0.0,25793000
2020-08-26,9.623042106628418,10.699999809265137,0.0,10.800000190734863,10.300000190734863,10.399999618530273,0.0,56369000
2020-08-27,9.4431734085083,10.5,0.0,10.699999809265137,10.5,10.600000381469727,0.0,26812300
2020-08-28,9.53310775756836,10.600000381469727,0.0,10.699999809265137,10.5,10.600000381469727,0.0,23392200
2020-08-31,9.35323715209961,10.399999618530273,0.0,10.800000190734863,10.199999809265137,10.699999809265137,0.0,51761900
2020-09-01,9.26330280303955,10.300000190734863,0.0,10.5,10.199999809265137,10.5,0.0,30526100
2020-09-02,9.26330280303955,10.300000190734863,0.0,10.5,10.199999809265137,10.300000190734863,0.0,11743100
2020-09-03,9.35323715209961,10.399999618530273,0.0,10.5,10.199999809265137,10.399999618530273,0.0,22142000
2020-09-08,9.083434104919434,10.100000381469727,0.0,10.300000190734863,10.100000381469727,10.300000190734863,0.0,25798900
2020-09-09,8.993497848510742,10.0,0.0,10.199999809265137,9.949999809265137,10.0,0.0,38887900
2020-09-10,8.993497848510742,10.0,0.0,10.300000190734863,10.0,10.199999809265137,0.0,28387900
2020-09-11,8.993497848510742,10.0,0.0,10.199999809265137,10.0,10.100000381469727,0.0,12809800
2020-09-14,8.993497848510742,10.0,0.0,10.199999809265137,10.0,10.100000381469727,0.0,13125700
2020-09-15,9.083434104919434,10.100000381469727,0.0,10.199999809265137,10.0,10.100000381469727,0.0,14296500
2020-09-16,9.173368453979492,10.199999809265137,0.0,10.300000190734863,10.0,10.100000381469727,0.0,11303200
2020-09-17,8.993497848510742,10.0,0.0,10.199999809265137,10.0,10.100000381469727,0.0,21724700
2020-09-18,8.993497848510742,10.0,0.0,10.100000381469727,10.0,10.0,0.0,23424100
2020-09-21,9.083434104919434,10.100000381469727,0.0,10.199999809265137,9.949999809265137,10.100000381469727,0.0,28854700
2020-09-22,8.993497848510742,10.0,0.0,10.100000381469727,9.949999809265137,10.100000381469727,0.0,19372500
2020-09-23,8.993497848510742,10.0,0.0,10.100000381469727,9.949999809265137,10.0,0.0,11925700
2020-09-24,8.858595848083496,9.850000381469727,0.0,10.0,9.75,10.0,0.0,42926500
2020-09-25,8.723692893981934,9.699999809265137,0.0,9.949999809265137,9.699999809265137,9.850000381469727,0.0,39368200
2020-09-28,8.768660545349121,9.75,0.0,9.899999618530273,9.699999809265137,9.699999809265137,0.0,19266400
2020-09-29,8.678725242614746,9.649999618530273,0.0,9.850000381469727,9.600000381469727,9.800000190734863,0.0,30619200
2020-09-30,8.5438232421875,9.5,0.0,9.699999809265137,9.5,9.699999809265137,0.0,26018100
2020-10-01,8.633759498596191,9.600000381469727,0.0,9.649999618530273,9.5,9.550000190734863,0.0,22310800
2020-10-02,8.723692893981934,9.699999809265137,0.0,9.800000190734863,9.550000190734863,9.649999618530273,0.0,24524200
2020-10-05,8.813629150390625,9.800000190734863,0.0,9.899999618530273,9.649999618530273,9.800000190734863,0.0,26367100
2020-10-06,8.588790893554688,9.550000190734863,0.0,9.800000190734863,9.550000190734863,9.75,0.0,33506200
2020-10-07,8.768660545349121,9.75,0.0,9.75,9.449999809265137,9.5,0.0,21235700
2020-10-08,8.903564453125,9.899999618530273,0.0,9.899999618530273,9.75,9.75,0.0,24304200
2020-10-09,8.813629150390625,9.800000190734863,0.0,9.899999618530273,9.649999618530273,9.850000381469727,0.0,24802500
2020-10-12,8.858595848083496,9.850000381469727,0.0,9.850000381469727,9.699999809265137,9.75,0.0,9323600
2020-10-14,8.678725242614746,9.649999618530273,0.0,9.800000190734863,9.550000190734863,9.75,0.0,29814900
2020-10-15,8.408920288085938,9.350000381469727,0.0,9.550000190734863,9.350000381469727,9.5,0.0,51325600
2020-10-16,8.408920288085938,9.350000381469727,0.0,9.449999809265137,9.25,9.399999618530273,0.0,18763600
2020-10-19,8.094149589538574,9.0,0.0,9.050000190734863,8.850000381469727,9.0,0.0,97630100
2020-10-20,8.139116287231445,9.050000190734863,0.0,9.25,8.949999809265137,9.0,0.0,54676000
2020-10-21,8.184083938598633,9.100000381469727,0.0,9.25,9.0,9.100000381469727,0.0,30913800
2020-10-22,8.318984985351562,9.25,0.0,9.25,9.050000190734863,9.100000381469727,0.0,36287400
2020-10-26,8.094149589538574,9.0,0.0,9.25,8.899999618530273,9.199999809265137,0.0,49035700
2020-10-27,8.049180030822754,8.949999809265137,0.0,9.0,8.899999618530273,8.949999809265137,0.0,22743500
2020-10-28,8.004213333129883,8.899999618530273,0.0,9.0,8.850000381469727,8.949999809265137,0.0,34679000
2020-10-29,7.959245681762695,8.850000381469727,0.0,8.949999809265137,8.800000190734863,8.850000381469727,0.0,19027500
2020-10-30,8.004213333129883,8.899999618530273,0.0,9.0,8.699999809265137,8.949999809265137,0.0,53873000
2020-11-02,8.094149589538574,9.0,0.0,9.050000190734863,8.850000381469727,8.899999618530273,0.0,18411200
2020-11-03,8.139116287231445,9.050000190734863,0.0,9.149999618530273,8.949999809265137,9.050000190734863,0.0,32262300
2020-11-04,8.139116287231445,9.050000190734863,0.0,9.149999618530273,9.0,9.100000381469727,0.0,18325700
2020-11-05,8.408920288085938,9.350000381469727,0.0,9.449999809265137,9.100000381469727,9.149999618530273,0.0,42351600
2020-11-06,8.363953590393066,9.300000190734863,0.0,9.5,9.199999809265137,9.350000381469727,0.0,42162000
2020-11-09,8.723692893981934,9.699999809265137,0.0,9.75,9.449999809265137,9.5,0.0,51830300
2020-11-10,9.26330280303955,10.300000190734863,0.0,10.399999618530273,10.0,10.199999809265137,0.0,81072000
2020-11-11,9.26330280303955,10.300000190734863,0.0,10.399999618530273,10.100000381469727,10.399999618530273,0.0,45474000
2020-11-12,9.083434104919434,10.100000381469727,0.0,10.300000190734863,9.899999618530273,10.199999809265137,0.0,53263300
2020-11-13,9.173368453979492,10.199999809265137,0.0,10.300000190734863,9.949999809265137,10.0,0.0,52494900
2020-11-16,9.4431734085083,10.5,0.0,10.699999809265137,10.199999809265137,10.300000190734863,0.0,73155400
2020-11-17,9.35323715209961,10.399999618530273,0.0,10.800000190734863,10.300000190734863,10.699999809265137,0.0,64706200
2020-11-18,9.35323715209961,10.399999618530273,0.0,10.399999618530273,10.100000381469727,10.300000190734863,0.0,65037800
2020-11-19,9.26330280303955,10.300000190734863,0.0,10.5,10.199999809265137,10.300000190734863,0.0,82668300
2020-11-20,9.4431734085083,10.5,0.0,10.600000381469727,10.300000190734863,10.399999618530273,0.0,93527200
2020-11-23,9.623042106628418,10.699999809265137,0.0,10.800000190734863,10.5,10.600000381469727,0.0,72322500
2020-11-24,9.623042106628418,10.699999809265137,0.0,10.800000190734863,10.600000381469727,10.699999809265137,0.0,42930800
2020-11-25,9.4431734085083,10.5,0.0,10.800000190734863,10.199999809265137,10.800000190734863,0.0,76769600
2020-11-26,9.4431734085083,10.5,0.0,10.600000381469727,10.399999618530273,10.5,0.0,32354500
2020-11-27,9.35323715209961,10.399999618530273,0.0,10.600000381469727,10.399999618530273,10.5,0.0,40072200
2020-11-30,9.173368453979492,10.199999809265137,0.0,10.399999618530273,10.100000381469727,10.300000190734863,0.0,158559000
2020-12-01,9.26330280303955,10.300000190734863,0.0,10.399999618530273,10.100000381469727,10.199999809265137,0.0,57837300
2020-12-02,9.083434104919434,10.100000381469727,0.0,10.300000190734863,10.100000381469727,10.300000190734863,0.0,32298600
2020-12-03,9.083434104919434,10.100000381469727,0.0,10.300000190734863,9.949999809265137,10.100000381469727,0.0,117339900
2020-12-04,9.173368453979492,10.199999809265137,0.0,10.399999618530273,10.100000381469727,10.199999809265137,0.0,106474100
2020-12-08,9.35323715209961,10.399999618530273,0.0,10.5,10.100000381469727,10.199999809265137,0.0,73039000
2020-12-09,9.35323715209961,10.399999618530273,0.0,10.699999809265137,10.300000190734863,10.5,0.0,72532600
2020-12-14,9.26330280303955,10.300000190734863,0.0,10.600000381469727,10.199999809265137,10.5,0.0,49527500
2020-12-15,9.35323715209961,10.399999618530273,0.0,10.5,10.199999809265137,10.399999618530273,0.0,58099300
2020-12-16,9.35323715209961,10.399999618530273,0.0,10.5,10.199999809265137,10.399999618530273,0.0,39202100
2020-12-17,9.26330280303955,10.300000190734863,0.0,10.399999618530273,10.199999809265137,10.399999618530273,0.0,33877200
2020-12-18,9.4431734085083,10.5,0.0,10.5,10.199999809265137,10.300000190734863,0.0,59738400
2020-12-21,8.633759498596191,9.600000381469727,0.0,10.199999809265137,9.600000381469727,9.949999809265137,0.0,183481700
2020-12-22,8.633759498596191,9.600000381469727,0.0,9.75,9.399999618530273,9.5,0.0,81490800
2020-12-23,8.588790893554688,9.550000190734863,0.0,9.800000190734863,9.550000190734863,9.600000381469727,0.0,53112500
2020-12-24,8.633759498596191,9.600000381469727,0.0,9.699999809265137,9.5,9.600000381469727,0.0,45675000
2020-12-25,8.633759498596191,9.600000381469727,0.0,9.800000190734863,9.550000190734863,9.649999618530273,0.0,46878300
2020-12-28,8.498855590820312,9.449999809265137,0.0,9.699999809265137,9.449999809265137,9.649999618530273,0.0,57123400
2020-12-29,8.588790893554688,9.550000190734863,0.0,9.649999618530273,9.399999618530273,9.5,0.0,72306300
2020-12-30,8.363953590393066,9.300000190734863,0.0,9.600000381469727,9.100000381469727,9.600000381469727,0.0,122659400
2021-01-04,8.363953590393066,9.300000190734863,0.0,9.399999618530273,9.0,9.050000190734863,0.0,55422400
2021-01-05,8.588790893554688,9.550000190734863,0.0,9.550000190734863,9.300000190734863,9.300000190734863,0.0,49999500
2021-01-06,8.453887939453125,9.399999618530273,0.0,9.600000381469727,9.399999618530273,9.5,0.0,63979400
2021-01-07,8.903564453125,9.899999618530273,0.0,10.0,9.449999809265137,9.5,0.0,134147800
2021-01-08,9.083434104919434,10.100000381469727,0.0,10.100000381469727,9.850000381469727,10.100000381469727,0.0,80250700
2021-01-11,8.813629150390625,9.800000190734863,0.0,10.100000381469727,9.75,10.100000381469727,0.0,71991000
2021-01-12,8.813629150390625,9.800000190734863,0.0,9.899999618530273,9.75,9.800000190734863,0.0,30095900
2021-01-13,8.768660545349121,9.75,0.0,9.899999618530273,9.75,9.850000381469727,0.0,26220800
2021-01-14,8.768660545349121,9.75,0.0,9.850000381469727,9.699999809265137,9.800000190734863,0.0,33967700
2021-01-15,8.678725242614746,9.649999618530273,0.0,9.800000190734863,9.649999618530273,9.75,0.0,32401700
2021-01-18,8.633759498596191,9.600000381469727,0.0,9.649999618530273,9.5,9.600000381469727,0.0,32620200
2021-01-19,8.813629150390625,9.800000190734863,0.0,9.850000381469727,9.699999809265137,9.699999809265137,0.0,38168000
2021-01-20,8.813629150390625,9.800000190734863,0.0,10.0,9.75,9.800000190734863,0.0,68752800
2021-01-21,8.858595848083496,9.850000381469727,0.0,9.949999809265137,9.75,9.850000381469727,0.0,28851100
2021-01-22,8.678725242614746,9.649999618530273,0.0,9.899999618530273,9.600000381469727,9.850000381469727,0.0,47999400
2021-01-25,8.723692893981934,9.699999809265137,0.0,9.699999809265137,9.600000381469727,9.649999618530273,0.0,21221200
2021-01-26,8.723692893981934,9.699999809265137,0.0,9.850000381469727,9.600000381469727,9.649999618530273,0.0,35096100
2021-01-27,8.723692893981934,9.699999809265137,0.0,9.899999618530273,9.699999809265137,9.699999809265137,0.0,33764100
2021-01-28,8.723692893981934,9.699999809265137,0.0,9.75,9.649999618530273,9.649999618530273,0.0,37946500
2021-01-29,8.632345199584961,9.449999809265137,0.15,9.550000190734863,9.399999618530273,9.550000190734863,0.0,43492100
2021-02-01,8.632345199584961,9.449999809265137,0.0,9.5,9.350000381469727,9.449999809265137,0.0,25037800
2021-02-02,8.678020477294922,9.5,0.0,9.649999618530273,9.449999809265137,9.5,0.0,31379200
2021-02-03,8.632345199584961,9.449999809265137,0.0,9.550000190734863,9.399999618530273,9.550000190734863,0.0,24426100
2021-02-04,8.678020477294922,9.5,0.0,9.649999618530273,9.399999618530273,9.449999809265137,0.0,36533400
2021-02-05,8.678020477294922,9.5,0.0,9.649999618530273,9.399999618530273,9.5,0.0,52500500
2021-02-08,8.769368171691895,9.600000381469727,0.0,9.649999618530273,9.449999809265137,9.5,0.0,47620300
2021-02-09,8.632345199584961,9.449999809265137,0.0,9.649999618530273,9.449999809265137,9.600000381469727,0.0,49118000
2021-02-10,8.632345199584961,9.449999809265137,0.0,9.550000190734863,9.449999809265137,9.449999809265137,0.0,30132500
2021-02-11,8.58667278289795,9.399999618530273,0.0,9.550000190734863,9.399999618530273,9.5,0.0,29992100
2021-02-15,8.58667278289795,9.399999618530273,0.0,9.5,9.399999618530273,9.449999809265137,0.0,19542700
2021-02-16,8.58667278289795,9.399999618530273,0.0,9.5,9.399999618530273,9.399999618530273,0.0,22755800
2021-02-17,8.632345199584961,9.449999809265137,0.0,9.5,9.399999618530273,9.399999618530273,0.0,21629400
2021-02-18,8.495325088500977,9.300000190734863,0.0,9.5,9.300000190734863,9.449999809265137,0.0,49347100
2021-02-19,8.540998458862305,9.350000381469727,0.0,9.399999618530273,9.300000190734863,9.300000190734863,0.0,30928800
2021-02-22,8.449650764465332,9.25,0.0,9.399999618530273,9.199999809265137,9.350000381469727,0.0,36154400
2021-02-23,8.58667278289795,9.399999618530273,0.0,9.649999618530273,9.300000190734863,9.300000190734863,0.0,56426800
2021-02-24,8.72369384765625,9.550000190734863,0.0,9.600000381469727,9.449999809265137,9.449999809265137,0.0,33816400
2021-02-25,8.58667278289795,9.399999618530273,0.0,9.75,9.399999618530273,9.600000381469727,0.0,106466300
2021-03-01,8.58667278289795,9.399999618530273,0.0,9.399999618530273,9.25,9.350000381469727,0.0,59495400
2021-03-02,8.495325088500977,9.300000190734863,0.0,9.350000381469727,9.300000190734863,9.300000190734863,0.0,15078400
2021-03-03,8.678020477294922,9.5,0.0,9.5,9.300000190734863,9.350000381469727,0.0,40389900
2021-03-04,8.58667278289795,9.399999618530273,0.0,9.550000190734863,9.399999618530273,9.5,0.0,44324700
2021-03-05,8.632345199584961,9.449999809265137,0.0,9.600000381469727,9.350000381469727,9.399999618530273,0.0,60594700
2021-03-08,8.540998458862305,9.350000381469727,0.0,9.5,9.300000190734863,9.5,0.0,63895800
2021-03-09,8.540998458862305,9.350000381469727,0.0,9.399999618530273,9.300000190734863,9.350000381469727,0.0,27168500
2021-03-10,8.72369384765625,9.550000190734863,0.0,9.550000190734863,9.350000381469727,9.350000381469727,0.0,52875800
2021-03-11,8.632345199584961,9.449999809265137,0.0,9.550000190734863,9.449999809265137,9.5,0.0,32091600
2021-03-12,8.58667278289795,9.399999618530273,0.0,9.5,9.350000381469727,9.449999809265137,0.0,44977500
2021-03-15,8.632345199584961,9.449999809265137,0.0,9.5,9.399999618530273,9.449999809265137,0.0,20231100
2021-03-16,8.58667278289795,9.399999618530273,0.0,9.550000190734863,9.350000381469727,9.550000190734863,0.0,47226100
2021-03-17,8.58667278289795,9.399999618530273,0.0,9.5,9.350000381469727,9.399999618530273,0.0,40966500
2021-03-18,8.58667278289795,9.399999618530273,0.0,9.5,9.399999618530273,9.449999809265137,0.0,32918400
2021-03-19,8.58667278289795,9.399999618530273,0.0,9.399999618530273,9.350000381469727,9.399999618530273,0.0,28357300
2021-03-22,8.58667278289795,9.399999618530273,0.0,9.399999618530273,9.300000190734863,9.399999618530273,0.0,27326700
2021-03-23,8.58667278289795,9.399999618530273,0.0,9.449999809265137,9.300000190734863,9.350000381469727,0.0,34349200
2021-03-24,8.632345199584961,9.449999809265137,0.0,9.449999809265137,9.300000190734863,9.350000381469727,0.0,27159200
2021-03-25,8.632345199584961,9.449999809265137,0.0,9.5,9.399999618530273,9.5,0.0,18190800
2021-03-26,8.632345199584961,9.449999809265137,0.0,9.5,9.399999618530273,9.449999809265137,0.0,30178800
2021-03-29,8.906388282775879,9.75,0.0,9.850000381469727,9.449999809265137,9.5,0.0,138524100
2021-03-30,8.86071491241455,9.699999809265137,0.0,9.899999618530273,9.699999809265137,9.800000190734863,0.0,77042600
2021-03-31,8.815040588378906,9.649999618530273,0.0,9.800000190734863,9.600000381469727,9.75,0.0,50869800
2021-04-01,8.86071491241455,9.699999809265137,0.0,9.699999809265137,9.600000381469727,9.649999618530273,0.0,28705800
2021-04-02,8.769368171691895,9.600000381469727,0.0,9.699999809265137,9.600000381469727,9.699999809265137,0.0,19733700
2021-04-05,8.58667278289795,9.399999618530273,0.0,9.649999618530273,9.399999618530273,9.600000381469727,0.0,48256700
2021-04-07,8.449650764465332,9.25,0.0,9.399999618530273,9.199999809265137,9.350000381469727,0.0,94352300
2021-04-08,8.403977394104004,9.199999809265137,0.0,9.300000190734863,9.199999809265137,9.25,0.0,28661400
2021-04-09,8.403977394104004,9.199999809265137,0.0,9.350000381469727,9.199999809265137,9.25,0.0,36385500
2021-04-12,8.312630653381348,9.100000381469727,0.0,9.199999809265137,9.0,9.199999809265137,0.0,69711700
2021-04-16,8.221282005310059,9.0,0.0,9.050000190734863,8.899999618530273,9.0,0.0,67724700
2021-04-19,8.312630653381348,9.100000381469727,0.0,9.100000381469727,9.0,9.050000190734863,0.0,30941000
2021-04-20,8.312630653381348,9.100000381469727,0.0,9.149999618530273,9.0,9.100000381469727,0.0,28156100
2021-04-21,8.266955375671387,9.050000190734863,0.0,9.100000381469727,9.0,9.050000190734863,0.0,22345600
2021-04-22,8.221282005310059,9.0,0.0,9.100000381469727,9.0,9.100000381469727,0.0,22437000
2021-04-23,8.221282005310059,9.0,0.0,9.050000190734863,8.899999618530273,9.0,0.0,40716900
2021-04-26,8.12993335723877,8.899999618530273,0.0,9.0,8.899999618530273,8.949999809265137,0.0,36053000
2021-04-27,8.084259986877441,8.850000381469727,0.0,9.0,8.850000381469727,8.949999809265137,0.0,48723700
2021-04-28,8.12993335723877,8.899999618530273,0.0,8.949999809265137,8.850000381469727,8.899999618530273,0.0,26135200
2021-04-29,8.221282005310059,9.0,0.0,9.0,8.899999618530273,8.949999809265137,0.0,25079400
2021-04-30,8.175607681274414,8.949999809265137,0.0,9.0,8.899999618530273,9.0,0.0,41146100
2021-05-05,8.03858757019043,8.800000190734863,0.0,8.949999809265137,8.800000190734863,8.899999618530273,0.0,57477100
2021-05-06,8.03858757019043,8.800000190734863,0.0,8.899999618530273,8.800000190734863,8.850000381469727,0.0,31490900
2021-05-07,8.12993335723877,8.899999618530273,0.0,9.0,8.800000190734863,8.850000381469727,0.0,34231700
2021-05-10,8.084259986877441,8.850000381469727,0.0,8.949999809265137,8.850000381469727,8.949999809265137,0.0,20983600
2021-05-11,7.992912769317627,8.75,0.0,8.899999618530273,8.75,8.850000381469727,0.0,35430300
2021-05-12,7.947239875793457,8.699999809265137,0.0,8.75,8.600000381469727,8.75,0.0,45438300
2021-05-13,7.810217380523682,8.550000190734863,0.0,8.649999618530273,8.399999618530273,8.600000381469727,0.0,93004200
2021-05-14,7.855891704559326,8.600000381469727,0.0,8.75,8.5,8.600000381469727,0.0,58149600
2021-05-17,7.855891704559326,8.600000381469727,0.0,8.600000381469727,8.449999809265137,8.550000190734863,0.0,47374900
2021-05-18,7.947239875793457,8.699999809265137,0.0,8.699999809265137,8.600000381469727,8.600000381469727,0.0,31124200
2021-05-19,7.810217380523682,8.550000190734863,0.0,8.699999809265137,8.550000190734863,8.649999618530273,0.0,25195700
2021-05-20,7.992912769317627,8.75,0.0,8.800000190734863,8.5,8.600000381469727,0.0,63331200
2021-05-21,8.03858757019043,8.800000190734863,0.0,8.850000381469727,8.649999618530273,8.800000190734863,0.0,51253000
2021-05-24,7.855891704559326,8.600000381469727,0.0,8.800000190734863,8.600000381469727,8.75,0.0,38994800
2021-05-25,7.901564121246338,8.649999618530273,0.0,8.699999809265137,8.600000381469727,8.649999618530273,0.0,43676800
2021-05-27,8.221282005310059,9.0,0.0,9.0,8.649999618530273,8.649999618530273,0.0,195873100
2021-05-28,8.221282005310059,9.0,0.0,9.149999618530273,8.899999618530273,9.100000381469727,0.0,81401600
2021-05-31,8.358302116394043,9.149999618530273,0.0,9.199999809265137,8.949999809265137,9.0,0.0,48631400
2021-06-01,8.632345199584961,9.449999809265137,0.0,9.5,9.199999809265137,9.25,0.0,149561700
2021-06-02,8.678020477294922,9.5,0.0,9.600000381469727,9.399999618530273,9.600000381469727,0.0,84513500
2021-06-04,8.678020477294922,9.5,0.0,9.550000190734863,9.399999618530273,9.5,0.0,48337300
2021-06-07,8.678020477294922,9.5,0.0,9.600000381469727,9.399999618530273,9.550000190734863,0.0,58471300
2021-06-08,8.72369384765625,9.550000190734863,0.0,9.600000381469727,9.449999809265137,9.5,0.0,99681800
2021-06-09,8.72369384765625,9.550000190734863,0.0,9.600000381469727,9.5,9.600000381469727,0.0,51281400
2021-06-10,8.906388282775879,9.75,0.0,9.850000381469727,9.600000381469727,9.649999618530273,0.0,110994400
2021-06-11,8.95206356048584,9.800000190734863,0.0,9.800000190734863,9.699999809265137,9.75,0.0,37212200
2021-06-14,8.906388282775879,9.75,0.0,9.800000190734863,9.699999809265137,9.800000190734863,0.0,31317200
2021-06-15,8.906388282775879,9.75,0.0,9.800000190734863,9.649999618530273,9.75,0.0,31713500
2021-06-16,8.95206356048584,9.800000190734863,0.0,9.850000381469727,9.75,9.800000190734863,0.0,47207100
2021-06-17,8.95206356048584,9.800000190734863,0.0,9.850000381469727,9.75,9.800000190734863,0.0,27135700
2021-06-18,8.95206356048584,9.800000190734863,0.0,9.850000381469727,9.649999618530273,9.800000190734863,0.0,56040600
2021-06-21,8.906388282775879,9.75,0.0,9.75,9.649999618530273,9.699999809265137,0.0,38589400
2021-06-22,8.815040588378906,9.649999618530273,0.0,9.850000381469727,9.649999618530273,9.699999809265137,0.0,26564100
2021-06-23,8.72369384765625,9.550000190734863,0.0,9.699999809265137,9.5,9.649999618530273,0.0,51174500
2021-06-24,8.58667278289795,9.399999618530273,0.0,9.550000190734863,9.350000381469727,9.5,0.0,51831600
2021-06-25,8.632345199584961,9.449999809265137,0.0,9.5,9.350000381469727,9.449999809265137,0.0,47048100
2021-06-28,8.449650764465332,9.25,0.0,9.399999618530273,9.25,9.350000381469727,0.0,39266900
2021-06-29,8.632345199584961,9.449999809265137,0.0,9.449999809265137,9.25,9.25,0.0,16548700
2021-06-30,8.540998458862305,9.350000381469727,0.0,9.449999809265137,9.25,9.399999618530273,0.0,45715300
2021-07-01,8.540998458862305,9.350000381469727,0.0,9.399999618530273,9.25,9.350000381469727,0.0,19533200
2021-07-02,8.495325088500977,9.300000190734863,0.0,9.399999618530273,9.149999618530273,9.300000190734863,0.0,60128200
2021-07-05,8.449650764465332,9.25,0.0,9.300000190734863,9.149999618530273,9.25,0.0,23272100
2021-07-06,8.449650764465332,9.25,0.0,9.300000190734863,9.199999809265137,9.199999809265137,0.0,16030400
2021-07-07,8.403977394104004,9.199999809265137,0.0,9.300000190734863,9.199999809265137,9.25,0.0,32130100
2021-07-08,8.084259986877441,8.850000381469727,0.0,9.149999618530273,8.850000381469727,9.149999618530273,0.0,65445200
2021-07-09,8.03858757019043,8.800000190734863,0.0,8.899999618530273,8.649999618530273,8.800000190734863,0.0,104073400
2021-07-12,8.12993335723877,8.899999618530273,0.0,8.949999809265137,8.800000190734863,8.899999618530273,0.0,44021800
2021-07-13,8.221282005310059,9.0,0.0,9.100000381469727,8.899999618530273,8.949999809265137,0.0,31553800
2021-07-14,8.221282005310059,9.0,0.0,9.050000190734863,8.949999809265137,9.0,0.0,17216500
2021-07-15,8.221282005310059,9.0,0.0,9.100000381469727,8.949999809265137,9.0,0.0,21068600
2021-07-16,8.358302116394043,9.149999618530273,0.0,9.199999809265137,8.949999809265137,9.0,0.0,43549400
2021-07-19,8.312630653381348,9.100000381469727,0.0,9.199999809265137,9.0,9.050000190734863,0.0,47502100
2021-07-20,8.312630653381348,9.100000381469727,0.0,9.100000381469727,8.949999809265137,9.050000190734863,0.0,84544400
2021-07-21,8.358302116394043,9.149999618530273,0.0,9.25,9.0,9.100000381469727,0.0,58685800
2021-07-22,8.403977394104004,9.199999809265137,0.0,9.300000190734863,9.149999618530273,9.199999809265137,0.0,52589300
2021-07-23,8.227344512939453,8.850000381469727,0.16,8.850000381469727,8.600000381469727,8.800000190734863,0.0,90722100
2021-07-27,8.087899208068848,8.699999809265137,0.0,8.850000381469727,8.699999809265137,8.800000190734863,0.0,41578600
2021-07-29,7.99493408203125,8.600000381469727,0.0,8.75,8.600000381469727,8.699999809265137,0.0,30962400
2021-07-30,7.9019694328308105,8.5,0.0,8.699999809265137,8.449999809265137,8.649999618530273,0.0,60407500
2021-08-02,7.809005260467529,8.399999618530273,0.0,8.550000190734863,8.350000381469727,8.5,0.0,41565300
2021-08-03,7.948451519012451,8.550000190734863,0.0,8.550000190734863,8.399999618530273,8.399999618530273,0.0,29352800
2021-08-04,7.948451519012451,8.550000190734863,0.0,8.600000381469727,8.5,8.600000381469727,0.0,19641600
2021-08-05,7.85548734664917,8.449999809265137,0.0,8.600000381469727,8.350000381469727,8.550000190734863,0.0,46186100
2021-08-06,7.809005260467529,8.399999618530273,0.0,8.5,8.300000190734863,8.449999809265137,0.0,46138500
2021-08-09,7.9019694328308105,8.5,0.0,8.550000190734863,8.399999618530273,8.399999618530273,0.0,41340100
2021-08-10,7.948451519012451,8.550000190734863,0.0,8.649999618530273,8.449999809265137,8.5,0.0,30655100
2021-08-11,7.85548734664917,8.449999809265137,0.0,8.600000381469727,8.449999809265137,8.550000190734863,0.0,35857500
2021-08-13,7.85548734664917,8.449999809265137,0.0,8.550000190734863,8.350000381469727,8.449999809265137,0.0,48258100
2021-08-16,7.85548734664917,8.449999809265137,0.0,8.5,8.350000381469727,8.449999809265137,0.0,25055300
2021-08-17,8.041415214538574,8.649999618530273,0.0,8.699999809265137,8.449999809265137,8.5,0.0,42637300
2021-08-18,8.273826599121094,8.899999618530273,0.0,8.899999618530273,8.649999618530273,8.649999618530273,0.0,51115500
2021-08-19,8.180863380432129,8.800000190734863,0.0,8.899999618530273,8.699999809265137,8.899999618530273,0.0,47551600
2021-08-20,8.320308685302734,8.949999809265137,0.0,9.0,8.850000381469727,8.899999618530273,0.0,47983100
2021-08-23,8.599202156066895,9.25,0.0,9.25,9.0,9.0,0.0,66238300
2021-08-24,8.599202156066895,9.25,0.0,9.300000190734863,9.199999809265137,9.300000190734863,0.0,53803300
2021-08-25,8.645685195922852,9.300000190734863,0.0,9.300000190734863,9.100000381469727,9.25,0.0,49064500
2021-08-26,8.599202156066895,9.25,0.0,9.300000190734863,9.199999809265137,9.300000190734863,0.0,22262800
2021-08-27,8.645685195922852,9.300000190734863,0.0,9.350000381469727,9.25,9.300000190734863,0.0,31660800
2021-08-30,8.785130500793457,9.449999809265137,0.0,9.550000190734863,9.350000381469727,9.399999618530273,0.0,43251400
2021-08-31,8.738649368286133,9.399999618530273,0.0,9.5,9.350000381469727,9.449999809265137,0.0,63627000
2021-09-01,8.645685195922852,9.300000190734863,0.0,9.449999809265137,9.300000190734863,9.399999618530273,0.0,37185500
2021-09-02,8.785130500793457,9.449999809265137,0.0,9.550000190734863,9.300000190734863,9.300000190734863,0.0,43353200
2021-09-03,8.738649368286133,9.399999618530273,0.0,9.449999809265137,9.350000381469727,9.449999809265137,0.0,29086700
2021-09-06,8.692166328430176,9.350000381469727,0.0,9.449999809265137,9.300000190734863,9.399999618530273,0.0,30140700
2021-09-07,8.692166328430176,9.350000381469727,0.0,9.449999809265137,9.300000190734863,9.399999618530273,0.0,28460400
2021-09-08,8.552720069885254,9.199999809265137,0.0,9.350000381469727,9.100000381469727,9.350000381469727,0.0,47593300
2021-09-09,8.552720069885254,9.199999809265137,0.0,9.25,9.100000381469727,9.199999809265137,0.0,37269100
2021-09-10,8.552720069885254,9.199999809265137,0.0,9.300000190734863,9.149999618530273,9.25,0.0,23791500
2021-09-13,8.785130500793457,9.449999809265137,0.0,9.449999809265137,9.149999618530273,9.199999809265137,0.0,77734700
2021-09-14,8.785130500793457,9.449999809265137,0.0,9.5,9.350000381469727,9.5,0.0,29939100
2021-09-15,8.785130500793457,9.449999809265137,0.0,9.449999809265137,9.350000381469727,9.399999618530273,0.0,17969000
2021-09-16,8.831613540649414,9.5,0.0,9.5,9.350000381469727,9.449999809265137,0.0,30423300
2021-09-17,8.831613540649414,9.5,0.0,9.5,9.25,9.5,0.0,54297600
2021-09-20,8.692166328430176,9.350000381469727,0.0,9.449999809265137,9.300000190734863,9.449999809265137,0.0,54381800
2021-09-21,8.738649368286133,9.399999618530273,0.0,9.5,9.300000190734863,9.350000381469727,0.0,28781600
2021-09-22,8.924578666687012,9.600000381469727,0.0,9.649999618530273,9.399999618530273,9.449999809265137,0.0,75390700
2021-09-23,8.97105884552002,9.649999618530273,0.0,9.649999618530273,9.550000190734863,9.600000381469727,0.0,33796200
2021-09-27,8.878095626831055,9.550000190734863,0.0,9.75,9.5,9.699999809265137,0.0,35156000
2021-09-28,8.831613540649414,9.5,0.0,9.550000190734863,9.399999618530273,9.550000190734863,0.0,42396200
2021-09-29,8.785130500793457,9.449999809265137,0.0,9.600000381469727,9.399999618530273,9.449999809265137,0.0,31717400
2021-09-30,8.738649368286133,9.399999618530273,0.0,9.550000190734863,9.399999618530273,9.449999809265137,0.0,26897400
2021-10-01,8.831613540649414,9.5,0.0,9.600000381469727,9.350000381469727,9.399999618530273,0.0,32486400
2021-10-04,8.785130500793457,9.449999809265137,0.0,9.550000190734863,9.399999618530273,9.5,0.0,16054800
2021-10-05,8.878095626831055,9.550000190734863,0.0,9.600000381469727,9.449999809265137,9.449999809265137,0.0,24828000
2021-10-06,8.785130500793457,9.449999809265137,0.0,9.649999618530273,9.449999809265137,9.550000190734863,0.0,18429100
2021-10-07,8.878095626831055,9.550000190734863,0.0,9.600000381469727,9.449999809265137,9.449999809265137,0.0,29040900
2021-10-08,8.97105884552002,9.649999618530273,0.0,9.649999618530273,9.550000190734863,9.550000190734863,0.0,33425900
2021-10-11,8.878095626831055,9.550000190734863,0.0,9.699999809265137,9.5,9.649999618530273,0.0,25129000
2021-10-12,9.064023971557617,9.75,0.0,9.800000190734863,9.649999618530273,9.649999618530273,0.0,54258200
2021-10-14,9.017541885375977,9.699999809265137,0.0,9.800000190734863,9.600000381469727,9.800000190734863,0.0,47310200
2021-10-15,9.064023971557617,9.75,0.0,9.800000190734863,9.699999809265137,9.75,0.0,46069000
2021-10-18,9.017541885375977,9.699999809265137,0.0,9.75,9.649999618530273,9.699999809265137,0.0,33319300
2021-10-19,8.878095626831055,9.550000190734863,0.0,9.800000190734863,9.5,9.800000190734863,0.0,60825900
2021-10-20,8.785130500793457,9.449999809265137,0.0,9.550000190734863,9.399999618530273,9.550000190734863,0.0,69661500
2021-10-21,8.878095626831055,9.550000190734863,0.0,9.550000190734863,9.449999809265137,9.449999809265137,0.0,25565400
2021-10-25,8.831613540649414,9.5,0.0,9.550000190734863,9.449999809265137,9.550000190734863,0.0,10779500
2021-10-26,8.785130500793457,9.449999809265137,0.0,9.550000190734863,9.399999618530273,9.5,0.0,23305700
2021-10-27,8.785130500793457,9.449999809265137,0.0,9.449999809265137,9.399999618530273,9.399999618530273,0.0,14546200
2021-10-28,8.738649368286133,9.399999618530273,0.0,9.449999809265137,9.350000381469727,9.399999618530273,0.0,18291600
2021-10-29,8.878095626831055,9.550000190734863,0.0,9.550000190734863,9.399999618530273,9.399999618530273,0.0,21117800
2021-11-01,8.831613540649414,9.5,0.0,9.600000381469727,9.449999809265137,9.550000190734863,0.0,16964300
2021-11-02,8.831613540649414,9.5,0.0,9.5,9.399999618530273,9.449999809265137,0.0,18385600
2021-11-03,8.831613540649414,9.5,0.0,9.5,9.399999618530273,9.5,0.0,11799700
2021-11-04,8.785130500793457,9.449999809265137,0.0,9.550000190734863,9.449999809265137,9.5,0.0,13331300
2021-11-05,8.831613540649414,9.5,0.0,9.550000190734863,9.449999809265137,9.5,0.0,14237200
2021-11-08,8.878095626831055,9.550000190734863,0.0,9.649999618530273,9.5,9.5,0.0,30331700
2021-11-09,9.017541885375977,9.699999809265137,0.0,9.699999809265137,9.550000190734863,9.600000381469727,0.0,29107700
2021-11-10,9.017541885375977,9.699999809265137,0.0,9.699999809265137,9.600000381469727,9.649999618530273,0.0,17799200
2021-11-11,8.924578666687012,9.600000381469727,0.0,9.699999809265137,9.550000190734863,9.699999809265137,0.0,13827500
2021-11-12,9.017541885375977,9.699999809265137,0.0,9.75,9.600000381469727,9.600000381469727,0.0,19911900
2021-11-15,9.064023971557617,9.75,0.0,9.75,9.649999618530273,9.699999809265137,0.0,21166900
2021-11-16,9.017541885375977,9.699999809265137,0.0,9.75,9.649999618530273,9.699999809265137,0.0,40373200
2021-11-17,9.017541885375977,9.699999809265137,0.0,9.75,9.649999618530273,9.699999809265137,0.0,20308800
2021-11-18,9.110507011413574,9.800000190734863,0.0,9.800000190734863,9.699999809265137,9.699999809265137,0.0,28336400
2021-11-19,8.878095626831055,9.550000190734863,0.0,9.850000381469727,9.550000190734863,9.800000190734863,0.0,61183500
2021-11-22,8.924578666687012,9.600000381469727,0.0,9.600000381469727,9.5,9.550000190734863,0.0,30866900
2021-11-23,8.924578666687012,9.600000381469727,0.0,9.649999618530273,9.550000190734863,9.649999618530273,0.0,22145100
2021-11-24,8.924578666687012,9.600000381469727,0.0,9.699999809265137,9.600000381469727,9.600000381469727,0.0,31766100
2021-11-25,8.97105884552002,9.649999618530273,0.0,9.75,9.600000381469727,9.699999809265137,0.0,23663200
2021-11-26,8.738649368286133,9.399999618530273,0.0,9.600000381469727,9.399999618530273,9.550000190734863,0.0,73911500
2021-11-29,8.413273811340332,9.050000190734863,0.0,9.399999618530273,9.050000190734863,9.399999618530273,0.0,85747600
2021-11-30,8.552720069885254,9.199999809265137,0.0,9.399999618530273,8.949999809265137,9.149999618530273,0.0,128169500
2021-12-01,8.552720069885254,9.199999809265137,0.0,9.25,9.0,9.149999618530273,0.0,47261200
2021-12-02,8.506237030029297,9.149999618530273,0.0,9.199999809265137,9.050000190734863,9.149999618530273,0.0,23907600
2021-12-03,8.459756851196289,9.100000381469727,0.0,9.199999809265137,9.100000381469727,9.149999618530273,0.0,40591000
2021-12-07,8.692166328430176,9.350000381469727,0.0,9.399999618530273,9.149999618530273,9.149999618530273,0.0,38564100
2021-12-08,8.692166328430176,9.350000381469727,0.0,9.449999809265137,9.300000190734863,9.350000381469727,0.0,43781800
2021-12-09,8.692166328430176,9.350000381469727,0.0,9.5,9.300000190734863,9.350000381469727,0.0,65876700
2021-12-13,8.738649368286133,9.399999618530273,0.0,9.449999809265137,9.25,9.399999618530273,0.0,36063100
2021-12-14,8.831613540649414,9.5,0.0,9.5,9.300000190734863,9.350000381469727,0.0,36851500
2021-12-15,8.831613540649414,9.5,0.0,9.550000190734863,9.449999809265137,9.449999809265137,0.0,23192800
2021-12-16,8.878095626831055,9.550000190734863,0.0,9.550000190734863,9.399999618530273,9.5,0.0,41958200
2021-12-17,8.878095626831055,9.550000190734863,0.0,9.600000381469727,9.449999809265137,9.5,0.0,33331200
2021-12-20,8.645685195922852,9.300000190734863,0.0,9.5,9.25,9.449999809265137,0.0,27913400
2021-12-21,8.645685195922852,9.300000190734863,0.0,9.399999618530273,9.300000190734863,9.350000381469727,0.0,11937900
2021-12-22,8.692166328430176,9.350000381469727,0.0,9.399999618530273,9.300000190734863,9.300000190734863,0.0,12611800
2021-12-23,8.738649368286133,9.399999618530273,0.0,9.449999809265137,9.350000381469727,9.399999618530273,0.0,16272300
2021-12-24,8.692166328430176,9.350000381469727,0.0,9.449999809265137,9.350000381469727,9.449999809265137,0.0,9019500
2021-12-27,8.692166328430176,9.350000381469727,0.0,9.449999809265137,9.300000190734863,9.399999618530273,0.0,21328500
2021-12-28,8.692166328430176,9.350000381469727,0.0,9.399999618530273,9.300000190734863,9.350000381469727,0.0,15896800
2021-12-29,8.738649368286133,9.399999618530273,0.0,9.399999618530273,9.350000381469727,9.350000381469727,0.0,19213100
2021-12-30,8.692166328430176,9.350000381469727,0.0,9.449999809265137,9.300000190734863,9.399999618530273,0.0,15634900
2022-01-04,8.785130500793457,9.449999809265137,0.0,9.5,9.350000381469727,9.350000381469727,0.0,30580500
2022-01-05,8.738649368286133,9.399999618530273,0.0,9.5,9.350000381469727,9.449999809265137,0.0,26934700
2022-01-06,8.599202156066895,9.25,0.0,9.399999618530273,9.25,9.399999618530273,0.0,40184200
2022-01-07,8.552720069885254,9.199999809265137,0.0,9.300000190734863,9.149999618530273,9.25,0.0,55860500
2022-01-10,8.552720069885254,9.199999809265137,0.0,9.300000190734863,9.149999618530273,9.199999809265137,0.0,19995700
2022-01-11,8.645685195922852,9.300000190734863,0.0,9.300000190734863,9.199999809265137,9.25,0.0,17161800
2022-01-12,8.645685195922852,9.300000190734863,0.0,9.399999618530273,9.25,9.300000190734863,0.0,20020100
2022-01-13,8.599202156066895,9.25,0.0,9.350000381469727,9.199999809265137,9.300000190734863,0.0,18075200
2022-01-14,8.552720069885254,9.199999809265137,0.0,9.300000190734863,9.149999618530273,9.199999809265137,0.0,31988300
2022-01-17,8.506237030029297,9.149999618530273,0.0,9.25,9.149999618530273,9.199999809265137,0.0,16890400
2022-01-18,8.506237030029297,9.149999618530273,0.0,9.25,9.100000381469727,9.199999809265137,0.0,25057000
2022-01-19,8.506237030029297,9.149999618530273,0.0,9.25,9.149999618530273,9.149999618530273,0.0,20191200
2022-01-20,8.552720069885254,9.199999809265137,0.0,9.25,9.100000381469727,9.199999809265137,0.0,24233500
2022-01-21,8.552720069885254,9.199999809265137,0.0,9.199999809265137,9.100000381469727,9.149999618530273,0.0,12991500
2022-01-24,8.506237030029297,9.149999618530273,0.0,9.25,9.100000381469727,9.149999618530273,0.0,25972000
2022-01-25,8.459756851196289,9.100000381469727,0.0,9.149999618530273,9.050000190734863,9.149999618530273,0.0,23944400
2022-01-26,8.459756851196289,9.100000381469727,0.0,9.25,9.100000381469727,9.149999618530273,0.0,37258800
2022-01-27,8.459756851196289,9.100000381469727,0.0,9.149999618530273,9.050000190734863,9.100000381469727,0.0,30209700
2022-01-28,8.459756851196289,9.100000381469727,0.0,9.199999809265137,9.100000381469727,9.149999618530273,0.0,20032000
2022-01-31,8.552720069885254,9.199999809265137,0.0,9.300000190734863,9.199999809265137,9.199999809265137,0.0,17103100
2022-02-01,8.645685195922852,9.300000190734863,0.0,9.350000381469727,9.199999809265137,9.25,0.0,17062700
2022-02-02,8.738649368286133,9.399999618530273,0.0,9.399999618530273,9.25,9.300000190734863,0.0,23364600
2022-02-03,8.692166328430176,9.350000381469727,0.0,9.399999618530273,9.300000190734863,9.350000381469727,0.0,29054800
2022-02-04,8.692166328430176,9.350000381469727,0.0,9.399999618530273,9.300000190734863,9.399999618530273,0.0,21229400
2022-02-07,8.881126403808594,9.399999618530273,0.15,9.399999618530273,9.149999618530273,9.25,0.0,59118400
2022-02-08,8.78664779663086,9.300000190734863,0.0,9.449999809265137,9.149999618530273,9.399999618530273,0.0,77614700
2022-02-09,8.78664779663086,9.300000190734863,0.0,9.350000381469727,9.25,9.350000381469727,0.0,45044300
2022-02-10,8.881126403808594,9.399999618530273,0.0,9.399999618530273,9.300000190734863,9.300000190734863,0.0,29964500
2022-02-11,8.78664779663086,9.300000190734863,0.0,9.449999809265137,9.25,9.399999618530273,0.0,49006100
2022-02-14,8.78664779663086,9.300000190734863,0.0,9.300000190734863,9.199999809265137,9.300000190734863,0.0,31338700
2022-02-15,8.833887100219727,9.350000381469727,0.0,9.350000381469727,9.199999809265137,9.300000190734863,0.0,19806600
2022-02-17,8.928366661071777,9.449999809265137,0.0,9.600000381469727,9.350000381469727,9.350000381469727,0.0,62983100
2022-02-18,9.636967658996582,10.199999809265137,0.0,10.199999809265137,9.399999618530273,9.5,0.0,320586800
2022-02-21,9.353527069091797,9.899999618530273,0.0,10.199999809265137,9.800000190734863,10.199999809265137,0.0,173610600
2022-02-22,9.211806297302246,9.75,0.0,9.800000190734863,9.600000381469727,9.699999809265137,0.0,111551100
2022-02-23,9.211806297302246,9.75,0.0,9.850000381469727,9.649999618530273,9.75,0.0,51929000
2022-02-24,8.975606918334961,9.5,0.0,9.75,9.5,9.699999809265137,0.0,84918000
2022-02-25,9.022847175598145,9.550000190734863,0.0,9.699999809265137,9.5,9.600000381469727,0.0,81041500
2022-02-28,8.975606918334961,9.5,0.0,9.699999809265137,9.399999618530273,9.550000190734863,0.0,104458800
2022-03-01,9.070087432861328,9.600000381469727,0.0,9.699999809265137,9.5,9.5,0.0,47309500
2022-03-02,9.070087432861328,9.600000381469727,0.0,9.600000381469727,9.5,9.550000190734863,0.0,43439200
2022-03-03,9.070087432861328,9.600000381469727,0.0,9.699999809265137,9.550000190734863,9.699999809265137,0.0,36285100
2022-03-04,8.975606918334961,9.5,0.0,9.649999618530273,9.449999809265137,9.600000381469727,0.0,43090900
2022-03-07,8.644926071166992,9.149999618530273,0.0,9.449999809265137,9.100000381469727,9.399999618530273,0.0,117266300
2022-03-08,8.597686767578125,9.100000381469727,0.0,9.25,8.899999618530273,9.149999618530273,0.0,101826400
2022-03-09,8.692166328430176,9.199999809265137,0.0,9.199999809265137,9.050000190734863,9.100000381469727,0.0,36870000
2022-03-10,8.739407539367676,9.25,0.0,9.350000381469727,9.149999618530273,9.300000190734863,0.0,45641600
2022-03-11,8.692166328430176,9.199999809265137,0.0,9.300000190734863,9.100000381469727,9.199999809265137,0.0,40315500
2022-03-14,8.739407539367676,9.25,0.0,9.300000190734863,9.199999809265137,9.199999809265137,0.0,14820100
2022-03-15,8.644926071166992,9.149999618530273,0.0,9.300000190734863,9.100000381469727,9.25,0.0,30639400
2022-03-16,8.78664779663086,9.300000190734863,0.0,9.300000190734863,9.199999809265137,9.199999809265137,0.0,18943200
2022-03-17,8.78664779663086,9.300000190734863,0.0,9.350000381469727,9.25,9.300000190734863,0.0,27124400
2022-03-18,8.644926071166992,9.149999618530273,0.0,9.350000381469727,9.149999618530273,9.25,0.0,64510100
2022-03-21,8.692166328430176,9.199999809265137,0.0,9.25,9.149999618530273,9.25,0.0,24719400
2022-03-22,8.644926071166992,9.149999618530273,0.0,9.25,9.149999618530273,9.199999809265137,0.0,12804100
2022-03-23,8.597686767578125,9.100000381469727,0.0,9.25,9.100000381469727,9.199999809265137,0.0,33865400
2022-03-24,8.644926071166992,9.149999618530273,0.0,9.149999618530273,9.050000190734863,9.100000381469727,0.0,23340600
2022-03-25,8.597686767578125,9.100000381469727,0.0,9.199999809265137,9.050000190734863,9.149999618530273,0.0,30480000
2022-03-28,8.597686767578125,9.100000381469727,0.0,9.149999618530273,9.050000190734863,9.100000381469727,0.0,14601200
2022-03-29,8.550446510314941,9.050000190734863,0.0,9.149999618530273,9.050000190734863,9.149999618530273,0.0,17012100
2022-03-30,8.644926071166992,9.149999618530273,0.0,9.199999809265137,9.0,9.050000190734863,0.0,60594900
2022-03-31,8.692166328430176,9.199999809265137,0.0,9.199999809265137,9.149999618530273,9.199999809265137,0.0,15317900
2022-04-01,8.644926071166992,9.149999618530273,0.0,9.199999809265137,9.100000381469727,9.149999618530273,0.0,16557200
2022-04-04,8.597686767578125,9.100000381469727,0.0,9.149999618530273,9.050000190734863,9.149999618530273,0.0,18690100
2022-04-05,8.597686767578125,9.100000381469727,0.0,9.149999618530273,9.050000190734863,9.100000381469727,0.0,18493900
2022-04-07,8.597686767578125,9.100000381469727,0.0,9.149999618530273,9.050000190734863,9.050000190734863,0.0,28334400
2022-04-08,8.597686767578125,9.100000381469727,0.0,9.149999618530273,9.050000190734863,9.100000381469727,0.0,20493200
2022-04-11,8.597686767578125,9.100000381469727,0.0,9.149999618530273,9.050000190734863,9.100000381469727,0.0,10294800
2022-04-12,8.597686767578125,9.100000381469727,0.0,9.149999618530273,9.050000190734863,9.100000381469727,0.0,8153200
2022-04-18,8.597686767578125,9.100000381469727,0.0,9.149999618530273,9.050000190734863,9.100000381469727,0.0,23500000
2022-04-19,8.597686767578125,9.100000381469727,0.0,9.149999618530273,9.050000190734863,9.050000190734863,0.0,18336100
2022-04-20,8.550446510314941,9.050000190734863,0.0,9.100000381469727,9.0,9.050000190734863,0.0,27068200
2022-04-21,8.597686767578125,9.100000381469727,0.0,9.149999618530273,9.050000190734863,9.100000381469727,0.0,24922900
2022-04-22,8.597686767578125,9.100000381469727,0.0,9.100000381469727,9.0,9.100000381469727,0.0,15649000
2022-04-25,8.597686767578125,9.100000381469727,0.0,9.100000381469727,9.0,9.050000190734863,0.0,12946400
2022-04-26,8.550446510314941,9.050000190734863,0.0,9.149999618530273,9.050000190734863,9.100000381469727,0.0,27693500
2022-04-27,8.40872573852539,8.899999618530273,0.0,9.050000190734863,8.899999618530273,9.0,0.0,45449200
2022-04-28,8.455965995788574,8.949999809265137,0.0,9.0,8.899999618530273,8.899999618530273,0.0,24077200
2022-04-29,8.503207206726074,9.0,0.0,9.050000190734863,8.949999809265137,8.949999809265137,0.0,22389600
2022-05-03,8.455965995788574,8.949999809265137,0.0,9.050000190734863,8.949999809265137,9.0,0.0,16224700
2022-05-05,8.455965995788574,8.949999809265137,0.0,9.050000190734863,8.899999618530273,9.050000190734863,0.0,25518100
2022-05-06,8.361486434936523,8.850000381469727,0.0,8.949999809265137,8.800000190734863,8.899999618530273,0.0,36629800
2022-05-09,8.172525405883789,8.649999618530273,0.0,8.899999618530273,8.600000381469727,8.850000381469727,0.0,57097800
2022-05-10,8.40872573852539,8.899999618530273,0.0,8.899999618530273,8.649999618530273,8.699999809265137,0.0,41659900
2022-05-11,8.361486434936523,8.850000381469727,0.0,8.949999809265137,8.75,8.899999618530273,0.0,25222500
2022-05-12,8.267005920410156,8.75,0.0,8.850000381469727,8.699999809265137,8.800000190734863,0.0,42313200
2022-05-13,8.219766616821289,8.699999809265137,0.0,8.800000190734863,8.699999809265137,8.75,0.0,24732600
2022-05-17,8.503207206726074,9.0,0.0,9.0,8.800000190734863,8.800000190734863,0.0,40844800
2022-05-18,8.739407539367676,9.25,0.0,9.25,8.949999809265137,9.050000190734863,0.0,52956800
2022-05-19,8.597686767578125,9.100000381469727,0.0,9.199999809265137,9.050000190734863,9.149999618530273,0.0,52815300
2022-05-20,8.503207206726074,9.0,0.0,9.25,9.0,9.100000381469727,0.0,115976800
2022-05-23,8.267005920410156,8.75,0.0,8.899999618530273,8.649999618530273,8.800000190734863,0.0,189190600
2022-05-24,8.219766616821289,8.699999809265137,0.0,8.850000381469727,8.649999618530273,8.75,0.0,110228100
2022-05-25,8.125286102294922,8.600000381469727,0.0,8.800000190734863,8.5,8.75,0.0,128849000
2022-05-26,8.172525405883789,8.649999618530273,0.0,8.699999809265137,8.550000190734863,8.649999618530273,0.0,60834400
2022-05-27,8.267005920410156,8.75,0.0,8.75,8.649999618530273,8.699999809265137,0.0,29427700
2022-05-30,8.31424617767334,8.800000190734863,0.0,8.800000190734863,8.699999809265137,8.75,0.0,29898100
2022-05-31,8.40872573852539,8.899999618530273,0.0,8.899999618530273,8.699999809265137,8.800000190734863,0.0,134390400
2022-06-01,8.31424617767334,8.800000190734863,0.0,8.899999618530273,8.75,8.899999618530273,0.0,24703000
2022-06-02,8.31424617767334,8.800000190734863,0.0,8.800000190734863,8.699999809265137,8.800000190734863,0.0,27321700
2022-06-06,8.219766616821289,8.699999809265137,0.0,8.800000190734863,8.600000381469727,8.800000190734863,0.0,51716500
2022-06-07,8.125286102294922,8.600000381469727,0.0,8.699999809265137,8.600000381469727,8.699999809265137,0.0,31833500
2022-06-08,8.125286102294922,8.600000381469727,0.0,8.649999618530273,8.550000190734863,8.649999618530273,0.0,30442000
2022-06-09,8.078045845031738,8.550000190734863,0.0,8.600000381469727,8.5,8.550000190734863,0.0,47998700
2022-06-10,8.030805587768555,8.5,0.0,8.649999618530273,8.5,8.649999618530273,0.0,37039500
2022-06-13,7.936325550079346,8.399999618530273,0.0,8.5,8.399999618530273,8.449999809265137,0.0,29231200
2022-06-14,7.983565807342529,8.449999809265137,0.0,8.449999809265137,8.350000381469727,8.399999618530273,0.0,29170000
2022-06-15,7.8890862464904785,8.350000381469727,0.0,8.5,8.300000190734863,8.449999809265137,0.0,43052400
2022-06-16,7.747365474700928,8.199999809265137,0.0,8.399999618530273,8.199999809265137,8.399999618530273,0.0,63034300
2022-06-17,8.030805587768555,8.5,0.0,8.5,8.149999618530273,8.199999809265137,0.0,65443900
2022-06-20,7.983565807342529,8.449999809265137,0.0,8.5,8.399999618530273,8.449999809265137,0.0,12439100
2022-06-21,7.983565807342529,8.449999809265137,0.0,8.5,8.399999618530273,8.449999809265137,0.0,28677400
2022-06-22,7.8890862464904785,8.350000381469727,0.0,8.5,8.300000190734863,8.449999809265137,0.0,22173100
2022-06-23,7.936325550079346,8.399999618530273,0.0,8.449999809265137,8.300000190734863,8.399999618530273,0.0,18612500
2022-06-24,7.983565807342529,8.449999809265137,0.0,8.5,8.399999618530273,8.449999809265137,0.0,20488000
2022-06-27,8.078045845031738,8.550000190734863,0.0,8.600000381469727,8.449999809265137,8.5,0.0,20619300
2022-06-28,8.219766616821289,8.699999809265137,0.0,8.699999809265137,8.5,8.550000190734863,0.0,50742600
2022-06-29,8.172525405883789,8.649999618530273,0.0,8.699999809265137,8.600000381469727,8.699999809265137,0.0,28362100
2022-06-30,8.078045845031738,8.550000190734863,0.0,8.649999618530273,8.449999809265137,8.600000381469727,0.0,38477400
2022-07-01,8.078045845031738,8.550000190734863,0.0,8.600000381469727,8.5,8.550000190734863,0.0,14015400
2022-07-04,8.030805587768555,8.5,0.0,8.600000381469727,8.399999618530273,8.600000381469727,0.0,33796600
2022-07-05,7.983565807342529,8.449999809265137,0.0,8.600000381469727,8.399999618530273,8.550000190734863,0.0,39285200
2022-07-06,7.983565807342529,8.449999809265137,0.0,8.5,8.350000381469727,8.449999809265137,0.0,27102700
2022-07-07,8.078045845031738,8.550000190734863,0.0,8.550000190734863,8.399999618530273,8.399999618530273,0.0,41165200
2022-07-08,8.172525405883789,8.649999618530273,0.0,8.649999618530273,8.5,8.550000190734863,0.0,41240300
2022-07-11,8.172525405883789,8.649999618530273,0.0,8.649999618530273,8.550000190734863,8.600000381469727,0.0,9246200
2022-07-12,8.125286102294922,8.600000381469727,0.0,8.649999618530273,8.550000190734863,8.649999618530273,0.0,16344700
2022-07-14,8.125286102294922,8.600000381469727,0.0,8.649999618530273,8.5,8.600000381469727,0.0,31183100
2022-07-15,8.125286102294922,8.600000381469727,0.0,8.649999618530273,8.449999809265137,8.649999618530273,0.0,22990200
2022-07-18,8.219766616821289,8.699999809265137,0.0,8.699999809265137,8.600000381469727,8.600000381469727,0.0,15347600
2022-07-19,8.172525405883789,8.649999618530273,0.0,8.699999809265137,8.550000190734863,8.649999618530273,0.0,20922800
2022-07-20,8.125286102294922,8.600000381469727,0.0,8.699999809265137,8.550000190734863,8.699999809265137,0.0,23399600
2022-07-21,8.172525405883789,8.649999618530273,0.0,8.699999809265137,8.600000381469727,8.600000381469727,0.0,25267300
2022-07-22,8.172525405883789,8.649999618530273,0.0,8.649999618530273,8.550000190734863,8.649999618530273,0.0,31926600
2022-07-25,8.125286102294922,8.600000381469727,0.0,8.649999618530273,8.449999809265137,8.649999618530273,0.0,24322400
2022-07-26,8.125286102294922,8.600000381469727,0.0,8.600000381469727,8.550000190734863,8.600000381469727,0.0,13278300
2022-07-27,8.125286102294922,8.600000381469727,0.0,8.600000381469727,8.5,8.600000381469727,0.0,23491300
2022-08-01,8.219766616821289,8.699999809265137,0.0,8.75,8.550000190734863,8.600000381469727,0.0,55751600
2022-08-02,8.219766616821289,8.699999809265137,0.0,8.75,8.649999618530273,8.649999618530273,0.0,33294600
2022-08-03,8.229391098022461,8.550000190734863,0.16,8.600000381469727,8.5,8.550000190734863,0.0,20926200
2022-08-04,8.27751636505127,8.600000381469727,0.0,8.600000381469727,8.550000190734863,8.550000190734863,0.0,9978900
2022-08-05,8.27751636505127,8.600000381469727,0.0,8.649999618530273,8.550000190734863,8.600000381469727,0.0,22088700
2022-08-08,8.325640678405762,8.649999618530273,0.0,8.649999618530273,8.550000190734863,8.600000381469727,0.0,15927000
2022-08-09,8.325640678405762,8.649999618530273,0.0,8.699999809265137,8.600000381469727,8.649999618530273,0.0,20721400
2022-08-10,8.373766899108887,8.699999809265137,0.0,8.699999809265137,8.600000381469727,8.649999618530273,0.0,19952500
2022-08-11,8.373766899108887,8.699999809265137,0.0,8.699999809265137,8.649999618530273,8.699999809265137,0.0,7773400
2022-08-15,8.373766899108887,8.699999809265137,0.0,8.75,8.699999809265137,8.699999809265137,0.0,9834700
2022-08-16,8.181265830993652,8.5,0.0,8.699999809265137,8.5,8.699999809265137,0.0,39375700
2022-08-17,8.133140563964844,8.449999809265137,0.0,8.550000190734863,8.300000190734863,8.5,0.0,52516600
2022-08-18,8.085015296936035,8.399999618530273,0.0,8.5,8.350000381469727,8.449999809265137,0.0,45148500
2022-08-19,8.085015296936035,8.399999618530273,0.0,8.449999809265137,8.350000381469727,8.399999618530273,0.0,22457100
2022-08-22,8.085015296936035,8.399999618530273,0.0,8.399999618530273,8.300000190734863,8.399999618530273,0.0,17269900
2022-08-23,8.085015296936035,8.399999618530273,0.0,8.449999809265137,8.350000381469727,8.350000381469727,0.0,18871400
2022-08-24,7.988765716552734,8.300000190734863,0.0,8.449999809265137,8.300000190734863,8.399999618530273,0.0,37237600
2022-08-25,8.036890983581543,8.350000381469727,0.0,8.399999618530273,8.300000190734863,8.350000381469727,0.0,18459600
2022-08-26,8.085015296936035,8.399999618530273,0.0,8.449999809265137,8.300000190734863,8.399999618530273,0.0,28954200
2022-08-29,8.036890983581543,8.350000381469727,0.0,8.350000381469727,8.25,8.300000190734863,0.0,25264300
2022-08-30,8.085015296936035,8.399999618530273,0.0,8.399999618530273,8.300000190734863,8.300000190734863,0.0,17798300
2022-08-31,8.085015296936035,8.399999618530273,0.0,8.399999618530273,8.300000190734863,8.350000381469727,0.0,37786600
2022-09-01,7.988765716552734,8.300000190734863,0.0,8.399999618530273,8.300000190734863,8.350000381469727,0.0,11822700
2022-09-02,8.27751636505127,8.600000381469727,0.0,8.600000381469727,8.25,8.300000190734863,0.0,70412700
2022-09-05,8.181265830993652,8.5,0.0,8.600000381469727,8.5,8.600000381469727,0.0,28921500
2022-09-06,8.325640678405762,8.649999618530273,0.0,8.75,8.5,8.550000190734863,0.0,82853300
2022-09-07,8.470016479492188,8.800000190734863,0.0,9.0,8.600000381469727,8.649999618530273,0.0,184513600
2022-09-08,8.325640678405762,8.649999618530273,0.0,8.850000381469727,8.649999618530273,8.800000190734863,0.0,48406200
2022-09-09,8.325640678405762,8.649999618530273,0.0,8.75,8.600000381469727,8.699999809265137,0.0,26500300
2022-09-12,8.325640678405762,8.649999618530273,0.0,8.75,8.649999618530273,8.699999809265137,0.0,15194200
2022-09-13,8.566266059875488,8.899999618530273,0.0,8.899999618530273,8.699999809265137,8.75,0.0,70058900
2022-09-14,8.518141746520996,8.850000381469727,0.0,8.899999618530273,8.75,8.800000190734863,0.0,42536500
2022-09-15,8.421891212463379,8.75,0.0,8.899999618530273,8.699999809265137,8.899999618530273,0.0,17187400
2022-09-16,8.518141746520996,8.850000381469727,0.0,8.850000381469727,8.699999809265137,8.75,0.0,61657400
2022-09-19,8.421891212463379,8.75,0.0,8.850000381469727,8.699999809265137,8.850000381469727,0.0,25658500
2022-09-20,8.373766899108887,8.699999809265137,0.0,8.800000190734863,8.649999618530273,8.800000190734863,0.0,24347400
2022-09-21,8.325640678405762,8.649999618530273,0.0,8.75,8.649999618530273,8.699999809265137,0.0,31989100
2022-09-22,8.373766899108887,8.699999809265137,0.0,8.699999809265137,8.600000381469727,8.600000381469727,0.0,26088400
2022-09-23,8.325640678405762,8.649999618530273,0.0,8.699999809265137,8.600000381469727,8.649999618530273,0.0,21930000
2022-09-26,8.325640678405762,8.649999618530273,0.0,8.699999809265137,8.5,8.699999809265137,0.0,46902600
2022-09-27,8.27751636505127,8.600000381469727,0.0,8.75,8.600000381469727,8.649999618530273,0.0,33791800
2022-09-28,8.036890983581543,8.350000381469727,0.0,8.600000381469727,8.350000381469727,8.550000190734863,0.0,45438400
2022-09-29,8.036890983581543,8.350000381469727,0.0,8.449999809265137,8.300000190734863,8.350000381469727,0.0,40322000
2022-09-30,7.988765716552734,8.300000190734863,0.0,8.399999618530273,8.300000190734863,8.350000381469727,0.0,27249400
2022-10-03,7.748140335083008,8.050000190734863,0.0,8.350000381469727,8.0,8.300000190734863,0.0,98202700
2022-10-04,7.748140335083008,8.050000190734863,0.0,8.199999809265137,8.050000190734863,8.149999618530273,0.0,37712100
2022-10-05,7.748140335083008,8.050000190734863,0.0,8.149999618530273,8.0,8.100000381469727,0.0,33491800
2022-10-06,7.700015068054199,8.0,0.0,8.100000381469727,8.0,8.050000190734863,0.0,31691900
2022-10-07,7.700015068054199,8.0,0.0,8.050000190734863,7.949999809265137,8.050000190734863,0.0,27505200
2022-10-10,7.60376501083374,7.900000095367432,0.0,8.0,7.900000095367432,7.949999809265137,0.0,36419000
2022-10-11,7.60376501083374,7.900000095367432,0.0,7.949999809265137,7.849999904632568,7.900000095367432,0.0,27297100
2022-10-12,7.700015068054199,8.0,0.0,8.0,7.900000095367432,8.0,0.0,14682500
2022-10-17,7.796265602111816,8.100000381469727,0.0,8.100000381469727,7.949999809265137,7.949999809265137,0.0,19998600
2022-10-18,7.892514705657959,8.199999809265137,0.0,8.199999809265137,8.100000381469727,8.100000381469727,0.0,28297500
2022-10-19,7.892514705657959,8.199999809265137,0.0,8.25,8.149999618530273,8.199999809265137,0.0,17488500
2022-10-20,7.844390392303467,8.149999618530273,0.0,8.199999809265137,8.100000381469727,8.199999809265137,0.0,24115000
2022-10-21,7.940640449523926,8.25,0.0,8.300000190734863,8.149999618530273,8.199999809265137,0.0,22522300
2022-10-25,7.988765716552734,8.300000190734863,0.0,8.350000381469727,8.25,8.300000190734863,0.0,20440100
2022-10-26,7.940640449523926,8.25,0.0,8.350000381469727,8.199999809265137,8.300000190734863,0.0,27284400
2022-10-27,7.988765716552734,8.300000190734863,0.0,8.300000190734863,8.199999809265137,8.25,0.0,12114400
2022-10-28,7.988765716552734,8.300000190734863,0.0,8.399999618530273,8.25,8.300000190734863,0.0,26653800
2022-10-31,7.988765716552734,8.300000190734863,0.0,8.399999618530273,8.25,8.350000381469727,0.0,15163600
2022-11-01,8.036890983581543,8.350000381469727,0.0,8.399999618530273,8.300000190734863,8.350000381469727,0.0,21035800
2022-11-02,8.036890983581543,8.350000381469727,0.0,8.399999618530273,8.300000190734863,8.350000381469727,0.0,14427200
2022-11-03,7.988765716552734,8.300000190734863,0.0,8.350000381469727,8.25,8.350000381469727,0.0,16034500
2022-11-04,7.892514705657959,8.199999809265137,0.0,8.300000190734863,8.199999809265137,8.300000190734863,0.0,26297600
2022-11-07,7.892514705657959,8.199999809265137,0.0,8.25,8.199999809265137,8.199999809265137,0.0,15902700
2022-11-08,8.036890983581543,8.350000381469727,0.0,8.350000381469727,8.199999809265137,8.25,0.0,19561300
2022-11-09,7.988765716552734,8.300000190734863,0.0,8.399999618530273,8.25,8.350000381469727,0.0,13294900
2022-11-10,8.036890983581543,8.350000381469727,0.0,8.350000381469727,8.300000190734863,8.350000381469727,0.0,6647400
2022-11-11,8.085015296936035,8.399999618530273,0.0,8.399999618530273,8.300000190734863,8.399999618530273,0.0,20012300
2022-11-14,8.036890983581543,8.350000381469727,0.0,8.399999618530273,8.300000190734863,8.350000381469727,0.0,14545600
2022-11-15,8.036890983581543,8.350000381469727,0.0,8.399999618530273,8.25,8.300000190734863,0.0,32297100
2022-11-16,7.844390392303467,8.149999618530273,0.0,8.350000381469727,8.149999618530273,8.350000381469727,0.0,23332200
2022-11-17,7.844390392303467,8.149999618530273,0.0,8.199999809265137,8.100000381469727,8.149999618530273,0.0,20217800
2022-11-18,7.796265602111816,8.100000381469727,0.0,8.199999809265137,8.050000190734863,8.149999618530273,0.0,28529000
2022-11-21,7.844390392303467,8.149999618530273,0.0,8.149999618530273,8.0,8.050000190734863,0.0,17050000
2022-11-22,7.844390392303467,8.149999618530273,0.0,8.25,8.100000381469727,8.149999618530273,0.0,12587900
2022-11-23,7.892514705657959,8.199999809265137,0.0,8.199999809265137,8.100000381469727,8.199999809265137,0.0,11497700
2022-11-24,7.844390392303467,8.149999618530273,0.0,8.25,8.100000381469727,8.199999809265137,0.0,18019200
2022-11-25,7.748140335083008,8.050000190734863,0.0,8.149999618530273,8.050000190734863,8.149999618530273,0.0,28988000
2022-11-28,7.796265602111816,8.100000381469727,0.0,8.149999618530273,8.050000190734863,8.050000190734863,0.0,11507200
2022-11-29,7.940640449523926,8.25,0.0,8.25,8.100000381469727,8.100000381469727,0.0,17919200
2022-11-30,8.085015296936035,8.399999618530273,0.0,8.399999618530273,8.25,8.25,0.0,55014900
2022-12-01,8.036890983581543,8.350000381469727,0.0,8.449999809265137,8.300000190734863,8.399999618530273,0.0,30762900
2022-12-02,8.036890983581543,8.350000381469727,0.0,8.350000381469727,8.25,8.350000381469727,0.0,17651700
2022-12-06,7.940640449523926,8.25,0.0,8.350000381469727,8.25,8.350000381469727,0.0,15474100
2022-12-07,7.988765716552734,8.300000190734863,0.0,8.350000381469727,8.25,8.25,0.0,24238700
2022-12-08,8.036890983581543,8.350000381469727,0.0,8.350000381469727,8.25,8.300000190734863,0.0,12344600
2022-12-09,7.988765716552734,8.300000190734863,0.0,8.350000381469727,8.300000190734863,8.350000381469727,0.0,5058500
2022-12-13,8.036890983581543,8.350000381469727,0.0,8.399999618530273,8.300000190734863,8.350000381469727,0.0,17552500
2022-12-14,7.988765716552734,8.300000190734863,0.0,8.399999618530273,8.25,8.350000381469727,0.0,26850300
2022-12-15,7.940640449523926,8.25,0.0,8.300000190734863,8.199999809265137,8.300000190734863,0.0,12683600
2022-12-16,7.940640449523926,8.25,0.0,8.25,8.199999809265137,8.199999809265137,0.0,35179600
2022-12-19,7.988765716552734,8.300000190734863,0.0,8.300000190734863,8.199999809265137,8.25,0.0,9518300
2022-12-20,7.940640449523926,8.25,0.0,8.300000190734863,8.149999618530273,8.300000190734863,0.0,12685200
2022-12-21,7.988765716552734,8.300000190734863,0.0,8.300000190734863,8.199999809265137,8.300000190734863,0.0,9117500
2022-12-22,7.988765716552734,8.300000190734863,0.0,8.300000190734863,8.25,8.300000190734863,0.0,5506600
2022-12-23,7.892514705657959,8.199999809265137,0.0,8.300000190734863,8.149999618530273,8.25,0.0,29839100
2022-12-26,7.988765716552734,8.300000190734863,0.0,8.300000190734863,8.199999809265137,8.199999809265137,0.0,8272500
2022-12-27,8.085015296936035,8.399999618530273,0.0,8.399999618530273,8.25,8.300000190734863,0.0,16991200
2022-12-28,8.133140563964844,8.449999809265137,0.0,8.449999809265137,8.350000381469727,8.399999618530273,0.0,19756800
2022-12-29,8.181265830993652,8.5,0.0,8.5,8.399999618530273,8.449999809265137,0.0,22104000
2022-12-30,8.085015296936035,8.399999618530273,0.0,8.550000190734863,8.399999618530273,8.5,0.0,24555600
2023-01-03,8.133140563964844,8.449999809265137,0.0,8.550000190734863,8.399999618530273,8.449999809265137,0.0,20778800
2023-01-04,8.133140563964844,8.449999809265137,0.0,8.5,8.399999618530273,8.5,0.0,25081100
2023-01-05,8.181265830993652,8.5,0.0,8.5,8.449999809265137,8.449999809265137,0.0,24008800
2023-01-06,8.229391098022461,8.550000190734863,0.0,8.600000381469727,8.449999809265137,8.5,0.0,24722600
2023-01-09,8.27751636505127,8.600000381469727,0.0,8.699999809265137,8.550000190734863,8.600000381469727,0.0,29463100
2023-01-10,8.27751636505127,8.600000381469727,0.0,8.600000381469727,8.5,8.550000190734863,0.0,12568700
2023-01-11,8.27751636505127,8.600000381469727,0.0,8.649999618530273,8.550000190734863,8.600000381469727,0.0,7544200
2023-01-12,8.325640678405762,8.649999618530273,0.0,8.75,8.600000381469727,8.600000381469727,0.0,33964500
2023-01-13,8.373766899108887,8.699999809265137,0.0,8.75,8.649999618530273,8.699999809265137,0.0,27501800
2023-01-16,8.373766899108887,8.699999809265137,0.0,8.800000190734863,8.649999618530273,8.75,0.0,23764000
2023-01-17,8.373766899108887,8.699999809265137,0.0,8.800000190734863,8.649999618530273,8.699999809265137,0.0,22298400
2023-01-18,8.373766899108887,8.699999809265137,0.0,8.699999809265137,8.600000381469727,8.649999618530273,0.0,13452600
2023-01-19,8.27751636505127,8.600000381469727,0.0,8.699999809265137,8.550000190734863,8.649999618530273,0.0,35352700
2023-01-20,8.229391098022461,8.550000190734863,0.0,8.600000381469727,8.5,8.600000381469727,0.0,18469200
2023-01-23,8.27751636505127,8.600000381469727,0.0,8.649999618530273,8.550000190734863,8.550000190734863,0.0,21383100
2023-01-24,8.373766899108887,8.699999809265137,0.0,8.699999809265137,8.600000381469727,8.649999618530273,0.0,20175100
2023-01-25,8.373766899108887,8.699999809265137,0.0,8.75,8.550000190734863,8.699999809265137,0.0,33746200
2023-01-26,8.27751636505127,8.600000381469727,0.0,8.699999809265137,8.550000190734863,8.649999618530273,0.0,23620700
2023-01-27,8.325640678405762,8.649999618530273,0.0,8.699999809265137,8.600000381469727,8.600000381469727,0.0,26905400
2023-01-30,8.374615669250488,8.550000190734863,0.15,8.550000190734863,8.5,8.550000190734863,0.0,11845200
2023-01-31,8.276666641235352,8.449999809265137,0.0,8.550000190734863,8.449999809265137,8.5,0.0,19697400
2023-02-01,8.325640678405762,8.5,0.0,8.5,8.399999618530273,8.449999809265137,0.0,19589200
2023-02-02,8.276666641235352,8.449999809265137,0.0,8.5,8.399999618530273,8.5,0.0,26303900
2023-02-03,8.227691650390625,8.399999618530273,0.0,8.449999809265137,8.399999618530273,8.399999618530273,0.0,11150000
2023-02-06,8.129743576049805,8.300000190734863,0.0,8.449999809265137,8.300000190734863,8.399999618530273,0.0,19682100
2023-02-07,8.080769538879395,8.25,0.0,8.399999618530273,8.199999809265137,8.300000190734863,0.0,52779800
2023-02-08,8.031794548034668,8.199999809265137,0.0,8.300000190734863,8.199999809265137,8.300000190734863,0.0,23115200
2023-02-09,8.080769538879395,8.25,0.0,8.25,8.149999618530273,8.25,0.0,22551600
2023-02-10,7.9828200340271,8.149999618530273,0.0,8.25,8.100000381469727,8.199999809265137,0.0,50328900
2023-02-13,7.9828200340271,8.149999618530273,0.0,8.199999809265137,8.100000381469727,8.100000381469727,0.0,11623900
2023-02-14,8.031794548034668,8.199999809265137,0.0,8.25,8.149999618530273,8.199999809265137,0.0,28279100
2023-02-15,7.9828200340271,8.149999618530273,0.0,8.25,8.100000381469727,8.199999809265137,0.0,39021400
2023-02-16,7.9828200340271,8.149999618530273,0.0,8.149999618530273,8.050000190734863,8.149999618530273,0.0,35041000
2023-02-17,7.933846473693848,8.100000381469727,0.0,8.100000381469727,8.050000190734863,8.100000381469727,0.0,16280800
2023-02-20,7.933846473693848,8.100000381469727,0.0,8.149999618530273,8.050000190734863,8.100000381469727,0.0,10590900
2023-02-21,8.080769538879395,8.25,0.0,8.25,8.050000190734863,8.100000381469727,0.0,34928300
2023-02-22,7.884871959686279,8.050000190734863,0.0,8.25,8.0,8.199999809265137,0.0,54124000
2023-02-23,7.835897445678711,8.0,0.0,8.050000190734863,8.0,8.050000190734863,0.0,15948200
2023-02-24,7.835897445678711,8.0,0.0,8.050000190734863,7.949999809265137,8.050000190734863,0.0,34043800
2023-02-27,7.786922931671143,7.949999809265137,0.0,8.050000190734863,7.949999809265137,8.0,0.0,14298600
2023-02-28,7.884871959686279,8.050000190734863,0.0,8.050000190734863,7.949999809265137,7.949999809265137,0.0,48163800
2023-03-01,7.688974380493164,7.849999904632568,0.0,8.100000381469727,7.849999904632568,8.050000190734863,0.0,63522700
2023-03-02,7.640000343322754,7.800000190734863,0.0,7.900000095367432,7.800000190734863,7.900000095367432,0.0,47301500
2023-03-03,7.493076801300049,7.650000095367432,0.0,7.849999904632568,7.550000190734863,7.849999904632568,0.0,75026600
2023-03-07,7.5910258293151855,7.75,0.0,7.900000095367432,7.699999809265137,7.75,0.0,21404100
2023-03-08,7.542051315307617,7.699999809265137,0.0,7.75,7.550000190734863,7.650000095367432,0.0,36876700
2023-03-09,7.542051315307617,7.699999809265137,0.0,7.75,7.650000095367432,7.699999809265137,0.0,26787000
2023-03-10,7.39512825012207,7.550000190734863,0.0,7.699999809265137,7.550000190734863,7.650000095367432,0.0,33536000
2023-03-13,6.7584614753723145,6.900000095367432,0.0,7.199999809265137,5.400000095367432,5.400000095367432,0.0,396865200
2023-03-14,6.562563896179199,6.699999809265137,0.0,7.0,6.650000095367432,6.900000095367432,0.0,146032200
2023-03-15,7.003333568572998,7.150000095367432,0.0,7.25,6.800000190734863,6.900000095367432,0.0,96854700
2023-03-16,6.95435905456543,7.099999904632568,0.0,7.25,7.0,7.050000190734863,0.0,60771400
2023-03-17,6.95435905456543,7.099999904632568,0.0,7.199999809265137,7.0,7.150000095367432,0.0,83080600
2023-03-20,6.807435512542725,6.949999809265137,0.0,7.099999904632568,6.900000095367432,7.099999904632568,0.0,57950600
2023-03-21,6.856410026550293,7.0,0.0,7.050000190734863,6.949999809265137,7.050000190734863,0.0,39344200
2023-03-22,6.9053850173950195,7.050000190734863,0.0,7.099999904632568,7.0,7.0,0.0,31069400
2023-03-23,7.003333568572998,7.150000095367432,0.0,7.150000095367432,7.0,7.050000190734863,0.0,38732300
2023-03-24,7.052307605743408,7.199999809265137,0.0,7.199999809265137,7.050000190734863,7.150000095367432,0.0,52751800
2023-03-27,6.95435905456543,7.099999904632568,0.0,7.25,7.099999904632568,7.199999809265137,0.0,14880700
2023-03-28,7.003333568572998,7.150000095367432,0.0,7.25,7.099999904632568,7.150000095367432,0.0,35192700
2023-03-29,7.003333568572998,7.150000095367432,0.0,7.199999809265137,7.050000190734863,7.150000095367432,0.0,19330900
2023-03-30,6.856410026550293,7.0,0.0,7.25,7.0,7.150000095367432,0.0,31653800
2023-03-31,6.95435905456543,7.099999904632568,0.0,7.099999904632568,7.0,7.050000190734863,0.0,22610900
2023-04-03,6.95435905456543,7.099999904632568,0.0,7.199999809265137,7.0,7.099999904632568,0.0,20363200
2023-04-04,7.052307605743408,7.199999809265137,0.0,7.300000190734863,7.150000095367432,7.150000095367432,0.0,52051700
2023-04-05,7.003333568572998,7.150000095367432,0.0,7.300000190734863,7.099999904632568,7.199999809265137,0.0,33131700
2023-04-07,7.248205184936523,7.400000095367432,0.0,7.5,7.300000190734863,7.300000190734863,0.0,66396600
2023-04-10,7.39512825012207,7.550000190734863,0.0,7.650000095367432,7.400000095367432,7.400000095367432,0.0,48481300
2023-04-11,7.297179222106934,7.449999809265137,0.0,7.599999904632568,7.349999904632568,7.550000190734863,0.0,31171300
2023-04-12,7.4441022872924805,7.599999904632568,0.0,7.599999904632568,7.400000095367432,7.5,0.0,29317900
2023-04-17,7.5910258293151855,7.75,0.0,7.800000190734863,7.650000095367432,7.699999809265137,0.0,36722100
2023-04-18,7.542051315307617,7.699999809265137,0.0,7.800000190734863,7.650000095367432,7.75,0.0,21603800
2023-04-19,7.542051315307617,7.699999809265137,0.0,7.75,7.599999904632568,7.699999809265137,0.0,35002400
2023-04-20,7.4441022872924805,7.599999904632568,0.0,7.800000190734863,7.550000190734863,7.699999809265137,0.0,32195600
2023-04-21,7.542051315307617,7.699999809265137,0.0,7.75,7.599999904632568,7.599999904632568,0.0,25814600
2023-04-24,7.542051315307617,7.699999809265137,0.0,7.75,7.599999904632568,7.699999809265137,0.0,14315200
2023-04-25,7.39512825012207,7.550000190734863,0.0,7.75,7.5,7.75,0.0,30581700
2023-04-26,7.640000343322754,7.800000190734863,0.0,7.800000190734863,7.550000190734863,7.550000190734863,0.0,41223200
2023-04-27,7.640000343322754,7.800000190734863,0.0,7.849999904632568,7.699999809265137,7.800000190734863,0.0,22005000
2023-04-28,7.542051315307617,7.699999809265137,0.0,7.849999904632568,7.599999904632568,7.800000190734863,0.0,30197000
2023-05-02,7.5910258293151855,7.75,0.0,7.900000095367432,7.699999809265137,7.75,0.0,33431900
2023-05-03,7.640000343322754,7.800000190734863,0.0,7.800000190734863,7.599999904632568,7.699999809265137,0.0,23439200
2023-05-08,7.5910258293151855,7.75,0.0,7.949999809265137,7.699999809265137,7.849999904632568,0.0,47122500
2023-05-09,7.640000343322754,7.800000190734863,0.0,7.849999904632568,7.699999809265137,7.800000190734863,0.0,26934600
2023-05-10,7.640000343322754,7.800000190734863,0.0,7.849999904632568,7.650000095367432,7.800000190734863,0.0,20805300
2023-05-11,7.640000343322754,7.800000190734863,0.0,7.849999904632568,7.650000095367432,7.800000190734863,0.0,26499000
2023-05-12,7.542051315307617,7.699999809265137,0.0,7.849999904632568,7.650000095367432,7.800000190734863,0.0,30524700
2023-05-15,7.39512825012207,7.550000190734863,0.0,7.849999904632568,7.5,7.75,0.0,30257900
2023-05-16,7.4441022872924805,7.599999904632568,0.0,7.650000095367432,7.550000190734863,7.550000190734863,0.0,14035600
2023-05-17,7.39512825012207,7.550000190734863,0.0,7.599999904632568,7.400000095367432,7.599999904632568,0.0,26914800
2023-05-18,7.248205184936523,7.400000095367432,0.0,7.599999904632568,7.25,7.550000190734863,0.0,41799900
2023-05-19,7.150256633758545,7.300000190734863,0.0,7.349999904632568,7.25,7.349999904632568,0.0,19575100
2023-05-22,7.199230670928955,7.349999904632568,0.0,7.400000095367432,7.050000190734863,7.199999809265137,0.0,31591100
2023-05-23,7.542051315307617,7.699999809265137,0.0,7.699999809265137,7.300000190734863,7.300000190734863,0.0,31937700
2023-05-24,7.4441022872924805,7.599999904632568,0.0,7.699999809265137,7.5,7.599999904632568,0.0,16855900
2023-05-25,7.39512825012207,7.550000190734863,0.0,7.650000095367432,7.5,7.599999904632568,0.0,14055300
2023-05-26,7.39512825012207,7.550000190734863,0.0,7.550000190734863,7.349999904632568,7.5,0.0,18130300
2023-05-29,7.4441022872924805,7.599999904632568,0.0,7.599999904632568,7.449999809265137,7.5,0.0,12486900
2023-05-30,7.003333568572998,7.150000095367432,0.0,7.550000190734863,7.150000095367432,7.5,0.0,38216700
2023-05-31,6.95435905456543,7.099999904632568,0.0,7.199999809265137,7.050000190734863,7.150000095367432,0.0,46637300
2023-06-01,6.9053850173950195,7.050000190734863,0.0,7.150000095367432,6.949999809265137,7.099999904632568,0.0,43397066
2023-06-02,7.003333568572998,7.150000095367432,0.0,7.150000095367432,7.050000190734863,7.050000190734863,0.0,20351200
2023-06-06,7.003333568572998,7.150000095367432,0.0,7.199999809265137,7.099999904632568,7.199999809265137,0.0,11739500
2023-06-07,7.003333568572998,7.150000095367432,0.0,7.150000095367432,7.050000190734863,7.099999904632568,0.0,21938300
2023-06-08,7.199230670928955,7.349999904632568,0.0,7.300000190734863,7.099999904632568,7.150000095367432,0.0,16075800
2023-06-09,7.199230670928955,7.349999904632568,0.0,7.400000095367432,7.25,7.349999904632568,0.0,8492200
2023-06-12,7.248205184936523,7.400000095367432,0.0,7.449999809265137,7.300000190734863,7.349999904632568,0.0,9081600
2023-06-13,7.39512825012207,7.550000190734863,0.0,7.650000095367432,7.5,7.5,0.0,23736400
2023-06-14,7.493076801300049,7.650000095367432,0.0,7.650000095367432,7.5,7.599999904632568,0.0,19614600
2023-06-15,7.542051315307617,7.699999809265137,0.0,7.699999809265137,7.550000190734863,7.699999809265137,0.0,11964400
2023-06-16,7.39512825012207,7.550000190734863,0.0,7.650000095367432,7.5,7.650000095367432,0.0,11538900
2023-06-19,7.39512825012207,7.550000190734863,0.0,7.599999904632568,7.449999809265137,7.550000190734863,0.0,10987600
2023-06-20,7.39512825012207,7.550000190734863,0.0,7.650000095367432,7.5,7.599999904632568,0.0,17606700
2023-06-21,7.248205184936523,7.400000095367432,0.0,7.599999904632568,7.349999904632568,7.599999904632568,0.0,16027000
2023-06-22,7.297179222106934,7.449999809265137,0.0,7.449999809265137,7.300000190734863,7.400000095367432,0.0,8385100
2023-06-23,7.297179222106934,7.449999809265137,0.0,7.449999809265137,7.349999904632568,7.400000095367432,0.0,6058600
2023-06-26,7.101282119750977,7.25,0.0,7.5,7.25,7.449999809265137,0.0,12048500
2023-06-27,7.003333568572998,7.150000095367432,0.0,7.300000190734863,7.150000095367432,7.300000190734863,0.0,8437500
2023-06-28,7.248205184936523,7.400000095367432,0.0,7.449999809265137,7.199999809265137,7.25,0.0,18046700
2023-06-29,7.297179222106934,7.449999809265137,0.0,7.449999809265137,7.349999904632568,7.349999904632568,0.0,14001700
2023-06-30,7.297179222106934,7.449999809265137,0.0,7.5,7.349999904632568,7.449999809265137,0.0,15045400
2023-07-03,7.542051315307617,7.699999809265137,0.0,7.699999809265137,7.400000095367432,7.5,0.0,35295800
2023-07-04,7.640000343322754,7.800000190734863,0.0,7.800000190734863,7.599999904632568,7.699999809265137,0.0,31487300
2023-07-05,7.5910258293151855,7.75,0.0,7.800000190734863,7.650000095367432,7.800000190734863,0.0,13689200
2023-07-06,7.4441022872924805,7.599999904632568,0.0,7.75,7.550000190734863,7.699999809265137,0.0,21153800
2023-07-07,7.346153736114502,7.5,0.0,7.650000095367432,7.5,7.550000190734863,0.0,10323500
2023-07-10,7.4441022872924805,7.599999904632568,0.0,7.599999904632568,7.5,7.550000190734863,0.0,12347100
2023-07-11,7.4441022872924805,7.599999904632568,0.0,7.650000095367432,7.550000190734863,7.550000190734863,0.0,11744800
2023-07-12,7.39512825012207,7.550000190734863,0.0,7.650000095367432,7.5,7.599999904632568,0.0,19800100
2023-07-13,7.39512825012207,7.550000190734863,0.0,7.599999904632568,7.5,7.550000190734863,0.0,6580500
2023-07-14,7.542051315307617,7.699999809265137,0.0,7.75,7.550000190734863,7.550000190734863,0.0,19760700
2023-07-17,7.5910258293151855,7.75,0.0,7.800000190734863,7.650000095367432,7.650000095367432,0.0,15543300
2023-07-18,7.493076801300049,7.650000095367432,0.0,7.75,7.599999904632568,7.75,0.0,6267200
2023-07-19,7.542051315307617,7.699999809265137,0.0,7.75,7.550000190734863,7.599999904632568,0.0,8857200
2023-07-20,7.4441022872924805,7.599999904632568,0.0,7.75,7.550000190734863,7.699999809265137,0.0,14458600
2023-07-21,7.493076801300049,7.650000095367432,0.0,7.699999809265137,7.550000190734863,7.599999904632568,0.0,5362200
2023-07-24,7.542051315307617,7.699999809265137,0.0,7.75,7.599999904632568,7.650000095367432,0.0,12673800
2023-07-25,7.5910258293151855,7.75,0.0,7.75,7.650000095367432,7.699999809265137,0.0,4683700
2023-07-26,7.542051315307617,7.699999809265137,0.0,7.75,7.650000095367432,7.75,0.0,9446100
2023-07-27,7.640000343322754,7.800000190734863,0.0,7.800000190734863,7.599999904632568,7.75,0.0,27401800
2023-07-31,7.933846473693848,8.100000381469727,0.0,8.100000381469727,7.849999904632568,7.900000095367432,0.0,27751100
2023-08-02,7.835897445678711,8.0,0.0,8.100000381469727,7.949999809265137,8.0,0.0,35444700
2023-08-03,7.5910258293151855,7.75,0.0,7.949999809265137,7.75,7.900000095367432,0.0,30333600
2023-08-04,7.640000343322754,7.800000190734863,0.0,7.900000095367432,7.699999809265137,7.75,0.0,19592100
2023-08-07,7.599999904632568,7.599999904632568,0.16,7.699999809265137,7.550000190734863,7.699999809265137,0.0,17702000
2023-08-08,7.199999809265137,7.199999809265137,0.0,7.599999904632568,7.199999809265137,7.599999904632568,0.0,60823900
2023-08-09,7.349999904632568,7.349999904632568,0.0,7.349999904632568,7.199999809265137,7.199999809265137,0.0,9804600
2023-08-10,7.199999809265137,7.199999809265137,0.0,7.349999904632568,7.150000095367432,7.300000190734863,0.0,35360500
2023-08-11,7.199999809265137,7.199999809265137,0.0,7.25,7.150000095367432,7.150000095367432,0.0,13687400
2023-08-15,7.150000095367432,7.150000095367432,0.0,7.25,7.050000190734863,7.199999809265137,0.0,28908400
2023-08-16,7.099999904632568,7.099999904632568,0.0,7.099999904632568,7.0,7.099999904632568,0.0,33300600
2023-08-17,7.150000095367432,7.150000095367432,0.0,7.199999809265137,7.050000190734863,7.099999904632568,0.0,21779600
2023-08-18,7.099999904632568,7.099999904632568,0.0,7.25,7.050000190734863,7.150000095367432,0.0,66872000
2023-08-21,7.099999904632568,7.099999904632568,0.0,7.150000095367432,7.0,7.099999904632568,0.0,25245900
2023-08-22,7.25,7.25,0.0,7.349999904632568,7.150000095367432,7.150000095367432,0.0,36739000
2023-08-23,7.400000095367432,7.400000095367432,0.0,7.449999809265137,7.25,7.25,0.0,48130900
2023-08-24,7.349999904632568,7.349999904632568,0.0,7.449999809265137,7.349999904632568,7.400000095367432,0.0,16458700
2023-08-25,7.349999904632568,7.349999904632568,0.0,7.449999809265137,7.300000190734863,7.400000095367432,0.0,12008400
2023-08-28,7.300000190734863,7.300000190734863,0.0,7.449999809265137,7.300000190734863,7.400000095367432,0.0,20064500
2023-08-29,7.349999904632568,7.349999904632568,0.0,7.449999809265137,7.300000190734863,7.300000190734863,0.0,29297800
2023-08-30,7.400000095367432,7.400000095367432,0.0,7.449999809265137,7.400000095367432,7.400000095367432,0.0,7291900
2023-08-31,7.349999904632568,7.349999904632568,0.0,7.449999809265137,7.349999904632568,7.400000095367432,0.0,13441800
2023-09-01,7.300000190734863,7.300000190734863,0.0,7.400000095367432,7.199999809265137,7.300000190734863,0.0,21785700
2023-09-04,7.25,7.25,0.0,7.349999904632568,7.199999809265137,7.300000190734863,0.0,10898500
2023-09-05,7.150000095367432,7.150000095367432,0.0,7.25,7.150000095367432,7.199999809265137,0.0,24914000
2023-09-06,7.150000095367432,7.150000095367432,0.0,7.199999809265137,7.099999904632568,7.199999809265137,0.0,14901800
2023-09-07,7.150000095367432,7.150000095367432,0.0,7.25,7.099999904632568,7.150000095367432,0.0,9484300
2023-09-08,7.150000095367432,7.150000095367432,0.0,7.25,7.150000095367432,7.150000095367432,0.0,5169900
2023-09-11,7.199999809265137,7.199999809265137,0.0,7.199999809265137,7.099999904632568,7.150000095367432,0.0,16092500
2023-09-12,7.25,7.25,0.0,7.25,7.150000095367432,7.199999809265137,0.0,8674200
2023-09-13,7.199999809265137,7.199999809265137,0.0,7.300000190734863,7.099999904632568,7.300000190734863,0.0,17469800
2023-09-14,7.150000095367432,7.150000095367432,0.0,7.300000190734863,7.150000095367432,7.25,0.0,16070200
2023-09-15,7.150000095367432,7.150000095367432,0.0,7.25,7.150000095367432,7.199999809265137,0.0,5318000
2023-09-18,7.300000190734863,7.300000190734863,0.0,7.400000095367432,7.099999904632568,7.150000095367432,0.0,41384700
2023-09-19,7.300000190734863,7.300000190734863,0.0,7.349999904632568,7.199999809265137,7.300000190734863,0.0,25302900
2023-09-20,7.150000095367432,7.150000095367432,0.0,7.300000190734863,7.099999904632568,7.300000190734863,0.0,21002100
2023-09-21,7.25,7.25,0.0,7.25,7.099999904632568,7.150000095367432,0.0,28847600
2023-09-22,7.300000190734863,7.300000190734863,0.0,7.300000190734863,7.150000095367432,7.199999809265137,0.0,8991100
2023-09-25,7.449999809265137,7.449999809265137,0.0,7.449999809265137,7.199999809265137,7.300000190734863,0.0,38648600
2023-09-26,7.550000190734863,7.550000190734863,0.0,7.599999904632568,7.300000190734863,7.349999904632568,0.0,58823700
2023-09-27,7.5,7.5,0.0,7.599999904632568,7.449999809265137,7.5,0.0,13923000
2023-09-28,7.400000095367432,7.400000095367432,0.0,7.5,7.25,7.449999809265137,0.0,33772300
2023-09-29,7.5,7.5,0.0,7.5,7.349999904632568,7.5,0.0,32325000
2023-10-02,7.349999904632568,7.349999904632568,0.0,7.5,7.349999904632568,7.5,0.0,20048800
2023-10-03,7.199999809265137,7.199999809265137,0.0,7.300000190734863,7.150000095367432,7.300000190734863,0.0,37856500
2023-10-04,7.25,7.25,0.0,7.25,7.099999904632568,7.150000095367432,0.0,17881600
2023-10-05,7.150000095367432,7.150000095367432,0.0,7.25,7.050000190734863,7.25,0.0,26052300
2023-10-06,7.150000095367432,7.150000095367432,0.0,7.199999809265137,7.050000190734863,7.199999809265137,0.0,16900900
2023-10-09,7.300000190734863,7.300000190734863,0.0,7.349999904632568,7.099999904632568,7.150000095367432,0.0,27351300
2023-10-10,7.150000095367432,7.150000095367432,0.0,7.349999904632568,7.150000095367432,7.349999904632568,0.0,17889100
2023-10-11,7.449999809265137,7.449999809265137,0.0,7.400000095367432,7.150000095367432,7.150000095367432,0.0,22146300
2023-10-12,7.449999809265137,7.449999809265137,0.0,7.449999809265137,7.349999904632568,7.400000095367432,0.0,14162200
2023-10-16,7.400000095367432,7.400000095367432,0.0,7.550000190734863,7.400000095367432,7.400000095367432,0.0,34702300
2023-10-17,7.699999809265137,7.699999809265137,0.0,7.849999904632568,7.449999809265137,7.449999809265137,0.0,54079000
2023-10-18,7.650000095367432,7.650000095367432,0.0,7.800000190734863,7.550000190734863,7.75,0.0,26687100
2023-10-19,7.550000190734863,7.550000190734863,0.0,7.650000095367432,7.449999809265137,7.5,0.0,13090500
2023-10-20,7.449999809265137,7.449999809265137,0.0,7.599999904632568,7.400000095367432,7.550000190734863,0.0,28982500
2023-10-24,7.349999904632568,7.349999904632568,0.0,7.449999809265137,7.300000190734863,7.400000095367432,0.0,23632700
2023-10-25,7.400000095367432,7.400000095367432,0.0,7.449999809265137,7.349999904632568,7.349999904632568,0.0,16171500
2023-10-26,7.449999809265137,7.449999809265137,0.0,7.5,7.300000190734863,7.349999904632568,0.0,15107400
2023-10-27,7.400000095367432,7.400000095367432,0.0,7.5,7.300000190734863,7.5,0.0,19015400
2023-10-30,7.400000095367432,7.400000095367432,0.0,7.449999809265137,7.349999904632568,7.400000095367432,0.0,9046700
2023-10-31,7.449999809265137,7.449999809265137,0.0,7.449999809265137,7.300000190734863,7.400000095367432,0.0,13164100
2023-11-01,7.349999904632568,7.349999904632568,0.0,7.449999809265137,7.199999809265137,7.449999809265137,0.0,23951700
2023-11-02,7.449999809265137,7.449999809265137,0.0,7.449999809265137,7.300000190734863,7.349999904632568,0.0,14340600
2023-11-03,7.449999809265137,7.449999809265137,0.0,7.5,7.400000095367432,7.449999809265137,0.0,11365100
2023-11-06,7.400000095367432,7.400000095367432,0.0,7.599999904632568,7.400000095367432,7.5,0.0,31547600
2023-11-07,7.400000095367432,7.400000095367432,0.0,7.5,7.349999904632568,7.449999809265137,0.0,19482700
2023-11-08,7.349999904632568,7.349999904632568,0.0,7.449999809265137,7.349999904632568,7.449999809265137,0.0,10939100
2023-11-09,7.400000095367432,7.400000095367432,0.0,7.449999809265137,7.25,7.349999904632568,0.0,17136100
2023-11-10,7.300000190734863,7.300000190734863,0.0,7.449999809265137,7.300000190734863,7.349999904632568,0.0,12133800
2023-11-13,7.25,7.25,0.0,7.349999904632568,7.25,7.300000190734863,0.0,5720800
2023-11-14,7.300000190734863,7.300000190734863,0.0,7.400000095367432,7.199999809265137,7.25,0.0,29556100
2023-11-15,7.300000190734863,7.300000190734863,0.0,7.349999904632568,7.25,7.349999904632568,0.0,11029000
2023-11-16,7.349999904632568,7.349999904632568,0.0,7.349999904632568,7.300000190734863,7.349999904632568,0.0,7906800
2023-11-17,7.349999904632568,7.349999904632568,0.0,7.400000095367432,7.25,7.300000190734863,0.0,13261500
2023-11-20,7.199999809265137,7.199999809265137,0.0,7.349999904632568,7.150000095367432,7.349999904632568,0.0,20816700
2023-11-21,7.150000095367432,7.150000095367432,0.0,7.300000190734863,7.150000095367432,7.25,0.0,29546000
2023-11-22,7.199999809265137,7.199999809265137,0.0,7.25,7.150000095367432,7.199999809265137,0.0,13047200
2023-11-23,7.150000095367432,7.150000095367432,0.0,7.199999809265137,7.099999904632568,7.199999809265137,0.0,16816400
2023-11-24,7.150000095367432,7.150000095367432,0.0,7.199999809265137,7.099999904632568,7.199999809265137,0.0,18711800
2023-11-27,7.150000095367432,7.150000095367432,0.0,7.25,7.099999904632568,7.150000095367432,0.0,15080300
2023-11-28,7.199999809265137,7.199999809265137,0.0,7.300000190734863,7.150000095367432,7.199999809265137,0.0,17622100
2023-11-29,7.099999904632568,7.099999904632568,0.0,7.25,7.099999904632568,7.199999809265137,0.0,14059400
2023-11-30,7.25,7.25,0.0,7.25,7.0,7.150000095367432,0.0,102354400
2023-12-01,7.099999904632568,7.099999904632568,0.0,7.25,7.099999904632568,7.25,0.0,11106100
2023-12-04,7.150000095367432,7.150000095367432,0.0,7.199999809265137,7.150000095367432,7.199999809265137,0.0,3498900
2023-12-06,7.199999809265137,7.199999809265137,0.0,7.25,7.099999904632568,7.150000095367432,0.0,11257500
2023-12-07,7.199999809265137,7.199999809265137,0.0,7.25,7.150000095367432,7.150000095367432,0.0,5867100
2023-12-08,7.300000190734863,7.300000190734863,0.0,7.300000190734863,7.150000095367432,7.199999809265137,0.0,17143800
2023-12-12,7.150000095367432,7.150000095367432,0.0,7.300000190734863,7.050000190734863,7.300000190734863,0.0,22649700
2023-12-13,7.099999904632568,7.099999904632568,0.0,7.150000095367432,7.050000190734863,7.150000095367432,0.0,11841000
2023-12-14,7.199999809265137,7.199999809265137,0.0,7.199999809265137,7.099999904632568,7.150000095367432,0.0,11869700
2023-12-15,7.199999809265137,7.199999809265137,0.0,7.25,7.099999904632568,7.25,0.0,47373500
2023-12-18,7.199999809265137,7.199999809265137,0.0,7.199999809265137,7.099999904632568,7.150000095367432,0.0,17646400
2023-12-19,7.099999904632568,7.099999904632568,0.0,7.199999809265137,7.099999904632568,7.150000095367432,0.0,6622200
2023-12-20,7.199999809265137,7.199999809265137,0.0,7.25,7.099999904632568,7.099999904632568,0.0,16033700
2023-12-21,7.25,7.25,0.0,7.300000190734863,7.150000095367432,7.150000095367432,0.0,11760600
2023-12-22,7.199999809265137,7.199999809265137,0.0,7.25,7.150000095367432,7.25,0.0,12196500
2023-12-25,7.150000095367432,7.150000095367432,0.0,7.25,7.150000095367432,7.199999809265137,0.0,15539600
2023-12-26,7.199999809265137,7.199999809265137,0.0,7.199999809265137,7.099999904632568,7.099999904632568,0.0,4461300
2023-12-27,7.199999809265137,7.199999809265137,0.0,7.25,7.150000095367432,7.199999809265137,0.0,11259600
2023-12-28,7.25,7.25,0.0,7.25,7.150000095367432,7.199999809265137,0.0,16087300
2024-01-03,7.349999904632568,7.349999904632568,0.0,7.400000095367432,7.300000190734863,7.300000190734863,0.0,11609200
2024-01-04,7.449999809265137,7.449999809265137,0.0,7.449999809265137,7.300000190734863,7.300000190734863,0.0,22920000
2024-01-05,7.300000190734863,7.300000190734863,0.0,7.449999809265137,7.25,7.400000095367432,0.0,26887100
2024-01-08,7.25,7.25,0.0,7.300000190734863,7.199999809265137,7.300000190734863,0.0,8177500
2024-01-09,7.300000190734863,7.300000190734863,0.0,7.300000190734863,7.25,7.300000190734863,0.0,6341900
2024-01-10,7.300000190734863,7.300000190734863,0.0,7.300000190734863,7.199999809265137,7.25,0.0,5624400
2024-01-11,7.25,7.25,0.0,7.300000190734863,7.199999809265137,7.300000190734863,0.0,8867600
2024-01-12,7.25,7.25,0.0,7.25,7.150000095367432,7.25,0.0,12254800
2024-01-15,7.150000095367432,7.150000095367432,0.0,7.300000190734863,7.099999904632568,7.300000190734863,0.0,21166900
2024-01-16,7.150000095367432,7.150000095367432,0.0,7.150000095367432,7.050000190734863,7.150000095367432,0.0,18923100
2024-01-17,7.099999904632568,7.099999904632568,0.0,7.199999809265137,7.0,7.150000095367432,0.0,46584000
2024-01-18,7.099999904632568,7.099999904632568,0.0,7.150000095367432,7.050000190734863,7.150000095367432,0.0,25228200
2024-01-19,6.800000190734863,6.800000190734863,0.0,7.150000095367432,6.800000190734863,7.099999904632568,0.0,58892700
2024-01-22,6.800000190734863,6.800000190734863,0.0,6.900000095367432,6.650000095367432,6.849999904632568,0.0,29593600
2024-01-23,6.650000095367432,6.650000095367432,0.0,6.849999904632568,6.599999904632568,6.800000190734863,0.0,30210900
2024-01-24,6.849999904632568,6.849999904632568,0.0,6.900000095367432,6.650000095367432,6.650000095367432,0.0,13583300
2024-01-25,6.75,6.75,0.0,6.849999904632568,6.699999809265137,6.849999904632568,0.0,17847600
2024-01-26,6.699999809265137,6.699999809265137,0.0,6.800000190734863,6.599999904632568,6.75,0.0,31786000
2024-01-29,6.650000095367432,6.650000095367432,0.0,6.75,6.599999904632568,6.699999809265137,0.0,20939700
2024-01-30,6.050000190734863,6.050000190734863,0.0,6.650000095367432,6.0,6.599999904632568,0.0,148213500
2024-01-31,6.0,6.0,0.0,6.150000095367432,5.949999809265137,6.099999904632568,0.0,84517000
2024-02-01,5.900000095367432,5.900000095367432,0.0,6.0,5.849999904632568,5.949999809265137,0.0,64326500
2024-02-02,5.849999904632568,5.849999904632568,0.0,5.949999809265137,5.800000190734863,5.949999809265137,0.0,75719100
2024-02-05,6.0,6.0,0.0,6.0,5.75,5.900000095367432,0.0,60599500
2024-02-06,6.0,6.0,0.0,6.050000190734863,5.949999809265137,6.0,0.0,48918100
2024-02-07,6.050000190734863,6.050000190734863,0.0,6.150000095367432,5.949999809265137,6.050000190734863,0.0,32851500
2024-02-08,5.949999809265137,5.949999809265137,0.0,6.099999904632568,5.949999809265137,6.099999904632568,0.0,33012700
2024-02-09,5.900000095367432,5.900000095367432,0.0,5.949999809265137,5.849999904632568,5.949999809265137,0.0,21691900
2024-02-12,5.900000095367432,5.900000095367432,0.0,5.949999809265137,5.849999904632568,5.900000095367432,0.0,28514600
2024-02-13,5.949999809265137,5.949999809265137,0.0,6.0,5.900000095367432,5.900000095367432,0.0,26357400
2024-02-14,6.0,6.0,0.0,6.050000190734863,5.849999904632568,5.900000095367432,0.0,42517800
2024-02-15,5.699999809265137,5.699999809265137,0.0,6.0,5.550000190734863,6.0,0.0,98425000
2024-02-16,5.699999809265137,5.699999809265137,0.0,5.800000190734863,5.650000095367432,5.699999809265137,0.0,28334700
2024-02-19,5.599999904632568,5.599999904632568,0.0,5.699999809265137,5.5,5.699999809265137,0.0,45647400
2024-02-20,5.449999809265137,5.449999809265137,0.0,5.599999904632568,5.400000095367432,5.599999904632568,0.0,69001600
2024-02-21,5.400000095367432,5.400000095367432,0.0,5.5,5.300000190734863,5.400000095367432,0.0,85225300
2024-02-22,5.449999809265137,5.449999809265137,0.0,5.5,5.400000095367432,5.449999809265137,0.0,49572600
2024-02-23,5.449999809265137,5.449999809265137,0.0,5.449999809265137,5.400000095367432,5.449999809265137,0.0,33393200
2024-02-27,5.050000190734863,5.050000190734863,0.0,5.449999809265137,5.0,5.400000095367432,0.0,201512500
2024-02-28,5.099999904632568,5.099999904632568,0.0,5.199999809265137,5.0,5.0,0.0,62410400
2024-02-29,5.150000095367432,5.150000095367432,0.0,5.150000095367432,4.980000019073486,5.150000095367432,0.0,117635000
2024-03-01,5.050000190734863,5.050000190734863,0.0,5.150000095367432,4.920000076293945,5.099999904632568,0.0,116915200
2024-03-04,5.050000190734863,5.050000190734863,0.0,5.099999904632568,5.0,5.050000190734863,0.0,51428400
2024-03-05,4.960000038146973,4.960000038146973,0.0,5.050000190734863,4.920000076293945,5.0,0.0,107562300
2024-03-06,5.050000190734863,5.050000190734863,0.0,5.099999904632568,4.920000076293945,4.940000057220459,0.0,130321700
2024-03-07,5.050000190734863,5.050000190734863,0.0,5.150000095367432,5.0,5.050000190734863,0.0,55504600
2024-03-08,5.099999904632568,5.099999904632568,0.0,5.150000095367432,5.0,5.050000190734863,0.0,50510300
2024-03-11,5.150000095367432,5.150000095367432,0.0,5.25,5.050000190734863,5.050000190734863,0.0,65911800
2024-03-12,5.150000095367432,5.150000095367432,0.0,5.150000095367432,5.150000095367432,5.150000095367432,0.0,0
2024-03-13,5.400000095367432,5.400000095367432,0.0,5.400000095367432,5.099999904632568,5.150000095367432,0.0,175717700
2024-03-14,5.400000095367432,5.400000095367432,0.0,5.449999809265137,5.25,5.400000095367432,0.0,100273000
2024-03-15,5.400000095367432,5.400000095367432,0.0,5.400000095367432,5.400000095367432,5.400000095367432,0.0,0
2024-03-18,5.400000095367432,5.400000095367432,0.0,5.5,5.300000190734863,5.300000190734863,0.0,91876600
2024-03-19,5.349999904632568,5.349999904632568,0.0,5.5,5.349999904632568,5.449999809265137,0.0,71480300
2024-03-20,5.349999904632568,5.349999904632568,0.0,5.349999904632568,5.349999904632568,5.349999904632568,0.0,0
2024-03-21,5.449999809265137,5.449999809265137,0.0,5.5,5.400000095367432,5.449999809265137,0.0,35087400
2024-03-22,5.449999809265137,5.449999809265137,0.0,5.449999809265137,5.449999809265137,5.449999809265137,0.0,0
2024-03-25,5.699999809265137,5.699999809265137,0.0,5.75,5.400000095367432,5.449999809265137,0.0,133415300
2024-03-26,5.699999809265137,5.699999809265137,0.0,5.699999809265137,5.699999809265137,5.699999809265137,0.0,0
2024-03-27,5.699999809265137,5.699999809265137,0.0,5.75,5.599999904632568,5.75,0.0,107098800
2024-03-28,5.699999809265137,5.699999809265137,0.0,5.699999809265137,5.699999809265137,5.699999809265137,0.0,0
2024-03-29,5.650000095367432,5.650000095367432,0.0,5.699999809265137,5.449999809265137,5.650000095367432,0.0,130892600
2024-04-01,5.699999809265137,5.699999809265137,0.0,5.75,5.599999904632568,5.650000095367432,0.0,66038900
2024-04-02,5.599999904632568,5.599999904632568,0.0,5.699999809265137,5.550000190734863,5.650000095367432,0.0,51283400
2024-04-03,5.699999809265137,5.699999809265137,0.0,5.800000190734863,5.550000190734863,5.599999904632568,0.0,93414500
2024-04-04,5.699999809265137,5.699999809265137,0.0,5.699999809265137,5.699999809265137,5.699999809265137,0.0,0
2024-04-05,6.099999904632568,6.099999904632568,0.0,6.150000095367432,5.800000190734863,5.849999904632568,0.0,106455200
2024-04-09,6.099999904632568,6.099999904632568,0.0,6.099999904632568,6.099999904632568,6.099999904632568,0.0,0
2024-04-10,6.199999809265137,6.199999809265137,0.0,6.199999809265137,6.099999904632568,6.150000095367432,0.0,34074000
2024-04-11,6.150000095367432,6.150000095367432,0.0,6.25,6.099999904632568,6.199999809265137,0.0,40824500
2024-04-17,6.150000095367432,6.150000095367432,0.0,6.150000095367432,6.150000095367432,6.150000095367432,0.0,0
2024-04-18,6.150000095367432,6.150000095367432,0.0,6.150000095367432,6.150000095367432,6.150000095367432,0.0,0
2024-04-19,6.150000095367432,6.150000095367432,0.0,6.150000095367432,6.150000095367432,6.150000095367432,0.0,0
2024-04-22,6.0,6.0,0.0,6.050000190734863,5.900000095367432,5.949999809265137,0.0,30688000
2024-04-23,6.199999809265137,6.199999809265137,0.0,6.449999809265137,6.050000190734863,6.050000190734863,0.0,101535500
2024-04-24,6.199999809265137,6.199999809265137,0.0,6.199999809265137,6.199999809265137,6.199999809265137,0.0,0
2024-04-25,6.300000190734863,6.300000190734863,0.0,6.349999904632568,6.199999809265137,6.300000190734863,0.0,40297800
2024-04-26,6.25,6.25,0.0,6.300000190734863,6.199999809265137,6.25,0.0,25855200
2024-04-29,6.349999904632568,6.349999904632568,0.0,6.400000095367432,6.25,6.300000190734863,0.0,34681800
2024-04-30,6.349999904632568,6.349999904632568,0.0,6.349999904632568,6.349999904632568,6.349999904632568,0.0,0
2024-05-02,6.349999904632568,6.349999904632568,0.0,6.349999904632568,6.349999904632568,6.349999904632568,0.0,0
2024-05-03,6.300000190734863,6.300000190734863,0.0,6.349999904632568,6.300000190734863,6.300000190734863,0.0,22929700
2024-05-07,6.300000190734863,6.300000190734863,0.0,6.300000190734863,6.300000190734863,6.300000190734863,0.0,0
2024-05-08,6.050000190734863,6.050000190734863,0.0,6.150000095367432,6.0,6.150000095367432,0.0,40981900
2024-05-09,6.099999904632568,6.099999904632568,0.0,6.150000095367432,6.050000190734863,6.099999904632568,0.0,19824800
2024-05-10,6.099999904632568,6.099999904632568,0.0,6.150000095367432,6.050000190734863,6.150000095367432,0.0,28777500
2024-05-13,6.050000190734863,6.050000190734863,0.0,6.150000095367432,6.050000190734863,6.050000190734863,0.0,37723400
2024-05-14,5.949999809265137,5.949999809265137,0.0,6.050000190734863,5.949999809265137,6.050000190734863,0.0,46865700
2024-05-15,5.949999809265137,5.949999809265137,0.0,5.949999809265137,5.949999809265137,5.949999809265137,0.0,0
2024-05-16,5.949999809265137,5.949999809265137,0.0,5.949999809265137,5.949999809265137,5.949999809265137,0.0,0
2024-05-17,6.099999904632568,6.099999904632568,0.0,6.150000095367432,6.050000190734863,6.050000190734863,0.0,49190400
2024-05-20,6.099999904632568,6.099999904632568,0.0,6.099999904632568,6.099999904632568,6.099999904632568,0.0,0
2024-05-21,6.099999904632568,6.099999904632568,0.0,6.099999904632568,6.099999904632568,6.099999904632568,0.0,0
2024-05-23,5.949999809265137,5.949999809265137,0.0,6.099999904632568,5.949999809265137,6.050000190734863,0.0,70018500
2024-05-24,5.949999809265137,5.949999809265137,0.0,5.949999809265137,5.949999809265137,5.949999809265137,0.0,0
2024-05-27,5.949999809265137,5.949999809265137,0.0,5.949999809265137,5.949999809265137,5.949999809265137,0.0,0
2024-05-28,6.0,6.0,0.0,6.099999904632568,5.800000190734863,5.849999904632568,0.0,70587900
2024-05-29,5.949999809265137,5.949999809265137,0.0,6.099999904632568,5.900000095367432,5.949999809265137,0.0,70726900
2024-05-30,5.949999809265137,5.949999809265137,0.0,5.949999809265137,5.949999809265137,5.949999809265137,0.0,0
2024-05-31,5.949999809265137,5.949999809265137,0.0,5.949999809265137,5.949999809265137,5.949999809265137,0.0,0
2024-06-04,4.599999904632568,4.599999904632568,0.0,4.940000057220459,4.559999942779541,4.800000190734863,0.0,834637800
2024-06-05,4.599999904632568,4.599999904632568,0.0,4.599999904632568,4.599999904632568,4.599999904632568,0.0,0
2024-06-06,4.940000057220459,4.940000057220459,0.0,5.099999904632568,4.900000095367432,5.0,0.0,190225100
2024-06-07,4.940000057220459,4.940000057220459,0.0,4.940000057220459,4.940000057220459,4.940000057220459,0.0,0
2024-06-10,4.739999771118164,4.739999771118164,0.0,4.900000095367432,4.739999771118164,4.900000095367432,0.0,179642700
2024-06-11,4.739999771118164,4.739999771118164,0.0,4.739999771118164,4.739999771118164,4.739999771118164,0.0,0
2024-06-12,4.699999809265137,4.699999809265137,0.0,4.840000152587891,4.659999847412109,4.820000171661377,0.0,154675200
2024-06-13,4.639999866485596,4.639999866485596,0.0,4.760000228881836,4.599999904632568,4.699999809265137,0.0,139165400
2024-06-14,4.599999904632568,4.599999904632568,0.0,4.699999809265137,4.599999904632568,4.619999885559082,0.0,59524400
2024-06-17,4.599999904632568,4.599999904632568,0.0,4.599999904632568,4.599999904632568,4.599999904632568,0.0,0
2024-06-18,4.599999904632568,4.599999904632568,0.0,4.599999904632568,4.599999904632568,4.599999904632568,0.0,0
2024-06-19,4.599999904632568,4.599999904632568,0.0,4.599999904632568,4.599999904632568,4.599999904632568,0.0,0
2024-06-20,4.519999980926514,4.519999980926514,0.0,4.559999942779541,4.480000019073486,4.519999980926514,0.0,63947500
2024-06-21,4.579999923706055,4.579999923706055,0.0,4.659999847412109,4.480000019073486,4.5,0.0,147968100
2024-06-24,4.579999923706055,4.579999923706055,0.0,4.579999923706055,4.579999923706055,4.579999923706055,0.0,0
2024-06-25,4.579999923706055,4.579999923706055,0.0,4.579999923706055,4.579999923706055,4.579999923706055,0.0,0
2024-06-26,4.579999923706055,4.579999923706055,0.0,4.579999923706055,4.579999923706055,4.579999923706055,0.0,0
2024-06-27,4.599999904632568,4.599999904632568,0.0,4.679999828338623,4.579999923706055,4.679999828338623,0.0,54099800
2024-06-28,4.480000019073486,4.480000019073486,0.0,4.639999866485596,4.420000076293945,4.619999885559082,0.0,109393900
2024-07-01,4.480000019073486,4.480000019073486,0.0,4.480000019073486,4.480000019073486,4.480000019073486,0.0,0
2024-07-02,4.480000019073486,4.480000019073486,0.0,4.480000019073486,4.480000019073486,4.480000019073486,0.0,0
2024-07-03,4.28000020980835,4.28000020980835,0.0,4.340000152587891,4.199999809265137,4.300000190734863,0.0,81117100
2024-07-04,4.400000095367432,4.400000095367432,0.0,4.420000076293945,4.28000020980835,4.300000190734863,0.0,57094900
2024-07-05,4.400000095367432,4.400000095367432,0.0,4.460000038146973,4.239999771118164,4.380000114440918,0.0,124758800
2024-07-08,4.420000076293945,4.420000076293945,0.0,4.420000076293945,4.360000133514404,4.360000133514404,0.0,33429800
2024-07-09,4.420000076293945,4.420000076293945,0.0,4.420000076293945,4.420000076293945,4.420000076293945,0.0,0
2024-07-10,4.340000152587891,4.340000152587891,0.0,4.440000057220459,4.340000152587891,4.440000057220459,0.0,50171100
2024-07-11,4.340000152587891,4.340000152587891,0.0,4.340000152587891,4.340000152587891,4.340000152587891,0.0,0
2024-07-12,4.340000152587891,4.340000152587891,0.0,4.340000152587891,4.340000152587891,4.340000152587891,0.0,0
2024-07-15,4.340000152587891,4.340000152587891,0.0,4.340000152587891,4.340000152587891,4.340000152587891,0.0,0
2024-07-16,4.119999885559082,4.119999885559082,0.0,4.400000095367432,4.0,4.340000152587891,0.0,255759900
2024-07-17,4.119999885559082,4.119999885559082,0.0,4.119999885559082,4.119999885559082,4.119999885559082,0.0,0
2024-07-18,4.139999866485596,4.139999866485596,0.0,4.139999866485596,4.059999942779541,4.079999923706055,0.0,72433800
2024-07-19,4.139999866485596,4.139999866485596,0.0,4.139999866485596,4.139999866485596,4.139999866485596,0.0,0
2024-07-23,4.139999866485596,4.139999866485596,0.0,4.139999866485596,4.139999866485596,4.139999866485596,0.0,0
2024-07-24,4.320000171661377,4.320000171661377,0.0,4.400000095367432,4.300000190734863,4.400000095367432,0.0,118723100
2024-07-25,4.28000020980835,4.28000020980835,0.0,4.380000114440918,4.21999979019165,4.300000190734863,0.0,152590500
2024-07-26,4.179999828338623,4.179999828338623,0.0,4.440000057220459,4.119999885559082,4.360000133514404,0.0,233521800
2024-07-30,4.179999828338623,4.179999828338623,0.0,4.179999828338623,4.179999828338623,4.179999828338623,0.0,0
2024-07-31,4.300000190734863,4.300000190734863,0.0,4.420000076293945,4.260000228881836,4.380000114440918,0.0,268626200
2024-08-01,4.260000228881836,4.260000228881836,0.0,4.320000171661377,4.21999979019165,4.320000171661377,0.0,87962000
2024-08-02,4.260000228881836,4.260000228881836,0.0,4.260000228881836,4.260000228881836,4.260000228881836,0.0,0
2024-08-05,3.9800000190734863,3.9800000190734863,0.0,4.139999866485596,3.940000057220459,4.019999980926514,0.0,179785100
2024-08-06,3.9800000190734863,3.9800000190734863,0.0,4.119999885559082,3.9800000190734863,4.039999961853027,0.0,109003300
2024-08-07,3.759999990463257,3.759999990463257,0.0,4.039999961853027,3.740000009536743,4.019999980926514,0.0,169894700
2024-08-08,3.759999990463257,3.759999990463257,0.0,3.759999990463257,3.759999990463257,3.759999990463257,0.0,0
2024-08-09,3.9000000953674316,3.9000000953674316,0.0,4.0,3.880000114440918,3.9800000190734863,0.0,50443800
2024-08-13,3.9200000762939453,3.9200000762939453,0.0,3.9800000190734863,3.880000114440918,3.9200000762939453,0.0,53225600
2024-08-14,3.9000000953674316,3.9000000953674316,0.0,3.9800000190734863,3.880000114440918,3.940000057220459,0.0,59310000
2024-08-15,3.9000000953674316,3.9000000953674316,0.0,3.9000000953674316,3.9000000953674316,3.9000000953674316,0.0,0
2024-08-16,4.039999961853027,4.039999961853027,0.0,4.079999923706055,3.940000057220459,3.940000057220459,0.0,60622500
2024-08-19,4.039999961853027,4.039999961853027,0.0,4.039999961853027,4.039999961853027,4.039999961853027,0.0,0
2024-08-20,4.21999979019165,4.21999979019165,0.0,4.28000020980835,4.159999847412109,4.21999979019165,0.0,74135700
2024-08-21,4.21999979019165,4.21999979019165,0.0,4.21999979019165,4.21999979019165,4.21999979019165,0.0,0
2024-08-22,4.21999979019165,4.21999979019165,0.0,4.21999979019165,4.21999979019165,4.21999979019165,0.0,0
2024-08-23,4.239999771118164,4.239999771118164,0.0,4.28000020980835,4.159999847412109,4.199999809265137,0.0,93546400
2024-08-26,4.400000095367432,4.400000095367432,0.0,4.539999961853027,4.260000228881836,4.260000228881836,0.0,321578200
2024-08-27,4.400000095367432,4.400000095367432,0.0,4.400000095367432,4.400000095367432,4.400000095367432,0.0,0
2024-08-28,4.400000095367432,4.400000095367432,0.0,4.400000095367432,4.400000095367432,4.400000095367432,0.0,0
2024-08-29,4.28000020980835,4.28000020980835,0.0,4.340000152587891,4.239999771118164,4.320000171661377,0.0,40817400
2024-08-30,4.28000020980835,4.28000020980835,0.0,4.28000020980835,4.28000020980835,4.28000020980835,0.0,0
2024-09-02,4.28000020980835,4.28000020980835,0.0,4.28000020980835,4.28000020980835,4.28000020980835,0.0,0
2024-09-03,4.28000020980835,4.28000020980835,0.0,4.28000020980835,4.28000020980835,4.28000020980835,0.0,0
2024-09-04,4.28000020980835,4.28000020980835,0.0,4.28000020980835,4.28000020980835,4.28000020980835,0.0,0
2024-09-05,4.480000019073486,4.480000019073486,0.0,4.5,4.400000095367432,4.440000057220459,0.0,95724300
2024-09-06,4.71999979019165,4.71999979019165,0.0,4.840000152587891,4.480000019073486,4.480000019073486,0.0,391059400
2024-09-09,4.71999979019165,4.71999979019165,0.0,4.71999979019165,4.71999979019165,4.71999979019165,0.0,0
2024-09-10,4.71999979019165,4.71999979019165,0.0,4.840000152587891,4.699999809265137,4.840000152587891,0.0,112779400
2024-09-11,4.71999979019165,4.71999979019165,0.0,4.71999979019165,4.71999979019165,4.71999979019165,0.0,0
2024-09-12,4.699999809265137,4.699999809265137,0.0,4.760000228881836,4.679999828338623,4.679999828338623,0.0,59491400
2024-09-13,4.78000020980835,4.78000020980835,0.0,4.860000133514404,4.760000228881836,4.800000190734863,0.0,108516800
2024-09-16,4.78000020980835,4.78000020980835,0.0,4.78000020980835,4.78000020980835,4.78000020980835,0.0,0
2024-09-17,4.78000020980835,4.78000020980835,0.0,4.78000020980835,4.78000020980835,4.78000020980835,0.0,0
2024-09-18,4.78000020980835,4.78000020980835,0.0,4.78000020980835,4.78000020980835,4.78000020980835,0.0,0
2024-09-19,4.78000020980835,4.78000020980835,0.0,4.78000020980835,4.78000020980835,4.78000020980835,0.0,0
2024-09-20,4.78000020980835,4.78000020980835,0.0,4.78000020980835,4.78000020980835,4.78000020980835,0.0,0
2024-09-23,4.579999923706055,4.579999923706055,0.0,4.71999979019165,4.579999923706055,4.71999979019165,0.0,107154700
2024-09-24,4.659999847412109,4.659999847412109,0.0,4.679999828338623,4.579999923706055,4.639999866485596,0.0,33262200
2024-09-25,4.579999923706055,4.579999923706055,0.0,4.760000228881836,4.579999923706055,4.679999828338623,0.0,75071900
2024-09-26,4.5,4.5,0.0,4.619999885559082,4.480000019073486,4.559999942779541,0.0,115035300
2024-09-27,4.5,4.5,0.0,4.5,4.5,4.5,0.0,0
2024-09-30,4.5,4.5,0.0,4.539999961853027,4.480000019073486,4.480000019073486,0.0,43683700
2024-10-01,4.5,4.5,0.0,4.5,4.5,4.5,0.0,0
2024-10-02,4.519999980926514,4.519999980926514,0.0,4.619999885559082,4.480000019073486,4.579999923706055,0.0,99884700
2024-10-03,4.519999980926514,4.519999980926514,0.0,4.519999980926514,4.519999980926514,4.519999980926514,0.0,0
2024-10-04,4.519999980926514,4.519999980926514,0.0,4.519999980926514,4.519999980926514,4.519999980926514,0.0,0
2024-10-07,4.519999980926514,4.519999980926514,0.0,4.519999980926514,4.480000019073486,4.480000019073486,0.0,24079300
2024-10-08,4.539999961853027,4.539999961853027,0.0,4.559999942779541,4.480000019073486,4.5,0.0,25213300
2024-10-09,4.5,4.5,0.0,4.539999961853027,4.5,4.539999961853027,0.0,17326900
2024-10-10,4.519999980926514,4.519999980926514,0.0,4.539999961853027,4.5,4.519999980926514,0.0,18161600
2024-10-11,4.519999980926514,4.519999980926514,0.0,4.519999980926514,4.519999980926514,4.519999980926514,0.0,0
2024-10-15,4.480000019073486,4.480000019073486,0.0,4.579999923706055,4.480000019073486,4.579999923706055,0.0,80090400
2024-10-16,4.480000019073486,4.480000019073486,0.0,4.480000019073486,4.480000019073486,4.480000019073486,0.0,0
2024-10-17,4.579999923706055,4.579999923706055,0.0,4.599999904632568,4.5,4.519999980926514,0.0,106188300
2024-10-18,4.519999980926514,4.519999980926514,0.0,4.559999942779541,4.519999980926514,4.539999961853027,0.0,88473700
2024-10-21,4.559999942779541,4.559999942779541,0.0,4.699999809265137,4.519999980926514,4.539999961853027,0.0,180354500
2024-10-22,4.559999942779541,4.559999942779541,0.0,4.559999942779541,4.559999942779541,4.559999942779541,0.0,0
2024-10-24,4.519999980926514,4.519999980926514,0.0,4.579999923706055,4.519999980926514,4.539999961853027,0.0,81561300
2024-10-25,4.519999980926514,4.519999980926514,0.0,4.519999980926514,4.519999980926514,4.519999980926514,0.0,0
2024-10-28,4.900000095367432,4.900000095367432,0.0,5.0,4.619999885559082,4.699999809265137,0.0,494251200
2024-10-29,4.900000095367432,4.900000095367432,0.0,4.900000095367432,4.900000095367432,4.900000095367432,0.0,0
2024-10-30,4.960000038146973,4.960000038146973,0.0,5.050000190734863,4.860000133514404,4.940000057220459,0.0,265232800
2024-10-31,4.960000038146973,4.960000038146973,0.0,4.960000038146973,4.960000038146973,4.960000038146973,0.0,0
2024-11-01,4.940000057220459,4.940000057220459,0.0,5.050000190734863,4.940000057220459,4.940000057220459,0.0,111470200
2024-11-04,4.980000019073486,4.980000019073486,0.0,5.050000190734863,4.820000171661377,4.920000076293945,0.0,162155100
2024-11-05,4.980000019073486,4.980000019073486,0.0,5.0,4.900000095367432,4.980000019073486,0.0,89278900
2024-11-06,4.78000020980835,4.78000020980835,0.0,4.980000019073486,4.739999771118164,4.960000038146973,0.0,170732400
2024-11-07,4.900000095367432,4.900000095367432,0.0,4.900000095367432,4.800000190734863,4.820000171661377,0.0,91850100
2024-11-08,4.960000038146973,4.960000038146973,0.0,4.960000038146973,4.840000152587891,4.900000095367432,0.0,106878700
2024-11-11,4.880000114440918,4.880000114440918,0.0,4.960000038146973,4.800000190734863,4.960000038146973,0.0,80444200
2024-11-12,4.920000076293945,4.920000076293945,0.0,4.980000019073486,4.880000114440918,4.900000095367432,0.0,119435700
2024-11-13,4.900000095367432,4.900000095367432,0.0,4.960000038146973,4.860000133514404,4.920000076293945,0.0,70467000
2024-11-14,4.900000095367432,4.900000095367432,0.0,4.940000057220459,4.860000133514404,4.880000114440918,0.0,46536500
2024-11-15,4.840000152587891,4.840000152587891,0.0,4.900000095367432,4.800000190734863,4.860000133514404,0.0,84963200
2024-11-18,4.840000152587891,4.840000152587891,0.0,4.880000114440918,4.78000020980835,4.860000133514404,0.0,36912800
2024-11-19,4.840000152587891,4.840000152587891,0.0,4.940000057220459,4.840000152587891,4.860000133514404,0.0,41947800
2024-11-20,4.78000020980835,4.78000020980835,0.0,4.840000152587891,4.78000020980835,4.840000152587891,0.0,48047300
2024-11-21,4.860000133514404,4.860000133514404,0.0,4.920000076293945,4.800000190734863,4.820000171661377,0.0,80999200
2024-11-22,4.980000019073486,4.980000019073486,0.0,5.050000190734863,4.840000152587891,4.860000133514404,0.0,188883900
2024-11-25,5.150000095367432,5.150000095367432,0.0,5.199999809265137,5.0,5.0,0.0,147031900
2024-11-26,5.300000190734863,5.300000190734863,0.0,5.300000190734863,5.150000095367432,5.199999809265137,0.0,114414400
2024-11-27,5.5,5.5,0.0,5.599999904632568,5.150000095367432,5.25,0.0,180557400
2024-11-28,5.5,5.5,0.0,5.599999904632568,5.400000095367432,5.449999809265137,0.0,158863900
2024-11-29,5.550000190734863,5.550000190734863,0.0,5.599999904632568,5.449999809265137,5.5,0.0,33823800
2024-12-02,5.550000190734863,5.550000190734863,0.0,5.650000095367432,5.400000095367432,5.550000190734863,0.0,73282400
2024-12-03,5.650000095367432,5.650000095367432,0.0,5.75,5.449999809265137,5.5,0.0,88429900
2024-12-04,5.800000190734863,5.800000190734863,0.0,5.849999904632568,5.650000095367432,5.699999809265137,0.0,67744700
2024-12-06,5.75,5.75,0.0,5.800000190734863,5.650000095367432,5.800000190734863,0.0,41526300
2024-12-09,5.699999809265137,5.699999809265137,0.0,5.800000190734863,5.650000095367432,5.699999809265137,0.0,25792200
2024-12-11,5.800000190734863,5.800000190734863,0.0,5.849999904632568,5.699999809265137,5.699999809265137,0.0,33524700
2024-12-12,5.699999809265137,5.699999809265137,0.0,5.800000190734863,5.650000095367432,5.800000190734863,0.0,34385400
2024-12-13,5.900000095367432,5.900000095367432,0.0,6.0,5.699999809265137,5.699999809265137,0.0,98415200
2024-12-16,6.099999904632568,6.099999904632568,0.0,6.099999904632568,5.800000190734863,5.900000095367432,0.0,65746600
2024-12-17,5.949999809265137,5.949999809265137,0.0,6.099999904632568,5.900000095367432,6.050000190734863,0.0,76950900
2024-12-18,5.900000095367432,5.900000095367432,0.0,6.050000190734863,5.75,5.949999809265137,0.0,71334200
2024-12-19,5.800000190734863,5.800000190734863,0.0,5.900000095367432,5.75,5.800000190734863,0.0,32556700
2024-12-20,5.599999904632568,5.599999904632568,0.0,5.849999904632568,5.550000190734863,5.800000190734863,0.0,128528100
2024-12-23,5.550000190734863,5.550000190734863,0.0,5.75,5.25,5.699999809265137,0.0,148430200
2024-12-24,5.650000095367432,5.650000095367432,0.0,5.800000190734863,5.5,5.599999904632568,0.0,69940200
2024-12-25,5.75,5.75,0.0,5.800000190734863,5.599999904632568,5.699999809265137,0.0,37390000
2024-12-26,5.650000095367432,5.650000095367432,0.0,5.75,5.599999904632568,5.75,0.0,24832200
2024-12-27,5.849999904632568,5.849999904632568,0.0,5.900000095367432,5.599999904632568,5.599999904632568,0.0,50711100
2024-12-30,6.099999904632568,6.099999904632568,0.0,6.099999904632568,5.800000190734863,5.849999904632568,0.0,75533400
2025-01-02,6.150000095367432,6.150000095367432,0.0,6.25,5.949999809265137,6.050000190734863,0.0,114513200
2025-01-03,6.050000190734863,6.050000190734863,0.0,6.199999809265137,6.0,6.150000095367432,0.0,35342900
2025-01-06,5.849999904632568,5.849999904632568,0.0,6.099999904632568,5.849999904632568,6.099999904632568,0.0,99334700
2025-01-07,6.0,6.0,0.0,6.050000190734863,5.75,5.900000095367432,0.0,85101900
2025-01-08,5.900000095367432,5.900000095367432,0.0,6.0,5.75,6.0,0.0,75401600
2025-01-09,5.650000095367432,5.650000095367432,0.0,5.849999904632568,5.599999904632568,5.849999904632568,0.0,86132900
2025-01-10,5.900000095367432,5.900000095367432,0.0,5.900000095367432,5.599999904632568,5.650000095367432,0.0,51858100
2025-01-13,6.0,6.0,0.0,6.099999904632568,5.699999809265137,5.800000190734863,0.0,80769000
2025-01-14,5.75,5.75,0.0,6.050000190734863,5.75,6.0,0.0,71303600
2025-01-15,5.849999904632568,5.849999904632568,0.0,5.900000095367432,5.650000095367432,5.699999809265137,0.0,53873100
2025-01-16,5.800000190734863,5.800000190734863,0.0,5.900000095367432,5.699999809265137,5.849999904632568,0.0,34267000
2025-01-17,5.550000190734863,5.550000190734863,0.0,5.900000095367432,5.449999809265137,5.800000190734863,0.0,84201600
2025-01-20,5.599999904632568,5.599999904632568,0.0,5.599999904632568,5.449999809265137,5.550000190734863,0.0,35754400
2025-01-21,5.800000190734863,5.800000190734863,0.0,5.800000190734863,5.550000190734863,5.599999904632568,0.0,53965100
2025-01-22,5.900000095367432,5.900000095367432,0.0,5.900000095367432,5.75,5.849999904632568,0.0,58676400
2025-01-23,5.849999904632568,5.849999904632568,0.0,5.949999809265137,5.800000190734863,5.900000095367432,0.0,45176800
2025-01-24,6.150000095367432,6.150000095367432,0.0,6.150000095367432,5.800000190734863,5.849999904632568,0.0,86350000
2025-01-27,6.199999809265137,6.199999809265137,0.0,6.349999904632568,6.099999904632568,6.099999904632568,0.0,91104500
2025-01-28,6.300000190734863,6.300000190734863,0.0,6.400000095367432,6.199999809265137,6.199999809265137,0.0,63970500
2025-01-29,6.349999904632568,6.349999904632568,0.0,6.400000095367432,6.25,6.300000190734863,0.0,65506000
2025-01-30,6.199999809265137,6.199999809265137,0.0,6.349999904632568,6.199999809265137,6.300000190734863,0.0,36876800
2025-01-31,6.150000095367432,6.150000095367432,0.0,6.25,6.150000095367432,6.199999809265137,0.0,28754700
2025-02-03,6.050000190734863,6.050000190734863,0.0,6.099999904632568,5.800000190734863,6.0,0.0,76348400
2025-02-04,6.199999809265137,6.199999809265137,0.0,6.300000190734863,6.099999904632568,6.099999904632568,0.0,40498000
2025-02-05,6.199999809265137,6.199999809265137,0.0,6.25,6.050000190734863,6.199999809265137,0.0,50186200
2025-02-06,5.949999809265137,5.949999809265137,0.0,6.25,5.949999809265137,6.25,0.0,56750400
2025-02-07,5.949999809265137,5.949999809265137,0.0,6.050000190734863,5.400000095367432,6.0,0.0,292556100
2025-02-10,6.0,6.0,0.0,6.050000190734863,5.800000190734863,5.849999904632568,0.0,100642400
2025-02-11,6.150000095367432,6.150000095367432,0.0,6.150000095367432,5.949999809265137,6.0,0.0,70810300
2025-02-13,6.099999904632568,6.099999904632568,0.0,6.300000190734863,6.050000190734863,6.150000095367432,0.0,61616000
2025-02-14,5.849999904632568,5.849999904632568,0.0,6.150000095367432,5.849999904632568,6.150000095367432,0.0,69642200
2025-02-17,5.949999809265137,5.949999809265137,0.0,6.099999904632568,5.849999904632568,6.0,0.0,103310500
2025-02-18,5.949999809265137,5.949999809265137,0.0,6.0,5.849999904632568,5.900000095367432,0.0,56666500
2025-02-19,6.050000190734863,6.050000190734863,0.0,6.150000095367432,5.900000095367432,6.0,0.0,72837900
2025-02-20,6.0,6.0,0.0,6.199999809265137,5.949999809265137,6.050000190734863,0.0,64983800
2025-02-21,6.199999809265137,6.199999809265137,0.0,6.25,5.949999809265137,6.0,0.0,66771000
2025-02-24,6.099999904632568,6.099999904632568,0.0,6.25,6.099999904632568,6.199999809265137,0.0,58090400
2025-02-25,5.849999904632568,5.849999904632568,0.0,6.150000095367432,5.75,6.099999904632568,0.0,98370700
2025-02-26,6.150000095367432,6.150000095367432,0.0,6.150000095367432,5.900000095367432,5.900000095367432,0.0,80927300
2025-02-27,6.0,6.0,0.0,6.150000095367432,5.949999809265137,6.099999904632568,0.0,28519500
2025-02-28,5.800000190734863,5.800000190734863,0.0,5.900000095367432,5.800000190734863,5.800000190734863,0.0,83447400
2025-03-03,5.949999809265137,5.949999809265137,0.0,6.0,5.75,5.900000095367432,0.0,70647400
2025-03-04,5.949999809265137,5.949999809265137,0.0,6.0,5.849999904632568,5.849999904632568,0.0,32833600
2025-03-05,6.150000095367432,6.150000095367432,0.0,6.150000095367432,5.900000095367432,6.0,0.0,68750400
2025-03-06,6.0,6.0,0.0,6.150000095367432,5.949999809265137,6.150000095367432,0.0,45135400
2025-03-07,6.0,6.0,0.0,6.050000190734863,5.900000095367432,6.0,0.0,32804500
2025-03-10,5.900000095367432,5.900000095367432,0.0,6.0,5.849999904632568,5.949999809265137,0.0,24248100
2025-03-11,5.900000095367432,5.900000095367432,0.0,5.900000095367432,5.650000095367432,5.849999904632568,0.0,57066100
2025-03-12,5.650000095367432,5.650000095367432,0.0,5.849999904632568,5.599999904632568,5.849999904632568,0.0,59942000
2025-03-13,5.5,5.5,0.0,5.699999809265137,5.449999809265137,5.699999809265137,0.0,55497300
2025-03-14,5.550000190734863,5.550000190734863,0.0,5.599999904632568,5.349999904632568,5.5,0.0,67686400
2025-03-17,5.5,5.5,0.0,5.599999904632568,5.449999809265137,5.550000190734863,0.0,29120100
2025-03-18,5.449999809265137,5.449999809265137,0.0,5.599999904632568,5.349999904632568,5.5,0.0,49474600
2025-03-19,5.599999904632568,5.599999904632568,0.0,5.650000095367432,5.449999809265137,5.449999809265137,0.0,33270700
2025-03-20,5.650000095367432,5.650000095367432,0.0,5.900000095367432,5.599999904632568,5.599999904632568,0.0,63420300
2025-03-21,5.449999809265137,5.449999809265137,0.0,5.699999809265137,5.449999809265137,5.650000095367432,0.0,60335400
2025-03-24,5.449999809265137,5.449999809265137,0.0,5.5,5.349999904632568,5.449999809265137,0.0,34154800
2025-03-25,5.300000190734863,5.300000190734863,0.0,5.449999809265137,5.25,5.400000095367432,0.0,30630400
2025-03-26,5.400000095367432,5.400000095367432,0.0,5.550000190734863,5.300000190734863,5.300000190734863,0.0,37120000
2025-03-27,5.599999904632568,5.599999904632568,0.0,5.800000190734863,5.449999809265137,5.449999809265137,0.0,81626200
2025-03-28,5.5,5.5,0.0,5.650000095367432,5.400000095367432,5.599999904632568,0.0,22456800
2025-03-31,5.150000095367432,5.150000095367432,0.0,5.400000095367432,5.099999904632568,5.349999904632568,0.0,81522900
2025-04-01,5.199999809265137,5.199999809265137,0.0,5.25,5.150000095367432,5.25,0.0,23121600
2025-04-02,5.199999809265137,5.199999809265137,0.0,5.349999904632568,5.199999809265137,5.199999809265137,0.0,15407900
2025-04-03,5.25,5.25,0.0,5.25,5.050000190734863,5.150000095367432,0.0,34903900
2025-04-04,5.0,5.0,0.0,5.25,4.980000019073486,5.199999809265137,0.0,40754500
2025-04-08,4.460000038146973,4.460000038146973,0.0,4.820000171661377,4.440000057220459,4.800000190734863,0.0,109121000
2025-04-09,4.539999961853027,4.539999961853027,0.0,4.619999885559082,4.340000152587891,4.460000038146973,0.0,52146700
2025-04-10,4.599999904632568,4.599999904632568,0.0,4.900000095367432,4.559999942779541,4.900000095367432,0.0,70720000
2025-04-11,4.460000038146973,4.460000038146973,0.0,4.639999866485596,4.440000057220459,4.639999866485596,0.0,42383200
2025-04-16,4.71999979019165,4.71999979019165,0.0,4.760000228881836,4.480000019073486,4.539999961853027,0.0,52358700
2025-04-17,4.840000152587891,4.840000152587891,0.0,4.860000133514404,4.679999828338623,4.699999809265137,0.0,40195000
2025-04-18,4.840000152587891,4.840000152587891,0.0,4.920000076293945,4.800000190734863,4.860000133514404,0.0,27763700
2025-04-21,4.71999979019165,4.71999979019165,0.0,4.860000133514404,4.699999809265137,4.820000171661377,0.0,30990100
2025-04-22,5.050000190734863,5.050000190734863,0.0,5.050000190734863,4.739999771118164,4.739999771118164,0.0,76113400
2025-04-23,5.050000190734863,5.050000190734863,0.0,5.25,5.050000190734863,5.099999904632568,0.0,52080300
2025-04-24,4.960000038146973,4.960000038146973,0.0,5.050000190734863,4.900000095367432,5.0,0.0,50452500
2025-04-25,4.920000076293945,4.920000076293945,0.0,5.050000190734863,4.900000095367432,4.980000019073486,0.0,38156200
2025-04-28,4.880000114440918,4.880000114440918,0.0,4.980000019073486,4.860000133514404,4.920000076293945,0.0,23958100
2025-04-29,4.920000076293945,4.920000076293945,0.0,5.0,4.880000114440918,4.880000114440918,0.0,34458900
2025-04-30,5.050000190734863,5.050000190734863,0.0,5.050000190734863,4.920000076293945,4.920000076293945,0.0,48224100
2025-05-02,4.960000038146973,4.960000038146973,0.0,5.099999904632568,4.960000038146973,5.050000190734863,0.0,43588100
2025-05-06,4.980000019073486,4.980000019073486,0.0,5.050000190734863,4.920000076293945,4.980000019073486,0.0,33527900
2025-05-07,4.980000019073486,4.980000019073486,0.0,5.050000190734863,4.880000114440918,5.0,0.0,68536200
2025-05-08,4.880000114440918,4.880000114440918,0.0,4.980000019073486,4.880000114440918,4.960000038146973,0.0,36937300
2025-05-09,4.639999866485596,4.639999866485596,0.0,4.920000076293945,4.579999923706055,4.900000095367432,0.0,155237800
2025-05-13,4.920000076293945,4.920000076293945,0.0,4.980000019073486,4.679999828338623,4.679999828338623,0.0,114726200
2025-05-14,4.739999771118164,4.739999771118164,0.0,4.900000095367432,4.71999979019165,4.900000095367432,0.0,67509600
2025-05-15,4.639999866485596,4.639999866485596,0.0,4.739999771118164,4.579999923706055,4.739999771118164,0.0,45940600
2025-05-16,4.659999847412109,4.659999847412109,0.0,4.760000228881836,4.619999885559082,4.679999828338623,0.0,33822000
2025-05-19,4.599999904632568,4.599999904632568,0.0,4.679999828338623,4.579999923706055,4.659999847412109,0.0,31912600
2025-05-20,4.639999866485596,4.639999866485596,0.0,4.71999979019165,4.599999904632568,4.619999885559082,0.0,30544000
2025-05-21,4.639999866485596,4.639999866485596,0.0,4.699999809265137,4.579999923706055,4.639999866485596,0.0,41879700
2025-05-22,4.539999961853027,4.539999961853027,0.0,4.639999866485596,4.539999961853027,4.639999866485596,0.0,20989000
2025-05-23,4.539999961853027,4.539999961853027,0.0,4.619999885559082,4.519999980926514,4.579999923706055,0.0,18629400
2025-05-26,4.579999923706055,4.579999923706055,0.0,4.579999923706055,4.539999961853027,4.539999961853027,0.0,10420900
2025-05-27,4.440000057220459,4.440000057220459,0.0,4.579999923706055,4.420000076293945,4.579999923706055,0.0,39533700
2025-05-28,4.559999942779541,4.559999942779541,0.0,4.599999904632568,4.420000076293945,4.420000076293945,0.0,37190700
2025-05-29,4.559999942779541,4.559999942779541,0.0,4.619999885559082,4.460000038146973,4.599999904632568,0.0,53031600
2025-05-30,4.460000038146973,4.460000038146973,0.0,4.519999980926514,4.400000095367432,4.480000019073486,0.0,37219100
2025-06-04,4.599999904632568,4.599999904632568,0.0,4.599999904632568,4.440000057220459,4.460000038146973,0.0,95933600
2025-06-05,4.639999866485596,4.639999866485596,0.0,4.639999866485596,4.480000019073486,4.599999904632568,0.0,84745300
2025-06-06,4.5,4.5,0.0,4.639999866485596,4.480000019073486,4.639999866485596,0.0,82481800
2025-06-09,4.480000019073486,4.480000019073486,0.0,4.579999923706055,4.460000038146973,4.5,0.0,49788400
2025-06-10,4.559999942779541,4.559999942779541,0.0,4.579999923706055,4.420000076293945,4.480000019073486,0.0,90954900
2025-06-11,4.5,4.5,0.0,4.599999904632568,4.480000019073486,4.539999961853027,0.0,35506300
2025-06-12,4.360000133514404,4.360000133514404,0.0,4.519999980926514,4.300000190734863,4.5,0.0,69774500
2025-06-13,4.28000020980835,4.28000020980835,0.0,4.360000133514404,4.239999771118164,4.320000171661377,0.0,55507100
2025-06-16,4.179999828338623,4.179999828338623,0.0,4.320000171661377,4.179999828338623,4.300000190734863,0.0,37805800
2025-06-17,4.159999847412109,4.159999847412109,0.0,4.21999979019165,4.139999866485596,4.199999809265137,0.0,21411900
2025-06-18,4.019999980926514,4.019999980926514,0.0,4.159999847412109,3.9800000190734863,4.159999847412109,0.0,57213800
2025-06-19,3.5,3.5,0.0,3.859999895095825,3.359999895095825,3.819999933242798,0.0,334967000
2025-06-20,3.440000057220459,3.440000057220459,0.0,3.6600000858306885,3.440000057220459,3.5799999237060547,0.0,214093700
2025-06-23,3.380000114440918,3.380000114440918,0.0,3.4000000953674316,3.2799999713897705,3.4000000953674316,0.0,142965900
2025-06-24,3.5399999618530273,3.5399999618530273,0.0,3.5399999618530273,3.4000000953674316,3.4800000190734863,0.0,146568800
2025-06-25,3.5999999046325684,3.5999999046325684,0.0,3.640000104904175,3.4000000953674316,3.5,0.0,109095700
2025-06-26,3.7200000286102295,3.7200000286102295,0.0,3.7799999713897705,3.619999885559082,3.619999885559082,0.0,86803100
2025-06-27,3.5999999046325684,3.5999999046325684,0.0,3.7200000286102295,3.559999942779541,3.700000047683716,0.0,87761200
2025-06-30,3.5999999046325684,3.5999999046325684,0.0,3.6600000858306885,3.559999942779541,3.5999999046325684,0.0,38262100
2025-07-01,3.5799999237060547,3.5799999237060547,0.0,3.680000066757202,3.4800000190734863,3.6600000858306885,0.0,84856900
2025-07-02,3.5,3.5,0.0,3.559999942779541,3.4600000381469727,3.559999942779541,0.0,68203600
2025-07-03,3.5399999618530273,3.5399999618530273,0.0,3.5399999618530273,3.440000057220459,3.4800000190734863,0.0,104381900
2025-07-04,3.4800000190734863,3.4800000190734863,0.0,3.5199999809265137,3.380000114440918,3.5199999809265137,0.0,116993000
2025-07-07,3.4200000762939453,3.4200000762939453,0.0,3.4800000190734863,3.380000114440918,3.4800000190734863,0.0,68779500
2025-07-08,3.440000057220459,3.440000057220459,0.0,3.5199999809265137,3.3399999141693115,3.380000114440918,0.0,129119500
2025-07-09,3.440000057220459,3.440000057220459,0.0,3.5,3.359999895095825,3.4800000190734863,0.0,165348700
2025-07-11,3.440000057220459,3.440000057220459,0.0,3.5,3.4200000762939453,3.4600000381469727,0.0,79060800
2025-07-14,3.5399999618530273,3.5399999618530273,0.0,3.559999942779541,3.4200000762939453,3.440000057220459,0.0,141469800
2025-07-15,3.559999942779541,3.559999942779541,0.0,3.5799999237060547,3.4800000190734863,3.5199999809265137,0.0,76780700
2025-07-16,3.5,3.5,0.0,3.619999885559082,3.4800000190734863,3.559999942779541,0.0,100863000
2025-07-17,3.559999942779541,3.559999942779541,0.0,3.5999999046325684,3.5,3.5,0.0,85528000
2025-07-18,3.5199999809265137,3.5199999809265137,0.0,3.5799999237060547,3.4800000190734863,3.559999942779541,0.0,99923700
2025-07-21,3.4800000190734863,3.4800000190734863,0.0,3.5399999618530273,3.4600000381469727,3.5199999809265137,0.0,75096800
2025-07-22,3.4000000953674316,3.4000000953674316,0.0,3.5199999809265137,3.4000000953674316,3.4800000190734863,0.0,98710300
2025-07-23,3.5799999237060547,3.5799999237060547,0.0,3.619999885559082,3.440000057220459,3.440000057220459,0.0,155582800
2025-07-24,3.5399999618530273,3.5399999618530273,0.0,3.5999999046325684,3.4800000190734863,3.5399999618530273,0.0,136206800
2025-07-25,3.4600000381469727,3.4600000381469727,0.0,3.5399999618530273,3.440000057220459,3.5199999809265137,0.0,76651900
2025-07-29,3.5399999618530273,3.5399999618530273,0.0,3.559999942779541,3.4200000762939453,3.4800000190734863,0.0,125078700
2025-07-30,3.619999885559082,3.619999885559082,0.0,3.619999885559082,3.5,3.5399999618530273,0.0,108677600
2025-07-31,3.5199999809265137,3.5199999809265137,0.0,3.5999999046325684,3.5199999809265137,3.5799999237060547,0.0,83633700
2025-08-01,3.4600000381469727,3.4600000381469727,0.0,3.680000066757202,3.4600000381469727,3.559999942779541,0.0,204258700
2025-08-04,3.440000057220459,3.440000057220459,0.0,3.4800000190734863,3.4000000953674316,3.4800000190734863,0.0,84815600
2025-08-05,3.5399999618530273,3.5399999618530273,0.0,3.559999942779541,3.4800000190734863,3.4800000190734863,0.0,81597000
2025-08-06,3.619999885559082,3.619999885559082,0.0,3.680000066757202,3.5199999809265137,3.5399999618530273,0.0,135131000
2025-08-07,3.5999999046325684,3.5999999046325684,0.0,3.740000009536743,3.5799999237060547,3.640000104904175,0.0,186666900
2025-08-08,3.5199999809265137,3.5199999809265137,0.0,3.5999999046325684,3.4800000190734863,3.5799999237060547,0.0,272526200
2025-08-13,3.4800000190734863,3.4800000190734863,0.0,3.5399999618530273,3.440000057220459,3.5399999618530273,0.0,83167000
2025-08-14,3.440000057220459,3.440000057220459,0.0,3.5,3.4200000762939453,3.4800000190734863,0.0,67419200
2025-08-15,3.380000114440918,3.380000114440918,0.0,3.4600000381469727,3.359999895095825,3.4200000762939453,0.0,63813100
2025-08-18,3.359999895095825,3.359999895095825,0.0,3.4200000762939453,3.3399999141693115,3.4000000953674316,0.0,78915000
2025-08-19,3.5,3.5,0.0,3.5199999809265137,3.3399999141693115,3.359999895095825,0.0,180222200
2025-08-20,3.440000057220459,3.440000057220459,0.0,3.5199999809265137,3.4000000953674316,3.5,0.0,85758500
2025-08-21,3.4000000953674316,3.4000000953674316,0.0,3.440000057220459,3.4000000953674316,3.440000057220459,0.0,51191600
2025-08-22,3.4200000762939453,3.4200000762939453,0.0,3.4800000190734863,3.380000114440918,3.440000057220459,0.0,81450700
2025-08-25,3.4600000381469727,3.4600000381469727,0.0,3.5,3.4200000762939453,3.440000057220459,0.0,89498800
2025-08-26,3.319999933242798,3.319999933242798,0.0,3.4200000762939453,3.319999933242798,3.4000000953674316,0.0,198473300
2025-08-27,3.2200000286102295,3.2200000286102295,0.0,3.3399999141693115,3.2200000286102295,3.3399999141693115,0.0,163345400
2025-08-28,3.259999990463257,3.259999990463257,0.0,3.2799999713897705,3.2200000286102295,3.240000009536743,0.0,69732700
2025-08-29,3.1600000858306885,3.1600000858306885,0.0,3.3399999141693115,3.140000104904175,3.259999990463257,0.0,290743400
2025-09-01,3.0999999046325684,3.0999999046325684,0.0,3.180000066757202,3.0399999618530273,3.180000066757202,0.0,209290200
2025-09-02,3.0999999046325684,3.0999999046325684,0.0,3.1600000858306885,3.0799999237060547,3.119999885559082,0.0,83484000
2025-09-03,3.180000066757202,3.180000066757202,0.0,3.200000047683716,3.0999999046325684,3.119999885559082,0.0,103014700
2025-09-04,3.2200000286102295,3.2200000286102295,0.0,3.2799999713897705,3.180000066757202,3.180000066757202,0.0,119998400
2025-09-05,3.299999952316284,3.299999952316284,0.0,3.359999895095825,3.2200000286102295,3.259999990463257,0.0,249152900
2025-09-08,3.440000057220459,3.440000057220459,0.0,3.440000057220459,3.319999933242798,3.359999895095825,0.0,200304700
2025-09-09,3.319999933242798,3.319999933242798,0.0,3.4600000381469727,3.299999952316284,3.440000057220459,0.0,278396800
2025-09-10,3.299999952316284,3.299999952316284,0.0,3.3399999141693115,3.259999990463257,3.299999952316284,0.0,92998400
2025-09-11,3.299999952316284,3.299999952316284,0.0,3.359999895095825,3.2799999713897705,3.319999933242798,0.0,56040200
2025-09-12,3.3399999141693115,3.3399999141693115,0.0,3.380000114440918,3.319999933242798,3.319999933242798,0.0,75865900
2025-09-15,3.319999933242798,3.319999933242798,0.0,3.359999895095825,3.299999952316284,3.3399999141693115,0.0,49513200
2025-09-16,3.380000114440918,3.380000114440918,0.0,3.4000000953674316,3.299999952316284,3.3399999141693115,0.0,143695300
2025-09-17,3.319999933242798,3.319999933242798,0.0,3.4000000953674316,3.2799999713897705,3.4000000953674316,0.0,140486900
2025-09-18,3.240000009536743,3.240000009536743,0.0,3.319999933242798,3.200000047683716,3.319999933242798,0.0,97359900
2025-09-19,3.2200000286102295,3.2200000286102295,0.0,3.259999990463257,3.2200000286102295,3.240000009536743,0.0,73484100
2025-09-22,3.180000066757202,3.180000066757202,0.0,3.2200000286102295,3.140000104904175,3.2200000286102295,0.0,84727900
2025-09-23,3.0199999809265137,3.0199999809265137,0.0,3.180000066757202,3.0199999809265137,3.180000066757202,0.0,184987200
2025-09-24,3.0199999809265137,3.0199999809265137,0.0,3.059999942779541,3.0,3.0199999809265137,0.0,61788500
2025-09-25,3.059999942779541,3.059999942779541,0.0,3.0799999237060547,3.0199999809265137,3.059999942779541,0.0,42738100
2025-09-26,3.059999942779541,3.059999942779541,0.0,3.0799999237060547,3.0199999809265137,3.0399999618530273,0.0,38210700
2025-09-29,3.1600000858306885,3.1600000858306885,0.0,3.200000047683716,3.059999942779541,3.0799999237060547,0.0,130359300
2025-09-30,3.059999942779541,3.059999942779541,0.0,3.180000066757202,3.059999942779541,3.180000066757202,0.0,121264000
2025-10-01,3.0999999046325684,3.0999999046325684,0.0,3.240000009536743,3.0999999046325684,3.240000009536743,0.0,77261200
2025-10-02,3.119999885559082,3.119999885559082,0.0,3.1600000858306885,3.0999999046325684,3.119999885559082,0.0,40066100
2025-10-03,3.0799999237060547,3.0799999237060547,0.0,3.140000104904175,3.059999942779541,3.119999885559082,0.0,58904000
2025-10-06,3.059999942779541,3.059999942779541,0.0,3.0999999046325684,3.059999942779541,3.0799999237060547,0.0,20610300
2025-10-07,3.059999942779541,3.059999942779541,0.0,3.059999942779541,3.059999942779541,3.059999942779541,0.0,0
2025-10-08,3.0399999618530273,3.0399999618530273,0.0,3.0999999046325684,3.0199999809265137,3.0999999046325684,0.0,75792500
2025-10-09,3.0399999618530273,3.0399999618530273,0.0,3.0799999237060547,3.0199999809265137,3.0799999237060547,0.0,58830700
2025-10-10,3.0199999809265137,3.0199999809265137,0.0,3.0399999618530273,3.0199999809265137,3.0399999618530273,0.0,23440200
2025-10-14,2.8399999141693115,2.8399999141693115,0.0,3.0199999809265137,2.8399999141693115,3.0199999809265137,0.0,179892400
2025-10-15,2.819999933242798,2.819999933242798,0.0,2.9000000953674316,2.819999933242798,2.880000114440918,0.0,66813000
2025-10-16,2.9000000953674316,2.9000000953674316,0.0,2.9200000762939453,2.799999952316284,2.819999933242798,0.0,67510500
2025-10-17,2.819999933242798,2.819999933242798,0.0,2.880000114440918,2.799999952316284,2.880000114440918,0.0,41672600
2025-10-20,2.859999895095825,2.859999895095825,0.0,2.9000000953674316,2.8399999141693115,2.859999895095825,0.0,39979500
2025-10-21,2.859999895095825,2.859999895095825,0.0,2.9600000381469727,2.859999895095825,2.880000114440918,0.0,72113500
2025-10-22,2.940000057220459,2.940000057220459,0.0,2.9800000190734863,2.859999895095825,2.880000114440918,0.0,91742400
2025-10-24,2.9000000953674316,2.9000000953674316,0.0,2.9600000381469727,2.880000114440918,2.9600000381469727,0.0,70171400
2025-10-27,2.859999895095825,2.859999895095825,0.0,2.940000057220459,2.859999895095825,2.9200000762939453,0.0,52554800
2025-10-28,2.8399999141693115,2.8399999141693115,0.0,2.880000114440918,2.819999933242798,2.859999895095825,0.0,37668000
2025-10-29,2.819999933242798,2.819999933242798,0.0,2.880000114440918,2.799999952316284,2.859999895095825,0.0,34459000
2025-10-30,3.0,3.0,0.0,3.0199999809265137,2.799999952316284,2.819999933242798,0.0,217528900
2025-10-31,2.940000057220459,2.940000057220459,0.0,3.0799999237060547,2.940000057220459,3.059999942779541,0.0,158997200
2025-11-03,2.9200000762939453,2.9200000762939453,0.0,3.0399999618530273,2.9200000762939453,2.940000057220459,0.0,68232100
2025-11-04,2.9000000953674316,2.9000000953674316,0.0,2.940000057220459,2.880000114440918,2.9200000762939453,0.0,39759300
2025-11-05,2.819999933242798,2.819999933242798,0.0,2.880000114440918,2.819999933242798,2.880000114440918,0.0,52511200
2025-11-06,2.7799999713897705,2.7799999713897705,0.0,2.880000114440918,2.740000009536743,2.8399999141693115,0.0,76640600
2025-11-07,2.7200000286102295,2.7200000286102295,0.0,2.7799999713897705,2.700000047683716,2.759999990463257,0.0,38534800
2025-11-10,2.759999990463257,2.759999990463257,0.0,2.7799999713897705,2.7200000286102295,2.7200000286102295,0.0,27379700
2025-11-11,2.7200000286102295,2.7200000286102295,0.0,2.759999990463257,2.700000047683716,2.759999990463257,0.0,19864500
2025-11-12,2.640000104904175,2.640000104904175,0.0,2.740000009536743,2.5999999046325684,2.740000009536743,0.0,90316500
2025-11-13,2.640000104904175,2.640000104904175,0.0,2.6600000858306885,2.5999999046325684,2.640000104904175,0.0,37788000
2025-11-14,2.619999885559082,2.619999885559082,0.0,2.6600000858306885,2.559999942779541,2.640000104904175,0.0,46515500
2025-11-17,2.7200000286102295,2.7200000286102295,0.0,2.740000009536743,2.619999885559082,2.640000104904175,0.0,55856700
2025-11-18,2.6600000858306885,2.6600000858306885,0.0,2.7799999713897705,2.6600000858306885,2.7200000286102295,0.0,64878400
2025-11-19,2.5999999046325684,2.5999999046325684,0.0,2.680000066757202,2.5999999046325684,2.6600000858306885,0.0,38929000
2025-11-20,2.5799999237060547,2.5799999237060547,0.0,2.6600000858306885,2.5799999237060547,2.619999885559082,0.0,40640900
2025-11-21,2.5,2.5,0.0,2.5799999237060547,2.4800000190734863,2.5799999237060547,0.0,98593300
2025-11-24,2.5,2.5,0.0,2.5399999618530273,2.5,2.5199999809265137,0.0,35910000
2025-11-25,2.5399999618530273,2.5399999618530273,0.0,2.5799999237060547,2.5,2.5199999809265137,0.0,36311300
2025-11-26,2.5199999809265137,2.5199999809265137,0.0,2.5799999237060547,2.5,2.559999942779541,0.0,25581400
2025-11-27,2.5399999618530273,2.5399999618530273,0.0,2.5799999237060547,2.5,2.5199999809265137,0.0,55547400
2025-11-28,2.5799999237060547,2.5799999237060547,0.0,2.619999885559082,2.5399999618530273,2.559999942779541,0.0,53650700
2025-12-01,2.640000104904175,2.640000104904175,0.0,2.6600000858306885,2.5999999046325684,2.5999999046325684,0.0,58822400
2025-12-02,2.5799999237060547,2.5799999237060547,0.0,2.640000104904175,2.559999942779541,2.640000104904175,0.0,34461000
2025-12-03,2.559999942779541,2.559999942779541,0.0,2.619999885559082,2.559999942779541,2.5999999046325684,0.0,51063400
2025-12-04,2.5,2.5,0.0,2.5799999237060547,2.5,2.559999942779541,0.0,39771700
2025-12-08,2.5199999809265137,2.5199999809265137,0.0,2.559999942779541,2.5,2.5399999618530273,0.0,50082100
2025-12-09,2.5399999618530273,2.5399999618530273,0.0,2.559999942779541,2.5,2.5399999618530273,0.0,30204300
2025-12-11,2.440000057220459,2.440000057220459,0.0,2.5399999618530273,2.4200000762939453,2.5399999618530273,0.0,72630700
2025-12-12,2.5199999809265137,2.5199999809265137,0.0,2.559999942779541,2.4600000381469727,2.4600000381469727,0.0,64948700
2025-12-15,2.5799999237060547,2.5799999237060547,0.0,2.5799999237060547,2.5,2.5,0.0,33031000
2025-12-16,2.5199999809265137,2.5199999809265137,0.0,2.559999942779541,2.5,2.559999942779541,0.0,19575300
2025-12-17,2.5199999809265137,2.5199999809265137,0.0,2.5399999618530273,2.5,2.5199999809265137,0.0,21788400
2025-12-18,2.440000057220459,2.440000057220459,0.0,2.5199999809265137,2.440000057220459,2.5199999809265137,0.0,37445100
2025-12-19,2.319999933242798,2.319999933242798,0.0,2.440000057220459,2.319999933242798,2.440000057220459,0.0,110224600
2025-12-22,2.299999952316284,2.299999952316284,0.0,2.3399999141693115,2.259999990463257,2.319999933242798,0.0,71600400
2025-12-23,2.319999933242798,2.319999933242798,0.0,2.380000114440918,2.319999933242798,2.359999895095825,0.0,38416900
2025-12-24,2.359999895095825,2.359999895095825,0.0,2.359999895095825,2.299999952316284,2.319999933242798,0.0,26526300
2025-12-25,2.319999933242798,2.319999933242798,0.0,2.359999895095825,2.2799999713897705,2.359999895095825,0.0,23280600
2025-12-26,2.240000009536743,2.240000009536743,0.0,2.319999933242798,2.240000009536743,2.319999933242798,0.0,46501100
2025-12-29,2.240000009536743,2.240000009536743,0.0,2.2799999713897705,2.240000009536743,2.259999990463257,0.0,36627200
2025-12-30,2.2799999713897705,2.2799999713897705,0.0,2.299999952316284,2.240000009536743,2.240000009536743,0.0,23615300
2026-01-05,2.319999933242798,2.319999933242798,0.0,2.3399999141693115,2.299999952316284,2.299999952316284,0.0,23789900
2026-01-06,2.2799999713897705,2.2799999713897705,0.0,2.3399999141693115,2.259999990463257,2.319999933242798,0.0,17926300
2026-01-07,2.299999952316284,2.299999952316284,0.0,2.3399999141693115,2.2799999713897705,2.2799999713897705,0.0,22284500
2026-01-08,2.259999990463257,2.259999990463257,0.0,2.299999952316284,2.259999990463257,2.2799999713897705,0.0,15649000
2026-01-09,2.180000066757202,2.180000066757202,0.0,2.2799999713897705,2.1600000858306885,2.259999990463257,0.0,54623700
2026-01-12,2.0399999618530273,2.0399999618530273,0.0,2.200000047683716,2.0199999809265137,2.200000047683716,0.0,76456400
2026-01-13,2.0,2.0,0.0,2.0799999237060547,2.0,2.0399999618530273,0.0,51488600
2026-01-14,2.0399999618530273,2.0399999618530273,0.0,2.059999942779541,2.0199999809265137,2.0199999809265137,0.0,25620200
2026-01-15,2.140000104904175,2.140000104904175,0.0,2.140000104904175,2.0199999809265137,2.0199999809265137,0.0,52531000
2026-01-16,2.180000066757202,2.180000066757202,0.0,2.180000066757202,2.0999999046325684,2.119999885559082,0.0,23255200
2026-01-19,2.2200000286102295,2.2200000286102295,0.0,2.259999990463257,2.140000104904175,2.180000066757202,0.0,49744700
2026-01-20,2.3399999141693115,2.3399999141693115,0.0,2.359999895095825,2.200000047683716,2.2200000286102295,0.0,80922000
2026-01-21,2.4000000953674316,2.4000000953674316,0.0,2.4200000762939453,2.3399999141693115,2.359999895095825,0.0,60867200
2026-01-22,2.3399999141693115,2.3399999141693115,0.0,2.4000000953674316,2.319999933242798,2.380000114440918,0.0,45373500
2026-01-23,2.2799999713897705,2.2799999713897705,0.0,2.380000114440918,2.259999990463257,2.359999895095825,0.0,44057800
2026-01-26,2.2200000286102295,2.2200000286102295,0.0,2.2799999713897705,2.200000047683716,2.259999990463257,0.0,37722100
2026-01-27,2.259999990463257,2.259999990463257,0.0,2.299999952316284,2.2200000286102295,2.2200000286102295,0.0,38262700
2026-01-28,2.240000009536743,2.240000009536743,0.0,2.2799999713897705,2.2200000286102295,2.2799999713897705,0.0,18099800
2026-01-29,2.2200000286102295,2.2200000286102295,0.0,2.259999990463257,2.200000047683716,2.2200000286102295,0.0,21567000
2026-01-30,2.180000066757202,2.180000066757202,0.0,2.2200000286102295,2.1600000858306885,2.200000047683716,0.0,25794600
2026-02-02,2.180000066757202,2.180000066757202,0.0,2.200000047683716,2.140000104904175,2.1600000858306885,0.0,29050000
2026-02-03,2.200000047683716,2.200000047683716,0.0,2.240000009536743,2.1600000858306885,2.1600000858306885,0.0,35178600
2026-02-04,2.1600000858306885,2.1600000858306885,0.0,2.200000047683716,2.1600000858306885,2.200000047683716,0.0,36353200
2026-02-05,2.200000047683716,2.200000047683716,0.0,2.240000009536743,2.1600000858306885,2.1600000858306885,0.0,34064100
2026-02-06,2.200000047683716,2.200000047683716,0.0,2.240000009536743,2.180000066757202,2.200000047683716,0.0,32526000
2026-02-09,2.359999895095825,2.359999895095825,0.0,2.380000114440918,2.2200000286102295,2.259999990463257,0.0,104613300
2026-02-10,2.4600000381469727,2.4600000381469727,0.0,2.4800000190734863,2.3399999141693115,2.359999895095825,0.0,101373500
2026-02-11,2.440000057220459,2.440000057220459,0.0,2.5,2.4200000762939453,2.4600000381469727,0.0,71587400
2026-02-12,2.5199999809265137,2.5199999809265137,0.0,2.559999942779541,2.380000114440918,2.4200000762939453,0.0,96104900
2026-02-13,2.740000009536743,2.740000009536743,0.0,2.819999933242798,2.4800000190734863,2.5,0.0,340788600
2026-02-16,2.5199999809265137,2.5199999809265137,0.0,2.740000009536743,2.5199999809265137,2.680000066757202,0.0,205458400
2026-02-17,2.5399999618530273,2.5399999618530273,0.0,2.559999942779541,2.4600000381469727,2.5,0.0,148539800
2026-02-18,2.5999999046325684,2.5999999046325684,0.0,2.619999885559082,2.5199999809265137,2.5399999618530273,0.0,110132500
2026-02-19,2.680000066757202,2.680000066757202,0.0,2.700000047683716,2.5999999046325684,2.5999999046325684,0.0,176215800
2026-02-20,2.4800000190734863,2.4800000190734863,0.0,2.680000066757202,2.4800000190734863,2.6600000858306885,0.0,177703300
2026-02-23,2.4000000953674316,2.4000000953674316,0.0,2.5199999809265137,2.359999895095825,2.5,0.0,137535000
2026-02-24,2.4200000762939453,2.4200000762939453,0.0,2.440000057220459,2.359999895095825,2.380000114440918,0.0,65445200
2026-02-25,2.4600000381469727,2.4600000381469727,0.0,2.4800000190734863,2.440000057220459,2.4600000381469727,0.0,69008400
2026-02-26,2.4600000381469727,2.4600000381469727,0.0,2.4800000190734863,2.4200000762939453,2.4600000381469727,0.0,40074300
2026-02-27,2.380000114440918,2.380000114440918,0.0,2.4800000190734863,2.380000114440918,2.440000057220459,0.0,71089300
2026-03-02,2.180000066757202,2.180000066757202,0.0,2.299999952316284,2.180000066757202,2.259999990463257,0.0,112554400
2026-03-04,2.0799999237060547,2.0799999237060547,0.0,2.0999999046325684,2.0,2.059999942779541,0.0,157883300
2026-03-05,2.0999999046325684,2.0999999046325684,0.0,2.1600000858306885,2.0399999618530273,2.119999885559082,0.0,107153000
2026-03-06,2.0799999237060547,2.0799999237060547,0.0,2.0999999046325684,2.059999942779541,2.0799999237060547,0.0,41685900
2026-03-09,2.0799999237060547,2.0799999237060547,0.0,2.0799999237060547,1.9800000190734863,1.9900000095367432,0.0,78869900
2026-03-10,2.059999942779541,2.059999942779541,0.0,2.119999885559082,2.0399999618530273,2.0999999046325684,0.0,40220700
2026-03-11,2.059999942779541,2.059999942779541,0.0,2.119999885559082,2.059999942779541,2.0799999237060547,0.0,46692100
2026-03-12,2.0999999046325684,2.0999999046325684,0.0,2.119999885559082,2.0399999618530273,2.0799999237060547,0.0,48369000
2026-03-13,2.059999942779541,2.059999942779541,0.0,2.0999999046325684,2.059999942779541,2.0999999046325684,0.0,19417200
2026-03-16,2.0399999618530273,2.0399999618530273,0.0,2.0799999237060547,2.0199999809265137,2.0799999237060547,0.0,46834600
2026-03-17,2.0799999237060547,2.0799999237060547,0.0,2.119999885559082,2.0399999618530273,2.059999942779541,0.0,56941300
2026-03-18,2.059999942779541,2.059999942779541,0.0,2.0999999046325684,2.0399999618530273,2.0999999046325684,0.0,27189700
2026-03-19,2.0,2.0,0.0,2.0399999618530273,2.0,2.0399999618530273,0.0,35262500
2026-03-20,2.0199999809265137,2.0199999809265137,0.0,2.059999942779541,2.0199999809265137,2.0199999809265137,0.0,42314100
2026-03-23,1.9900000095367432,1.9900000095367432,0.0,2.0199999809265137,1.9800000190734863,2.0,0.0,45807400
2026-03-24,2.0199999809265137,2.0199999809265137,0.0,2.0399999618530273,2.0,2.0199999809265137,0.0,33160400
2026-03-25,2.059999942779541,2.059999942779541,0.0,2.059999942779541,2.0199999809265137,2.0399999618530273,0.0,24468900
2026-03-26,2.0199999809265137,2.0199999809265137,0.0,2.059999942779541,2.0,2.059999942779541,0.0,29841500
2026-03-27,2.0399999618530273,2.0399999618530273,0.0,2.0799999237060547,2.0199999809265137,2.0399999618530273,0.0,66566200
2026-03-30,2.059999942779541,2.059999942779541,0.0,2.0799999237060547,2.0199999809265137,2.0199999809265137,0.0,44227700
2026-03-31,2.1600000858306885,2.1600000858306885,0.0,2.180000066757202,2.0399999618530273,2.059999942779541,0.0,91287800
2026-04-01,2.1600000858306885,2.1600000858306885,0.0,2.200000047683716,2.140000104904175,2.180000066757202,0.0,67362200
2026-04-02,2.140000104904175,2.140000104904175,0.0,2.180000066757202,2.119999885559082,2.140000104904175,0.0,56052600
2026-04-03,2.0999999046325684,2.0999999046325684,0.0,2.1600000858306885,2.0999999046325684,2.1600000858306885,0.0,36792300
2026-04-07,2.0999999046325684,2.0999999046325684,0.0,2.140000104904175,2.0799999237060547,2.119999885559082,0.0,22777000
2026-04-08,2.1600000858306885,2.1600000858306885,0.0,2.200000047683716,2.140000104904175,2.180000066757202,0.0,46161600
2026-04-09,2.119999885559082,2.119999885559082,0.0,2.1600000858306885,2.0999999046325684,2.1600000858306885,0.0,24867300
2026-04-10,2.140000104904175,2.140000104904175,0.0,2.140000104904175,2.0999999046325684,2.119999885559082,0.0,13990900
2026-04-16,2.140000104904175,2.140000104904175,0.0,2.180000066757202,2.119999885559082,2.140000104904175,0.0,24192000
2026-04-17,2.0799999237060547,2.0799999237060547,0.0,2.140000104904175,2.059999942779541,2.140000104904175,0.0,31656800
2026-04-20,2.059999942779541,2.059999942779541,0.0,2.0799999237060547,2.0399999618530273,2.0799999237060547,0.0,21329800
2026-04-21,2.0799999237060547,2.0799999237060547,0.0,2.0799999237060547,2.059999942779541,2.059999942779541,0.0,8480700
2026-04-22,2.1600000858306885,2.1600000858306885,0.0,2.240000009536743,2.140000104904175,2.140000104904175,0.0,118673500
2026-04-23,2.119999885559082,2.119999885559082,0.0,2.180000066757202,2.0999999046325684,2.1600000858306885,0.0,36026100
2026-04-24,2.119999885559082,2.119999885559082,0.0,2.140000104904175,2.0999999046325684,2.119999885559082,0.0,19851500
2026-04-27,2.0799999237060547,2.0799999237060547,0.0,2.140000104904175,2.0799999237060547,2.119999885559082,0.0,31007800
2026-04-28,2.0999999046325684,2.0999999046325684,0.0,2.140000104904175,2.0799999237060547,2.119999885559082,0.0,29331800
2026-04-29,2.0999999046325684,2.0999999046325684,0.0,2.0999999046325684,2.059999942779541,2.0799999237060547,0.0,14669700
2026-04-30,2.0799999237060547,2.0799999237060547,0.0,2.0999999046325684,2.059999942779541,2.0799999237060547,0.0,17501700
2026-05-01,2.0799999237060547,2.0799999237060547,0.0,2.0799999237060547,2.0799999237060547,2.0799999237060547,0.0,0
2026-05-04,2.0799999237060547,2.0799999237060547,0.0,2.0799999237060547,2.0799999237060547,2.0799999237060547,0.0,0
2026-05-05,2.059999942779541,2.059999942779541,0.0,2.0999999046325684,2.0399999618530273,2.0799999237060547,0.0,28401100
2026-05-06,2.119999885559082,2.119999885559082,0.0,2.119999885559082,2.059999942779541,2.0799999237060547,0.0,25882300
2026-05-07,2.0799999237060547,2.0799999237060547,0.0,2.140000104904175,2.0799999237060547,2.119999885559082,0.0,54042400
2026-05-08,2.059999942779541,2.059999942779541,0.0,2.0799999237060547,2.059999942779541,2.0799999237060547,0.0,19971200
2026-05-11,2.059999942779541,2.059999942779541,0.0,2.0799999237060547,2.0399999618530273,2.059999942779541,0.0,11871900
2026-05-12,2.059999942779541,2.059999942779541,0.0,2.0799999237060547,2.0399999618530273,2.059999942779541,0.0,10921900
2026-05-13,2.059999942779541,2.059999942779541,0.0,2.0999999046325684,2.0399999618530273,2.059999942779541,0.0,19235500
2026-05-14,2.059999942779541,2.059999942779541,0.0,2.0799999237060547,2.059999942779541,2.059999942779541,0.0,38148100
2026-05-15,2.0799999237060547,2.0799999237060547,0.0,2.119999885559082,2.059999942779541,2.0799999237060547,0.0,45914500
2026-05-18,2.0399999618530273,2.0399999618530273,0.0,2.059999942779541,2.0199999809265137,2.059999942779541,0.0,63426500
2026-05-19,2.0399999618530273,2.0399999618530273,0.0,2.059999942779541,2.0199999809265137,2.0199999809265137,0.0,30860600
2026-05-20,2.0399999618530273,2.0399999618530273,0.0,2.059999942779541,2.0199999809265137,2.0399999618530273,0.0,14681000
2026-05-21,2.0199999809265137,2.0199999809265137,0.0,2.059999942779541,2.0199999809265137,2.059999942779541,0.0,39732700
2026-05-22,2.0199999809265137,2.0199999809265137,0.0,2.0399999618530273,2.0,2.0399999618530273,0.0,47737100
2026-05-25,2.059999942779541,2.059999942779541,0.0,2.0799999237060547,2.0199999809265137,2.0399999618530273,0.0,39067300
2026-05-26,2.0399999618530273,2.0399999618530273,0.0,2.0799999237060547,2.0199999809265137,2.0399999618530273,0.0,33450900
2026-05-27,2.059999942779541,2.059999942779541,0.0,2.0799999237060547,2.0199999809265137,2.059999942779541,0.0,28715300
2026-05-28,2.059999942779541,2.059999942779541,0.0,2.119999885559082,2.0399999618530273,2.059999942779541,0.0,88684500
2026-05-29,2.0399999618530273,2.0399999618530273,0.0,2.0799999237060547,2.0199999809265137,2.0799999237060547,0.0,48362400
2026-06-01,2.0399999618530273,2.0399999618530273,0.0,2.0399999618530273,2.0399999618530273,2.0399999618530273,0.0,0
2026-06-02,2.0799999237060547,2.0799999237060547,0.0,2.119999885559082,2.0199999809265137,2.0399999618530273,0.0,95332200
2026-06-03,2.0799999237060547,2.0799999237060547,0.0,2.0799999237060547,2.0799999237060547,2.0799999237060547,0.0,0
2026-06-04,2.0799999237060547,2.0799999237060547,0.0,2.0999999046325684,2.0399999618530273,2.0399999618530273,0.0,61191900
2026-06-05,2.059999942779541,2.059999942779541,0.0,2.1600000858306885,2.059999942779541,2.0999999046325684,0.0,88432000
2026-06-08,2.0199999809265137,2.0199999809265137,0.0,2.059999942779541,2.0199999809265137,2.059999942779541,0.0,49740900
2026-06-09,2.0199999809265137,2.0199999809265137,0.0,2.059999942779541,2.0199999809265137,2.0399999618530273,0.0,23602500
2026-06-10,2.0399999618530273,2.0399999618530273,0.0,2.059999942779541,2.0199999809265137,2.0399999618530273,0.0,46265400
2026-06-11,2.0399999618530273,2.0399999618530273,0.0,2.059999942779541,2.0199999809265137,2.0399999618530273,0.0,13742800
2026-06-12,2.0399999618530273,2.0399999618530273,0.0,2.059999942779541,2.0199999809265137,2.059999942779541,0.0,23843400
2026-06-15,2.059999942779541,2.059999942779541,0.0,2.0799999237060547,2.0199999809265137,2.059999942779541,0.0,63516000
2026-06-16,2.0799999237060547,2.0799999237060547,0.0,2.0999999046325684,2.0399999618530273,2.0399999618530273,0.0,62841500
2026-06-17,2.140000104904175,2.140000104904175,0.0,2.1600000858306885,2.059999942779541,2.0799999237060547,0.0,132318900
2026-06-18,2.119999885559082,2.119999885559082,0.0,2.200000047683716,2.0999999046325684,2.180000066757202,0.0,117713700
2026-06-19,2.119999885559082,2.119999885559082,0.0,2.119999885559082,2.059999942779541,2.0999999046325684,0.0,103156700
2026-06-22,2.059999942779541,2.059999942779541,0.0,2.140000104904175,2.059999942779541,2.119999885559082,0.0,43389400
2026-06-23,2.0399999618530273,2.0399999618530273,0.0,2.0999999046325684,2.0399999618530273,2.0799999237060547,0.0,64690700
2026-06-24,2.059999942779541,2.059999942779541,0.0,2.0799999237060547,2.0399999618530273,2.0399999618530273,0.0,38283500
2026-06-25,2.059999942779541,2.059999942779541,0.0,2.0999999046325684,2.0199999809265137,2.059999942779541,0.0,98097500
2026-06-26,2.0799999237060547,2.0799999237060547,0.0,2.0999999046325684,2.0399999618530273,2.059999942779541,0.0,36076300
2026-06-29,2.240000009536743,2.240000009536743,0.0,2.240000009536743,2.0799999237060547,2.0999999046325684,0.0,209979600
2026-06-30,2.0999999046325684,2.0999999046325684,0.0,2.240000009536743,2.0999999046325684,2.240000009536743,0.0,341957400
2026-07-01,2.0799999237060547,2.0799999237060547,0.0,2.140000104904175,2.0799999237060547,2.119999885559082,0.0,143802900
2026-07-02,2.119999885559082,2.119999885559082,0.0,2.119999885559082,2.059999942779541,2.0799999237060547,0.0,66361400
2026-07-03,2.119999885559082,2.119999885559082,0.0,2.1600000858306885,2.0999999046325684,2.119999885559082,0.0,68879000
2026-07-06,2.0999999046325684,2.0999999046325684,0.0,2.140000104904175,2.0799999237060547,2.119999885559082,0.0,93890600
2026-07-07,2.0799999237060547,2.0799999237060547,0.0,2.119999885559082,2.0799999237060547,2.0999999046325684,0.0,45064500
2026-07-08,2.059999942779541,2.059999942779541,0.0,2.0999999046325684,2.059999942779541,2.0999999046325684,0.0,59457700
2026-07-09,2.119999885559082,2.119999885559082,0.0,2.140000104904175,2.059999942779541,2.059999942779541,0.0,124801800
2026-07-10,2.140000104904175,2.140000104904175,0.0,2.1600000858306885,2.0999999046325684,2.140000104904175,0.0,79573300
2026-07-13,2.240000009536743,2.240000009536743,0.0,2.259999990463257,2.119999885559082,2.119999885559082,0.0,306570300
2026-07-14,2.2200000286102295,2.2200000286102295,0.0,2.2799999713897705,2.180000066757202,2.240000009536743,0.0,131755200
2026-07-15,2.180000066757202,2.180000066757202,0.0,2.240000009536743,2.180000066757202,2.2200000286102295,0.0,53678000
2026-07-16,2.200000047683716,2.200000047683716,0.0,2.240000009536743,2.180000066757202,2.200000047683716,0.0,65914000
2026-07-17,2.1600000858306885,2.1600000858306885,0.0,2.200000047683716,2.140000104904175,2.200000047683716,0.0,77825500
2026-07-20,2.140000104904175,2.140000104904175,0.0,2.1600000858306885,2.140000104904175,2.1600000858306885,0.0,30613400
2026-07-21,2.180000066757202,2.180000066757202,0.0,2.200000047683716,2.140000104904175,2.1600000858306885,0.0,89051200
2026-07-22,2.0999999046325684,2.0999999046325684,0.0,2.180000066757202,2.0999999046325684,2.180000066757202,0.0,71046400
2026-07-23,2.0799999237060547,2.0799999237060547,0.0,2.119999885559082,2.0799999237060547,2.119999885559082,0.0,38800700
2026-07-24,2.0799999237060547,2.0799999237060547,0.0,2.0799999237060547,2.059999942779541,2.0799999237060547,0.0,64664300
2026-07-27,2.059999942779541,2.059999942779541,0.0,2.0999999046325684,2.059999942779541,2.0799999237060547,0.0,43248500
2026-07-28,2.059999942779541,2.059999942779541,0.0,2.059999942779541,2.059999942779541,2.059999942779541,0.0,0
2026-07-29,2.059999942779541,2.059999942779541,0.0,2.059999942779541,2.059999942779541,2.059999942779541,0.0,0
2026-07-30,2.059999942779541,2.059999942779541,0.0,2.0999999046325684,2.059999942779541,2.0799999237060547,0.0,24840700
2026-07-31,2.140000104904175,2.140000104904175,0.0,2.200000047683716,2.0799999237060547,2.0799999237060547,0.0,203103800
2026-08-03,2.119999885559082,2.119999885559082,0.0,2.140000104904175,2.0999999046325684,2.119999885559082,0.0,55148700
2026-08-04,2.0799999237060547,2.0799999237060547,0.0,2.140000104904175,2.0799999237060547,2.119999885559082,0.0,65386100
2026-08-05,2.0799999237060547,2.0799999237060547,0.0,2.119999885559082,2.0799999237060547,2.0999999046325684,0.0,30913400
2026-08-06,2.0799999237060547,2.0799999237060547,0.0,2.0999999046325684,2.0799999237060547,2.0799999237060547,0.0,31904000
2026-08-07,2.0799999237060547,2.0799999237060547,0.0,2.0999999046325684,2.059999942779541,2.0799999237060547,0.0,29221300
2026-08-10,2.0799999237060547,2.0799999237060547,0.0,2.0999999046325684,2.0799999237060547,2.0799999237060547,0.0,14989100
2026-08-11,2.059999942779541,2.059999942779541,0.0,2.0999999046325684,2.059999942779541,2.0999999046325684,0.0,30172600
2026-08-12,2.059999942779541,2.059999942779541,0.0,2.059999942779541,2.059999942779541,2.059999942779541,0.0,0
2026-08-13,2.0999999046325684,2.0999999046325684,0.0,2.0999999046325684,2.059999942779541,2.0799999237060547,0.0,38642600
2026-08-14,2.0799999237060547,2.0799999237060547,0.0,2.0999999046325684,2.059999942779541,2.0999999046325684,0.0,29121900
2026-08-17,2.0799999237060547,2.0799999237060547,0.0,2.0999999046325684,2.0399999618530273,2.059999942779541,0.0,97419800
2026-08-18,2.0999999046325684,2.0999999046325684,0.0,2.140000104904175,2.0799999237060547,2.0799999237060547,0.0,114243000
2026-08-19,2.0799999237060547,2.0799999237060547,0.0,2.0999999046325684,2.0799999237060547,2.0999999046325684,0.0,18283500
2026-08-20,2.0999999046325684,2.0999999046325684,0.0,2.119999885559082,2.0799999237060547,2.0799999237060547,0.0,20937700
2026-08-21,2.0799999237060547,2.0799999237060547,0.0,2.0999999046325684,2.0799999237060547,2.0999999046325684,0.0,44529900
2026-08-24,2.059999942779541,2.059999942779541,0.0,2.0799999237060547,2.059999942779541,2.0799999237060547,0.0,14749000
2026-08-25,2.059999942779541,2.059999942779541,0.0,2.0799999237060547,2.059999942779541,2.059999942779541,0.0,9748900
2026-08-26,2.0799999237060547,2.0799999237060547,0.0,2.0799999237060547,2.059999942779541,2.0799999237060547,0.0,5542600
2026-08-27,2.0799999237060547,2.0799999237060547,0.0,2.0799999237060547,2.059999942779541,2.0799999237060547,0.0,11096000
2026-08-28,2.0799999237060547,2.0799999237060547,0.0,2.0799999237060547,2.059999942779541,2.0799999237060547,0.0,7014100
2026-08-31,2.0799999237060547,2.0799999237060547,0.0,2.0799999237060547,2.059999942779541,2.0799999237060547,0.0,19668700
2026-09-01,2.059999942779541,2.059999942779541,0.0,2.0799999237060547,2.059999942779541,2.059999942779541,0.0,26394500
2026-09-02,2.0199999809265137,2.0199999809265137,0.0,2.059999942779541,2.0,2.059999942779541,0.0,62907000
2026-09-03,2.0199999809265137,2.0199999809265137,0.0,2.0399999618530273,2.0199999809265137,2.0199999809265137,0.0,15152500
2026-09-04,2.0399999618530273,2.0399999618530273,0.0,2.059999942779541,2.0199999809265137,2.0399999618530273,0.0,16582400
