Date,Adj Close,Close,Dividends,High,Low,Open,Stock Splits,Volume
2010-01-04,3.5322988033294678,4.21999979019165,0.0,4.239999771118164,4.199999809265137,4.239999771118164,0.0,823600
2010-01-05,3.549038887023926,4.239999771118164,0.0,4.28000020980835,4.21999979019165,4.239999771118164,0.0,1910400
2010-01-06,3.5657808780670166,4.260000228881836,0.0,4.28000020980835,4.199999809265137,4.239999771118164,0.0,3630400
2010-01-07,3.59926176071167,4.300000190734863,0.0,4.320000171661377,4.260000228881836,4.28000020980835,0.0,2759000
2010-01-08,3.6829657554626465,4.400000095367432,0.0,4.480000019073486,4.28000020980835,4.300000190734863,0.0,9841800
2010-01-11,3.6829657554626465,4.400000095367432,0.0,4.440000057220459,4.380000114440918,4.420000076293945,0.0,4367600
2010-01-12,3.6829657554626465,4.400000095367432,0.0,4.460000038146973,4.400000095367432,4.400000095367432,0.0,5773100
2010-01-13,3.6662254333496094,4.380000114440918,0.0,4.420000076293945,4.360000133514404,4.420000076293945,0.0,1248400
2010-01-14,3.6829657554626465,4.400000095367432,0.0,4.440000057220459,4.360000133514404,4.380000114440918,0.0,1642000
2010-01-15,3.6327438354492188,4.340000152587891,0.0,4.400000095367432,4.300000190734863,4.400000095367432,0.0,1777700
2010-01-18,3.6327438354492188,4.340000152587891,0.0,4.380000114440918,4.300000190734863,4.300000190734863,0.0,2023500
2010-01-19,3.5155575275421143,4.199999809265137,0.0,4.360000133514404,4.179999828338623,4.360000133514404,0.0,3556000
2010-01-20,3.498817205429077,4.179999828338623,0.0,4.21999979019165,4.119999885559082,4.199999809265137,0.0,1849000
2010-01-21,3.465336322784424,4.139999866485596,0.0,4.179999828338623,4.119999885559082,4.159999847412109,0.0,2240700
2010-01-22,3.4485952854156494,4.119999885559082,0.0,4.139999866485596,4.059999942779541,4.059999942779541,0.0,791700
2010-01-25,3.3983726501464844,4.059999942779541,0.0,4.099999904632568,4.039999961853027,4.059999942779541,0.0,719900
2010-01-26,3.3983726501464844,4.059999942779541,0.0,4.099999904632568,4.059999942779541,4.079999923706055,0.0,607000
2010-01-27,3.3314099311828613,3.9800000190734863,0.0,4.079999923706055,3.9800000190734863,4.059999942779541,0.0,767600
2010-01-28,3.2309653759002686,3.859999895095825,0.0,4.019999980926514,3.8399999141693115,3.9800000190734863,0.0,850200
2010-01-29,3.2644472122192383,3.9000000953674316,0.0,3.9000000953674316,3.8399999141693115,3.8399999141693115,0.0,1812400
2010-02-01,3.2309653759002686,3.859999895095825,0.0,3.9000000953674316,3.8399999141693115,3.880000114440918,0.0,418700
2010-02-02,3.2309653759002686,3.859999895095825,0.0,3.9200000762939453,3.859999895095825,3.9000000953674316,0.0,622500
2010-02-03,3.29792857170105,3.940000057220459,0.0,3.9800000190734863,3.859999895095825,3.859999895095825,0.0,2278700
2010-02-04,3.3481502532958984,4.0,0.0,4.059999942779541,3.940000057220459,3.9800000190734863,0.0,2205300
2010-02-05,3.2811875343322754,3.9200000762939453,0.0,3.9600000381469727,3.9000000953674316,3.9600000381469727,0.0,603600
2010-02-08,3.2811875343322754,3.9200000762939453,0.0,3.9600000381469727,3.880000114440918,3.9000000953674316,0.0,561900
2010-02-09,3.247706174850464,3.880000114440918,0.0,3.9000000953674316,3.859999895095825,3.859999895095825,0.0,188300
2010-02-10,3.247706174850464,3.880000114440918,0.0,3.9200000762939453,3.880000114440918,3.9000000953674316,0.0,76000
2010-02-11,3.29792857170105,3.940000057220459,0.0,3.940000057220459,3.880000114440918,3.880000114440918,0.0,51600
2010-02-12,3.29792857170105,3.940000057220459,0.0,3.9800000190734863,3.940000057220459,3.940000057220459,0.0,121500
2010-02-15,3.247706174850464,3.880000114440918,0.0,3.940000057220459,3.880000114440918,3.940000057220459,0.0,668900
2010-02-16,3.2644472122192383,3.9000000953674316,0.0,3.9000000953674316,3.880000114440918,3.880000114440918,0.0,69200
2010-02-17,3.247706174850464,3.880000114440918,0.0,3.9200000762939453,3.880000114440918,3.9000000953674316,0.0,191900
2010-02-18,3.2644472122192383,3.9000000953674316,0.0,3.9000000953674316,3.880000114440918,3.9000000953674316,0.0,62200
2010-02-19,3.2644472122192383,3.9000000953674316,0.0,3.9000000953674316,3.880000114440918,3.880000114440918,0.0,93500
2010-02-22,3.2811875343322754,3.9200000762939453,0.0,3.9200000762939453,3.880000114440918,3.9000000953674316,0.0,79000
2010-02-23,3.314669370651245,3.9600000381469727,0.0,3.9600000381469727,3.9200000762939453,3.9200000762939453,0.0,146300
2010-02-24,3.2811875343322754,3.9200000762939453,0.0,3.9200000762939453,3.9000000953674316,3.9200000762939453,0.0,610400
2010-02-25,3.314669370651245,3.9600000381469727,0.0,3.9600000381469727,3.9200000762939453,3.940000057220459,0.0,307700
2010-02-26,3.3481502532958984,4.0,0.0,4.0,3.9200000762939453,3.9200000762939453,0.0,99300
2010-03-02,3.364891767501831,4.019999980926514,0.0,4.039999961853027,3.9600000381469727,3.9800000190734863,0.0,1673100
2010-03-03,3.431854248046875,4.099999904632568,0.0,4.139999866485596,4.059999942779541,4.059999942779541,0.0,1943800
2010-03-04,3.482077121734619,4.159999847412109,0.0,4.179999828338623,4.139999866485596,4.139999866485596,0.0,2864100
2010-03-05,3.4485952854156494,4.119999885559082,0.0,4.260000228881836,4.119999885559082,4.179999828338623,0.0,5409400
2010-03-08,3.381632089614868,4.039999961853027,0.0,4.139999866485596,4.039999961853027,4.119999885559082,0.0,722100
2010-03-09,3.364891767501831,4.019999980926514,0.0,4.059999942779541,3.9800000190734863,3.9800000190734863,0.0,1724500
2010-03-10,3.381632089614868,4.039999961853027,0.0,4.059999942779541,4.019999980926514,4.019999980926514,0.0,308600
2010-03-11,3.364891767501831,4.019999980926514,0.0,4.059999942779541,4.0,4.0,0.0,975800
2010-03-12,3.3983726501464844,4.059999942779541,0.0,4.059999942779541,4.0,4.039999961853027,0.0,454100
2010-03-15,3.364891767501831,4.019999980926514,0.0,4.039999961853027,3.9800000190734863,4.0,0.0,560500
2010-03-16,3.4485952854156494,4.119999885559082,0.0,4.139999866485596,4.019999980926514,4.019999980926514,0.0,1875300
2010-03-17,3.482077121734619,4.159999847412109,0.0,4.239999771118164,4.159999847412109,4.159999847412109,0.0,3449900
2010-03-18,3.465336322784424,4.139999866485596,0.0,4.159999847412109,4.119999885559082,4.159999847412109,0.0,2427300
2010-03-19,3.482077121734619,4.159999847412109,0.0,4.179999828338623,4.139999866485596,4.139999866485596,0.0,3277700
2010-03-22,3.465336322784424,4.139999866485596,0.0,4.179999828338623,4.139999866485596,4.159999847412109,0.0,3782000
2010-03-23,3.465336322784424,4.139999866485596,0.0,4.139999866485596,4.099999904632568,4.119999885559082,0.0,5016100
2010-03-24,3.4485952854156494,4.119999885559082,0.0,4.159999847412109,4.099999904632568,4.139999866485596,0.0,3640400
2010-03-25,3.4485952854156494,4.119999885559082,0.0,4.199999809265137,4.099999904632568,4.119999885559082,0.0,3382400
2010-03-26,3.465336322784424,4.139999866485596,0.0,4.159999847412109,4.119999885559082,4.119999885559082,0.0,4156700
2010-03-29,3.4485952854156494,4.119999885559082,0.0,4.159999847412109,4.119999885559082,4.139999866485596,0.0,5188600
2010-03-30,3.465336322784424,4.139999866485596,0.0,4.139999866485596,4.079999923706055,4.079999923706055,0.0,6161900
2010-03-31,3.4485952854156494,4.119999885559082,0.0,4.179999828338623,4.119999885559082,4.139999866485596,0.0,7914900
2010-04-01,3.4485952854156494,4.119999885559082,0.0,4.159999847412109,4.119999885559082,4.139999866485596,0.0,2556400
2010-04-02,3.465336322784424,4.139999866485596,0.0,4.139999866485596,4.119999885559082,4.119999885559082,0.0,2443000
2010-04-05,3.4151134490966797,4.079999923706055,0.0,4.099999904632568,4.039999961853027,4.079999923706055,0.0,2387200
2010-04-07,3.4151134490966797,4.079999923706055,0.0,4.099999904632568,4.059999942779541,4.099999904632568,0.0,1888200
2010-04-08,3.381632089614868,4.039999961853027,0.0,4.079999923706055,3.9800000190734863,4.079999923706055,0.0,2150600
2010-04-09,3.364891767501831,4.019999980926514,0.0,4.039999961853027,4.0,4.039999961853027,0.0,2937100
2010-04-12,3.2644472122192383,3.9000000953674316,0.0,3.940000057220459,3.8399999141693115,3.940000057220459,0.0,1323800
2010-04-16,3.2142245769500732,3.8399999141693115,0.0,3.9000000953674316,3.819999933242798,3.9000000953674316,0.0,2633200
2010-04-19,3.1640024185180664,3.7799999713897705,0.0,3.799999952316284,3.5999999046325684,3.7200000286102295,0.0,3970100
2010-04-20,3.197483539581299,3.819999933242798,0.0,3.819999933242798,3.700000047683716,3.759999990463257,0.0,2083200
2010-04-21,3.1640024185180664,3.7799999713897705,0.0,3.819999933242798,3.7200000286102295,3.799999952316284,0.0,2088200
2010-04-22,3.197483539581299,3.819999933242798,0.0,3.8399999141693115,3.759999990463257,3.7799999713897705,0.0,3046300
2010-04-23,3.147261142730713,3.759999990463257,0.0,3.799999952316284,3.740000009536743,3.799999952316284,0.0,1757000
2010-04-26,3.1807432174682617,3.799999952316284,0.0,3.880000114440918,3.759999990463257,3.759999990463257,0.0,5471300
2010-04-27,3.1807432174682617,3.799999952316284,0.0,3.799999952316284,3.759999990463257,3.799999952316284,0.0,3629400
2010-04-28,3.1807432174682617,3.799999952316284,0.0,3.8399999141693115,3.759999990463257,3.759999990463257,0.0,7154100
2010-04-29,3.197483539581299,3.819999933242798,0.0,3.9000000953674316,3.799999952316284,3.799999952316284,0.0,5834600
2010-04-30,3.2568540573120117,3.8399999141693115,0.05,3.859999895095825,3.799999952316284,3.819999933242798,0.0,4629500
2010-05-04,3.4095184803009033,4.019999980926514,0.0,4.059999942779541,3.9800000190734863,3.9800000190734863,0.0,4104200
2010-05-06,3.3925557136535645,4.0,0.0,4.019999980926514,3.9200000762939453,3.9200000762939453,0.0,3887600
2010-05-07,3.324704885482788,3.9200000762939453,0.0,3.940000057220459,3.880000114440918,3.9200000762939453,0.0,1269500
2010-05-10,3.358630657196045,3.9600000381469727,0.0,3.9800000190734863,3.859999895095825,3.859999895095825,0.0,4485900
2010-05-11,3.4095184803009033,4.019999980926514,0.0,4.079999923706055,3.9800000190734863,4.0,0.0,3800700
2010-05-12,3.341667890548706,3.940000057220459,0.0,4.0,3.9200000762939453,4.0,0.0,3100700
2010-05-13,3.30774188041687,3.9000000953674316,0.0,3.9800000190734863,3.9000000953674316,3.9800000190734863,0.0,2494800
2010-05-14,3.324704885482788,3.9200000762939453,0.0,3.9200000762939453,3.880000114440918,3.9000000953674316,0.0,1862400
2010-05-17,3.222928047180176,3.799999952316284,0.0,3.799999952316284,3.740000009536743,3.7799999713897705,0.0,3408900
2010-05-18,3.2568540573120117,3.8399999141693115,0.0,3.8399999141693115,3.7799999713897705,3.7799999713897705,0.0,2262200
2010-05-19,3.2738161087036133,3.859999895095825,0.0,3.859999895095825,3.799999952316284,3.819999933242798,0.0,1281300
2010-05-20,3.2738161087036133,3.859999895095825,0.0,3.859999895095825,3.859999895095825,3.859999895095825,0.0,0
2010-05-21,3.2738161087036133,3.859999895095825,0.0,3.859999895095825,3.859999895095825,3.859999895095825,0.0,0
2010-05-24,3.205965280532837,3.7799999713897705,0.0,3.7799999713897705,3.700000047683716,3.759999990463257,0.0,3512900
2010-05-25,3.1550772190093994,3.7200000286102295,0.0,3.759999990463257,3.7200000286102295,3.7200000286102295,0.0,4420200
2010-05-26,3.189002752304077,3.759999990463257,0.0,3.7799999713897705,3.700000047683716,3.7200000286102295,0.0,3556200
2010-05-27,3.2398905754089355,3.819999933242798,0.0,3.8399999141693115,3.759999990463257,3.7799999713897705,0.0,3858300
2010-05-31,3.2398905754089355,3.819999933242798,0.0,3.859999895095825,3.7799999713897705,3.7799999713897705,0.0,3298900
2010-06-01,3.205965280532837,3.7799999713897705,0.0,3.8399999141693115,3.7799999713897705,3.819999933242798,0.0,403600
2010-06-02,3.2568540573120117,3.8399999141693115,0.0,3.859999895095825,3.7799999713897705,3.819999933242798,0.0,1460000
2010-06-03,3.2738161087036133,3.859999895095825,0.0,3.9200000762939453,3.8399999141693115,3.859999895095825,0.0,3177100
2010-06-04,3.3755929470062256,3.9800000190734863,0.0,3.9800000190734863,3.9000000953674316,3.9000000953674316,0.0,5207600
2010-06-07,3.324704885482788,3.9200000762939453,0.0,3.9600000381469727,3.9000000953674316,3.9200000762939453,0.0,3216500
2010-06-08,3.324704885482788,3.9200000762939453,0.0,3.9800000190734863,3.9200000762939453,3.940000057220459,0.0,2859100
2010-06-09,3.30774188041687,3.9000000953674316,0.0,3.940000057220459,3.9000000953674316,3.9200000762939453,0.0,2637000
2010-06-10,3.324704885482788,3.9200000762939453,0.0,3.9600000381469727,3.880000114440918,3.9000000953674316,0.0,844200
2010-06-11,3.2907793521881104,3.880000114440918,0.0,3.9600000381469727,3.880000114440918,3.9600000381469727,0.0,1138000
2010-06-14,3.30774188041687,3.9000000953674316,0.0,3.9000000953674316,3.880000114440918,3.9000000953674316,0.0,914200
2010-06-15,3.341667890548706,3.940000057220459,0.0,3.9800000190734863,3.9200000762939453,3.940000057220459,0.0,1334500
2010-06-16,3.324704885482788,3.9200000762939453,0.0,3.9600000381469727,3.9200000762939453,3.9600000381469727,0.0,974300
2010-06-17,3.324704885482788,3.9200000762939453,0.0,3.9600000381469727,3.9200000762939453,3.940000057220459,0.0,1404700
2010-06-18,3.30774188041687,3.9000000953674316,0.0,3.940000057220459,3.9000000953674316,3.9200000762939453,0.0,1610500
2010-06-21,3.341667890548706,3.940000057220459,0.0,3.940000057220459,3.9000000953674316,3.9200000762939453,0.0,822500
2010-06-22,3.324704885482788,3.9200000762939453,0.0,3.940000057220459,3.9000000953674316,3.940000057220459,0.0,666200
2010-06-23,3.358630657196045,3.9600000381469727,0.0,3.9600000381469727,3.940000057220459,3.940000057220459,0.0,399500
2010-06-24,3.324704885482788,3.9200000762939453,0.0,3.9600000381469727,3.9200000762939453,3.940000057220459,0.0,394000
2010-06-25,3.324704885482788,3.9200000762939453,0.0,3.940000057220459,3.9000000953674316,3.9000000953674316,0.0,1181600
2010-06-28,3.324704885482788,3.9200000762939453,0.0,3.9200000762939453,3.9000000953674316,3.9000000953674316,0.0,1294500
2010-06-29,3.324704885482788,3.9200000762939453,0.0,3.940000057220459,3.9000000953674316,3.9200000762939453,0.0,971600
2010-06-30,3.358630657196045,3.9600000381469727,0.0,3.9600000381469727,3.9000000953674316,3.9200000762939453,0.0,686400
2010-07-02,3.477369785308838,4.099999904632568,0.0,4.139999866485596,3.940000057220459,3.940000057220459,0.0,6259600
2010-07-05,3.5282583236694336,4.159999847412109,0.0,4.199999809265137,4.079999923706055,4.079999923706055,0.0,3636700
2010-07-06,3.5282583236694336,4.159999847412109,0.0,4.159999847412109,4.119999885559082,4.139999866485596,0.0,1595400
2010-07-07,3.7657370567321777,4.440000057220459,0.0,4.460000038146973,4.159999847412109,4.179999828338623,0.0,11445100
2010-07-08,3.9184019565582275,4.619999885559082,0.0,4.71999979019165,4.460000038146973,4.460000038146973,0.0,11429800
2010-07-09,4.0710673332214355,4.800000190734863,0.0,4.880000114440918,4.659999847412109,4.659999847412109,0.0,8733500
2010-07-12,4.00321626663208,4.71999979019165,0.0,4.820000171661377,4.619999885559082,4.820000171661377,0.0,3766400
2010-07-13,3.9353644847869873,4.639999866485596,0.0,4.800000190734863,4.639999866485596,4.699999809265137,0.0,3431200
2010-07-14,3.9353644847869873,4.639999866485596,0.0,4.699999809265137,4.619999885559082,4.659999847412109,0.0,574000
2010-07-15,3.9184019565582275,4.619999885559082,0.0,4.659999847412109,4.619999885559082,4.639999866485596,0.0,1189700
2010-07-16,3.9014389514923096,4.599999904632568,0.0,4.639999866485596,4.579999923706055,4.599999904632568,0.0,1305800
2010-07-19,3.9692907333374023,4.679999828338623,0.0,4.679999828338623,4.539999961853027,4.579999923706055,0.0,2337700
2010-07-20,4.00321626663208,4.71999979019165,0.0,4.820000171661377,4.679999828338623,4.760000228881836,0.0,4015400
2010-07-21,4.088029384613037,4.820000171661377,0.0,4.840000152587891,4.739999771118164,4.739999771118164,0.0,2583000
2010-07-22,4.155880928039551,4.900000095367432,0.0,4.980000019073486,4.820000171661377,4.840000152587891,0.0,2614800
2010-07-23,4.3255085945129395,5.099999904632568,0.0,5.099999904632568,4.920000076293945,4.920000076293945,0.0,4555800
2010-07-27,4.283102512359619,5.050000190734863,0.0,5.150000095367432,5.0,5.099999904632568,0.0,1323800
2010-07-28,4.410323143005371,5.199999809265137,0.0,5.349999904632568,5.099999904632568,5.099999904632568,0.0,1927300
2010-07-29,4.410323143005371,5.199999809265137,0.0,5.25,5.150000095367432,5.150000095367432,0.0,1431300
2010-07-30,4.410323143005371,5.199999809265137,0.0,5.25,5.199999809265137,5.199999809265137,0.0,1497800
2010-08-02,4.579949855804443,5.400000095367432,0.0,5.400000095367432,5.199999809265137,5.199999809265137,0.0,1804000
2010-08-03,4.74957799911499,5.599999904632568,0.0,5.699999809265137,5.5,5.5,0.0,1915400
2010-08-04,4.791985511779785,5.650000095367432,0.0,5.650000095367432,5.550000190734863,5.650000095367432,0.0,2000100
2010-08-05,4.664764404296875,5.5,0.0,5.699999809265137,5.5,5.599999904632568,0.0,3168700
2010-08-06,4.791985511779785,5.650000095367432,0.0,5.650000095367432,5.5,5.550000190734863,0.0,4141800
2010-08-09,4.791985511779785,5.650000095367432,0.0,5.75,5.650000095367432,5.650000095367432,0.0,2763700
2010-08-10,4.62235689163208,5.449999809265137,0.0,5.650000095367432,5.400000095367432,5.650000095367432,0.0,698500
2010-08-11,4.579949855804443,5.400000095367432,0.0,5.449999809265137,5.349999904632568,5.400000095367432,0.0,2243900
2010-08-16,4.4951372146606445,5.300000190734863,0.0,5.449999809265137,5.25,5.400000095367432,0.0,3302000
2010-08-17,4.45272970199585,5.25,0.0,5.349999904632568,5.199999809265137,5.300000190734863,0.0,2967000
2010-08-18,4.579949855804443,5.400000095367432,0.0,5.400000095367432,5.25,5.25,0.0,2420100
2010-08-19,4.664764404296875,5.5,0.0,5.699999809265137,5.400000095367432,5.5,0.0,4178200
2010-08-20,4.664764404296875,5.5,0.0,5.650000095367432,5.449999809265137,5.5,0.0,1746300
2010-08-23,4.579949855804443,5.400000095367432,0.0,5.550000190734863,5.400000095367432,5.5,0.0,2849200
2010-08-24,4.664764404296875,5.5,0.0,5.5,5.349999904632568,5.400000095367432,0.0,1441800
2010-08-25,4.537543773651123,5.349999904632568,0.0,5.5,5.349999904632568,5.449999809265137,0.0,2199300
2010-08-26,4.8767991065979,5.75,0.0,5.75,5.349999904632568,5.400000095367432,0.0,6095300
2010-08-27,4.961612701416016,5.849999904632568,0.0,5.949999809265137,5.75,5.75,0.0,4198600
2010-08-30,4.707171440124512,5.550000190734863,0.0,5.949999809265137,5.550000190734863,5.900000095367432,0.0,6045000
2010-08-31,4.834392070770264,5.699999809265137,0.0,5.75,5.5,5.550000190734863,0.0,8669100
2010-09-01,4.791985511779785,5.650000095367432,0.0,5.75,5.650000095367432,5.699999809265137,0.0,1678100
2010-09-02,4.791985511779785,5.650000095367432,0.0,5.800000190734863,5.650000095367432,5.699999809265137,0.0,1936800
2010-09-03,4.791985511779785,5.650000095367432,0.0,5.699999809265137,5.550000190734863,5.699999809265137,0.0,1900500
2010-09-06,4.707171440124512,5.550000190734863,0.0,5.699999809265137,5.550000190734863,5.650000095367432,0.0,3187500
2010-09-07,4.537543773651123,5.349999904632568,0.0,5.5,5.349999904632568,5.5,0.0,2089200
2010-09-08,4.4951372146606445,5.300000190734863,0.0,5.349999904632568,5.199999809265137,5.349999904632568,0.0,1461300
2010-09-09,4.45272970199585,5.25,0.0,5.300000190734863,5.199999809265137,5.199999809265137,0.0,1293600
2010-09-10,4.3255085945129395,5.099999904632568,0.0,5.199999809265137,5.050000190734863,5.199999809265137,0.0,1749500
2010-09-13,4.283102512359619,5.050000190734863,0.0,5.150000095367432,5.0,5.099999904632568,0.0,2789400
2010-09-14,4.223731517791748,4.980000019073486,0.0,5.050000190734863,4.980000019073486,5.050000190734863,0.0,1956700
2010-09-15,4.223731517791748,4.980000019073486,0.0,5.050000190734863,4.960000038146973,5.0,0.0,2110300
2010-09-16,4.664764404296875,5.5,0.0,5.5,4.960000038146973,4.960000038146973,0.0,14531600
2010-09-17,4.579949855804443,5.400000095367432,0.0,5.599999904632568,5.349999904632568,5.400000095367432,0.0,4773100
2010-09-20,4.579949855804443,5.400000095367432,0.0,5.550000190734863,5.400000095367432,5.5,0.0,3268200
2010-09-21,4.537543773651123,5.349999904632568,0.0,5.5,5.25,5.449999809265137,0.0,3458900
2010-09-22,4.4951372146606445,5.300000190734863,0.0,5.400000095367432,5.25,5.349999904632568,0.0,2412300
2010-09-23,4.4951372146606445,5.300000190734863,0.0,5.400000095367432,5.300000190734863,5.300000190734863,0.0,2633200
2010-09-24,4.410323143005371,5.199999809265137,0.0,5.25,5.050000190734863,5.25,0.0,3358100
2010-09-27,4.410323143005371,5.199999809265137,0.0,5.25,5.150000095367432,5.199999809265137,0.0,6478200
2010-09-28,4.579949855804443,5.400000095367432,0.0,5.5,5.300000190734863,5.300000190734863,0.0,9443100
2010-09-29,4.579949855804443,5.400000095367432,0.0,5.550000190734863,5.400000095367432,5.5,0.0,4792800
2010-09-30,4.664764404296875,5.5,0.0,5.5,5.349999904632568,5.400000095367432,0.0,7128600
2010-10-01,4.8767991065979,5.75,0.0,5.75,5.449999809265137,5.449999809265137,0.0,8106500
2010-10-04,4.4951372146606445,5.300000190734863,0.0,5.849999904632568,5.300000190734863,5.849999904632568,0.0,4822600
2010-10-05,4.707171440124512,5.550000190734863,0.0,5.650000095367432,5.25,5.349999904632568,0.0,6737400
2010-10-06,4.707171440124512,5.550000190734863,0.0,5.650000095367432,5.5,5.550000190734863,0.0,1795800
2010-10-07,4.537543773651123,5.349999904632568,0.0,5.550000190734863,5.300000190734863,5.550000190734863,0.0,3851800
2010-10-08,4.3255085945129395,5.099999904632568,0.0,5.349999904632568,5.0,5.349999904632568,0.0,7222400
2010-10-11,4.3255085945129395,5.099999904632568,0.0,5.25,5.0,5.050000190734863,0.0,3697800
2010-10-12,4.283102512359619,5.050000190734863,0.0,5.150000095367432,5.050000190734863,5.150000095367432,0.0,2408200
2010-10-13,4.410323143005371,5.199999809265137,0.0,5.199999809265137,5.099999904632568,5.099999904632568,0.0,5178700
2010-10-14,4.367916107177734,5.150000095367432,0.0,5.199999809265137,5.150000095367432,5.199999809265137,0.0,1251500
2010-10-15,4.240694522857666,5.0,0.0,5.150000095367432,5.0,5.099999904632568,0.0,3757200
2010-10-18,4.283102512359619,5.050000190734863,0.0,5.150000095367432,5.0,5.0,0.0,1585800
2010-10-19,4.240694522857666,5.0,0.0,5.050000190734863,5.0,5.050000190734863,0.0,1433600
2010-10-20,4.3255085945129395,5.099999904632568,0.0,5.099999904632568,5.0,5.0,0.0,343400
2010-10-21,4.283102512359619,5.050000190734863,0.0,5.099999904632568,5.050000190734863,5.050000190734863,0.0,2017500
2010-10-22,4.283102512359619,5.050000190734863,0.0,5.199999809265137,5.050000190734863,5.050000190734863,0.0,1775200
2010-10-26,4.3255085945129395,5.099999904632568,0.0,5.150000095367432,5.050000190734863,5.150000095367432,0.0,3172600
2010-10-27,4.3255085945129395,5.099999904632568,0.0,5.150000095367432,5.099999904632568,5.150000095367432,0.0,2233700
2010-10-28,4.3255085945129395,5.099999904632568,0.0,5.199999809265137,5.050000190734863,5.099999904632568,0.0,3570300
2010-10-29,4.283102512359619,5.050000190734863,0.0,5.099999904632568,5.0,5.050000190734863,0.0,1274100
2010-11-01,4.283102512359619,5.050000190734863,0.0,5.099999904632568,5.050000190734863,5.050000190734863,0.0,534800
2010-11-02,4.240694522857666,5.0,0.0,5.099999904632568,4.980000019073486,5.050000190734863,0.0,1694300
2010-11-03,4.0710673332214355,4.800000190734863,0.0,5.0,4.800000190734863,5.0,0.0,5065900
2010-11-04,4.0710673332214355,4.800000190734863,0.0,4.880000114440918,4.800000190734863,4.840000152587891,0.0,1768600
2010-11-05,4.037141799926758,4.760000228881836,0.0,4.800000190734863,4.699999809265137,4.800000190734863,0.0,1649200
2010-11-08,4.088029384613037,4.820000171661377,0.0,4.860000133514404,4.739999771118164,4.760000228881836,0.0,4352600
2010-11-09,4.00321626663208,4.71999979019165,0.0,4.820000171661377,4.71999979019165,4.820000171661377,0.0,4157800
2010-11-10,4.00321626663208,4.71999979019165,0.0,4.760000228881836,4.699999809265137,4.71999979019165,0.0,2730100
2010-11-11,3.952326774597168,4.659999847412109,0.0,4.71999979019165,4.579999923706055,4.71999979019165,0.0,2531200
2010-11-12,3.816624879837036,4.5,0.0,4.599999904632568,4.460000038146973,4.599999904632568,0.0,1883300
2010-11-15,3.986253261566162,4.699999809265137,0.0,4.699999809265137,4.5,4.5,0.0,984400
2010-11-16,3.9014389514923096,4.599999904632568,0.0,4.71999979019165,4.599999904632568,4.679999828338623,0.0,251600
2010-11-17,4.020179271697998,4.739999771118164,0.0,4.739999771118164,4.5,4.539999961853027,0.0,382700
2010-11-18,4.00321626663208,4.71999979019165,0.0,4.760000228881836,4.679999828338623,4.760000228881836,0.0,362300
2010-11-19,3.986253261566162,4.699999809265137,0.0,4.760000228881836,4.679999828338623,4.71999979019165,0.0,882000
2010-11-22,3.986253261566162,4.699999809265137,0.0,4.71999979019165,4.699999809265137,4.71999979019165,0.0,134100
2010-11-23,3.952326774597168,4.659999847412109,0.0,4.71999979019165,4.619999885559082,4.699999809265137,0.0,456500
2010-11-24,3.9692907333374023,4.679999828338623,0.0,4.679999828338623,4.619999885559082,4.619999885559082,0.0,146300
2010-11-25,3.9184019565582275,4.619999885559082,0.0,4.699999809265137,4.619999885559082,4.699999809265137,0.0,292700
2010-11-26,3.9014389514923096,4.599999904632568,0.0,4.639999866485596,4.519999980926514,4.639999866485596,0.0,198600
2010-11-29,3.9353644847869873,4.639999866485596,0.0,4.659999847412109,4.599999904632568,4.599999904632568,0.0,209300
2010-11-30,3.9184019565582275,4.619999885559082,0.0,4.639999866485596,4.619999885559082,4.639999866485596,0.0,289000
2010-12-01,3.9014389514923096,4.599999904632568,0.0,4.659999847412109,4.599999904632568,4.619999885559082,0.0,1016700
2010-12-02,4.037141799926758,4.760000228881836,0.0,4.760000228881836,4.639999866485596,4.639999866485596,0.0,3968400
2010-12-03,4.155880928039551,4.900000095367432,0.0,4.900000095367432,4.78000020980835,4.78000020980835,0.0,5223000
2010-12-07,4.037141799926758,4.760000228881836,0.0,4.920000076293945,4.71999979019165,4.920000076293945,0.0,5231600
2010-12-08,4.0710673332214355,4.800000190734863,0.0,4.840000152587891,4.739999771118164,4.78000020980835,0.0,1628000
2010-12-09,4.104992866516113,4.840000152587891,0.0,4.860000133514404,4.820000171661377,4.860000133514404,0.0,1706500
2010-12-13,4.088029384613037,4.820000171661377,0.0,4.900000095367432,4.78000020980835,4.900000095367432,0.0,3086300
2010-12-14,4.155880928039551,4.900000095367432,0.0,4.960000038146973,4.840000152587891,4.860000133514404,0.0,4497000
2010-12-15,4.410323143005371,5.199999809265137,0.0,5.199999809265137,4.920000076293945,4.940000057220459,0.0,12254600
2010-12-16,4.283102512359619,5.050000190734863,0.0,5.25,5.050000190734863,5.199999809265137,0.0,4004100
2010-12-17,4.240694522857666,5.0,0.0,5.099999904632568,5.0,5.050000190734863,0.0,1623500
2010-12-20,4.155880928039551,4.900000095367432,0.0,5.099999904632568,4.900000095367432,5.0,0.0,3515100
2010-12-21,4.2067694664001465,4.960000038146973,0.0,5.050000190734863,4.920000076293945,4.920000076293945,0.0,3932200
2010-12-22,4.2067694664001465,4.960000038146973,0.0,5.0,4.960000038146973,4.960000038146973,0.0,1402100
2010-12-23,4.223731517791748,4.980000019073486,0.0,5.050000190734863,4.960000038146973,4.960000038146973,0.0,1653700
2010-12-24,4.2067694664001465,4.960000038146973,0.0,5.050000190734863,4.920000076293945,4.940000057220459,0.0,2687000
2010-12-27,4.223731517791748,4.980000019073486,0.0,5.099999904632568,4.960000038146973,5.0,0.0,1304200
2010-12-28,4.223731517791748,4.980000019073486,0.0,5.099999904632568,4.980000019073486,5.0,0.0,1539600
2010-12-29,4.240694522857666,5.0,0.0,5.099999904632568,5.0,5.0,0.0,1669400
2010-12-30,4.2067694664001465,4.960000038146973,0.0,5.050000190734863,4.960000038146973,5.050000190734863,0.0,580800
2011-01-04,4.223731517791748,4.980000019073486,0.0,5.050000190734863,4.960000038146973,5.0,0.0,1127800
2011-01-05,4.155880928039551,4.900000095367432,0.0,5.0,4.860000133514404,5.0,0.0,2915700
2011-01-06,4.172843933105469,4.920000076293945,0.0,4.960000038146973,4.900000095367432,4.940000057220459,0.0,1643300
2011-01-07,4.172843933105469,4.920000076293945,0.0,4.960000038146973,4.880000114440918,4.920000076293945,0.0,1609400
2011-01-10,4.0710673332214355,4.800000190734863,0.0,4.900000095367432,4.800000190734863,4.900000095367432,0.0,1225400
2011-01-11,4.037141799926758,4.760000228881836,0.0,4.78000020980835,4.699999809265137,4.739999771118164,0.0,1191500
2011-01-12,4.037141799926758,4.760000228881836,0.0,4.820000171661377,4.739999771118164,4.760000228881836,0.0,441300
2011-01-13,4.0710673332214355,4.800000190734863,0.0,4.880000114440918,4.739999771118164,4.760000228881836,0.0,4010400
2011-01-14,4.0710673332214355,4.800000190734863,0.0,4.880000114440918,4.800000190734863,4.820000171661377,0.0,3863700
2011-01-17,4.0710673332214355,4.800000190734863,0.0,4.820000171661377,4.739999771118164,4.800000190734863,0.0,2687400
2011-01-18,4.088029384613037,4.820000171661377,0.0,4.860000133514404,4.78000020980835,4.800000190734863,0.0,3530500
2011-01-19,4.155880928039551,4.900000095367432,0.0,4.940000057220459,4.840000152587891,4.860000133514404,0.0,4328200
2011-01-20,4.172843933105469,4.920000076293945,0.0,5.050000190734863,4.880000114440918,4.880000114440918,0.0,5721800
2011-01-21,4.088029384613037,4.820000171661377,0.0,4.980000019073486,4.820000171661377,4.900000095367432,0.0,4807000
2011-01-24,3.952326774597168,4.659999847412109,0.0,4.800000190734863,4.639999866485596,4.800000190734863,0.0,5019100
2011-01-25,3.8335883617401123,4.519999980926514,0.0,4.71999979019165,4.5,4.599999904632568,0.0,5185700
2011-01-26,3.9014389514923096,4.599999904632568,0.0,4.659999847412109,4.440000057220459,4.539999961853027,0.0,6773600
2011-01-27,3.867513656616211,4.559999942779541,0.0,4.679999828338623,4.559999942779541,4.599999904632568,0.0,5333300
2011-01-28,3.952326774597168,4.659999847412109,0.0,4.659999847412109,4.480000019073486,4.579999923706055,0.0,10203500
2011-01-31,3.9184019565582275,4.619999885559082,0.0,4.659999847412109,4.579999923706055,4.599999904632568,0.0,4231600
2011-02-01,3.9014389514923096,4.599999904632568,0.0,4.679999828338623,4.559999942779541,4.619999885559082,0.0,2801800
2011-02-02,3.9353644847869873,4.639999866485596,0.0,4.659999847412109,4.599999904632568,4.599999904632568,0.0,2012800
2011-02-03,3.9184019565582275,4.619999885559082,0.0,4.639999866485596,4.579999923706055,4.619999885559082,0.0,758700
2011-02-04,3.952326774597168,4.659999847412109,0.0,4.699999809265137,4.599999904632568,4.599999904632568,0.0,4165100
2011-02-07,3.952326774597168,4.659999847412109,0.0,4.659999847412109,4.599999904632568,4.659999847412109,0.0,1786500
2011-02-08,3.9692907333374023,4.679999828338623,0.0,4.679999828338623,4.639999866485596,4.659999847412109,0.0,2210000
2011-02-09,3.9353644847869873,4.639999866485596,0.0,4.739999771118164,4.639999866485596,4.679999828338623,0.0,3039300
2011-02-10,3.8505513668060303,4.539999961853027,0.0,4.71999979019165,4.539999961853027,4.699999809265137,0.0,1208800
2011-02-11,3.867513656616211,4.559999942779541,0.0,4.559999942779541,4.519999980926514,4.519999980926514,0.0,2297000
2011-02-14,3.9014389514923096,4.599999904632568,0.0,4.679999828338623,4.579999923706055,4.579999923706055,0.0,3084900
2011-02-15,3.9014389514923096,4.599999904632568,0.0,4.699999809265137,4.599999904632568,4.599999904632568,0.0,583900
2011-02-16,3.986253261566162,4.699999809265137,0.0,4.699999809265137,4.599999904632568,4.599999904632568,0.0,4243900
2011-02-17,3.9692907333374023,4.679999828338623,0.0,4.71999979019165,4.659999847412109,4.679999828338623,0.0,4494800
2011-02-18,3.9692907333374023,4.679999828338623,0.0,4.679999828338623,4.679999828338623,4.679999828338623,0.0,0
2011-02-21,4.00321626663208,4.71999979019165,0.0,4.760000228881836,4.699999809265137,4.699999809265137,0.0,4801800
2011-02-22,3.986253261566162,4.699999809265137,0.0,4.699999809265137,4.679999828338623,4.679999828338623,0.0,2193300
2011-02-23,4.020179271697998,4.739999771118164,0.0,4.800000190734863,4.679999828338623,4.699999809265137,0.0,5774300
2011-02-24,4.037141799926758,4.760000228881836,0.0,4.820000171661377,4.699999809265137,4.760000228881836,0.0,6227800
2011-02-25,4.037141799926758,4.760000228881836,0.0,4.800000190734863,4.739999771118164,4.760000228881836,0.0,2904700
2011-02-28,3.9184019565582275,4.619999885559082,0.0,4.800000190734863,4.599999904632568,4.78000020980835,0.0,3244900
2011-03-01,3.986253261566162,4.699999809265137,0.0,4.699999809265137,4.619999885559082,4.639999866485596,0.0,2598800
2011-03-02,3.9692907333374023,4.679999828338623,0.0,4.71999979019165,4.639999866485596,4.699999809265137,0.0,2301500
2011-03-03,3.986253261566162,4.699999809265137,0.0,4.71999979019165,4.679999828338623,4.71999979019165,0.0,2068600
2011-03-04,4.155880928039551,4.900000095367432,0.0,4.960000038146973,4.699999809265137,4.71999979019165,0.0,8180400
2011-03-07,4.189806938171387,4.940000057220459,0.0,5.0,4.880000114440918,4.900000095367432,0.0,4353000
2011-03-08,4.223731517791748,4.980000019073486,0.0,5.050000190734863,4.940000057220459,4.940000057220459,0.0,3466000
2011-03-09,4.283102512359619,5.050000190734863,0.0,5.099999904632568,5.0,5.0,0.0,2578700
2011-03-10,4.3255085945129395,5.099999904632568,0.0,5.099999904632568,5.0,5.050000190734863,0.0,3120100
2011-03-11,4.223731517791748,4.980000019073486,0.0,5.099999904632568,4.920000076293945,5.099999904632568,0.0,2280300
2011-03-14,4.2067694664001465,4.960000038146973,0.0,4.980000019073486,4.940000057220459,4.960000038146973,0.0,3852800
2011-03-15,4.189806938171387,4.940000057220459,0.0,4.980000019073486,4.940000057220459,4.960000038146973,0.0,2733700
2011-03-16,4.240694522857666,5.0,0.0,5.050000190734863,4.960000038146973,4.960000038146973,0.0,2994700
2011-03-17,4.223731517791748,4.980000019073486,0.0,5.050000190734863,4.960000038146973,5.0,0.0,1849900
2011-03-21,4.240694522857666,5.0,0.0,5.050000190734863,4.980000019073486,5.0,0.0,855800
2011-03-22,4.223731517791748,4.980000019073486,0.0,5.050000190734863,4.960000038146973,5.0,0.0,4529200
2011-03-23,4.223731517791748,4.980000019073486,0.0,5.0,4.960000038146973,5.0,0.0,806900
2011-03-24,4.2067694664001465,4.960000038146973,0.0,5.0,4.940000057220459,5.0,0.0,1799200
2011-03-25,4.223731517791748,4.980000019073486,0.0,5.0,4.940000057220459,5.0,0.0,2969900
2011-03-28,4.240694522857666,5.0,0.0,5.0,4.960000038146973,4.980000019073486,0.0,2654300
2011-03-29,4.240694522857666,5.0,0.0,5.050000190734863,4.980000019073486,4.980000019073486,0.0,2885600
2011-03-30,4.4951372146606445,5.300000190734863,0.0,5.300000190734863,5.050000190734863,5.050000190734863,0.0,8485300
2011-03-31,4.410323143005371,5.199999809265137,0.0,5.349999904632568,5.199999809265137,5.349999904632568,0.0,2717300
2011-04-01,4.537543773651123,5.349999904632568,0.0,5.349999904632568,5.199999809265137,5.25,0.0,2894800
2011-04-04,4.45272970199585,5.25,0.0,5.349999904632568,5.25,5.349999904632568,0.0,1491700
2011-04-05,4.4951372146606445,5.300000190734863,0.0,5.349999904632568,5.25,5.25,0.0,1398400
2011-04-07,4.664764404296875,5.5,0.0,5.550000190734863,5.349999904632568,5.349999904632568,0.0,4965400
2011-04-08,4.62235689163208,5.449999809265137,0.0,5.550000190734863,5.400000095367432,5.5,0.0,3114800
2011-04-11,4.62235689163208,5.449999809265137,0.0,5.5,5.400000095367432,5.5,0.0,3830400
2011-04-12,4.74957799911499,5.599999904632568,0.0,5.650000095367432,5.400000095367432,5.449999809265137,0.0,3372100
2011-04-18,4.961612701416016,5.849999904632568,0.0,5.900000095367432,5.599999904632568,5.599999904632568,0.0,7430400
2011-04-19,5.004019737243652,5.900000095367432,0.0,5.900000095367432,5.800000190734863,5.849999904632568,0.0,1384300
2011-04-20,5.25846004486084,6.199999809265137,0.0,6.199999809265137,5.849999904632568,5.849999904632568,0.0,6653800
2011-04-21,5.470495223999023,6.449999809265137,0.0,6.550000190734863,6.199999809265137,6.199999809265137,0.0,9125000
2011-04-22,5.428089618682861,6.400000095367432,0.0,6.5,6.25,6.5,0.0,1100500
2011-04-25,5.25846004486084,6.199999809265137,0.0,6.400000095367432,6.050000190734863,6.400000095367432,0.0,2780300
2011-04-26,5.216054439544678,6.150000095367432,0.0,6.150000095367432,6.050000190734863,6.150000095367432,0.0,1924700
2011-04-27,5.25846004486084,6.199999809265137,0.0,6.349999904632568,6.099999904632568,6.150000095367432,0.0,1214100
2011-04-28,5.173647403717041,6.099999904632568,0.0,6.25,6.099999904632568,6.199999809265137,0.0,1558700
2011-04-29,5.173647880554199,6.050000190734863,0.05,6.099999904632568,5.949999809265137,6.0,0.0,2427500
2011-05-03,5.173647880554199,6.050000190734863,0.0,6.199999809265137,5.949999809265137,6.050000190734863,0.0,2863400
2011-05-04,5.259162425994873,6.150000095367432,0.0,6.150000095367432,6.0,6.050000190734863,0.0,2137200
2011-05-06,5.387434482574463,6.300000190734863,0.0,6.349999904632568,6.099999904632568,6.099999904632568,0.0,4814900
2011-05-09,5.686736583709717,6.650000095367432,0.0,6.699999809265137,6.349999904632568,6.349999904632568,0.0,7069700
2011-05-10,5.772252082824707,6.75,0.0,7.0,6.699999809265137,6.75,0.0,7308900
2011-05-11,5.857767105102539,6.849999904632568,0.0,7.050000190734863,6.800000190734863,6.800000190734863,0.0,3375100
2011-05-12,5.943281173706055,6.949999809265137,0.0,6.949999809265137,6.849999904632568,6.849999904632568,0.0,958600
2011-05-13,6.071553707122803,7.099999904632568,0.0,7.099999904632568,6.900000095367432,6.900000095367432,0.0,3185000
2011-05-18,6.456369876861572,7.550000190734863,0.0,7.849999904632568,7.349999904632568,7.349999904632568,0.0,9568500
2011-05-19,6.199825763702393,7.25,0.0,7.650000095367432,7.099999904632568,7.650000095367432,0.0,4123200
2011-05-20,6.199825763702393,7.25,0.0,7.400000095367432,7.150000095367432,7.400000095367432,0.0,2544400
2011-05-23,5.943281173706055,6.949999809265137,0.0,7.300000190734863,6.849999904632568,7.300000190734863,0.0,4341100
2011-05-24,5.986038684844971,7.0,0.0,7.050000190734863,7.0,7.0,0.0,1264600
2011-05-25,6.071553707122803,7.099999904632568,0.0,7.25,7.0,7.0,0.0,2361200
2011-05-26,6.413612365722656,7.5,0.0,7.599999904632568,7.099999904632568,7.150000095367432,0.0,7119900
2011-05-27,6.627399921417236,7.75,0.0,7.949999809265137,7.5,7.5,0.0,7302900
2011-05-30,6.71291446685791,7.849999904632568,0.0,7.949999809265137,7.75,7.849999904632568,0.0,3511800
2011-05-31,6.926701545715332,8.100000381469727,0.0,8.25,7.900000095367432,7.949999809265137,0.0,11459500
2011-06-01,6.883944034576416,8.050000190734863,0.0,8.149999618530273,7.900000095367432,8.100000381469727,0.0,3334300
2011-06-02,6.926701545715332,8.100000381469727,0.0,8.100000381469727,7.849999904632568,7.849999904632568,0.0,2255600
2011-06-03,6.8411865234375,8.0,0.0,8.350000381469727,8.0,8.0,0.0,6197200
2011-06-06,6.755671977996826,7.900000095367432,0.0,8.050000190734863,7.800000190734863,8.050000190734863,0.0,1714100
2011-06-07,6.499127388000488,7.599999904632568,0.0,7.900000095367432,7.449999809265137,7.900000095367432,0.0,3018400
2011-06-08,6.499127388000488,7.599999904632568,0.0,7.599999904632568,7.199999809265137,7.5,0.0,4843800
2011-06-09,6.499127388000488,7.599999904632568,0.0,7.650000095367432,7.150000095367432,7.400000095367432,0.0,4490400
2011-06-10,6.584641933441162,7.699999809265137,0.0,7.699999809265137,7.5,7.650000095367432,0.0,1239400
2011-06-13,6.285340309143066,7.349999904632568,0.0,7.650000095367432,7.349999904632568,7.550000190734863,0.0,1720200
2011-06-14,6.370855331420898,7.449999809265137,0.0,7.5,7.300000190734863,7.300000190734863,0.0,1869200
2011-06-15,6.370855331420898,7.449999809265137,0.0,7.550000190734863,7.449999809265137,7.5,0.0,2286200
2011-06-16,6.370855331420898,7.449999809265137,0.0,7.449999809265137,7.25,7.300000190734863,0.0,2806300
2011-06-17,6.456369876861572,7.550000190734863,0.0,7.599999904632568,7.300000190734863,7.449999809265137,0.0,2197600
2011-06-20,6.413612365722656,7.5,0.0,7.550000190734863,7.5,7.5,0.0,518500
2011-06-21,6.5418853759765625,7.650000095367432,0.0,7.849999904632568,7.5,7.550000190734863,0.0,2640500
2011-06-22,6.499127388000488,7.599999904632568,0.0,7.800000190734863,7.599999904632568,7.650000095367432,0.0,2345600
2011-06-23,6.627399921417236,7.75,0.0,7.800000190734863,7.550000190734863,7.599999904632568,0.0,2061100
2011-06-24,6.798428058624268,7.949999809265137,0.0,8.050000190734863,7.800000190734863,7.849999904632568,0.0,3091600
2011-06-27,6.71291446685791,7.849999904632568,0.0,8.149999618530273,7.800000190734863,7.949999809265137,0.0,1907100
2011-06-28,6.627399921417236,7.75,0.0,7.849999904632568,7.75,7.849999904632568,0.0,476400
2011-06-29,6.798428058624268,7.949999809265137,0.0,7.949999809265137,7.800000190734863,7.849999904632568,0.0,848100
2011-06-30,7.14048957824707,8.350000381469727,0.0,8.350000381469727,7.949999809265137,7.949999809265137,0.0,9359600
2011-07-04,7.226003170013428,8.449999809265137,0.0,8.600000381469727,8.300000190734863,8.600000381469727,0.0,4521900
2011-07-05,7.183244705200195,8.399999618530273,0.0,8.550000190734863,8.350000381469727,8.5,0.0,1122800
2011-07-06,7.397032737731934,8.649999618530273,0.0,8.649999618530273,8.350000381469727,8.350000381469727,0.0,2425600
2011-07-07,7.696334362030029,9.0,0.0,9.0,8.600000381469727,8.649999618530273,0.0,6264400
2011-07-08,7.952877998352051,9.300000190734863,0.0,9.300000190734863,8.949999809265137,9.050000190734863,0.0,5010800
2011-07-11,7.9956374168396,9.350000381469727,0.0,9.5,9.199999809265137,9.300000190734863,0.0,3634000
2011-07-12,7.653579235076904,8.949999809265137,0.0,9.25,8.800000190734863,9.199999809265137,0.0,6291500
2011-07-13,7.910121917724609,9.25,0.0,9.300000190734863,9.100000381469727,9.149999618530273,0.0,6242400
2011-07-14,7.952877998352051,9.300000190734863,0.0,9.399999618530273,9.149999618530273,9.300000190734863,0.0,2719300
2011-07-18,8.423212051391602,9.850000381469727,0.0,9.899999618530273,9.25,9.300000190734863,0.0,9477700
2011-07-19,8.465967178344727,9.899999618530273,0.0,10.5,9.75,9.899999618530273,0.0,15655200
2011-07-20,8.465967178344727,9.899999618530273,0.0,10.100000381469727,9.75,10.0,0.0,3664800
2011-07-21,8.423212051391602,9.850000381469727,0.0,9.949999809265137,9.800000190734863,9.899999618530273,0.0,1820400
2011-07-22,8.294939994812012,9.699999809265137,0.0,9.949999809265137,9.550000190734863,9.949999809265137,0.0,8641200
2011-07-25,8.252182960510254,9.649999618530273,0.0,9.800000190734863,9.5,9.75,0.0,4313500
2011-07-26,8.33769702911377,9.75,0.0,9.800000190734863,9.600000381469727,9.699999809265137,0.0,3203300
2011-07-27,8.380454063415527,9.800000190734863,0.0,9.800000190734863,9.649999618530273,9.800000190734863,0.0,2594500
2011-07-28,8.808029174804688,10.300000190734863,0.0,10.300000190734863,9.699999809265137,9.75,0.0,10270200
2011-07-29,8.808029174804688,10.300000190734863,0.0,10.699999809265137,10.199999809265137,10.300000190734863,0.0,9791000
2011-08-01,9.834206581115723,11.5,0.0,11.5,10.300000190734863,10.399999618530273,0.0,15922600
2011-08-02,9.74869155883789,11.399999618530273,0.0,11.600000381469727,10.899999618530273,11.399999618530273,0.0,12392000
2011-08-03,9.919721603393555,11.600000381469727,0.0,11.600000381469727,11.199999809265137,11.199999809265137,0.0,4448800
2011-08-04,10.261778831481934,12.0,0.0,12.100000381469727,11.399999618530273,11.699999809265137,0.0,9202900
2011-08-05,9.74869155883789,11.399999618530273,0.0,11.600000381469727,11.100000381469727,11.399999618530273,0.0,10043500
2011-08-08,9.834206581115723,11.5,0.0,11.800000190734863,11.199999809265137,11.199999809265137,0.0,9535100
2011-08-09,8.808029174804688,10.300000190734863,0.0,11.199999809265137,10.199999809265137,11.100000381469727,0.0,18143500
2011-08-10,9.32111644744873,10.899999618530273,0.0,11.0,10.399999618530273,11.0,0.0,5602300
2011-08-11,9.406632423400879,11.0,0.0,11.100000381469727,10.600000381469727,10.800000190734863,0.0,5524000
2011-08-15,9.492147445678711,11.100000381469727,0.0,11.399999618530273,10.800000190734863,11.100000381469727,0.0,7314800
2011-08-16,10.00523567199707,11.699999809265137,0.0,12.100000381469727,11.100000381469727,11.199999809265137,0.0,15855300
2011-08-17,10.00523567199707,11.699999809265137,0.0,12.0,11.399999618530273,11.800000190734863,0.0,6541100
2011-08-18,9.74869155883789,11.399999618530273,0.0,11.899999618530273,11.300000190734863,11.699999809265137,0.0,4301000
2011-08-19,9.064574241638184,10.600000381469727,0.0,11.100000381469727,10.5,11.100000381469727,0.0,13317500
2011-08-22,9.235601425170898,10.800000190734863,0.0,10.899999618530273,10.5,10.800000190734863,0.0,4168900
2011-08-23,9.406632423400879,11.0,0.0,11.300000190734863,10.899999618530273,10.899999618530273,0.0,7752800
2011-08-24,9.406632423400879,11.0,0.0,11.199999809265137,10.800000190734863,11.0,0.0,3407000
2011-08-25,8.89354419708252,10.399999618530273,0.0,11.199999809265137,10.399999618530273,11.100000381469727,0.0,3149400
2011-08-26,8.979058265686035,10.5,0.0,10.699999809265137,10.199999809265137,10.199999809265137,0.0,4986400
2011-08-29,8.808029174804688,10.300000190734863,0.0,10.699999809265137,10.199999809265137,10.600000381469727,0.0,4802500
2011-08-30,8.722513198852539,10.199999809265137,0.0,10.600000381469727,10.199999809265137,10.5,0.0,3271300
2011-08-31,9.1500883102417,10.699999809265137,0.0,10.699999809265137,10.199999809265137,10.199999809265137,0.0,2492800
2011-09-01,9.064574241638184,10.600000381469727,0.0,10.800000190734863,10.600000381469727,10.699999809265137,0.0,1605300
2011-09-02,9.064574241638184,10.600000381469727,0.0,10.699999809265137,10.5,10.699999809265137,0.0,2240900
2011-09-05,8.808029174804688,10.300000190734863,0.0,10.5,10.300000190734863,10.5,0.0,2238500
2011-09-06,8.808029174804688,10.300000190734863,0.0,10.399999618530273,10.100000381469727,10.300000190734863,0.0,2396200
2011-09-07,8.808029174804688,10.300000190734863,0.0,10.399999618530273,10.300000190734863,10.399999618530273,0.0,1608200
2011-09-08,8.808029174804688,10.300000190734863,0.0,10.699999809265137,10.199999809265137,10.399999618530273,0.0,8107600
2011-09-09,8.808029174804688,10.300000190734863,0.0,10.600000381469727,10.199999809265137,10.399999618530273,0.0,5944000
2011-09-12,8.423212051391602,9.850000381469727,0.0,10.199999809265137,9.649999618530273,10.100000381469727,0.0,9950800
2011-09-13,8.294939994812012,9.699999809265137,0.0,9.949999809265137,9.699999809265137,9.949999809265137,0.0,3998600
2011-09-14,7.910121917724609,9.25,0.0,9.699999809265137,9.199999809265137,9.699999809265137,0.0,8737300
2011-09-15,7.653579235076904,8.949999809265137,0.0,9.300000190734863,8.850000381469727,9.300000190734863,0.0,13244100
2011-09-16,7.824607849121094,9.149999618530273,0.0,9.25,8.899999618530273,9.050000190734863,0.0,13957300
2011-09-19,7.653579235076904,8.949999809265137,0.0,9.100000381469727,8.949999809265137,9.100000381469727,0.0,1883500
2011-09-20,7.952877998352051,9.300000190734863,0.0,9.300000190734863,8.899999618530273,8.949999809265137,0.0,4849100
2011-09-21,7.739092826843262,9.050000190734863,0.0,9.25,9.050000190734863,9.199999809265137,0.0,2963000
2011-09-22,7.525304794311523,8.800000190734863,0.0,9.050000190734863,8.800000190734863,8.899999618530273,0.0,5373900
2011-09-23,7.226003170013428,8.449999809265137,0.0,8.699999809265137,8.300000190734863,8.649999618530273,0.0,5529700
2011-09-26,6.199825763702393,7.25,0.0,8.399999618530273,7.25,8.399999618530273,0.0,3840700
2011-09-27,6.755671977996826,7.900000095367432,0.0,7.949999809265137,7.400000095367432,7.599999904632568,0.0,3192000
2011-09-28,7.012216567993164,8.199999809265137,0.0,8.350000381469727,7.800000190734863,7.849999904632568,0.0,3799400
2011-09-29,6.926701545715332,8.100000381469727,0.0,8.25,8.050000190734863,8.100000381469727,0.0,1590800
2011-09-30,6.883944034576416,8.050000190734863,0.0,8.300000190734863,8.0,8.25,0.0,1163700
2011-10-03,6.499127388000488,7.599999904632568,0.0,7.849999904632568,7.5,7.800000190734863,0.0,1480900
2011-10-04,6.285340309143066,7.349999904632568,0.0,7.599999904632568,7.25,7.550000190734863,0.0,2467900
2011-10-05,6.370855331420898,7.449999809265137,0.0,7.650000095367432,7.400000095367432,7.449999809265137,0.0,1384600
2011-10-06,6.71291446685791,7.849999904632568,0.0,8.100000381469727,7.599999904632568,7.650000095367432,0.0,5330900
2011-10-07,6.670156955718994,7.800000190734863,0.0,8.100000381469727,7.650000095367432,8.050000190734863,0.0,3623500
2011-10-10,6.71291446685791,7.849999904632568,0.0,7.849999904632568,7.650000095367432,7.800000190734863,0.0,1310600
2011-10-11,6.798428058624268,7.949999809265137,0.0,8.100000381469727,7.800000190734863,7.900000095367432,0.0,3491800
2011-10-12,6.883944034576416,8.050000190734863,0.0,8.100000381469727,7.949999809265137,8.0,0.0,1490100
2011-10-13,6.8411865234375,8.0,0.0,8.149999618530273,7.949999809265137,8.149999618530273,0.0,2017400
2011-10-14,6.883944034576416,8.050000190734863,0.0,8.149999618530273,8.0,8.0,0.0,1487400
2011-10-17,7.311518669128418,8.550000190734863,0.0,8.550000190734863,8.100000381469727,8.149999618530273,0.0,2540900
2011-10-18,7.14048957824707,8.350000381469727,0.0,8.399999618530273,8.149999618530273,8.25,0.0,1613800
2011-10-19,7.05497407913208,8.25,0.0,8.449999809265137,8.25,8.399999618530273,0.0,1544300
2011-10-20,7.05497407913208,8.25,0.0,8.300000190734863,7.849999904632568,8.199999809265137,0.0,3191900
2011-10-21,7.012216567993164,8.199999809265137,0.0,8.25,8.0,8.199999809265137,0.0,1424900
2011-10-25,6.926701545715332,8.100000381469727,0.0,8.25,8.0,8.25,0.0,1183200
2011-10-26,6.883944034576416,8.050000190734863,0.0,8.100000381469727,8.0,8.050000190734863,0.0,1216300
2011-10-27,6.926701545715332,8.100000381469727,0.0,8.25,7.900000095367432,8.0,0.0,2314300
2011-10-28,6.969459533691406,8.149999618530273,0.0,8.350000381469727,8.149999618530273,8.25,0.0,1885800
2011-10-31,7.012216567993164,8.199999809265137,0.0,8.300000190734863,8.149999618530273,8.25,0.0,1720200
2011-11-01,7.012216567993164,8.199999809265137,0.0,8.199999809265137,8.050000190734863,8.199999809265137,0.0,1185300
2011-11-02,7.012216567993164,8.199999809265137,0.0,8.25,8.100000381469727,8.100000381469727,0.0,1502100
2011-11-03,7.05497407913208,8.25,0.0,8.300000190734863,8.100000381469727,8.100000381469727,0.0,1860300
2011-11-04,7.183244705200195,8.399999618530273,0.0,8.550000190734863,8.300000190734863,8.300000190734863,0.0,1932600
2011-11-07,7.43979024887085,8.699999809265137,0.0,8.800000190734863,8.399999618530273,8.449999809265137,0.0,1369100
2011-11-08,7.867364406585693,9.199999809265137,0.0,9.300000190734863,8.75,8.75,0.0,2144300
2011-11-09,8.123910903930664,9.5,0.0,9.75,9.25,9.25,0.0,5345200
2011-11-10,8.294939994812012,9.699999809265137,0.0,9.800000190734863,9.25,9.300000190734863,0.0,2809600
2011-11-11,8.722513198852539,10.199999809265137,0.0,10.199999809265137,9.800000190734863,9.949999809265137,0.0,3358100
2011-11-14,8.465967178344727,9.899999618530273,0.0,10.199999809265137,9.850000381469727,10.199999809265137,0.0,4521600
2011-11-15,8.465967178344727,9.899999618530273,0.0,10.0,9.850000381469727,10.0,0.0,1093400
2011-11-16,8.808029174804688,10.300000190734863,0.0,10.5,9.899999618530273,9.899999618530273,0.0,3289200
2011-11-17,8.63700008392334,10.100000381469727,0.0,10.399999618530273,10.100000381469727,10.399999618530273,0.0,1278400
2011-11-18,8.551483154296875,10.0,0.0,10.100000381469727,9.899999618530273,10.100000381469727,0.0,1511200
2011-11-21,8.294939994812012,9.699999809265137,0.0,10.0,9.699999809265137,10.0,0.0,1956100
2011-11-22,8.380454063415527,9.800000190734863,0.0,9.800000190734863,9.600000381469727,9.600000381469727,0.0,897200
2011-11-23,8.294939994812012,9.699999809265137,0.0,9.800000190734863,9.600000381469727,9.800000190734863,0.0,1051900
2011-11-24,8.551483154296875,10.0,0.0,10.100000381469727,9.75,9.75,0.0,3158000
2011-11-25,8.380454063415527,9.800000190734863,0.0,10.100000381469727,9.800000190734863,10.100000381469727,0.0,958900
2011-11-28,8.465967178344727,9.899999618530273,0.0,10.0,9.850000381469727,9.899999618530273,0.0,1217700
2011-11-29,8.50872802734375,9.949999809265137,0.0,10.100000381469727,9.850000381469727,9.949999809265137,0.0,1860600
2011-11-30,8.465967178344727,9.899999618530273,0.0,10.0,9.899999618530273,10.0,0.0,1125900
2011-12-01,8.551483154296875,10.0,0.0,10.100000381469727,9.949999809265137,10.100000381469727,0.0,1609900
2011-12-02,8.50872802734375,9.949999809265137,0.0,10.100000381469727,9.949999809265137,10.100000381469727,0.0,1785800
2011-12-06,8.63700008392334,10.100000381469727,0.0,10.100000381469727,9.949999809265137,10.0,0.0,1694200
2011-12-07,8.979058265686035,10.5,0.0,10.800000190734863,10.100000381469727,10.199999809265137,0.0,7842500
2011-12-08,9.064574241638184,10.600000381469727,0.0,11.100000381469727,10.600000381469727,10.600000381469727,0.0,2878100
2011-12-09,8.979058265686035,10.5,0.0,10.600000381469727,10.399999618530273,10.399999618530273,0.0,1115600
2011-12-13,8.89354419708252,10.399999618530273,0.0,10.600000381469727,10.399999618530273,10.399999618530273,0.0,1081700
2011-12-14,8.722513198852539,10.199999809265137,0.0,10.5,10.199999809265137,10.399999618530273,0.0,1865300
2011-12-15,8.808029174804688,10.300000190734863,0.0,10.399999618530273,10.0,10.0,0.0,1065700
2011-12-16,8.808029174804688,10.300000190734863,0.0,10.399999618530273,10.199999809265137,10.199999809265137,0.0,1382800
2011-12-19,8.89354419708252,10.399999618530273,0.0,10.600000381469727,10.199999809265137,10.300000190734863,0.0,2062600
2011-12-20,8.979058265686035,10.5,0.0,10.699999809265137,10.5,10.5,0.0,1615300
2011-12-21,8.979058265686035,10.5,0.0,10.699999809265137,10.399999618530273,10.699999809265137,0.0,1111200
2011-12-22,8.808029174804688,10.300000190734863,0.0,10.5,10.199999809265137,10.5,0.0,1063800
2011-12-23,8.63700008392334,10.100000381469727,0.0,10.5,10.100000381469727,10.5,0.0,1220100
2011-12-26,8.63700008392334,10.100000381469727,0.0,10.199999809265137,10.100000381469727,10.100000381469727,0.0,737100
2011-12-27,8.551483154296875,10.0,0.0,10.199999809265137,10.0,10.100000381469727,0.0,662600
2011-12-28,8.465967178344727,9.899999618530273,0.0,10.0,9.899999618530273,9.949999809265137,0.0,522600
2011-12-29,8.63700008392334,10.100000381469727,0.0,10.300000190734863,9.850000381469727,9.850000381469727,0.0,1321800
2011-12-30,8.551483154296875,10.0,0.0,10.199999809265137,9.949999809265137,10.199999809265137,0.0,1566100
2012-01-04,8.63700008392334,10.100000381469727,0.0,10.300000190734863,10.100000381469727,10.100000381469727,0.0,1345000
2012-01-05,9.235601425170898,10.800000190734863,0.0,10.800000190734863,10.100000381469727,10.199999809265137,0.0,5446900
2012-01-06,9.1500883102417,10.699999809265137,0.0,10.899999618530273,10.699999809265137,10.800000190734863,0.0,2324800
2012-01-09,9.32111644744873,10.899999618530273,0.0,11.0,10.699999809265137,10.699999809265137,0.0,1634200
2012-01-10,9.74869155883789,11.399999618530273,0.0,11.899999618530273,10.899999618530273,11.0,0.0,9484800
2012-01-11,9.577661514282227,11.199999809265137,0.0,11.399999618530273,11.199999809265137,11.399999618530273,0.0,1339100
2012-01-12,9.663177490234375,11.300000190734863,0.0,11.5,11.199999809265137,11.199999809265137,0.0,2018200
2012-01-13,9.663177490234375,11.300000190734863,0.0,11.600000381469727,11.300000190734863,11.300000190734863,0.0,3632500
2012-01-16,9.74869155883789,11.399999618530273,0.0,11.5,11.300000190734863,11.300000190734863,0.0,942600
2012-01-17,9.663177490234375,11.300000190734863,0.0,11.800000190734863,11.300000190734863,11.399999618530273,0.0,2734800
2012-01-18,9.663177490234375,11.300000190734863,0.0,11.399999618530273,11.199999809265137,11.300000190734863,0.0,2368900
2012-01-19,9.663177490234375,11.300000190734863,0.0,11.699999809265137,11.300000190734863,11.399999618530273,0.0,4032700
2012-01-20,9.577661514282227,11.199999809265137,0.0,11.5,11.199999809265137,11.300000190734863,0.0,928900
2012-01-23,9.492147445678711,11.100000381469727,0.0,11.300000190734863,11.100000381469727,11.199999809265137,0.0,1117300
2012-01-24,9.32111644744873,10.899999618530273,0.0,11.199999809265137,10.800000190734863,11.0,0.0,1907800
2012-01-25,9.235601425170898,10.800000190734863,0.0,10.899999618530273,10.699999809265137,10.899999618530273,0.0,1499100
2012-01-26,9.32111644744873,10.899999618530273,0.0,11.0,10.800000190734863,10.800000190734863,0.0,2590100
2012-01-27,9.235601425170898,10.800000190734863,0.0,11.100000381469727,10.800000190734863,11.100000381469727,0.0,1740700
2012-01-30,9.492147445678711,11.100000381469727,0.0,11.100000381469727,10.899999618530273,10.899999618530273,0.0,2138900
2012-01-31,9.834206581115723,11.5,0.0,11.600000381469727,11.100000381469727,11.100000381469727,0.0,3686100
2012-02-01,9.663177490234375,11.300000190734863,0.0,11.5,11.300000190734863,11.5,0.0,1260000
2012-02-02,9.663177490234375,11.300000190734863,0.0,11.399999618530273,11.300000190734863,11.399999618530273,0.0,1018500
2012-02-03,9.663177490234375,11.300000190734863,0.0,11.399999618530273,11.199999809265137,11.399999618530273,0.0,1957000
2012-02-06,9.577661514282227,11.199999809265137,0.0,11.600000381469727,11.199999809265137,11.300000190734863,0.0,3252100
2012-02-07,9.663177490234375,11.300000190734863,0.0,11.399999618530273,11.100000381469727,11.300000190734863,0.0,1664000
2012-02-08,9.74869155883789,11.399999618530273,0.0,11.600000381469727,11.399999618530273,11.399999618530273,0.0,3314800
2012-02-09,9.834206581115723,11.5,0.0,11.600000381469727,11.399999618530273,11.5,0.0,1970900
2012-02-10,9.834206581115723,11.5,0.0,11.600000381469727,11.399999618530273,11.5,0.0,1155500
2012-02-13,9.834206581115723,11.5,0.0,11.600000381469727,11.399999618530273,11.600000381469727,0.0,1251600
2012-02-14,9.919721603393555,11.600000381469727,0.0,11.699999809265137,11.399999618530273,11.600000381469727,0.0,3296500
2012-02-15,9.919721603393555,11.600000381469727,0.0,11.800000190734863,11.600000381469727,11.600000381469727,0.0,2120300
2012-02-16,9.919721603393555,11.600000381469727,0.0,11.699999809265137,11.5,11.5,0.0,1514500
2012-02-17,9.919721603393555,11.600000381469727,0.0,11.699999809265137,11.600000381469727,11.600000381469727,0.0,1828500
2012-02-20,10.00523567199707,11.699999809265137,0.0,11.899999618530273,11.600000381469727,11.600000381469727,0.0,1994700
2012-02-21,9.834206581115723,11.5,0.0,11.699999809265137,11.5,11.699999809265137,0.0,1706500
2012-02-22,10.00523567199707,11.699999809265137,0.0,11.699999809265137,11.5,11.5,0.0,1889300
2012-02-23,10.00523567199707,11.699999809265137,0.0,11.800000190734863,11.5,11.699999809265137,0.0,1298100
2012-02-24,10.00523567199707,11.699999809265137,0.0,11.800000190734863,11.600000381469727,11.600000381469727,0.0,606200
2012-02-27,9.834206581115723,11.5,0.0,11.800000190734863,11.399999618530273,11.600000381469727,0.0,1230500
2012-02-28,9.74869155883789,11.399999618530273,0.0,11.600000381469727,11.399999618530273,11.600000381469727,0.0,1190200
2012-02-29,9.919721603393555,11.600000381469727,0.0,11.699999809265137,11.399999618530273,11.399999618530273,0.0,1429100
2012-03-01,10.00523567199707,11.699999809265137,0.0,11.699999809265137,11.600000381469727,11.600000381469727,0.0,1134400
2012-03-02,10.347295761108398,12.100000381469727,0.0,12.199999809265137,11.699999809265137,11.800000190734863,0.0,6478600
2012-03-05,10.176264762878418,11.899999618530273,0.0,12.399999618530273,11.899999618530273,12.199999809265137,0.0,2390800
2012-03-06,10.176264762878418,11.899999618530273,0.0,12.100000381469727,11.800000190734863,11.800000190734863,0.0,1777400
2012-03-08,10.00523567199707,11.699999809265137,0.0,11.899999618530273,11.600000381469727,11.899999618530273,0.0,2476100
2012-03-09,9.74869155883789,11.399999618530273,0.0,11.5,11.199999809265137,11.5,0.0,16637700
2012-03-12,9.74869155883789,11.399999618530273,0.0,11.5,11.300000190734863,11.300000190734863,0.0,3717200
2012-03-13,9.74869155883789,11.399999618530273,0.0,11.5,11.300000190734863,11.5,0.0,2464800
2012-03-14,10.261778831481934,12.0,0.0,12.199999809265137,11.5,11.5,0.0,15408300
2012-03-15,10.00523567199707,11.699999809265137,0.0,12.100000381469727,11.699999809265137,12.0,0.0,6959600
2012-03-16,10.68935489654541,12.5,0.0,12.600000381469727,11.800000190734863,11.800000190734863,0.0,11376100
2012-03-19,10.518324851989746,12.300000190734863,0.0,12.699999809265137,12.300000190734863,12.600000381469727,0.0,5405400
2012-03-20,10.518324851989746,12.300000190734863,0.0,12.600000381469727,12.199999809265137,12.300000190734863,0.0,4621100
2012-03-21,10.860383033752441,12.699999809265137,0.0,12.899999618530273,12.199999809265137,12.300000190734863,0.0,6313900
2012-03-22,10.945899963378906,12.800000190734863,0.0,13.100000381469727,12.699999809265137,12.699999809265137,0.0,11794200
2012-03-23,11.20244312286377,13.100000381469727,0.0,13.100000381469727,12.5,12.800000190734863,0.0,3389400
2012-03-26,11.287958145141602,13.199999809265137,0.0,13.699999809265137,13.100000381469727,13.300000190734863,0.0,6633900
2012-03-27,11.287958145141602,13.199999809265137,0.0,13.399999618530273,13.199999809265137,13.399999618530273,0.0,2539900
2012-03-28,11.287958145141602,13.199999809265137,0.0,13.300000190734863,13.100000381469727,13.199999809265137,0.0,859900
2012-03-29,11.031412124633789,12.899999618530273,0.0,13.100000381469727,12.899999618530273,13.100000381469727,0.0,3007500
2012-03-30,11.031412124633789,12.899999618530273,0.0,13.0,12.800000190734863,12.899999618530273,0.0,4066300
2012-04-02,11.116928100585938,13.0,0.0,13.199999809265137,12.800000190734863,12.800000190734863,0.0,1568900
2012-04-03,11.116928100585938,13.0,0.0,13.199999809265137,13.0,13.100000381469727,0.0,2252600
2012-04-04,11.116928100585938,13.0,0.0,13.0,12.800000190734863,12.899999618530273,0.0,1036200
2012-04-05,10.774868965148926,12.600000381469727,0.0,12.800000190734863,12.5,12.800000190734863,0.0,2916100
2012-04-10,10.518324851989746,12.300000190734863,0.0,12.600000381469727,12.199999809265137,12.5,0.0,3333800
2012-04-11,10.090750694274902,11.800000190734863,0.0,12.199999809265137,11.699999809265137,12.199999809265137,0.0,6604400
2012-04-12,10.176264762878418,11.899999618530273,0.0,12.0,11.800000190734863,12.0,0.0,1570700
2012-04-17,9.834206581115723,11.5,0.0,12.0,11.5,12.0,0.0,1474500
2012-04-18,10.00523567199707,11.699999809265137,0.0,11.800000190734863,11.600000381469727,11.600000381469727,0.0,1840700
2012-04-19,10.432809829711914,12.199999809265137,0.0,12.199999809265137,11.699999809265137,11.699999809265137,0.0,3132200
2012-04-20,10.68935489654541,12.5,0.0,12.600000381469727,12.300000190734863,12.399999618530273,0.0,5123900
2012-04-23,10.774868965148926,12.600000381469727,0.0,12.699999809265137,12.399999618530273,12.600000381469727,0.0,3425200
2012-04-24,10.68935489654541,12.5,0.0,12.600000381469727,12.300000190734863,12.600000381469727,0.0,2770900
2012-04-25,11.116928100585938,13.0,0.0,13.199999809265137,12.399999618530273,12.399999618530273,0.0,5488600
2012-04-26,10.945899963378906,12.800000190734863,0.0,13.100000381469727,12.5,12.899999618530273,0.0,4171100
2012-04-27,10.816105842590332,12.5,0.15,12.699999809265137,12.5,12.600000381469727,0.0,1958300
2012-04-30,10.98916244506836,12.699999809265137,0.0,12.800000190734863,12.600000381469727,12.600000381469727,0.0,2341100
2012-05-02,11.075693130493164,12.800000190734863,0.0,12.899999618530273,12.699999809265137,12.699999809265137,0.0,5072200
2012-05-03,11.248749732971191,13.0,0.0,13.300000190734863,12.800000190734863,12.800000190734863,0.0,7024300
2012-05-04,11.248749732971191,13.0,0.0,13.100000381469727,12.899999618530273,13.0,0.0,1922600
2012-05-08,11.594864845275879,13.399999618530273,0.0,13.699999809265137,12.899999618530273,12.899999618530273,0.0,6860200
2012-05-09,11.248749732971191,13.0,0.0,13.5,13.0,13.399999618530273,0.0,4999200
2012-05-10,11.248749732971191,13.0,0.0,13.199999809265137,12.899999618530273,13.100000381469727,0.0,5519500
2012-05-11,11.335278511047363,13.100000381469727,0.0,13.199999809265137,13.0,13.0,0.0,2924900
2012-05-14,11.248749732971191,13.0,0.0,13.300000190734863,12.699999809265137,13.100000381469727,0.0,3387900
2012-05-15,11.248749732971191,13.0,0.0,13.100000381469727,12.800000190734863,13.0,0.0,3550200
2012-05-16,10.816105842590332,12.5,0.0,12.899999618530273,12.300000190734863,12.899999618530273,0.0,3267100
2012-05-17,10.5565185546875,12.199999809265137,0.0,12.800000190734863,12.100000381469727,12.5,0.0,2341700
2012-05-18,10.210403442382812,11.800000190734863,0.0,12.0,11.699999809265137,11.899999618530273,0.0,3804000
2012-05-21,10.38346004486084,12.0,0.0,12.100000381469727,11.800000190734863,11.800000190734863,0.0,3587400
2012-05-22,10.5565185546875,12.199999809265137,0.0,12.600000381469727,12.100000381469727,12.100000381469727,0.0,6315500
2012-05-23,10.12387466430664,11.699999809265137,0.0,12.100000381469727,11.600000381469727,12.100000381469727,0.0,4441500
2012-05-24,10.296931266784668,11.899999618530273,0.0,12.0,11.699999809265137,11.699999809265137,0.0,3429200
2012-05-25,10.469990730285645,12.100000381469727,0.0,12.300000190734863,11.899999618530273,12.0,0.0,4613700
2012-05-28,10.469990730285645,12.100000381469727,0.0,12.199999809265137,11.899999618530273,12.100000381469727,0.0,2478800
2012-05-29,10.98916244506836,12.699999809265137,0.0,12.699999809265137,12.100000381469727,12.100000381469727,0.0,8974800
2012-05-30,10.643048286437988,12.300000190734863,0.0,12.699999809265137,12.300000190734863,12.699999809265137,0.0,4437600
2012-05-31,10.729574203491211,12.399999618530273,0.0,12.399999618530273,11.899999618530273,12.100000381469727,0.0,2010700
2012-06-01,10.38346004486084,12.0,0.0,12.300000190734863,12.0,12.199999809265137,0.0,1506400
2012-06-05,10.210403442382812,11.800000190734863,0.0,12.0,11.600000381469727,11.899999618530273,0.0,1298700
2012-06-06,10.38346004486084,12.0,0.0,12.100000381469727,11.800000190734863,11.800000190734863,0.0,1229700
2012-06-07,10.296931266784668,11.899999618530273,0.0,12.199999809265137,11.899999618530273,12.100000381469727,0.0,795500
2012-06-08,10.38346004486084,12.0,0.0,12.100000381469727,11.800000190734863,11.800000190734863,0.0,570600
2012-06-11,10.729574203491211,12.399999618530273,0.0,12.399999618530273,12.100000381469727,12.199999809265137,0.0,1812500
2012-06-12,10.816105842590332,12.5,0.0,12.5,12.100000381469727,12.199999809265137,0.0,915200
2012-06-13,10.643048286437988,12.300000190734863,0.0,12.600000381469727,12.300000190734863,12.600000381469727,0.0,1666800
2012-06-14,10.643048286437988,12.300000190734863,0.0,12.399999618530273,12.199999809265137,12.300000190734863,0.0,1060000
2012-06-15,10.5565185546875,12.199999809265137,0.0,12.399999618530273,12.100000381469727,12.300000190734863,0.0,2226000
2012-06-18,10.5565185546875,12.199999809265137,0.0,12.399999618530273,12.199999809265137,12.199999809265137,0.0,1034600
2012-06-19,10.729574203491211,12.399999618530273,0.0,12.399999618530273,12.199999809265137,12.199999809265137,0.0,987000
2012-06-20,10.729574203491211,12.399999618530273,0.0,12.5,12.300000190734863,12.399999618530273,0.0,678100
2012-06-21,10.729574203491211,12.399999618530273,0.0,12.5,12.300000190734863,12.399999618530273,0.0,1112400
2012-06-22,10.816105842590332,12.5,0.0,12.5,12.199999809265137,12.199999809265137,0.0,1442700
2012-06-25,10.902634620666504,12.600000381469727,0.0,12.699999809265137,12.399999618530273,12.399999618530273,0.0,2415800
2012-06-26,11.248749732971191,13.0,0.0,13.0,12.600000381469727,12.600000381469727,0.0,2196100
2012-06-27,11.162220001220703,12.899999618530273,0.0,13.100000381469727,12.800000190734863,13.0,0.0,559200
2012-06-28,11.075693130493164,12.800000190734863,0.0,13.100000381469727,12.699999809265137,12.899999618530273,0.0,974300
2012-06-29,10.816105842590332,12.5,0.0,13.0,12.5,12.800000190734863,0.0,1056800
2012-07-02,10.902634620666504,12.600000381469727,0.0,12.800000190734863,12.399999618530273,12.699999809265137,0.0,1853000
2012-07-03,10.902634620666504,12.600000381469727,0.0,12.600000381469727,12.5,12.5,0.0,1086400
2012-07-04,10.98916244506836,12.699999809265137,0.0,12.699999809265137,12.5,12.600000381469727,0.0,1907000
2012-07-05,11.421808242797852,13.199999809265137,0.0,13.199999809265137,12.699999809265137,12.800000190734863,0.0,6889700
2012-07-06,11.854453086853027,13.699999809265137,0.0,14.199999809265137,13.300000190734863,13.5,0.0,17978300
2012-07-09,12.027509689331055,13.899999618530273,0.0,13.899999618530273,13.5,13.699999809265137,0.0,4950400
2012-07-10,12.287096977233887,14.199999809265137,0.0,14.199999809265137,13.699999809265137,14.100000381469727,0.0,4709100
2012-07-11,12.546683311462402,14.5,0.0,14.600000381469727,14.300000190734863,14.399999618530273,0.0,5032300
2012-07-12,12.460153579711914,14.399999618530273,0.0,14.5,14.300000190734863,14.399999618530273,0.0,3623100
2012-07-13,12.806269645690918,14.800000190734863,0.0,14.800000190734863,14.399999618530273,14.399999618530273,0.0,2643500
2012-07-16,12.71973991394043,14.699999809265137,0.0,14.899999618530273,14.600000381469727,14.899999618530273,0.0,2821600
2012-07-17,12.633212089538574,14.600000381469727,0.0,14.800000190734863,14.5,14.699999809265137,0.0,2286900
2012-07-18,12.71973991394043,14.699999809265137,0.0,14.699999809265137,14.399999618530273,14.600000381469727,0.0,1366200
2012-07-19,12.71973991394043,14.699999809265137,0.0,14.800000190734863,14.399999618530273,14.699999809265137,0.0,1721300
2012-07-20,12.806269645690918,14.800000190734863,0.0,14.899999618530273,14.5,14.699999809265137,0.0,1049000
2012-07-23,12.633212089538574,14.600000381469727,0.0,14.699999809265137,14.5,14.5,0.0,1215400
2012-07-24,12.71973991394043,14.699999809265137,0.0,14.699999809265137,14.5,14.600000381469727,0.0,700400
2012-07-25,12.979326248168945,15.0,0.0,15.0,14.600000381469727,14.800000190734863,0.0,2363100
2012-07-26,13.065855026245117,15.100000381469727,0.0,15.600000381469727,15.0,15.0,0.0,6646500
2012-07-27,13.498499870300293,15.600000381469727,0.0,15.699999809265137,15.199999809265137,15.300000190734863,0.0,4423600
2012-07-30,13.411971092224121,15.5,0.0,15.699999809265137,15.300000190734863,15.699999809265137,0.0,1009100
2012-07-31,13.238914489746094,15.300000190734863,0.0,15.600000381469727,15.100000381469727,15.5,0.0,941100
2012-08-01,13.671557426452637,15.800000190734863,0.0,16.0,15.300000190734863,15.300000190734863,0.0,2677900
2012-08-03,13.585028648376465,15.699999809265137,0.0,15.800000190734863,15.600000381469727,15.800000190734863,0.0,832600
2012-08-06,13.931143760681152,16.100000381469727,0.0,16.200000762939453,15.899999618530273,15.899999618530273,0.0,4161700
2012-08-07,13.671557426452637,15.800000190734863,0.0,16.0,15.699999809265137,16.0,0.0,2536000
2012-08-08,13.065855026245117,15.100000381469727,0.0,15.899999618530273,15.0,15.899999618530273,0.0,4816000
2012-08-09,13.065855026245117,15.100000381469727,0.0,15.300000190734863,15.0,15.100000381469727,0.0,1647200
2012-08-10,13.325441360473633,15.399999618530273,0.0,15.399999618530273,15.100000381469727,15.100000381469727,0.0,1432300
2012-08-14,13.671557426452637,15.800000190734863,0.0,15.800000190734863,15.199999809265137,15.399999618530273,0.0,1876300
2012-08-15,13.931143760681152,16.100000381469727,0.0,16.600000381469727,15.800000190734863,15.800000190734863,0.0,4347700
2012-08-16,14.363789558410645,16.600000381469727,0.0,17.0,16.100000381469727,16.100000381469727,0.0,2965000
2012-08-17,14.190730094909668,16.399999618530273,0.0,16.799999237060547,16.100000381469727,16.799999237060547,0.0,1551500
2012-08-20,14.277259826660156,16.5,0.0,16.899999618530273,16.299999237060547,16.600000381469727,0.0,2399800
2012-08-21,14.190730094909668,16.399999618530273,0.0,16.799999237060547,16.399999618530273,16.5,0.0,3518600
2012-08-22,14.450318336486816,16.700000762939453,0.0,16.700000762939453,16.5,16.5,0.0,1793000
2012-08-23,14.623373985290527,16.899999618530273,0.0,17.200000762939453,16.700000762939453,16.700000762939453,0.0,3138800
2012-08-24,14.709903717041016,17.0,0.0,17.0,16.700000762939453,16.700000762939453,0.0,1407700
2012-08-27,14.450318336486816,16.700000762939453,0.0,17.0,16.700000762939453,17.0,0.0,1119600
2012-08-28,14.536843299865723,16.799999237060547,0.0,17.0,16.799999237060547,16.799999237060547,0.0,893900
2012-08-29,14.536843299865723,16.799999237060547,0.0,16.899999618530273,16.600000381469727,16.799999237060547,0.0,1121800
2012-08-30,14.190730094909668,16.399999618530273,0.0,16.799999237060547,16.299999237060547,16.799999237060547,0.0,1960300
2012-08-31,14.190730094909668,16.399999618530273,0.0,16.600000381469727,16.399999618530273,16.399999618530273,0.0,1651600
2012-09-03,14.536843299865723,16.799999237060547,0.0,16.799999237060547,16.399999618530273,16.399999618530273,0.0,1314000
2012-09-04,14.536843299865723,16.799999237060547,0.0,17.0,16.700000762939453,17.0,0.0,515300
2012-09-05,14.363789558410645,16.600000381469727,0.0,16.899999618530273,16.5,16.799999237060547,0.0,1018400
2012-09-06,14.969489097595215,17.299999237060547,0.0,17.399999618530273,16.799999237060547,16.799999237060547,0.0,3428500
2012-09-07,15.142548561096191,17.5,0.0,17.700000762939453,17.5,17.5,0.0,1621000
2012-09-10,14.796433448791504,17.100000381469727,0.0,17.600000381469727,17.100000381469727,17.5,0.0,1529000
2012-09-11,14.796433448791504,17.100000381469727,0.0,17.399999618530273,17.0,17.0,0.0,1647500
2012-09-12,14.882962226867676,17.200000762939453,0.0,17.399999618530273,17.100000381469727,17.299999237060547,0.0,1604600
2012-09-13,14.796433448791504,17.100000381469727,0.0,17.200000762939453,17.0,17.200000762939453,0.0,1340400
2012-09-14,14.796433448791504,17.100000381469727,0.0,17.5,17.0,17.399999618530273,0.0,2173700
2012-09-17,14.536843299865723,16.799999237060547,0.0,17.100000381469727,16.5,17.0,0.0,4929200
2012-09-18,14.277259826660156,16.5,0.0,16.799999237060547,16.399999618530273,16.799999237060547,0.0,3173800
2012-09-19,14.363789558410645,16.600000381469727,0.0,16.700000762939453,16.399999618530273,16.399999618530273,0.0,1483100
2012-09-20,14.709903717041016,17.0,0.0,17.0,16.600000381469727,16.700000762939453,0.0,2967100
2012-09-21,14.623373985290527,16.899999618530273,0.0,17.200000762939453,16.700000762939453,16.899999618530273,0.0,1964400
2012-09-24,14.363789558410645,16.600000381469727,0.0,17.0,16.600000381469727,17.0,0.0,856800
2012-09-25,14.536843299865723,16.799999237060547,0.0,16.899999618530273,16.5,16.600000381469727,0.0,2252100
2012-09-26,14.709903717041016,17.0,0.0,17.0,16.700000762939453,16.700000762939453,0.0,1126000
2012-09-27,14.969489097595215,17.299999237060547,0.0,17.299999237060547,16.899999618530273,17.0,0.0,5926600
2012-09-28,14.969489097595215,17.299999237060547,0.0,17.399999618530273,17.0,17.399999618530273,0.0,2407200
2012-10-01,14.796433448791504,17.100000381469727,0.0,17.399999618530273,17.100000381469727,17.299999237060547,0.0,1109400
2012-10-02,15.575190544128418,18.0,0.0,18.0,17.299999237060547,17.299999237060547,0.0,7210300
2012-10-03,15.488665580749512,17.899999618530273,0.0,18.299999237060547,17.700000762939453,18.0,0.0,3827700
2012-10-04,15.40213394165039,17.799999237060547,0.0,18.0,17.700000762939453,18.0,0.0,1074000
2012-10-05,15.748250961303711,18.200000762939453,0.0,18.200000762939453,17.799999237060547,18.0,0.0,3321400
2012-10-08,15.488665580749512,17.899999618530273,0.0,18.200000762939453,17.899999618530273,18.200000762939453,0.0,1420600
2012-10-09,15.40213394165039,17.799999237060547,0.0,18.100000381469727,17.700000762939453,18.0,0.0,2171500
2012-10-10,15.488665580749512,17.899999618530273,0.0,18.100000381469727,17.700000762939453,17.700000762939453,0.0,1865800
2012-10-11,15.40213394165039,17.799999237060547,0.0,18.0,17.799999237060547,18.0,0.0,1044700
2012-10-12,16.35395050048828,18.899999618530273,0.0,18.899999618530273,17.899999618530273,17.899999618530273,0.0,6189500
2012-10-15,16.613540649414062,19.200000762939453,0.0,19.299999237060547,18.5,18.799999237060547,0.0,4121000
2012-10-16,16.18089485168457,18.700000762939453,0.0,19.700000762939453,18.600000381469727,19.200000762939453,0.0,5005600
2012-10-17,16.44048309326172,19.0,0.0,19.100000381469727,18.799999237060547,18.899999618530273,0.0,1085000
2012-10-18,16.700069427490234,19.299999237060547,0.0,19.5,19.0,19.0,0.0,2479700
2012-10-19,16.873125076293945,19.5,0.0,19.899999618530273,19.299999237060547,19.399999618530273,0.0,2647300
2012-10-22,17.04618263244629,19.700000762939453,0.0,19.799999237060547,19.299999237060547,19.299999237060547,0.0,1042800
2012-10-24,17.39229965209961,20.100000381469727,0.0,20.200000762939453,19.700000762939453,19.799999237060547,0.0,3256600
2012-10-25,17.04618263244629,19.700000762939453,0.0,20.100000381469727,19.5,20.100000381469727,0.0,1494900
2012-10-26,16.35395050048828,18.899999618530273,0.0,19.799999237060547,18.899999618530273,19.700000762939453,0.0,3579200
2012-10-29,16.44048309326172,19.0,0.0,19.100000381469727,18.700000762939453,18.799999237060547,0.0,604100
2012-10-30,16.613540649414062,19.200000762939453,0.0,19.299999237060547,19.0,19.0,0.0,881400
2012-10-31,16.873125076293945,19.5,0.0,19.600000381469727,19.299999237060547,19.399999618530273,0.0,848300
2012-11-01,16.786598205566406,19.399999618530273,0.0,19.700000762939453,19.299999237060547,19.600000381469727,0.0,1108700
2012-11-02,17.651885986328125,20.399999618530273,0.0,20.700000762939453,19.799999237060547,19.899999618530273,0.0,16021900
2012-11-05,18.084529876708984,20.899999618530273,0.0,21.299999237060547,20.5,20.600000381469727,0.0,7592500
2012-11-06,17.911470413208008,20.700000762939453,0.0,21.399999618530273,20.700000762939453,21.100000381469727,0.0,3196200
2012-11-07,18.77676010131836,21.700000762939453,0.0,22.200000762939453,20.899999618530273,20.899999618530273,0.0,6259700
2012-11-08,19.901634216308594,23.0,0.0,23.5,21.5,21.5,0.0,8910000
2012-11-09,20.161222457885742,23.299999237060547,0.0,23.600000381469727,22.799999237060547,23.399999618530273,0.0,8352300
2012-11-12,19.72857666015625,22.799999237060547,0.0,23.399999618530273,22.700000762939453,23.200000762939453,0.0,104400
2012-11-13,19.642047882080078,22.700000762939453,0.0,23.399999618530273,22.700000762939453,23.0,0.0,2801000
2012-11-14,19.72857666015625,22.799999237060547,0.0,23.299999237060547,22.399999618530273,22.899999618530273,0.0,5058800
2012-11-15,19.72857666015625,22.799999237060547,0.0,22.799999237060547,21.899999618530273,22.700000762939453,0.0,3981500
2012-11-16,20.074691772460938,23.200000762939453,0.0,23.399999618530273,22.700000762939453,22.799999237060547,0.0,3545800
2012-11-19,19.988162994384766,23.100000381469727,0.0,23.399999618530273,22.899999618530273,23.299999237060547,0.0,2092200
2012-11-20,20.161222457885742,23.299999237060547,0.0,23.299999237060547,23.0,23.200000762939453,0.0,3418100
2012-11-21,21.459148406982422,24.799999237060547,0.0,24.799999237060547,23.100000381469727,23.200000762939453,0.0,9340000
2012-11-22,21.37262535095215,24.700000762939453,0.0,24.899999618530273,24.299999237060547,24.899999618530273,0.0,3707900
2012-11-23,21.848529815673828,25.25,0.0,25.75,24.399999618530273,24.5,0.0,2634600
2012-11-26,22.281177520751953,25.75,0.0,27.75,25.25,25.5,0.0,6037800
2012-11-27,21.848529815673828,25.25,0.0,26.25,25.0,25.75,0.0,3861900
2012-11-28,21.545682907104492,24.899999618530273,0.0,25.75,24.700000762939453,25.25,0.0,4028500
2012-11-29,21.632211685180664,25.0,0.0,25.5,25.0,25.25,0.0,1450400
2012-11-30,22.064857482910156,25.5,0.0,26.0,25.0,25.25,0.0,3759200
2012-12-03,23.362791061401367,27.0,0.0,27.0,25.25,25.75,0.0,4410300
2012-12-04,23.57910919189453,27.25,0.0,27.25,26.25,26.75,0.0,3569300
2012-12-06,23.57910919189453,27.25,0.0,28.25,27.0,27.0,0.0,3277400
2012-12-07,22.713825225830078,26.25,0.0,27.5,26.0,27.25,0.0,3380900
2012-12-11,22.064857482910156,25.5,0.0,26.75,25.5,26.5,0.0,3384200
2012-12-12,22.497499465942383,26.0,0.0,26.25,25.75,26.0,0.0,1488100
2012-12-13,22.930145263671875,26.5,0.0,26.75,26.0,26.0,0.0,3056700
2012-12-14,22.281177520751953,25.75,0.0,26.75,25.75,26.75,0.0,1809500
2012-12-17,21.848529815673828,25.25,0.0,26.0,25.0,26.0,0.0,4630600
2012-12-18,22.064857482910156,25.5,0.0,26.0,25.25,25.5,0.0,6391400
2012-12-19,22.064857482910156,25.5,0.0,25.75,24.899999618530273,25.5,0.0,8175400
2012-12-20,22.713825225830078,26.25,0.0,26.5,25.5,25.75,0.0,3015800
2012-12-21,22.064857482910156,25.5,0.0,27.0,25.5,26.5,0.0,2885000
2012-12-24,22.281177520751953,25.75,0.0,26.0,24.899999618530273,25.75,0.0,4653800
2012-12-25,22.064857482910156,25.5,0.0,25.75,25.25,25.75,0.0,701400
2012-12-26,22.281177520751953,25.75,0.0,26.0,25.25,25.5,0.0,1691000
2012-12-27,22.713825225830078,26.25,0.0,26.5,25.75,26.0,0.0,2553300
2012-12-28,22.497499465942383,26.0,0.0,27.0,26.0,26.75,0.0,2624100
2013-01-02,22.930145263671875,26.5,0.0,26.75,26.25,26.75,0.0,1820200
2013-01-03,22.930145263671875,26.5,0.0,27.5,26.5,26.75,0.0,4916100
2013-01-04,23.79543113708496,27.5,0.0,27.5,26.5,26.75,0.0,3185900
2013-01-07,24.228076934814453,28.0,0.0,28.0,27.25,27.5,0.0,2814300
2013-01-08,24.877044677734375,28.75,0.0,29.25,28.0,28.25,0.0,4040900
2013-01-09,25.52600860595703,29.5,0.0,30.0,29.25,29.25,0.0,2933400
2013-01-10,24.877044677734375,28.75,0.0,29.75,28.5,29.5,0.0,1950500
2013-01-11,24.877044677734375,28.75,0.0,28.75,27.5,28.25,0.0,2216900
2013-01-14,25.309688568115234,29.25,0.0,29.25,28.75,29.0,0.0,2305300
2013-01-15,25.093366622924805,29.0,0.0,29.25,28.5,29.25,0.0,3370300
2013-01-16,23.79543113708496,27.5,0.0,29.0,27.5,29.0,0.0,2553200
2013-01-17,23.362791061401367,27.0,0.0,28.0,26.75,27.75,0.0,2376200
2013-01-18,23.362791061401367,27.0,0.0,27.5,27.0,27.25,0.0,2137700
2013-01-21,23.79543113708496,27.5,0.0,28.25,27.0,27.25,0.0,1640600
2013-01-22,24.228076934814453,28.0,0.0,28.5,27.5,27.75,0.0,2274300
2013-01-23,24.66071891784668,28.5,0.0,28.5,28.0,28.25,0.0,2451500
2013-01-24,24.228076934814453,28.0,0.0,28.5,28.0,28.0,0.0,1156400
2013-01-25,24.444400787353516,28.25,0.0,28.75,27.5,28.0,0.0,5140900
2013-01-28,26.823942184448242,31.0,0.0,31.25,28.0,28.5,0.0,8551600
2013-01-29,26.391298294067383,30.5,0.0,30.75,30.0,30.5,0.0,1323200
2013-01-30,25.52600860595703,29.5,0.0,30.5,29.0,30.5,0.0,2826500
2013-01-31,25.309688568115234,29.25,0.0,30.0,29.25,29.5,0.0,3352900
2013-02-01,27.68922996520996,32.0,0.0,32.75,30.5,30.5,0.0,11206600
2013-02-04,28.554519653320312,33.0,0.0,33.25,32.0,32.25,0.0,4182800
2013-02-05,28.987159729003906,33.5,0.0,33.5,32.5,32.5,0.0,2284300
2013-02-06,28.987159729003906,33.5,0.0,33.75,32.75,33.5,0.0,3448600
2013-02-07,28.987159729003906,33.5,0.0,33.75,33.0,33.5,0.0,3500900
2013-02-08,28.987159729003906,33.5,0.0,33.75,33.0,33.5,0.0,3061600
2013-02-11,29.41980743408203,34.0,0.0,34.0,33.25,33.5,0.0,1781400
2013-02-12,29.203487396240234,33.75,0.0,34.0,33.5,33.75,0.0,2355400
2013-02-13,30.285097122192383,35.0,0.0,35.25,34.0,34.25,0.0,2883800
2013-02-14,30.717737197875977,35.5,0.0,35.5,35.0,35.0,0.0,824600
2013-02-15,30.501419067382812,35.25,0.0,35.5,35.25,35.5,0.0,270800
2013-02-18,30.501419067382812,35.25,0.0,36.0,35.0,35.5,0.0,669700
2013-02-19,29.636131286621094,34.25,0.0,35.25,33.5,35.25,0.0,2966500
2013-02-20,28.770841598510742,33.25,0.0,34.25,33.0,34.0,0.0,2904200
2013-02-21,29.203487396240234,33.75,0.0,34.25,33.0,33.0,0.0,1436900
2013-02-22,30.068777084350586,34.75,0.0,35.25,34.0,34.0,0.0,2176500
2013-02-26,30.934064865112305,35.75,0.0,36.0,34.25,35.25,0.0,2268500
2013-02-27,33.09728240966797,38.25,0.0,38.25,36.0,36.0,0.0,3464000
2013-02-28,33.31361389160156,38.5,0.0,40.0,37.5,38.25,0.0,3428200
2013-03-01,31.799352645874023,36.75,0.0,39.0,36.75,39.0,0.0,2966600
2013-03-04,30.717737197875977,35.5,0.0,37.0,35.5,37.0,0.0,1773600
2013-03-05,32.23199462890625,37.25,0.0,37.25,35.5,35.5,0.0,3583300
2013-03-06,32.44831848144531,37.5,0.0,37.75,37.25,37.5,0.0,775200
2013-03-07,33.09728240966797,38.25,0.0,38.25,36.5,37.25,0.0,1438400
2013-03-08,32.88096618652344,38.0,0.0,39.0,37.75,38.5,0.0,3301600
2013-03-11,33.31361389160156,38.5,0.0,38.75,37.0,38.0,0.0,2589900
2013-03-12,32.88096618652344,38.0,0.0,39.0,38.0,38.75,0.0,1414100
2013-03-13,35.90946960449219,41.5,0.0,41.5,38.5,38.75,0.0,3502100
2013-03-14,34.61153793334961,40.0,0.0,41.5,39.5,41.5,0.0,3434400
2013-03-15,35.47682189941406,41.0,0.0,41.0,39.5,40.25,0.0,3269600
2013-03-18,34.61153793334961,40.0,0.0,41.0,39.75,41.0,0.0,1092900
2013-03-19,33.74625015258789,39.0,0.0,41.75,38.0,40.0,0.0,2289000
2013-03-20,32.01567077636719,37.0,0.0,39.5,35.25,39.0,0.0,4196900
2013-03-21,32.44831848144531,37.5,0.0,37.75,36.5,37.25,0.0,1099200
2013-03-22,32.01567077636719,37.0,0.0,37.5,33.75,36.25,0.0,5553600
2013-03-25,33.74625015258789,39.0,0.0,39.5,36.75,37.5,0.0,2287500
2013-03-26,34.39521789550781,39.75,0.0,40.0,38.5,39.5,0.0,644400
2013-03-27,34.17889404296875,39.5,0.0,40.75,39.0,40.0,0.0,3936200
2013-03-28,32.88096618652344,38.0,0.0,39.75,38.0,39.5,0.0,1328800
2013-03-29,33.52992630004883,38.75,0.0,40.0,38.5,38.75,0.0,2255200
2013-04-01,32.88096618652344,38.0,0.0,40.0,37.5,40.0,0.0,1135300
2013-04-02,32.01567077636719,37.0,0.0,38.75,36.25,38.0,0.0,2371100
2013-04-03,30.285097122192383,35.0,0.0,37.75,34.75,37.5,0.0,1822400
2013-04-04,31.150381088256836,36.0,0.0,36.5,33.25,33.75,0.0,1742700
2013-04-05,29.41980743408203,34.0,0.0,36.0,33.75,36.0,0.0,2590600
2013-04-09,28.554519653320312,33.0,0.0,34.25,33.0,34.25,0.0,1290800
2013-04-10,27.90555191040039,32.25,0.0,33.25,31.0,33.25,0.0,4876500
2013-04-11,29.852447509765625,34.5,0.0,34.5,32.25,32.75,0.0,1562800
2013-04-12,30.501419067382812,35.25,0.0,35.75,34.5,35.0,0.0,1266200
2013-04-17,31.150381088256836,36.0,0.0,36.5,34.75,35.5,0.0,1041900
2013-04-18,32.01567077636719,37.0,0.0,38.25,36.0,36.0,0.0,3009200
2013-04-19,32.88096618652344,38.0,0.0,38.5,36.75,37.25,0.0,2267800
2013-04-22,32.88096618652344,38.0,0.0,38.75,38.0,38.75,0.0,501200
2013-04-23,32.01567077636719,37.0,0.0,38.25,36.75,38.0,0.0,1686500
2013-04-24,31.583030700683594,36.5,0.0,37.5,36.25,37.5,0.0,1398400
2013-04-25,33.31361389160156,38.5,0.0,38.5,36.5,36.5,0.0,1278900
2013-04-26,33.52992630004883,38.75,0.0,39.5,38.75,39.0,0.0,1975700
2013-04-29,32.23199462890625,37.25,0.0,39.25,37.25,39.25,0.0,99300
2013-04-30,32.23199462890625,37.25,0.0,37.25,36.0,37.25,0.0,2851000
2013-05-02,32.493690490722656,37.25,0.3,37.25,36.5,36.5,0.0,965100
2013-05-03,32.92984390258789,37.75,0.0,38.0,37.5,37.5,0.0,1347800
2013-05-07,32.92984390258789,37.75,0.0,38.0,37.25,37.75,0.0,1368200
2013-05-08,33.584083557128906,38.5,0.0,39.25,38.0,38.5,0.0,1714600
2013-05-09,33.36600875854492,38.25,0.0,39.0,37.75,39.0,0.0,786700
2013-05-10,34.238319396972656,39.25,0.0,39.75,38.25,38.5,0.0,2297400
2013-05-13,33.36600875854492,38.25,0.0,39.75,38.0,39.5,0.0,1437200
2013-05-14,33.36600875854492,38.25,0.0,38.75,38.0,38.0,0.0,1139200
2013-05-15,32.92984390258789,37.75,0.0,39.25,37.75,38.25,0.0,2407900
2013-05-16,32.27561569213867,37.0,0.0,38.25,37.0,37.75,0.0,1713300
2013-05-17,32.493690490722656,37.25,0.0,37.75,36.75,37.0,0.0,1140700
2013-05-20,32.92984390258789,37.75,0.0,37.75,37.25,37.25,0.0,598300
2013-05-21,32.493690490722656,37.25,0.0,38.0,37.25,37.75,0.0,1098900
2013-05-22,32.92984390258789,37.75,0.0,39.0,37.5,37.5,0.0,3446000
2013-05-23,32.27561569213867,37.0,0.0,38.25,36.25,38.0,0.0,2949700
2013-05-27,31.40329360961914,36.0,0.0,36.5,35.75,36.5,0.0,1611200
2013-05-28,31.40329360961914,36.0,0.0,36.75,35.75,35.75,0.0,3142300
2013-05-29,30.09482765197754,34.5,0.0,36.0,34.5,36.0,0.0,3311400
2013-05-30,30.09482765197754,34.5,0.0,35.0,34.0,34.5,0.0,2259700
2013-05-31,30.749059677124023,35.25,0.0,35.25,34.25,34.75,0.0,1845800
2013-06-03,30.749059677124023,35.25,0.0,35.5,34.75,35.0,0.0,1156900
2013-06-04,31.18522071838379,35.75,0.0,36.5,35.0,35.25,0.0,3166300
2013-06-05,31.40329360961914,36.0,0.0,36.25,35.25,35.25,0.0,1547100
2013-06-06,29.65867042541504,34.0,0.0,35.75,33.5,35.25,0.0,4129400
2013-06-07,30.53098487854004,35.0,0.0,35.75,34.0,34.0,0.0,2191200
2013-06-10,30.96713638305664,35.5,0.0,36.0,35.25,36.0,0.0,895800
2013-06-11,29.222511291503906,33.5,0.0,35.5,32.5,35.5,0.0,2733500
2013-06-12,29.65867042541504,34.0,0.0,34.25,31.75,33.0,0.0,3005400
2013-06-13,27.914043426513672,32.0,0.0,33.75,29.25,32.0,0.0,4263500
2013-06-14,29.44059181213379,33.75,0.0,34.25,33.5,34.0,0.0,1691800
2013-06-17,29.65867042541504,34.0,0.0,34.25,33.25,34.0,0.0,1005800
2013-06-18,30.31290626525879,34.75,0.0,35.5,34.0,34.25,0.0,6221600
2013-06-19,29.004432678222656,33.25,0.0,35.0,32.25,35.0,0.0,2078600
2013-06-20,27.914043426513672,32.0,0.0,32.75,31.25,32.0,0.0,2417800
2013-06-21,26.169416427612305,30.0,0.0,31.0,28.75,30.0,0.0,3746100
2013-06-24,26.169416427612305,30.0,0.0,30.5,29.5,29.75,0.0,1809200
2013-06-25,26.823650360107422,30.75,0.0,30.75,29.5,30.0,0.0,1138700
2013-06-26,27.695964813232422,31.75,0.0,32.0,30.5,31.0,0.0,1639700
2013-06-27,28.786354064941406,33.0,0.0,34.5,32.5,32.5,0.0,4350500
2013-06-28,29.004432678222656,33.25,0.0,35.0,33.25,34.0,0.0,5282200
2013-07-02,30.09482765197754,34.5,0.0,34.75,33.5,33.5,0.0,2171600
2013-07-03,30.09482765197754,34.5,0.0,34.5,33.5,34.25,0.0,734000
2013-07-04,30.09482765197754,34.5,0.0,34.5,33.5,34.0,0.0,2729500
2013-07-05,29.222511291503906,33.5,0.0,34.75,33.5,34.5,0.0,520300
2013-07-08,27.259807586669922,31.25,0.0,33.0,31.0,33.0,0.0,1669900
2013-07-09,26.387493133544922,30.25,0.0,31.5,30.0,31.25,0.0,1347300
2013-07-10,23.552474975585938,27.0,0.0,30.0,26.0,30.0,0.0,4451900
2013-07-11,26.169416427612305,30.0,0.0,31.0,27.75,28.0,0.0,2881000
2013-07-12,27.259807586669922,31.25,0.0,31.25,30.0,30.0,0.0,2162700
2013-07-15,27.04172706604004,31.0,0.0,32.0,30.75,32.0,0.0,1347100
2013-07-16,27.477882385253906,31.5,0.0,32.0,30.0,31.0,0.0,2100000
2013-07-17,27.695964813232422,31.75,0.0,32.25,31.5,32.0,0.0,2585100
2013-07-18,28.35019874572754,32.5,0.0,32.5,31.25,31.75,0.0,2544900
2013-07-19,28.56827735900879,32.75,0.0,32.75,31.5,32.0,0.0,1911400
2013-07-23,29.004432678222656,33.25,0.0,33.5,32.75,33.25,0.0,2020700
2013-07-24,28.786354064941406,33.0,0.0,33.5,32.5,33.25,0.0,2012200
2013-07-25,27.914043426513672,32.0,0.0,32.5,31.5,32.25,0.0,4283900
2013-07-26,27.914043426513672,32.0,0.0,32.25,31.0,32.25,0.0,2320100
2013-07-29,28.786354064941406,33.0,0.0,33.0,31.75,32.0,0.0,1625000
2013-07-30,28.35019874572754,32.5,0.0,33.0,32.5,33.0,0.0,405000
2013-07-31,26.387493133544922,30.25,0.0,32.5,30.0,32.5,0.0,1425300
2013-08-01,27.04172706604004,31.0,0.0,31.5,30.25,31.25,0.0,1247900
2013-08-02,27.477882385253906,31.5,0.0,31.5,30.5,31.25,0.0,1464400
2013-08-05,27.04172706604004,31.0,0.0,31.5,30.5,31.0,0.0,580900
2013-08-06,27.695964813232422,31.75,0.0,32.0,30.25,30.25,0.0,672900
2013-08-07,29.222511291503906,33.5,0.0,34.25,31.75,32.0,0.0,5122700
2013-08-08,29.44059181213379,33.75,0.0,34.25,33.25,34.0,0.0,3860300
2013-08-09,29.222511291503906,33.5,0.0,34.0,33.25,34.0,0.0,3285900
2013-08-13,31.621379852294922,36.25,0.0,36.5,34.25,34.5,0.0,5683100
2013-08-14,30.53098487854004,35.0,0.0,36.5,35.0,36.5,0.0,1274900
2013-08-15,30.09482765197754,34.5,0.0,35.75,33.5,35.5,0.0,1399700
2013-08-16,29.65867042541504,34.0,0.0,34.25,33.5,33.75,0.0,880500
2013-08-19,28.786354064941406,33.0,0.0,34.0,32.25,34.0,0.0,1170500
2013-08-20,27.914043426513672,32.0,0.0,32.75,30.5,32.75,0.0,4116400
2013-08-21,27.695964813232422,31.75,0.0,32.0,31.0,31.25,0.0,1979200
2013-08-22,28.13212013244629,32.25,0.0,32.25,30.25,31.75,0.0,2566800
2013-08-23,27.259807586669922,31.25,0.0,33.0,31.25,33.0,0.0,1441500
2013-08-26,28.13212013244629,32.25,0.0,32.25,31.0,31.0,0.0,1240400
2013-08-27,25.515178680419922,29.25,0.0,32.25,29.25,32.25,0.0,4261600
2013-08-28,25.297101974487305,29.0,0.0,29.25,26.25,28.25,0.0,4638100
2013-08-29,24.860944747924805,28.5,0.0,29.0,28.25,28.75,0.0,1592300
2013-08-30,23.988632202148438,27.5,0.0,29.0,27.25,28.75,0.0,3555300
2013-09-02,26.60556983947754,30.5,0.0,30.5,27.5,27.5,0.0,4012400
2013-09-03,26.60556983947754,30.5,0.0,31.75,30.5,30.75,0.0,1490400
2013-09-04,26.387493133544922,30.25,0.0,31.0,30.0,30.0,0.0,623100
2013-09-05,26.169416427612305,30.0,0.0,31.0,30.0,31.0,0.0,1531000
2013-09-06,26.823650360107422,30.75,0.0,31.25,29.5,30.0,0.0,3478500
2013-09-09,28.56827735900879,32.75,0.0,33.0,31.5,31.5,0.0,4234600
2013-09-10,29.65867042541504,34.0,0.0,34.25,33.0,33.5,0.0,2731600
2013-09-11,30.09482765197754,34.5,0.0,34.5,33.5,34.0,0.0,4238600
2013-09-12,32.05752944946289,36.75,0.0,36.75,35.0,35.0,0.0,6497100
2013-09-13,31.839454650878906,36.5,0.0,36.75,35.75,35.75,0.0,5207700
2013-09-16,32.27561569213867,37.0,0.0,37.5,36.5,37.25,0.0,2000000
2013-09-17,33.14793014526367,38.0,0.0,38.25,37.0,37.0,0.0,2801500
2013-09-18,33.584083557128906,38.5,0.0,38.75,38.0,38.25,0.0,2348600
2013-09-19,34.238319396972656,39.25,0.0,39.75,38.75,39.75,0.0,3248700
2013-09-20,33.80215835571289,38.75,0.0,39.25,38.25,38.5,0.0,2396900
2013-09-23,31.40329360961914,36.0,0.0,38.0,36.0,38.0,0.0,2472300
2013-09-24,31.839454650878906,36.5,0.0,36.75,35.0,35.5,0.0,1220800
2013-09-25,32.493690490722656,37.25,0.0,37.25,36.0,36.0,0.0,1815800
2013-09-26,33.36600875854492,38.25,0.0,38.75,36.25,36.25,0.0,1876400
2013-09-27,34.020240783691406,39.0,0.0,39.25,38.5,39.25,0.0,1746100
2013-09-30,33.36600875854492,38.25,0.0,38.5,37.75,38.0,0.0,1789600
2013-10-01,32.493690490722656,37.25,0.0,38.75,37.25,38.0,0.0,2897200
2013-10-02,33.80215835571289,38.75,0.0,38.75,37.5,37.5,0.0,1621200
2013-10-03,35.110633850097656,40.25,0.0,41.75,39.25,39.25,0.0,5118200
2013-10-04,35.54678726196289,40.75,0.0,41.0,39.75,40.25,0.0,2096700
2013-10-07,35.76486587524414,41.0,0.0,41.25,40.0,40.75,0.0,1404700
2013-10-08,35.110633850097656,40.25,0.0,41.0,39.5,41.0,0.0,3063500
2013-10-09,35.982940673828125,41.25,0.0,41.25,39.75,39.75,0.0,1716100
2013-10-10,36.41910171508789,41.75,0.0,42.25,40.5,41.0,0.0,2693300
2013-10-11,36.63718032836914,42.0,0.0,42.5,41.25,42.5,0.0,1349600
2013-10-14,36.41910171508789,41.75,0.0,42.5,40.75,41.5,0.0,2263100
2013-10-15,36.63718032836914,42.0,0.0,43.0,41.5,42.5,0.0,2555600
2013-10-16,35.982940673828125,41.25,0.0,42.5,41.25,42.0,0.0,1410600
2013-10-17,37.29141616821289,42.75,0.0,43.25,41.5,41.5,0.0,3481300
2013-10-18,37.29141616821289,42.75,0.0,43.25,42.5,43.0,0.0,1277000
2013-10-21,34.892555236816406,40.0,0.0,43.0,39.75,42.75,0.0,3087000
2013-10-22,35.76486587524414,41.0,0.0,41.0,39.75,40.0,0.0,1835900
2013-10-24,35.76486587524414,41.0,0.0,41.0,40.0,41.0,0.0,1231600
2013-10-25,34.456398010253906,39.5,0.0,41.0,39.0,41.0,0.0,3262700
2013-10-28,34.892555236816406,40.0,0.0,40.25,39.5,39.75,0.0,1380700
2013-10-29,34.892555236816406,40.0,0.0,40.5,39.5,40.0,0.0,551300
2013-10-30,33.80215835571289,38.75,0.0,40.25,38.5,40.25,0.0,1983300
2013-10-31,34.238319396972656,39.25,0.0,39.25,37.5,38.25,0.0,1788900
2013-11-01,34.238319396972656,39.25,0.0,40.5,38.25,38.75,0.0,1374900
2013-11-04,32.711769104003906,37.5,0.0,38.25,36.75,38.25,0.0,6222600
2013-11-05,33.80215835571289,38.75,0.0,39.25,37.0,37.0,0.0,2348100
2013-11-06,34.456398010253906,39.5,0.0,40.25,39.25,40.0,0.0,3960300
2013-11-07,34.020240783691406,39.0,0.0,40.0,39.0,40.0,0.0,1535300
2013-11-08,33.584083557128906,38.5,0.0,39.0,37.75,39.0,0.0,2717600
2013-11-11,34.238319396972656,39.25,0.0,39.25,37.0,37.0,0.0,1375500
2013-11-12,33.80215835571289,38.75,0.0,39.5,38.5,39.5,0.0,1151700
2013-11-13,33.584083557128906,38.5,0.0,39.0,38.5,38.5,0.0,821800
2013-11-14,33.584083557128906,38.5,0.0,39.0,38.5,38.75,0.0,989800
2013-11-15,34.020240783691406,39.0,0.0,39.25,38.5,39.25,0.0,611300
2013-11-18,34.020240783691406,39.0,0.0,39.5,39.0,39.25,0.0,398300
2013-11-19,32.92984390258789,37.75,0.0,39.25,37.75,39.25,0.0,532100
2013-11-20,32.92984390258789,37.75,0.0,38.75,37.5,38.5,0.0,1634700
2013-11-21,32.711769104003906,37.5,0.0,37.75,37.0,37.25,0.0,1037700
2013-11-22,31.621379852294922,36.25,0.0,37.25,36.25,37.25,0.0,1012300
2013-11-25,31.40329360961914,36.0,0.0,36.75,35.0,35.25,0.0,2725800
2013-11-26,31.621379852294922,36.25,0.0,36.5,35.5,35.75,0.0,2233600
2013-11-27,32.27561569213867,37.0,0.0,37.0,35.5,36.0,0.0,1031300
2013-11-28,30.749059677124023,35.25,0.0,37.0,35.25,37.0,0.0,1252900
2013-11-29,31.40329360961914,36.0,0.0,36.0,34.5,34.75,0.0,1656100
2013-12-02,30.31290626525879,34.75,0.0,35.75,34.25,35.5,0.0,2402500
2013-12-03,32.493690490722656,37.25,0.0,37.5,34.5,34.5,0.0,4022200
2013-12-04,31.40329360961914,36.0,0.0,37.0,35.5,37.0,0.0,2629800
2013-12-06,30.53098487854004,35.0,0.0,35.75,34.5,35.5,0.0,1341500
2013-12-09,30.09482765197754,34.5,0.0,36.0,34.0,35.75,0.0,1893800
2013-12-11,29.87674903869629,34.25,0.0,34.75,33.75,34.5,0.0,1508400
2013-12-12,29.44059181213379,33.75,0.0,34.25,33.75,34.0,0.0,800000
2013-12-13,27.914043426513672,32.0,0.0,33.75,31.5,33.5,0.0,3683000
2013-12-16,26.169416427612305,30.0,0.0,31.75,29.75,31.75,0.0,3539200
2013-12-17,26.387493133544922,30.25,0.0,30.75,30.0,30.25,0.0,2437000
2013-12-18,28.13212013244629,32.25,0.0,32.25,30.5,30.5,0.0,7434800
2013-12-19,28.35019874572754,32.5,0.0,32.5,31.75,32.25,0.0,2848400
2013-12-20,27.914043426513672,32.0,0.0,32.5,31.75,32.0,0.0,1448900
2013-12-23,27.259807586669922,31.25,0.0,32.0,30.75,32.0,0.0,1952600
2013-12-24,27.259807586669922,31.25,0.0,32.0,30.0,30.5,0.0,1898600
2013-12-25,26.387493133544922,30.25,0.0,31.5,30.25,31.0,0.0,1120400
2013-12-26,24.860944747924805,28.5,0.0,31.0,28.25,30.25,0.0,4208200
2013-12-27,23.988632202148438,27.5,0.0,29.0,27.25,28.5,0.0,2984800
2014-01-02,22.898239135742188,26.25,0.0,27.5,25.75,27.25,0.0,4502000
2014-01-03,22.025922775268555,25.25,0.0,26.0,24.700000762939453,25.5,0.0,5393600
2014-01-06,21.022764205932617,24.100000381469727,0.0,25.25,24.0,25.25,0.0,5941100
2014-01-07,21.45891761779785,24.600000381469727,0.0,25.25,24.399999618530273,24.5,0.0,10820400
2014-01-08,21.720613479614258,24.899999618530273,0.0,25.75,24.799999237060547,25.0,0.0,9838400
2014-01-09,21.807844161987305,25.0,0.0,26.0,24.899999618530273,25.25,0.0,13087900
2014-01-10,21.807844161987305,25.0,0.0,25.0,24.399999618530273,24.600000381469727,0.0,3425600
2014-01-13,22.680158615112305,26.0,0.0,26.0,24.600000381469727,24.600000381469727,0.0,6773700
2014-01-14,23.116317749023438,26.5,0.0,27.25,25.75,26.0,0.0,8432400
2014-01-15,23.116317749023438,26.5,0.0,27.5,26.25,26.75,0.0,8285000
2014-01-16,25.079023361206055,28.75,0.0,29.0,26.25,26.75,0.0,11288200
2014-01-17,25.079023361206055,28.75,0.0,29.5,28.25,28.75,0.0,6254200
2014-01-20,24.642866134643555,28.25,0.0,28.5,27.75,28.5,0.0,2935900
2014-01-21,24.860944747924805,28.5,0.0,29.0,28.25,28.25,0.0,1975400
2014-01-22,24.206708908081055,27.75,0.0,28.25,27.5,28.0,0.0,2347700
2014-01-23,23.988632202148438,27.5,0.0,28.25,27.5,28.25,0.0,5693800
2014-01-24,23.552474975585938,27.0,0.0,27.75,26.75,27.75,0.0,3767600
2014-01-27,23.552474975585938,27.0,0.0,27.0,26.0,26.5,0.0,2006900
2014-01-28,23.988632202148438,27.5,0.0,27.75,26.25,26.75,0.0,6215700
2014-01-29,23.552474975585938,27.0,0.0,28.0,27.0,27.75,0.0,4001900
2014-01-30,24.206708908081055,27.75,0.0,27.75,26.25,26.5,0.0,2860700
2014-01-31,23.770553588867188,27.25,0.0,27.75,27.0,27.75,0.0,2187400
2014-02-03,24.642866134643555,28.25,0.0,28.25,27.25,27.25,0.0,2628200
2014-02-04,23.988632202148438,27.5,0.0,28.0,27.5,28.0,0.0,685300
2014-02-05,25.079023361206055,28.75,0.0,29.0,27.5,27.75,0.0,3735200
2014-02-06,25.951337814331055,29.75,0.0,30.25,29.0,29.25,0.0,5912700
2014-02-07,25.733257293701172,29.5,0.0,30.25,29.0,29.75,0.0,5925700
2014-02-10,24.642866134643555,28.25,0.0,29.5,28.25,29.5,0.0,1702500
2014-02-11,25.079023361206055,28.75,0.0,28.75,28.25,28.75,0.0,1346800
2014-02-12,26.169416427612305,30.0,0.0,30.25,28.75,29.0,0.0,4388700
2014-02-13,26.823650360107422,30.75,0.0,31.5,29.5,29.75,0.0,4645000
2014-02-17,28.56827735900879,32.75,0.0,33.0,31.0,31.25,0.0,4522300
2014-02-18,28.13212013244629,32.25,0.0,32.5,31.25,32.0,0.0,4194700
2014-02-19,26.60556983947754,30.5,0.0,32.5,30.5,32.25,0.0,6643900
2014-02-20,26.60556983947754,30.5,0.0,30.75,29.75,30.25,0.0,3774000
2014-02-21,26.169416427612305,30.0,0.0,30.75,29.75,30.75,0.0,2815400
2014-02-24,25.733257293701172,29.5,0.0,29.5,28.75,29.25,0.0,3297800
2014-02-25,26.169416427612305,30.0,0.0,30.25,29.75,29.75,0.0,2168400
2014-02-26,26.169416427612305,30.0,0.0,30.25,29.75,29.75,0.0,1875100
2014-02-27,26.60556983947754,30.5,0.0,30.5,29.5,30.25,0.0,2491500
2014-02-28,26.387493133544922,30.25,0.0,30.5,30.0,30.5,0.0,2150600
2014-03-03,27.695964813232422,31.75,0.0,32.25,30.75,30.75,0.0,8348200
2014-03-04,27.914043426513672,32.0,0.0,32.75,32.0,32.0,0.0,5164100
2014-03-05,28.35019874572754,32.5,0.0,33.0,32.25,32.75,0.0,6308300
2014-03-06,28.35019874572754,32.5,0.0,32.75,32.25,32.5,0.0,1406300
2014-03-07,27.914043426513672,32.0,0.0,32.5,31.75,32.5,0.0,1761000
2014-03-10,27.259807586669922,31.25,0.0,31.75,30.75,31.75,0.0,3380800
2014-03-11,28.13212013244629,32.25,0.0,32.5,31.5,31.5,0.0,3681600
2014-03-12,27.695964813232422,31.75,0.0,32.25,31.75,32.25,0.0,854100
2014-03-13,28.56827735900879,32.75,0.0,32.75,31.75,31.75,0.0,1713700
2014-03-14,29.65867042541504,34.0,0.0,34.0,32.25,32.25,0.0,2763500
2014-03-17,29.65867042541504,34.0,0.0,34.25,33.25,34.0,0.0,3757600
2014-03-18,28.35019874572754,32.5,0.0,33.75,32.25,33.75,0.0,5787200
2014-03-19,27.259807586669922,31.25,0.0,33.0,31.0,32.5,0.0,4910600
2014-03-20,26.60556983947754,30.5,0.0,31.5,30.25,31.0,0.0,6080400
2014-03-21,26.169416427612305,30.0,0.0,31.0,29.25,30.5,0.0,7349000
2014-03-24,26.169416427612305,30.0,0.0,30.25,29.25,29.75,0.0,4656800
2014-03-25,25.515178680419922,29.25,0.0,30.0,29.25,30.0,0.0,4190400
2014-03-26,26.387493133544922,30.25,0.0,30.5,29.5,29.75,0.0,3415200
2014-03-27,25.733257293701172,29.5,0.0,30.5,29.5,30.25,0.0,1277300
2014-03-28,26.169416427612305,30.0,0.0,30.25,29.5,29.75,0.0,2345700
2014-03-31,26.387493133544922,30.25,0.0,30.25,30.0,30.25,0.0,1015400
2014-04-01,26.60556983947754,30.5,0.0,30.5,29.75,30.25,0.0,1122400
2014-04-02,27.914043426513672,32.0,0.0,32.5,30.5,30.75,0.0,5695800
2014-04-03,27.914043426513672,32.0,0.0,32.25,31.25,32.0,0.0,2872600
2014-04-04,27.477882385253906,31.5,0.0,32.0,31.25,32.0,0.0,1822100
2014-04-08,26.60556983947754,30.5,0.0,31.5,30.25,31.25,0.0,1865400
2014-04-09,26.387493133544922,30.25,0.0,31.0,30.25,30.75,0.0,989300
2014-04-10,26.387493133544922,30.25,0.0,30.75,30.0,30.0,0.0,1172400
2014-04-11,26.169416427612305,30.0,0.0,30.25,29.75,30.25,0.0,1028700
2014-04-16,26.387493133544922,30.25,0.0,30.75,30.0,30.0,0.0,2068400
2014-04-17,26.169416427612305,30.0,0.0,30.5,30.0,30.25,0.0,3096700
2014-04-18,26.60556983947754,30.5,0.0,30.75,30.0,30.25,0.0,2732700
2014-04-21,27.259807586669922,31.25,0.0,31.25,30.5,30.75,0.0,1870300
2014-04-22,27.04172706604004,31.0,0.0,31.25,30.75,31.25,0.0,1087800
2014-04-23,26.823650360107422,30.75,0.0,31.0,30.5,31.0,0.0,2087000
2014-04-24,26.387493133544922,30.25,0.0,30.75,30.25,30.75,0.0,1332200
2014-04-25,26.823650360107422,30.75,0.0,31.25,30.25,30.5,0.0,2427300
2014-04-28,27.04172706604004,31.0,0.0,31.25,30.5,31.0,0.0,107200
2014-04-29,27.04172706604004,31.0,0.0,31.5,31.0,31.0,0.0,1851600
2014-04-30,27.395214080810547,31.0,0.4,31.25,30.5,30.75,0.0,1145100
2014-05-02,27.174285888671875,30.75,0.0,31.25,30.75,31.25,0.0,747400
2014-05-06,26.7324275970459,30.25,0.0,31.0,30.25,30.75,0.0,536600
2014-05-07,27.174285888671875,30.75,0.0,30.75,28.5,29.5,0.0,2531300
2014-05-08,26.7324275970459,30.25,0.0,30.5,29.75,30.25,0.0,2240400
2014-05-09,25.62778091430664,29.0,0.0,30.5,29.0,30.5,0.0,1591600
2014-05-12,26.7324275970459,30.25,0.0,30.25,28.75,28.75,0.0,2907200
2014-05-14,26.95335578918457,30.5,0.0,30.5,30.0,30.25,0.0,1333900
2014-05-15,26.95335578918457,30.5,0.0,30.75,30.0,30.25,0.0,885000
2014-05-16,27.174285888671875,30.75,0.0,31.25,30.0,30.0,0.0,1585000
2014-05-19,27.837072372436523,31.5,0.0,31.5,30.5,30.5,0.0,2067000
2014-05-20,27.395214080810547,31.0,0.0,31.25,30.25,31.0,0.0,2403700
2014-05-21,27.837072372436523,31.5,0.0,31.5,30.75,31.25,0.0,739200
2014-05-22,28.058002471923828,31.75,0.0,32.0,31.5,31.75,0.0,6585500
2014-05-23,28.720788955688477,32.5,0.0,32.5,30.25,30.75,0.0,7260900
2014-05-26,27.61614418029785,31.25,0.0,32.5,31.0,32.5,0.0,3982000
2014-05-27,27.174285888671875,30.75,0.0,31.5,30.5,31.5,0.0,3293500
2014-05-28,27.395214080810547,31.0,0.0,32.0,31.0,31.0,0.0,2670400
2014-05-29,27.395214080810547,31.0,0.0,31.5,30.75,31.5,0.0,1398800
2014-05-30,28.499860763549805,32.25,0.0,32.5,31.0,31.25,0.0,5698200
2014-06-02,28.499860763549805,32.25,0.0,32.75,31.75,32.75,0.0,5690300
2014-06-03,29.825437545776367,33.75,0.0,34.0,32.75,33.0,0.0,5586600
2014-06-04,29.162647247314453,33.0,0.0,34.25,33.0,34.0,0.0,4041300
2014-06-05,29.825437545776367,33.75,0.0,34.0,33.0,33.25,0.0,2955200
2014-06-06,29.604503631591797,33.5,0.0,34.0,33.5,34.0,0.0,2455400
2014-06-09,30.93008041381836,35.0,0.0,35.25,33.5,33.75,0.0,6745700
2014-06-10,30.93008041381836,35.0,0.0,35.5,34.75,35.25,0.0,2680100
2014-06-11,30.70915412902832,34.75,0.0,35.5,34.5,35.5,0.0,2686900
2014-06-12,30.70915412902832,34.75,0.0,35.25,34.25,34.25,0.0,1990100
2014-06-13,32.034732818603516,36.25,0.0,36.5,34.75,34.75,0.0,6910900
2014-06-16,31.37193489074707,35.5,0.0,36.5,35.5,36.25,0.0,2811100
2014-06-17,31.592870712280273,35.75,0.0,36.0,35.25,36.0,0.0,2621900
2014-06-18,30.93008041381836,35.0,0.0,35.75,34.25,35.5,0.0,4361000
2014-06-19,32.034732818603516,36.25,0.0,36.25,34.75,35.0,0.0,3053900
2014-06-20,32.034732818603516,36.25,0.0,36.25,35.75,35.75,0.0,970100
2014-06-23,31.813793182373047,36.0,0.0,36.5,35.75,36.5,0.0,346500
2014-06-24,31.15100860595703,35.25,0.0,35.75,35.0,35.5,0.0,751500
2014-06-25,31.813793182373047,36.0,0.0,36.25,35.0,35.0,0.0,1555300
2014-06-26,32.69751739501953,37.0,0.0,37.5,35.5,35.5,0.0,2175300
2014-06-27,32.69751739501953,37.0,0.0,37.5,36.5,37.25,0.0,896900
2014-06-30,32.69751739501953,37.0,0.0,37.5,36.75,37.0,0.0,707400
2014-07-02,32.47658157348633,36.75,0.0,37.25,36.75,37.0,0.0,1087800
2014-07-03,32.47658157348633,36.75,0.0,37.25,36.75,37.0,0.0,893900
2014-07-04,33.139373779296875,37.5,0.0,38.25,36.75,37.0,0.0,2314400
2014-07-07,32.69751739501953,37.0,0.0,38.0,37.0,37.5,0.0,948900
2014-07-08,32.47658157348633,36.75,0.0,37.5,36.75,37.5,0.0,1549400
2014-07-09,32.69751739501953,37.0,0.0,37.75,36.5,36.75,0.0,962800
2014-07-10,33.139373779296875,37.5,0.0,38.0,36.75,37.0,0.0,1461200
2014-07-14,33.36030197143555,37.75,0.0,38.0,37.5,37.5,0.0,2501800
2014-07-15,33.581233978271484,38.0,0.0,38.5,37.75,38.0,0.0,1827500
2014-07-16,33.36030197143555,37.75,0.0,38.0,37.5,37.75,0.0,1609400
2014-07-17,33.802162170410156,38.25,0.0,38.75,37.5,37.75,0.0,2454800
2014-07-18,34.02309036254883,38.5,0.0,38.5,38.0,38.0,0.0,3546200
2014-07-21,34.90680694580078,39.5,0.0,40.0,38.75,38.75,0.0,3379000
2014-07-22,34.46495056152344,39.0,0.0,39.5,38.75,39.5,0.0,1190500
2014-07-23,35.790523529052734,40.5,0.0,40.5,39.0,39.25,0.0,2767600
2014-07-24,35.12773132324219,39.75,0.0,40.5,39.5,40.5,0.0,445500
2014-07-25,35.34866714477539,40.0,0.0,40.5,39.25,39.5,0.0,1659100
2014-07-28,36.011451721191406,40.75,0.0,40.75,39.75,40.0,0.0,1684200
2014-07-29,35.34866714477539,40.0,0.0,40.75,40.0,40.75,0.0,774600
2014-07-30,35.34866714477539,40.0,0.0,40.0,38.5,39.5,0.0,3373000
2014-07-31,33.802162170410156,38.25,0.0,39.5,38.0,39.5,0.0,4498700
2014-08-01,31.813793182373047,36.0,0.0,37.5,35.75,37.0,0.0,6600500
2014-08-04,32.47658157348633,36.75,0.0,37.0,36.0,36.25,0.0,1890400
2014-08-05,33.36030197143555,37.75,0.0,37.75,37.0,37.0,0.0,1541200
2014-08-06,32.9184455871582,37.25,0.0,37.75,37.0,37.75,0.0,674300
2014-08-07,32.69751739501953,37.0,0.0,37.25,36.75,37.25,0.0,1895200
2014-08-08,32.25565719604492,36.5,0.0,37.5,36.0,36.75,0.0,1932700
2014-08-13,33.139373779296875,37.5,0.0,37.5,36.75,37.0,0.0,6699600
2014-08-14,33.36030197143555,37.75,0.0,38.0,37.25,37.5,0.0,5460900
2014-08-15,33.36030197143555,37.75,0.0,38.0,37.0,38.0,0.0,1875000
2014-08-18,33.581233978271484,38.0,0.0,38.25,37.5,38.0,0.0,3411600
2014-08-19,33.36030197143555,37.75,0.0,38.5,37.5,38.25,0.0,1026000
2014-08-20,33.802162170410156,38.25,0.0,38.25,37.5,38.0,0.0,1976700
2014-08-21,33.36030197143555,37.75,0.0,38.25,37.5,38.0,0.0,1746700
2014-08-22,33.581233978271484,38.0,0.0,38.25,37.75,38.0,0.0,1541000
2014-08-25,34.2440185546875,38.75,0.0,39.0,38.0,38.25,0.0,1501000
2014-08-26,34.90680694580078,39.5,0.0,40.0,39.0,39.0,0.0,4388600
2014-08-27,34.90680694580078,39.5,0.0,40.0,38.75,39.75,0.0,1543900
2014-08-28,35.34866714477539,40.0,0.0,40.0,39.0,39.25,0.0,1499000
2014-08-29,34.90680694580078,39.5,0.0,39.75,39.25,39.5,0.0,1334300
2014-09-01,36.453304290771484,41.25,0.0,41.25,39.5,40.0,0.0,4696800
2014-09-02,36.23237991333008,41.0,0.0,42.0,40.25,41.25,0.0,3516400
2014-09-03,36.23237991333008,41.0,0.0,41.25,40.75,41.25,0.0,1972600
2014-09-04,35.56959533691406,40.25,0.0,42.0,40.25,42.0,0.0,3923600
2014-09-05,35.12773132324219,39.75,0.0,40.75,39.5,40.5,0.0,2809600
2014-09-08,35.34866714477539,40.0,0.0,40.25,39.75,40.0,0.0,670800
2014-09-09,35.790523529052734,40.5,0.0,40.5,39.5,39.75,0.0,1227800
2014-09-10,35.56959533691406,40.25,0.0,40.5,39.5,40.5,0.0,1009800
2014-09-11,34.90680694580078,39.5,0.0,40.25,39.25,40.0,0.0,1130700
2014-09-12,34.90680694580078,39.5,0.0,39.75,39.25,39.25,0.0,1354600
2014-09-15,35.12773132324219,39.75,0.0,39.75,39.5,39.5,0.0,869100
2014-09-16,34.90680694580078,39.5,0.0,39.75,39.25,39.5,0.0,499700
2014-09-17,34.46495056152344,39.0,0.0,39.5,38.75,39.25,0.0,1400600
2014-09-18,34.90680694580078,39.5,0.0,40.0,39.0,39.0,0.0,333000
2014-09-19,34.68587875366211,39.25,0.0,40.0,39.0,40.0,0.0,752100
2014-09-22,34.68587875366211,39.25,0.0,39.5,38.75,39.25,0.0,1073800
2014-09-23,34.90680694580078,39.5,0.0,39.75,39.5,39.75,0.0,881400
2014-09-24,35.12773132324219,39.75,0.0,39.75,39.25,39.75,0.0,670300
2014-09-25,35.790523529052734,40.5,0.0,40.5,39.5,39.75,0.0,1102300
2014-09-26,35.790523529052734,40.5,0.0,40.75,40.0,40.5,0.0,1000700
2014-09-29,36.011451721191406,40.75,0.0,41.25,40.0,40.5,0.0,2005100
2014-09-30,35.56959533691406,40.25,0.0,40.5,39.5,40.5,0.0,764900
2014-10-01,35.34866714477539,40.0,0.0,40.25,39.75,40.25,0.0,940200
2014-10-02,34.2440185546875,38.75,0.0,39.75,38.0,39.75,0.0,2538600
2014-10-03,34.68587875366211,39.25,0.0,39.5,38.25,38.5,0.0,1700300
2014-10-06,33.139373779296875,37.5,0.0,39.5,37.0,39.25,0.0,2866000
2014-10-07,33.139373779296875,37.5,0.0,38.0,37.0,37.0,0.0,1087200
2014-10-08,33.139373779296875,37.5,0.0,37.5,37.0,37.0,0.0,812300
2014-10-09,34.02309036254883,38.5,0.0,39.0,38.0,38.0,0.0,1794800
2014-10-10,34.2440185546875,38.75,0.0,38.75,37.5,37.5,0.0,720800
2014-10-13,34.02309036254883,38.5,0.0,38.75,37.5,38.0,0.0,1649200
2014-10-14,33.802162170410156,38.25,0.0,38.75,37.5,38.75,0.0,1081900
2014-10-15,34.46495056152344,39.0,0.0,39.5,38.25,38.25,0.0,2614500
2014-10-16,33.802162170410156,38.25,0.0,38.75,37.75,38.5,0.0,1149500
2014-10-17,33.139373779296875,37.5,0.0,38.0,37.25,38.0,0.0,1857800
2014-10-20,32.69751739501953,37.0,0.0,38.0,36.5,37.75,0.0,893200
2014-10-21,32.9184455871582,37.25,0.0,37.5,36.75,37.0,0.0,875000
2014-10-22,33.581233978271484,38.0,0.0,38.0,37.25,37.5,0.0,438200
2014-10-24,33.36030197143555,37.75,0.0,37.75,37.25,37.5,0.0,847400
2014-10-27,33.581233978271484,38.0,0.0,38.25,37.5,37.75,0.0,375000
2014-10-28,33.802162170410156,38.25,0.0,38.5,37.5,37.75,0.0,701700
2014-10-29,33.802162170410156,38.25,0.0,38.75,38.0,38.75,0.0,89500
2014-10-30,33.36030197143555,37.75,0.0,38.25,37.75,38.25,0.0,525300
2014-10-31,33.36030197143555,37.75,0.0,38.25,37.5,37.75,0.0,1684700
2014-11-03,32.69751739501953,37.0,0.0,38.25,37.0,38.25,0.0,1021900
2014-11-04,32.9184455871582,37.25,0.0,37.5,37.0,37.25,0.0,1574100
2014-11-05,31.813793182373047,36.0,0.0,37.25,35.75,37.25,0.0,7294300
2014-11-06,31.592870712280273,35.75,0.0,36.25,35.0,36.0,0.0,3643300
2014-11-07,30.93008041381836,35.0,0.0,35.5,34.5,35.5,0.0,4931900
2014-11-10,30.70915412902832,34.75,0.0,35.0,34.0,35.0,0.0,1471200
2014-11-11,30.04636573791504,34.0,0.0,35.0,33.75,34.5,0.0,2036800
2014-11-12,29.162647247314453,33.0,0.0,34.0,33.0,34.0,0.0,2209400
2014-11-13,29.383575439453125,33.25,0.0,34.0,33.0,33.0,0.0,2230800
2014-11-14,30.04636573791504,34.0,0.0,34.25,33.25,33.75,0.0,3126900
2014-11-17,30.26729393005371,34.25,0.0,35.0,34.25,34.25,0.0,3211200
2014-11-18,31.15100860595703,35.25,0.0,35.5,34.25,34.25,0.0,3113500
2014-11-19,31.813793182373047,36.0,0.0,36.0,34.75,35.5,0.0,2875500
2014-11-20,31.37193489074707,35.5,0.0,35.75,35.0,35.75,0.0,3222200
2014-11-21,31.592870712280273,35.75,0.0,36.0,35.0,35.25,0.0,1936700
2014-11-24,31.37193489074707,35.5,0.0,36.0,35.25,35.75,0.0,1638300
2014-11-25,30.04636573791504,34.0,0.0,36.0,34.0,35.75,0.0,10583300
2014-11-26,30.70915412902832,34.75,0.0,35.75,34.25,34.5,0.0,3285300
2014-11-27,31.37193489074707,35.5,0.0,36.0,34.0,34.0,0.0,7417900
2014-11-28,31.37193489074707,35.5,0.0,36.5,35.25,35.5,0.0,3804900
2014-12-01,32.47658157348633,36.75,0.0,37.5,35.5,35.5,0.0,5141500
2014-12-02,32.25565719604492,36.5,0.0,36.75,36.25,36.75,0.0,1907300
2014-12-03,32.034732818603516,36.25,0.0,37.0,36.25,36.75,0.0,619900
2014-12-04,32.034732818603516,36.25,0.0,37.0,36.25,36.5,0.0,5084200
2014-12-08,31.813793182373047,36.0,0.0,37.0,36.0,36.75,0.0,1316800
2014-12-09,30.93008041381836,35.0,0.0,36.0,34.5,36.0,0.0,2528200
2014-12-11,30.04636573791504,34.0,0.0,34.75,33.0,34.75,0.0,6355600
2014-12-12,29.825437545776367,33.75,0.0,34.0,33.25,33.75,0.0,1955000
2014-12-15,29.162647247314453,33.0,0.0,33.75,26.75,33.25,0.0,4726900
2014-12-16,28.499860763549805,32.25,0.0,32.75,31.0,32.5,0.0,1804400
2014-12-17,28.94171714782715,32.75,0.0,33.0,32.25,32.25,0.0,1342300
2014-12-18,29.162647247314453,33.0,0.0,33.5,32.5,33.0,0.0,2140100
2014-12-19,29.162647247314453,33.0,0.0,33.75,32.25,33.5,0.0,2073900
2014-12-22,29.383575439453125,33.25,0.0,33.5,32.5,33.25,0.0,1356700
2014-12-23,28.94171714782715,32.75,0.0,33.5,32.5,33.25,0.0,2060700
2014-12-24,28.720788955688477,32.5,0.0,33.25,32.5,33.25,0.0,986400
2014-12-25,28.499860763549805,32.25,0.0,32.5,31.75,32.25,0.0,1085500
2014-12-26,28.499860763549805,32.25,0.0,32.5,32.0,32.25,0.0,1014900
2014-12-29,27.837072372436523,31.5,0.0,32.25,31.5,32.0,0.0,1728800
2014-12-30,27.395214080810547,31.0,0.0,31.75,30.5,31.75,0.0,3432300
2015-01-05,27.174285888671875,30.75,0.0,31.75,30.5,31.25,0.0,1809500
2015-01-06,27.174285888671875,30.75,0.0,31.0,30.5,30.5,0.0,1076300
2015-01-07,27.837072372436523,31.5,0.0,31.75,30.75,30.75,0.0,1503200
2015-01-08,28.058002471923828,31.75,0.0,32.0,31.25,31.5,0.0,2389500
2015-01-09,28.278932571411133,32.0,0.0,32.5,32.0,32.25,0.0,1379600
2015-01-12,28.720788955688477,32.5,0.0,32.5,32.0,32.25,0.0,1231200
2015-01-13,28.499860763549805,32.25,0.0,32.5,31.5,32.25,0.0,1045300
2015-01-14,28.499860763549805,32.25,0.0,32.75,32.0,32.25,0.0,1525600
2015-01-15,28.278932571411133,32.0,0.0,32.5,31.75,32.5,0.0,1797600
2015-01-16,27.837072372436523,31.5,0.0,31.75,31.0,31.75,0.0,3081900
2015-01-19,28.278932571411133,32.0,0.0,32.0,31.75,32.0,0.0,897900
2015-01-20,28.278932571411133,32.0,0.0,32.5,31.75,32.0,0.0,1278000
2015-01-21,28.058002471923828,31.75,0.0,32.25,31.75,32.0,0.0,822000
2015-01-22,28.94171714782715,32.75,0.0,33.25,31.75,32.0,0.0,2199700
2015-01-23,30.04636573791504,34.0,0.0,34.0,33.0,33.25,0.0,3637600
2015-01-26,29.604503631591797,33.5,0.0,34.0,33.0,34.0,0.0,2591100
2015-01-27,29.825437545776367,33.75,0.0,35.0,33.5,33.5,0.0,3325300
2015-01-28,30.04636573791504,34.0,0.0,34.5,33.5,34.0,0.0,2425600
2015-01-29,30.488224029541016,34.5,0.0,34.75,33.25,34.75,0.0,2996700
2015-01-30,30.04636573791504,34.0,0.0,34.75,33.75,34.75,0.0,1716100
2015-02-02,29.825437545776367,33.75,0.0,34.0,33.5,34.0,0.0,1087500
2015-02-03,29.825437545776367,33.75,0.0,34.0,33.25,34.0,0.0,1770000
2015-02-04,29.825437545776367,33.75,0.0,34.25,33.5,33.75,0.0,1137800
2015-02-05,29.383575439453125,33.25,0.0,34.0,33.0,33.75,0.0,1433000
2015-02-06,28.94171714782715,32.75,0.0,33.75,32.5,33.25,0.0,1994500
2015-02-09,28.499860763549805,32.25,0.0,33.0,32.25,32.5,0.0,1297800
2015-02-10,28.94171714782715,32.75,0.0,32.75,32.0,32.0,0.0,721600
2015-02-11,29.383575439453125,33.25,0.0,33.25,31.75,32.75,0.0,1620500
2015-02-12,28.720788955688477,32.5,0.0,33.0,32.5,33.0,0.0,990500
2015-02-13,28.499860763549805,32.25,0.0,32.75,32.25,32.5,0.0,576200
2015-02-16,28.720788955688477,32.5,0.0,33.0,32.25,32.25,0.0,749700
2015-02-17,28.278932571411133,32.0,0.0,32.5,32.0,32.25,0.0,436600
2015-02-18,28.499860763549805,32.25,0.0,32.5,31.75,32.0,0.0,958800
2015-02-19,28.499860763549805,32.25,0.0,32.75,32.0,32.25,0.0,1251200
2015-02-20,28.058002471923828,31.75,0.0,32.75,31.75,32.5,0.0,1249200
2015-02-23,28.058002471923828,31.75,0.0,32.25,31.75,32.0,0.0,414800
2015-02-24,28.278932571411133,32.0,0.0,32.25,31.75,32.0,0.0,867700
2015-02-25,28.058002471923828,31.75,0.0,32.5,31.5,32.0,0.0,1336900
2015-02-26,27.837072372436523,31.5,0.0,31.75,31.0,31.75,0.0,1142800
2015-02-27,27.61614418029785,31.25,0.0,31.75,31.25,31.5,0.0,628400
2015-03-02,27.61614418029785,31.25,0.0,31.5,30.75,31.0,0.0,862900
2015-03-03,26.511499404907227,30.0,0.0,31.25,30.0,31.0,0.0,1323700
2015-03-05,25.848711013793945,29.25,0.0,30.0,29.25,30.0,0.0,2827700
2015-03-06,26.290571212768555,29.75,0.0,30.0,29.5,29.5,0.0,1453600
2015-03-09,26.069639205932617,29.5,0.0,29.75,29.25,29.25,0.0,1707000
2015-03-10,25.62778091430664,29.0,0.0,30.0,29.0,29.5,0.0,1629700
2015-03-11,26.511499404907227,30.0,0.0,30.0,28.75,29.0,0.0,1754200
2015-03-12,27.395214080810547,31.0,0.0,31.0,29.75,30.5,0.0,2582500
2015-03-13,27.174285888671875,30.75,0.0,31.5,30.5,31.0,0.0,3188800
2015-03-16,26.290571212768555,29.75,0.0,31.25,29.5,30.5,0.0,2491900
2015-03-17,26.511499404907227,30.0,0.0,30.5,29.75,30.0,0.0,1825300
2015-03-18,27.174285888671875,30.75,0.0,30.75,30.0,30.0,0.0,1457100
2015-03-19,27.174285888671875,30.75,0.0,31.0,30.5,30.75,0.0,605900
2015-03-20,27.61614418029785,31.25,0.0,31.25,30.5,30.75,0.0,1865800
2015-03-23,26.95335578918457,30.5,0.0,31.5,30.25,31.25,0.0,1238600
2015-03-24,28.058002471923828,31.75,0.0,31.75,30.0,30.75,0.0,2862200
2015-03-25,28.058002471923828,31.75,0.0,32.25,31.25,32.25,0.0,3257900
2015-03-26,28.058002471923828,31.75,0.0,32.25,31.0,31.5,0.0,1408700
2015-03-27,28.94171714782715,32.75,0.0,33.0,31.25,32.0,0.0,3825300
2015-03-30,29.162647247314453,33.0,0.0,33.5,32.75,33.25,0.0,4453700
2015-03-31,28.94171714782715,32.75,0.0,33.25,32.25,33.0,0.0,1351200
2015-04-01,29.162647247314453,33.0,0.0,33.25,32.5,33.25,0.0,1137600
2015-04-02,29.825437545776367,33.75,0.0,34.0,33.0,33.25,0.0,2589300
2015-04-03,30.488224029541016,34.5,0.0,34.75,33.75,34.0,0.0,1909200
2015-04-07,30.04636573791504,34.0,0.0,35.0,34.0,35.0,0.0,874000
2015-04-08,29.604503631591797,33.5,0.0,34.25,33.5,34.25,0.0,1399700
2015-04-09,30.26729393005371,34.25,0.0,34.25,33.25,33.5,0.0,1455300
2015-04-10,30.04636573791504,34.0,0.0,34.25,33.75,34.25,0.0,791700
2015-04-16,30.70915412902832,34.75,0.0,35.0,33.5,33.5,0.0,2195600
2015-04-17,30.70915412902832,34.75,0.0,35.0,34.25,35.0,0.0,750300
2015-04-20,30.93008041381836,35.0,0.0,35.0,34.0,34.25,0.0,996200
2015-04-21,30.488224029541016,34.5,0.0,35.25,34.5,35.0,0.0,1311600
2015-04-22,30.70915412902832,34.75,0.0,35.0,34.5,35.0,0.0,1616800
2015-04-23,30.93008041381836,35.0,0.0,35.0,34.25,34.75,0.0,1672900
2015-04-24,30.488224029541016,34.5,0.0,34.75,34.0,34.75,0.0,1434900
2015-04-27,30.488224029541016,34.5,0.0,35.0,34.5,35.0,0.0,502800
2015-04-28,30.26729393005371,34.25,0.0,34.75,33.75,34.75,0.0,2327900
2015-04-29,29.283716201782227,32.75,0.4,34.0,32.5,33.5,0.0,3374500
2015-04-30,29.954336166381836,33.5,0.0,34.25,32.0,32.5,0.0,1343600
2015-05-04,29.954336166381836,33.5,0.0,33.5,33.5,33.5,0.0,0
2015-05-06,30.177879333496094,33.75,0.0,34.0,32.75,33.5,0.0,3028700
2015-05-07,29.060176849365234,32.5,0.0,33.5,32.25,33.0,0.0,1128100
2015-05-08,29.283716201782227,32.75,0.0,33.0,32.25,32.25,0.0,1134300
2015-05-11,28.83663558959961,32.25,0.0,32.75,32.25,32.5,0.0,825800
2015-05-12,29.060176849365234,32.5,0.0,33.0,32.0,32.25,0.0,1000500
2015-05-13,28.389558792114258,31.75,0.0,32.5,31.5,32.0,0.0,919300
2015-05-14,30.401416778564453,34.0,0.0,34.0,31.5,31.5,0.0,4091400
2015-05-15,30.624958038330078,34.25,0.0,36.25,33.5,34.0,0.0,5991600
2015-05-18,31.295576095581055,35.0,0.0,36.0,34.25,35.25,0.0,4524200
2015-05-19,31.742650985717773,35.5,0.0,36.0,35.25,35.75,0.0,3559000
2015-05-20,31.072038650512695,34.75,0.0,36.0,34.75,36.0,0.0,2886700
2015-05-21,30.848493576049805,34.5,0.0,35.0,34.25,35.0,0.0,1858100
2015-05-22,32.86035919189453,36.75,0.0,37.0,35.0,35.0,0.0,5303900
2015-05-25,32.18973922729492,36.0,0.0,37.5,36.0,37.0,0.0,1641000
2015-05-26,32.18973922729492,36.0,0.0,36.5,35.75,36.0,0.0,2250900
2015-05-27,31.966197967529297,35.75,0.0,36.0,35.25,35.5,0.0,1096900
2015-05-28,32.41327667236328,36.25,0.0,36.5,35.5,35.75,0.0,2022600
2015-05-29,32.86035919189453,36.75,0.0,37.0,36.0,36.25,0.0,2081600
2015-06-02,33.08389663696289,37.0,0.0,37.5,36.75,37.0,0.0,1620700
2015-06-03,32.41327667236328,36.25,0.0,37.5,35.5,37.0,0.0,3640100
2015-06-04,33.530975341796875,37.5,0.0,37.5,36.25,36.5,0.0,3372400
2015-06-05,33.307437896728516,37.25,0.0,38.0,36.75,37.5,0.0,2244600
2015-06-08,34.20159149169922,38.25,0.0,38.25,37.25,37.5,0.0,1784000
2015-06-09,32.41327667236328,36.25,0.0,38.25,36.25,38.25,0.0,2723100
2015-06-10,33.530975341796875,37.5,0.0,37.75,36.5,36.75,0.0,2318700
2015-06-11,33.530975341796875,37.5,0.0,38.0,37.5,38.0,0.0,1659000
2015-06-12,33.978057861328125,38.0,0.0,38.0,37.25,37.75,0.0,1989200
2015-06-15,33.307437896728516,37.25,0.0,38.0,37.25,37.5,0.0,773000
2015-06-16,33.530975341796875,37.5,0.0,38.0,36.5,37.25,0.0,1518200
2015-06-17,35.09575271606445,39.25,0.0,39.25,37.75,38.0,0.0,4054100
2015-06-18,33.754512786865234,37.75,0.0,40.0,37.0,39.5,0.0,11936700
2015-06-19,31.295576095581055,35.0,0.0,35.75,34.5,35.5,0.0,17683600
2015-06-22,31.966197967529297,35.75,0.0,36.5,35.25,35.5,0.0,10825600
2015-06-23,32.18973922729492,36.0,0.0,36.5,36.0,36.25,0.0,4573600
2015-06-24,32.63681411743164,36.5,0.0,36.75,36.0,36.0,0.0,3574400
2015-06-25,33.754512786865234,37.75,0.0,38.25,36.5,36.5,0.0,4193300
2015-06-26,34.425140380859375,38.5,0.0,38.5,37.5,37.5,0.0,2030500
2015-06-29,34.20159149169922,38.25,0.0,38.5,37.0,37.25,0.0,5234200
2015-06-30,33.307437896728516,37.25,0.0,38.5,37.25,38.5,0.0,2224200
2015-07-02,33.978057861328125,38.0,0.0,39.0,37.75,38.0,0.0,4766600
2015-07-03,33.754512786865234,37.75,0.0,38.0,37.5,38.0,0.0,1372700
2015-07-06,33.08389663696289,37.0,0.0,37.75,36.75,37.25,0.0,1438000
2015-07-07,33.754512786865234,37.75,0.0,38.5,37.25,37.5,0.0,3105400
2015-07-08,33.530975341796875,37.5,0.0,38.0,37.25,37.75,0.0,1196400
2015-07-09,33.754512786865234,37.75,0.0,38.75,37.25,37.5,0.0,2294000
2015-07-10,33.978057861328125,38.0,0.0,38.25,37.75,37.75,0.0,1459300
2015-07-13,33.978057861328125,38.0,0.0,38.25,37.75,38.0,0.0,861100
2015-07-14,33.978057861328125,38.0,0.0,38.25,37.75,38.0,0.0,913500
2015-07-15,33.307437896728516,37.25,0.0,37.75,37.25,37.75,0.0,1148800
2015-07-16,33.307437896728516,37.25,0.0,37.5,37.0,37.5,0.0,652000
2015-07-17,33.307437896728516,37.25,0.0,38.25,37.0,37.25,0.0,974900
2015-07-20,31.966197967529297,35.75,0.0,37.5,35.75,37.25,0.0,2433800
2015-07-21,31.966197967529297,35.75,0.0,36.25,35.5,35.75,0.0,1257400
2015-07-22,32.41327667236328,36.25,0.0,37.0,35.25,35.5,0.0,2526700
2015-07-23,32.41327667236328,36.25,0.0,36.5,36.0,36.25,0.0,636800
2015-07-24,31.966197967529297,35.75,0.0,36.0,35.75,36.0,0.0,364900
2015-07-27,31.966197967529297,35.75,0.0,36.0,35.5,35.5,0.0,1016000
2015-07-28,32.18973922729492,36.0,0.0,36.25,35.75,36.0,0.0,1862800
2015-07-29,32.18973922729492,36.0,0.0,36.75,35.5,36.0,0.0,934300
2015-07-31,33.307437896728516,37.25,0.0,37.5,36.0,36.0,0.0,2180400
2015-08-03,33.530975341796875,37.5,0.0,38.0,37.25,37.5,0.0,2340700
2015-08-04,33.530975341796875,37.5,0.0,37.5,37.25,37.5,0.0,638800
2015-08-05,33.530975341796875,37.5,0.0,37.75,37.25,37.75,0.0,972600
2015-08-06,33.08389663696289,37.0,0.0,38.0,37.0,38.0,0.0,1335500
2015-08-07,33.978057861328125,38.0,0.0,38.0,37.0,37.0,0.0,1479000
2015-08-10,33.754512786865234,37.75,0.0,37.75,37.25,37.5,0.0,812500
2015-08-11,33.307437896728516,37.25,0.0,37.75,37.0,37.75,0.0,1629900
2015-08-13,33.307437896728516,37.25,0.0,37.25,36.25,36.75,0.0,1539800
2015-08-14,32.86035919189453,36.75,0.0,37.25,36.25,37.25,0.0,1160300
2015-08-17,33.754512786865234,37.75,0.0,37.75,36.5,36.75,0.0,1432400
2015-08-18,29.50725746154785,33.0,0.0,35.5,32.5,33.0,0.0,31280000
2015-08-19,29.73079490661621,33.25,0.0,33.75,32.0,33.25,0.0,19652700
2015-08-20,29.73079490661621,33.25,0.0,33.75,32.5,33.0,0.0,12924300
2015-08-21,30.401416778564453,34.0,0.0,34.5,32.75,32.75,0.0,9260400
2015-08-24,28.61309814453125,32.0,0.0,33.25,32.0,33.0,0.0,7595600
2015-08-25,29.50725746154785,33.0,0.0,33.75,31.5,32.5,0.0,7824000
2015-08-26,29.73079490661621,33.25,0.0,33.75,32.5,32.75,0.0,3905700
2015-08-27,30.401416778564453,34.0,0.0,34.25,33.5,33.5,0.0,4727800
2015-08-28,29.954336166381836,33.5,0.0,34.25,33.5,34.0,0.0,2667000
2015-08-31,31.519115447998047,35.25,0.0,35.25,33.5,33.75,0.0,4690900
2015-09-01,31.519115447998047,35.25,0.0,35.25,34.5,35.25,0.0,3688000
2015-09-02,32.41327667236328,36.25,0.0,36.75,34.75,35.0,0.0,7115300
2015-09-03,32.41327667236328,36.25,0.0,37.0,36.0,36.25,0.0,3446500
2015-09-04,31.966197967529297,35.75,0.0,36.5,35.5,36.0,0.0,3703900
2015-09-07,31.742650985717773,35.5,0.0,36.0,35.25,35.5,0.0,1063600
2015-09-08,31.742650985717773,35.5,0.0,35.75,34.75,35.25,0.0,3051900
2015-09-09,32.41327667236328,36.25,0.0,37.25,35.75,36.25,0.0,4025100
2015-09-10,31.742650985717773,35.5,0.0,36.25,35.5,36.25,0.0,2101700
2015-09-11,32.18973922729492,36.0,0.0,36.5,35.75,35.75,0.0,1435400
2015-09-14,31.742650985717773,35.5,0.0,36.25,35.5,36.0,0.0,532900
2015-09-15,31.742650985717773,35.5,0.0,36.25,35.25,36.0,0.0,663000
2015-09-16,31.966197967529297,35.75,0.0,36.0,35.25,35.75,0.0,753500
2015-09-17,32.63681411743164,36.5,0.0,37.0,35.75,35.75,0.0,1656600
2015-09-18,32.63681411743164,36.5,0.0,36.75,36.0,36.5,0.0,1893000
2015-09-21,32.41327667236328,36.25,0.0,37.0,36.25,36.5,0.0,876100
2015-09-22,32.63681411743164,36.5,0.0,37.0,36.25,36.25,0.0,2684200
2015-09-23,32.41327667236328,36.25,0.0,36.75,36.0,36.25,0.0,1848600
2015-09-24,33.307437896728516,37.25,0.0,37.75,36.0,36.25,0.0,4430000
2015-09-25,33.754512786865234,37.75,0.0,37.75,37.0,37.25,0.0,1370800
2015-09-28,33.530975341796875,37.5,0.0,37.75,37.0,37.25,0.0,1204400
2015-09-29,33.307437896728516,37.25,0.0,37.5,36.75,37.5,0.0,1515500
2015-09-30,33.530975341796875,37.5,0.0,37.75,37.25,37.25,0.0,894600
2015-10-01,33.754512786865234,37.75,0.0,38.0,37.25,37.5,0.0,1587100
2015-10-02,33.530975341796875,37.5,0.0,37.75,37.25,37.5,0.0,2114100
2015-10-05,35.09575271606445,39.25,0.0,39.5,37.75,37.75,0.0,3504500
2015-10-06,34.87221908569336,39.0,0.0,39.25,38.5,39.25,0.0,3111800
2015-10-07,36.21345520019531,40.5,0.0,40.5,39.0,39.0,0.0,4875500
2015-10-08,34.87221908569336,39.0,0.0,40.75,38.5,40.5,0.0,5312400
2015-10-09,35.76637268066406,40.0,0.0,40.0,39.25,39.75,0.0,3646700
2015-10-12,35.31929397583008,39.5,0.0,40.25,38.75,39.75,0.0,2818300
2015-10-13,34.648677825927734,38.75,0.0,39.5,37.75,39.5,0.0,5660500
2015-10-14,34.425140380859375,38.5,0.0,39.5,38.25,38.5,0.0,2416300
2015-10-15,34.87221908569336,39.0,0.0,40.0,38.5,39.0,0.0,3249200
2015-10-16,35.31929397583008,39.5,0.0,39.5,38.75,39.0,0.0,1875800
2015-10-19,34.87221908569336,39.0,0.0,39.5,38.75,39.25,0.0,531300
2015-10-20,35.31929397583008,39.5,0.0,39.75,38.75,39.0,0.0,1464200
2015-10-21,35.31929397583008,39.5,0.0,40.0,39.25,39.5,0.0,1996700
2015-10-22,34.648677825927734,38.75,0.0,39.25,38.5,39.25,0.0,1619300
2015-10-26,34.87221908569336,39.0,0.0,39.75,38.75,39.25,0.0,1421900
2015-10-27,34.648677825927734,38.75,0.0,39.25,38.75,39.0,0.0,930900
2015-10-28,33.978057861328125,38.0,0.0,39.0,37.0,38.75,0.0,3260600
2015-10-29,33.754512786865234,37.75,0.0,38.5,37.5,37.75,0.0,2334000
2015-10-30,33.978057861328125,38.0,0.0,38.25,37.75,37.75,0.0,1391800
2015-11-02,34.425140380859375,38.5,0.0,38.5,37.5,38.0,0.0,2503400
2015-11-03,33.978057861328125,38.0,0.0,39.0,37.75,38.75,0.0,2526600
2015-11-04,34.87221908569336,39.0,0.0,40.0,38.25,38.5,0.0,4812900
2015-11-05,34.20159149169922,38.25,0.0,39.0,37.75,38.25,0.0,7435400
2015-11-06,35.31929397583008,39.5,0.0,39.75,38.25,38.25,0.0,5338400
2015-11-09,35.31929397583008,39.5,0.0,39.75,38.75,39.25,0.0,2818700
2015-11-10,36.43699264526367,40.75,0.0,42.0,39.25,39.25,0.0,5959100
2015-11-11,36.43699264526367,40.75,0.0,41.25,40.5,41.0,0.0,1544900
2015-11-12,35.98991012573242,40.25,0.0,40.75,40.0,40.75,0.0,541300
2015-11-13,36.6605339050293,41.0,0.0,41.0,39.75,39.75,0.0,935700
2015-11-16,36.88407516479492,41.25,0.0,41.25,40.0,40.5,0.0,2312500
2015-11-17,38.448848724365234,43.0,0.0,43.75,41.5,41.5,0.0,8080000
2015-11-18,41.13133239746094,46.0,0.0,46.0,43.5,43.75,0.0,7124900
2015-11-19,40.90779113769531,45.75,0.0,46.5,44.5,46.0,0.0,5824400
2015-11-20,40.2371711730957,45.0,0.0,45.75,44.5,45.0,0.0,2725000
2015-11-23,40.46071243286133,45.25,0.0,45.5,45.0,45.5,0.0,843200
2015-11-24,40.013633728027344,44.75,0.0,45.75,44.0,45.25,0.0,3151600
2015-11-25,39.119468688964844,43.75,0.0,45.0,43.0,44.75,0.0,2834200
2015-11-26,39.56654739379883,44.25,0.0,44.75,42.75,43.75,0.0,3975000
2015-11-27,39.119468688964844,43.75,0.0,44.5,43.25,44.25,0.0,1607400
2015-11-30,40.46071243286133,45.25,0.0,45.25,43.5,43.5,0.0,2442700
2015-12-01,40.90779113769531,45.75,0.0,45.75,44.0,45.5,0.0,2608700
2015-12-02,38.448848724365234,43.0,0.0,45.75,43.0,45.75,0.0,2213500
2015-12-03,39.34300994873047,44.0,0.0,44.25,42.0,42.5,0.0,4927000
2015-12-04,39.56654739379883,44.25,0.0,45.0,43.0,43.0,0.0,2254700
2015-12-08,42.69610595703125,47.75,0.0,48.0,43.75,44.0,0.0,6234000
2015-12-09,42.02548599243164,47.0,0.0,48.25,46.25,47.25,0.0,2162600
2015-12-11,40.68424987792969,45.5,0.0,47.25,45.0,47.0,0.0,1886400
2015-12-14,41.3548698425293,46.25,0.0,46.5,44.75,45.0,0.0,1719800
2015-12-15,40.2371711730957,45.0,0.0,46.5,44.25,46.25,0.0,2071100
2015-12-16,40.013633728027344,44.75,0.0,45.75,44.5,45.0,0.0,2708300
2015-12-17,39.56654739379883,44.25,0.0,45.25,44.25,44.75,0.0,2554600
2015-12-18,40.013633728027344,44.75,0.0,45.0,44.25,44.25,0.0,1595800
2015-12-21,40.013633728027344,44.75,0.0,45.25,44.5,44.75,0.0,1274100
2015-12-22,40.013633728027344,44.75,0.0,45.75,43.75,45.25,0.0,2121400
2015-12-23,39.790096282958984,44.5,0.0,45.5,44.5,45.0,0.0,1280200
2015-12-24,39.790096282958984,44.5,0.0,45.0,44.25,45.0,0.0,1185700
2015-12-25,40.013633728027344,44.75,0.0,45.0,44.25,44.5,0.0,721800
2015-12-28,40.2371711730957,45.0,0.0,45.5,44.5,45.0,0.0,900900
2015-12-29,40.013633728027344,44.75,0.0,45.5,44.75,45.0,0.0,1154200
2015-12-30,39.34300994873047,44.0,0.0,46.0,43.25,44.75,0.0,3801000
2016-01-04,38.225311279296875,42.75,0.0,44.25,42.0,44.0,0.0,3145700
2016-01-05,38.001773834228516,42.5,0.0,43.5,42.25,42.75,0.0,2384400
2016-01-06,37.77823257446289,42.25,0.0,45.0,40.5,42.0,0.0,5211900
2016-01-07,37.77823257446289,42.25,0.0,42.5,41.0,41.0,0.0,3584200
2016-01-08,38.448848724365234,43.0,0.0,44.25,42.25,42.75,0.0,2286600
2016-01-11,37.554691314697266,42.0,0.0,43.25,41.5,42.5,0.0,1922100
2016-01-12,37.554691314697266,42.0,0.0,42.75,41.5,42.25,0.0,2659400
2016-01-13,36.88407516479492,41.25,0.0,42.5,40.0,42.25,0.0,7553200
2016-01-14,37.10761260986328,41.5,0.0,42.0,40.75,41.0,0.0,4235200
2016-01-15,35.76637268066406,40.0,0.0,41.5,40.0,41.25,0.0,3642000
2016-01-18,35.31929397583008,39.5,0.0,40.75,38.75,39.0,0.0,7115100
2016-01-19,36.21345520019531,40.5,0.0,40.75,39.5,39.5,0.0,2630900
2016-01-20,35.76637268066406,40.0,0.0,40.75,39.5,40.75,0.0,3126100
2016-01-21,35.76637268066406,40.0,0.0,40.75,39.5,40.5,0.0,2776100
2016-01-22,36.43699264526367,40.75,0.0,41.25,40.25,40.75,0.0,2208900
2016-01-25,35.76637268066406,40.0,0.0,41.0,39.75,41.0,0.0,993400
2016-01-26,35.76637268066406,40.0,0.0,40.25,39.5,39.75,0.0,1785200
2016-01-27,35.76637268066406,40.0,0.0,40.25,40.0,40.0,0.0,1525900
2016-01-28,34.425140380859375,38.5,0.0,40.0,38.25,39.75,0.0,4503700
2016-01-29,35.31929397583008,39.5,0.0,39.75,38.25,38.25,0.0,4378700
2016-02-01,34.648677825927734,38.75,0.0,40.25,38.75,40.0,0.0,3278900
2016-02-02,35.31929397583008,39.5,0.0,39.75,39.0,39.0,0.0,3210800
2016-02-03,35.31929397583008,39.5,0.0,39.75,39.0,39.5,0.0,2766200
2016-02-04,36.43699264526367,40.75,0.0,41.0,39.5,39.75,0.0,4593300
2016-02-05,36.43699264526367,40.75,0.0,41.5,40.75,41.25,0.0,4914600
2016-02-08,36.43699264526367,40.75,0.0,41.0,40.75,41.0,0.0,764700
2016-02-09,35.76637268066406,40.0,0.0,40.75,39.75,40.5,0.0,2139300
2016-02-10,35.76637268066406,40.0,0.0,40.0,39.5,39.75,0.0,1481100
2016-02-11,35.09575271606445,39.25,0.0,40.0,39.25,39.75,0.0,5223800
2016-02-12,35.09575271606445,39.25,0.0,39.25,39.25,39.25,0.0,0
2016-02-15,33.978057861328125,38.0,0.0,39.75,37.5,39.5,0.0,5563900
2016-02-16,32.86035919189453,36.75,0.0,38.25,36.0,38.25,0.0,6858800
2016-02-17,33.08389663696289,37.0,0.0,37.75,36.5,36.75,0.0,5069300
2016-02-18,32.86035919189453,36.75,0.0,37.25,36.5,37.0,0.0,3505700
2016-02-19,34.648677825927734,38.75,0.0,38.75,36.75,36.75,0.0,3468900
2016-02-23,34.87221908569336,39.0,0.0,39.5,38.25,38.75,0.0,1736800
2016-02-24,34.648677825927734,38.75,0.0,39.25,38.5,39.0,0.0,1637000
2016-02-25,35.54282760620117,39.75,0.0,39.75,38.75,39.0,0.0,2023900
2016-02-26,35.09575271606445,39.25,0.0,40.25,38.75,40.0,0.0,2325100
2016-02-29,35.09575271606445,39.25,0.0,40.0,39.0,39.25,0.0,863100
2016-03-01,34.648677825927734,38.75,0.0,39.5,38.75,39.25,0.0,1266300
2016-03-02,35.76637268066406,40.0,0.0,40.75,39.0,39.0,0.0,3123100
2016-03-03,35.31929397583008,39.5,0.0,40.25,39.25,40.0,0.0,1809500
2016-03-04,34.648677825927734,38.75,0.0,40.0,38.75,39.75,0.0,1701000
2016-03-07,35.09575271606445,39.25,0.0,39.5,38.5,38.75,0.0,1764400
2016-03-08,34.87221908569336,39.0,0.0,39.5,38.75,39.25,0.0,2180900
2016-03-09,35.09575271606445,39.25,0.0,39.5,38.75,39.0,0.0,1164300
2016-03-10,34.425140380859375,38.5,0.0,39.25,38.5,39.25,0.0,1186700
2016-03-11,36.21345520019531,40.5,0.0,41.0,38.75,38.75,0.0,5330200
2016-03-14,37.77823257446289,42.25,0.0,42.5,40.75,41.0,0.0,4864400
2016-03-15,36.6605339050293,41.0,0.0,42.0,40.5,42.0,0.0,2615100
2016-03-16,37.33115005493164,41.75,0.0,42.0,41.0,41.25,0.0,2481500
2016-03-17,37.10761260986328,41.5,0.0,42.0,41.0,42.0,0.0,1542100
2016-03-18,37.10761260986328,41.5,0.0,42.0,40.75,42.0,0.0,1027500
2016-03-21,38.001773834228516,42.5,0.0,42.75,41.5,41.75,0.0,2671100
2016-03-22,37.554691314697266,42.0,0.0,42.75,42.0,42.75,0.0,1724300
2016-03-23,38.001773834228516,42.5,0.0,42.75,41.75,42.5,0.0,3135400
2016-03-24,38.225311279296875,42.75,0.0,43.5,42.5,42.5,0.0,4047100
2016-03-25,37.77823257446289,42.25,0.0,43.25,42.25,43.0,0.0,1109100
2016-03-28,38.225311279296875,42.75,0.0,42.75,41.5,42.0,0.0,1124400
2016-03-29,38.448848724365234,43.0,0.0,43.5,42.0,42.75,0.0,2418500
2016-03-30,38.448848724365234,43.0,0.0,44.0,43.0,44.0,0.0,4583700
2016-03-31,38.225311279296875,42.75,0.0,43.25,42.5,43.0,0.0,2248200
2016-04-01,38.89592742919922,43.5,0.0,43.5,42.5,42.75,0.0,1350900
2016-04-04,39.119468688964844,43.75,0.0,43.75,43.25,43.75,0.0,4431100
2016-04-05,38.67238998413086,43.25,0.0,43.75,43.0,43.5,0.0,1927600
2016-04-07,37.77823257446289,42.25,0.0,43.0,42.25,43.0,0.0,1490900
2016-04-08,36.43699264526367,40.75,0.0,41.5,40.25,41.5,0.0,2085900
2016-04-11,37.10761260986328,41.5,0.0,42.0,40.75,40.75,0.0,1669700
2016-04-12,37.554691314697266,42.0,0.0,42.75,41.5,41.5,0.0,2401400
2016-04-18,38.001773834228516,42.5,0.0,42.5,41.5,41.75,0.0,1323000
2016-04-19,38.225311279296875,42.75,0.0,43.25,42.5,42.75,0.0,1356300
2016-04-20,38.001773834228516,42.5,0.0,43.0,42.25,43.0,0.0,2128800
2016-04-21,38.001773834228516,42.5,0.0,43.0,42.25,42.75,0.0,2050800
2016-04-22,37.77823257446289,42.25,0.0,43.0,41.75,42.0,0.0,2485600
2016-04-25,37.554691314697266,42.0,0.0,42.5,41.5,42.25,0.0,1567700
2016-04-26,37.554691314697266,42.0,0.0,42.5,41.5,42.25,0.0,2057800
2016-04-27,35.31929397583008,39.5,0.0,41.0,39.25,41.0,0.0,8349600
2016-04-28,34.425140380859375,38.5,0.0,39.75,38.0,39.5,0.0,3990000
2016-04-29,34.425140380859375,38.5,0.0,39.0,38.25,38.5,0.0,3659900
2016-05-03,34.87221908569336,39.0,0.0,39.25,38.5,38.5,0.0,2694900
2016-05-04,35.09575271606445,39.25,0.0,39.25,38.75,38.75,0.0,2143300
2016-05-09,35.54860305786133,39.25,0.5,39.25,38.0,39.25,0.0,2997200
2016-05-10,35.54860305786133,39.25,0.0,39.75,38.5,39.0,0.0,1628900
2016-05-11,34.86933517456055,38.5,0.0,39.75,38.25,39.25,0.0,1137100
2016-05-12,35.09575271606445,38.75,0.0,39.0,38.25,38.5,0.0,1061800
2016-05-13,35.09575271606445,38.75,0.0,39.5,38.5,38.75,0.0,930400
2016-05-16,34.41648483276367,38.0,0.0,39.0,37.0,39.0,0.0,4634500
2016-05-17,34.642906188964844,38.25,0.0,38.75,37.75,38.5,0.0,1672100
2016-05-18,34.41648483276367,38.0,0.0,38.25,37.75,38.0,0.0,911600
2016-05-19,33.9636344909668,37.5,0.0,38.5,37.25,37.75,0.0,746800
2016-05-23,33.05793380737305,36.5,0.0,37.75,36.0,37.75,0.0,3768400
2016-05-24,33.51078414916992,37.0,0.0,37.5,36.0,36.75,0.0,2760100
2016-05-25,34.642906188964844,38.25,0.0,39.0,37.25,37.5,0.0,2251300
2016-05-26,34.41648483276367,38.0,0.0,38.75,38.0,38.25,0.0,1367300
2016-05-27,34.86933517456055,38.5,0.0,38.75,38.0,38.0,0.0,1864400
2016-05-30,36.00144577026367,39.75,0.0,40.0,39.0,39.25,0.0,1858500
2016-05-31,36.00144577026367,39.75,0.0,40.0,38.75,40.0,0.0,1861000
2016-06-01,35.322181701660156,39.0,0.0,39.5,39.0,39.25,0.0,1414200
2016-06-02,36.680721282958984,40.5,0.0,40.5,38.75,38.75,0.0,2099900
2016-06-03,36.680721282958984,40.5,0.0,40.75,39.75,40.75,0.0,1563100
2016-06-06,36.90714645385742,40.75,0.0,41.0,40.25,40.5,0.0,1616100
2016-06-07,36.680721282958984,40.5,0.0,41.25,40.5,41.25,0.0,1277500
2016-06-08,36.680721282958984,40.5,0.0,40.75,39.75,40.75,0.0,1372400
2016-06-09,36.45429611206055,40.25,0.0,40.75,40.0,40.25,0.0,297600
2016-06-10,36.22787857055664,40.0,0.0,40.25,39.75,40.0,0.0,1037700
2016-06-13,35.322181701660156,39.0,0.0,39.75,39.0,39.75,0.0,411400
2016-06-14,35.54860305786133,39.25,0.0,39.5,38.75,39.5,0.0,452700
2016-06-15,36.22787857055664,40.0,0.0,40.5,38.75,39.25,0.0,867400
2016-06-16,35.322181701660156,39.0,0.0,40.5,38.75,40.25,0.0,984500
2016-06-17,35.322181701660156,39.0,0.0,39.25,38.75,39.0,0.0,630700
2016-06-20,34.86933517456055,38.5,0.0,39.25,38.25,38.75,0.0,1113300
2016-06-21,36.22787857055664,40.0,0.0,40.0,38.25,38.5,0.0,1593400
2016-06-22,35.09575271606445,38.75,0.0,40.25,38.75,40.0,0.0,934400
2016-06-23,35.322181701660156,39.0,0.0,39.25,38.25,38.5,0.0,1360800
2016-06-24,34.19005584716797,37.75,0.0,38.25,36.75,37.75,0.0,8423400
2016-06-27,34.19005584716797,37.75,0.0,38.0,37.25,37.5,0.0,663600
2016-06-28,33.73720932006836,37.25,0.0,37.75,37.25,37.75,0.0,1663800
2016-06-29,33.73720932006836,37.25,0.0,37.75,37.0,37.5,0.0,2481400
2016-06-30,33.73720932006836,37.25,0.0,37.5,37.0,37.25,0.0,2252800
2016-07-04,34.19005584716797,37.75,0.0,37.75,37.25,37.25,0.0,1245800
2016-07-05,33.73720932006836,37.25,0.0,38.25,37.25,38.25,0.0,1032100
2016-07-06,34.19005584716797,37.75,0.0,37.75,37.25,37.25,0.0,704300
2016-07-07,34.41648483276367,38.0,0.0,38.0,37.25,37.75,0.0,3204900
2016-07-08,34.19005584716797,37.75,0.0,38.25,37.5,37.75,0.0,1082800
2016-07-11,34.41648483276367,38.0,0.0,38.25,37.75,37.75,0.0,1448500
2016-07-12,34.86933517456055,38.5,0.0,38.5,38.0,38.0,0.0,1262000
2016-07-13,35.54860305786133,39.25,0.0,39.5,38.25,38.5,0.0,4085700
2016-07-14,35.7750244140625,39.5,0.0,39.5,38.75,39.5,0.0,2052700
2016-07-15,35.322181701660156,39.0,0.0,39.75,38.75,39.25,0.0,1766500
2016-07-20,35.54860305786133,39.25,0.0,39.5,38.75,38.75,0.0,1911500
2016-07-21,35.7750244140625,39.5,0.0,39.5,39.0,39.5,0.0,737900
2016-07-22,36.680721282958984,40.5,0.0,40.5,39.25,39.5,0.0,2151600
2016-07-25,37.133567810058594,41.0,0.0,41.25,40.5,40.5,0.0,1660600
2016-07-26,36.22787857055664,40.0,0.0,41.0,39.75,41.0,0.0,1074100
2016-07-27,38.718536376953125,42.75,0.0,43.0,40.0,40.25,0.0,9112100
2016-07-28,38.03926467895508,42.0,0.0,42.5,41.5,42.5,0.0,2465800
2016-07-29,37.35999298095703,41.25,0.0,42.25,41.25,42.0,0.0,824100
2016-08-01,37.81283950805664,41.75,0.0,42.25,41.5,42.0,0.0,1238200
2016-08-02,36.680721282958984,40.5,0.0,41.75,40.5,41.0,0.0,2040100
2016-08-03,37.81283950805664,41.75,0.0,42.5,40.25,40.75,0.0,4206100
2016-08-04,37.58641815185547,41.5,0.0,42.0,41.0,41.5,0.0,790100
2016-08-05,37.58641815185547,41.5,0.0,41.75,41.0,41.75,0.0,731800
2016-08-08,38.03926467895508,42.0,0.0,42.5,41.75,42.25,0.0,4486900
2016-08-09,38.03926467895508,42.0,0.0,42.75,41.75,42.0,0.0,5887000
2016-08-10,39.171390533447266,43.25,0.0,44.0,42.25,42.25,0.0,9087700
2016-08-11,38.94496154785156,43.0,0.0,43.25,42.75,42.75,0.0,2794600
2016-08-15,38.718536376953125,42.75,0.0,43.5,41.5,41.75,0.0,8811700
2016-08-16,37.81283950805664,41.75,0.0,43.0,41.75,42.75,0.0,1255700
2016-08-17,37.133567810058594,41.0,0.0,42.25,41.0,41.75,0.0,1015100
2016-08-18,37.58641815185547,41.5,0.0,42.25,41.0,41.5,0.0,2421000
2016-08-19,37.81283950805664,41.75,0.0,42.0,41.5,41.5,0.0,650800
2016-08-22,37.81283950805664,41.75,0.0,41.75,41.5,41.75,0.0,950400
2016-08-23,37.58641815185547,41.5,0.0,41.75,41.0,41.25,0.0,1154200
2016-08-24,38.03926467895508,42.0,0.0,42.0,41.5,41.5,0.0,1904900
2016-08-25,38.265689849853516,42.25,0.0,42.75,41.75,42.0,0.0,2591000
2016-08-26,37.81283950805664,41.75,0.0,42.75,41.75,42.0,0.0,1395500
2016-08-29,37.81283950805664,41.75,0.0,42.25,41.5,41.75,0.0,503800
2016-08-30,37.81283950805664,41.75,0.0,42.0,41.5,41.75,0.0,656800
2016-08-31,37.58641815185547,41.5,0.0,41.75,41.25,41.5,0.0,1162200
2016-09-01,36.90714645385742,40.75,0.0,41.25,40.5,41.25,0.0,2743300
2016-09-02,36.680721282958984,40.5,0.0,41.0,39.75,40.5,0.0,2107200
2016-09-05,35.54860305786133,39.25,0.0,41.5,39.25,40.75,0.0,5393500
2016-09-06,34.86933517456055,38.5,0.0,39.75,38.5,39.0,0.0,2920800
2016-09-07,35.322181701660156,39.0,0.0,39.5,38.5,38.5,0.0,2770500
2016-09-08,34.642906188964844,38.25,0.0,39.25,38.0,38.75,0.0,3058200
2016-09-09,34.86933517456055,38.5,0.0,38.75,38.0,38.0,0.0,2782000
2016-09-12,34.19005584716797,37.75,0.0,38.0,37.25,38.0,0.0,1074600
2016-09-13,34.86933517456055,38.5,0.0,38.75,38.0,38.25,0.0,4258300
2016-09-14,35.54860305786133,39.25,0.0,39.25,38.0,38.5,0.0,3594000
2016-09-15,35.54860305786133,39.25,0.0,39.5,39.0,39.25,0.0,2185400
2016-09-16,37.133567810058594,41.0,0.0,41.0,39.25,39.5,0.0,5940700
2016-09-19,36.90714645385742,40.75,0.0,40.75,40.25,40.75,0.0,1023100
2016-09-20,36.22787857055664,40.0,0.0,40.75,39.75,40.75,0.0,2197100
2016-09-21,36.00144577026367,39.75,0.0,40.75,39.5,40.0,0.0,1655500
2016-09-22,36.22787857055664,40.0,0.0,40.5,39.75,40.25,0.0,1919700
2016-09-23,36.00144577026367,39.75,0.0,40.25,39.25,40.25,0.0,1878600
2016-09-26,36.22787857055664,40.0,0.0,40.0,39.25,39.5,0.0,575800
2016-09-27,36.00144577026367,39.75,0.0,40.5,39.75,40.25,0.0,1131400
2016-09-28,35.7750244140625,39.5,0.0,40.0,39.25,39.5,0.0,1302800
2016-09-29,36.22787857055664,40.0,0.0,40.0,39.25,39.75,0.0,1130500
2016-09-30,35.322181701660156,39.0,0.0,39.75,38.75,39.5,0.0,1058800
2016-10-03,36.00144577026367,39.75,0.0,40.0,39.25,39.25,0.0,609500
2016-10-04,36.45429611206055,40.25,0.0,40.25,39.75,40.0,0.0,1111800
2016-10-05,36.22787857055664,40.0,0.0,40.75,39.75,40.5,0.0,1175800
2016-10-06,36.00144577026367,39.75,0.0,40.0,39.25,39.75,0.0,1900700
2016-10-07,35.54860305786133,39.25,0.0,39.5,39.0,39.5,0.0,635700
2016-10-10,34.642906188964844,38.25,0.0,38.5,37.5,37.75,0.0,4910800
2016-10-11,35.09575271606445,38.75,0.0,39.25,38.25,38.25,0.0,3740600
2016-10-12,33.73720932006836,37.25,0.0,38.75,35.5,38.5,0.0,8162200
2016-10-13,34.41648483276367,38.0,0.0,38.0,35.75,36.5,0.0,4343300
2016-10-14,35.09575271606445,38.75,0.0,39.5,38.25,38.25,0.0,3101400
2016-10-17,34.86933517456055,38.5,0.0,38.75,37.75,38.25,0.0,991100
2016-10-18,35.54860305786133,39.25,0.0,39.5,38.5,38.75,0.0,1173600
2016-10-19,35.322181701660156,39.0,0.0,39.5,38.25,38.75,0.0,1362100
2016-10-20,35.54860305786133,39.25,0.0,39.5,39.0,39.5,0.0,1547900
2016-10-21,36.22787857055664,40.0,0.0,40.0,38.75,39.25,0.0,1285100
2016-10-25,36.00144577026367,39.75,0.0,40.0,39.5,40.0,0.0,1068100
2016-10-26,35.09575271606445,38.75,0.0,39.75,38.75,39.5,0.0,833700
2016-10-27,34.86933517456055,38.5,0.0,39.0,38.5,38.5,0.0,462700
2016-10-28,34.86933517456055,38.5,0.0,39.0,38.5,38.75,0.0,512000
2016-10-31,34.41648483276367,38.0,0.0,38.5,37.75,38.25,0.0,1640700
2016-11-01,34.642906188964844,38.25,0.0,38.5,38.0,38.25,0.0,1586100
2016-11-02,35.09575271606445,38.75,0.0,38.75,38.25,38.75,0.0,598900
2016-11-03,34.41648483276367,38.0,0.0,38.5,37.75,38.5,0.0,1092300
2016-11-04,33.9636344909668,37.5,0.0,38.0,37.5,38.0,0.0,1252200
2016-11-07,33.284358978271484,36.75,0.0,38.0,36.75,37.75,0.0,2690300
2016-11-08,34.19005584716797,37.75,0.0,38.0,36.75,36.75,0.0,2822300
2016-11-09,33.9636344909668,37.5,0.0,37.75,37.0,37.5,0.0,1751800
2016-11-10,34.642906188964844,38.25,0.0,39.0,37.5,37.75,0.0,1961700
2016-11-11,34.19005584716797,37.75,0.0,38.5,37.5,38.25,0.0,1276900
2016-11-14,33.51078414916992,37.0,0.0,37.75,37.0,37.5,0.0,1969400
2016-11-15,33.05793380737305,36.5,0.0,38.0,36.25,37.5,0.0,5249400
2016-11-16,33.05793380737305,36.5,0.0,37.0,36.5,36.75,0.0,1626600
2016-11-17,33.51078414916992,37.0,0.0,37.0,36.5,36.5,0.0,1268300
2016-11-18,33.05793380737305,36.5,0.0,37.0,36.0,37.0,0.0,2301900
2016-11-21,33.05793380737305,36.5,0.0,37.0,36.25,36.5,0.0,5828600
2016-11-22,32.831512451171875,36.25,0.0,36.75,36.0,36.75,0.0,2960300
2016-11-23,34.86933517456055,38.5,0.0,39.0,36.5,36.5,0.0,5615500
2016-11-24,34.41648483276367,38.0,0.0,38.75,38.0,38.75,0.0,905100
2016-11-25,34.642906188964844,38.25,0.0,38.5,38.0,38.25,0.0,1023000
2016-11-28,35.09575271606445,38.75,0.0,39.25,38.25,38.5,0.0,2447900
2016-11-29,35.09575271606445,38.75,0.0,39.25,38.5,39.25,0.0,3277100
2016-11-30,37.35999298095703,41.25,0.0,41.25,38.75,39.0,0.0,5601500
2016-12-01,36.00144577026367,39.75,0.0,41.75,39.75,41.75,0.0,2517000
2016-12-02,36.22787857055664,40.0,0.0,40.25,39.75,39.75,0.0,865800
2016-12-06,36.22787857055664,40.0,0.0,40.25,39.25,40.25,0.0,876800
2016-12-07,36.00144577026367,39.75,0.0,40.0,39.5,39.75,0.0,613400
2016-12-08,35.54860305786133,39.25,0.0,40.0,39.25,39.5,0.0,650100
2016-12-09,35.09575271606445,38.75,0.0,39.75,38.75,39.5,0.0,1332700
2016-12-13,35.09575271606445,38.75,0.0,39.0,38.25,38.5,0.0,1373500
2016-12-14,34.86933517456055,38.5,0.0,39.0,38.5,38.75,0.0,548200
2016-12-15,34.41648483276367,38.0,0.0,38.75,38.0,38.0,0.0,940100
2016-12-16,35.322181701660156,39.0,0.0,39.0,38.25,38.5,0.0,1266100
2016-12-19,35.322181701660156,39.0,0.0,39.25,38.5,38.75,0.0,836600
2016-12-20,35.09575271606445,38.75,0.0,39.0,38.5,39.0,0.0,514300
2016-12-21,35.09575271606445,38.75,0.0,39.0,38.5,38.5,0.0,291700
2016-12-22,34.86933517456055,38.5,0.0,39.0,38.5,38.5,0.0,447400
2016-12-23,35.09575271606445,38.75,0.0,38.75,38.25,38.75,0.0,520600
2016-12-26,35.322181701660156,39.0,0.0,39.0,38.75,38.75,0.0,296100
2016-12-27,35.322181701660156,39.0,0.0,39.25,38.5,39.25,0.0,340200
2016-12-28,35.09575271606445,38.75,0.0,39.0,38.25,39.0,0.0,964900
2016-12-29,35.7750244140625,39.5,0.0,40.0,38.5,38.75,0.0,1241900
2016-12-30,36.00144577026367,39.75,0.0,40.0,39.25,39.75,0.0,1672300
2017-01-04,35.322181701660156,39.0,0.0,39.25,38.75,39.25,0.0,1864200
2017-01-05,35.322181701660156,39.0,0.0,39.5,38.75,39.25,0.0,1208000
2017-01-06,34.86933517456055,38.5,0.0,39.25,38.5,39.0,0.0,1518100
2017-01-09,34.642906188964844,38.25,0.0,38.75,38.25,38.75,0.0,1837600
2017-01-10,33.9636344909668,37.5,0.0,38.5,37.5,38.25,0.0,1652200
2017-01-11,33.73720932006836,37.25,0.0,38.0,37.25,37.5,0.0,2552000
2017-01-12,33.284358978271484,36.75,0.0,38.0,36.75,37.25,0.0,4892700
2017-01-16,33.9636344909668,37.5,0.0,38.0,37.5,37.75,0.0,1881100
2017-01-17,33.73720932006836,37.25,0.0,37.75,37.0,37.5,0.0,659100
2017-01-18,33.73720932006836,37.25,0.0,37.5,37.25,37.5,0.0,332900
2017-01-19,33.51078414916992,37.0,0.0,37.5,36.75,37.25,0.0,3090200
2017-01-20,33.73720932006836,37.25,0.0,37.5,36.75,36.75,0.0,787100
2017-01-23,34.642906188964844,38.25,0.0,38.25,37.25,37.25,0.0,2447600
2017-01-24,34.41648483276367,38.0,0.0,38.25,37.75,38.25,0.0,1000600
2017-01-25,34.19005584716797,37.75,0.0,38.25,37.0,38.25,0.0,2402600
2017-01-26,34.19005584716797,37.75,0.0,37.75,37.5,37.75,0.0,471500
2017-01-27,34.41648483276367,38.0,0.0,38.25,37.5,37.5,0.0,1995200
2017-01-30,33.73720932006836,37.25,0.0,38.25,36.75,38.0,0.0,3123000
2017-01-31,33.73720932006836,37.25,0.0,37.25,37.0,37.0,0.0,1348400
2017-02-01,33.73720932006836,37.25,0.0,37.75,37.0,37.0,0.0,1508900
2017-02-02,33.9636344909668,37.5,0.0,37.75,37.0,37.5,0.0,1606900
2017-02-03,33.73720932006836,37.25,0.0,37.75,37.0,37.25,0.0,1585000
2017-02-06,33.284358978271484,36.75,0.0,37.5,36.5,37.25,0.0,3205300
2017-02-07,33.05793380737305,36.5,0.0,37.0,36.25,36.75,0.0,1955400
2017-02-08,33.05793380737305,36.5,0.0,37.0,36.25,36.75,0.0,2537500
2017-02-09,33.284358978271484,36.75,0.0,37.0,36.5,36.5,0.0,1328700
2017-02-10,33.51078414916992,37.0,0.0,37.25,36.75,36.75,0.0,760600
2017-02-14,33.284358978271484,36.75,0.0,37.25,36.75,37.25,0.0,662700
2017-02-15,33.284358978271484,36.75,0.0,37.0,36.5,36.75,0.0,645800
2017-02-16,33.73720932006836,37.25,0.0,37.5,36.75,37.0,0.0,1535400
2017-02-17,33.51078414916992,37.0,0.0,37.25,37.0,37.0,0.0,441400
2017-02-20,33.05793380737305,36.5,0.0,37.25,36.25,37.25,0.0,1796500
2017-02-21,32.831512451171875,36.25,0.0,36.5,36.0,36.5,0.0,961600
2017-02-22,32.831512451171875,36.25,0.0,36.5,35.75,36.5,0.0,683500
2017-02-23,32.60508728027344,36.0,0.0,36.25,35.75,36.25,0.0,910600
2017-02-24,32.378665924072266,35.75,0.0,36.25,35.5,36.0,0.0,1499800
2017-02-27,31.925811767578125,35.25,0.0,35.75,35.25,35.5,0.0,1279600
2017-02-28,32.60508728027344,36.0,0.0,36.25,35.25,35.75,0.0,1264700
2017-03-01,32.60508728027344,36.0,0.0,36.25,35.75,36.25,0.0,1180900
2017-03-02,32.15223693847656,35.5,0.0,36.5,35.25,36.5,0.0,2330900
2017-03-03,31.69938850402832,35.0,0.0,35.75,35.0,35.25,0.0,1724700
2017-03-06,31.69938850402832,35.0,0.0,35.25,34.75,35.0,0.0,977200
2017-03-07,31.925811767578125,35.25,0.0,35.25,34.75,35.0,0.0,902800
2017-03-08,31.925811767578125,35.25,0.0,35.25,34.75,35.0,0.0,565200
2017-03-09,31.246536254882812,34.5,0.0,35.0,34.25,35.0,0.0,1604600
2017-03-10,31.02011489868164,34.25,0.0,34.75,34.25,34.5,0.0,725900
2017-03-13,31.02011489868164,34.25,0.0,34.5,34.25,34.5,0.0,620700
2017-03-14,31.02011489868164,34.25,0.0,34.5,34.0,34.25,0.0,635900
2017-03-15,31.47296714782715,34.75,0.0,34.75,34.25,34.5,0.0,799100
2017-03-16,31.47296714782715,34.75,0.0,35.0,34.5,34.75,0.0,1911500
2017-03-17,31.925811767578125,35.25,0.0,35.25,34.75,34.75,0.0,2052100
2017-03-20,31.69938850402832,35.0,0.0,35.5,34.75,35.25,0.0,1172800
2017-03-21,31.69938850402832,35.0,0.0,35.0,34.75,35.0,0.0,1326200
2017-03-22,31.925811767578125,35.25,0.0,35.25,34.75,35.0,0.0,1459100
2017-03-23,31.47296714782715,34.75,0.0,35.25,34.75,35.0,0.0,2359500
2017-03-24,31.47296714782715,34.75,0.0,35.0,34.75,34.75,0.0,1289600
2017-03-27,31.246536254882812,34.5,0.0,35.0,34.5,35.0,0.0,1673300
2017-03-28,31.246536254882812,34.5,0.0,35.0,34.5,34.75,0.0,1048700
2017-03-29,32.15223693847656,35.5,0.0,35.75,34.5,34.75,0.0,2432700
2017-03-30,32.378665924072266,35.75,0.0,36.25,35.5,35.75,0.0,2272700
2017-03-31,32.15223693847656,35.5,0.0,36.0,35.25,35.75,0.0,1613500
2017-04-03,32.15223693847656,35.5,0.0,35.75,35.25,35.5,0.0,958000
2017-04-04,32.378665924072266,35.75,0.0,36.0,35.5,35.75,0.0,1146200
2017-04-05,32.378665924072266,35.75,0.0,36.0,35.5,35.75,0.0,1039100
2017-04-07,31.925811767578125,35.25,0.0,36.5,35.25,35.75,0.0,9859900
2017-04-10,32.15223693847656,35.5,0.0,36.0,35.0,35.25,0.0,3373900
2017-04-11,31.925811767578125,35.25,0.0,35.75,35.25,35.25,0.0,1945200
2017-04-12,31.925811767578125,35.25,0.0,35.5,35.25,35.5,0.0,476800
2017-04-17,31.925811767578125,35.25,0.0,35.5,35.0,35.25,0.0,1226100
2017-04-18,32.15223693847656,35.5,0.0,35.5,35.25,35.25,0.0,531400
2017-04-19,31.925811767578125,35.25,0.0,35.5,35.25,35.25,0.0,1757000
2017-04-20,31.69938850402832,35.0,0.0,35.75,34.75,35.25,0.0,2969500
2017-04-21,31.925811767578125,35.25,0.0,35.5,35.0,35.0,0.0,844300
2017-04-24,31.69938850402832,35.0,0.0,35.25,35.0,35.25,0.0,472200
2017-04-25,31.69938850402832,35.0,0.0,35.25,34.75,35.25,0.0,1883400
2017-04-26,31.47296714782715,34.75,0.0,35.0,34.5,35.0,0.0,2077200
2017-04-27,31.246536254882812,34.5,0.0,35.0,34.5,34.75,0.0,988500
2017-04-28,31.47296714782715,34.75,0.0,35.25,34.75,34.75,0.0,1819100
2017-05-02,31.69938850402832,35.0,0.0,35.5,34.75,35.0,0.0,694700
2017-05-03,31.69938850402832,35.0,0.0,35.25,34.75,35.0,0.0,472600
2017-05-04,31.69938850402832,35.0,0.0,35.25,35.0,35.0,0.0,288100
2017-05-08,31.51535987854004,34.25,0.55,35.0,34.25,34.75,0.0,1369000
2017-05-09,31.745391845703125,34.5,0.0,34.75,34.25,34.25,0.0,1866700
2017-05-11,31.745391845703125,34.5,0.0,34.75,34.25,34.5,0.0,2628700
2017-05-12,31.51535987854004,34.25,0.0,34.5,34.0,34.5,0.0,2486400
2017-05-15,31.745391845703125,34.5,0.0,34.5,34.5,34.5,0.0,128900
2017-05-16,31.745391845703125,34.5,0.0,34.75,34.0,34.5,0.0,1819100
2017-05-17,31.975435256958008,34.75,0.0,35.0,34.25,34.5,0.0,2179200
2017-05-18,31.975435256958008,34.75,0.0,35.0,34.25,34.75,0.0,1823300
2017-05-19,32.205474853515625,35.0,0.0,35.25,34.5,34.5,0.0,2508400
2017-05-22,32.43551254272461,35.25,0.0,35.5,34.75,35.25,0.0,1734900
2017-05-23,33.12563705444336,36.0,0.0,36.25,35.25,35.25,0.0,2684000
2017-05-24,33.58570861816406,36.5,0.0,36.75,35.75,36.0,0.0,4313900
2017-05-25,33.35567092895508,36.25,0.0,36.5,36.25,36.5,0.0,931000
2017-05-26,33.58570861816406,36.5,0.0,36.75,36.0,36.25,0.0,1381200
2017-05-29,33.35567092895508,36.25,0.0,36.75,36.25,36.75,0.0,1374700
2017-05-30,33.58570861816406,36.5,0.0,36.5,36.0,36.25,0.0,681900
2017-05-31,33.35567092895508,36.25,0.0,36.75,36.0,36.5,0.0,1582800
2017-06-01,33.12563705444336,36.0,0.0,36.25,35.75,36.25,0.0,765800
2017-06-02,32.89559555053711,35.75,0.0,36.25,35.5,36.0,0.0,1159200
2017-06-05,33.12563705444336,36.0,0.0,36.0,35.5,36.0,0.0,1045900
2017-06-06,33.35567092895508,36.25,0.0,36.25,35.75,36.0,0.0,712600
2017-06-07,33.12563705444336,36.0,0.0,36.25,36.0,36.25,0.0,253700
2017-06-08,33.58570861816406,36.5,0.0,36.75,36.0,36.25,0.0,1658300
2017-06-09,34.27582931518555,37.25,0.0,37.5,36.5,36.5,0.0,4002300
2017-06-12,34.73590850830078,37.75,0.0,38.0,37.0,37.25,0.0,3318600
2017-06-13,34.50586700439453,37.5,0.0,38.0,37.25,37.75,0.0,996400
2017-06-14,34.27582931518555,37.25,0.0,37.75,36.75,37.5,0.0,2176400
2017-06-15,34.73590850830078,37.75,0.0,38.25,37.0,37.0,0.0,2032400
2017-06-16,34.50586700439453,37.5,0.0,38.0,37.5,38.0,0.0,485700
2017-06-19,34.96595001220703,38.0,0.0,38.0,37.5,37.5,0.0,883500
2017-06-20,35.19598388671875,38.25,0.0,38.75,37.75,38.0,0.0,2843200
2017-06-21,35.19598388671875,38.25,0.0,38.5,38.0,38.5,0.0,1218600
2017-06-22,34.96595001220703,38.0,0.0,38.5,37.75,38.0,0.0,1389000
2017-06-23,35.426021575927734,38.5,0.0,38.5,38.0,38.0,0.0,1238300
2017-06-26,34.27582931518555,37.25,0.0,38.75,37.25,38.5,0.0,2484200
2017-06-27,34.04579162597656,37.0,0.0,38.0,37.0,37.5,0.0,1840600
2017-06-28,35.19598388671875,38.25,0.0,38.25,37.25,37.25,0.0,4861200
2017-06-29,35.426021575927734,38.5,0.0,39.75,38.25,38.5,0.0,9988700
2017-06-30,34.96595001220703,38.0,0.0,38.75,37.75,38.5,0.0,4375800
2017-07-03,36.11614227294922,39.25,0.0,39.5,37.75,37.75,0.0,4760900
2017-07-04,36.57621765136719,39.75,0.0,40.25,38.75,39.5,0.0,4671900
2017-07-05,36.57621765136719,39.75,0.0,40.0,39.25,39.5,0.0,954600
2017-07-06,36.11614227294922,39.25,0.0,39.75,38.5,39.75,0.0,1176800
2017-07-07,36.3461799621582,39.5,0.0,40.0,38.75,39.0,0.0,2180100
2017-07-11,37.49637222290039,40.75,0.0,41.25,40.5,40.5,0.0,10795300
2017-07-12,37.72641372680664,41.0,0.0,41.0,40.25,40.5,0.0,4770700
2017-07-13,37.72641372680664,41.0,0.0,42.0,41.0,41.0,0.0,7952700
2017-07-14,37.036293029785156,40.25,0.0,41.0,40.0,40.75,0.0,2889000
2017-07-17,36.3461799621582,39.5,0.0,40.5,39.5,40.25,0.0,2687600
2017-07-18,36.80625915527344,40.0,0.0,40.25,39.75,39.75,0.0,1094700
2017-07-19,36.80625915527344,40.0,0.0,40.25,39.75,39.75,0.0,873300
2017-07-20,37.72641372680664,41.0,0.0,41.0,39.75,40.25,0.0,2155200
2017-07-21,36.80625915527344,40.0,0.0,41.0,40.0,41.0,0.0,1680000
2017-07-24,37.49637222290039,40.75,0.0,40.75,40.25,40.25,0.0,937000
2017-07-25,36.80625915527344,40.0,0.0,40.75,40.0,40.75,0.0,1631400
2017-07-26,36.80625915527344,40.0,0.0,40.5,40.0,40.0,0.0,2042700
2017-07-27,37.266334533691406,40.5,0.0,41.0,40.0,40.25,0.0,5298400
2017-07-31,37.49637222290039,40.75,0.0,41.5,40.5,40.75,0.0,4276800
2017-08-01,37.72641372680664,41.0,0.0,41.25,40.5,41.0,0.0,2174400
2017-08-02,37.72641372680664,41.0,0.0,41.25,40.75,41.0,0.0,2944500
2017-08-03,38.416534423828125,41.75,0.0,42.0,40.75,41.25,0.0,7054300
2017-08-04,38.18649673461914,41.5,0.0,41.75,41.0,41.5,0.0,3455800
2017-08-07,37.72641372680664,41.0,0.0,42.0,40.25,41.75,0.0,3504800
2017-08-08,38.18649673461914,41.5,0.0,42.5,40.75,41.0,0.0,9001000
2017-08-09,37.72641372680664,41.0,0.0,41.5,40.25,41.0,0.0,8604900
2017-08-10,37.49637222290039,40.75,0.0,42.25,40.25,40.75,0.0,5032800
2017-08-11,36.80625915527344,40.0,0.0,41.25,39.25,40.75,0.0,4596000
2017-08-15,37.266334533691406,40.5,0.0,41.25,40.0,40.25,0.0,4285800
2017-08-16,36.80625915527344,40.0,0.0,40.75,39.5,40.5,0.0,2088400
2017-08-17,36.57621765136719,39.75,0.0,40.0,38.75,40.0,0.0,5023600
2017-08-18,36.3461799621582,39.5,0.0,39.75,39.25,39.25,0.0,694400
2017-08-21,36.80625915527344,40.0,0.0,40.0,39.25,39.25,0.0,812300
2017-08-22,35.886104583740234,39.0,0.0,40.5,39.0,40.0,0.0,4605400
2017-08-23,36.57621765136719,39.75,0.0,40.25,39.0,39.0,0.0,2401700
2017-08-24,37.036293029785156,40.25,0.0,40.5,39.25,39.75,0.0,2326100
2017-08-25,36.80625915527344,40.0,0.0,40.5,39.5,40.25,0.0,3259200
2017-08-28,36.57621765136719,39.75,0.0,39.75,39.75,39.75,0.0,51400
2017-08-29,37.036293029785156,40.25,0.0,41.0,39.75,39.75,0.0,5850800
2017-08-30,37.266334533691406,40.5,0.0,41.0,40.25,40.25,0.0,3063600
2017-08-31,37.49637222290039,40.75,0.0,41.0,40.5,40.5,0.0,1559200
2017-09-01,37.95645523071289,41.25,0.0,41.75,41.0,41.0,0.0,4077200
2017-09-04,37.95645523071289,41.25,0.0,41.25,41.25,41.25,0.0,0
2017-09-05,37.72641372680664,41.0,0.0,41.25,40.5,41.25,0.0,6038100
2017-09-06,37.036293029785156,40.25,0.0,40.75,40.25,40.75,0.0,919500
2017-09-07,37.49637222290039,40.75,0.0,41.0,40.25,40.25,0.0,2460800
2017-09-08,37.036293029785156,40.25,0.0,41.25,40.25,40.75,0.0,2741400
2017-09-11,37.49637222290039,40.75,0.0,41.0,40.25,40.5,0.0,3480100
2017-09-12,37.266334533691406,40.5,0.0,41.25,40.25,41.0,0.0,2305200
2017-09-13,38.18649673461914,41.5,0.0,41.75,40.75,40.75,0.0,4652100
2017-09-14,38.64656448364258,42.0,0.0,42.25,41.0,41.5,0.0,4283500
2017-09-15,39.10664749145508,42.5,0.0,42.75,41.25,42.0,0.0,3544200
2017-09-18,39.10664749145508,42.5,0.0,42.75,42.0,42.5,0.0,2594700
2017-09-19,40.02680969238281,43.5,0.0,43.75,42.5,43.0,0.0,4914400
2017-09-20,40.2568473815918,43.75,0.0,44.5,43.5,43.75,0.0,2352600
2017-09-21,40.02680969238281,43.5,0.0,44.0,43.25,43.75,0.0,640600
2017-09-22,39.79677200317383,43.25,0.0,43.75,42.75,43.75,0.0,1501800
2017-09-25,39.56672668457031,43.0,0.0,43.75,42.75,43.25,0.0,1705400
2017-09-26,39.56672668457031,43.0,0.0,43.5,43.0,43.5,0.0,1049300
2017-09-27,40.02680969238281,43.5,0.0,43.75,43.0,43.25,0.0,1087700
2017-09-28,40.02680969238281,43.5,0.0,43.75,43.25,43.5,0.0,1309800
2017-09-29,40.946964263916016,44.5,0.0,45.5,43.5,43.75,0.0,9124500
2017-10-02,40.946964263916016,44.5,0.0,45.25,44.0,44.25,0.0,2690200
2017-10-03,41.637081146240234,45.25,0.0,45.5,44.0,44.5,0.0,2630500
2017-10-04,40.7169189453125,44.25,0.0,45.25,44.25,45.0,0.0,1608500
2017-10-05,40.946964263916016,44.5,0.0,44.5,44.0,44.25,0.0,2134900
2017-10-06,40.946964263916016,44.5,0.0,44.75,44.25,44.75,0.0,940100
2017-10-09,39.79677200317383,43.25,0.0,44.5,42.75,44.25,0.0,3138300
2017-10-10,40.2568473815918,43.75,0.0,43.75,43.0,43.25,0.0,2328500
2017-10-11,41.40704345703125,45.0,0.0,46.0,43.75,44.0,0.0,5215800
2017-10-12,41.40704345703125,45.0,0.0,45.75,44.75,44.75,0.0,1020500
2017-10-16,41.40704345703125,45.0,0.0,45.0,45.0,45.0,0.0,155500
2017-10-17,41.637081146240234,45.25,0.0,45.5,45.0,45.25,0.0,1950400
2017-10-18,41.40704345703125,45.0,0.0,45.5,44.75,45.5,0.0,665900
2017-10-19,40.7169189453125,44.25,0.0,45.25,43.25,45.0,0.0,2975200
2017-10-20,40.02680969238281,43.5,0.0,44.75,43.5,44.25,0.0,1464500
2017-10-24,41.637081146240234,45.25,0.0,45.25,43.75,43.75,0.0,1241800
2017-10-25,42.32719802856445,46.0,0.0,46.75,44.75,45.25,0.0,2703700
2017-10-27,41.86712646484375,45.5,0.0,46.5,45.25,46.5,0.0,2106500
2017-10-30,42.32719802856445,46.0,0.0,46.0,45.25,45.5,0.0,1054700
2017-10-31,42.0971565246582,45.75,0.0,46.0,45.25,46.0,0.0,611400
2017-11-01,42.55723190307617,46.25,0.0,47.5,45.75,45.75,0.0,3860300
2017-11-02,45.087669372558594,49.0,0.0,49.5,46.25,46.25,0.0,7329100
2017-11-03,43.707427978515625,47.5,0.0,49.25,47.5,48.0,0.0,5021100
2017-11-06,45.087669372558594,49.0,0.0,49.25,47.5,47.75,0.0,4299700
2017-11-07,43.01731491088867,46.75,0.0,48.75,46.25,48.5,0.0,5126300
2017-11-08,43.477394104003906,47.25,0.0,47.5,46.5,47.25,0.0,2524600
2017-11-09,43.01731491088867,46.75,0.0,47.75,46.25,47.0,0.0,1445100
2017-11-10,41.86712646484375,45.5,0.0,47.25,45.25,46.75,0.0,2673600
2017-11-13,43.01731491088867,46.75,0.0,46.75,45.25,45.5,0.0,3135900
2017-11-14,43.937469482421875,47.75,0.0,47.75,45.5,46.5,0.0,2501400
2017-11-15,43.247352600097656,47.0,0.0,47.75,46.25,47.75,0.0,1188700
2017-11-16,42.0971565246582,45.75,0.0,47.0,45.5,47.0,0.0,1351400
2017-11-17,44.16750717163086,48.0,0.0,48.5,46.25,46.5,0.0,4163900
2017-11-20,45.087669372558594,49.0,0.0,49.5,48.25,48.5,0.0,1912000
2017-11-21,46.46790313720703,50.5,0.0,50.5,50.5,50.5,0.0,5966000
2017-11-22,46.0078239440918,50.0,0.0,50.75,49.75,50.5,0.0,1368000
2017-11-23,46.927982330322266,51.0,0.0,51.5,50.25,50.25,0.0,1877000
2017-11-24,47.618099212646484,51.75,0.0,51.75,49.75,50.5,0.0,3204900
2017-11-27,47.158016204833984,51.25,0.0,52.75,50.5,52.0,0.0,2212400
2017-11-28,48.76829528808594,53.0,0.0,53.0,51.25,51.25,0.0,1732100
2017-11-29,49.68844985961914,54.0,0.0,54.0,51.5,53.5,0.0,5950800
2017-11-30,49.22836685180664,53.5,0.0,54.0,52.0,54.0,0.0,2565400
2017-12-01,49.22836685180664,53.5,0.0,53.75,52.0,53.5,0.0,1561400
2017-12-04,48.07817840576172,52.25,0.0,54.5,52.25,53.25,0.0,2402700
2017-12-06,49.918487548828125,54.25,0.0,54.25,52.25,52.25,0.0,2415600
2017-12-07,52.21887969970703,56.75,0.0,57.0,54.5,54.5,0.0,4634600
2017-12-08,52.90899658203125,57.5,0.0,58.0,56.5,57.0,0.0,2783100
2017-12-12,49.918487548828125,54.25,0.0,57.5,53.5,57.25,0.0,4947100
2017-12-13,49.918487548828125,54.25,0.0,55.5,53.5,54.25,0.0,4110700
2017-12-14,50.83864212036133,55.25,0.0,56.75,54.25,54.25,0.0,3710700
2017-12-15,50.608604431152344,55.0,0.0,55.5,54.25,55.0,0.0,3915600
2017-12-18,49.458404541015625,53.75,0.0,55.25,53.5,55.0,0.0,2833100
2017-12-19,49.68844985961914,54.0,0.0,54.5,53.5,53.75,0.0,2909300
2017-12-20,49.22836685180664,53.5,0.0,54.0,52.25,54.0,0.0,5051400
2017-12-21,49.68844985961914,54.0,0.0,54.25,53.5,53.5,0.0,1511200
2017-12-22,49.458404541015625,53.75,0.0,54.25,53.5,54.0,0.0,709700
2017-12-25,49.918487548828125,54.25,0.0,54.25,53.5,53.5,0.0,1046600
2017-12-26,52.21887969970703,56.75,0.0,56.75,54.75,55.0,0.0,6010000
2017-12-27,53.139034271240234,57.75,0.0,59.5,56.25,56.75,0.0,6611000
2017-12-28,53.139034271240234,57.75,0.0,57.75,56.5,57.75,0.0,1743700
2017-12-29,53.599117279052734,58.25,0.0,58.75,57.25,57.75,0.0,5400700
2018-01-03,53.829158782958984,58.5,0.0,60.0,57.5,60.0,0.0,5876400
2018-01-04,51.06867980957031,55.5,0.0,58.5,55.5,58.25,0.0,4933500
2018-01-05,50.148529052734375,54.5,0.0,56.5,54.0,56.0,0.0,4570400
2018-01-08,47.38805389404297,51.5,0.0,54.0,51.5,53.75,0.0,8465500
2018-01-09,48.76829528808594,53.0,0.0,53.0,53.0,53.0,0.0,460100
2018-01-10,48.3082160949707,52.5,0.0,54.0,52.25,53.25,0.0,4768800
2018-01-11,49.22836685180664,53.5,0.0,53.75,52.25,52.25,0.0,2331400
2018-01-12,48.53825378417969,52.75,0.0,54.5,52.5,53.5,0.0,2882700
2018-01-15,49.68844985961914,54.0,0.0,54.75,52.25,52.5,0.0,4046300
2018-01-16,50.37856674194336,54.75,0.0,55.25,54.25,55.25,0.0,2216100
2018-01-17,49.22836685180664,53.5,0.0,54.25,53.25,54.25,0.0,2027600
2018-01-18,48.07817840576172,52.25,0.0,55.0,52.25,54.0,0.0,3615500
2018-01-19,47.38805389404297,51.5,0.0,52.5,50.75,52.25,0.0,4726400
2018-01-22,47.38805389404297,51.5,0.0,52.0,51.0,51.25,0.0,1905600
2018-01-23,47.618099212646484,51.75,0.0,53.0,51.25,51.75,0.0,3893400
2018-01-24,47.84813690185547,52.0,0.0,52.25,51.0,51.25,0.0,1834000
2018-01-25,46.69794464111328,50.75,0.0,52.0,50.75,52.0,0.0,1365900
2018-01-26,45.5477409362793,49.5,0.0,50.5,49.0,50.5,0.0,5679300
2018-01-29,47.38805389404297,51.5,0.0,51.75,49.5,49.5,0.0,3924800
2018-01-30,47.38805389404297,51.5,0.0,51.5,50.5,51.25,0.0,1516200
2018-01-31,47.618099212646484,51.75,0.0,52.0,50.75,51.25,0.0,1763900
2018-02-01,48.3082160949707,52.5,0.0,53.5,51.75,51.75,0.0,5475700
2018-02-02,46.46790313720703,50.5,0.0,52.5,50.25,52.25,0.0,5626100
2018-02-05,44.857627868652344,48.75,0.0,49.75,48.25,49.5,0.0,10620200
2018-02-06,44.857627868652344,48.75,0.0,48.75,47.0,47.25,0.0,4965200
2018-02-07,44.857627868652344,48.75,0.0,50.5,48.25,50.0,0.0,12644700
2018-02-08,46.46790313720703,50.5,0.0,50.5,49.25,49.25,0.0,6963500
2018-02-09,46.0078239440918,50.0,0.0,50.5,49.25,49.25,0.0,4267200
2018-02-12,46.46790313720703,50.5,0.0,51.5,49.75,50.25,0.0,4170000
2018-02-13,47.158016204833984,51.25,0.0,52.0,50.75,50.75,0.0,4262600
2018-02-14,46.46790313720703,50.5,0.0,52.0,50.5,51.5,0.0,2913600
2018-02-15,46.46790313720703,50.5,0.0,51.25,50.0,51.0,0.0,3281800
2018-02-16,46.927982330322266,51.0,0.0,51.0,50.5,50.75,0.0,1502000
2018-02-19,47.158016204833984,51.25,0.0,51.75,51.0,51.25,0.0,2494700
2018-02-20,46.927982330322266,51.0,0.0,52.0,51.0,51.25,0.0,2258800
2018-02-21,45.087669372558594,49.0,0.0,51.0,49.0,50.75,0.0,3615300
2018-02-22,44.857627868652344,48.75,0.0,49.25,48.0,48.75,0.0,2061700
2018-02-23,46.927982330322266,51.0,0.0,51.0,48.75,48.75,0.0,2280700
2018-02-26,47.84813690185547,52.0,0.0,52.0,50.75,51.25,0.0,3435800
2018-02-27,46.23786163330078,50.25,0.0,52.75,50.25,52.25,0.0,3414500
2018-02-28,47.158016204833984,51.25,0.0,51.5,50.25,50.25,0.0,2630300
2018-03-02,45.77778244018555,49.75,0.0,51.25,49.75,51.0,0.0,1038200
2018-03-05,45.087669372558594,49.0,0.0,50.0,48.25,49.25,0.0,2299700
2018-03-06,44.39754867553711,48.25,0.0,48.25,48.25,48.25,0.0,156700
2018-03-07,44.627586364746094,48.5,0.0,49.0,48.0,48.0,0.0,1329800
2018-03-08,41.86712646484375,45.5,0.0,48.0,45.5,47.75,0.0,4375000
2018-03-09,40.02680969238281,43.5,0.0,46.0,43.25,45.75,0.0,5117500
2018-03-12,42.55723190307617,46.25,0.0,46.25,43.75,44.25,0.0,3456300
2018-03-13,42.32719802856445,46.0,0.0,46.25,45.25,46.25,0.0,2535500
2018-03-14,42.55723190307617,46.25,0.0,47.0,45.75,46.0,0.0,3106500
2018-03-15,44.39754867553711,48.25,0.0,48.75,46.25,46.25,0.0,4894100
2018-03-16,43.477394104003906,47.25,0.0,49.0,47.25,48.25,0.0,3249900
2018-03-19,42.0971565246582,45.75,0.0,47.5,45.25,47.0,0.0,3533500
2018-03-20,43.477394104003906,47.25,0.0,47.25,45.25,45.25,0.0,2270300
2018-03-21,43.247352600097656,47.0,0.0,48.0,46.5,47.5,0.0,1705700
2018-03-22,43.247352600097656,47.0,0.0,47.5,46.5,46.75,0.0,2017900
2018-03-23,43.477394104003906,47.25,0.0,47.5,45.75,45.75,0.0,1778800
2018-03-26,43.707427978515625,47.5,0.0,47.75,47.0,47.0,0.0,1817300
2018-03-27,44.39754867553711,48.25,0.0,49.25,47.5,47.75,0.0,2563000
2018-03-28,44.16750717163086,48.0,0.0,48.25,47.75,48.25,0.0,1448900
2018-03-29,44.16750717163086,48.0,0.0,49.0,46.75,48.75,0.0,4108800
2018-03-30,45.31770324707031,49.25,0.0,49.25,47.75,48.5,0.0,2105700
2018-04-02,46.69794464111328,50.75,0.0,50.75,49.5,49.5,0.0,2664500
2018-04-03,45.77778244018555,49.75,0.0,51.0,49.0,51.0,0.0,2331900
2018-04-04,45.5477409362793,49.5,0.0,51.75,49.0,50.25,0.0,7828800
2018-04-05,47.618099212646484,51.75,0.0,52.25,49.75,49.75,0.0,5428000
2018-04-09,48.3082160949707,52.5,0.0,52.5,51.0,51.75,0.0,3820600
2018-04-10,47.84813690185547,52.0,0.0,53.25,51.5,53.0,0.0,4767700
2018-04-11,47.84813690185547,52.0,0.0,52.75,51.75,51.75,0.0,1900200
2018-04-12,46.69794464111328,50.75,0.0,51.75,50.0,51.75,0.0,3183600
2018-04-17,46.23786163330078,50.25,0.0,51.0,50.0,50.75,0.0,1611200
2018-04-18,46.69794464111328,50.75,0.0,51.0,50.25,50.25,0.0,964600
2018-04-19,46.46790313720703,50.5,0.0,51.5,50.25,51.0,0.0,1533800
2018-04-20,45.31770324707031,49.25,0.0,50.25,48.75,50.0,0.0,3450300
2018-04-23,44.627586364746094,48.5,0.0,49.25,48.5,48.75,0.0,1992700
2018-04-24,47.84813690185547,52.0,0.0,52.25,48.0,48.25,0.0,6987800
2018-04-25,46.69794464111328,50.75,0.0,52.0,50.5,51.0,0.0,3471700
2018-04-26,46.69794464111328,50.75,0.0,51.5,50.75,51.0,0.0,901500
2018-04-27,46.927982330322266,51.0,0.0,51.5,50.5,51.5,0.0,770400
2018-04-30,48.3082160949707,52.5,0.0,53.0,51.25,51.5,0.0,6206700
2018-05-02,47.38805389404297,51.5,0.0,52.25,51.0,52.0,0.0,1952500
2018-05-03,48.3082160949707,52.5,0.0,53.0,51.25,51.25,0.0,3446800
2018-05-04,46.0078239440918,50.0,0.0,53.5,49.25,52.5,0.0,10551000
2018-05-07,44.857627868652344,48.75,0.0,49.75,48.0,49.5,0.0,6611200
2018-05-08,46.0078239440918,50.0,0.0,50.25,48.5,49.0,0.0,4857600
2018-05-09,45.40245819091797,48.75,0.6,49.75,48.75,49.25,0.0,1226800
2018-05-10,46.100955963134766,49.5,0.0,50.0,48.75,48.75,0.0,2667800
2018-05-11,46.56662368774414,50.0,0.0,50.0,49.25,49.25,0.0,819300
2018-05-14,45.635292053222656,49.0,0.0,50.0,48.75,49.5,0.0,1167800
2018-05-15,46.56662368774414,50.0,0.0,50.5,49.0,49.0,0.0,1938400
2018-05-16,44.936790466308594,48.25,0.0,49.5,48.25,49.5,0.0,2087100
2018-05-17,42.60845947265625,45.75,0.0,48.0,45.25,48.0,0.0,9473600
2018-05-18,42.60845947265625,45.75,0.0,47.25,45.25,46.0,0.0,5464200
2018-05-21,42.60845947265625,45.75,0.0,46.75,45.5,46.25,0.0,3705200
2018-05-22,43.07412338256836,46.25,0.0,47.0,46.0,46.0,0.0,1972700
2018-05-23,43.07412338256836,46.25,0.0,46.75,46.0,46.25,0.0,817100
2018-05-24,42.60845947265625,45.75,0.0,46.75,45.5,46.25,0.0,2688800
2018-05-25,41.21146011352539,44.25,0.0,46.25,44.0,45.75,0.0,4914000
2018-05-28,43.77262496948242,47.0,0.0,47.25,44.5,44.5,0.0,4150100
2018-05-30,42.14279556274414,45.25,0.0,46.75,45.25,46.75,0.0,2793400
2018-05-31,42.14279556274414,45.25,0.0,45.75,44.5,45.5,0.0,1831400
2018-06-01,41.21146011352539,44.25,0.0,45.5,44.25,45.0,0.0,2169200
2018-06-04,41.677127838134766,44.75,0.0,44.75,43.25,44.25,0.0,4737800
2018-06-05,42.14279556274414,45.25,0.0,45.75,45.0,45.0,0.0,7325800
2018-06-06,42.375633239746094,45.5,0.0,45.75,45.0,45.75,0.0,1208300
2018-06-07,42.84129333496094,46.0,0.0,46.5,45.5,46.0,0.0,2294800
2018-06-08,42.375633239746094,45.5,0.0,46.0,45.25,46.0,0.0,1622500
2018-06-11,42.375633239746094,45.5,0.0,45.75,45.25,45.5,0.0,468800
2018-06-12,43.07412338256836,46.25,0.0,47.0,45.25,45.75,0.0,3192800
2018-06-13,43.07412338256836,46.25,0.0,47.0,46.0,46.25,0.0,1611700
2018-06-14,43.30696105957031,46.5,0.0,47.0,45.5,46.0,0.0,2032500
2018-06-15,42.14279556274414,45.25,0.0,46.75,45.25,46.5,0.0,2051400
2018-06-18,42.375633239746094,45.5,0.0,46.25,45.0,45.25,0.0,3139800
2018-06-19,41.90996170043945,45.0,0.0,45.75,44.5,45.0,0.0,3950500
2018-06-20,42.375633239746094,45.5,0.0,45.75,44.75,45.0,0.0,3069900
2018-06-21,41.90996170043945,45.0,0.0,45.5,44.0,45.5,0.0,3627400
2018-06-22,41.444297790527344,44.5,0.0,45.25,44.5,45.25,0.0,1084500
2018-06-25,40.74579620361328,43.75,0.0,44.5,43.5,44.25,0.0,1479700
2018-06-26,41.444297790527344,44.5,0.0,45.0,43.25,43.25,0.0,2959700
2018-06-27,40.9786262512207,44.0,0.0,44.75,43.75,44.25,0.0,1741100
2018-06-28,40.51296615600586,43.5,0.0,44.5,43.0,44.0,0.0,3411700
2018-06-29,40.04729461669922,43.0,0.0,44.0,42.5,43.75,0.0,2497200
2018-07-02,42.14279556274414,45.25,0.0,45.25,41.75,42.75,0.0,3923000
2018-07-03,42.375633239746094,45.5,0.0,46.0,44.5,45.25,0.0,1966600
2018-07-04,42.60845947265625,45.75,0.0,46.0,45.0,45.25,0.0,2383000
2018-07-05,41.90996170043945,45.0,0.0,46.25,44.25,46.25,0.0,1770000
2018-07-06,42.14279556274414,45.25,0.0,45.5,44.75,44.75,0.0,1227600
2018-07-09,41.90996170043945,45.0,0.0,45.5,44.75,45.5,0.0,1343200
2018-07-10,41.444297790527344,44.5,0.0,45.25,43.5,45.25,0.0,3477200
2018-07-11,41.21146011352539,44.25,0.0,44.5,44.0,44.0,0.0,990300
2018-07-12,41.21146011352539,44.25,0.0,45.0,43.75,44.0,0.0,2520600
2018-07-13,40.9786262512207,44.0,0.0,44.5,44.0,44.5,0.0,1124400
2018-07-16,39.8144645690918,42.75,0.0,44.0,42.25,43.75,0.0,2397000
2018-07-17,39.8144645690918,42.75,0.0,43.0,42.5,42.5,0.0,1545800
2018-07-18,38.41746520996094,41.25,0.0,43.0,41.0,42.75,0.0,3898200
2018-07-19,38.88313293457031,41.75,0.0,42.0,41.0,41.25,0.0,4343600
2018-07-20,39.58163070678711,42.5,0.0,42.75,41.5,41.75,0.0,5190300
2018-07-23,39.58163070678711,42.5,0.0,43.25,42.25,42.5,0.0,2620200
2018-07-24,40.28013229370117,43.25,0.0,43.75,42.75,42.75,0.0,2703500
2018-07-25,40.04729461669922,43.0,0.0,43.5,42.75,43.0,0.0,4287700
2018-07-26,40.28013229370117,43.25,0.0,43.5,42.75,43.5,0.0,1571800
2018-07-31,40.74579620361328,43.75,0.0,44.5,43.25,43.5,0.0,3909100
2018-08-01,40.9786262512207,44.0,0.0,44.5,43.75,44.0,0.0,2597100
2018-08-02,40.28013229370117,43.25,0.0,44.25,43.0,43.75,0.0,2244600
2018-08-03,40.51296615600586,43.5,0.0,44.5,43.0,43.25,0.0,4357300
2018-08-06,40.28013229370117,43.25,0.0,44.5,43.0,44.0,0.0,3794900
2018-08-07,41.444297790527344,44.5,0.0,44.75,43.25,44.0,0.0,3228400
2018-08-08,41.444297790527344,44.5,0.0,45.5,44.25,44.75,0.0,5201400
2018-08-09,40.9786262512207,44.0,0.0,45.5,43.5,44.75,0.0,5512700
2018-08-10,40.74579620361328,43.75,0.0,44.5,42.5,44.25,0.0,4622000
2018-08-14,40.04729461669922,43.0,0.0,43.5,42.25,42.75,0.0,4370500
2018-08-15,39.34879684448242,42.25,0.0,43.0,42.0,42.5,0.0,3120400
2018-08-16,38.88313293457031,41.75,0.0,42.5,41.0,42.25,0.0,5037900
2018-08-17,38.41746520996094,41.25,0.0,42.25,41.25,42.0,0.0,5534900
2018-08-20,36.78763198852539,39.5,0.0,41.5,39.25,41.5,0.0,12493700
2018-08-21,37.02046585083008,39.75,0.0,40.25,39.25,39.75,0.0,8525900
2018-08-22,36.78763198852539,39.5,0.0,40.25,39.25,40.0,0.0,3199700
2018-08-23,35.856300354003906,38.5,0.0,39.75,38.25,39.5,0.0,8286100
2018-08-24,34.92496871948242,37.5,0.0,38.5,37.0,38.25,0.0,9431300
2018-08-27,36.5547981262207,39.25,0.0,39.75,37.75,38.0,0.0,9472500
2018-08-28,36.32196807861328,39.0,0.0,40.0,38.75,39.5,0.0,4552300
2018-08-29,36.78763198852539,39.5,0.0,39.75,39.0,39.25,0.0,1932600
2018-08-30,37.02046585083008,39.75,0.0,40.0,39.25,39.5,0.0,3850700
2018-08-31,37.02046585083008,39.75,0.0,39.75,39.25,39.5,0.0,2623500
2018-09-03,36.5547981262207,39.25,0.0,40.0,38.75,39.75,0.0,4214700
2018-09-04,35.62346649169922,38.25,0.0,39.5,38.0,39.25,0.0,5747500
2018-09-05,35.3906364440918,38.0,0.0,38.5,37.75,38.25,0.0,2609700
2018-09-06,36.089134216308594,38.75,0.0,38.75,37.5,38.0,0.0,6218400
2018-09-07,35.856300354003906,38.5,0.0,38.75,38.25,38.75,0.0,3355000
2018-09-10,36.089134216308594,38.75,0.0,39.25,38.25,38.5,0.0,2834500
2018-09-11,35.15780258178711,37.75,0.0,38.75,37.25,38.75,0.0,3670700
2018-09-12,35.15780258178711,37.75,0.0,38.0,36.75,37.5,0.0,4863500
2018-09-13,35.856300354003906,38.5,0.0,39.0,38.0,38.0,0.0,5860300
2018-09-14,36.089134216308594,38.75,0.0,39.0,38.25,38.5,0.0,2412300
2018-09-17,36.089134216308594,38.75,0.0,39.25,38.5,38.5,0.0,2383200
2018-09-18,37.02046585083008,39.75,0.0,40.0,38.5,38.75,0.0,8144900
2018-09-19,39.11595916748047,42.0,0.0,42.75,40.0,40.0,0.0,21474900
2018-09-20,39.11595916748047,42.0,0.0,42.5,41.5,42.25,0.0,4291000
2018-09-21,38.88313293457031,41.75,0.0,42.25,41.0,42.25,0.0,4689400
2018-09-24,38.88313293457031,41.75,0.0,42.25,40.5,41.25,0.0,4025900
2018-09-25,39.58163070678711,42.5,0.0,43.25,41.75,42.25,0.0,10960000
2018-09-26,38.88313293457031,41.75,0.0,43.25,41.25,42.75,0.0,7879500
2018-09-27,39.11595916748047,42.0,0.0,42.25,41.25,42.0,0.0,3448400
2018-09-28,38.88313293457031,41.75,0.0,42.25,41.5,41.75,0.0,3815500
2018-10-01,38.650299072265625,41.5,0.0,42.25,41.0,42.0,0.0,3747700
2018-10-02,37.95179748535156,40.75,0.0,41.5,40.0,41.5,0.0,6315100
2018-10-03,37.02046585083008,39.75,0.0,41.0,39.5,41.0,0.0,6061700
2018-10-04,37.02046585083008,39.75,0.0,40.0,39.0,39.25,0.0,5277400
2018-10-05,36.78763198852539,39.5,0.0,39.75,39.0,39.5,0.0,2201800
2018-10-08,36.089134216308594,38.75,0.0,39.5,38.25,39.25,0.0,3410300
2018-10-09,36.32196807861328,39.0,0.0,39.5,38.25,38.5,0.0,2290300
2018-10-10,36.78763198852539,39.5,0.0,39.75,39.0,39.0,0.0,1701000
2018-10-11,36.5547981262207,39.25,0.0,39.25,37.25,38.0,0.0,4098500
2018-10-12,36.78763198852539,39.5,0.0,40.0,39.0,39.25,0.0,2582200
2018-10-16,36.78763198852539,39.5,0.0,39.75,39.0,39.5,0.0,1048800
2018-10-17,36.5547981262207,39.25,0.0,40.0,38.75,39.75,0.0,1362000
2018-10-18,36.5547981262207,39.25,0.0,39.5,38.75,39.0,0.0,828400
2018-10-19,36.5547981262207,39.25,0.0,39.75,37.75,39.25,0.0,2795400
2018-10-22,36.32196807861328,39.0,0.0,39.75,38.75,39.25,0.0,835300
2018-10-24,36.5547981262207,39.25,0.0,39.5,38.25,38.25,0.0,2140300
2018-10-25,36.32196807861328,39.0,0.0,39.0,37.75,38.75,0.0,1968300
2018-10-26,36.5547981262207,39.25,0.0,39.25,38.75,39.0,0.0,926000
2018-10-29,36.5547981262207,39.25,0.0,39.5,38.75,39.25,0.0,1489700
2018-10-30,36.32196807861328,39.0,0.0,39.5,39.0,39.25,0.0,1068500
2018-10-31,37.48612976074219,40.25,0.0,40.5,39.25,39.75,0.0,3671600
2018-11-01,38.184627532958984,41.0,0.0,41.5,40.25,40.5,0.0,5464900
2018-11-02,38.184627532958984,41.0,0.0,41.25,40.5,41.0,0.0,3656300
2018-11-05,38.650299072265625,41.5,0.0,41.75,40.25,41.0,0.0,3644800
2018-11-06,38.650299072265625,41.5,0.0,42.0,41.5,41.75,0.0,2501700
2018-11-07,38.41746520996094,41.25,0.0,41.75,40.75,41.75,0.0,1565000
2018-11-08,38.650299072265625,41.5,0.0,41.5,41.0,41.5,0.0,1113300
2018-11-09,37.95179748535156,40.75,0.0,41.25,40.5,41.0,0.0,543600
2018-11-12,37.95179748535156,40.75,0.0,41.0,40.5,40.75,0.0,1186000
2018-11-13,37.02046585083008,39.75,0.0,40.5,39.5,40.25,0.0,2370400
2018-11-14,37.48612976074219,40.25,0.0,40.75,39.5,39.5,0.0,2365600
2018-11-15,37.48612976074219,40.25,0.0,40.5,40.0,40.5,0.0,832600
2018-11-16,37.2532958984375,40.0,0.0,40.5,39.75,40.0,0.0,929000
2018-11-19,37.2532958984375,40.0,0.0,40.25,39.75,40.0,0.0,1107800
2018-11-20,37.02046585083008,39.75,0.0,40.25,39.5,40.0,0.0,957500
2018-11-21,37.718963623046875,40.5,0.0,40.75,39.5,39.75,0.0,3388500
2018-11-22,37.718963623046875,40.5,0.0,41.5,40.25,40.25,0.0,2162900
2018-11-23,37.718963623046875,40.5,0.0,41.0,40.0,40.5,0.0,1558400
2018-11-26,37.95179748535156,40.75,0.0,41.0,40.5,40.5,0.0,351800
2018-11-27,39.11595916748047,42.0,0.0,42.5,40.75,40.75,0.0,4450600
2018-11-28,39.11595916748047,42.0,0.0,42.5,41.75,42.0,0.0,2872000
2018-11-29,39.11595916748047,42.0,0.0,42.5,42.0,42.25,0.0,2079800
2018-11-30,39.34879684448242,42.25,0.0,42.25,41.75,42.0,0.0,985900
2018-12-03,40.04729461669922,43.0,0.0,43.25,42.25,42.5,0.0,4212200
2018-12-04,40.74579620361328,43.75,0.0,44.0,42.75,43.5,0.0,5622100
2018-12-06,40.74579620361328,43.75,0.0,44.0,42.25,42.5,0.0,2239600
2018-12-07,40.28013229370117,43.25,0.0,44.0,42.75,44.0,0.0,1966000
2018-12-11,39.34879684448242,42.25,0.0,43.0,42.25,43.0,0.0,1273800
2018-12-12,39.58163070678711,42.5,0.0,43.5,42.0,42.75,0.0,6782900
2018-12-13,38.650299072265625,41.5,0.0,43.0,41.25,43.0,0.0,3472600
2018-12-14,39.11595916748047,42.0,0.0,42.75,41.25,41.5,0.0,3348900
2018-12-17,38.88313293457031,41.75,0.0,42.5,41.25,42.5,0.0,1194100
2018-12-18,37.2532958984375,40.0,0.0,41.75,40.0,41.75,0.0,1938600
2018-12-19,38.184627532958984,41.0,0.0,41.25,39.75,40.25,0.0,2163300
2018-12-20,37.95179748535156,40.75,0.0,41.0,40.25,40.5,0.0,732000
2018-12-21,38.41746520996094,41.25,0.0,41.75,40.5,40.75,0.0,1896500
2018-12-24,38.88313293457031,41.75,0.0,42.0,40.75,41.25,0.0,1634900
2018-12-25,37.95179748535156,40.75,0.0,41.5,40.5,41.25,0.0,740900
2018-12-26,37.02046585083008,39.75,0.0,40.75,39.5,40.5,0.0,1739900
2018-12-27,35.856300354003906,38.5,0.0,41.0,38.25,40.75,0.0,4490000
2018-12-28,37.2532958984375,40.0,0.0,41.0,38.0,38.25,0.0,2788200
2019-01-02,37.2532958984375,40.0,0.0,40.75,39.75,40.25,0.0,1240900
2019-01-03,37.2532958984375,40.0,0.0,41.75,40.0,40.5,0.0,2546400
2019-01-04,36.089134216308594,38.75,0.0,40.25,38.5,40.0,0.0,3249700
2019-01-07,36.78763198852539,39.5,0.0,39.75,38.75,38.75,0.0,1766200
2019-01-08,37.02046585083008,39.75,0.0,40.25,39.5,39.5,0.0,1522200
2019-01-09,36.78763198852539,39.5,0.0,40.25,39.5,40.0,0.0,1916400
2019-01-10,37.2532958984375,40.0,0.0,40.5,39.5,39.5,0.0,1584400
2019-01-11,36.78763198852539,39.5,0.0,40.5,39.0,40.5,0.0,2704800
2019-01-14,35.856300354003906,38.5,0.0,39.5,38.25,39.25,0.0,2512600
2019-01-15,36.089134216308594,38.75,0.0,39.0,38.5,38.5,0.0,2735600
2019-01-16,35.856300354003906,38.5,0.0,39.0,38.25,39.0,0.0,663000
2019-01-17,35.62346649169922,38.25,0.0,38.75,38.25,38.75,0.0,3115500
2019-01-18,36.5547981262207,39.25,0.0,39.25,38.5,38.5,0.0,2430600
2019-01-21,36.5547981262207,39.25,0.0,39.5,39.0,39.5,0.0,1141300
2019-01-22,37.2532958984375,40.0,0.0,40.25,39.0,39.25,0.0,2941100
2019-01-23,37.95179748535156,40.75,0.0,41.75,40.0,40.25,0.0,5401200
2019-01-24,37.718963623046875,40.5,0.0,41.75,40.25,41.0,0.0,6465900
2019-01-25,37.95179748535156,40.75,0.0,41.5,40.5,41.25,0.0,3079000
2019-01-28,38.88313293457031,41.75,0.0,42.5,41.25,41.5,0.0,5904000
2019-01-29,39.58163070678711,42.5,0.0,43.0,42.0,42.5,0.0,7523600
2019-01-30,39.34879684448242,42.25,0.0,42.75,41.5,42.75,0.0,2934200
2019-01-31,40.04729461669922,43.0,0.0,43.75,42.25,42.25,0.0,6253500
2019-02-01,40.28013229370117,43.25,0.0,43.75,43.0,43.25,0.0,2103400
2019-02-04,41.90996170043945,45.0,0.0,45.5,43.25,43.75,0.0,11086300
2019-02-05,41.90996170043945,45.0,0.0,45.25,44.25,44.75,0.0,2555500
2019-02-06,42.84129333496094,46.0,0.0,46.0,44.5,45.0,0.0,3812700
2019-02-07,41.90996170043945,45.0,0.0,47.25,44.75,45.5,0.0,7207300
2019-02-08,42.14279556274414,45.25,0.0,46.0,44.25,44.5,0.0,3980900
2019-02-11,42.84129333496094,46.0,0.0,46.0,45.0,45.0,0.0,1617200
2019-02-12,43.30696105957031,46.5,0.0,47.0,45.5,45.5,0.0,5703700
2019-02-13,42.84129333496094,46.0,0.0,46.75,45.75,46.75,0.0,2705900
2019-02-14,42.84129333496094,46.0,0.0,46.25,45.5,45.75,0.0,1951400
2019-02-15,41.677127838134766,44.75,0.0,45.75,44.25,45.5,0.0,2226900
2019-02-18,40.04729461669922,43.0,0.0,45.5,43.0,45.0,0.0,3682600
2019-02-20,40.74579620361328,43.75,0.0,44.25,43.25,43.75,0.0,3841400
2019-02-21,40.51296615600586,43.5,0.0,44.25,43.0,44.0,0.0,2496200
2019-02-22,40.9786262512207,44.0,0.0,44.25,43.5,43.5,0.0,4287500
2019-02-25,41.677127838134766,44.75,0.0,45.75,44.0,44.25,0.0,4666000
2019-02-26,42.375633239746094,45.5,0.0,46.0,45.0,45.5,0.0,4060100
2019-02-27,42.84129333496094,46.0,0.0,46.5,44.75,45.75,0.0,3732600
2019-02-28,41.677127838134766,44.75,0.0,46.25,44.5,46.25,0.0,2119000
2019-03-01,41.444297790527344,44.5,0.0,45.5,44.5,45.25,0.0,1877200
2019-03-04,41.677127838134766,44.75,0.0,45.5,44.25,44.25,0.0,1641700
2019-03-05,42.60845947265625,45.75,0.0,45.75,44.25,44.75,0.0,3434900
2019-03-06,41.444297790527344,44.5,0.0,45.75,44.25,45.5,0.0,3220400
2019-03-07,41.90996170043945,45.0,0.0,45.75,44.5,44.5,0.0,1704800
2019-03-08,42.14279556274414,45.25,0.0,45.75,44.75,45.0,0.0,1966400
2019-03-11,42.375633239746094,45.5,0.0,45.75,45.0,45.75,0.0,2493100
2019-03-12,43.07412338256836,46.25,0.0,46.5,45.5,45.5,0.0,5529400
2019-03-13,42.84129333496094,46.0,0.0,46.25,45.5,46.25,0.0,5366400
2019-03-14,40.51296615600586,43.5,0.0,45.5,42.75,45.0,0.0,14604600
2019-03-15,40.04729461669922,43.0,0.0,44.0,42.5,43.25,0.0,6356400
2019-03-18,39.34879684448242,42.25,0.0,43.25,41.5,43.0,0.0,6965800
2019-03-19,40.28013229370117,43.25,0.0,43.75,42.0,42.0,0.0,4975800
2019-03-20,39.8144645690918,42.75,0.0,44.0,42.5,43.25,0.0,5104700
2019-03-21,39.8144645690918,42.75,0.0,43.5,42.5,43.0,0.0,4332500
2019-03-22,40.51296615600586,43.5,0.0,43.75,42.75,42.75,0.0,4212200
2019-03-25,39.8144645690918,42.75,0.0,43.25,42.5,42.75,0.0,6381400
2019-03-26,39.8144645690918,42.75,0.0,43.5,42.25,43.0,0.0,4362000
2019-03-27,39.58163070678711,42.5,0.0,43.25,42.5,42.75,0.0,2979200
2019-03-28,40.74579620361328,43.75,0.0,44.0,42.5,42.75,0.0,5273300
2019-03-29,40.74579620361328,43.75,0.0,44.25,43.5,44.25,0.0,5946700
2019-04-01,42.375633239746094,45.5,0.0,46.0,44.0,44.0,0.0,9330000
2019-04-02,41.677127838134766,44.75,0.0,45.75,44.5,45.5,0.0,6990600
2019-04-03,41.444297790527344,44.5,0.0,45.0,44.25,45.0,0.0,4579700
2019-04-04,40.74579620361328,43.75,0.0,44.5,43.5,44.5,0.0,3703500
2019-04-05,40.74579620361328,43.75,0.0,44.25,43.25,43.75,0.0,3377500
2019-04-09,40.74579620361328,43.75,0.0,44.25,43.25,43.75,0.0,5967500
2019-04-10,40.74579620361328,43.75,0.0,44.0,43.5,43.75,0.0,3663000
2019-04-11,40.51296615600586,43.5,0.0,43.75,42.75,43.25,0.0,6800200
2019-04-12,40.04729461669922,43.0,0.0,43.75,42.75,43.25,0.0,4669800
2019-04-17,40.9786262512207,44.0,0.0,44.25,43.25,43.25,0.0,6644400
2019-04-18,40.9786262512207,44.0,0.0,44.25,43.75,44.0,0.0,4919700
2019-04-19,41.21146011352539,44.25,0.0,44.5,43.75,44.0,0.0,2381700
2019-04-22,40.51296615600586,43.5,0.0,44.0,43.25,44.0,0.0,5735700
2019-04-23,40.28013229370117,43.25,0.0,43.75,43.0,43.5,0.0,3777900
2019-04-24,40.04729461669922,43.0,0.0,43.5,42.5,43.25,0.0,5892500
2019-04-25,40.28013229370117,43.25,0.0,43.75,43.0,43.25,0.0,3959300
2019-04-26,40.28013229370117,43.25,0.0,43.25,42.75,43.25,0.0,3567500
2019-04-29,40.04729461669922,43.0,0.0,43.25,42.75,43.0,0.0,3038000
2019-04-30,39.8144645690918,42.75,0.0,43.25,42.25,43.0,0.0,5301600
2019-05-02,39.8144645690918,42.75,0.0,43.5,42.75,42.75,0.0,7879000
2019-05-03,40.1927490234375,42.5,0.65,42.5,42.25,42.25,0.0,4114400
2019-05-07,39.0106086730957,41.25,0.0,42.25,40.75,42.0,0.0,8410900
2019-05-08,38.537750244140625,40.75,0.0,41.5,40.5,41.25,0.0,6550400
2019-05-09,38.30132293701172,40.5,0.0,41.25,40.25,40.75,0.0,7517000
2019-05-10,38.30132293701172,40.5,0.0,41.0,40.25,41.0,0.0,5809400
2019-05-13,37.592037200927734,39.75,0.0,41.25,39.25,40.75,0.0,6844000
2019-05-14,35.70061492919922,37.75,0.0,37.75,35.5,36.25,0.0,28464100
2019-05-15,34.51847839355469,36.5,0.0,37.5,36.5,37.5,0.0,8388500
2019-05-16,34.045623779296875,36.0,0.0,36.75,35.75,36.75,0.0,6489300
2019-05-17,33.33633804321289,35.25,0.0,36.75,35.25,36.25,0.0,6979600
2019-05-21,32.86348342895508,34.75,0.0,35.5,34.25,35.25,0.0,10156200
2019-05-22,33.33633804321289,35.25,0.0,35.75,35.0,35.0,0.0,4837200
2019-05-23,32.86348342895508,34.75,0.0,35.5,34.25,35.25,0.0,7333800
2019-05-24,33.099910736083984,35.0,0.0,35.5,34.5,34.75,0.0,4610300
2019-05-27,33.33633804321289,35.25,0.0,35.5,35.0,35.0,0.0,5404500
2019-05-28,32.86348342895508,34.75,0.0,35.0,34.0,35.0,0.0,14248800
2019-05-29,32.154197692871094,34.0,0.0,34.75,34.0,34.75,0.0,6612200
2019-05-30,32.390625,34.25,0.0,34.75,34.0,34.0,0.0,8197400
2019-05-31,31.917770385742188,33.75,0.0,34.5,33.25,34.25,0.0,7033200
2019-06-04,33.099910736083984,35.0,0.0,35.25,33.5,33.75,0.0,9420500
2019-06-05,33.80919647216797,35.75,0.0,35.75,35.0,35.0,0.0,6938100
2019-06-06,33.80919647216797,35.75,0.0,36.0,35.0,35.5,0.0,5752600
2019-06-07,33.5727653503418,35.5,0.0,36.0,35.5,35.75,0.0,2751100
2019-06-10,33.33633804321289,35.25,0.0,36.0,35.0,35.75,0.0,4818600
2019-06-11,34.045623779296875,36.0,0.0,36.0,35.25,35.25,0.0,9190400
2019-06-12,34.28205108642578,36.25,0.0,36.5,35.5,36.0,0.0,7641700
2019-06-13,34.28205108642578,36.25,0.0,36.5,36.0,36.0,0.0,5815300
2019-06-14,34.28205108642578,36.25,0.0,36.5,36.0,36.25,0.0,3583100
2019-06-17,34.045623779296875,36.0,0.0,37.25,36.0,36.25,0.0,6403500
2019-06-18,34.28205108642578,36.25,0.0,36.75,35.75,36.0,0.0,5424300
2019-06-19,34.28205108642578,36.25,0.0,36.5,35.75,36.25,0.0,10892200
2019-06-20,34.045623779296875,36.0,0.0,36.5,36.0,36.25,0.0,6427900
2019-06-21,34.045623779296875,36.0,0.0,36.5,35.75,36.25,0.0,8304700
2019-06-24,33.80919647216797,35.75,0.0,36.25,35.5,36.25,0.0,3886500
2019-06-25,33.33633804321289,35.25,0.0,35.75,35.25,35.75,0.0,6843700
2019-06-26,33.099910736083984,35.0,0.0,35.75,35.0,35.25,0.0,5022100
2019-06-27,33.5727653503418,35.5,0.0,35.75,35.0,35.0,0.0,8782400
2019-06-28,33.5727653503418,35.5,0.0,35.75,34.25,35.5,0.0,16988200
2019-07-01,34.28205108642578,36.25,0.0,36.5,35.25,35.5,0.0,10875700
2019-07-02,34.045623779296875,36.0,0.0,36.75,35.75,36.25,0.0,8439200
2019-07-03,34.045623779296875,36.0,0.0,36.5,35.75,36.0,0.0,4542600
2019-07-04,33.80919647216797,35.75,0.0,36.25,35.5,36.0,0.0,5798000
2019-07-05,33.80919647216797,35.75,0.0,36.0,35.25,35.75,0.0,1907300
2019-07-08,33.5727653503418,35.5,0.0,35.75,35.25,35.5,0.0,1776100
2019-07-09,33.33633804321289,35.25,0.0,35.5,35.0,35.5,0.0,2242200
2019-07-10,33.33633804321289,35.25,0.0,35.75,35.0,35.0,0.0,2885400
2019-07-11,33.5727653503418,35.5,0.0,36.0,35.0,35.5,0.0,3522900
2019-07-12,33.33633804321289,35.25,0.0,35.5,35.0,35.25,0.0,2046900
2019-07-15,33.099910736083984,35.0,0.0,35.5,35.0,35.25,0.0,2082100
2019-07-17,32.627052307128906,34.5,0.0,34.75,34.0,34.75,0.0,3812400
2019-07-18,32.627052307128906,34.5,0.0,34.5,34.0,34.25,0.0,3694400
2019-07-19,32.86348342895508,34.75,0.0,35.25,34.25,34.5,0.0,4257700
2019-07-22,32.627052307128906,34.5,0.0,34.75,34.25,34.5,0.0,2319800
2019-07-23,32.390625,34.25,0.0,34.75,34.25,34.75,0.0,1402300
2019-07-24,32.154197692871094,34.0,0.0,34.5,34.0,34.25,0.0,2382200
2019-07-25,32.154197692871094,34.0,0.0,34.5,34.0,34.25,0.0,2032400
2019-07-26,32.390625,34.25,0.0,34.5,34.0,34.0,0.0,2290300
2019-07-30,32.154197692871094,34.0,0.0,34.5,34.0,34.25,0.0,1900000
2019-07-31,32.154197692871094,34.0,0.0,34.25,34.0,34.0,0.0,1113500
2019-08-01,31.917770385742188,33.75,0.0,34.25,33.25,34.25,0.0,3620500
2019-08-02,31.681339263916016,33.5,0.0,33.5,32.5,33.5,0.0,6456200
2019-08-05,30.49920082092285,32.25,0.0,33.5,32.0,33.25,0.0,6362200
2019-08-06,30.49920082092285,32.25,0.0,32.75,31.25,32.0,0.0,3259900
2019-08-07,30.49920082092285,32.25,0.0,33.0,32.0,32.5,0.0,2702700
2019-08-08,30.735628128051758,32.5,0.0,33.0,32.25,32.25,0.0,1912500
2019-08-09,30.49920082092285,32.25,0.0,33.0,32.0,32.5,0.0,1482400
2019-08-13,29.317062377929688,31.0,0.0,32.25,30.5,32.0,0.0,3779100
2019-08-14,29.317062377929688,31.0,0.0,31.75,31.0,31.25,0.0,1233700
2019-08-15,28.844205856323242,30.5,0.0,30.75,29.75,30.5,0.0,6264300
2019-08-16,30.49920082092285,32.25,0.0,32.5,30.75,31.0,0.0,6357300
2019-08-19,30.972055435180664,32.75,0.0,33.5,32.5,32.75,0.0,5101900
2019-08-20,30.026348114013672,31.75,0.0,32.75,31.5,32.75,0.0,5929100
2019-08-21,30.026348114013672,31.75,0.0,32.5,31.25,31.75,0.0,7596300
2019-08-22,29.789918899536133,31.5,0.0,31.75,31.25,31.5,0.0,2082100
2019-08-23,29.789918899536133,31.5,0.0,32.25,31.25,31.5,0.0,3083400
2019-08-26,29.08063507080078,30.75,0.0,31.0,30.0,30.5,0.0,3160100
2019-08-27,29.08063507080078,30.75,0.0,32.0,30.75,30.75,0.0,3781500
2019-08-28,29.553491592407227,31.25,0.0,31.5,30.75,30.75,0.0,2678400
2019-08-29,30.262773513793945,32.0,0.0,32.25,31.0,31.25,0.0,4032900
2019-08-30,30.262773513793945,32.0,0.0,32.5,31.5,32.0,0.0,3545200
2019-09-02,31.208484649658203,33.0,0.0,33.5,32.0,32.0,0.0,10021700
2019-09-03,30.735628128051758,32.5,0.0,33.0,32.25,33.0,0.0,2652400
2019-09-04,32.390625,34.25,0.0,34.5,32.5,32.5,0.0,13813300
2019-09-05,32.86348342895508,34.75,0.0,35.5,34.5,34.5,0.0,10836000
2019-09-06,32.627052307128906,34.5,0.0,35.0,33.5,35.0,0.0,7536700
2019-09-09,32.390625,34.25,0.0,34.75,34.0,34.75,0.0,2279600
2019-09-10,32.154197692871094,34.0,0.0,34.75,34.0,34.0,0.0,6147000
2019-09-11,32.154197692871094,34.0,0.0,34.5,33.75,34.25,0.0,4252000
2019-09-12,31.917770385742188,33.75,0.0,34.5,33.75,34.0,0.0,3880300
2019-09-13,31.681339263916016,33.5,0.0,34.0,33.0,33.75,0.0,2149200
2019-09-16,30.972055435180664,32.75,0.0,33.75,32.5,33.5,0.0,3212000
2019-09-17,30.026348114013672,31.75,0.0,32.75,31.25,32.75,0.0,6279300
2019-09-18,29.789918899536133,31.5,0.0,31.75,31.25,31.75,0.0,2054900
2019-09-19,29.553491592407227,31.25,0.0,31.5,30.5,31.5,0.0,6670300
2019-09-20,29.553491592407227,31.25,0.0,31.75,31.0,31.0,0.0,3946500
2019-09-23,29.789918899536133,31.5,0.0,32.25,31.25,31.5,0.0,5618100
2019-09-24,30.026348114013672,31.75,0.0,31.75,31.25,31.5,0.0,1846100
2019-09-25,29.789918899536133,31.5,0.0,31.75,31.0,31.5,0.0,3386500
2019-09-26,30.262773513793945,32.0,0.0,32.5,31.5,31.5,0.0,4159500
2019-09-27,30.972055435180664,32.75,0.0,33.25,31.75,32.0,0.0,8030800
2019-09-30,31.208484649658203,33.0,0.0,33.5,32.5,33.0,0.0,5105900
2019-10-01,30.972055435180664,32.75,0.0,33.5,32.5,33.0,0.0,3315900
2019-10-02,30.262773513793945,32.0,0.0,32.75,31.5,32.5,0.0,3546500
2019-10-03,30.026348114013672,31.75,0.0,32.25,31.5,32.0,0.0,2463800
2019-10-04,30.49920082092285,32.25,0.0,32.25,31.75,32.0,0.0,1726300
2019-10-07,30.262773513793945,32.0,0.0,32.25,31.75,32.25,0.0,1980200
2019-10-08,29.789918899536133,31.5,0.0,32.25,31.25,32.0,0.0,3097300
2019-10-09,30.262773513793945,32.0,0.0,32.0,31.25,31.25,0.0,2093200
2019-10-10,30.026348114013672,31.75,0.0,32.0,31.25,32.0,0.0,1060800
2019-10-11,29.789918899536133,31.5,0.0,32.25,31.25,31.75,0.0,3480100
2019-10-15,29.553491592407227,31.25,0.0,31.75,31.0,31.5,0.0,2434400
2019-10-16,29.08063507080078,30.75,0.0,31.75,30.75,31.25,0.0,4011900
2019-10-17,29.08063507080078,30.75,0.0,31.5,30.75,31.0,0.0,3091700
2019-10-18,28.134923934936523,29.75,0.0,31.0,29.25,30.75,0.0,5933800
2019-10-21,28.134923934936523,29.75,0.0,30.25,29.5,29.5,0.0,2254400
2019-10-22,28.37135124206543,30.0,0.0,30.25,29.5,29.75,0.0,1803700
2019-10-24,28.37135124206543,30.0,0.0,30.25,29.5,30.0,0.0,1758000
2019-10-25,26.00707244873047,27.5,0.0,29.75,26.75,29.75,0.0,11447400
2019-10-28,25.77064323425293,27.25,0.0,27.25,26.25,27.0,0.0,4931200
2019-10-29,25.06136131286621,26.5,0.0,28.0,26.25,27.5,0.0,4634600
2019-10-30,25.77064323425293,27.25,0.0,27.75,26.25,26.5,0.0,4617500
2019-10-31,26.00707244873047,27.5,0.0,28.25,27.0,27.0,0.0,4819400
2019-11-01,25.77064323425293,27.25,0.0,27.5,27.0,27.25,0.0,2605100
2019-11-04,26.47992706298828,28.0,0.0,28.25,27.5,27.5,0.0,2507000
2019-11-05,27.189210891723633,28.75,0.0,29.0,27.75,27.75,0.0,2962700
2019-11-06,27.189210891723633,28.75,0.0,29.25,28.5,28.5,0.0,1330500
2019-11-07,27.898494720458984,29.5,0.0,29.75,28.5,28.75,0.0,3566700
2019-11-08,28.134923934936523,29.75,0.0,30.5,29.5,30.0,0.0,5661500
2019-11-11,27.662067413330078,29.25,0.0,29.75,29.0,29.75,0.0,2709100
2019-11-12,27.898494720458984,29.5,0.0,29.75,29.25,29.25,0.0,2068900
2019-11-13,26.71635627746582,28.25,0.0,29.0,27.25,29.0,0.0,6617900
2019-11-14,25.77064323425293,27.25,0.0,28.0,27.0,28.0,0.0,6853900
2019-11-15,25.297786712646484,26.75,0.0,27.75,26.25,27.25,0.0,5492700
2019-11-18,25.77064323425293,27.25,0.0,27.5,26.5,26.75,0.0,2499600
2019-11-19,26.47992706298828,28.0,0.0,28.25,27.0,27.5,0.0,3678400
2019-11-20,26.00707244873047,27.5,0.0,28.0,27.25,27.75,0.0,2376100
2019-11-21,26.47992706298828,28.0,0.0,28.25,27.5,27.5,0.0,3188700
2019-11-22,26.71635627746582,28.25,0.0,28.5,28.0,28.0,0.0,2889500
2019-11-25,27.189210891723633,28.75,0.0,29.25,28.25,28.25,0.0,4924700
2019-11-26,26.71635627746582,28.25,0.0,29.5,28.25,29.25,0.0,10194500
2019-11-27,26.71635627746582,28.25,0.0,28.75,28.25,28.25,0.0,2024200
2019-11-28,26.243499755859375,27.75,0.0,28.5,27.75,28.25,0.0,2040300
2019-11-29,26.243499755859375,27.75,0.0,27.75,27.25,27.75,0.0,2131800
2019-12-02,25.297786712646484,26.75,0.0,27.75,26.5,27.75,0.0,3793700
2019-12-03,25.297786712646484,26.75,0.0,27.0,26.5,26.5,0.0,2278500
2019-12-04,24.588504791259766,26.0,0.0,26.75,25.5,26.75,0.0,5664600
2019-12-06,24.588504791259766,26.0,0.0,26.5,25.75,26.0,0.0,1932100
2019-12-09,23.87921905517578,25.25,0.0,26.0,24.899999618530273,25.75,0.0,6714800
2019-12-11,23.642793655395508,25.0,0.0,25.75,24.899999618530273,25.25,0.0,5427000
2019-12-12,24.588504791259766,26.0,0.0,26.0,25.0,25.25,0.0,4777000
2019-12-13,24.588504791259766,26.0,0.0,26.5,25.75,26.0,0.0,3097500
2019-12-16,23.87921905517578,25.25,0.0,26.25,25.25,26.25,0.0,2981900
2019-12-17,23.87921905517578,25.25,0.0,25.75,25.0,25.5,0.0,1615500
2019-12-18,23.642793655395508,25.0,0.0,25.75,24.799999237060547,25.25,0.0,4802000
2019-12-19,24.588504791259766,26.0,0.0,26.0,24.899999618530273,25.25,0.0,3099000
2019-12-20,24.352075576782227,25.75,0.0,26.25,25.25,26.0,0.0,3944300
2019-12-23,23.642793655395508,25.0,0.0,26.0,24.700000762939453,26.0,0.0,6047400
2019-12-24,23.169937133789062,24.5,0.0,25.0,24.5,25.0,0.0,6323200
2019-12-25,23.169937133789062,24.5,0.0,24.799999237060547,24.5,24.600000381469727,0.0,2309800
2019-12-26,23.264507293701172,24.600000381469727,0.0,24.600000381469727,24.299999237060547,24.600000381469727,0.0,2176300
2019-12-27,23.87921905517578,25.25,0.0,25.5,24.700000762939453,24.700000762939453,0.0,4038200
2019-12-30,23.642793655395508,25.0,0.0,25.5,24.899999618530273,25.25,0.0,1914100
2020-01-02,23.264507293701172,24.600000381469727,0.0,25.25,24.5,25.0,0.0,3869500
2020-01-03,23.45364761352539,24.799999237060547,0.0,25.25,24.600000381469727,24.700000762939453,0.0,4478800
2020-01-06,21.8459415435791,23.100000381469727,0.0,24.600000381469727,23.0,24.5,0.0,13779000
2020-01-07,22.507938385009766,23.799999237060547,0.0,23.899999618530273,23.399999618530273,23.399999618530273,0.0,4850500
2020-01-08,21.8459415435791,23.100000381469727,0.0,23.399999618530273,22.899999618530273,23.200000762939453,0.0,4500300
2020-01-09,22.413368225097656,23.700000762939453,0.0,24.200000762939453,23.399999618530273,23.399999618530273,0.0,7146100
2020-01-10,22.507938385009766,23.799999237060547,0.0,24.200000762939453,23.5,23.700000762939453,0.0,2526500
2020-01-13,22.224224090576172,23.5,0.0,23.799999237060547,23.299999237060547,23.799999237060547,0.0,2577700
2020-01-14,22.697080612182617,24.0,0.0,24.5,23.399999618530273,23.600000381469727,0.0,8938200
2020-01-15,22.697080612182617,24.0,0.0,24.399999618530273,23.899999618530273,23.899999618530273,0.0,2843700
2020-01-16,23.264507293701172,24.600000381469727,0.0,24.600000381469727,24.100000381469727,24.200000762939453,0.0,3224500
2020-01-17,22.980792999267578,24.299999237060547,0.0,24.799999237060547,24.299999237060547,24.799999237060547,0.0,2184500
2020-01-20,22.507938385009766,23.799999237060547,0.0,24.299999237060547,23.700000762939453,24.299999237060547,0.0,3108000
2020-01-21,21.089370727539062,22.299999237060547,0.0,23.600000381469727,22.299999237060547,23.600000381469727,0.0,8951400
2020-01-22,20.332801818847656,21.5,0.0,22.399999618530273,21.100000381469727,22.299999237060547,0.0,8891100
2020-01-23,20.711084365844727,21.899999618530273,0.0,22.299999237060547,21.299999237060547,21.399999618530273,0.0,5151100
2020-01-24,20.994802474975586,22.200000762939453,0.0,22.600000381469727,21.899999618530273,21.899999618530273,0.0,3422900
2020-01-27,20.049089431762695,21.200000762939453,0.0,21.399999618530273,20.700000762939453,20.799999237060547,0.0,8286400
2020-01-28,20.238231658935547,21.399999618530273,0.0,21.899999618530273,21.100000381469727,21.100000381469727,0.0,6609900
2020-01-29,20.238231658935547,21.399999618530273,0.0,21.799999237060547,21.299999237060547,21.5,0.0,3214800
2020-01-30,20.52194595336914,21.700000762939453,0.0,21.700000762939453,21.200000762939453,21.200000762939453,0.0,3255800
2020-01-31,20.52194595336914,21.700000762939453,0.0,22.299999237060547,21.600000381469727,21.700000762939453,0.0,3533000
2020-02-03,20.049089431762695,21.200000762939453,0.0,21.799999237060547,20.899999618530273,21.600000381469727,0.0,5052600
2020-02-04,20.80565643310547,22.0,0.0,22.399999618530273,21.299999237060547,21.5,0.0,6931500
2020-02-05,21.75136947631836,23.0,0.0,23.0,21.600000381469727,22.100000381469727,0.0,8166800
2020-02-06,21.656797409057617,22.899999618530273,0.0,23.200000762939453,22.600000381469727,23.0,0.0,5957000
2020-02-07,21.373085021972656,22.600000381469727,0.0,23.200000762939453,22.5,22.799999237060547,0.0,4080000
2020-02-11,21.089370727539062,22.299999237060547,0.0,22.700000762939453,22.200000762939453,22.5,0.0,4332600
2020-02-12,21.278512954711914,22.5,0.0,22.700000762939453,22.299999237060547,22.5,0.0,3572400
2020-02-13,21.183940887451172,22.399999618530273,0.0,22.700000762939453,22.399999618530273,22.5,0.0,2189600
2020-02-14,20.994802474975586,22.200000762939453,0.0,22.600000381469727,22.200000762939453,22.5,0.0,1995900
2020-02-17,20.427371978759766,21.600000381469727,0.0,22.5,21.600000381469727,22.299999237060547,0.0,3170700
2020-02-18,20.143657684326172,21.299999237060547,0.0,21.799999237060547,21.200000762939453,21.5,0.0,1985000
2020-02-19,19.7653751373291,20.899999618530273,0.0,21.399999618530273,20.899999618530273,21.200000762939453,0.0,2254000
2020-02-20,20.049089431762695,21.200000762939453,0.0,21.399999618530273,20.700000762939453,21.0,0.0,4148800
2020-02-21,19.7653751373291,20.899999618530273,0.0,21.0,20.5,20.799999237060547,0.0,3582300
2020-02-24,18.7250919342041,19.799999237060547,0.0,20.299999237060547,19.700000762939453,20.299999237060547,0.0,4064200
2020-02-25,18.252235412597656,19.299999237060547,0.0,20.0,19.100000381469727,19.799999237060547,0.0,5596400
2020-02-26,17.022811889648438,18.0,0.0,19.100000381469727,18.0,18.799999237060547,0.0,5922400
2020-02-27,17.684810638427734,18.700000762939453,0.0,18.700000762939453,17.799999237060547,18.0,0.0,3175600
2020-02-28,17.022811889648438,18.0,0.0,18.600000381469727,17.799999237060547,18.0,0.0,3777100
2020-03-02,17.77937889099121,18.799999237060547,0.0,19.0,18.0,18.5,0.0,5482200
2020-03-03,18.63051986694336,19.700000762939453,0.0,19.799999237060547,19.0,19.100000381469727,0.0,6840600
2020-03-04,19.197946548461914,20.299999237060547,0.0,20.5,19.100000381469727,19.200000762939453,0.0,7031200
2020-03-05,19.95451545715332,21.100000381469727,0.0,21.299999237060547,20.299999237060547,20.299999237060547,0.0,6668400
2020-03-06,19.95451545715332,21.100000381469727,0.0,21.5,20.399999618530273,20.5,0.0,4992500
2020-03-09,18.914234161376953,20.0,0.0,20.5,19.5,20.0,0.0,6585800
2020-03-10,18.7250919342041,19.799999237060547,0.0,20.5,19.799999237060547,20.200000762939453,0.0,6687000
2020-03-11,18.914234161376953,20.0,0.0,20.399999618530273,19.799999237060547,19.799999237060547,0.0,4956000
2020-03-12,17.022811889648438,18.0,0.0,19.5,17.899999618530273,19.200000762939453,0.0,6111700
2020-03-13,16.928239822387695,17.899999618530273,0.0,18.5,16.100000381469727,17.100000381469727,0.0,5639000
2020-03-16,15.32052993774414,16.200000762939453,0.0,17.200000762939453,16.100000381469727,16.700000762939453,0.0,3828500
2020-03-17,14.091104507446289,14.899999618530273,0.0,16.5,14.800000190734863,16.200000762939453,0.0,6254200
2020-03-18,13.71281909942627,14.5,0.0,15.800000190734863,14.5,15.100000381469727,0.0,4734800
2020-03-19,13.429106712341309,14.199999809265137,0.0,14.399999618530273,13.800000190734863,14.199999809265137,0.0,2761600
2020-03-20,14.658531188964844,15.5,0.0,15.800000190734863,14.199999809265137,14.899999618530273,0.0,6836000
2020-03-23,12.483394622802734,13.199999809265137,0.0,14.399999618530273,13.199999809265137,13.800000190734863,0.0,4232100
2020-03-24,12.388822555541992,13.100000381469727,0.0,13.899999618530273,13.0,13.800000190734863,0.0,2397100
2020-03-25,12.767107963562012,13.5,0.0,13.899999618530273,13.300000190734863,13.5,0.0,4648000
2020-03-26,13.618247985839844,14.399999618530273,0.0,15.300000190734863,13.300000190734863,13.300000190734863,0.0,6456500
2020-03-27,13.71281909942627,14.5,0.0,15.5,14.199999809265137,14.899999618530273,0.0,4215400
2020-03-30,13.618247985839844,14.399999618530273,0.0,14.399999618530273,14.399999618530273,14.399999618530273,0.0,89600
2020-03-31,14.563961029052734,15.399999618530273,0.0,15.399999618530273,14.600000381469727,14.800000190734863,0.0,5635100
2020-04-01,13.996533393859863,14.800000190734863,0.0,15.5,14.800000190734863,15.300000190734863,0.0,1969500
2020-04-02,13.996533393859863,14.800000190734863,0.0,15.100000381469727,14.600000381469727,15.0,0.0,1642800
2020-04-03,14.28024673461914,15.100000381469727,0.0,15.300000190734863,14.899999618530273,15.0,0.0,1908400
2020-04-07,16.360811233520508,17.299999237060547,0.0,17.299999237060547,15.899999618530273,16.0,0.0,6477700
2020-04-08,16.928239822387695,17.899999618530273,0.0,18.399999618530273,17.100000381469727,17.299999237060547,0.0,6937500
2020-04-09,16.45538330078125,17.399999618530273,0.0,18.399999618530273,17.299999237060547,17.799999237060547,0.0,5821600
2020-04-10,16.549955368041992,17.5,0.0,17.799999237060547,16.399999618530273,17.5,0.0,6265900
2020-04-13,18.063093185424805,19.100000381469727,0.0,19.100000381469727,17.600000381469727,17.600000381469727,0.0,8301300
2020-04-14,19.481660842895508,20.600000381469727,0.0,21.5,19.299999237060547,19.299999237060547,0.0,16763400
2020-04-15,18.44137954711914,19.5,0.0,20.700000762939453,19.399999618530273,20.600000381469727,0.0,7561600
2020-04-16,17.59023666381836,18.600000381469727,0.0,19.0,18.200000762939453,18.799999237060547,0.0,8903900
2020-04-17,18.44137954711914,19.5,0.0,19.600000381469727,19.0,19.600000381469727,0.0,5304500
2020-04-20,19.292518615722656,20.399999618530273,0.0,20.600000381469727,19.5,19.5,0.0,7181100
2020-04-21,19.008806228637695,20.100000381469727,0.0,20.399999618530273,19.700000762939453,20.0,0.0,4306500
2020-04-22,18.914234161376953,20.0,0.0,20.200000762939453,19.5,20.0,0.0,5319100
2020-04-23,19.197946548461914,20.299999237060547,0.0,20.600000381469727,20.0,20.5,0.0,6492900
2020-04-24,20.238231658935547,21.399999618530273,0.0,22.299999237060547,20.200000762939453,20.299999237060547,0.0,18018400
2020-04-27,20.049089431762695,21.200000762939453,0.0,22.100000381469727,21.200000762939453,22.0,0.0,3171800
2020-04-28,19.85994529724121,21.0,0.0,21.5,21.0,21.299999237060547,0.0,3750300
2020-04-29,20.90022850036621,22.100000381469727,0.0,22.600000381469727,21.200000762939453,21.299999237060547,0.0,10129300
2020-04-30,20.427371978759766,21.600000381469727,0.0,22.200000762939453,21.600000381469727,22.200000762939453,0.0,6381200
2020-05-05,18.7250919342041,19.799999237060547,0.0,21.299999237060547,19.799999237060547,21.299999237060547,0.0,11154600
2020-05-07,17.684810638427734,18.700000762939453,0.0,19.5,18.600000381469727,19.5,0.0,8276500
2020-05-08,18.063093185424805,19.100000381469727,0.0,19.5,18.799999237060547,18.799999237060547,0.0,6038700
2020-05-11,18.53594970703125,19.600000381469727,0.0,19.799999237060547,19.200000762939453,19.200000762939453,0.0,5167800
2020-05-12,18.81966209411621,19.899999618530273,0.0,20.200000762939453,19.299999237060547,19.600000381469727,0.0,5363600
2020-05-13,18.63051986694336,19.700000762939453,0.0,20.0,19.700000762939453,19.799999237060547,0.0,2950700
2020-05-14,17.968523025512695,19.0,0.0,19.799999237060547,19.0,19.700000762939453,0.0,3878600
2020-05-15,17.77937889099121,18.799999237060547,0.0,19.299999237060547,18.799999237060547,19.0,0.0,4465300
2020-05-18,17.21195411682129,18.200000762939453,0.0,18.799999237060547,18.100000381469727,18.700000762939453,0.0,3637000
2020-05-19,19.292518615722656,20.399999618530273,0.0,20.700000762939453,19.200000762939453,19.5,0.0,16227100
2020-05-20,20.049089431762695,21.200000762939453,0.0,21.399999618530273,20.0,20.299999237060547,0.0,10262700
2020-05-21,18.914234161376953,20.0,0.0,21.5,20.0,21.299999237060547,0.0,6887300
2020-05-22,19.67080307006836,20.799999237060547,0.0,20.799999237060547,19.5,20.0,0.0,5952700
2020-05-25,20.52194595336914,21.700000762939453,0.0,21.899999618530273,21.0,21.0,0.0,8925900
2020-05-26,22.224224090576172,23.5,0.0,24.5,23.0,24.0,0.0,19655100
2020-05-27,22.602508544921875,23.899999618530273,0.0,24.299999237060547,23.299999237060547,24.299999237060547,0.0,9408800
2020-05-28,22.980792999267578,24.299999237060547,0.0,24.399999618530273,23.5,24.0,0.0,8704900
2020-05-29,23.548221588134766,24.899999618530273,0.0,24.899999618530273,22.899999618530273,23.799999237060547,0.0,11117900
2020-06-01,23.359079360961914,24.700000762939453,0.0,25.25,24.399999618530273,24.899999618530273,0.0,6649900
2020-06-02,23.07536506652832,24.399999618530273,0.0,25.25,24.200000762939453,25.0,0.0,6507900
2020-06-04,23.169937133789062,24.5,0.0,25.5,24.5,25.0,0.0,16327100
2020-06-05,23.642793655395508,25.0,0.0,25.25,24.299999237060547,24.600000381469727,0.0,6138300
2020-06-08,23.642793655395508,25.0,0.0,25.75,24.799999237060547,25.25,0.0,6065600
2020-06-09,23.642793655395508,25.0,0.0,27.25,25.0,25.0,0.0,20880800
2020-06-10,24.824932098388672,26.25,0.0,26.5,25.0,25.5,0.0,7170000
2020-06-11,23.45364761352539,24.799999237060547,0.0,26.25,24.5,25.75,0.0,5966500
2020-06-12,23.642793655395508,25.0,0.0,25.25,23.5,23.5,0.0,12565900
2020-06-15,23.07536506652832,24.399999618530273,0.0,26.0,24.100000381469727,25.25,0.0,10013000
2020-06-16,24.11564826965332,25.5,0.0,25.75,25.0,25.75,0.0,4187000
2020-06-17,24.588504791259766,26.0,0.0,26.75,25.25,25.5,0.0,7714200
2020-06-18,24.11564826965332,25.5,0.0,26.0,25.25,25.5,0.0,4247300
2020-06-19,23.45364761352539,24.799999237060547,0.0,25.75,24.799999237060547,25.5,0.0,4313000
2020-06-22,22.413368225097656,23.700000762939453,0.0,24.700000762939453,23.5,24.399999618530273,0.0,6913500
2020-06-23,22.224224090576172,23.5,0.0,23.899999618530273,23.200000762939453,23.799999237060547,0.0,3100300
2020-06-24,21.94051170349121,23.200000762939453,0.0,24.200000762939453,23.200000762939453,23.700000762939453,0.0,3242400
2020-06-25,21.467655181884766,22.700000762939453,0.0,22.899999618530273,22.0,22.399999618530273,0.0,5290800
2020-06-26,21.94051170349121,23.200000762939453,0.0,23.399999618530273,22.5,22.899999618530273,0.0,3927000
2020-06-29,21.183940887451172,22.399999618530273,0.0,22.899999618530273,22.100000381469727,22.899999618530273,0.0,5584500
2020-06-30,21.75136947631836,23.0,0.0,23.5,22.600000381469727,22.700000762939453,0.0,4730200
2020-07-01,21.75136947631836,23.0,0.0,23.399999618530273,22.700000762939453,23.100000381469727,0.0,2164300
2020-07-02,23.07536506652832,24.399999618530273,0.0,24.5,22.899999618530273,23.100000381469727,0.0,6881700
2020-07-03,22.507938385009766,23.799999237060547,0.0,24.399999618530273,23.600000381469727,24.299999237060547,0.0,3137000
2020-07-07,22.224224090576172,23.5,0.0,24.5,23.5,24.399999618530273,0.0,2118100
2020-07-08,21.75136947631836,23.0,0.0,23.5,22.799999237060547,23.5,0.0,4711800
2020-07-09,21.373085021972656,22.600000381469727,0.0,23.200000762939453,22.5,23.100000381469727,0.0,3102400
2020-07-10,21.183940887451172,22.399999618530273,0.0,22.700000762939453,22.200000762939453,22.600000381469727,0.0,2736700
2020-07-13,20.80565643310547,22.0,0.0,22.899999618530273,21.700000762939453,22.399999618530273,0.0,5021600
2020-07-14,19.85994529724121,21.0,0.0,21.600000381469727,20.799999237060547,21.399999618530273,0.0,5352000
2020-07-15,20.427371978759766,21.600000381469727,0.0,21.799999237060547,20.899999618530273,21.399999618530273,0.0,4446100
2020-07-16,20.711084365844727,21.899999618530273,0.0,22.5,21.799999237060547,21.899999618530273,0.0,4827900
2020-07-17,20.52194595336914,21.700000762939453,0.0,22.299999237060547,21.600000381469727,22.0,0.0,4319600
2020-07-20,20.711084365844727,21.899999618530273,0.0,22.100000381469727,21.600000381469727,21.700000762939453,0.0,3562100
2020-07-21,21.94051170349121,23.200000762939453,0.0,23.200000762939453,22.0,22.200000762939453,0.0,6414800
2020-07-22,20.90022850036621,22.100000381469727,0.0,23.399999618530273,22.100000381469727,23.399999618530273,0.0,5572400
2020-07-23,21.75136947631836,23.0,0.0,23.200000762939453,22.299999237060547,22.299999237060547,0.0,5353100
2020-07-24,21.183940887451172,22.399999618530273,0.0,22.899999618530273,22.100000381469727,22.799999237060547,0.0,4626100
2020-07-29,20.711084365844727,21.899999618530273,0.0,22.799999237060547,21.899999618530273,22.799999237060547,0.0,2494200
2020-07-30,20.049089431762695,21.200000762939453,0.0,22.200000762939453,21.100000381469727,22.0,0.0,3096700
2020-07-31,21.183940887451172,22.399999618530273,0.0,23.0,21.200000762939453,21.200000762939453,0.0,5530800
2020-08-03,21.562227249145508,22.799999237060547,0.0,23.0,22.100000381469727,22.399999618530273,0.0,3357600
2020-08-04,22.12965202331543,23.399999618530273,0.0,23.899999618530273,22.899999618530273,23.100000381469727,0.0,5187700
2020-08-05,21.8459415435791,23.100000381469727,0.0,23.600000381469727,22.799999237060547,23.600000381469727,0.0,4461800
2020-08-06,21.373085021972656,22.600000381469727,0.0,23.700000762939453,22.399999618530273,23.299999237060547,0.0,4422800
2020-08-07,21.467655181884766,22.700000762939453,0.0,23.200000762939453,22.600000381469727,22.799999237060547,0.0,2604500
2020-08-10,21.373085021972656,22.600000381469727,0.0,23.100000381469727,22.5,22.899999618530273,0.0,1497500
2020-08-11,22.602508544921875,23.899999618530273,0.0,24.399999618530273,22.700000762939453,22.700000762939453,0.0,12122200
2020-08-13,23.359079360961914,24.700000762939453,0.0,25.25,23.899999618530273,25.0,0.0,12666200
2020-08-14,23.07536506652832,24.399999618530273,0.0,24.799999237060547,24.299999237060547,24.799999237060547,0.0,5162300
2020-08-17,23.642793655395508,25.0,0.0,25.5,24.600000381469727,24.600000381469727,0.0,6298000
2020-08-18,23.87921905517578,25.25,0.0,25.5,24.899999618530273,25.25,0.0,4086900
2020-08-19,23.07536506652832,24.399999618530273,0.0,25.75,24.299999237060547,25.5,0.0,8281400
2020-08-20,22.980792999267578,24.299999237060547,0.0,24.700000762939453,23.600000381469727,24.100000381469727,0.0,7896600
2020-08-21,24.352075576782227,25.75,0.0,25.75,24.399999618530273,24.600000381469727,0.0,6800000
2020-08-24,25.297786712646484,26.75,0.0,27.0,25.5,25.75,0.0,10022300
2020-08-25,25.297786712646484,26.75,0.0,27.0,26.25,26.75,0.0,9582700
2020-08-26,24.588504791259766,26.0,0.0,27.25,25.25,27.0,0.0,6165600
2020-08-27,25.297786712646484,26.75,0.0,26.75,25.75,26.25,0.0,3642400
2020-08-28,25.534215927124023,27.0,0.0,27.5,26.25,27.0,0.0,5757100
2020-08-31,25.77064323425293,27.25,0.0,27.5,26.0,27.5,0.0,4813800
2020-09-01,24.352075576782227,25.75,0.0,27.0,24.899999618530273,26.75,0.0,6350700
2020-09-02,24.352075576782227,25.75,0.0,26.0,25.5,25.5,0.0,2697000
2020-09-03,23.87921905517578,25.25,0.0,26.25,25.0,26.0,0.0,4115800
2020-09-08,22.980792999267578,24.299999237060547,0.0,25.25,24.100000381469727,25.0,0.0,6653200
2020-09-09,23.359079360961914,24.700000762939453,0.0,24.799999237060547,23.600000381469727,23.700000762939453,0.0,5340500
2020-09-10,23.548221588134766,24.899999618530273,0.0,25.25,24.5,24.799999237060547,0.0,3337700
2020-09-11,22.980792999267578,24.299999237060547,0.0,25.75,24.299999237060547,25.0,0.0,5406700
2020-09-14,22.03508186340332,23.299999237060547,0.0,25.0,22.899999618530273,25.0,0.0,10332200
2020-09-15,23.87921905517578,25.25,0.0,25.25,23.299999237060547,23.299999237060547,0.0,8074200
2020-09-16,23.642793655395508,25.0,0.0,25.25,24.600000381469727,25.0,0.0,4690900
2020-09-17,22.8862247467041,24.200000762939453,0.0,25.25,24.100000381469727,24.799999237060547,0.0,3979900
2020-09-18,22.602508544921875,23.899999618530273,0.0,24.399999618530273,23.799999237060547,24.200000762939453,0.0,5389000
2020-09-21,22.224224090576172,23.5,0.0,24.399999618530273,23.5,24.100000381469727,0.0,5851200
2020-09-22,21.75136947631836,23.0,0.0,23.399999618530273,22.799999237060547,23.299999237060547,0.0,5756700
2020-09-23,21.656797409057617,22.899999618530273,0.0,23.5,22.899999618530273,23.200000762939453,0.0,3790100
2020-09-24,21.562227249145508,22.799999237060547,0.0,23.0,22.5,22.799999237060547,0.0,3382100
2020-09-25,21.278512954711914,22.5,0.0,23.0,22.200000762939453,22.899999618530273,0.0,4289400
2020-09-28,21.75136947631836,23.0,0.0,23.0,22.5,22.700000762939453,0.0,1891900
2020-09-29,21.467655181884766,22.700000762939453,0.0,23.200000762939453,22.600000381469727,23.200000762939453,0.0,2463300
2020-09-30,21.278512954711914,22.5,0.0,22.799999237060547,22.299999237060547,22.700000762939453,0.0,3036800
2020-10-01,21.183940887451172,22.399999618530273,0.0,22.799999237060547,22.200000762939453,22.5,0.0,2691700
2020-10-02,20.332801818847656,21.5,0.0,22.399999618530273,21.200000762939453,22.399999618530273,0.0,7521400
2020-10-05,20.143657684326172,21.299999237060547,0.0,21.799999237060547,21.200000762939453,21.399999618530273,0.0,2353400
2020-10-06,19.67080307006836,20.799999237060547,0.0,21.5,20.700000762939453,21.5,0.0,5500800
2020-10-07,20.711084365844727,21.899999618530273,0.0,22.100000381469727,20.700000762939453,20.799999237060547,0.0,8750400
2020-10-08,20.616514205932617,21.799999237060547,0.0,22.600000381469727,21.799999237060547,22.299999237060547,0.0,7473200
2020-10-09,20.238231658935547,21.399999618530273,0.0,22.0,21.200000762939453,21.899999618530273,0.0,4906000
2020-10-12,20.427371978759766,21.600000381469727,0.0,21.899999618530273,21.200000762939453,21.600000381469727,0.0,3227600
2020-10-14,20.332801818847656,21.5,0.0,21.899999618530273,21.299999237060547,21.5,0.0,4491700
2020-10-15,19.387088775634766,20.5,0.0,21.399999618530273,20.5,21.299999237060547,0.0,4684200
2020-10-16,19.292518615722656,20.399999618530273,0.0,20.799999237060547,20.100000381469727,20.399999618530273,0.0,5630200
2020-10-19,18.44137954711914,19.5,0.0,20.299999237060547,19.5,20.299999237060547,0.0,6271600
2020-10-20,18.53594970703125,19.600000381469727,0.0,20.0,19.399999618530273,19.5,0.0,5210100
2020-10-21,19.481660842895508,20.600000381469727,0.0,20.799999237060547,19.700000762939453,19.799999237060547,0.0,6228600
2020-10-22,18.914234161376953,20.0,0.0,20.5,20.0,20.299999237060547,0.0,4921700
2020-10-26,18.63051986694336,19.700000762939453,0.0,20.100000381469727,19.600000381469727,20.0,0.0,2420100
2020-10-27,19.197946548461914,20.299999237060547,0.0,20.799999237060547,19.399999618530273,19.5,0.0,6175600
2020-10-28,19.292518615722656,20.399999618530273,0.0,21.0,20.200000762939453,20.299999237060547,0.0,4152000
2020-10-29,18.914234161376953,20.0,0.0,20.299999237060547,19.799999237060547,20.200000762939453,0.0,2208400
2020-10-30,18.63051986694336,19.700000762939453,0.0,20.200000762939453,19.700000762939453,20.0,0.0,2339200
2020-11-02,19.292518615722656,20.399999618530273,0.0,20.5,19.600000381469727,19.700000762939453,0.0,4066100
2020-11-03,19.387088775634766,20.5,0.0,20.799999237060547,20.399999618530273,20.600000381469727,0.0,3221400
2020-11-04,19.103376388549805,20.200000762939453,0.0,20.700000762939453,20.200000762939453,20.399999618530273,0.0,1107400
2020-11-05,19.95451545715332,21.100000381469727,0.0,21.200000762939453,20.299999237060547,20.5,0.0,3581000
2020-11-06,19.85994529724121,21.0,0.0,21.299999237060547,20.700000762939453,21.200000762939453,0.0,3238100
2020-11-09,20.332801818847656,21.5,0.0,21.799999237060547,21.100000381469727,21.299999237060547,0.0,6393600
2020-11-10,23.07536506652832,24.399999618530273,0.0,25.75,23.5,25.25,0.0,35961800
2020-11-11,22.507938385009766,23.799999237060547,0.0,24.700000762939453,23.600000381469727,24.299999237060547,0.0,10841900
2020-11-12,22.413368225097656,23.700000762939453,0.0,23.899999618530273,22.799999237060547,23.799999237060547,0.0,10041600
2020-11-13,22.413368225097656,23.700000762939453,0.0,24.0,23.200000762939453,23.399999618530273,0.0,8809600
2020-11-16,22.79165267944336,24.100000381469727,0.0,24.600000381469727,23.5,23.700000762939453,0.0,13213800
2020-11-17,22.79165267944336,24.100000381469727,0.0,24.899999618530273,24.0,24.700000762939453,0.0,12163100
2020-11-18,23.07536506652832,24.399999618530273,0.0,24.600000381469727,23.899999618530273,24.100000381469727,0.0,4610100
2020-11-19,23.07536506652832,24.399999618530273,0.0,24.700000762939453,24.200000762939453,24.399999618530273,0.0,4285900
2020-11-20,23.07536506652832,24.399999618530273,0.0,24.700000762939453,24.200000762939453,24.299999237060547,0.0,5954700
2020-11-23,23.548221588134766,24.899999618530273,0.0,25.75,24.399999618530273,24.5,0.0,8081900
2020-11-24,23.07536506652832,24.399999618530273,0.0,25.25,24.299999237060547,25.0,0.0,5419100
2020-11-25,23.359079360961914,24.700000762939453,0.0,25.25,24.5,24.799999237060547,0.0,6019300
2020-11-26,24.11564826965332,25.5,0.0,25.75,24.899999618530273,25.0,0.0,6552500
2020-11-27,23.642793655395508,25.0,0.0,25.5,24.899999618530273,25.5,0.0,3155300
2020-11-30,22.980792999267578,24.299999237060547,0.0,25.0,24.100000381469727,24.799999237060547,0.0,5401700
2020-12-01,23.264507293701172,24.600000381469727,0.0,24.799999237060547,24.399999618530273,24.600000381469727,0.0,3344800
2020-12-02,23.264507293701172,24.600000381469727,0.0,25.5,24.399999618530273,24.600000381469727,0.0,7372200
2020-12-03,23.45364761352539,24.799999237060547,0.0,25.25,24.600000381469727,24.700000762939453,0.0,4405200
2020-12-04,23.548221588134766,24.899999618530273,0.0,25.25,24.600000381469727,25.0,0.0,5738100
2020-12-08,24.824932098388672,26.25,0.0,26.75,25.0,25.0,0.0,13093100
2020-12-09,24.588504791259766,26.0,0.0,27.0,25.5,26.5,0.0,8617400
2020-12-14,24.588504791259766,26.0,0.0,27.0,25.5,26.25,0.0,4632400
2020-12-15,24.352075576782227,25.75,0.0,26.25,25.5,26.0,0.0,1747700
2020-12-16,24.588504791259766,26.0,0.0,26.5,25.25,26.0,0.0,5638200
2020-12-17,24.588504791259766,26.0,0.0,26.5,26.0,26.25,0.0,1548700
2020-12-18,24.824932098388672,26.25,0.0,26.5,26.0,26.0,0.0,2457400
2020-12-21,22.413368225097656,23.700000762939453,0.0,24.899999618530273,23.5,24.600000381469727,0.0,16933900
2020-12-22,22.8862247467041,24.200000762939453,0.0,24.399999618530273,23.399999618530273,23.700000762939453,0.0,2998700
2020-12-23,22.224224090576172,23.5,0.0,24.299999237060547,23.200000762939453,24.200000762939453,0.0,5074000
2020-12-24,22.224224090576172,23.5,0.0,24.100000381469727,23.100000381469727,23.600000381469727,0.0,5591300
2020-12-25,22.318798065185547,23.600000381469727,0.0,23.899999618530273,23.299999237060547,23.700000762939453,0.0,3984600
2020-12-28,21.467655181884766,22.700000762939453,0.0,23.799999237060547,22.600000381469727,23.600000381469727,0.0,3979700
2020-12-29,22.697080612182617,24.0,0.0,24.200000762939453,22.700000762939453,22.799999237060547,0.0,6623900
2020-12-30,22.413368225097656,23.700000762939453,0.0,24.0,23.299999237060547,23.799999237060547,0.0,3309200
2021-01-04,23.264507293701172,24.600000381469727,0.0,24.700000762939453,23.0,23.100000381469727,0.0,5369800
2021-01-05,23.642793655395508,25.0,0.0,25.5,24.299999237060547,24.600000381469727,0.0,5597500
2021-01-06,23.264507293701172,24.600000381469727,0.0,25.25,24.5,25.0,0.0,2420300
2021-01-07,23.642793655395508,25.0,0.0,25.5,24.799999237060547,24.899999618530273,0.0,3510900
2021-01-08,22.8862247467041,24.200000762939453,0.0,25.75,23.899999618530273,25.25,0.0,6704900
2021-01-11,22.697080612182617,24.0,0.0,24.399999618530273,23.799999237060547,24.299999237060547,0.0,6306400
2021-01-12,22.602508544921875,23.899999618530273,0.0,24.200000762939453,23.700000762939453,24.0,0.0,4839900
2021-01-13,23.169937133789062,24.5,0.0,24.799999237060547,23.799999237060547,23.899999618530273,0.0,6981200
2021-01-14,23.45364761352539,24.799999237060547,0.0,24.799999237060547,24.200000762939453,24.600000381469727,0.0,6094200
2021-01-15,23.359079360961914,24.700000762939453,0.0,24.899999618530273,24.299999237060547,24.700000762939453,0.0,2585500
2021-01-18,22.980792999267578,24.299999237060547,0.0,24.700000762939453,23.899999618530273,24.600000381469727,0.0,3847200
2021-01-19,22.697080612182617,24.0,0.0,24.399999618530273,23.899999618530273,24.399999618530273,0.0,2714500
2021-01-20,23.87921905517578,25.25,0.0,25.25,24.0,24.0,0.0,6618000
2021-01-21,23.642793655395508,25.0,0.0,26.0,25.0,25.25,0.0,9535400
2021-01-22,23.642793655395508,25.0,0.0,25.5,24.700000762939453,25.0,0.0,2386700
2021-01-25,23.87921905517578,25.25,0.0,25.75,24.799999237060547,24.899999618530273,0.0,3237600
2021-01-26,24.352075576782227,25.75,0.0,26.0,25.0,25.5,0.0,2276000
2021-01-27,24.11564826965332,25.5,0.0,26.0,25.25,25.75,0.0,1281000
2021-01-28,23.45364761352539,24.799999237060547,0.0,25.5,24.600000381469727,25.25,0.0,2456000
2021-01-29,23.359079360961914,24.700000762939453,0.0,25.25,24.399999618530273,25.0,0.0,4006500
2021-02-01,23.548221588134766,24.899999618530273,0.0,24.899999618530273,24.5,24.600000381469727,0.0,3977100
2021-02-02,23.642793655395508,25.0,0.0,25.25,24.899999618530273,24.899999618530273,0.0,2719800
2021-02-03,23.87921905517578,25.25,0.0,26.25,25.0,25.25,0.0,6699000
2021-02-04,25.297786712646484,26.75,0.0,27.0,25.75,25.75,0.0,9759000
2021-02-05,27.898494720458984,29.5,0.0,29.5,27.0,27.0,0.0,16629700
2021-02-08,29.317062377929688,31.0,0.0,31.25,28.75,29.5,0.0,11544600
2021-02-09,28.37135124206543,30.0,0.0,31.0,29.5,31.0,0.0,7748400
2021-02-10,27.898494720458984,29.5,0.0,31.0,29.0,30.25,0.0,5469200
2021-02-11,27.898494720458984,29.5,0.0,29.5,28.75,29.25,0.0,4022200
2021-02-15,28.37135124206543,30.0,0.0,30.25,29.0,29.75,0.0,2693200
2021-02-16,27.662067413330078,29.25,0.0,30.0,29.0,30.0,0.0,2727800
2021-02-17,28.134923934936523,29.75,0.0,29.75,29.0,29.0,0.0,1364200
2021-02-18,28.134923934936523,29.75,0.0,30.0,29.25,29.75,0.0,1466700
2021-02-19,29.317062377929688,31.0,0.0,31.0,28.75,29.5,0.0,7329100
2021-02-22,28.607778549194336,30.25,0.0,31.25,30.0,30.75,0.0,5988700
2021-02-23,31.208484649658203,33.0,0.0,33.25,30.5,30.75,0.0,16698700
2021-02-24,30.49920082092285,32.25,0.0,32.75,31.75,32.75,0.0,5245700
2021-02-25,31.44491195678711,33.25,0.0,34.5,31.25,32.0,0.0,11024600
2021-03-01,31.44491195678711,33.25,0.0,34.25,32.25,33.25,0.0,6953200
2021-03-02,30.972055435180664,32.75,0.0,33.0,32.25,32.75,0.0,2819600
2021-03-03,30.972055435180664,32.75,0.0,33.75,32.5,32.5,0.0,4305600
2021-03-04,30.026348114013672,31.75,0.0,33.5,31.5,32.75,0.0,4763400
2021-03-05,32.154197692871094,34.0,0.0,34.5,31.75,31.75,0.0,11585500
2021-03-08,31.44491195678711,33.25,0.0,34.75,33.0,34.5,0.0,6454500
2021-03-09,32.627052307128906,34.5,0.0,34.5,33.25,34.0,0.0,2558600
2021-03-10,32.86348342895508,34.75,0.0,34.75,33.75,34.75,0.0,2398400
2021-03-11,32.627052307128906,34.5,0.0,35.0,34.0,35.0,0.0,2737200
2021-03-12,31.208484649658203,33.0,0.0,34.5,32.75,34.5,0.0,3968400
2021-03-15,31.681339263916016,33.5,0.0,33.75,32.25,32.5,0.0,4023800
2021-03-16,32.390625,34.25,0.0,34.5,33.75,34.0,0.0,3950800
2021-03-17,31.917770385742188,33.75,0.0,34.25,33.5,34.0,0.0,1478000
2021-03-18,31.917770385742188,33.75,0.0,34.25,33.5,34.0,0.0,1149900
2021-03-19,32.390625,34.25,0.0,34.25,33.25,33.75,0.0,2867000
2021-03-22,32.154197692871094,34.0,0.0,34.25,33.5,34.0,0.0,2126000
2021-03-23,33.099910736083984,35.0,0.0,35.0,33.75,34.5,0.0,6058400
2021-03-24,32.154197692871094,34.0,0.0,35.0,33.5,35.0,0.0,5479100
2021-03-25,32.390625,34.25,0.0,34.5,33.75,34.25,0.0,1555200
2021-03-26,34.045623779296875,36.0,0.0,36.0,33.5,34.0,0.0,8172200
2021-03-29,34.754905700683594,36.75,0.0,37.0,35.75,36.5,0.0,6375100
2021-03-30,35.227760314941406,37.25,0.0,38.0,36.5,37.0,0.0,8009400
2021-03-31,34.51847839355469,36.5,0.0,37.5,36.25,37.25,0.0,2581100
2021-04-01,34.045623779296875,36.0,0.0,36.75,35.5,36.5,0.0,2997700
2021-04-02,33.5727653503418,35.5,0.0,36.5,35.5,36.5,0.0,1930800
2021-04-05,32.390625,34.25,0.0,35.75,34.0,35.5,0.0,3655200
2021-04-07,31.208484649658203,33.0,0.0,33.5,32.5,32.75,0.0,6222100
2021-04-08,31.208484649658203,33.0,0.0,33.75,32.5,32.75,0.0,1775900
2021-04-09,31.681339263916016,33.5,0.0,34.0,32.75,33.0,0.0,2467900
2021-04-12,30.972055435180664,32.75,0.0,33.25,31.5,33.0,0.0,6399500
2021-04-16,31.208484649658203,33.0,0.0,33.5,31.75,32.0,0.0,4721700
2021-04-19,31.208484649658203,33.0,0.0,33.5,32.5,33.0,0.0,2679600
2021-04-20,30.735628128051758,32.5,0.0,33.25,32.5,33.0,0.0,2140500
2021-04-21,29.789918899536133,31.5,0.0,32.5,31.0,32.5,0.0,6392600
2021-04-22,28.607778549194336,30.25,0.0,31.75,30.0,31.25,0.0,7432600
2021-04-23,28.844205856323242,30.5,0.0,31.0,30.0,30.25,0.0,4567400
2021-04-26,28.607778549194336,30.25,0.0,30.75,29.5,30.0,0.0,3450000
2021-04-27,30.026348114013672,31.75,0.0,33.0,30.5,30.5,0.0,9280500
2021-04-28,30.026348114013672,31.75,0.0,32.5,31.0,31.25,0.0,2223200
2021-04-29,30.49920082092285,32.25,0.0,33.25,31.75,33.0,0.0,7619800
2021-04-30,30.026348114013672,31.75,0.0,32.5,31.0,32.25,0.0,3277700
2021-05-05,28.844205856323242,30.5,0.0,32.0,30.25,31.75,0.0,3361900
2021-05-06,29.789918899536133,31.5,0.0,31.5,30.25,30.5,0.0,4088100
2021-05-07,29.553491592407227,31.25,0.0,31.5,30.5,31.5,0.0,2089600
2021-05-10,29.317062377929688,31.0,0.0,31.5,30.5,31.5,0.0,2306000
2021-05-11,29.317062377929688,31.0,0.0,31.25,30.0,30.75,0.0,3208600
2021-05-12,29.08063507080078,30.75,0.0,31.5,29.5,30.75,0.0,4811300
2021-05-13,29.08063507080078,30.75,0.0,30.75,29.5,30.5,0.0,2695200
2021-05-14,29.789918899536133,31.5,0.0,31.5,30.0,31.25,0.0,3227500
2021-05-17,29.553491592407227,31.25,0.0,31.75,30.75,31.5,0.0,3121000
2021-05-18,31.208484649658203,33.0,0.0,33.25,31.5,32.0,0.0,5244800
2021-05-19,31.208484649658203,33.0,0.0,33.5,32.75,33.0,0.0,2882900
2021-05-20,30.972055435180664,32.75,0.0,33.5,32.5,33.0,0.0,1590100
2021-05-21,30.262773513793945,32.0,0.0,33.0,31.5,33.0,0.0,3263700
2021-05-24,30.972055435180664,32.75,0.0,33.25,31.5,32.0,0.0,4298200
2021-05-25,31.208484649658203,33.0,0.0,33.25,32.25,33.0,0.0,2866300
2021-05-27,32.154197692871094,34.0,0.0,35.5,33.25,33.5,0.0,9656000
2021-05-28,31.44491195678711,33.25,0.0,34.25,33.0,34.25,0.0,2650900
2021-05-31,31.44491195678711,33.25,0.0,33.25,32.5,33.25,0.0,3254700
2021-06-01,32.390625,34.25,0.0,34.5,33.0,33.75,0.0,6441400
2021-06-02,32.86348342895508,34.75,0.0,35.25,34.5,34.5,0.0,4767900
2021-06-04,33.80919647216797,35.75,0.0,36.0,34.5,34.75,0.0,6739200
2021-06-07,33.80919647216797,35.75,0.0,36.25,35.5,36.0,0.0,4047600
2021-06-08,34.045623779296875,36.0,0.0,36.5,34.75,36.0,0.0,5053400
2021-06-09,34.28205108642578,36.25,0.0,36.75,36.0,36.25,0.0,2572200
2021-06-10,33.80919647216797,35.75,0.0,36.5,35.75,36.5,0.0,1703200
2021-06-11,33.80919647216797,35.75,0.0,36.25,35.5,35.75,0.0,1604500
2021-06-14,33.099910736083984,35.0,0.0,36.25,34.25,35.75,0.0,3643000
2021-06-15,33.5727653503418,35.5,0.0,36.0,34.75,35.0,0.0,3122900
2021-06-16,34.51847839355469,36.5,0.0,36.75,35.75,36.75,0.0,4646900
2021-06-17,34.28205108642578,36.25,0.0,37.25,36.0,36.75,0.0,4002600
2021-06-18,33.5727653503418,35.5,0.0,36.25,35.0,36.25,0.0,3581400
2021-06-21,33.5727653503418,35.5,0.0,36.0,34.75,35.0,0.0,3294600
2021-06-22,32.86348342895508,34.75,0.0,36.0,34.25,35.75,0.0,2863300
2021-06-23,32.86348342895508,34.75,0.0,36.0,34.5,36.0,0.0,4257000
2021-06-24,32.154197692871094,34.0,0.0,34.0,32.5,33.0,0.0,4395300
2021-06-25,31.208484649658203,33.0,0.0,34.25,32.5,34.25,0.0,3270500
2021-06-28,31.917770385742188,33.75,0.0,34.25,31.75,32.0,0.0,4267200
2021-06-29,31.44491195678711,33.25,0.0,34.0,32.75,33.25,0.0,2932400
2021-06-30,31.208484649658203,33.0,0.0,33.5,32.75,33.5,0.0,786900
2021-07-01,31.44491195678711,33.25,0.0,33.25,32.5,32.75,0.0,1292800
2021-07-02,30.972055435180664,32.75,0.0,33.5,32.5,33.25,0.0,1561100
2021-07-05,30.972055435180664,32.75,0.0,33.0,32.25,32.75,0.0,1470900
2021-07-06,31.44491195678711,33.25,0.0,33.75,32.5,32.75,0.0,2368000
2021-07-07,30.972055435180664,32.75,0.0,33.5,32.5,33.0,0.0,1312700
2021-07-08,30.026348114013672,31.75,0.0,32.5,30.75,32.5,0.0,4806100
2021-07-09,30.735628128051758,32.5,0.0,33.0,30.25,31.25,0.0,8268200
2021-07-12,30.735628128051758,32.5,0.0,33.0,32.0,32.5,0.0,1867200
2021-07-13,31.681339263916016,33.5,0.0,33.75,32.5,33.0,0.0,1909400
2021-07-14,31.208484649658203,33.0,0.0,34.0,32.5,33.75,0.0,839700
2021-07-15,30.972055435180664,32.75,0.0,33.25,32.5,33.0,0.0,657600
2021-07-16,30.972055435180664,32.75,0.0,33.0,32.5,32.75,0.0,1040400
2021-07-19,29.553491592407227,31.25,0.0,32.25,31.0,32.0,0.0,2008000
2021-07-20,28.607778549194336,30.25,0.0,30.75,28.5,30.75,0.0,9614500
2021-07-21,28.134923934936523,29.75,0.0,30.75,29.25,30.5,0.0,4054800
2021-07-22,27.898494720458984,29.5,0.0,30.25,29.5,30.0,0.0,1387600
2021-07-23,27.898494720458984,29.5,0.0,29.75,29.0,29.75,0.0,1396300
2021-07-27,27.662067413330078,29.25,0.0,29.75,28.75,29.5,0.0,1625700
2021-07-29,27.189210891723633,28.75,0.0,29.5,28.5,29.5,0.0,3062500
2021-07-30,26.952783584594727,28.5,0.0,29.0,27.25,29.0,0.0,4786300
2021-08-02,26.243499755859375,27.75,0.0,28.75,27.5,28.0,0.0,2940400
2021-08-03,26.71635627746582,28.25,0.0,28.75,28.0,28.25,0.0,2419900
2021-08-04,26.71635627746582,28.25,0.0,28.5,28.0,28.5,0.0,1918800
2021-08-05,26.00707244873047,27.5,0.0,28.25,27.25,28.25,0.0,1905900
2021-08-06,25.534215927124023,27.0,0.0,27.75,26.75,27.5,0.0,2664400
2021-08-09,26.952783584594727,28.5,0.0,29.25,27.0,27.0,0.0,8647500
2021-08-10,27.42563819885254,29.0,0.0,29.75,28.25,28.25,0.0,5842900
2021-08-11,27.42563819885254,29.0,0.0,30.0,28.75,29.0,0.0,5064400
2021-08-13,27.42563819885254,29.0,0.0,29.5,28.25,28.75,0.0,1849700
2021-08-16,27.898494720458984,29.5,0.0,30.0,28.5,29.0,0.0,3633500
2021-08-17,29.317062377929688,31.0,0.0,31.0,29.5,30.0,0.0,5180700
2021-08-18,30.262773513793945,32.0,0.0,32.25,30.25,30.75,0.0,6097000
2021-08-19,30.262773513793945,32.0,0.0,32.75,31.0,32.0,0.0,3449300
2021-08-20,30.49920082092285,32.25,0.0,32.25,31.5,32.0,0.0,2298800
2021-08-23,32.390625,34.25,0.0,34.25,32.75,33.75,0.0,5768200
2021-08-24,30.972055435180664,32.75,0.0,34.75,32.75,34.75,0.0,2735000
2021-08-25,31.208484649658203,33.0,0.0,33.5,32.75,33.0,0.0,1467400
2021-08-26,31.208484649658203,33.0,0.0,33.5,32.5,33.0,0.0,2578900
2021-08-27,30.972055435180664,32.75,0.0,33.75,32.5,33.0,0.0,3440100
2021-08-30,32.390625,34.25,0.0,34.25,33.25,33.25,0.0,3465000
2021-08-31,31.44491195678711,33.25,0.0,34.25,32.75,34.25,0.0,4732400
2021-09-01,30.49920082092285,32.25,0.0,33.5,31.75,33.5,0.0,4943600
2021-09-02,30.49920082092285,32.25,0.0,32.75,31.75,32.25,0.0,4662100
2021-09-03,30.735628128051758,32.5,0.0,33.0,32.25,32.25,0.0,3115000
2021-09-06,30.735628128051758,32.5,0.0,32.5,32.0,32.5,0.0,1783400
2021-09-07,30.972055435180664,32.75,0.0,33.25,32.25,32.5,0.0,2658600
2021-09-08,30.972055435180664,32.75,0.0,33.0,32.25,32.5,0.0,1786200
2021-09-09,30.735628128051758,32.5,0.0,33.25,32.0,32.75,0.0,2327100
2021-09-10,30.972055435180664,32.75,0.0,33.0,32.0,32.5,0.0,1651100
2021-09-13,32.154197692871094,34.0,0.0,34.5,33.0,33.0,0.0,6581600
2021-09-14,32.627052307128906,34.5,0.0,34.5,33.5,34.5,0.0,4016700
2021-09-15,32.627052307128906,34.5,0.0,34.5,33.75,34.25,0.0,1842200
2021-09-16,32.390625,34.25,0.0,35.0,34.25,34.5,0.0,3230100
2021-09-17,32.627052307128906,34.5,0.0,34.5,33.5,34.25,0.0,2426700
2021-09-20,32.86348342895508,34.75,0.0,35.0,34.0,34.5,0.0,2377400
2021-09-21,33.33633804321289,35.25,0.0,36.0,33.75,34.75,0.0,5242500
2021-09-22,33.099910736083984,35.0,0.0,35.75,34.5,35.75,0.0,2067700
2021-09-23,33.099910736083984,35.0,0.0,35.0,34.5,35.0,0.0,1276200
2021-09-27,33.099910736083984,35.0,0.0,35.0,34.25,34.75,0.0,596900
2021-09-28,33.099910736083984,35.0,0.0,35.0,34.25,35.0,0.0,1541600
2021-09-29,32.390625,34.25,0.0,34.75,34.25,34.5,0.0,1106100
2021-09-30,32.390625,34.25,0.0,35.5,34.0,35.0,0.0,3615500
2021-10-01,32.86348342895508,34.75,0.0,34.75,33.75,34.5,0.0,1618100
2021-10-04,34.045623779296875,36.0,0.0,36.25,34.25,34.75,0.0,6596100
2021-10-05,33.80919647216797,35.75,0.0,36.25,35.5,35.5,0.0,1586600
2021-10-06,33.5727653503418,35.5,0.0,36.5,35.25,35.75,0.0,1519900
2021-10-07,34.28205108642578,36.25,0.0,36.5,35.25,35.5,0.0,2734200
2021-10-08,34.9913330078125,37.0,0.0,37.5,36.5,36.75,0.0,4566100
2021-10-11,34.51847839355469,36.5,0.0,37.25,36.5,37.0,0.0,1559500
2021-10-12,34.51847839355469,36.5,0.0,38.0,36.25,37.75,0.0,7699300
2021-10-14,34.045623779296875,36.0,0.0,37.0,36.0,36.5,0.0,3009700
2021-10-15,33.80919647216797,35.75,0.0,36.5,35.25,36.5,0.0,3002200
2021-10-18,33.80919647216797,35.75,0.0,36.0,35.25,35.5,0.0,2808400
2021-10-19,33.5727653503418,35.5,0.0,36.0,34.75,35.75,0.0,3101900
2021-10-20,33.80919647216797,35.75,0.0,36.0,35.25,36.0,0.0,1959800
2021-10-21,33.80919647216797,35.75,0.0,36.0,35.25,35.75,0.0,1649400
2021-10-25,34.045623779296875,36.0,0.0,36.25,35.75,36.0,0.0,1178700
2021-10-26,33.80919647216797,35.75,0.0,36.25,35.5,36.0,0.0,2946100
2021-10-27,33.80919647216797,35.75,0.0,36.0,35.25,35.75,0.0,2203200
2021-10-28,33.80919647216797,35.75,0.0,36.0,35.25,35.75,0.0,459200
2021-10-29,34.045623779296875,36.0,0.0,36.25,35.5,35.75,0.0,844700
2021-11-01,34.045623779296875,36.0,0.0,36.75,36.0,36.25,0.0,1201000
2021-11-02,34.28205108642578,36.25,0.0,36.5,35.75,36.25,0.0,801500
2021-11-03,33.80919647216797,35.75,0.0,36.5,35.5,36.25,0.0,656900
2021-11-04,34.045623779296875,36.0,0.0,36.75,35.75,35.75,0.0,1294000
2021-11-05,34.9913330078125,37.0,0.0,37.25,36.0,36.25,0.0,2418200
2021-11-08,34.51847839355469,36.5,0.0,37.5,36.5,37.25,0.0,2419400
2021-11-09,35.227760314941406,37.25,0.0,37.25,36.5,36.75,0.0,1317900
2021-11-10,34.754905700683594,36.75,0.0,37.25,36.75,37.0,0.0,764300
2021-11-11,34.51847839355469,36.5,0.0,37.0,36.0,37.0,0.0,585500
2021-11-12,34.51847839355469,36.5,0.0,36.75,35.75,36.75,0.0,1808000
2021-11-15,34.28205108642578,36.25,0.0,36.75,36.0,36.5,0.0,1038400
2021-11-16,34.045623779296875,36.0,0.0,36.5,36.0,36.0,0.0,987700
2021-11-17,33.80919647216797,35.75,0.0,36.5,35.75,36.0,0.0,2011300
2021-11-18,33.5727653503418,35.5,0.0,35.75,35.0,35.75,0.0,1561000
2021-11-19,32.627052307128906,34.5,0.0,35.25,34.25,35.0,0.0,3066600
2021-11-22,31.681339263916016,33.5,0.0,34.25,33.25,34.0,0.0,3868000
2021-11-23,32.390625,34.25,0.0,34.5,33.5,33.5,0.0,2933900
2021-11-24,32.154197692871094,34.0,0.0,34.5,33.75,34.25,0.0,1325700
2021-11-25,31.917770385742188,33.75,0.0,34.25,33.5,34.0,0.0,1276700
2021-11-26,30.49920082092285,32.25,0.0,33.5,32.0,33.5,0.0,5633500
2021-11-29,29.317062377929688,31.0,0.0,32.25,30.5,32.25,0.0,5458300
2021-11-30,29.08063507080078,30.75,0.0,32.0,30.0,31.75,0.0,5101400
2021-12-01,30.972055435180664,32.75,0.0,33.0,30.5,30.75,0.0,6027000
2021-12-02,30.262773513793945,32.0,0.0,32.25,31.5,32.0,0.0,1317100
2021-12-03,30.262773513793945,32.0,0.0,32.5,31.5,32.25,0.0,1661500
2021-12-07,32.390625,34.25,0.0,34.25,33.0,33.5,0.0,5889600
2021-12-08,31.917770385742188,33.75,0.0,34.25,33.5,34.25,0.0,1754300
2021-12-09,31.681339263916016,33.5,0.0,33.75,33.25,33.5,0.0,1360900
2021-12-13,31.681339263916016,33.5,0.0,33.75,33.0,33.5,0.0,838400
2021-12-14,31.44491195678711,33.25,0.0,33.25,32.5,33.25,0.0,1302400
2021-12-15,31.681339263916016,33.5,0.0,33.5,33.0,33.25,0.0,615500
2021-12-16,31.681339263916016,33.5,0.0,33.75,32.75,33.75,0.0,1563200
2021-12-17,31.208484649658203,33.0,0.0,33.5,33.0,33.5,0.0,1425900
2021-12-20,30.026348114013672,31.75,0.0,32.75,31.25,32.75,0.0,4064500
2021-12-21,30.262773513793945,32.0,0.0,32.25,31.5,31.5,0.0,1127600
2021-12-22,30.262773513793945,32.0,0.0,32.5,31.75,32.0,0.0,868800
2021-12-23,30.735628128051758,32.5,0.0,33.0,32.0,32.0,0.0,1270300
2021-12-24,30.49920082092285,32.25,0.0,32.5,32.0,32.25,0.0,1647800
2021-12-27,30.49920082092285,32.25,0.0,32.5,32.0,32.5,0.0,712400
2021-12-28,30.262773513793945,32.0,0.0,33.0,31.75,32.5,0.0,2305800
2021-12-29,30.262773513793945,32.0,0.0,32.25,31.5,32.25,0.0,2616500
2021-12-30,29.553491592407227,31.25,0.0,32.0,31.0,32.0,0.0,4748200
2022-01-04,30.026348114013672,31.75,0.0,32.25,30.5,30.5,0.0,4219800
2022-01-05,30.262773513793945,32.0,0.0,32.0,31.25,31.75,0.0,1373400
2022-01-06,28.844205856323242,30.5,0.0,32.0,30.25,32.0,0.0,6694000
2022-01-07,28.844205856323242,30.5,0.0,30.75,30.0,30.5,0.0,2715600
2022-01-10,29.08063507080078,30.75,0.0,31.0,30.0,30.5,0.0,2030500
2022-01-11,29.553491592407227,31.25,0.0,31.5,30.5,30.75,0.0,2267900
2022-01-12,31.681339263916016,33.5,0.0,33.5,31.25,31.25,0.0,10291500
2022-01-13,31.681339263916016,33.5,0.0,33.5,32.5,33.5,0.0,4928900
2022-01-14,32.154197692871094,34.0,0.0,34.75,32.75,33.5,0.0,7912200
2022-01-17,32.627052307128906,34.5,0.0,34.75,34.0,34.0,0.0,3635500
2022-01-18,32.627052307128906,34.5,0.0,35.0,33.75,35.0,0.0,3926000
2022-01-19,32.86348342895508,34.75,0.0,34.75,33.25,34.0,0.0,3835700
2022-01-20,32.627052307128906,34.5,0.0,35.0,34.25,34.5,0.0,2563700
2022-01-21,32.390625,34.25,0.0,34.75,34.0,34.75,0.0,1759600
2022-01-24,31.681339263916016,33.5,0.0,34.75,33.25,34.75,0.0,1438400
2022-01-25,31.44491195678711,33.25,0.0,33.5,32.25,33.5,0.0,2159100
2022-01-26,31.44491195678711,33.25,0.0,33.75,33.0,33.25,0.0,1392800
2022-01-27,31.44491195678711,33.25,0.0,33.75,32.5,33.25,0.0,1470200
2022-01-28,32.86348342895508,34.75,0.0,34.75,33.5,33.5,0.0,4146900
2022-01-31,33.099910736083984,35.0,0.0,36.0,34.5,35.25,0.0,3784700
2022-02-01,33.33633804321289,35.25,0.0,36.0,34.75,35.0,0.0,4418800
2022-02-02,33.099910736083984,35.0,0.0,35.25,34.25,35.0,0.0,2373900
2022-02-03,33.099910736083984,35.0,0.0,35.25,34.75,35.0,0.0,1372000
2022-02-04,33.099910736083984,35.0,0.0,35.75,35.0,35.0,0.0,2277900
2022-02-07,33.099910736083984,35.0,0.0,35.5,34.5,35.5,0.0,1947700
2022-02-08,33.33633804321289,35.25,0.0,35.5,35.0,35.0,0.0,1688400
2022-02-09,33.33633804321289,35.25,0.0,36.0,35.0,35.25,0.0,3585300
2022-02-10,33.33633804321289,35.25,0.0,36.0,35.25,35.5,0.0,2414300
2022-02-11,33.33633804321289,35.25,0.0,35.75,35.0,35.25,0.0,1600300
2022-02-14,33.099910736083984,35.0,0.0,35.25,34.5,35.0,0.0,1384900
2022-02-15,33.80919647216797,35.75,0.0,36.5,35.0,35.0,0.0,2561200
2022-02-17,34.045623779296875,36.0,0.0,36.5,36.0,36.0,0.0,2188900
2022-02-18,34.51847839355469,36.5,0.0,36.75,36.0,36.25,0.0,2739900
2022-02-21,34.045623779296875,36.0,0.0,36.75,35.25,36.5,0.0,2554300
2022-02-22,33.33633804321289,35.25,0.0,36.0,33.75,36.0,0.0,8539000
2022-02-23,33.5727653503418,35.5,0.0,35.75,34.75,35.5,0.0,1990800
2022-02-24,33.099910736083984,35.0,0.0,35.5,34.0,35.0,0.0,3031400
2022-02-25,32.627052307128906,34.5,0.0,35.0,34.25,35.0,0.0,2746700
2022-02-28,32.627052307128906,34.5,0.0,35.0,33.5,34.0,0.0,4604600
2022-03-01,33.80919647216797,35.75,0.0,36.5,34.5,34.5,0.0,5666500
2022-03-02,34.51847839355469,36.5,0.0,36.75,35.25,35.75,0.0,4914600
2022-03-03,35.227760314941406,37.25,0.0,37.5,36.5,36.75,0.0,6086100
2022-03-04,34.9913330078125,37.0,0.0,37.25,36.5,37.25,0.0,1501500
2022-03-07,33.5727653503418,35.5,0.0,36.25,34.5,36.0,0.0,4937300
2022-03-08,34.045623779296875,36.0,0.0,36.25,33.75,35.75,0.0,5386700
2022-03-09,34.045623779296875,36.0,0.0,36.25,35.25,36.0,0.0,1783000
2022-03-10,34.754905700683594,36.75,0.0,38.0,36.25,36.5,0.0,7317400
2022-03-11,35.227760314941406,37.25,0.0,37.5,36.0,36.25,0.0,4164000
2022-03-14,34.9913330078125,37.0,0.0,37.5,36.75,37.0,0.0,2515100
2022-03-15,34.51847839355469,36.5,0.0,38.0,36.25,37.5,0.0,6438500
2022-03-16,35.227760314941406,37.25,0.0,37.5,36.75,36.75,0.0,2354400
2022-03-17,35.46418762207031,37.5,0.0,38.0,37.0,38.0,0.0,4325900
2022-03-18,37.592037200927734,39.75,0.0,40.25,37.5,37.5,0.0,17168200
2022-03-21,37.11918258666992,39.25,0.0,40.5,38.75,40.25,0.0,5361200
2022-03-22,37.35560989379883,39.5,0.0,39.5,38.5,39.25,0.0,3002400
2022-03-23,36.64632797241211,38.75,0.0,39.5,38.5,39.5,0.0,2994000
2022-03-24,37.828468322753906,40.0,0.0,40.0,38.5,39.0,0.0,5296600
2022-03-25,38.06489562988281,40.25,0.0,40.75,39.75,40.25,0.0,5709200
2022-03-28,38.77417755126953,41.0,0.0,41.5,40.0,40.25,0.0,5403100
2022-03-29,37.592037200927734,39.75,0.0,41.25,39.5,41.0,0.0,5861600
2022-03-30,37.828468322753906,40.0,0.0,40.5,39.5,39.75,0.0,4831500
2022-03-31,38.06489562988281,40.25,0.0,40.25,39.5,40.0,0.0,2634500
2022-04-01,38.06489562988281,40.25,0.0,40.5,39.75,40.0,0.0,1514300
2022-04-04,38.30132293701172,40.5,0.0,40.75,40.25,40.25,0.0,1563900
2022-04-05,37.828468322753906,40.0,0.0,41.0,39.75,40.75,0.0,1875000
2022-04-07,37.11918258666992,39.25,0.0,39.75,38.75,39.5,0.0,3516700
2022-04-08,37.828468322753906,40.0,0.0,40.5,39.25,39.25,0.0,4217300
2022-04-11,38.537750244140625,40.75,0.0,41.0,39.75,39.75,0.0,2863700
2022-04-12,39.483463287353516,41.75,0.0,41.75,40.25,40.75,0.0,3775700
2022-04-18,40.1927490234375,42.5,0.0,43.25,41.25,42.0,0.0,7935900
2022-04-19,40.66560363769531,43.0,0.0,43.0,42.5,43.0,0.0,2177200
2022-04-20,40.1927490234375,42.5,0.0,43.5,42.0,43.0,0.0,3900200
2022-04-21,39.483463287353516,41.75,0.0,43.0,41.5,42.5,0.0,2771600
2022-04-22,40.66560363769531,43.0,0.0,43.25,41.5,41.5,0.0,4674900
2022-04-25,41.61131286621094,44.0,0.0,44.25,42.5,43.0,0.0,5303400
2022-04-26,40.902034759521484,43.25,0.0,44.0,43.25,44.0,0.0,2281600
2022-04-27,40.66560363769531,43.0,0.0,43.5,42.0,43.25,0.0,5530100
2022-04-28,41.847740173339844,44.25,0.0,44.25,42.5,42.5,0.0,5247900
2022-04-29,43.97559356689453,46.5,0.0,46.5,43.25,44.25,0.0,6228400
2022-05-03,41.847740173339844,44.25,0.0,46.5,44.0,45.25,0.0,8325300
2022-05-05,41.61131286621094,44.0,0.0,45.0,43.75,45.0,0.0,4572300
2022-05-06,41.13846206665039,43.5,0.0,43.75,42.75,43.5,0.0,4238500
2022-05-09,40.429176330566406,42.75,0.0,43.5,42.5,43.25,0.0,2954700
2022-05-10,40.429176330566406,42.75,0.0,43.0,41.5,42.75,0.0,6683000
2022-05-11,39.956321716308594,42.25,0.0,42.75,41.75,42.75,0.0,2581000
2022-05-12,38.537750244140625,40.75,0.0,42.25,40.0,42.0,0.0,7041800
2022-05-13,38.537750244140625,40.75,0.0,41.5,40.0,40.75,0.0,3362200
2022-05-17,39.24703598022461,41.5,0.0,42.0,40.25,40.5,0.0,3657800
2022-05-18,38.06489562988281,40.25,0.0,42.0,39.25,41.5,0.0,9723700
2022-05-19,37.828468322753906,40.0,0.0,40.5,39.75,39.75,0.0,5287800
2022-05-20,38.06489562988281,40.25,0.0,40.75,39.5,40.25,0.0,7178500
2022-05-23,38.30132293701172,40.5,0.0,40.75,40.0,40.0,0.0,3631200
2022-05-24,38.06489562988281,40.25,0.0,40.5,40.0,40.25,0.0,4369300
2022-05-25,38.06489562988281,40.25,0.0,41.0,40.25,40.25,0.0,2105100
2022-05-26,38.537750244140625,40.75,0.0,41.25,40.25,40.75,0.0,4029300
2022-05-27,38.77417755126953,41.0,0.0,41.75,41.0,41.25,0.0,2833500
2022-05-30,39.956321716308594,42.25,0.0,43.0,41.25,41.25,0.0,6038000
2022-05-31,39.71989059448242,42.0,0.0,42.25,41.5,41.75,0.0,3459400
2022-06-01,39.483463287353516,41.75,0.0,42.25,41.0,42.25,0.0,3307500
2022-06-02,38.77417755126953,41.0,0.0,42.0,40.5,41.75,0.0,2204100
2022-06-06,38.537750244140625,40.75,0.0,41.25,40.25,41.0,0.0,1158900
2022-06-07,38.30132293701172,40.5,0.0,40.75,40.25,40.75,0.0,1267000
2022-06-08,38.77417755126953,41.0,0.0,41.5,40.5,40.5,0.0,3222000
2022-06-09,40.429176330566406,42.75,0.0,44.25,41.25,41.75,0.0,10964600
2022-06-10,40.429176330566406,42.75,0.0,43.0,42.0,42.25,0.0,2997600
2022-06-13,39.24703598022461,41.5,0.0,42.25,41.0,41.5,0.0,5288800
2022-06-14,39.483463287353516,41.75,0.0,42.25,40.75,41.0,0.0,3735100
2022-06-15,39.483463287353516,41.75,0.0,42.0,41.25,41.75,0.0,2743200
2022-06-16,39.483463287353516,41.75,0.0,43.5,41.5,42.25,0.0,5544400
2022-06-17,39.956321716308594,42.25,0.0,42.5,41.5,42.25,0.0,4836100
2022-06-20,41.13846206665039,43.5,0.0,44.5,42.0,42.25,0.0,7601200
2022-06-21,41.61131286621094,44.0,0.0,45.5,43.0,43.5,0.0,6185800
2022-06-22,41.13846206665039,43.5,0.0,44.5,42.75,43.75,0.0,3968300
2022-06-23,40.902034759521484,43.25,0.0,44.0,42.75,43.75,0.0,2119700
2022-06-24,40.902034759521484,43.25,0.0,43.75,43.0,43.75,0.0,1086000
2022-06-27,40.429176330566406,42.75,0.0,44.0,42.75,43.5,0.0,2166700
2022-06-28,41.37488555908203,43.75,0.0,44.5,42.75,43.0,0.0,5602000
2022-06-29,41.37488555908203,43.75,0.0,44.25,43.5,43.5,0.0,2091800
2022-06-30,41.61131286621094,44.0,0.0,45.25,44.0,44.0,0.0,4084100
2022-07-01,41.37488555908203,43.75,0.0,44.25,43.5,44.0,0.0,2256500
2022-07-04,40.902034759521484,43.25,0.0,44.0,43.0,43.75,0.0,2525300
2022-07-05,39.24703598022461,41.5,0.0,43.5,41.0,43.25,0.0,7134600
2022-07-06,39.483463287353516,41.75,0.0,42.75,41.25,41.5,0.0,3896400
2022-07-07,39.71989059448242,42.0,0.0,42.5,41.75,41.75,0.0,2547500
2022-07-08,39.483463287353516,41.75,0.0,42.25,41.25,42.25,0.0,2229300
2022-07-11,38.06489562988281,40.25,0.0,41.0,39.5,41.0,0.0,7693300
2022-07-12,37.828468322753906,40.0,0.0,40.75,39.75,39.75,0.0,2045500
2022-07-14,37.592037200927734,39.75,0.0,40.75,39.75,40.0,0.0,2670000
2022-07-15,37.592037200927734,39.75,0.0,40.5,38.75,40.25,0.0,6224800
2022-07-18,38.30132293701172,40.5,0.0,41.25,39.5,40.0,0.0,3957600
2022-07-19,37.828468322753906,40.0,0.0,40.5,39.75,40.0,0.0,3130500
2022-07-20,38.77417755126953,41.0,0.0,41.5,40.5,40.5,0.0,5712700
2022-07-21,39.0106086730957,41.25,0.0,41.5,40.5,41.0,0.0,4260200
2022-07-22,38.537750244140625,40.75,0.0,41.5,40.5,41.25,0.0,2678800
2022-07-25,38.77417755126953,41.0,0.0,41.25,40.5,41.0,0.0,2847500
2022-07-26,39.0106086730957,41.25,0.0,41.25,40.75,41.0,0.0,1873000
2022-07-27,39.71989059448242,42.0,0.0,42.0,40.75,41.0,0.0,3092800
2022-08-01,39.71989059448242,42.0,0.0,42.5,41.5,42.0,0.0,2505100
2022-08-02,39.483463287353516,41.75,0.0,42.25,41.25,41.75,0.0,2618400
2022-08-03,39.956321716308594,42.25,0.0,42.5,41.5,41.75,0.0,1398700
2022-08-04,39.71989059448242,42.0,0.0,42.5,41.5,42.5,0.0,1669700
2022-08-05,39.24703598022461,41.5,0.0,41.75,41.0,41.5,0.0,2038900
2022-08-08,38.77417755126953,41.0,0.0,41.5,40.5,41.25,0.0,2554700
2022-08-09,39.483463287353516,41.75,0.0,42.25,40.75,41.0,0.0,2247000
2022-08-10,39.483463287353516,41.75,0.0,42.0,41.0,41.75,0.0,1709300
2022-08-11,40.1927490234375,42.5,0.0,43.5,41.5,42.0,0.0,6532900
2022-08-15,40.66560363769531,43.0,0.0,43.5,42.5,42.5,0.0,5222800
2022-08-16,41.13846206665039,43.5,0.0,44.25,43.5,43.5,0.0,4801000
2022-08-17,41.37488555908203,43.75,0.0,44.25,43.25,44.0,0.0,1829500
2022-08-18,40.902034759521484,43.25,0.0,43.75,43.0,43.5,0.0,2452100
2022-08-19,41.37488555908203,43.75,0.0,44.0,43.0,43.25,0.0,2488300
2022-08-22,41.13846206665039,43.5,0.0,44.0,43.0,44.0,0.0,2736800
2022-08-23,41.37488555908203,43.75,0.0,44.25,43.0,43.0,0.0,3934400
2022-08-24,41.61131286621094,44.0,0.0,44.25,43.25,43.75,0.0,2024200
2022-08-25,41.61131286621094,44.0,0.0,44.75,44.0,44.5,0.0,1564800
2022-08-26,40.429176330566406,42.75,0.0,44.25,42.75,44.0,0.0,4669500
2022-08-29,40.1927490234375,42.5,0.0,42.75,42.0,42.0,0.0,2345400
2022-08-30,40.66560363769531,43.0,0.0,43.25,42.0,42.5,0.0,5842800
2022-08-31,40.429176330566406,42.75,0.0,43.0,42.25,42.75,0.0,3385800
2022-09-01,41.13846206665039,43.5,0.0,43.75,42.75,42.75,0.0,3723000
2022-09-02,42.084171295166016,44.5,0.0,44.75,43.5,43.5,0.0,4822900
2022-09-05,43.26631164550781,45.75,0.0,46.0,44.25,44.75,0.0,5665500
2022-09-06,43.029884338378906,45.5,0.0,46.25,45.25,46.0,0.0,2467300
2022-09-07,42.793453216552734,45.25,0.0,46.25,45.25,45.5,0.0,2431700
2022-09-08,43.73916244506836,46.25,0.0,46.25,45.5,45.5,0.0,3419600
2022-09-09,44.68487548828125,47.25,0.0,47.5,46.25,46.75,0.0,5274000
2022-09-12,44.68487548828125,47.25,0.0,48.0,46.75,48.0,0.0,3537200
2022-09-13,44.448448181152344,47.0,0.0,48.0,46.75,47.75,0.0,1868000
2022-09-14,43.97559356689453,46.5,0.0,46.75,46.0,46.25,0.0,1871200
2022-09-15,45.394161224365234,48.0,0.0,48.0,46.5,46.5,0.0,6648700
2022-09-16,42.793453216552734,45.25,0.0,47.75,45.25,47.5,0.0,8482900
2022-09-19,43.73916244506836,46.25,0.0,46.5,45.0,45.0,0.0,2911900
2022-09-20,45.15773391723633,47.75,0.0,47.75,46.5,46.75,0.0,5825700
2022-09-21,44.21202087402344,46.75,0.0,48.25,46.25,48.25,0.0,5247400
2022-09-22,44.21202087402344,46.75,0.0,47.75,46.25,46.75,0.0,4446700
2022-09-23,45.86701583862305,48.5,0.0,50.75,48.25,49.0,0.0,20194000
2022-09-26,45.15773391723633,47.75,0.0,49.0,47.5,48.25,0.0,4563300
2022-09-27,46.10344696044922,48.75,0.0,49.25,47.5,47.75,0.0,4595500
2022-09-28,45.86701583862305,48.5,0.0,49.25,48.25,48.75,0.0,4943900
2022-09-29,45.63058853149414,48.25,0.0,50.0,48.25,49.0,0.0,7835800
2022-09-30,46.339874267578125,49.0,0.0,49.25,47.75,48.5,0.0,4678900
2022-10-03,44.21202087402344,46.75,0.0,49.0,46.5,48.75,0.0,9155700
2022-10-04,46.57630157470703,49.25,0.0,49.5,47.5,47.5,0.0,5210100
2022-10-05,47.285587310791016,50.0,0.0,50.25,49.25,49.25,0.0,2927300
2022-10-06,46.81272888183594,49.5,0.0,50.0,49.0,49.75,0.0,1473900
2022-10-07,47.75843811035156,50.5,0.0,50.5,49.0,49.25,0.0,2228800
2022-10-10,46.57630157470703,49.25,0.0,50.0,49.0,49.75,0.0,1846600
2022-10-11,46.339874267578125,49.0,0.0,49.5,48.0,49.0,0.0,4003000
2022-10-12,46.57630157470703,49.25,0.0,49.5,48.25,49.25,0.0,2889800
2022-10-17,45.63058853149414,48.25,0.0,49.0,47.75,49.0,0.0,3374300
2022-10-18,46.81272888183594,49.5,0.0,49.75,48.5,48.5,0.0,4679900
2022-10-19,47.285587310791016,50.0,0.0,50.0,49.0,49.25,0.0,1670000
2022-10-20,46.81272888183594,49.5,0.0,50.25,49.5,49.5,0.0,2009800
2022-10-21,47.285587310791016,50.0,0.0,50.25,49.5,49.5,0.0,1485100
2022-10-25,46.57630157470703,49.25,0.0,50.0,49.0,50.0,0.0,2460700
2022-10-26,48.70415115356445,51.5,0.0,51.5,50.0,50.0,0.0,5798800
2022-10-27,48.70415115356445,51.5,0.0,52.0,50.75,52.0,0.0,2944600
2022-10-28,48.940582275390625,51.75,0.0,52.0,50.75,51.5,0.0,4723300
2022-10-31,47.994869232177734,50.75,0.0,51.75,50.75,51.75,0.0,2257500
2022-11-01,48.46772384643555,51.25,0.0,51.75,50.75,50.75,0.0,2312800
2022-11-02,47.04916000366211,49.75,0.0,51.5,49.75,51.5,0.0,6465700
2022-11-03,45.15773391723633,47.75,0.0,50.5,47.5,49.5,0.0,15611700
2022-11-04,45.15773391723633,47.75,0.0,48.25,46.75,47.5,0.0,10960200
2022-11-07,45.86701583862305,48.5,0.0,48.5,47.25,48.0,0.0,5206500
2022-11-08,46.339874267578125,49.0,0.0,49.25,48.25,49.0,0.0,3951400
2022-11-09,45.63058853149414,48.25,0.0,49.25,48.25,49.0,0.0,3858200
2022-11-10,47.285587310791016,50.0,0.0,50.25,47.5,47.75,0.0,5655800
2022-11-11,47.52201461791992,50.25,0.0,51.0,49.75,50.25,0.0,6319600
2022-11-14,44.68487548828125,47.25,0.0,48.75,46.5,48.75,0.0,13115900
2022-11-15,46.57630157470703,49.25,0.0,49.75,47.0,47.25,0.0,10135500
2022-11-16,44.92130661010742,47.5,0.0,49.5,47.5,48.75,0.0,7254400
2022-11-17,44.68487548828125,47.25,0.0,47.5,46.75,47.5,0.0,8446700
2022-11-18,43.26631164550781,45.75,0.0,47.0,45.25,47.0,0.0,10592900
2022-11-21,43.97559356689453,46.5,0.0,47.0,45.75,45.75,0.0,4709100
2022-11-22,44.448448181152344,47.0,0.0,47.5,45.75,46.5,0.0,8167500
2022-11-23,44.448448181152344,47.0,0.0,47.25,46.75,47.25,0.0,5504400
2022-11-24,45.63058853149414,48.25,0.0,48.75,47.0,47.25,0.0,6431100
2022-11-25,46.10344696044922,48.75,0.0,48.75,47.75,48.25,0.0,3969700
2022-11-28,45.86701583862305,48.5,0.0,48.75,48.25,48.5,0.0,790300
2022-11-29,45.63058853149414,48.25,0.0,48.5,47.75,48.25,0.0,4052100
2022-11-30,46.81272888183594,49.5,0.0,49.75,48.0,48.0,0.0,8699300
2022-12-01,45.63058853149414,48.25,0.0,49.5,48.0,49.25,0.0,6692400
2022-12-02,45.86701583862305,48.5,0.0,49.0,48.0,48.25,0.0,3150700
2022-12-06,45.86701583862305,48.5,0.0,49.5,48.5,48.5,0.0,2464600
2022-12-07,45.394161224365234,48.0,0.0,49.0,48.0,48.5,0.0,2257100
2022-12-08,45.394161224365234,48.0,0.0,48.5,47.75,48.5,0.0,2857800
2022-12-09,45.394161224365234,48.0,0.0,48.25,47.75,47.75,0.0,1218000
2022-12-13,45.394161224365234,48.0,0.0,48.5,47.5,48.5,0.0,1820700
2022-12-14,45.86701583862305,48.5,0.0,49.25,48.5,48.5,0.0,2935000
2022-12-15,45.63058853149414,48.25,0.0,49.0,48.0,48.5,0.0,2644100
2022-12-16,45.86701583862305,48.5,0.0,49.0,48.25,48.25,0.0,2497200
2022-12-19,45.86701583862305,48.5,0.0,49.25,48.5,48.5,0.0,1361900
2022-12-20,45.86701583862305,48.5,0.0,49.0,48.0,48.5,0.0,2823500
2022-12-21,47.285587310791016,50.0,0.0,50.25,48.5,48.5,0.0,10679600
2022-12-22,46.57630157470703,49.25,0.0,50.0,49.0,50.0,0.0,4406500
2022-12-23,47.04916000366211,49.75,0.0,50.0,49.25,49.25,0.0,3636500
2022-12-26,47.04916000366211,49.75,0.0,50.5,49.75,50.0,0.0,2084000
2022-12-27,47.75843811035156,50.5,0.0,51.0,50.25,50.25,0.0,3112300
2022-12-28,47.994869232177734,50.75,0.0,51.25,50.75,51.0,0.0,2192000
2022-12-29,47.52201461791992,50.25,0.0,50.75,50.0,50.75,0.0,3180100
2022-12-30,47.52201461791992,50.25,0.0,51.0,50.0,50.5,0.0,12045800
2023-01-03,48.23129653930664,51.0,0.0,52.0,50.5,51.0,0.0,7873600
2023-01-04,49.17700958251953,52.0,0.0,52.5,51.25,51.75,0.0,4837200
2023-01-05,48.46772384643555,51.25,0.0,52.5,50.75,52.0,0.0,3882000
2023-01-06,48.70415115356445,51.5,0.0,52.25,51.25,51.25,0.0,2969000
2023-01-09,48.70415115356445,51.5,0.0,52.5,51.25,52.0,0.0,4784900
2023-01-10,47.75843811035156,50.5,0.0,51.5,50.5,51.5,0.0,3911800
2023-01-11,47.285587310791016,50.0,0.0,51.0,49.5,50.25,0.0,7980600
2023-01-12,47.285587310791016,50.0,0.0,50.25,49.5,50.0,0.0,2224900
2023-01-13,48.23129653930664,51.0,0.0,51.25,50.25,50.25,0.0,4880700
2023-01-16,47.994869232177734,50.75,0.0,51.5,50.75,51.0,0.0,2369300
2023-01-17,48.70415115356445,51.5,0.0,51.75,50.75,50.75,0.0,4212700
2023-01-18,48.70415115356445,51.5,0.0,52.25,51.0,52.0,0.0,2097500
2023-01-19,48.46772384643555,51.25,0.0,51.5,51.0,51.0,0.0,921200
2023-01-20,47.285587310791016,50.0,0.0,51.75,49.75,51.25,0.0,5046500
2023-01-23,47.994869232177734,50.75,0.0,51.5,50.5,50.5,0.0,4492600
2023-01-24,48.940582275390625,51.75,0.0,51.75,50.75,50.75,0.0,2972000
2023-01-25,49.41343688964844,52.25,0.0,53.0,51.5,51.75,0.0,8758700
2023-01-26,49.17700958251953,52.0,0.0,52.5,51.75,52.25,0.0,2806700
2023-01-27,49.17700958251953,52.0,0.0,53.0,51.75,52.0,0.0,5482600
2023-01-30,49.17700958251953,52.0,0.0,52.25,51.5,52.0,0.0,1102900
2023-01-31,49.17700958251953,52.0,0.0,52.0,51.5,52.0,0.0,1923600
2023-02-01,48.940582275390625,51.75,0.0,52.25,51.5,52.25,0.0,1080800
2023-02-02,49.649864196777344,52.5,0.0,52.75,51.75,52.0,0.0,3931000
2023-02-03,49.88629150390625,52.75,0.0,53.5,52.25,52.5,0.0,4402200
2023-02-06,51.06843185424805,54.0,0.0,54.25,52.75,52.75,0.0,3567200
2023-02-07,51.06843185424805,54.0,0.0,54.25,53.25,53.75,0.0,2842900
2023-02-08,52.250572204589844,55.25,0.0,56.0,53.75,54.0,0.0,9211400
2023-02-09,52.01414489746094,55.0,0.0,56.5,54.25,55.0,0.0,9737400
2023-02-10,52.95985412597656,56.0,0.0,56.5,54.5,54.5,0.0,6563800
2023-02-13,52.48699951171875,55.5,0.0,56.25,55.5,56.0,0.0,2173800
2023-02-14,51.54128646850586,54.5,0.0,55.75,54.5,55.5,0.0,4161700
2023-02-15,52.250572204589844,55.25,0.0,55.5,53.75,54.0,0.0,4118900
2023-02-16,51.54128646850586,54.5,0.0,55.75,54.0,55.0,0.0,4376100
2023-02-17,52.01414489746094,55.0,0.0,55.25,54.25,54.5,0.0,2256100
2023-02-20,51.30485916137695,54.25,0.0,55.25,53.25,54.75,0.0,6186100
2023-02-21,51.777713775634766,54.75,0.0,54.75,54.0,54.25,0.0,2653000
2023-02-22,52.723426818847656,55.75,0.0,56.0,55.0,55.5,0.0,4021700
2023-02-23,53.43271255493164,56.5,0.0,56.5,55.75,56.0,0.0,3926700
2023-02-24,52.723426818847656,55.75,0.0,56.75,55.0,56.75,0.0,2524200
2023-02-27,52.723426818847656,55.75,0.0,56.25,55.25,55.25,0.0,2326800
2023-02-28,53.43271255493164,56.5,0.0,56.5,55.25,56.0,0.0,4253900
2023-03-01,52.48699951171875,55.5,0.0,56.5,55.5,56.5,0.0,2842200
2023-03-02,52.01414489746094,55.0,0.0,56.0,54.0,55.5,0.0,3136900
2023-03-03,52.01414489746094,55.0,0.0,55.75,54.5,54.5,0.0,2950500
2023-03-07,52.48699951171875,55.5,0.0,56.25,54.75,54.75,0.0,2807800
2023-03-08,52.48699951171875,55.5,0.0,55.75,55.0,55.5,0.0,1947400
2023-03-09,54.14199447631836,57.25,0.0,58.25,55.25,55.5,0.0,9037400
2023-03-10,54.378421783447266,57.5,0.0,57.75,56.75,57.5,0.0,4450700
2023-03-13,52.723426818847656,55.75,0.0,57.25,55.5,57.25,0.0,1804400
2023-03-14,49.88629150390625,52.75,0.0,55.5,52.0,55.0,0.0,10093400
2023-03-15,50.832000732421875,53.75,0.0,54.5,52.5,53.5,0.0,4455700
2023-03-16,52.01414489746094,55.0,0.0,55.0,52.75,53.75,0.0,3867600
2023-03-17,51.30485916137695,54.25,0.0,55.5,53.75,55.0,0.0,3951400
2023-03-20,50.832000732421875,53.75,0.0,54.75,53.25,54.25,0.0,2414600
2023-03-21,51.06843185424805,54.0,0.0,54.25,53.5,53.75,0.0,1305900
2023-03-22,51.777713775634766,54.75,0.0,55.25,54.0,54.5,0.0,1843800
2023-03-23,52.95985412597656,56.0,0.0,56.25,54.75,54.75,0.0,2417400
2023-03-24,54.14199447631836,57.25,0.0,57.5,56.25,56.5,0.0,3185700
2023-03-27,54.378421783447266,57.5,0.0,58.0,56.75,57.25,0.0,1987900
2023-03-28,53.196285247802734,56.25,0.0,57.75,55.75,57.75,0.0,3921500
2023-03-29,52.95985412597656,56.0,0.0,56.5,56.0,56.5,0.0,2168600
2023-03-30,53.43271255493164,56.5,0.0,57.0,56.0,56.0,0.0,2022500
2023-03-31,52.95985412597656,56.0,0.0,56.5,55.75,56.0,0.0,2009700
2023-04-03,53.66913986206055,56.75,0.0,57.0,56.0,56.25,0.0,902400
2023-04-04,52.95985412597656,56.0,0.0,56.75,56.0,56.25,0.0,1153400
2023-04-05,52.95985412597656,56.0,0.0,56.75,56.0,56.5,0.0,1567700
2023-04-07,52.48699951171875,55.5,0.0,56.25,55.5,56.0,0.0,771600
2023-04-10,52.01414489746094,55.0,0.0,56.0,54.0,55.25,0.0,2497900
2023-04-11,52.250572204589844,55.25,0.0,55.5,54.75,55.0,0.0,860400
2023-04-12,52.250572204589844,55.25,0.0,56.0,55.0,55.0,0.0,1448600
2023-04-17,52.723426818847656,55.75,0.0,56.0,55.0,55.0,0.0,1798500
2023-04-18,51.777713775634766,54.75,0.0,56.0,54.5,56.0,0.0,2824800
2023-04-19,51.30485916137695,54.25,0.0,55.0,53.5,54.25,0.0,3543600
2023-04-20,52.01414489746094,55.0,0.0,55.5,53.75,54.25,0.0,3049300
2023-04-21,52.01414489746094,55.0,0.0,55.0,54.0,54.75,0.0,1356400
2023-04-24,50.59557342529297,53.5,0.0,54.75,52.75,54.5,0.0,1942000
2023-04-25,50.12272262573242,53.0,0.0,53.75,52.0,53.0,0.0,1942100
2023-04-26,51.06843185424805,54.0,0.0,54.25,53.0,53.0,0.0,1304300
2023-04-27,51.06843185424805,54.0,0.0,54.75,53.5,53.5,0.0,2571600
2023-04-28,51.777713775634766,54.75,0.0,55.75,54.25,54.5,0.0,5424500
2023-05-02,52.48699951171875,55.5,0.0,56.0,55.0,55.0,0.0,4365000
2023-05-03,52.01414489746094,55.0,0.0,55.25,54.25,55.0,0.0,2638300
2023-05-08,52.723426818847656,55.75,0.0,56.25,54.75,55.5,0.0,3679600
2023-05-09,53.43271255493164,56.5,0.0,56.75,55.5,55.75,0.0,2722400
2023-05-10,52.48699951171875,55.5,0.0,56.5,55.5,56.25,0.0,1822000
2023-05-11,52.48699951171875,55.5,0.0,56.0,55.0,55.75,0.0,1722100
2023-05-12,52.01414489746094,55.0,0.0,55.75,54.0,55.5,0.0,2506400
2023-05-15,51.06843185424805,54.0,0.0,55.5,53.75,55.5,0.0,2037600
2023-05-16,48.940582275390625,51.75,0.0,53.75,51.5,53.5,0.0,3564300
2023-05-17,46.57630157470703,49.25,0.0,51.5,47.5,51.5,0.0,7471500
2023-05-18,47.04916000366211,49.75,0.0,50.5,49.25,49.5,0.0,3523500
2023-05-19,46.57630157470703,49.25,0.0,49.75,48.75,49.5,0.0,2275200
2023-05-22,46.81272888183594,49.5,0.0,49.75,47.25,48.25,0.0,4987400
2023-05-23,47.285587310791016,50.0,0.0,50.5,48.75,49.5,0.0,5335500
2023-05-24,48.70415115356445,51.5,0.0,52.0,50.25,50.5,0.0,4017700
2023-05-25,48.70415115356445,51.5,0.0,52.25,50.5,51.0,0.0,3341300
2023-05-26,48.70415115356445,51.5,0.0,51.75,50.75,51.25,0.0,1784700
2023-05-29,47.994869232177734,50.75,0.0,51.5,49.5,51.5,0.0,3170800
2023-05-30,47.04916000366211,49.75,0.0,51.0,49.25,50.75,0.0,3218700
2023-05-31,47.52201461791992,50.25,0.0,50.5,49.25,49.25,0.0,1928800
2023-06-01,47.04916000366211,49.75,0.0,50.5,49.25,49.75,0.0,2117400
2023-06-02,46.81272888183594,49.5,0.0,50.0,49.25,50.0,0.0,624600
2023-06-06,46.57630157470703,49.25,0.0,50.0,48.25,50.0,0.0,1944000
2023-06-07,46.57630157470703,49.25,0.0,49.75,48.5,49.5,0.0,1249500
2023-06-08,47.285587310791016,50.0,0.0,50.25,48.75,48.75,0.0,3159400
2023-06-09,47.04916000366211,49.75,0.0,50.5,49.25,50.5,0.0,2534200
2023-06-12,47.04916000366211,49.75,0.0,49.75,48.25,49.5,0.0,4612700
2023-06-13,47.75843811035156,50.5,0.0,50.75,49.75,50.0,0.0,2905800
2023-06-14,47.285587310791016,50.0,0.0,50.5,49.75,50.25,0.0,2316000
2023-06-15,46.81272888183594,49.5,0.0,50.0,48.75,49.75,0.0,2499500
2023-06-16,46.10344696044922,48.75,0.0,50.0,48.0,49.5,0.0,3141900
2023-06-19,45.63058853149414,48.25,0.0,49.0,48.0,48.25,0.0,1303900
2023-06-20,45.63058853149414,48.25,0.0,48.75,47.75,48.75,0.0,3051700
2023-06-21,45.394161224365234,48.0,0.0,48.5,47.25,48.25,0.0,1436400
2023-06-22,44.68487548828125,47.25,0.0,48.0,47.0,48.0,0.0,1736500
2023-06-23,44.21202087402344,46.75,0.0,47.0,45.75,47.0,0.0,1647100
2023-06-26,43.73916244506836,46.25,0.0,47.5,45.75,46.75,0.0,4118000
2023-06-27,43.50273895263672,46.0,0.0,46.75,45.75,46.0,0.0,1466000
2023-06-28,43.73916244506836,46.25,0.0,47.0,45.75,46.0,0.0,2903300
2023-06-29,44.448448181152344,47.0,0.0,47.75,46.25,46.75,0.0,2786500
2023-06-30,46.81272888183594,49.5,0.0,51.0,48.0,48.25,0.0,8502100
2023-07-03,45.63058853149414,48.25,0.0,50.25,48.0,50.0,0.0,3004000
2023-07-04,46.339874267578125,49.0,0.0,50.0,48.25,48.5,0.0,3761100
2023-07-05,45.86701583862305,48.5,0.0,49.0,48.25,48.5,0.0,1445100
2023-07-06,44.68487548828125,47.25,0.0,48.25,46.5,48.25,0.0,4132600
2023-07-07,44.21202087402344,46.75,0.0,47.75,46.75,46.75,0.0,1409500
2023-07-10,44.68487548828125,47.25,0.0,47.5,46.5,47.0,0.0,1140500
2023-07-11,44.448448181152344,47.0,0.0,47.75,46.5,47.5,0.0,1405100
2023-07-12,42.793453216552734,45.25,0.0,47.25,44.25,46.75,0.0,4291500
2023-07-13,42.084171295166016,44.5,0.0,45.5,43.25,45.0,0.0,6496800
2023-07-14,42.32059860229492,44.75,0.0,45.0,43.75,44.0,0.0,6336400
2023-07-17,43.26631164550781,45.75,0.0,46.5,45.5,46.0,0.0,2307100
2023-07-18,43.029884338378906,45.5,0.0,45.75,45.0,45.5,0.0,2617800
2023-07-19,42.55702590942383,45.0,0.0,45.75,44.25,45.5,0.0,4683100
2023-07-20,42.55702590942383,45.0,0.0,45.5,44.5,44.75,0.0,3393500
2023-07-21,42.084171295166016,44.5,0.0,45.0,44.0,44.75,0.0,3509900
2023-07-24,41.37488555908203,43.75,0.0,44.75,43.25,44.25,0.0,2138900
2023-07-25,41.37488555908203,43.75,0.0,44.75,43.25,44.0,0.0,3172900
2023-07-26,42.32059860229492,44.75,0.0,45.25,43.75,43.75,0.0,4444200
2023-07-27,43.97559356689453,46.5,0.0,47.25,44.75,44.75,0.0,6563300
2023-07-31,44.68487548828125,47.25,0.0,47.75,47.0,47.5,0.0,1705800
2023-08-02,44.21202087402344,46.75,0.0,47.25,46.25,46.5,0.0,1740400
2023-08-03,43.029884338378906,45.5,0.0,46.5,45.0,46.25,0.0,4700400
2023-08-04,43.73916244506836,46.25,0.0,46.5,45.5,45.75,0.0,1132900
2023-08-07,43.73916244506836,46.25,0.0,46.75,45.25,46.5,0.0,2835500
2023-08-08,43.73916244506836,46.25,0.0,47.0,46.25,47.0,0.0,2201700
2023-08-09,44.448448181152344,47.0,0.0,47.5,46.0,46.5,0.0,1401100
2023-08-10,43.97559356689453,46.5,0.0,47.25,45.25,46.5,0.0,3458000
2023-08-11,45.86701583862305,48.5,0.0,48.75,46.5,46.5,0.0,4588900
2023-08-15,40.1927490234375,42.5,0.0,45.25,41.75,45.0,0.0,24212100
2023-08-16,38.77417755126953,41.0,0.0,42.25,40.75,42.25,0.0,16895700
2023-08-17,40.66560363769531,43.0,0.0,43.25,41.5,41.5,0.0,11385000
2023-08-18,39.956321716308594,42.25,0.0,43.0,42.0,43.0,0.0,6927800
2023-08-21,40.429176330566406,42.75,0.0,42.75,42.0,42.25,0.0,5200100
2023-08-22,41.37488555908203,43.75,0.0,44.0,43.0,43.25,0.0,9037800
2023-08-23,40.902034759521484,43.25,0.0,44.25,43.0,44.25,0.0,12712400
2023-08-24,41.847740173339844,44.25,0.0,44.75,43.5,44.0,0.0,9006600
2023-08-25,42.32059860229492,44.75,0.0,44.75,43.75,44.5,0.0,5377000
2023-08-28,43.73916244506836,46.25,0.0,46.75,44.75,45.0,0.0,11091700
2023-08-29,44.68487548828125,47.25,0.0,47.5,46.5,46.5,0.0,8238800
2023-08-30,44.68487548828125,47.25,0.0,47.75,46.5,47.75,0.0,5011300
2023-08-31,45.15773391723633,47.75,0.0,47.75,47.0,47.5,0.0,4459100
2023-09-01,44.448448181152344,47.0,0.0,47.75,46.75,47.75,0.0,2803300
2023-09-04,44.21202087402344,46.75,0.0,47.75,46.5,47.25,0.0,3034000
2023-09-05,43.97559356689453,46.5,0.0,47.25,46.25,46.25,0.0,2179500
2023-09-06,43.97559356689453,46.5,0.0,46.75,46.0,46.5,0.0,1725400
2023-09-07,44.92130661010742,47.5,0.0,48.25,46.5,46.5,0.0,6614600
2023-09-08,43.97559356689453,46.5,0.0,47.5,46.25,47.5,0.0,6742400
2023-09-11,45.15773391723633,47.75,0.0,48.75,46.75,47.0,0.0,7826000
2023-09-12,45.15773391723633,47.75,0.0,48.5,47.75,48.0,0.0,3597700
2023-09-13,44.92130661010742,47.5,0.0,48.5,47.5,47.75,0.0,4029500
2023-09-14,45.15773391723633,47.75,0.0,48.25,47.0,47.75,0.0,5058200
2023-09-15,45.394161224365234,48.0,0.0,48.5,47.5,48.0,0.0,4076600
2023-09-18,45.63058853149414,48.25,0.0,48.75,47.5,48.0,0.0,2829400
2023-09-19,45.15773391723633,47.75,0.0,48.5,47.5,48.5,0.0,2204600
2023-09-20,45.15773391723633,47.75,0.0,48.0,47.0,48.0,0.0,3812900
2023-09-21,44.92130661010742,47.5,0.0,48.25,47.5,47.5,0.0,2313500
2023-09-22,45.15773391723633,47.75,0.0,47.75,46.5,47.5,0.0,4668000
2023-09-25,44.448448181152344,47.0,0.0,48.0,46.75,48.0,0.0,2045100
2023-09-26,44.92130661010742,47.5,0.0,48.5,46.75,47.0,0.0,4742500
2023-09-27,45.15773391723633,47.75,0.0,48.0,46.75,46.75,0.0,3456100
2023-09-28,44.21202087402344,46.75,0.0,48.0,46.5,48.0,0.0,3167200
2023-09-29,44.448448181152344,47.0,0.0,47.75,46.75,47.0,0.0,3631300
2023-10-02,44.448448181152344,47.0,0.0,47.5,46.0,47.0,0.0,4191300
2023-10-03,44.68487548828125,47.25,0.0,48.0,45.5,47.0,0.0,7511300
2023-10-04,43.26631164550781,45.75,0.0,46.25,43.25,43.75,0.0,17659400
2023-10-05,43.26631164550781,45.75,0.0,47.0,45.25,46.0,0.0,3692000
2023-10-06,42.793453216552734,45.25,0.0,46.25,44.75,46.0,0.0,2971200
2023-10-09,42.32059860229492,44.75,0.0,45.25,44.0,44.75,0.0,2309400
2023-10-10,42.084171295166016,44.5,0.0,45.25,44.0,45.0,0.0,3473500
2023-10-11,41.61131286621094,44.0,0.0,44.75,43.75,44.25,0.0,4093600
2023-10-12,41.61131286621094,44.0,0.0,45.0,44.0,44.0,0.0,2359600
2023-10-16,41.37488555908203,43.75,0.0,43.75,43.0,43.5,0.0,2061500
2023-10-17,42.55702590942383,45.0,0.0,46.0,44.0,44.0,0.0,4170400
2023-10-18,42.793453216552734,45.25,0.0,45.5,44.75,45.0,0.0,1156000
2023-10-19,42.32059860229492,44.75,0.0,45.25,44.25,44.5,0.0,2104100
2023-10-20,41.37488555908203,43.75,0.0,44.75,43.25,44.25,0.0,2428400
2023-10-24,41.61131286621094,44.0,0.0,44.25,43.5,43.75,0.0,2863800
2023-10-25,42.084171295166016,44.5,0.0,45.5,44.0,44.0,0.0,3678600
2023-10-26,41.847740173339844,44.25,0.0,44.75,43.5,44.25,0.0,2610000
2023-10-27,42.55702590942383,45.0,0.0,45.5,43.5,44.25,0.0,3785000
2023-10-30,42.793453216552734,45.25,0.0,46.0,44.75,45.0,0.0,6929200
2023-10-31,42.55702590942383,45.0,0.0,45.5,44.25,45.5,0.0,2953500
2023-11-01,43.029884338378906,45.5,0.0,46.0,44.75,45.0,0.0,4102000
2023-11-02,43.26631164550781,45.75,0.0,46.5,45.5,46.5,0.0,1376700
2023-11-03,43.50273895263672,46.0,0.0,46.25,45.75,46.0,0.0,1825200
2023-11-06,43.26631164550781,45.75,0.0,47.0,45.75,46.25,0.0,2280500
2023-11-07,43.26631164550781,45.75,0.0,46.5,45.75,45.75,0.0,1939300
2023-11-08,43.73916244506836,46.25,0.0,47.0,46.0,46.0,0.0,2156500
2023-11-09,43.73916244506836,46.25,0.0,46.5,45.25,46.5,0.0,1743000
2023-11-10,42.55702590942383,45.0,0.0,46.5,43.25,45.75,0.0,7498300
2023-11-13,41.61131286621094,44.0,0.0,45.25,43.0,44.75,0.0,12690600
2023-11-14,40.1927490234375,42.5,0.0,43.75,40.75,43.25,0.0,10621900
2023-11-15,40.902034759521484,43.25,0.0,43.25,41.25,42.5,0.0,6912300
2023-11-16,40.429176330566406,42.75,0.0,43.75,42.5,43.0,0.0,3260300
2023-11-17,41.13846206665039,43.5,0.0,44.0,42.5,42.5,0.0,2318900
2023-11-20,41.13846206665039,43.5,0.0,43.75,42.75,43.25,0.0,2327400
2023-11-21,41.37488555908203,43.75,0.0,44.0,43.5,44.0,0.0,1166600
2023-11-22,41.37488555908203,43.75,0.0,44.0,43.0,44.0,0.0,2224300
2023-11-23,40.429176330566406,42.75,0.0,43.75,42.0,43.75,0.0,3031100
2023-11-24,40.429176330566406,42.75,0.0,43.25,42.5,42.75,0.0,3317500
2023-11-27,39.71989059448242,42.0,0.0,42.25,40.75,42.0,0.0,5596400
2023-11-28,40.1927490234375,42.5,0.0,43.0,41.25,41.75,0.0,3844000
2023-11-29,39.956321716308594,42.25,0.0,42.5,41.75,42.5,0.0,1920300
2023-11-30,39.956321716308594,42.25,0.0,42.75,41.75,42.75,0.0,1799100
2023-12-01,39.71989059448242,42.0,0.0,42.75,42.0,42.25,0.0,1470300
2023-12-04,39.956321716308594,42.25,0.0,43.0,41.75,42.5,0.0,2750900
2023-12-06,40.66560363769531,43.0,0.0,44.0,42.0,42.0,0.0,3249200
2023-12-07,41.13846206665039,43.5,0.0,43.75,43.0,43.25,0.0,2227200
2023-12-08,40.902034759521484,43.25,0.0,44.0,43.0,44.0,0.0,1477100
2023-12-12,40.66560363769531,43.0,0.0,43.75,42.75,43.75,0.0,1361900
2023-12-13,40.66560363769531,43.0,0.0,43.25,42.5,43.0,0.0,1341100
2023-12-14,40.66560363769531,43.0,0.0,44.0,43.0,44.0,0.0,2593800
2023-12-15,41.13846206665039,43.5,0.0,44.25,43.25,43.5,0.0,3702300
2023-12-18,41.13846206665039,43.5,0.0,43.75,43.25,43.5,0.0,948100
2023-12-19,41.13846206665039,43.5,0.0,43.5,42.75,43.25,0.0,800500
2023-12-20,41.13846206665039,43.5,0.0,44.0,43.0,43.0,0.0,1880400
2023-12-21,41.13846206665039,43.5,0.0,43.75,43.25,43.5,0.0,1116700
2023-12-22,40.66560363769531,43.0,0.0,43.75,43.0,43.75,0.0,1437900
2023-12-25,40.902034759521484,43.25,0.0,43.5,43.0,43.5,0.0,1674500
2023-12-26,41.37488555908203,43.75,0.0,44.25,43.0,43.0,0.0,2527500
2023-12-27,41.37488555908203,43.75,0.0,44.5,43.5,43.75,0.0,3556900
2023-12-28,41.37488555908203,43.75,0.0,44.5,43.5,44.0,0.0,2407600
2024-01-03,42.55702590942383,45.0,0.0,46.5,44.5,45.0,0.0,9965200
2024-01-04,43.73916244506836,46.25,0.0,47.0,44.5,45.0,0.0,7196100
2024-01-05,43.50273895263672,46.0,0.0,46.5,45.5,46.25,0.0,6464900
2024-01-08,43.029884338378906,45.5,0.0,46.0,45.25,46.0,0.0,1380000
2024-01-09,42.32059860229492,44.75,0.0,46.0,44.5,45.75,0.0,3089000
2024-01-10,41.13846206665039,43.5,0.0,44.25,43.0,44.25,0.0,5603000
2024-01-11,40.66560363769531,43.0,0.0,43.5,42.5,43.5,0.0,5102200
2024-01-12,40.66560363769531,43.0,0.0,43.0,42.5,43.0,0.0,2019800
2024-01-15,40.66560363769531,43.0,0.0,43.75,42.75,42.75,0.0,2731600
2024-01-16,40.1927490234375,42.5,0.0,43.25,42.25,43.0,0.0,4106400
2024-01-17,40.1927490234375,42.5,0.0,42.5,42.0,42.5,0.0,1511700
2024-01-18,39.71989059448242,42.0,0.0,42.75,41.5,42.75,0.0,3581400
2024-01-19,39.483463287353516,41.75,0.0,42.5,41.25,42.25,0.0,1980400
2024-01-22,39.24703598022461,41.5,0.0,42.0,41.25,41.75,0.0,1506400
2024-01-23,39.24703598022461,41.5,0.0,42.0,41.25,41.75,0.0,1233300
2024-01-24,40.1927490234375,42.5,0.0,43.25,41.5,41.5,0.0,7145200
2024-01-25,40.1927490234375,42.5,0.0,43.0,42.25,42.5,0.0,2308900
2024-01-26,40.1927490234375,42.5,0.0,43.0,42.0,43.0,0.0,2407000
2024-01-29,41.13846206665039,43.5,0.0,44.0,42.5,42.75,0.0,4789500
2024-01-30,40.902034759521484,43.25,0.0,43.5,42.75,43.25,0.0,4171900
2024-01-31,41.13846206665039,43.5,0.0,43.5,42.5,43.25,0.0,4295300
2024-02-01,40.429176330566406,42.75,0.0,43.5,42.5,43.5,0.0,2143200
2024-02-02,40.902034759521484,43.25,0.0,43.75,43.0,43.5,0.0,3277200
2024-02-05,40.66560363769531,43.0,0.0,43.5,43.0,43.25,0.0,957700
2024-02-06,40.429176330566406,42.75,0.0,43.5,42.75,43.0,0.0,2297800
2024-02-07,40.1927490234375,42.5,0.0,43.0,42.0,42.75,0.0,3335100
2024-02-08,40.1927490234375,42.5,0.0,43.0,42.5,43.0,0.0,2805300
2024-02-09,40.1927490234375,42.5,0.0,42.75,42.25,42.5,0.0,811000
2024-02-12,40.1927490234375,42.5,0.0,42.75,42.5,42.5,0.0,504200
2024-02-13,40.1927490234375,42.5,0.0,43.0,42.5,42.75,0.0,1269800
2024-02-14,40.1927490234375,42.5,0.0,42.75,42.0,42.5,0.0,2105000
2024-02-15,39.956321716308594,42.25,0.0,42.75,42.0,42.5,0.0,2749700
2024-02-16,39.71989059448242,42.0,0.0,42.5,41.0,42.5,0.0,2432000
2024-02-19,39.956321716308594,42.25,0.0,42.5,41.5,42.0,0.0,2922900
2024-02-20,40.429176330566406,42.75,0.0,43.0,41.75,42.5,0.0,2775100
2024-02-21,40.429176330566406,42.75,0.0,43.25,42.5,42.75,0.0,2789900
2024-02-22,40.66560363769531,43.0,0.0,43.0,42.25,43.0,0.0,1743200
2024-02-23,40.1927490234375,42.5,0.0,43.0,42.25,43.0,0.0,977400
2024-02-27,42.084171295166016,44.5,0.0,44.75,42.0,43.0,0.0,9359900
2024-02-28,41.37488555908203,43.75,0.0,44.0,43.25,43.5,0.0,3281000
2024-02-29,40.66560363769531,43.0,0.0,43.75,42.0,43.75,0.0,3923100
2024-03-01,40.429176330566406,42.75,0.0,43.0,42.5,42.75,0.0,1628700
2024-03-04,39.71989059448242,42.0,0.0,43.0,42.0,42.5,0.0,1725500
2024-03-05,39.956321716308594,42.25,0.0,42.75,41.75,42.0,0.0,1998600
2024-03-06,40.429176330566406,42.75,0.0,43.25,42.25,42.25,0.0,2488400
2024-03-07,40.429176330566406,42.75,0.0,43.0,42.75,42.75,0.0,369300
2024-03-08,40.66560363769531,43.0,0.0,43.5,42.75,42.75,0.0,3032400
2024-03-11,40.66560363769531,43.0,0.0,43.25,42.75,43.0,0.0,1469800
2024-03-12,40.66560363769531,43.0,0.0,43.0,43.0,43.0,0.0,0
2024-03-13,40.902034759521484,43.25,0.0,43.75,43.0,43.0,0.0,1731500
2024-03-14,41.37488555908203,43.75,0.0,43.75,43.25,43.5,0.0,967600
2024-03-15,41.37488555908203,43.75,0.0,43.75,43.75,43.75,0.0,0
2024-03-18,40.429176330566406,42.75,0.0,43.25,42.5,43.0,0.0,1153200
2024-03-19,40.429176330566406,42.75,0.0,43.0,42.25,42.75,0.0,1261200
2024-03-20,40.429176330566406,42.75,0.0,42.75,42.75,42.75,0.0,0
2024-03-21,41.37488555908203,43.75,0.0,44.0,43.25,43.75,0.0,2023200
2024-03-22,41.37488555908203,43.75,0.0,43.75,43.75,43.75,0.0,0
2024-03-25,41.847740173339844,44.25,0.0,45.0,44.25,44.75,0.0,2083200
2024-03-26,41.847740173339844,44.25,0.0,44.25,44.25,44.25,0.0,0
2024-03-27,41.847740173339844,44.25,0.0,44.5,43.5,43.75,0.0,1626100
2024-03-28,41.847740173339844,44.25,0.0,44.25,44.25,44.25,0.0,0
2024-03-29,40.66560363769531,43.0,0.0,43.5,43.0,43.0,0.0,741600
2024-04-01,40.429176330566406,42.75,0.0,43.5,42.75,43.25,0.0,1488100
2024-04-02,41.13846206665039,43.5,0.0,43.75,42.5,42.75,0.0,3815700
2024-04-03,41.61131286621094,44.0,0.0,44.25,43.0,43.0,0.0,1671800
2024-04-04,41.61131286621094,44.0,0.0,44.0,44.0,44.0,0.0,0
2024-04-05,41.13846206665039,43.5,0.0,43.75,43.25,43.25,0.0,1327000
2024-04-09,41.13846206665039,43.5,0.0,43.5,43.5,43.5,0.0,0
2024-04-10,43.029884338378906,45.5,0.0,46.25,44.75,45.0,0.0,4355900
2024-04-11,42.32059860229492,44.75,0.0,46.0,44.75,45.75,0.0,2918500
2024-04-17,41.13846206665039,43.5,0.0,44.25,42.75,43.5,0.0,3782200
2024-04-18,41.13846206665039,43.5,0.0,43.5,43.5,43.5,0.0,0
2024-04-19,41.13846206665039,43.5,0.0,43.5,43.5,43.5,0.0,0
2024-04-22,41.61131286621094,44.0,0.0,44.5,43.25,43.75,0.0,2456400
2024-04-23,42.793453216552734,45.25,0.0,45.5,44.25,44.25,0.0,3827200
2024-04-24,42.793453216552734,45.25,0.0,45.25,45.25,45.25,0.0,0
2024-04-25,42.084171295166016,44.5,0.0,45.0,44.0,45.0,0.0,2451100
2024-04-26,42.084171295166016,44.5,0.0,45.0,44.25,44.25,0.0,1753900
2024-04-29,42.084171295166016,44.5,0.0,45.75,44.5,45.25,0.0,1809300
2024-04-30,42.084171295166016,44.5,0.0,44.5,44.5,44.5,0.0,0
2024-05-02,41.61131286621094,44.0,0.0,44.75,43.75,44.5,0.0,2307600
2024-05-03,41.847740173339844,44.25,0.0,44.5,43.75,43.75,0.0,1402800
2024-05-07,41.847740173339844,44.25,0.0,44.25,44.25,44.25,0.0,0
2024-05-08,42.4874382019043,44.5,0.42,44.75,43.75,43.75,0.0,1314900
2024-05-09,41.771358489990234,43.75,0.0,44.5,43.5,44.25,0.0,663800
2024-05-10,41.771358489990234,43.75,0.0,43.75,43.25,43.75,0.0,721400
2024-05-13,42.4874382019043,44.5,0.0,44.5,43.5,43.75,0.0,475200
2024-05-14,42.72613525390625,44.75,0.0,45.0,44.25,44.75,0.0,811400
2024-05-15,43.680908203125,45.75,0.0,46.5,45.0,45.25,0.0,8244700
2024-05-16,43.680908203125,45.75,0.0,45.75,45.75,45.75,0.0,0
2024-05-17,39.861812591552734,41.75,0.0,43.0,41.25,43.0,0.0,7857500
2024-05-20,39.861812591552734,41.75,0.0,41.75,41.75,41.75,0.0,0
2024-05-21,39.861812591552734,41.75,0.0,41.75,41.75,41.75,0.0,0
2024-05-23,37.952266693115234,39.75,0.0,41.25,39.75,41.0,0.0,6111800
2024-05-24,37.952266693115234,39.75,0.0,39.75,39.75,39.75,0.0,0
2024-05-27,37.952266693115234,39.75,0.0,39.75,39.75,39.75,0.0,0
2024-05-28,39.384422302246094,41.25,0.0,41.25,40.25,41.0,0.0,3149100
2024-05-29,38.42965316772461,40.25,0.0,41.25,40.0,41.0,0.0,1818200
2024-05-30,38.42965316772461,40.25,0.0,40.25,40.25,40.25,0.0,0
2024-05-31,38.42965316772461,40.25,0.0,40.25,40.25,40.25,0.0,0
2024-06-04,39.14573287963867,41.0,0.0,41.5,41.0,41.25,0.0,1786500
2024-06-05,38.90703582763672,40.75,0.0,41.25,40.5,41.25,0.0,1039600
2024-06-06,38.90703582763672,40.75,0.0,41.0,40.25,40.5,0.0,1041100
2024-06-07,38.90703582763672,40.75,0.0,40.75,40.75,40.75,0.0,0
2024-06-10,38.66834259033203,40.5,0.0,41.0,40.0,40.75,0.0,1324400
2024-06-11,38.42965316772461,40.25,0.0,40.75,40.0,40.25,0.0,737800
2024-06-12,38.66834259033203,40.5,0.0,40.75,40.0,40.25,0.0,1402600
2024-06-13,38.190956115722656,40.0,0.0,40.5,39.75,40.5,0.0,995200
2024-06-14,37.236183166503906,39.0,0.0,40.0,38.5,40.0,0.0,2613900
2024-06-17,37.236183166503906,39.0,0.0,39.0,39.0,39.0,0.0,0
2024-06-18,37.236183166503906,39.0,0.0,39.0,39.0,39.0,0.0,0
2024-06-19,37.236183166503906,39.0,0.0,39.0,39.0,39.0,0.0,0
2024-06-20,37.71356964111328,39.5,0.0,40.25,38.5,38.5,0.0,5528200
2024-06-21,37.952266693115234,39.75,0.0,40.5,39.5,39.75,0.0,3420400
2024-06-24,37.952266693115234,39.75,0.0,39.75,39.75,39.75,0.0,0
2024-06-25,37.952266693115234,39.75,0.0,39.75,39.75,39.75,0.0,0
2024-06-26,37.952266693115234,39.75,0.0,39.75,39.75,39.75,0.0,0
2024-06-27,37.952266693115234,39.75,0.0,40.25,39.0,39.0,0.0,829800
2024-06-28,37.952266693115234,39.75,0.0,40.5,39.5,40.25,0.0,1941500
2024-07-01,37.952266693115234,39.75,0.0,39.75,39.75,39.75,0.0,0
2024-07-02,37.952266693115234,39.75,0.0,39.75,39.75,39.75,0.0,0
2024-07-03,37.71356964111328,39.5,0.0,40.0,38.75,39.5,0.0,3440300
2024-07-04,37.71356964111328,39.5,0.0,40.0,39.25,39.75,0.0,1199200
2024-07-05,37.952266693115234,39.75,0.0,40.25,39.25,39.5,0.0,1214600
2024-07-08,38.42965316772461,40.25,0.0,40.25,39.75,40.0,0.0,1169700
2024-07-09,38.42965316772461,40.25,0.0,40.25,40.25,40.25,0.0,0
2024-07-10,38.42965316772461,40.25,0.0,40.25,39.75,40.0,0.0,338500
2024-07-11,38.42965316772461,40.25,0.0,40.5,39.75,40.5,0.0,947700
2024-07-12,38.42965316772461,40.25,0.0,40.25,40.25,40.25,0.0,0
2024-07-15,38.42965316772461,40.25,0.0,40.25,40.25,40.25,0.0,0
2024-07-16,40.33919906616211,42.25,0.0,42.75,41.75,42.0,0.0,3091000
2024-07-17,40.33919906616211,42.25,0.0,42.25,42.25,42.25,0.0,0
2024-07-18,40.5778923034668,42.5,0.0,43.25,42.25,42.5,0.0,3404200
2024-07-19,40.33919906616211,42.25,0.0,43.25,42.25,43.0,0.0,1592300
2024-07-23,40.33919906616211,42.25,0.0,42.5,41.75,42.0,0.0,1802900
2024-07-24,40.33919906616211,42.25,0.0,42.5,41.25,42.5,0.0,1748600
2024-07-25,40.10050582885742,42.0,0.0,42.5,41.5,41.5,0.0,1109500
2024-07-26,40.5778923034668,42.5,0.0,42.75,42.0,42.0,0.0,1162100
2024-07-30,40.5778923034668,42.5,0.0,42.5,42.5,42.5,0.0,0
2024-07-31,39.384422302246094,41.25,0.0,41.25,40.5,41.0,0.0,1861500
2024-08-01,38.66834259033203,40.5,0.0,41.5,40.5,41.25,0.0,1585300
2024-08-02,38.66834259033203,40.5,0.0,40.5,40.5,40.5,0.0,0
2024-08-05,35.80402374267578,37.5,0.0,38.75,37.5,38.5,0.0,2578100
2024-08-06,34.1331672668457,35.75,0.0,38.0,35.5,38.0,0.0,4530400
2024-08-07,35.565330505371094,37.25,0.0,37.75,36.0,36.25,0.0,2242800
2024-08-08,35.565330505371094,37.25,0.0,37.25,37.25,37.25,0.0,0
2024-08-09,31.507539749145508,33.0,0.0,35.5,33.0,35.0,0.0,7683700
2024-08-13,31.26884651184082,32.75,0.0,33.5,31.5,33.25,0.0,6727500
2024-08-14,30.07537841796875,31.5,0.0,33.25,31.0,33.25,0.0,4422400
2024-08-15,30.07537841796875,31.5,0.0,31.5,31.5,31.5,0.0,0
2024-08-16,28.881912231445312,30.25,0.0,31.25,29.25,31.0,0.0,9771200
2024-08-19,28.881912231445312,30.25,0.0,30.25,30.25,30.25,0.0,0
2024-08-20,30.791460037231445,32.25,0.0,32.75,31.5,32.5,0.0,5350600
2024-08-21,31.984926223754883,33.5,0.0,34.0,32.5,32.75,0.0,4273300
2024-08-22,31.984926223754883,33.5,0.0,33.5,33.5,33.5,0.0,0
2024-08-23,32.2236213684082,33.75,0.0,34.25,33.25,33.25,0.0,2356500
2024-08-26,32.70100784301758,34.25,0.0,34.5,33.5,33.75,0.0,2822200
2024-08-27,33.894474029541016,35.5,0.0,36.75,34.5,34.75,0.0,7126100
2024-08-28,34.371864318847656,36.0,0.0,36.25,35.5,35.5,0.0,3472700
2024-08-29,33.41708755493164,35.0,0.0,36.0,34.75,35.75,0.0,2121400
2024-08-30,33.41708755493164,35.0,0.0,35.5,34.75,35.5,0.0,1409100
2024-09-02,33.41708755493164,35.0,0.0,35.0,35.0,35.0,0.0,0
2024-09-03,33.41708755493164,35.0,0.0,35.0,35.0,35.0,0.0,0
2024-09-04,33.41708755493164,35.0,0.0,35.0,35.0,35.0,0.0,0
2024-09-05,34.61055374145508,36.25,0.0,36.75,34.75,34.75,0.0,4828300
2024-09-06,36.75879669189453,38.5,0.0,39.25,37.0,37.25,0.0,5835500
2024-09-09,36.75879669189453,38.5,0.0,38.5,38.5,38.5,0.0,0
2024-09-10,35.326637268066406,37.0,0.0,38.0,36.75,37.75,0.0,2347800
2024-09-11,35.326637268066406,37.0,0.0,37.75,36.25,37.0,0.0,2631000
2024-09-12,35.565330505371094,37.25,0.0,38.0,37.0,37.25,0.0,2645900
2024-09-13,35.565330505371094,37.25,0.0,37.75,37.25,37.5,0.0,1244500
2024-09-16,35.565330505371094,37.25,0.0,37.25,37.25,37.25,0.0,0
2024-09-17,35.565330505371094,37.25,0.0,37.25,37.25,37.25,0.0,0
2024-09-18,35.565330505371094,37.25,0.0,37.25,37.25,37.25,0.0,0
2024-09-19,35.565330505371094,37.25,0.0,37.25,37.25,37.25,0.0,0
2024-09-20,35.565330505371094,37.25,0.0,37.25,37.25,37.25,0.0,0
2024-09-23,37.474876403808594,39.25,0.0,39.5,38.75,39.25,0.0,1754100
2024-09-24,37.71356964111328,39.5,0.0,39.5,38.75,39.5,0.0,1182500
2024-09-25,38.42965316772461,40.25,0.0,40.75,39.5,39.5,0.0,4799400
2024-09-26,37.71356964111328,39.5,0.0,40.5,39.25,40.25,0.0,3517600
2024-09-27,37.71356964111328,39.5,0.0,39.5,39.5,39.5,0.0,0
2024-09-30,38.90703582763672,40.75,0.0,40.75,39.25,40.0,0.0,3385100
2024-10-01,39.14573287963867,41.0,0.0,41.25,40.5,40.75,0.0,2470700
2024-10-02,37.952266693115234,39.75,0.0,41.0,39.5,41.0,0.0,2865500
2024-10-03,38.190956115722656,40.0,0.0,40.25,39.25,39.5,0.0,4290700
2024-10-04,38.190956115722656,40.0,0.0,40.0,40.0,40.0,0.0,0
2024-10-07,36.99748992919922,38.75,0.0,39.75,38.0,39.5,0.0,5980200
2024-10-08,36.75879669189453,38.5,0.0,38.75,38.25,38.5,0.0,2261000
2024-10-09,36.520103454589844,38.25,0.0,39.0,38.25,38.5,0.0,2106800
2024-10-10,36.520103454589844,38.25,0.0,38.5,37.5,38.25,0.0,4125100
2024-10-11,36.520103454589844,38.25,0.0,38.75,38.25,38.5,0.0,1386300
2024-10-15,35.565330505371094,37.25,0.0,38.75,37.0,38.5,0.0,3326900
2024-10-16,35.565330505371094,37.25,0.0,37.25,37.25,37.25,0.0,0
2024-10-17,35.80402374267578,37.5,0.0,38.5,37.0,38.5,0.0,2986000
2024-10-18,35.565330505371094,37.25,0.0,37.5,36.75,37.5,0.0,2355200
2024-10-21,35.08794021606445,36.75,0.0,37.5,36.5,37.5,0.0,1493300
2024-10-22,35.08794021606445,36.75,0.0,36.75,36.75,36.75,0.0,0
2024-10-24,33.41708755493164,35.0,0.0,36.75,35.0,36.75,0.0,5234800
2024-10-25,33.41708755493164,35.0,0.0,35.0,35.0,35.0,0.0,0
2024-10-28,34.1331672668457,35.75,0.0,36.25,35.25,35.25,0.0,1983300
2024-10-29,34.1331672668457,35.75,0.0,35.75,35.75,35.75,0.0,0
2024-10-30,33.41708755493164,35.0,0.0,35.75,34.75,35.5,0.0,1868800
2024-10-31,34.371864318847656,36.0,0.0,36.25,35.5,35.5,0.0,1224600
2024-11-01,34.1331672668457,35.75,0.0,36.25,35.5,35.75,0.0,1148400
2024-11-04,33.65578079223633,35.25,0.0,36.5,35.25,36.0,0.0,2260500
2024-11-05,34.84925079345703,36.5,0.0,37.0,35.25,35.25,0.0,4027700
2024-11-06,34.371864318847656,36.0,0.0,37.25,35.75,36.75,0.0,3479700
2024-11-07,34.1331672668457,35.75,0.0,36.75,35.5,35.75,0.0,2176200
2024-11-08,33.894474029541016,35.5,0.0,36.25,35.0,36.0,0.0,1951200
2024-11-11,32.70100784301758,34.25,0.0,35.75,33.75,35.75,0.0,4660000
2024-11-12,31.26884651184082,32.75,0.0,34.5,32.75,34.25,0.0,4665100
2024-11-13,31.507539749145508,33.0,0.0,33.75,32.75,32.75,0.0,3827100
2024-11-14,33.17839431762695,34.75,0.0,35.5,33.0,33.0,0.0,4359100
2024-11-15,34.371864318847656,36.0,0.0,36.5,35.5,35.75,0.0,4439700
2024-11-18,35.565330505371094,37.25,0.0,38.0,36.25,36.25,0.0,5608800
2024-11-19,36.04271697998047,37.75,0.0,38.25,37.5,37.5,0.0,2491200
2024-11-20,35.80402374267578,37.5,0.0,38.0,37.0,37.75,0.0,2500200
2024-11-21,36.04271697998047,37.75,0.0,38.5,37.5,38.0,0.0,2931600
2024-11-22,36.28140640258789,38.0,0.0,38.25,37.25,37.5,0.0,2455800
2024-11-25,35.80402374267578,37.5,0.0,38.25,37.0,38.0,0.0,2665100
2024-11-26,35.326637268066406,37.0,0.0,37.75,37.0,37.5,0.0,1100100
2024-11-27,35.565330505371094,37.25,0.0,37.75,36.75,37.0,0.0,2494000
2024-11-28,35.80402374267578,37.5,0.0,37.75,37.25,37.25,0.0,633300
2024-11-29,36.04271697998047,37.75,0.0,38.0,37.25,37.5,0.0,1578700
2024-12-02,35.565330505371094,37.25,0.0,38.0,36.75,38.0,0.0,1460300
2024-12-03,35.80402374267578,37.5,0.0,38.0,37.25,37.5,0.0,1916600
2024-12-04,35.326637268066406,37.0,0.0,37.5,36.75,37.25,0.0,2147400
2024-12-06,35.326637268066406,37.0,0.0,37.25,36.75,36.75,0.0,1302500
2024-12-09,34.371864318847656,36.0,0.0,37.25,35.75,37.25,0.0,2989200
2024-12-11,35.08794021606445,36.75,0.0,37.0,36.25,36.25,0.0,1380600
2024-12-12,33.41708755493164,35.0,0.0,36.75,35.0,36.5,0.0,3180800
2024-12-13,33.41708755493164,35.0,0.0,35.5,34.75,35.0,0.0,1574800
2024-12-16,33.41708755493164,35.0,0.0,35.75,34.75,35.0,0.0,2296800
2024-12-17,32.46231460571289,34.0,0.0,35.25,33.25,35.25,0.0,3442100
2024-12-18,31.984926223754883,33.5,0.0,34.5,33.0,34.25,0.0,2866200
2024-12-19,31.507539749145508,33.0,0.0,33.5,32.5,33.25,0.0,2349600
2024-12-20,31.030153274536133,32.5,0.0,33.0,31.5,32.75,0.0,4108400
2024-12-23,31.746234893798828,33.25,0.0,33.75,32.5,33.0,0.0,2279200
2024-12-24,32.46231460571289,34.0,0.0,34.75,33.25,33.5,0.0,3001400
2024-12-25,32.70100784301758,34.25,0.0,34.5,34.0,34.25,0.0,1225800
2024-12-26,33.41708755493164,35.0,0.0,35.25,34.0,34.25,0.0,3705300
2024-12-27,33.894474029541016,35.5,0.0,36.25,34.75,35.5,0.0,4859800
2024-12-30,32.939701080322266,34.5,0.0,35.5,33.75,35.5,0.0,11848000
2025-01-02,31.984926223754883,33.5,0.0,34.75,33.25,34.25,0.0,2432000
2025-01-03,31.746234893798828,33.25,0.0,34.0,33.0,33.75,0.0,1012000
2025-01-06,31.26884651184082,32.75,0.0,33.25,32.0,33.0,0.0,2000100
2025-01-07,31.507539749145508,33.0,0.0,33.25,32.25,32.5,0.0,1767100
2025-01-08,31.030153274536133,32.5,0.0,33.25,32.25,33.0,0.0,2097900
2025-01-09,29.359298706054688,30.75,0.0,32.5,30.5,32.5,0.0,4254400
2025-01-10,29.836685180664062,31.25,0.0,31.75,30.0,31.0,0.0,3656500
2025-01-13,29.12060546875,30.5,0.0,31.25,29.75,31.25,0.0,4594600
2025-01-14,28.881912231445312,30.25,0.0,31.0,30.0,31.0,0.0,1127000
2025-01-15,29.12060546875,30.5,0.0,30.75,29.75,30.25,0.0,1947600
2025-01-16,29.12060546875,30.5,0.0,31.0,29.25,31.0,0.0,3560400
2025-01-17,28.643218994140625,30.0,0.0,30.75,30.0,30.75,0.0,1548600
2025-01-20,26.972362518310547,28.25,0.0,30.0,28.0,29.75,0.0,6586400
2025-01-21,28.404525756835938,29.75,0.0,30.0,28.5,28.5,0.0,3401600
2025-01-22,28.643218994140625,30.0,0.0,31.5,29.75,29.75,0.0,5934200
2025-01-23,28.165830612182617,29.5,0.0,30.25,29.5,30.0,0.0,2718900
2025-01-24,29.12060546875,30.5,0.0,30.75,29.75,29.75,0.0,2966300
2025-01-27,28.643218994140625,30.0,0.0,30.5,29.5,30.5,0.0,2323800
2025-01-28,28.881912231445312,30.25,0.0,30.5,29.5,29.75,0.0,4217800
2025-01-29,27.211057662963867,28.5,0.0,30.25,28.5,30.25,0.0,4960100
2025-01-30,27.449750900268555,28.75,0.0,29.5,28.5,28.75,0.0,3328800
2025-01-31,26.972362518310547,28.25,0.0,29.0,28.25,28.5,0.0,3515600
2025-02-03,28.165830612182617,29.5,0.0,29.5,27.25,27.75,0.0,4217700
2025-02-04,27.449750900268555,28.75,0.0,29.75,28.75,29.25,0.0,2044200
2025-02-05,26.73366928100586,28.0,0.0,29.0,27.75,29.0,0.0,2795600
2025-02-06,25.301509857177734,26.5,0.0,28.0,26.0,28.0,0.0,5832500
2025-02-07,26.256284713745117,27.5,0.0,27.5,26.25,26.5,0.0,5564100
2025-02-10,26.01759147644043,27.25,0.0,27.75,27.0,27.0,0.0,2397000
2025-02-11,26.73366928100586,28.0,0.0,28.25,27.5,27.5,0.0,2050400
2025-02-13,26.494976043701172,27.75,0.0,28.75,27.75,28.0,0.0,1858900
2025-02-14,27.449750900268555,28.75,0.0,29.0,27.75,28.5,0.0,2060400
2025-02-17,27.449750900268555,28.75,0.0,29.25,28.25,28.75,0.0,1741800
2025-02-18,29.12060546875,30.5,0.0,30.75,29.0,29.5,0.0,6773800
2025-02-19,28.404525756835938,29.75,0.0,30.75,29.25,30.5,0.0,4730600
2025-02-20,28.404525756835938,29.75,0.0,30.0,29.25,29.75,0.0,2028600
2025-02-21,28.165830612182617,29.5,0.0,30.0,29.25,29.5,0.0,1611800
2025-02-24,27.211057662963867,28.5,0.0,29.5,28.25,29.5,0.0,2609400
2025-02-25,26.972362518310547,28.25,0.0,29.0,27.75,28.5,0.0,2996800
2025-02-26,30.07537841796875,31.5,0.0,31.75,29.75,29.75,0.0,11977100
2025-02-27,30.314071655273438,31.75,0.0,33.5,30.5,31.75,0.0,13823700
2025-02-28,30.07537841796875,31.5,0.0,32.25,30.25,30.25,0.0,8576900
2025-03-03,31.26884651184082,32.75,0.0,33.25,31.75,31.75,0.0,7257000
2025-03-04,31.26884651184082,32.75,0.0,33.5,32.25,32.25,0.0,6026400
2025-03-05,32.2236213684082,33.75,0.0,34.25,32.75,32.75,0.0,6978200
2025-03-06,31.746234893798828,33.25,0.0,34.0,32.75,33.75,0.0,4376000
2025-03-07,31.26884651184082,32.75,0.0,33.5,32.75,33.25,0.0,3975900
2025-03-10,30.552766799926758,32.0,0.0,33.0,31.75,32.75,0.0,3134000
2025-03-11,31.26884651184082,32.75,0.0,33.25,32.0,32.0,0.0,4296700
2025-03-12,31.26884651184082,32.75,0.0,33.5,32.25,32.75,0.0,3450500
2025-03-13,31.984926223754883,33.5,0.0,34.0,33.0,33.0,0.0,7523070
2025-03-14,32.2236213684082,33.75,0.0,34.0,33.25,33.75,0.0,4272100
2025-03-17,31.746234893798828,33.25,0.0,34.0,33.25,33.75,0.0,1846100
2025-03-18,31.746234893798828,33.25,0.0,33.5,32.5,33.25,0.0,3513100
2025-03-19,31.507539749145508,33.0,0.0,34.0,32.75,33.25,0.0,7188900
2025-03-20,29.597991943359375,31.0,0.0,33.25,30.75,32.75,0.0,8245800
2025-03-21,30.314071655273438,31.75,0.0,32.0,30.75,30.75,0.0,3837100
2025-03-24,30.314071655273438,31.75,0.0,32.0,31.0,31.75,0.0,1523700
2025-03-25,28.881912231445312,30.25,0.0,31.75,29.75,31.75,0.0,3060200
2025-03-26,28.643218994140625,30.0,0.0,30.25,29.25,30.0,0.0,3312500
2025-03-27,29.359298706054688,30.75,0.0,31.25,30.25,30.5,0.0,2532600
2025-03-28,28.881912231445312,30.25,0.0,30.75,30.0,30.75,0.0,1673800
2025-03-31,27.449750900268555,28.75,0.0,29.25,28.25,28.5,0.0,3820800
2025-04-01,27.92713737487793,29.25,0.0,30.0,29.0,29.5,0.0,2924400
2025-04-02,26.73366928100586,28.0,0.0,29.75,28.0,29.25,0.0,5591600
2025-04-03,26.972362518310547,28.25,0.0,28.5,27.75,28.0,0.0,3777400
2025-04-04,25.77889633178711,27.0,0.0,28.25,27.0,28.0,0.0,2782800
2025-04-08,24.58542823791504,25.75,0.0,26.25,25.25,26.0,0.0,1694700
2025-04-09,24.34673500061035,25.5,0.0,26.25,24.700000762939453,25.75,0.0,2082400
2025-04-10,25.540203094482422,26.75,0.0,27.75,26.5,27.5,0.0,4871000
2025-04-11,24.824121475219727,26.0,0.0,27.25,25.75,26.5,0.0,1525200
2025-04-16,25.77889633178711,27.0,0.0,27.25,25.5,26.25,0.0,4531800
2025-04-17,25.062816619873047,26.25,0.0,26.75,26.0,26.75,0.0,4671600
2025-04-18,24.824121475219727,26.0,0.0,26.25,25.5,26.25,0.0,4292700
2025-04-21,24.108041763305664,25.25,0.0,26.25,25.0,26.25,0.0,2867100
2025-04-22,25.540203094482422,26.75,0.0,27.0,25.25,25.25,0.0,3831900
2025-04-23,25.301509857177734,26.5,0.0,27.25,26.0,27.0,0.0,3884100
2025-04-24,24.824121475219727,26.0,0.0,26.5,25.75,26.25,0.0,1122600
2025-04-25,24.824121475219727,26.0,0.0,26.5,25.5,26.25,0.0,3934500
2025-04-28,24.58542823791504,25.75,0.0,26.25,25.5,25.75,0.0,1859700
2025-04-29,24.108041763305664,25.25,0.0,25.75,24.899999618530273,25.5,0.0,4703500
2025-04-30,23.869348526000977,25.0,0.0,25.5,24.899999618530273,25.5,0.0,4252300
2025-05-02,24.055139541625977,24.600000381469727,0.59,25.25,24.399999618530273,24.600000381469727,0.0,5823400
2025-05-06,22.783931732177734,23.299999237060547,0.0,24.600000381469727,23.299999237060547,24.600000381469727,0.0,4536200
2025-05-07,23.175073623657227,23.700000762939453,0.0,23.899999618530273,23.299999237060547,23.5,0.0,5762300
2025-05-08,21.512725830078125,22.0,0.0,24.100000381469727,21.600000381469727,23.799999237060547,0.0,14430600
2025-05-09,21.903867721557617,22.399999618530273,0.0,22.700000762939453,21.899999618530273,22.100000381469727,0.0,4936000
2025-05-13,22.68614959716797,23.200000762939453,0.0,23.600000381469727,22.5,22.600000381469727,0.0,4254600
2025-05-14,22.099437713623047,22.600000381469727,0.0,23.299999237060547,22.399999618530273,23.299999237060547,0.0,3470200
2025-05-15,20.828229904174805,21.299999237060547,0.0,22.600000381469727,21.200000762939453,22.5,0.0,5500500
2025-05-16,20.534875869750977,21.0,0.0,21.700000762939453,21.0,21.299999237060547,0.0,4218300
2025-05-19,20.437089920043945,20.899999618530273,0.0,21.0,20.299999237060547,21.0,0.0,6610500
2025-05-20,20.241519927978516,20.700000762939453,0.0,20.899999618530273,20.200000762939453,20.799999237060547,0.0,6957400
2025-05-21,19.654809951782227,20.100000381469727,0.0,20.899999618530273,20.0,20.700000762939453,0.0,5300900
2025-05-22,19.068098068237305,19.5,0.0,20.100000381469727,19.399999618530273,20.0,0.0,6725500
2025-05-23,19.459238052368164,19.899999618530273,0.0,20.5,19.899999618530273,20.100000381469727,0.0,8288800
2025-05-26,19.850378036499023,20.299999237060547,0.0,20.5,19.700000762939453,19.899999618530273,0.0,3554900
2025-05-27,19.557024002075195,20.0,0.0,20.399999618530273,19.899999618530273,20.100000381469727,0.0,2339300
2025-05-28,20.632661819458008,21.100000381469727,0.0,21.399999618530273,19.899999618530273,19.899999618530273,0.0,7989100
2025-05-29,20.730445861816406,21.200000762939453,0.0,21.5,20.899999618530273,21.100000381469727,0.0,3869100
2025-05-30,21.121585845947266,21.600000381469727,0.0,21.899999618530273,21.0,21.100000381469727,0.0,5426100
2025-06-04,22.001651763916016,22.5,0.0,23.100000381469727,21.600000381469727,21.600000381469727,0.0,8854500
2025-06-05,22.979503631591797,23.5,0.0,23.700000762939453,22.700000762939453,22.700000762939453,0.0,8623700
2025-06-06,23.175073623657227,23.700000762939453,0.0,24.100000381469727,23.5,23.600000381469727,0.0,6329300
2025-06-09,22.68614959716797,23.200000762939453,0.0,23.799999237060547,23.100000381469727,23.600000381469727,0.0,4548000
2025-06-10,23.272857666015625,23.799999237060547,0.0,24.100000381469727,23.100000381469727,23.100000381469727,0.0,3822800
2025-06-11,23.272857666015625,23.799999237060547,0.0,24.200000762939453,23.5,24.0,0.0,3514700
2025-06-12,22.490577697753906,23.0,0.0,23.899999618530273,22.799999237060547,23.700000762939453,0.0,3296000
2025-06-13,22.490577697753906,23.0,0.0,23.100000381469727,21.799999237060547,23.0,0.0,5148000
2025-06-16,21.512725830078125,22.0,0.0,22.899999618530273,21.899999618530273,22.899999618530273,0.0,3949100
2025-06-17,22.197223663330078,22.700000762939453,0.0,22.899999618530273,22.200000762939453,22.200000762939453,0.0,3549700
2025-06-18,22.68614959716797,23.200000762939453,0.0,24.100000381469727,22.799999237060547,22.799999237060547,0.0,8031800
2025-06-19,21.023801803588867,21.5,0.0,22.899999618530273,21.100000381469727,22.899999618530273,0.0,12174100
2025-06-20,22.099437713623047,22.600000381469727,0.0,22.799999237060547,21.700000762939453,21.700000762939453,0.0,9671000
2025-06-23,21.414941787719727,21.899999618530273,0.0,22.600000381469727,21.700000762939453,22.5,0.0,4084000
2025-06-24,22.979503631591797,23.5,0.0,23.5,22.299999237060547,22.600000381469727,0.0,6138800
2025-06-25,23.957355499267578,24.5,0.0,24.799999237060547,23.299999237060547,23.399999618530273,0.0,7395700
2025-06-26,24.055139541625977,24.600000381469727,0.0,25.0,24.200000762939453,24.5,0.0,8458600
2025-06-27,23.272857666015625,23.799999237060547,0.0,24.5,23.200000762939453,24.5,0.0,7332800
2025-06-30,23.663999557495117,24.200000762939453,0.0,24.600000381469727,23.799999237060547,24.0,0.0,3771600
2025-07-01,24.69074249267578,25.25,0.0,25.5,23.600000381469727,24.399999618530273,0.0,7818900
2025-07-02,25.424131393432617,26.0,0.0,26.0,24.799999237060547,25.25,0.0,4406000
2025-07-03,26.4019832611084,27.0,0.0,27.0,25.5,25.75,0.0,4157900
2025-07-04,25.668594360351562,26.25,0.0,27.25,26.25,27.0,0.0,2560600
2025-07-07,26.157520294189453,26.75,0.0,26.75,25.5,26.0,0.0,2947300
2025-07-08,26.4019832611084,27.0,0.0,27.25,26.0,26.25,0.0,2634900
2025-07-09,25.913057327270508,26.5,0.0,27.25,26.0,27.0,0.0,2705700
2025-07-11,25.668594360351562,26.25,0.0,27.25,26.25,26.75,0.0,1957700
2025-07-14,25.913057327270508,26.5,0.0,27.25,26.0,26.25,0.0,3451800
2025-07-15,27.1353702545166,27.75,0.0,27.75,26.5,26.75,0.0,2688400
2025-07-16,25.913057327270508,26.5,0.0,28.75,26.5,27.75,0.0,5779900
2025-07-17,26.4019832611084,27.0,0.0,27.75,26.5,26.75,0.0,4292500
2025-07-18,26.157520294189453,26.75,0.0,27.25,26.0,27.0,0.0,4644200
2025-07-21,26.646446228027344,27.25,0.0,27.5,26.0,26.5,0.0,4507000
2025-07-22,26.157520294189453,26.75,0.0,27.25,26.5,27.0,0.0,4453300
2025-07-23,26.89090919494629,27.5,0.0,28.5,26.75,26.75,0.0,8000100
2025-07-24,26.4019832611084,27.0,0.0,28.25,27.0,27.25,0.0,5892800
2025-07-25,26.4019832611084,27.0,0.0,27.5,26.75,27.0,0.0,3318600
2025-07-29,27.1353702545166,27.75,0.0,28.25,26.5,27.25,0.0,4943600
2025-07-30,28.357685089111328,29.0,0.0,29.5,27.5,27.75,0.0,5264900
2025-07-31,27.868759155273438,28.5,0.0,29.0,28.0,29.0,0.0,3413900
2025-08-01,26.89090919494629,27.5,0.0,29.0,27.5,29.0,0.0,895800
2025-08-04,27.379833221435547,28.0,0.0,28.25,27.25,28.0,0.0,1980000
2025-08-05,28.357685089111328,29.0,0.0,29.0,28.0,28.0,0.0,2319300
2025-08-06,28.357685089111328,29.0,0.0,29.5,28.5,29.0,0.0,4195300
2025-08-07,27.624296188354492,28.25,0.0,29.5,28.25,29.0,0.0,1481800
2025-08-08,27.379833221435547,28.0,0.0,28.25,27.5,28.0,0.0,3039500
2025-08-13,28.113222122192383,28.75,0.0,29.25,28.0,28.0,0.0,2015700
2025-08-14,26.4019832611084,27.0,0.0,28.25,27.0,28.25,0.0,4055300
2025-08-15,25.424131393432617,26.0,0.0,27.5,25.5,27.0,0.0,5297300
2025-08-18,26.89090919494629,27.5,0.0,28.0,25.75,25.75,0.0,6518700
2025-08-19,27.379833221435547,28.0,0.0,28.5,27.0,27.5,0.0,3232500
2025-08-20,28.602148056030273,29.25,0.0,29.25,28.0,28.0,0.0,3190000
2025-08-21,28.113222122192383,28.75,0.0,29.0,28.5,28.5,0.0,1228600
2025-08-22,28.113222122192383,28.75,0.0,29.0,28.5,28.5,0.0,432100
2025-08-25,28.357685089111328,29.0,0.0,29.25,28.75,29.0,0.0,2324100
2025-08-26,28.357685089111328,29.0,0.0,30.25,28.75,29.0,0.0,4748500
2025-08-27,28.357685089111328,29.0,0.0,30.5,29.0,29.0,0.0,4483900
2025-08-28,29.824462890625,30.5,0.0,30.75,29.5,29.5,0.0,4626100
2025-08-29,28.113222122192383,28.75,0.0,30.5,28.25,30.5,0.0,6805000
2025-09-01,28.84661102294922,29.5,0.0,29.75,28.25,28.5,0.0,4005400
2025-09-02,28.357685089111328,29.0,0.0,29.75,28.75,29.5,0.0,3554500
2025-09-03,28.357685089111328,29.0,0.0,29.25,28.75,29.0,0.0,1376400
2025-09-04,29.579999923706055,30.25,0.0,31.25,29.0,29.25,0.0,7601700
2025-09-05,30.80231285095215,31.5,0.0,31.5,30.25,30.5,0.0,4127400
2025-09-08,31.78016471862793,32.5,0.0,34.0,31.75,33.5,0.0,5169900
2025-09-09,32.513553619384766,33.25,0.0,33.25,31.5,32.75,0.0,5103900
2025-09-10,31.29123878479004,32.0,0.0,33.25,31.75,33.25,0.0,4887600
2025-09-11,31.29123878479004,32.0,0.0,32.5,31.5,32.0,0.0,4924000
2025-09-12,31.535701751708984,32.25,0.0,33.25,32.0,32.75,0.0,5259200
2025-09-15,31.78016471862793,32.5,0.0,32.75,32.25,32.5,0.0,886600
2025-09-16,33.24694061279297,34.0,0.0,34.25,32.25,32.5,0.0,6239100
2025-09-17,33.98033142089844,34.75,0.0,34.75,33.5,34.25,0.0,3580600
2025-09-18,32.75801467895508,33.5,0.0,34.5,32.75,34.5,0.0,4660400
2025-09-19,31.78016471862793,32.5,0.0,33.75,32.5,33.5,0.0,3764800
2025-09-22,31.535701751708984,32.25,0.0,33.0,32.25,32.75,0.0,1431100
2025-09-23,31.046775817871094,31.75,0.0,32.75,31.5,32.25,0.0,3228600
2025-09-24,31.535701751708984,32.25,0.0,32.5,31.75,31.75,0.0,1899900
2025-09-25,31.78016471862793,32.5,0.0,32.75,32.0,32.25,0.0,2871300
2025-09-26,32.26908874511719,33.0,0.0,33.0,32.0,32.25,0.0,4173200
2025-09-29,31.29123878479004,32.0,0.0,33.0,31.75,32.75,0.0,4319700
2025-09-30,29.33553695678711,30.0,0.0,32.0,29.75,32.0,0.0,9259100
2025-10-01,29.824462890625,30.5,0.0,31.0,29.75,30.25,0.0,3245200
2025-10-02,30.313386917114258,31.0,0.0,31.75,30.75,30.75,0.0,5349200
2025-10-03,30.313386917114258,31.0,0.0,31.25,30.5,31.25,0.0,4215300
2025-10-06,30.313386917114258,31.0,0.0,31.5,30.75,31.0,0.0,1764200
2025-10-07,30.313386917114258,31.0,0.0,31.0,31.0,31.0,0.0,0
2025-10-08,31.29123878479004,32.0,0.0,32.5,31.75,31.75,0.0,2555500
2025-10-09,30.80231285095215,31.5,0.0,32.0,31.25,31.75,0.0,1827000
2025-10-10,29.579999923706055,30.25,0.0,31.5,30.0,31.5,0.0,2240800
2025-10-14,28.602148056030273,29.25,0.0,30.75,28.75,30.5,0.0,4561800
2025-10-15,29.824462890625,30.5,0.0,31.25,30.0,30.25,0.0,3444700
2025-10-16,30.313386917114258,31.0,0.0,31.5,30.75,30.75,0.0,2396900
2025-10-17,30.557849884033203,31.25,0.0,31.25,30.5,30.75,0.0,2975200
2025-10-20,32.024627685546875,32.75,0.0,33.25,31.5,32.0,0.0,5843800
2025-10-21,32.024627685546875,32.75,0.0,33.0,32.25,32.75,0.0,1772600
2025-10-22,31.535701751708984,32.25,0.0,32.75,32.0,32.5,0.0,1425600
2025-10-24,31.29123878479004,32.0,0.0,32.5,31.75,32.0,0.0,1620900
2025-10-27,30.313386917114258,31.0,0.0,32.25,31.0,31.5,0.0,3951600
2025-10-28,30.557849884033203,31.25,0.0,31.5,30.75,31.0,0.0,4921800
2025-10-29,31.29123878479004,32.0,0.0,32.5,31.0,31.25,0.0,2625600
2025-10-30,31.046775817871094,31.75,0.0,32.5,31.5,31.75,0.0,1134400
2025-10-31,31.535701751708984,32.25,0.0,32.25,31.5,31.75,0.0,1440800
2025-11-03,31.78016471862793,32.5,0.0,32.75,32.25,32.5,0.0,1740400
2025-11-04,31.29123878479004,32.0,0.0,32.75,31.75,32.75,0.0,3668700
2025-11-05,31.29123878479004,32.0,0.0,32.5,31.0,31.75,0.0,2590100
2025-11-06,32.024627685546875,32.75,0.0,33.0,32.0,32.0,0.0,1513500
2025-11-07,32.513553619384766,33.25,0.0,34.0,32.5,32.75,0.0,4449300
2025-11-10,32.513553619384766,33.25,0.0,33.75,33.0,33.5,0.0,1437700
2025-11-11,31.78016471862793,32.5,0.0,33.25,32.25,33.0,0.0,3273300
2025-11-12,31.535701751708984,32.25,0.0,32.75,31.75,32.75,0.0,6217700
2025-11-13,31.78016471862793,32.5,0.0,32.5,31.0,32.0,0.0,4546100
2025-11-14,30.557849884033203,31.25,0.0,32.25,31.25,32.0,0.0,2298000
2025-11-17,32.024627685546875,32.75,0.0,33.5,31.5,32.75,0.0,9550900
2025-11-18,31.78016471862793,32.5,0.0,33.25,32.25,32.75,0.0,3358800
2025-11-19,32.26908874511719,33.0,0.0,33.25,32.25,32.5,0.0,2294700
2025-11-20,32.26908874511719,33.0,0.0,33.5,32.75,33.5,0.0,3184200
2025-11-21,31.046775817871094,31.75,0.0,33.0,31.75,32.75,0.0,3433700
2025-11-24,31.29123878479004,32.0,0.0,32.5,31.5,32.25,0.0,3866900
2025-11-25,31.29123878479004,32.0,0.0,32.5,31.5,32.25,0.0,3298800
2025-11-26,30.068923950195312,30.75,0.0,32.25,30.5,32.0,0.0,5170700
2025-11-27,29.824462890625,30.5,0.0,31.5,30.5,30.75,0.0,2580700
2025-11-28,29.824462890625,30.5,0.0,31.0,30.0,30.75,0.0,2195500
2025-12-01,31.29123878479004,32.0,0.0,32.25,30.75,30.75,0.0,5381500
2025-12-02,31.29123878479004,32.0,0.0,32.25,31.25,32.0,0.0,2910000
2025-12-03,31.046775817871094,31.75,0.0,32.0,31.25,32.0,0.0,2871600
2025-12-04,30.313386917114258,31.0,0.0,31.75,30.75,31.75,0.0,3784400
2025-12-08,29.091073989868164,29.75,0.0,31.25,29.75,30.75,0.0,2654600
2025-12-09,29.33553695678711,30.0,0.0,30.5,30.0,30.0,0.0,772300
2025-12-11,29.091073989868164,29.75,0.0,30.5,29.5,30.25,0.0,2753000
2025-12-12,29.579999923706055,30.25,0.0,30.25,29.75,29.75,0.0,790000
2025-12-15,30.313386917114258,31.0,0.0,31.0,30.0,30.25,0.0,1505000
2025-12-16,32.024627685546875,32.75,0.0,33.25,31.75,32.25,0.0,8674100
2025-12-17,31.78016471862793,32.5,0.0,33.25,32.5,32.75,0.0,2098100
2025-12-18,31.29123878479004,32.0,0.0,33.0,31.75,32.5,0.0,4138000
2025-12-19,31.78016471862793,32.5,0.0,33.0,32.25,32.25,0.0,2443400
2025-12-22,32.75801467895508,33.5,0.0,33.5,32.5,32.75,0.0,3340800
2025-12-23,32.513553619384766,33.25,0.0,33.5,33.0,33.5,0.0,1645600
2025-12-24,32.26908874511719,33.0,0.0,33.5,33.0,33.25,0.0,928400
2025-12-25,32.26908874511719,33.0,0.0,33.25,32.5,33.0,0.0,1699400
2025-12-26,32.26908874511719,33.0,0.0,33.25,32.5,32.75,0.0,1236600
2025-12-29,32.024627685546875,32.75,0.0,33.0,32.5,32.75,0.0,1033000
2025-12-30,33.49140548706055,34.25,0.0,34.25,32.0,32.75,0.0,11650200
2026-01-05,32.513553619384766,33.25,0.0,34.25,33.0,34.25,0.0,3305300
2026-01-06,32.024627685546875,32.75,0.0,33.25,32.0,33.25,0.0,3109500
2026-01-07,32.513553619384766,33.25,0.0,33.25,32.0,32.5,0.0,3722900
2026-01-08,32.26908874511719,33.0,0.0,33.0,32.5,32.75,0.0,2598100
2026-01-09,32.024627685546875,32.75,0.0,33.0,32.5,32.75,0.0,1020100
2026-01-12,31.535701751708984,32.25,0.0,33.25,32.25,33.0,0.0,3821200
2026-01-13,33.24694061279297,34.0,0.0,34.0,32.5,32.5,0.0,6219300
2026-01-14,31.78016471862793,32.5,0.0,34.0,32.5,34.0,0.0,5834900
2026-01-15,32.024627685546875,32.75,0.0,33.0,32.5,32.5,0.0,3070700
2026-01-16,32.26908874511719,33.0,0.0,33.0,32.25,33.0,0.0,3761500
2026-01-19,32.513553619384766,33.25,0.0,33.25,32.5,32.75,0.0,2841600
2026-01-20,33.24694061279297,34.0,0.0,34.75,33.0,33.25,0.0,7967500
2026-01-21,33.49140548706055,34.25,0.0,35.0,34.25,34.5,0.0,4765800
2026-01-22,33.98033142089844,34.75,0.0,35.5,34.25,34.5,0.0,5832900
2026-01-23,33.49140548706055,34.25,0.0,35.0,34.25,34.75,0.0,1786500
2026-01-26,33.24694061279297,34.0,0.0,34.25,33.5,34.0,0.0,2463900
2026-01-27,34.71371841430664,35.5,0.0,36.0,33.75,34.0,0.0,7168000
2026-01-28,34.95817947387695,35.75,0.0,36.0,35.0,35.75,0.0,2547100
2026-01-29,34.22479248046875,35.0,0.0,35.5,34.75,35.5,0.0,1391400
2026-01-30,34.46925354003906,35.25,0.0,35.25,34.25,34.75,0.0,2485600
2026-02-02,34.46925354003906,35.25,0.0,35.25,34.25,34.75,0.0,2721000
2026-02-03,35.69157028198242,36.5,0.0,37.25,35.5,35.5,0.0,4581800
2026-02-04,35.69157028198242,36.5,0.0,37.0,36.25,36.5,0.0,2792600
2026-02-05,35.20264434814453,36.0,0.0,36.75,35.5,36.5,0.0,7237500
2026-02-06,35.20264434814453,36.0,0.0,36.75,35.5,35.75,0.0,4266000
2026-02-09,35.936031341552734,36.75,0.0,37.5,36.75,37.0,0.0,6032000
2026-02-10,36.424957275390625,37.25,0.0,37.5,36.75,36.75,0.0,4720500
2026-02-11,35.936031341552734,36.75,0.0,37.5,36.75,37.0,0.0,2383400
2026-02-12,37.64727020263672,38.5,0.0,39.0,36.75,36.75,0.0,9778400
2026-02-13,37.402809143066406,38.25,0.0,38.75,38.0,38.0,0.0,2497400
2026-02-16,37.402809143066406,38.25,0.0,38.25,37.75,38.25,0.0,2959600
2026-02-17,37.8917350769043,38.75,0.0,38.75,37.75,38.0,0.0,2965400
2026-02-18,37.8917350769043,38.75,0.0,38.75,38.25,38.75,0.0,2098900
2026-02-19,37.64727020263672,38.5,0.0,39.25,38.25,38.75,0.0,3415900
2026-02-20,35.69157028198242,36.5,0.0,38.5,36.5,38.25,0.0,7025000
2026-02-23,35.20264434814453,36.0,0.0,37.25,35.5,36.75,0.0,7111400
2026-02-24,35.936031341552734,36.75,0.0,37.0,35.25,36.5,0.0,4471000
2026-02-25,38.38066101074219,39.25,0.0,39.5,37.75,38.0,0.0,13594500
2026-02-26,38.86958694458008,39.75,0.0,40.0,38.5,38.75,0.0,4936100
2026-02-27,39.35851287841797,40.25,0.0,40.5,39.5,40.0,0.0,4768000
2026-03-02,35.447105407714844,36.25,0.0,38.25,36.25,36.75,0.0,11010600
2026-03-04,32.26908874511719,33.0,0.0,34.25,30.5,32.5,0.0,20628400
2026-03-05,34.71371841430664,35.5,0.0,35.75,34.0,35.75,0.0,8065200
2026-03-06,33.24694061279297,34.0,0.0,35.0,33.75,34.75,0.0,8287800
2026-03-09,32.513553619384766,33.25,0.0,33.25,29.25,29.25,0.0,13476900
2026-03-10,32.26908874511719,33.0,0.0,34.75,32.75,34.75,0.0,11167300
2026-03-11,32.513553619384766,33.25,0.0,34.0,32.75,33.25,0.0,5358100
2026-03-12,33.24694061279297,34.0,0.0,34.25,32.75,32.75,0.0,3187900
2026-03-13,32.024627685546875,32.75,0.0,33.5,32.25,33.25,0.0,8124300
2026-03-16,32.26908874511719,33.0,0.0,34.0,32.75,33.25,0.0,4487600
2026-03-17,33.002479553222656,33.75,0.0,34.5,33.0,34.0,0.0,7996600
2026-03-18,32.26908874511719,33.0,0.0,34.25,33.0,34.0,0.0,5205700
2026-03-19,30.80231285095215,31.5,0.0,32.75,31.25,32.5,0.0,5472400
2026-03-20,31.046775817871094,31.75,0.0,32.25,31.25,32.0,0.0,3765000
2026-03-23,30.313386917114258,31.0,0.0,31.0,29.75,30.5,0.0,8468300
2026-03-24,31.046775817871094,31.75,0.0,32.25,31.0,31.75,0.0,3490000
2026-03-25,33.002479553222656,33.75,0.0,34.0,32.25,32.75,0.0,11529300
2026-03-26,33.002479553222656,33.75,0.0,34.0,32.75,33.0,0.0,4781900
2026-03-27,31.78016471862793,32.5,0.0,34.0,32.0,34.0,0.0,8427700
2026-03-30,31.535701751708984,32.25,0.0,32.5,31.5,31.75,0.0,4158400
2026-03-31,31.78016471862793,32.5,0.0,32.75,31.75,32.5,0.0,4602200
2026-04-01,33.002479553222656,33.75,0.0,34.0,32.5,33.75,0.0,7915800
2026-04-02,32.513553619384766,33.25,0.0,33.5,32.75,33.0,0.0,6240700
2026-04-03,32.513553619384766,33.25,0.0,33.5,32.5,33.0,0.0,2791600
2026-04-07,32.024627685546875,32.75,0.0,33.25,32.0,33.0,0.0,4624500
2026-04-08,34.95817947387695,35.75,0.0,35.75,33.75,34.25,0.0,13208000
2026-04-09,33.98033142089844,34.75,0.0,35.5,34.25,35.25,0.0,5856000
2026-04-10,33.98033142089844,34.75,0.0,35.0,34.25,35.0,0.0,1825100
2026-04-16,34.46925354003906,35.25,0.0,36.0,35.0,35.5,0.0,7706700
2026-04-17,33.49140548706055,34.25,0.0,35.25,34.0,35.0,0.0,4970300
2026-04-20,32.513553619384766,33.25,0.0,34.5,32.75,34.5,0.0,9399000
2026-04-21,32.26908874511719,33.0,0.0,33.75,32.75,33.5,0.0,7862000
2026-04-22,32.024627685546875,32.75,0.0,33.0,32.25,32.75,0.0,5386500
2026-04-23,30.557849884033203,31.25,0.0,32.5,31.0,32.25,0.0,10680100
2026-04-24,30.313386917114258,31.0,0.0,31.5,30.5,31.5,0.0,3658600
2026-04-27,30.557849884033203,31.25,0.0,31.25,30.5,31.0,0.0,5730400
2026-04-28,30.313386917114258,31.0,0.0,32.0,30.75,31.5,0.0,5546700
2026-04-29,30.557849884033203,31.25,0.0,31.5,31.0,31.0,0.0,3000300
2026-04-30,30.313386917114258,31.0,0.0,31.25,30.75,31.0,0.0,2872200
2026-05-01,30.313386917114258,31.0,0.0,31.0,31.0,31.0,0.0,0
2026-05-04,30.313386917114258,31.0,0.0,31.0,31.0,31.0,0.0,0
2026-05-05,29.579999923706055,30.25,0.0,31.25,30.0,31.25,0.0,8452600
2026-05-06,30.75,30.75,0.67,31.0,29.75,29.75,0.0,5388300
2026-05-07,30.75,30.75,0.0,32.0,30.75,31.0,0.0,7965800
2026-05-08,31.0,31.0,0.0,31.25,30.25,30.75,0.0,4767100
2026-05-11,30.5,30.5,0.0,31.0,30.25,31.0,0.0,5055700
2026-05-12,31.25,31.25,0.0,32.0,30.75,31.5,0.0,14968000
2026-05-13,30.75,30.75,0.0,31.5,30.75,31.5,0.0,3624500
2026-05-14,31.25,31.25,0.0,31.25,30.5,31.0,0.0,4920300
2026-05-15,30.5,30.5,0.0,31.25,30.5,31.0,0.0,4742200
2026-05-18,30.75,30.75,0.0,31.0,30.25,30.5,0.0,1891600
2026-05-19,31.0,31.0,0.0,31.25,30.5,30.75,0.0,3142800
2026-05-20,31.75,31.75,0.0,32.25,31.25,31.25,0.0,9843200
2026-05-21,32.0,32.0,0.0,32.5,31.75,32.25,0.0,4118900
2026-05-22,32.25,32.25,0.0,32.25,31.25,32.0,0.0,5137300
2026-05-25,33.5,33.5,0.0,33.75,32.5,32.75,0.0,10216800
2026-05-26,33.5,33.5,0.0,33.5,33.5,33.5,0.0,0
2026-05-27,33.0,33.0,0.0,33.75,32.5,33.25,0.0,3893400
2026-05-28,33.5,33.5,0.0,33.75,33.25,33.25,0.0,3756900
2026-05-29,33.75,33.75,0.0,33.75,33.25,33.75,0.0,3519000
2026-06-01,33.75,33.75,0.0,33.75,33.75,33.75,0.0,0
2026-06-02,33.75,33.75,0.0,33.75,32.75,33.5,0.0,5219500
2026-06-03,33.75,33.75,0.0,33.75,33.75,33.75,0.0,0
2026-06-04,33.25,33.25,0.0,33.5,32.75,33.5,0.0,4896200
2026-06-05,34.5,34.5,0.0,34.75,33.25,33.25,0.0,8673800
2026-06-08,34.25,34.25,0.0,34.5,33.75,34.25,0.0,3478400
2026-06-09,33.75,33.75,0.0,34.5,33.5,34.25,0.0,2680000
2026-06-10,33.5,33.5,0.0,33.75,33.5,33.75,0.0,1751000
2026-06-11,33.0,33.0,0.0,33.5,32.75,33.25,0.0,5046000
2026-06-12,34.0,34.0,0.0,34.5,33.25,33.5,0.0,7035100
2026-06-15,36.0,36.0,0.0,36.25,34.75,35.0,0.0,10635700
2026-06-16,36.0,36.0,0.0,36.25,35.5,36.25,0.0,3777400
2026-06-17,36.0,36.0,0.0,36.25,35.5,36.25,0.0,3077200
2026-06-18,35.0,35.0,0.0,35.75,34.5,35.75,0.0,5511100
2026-06-19,36.25,36.25,0.0,36.75,35.0,35.25,0.0,6042900
2026-06-22,36.25,36.25,0.0,36.25,35.5,36.0,0.0,2595300
2026-06-23,35.5,35.5,0.0,36.5,35.25,36.25,0.0,4938200
2026-06-24,36.5,36.5,0.0,37.0,35.5,35.5,0.0,4103600
2026-06-25,37.5,37.5,0.0,38.0,37.25,37.25,0.0,7707400
2026-06-26,37.25,37.25,0.0,38.0,37.0,37.5,0.0,3455500
2026-06-29,37.0,37.0,0.0,37.75,36.5,37.75,0.0,4371500
2026-06-30,37.0,37.0,0.0,37.75,36.25,36.75,0.0,18594600
2026-07-01,36.5,36.5,0.0,37.5,36.25,37.0,0.0,4807900
2026-07-02,36.25,36.25,0.0,36.5,35.75,36.25,0.0,6650700
2026-07-03,36.5,36.5,0.0,36.75,36.0,36.5,0.0,3485000
2026-07-06,37.25,37.25,0.0,37.25,36.0,36.5,0.0,4006900
2026-07-07,36.75,36.75,0.0,37.0,36.25,37.0,0.0,2906900
2026-07-08,35.25,35.25,0.0,36.75,34.75,36.75,0.0,6086800
2026-07-09,36.25,36.25,0.0,36.5,35.0,35.0,0.0,4180900
2026-07-10,36.5,36.5,0.0,36.75,36.25,36.5,0.0,2135700
2026-07-13,36.75,36.75,0.0,36.75,36.25,36.5,0.0,1744300
2026-07-14,36.25,36.25,0.0,36.75,36.0,36.25,0.0,1872400
2026-07-15,36.5,36.5,0.0,36.75,36.0,36.5,0.0,1924600
2026-07-16,37.5,37.5,0.0,37.75,36.25,36.75,0.0,5450900
2026-07-17,38.25,38.25,0.0,38.25,37.0,37.25,0.0,5605000
2026-07-20,38.0,38.0,0.0,38.25,37.25,38.0,0.0,4694900
2026-07-21,38.0,38.0,0.0,38.75,37.75,38.25,0.0,6742700
2026-07-22,37.75,37.75,0.0,38.0,37.25,38.0,0.0,3919800
2026-07-23,36.0,36.0,0.0,37.75,36.0,37.25,0.0,6016200
2026-07-24,36.25,36.25,0.0,36.5,35.25,36.0,0.0,3100700
2026-07-27,38.25,38.25,0.0,38.75,36.5,36.75,0.0,7896800
2026-07-28,38.25,38.25,0.0,38.25,38.25,38.25,0.0,0
2026-07-29,38.25,38.25,0.0,38.25,38.25,38.25,0.0,0
2026-07-30,38.75,38.75,0.0,39.5,37.75,38.0,0.0,4991900
2026-07-31,38.5,38.5,0.0,39.5,38.0,39.0,0.0,4416700
2026-08-03,40.0,40.0,0.0,40.5,38.5,38.75,0.0,6815500
2026-08-04,39.25,39.25,0.0,40.0,39.0,39.75,0.0,2847900
2026-08-05,38.75,38.75,0.0,39.75,38.5,39.75,0.0,4842100
2026-08-06,38.5,38.5,0.0,38.75,38.25,38.75,0.0,3283800
2026-08-07,38.25,38.25,0.0,38.75,38.0,38.25,0.0,2787200
2026-08-10,39.25,39.25,0.0,39.25,38.0,38.0,0.0,4156700
2026-08-11,41.0,41.0,0.0,41.5,39.75,40.0,0.0,11282100
2026-08-12,41.0,41.0,0.0,41.0,41.0,41.0,0.0,0
2026-08-13,43.25,43.25,0.0,43.25,41.75,41.75,0.0,8252200
2026-08-14,42.0,42.0,0.0,43.5,41.5,43.5,0.0,4722300
2026-08-17,42.5,42.5,0.0,42.5,41.25,42.0,0.0,2081400
2026-08-18,42.0,42.0,0.0,43.0,41.75,42.25,0.0,3419800
2026-08-19,41.5,41.5,0.0,42.25,41.25,41.75,0.0,1632100
2026-08-20,42.25,42.25,0.0,43.0,41.5,41.75,0.0,2964600
2026-08-21,42.0,42.0,0.0,42.25,41.75,41.75,0.0,987600
2026-08-24,42.25,42.25,0.0,42.25,41.5,42.0,0.0,1207100
2026-08-25,42.5,42.5,0.0,42.75,42.0,42.75,0.0,1044200
2026-08-26,42.5,42.5,0.0,43.25,42.5,42.5,0.0,2211800
2026-08-27,42.5,42.5,0.0,43.0,42.25,43.0,0.0,938500
2026-08-28,42.5,42.5,0.0,42.75,42.0,42.5,0.0,1331800
2026-08-31,43.25,43.25,0.0,43.25,42.0,42.25,0.0,1561700
2026-09-01,42.0,42.0,0.0,43.0,41.5,43.0,0.0,2277100
2026-09-02,41.75,41.75,0.0,41.75,40.75,41.5,0.0,3325400
2026-09-03,41.75,41.75,0.0,42.75,41.75,42.0,0.0,2660400
2026-09-04,42.75,42.75,0.0,43.0,42.25,42.75,0.0,1716600
