Date,Adj Close,Close,Dividends,High,Low,Open,Stock Splits,Volume
2010-01-04,14.719908714294434,32.88730239868164,0.0,33.118900299072266,32.42409896850586,32.88730239868164,0.0,918390
2010-01-05,14.719908714294434,32.88730239868164,0.0,33.118900299072266,32.88730239868164,32.88730239868164,0.0,1605780
2010-01-06,14.823573112487793,33.118900299072266,0.0,33.118900299072266,32.88730239868164,32.88730239868164,0.0,732186
2010-01-07,14.719908714294434,32.88730239868164,0.0,33.118900299072266,32.88730239868164,33.118900299072266,0.0,1298463
2010-01-08,14.719908714294434,32.88730239868164,0.0,33.118900299072266,32.88730239868164,33.118900299072266,0.0,915584
2010-01-11,14.927233695983887,33.350502014160156,0.0,33.350502014160156,32.88730239868164,32.88730239868164,0.0,952069
2010-01-12,14.719908714294434,32.88730239868164,0.0,33.350502014160156,32.88730239868164,33.350502014160156,0.0,1071564
2010-01-13,14.719908714294434,32.88730239868164,0.0,33.118900299072266,32.88730239868164,32.88730239868164,0.0,875321
2010-01-14,14.823573112487793,33.118900299072266,0.0,33.350502014160156,32.88730239868164,32.88730239868164,0.0,1366576
2010-01-15,14.719908714294434,32.88730239868164,0.0,33.350502014160156,32.88730239868164,33.350502014160156,0.0,1666769
2010-01-18,14.823573112487793,33.118900299072266,0.0,33.118900299072266,32.88730239868164,32.88730239868164,0.0,293069
2010-01-19,14.719908714294434,32.88730239868164,0.0,33.118900299072266,32.88730239868164,33.118900299072266,0.0,625861
2010-01-20,14.719908714294434,32.88730239868164,0.0,33.118900299072266,32.65570068359375,32.88730239868164,0.0,1137518
2010-01-21,14.616246223449707,32.65570068359375,0.0,33.118900299072266,32.65570068359375,32.88730239868164,0.0,980890
2010-01-22,14.616246223449707,32.65570068359375,0.0,32.88730239868164,32.42409896850586,32.42409896850586,0.0,947212
2010-01-25,14.616246223449707,32.65570068359375,0.0,32.65570068359375,32.42409896850586,32.42409896850586,0.0,495248
2010-01-26,14.40892219543457,32.19249725341797,0.0,32.65570068359375,32.19249725341797,32.42409896850586,0.0,807532
2010-01-27,14.40892219543457,32.19249725341797,0.0,32.42409896850586,31.96089744567871,32.42409896850586,0.0,1278061
2010-01-28,14.305262565612793,31.96089744567871,0.0,32.42409896850586,31.96089744567871,32.19249725341797,0.0,1057207
2010-01-29,14.305262565612793,31.96089744567871,0.0,32.42409896850586,31.96089744567871,32.19249725341797,0.0,1154573
2010-02-01,14.40892219543457,32.19249725341797,0.0,32.19249725341797,31.96089744567871,31.96089744567871,0.0,621867
2010-02-02,14.305262565612793,31.96089744567871,0.0,32.19249725341797,31.96089744567871,32.19249725341797,0.0,1007445
2010-02-03,14.40892219543457,32.19249725341797,0.0,32.42409896850586,32.19249725341797,32.19249725341797,0.0,776659
2010-02-04,14.616246223449707,32.65570068359375,0.0,32.88730239868164,32.19249725341797,32.19249725341797,0.0,871866
2010-02-05,14.512589454650879,32.42409896850586,0.0,32.65570068359375,32.42409896850586,32.42409896850586,0.0,451099
2010-02-08,14.512589454650879,32.42409896850586,0.0,32.65570068359375,32.19249725341797,32.42409896850586,0.0,406518
2010-02-09,14.616246223449707,32.65570068359375,0.0,32.88730239868164,32.19249725341797,32.65570068359375,0.0,658784
2010-02-10,15.030895233154297,33.58210372924805,0.0,33.81370544433594,32.88730239868164,32.88730239868164,0.0,2421192
2010-02-11,15.030895233154297,33.58210372924805,0.0,33.58210372924805,33.350502014160156,33.58210372924805,0.0,335383
2010-02-12,14.823573112487793,33.118900299072266,0.0,33.350502014160156,33.118900299072266,33.350502014160156,0.0,643564
2010-02-15,14.823573112487793,33.118900299072266,0.0,33.350502014160156,32.88730239868164,33.350502014160156,0.0,460706
2010-02-16,14.719908714294434,32.88730239868164,0.0,33.350502014160156,32.88730239868164,33.350502014160156,0.0,527416
2010-02-17,15.030895233154297,33.58210372924805,0.0,33.81370544433594,33.118900299072266,33.350502014160156,0.0,2295113
2010-02-18,15.030895233154297,33.58210372924805,0.0,34.04530334472656,33.350502014160156,33.58210372924805,0.0,1734018
2010-02-19,15.13455581665039,33.81370544433594,0.0,33.81370544433594,33.350502014160156,33.58210372924805,0.0,1158027
2010-02-22,15.341882705688477,34.27690505981445,0.0,34.27690505981445,33.81370544433594,33.81370544433594,0.0,1122729
2010-02-23,15.341882705688477,34.27690505981445,0.0,34.508506774902344,34.04530334472656,34.27690505981445,0.0,2234233
2010-02-24,15.2382173538208,34.04530334472656,0.0,34.27690505981445,34.04530334472656,34.04530334472656,0.0,1687818
2010-02-25,15.08840274810791,32.65570068359375,1.065363,33.118900299072266,32.65570068359375,33.118900299072266,0.0,983049
2010-02-26,15.195411682128906,32.88730239868164,0.0,32.88730239868164,32.65570068359375,32.88730239868164,0.0,1099413
2010-03-02,15.195411682128906,32.88730239868164,0.0,33.118900299072266,32.65570068359375,32.88730239868164,0.0,1430479
2010-03-03,14.981393814086914,32.42409896850586,0.0,33.118900299072266,32.42409896850586,32.88730239868164,0.0,1092397
2010-03-04,15.195411682128906,32.88730239868164,0.0,32.88730239868164,32.42409896850586,32.65570068359375,0.0,666988
2010-03-05,15.195411682128906,32.88730239868164,0.0,32.88730239868164,32.65570068359375,32.88730239868164,0.0,324696
2010-03-08,15.195411682128906,32.88730239868164,0.0,33.118900299072266,32.65570068359375,32.88730239868164,0.0,1121974
2010-03-09,15.195411682128906,32.88730239868164,0.0,32.88730239868164,32.65570068359375,32.65570068359375,0.0,278928
2010-03-10,15.08840274810791,32.65570068359375,0.0,32.88730239868164,32.42409896850586,32.88730239868164,0.0,431993
2010-03-11,15.40943431854248,33.350502014160156,0.0,33.350502014160156,32.42409896850586,32.65570068359375,0.0,1721497
2010-03-12,15.516443252563477,33.58210372924805,0.0,33.58210372924805,33.118900299072266,33.58210372924805,0.0,1689437
2010-03-15,15.40943431854248,33.350502014160156,0.0,33.58210372924805,32.88730239868164,33.350502014160156,0.0,845420
2010-03-16,15.516443252563477,33.58210372924805,0.0,33.58210372924805,33.118900299072266,33.58210372924805,0.0,794578
2010-03-17,15.837471961975098,34.27690505981445,0.0,34.27690505981445,33.81370544433594,33.81370544433594,0.0,3714906
2010-03-18,15.623457908630371,33.81370544433594,0.0,34.74010467529297,33.81370544433594,34.508506774902344,0.0,1006257
2010-03-19,15.837471961975098,34.27690505981445,0.0,34.27690505981445,33.81370544433594,33.81370544433594,0.0,576099
2010-03-22,15.623457908630371,33.81370544433594,0.0,34.27690505981445,33.58210372924805,33.81370544433594,0.0,1780434
2010-03-23,15.623457908630371,33.81370544433594,0.0,33.81370544433594,33.350502014160156,33.81370544433594,0.0,883632
2010-03-24,15.623457908630371,33.81370544433594,0.0,34.04530334472656,33.58210372924805,33.81370544433594,0.0,1149931
2010-03-25,15.623457908630371,33.81370544433594,0.0,34.04530334472656,33.58210372924805,33.81370544433594,0.0,779034
2010-03-26,15.516443252563477,33.58210372924805,0.0,33.81370544433594,33.350502014160156,33.58210372924805,0.0,992116
2010-03-29,15.516443252563477,33.58210372924805,0.0,33.81370544433594,33.350502014160156,33.81370544433594,0.0,403280
2010-03-30,15.837471961975098,34.27690505981445,0.0,34.27690505981445,33.350502014160156,33.58210372924805,0.0,1004422
2010-03-31,15.516443252563477,33.58210372924805,0.0,34.27690505981445,33.58210372924805,34.27690505981445,0.0,1730024
2010-04-01,15.730462074279785,34.04530334472656,0.0,34.27690505981445,33.58210372924805,33.81370544433594,0.0,1969337
2010-04-02,15.623457908630371,33.81370544433594,0.0,34.04530334472656,33.81370544433594,34.04530334472656,0.0,1393778
2010-04-05,15.623457908630371,33.81370544433594,0.0,34.04530334472656,33.58210372924805,33.81370544433594,0.0,319731
2010-04-07,15.516443252563477,33.58210372924805,0.0,34.27690505981445,33.58210372924805,33.81370544433594,0.0,1265108
2010-04-08,15.516443252563477,33.58210372924805,0.0,33.81370544433594,33.350502014160156,33.81370544433594,0.0,1318864
2010-04-09,15.40943431854248,33.350502014160156,0.0,33.58210372924805,33.350502014160156,33.350502014160156,0.0,2399172
2010-04-12,15.302421569824219,33.118900299072266,0.0,33.350502014160156,32.65570068359375,32.88730239868164,0.0,2381253
2010-04-16,15.516443252563477,33.58210372924805,0.0,34.04530334472656,32.88730239868164,33.118900299072266,0.0,1385142
2010-04-19,15.40943431854248,33.350502014160156,0.0,33.58210372924805,32.42409896850586,33.350502014160156,0.0,2027087
2010-04-20,15.516443252563477,33.58210372924805,0.0,33.81370544433594,33.350502014160156,33.350502014160156,0.0,2083326
2010-04-21,15.516443252563477,33.58210372924805,0.0,33.81370544433594,33.350502014160156,33.58210372924805,0.0,1244383
2010-04-22,15.730462074279785,34.04530334472656,0.0,34.27690505981445,33.81370544433594,33.81370544433594,0.0,1488337
2010-04-23,15.516443252563477,33.58210372924805,0.0,33.81370544433594,33.58210372924805,33.81370544433594,0.0,1253126
2010-04-26,15.623457908630371,33.81370544433594,0.0,34.04530334472656,33.58210372924805,33.81370544433594,0.0,1044685
2010-04-27,15.623457908630371,33.81370544433594,0.0,33.81370544433594,33.58210372924805,33.81370544433594,0.0,159433
2010-04-28,15.516443252563477,33.58210372924805,0.0,33.58210372924805,33.350502014160156,33.58210372924805,0.0,469558
2010-04-29,15.623457908630371,33.81370544433594,0.0,33.81370544433594,33.58210372924805,33.58210372924805,0.0,102655
2010-04-30,15.623457908630371,33.81370544433594,0.0,33.81370544433594,33.58210372924805,33.81370544433594,0.0,347796
2010-05-04,15.623457908630371,33.81370544433594,0.0,34.04530334472656,33.58210372924805,33.81370544433594,0.0,1739200
2010-05-06,15.730462074279785,34.04530334472656,0.0,34.04530334472656,33.58210372924805,33.81370544433594,0.0,713404
2010-05-07,15.623457908630371,33.81370544433594,0.0,33.81370544433594,33.350502014160156,33.58210372924805,0.0,1143131
2010-05-10,15.730462074279785,34.04530334472656,0.0,34.04530334472656,33.81370544433594,33.81370544433594,0.0,353733
2010-05-11,15.516443252563477,33.58210372924805,0.0,34.04530334472656,33.58210372924805,33.81370544433594,0.0,491147
2010-05-12,15.623457908630371,33.81370544433594,0.0,33.81370544433594,33.58210372924805,33.58210372924805,0.0,494709
2010-05-13,15.516443252563477,33.58210372924805,0.0,33.81370544433594,33.350502014160156,33.81370544433594,0.0,552243
2010-05-14,15.516443252563477,33.58210372924805,0.0,33.58210372924805,33.350502014160156,33.350502014160156,0.0,416449
2010-05-17,15.40943431854248,33.350502014160156,0.0,33.58210372924805,33.118900299072266,33.118900299072266,0.0,704876
2010-05-18,15.623457908630371,33.81370544433594,0.0,34.04530334472656,33.118900299072266,33.350502014160156,0.0,516190
2010-05-19,15.623457908630371,33.81370544433594,0.0,33.81370544433594,33.58210372924805,33.58210372924805,0.0,206713
2010-05-20,15.623457908630371,33.81370544433594,0.0,33.81370544433594,33.81370544433594,33.81370544433594,0.0,0
2010-05-21,15.623457908630371,33.81370544433594,0.0,33.81370544433594,33.81370544433594,33.81370544433594,0.0,0
2010-05-24,15.40943431854248,33.350502014160156,0.0,33.81370544433594,32.88730239868164,33.81370544433594,0.0,1764135
2010-05-25,15.302421569824219,33.118900299072266,0.0,33.350502014160156,32.88730239868164,33.118900299072266,0.0,858265
2010-05-26,15.302421569824219,33.118900299072266,0.0,33.350502014160156,33.118900299072266,33.350502014160156,0.0,209196
2010-05-27,15.40943431854248,33.350502014160156,0.0,33.350502014160156,33.118900299072266,33.350502014160156,0.0,664181
2010-05-31,15.40943431854248,33.350502014160156,0.0,33.350502014160156,33.118900299072266,33.350502014160156,0.0,608158
2010-06-01,15.40943431854248,33.350502014160156,0.0,33.350502014160156,33.118900299072266,33.350502014160156,0.0,471069
2010-06-02,15.40943431854248,33.350502014160156,0.0,33.58210372924805,33.118900299072266,33.350502014160156,0.0,540909
2010-06-03,15.623457908630371,33.81370544433594,0.0,33.81370544433594,33.350502014160156,33.350502014160156,0.0,846931
2010-06-04,15.516443252563477,33.58210372924805,0.0,33.81370544433594,33.350502014160156,33.58210372924805,0.0,885252
2010-06-07,15.516443252563477,33.58210372924805,0.0,33.81370544433594,33.118900299072266,33.118900299072266,0.0,586246
2010-06-08,15.40943431854248,33.350502014160156,0.0,33.81370544433594,33.350502014160156,33.81370544433594,0.0,136549
2010-06-09,15.516443252563477,33.58210372924805,0.0,33.58210372924805,33.350502014160156,33.58210372924805,0.0,829012
2010-06-10,15.516443252563477,33.58210372924805,0.0,33.81370544433594,33.350502014160156,33.58210372924805,0.0,530978
2010-06-11,15.40943431854248,33.350502014160156,0.0,33.58210372924805,33.350502014160156,33.58210372924805,0.0,1031408
2010-06-14,15.40943431854248,33.350502014160156,0.0,33.350502014160156,33.350502014160156,33.350502014160156,0.0,828257
2010-06-15,15.40943431854248,33.350502014160156,0.0,33.350502014160156,33.118900299072266,33.350502014160156,0.0,1060121
2010-06-16,15.40943431854248,33.350502014160156,0.0,33.58210372924805,33.350502014160156,33.350502014160156,0.0,500322
2010-06-17,15.40943431854248,33.350502014160156,0.0,33.58210372924805,33.350502014160156,33.350502014160156,0.0,278280
2010-06-18,15.516443252563477,33.58210372924805,0.0,33.58210372924805,33.350502014160156,33.350502014160156,0.0,1300514
2010-06-21,15.516443252563477,33.58210372924805,0.0,33.81370544433594,33.58210372924805,33.58210372924805,0.0,1728945
2010-06-22,15.623457908630371,33.81370544433594,0.0,33.81370544433594,33.58210372924805,33.58210372924805,0.0,151338
2010-06-23,15.623457908630371,33.81370544433594,0.0,33.81370544433594,33.58210372924805,33.58210372924805,0.0,475279
2010-06-24,15.40943431854248,33.350502014160156,0.0,33.81370544433594,33.350502014160156,33.81370544433594,0.0,499350
2010-06-25,15.40943431854248,33.350502014160156,0.0,33.58210372924805,33.350502014160156,33.350502014160156,0.0,880394
2010-06-28,15.516443252563477,33.58210372924805,0.0,33.58210372924805,33.350502014160156,33.58210372924805,0.0,1494490
2010-06-29,15.516443252563477,33.58210372924805,0.0,33.58210372924805,33.350502014160156,33.350502014160156,0.0,1275686
2010-06-30,15.40943431854248,33.350502014160156,0.0,33.81370544433594,33.350502014160156,33.350502014160156,0.0,548897
2010-07-02,15.40943431854248,33.350502014160156,0.0,33.58210372924805,33.350502014160156,33.58210372924805,0.0,526768
2010-07-05,15.516443252563477,33.58210372924805,0.0,33.58210372924805,33.350502014160156,33.58210372924805,0.0,847579
2010-07-06,15.623457908630371,33.81370544433594,0.0,33.81370544433594,33.58210372924805,33.58210372924805,0.0,1058071
2010-07-07,15.516443252563477,33.58210372924805,0.0,34.04530334472656,33.58210372924805,33.81370544433594,0.0,670550
2010-07-08,15.623457908630371,33.81370544433594,0.0,34.04530334472656,33.58210372924805,33.81370544433594,0.0,2206599
2010-07-09,15.837471961975098,34.27690505981445,0.0,34.508506774902344,33.81370544433594,34.04530334472656,0.0,3145607
2010-07-12,15.944483757019043,34.508506774902344,0.0,34.97170639038086,34.508506774902344,34.74010467529297,0.0,3505170
2010-07-13,16.05149269104004,34.74010467529297,0.0,34.97170639038086,34.508506774902344,34.74010467529297,0.0,2115710
2010-07-14,15.944483757019043,34.508506774902344,0.0,34.74010467529297,34.508506774902344,34.74010467529297,0.0,585382
2010-07-15,15.944483757019043,34.508506774902344,0.0,34.74010467529297,34.508506774902344,34.74010467529297,0.0,467615
2010-07-16,16.05149269104004,34.74010467529297,0.0,34.74010467529297,34.27690505981445,34.508506774902344,0.0,657273
2010-07-19,16.05149269104004,34.74010467529297,0.0,34.74010467529297,34.27690505981445,34.508506774902344,0.0,534756
2010-07-20,15.944483757019043,34.508506774902344,0.0,34.74010467529297,34.508506774902344,34.74010467529297,0.0,994167
2010-07-21,15.837471961975098,34.27690505981445,0.0,34.74010467529297,34.27690505981445,34.508506774902344,0.0,658244
2010-07-22,16.05149269104004,34.74010467529297,0.0,34.74010467529297,34.27690505981445,34.508506774902344,0.0,1701527
2010-07-23,15.837471961975098,34.27690505981445,0.0,34.74010467529297,34.27690505981445,34.74010467529297,0.0,2070481
2010-07-27,15.944483757019043,34.508506774902344,0.0,34.74010467529297,34.27690505981445,34.27690505981445,0.0,2098762
2010-07-28,16.158504486083984,34.97170639038086,0.0,35.20330810546875,34.508506774902344,34.508506774902344,0.0,2596494
2010-07-29,15.944483757019043,34.508506774902344,0.0,34.97170639038086,34.508506774902344,34.74010467529297,0.0,1566273
2010-07-30,15.944483757019043,34.508506774902344,0.0,34.74010467529297,34.27690505981445,34.508506774902344,0.0,1015756
2010-08-02,16.05149269104004,34.74010467529297,0.0,34.97170639038086,34.508506774902344,34.74010467529297,0.0,1800836
2010-08-03,15.944483757019043,34.508506774902344,0.0,34.74010467529297,34.508506774902344,34.508506774902344,0.0,1483587
2010-08-04,15.944483757019043,34.508506774902344,0.0,34.74010467529297,34.508506774902344,34.74010467529297,0.0,977220
2010-08-05,16.05149269104004,34.74010467529297,0.0,34.97170639038086,34.508506774902344,34.74010467529297,0.0,725710
2010-08-06,16.05149269104004,34.74010467529297,0.0,34.97170639038086,34.74010467529297,34.97170639038086,0.0,1195700
2010-08-09,16.158504486083984,34.97170639038086,0.0,34.97170639038086,34.74010467529297,34.74010467529297,0.0,523746
2010-08-10,16.05149269104004,34.74010467529297,0.0,35.20330810546875,34.74010467529297,34.97170639038086,0.0,949263
2010-08-11,16.158504486083984,34.97170639038086,0.0,34.97170639038086,34.74010467529297,34.97170639038086,0.0,403927
2010-08-16,16.05149269104004,34.74010467529297,0.0,34.97170639038086,34.74010467529297,34.74010467529297,0.0,677674
2010-08-17,16.05149269104004,34.74010467529297,0.0,34.97170639038086,34.74010467529297,34.74010467529297,0.0,622839
2010-08-18,16.158504486083984,34.97170639038086,0.0,34.97170639038086,34.74010467529297,34.74010467529297,0.0,1306343
2010-08-19,16.158504486083984,34.97170639038086,0.0,35.20330810546875,34.74010467529297,34.97170639038086,0.0,3327386
2010-08-20,16.158504486083984,34.97170639038086,0.0,35.20330810546875,34.74010467529297,34.97170639038086,0.0,1033783
2010-08-23,16.158504486083984,34.97170639038086,0.0,34.97170639038086,34.74010467529297,34.97170639038086,0.0,928321
2010-08-24,16.05149269104004,34.74010467529297,0.0,35.20330810546875,34.74010467529297,34.97170639038086,0.0,1206818
2010-08-25,16.05149269104004,34.74010467529297,0.0,35.20330810546875,34.74010467529297,34.97170639038086,0.0,1092721
2010-08-26,16.05149269104004,34.74010467529297,0.0,34.97170639038086,34.74010467529297,34.97170639038086,0.0,881042
2010-08-27,16.2655086517334,35.20330810546875,0.0,35.43490982055664,34.97170639038086,34.97170639038086,0.0,1391835
2010-08-30,16.479534149169922,35.666507720947266,0.0,35.666507720947266,35.20330810546875,35.43490982055664,0.0,1287129
2010-08-31,16.5865421295166,35.898109436035156,0.0,35.898109436035156,35.43490982055664,35.666507720947266,0.0,987151
2010-09-01,16.5865421295166,35.898109436035156,0.0,36.36131286621094,35.666507720947266,35.898109436035156,0.0,1523959
2010-09-02,16.5865421295166,35.898109436035156,0.0,36.36131286621094,35.898109436035156,36.12971115112305,0.0,1464265
2010-09-03,16.5865421295166,35.898109436035156,0.0,36.12971115112305,35.898109436035156,36.12971115112305,0.0,1973223
2010-09-06,16.80056381225586,36.36131286621094,0.0,36.36131286621094,35.898109436035156,36.12971115112305,0.0,1864631
2010-09-07,16.514314651489258,34.74010467529297,1.019043,35.20330810546875,34.74010467529297,35.20330810546875,0.0,1836134
2010-09-08,16.624408721923828,34.97170639038086,0.0,34.97170639038086,34.74010467529297,34.74010467529297,0.0,485965
2010-09-09,16.7345027923584,35.20330810546875,0.0,35.43490982055664,34.97170639038086,34.97170639038086,0.0,940843
2010-09-10,16.624408721923828,34.97170639038086,0.0,35.43490982055664,34.97170639038086,35.20330810546875,0.0,493090
2010-09-13,16.7345027923584,35.20330810546875,0.0,35.20330810546875,34.97170639038086,35.20330810546875,0.0,888382
2010-09-14,16.7345027923584,35.20330810546875,0.0,35.20330810546875,34.74010467529297,34.97170639038086,0.0,1194404
2010-09-15,16.624408721923828,34.97170639038086,0.0,35.20330810546875,34.74010467529297,34.97170639038086,0.0,571133
2010-09-16,16.514314651489258,34.74010467529297,0.0,35.20330810546875,34.74010467529297,34.97170639038086,0.0,342939
2010-09-17,16.624408721923828,34.97170639038086,0.0,34.97170639038086,34.74010467529297,34.97170639038086,0.0,724522
2010-09-20,16.624408721923828,34.97170639038086,0.0,34.97170639038086,34.74010467529297,34.74010467529297,0.0,233159
2010-09-21,16.514314651489258,34.74010467529297,0.0,34.97170639038086,34.74010467529297,34.97170639038086,0.0,1992113
2010-09-22,16.514314651489258,34.74010467529297,0.0,34.97170639038086,34.74010467529297,34.97170639038086,0.0,953364
2010-09-23,16.514314651489258,34.74010467529297,0.0,35.20330810546875,34.74010467529297,34.97170639038086,0.0,1021154
2010-09-24,16.7345027923584,35.20330810546875,0.0,35.20330810546875,34.74010467529297,34.97170639038086,0.0,656517
2010-09-27,16.514314651489258,34.74010467529297,0.0,35.20330810546875,34.74010467529297,35.20330810546875,0.0,2181016
2010-09-28,16.624408721923828,34.97170639038086,0.0,35.20330810546875,34.74010467529297,34.97170639038086,0.0,955739
2010-09-29,16.7345027923584,35.20330810546875,0.0,35.20330810546875,34.74010467529297,34.97170639038086,0.0,1926159
2010-09-30,16.7345027923584,35.20330810546875,0.0,35.20330810546875,34.97170639038086,34.97170639038086,0.0,829444
2010-10-01,16.624408721923828,34.97170639038086,0.0,35.20330810546875,34.97170639038086,34.97170639038086,0.0,745571
2010-10-04,16.514314651489258,34.74010467529297,0.0,35.20330810546875,34.74010467529297,34.97170639038086,0.0,1172600
2010-10-05,16.7345027923584,35.20330810546875,0.0,35.20330810546875,34.74010467529297,34.97170639038086,0.0,855135
2010-10-06,16.624408721923828,34.97170639038086,0.0,35.20330810546875,34.74010467529297,34.97170639038086,0.0,745032
2010-10-07,16.624408721923828,34.97170639038086,0.0,35.20330810546875,34.74010467529297,34.97170639038086,0.0,1234560
2010-10-08,16.514314651489258,34.74010467529297,0.0,34.97170639038086,34.74010467529297,34.97170639038086,0.0,1411480
2010-10-11,16.624408721923828,34.97170639038086,0.0,34.97170639038086,34.74010467529297,34.74010467529297,0.0,607187
2010-10-12,16.514314651489258,34.74010467529297,0.0,34.97170639038086,34.74010467529297,34.97170639038086,0.0,505395
2010-10-13,16.514314651489258,34.74010467529297,0.0,34.97170639038086,34.508506774902344,34.97170639038086,0.0,4954216
2010-10-14,16.404218673706055,34.508506774902344,0.0,34.74010467529297,34.27690505981445,34.74010467529297,0.0,6662436
2010-10-15,16.404218673706055,34.508506774902344,0.0,34.74010467529297,34.508506774902344,34.74010467529297,0.0,2941484
2010-10-18,16.294126510620117,34.27690505981445,0.0,34.74010467529297,34.27690505981445,34.508506774902344,0.0,1197643
2010-10-19,16.404218673706055,34.508506774902344,0.0,34.508506774902344,34.27690505981445,34.508506774902344,0.0,1123053
2010-10-20,16.514314651489258,34.74010467529297,0.0,34.74010467529297,34.508506774902344,34.508506774902344,0.0,615822
2010-10-21,16.514314651489258,34.74010467529297,0.0,34.74010467529297,34.508506774902344,34.508506774902344,0.0,663102
2010-10-22,16.404218673706055,34.508506774902344,0.0,34.74010467529297,34.508506774902344,34.508506774902344,0.0,385145
2010-10-26,16.404218673706055,34.508506774902344,0.0,34.74010467529297,34.508506774902344,34.74010467529297,0.0,435555
2010-10-27,16.294126510620117,34.27690505981445,0.0,34.508506774902344,34.27690505981445,34.508506774902344,0.0,3415900
2010-10-28,16.294126510620117,34.27690505981445,0.0,34.27690505981445,33.81370544433594,34.27690505981445,0.0,3937811
2010-10-29,16.073932647705078,33.81370544433594,0.0,34.04530334472656,33.58210372924805,34.04530334472656,0.0,3004092
2010-11-01,16.18402099609375,34.04530334472656,0.0,34.27690505981445,33.81370544433594,34.04530334472656,0.0,2791010
2010-11-02,16.18402099609375,34.04530334472656,0.0,34.27690505981445,34.04530334472656,34.04530334472656,0.0,791340
2010-11-03,16.294126510620117,34.27690505981445,0.0,34.74010467529297,34.27690505981445,34.27690505981445,0.0,983913
2010-11-04,16.624408721923828,34.97170639038086,0.0,34.97170639038086,34.27690505981445,34.508506774902344,0.0,1760789
2010-11-05,16.624408721923828,34.97170639038086,0.0,35.20330810546875,34.74010467529297,34.97170639038086,0.0,2076850
2010-11-08,16.624408721923828,34.97170639038086,0.0,35.20330810546875,34.74010467529297,35.20330810546875,0.0,1418929
2010-11-09,16.7345027923584,35.20330810546875,0.0,35.20330810546875,34.74010467529297,34.97170639038086,0.0,1566057
2010-11-10,16.514314651489258,34.74010467529297,0.0,34.97170639038086,34.74010467529297,34.97170639038086,0.0,887950
2010-11-11,16.514314651489258,34.74010467529297,0.0,35.20330810546875,34.74010467529297,34.74010467529297,0.0,988878
2010-11-12,16.514314651489258,34.74010467529297,0.0,34.97170639038086,34.27690505981445,34.97170639038086,0.0,1342504
2010-11-15,16.294126510620117,34.27690505981445,0.0,34.74010467529297,34.27690505981445,34.508506774902344,0.0,1170657
2010-11-16,16.073932647705078,33.81370544433594,0.0,34.27690505981445,33.81370544433594,34.27690505981445,0.0,1674865
2010-11-17,16.073932647705078,33.81370544433594,0.0,33.81370544433594,33.58210372924805,33.81370544433594,0.0,1551053
2010-11-18,16.18402099609375,34.04530334472656,0.0,34.27690505981445,33.81370544433594,33.81370544433594,0.0,385253
2010-11-19,15.523457527160645,32.65570068359375,0.0,32.88730239868164,31.266096115112305,31.96089744567871,0.0,31020090
2010-11-22,15.523457527160645,32.65570068359375,0.0,33.118900299072266,32.42409896850586,33.118900299072266,0.0,10798973
2010-11-23,15.413355827331543,32.42409896850586,0.0,32.88730239868164,31.96089744567871,32.65570068359375,0.0,8094102
2010-11-24,15.413355827331543,32.42409896850586,0.0,32.42409896850586,32.19249725341797,32.42409896850586,0.0,1783997
2010-11-25,15.303264617919922,32.19249725341797,0.0,32.42409896850586,31.96089744567871,32.42409896850586,0.0,2650358
2010-11-26,15.303264617919922,32.19249725341797,0.0,32.19249725341797,31.96089744567871,32.19249725341797,0.0,1709299
2010-11-29,15.413355827331543,32.42409896850586,0.0,32.42409896850586,31.96089744567871,32.19249725341797,0.0,3151112
2010-11-30,15.413355827331543,32.42409896850586,0.0,32.42409896850586,32.19249725341797,32.42409896850586,0.0,1653924
2010-12-01,15.413355827331543,32.42409896850586,0.0,32.65570068359375,32.19249725341797,32.42409896850586,0.0,3182200
2010-12-02,15.413355827331543,32.42409896850586,0.0,32.88730239868164,32.19249725341797,32.42409896850586,0.0,4011537
2010-12-03,15.413355827331543,32.42409896850586,0.0,32.65570068359375,32.42409896850586,32.42409896850586,0.0,1010683
2010-12-07,15.633549690246582,32.88730239868164,0.0,33.118900299072266,32.42409896850586,32.42409896850586,0.0,2474733
2010-12-08,15.633549690246582,32.88730239868164,0.0,33.118900299072266,32.65570068359375,32.88730239868164,0.0,2907590
2010-12-09,15.853741645812988,33.350502014160156,0.0,33.58210372924805,32.88730239868164,32.88730239868164,0.0,3684790
2010-12-13,16.073932647705078,33.81370544433594,0.0,33.81370544433594,33.350502014160156,33.58210372924805,0.0,4036364
2010-12-14,16.18402099609375,34.04530334472656,0.0,34.27690505981445,33.58210372924805,33.81370544433594,0.0,3882868
2010-12-15,16.18402099609375,34.04530334472656,0.0,34.27690505981445,33.81370544433594,33.81370544433594,0.0,2256145
2010-12-16,16.84459686279297,35.43490982055664,0.0,35.666507720947266,34.04530334472656,34.27690505981445,0.0,10799081
2010-12-17,16.624408721923828,34.97170639038086,0.0,36.36131286621094,34.97170639038086,36.12971115112305,0.0,6840220
2010-12-20,16.7345027923584,35.20330810546875,0.0,35.666507720947266,34.74010467529297,35.20330810546875,0.0,3351889
2010-12-21,16.514314651489258,34.74010467529297,0.0,35.43490982055664,34.508506774902344,35.20330810546875,0.0,1552996
2010-12-22,16.84459686279297,35.43490982055664,0.0,35.666507720947266,34.74010467529297,34.74010467529297,0.0,1055696
2010-12-23,16.95469856262207,35.666507720947266,0.0,35.898109436035156,35.20330810546875,35.666507720947266,0.0,1356861
2010-12-24,17.064788818359375,35.898109436035156,0.0,35.898109436035156,35.20330810546875,35.666507720947266,0.0,1560228
2010-12-27,16.95469856262207,35.666507720947266,0.0,35.898109436035156,35.43490982055664,35.898109436035156,0.0,1357832
2010-12-28,16.84459686279297,35.43490982055664,0.0,35.666507720947266,35.20330810546875,35.666507720947266,0.0,943973
2010-12-29,16.95469856262207,35.666507720947266,0.0,35.666507720947266,35.43490982055664,35.43490982055664,0.0,1005286
2010-12-30,16.84459686279297,35.43490982055664,0.0,35.666507720947266,35.20330810546875,35.43490982055664,0.0,1416338
2011-01-04,16.95469856262207,35.666507720947266,0.0,35.898109436035156,35.43490982055664,35.898109436035156,0.0,6895488
2011-01-05,17.064788818359375,35.898109436035156,0.0,35.898109436035156,35.666507720947266,35.898109436035156,0.0,2040688
2011-01-06,17.39508056640625,36.59291076660156,0.0,36.82451248168945,36.12971115112305,36.36131286621094,0.0,7675062
2011-01-07,17.945556640625,37.75091552734375,0.0,38.90892028808594,37.056114196777344,37.056114196777344,0.0,13002766
2011-01-10,17.615264892578125,37.056114196777344,0.0,38.214115142822266,36.59291076660156,38.214115142822266,0.0,6884262
2011-01-11,17.284976959228516,36.36131286621094,0.0,36.82451248168945,36.12971115112305,36.82451248168945,0.0,3771793
2011-01-12,17.835458755493164,37.51931381225586,0.0,37.75091552734375,36.82451248168945,36.82451248168945,0.0,2548675
2011-01-13,17.725360870361328,37.28771209716797,0.0,37.75091552734375,37.056114196777344,37.51931381225586,0.0,861072
2011-01-14,17.725360870361328,37.28771209716797,0.0,37.28771209716797,36.59291076660156,37.056114196777344,0.0,1975922
2011-01-17,17.50517463684082,36.82451248168945,0.0,37.51931381225586,36.82451248168945,37.51931381225586,0.0,1567460
2011-01-18,17.725360870361328,37.28771209716797,0.0,37.51931381225586,36.82451248168945,36.82451248168945,0.0,1071887
2011-01-19,17.615264892578125,37.056114196777344,0.0,37.51931381225586,37.056114196777344,37.51931381225586,0.0,1524606
2011-01-20,17.50517463684082,36.82451248168945,0.0,37.28771209716797,36.59291076660156,37.056114196777344,0.0,935877
2011-01-21,17.50517463684082,36.82451248168945,0.0,36.82451248168945,36.12971115112305,36.82451248168945,0.0,1658565
2011-01-24,16.7345027923584,35.20330810546875,0.0,36.59291076660156,35.20330810546875,36.59291076660156,0.0,2466097
2011-01-25,16.95469856262207,35.666507720947266,0.0,36.12971115112305,35.20330810546875,35.898109436035156,0.0,4045000
2011-01-26,17.725360870361328,37.28771209716797,0.0,37.28771209716797,35.666507720947266,35.666507720947266,0.0,3692454
2011-01-27,17.725360870361328,37.28771209716797,0.0,37.28771209716797,37.056114196777344,37.056114196777344,0.0,1458112
2011-01-28,17.725360870361328,37.28771209716797,0.0,37.28771209716797,37.056114196777344,37.28771209716797,0.0,1783025
2011-01-31,17.725360870361328,37.28771209716797,0.0,37.28771209716797,36.59291076660156,36.59291076660156,0.0,957574
2011-02-01,17.284976959228516,36.36131286621094,0.0,37.51931381225586,36.36131286621094,37.51931381225586,0.0,1996107
2011-02-02,17.39508056640625,36.59291076660156,0.0,36.82451248168945,36.36131286621094,36.82451248168945,0.0,339485
2011-02-03,17.284976959228516,36.36131286621094,0.0,37.056114196777344,36.12971115112305,37.056114196777344,0.0,632122
2011-02-04,17.17488670349121,36.12971115112305,0.0,36.82451248168945,36.12971115112305,36.36131286621094,0.0,1165151
2011-02-07,17.284976959228516,36.36131286621094,0.0,36.36131286621094,35.898109436035156,36.12971115112305,0.0,702502
2011-02-08,17.39508056640625,36.59291076660156,0.0,36.59291076660156,36.36131286621094,36.59291076660156,0.0,306454
2011-02-09,17.284976959228516,36.36131286621094,0.0,36.82451248168945,36.36131286621094,36.59291076660156,0.0,813792
2011-02-10,17.39508056640625,36.59291076660156,0.0,36.59291076660156,36.12971115112305,36.36131286621094,0.0,1313575
2011-02-11,17.50517463684082,36.82451248168945,0.0,36.82451248168945,36.12971115112305,36.36131286621094,0.0,1833975
2011-02-14,17.284976959228516,36.36131286621094,0.0,36.82451248168945,36.36131286621094,36.82451248168945,0.0,508526
2011-02-15,17.284976959228516,36.36131286621094,0.0,36.59291076660156,36.12971115112305,36.59291076660156,0.0,1069189
2011-02-16,17.39508056640625,36.59291076660156,0.0,36.82451248168945,36.36131286621094,36.82451248168945,0.0,598011
2011-02-17,17.50517463684082,36.82451248168945,0.0,37.056114196777344,36.59291076660156,36.59291076660156,0.0,1950879
2011-02-18,17.50517463684082,36.82451248168945,0.0,36.82451248168945,36.82451248168945,36.82451248168945,0.0,0
2011-02-21,17.615264892578125,37.056114196777344,0.0,37.28771209716797,36.82451248168945,37.28771209716797,0.0,3126933
2011-02-22,17.39508056640625,36.59291076660156,0.0,37.056114196777344,36.36131286621094,37.056114196777344,0.0,1601571
2011-02-23,17.50517463684082,36.82451248168945,0.0,36.82451248168945,36.36131286621094,36.36131286621094,0.0,743844
2011-02-24,17.39508056640625,36.59291076660156,0.0,36.82451248168945,36.36131286621094,36.82451248168945,0.0,1369598
2011-02-25,17.463117599487305,35.666507720947266,1.065363,35.666507720947266,35.20330810546875,35.666507720947266,0.0,591859
2011-02-28,17.349714279174805,35.43490982055664,0.0,35.666507720947266,35.20330810546875,35.43490982055664,0.0,400365
2011-03-01,17.236318588256836,35.20330810546875,0.0,35.43490982055664,34.97170639038086,35.43490982055664,0.0,2303749
2011-03-02,17.236318588256836,35.20330810546875,0.0,35.20330810546875,34.74010467529297,35.20330810546875,0.0,678538
2011-03-03,17.1229248046875,34.97170639038086,0.0,35.43490982055664,34.97170639038086,34.97170639038086,0.0,531086
2011-03-04,17.1229248046875,34.97170639038086,0.0,35.43490982055664,34.97170639038086,35.20330810546875,0.0,656841
2011-03-07,17.1229248046875,34.97170639038086,0.0,35.43490982055664,34.97170639038086,34.97170639038086,0.0,949694
2011-03-08,17.236318588256836,35.20330810546875,0.0,35.20330810546875,34.74010467529297,35.20330810546875,0.0,1941595
2011-03-09,17.00952911376953,34.74010467529297,0.0,35.20330810546875,34.74010467529297,34.97170639038086,0.0,2218905
2011-03-10,17.00952911376953,34.74010467529297,0.0,34.97170639038086,34.74010467529297,34.74010467529297,0.0,208872
2011-03-11,17.1229248046875,34.97170639038086,0.0,34.97170639038086,34.74010467529297,34.97170639038086,0.0,444407
2011-03-14,17.00952911376953,34.74010467529297,0.0,34.97170639038086,34.508506774902344,34.74010467529297,0.0,1268886
2011-03-15,17.236318588256836,35.20330810546875,0.0,35.20330810546875,34.508506774902344,34.74010467529297,0.0,1819726
2011-03-16,17.00952911376953,34.74010467529297,0.0,35.20330810546875,34.74010467529297,35.20330810546875,0.0,600926
2011-03-17,17.236318588256836,35.20330810546875,0.0,35.20330810546875,34.74010467529297,34.97170639038086,0.0,319299
2011-03-21,17.1229248046875,34.97170639038086,0.0,35.20330810546875,34.74010467529297,34.97170639038086,0.0,575451
2011-03-22,17.1229248046875,34.97170639038086,0.0,35.20330810546875,34.97170639038086,34.97170639038086,0.0,202503
2011-03-23,17.1229248046875,34.97170639038086,0.0,35.20330810546875,34.74010467529297,34.74010467529297,0.0,264463
2011-03-24,17.00952911376953,34.74010467529297,0.0,34.97170639038086,34.74010467529297,34.97170639038086,0.0,1153493
2011-03-25,17.00952911376953,34.74010467529297,0.0,35.20330810546875,34.74010467529297,34.97170639038086,0.0,714376
2011-03-28,17.1229248046875,34.97170639038086,0.0,35.20330810546875,34.97170639038086,34.97170639038086,0.0,215133
2011-03-29,17.236318588256836,35.20330810546875,0.0,35.43490982055664,35.20330810546875,35.20330810546875,0.0,960597
2011-03-30,17.236318588256836,35.20330810546875,0.0,35.43490982055664,35.20330810546875,35.43490982055664,0.0,1731967
2011-03-31,17.236318588256836,35.20330810546875,0.0,35.898109436035156,35.20330810546875,35.43490982055664,0.0,1593367
2011-04-01,17.463117599487305,35.666507720947266,0.0,35.898109436035156,35.43490982055664,35.43490982055664,0.0,1120786
2011-04-04,17.576509475708008,35.898109436035156,0.0,36.12971115112305,35.898109436035156,36.12971115112305,0.0,550300
2011-04-05,17.576509475708008,35.898109436035156,0.0,36.12971115112305,35.666507720947266,36.12971115112305,0.0,340456
2011-04-07,17.689910888671875,36.12971115112305,0.0,36.12971115112305,35.666507720947266,36.12971115112305,0.0,1579766
2011-04-08,17.349714279174805,35.43490982055664,0.0,36.12971115112305,35.43490982055664,36.12971115112305,0.0,2030865
2011-04-11,17.576509475708008,35.898109436035156,0.0,35.898109436035156,35.43490982055664,35.43490982055664,0.0,1220743
2011-04-12,17.689910888671875,36.12971115112305,0.0,36.12971115112305,35.666507720947266,36.12971115112305,0.0,804401
2011-04-18,17.576509475708008,35.898109436035156,0.0,36.36131286621094,35.898109436035156,36.12971115112305,0.0,1293173
2011-04-19,17.916704177856445,36.59291076660156,0.0,36.82451248168945,35.898109436035156,35.898109436035156,0.0,3384056
2011-04-20,18.030099868774414,36.82451248168945,0.0,36.82451248168945,36.36131286621094,36.59291076660156,0.0,1560012
2011-04-21,18.14349365234375,37.056114196777344,0.0,37.056114196777344,36.59291076660156,37.056114196777344,0.0,1055372
2011-04-22,18.14349365234375,37.056114196777344,0.0,37.056114196777344,36.59291076660156,36.82451248168945,0.0,1004098
2011-04-25,18.14349365234375,37.056114196777344,0.0,37.056114196777344,36.59291076660156,37.056114196777344,0.0,557748
2011-04-26,18.030099868774414,36.82451248168945,0.0,37.056114196777344,36.82451248168945,36.82451248168945,0.0,1650146
2011-04-27,18.14349365234375,37.056114196777344,0.0,37.056114196777344,36.82451248168945,37.056114196777344,0.0,1059798
2011-04-28,18.030099868774414,36.82451248168945,0.0,37.056114196777344,36.82451248168945,37.056114196777344,0.0,615498
2011-04-29,18.14349365234375,37.056114196777344,0.0,37.056114196777344,36.36131286621094,37.056114196777344,0.0,1960917
2011-05-03,18.030099868774414,36.82451248168945,0.0,37.28771209716797,36.59291076660156,37.056114196777344,0.0,1482292
2011-05-04,18.256893157958984,37.28771209716797,0.0,37.28771209716797,36.82451248168945,37.28771209716797,0.0,1082898
2011-05-06,18.14349365234375,37.056114196777344,0.0,37.056114196777344,36.82451248168945,36.82451248168945,0.0,1081494
2011-05-09,18.14349365234375,37.056114196777344,0.0,37.28771209716797,36.82451248168945,37.056114196777344,0.0,1158675
2011-05-10,18.030099868774414,36.82451248168945,0.0,37.28771209716797,36.82451248168945,37.28771209716797,0.0,460922
2011-05-11,17.916704177856445,36.59291076660156,0.0,37.056114196777344,36.59291076660156,36.82451248168945,0.0,1398095
2011-05-12,18.14349365234375,37.056114196777344,0.0,37.056114196777344,36.59291076660156,36.59291076660156,0.0,1929614
2011-05-13,18.14349365234375,37.056114196777344,0.0,37.056114196777344,36.82451248168945,37.056114196777344,0.0,455417
2011-05-18,18.14349365234375,37.056114196777344,0.0,37.28771209716797,36.82451248168945,37.056114196777344,0.0,3830946
2011-05-19,18.597084045410156,37.98251724243164,0.0,37.98251724243164,37.056114196777344,37.28771209716797,0.0,1446454
2011-05-20,18.597084045410156,37.98251724243164,0.0,38.67731857299805,37.98251724243164,37.98251724243164,0.0,3330624
2011-05-23,18.710474014282227,38.214115142822266,0.0,38.445716857910156,37.75091552734375,37.75091552734375,0.0,964914
2011-05-24,18.82387351989746,38.445716857910156,0.0,38.445716857910156,37.98251724243164,38.214115142822266,0.0,1209517
2011-05-25,18.937274932861328,38.67731857299805,0.0,38.67731857299805,38.214115142822266,38.214115142822266,0.0,2022662
2011-05-26,19.277463912963867,39.37211990356445,0.0,39.37211990356445,38.67731857299805,38.67731857299805,0.0,2286694
2011-05-27,19.50425910949707,39.835323333740234,0.0,40.29852294921875,39.603721618652344,39.835323333740234,0.0,3208107
2011-05-30,19.50425910949707,39.835323333740234,0.0,40.29852294921875,39.603721618652344,39.835323333740234,0.0,2169142
2011-05-31,19.957847595214844,40.76172637939453,0.0,40.76172637939453,39.603721618652344,39.603721618652344,0.0,7560533
2011-06-01,19.957847595214844,40.76172637939453,0.0,40.993324279785156,40.53012466430664,40.993324279785156,0.0,1842071
2011-06-02,19.50425910949707,39.835323333740234,0.0,40.53012466430664,39.603721618652344,40.53012466430664,0.0,1637840
2011-06-03,19.50425910949707,39.835323333740234,0.0,39.835323333740234,39.37211990356445,39.603721618652344,0.0,969340
2011-06-06,19.277463912963867,39.37211990356445,0.0,40.06692123413086,39.14051818847656,40.06692123413086,0.0,820053
2011-06-07,19.617656707763672,40.06692123413086,0.0,40.29852294921875,39.14051818847656,39.14051818847656,0.0,1717395
2011-06-08,19.0506649017334,38.90892028808594,0.0,40.06692123413086,38.445716857910156,40.06692123413086,0.0,1330090
2011-06-09,19.50425910949707,39.835323333740234,0.0,39.835323333740234,38.445716857910156,38.67731857299805,0.0,1299758
2011-06-10,19.277463912963867,39.37211990356445,0.0,39.835323333740234,39.14051818847656,39.835323333740234,0.0,503992
2011-06-13,18.937274932861328,38.67731857299805,0.0,39.37211990356445,38.445716857910156,39.37211990356445,0.0,715779
2011-06-14,19.16407012939453,39.14051818847656,0.0,39.37211990356445,38.445716857910156,38.67731857299805,0.0,809475
2011-06-15,19.0506649017334,38.90892028808594,0.0,39.14051818847656,38.90892028808594,39.14051818847656,0.0,758525
2011-06-16,18.483686447143555,37.75091552734375,0.0,38.90892028808594,37.75091552734375,38.67731857299805,0.0,1218908
2011-06-17,19.16407012939453,39.14051818847656,0.0,39.14051818847656,37.51931381225586,37.51931381225586,0.0,1874562
2011-06-20,19.0506649017334,38.90892028808594,0.0,39.14051818847656,38.445716857910156,38.445716857910156,0.0,630503
2011-06-21,19.16407012939453,39.14051818847656,0.0,39.14051818847656,38.90892028808594,39.14051818847656,0.0,693650
2011-06-22,19.0506649017334,38.90892028808594,0.0,39.14051818847656,38.67731857299805,39.14051818847656,0.0,587001
2011-06-23,19.0506649017334,38.90892028808594,0.0,38.90892028808594,38.67731857299805,38.67731857299805,0.0,1078796
2011-06-24,19.0506649017334,38.90892028808594,0.0,38.90892028808594,38.67731857299805,38.67731857299805,0.0,330201
2011-06-27,19.0506649017334,38.90892028808594,0.0,38.90892028808594,38.445716857910156,38.67731857299805,0.0,366039
2011-06-28,18.483686447143555,37.75091552734375,0.0,38.90892028808594,37.51931381225586,38.90892028808594,0.0,2165472
2011-06-29,18.937274932861328,38.67731857299805,0.0,38.67731857299805,37.75091552734375,37.75091552734375,0.0,662454
2011-06-30,18.937274932861328,38.67731857299805,0.0,38.67731857299805,38.445716857910156,38.67731857299805,0.0,340672
2011-07-04,19.0506649017334,38.90892028808594,0.0,38.90892028808594,38.67731857299805,38.90892028808594,0.0,3316591
2011-07-05,18.937274932861328,38.67731857299805,0.0,38.90892028808594,38.67731857299805,38.90892028808594,0.0,1619921
2011-07-06,18.937274932861328,38.67731857299805,0.0,38.90892028808594,38.67731857299805,38.90892028808594,0.0,702825
2011-07-07,19.277463912963867,39.37211990356445,0.0,39.37211990356445,38.67731857299805,38.67731857299805,0.0,3264346
2011-07-08,19.0506649017334,38.90892028808594,0.0,39.37211990356445,38.67731857299805,39.37211990356445,0.0,1231429
2011-07-11,19.0506649017334,38.90892028808594,0.0,38.90892028808594,38.67731857299805,38.67731857299805,0.0,716858
2011-07-12,18.82387351989746,38.445716857910156,0.0,38.90892028808594,38.445716857910156,38.67731857299805,0.0,302568
2011-07-13,19.0506649017334,38.90892028808594,0.0,39.14051818847656,38.445716857910156,38.445716857910156,0.0,1005070
2011-07-14,18.937274932861328,38.67731857299805,0.0,38.90892028808594,38.67731857299805,38.67731857299805,0.0,338729
2011-07-18,18.82387351989746,38.445716857910156,0.0,38.67731857299805,38.445716857910156,38.67731857299805,0.0,802566
2011-07-19,19.0506649017334,38.90892028808594,0.0,38.90892028808594,38.445716857910156,38.445716857910156,0.0,329662
2011-07-20,19.16407012939453,39.14051818847656,0.0,39.14051818847656,38.67731857299805,38.90892028808594,0.0,802350
2011-07-21,19.0506649017334,38.90892028808594,0.0,39.14051818847656,38.90892028808594,39.14051818847656,0.0,961244
2011-07-22,19.277463912963867,39.37211990356445,0.0,39.603721618652344,39.14051818847656,39.14051818847656,0.0,1320591
2011-07-25,19.39086151123047,39.603721618652344,0.0,39.835323333740234,39.37211990356445,39.37211990356445,0.0,327287
2011-07-26,19.50425910949707,39.835323333740234,0.0,39.835323333740234,39.603721618652344,39.835323333740234,0.0,919902
2011-07-27,19.277463912963867,39.37211990356445,0.0,39.835323333740234,39.37211990356445,39.603721618652344,0.0,962648
2011-07-28,19.50425910949707,39.835323333740234,0.0,39.835323333740234,39.37211990356445,39.37211990356445,0.0,544039
2011-07-29,19.50425910949707,39.835323333740234,0.0,39.835323333740234,39.603721618652344,39.835323333740234,0.0,821564
2011-08-01,19.39086151123047,39.603721618652344,0.0,39.835323333740234,39.37211990356445,39.835323333740234,0.0,1019426
2011-08-02,19.277463912963867,39.37211990356445,0.0,39.835323333740234,39.37211990356445,39.603721618652344,0.0,676811
2011-08-03,19.277463912963867,39.37211990356445,0.0,39.835323333740234,39.37211990356445,39.37211990356445,0.0,1126831
2011-08-04,19.277463912963867,39.37211990356445,0.0,39.835323333740234,39.37211990356445,39.603721618652344,0.0,1247837
2011-08-05,19.16407012939453,39.14051818847656,0.0,39.37211990356445,38.67731857299805,39.14051818847656,0.0,2775034
2011-08-08,19.0506649017334,38.90892028808594,0.0,39.14051818847656,38.445716857910156,38.445716857910156,0.0,1807205
2011-08-09,19.0506649017334,38.90892028808594,0.0,38.90892028808594,38.214115142822266,38.214115142822266,0.0,2011543
2011-08-10,19.39086151123047,39.603721618652344,0.0,39.603721618652344,38.67731857299805,38.90892028808594,0.0,2652949
2011-08-11,19.39086151123047,39.603721618652344,0.0,40.06692123413086,39.14051818847656,39.37211990356445,0.0,1149176
2011-08-15,19.617656707763672,40.06692123413086,0.0,40.06692123413086,39.835323333740234,39.835323333740234,0.0,895398
2011-08-16,19.731050491333008,40.29852294921875,0.0,40.53012466430664,40.06692123413086,40.29852294921875,0.0,848011
2011-08-17,19.731050491333008,40.29852294921875,0.0,40.76172637939453,40.29852294921875,40.53012466430664,0.0,891404
2011-08-18,19.617656707763672,40.06692123413086,0.0,40.76172637939453,40.06692123413086,40.76172637939453,0.0,653819
2011-08-19,19.617656707763672,40.06692123413086,0.0,40.53012466430664,40.06692123413086,40.06692123413086,0.0,2202497
2011-08-22,19.957847595214844,40.76172637939453,0.0,40.76172637939453,39.835323333740234,39.835323333740234,0.0,2733583
2011-08-23,19.957847595214844,40.76172637939453,0.0,40.76172637939453,40.29852294921875,40.53012466430664,0.0,1536588
2011-08-24,19.957847595214844,40.76172637939453,0.0,40.76172637939453,40.29852294921875,40.53012466430664,0.0,2303857
2011-08-25,20.23697280883789,40.29852294921875,1.019043,40.53012466430664,39.835323333740234,40.06692123413086,0.0,2727215
2011-08-26,20.353275299072266,40.53012466430664,0.0,40.53012466430664,39.603721618652344,39.835323333740234,0.0,1086784
2011-08-29,20.46958351135254,40.76172637939453,0.0,41.91972732543945,40.06692123413086,40.06692123413086,0.0,2544573
2011-08-30,20.353275299072266,40.53012466430664,0.0,40.993324279785156,40.06692123413086,40.993324279785156,0.0,1245462
2011-08-31,20.585886001586914,40.993324279785156,0.0,41.22492599487305,40.53012466430664,40.76172637939453,0.0,914073
2011-09-01,20.585886001586914,40.993324279785156,0.0,41.45652770996094,40.76172637939453,41.45652770996094,0.0,1216209
2011-09-02,20.353275299072266,40.53012466430664,0.0,40.993324279785156,40.53012466430664,40.993324279785156,0.0,339269
2011-09-05,20.23697280883789,40.29852294921875,0.0,40.76172637939453,40.29852294921875,40.29852294921875,0.0,425300
2011-09-06,20.12067222595215,40.06692123413086,0.0,40.29852294921875,39.835323333740234,40.29852294921875,0.0,712972
2011-09-07,20.23697280883789,40.29852294921875,0.0,40.29852294921875,39.835323333740234,40.06692123413086,0.0,896262
2011-09-08,20.353275299072266,40.53012466430664,0.0,40.53012466430664,40.06692123413086,40.06692123413086,0.0,397667
2011-09-09,20.70218849182129,41.22492599487305,0.0,41.45652770996094,40.53012466430664,40.76172637939453,0.0,1190410
2011-09-12,20.585886001586914,40.993324279785156,0.0,41.22492599487305,39.835323333740234,41.22492599487305,0.0,1406083
2011-09-13,20.585886001586914,40.993324279785156,0.0,40.993324279785156,40.53012466430664,40.76172637939453,0.0,429294
2011-09-14,20.818498611450195,41.45652770996094,0.0,41.45652770996094,40.53012466430664,40.53012466430664,0.0,1243411
2011-09-15,20.934804916381836,41.68812942504883,0.0,41.68812942504883,40.993324279785156,41.68812942504883,0.0,537779
2011-09-16,21.400020599365234,42.614532470703125,0.0,42.614532470703125,41.45652770996094,41.45652770996094,0.0,2942672
2011-09-19,20.934804916381836,41.68812942504883,0.0,42.382930755615234,41.45652770996094,42.151329040527344,0.0,1702822
2011-09-20,20.70218849182129,41.22492599487305,0.0,41.68812942504883,40.993324279785156,41.68812942504883,0.0,1055696
2011-09-21,20.934804916381836,41.68812942504883,0.0,41.68812942504883,41.22492599487305,41.22492599487305,0.0,1060985
2011-09-22,20.818498611450195,41.45652770996094,0.0,41.45652770996094,40.993324279785156,41.22492599487305,0.0,883093
2011-09-23,20.46958351135254,40.76172637939453,0.0,40.993324279785156,38.90892028808594,40.993324279785156,0.0,4082241
2011-09-26,20.353275299072266,40.53012466430664,0.0,40.76172637939453,38.214115142822266,40.29852294921875,0.0,2611714
2011-09-27,19.8880615234375,39.603721618652344,0.0,40.53012466430664,39.37211990356445,40.53012466430664,0.0,3430796
2011-09-28,19.8880615234375,39.603721618652344,0.0,39.835323333740234,39.14051818847656,39.603721618652344,0.0,1878988
2011-09-29,19.77176284790039,39.37211990356445,0.0,39.603721618652344,39.14051818847656,39.37211990356445,0.0,1424002
2011-09-30,19.77176284790039,39.37211990356445,0.0,39.37211990356445,38.90892028808594,39.14051818847656,0.0,1246218
2011-10-03,18.957624435424805,37.75091552734375,0.0,38.90892028808594,37.51931381225586,38.90892028808594,0.0,1648203
2011-10-04,18.84132194519043,37.51931381225586,0.0,37.75091552734375,36.36131286621094,37.28771209716797,0.0,1368734
2011-10-05,18.60871124267578,37.056114196777344,0.0,37.75091552734375,37.056114196777344,37.75091552734375,0.0,1999346
2011-10-06,18.957624435424805,37.75091552734375,0.0,38.214115142822266,36.82451248168945,37.28771209716797,0.0,2145071
2011-10-07,18.37610626220703,36.59291076660156,0.0,38.214115142822266,36.59291076660156,38.214115142822266,0.0,1308609
2011-10-10,18.725013732910156,37.28771209716797,0.0,37.28771209716797,36.12971115112305,36.12971115112305,0.0,886655
2011-10-11,18.957624435424805,37.75091552734375,0.0,37.98251724243164,37.056114196777344,37.51931381225586,0.0,1296951
2011-10-12,19.422842025756836,38.67731857299805,0.0,38.67731857299805,37.75091552734375,37.75091552734375,0.0,1251075
2011-10-13,19.422842025756836,38.67731857299805,0.0,38.90892028808594,38.445716857910156,38.90892028808594,0.0,931020
2011-10-14,19.77176284790039,39.37211990356445,0.0,39.37211990356445,38.67731857299805,38.67731857299805,0.0,512627
2011-10-17,19.77176284790039,39.37211990356445,0.0,39.835323333740234,38.90892028808594,38.90892028808594,0.0,370033
2011-10-18,20.004369735717773,39.835323333740234,0.0,39.835323333740234,38.445716857910156,38.90892028808594,0.0,1119275
2011-10-19,19.53915023803711,38.90892028808594,0.0,39.835323333740234,38.90892028808594,39.835323333740234,0.0,529575
2011-10-20,19.19023323059082,38.214115142822266,0.0,38.67731857299805,38.214115142822266,38.445716857910156,0.0,400365
2011-10-21,18.60871124267578,37.056114196777344,0.0,38.445716857910156,36.82451248168945,38.445716857910156,0.0,1213295
2011-10-25,18.49240493774414,36.82451248168945,0.0,37.28771209716797,36.59291076660156,36.59291076660156,0.0,1984773
2011-10-26,18.49240493774414,36.82451248168945,0.0,37.056114196777344,36.82451248168945,37.056114196777344,0.0,757445
2011-10-27,18.60871124267578,37.056114196777344,0.0,37.51931381225586,36.82451248168945,37.056114196777344,0.0,1044793
2011-10-28,18.84132194519043,37.51931381225586,0.0,38.445716857910156,37.51931381225586,37.51931381225586,0.0,1108373
2011-10-31,19.19023323059082,38.214115142822266,0.0,38.214115142822266,37.51931381225586,37.98251724243164,0.0,367982
2011-11-01,19.073930740356445,37.98251724243164,0.0,37.98251724243164,37.75091552734375,37.98251724243164,0.0,306238
2011-11-02,19.306541442871094,38.445716857910156,0.0,38.445716857910156,37.51931381225586,37.98251724243164,0.0,1455630
2011-11-03,19.306541442871094,38.445716857910156,0.0,38.445716857910156,37.98251724243164,38.214115142822266,0.0,576207
2011-11-04,19.306541442871094,38.445716857910156,0.0,39.14051818847656,38.445716857910156,38.67731857299805,0.0,594449
2011-11-07,18.957624435424805,37.75091552734375,0.0,38.67731857299805,37.51931381225586,38.445716857910156,0.0,643240
2011-11-08,19.19023323059082,38.214115142822266,0.0,38.214115142822266,37.75091552734375,37.98251724243164,0.0,723227
2011-11-09,19.073930740356445,37.98251724243164,0.0,38.445716857910156,37.98251724243164,38.214115142822266,0.0,4289062
2011-11-10,19.073930740356445,37.98251724243164,0.0,38.214115142822266,37.75091552734375,37.75091552734375,0.0,360102
2011-11-11,19.19023323059082,38.214115142822266,0.0,38.214115142822266,37.98251724243164,38.214115142822266,0.0,603948
2011-11-14,19.073930740356445,37.98251724243164,0.0,38.445716857910156,37.98251724243164,38.214115142822266,0.0,5610410
2011-11-15,19.306541442871094,38.445716857910156,0.0,38.67731857299805,37.98251724243164,38.214115142822266,0.0,1167742
2011-11-16,19.422842025756836,38.67731857299805,0.0,38.67731857299805,37.98251724243164,37.98251724243164,0.0,660080
2011-11-17,19.77176284790039,39.37211990356445,0.0,39.37211990356445,38.67731857299805,38.67731857299805,0.0,564117
2011-11-18,19.19023323059082,38.214115142822266,0.0,39.14051818847656,38.214115142822266,39.14051818847656,0.0,809798
2011-11-21,19.19023323059082,38.214115142822266,0.0,38.445716857910156,37.98251724243164,37.98251724243164,0.0,542744
2011-11-22,19.422842025756836,38.67731857299805,0.0,38.67731857299805,38.214115142822266,38.445716857910156,0.0,470097
2011-11-23,19.422842025756836,38.67731857299805,0.0,38.67731857299805,38.214115142822266,38.445716857910156,0.0,463621
2011-11-24,19.422842025756836,38.67731857299805,0.0,38.90892028808594,38.445716857910156,38.67731857299805,0.0,263492
2011-11-25,19.306541442871094,38.445716857910156,0.0,38.90892028808594,38.445716857910156,38.67731857299805,0.0,502697
2011-11-28,19.655452728271484,39.14051818847656,0.0,39.14051818847656,38.445716857910156,38.445716857910156,0.0,342183
2011-11-29,19.8880615234375,39.603721618652344,0.0,39.603721618652344,38.90892028808594,38.90892028808594,0.0,654358
2011-11-30,19.8880615234375,39.603721618652344,0.0,39.603721618652344,39.14051818847656,39.14051818847656,0.0,552459
2011-12-01,19.77176284790039,39.37211990356445,0.0,40.53012466430664,39.37211990356445,39.603721618652344,0.0,2219552
2011-12-02,19.8880615234375,39.603721618652344,0.0,39.835323333740234,39.37211990356445,39.603721618652344,0.0,695269
2011-12-06,19.655452728271484,39.14051818847656,0.0,40.29852294921875,39.14051818847656,39.603721618652344,0.0,1143778
2011-12-07,19.8880615234375,39.603721618652344,0.0,40.29852294921875,39.603721618652344,39.603721618652344,0.0,1133524
2011-12-08,20.353275299072266,40.53012466430664,0.0,40.993324279785156,39.835323333740234,39.835323333740234,0.0,1638380
2011-12-09,20.353275299072266,40.53012466430664,0.0,40.76172637939453,40.06692123413086,40.06692123413086,0.0,1209409
2011-12-13,21.28371238708496,42.382930755615234,0.0,42.382930755615234,40.29852294921875,40.76172637939453,0.0,1840236
2011-12-14,20.353275299072266,40.53012466430664,0.0,41.45652770996094,40.53012466430664,41.45652770996094,0.0,857942
2011-12-15,20.46958351135254,40.76172637939453,0.0,40.76172637939453,39.835323333740234,40.06692123413086,0.0,552891
2011-12-16,20.353275299072266,40.53012466430664,0.0,40.76172637939453,40.53012466430664,40.53012466430664,0.0,278388
2011-12-19,20.353275299072266,40.53012466430664,0.0,40.76172637939453,40.53012466430664,40.53012466430664,0.0,426920
2011-12-20,20.23697280883789,40.29852294921875,0.0,40.76172637939453,40.29852294921875,40.76172637939453,0.0,255288
2011-12-21,20.46958351135254,40.76172637939453,0.0,40.76172637939453,40.53012466430664,40.76172637939453,0.0,450344
2011-12-22,20.46958351135254,40.76172637939453,0.0,40.76172637939453,40.29852294921875,40.53012466430664,0.0,578474
2011-12-23,20.23697280883789,40.29852294921875,0.0,40.76172637939453,40.29852294921875,40.76172637939453,0.0,354273
2011-12-26,20.23697280883789,40.29852294921875,0.0,40.53012466430664,40.29852294921875,40.53012466430664,0.0,98337
2011-12-27,20.12067222595215,40.06692123413086,0.0,40.53012466430664,40.06692123413086,40.53012466430664,0.0,767916
2011-12-28,20.23697280883789,40.29852294921875,0.0,40.29852294921875,39.835323333740234,39.835323333740234,0.0,414398
2011-12-29,20.353275299072266,40.53012466430664,0.0,40.76172637939453,40.06692123413086,40.06692123413086,0.0,1190842
2011-12-30,20.46958351135254,40.76172637939453,0.0,40.76172637939453,40.29852294921875,40.29852294921875,0.0,1140648
2012-01-04,20.70218849182129,41.22492599487305,0.0,41.22492599487305,40.29852294921875,40.53012466430664,0.0,762519
2012-01-05,20.585886001586914,40.993324279785156,0.0,41.22492599487305,40.76172637939453,41.22492599487305,0.0,378021
2012-01-06,20.70218849182129,41.22492599487305,0.0,41.22492599487305,40.76172637939453,40.76172637939453,0.0,556129
2012-01-09,20.46958351135254,40.76172637939453,0.0,41.22492599487305,40.53012466430664,40.993324279785156,0.0,1110747
2012-01-10,20.46958351135254,40.76172637939453,0.0,40.76172637939453,40.53012466430664,40.76172637939453,0.0,766621
2012-01-11,20.23697280883789,40.29852294921875,0.0,40.76172637939453,40.06692123413086,40.76172637939453,0.0,1788854
2012-01-12,20.46958351135254,40.76172637939453,0.0,41.68812942504883,40.29852294921875,40.53012466430664,0.0,1671842
2012-01-13,20.46958351135254,40.76172637939453,0.0,40.993324279785156,40.53012466430664,40.76172637939453,0.0,971715
2012-01-16,20.585886001586914,40.993324279785156,0.0,40.993324279785156,40.53012466430664,40.53012466430664,0.0,368414
2012-01-17,20.585886001586914,40.993324279785156,0.0,40.993324279785156,40.53012466430664,40.993324279785156,0.0,422602
2012-01-18,20.46958351135254,40.76172637939453,0.0,40.993324279785156,40.76172637939453,40.993324279785156,0.0,342723
2012-01-19,20.353275299072266,40.53012466430664,0.0,40.993324279785156,40.53012466430664,40.993324279785156,0.0,834734
2012-01-20,20.23697280883789,40.29852294921875,0.0,40.76172637939453,40.29852294921875,40.76172637939453,0.0,534756
2012-01-23,20.23697280883789,40.29852294921875,0.0,40.53012466430664,40.29852294921875,40.53012466430664,0.0,502697
2012-01-24,20.585886001586914,40.993324279785156,0.0,40.993324279785156,40.29852294921875,40.29852294921875,0.0,658029
2012-01-25,20.353275299072266,40.53012466430664,0.0,40.993324279785156,40.53012466430664,40.993324279785156,0.0,366039
2012-01-26,20.46958351135254,40.76172637939453,0.0,40.76172637939453,40.53012466430664,40.76172637939453,0.0,434152
2012-01-27,20.353275299072266,40.53012466430664,0.0,40.993324279785156,40.53012466430664,40.993324279785156,0.0,302784
2012-01-30,20.353275299072266,40.53012466430664,0.0,40.76172637939453,40.53012466430664,40.53012466430664,0.0,438254
2012-01-31,20.46958351135254,40.76172637939453,0.0,40.993324279785156,40.53012466430664,40.53012466430664,0.0,594233
2012-02-01,20.46958351135254,40.76172637939453,0.0,40.76172637939453,40.53012466430664,40.76172637939453,0.0,556345
2012-02-02,20.46958351135254,40.76172637939453,0.0,40.993324279785156,40.76172637939453,40.993324279785156,0.0,687066
2012-02-03,20.353275299072266,40.53012466430664,0.0,40.993324279785156,40.53012466430664,40.993324279785156,0.0,1433825
2012-02-06,20.353275299072266,40.53012466430664,0.0,40.993324279785156,40.53012466430664,40.76172637939453,0.0,977544
2012-02-07,20.23697280883789,40.29852294921875,0.0,40.76172637939453,40.29852294921875,40.53012466430664,0.0,767916
2012-02-08,20.353275299072266,40.53012466430664,0.0,40.993324279785156,40.53012466430664,40.53012466430664,0.0,1259495
2012-02-09,20.23697280883789,40.29852294921875,0.0,40.993324279785156,40.29852294921875,40.76172637939453,0.0,1997834
2012-02-10,20.004369735717773,39.835323333740234,0.0,40.29852294921875,39.835323333740234,40.29852294921875,0.0,2562384
2012-02-13,20.004369735717773,39.835323333740234,0.0,40.29852294921875,39.835323333740234,40.06692123413086,0.0,943542
2012-02-14,20.12067222595215,40.06692123413086,0.0,40.29852294921875,39.835323333740234,39.835323333740234,0.0,1590560
2012-02-15,20.46958351135254,40.76172637939453,0.0,40.76172637939453,40.29852294921875,40.29852294921875,0.0,1328255
2012-02-16,20.353275299072266,40.53012466430664,0.0,40.76172637939453,40.29852294921875,40.76172637939453,0.0,712864
2012-02-17,20.353275299072266,40.53012466430664,0.0,40.76172637939453,40.53012466430664,40.76172637939453,0.0,533569
2012-02-20,20.12067222595215,40.06692123413086,0.0,40.53012466430664,40.06692123413086,40.29852294921875,0.0,1434796
2012-02-21,19.8880615234375,39.603721618652344,0.0,40.06692123413086,39.603721618652344,39.835323333740234,0.0,1957031
2012-02-22,19.8880615234375,39.603721618652344,0.0,39.835323333740234,39.603721618652344,39.603721618652344,0.0,753236
2012-02-23,20.12067222595215,40.06692123413086,0.0,40.06692123413086,39.603721618652344,39.603721618652344,0.0,1796302
2012-02-24,20.12067222595215,40.06692123413086,0.0,40.29852294921875,39.835323333740234,40.06692123413086,0.0,627480
2012-02-27,20.072879791259766,38.90892028808594,1.065363,39.14051818847656,38.67731857299805,39.14051818847656,0.0,1187280
2012-02-28,20.311843872070312,39.37211990356445,0.0,39.37211990356445,38.67731857299805,38.90892028808594,0.0,726789
2012-02-29,20.311843872070312,39.37211990356445,0.0,39.603721618652344,38.90892028808594,39.14051818847656,0.0,979379
2012-03-01,20.311843872070312,39.37211990356445,0.0,39.603721618652344,39.14051818847656,39.37211990356445,0.0,1179076
2012-03-02,20.311843872070312,39.37211990356445,0.0,39.603721618652344,39.14051818847656,39.37211990356445,0.0,784431
2012-03-05,20.311843872070312,39.37211990356445,0.0,39.37211990356445,38.90892028808594,39.37211990356445,0.0,470637
2012-03-06,20.19235610961914,39.14051818847656,0.0,39.14051818847656,38.90892028808594,38.90892028808594,0.0,416773
2012-03-08,20.19235610961914,39.14051818847656,0.0,39.14051818847656,38.90892028808594,39.14051818847656,0.0,1011654
2012-03-09,19.953393936157227,38.67731857299805,0.0,39.14051818847656,38.67731857299805,39.14051818847656,0.0,1041555
2012-03-12,19.953393936157227,38.67731857299805,0.0,38.90892028808594,38.67731857299805,38.67731857299805,0.0,740282
2012-03-13,19.833913803100586,38.445716857910156,0.0,38.90892028808594,38.445716857910156,38.67731857299805,0.0,666988
2012-03-14,19.833913803100586,38.445716857910156,0.0,38.90892028808594,38.214115142822266,38.67731857299805,0.0,1238985
2012-03-15,19.594951629638672,37.98251724243164,0.0,38.67731857299805,37.98251724243164,38.445716857910156,0.0,1287884
2012-03-16,20.072879791259766,38.90892028808594,0.0,38.90892028808594,37.98251724243164,38.214115142822266,0.0,2411477
2012-03-19,19.953393936157227,38.67731857299805,0.0,38.90892028808594,38.445716857910156,38.90892028808594,0.0,2299107
2012-03-20,19.833913803100586,38.445716857910156,0.0,38.90892028808594,38.214115142822266,38.67731857299805,0.0,1025579
2012-03-21,19.953393936157227,38.67731857299805,0.0,38.67731857299805,38.214115142822266,38.445716857910156,0.0,1684148
2012-03-22,19.833913803100586,38.445716857910156,0.0,38.90892028808594,38.445716857910156,38.67731857299805,0.0,1310984
2012-03-23,19.953393936157227,38.67731857299805,0.0,38.90892028808594,38.445716857910156,38.67731857299805,0.0,1797706
2012-03-26,19.833913803100586,38.445716857910156,0.0,38.90892028808594,38.445716857910156,38.67731857299805,0.0,839915
2012-03-27,19.833913803100586,38.445716857910156,0.0,38.90892028808594,38.445716857910156,38.445716857910156,0.0,1154573
2012-03-28,19.833913803100586,38.445716857910156,0.0,38.67731857299805,38.214115142822266,38.67731857299805,0.0,1888919
2012-03-29,19.714431762695312,38.214115142822266,0.0,38.67731857299805,38.214115142822266,38.445716857910156,0.0,1599843
2012-03-30,19.714431762695312,38.214115142822266,0.0,38.445716857910156,38.214115142822266,38.445716857910156,0.0,1300298
2012-04-02,19.594951629638672,37.98251724243164,0.0,38.445716857910156,37.98251724243164,38.214115142822266,0.0,1048140
2012-04-03,19.594951629638672,37.98251724243164,0.0,38.214115142822266,37.98251724243164,38.214115142822266,0.0,924112
2012-04-04,19.714431762695312,38.214115142822266,0.0,38.67731857299805,37.98251724243164,37.98251724243164,0.0,2294789
2012-04-05,20.072879791259766,38.90892028808594,0.0,38.90892028808594,38.445716857910156,38.67731857299805,0.0,2330411
2012-04-10,20.19235610961914,39.14051818847656,0.0,39.835323333740234,38.90892028808594,39.14051818847656,0.0,4024059
2012-04-11,20.072879791259766,38.90892028808594,0.0,39.14051818847656,38.67731857299805,38.90892028808594,0.0,1900684
2012-04-12,20.072879791259766,38.90892028808594,0.0,39.14051818847656,38.67731857299805,38.90892028808594,0.0,978731
2012-04-17,20.43132209777832,39.603721618652344,0.0,39.603721618652344,38.90892028808594,38.90892028808594,0.0,2972896
2012-04-18,20.311843872070312,39.37211990356445,0.0,39.603721618652344,39.14051818847656,39.603721618652344,0.0,1391619
2012-04-19,20.43132209777832,39.603721618652344,0.0,39.603721618652344,39.14051818847656,39.37211990356445,0.0,1682745
2012-04-20,20.43132209777832,39.603721618652344,0.0,39.603721618652344,39.37211990356445,39.37211990356445,0.0,847039
2012-04-23,20.43132209777832,39.603721618652344,0.0,39.603721618652344,39.37211990356445,39.603721618652344,0.0,1083545
2012-04-24,20.311843872070312,39.37211990356445,0.0,39.603721618652344,39.14051818847656,39.603721618652344,0.0,1884925
2012-04-25,20.072879791259766,38.90892028808594,0.0,39.37211990356445,38.67731857299805,39.14051818847656,0.0,1785292
2012-04-26,20.19235610961914,39.14051818847656,0.0,39.37211990356445,39.14051818847656,39.14051818847656,0.0,1027738
2012-04-27,20.072879791259766,38.90892028808594,0.0,39.37211990356445,38.90892028808594,39.14051818847656,0.0,2484772
2012-04-30,19.953393936157227,38.67731857299805,0.0,39.14051818847656,38.67731857299805,39.14051818847656,0.0,1402413
2012-05-02,20.311843872070312,39.37211990356445,0.0,39.37211990356445,38.90892028808594,38.90892028808594,0.0,2080412
2012-05-03,20.311843872070312,39.37211990356445,0.0,39.603721618652344,38.90892028808594,39.14051818847656,0.0,3089368
2012-05-04,20.311843872070312,39.37211990356445,0.0,39.37211990356445,39.14051818847656,39.37211990356445,0.0,4137400
2012-05-08,20.19235610961914,39.14051818847656,0.0,39.37211990356445,38.90892028808594,39.37211990356445,0.0,1049219
2012-05-09,19.833913803100586,38.445716857910156,0.0,39.37211990356445,37.98251724243164,39.14051818847656,0.0,3859552
2012-05-10,19.833913803100586,38.445716857910156,0.0,38.67731857299805,37.98251724243164,38.214115142822266,0.0,1496217
2012-05-11,19.833913803100586,38.445716857910156,0.0,38.445716857910156,38.214115142822266,38.445716857910156,0.0,1129638
2012-05-14,19.594951629638672,37.98251724243164,0.0,38.67731857299805,37.98251724243164,38.445716857910156,0.0,1272880
2012-05-15,19.833913803100586,38.445716857910156,0.0,38.445716857910156,37.98251724243164,38.214115142822266,0.0,2310657
2012-05-16,19.594951629638672,37.98251724243164,0.0,38.214115142822266,37.51931381225586,38.214115142822266,0.0,3768231
2012-05-17,19.355989456176758,37.51931381225586,0.0,38.214115142822266,37.51931381225586,38.214115142822266,0.0,2351460
2012-05-18,19.23650360107422,37.28771209716797,0.0,37.75091552734375,37.056114196777344,37.056114196777344,0.0,2134492
2012-05-21,19.117023468017578,37.056114196777344,0.0,37.28771209716797,37.056114196777344,37.28771209716797,0.0,1367115
2012-05-22,19.23650360107422,37.28771209716797,0.0,37.28771209716797,37.056114196777344,37.056114196777344,0.0,2131146
2012-05-23,19.117023468017578,37.056114196777344,0.0,37.51931381225586,37.056114196777344,37.28771209716797,0.0,1350816
2012-05-24,19.23650360107422,37.28771209716797,0.0,37.51931381225586,37.056114196777344,37.28771209716797,0.0,703149
2012-05-25,19.355989456176758,37.51931381225586,0.0,37.51931381225586,37.28771209716797,37.51931381225586,0.0,537994
2012-05-28,19.355989456176758,37.51931381225586,0.0,37.75091552734375,37.28771209716797,37.51931381225586,0.0,1102867
2012-05-29,19.475467681884766,37.75091552734375,0.0,37.75091552734375,37.28771209716797,37.51931381225586,0.0,1212971
2012-05-30,19.355989456176758,37.51931381225586,0.0,37.75091552734375,37.28771209716797,37.51931381225586,0.0,1437927
2012-05-31,19.833913803100586,38.445716857910156,0.0,38.445716857910156,37.28771209716797,37.51931381225586,0.0,1736825
2012-06-01,19.953393936157227,38.67731857299805,0.0,38.90892028808594,37.98251724243164,38.214115142822266,0.0,2962534
2012-06-05,19.833913803100586,38.445716857910156,0.0,38.90892028808594,38.214115142822266,38.67731857299805,0.0,2503338
2012-06-06,20.072879791259766,38.90892028808594,0.0,38.90892028808594,38.445716857910156,38.445716857910156,0.0,977436
2012-06-07,19.953393936157227,38.67731857299805,0.0,39.14051818847656,38.67731857299805,38.90892028808594,0.0,2070265
2012-06-08,19.953393936157227,38.67731857299805,0.0,38.90892028808594,38.445716857910156,38.90892028808594,0.0,728192
2012-06-11,20.072879791259766,38.90892028808594,0.0,39.14051818847656,38.67731857299805,38.67731857299805,0.0,1579874
2012-06-12,20.311843872070312,39.37211990356445,0.0,39.37211990356445,38.67731857299805,38.90892028808594,0.0,1002263
2012-06-13,20.072879791259766,38.90892028808594,0.0,39.14051818847656,38.67731857299805,39.14051818847656,0.0,900148
2012-06-14,20.19235610961914,39.14051818847656,0.0,39.14051818847656,38.445716857910156,38.445716857910156,0.0,1180479
2012-06-15,19.953393936157227,38.67731857299805,0.0,39.37211990356445,38.67731857299805,39.14051818847656,0.0,4924855
2012-06-18,20.19235610961914,39.14051818847656,0.0,39.37211990356445,38.67731857299805,38.67731857299805,0.0,915152
2012-06-19,20.311843872070312,39.37211990356445,0.0,39.37211990356445,39.14051818847656,39.14051818847656,0.0,709302
2012-06-20,20.311843872070312,39.37211990356445,0.0,39.37211990356445,39.14051818847656,39.14051818847656,0.0,661159
2012-06-21,20.19235610961914,39.14051818847656,0.0,39.37211990356445,39.14051818847656,39.37211990356445,0.0,580848
2012-06-22,20.311843872070312,39.37211990356445,0.0,39.37211990356445,39.14051818847656,39.14051818847656,0.0,1994272
2012-06-25,20.19235610961914,39.14051818847656,0.0,39.37211990356445,39.14051818847656,39.37211990356445,0.0,220422
2012-06-26,20.311843872070312,39.37211990356445,0.0,39.37211990356445,38.90892028808594,39.14051818847656,0.0,415370
2012-06-27,20.43132209777832,39.603721618652344,0.0,39.603721618652344,39.14051818847656,39.37211990356445,0.0,1874994
2012-06-28,20.550806045532227,39.835323333740234,0.0,40.29852294921875,39.835323333740234,39.835323333740234,0.0,3557955
2012-06-29,20.909244537353516,40.53012466430664,0.0,40.76172637939453,39.835323333740234,40.06692123413086,0.0,2670220
2012-07-02,20.909244537353516,40.53012466430664,0.0,40.76172637939453,40.29852294921875,40.53012466430664,0.0,973118
2012-07-03,20.909244537353516,40.53012466430664,0.0,40.76172637939453,40.29852294921875,40.29852294921875,0.0,868196
2012-07-04,20.909244537353516,40.53012466430664,0.0,40.76172637939453,40.29852294921875,40.53012466430664,0.0,1336783
2012-07-05,21.02872657775879,40.76172637939453,0.0,40.993324279785156,40.53012466430664,40.76172637939453,0.0,1367547
2012-07-06,21.02872657775879,40.76172637939453,0.0,40.76172637939453,40.29852294921875,40.76172637939453,0.0,2284103
2012-07-09,21.02872657775879,40.76172637939453,0.0,40.76172637939453,40.29852294921875,40.53012466430664,0.0,980243
2012-07-10,21.148208618164062,40.993324279785156,0.0,40.993324279785156,40.76172637939453,40.76172637939453,0.0,1848439
2012-07-11,21.148208618164062,40.993324279785156,0.0,41.22492599487305,40.76172637939453,40.76172637939453,0.0,579445
2012-07-12,21.02872657775879,40.76172637939453,0.0,40.993324279785156,40.53012466430664,40.993324279785156,0.0,790153
2012-07-13,21.02872657775879,40.76172637939453,0.0,41.22492599487305,40.76172637939453,40.993324279785156,0.0,720852
2012-07-16,21.148208618164062,40.993324279785156,0.0,41.22492599487305,40.76172637939453,40.76172637939453,0.0,446134
2012-07-17,21.506656646728516,41.68812942504883,0.0,41.68812942504883,41.22492599487305,41.22492599487305,0.0,2280109
2012-07-18,21.387174606323242,41.45652770996094,0.0,41.68812942504883,41.22492599487305,41.68812942504883,0.0,1121326
2012-07-19,21.387174606323242,41.45652770996094,0.0,41.68812942504883,41.22492599487305,41.45652770996094,0.0,986827
2012-07-20,21.26768684387207,41.22492599487305,0.0,41.45652770996094,40.76172637939453,41.45652770996094,0.0,812065
2012-07-23,21.148208618164062,40.993324279785156,0.0,41.45652770996094,40.76172637939453,40.76172637939453,0.0,952393
2012-07-24,21.148208618164062,40.993324279785156,0.0,41.22492599487305,40.76172637939453,40.993324279785156,0.0,837000
2012-07-25,21.26768684387207,41.22492599487305,0.0,41.22492599487305,40.53012466430664,40.993324279785156,0.0,915476
2012-07-26,21.26768684387207,41.22492599487305,0.0,41.68812942504883,41.22492599487305,41.22492599487305,0.0,1088727
2012-07-27,21.387174606323242,41.45652770996094,0.0,41.91972732543945,41.22492599487305,41.22492599487305,0.0,1574369
2012-07-30,21.74561309814453,42.151329040527344,0.0,42.151329040527344,41.45652770996094,41.45652770996094,0.0,1147125
2012-07-31,22.820945739746094,44.23573684692383,0.0,44.23573684692383,42.151329040527344,42.151329040527344,0.0,1915365
2012-08-01,22.462505340576172,43.54093551635742,0.0,43.54093551635742,42.84613037109375,43.30933380126953,0.0,2053318
2012-08-03,22.462505340576172,43.54093551635742,0.0,43.54093551635742,43.07773208618164,43.07773208618164,0.0,429186
2012-08-06,22.462505340576172,43.54093551635742,0.0,43.54093551635742,43.07773208618164,43.54093551635742,0.0,250970
2012-08-07,22.462505340576172,43.54093551635742,0.0,43.54093551635742,43.07773208618164,43.54093551635742,0.0,934906
2012-08-08,22.462505340576172,43.54093551635742,0.0,43.54093551635742,43.30933380126953,43.30933380126953,0.0,557640
2012-08-09,22.22354507446289,43.07773208618164,0.0,43.54093551635742,42.84613037109375,43.54093551635742,0.0,2319833
2012-08-10,22.22354507446289,43.07773208618164,0.0,43.07773208618164,42.84613037109375,43.07773208618164,0.0,528819
2012-08-14,22.104061126708984,42.84613037109375,0.0,43.07773208618164,42.84613037109375,43.07773208618164,0.0,831279
2012-08-15,22.22354507446289,43.07773208618164,0.0,43.07773208618164,42.614532470703125,42.84613037109375,0.0,1554615
2012-08-16,22.104061126708984,42.84613037109375,0.0,43.30933380126953,42.84613037109375,43.07773208618164,0.0,1874454
2012-08-17,22.22354507446289,43.07773208618164,0.0,43.07773208618164,42.614532470703125,42.84613037109375,0.0,1044038
2012-08-20,21.98457908630371,42.614532470703125,0.0,43.07773208618164,42.382930755615234,42.84613037109375,0.0,3882868
2012-08-21,22.3430233001709,43.30933380126953,0.0,43.54093551635742,42.382930755615234,42.84613037109375,0.0,3916546
2012-08-22,22.581989288330078,43.77253341674805,0.0,43.77253341674805,43.07773208618164,43.30933380126953,0.0,1894316
2012-08-23,22.3430233001709,43.30933380126953,0.0,43.77253341674805,43.30933380126953,43.77253341674805,0.0,1159322
2012-08-24,22.462505340576172,43.54093551635742,0.0,43.77253341674805,43.30933380126953,43.30933380126953,0.0,690196
2012-08-27,22.701473236083984,44.00413513183594,0.0,44.00413513183594,43.54093551635742,43.54093551635742,0.0,830200
2012-08-28,22.940427780151367,44.46733474731445,0.0,44.46733474731445,43.77253341674805,43.77253341674805,0.0,1757118
2012-08-29,22.701473236083984,44.00413513183594,0.0,44.46733474731445,43.54093551635742,44.46733474731445,0.0,1967394
2012-08-30,22.701473236083984,44.00413513183594,0.0,44.00413513183594,43.54093551635742,44.00413513183594,0.0,1835810
2012-08-31,22.628082275390625,42.84613037109375,1.019043,43.07773208618164,42.84613037109375,42.84613037109375,0.0,1125860
2012-09-03,22.261137008666992,42.151329040527344,0.0,43.07773208618164,42.151329040527344,42.84613037109375,0.0,1389460
2012-09-04,23.361967086791992,44.23573684692383,0.0,44.23573684692383,42.151329040527344,42.151329040527344,0.0,3711344
2012-09-05,22.872705459594727,43.30933380126953,0.0,44.23573684692383,43.30933380126953,44.23573684692383,0.0,565628
2012-09-06,22.995027542114258,43.54093551635742,0.0,43.54093551635742,43.07773208618164,43.54093551635742,0.0,301596
2012-09-07,22.995027542114258,43.54093551635742,0.0,44.00413513183594,43.54093551635742,44.00413513183594,0.0,956711
2012-09-10,23.361967086791992,44.23573684692383,0.0,44.930538177490234,43.77253341674805,44.00413513183594,0.0,1433609
2012-09-11,23.117332458496094,43.77253341674805,0.0,44.23573684692383,43.54093551635742,44.23573684692383,0.0,652847
2012-09-12,22.995027542114258,43.54093551635742,0.0,43.77253341674805,43.30933380126953,43.77253341674805,0.0,564549
2012-09-13,23.484275817871094,44.46733474731445,0.0,44.46733474731445,43.30933380126953,43.54093551635742,0.0,1348981
2012-09-14,23.239648818969727,44.00413513183594,0.0,44.46733474731445,43.54093551635742,44.46733474731445,0.0,1878448
2012-09-17,23.117332458496094,43.77253341674805,0.0,44.00413513183594,43.77253341674805,43.77253341674805,0.0,397235
2012-09-18,23.117332458496094,43.77253341674805,0.0,44.00413513183594,43.30933380126953,43.77253341674805,0.0,622947
2012-09-19,23.361967086791992,44.23573684692383,0.0,44.23573684692383,43.54093551635742,43.54093551635742,0.0,577286
2012-09-20,23.484275817871094,44.46733474731445,0.0,44.46733474731445,44.00413513183594,44.00413513183594,0.0,368630
2012-09-21,23.239648818969727,44.00413513183594,0.0,44.46733474731445,43.30933380126953,44.46733474731445,0.0,2161802
2012-09-24,23.361967086791992,44.23573684692383,0.0,44.23573684692383,43.77253341674805,43.77253341674805,0.0,659216
2012-09-25,23.484275817871094,44.46733474731445,0.0,44.46733474731445,44.00413513183594,44.23573684692383,0.0,885791
2012-09-26,23.361967086791992,44.23573684692383,0.0,44.46733474731445,43.77253341674805,44.46733474731445,0.0,1272124
2012-09-27,23.484275817871094,44.46733474731445,0.0,44.46733474731445,44.00413513183594,44.23573684692383,0.0,1504852
2012-09-28,23.728910446166992,44.930538177490234,0.0,45.162139892578125,44.23573684692383,44.23573684692383,0.0,1879204
2012-10-01,24.09584617614746,45.62533950805664,0.0,45.62533950805664,44.930538177490234,44.930538177490234,0.0,1188467
2012-10-02,24.462785720825195,46.32014083862305,0.0,47.01494216918945,45.62533950805664,45.85694122314453,0.0,1707896
2012-10-03,25.318979263305664,47.94134521484375,0.0,48.40454864501953,46.55174255371094,46.55174255371094,0.0,2530648
2012-10-04,25.563617706298828,48.40454864501953,0.0,48.40454864501953,47.246543884277344,47.94134521484375,0.0,967721
2012-10-05,26.419809341430664,50.025753021240234,0.0,50.025753021240234,47.709747314453125,47.94134521484375,0.0,1718258
2012-10-08,25.808246612548828,48.86774826049805,0.0,49.09934997558594,48.86774826049805,48.86774826049805,0.0,681992
2012-10-09,25.441303253173828,48.17294692993164,0.0,48.86774826049805,48.17294692993164,48.63615036010742,0.0,2508519
2012-10-10,25.441303253173828,48.17294692993164,0.0,48.86774826049805,47.709747314453125,48.63615036010742,0.0,777307
2012-10-11,26.052871704101562,49.33095169067383,0.0,49.33095169067383,47.94134521484375,48.17294692993164,0.0,850601
2012-10-12,26.419809341430664,50.025753021240234,0.0,50.257354736328125,48.63615036010742,48.86774826049805,0.0,2073396
2012-10-15,26.297496795654297,49.794151306152344,0.0,50.025753021240234,49.33095169067383,50.025753021240234,0.0,728408
2012-10-16,26.66444206237793,50.488956451416016,0.0,50.488956451416016,49.794151306152344,50.257354736328125,0.0,1410293
2012-10-17,26.17518424987793,49.56255340576172,0.0,50.72055435180664,49.56255340576172,50.257354736328125,0.0,910079
2012-10-18,25.441303253173828,48.17294692993164,0.0,50.025753021240234,47.709747314453125,50.025753021240234,0.0,2389565
2012-10-19,25.441303253173828,48.17294692993164,0.0,48.86774826049805,48.17294692993164,48.17294692993164,0.0,770399
2012-10-22,25.930553436279297,49.09934997558594,0.0,49.56255340576172,48.63615036010742,48.63615036010742,0.0,549005
2012-10-24,26.17518424987793,49.56255340576172,0.0,49.794151306152344,48.86774826049805,49.09934997558594,0.0,1202176
2012-10-25,26.7867488861084,50.72055435180664,0.0,50.72055435180664,49.794151306152344,50.025753021240234,0.0,2989304
2012-10-26,26.419809341430664,50.025753021240234,0.0,50.72055435180664,49.794151306152344,50.488956451416016,0.0,1699476
2012-10-29,25.930553436279297,49.09934997558594,0.0,49.794151306152344,48.63615036010742,49.794151306152344,0.0,1564006
2012-10-30,25.930553436279297,49.09934997558594,0.0,49.56255340576172,49.09934997558594,49.09934997558594,0.0,294364
2012-10-31,26.419809341430664,50.025753021240234,0.0,50.257354736328125,49.09934997558594,49.09934997558594,0.0,1043606
2012-11-01,26.419809341430664,50.025753021240234,0.0,50.257354736328125,49.56255340576172,49.56255340576172,0.0,577394
2012-11-02,26.909069061279297,50.95215606689453,0.0,50.95215606689453,50.257354736328125,50.72055435180664,0.0,848982
2012-11-05,26.7867488861084,50.72055435180664,0.0,50.95215606689453,50.257354736328125,50.488956451416016,0.0,693434
2012-11-06,26.7867488861084,50.72055435180664,0.0,51.18375778198242,50.488956451416016,50.95215606689453,0.0,441924
2012-11-07,26.7867488861084,50.72055435180664,0.0,50.72055435180664,50.025753021240234,50.488956451416016,0.0,697320
2012-11-08,26.419809341430664,50.025753021240234,0.0,50.257354736328125,49.794151306152344,50.025753021240234,0.0,1414179
2012-11-09,26.542131423950195,50.257354736328125,0.0,50.488956451416016,49.56255340576172,49.56255340576172,0.0,925623
2012-11-12,26.419809341430664,50.025753021240234,0.0,50.257354736328125,50.025753021240234,50.025753021240234,0.0,32599
2012-11-13,26.419809341430664,50.025753021240234,0.0,50.488956451416016,50.025753021240234,50.025753021240234,0.0,867872
2012-11-14,26.419809341430664,50.025753021240234,0.0,50.257354736328125,49.794151306152344,50.025753021240234,0.0,2207786
2012-11-15,26.909069061279297,50.95215606689453,0.0,50.95215606689453,49.56255340576172,49.56255340576172,0.0,1938789
2012-11-16,26.419809341430664,50.025753021240234,0.0,50.72055435180664,49.794151306152344,50.257354736328125,0.0,1427888
2012-11-19,27.031381607055664,51.18375778198242,0.0,51.18375778198242,50.025753021240234,50.025753021240234,0.0,748810
2012-11-20,27.153697967529297,51.41535949707031,0.0,51.64695739746094,51.18375778198242,51.64695739746094,0.0,805157
2012-11-21,26.7867488861084,50.72055435180664,0.0,51.41535949707031,50.257354736328125,51.41535949707031,0.0,877372
2012-11-22,26.66444206237793,50.488956451416016,0.0,50.72055435180664,50.488956451416016,50.488956451416016,0.0,462002
2012-11-23,27.031381607055664,51.18375778198242,0.0,51.41535949707031,50.257354736328125,50.72055435180664,0.0,868736
2012-11-26,27.031381607055664,51.18375778198242,0.0,51.18375778198242,50.95215606689453,50.95215606689453,0.0,485102
2012-11-27,27.398326873779297,51.87855911254883,0.0,51.87855911254883,50.95215606689453,50.95215606689453,0.0,446350
2012-11-28,27.153697967529297,51.41535949707031,0.0,51.87855911254883,51.18375778198242,51.87855911254883,0.0,1077824
2012-11-29,27.520641326904297,52.11016082763672,0.0,52.34176254272461,51.64695739746094,51.64695739746094,0.0,1810767
2012-11-30,26.419809341430664,50.025753021240234,0.0,52.573360443115234,48.86774826049805,52.34176254272461,0.0,7684777
2012-12-03,26.542131423950195,50.257354736328125,0.0,50.72055435180664,49.794151306152344,50.025753021240234,0.0,1764351
2012-12-04,26.542131423950195,50.257354736328125,0.0,50.488956451416016,50.257354736328125,50.257354736328125,0.0,960057
2012-12-06,26.7867488861084,50.72055435180664,0.0,50.72055435180664,50.257354736328125,50.257354736328125,0.0,962000
2012-12-07,26.909069061279297,50.95215606689453,0.0,50.95215606689453,50.488956451416016,50.488956451416016,0.0,945484
2012-12-11,26.7867488861084,50.72055435180664,0.0,50.95215606689453,50.257354736328125,50.95215606689453,0.0,657273
2012-12-12,26.66444206237793,50.488956451416016,0.0,50.95215606689453,50.488956451416016,50.72055435180664,0.0,602653
2012-12-13,27.153697967529297,51.41535949707031,0.0,51.41535949707031,50.488956451416016,50.488956451416016,0.0,1310984
2012-12-14,27.64295196533203,52.34176254272461,0.0,52.34176254272461,51.41535949707031,51.41535949707031,0.0,1208005
2012-12-17,27.887584686279297,52.804962158203125,0.0,53.036563873291016,51.64695739746094,51.64695739746094,0.0,1122837
2012-12-18,27.7652645111084,52.573360443115234,0.0,53.036563873291016,52.11016082763672,52.34176254272461,0.0,1125752
2012-12-19,27.520641326904297,52.11016082763672,0.0,53.036563873291016,51.87855911254883,52.804962158203125,0.0,1351032
2012-12-20,27.7652645111084,52.573360443115234,0.0,53.26816177368164,52.11016082763672,52.11016082763672,0.0,2271042
2012-12-21,27.64295196533203,52.34176254272461,0.0,53.036563873291016,52.11016082763672,52.573360443115234,0.0,2336132
2012-12-24,27.64295196533203,52.34176254272461,0.0,53.036563873291016,52.11016082763672,52.11016082763672,0.0,1117980
2012-12-25,28.254526138305664,53.49976348876953,0.0,53.73136520385742,52.573360443115234,52.573360443115234,0.0,902846
2012-12-26,28.132200241088867,53.26816177368164,0.0,53.96296691894531,53.26816177368164,53.73136520385742,0.0,499674
2012-12-27,29.844606399536133,56.51057434082031,0.0,56.74217224121094,53.49976348876953,53.73136520385742,0.0,4616889
2012-12-28,29.233034133911133,55.352569580078125,0.0,56.51057434082031,55.352569580078125,56.51057434082031,0.0,1498268
2013-01-02,29.4776668548584,55.81576919555664,0.0,56.97377395629883,55.584171295166016,55.584171295166016,0.0,2252691
2013-01-03,30.089235305786133,56.97377395629883,0.0,57.43697738647461,56.27897262573242,56.51057434082031,0.0,2001181
2013-01-04,30.3338565826416,57.43697738647461,0.0,57.43697738647461,56.27897262573242,56.51057434082031,0.0,1417741
2013-01-07,30.3338565826416,57.43697738647461,0.0,58.59497833251953,56.97377395629883,57.43697738647461,0.0,2155217
2013-01-08,30.9454288482666,58.59497833251953,0.0,59.75298309326172,57.668575286865234,58.131778717041016,0.0,1900684
2013-01-09,30.5784854888916,57.900177001953125,0.0,58.363380432128906,57.43697738647461,58.363380432128906,0.0,1669576
2013-01-10,29.966915130615234,56.74217224121094,0.0,58.131778717041016,56.74217224121094,57.900177001953125,0.0,874673
2013-01-11,30.089235305786133,56.97377395629883,0.0,57.20537567138672,55.120967864990234,57.20537567138672,0.0,1486718
2013-01-14,30.089235305786133,56.97377395629883,0.0,57.668575286865234,56.74217224121094,57.43697738647461,0.0,818002
2013-01-15,29.722286224365234,56.27897262573242,0.0,57.43697738647461,55.584171295166016,57.43697738647461,0.0,1078580
2013-01-16,29.4776668548584,55.81576919555664,0.0,56.74217224121094,55.81576919555664,56.51057434082031,0.0,647774
2013-01-17,28.866086959838867,54.65776824951172,0.0,55.81576919555664,54.19456481933594,55.584171295166016,0.0,1996971
2013-01-18,28.7437744140625,54.42616653442383,0.0,55.120967864990234,54.19456481933594,54.65776824951172,0.0,1165259
2013-01-21,28.6214656829834,54.19456481933594,0.0,54.889366149902344,53.73136520385742,54.65776824951172,0.0,1599520
2013-01-22,29.233034133911133,55.352569580078125,0.0,56.04737091064453,53.96296691894531,54.19456481933594,0.0,1239957
2013-01-23,29.233034133911133,55.352569580078125,0.0,55.584171295166016,54.42616653442383,55.584171295166016,0.0,757337
2013-01-24,28.988407135009766,54.889366149902344,0.0,55.584171295166016,54.889366149902344,55.584171295166016,0.0,837216
2013-01-25,29.110715866088867,55.120967864990234,0.0,55.584171295166016,54.65776824951172,54.889366149902344,0.0,687066
2013-01-28,29.35533905029297,55.584171295166016,0.0,55.584171295166016,54.889366149902344,55.120967864990234,0.0,664073
2013-01-29,29.233034133911133,55.352569580078125,0.0,55.584171295166016,55.120967864990234,55.120967864990234,0.0,625861
2013-01-30,29.5999755859375,56.04737091064453,0.0,56.04737091064453,55.120967864990234,55.81576919555664,0.0,1138489
2013-01-31,29.5999755859375,56.04737091064453,0.0,56.74217224121094,55.352569580078125,56.04737091064453,0.0,1668604
2013-02-01,30.3338565826416,57.43697738647461,0.0,57.43697738647461,55.81576919555664,56.27897262573242,0.0,1720525
2013-02-04,29.844606399536133,56.51057434082031,0.0,57.43697738647461,56.04737091064453,57.20537567138672,0.0,877695
2013-02-05,29.722286224365234,56.27897262573242,0.0,56.74217224121094,55.352569580078125,56.04737091064453,0.0,1415366
2013-02-06,29.35533905029297,55.584171295166016,0.0,56.51057434082031,55.584171295166016,56.27897262573242,0.0,1003451
2013-02-07,29.5999755859375,56.04737091064453,0.0,56.04737091064453,55.352569580078125,55.584171295166016,0.0,885899
2013-02-08,29.233034133911133,55.352569580078125,0.0,56.27897262573242,55.352569580078125,56.04737091064453,0.0,660727
2013-02-11,29.5999755859375,56.04737091064453,0.0,56.04737091064453,55.120967864990234,55.352569580078125,0.0,583763
2013-02-12,29.233034133911133,55.352569580078125,0.0,55.81576919555664,55.120967864990234,55.352569580078125,0.0,1079551
2013-02-13,29.4776668548584,55.81576919555664,0.0,56.04737091064453,55.120967864990234,55.120967864990234,0.0,1994380
2013-02-14,29.4776668548584,55.81576919555664,0.0,56.04737091064453,55.81576919555664,55.81576919555664,0.0,1091533
2013-02-15,29.5999755859375,56.04737091064453,0.0,56.27897262573242,55.584171295166016,55.584171295166016,0.0,1004530
2013-02-18,29.35533905029297,55.584171295166016,0.0,56.51057434082031,54.889366149902344,56.51057434082031,0.0,1488229
2013-02-19,29.4776668548584,55.81576919555664,0.0,56.27897262573242,55.584171295166016,55.584171295166016,0.0,1518561
2013-02-20,29.35533905029297,55.584171295166016,0.0,56.97377395629883,55.584171295166016,56.27897262573242,0.0,1938357
2013-02-21,29.966915130615234,56.74217224121094,0.0,57.43697738647461,56.04737091064453,56.04737091064453,0.0,3094226
2013-02-22,30.089235305786133,56.97377395629883,0.0,58.363380432128906,56.74217224121094,57.43697738647461,0.0,2477108
2013-02-26,31.43467903137207,59.52138137817383,0.0,59.52138137817383,56.74217224121094,57.900177001953125,0.0,3348219
2013-02-27,30.5784854888916,57.900177001953125,0.0,59.2897834777832,57.668575286865234,58.363380432128906,0.0,3124450
2013-02-28,30.700801849365234,58.131778717041016,0.0,58.82658004760742,57.900177001953125,58.363380432128906,0.0,1024500
2013-03-01,30.5784854888916,57.900177001953125,0.0,58.82658004760742,57.668575286865234,58.363380432128906,0.0,1594878
2013-03-04,30.040014266967773,55.81576919555664,1.083891,56.97377395629883,55.81576919555664,56.74217224121094,0.0,1271261
2013-03-05,30.164655685424805,56.04737091064453,0.0,56.97377395629883,55.81576919555664,56.27897262573242,0.0,740174
2013-03-06,30.78789520263672,57.20537567138672,0.0,57.43697738647461,56.04737091064453,56.27897262573242,0.0,1563034
2013-03-07,31.16183853149414,57.900177001953125,0.0,57.900177001953125,56.97377395629883,57.20537567138672,0.0,602977
2013-03-08,31.535778045654297,58.59497833251953,0.0,58.82658004760742,58.131778717041016,58.363380432128906,0.0,1524498
2013-03-11,31.90972137451172,59.2897834777832,0.0,59.75298309326172,58.59497833251953,59.05818176269531,0.0,2217285
2013-03-12,31.90972137451172,59.2897834777832,0.0,59.2897834777832,58.363380432128906,59.2897834777832,0.0,1482184
2013-03-13,31.037185668945312,57.668575286865234,0.0,58.59497833251953,57.20537567138672,58.363380432128906,0.0,765001
2013-03-14,31.785070419311523,59.05818176269531,0.0,59.05818176269531,56.97377395629883,57.43697738647461,0.0,1215885
2013-03-15,31.535778045654297,58.59497833251953,0.0,59.2897834777832,58.131778717041016,59.05818176269531,0.0,678106
2013-03-18,30.78789520263672,57.20537567138672,0.0,58.363380432128906,57.20537567138672,58.131778717041016,0.0,759712
2013-03-19,30.91253662109375,57.43697738647461,0.0,57.668575286865234,56.97377395629883,57.20537567138672,0.0,663426
2013-03-20,30.91253662109375,57.43697738647461,0.0,57.900177001953125,56.97377395629883,57.20537567138672,0.0,1308394
2013-03-21,30.164655685424805,56.04737091064453,0.0,57.43697738647461,56.04737091064453,57.43697738647461,0.0,661591
2013-03-22,29.292123794555664,54.42616653442383,0.0,55.81576919555664,53.26816177368164,55.584171295166016,0.0,2249777
2013-03-25,29.91535758972168,55.584171295166016,0.0,55.584171295166016,54.65776824951172,54.65776824951172,0.0,1199370
2013-03-26,29.541423797607422,54.889366149902344,0.0,55.584171295166016,54.889366149902344,55.352569580078125,0.0,1199478
2013-03-27,29.666065216064453,55.120967864990234,0.0,55.584171295166016,55.120967864990234,55.352569580078125,0.0,1103731
2013-03-28,29.79071617126465,55.352569580078125,0.0,56.04737091064453,55.120967864990234,55.352569580078125,0.0,974953
2013-03-29,29.666065216064453,55.120967864990234,0.0,55.81576919555664,55.120967864990234,55.352569580078125,0.0,337758
2013-04-01,30.538597106933594,56.74217224121094,0.0,56.97377395629883,55.352569580078125,55.352569580078125,0.0,533569
2013-04-02,30.538597106933594,56.74217224121094,0.0,57.20537567138672,56.51057434082031,56.97377395629883,0.0,851573
2013-04-03,29.91535758972168,55.584171295166016,0.0,57.20537567138672,55.352569580078125,56.51057434082031,0.0,1159106
2013-04-04,29.91535758972168,55.584171295166016,0.0,55.584171295166016,54.42616653442383,54.42616653442383,0.0,847471
2013-04-05,29.416765213012695,54.65776824951172,0.0,55.584171295166016,54.19456481933594,54.889366149902344,0.0,1547922
2013-04-09,29.541423797607422,54.889366149902344,0.0,55.120967864990234,54.42616653442383,54.65776824951172,0.0,3700118
2013-04-10,29.666065216064453,55.120967864990234,0.0,55.352569580078125,54.42616653442383,54.65776824951172,0.0,1181991
2013-04-11,29.79071617126465,55.352569580078125,0.0,56.04737091064453,55.120967864990234,55.120967864990234,0.0,1165799
2013-04-12,29.79071617126465,55.352569580078125,0.0,56.04737091064453,55.352569580078125,55.584171295166016,0.0,950666
2013-04-17,29.541423797607422,54.889366149902344,0.0,55.584171295166016,54.65776824951172,55.352569580078125,0.0,1082898
2013-04-18,30.164655685424805,56.04737091064453,0.0,56.04737091064453,54.889366149902344,55.352569580078125,0.0,621112
2013-04-19,30.28929901123047,56.27897262573242,0.0,56.51057434082031,55.352569580078125,56.27897262573242,0.0,422710
2013-04-22,30.28929901123047,56.27897262573242,0.0,56.74217224121094,56.04737091064453,56.51057434082031,0.0,639138
2013-04-23,30.413951873779297,56.51057434082031,0.0,57.900177001953125,56.27897262573242,56.51057434082031,0.0,1731428
2013-04-24,30.164655685424805,56.04737091064453,0.0,57.20537567138672,56.04737091064453,56.51057434082031,0.0,740174
2013-04-25,30.28929901123047,56.27897262573242,0.0,57.20537567138672,55.584171295166016,56.51057434082031,0.0,2147445
2013-04-26,30.91253662109375,57.43697738647461,0.0,57.668575286865234,56.04737091064453,56.74217224121094,0.0,1232509
2013-04-29,31.16183853149414,57.900177001953125,0.0,58.363380432128906,56.97377395629883,57.20537567138672,0.0,76856
2013-04-30,29.541423797607422,54.889366149902344,0.0,58.131778717041016,54.889366149902344,57.900177001953125,0.0,4620344
2013-05-02,28.294946670532227,52.573360443115234,0.0,54.889366149902344,52.34176254272461,54.889366149902344,0.0,6212524
2013-05-03,28.419597625732422,52.804962158203125,0.0,53.49976348876953,52.804962158203125,53.036563873291016,0.0,1212539
2013-05-07,28.668880462646484,53.26816177368164,0.0,53.49976348876953,52.34176254272461,53.49976348876953,0.0,1636545
2013-05-08,28.544239044189453,53.036563873291016,0.0,53.73136520385742,53.036563873291016,53.49976348876953,0.0,1309257
2013-05-09,28.544239044189453,53.036563873291016,0.0,53.49976348876953,52.573360443115234,53.49976348876953,0.0,1299974
2013-05-10,28.294946670532227,52.573360443115234,0.0,53.036563873291016,52.34176254272461,52.804962158203125,0.0,1252262
2013-05-13,28.170299530029297,52.34176254272461,0.0,52.573360443115234,51.87855911254883,52.573360443115234,0.0,865282
2013-05-14,28.294946670532227,52.573360443115234,0.0,52.804962158203125,52.11016082763672,52.573360443115234,0.0,862043
2013-05-15,28.668880462646484,53.26816177368164,0.0,53.26816177368164,52.573360443115234,52.804962158203125,0.0,1029789
2013-05-16,28.419597625732422,52.804962158203125,0.0,53.73136520385742,52.573360443115234,53.49976348876953,0.0,971931
2013-05-17,28.294946670532227,52.573360443115234,0.0,52.804962158203125,52.11016082763672,52.804962158203125,0.0,1560228
2013-05-20,28.419597625732422,52.804962158203125,0.0,53.036563873291016,52.11016082763672,52.804962158203125,0.0,1295548
2013-05-21,28.294946670532227,52.573360443115234,0.0,52.804962158203125,52.34176254272461,52.573360443115234,0.0,1272448
2013-05-22,28.544239044189453,53.036563873291016,0.0,53.036563873291016,52.34176254272461,52.573360443115234,0.0,2020395
2013-05-23,28.045656204223633,52.11016082763672,0.0,53.036563873291016,51.64695739746094,52.804962158203125,0.0,2504094
2013-05-27,27.796348571777344,51.64695739746094,0.0,51.87855911254883,50.95215606689453,51.41535949707031,0.0,2681554
2013-05-28,28.045656204223633,52.11016082763672,0.0,52.11016082763672,50.95215606689453,51.41535949707031,0.0,1055264
2013-05-29,27.54706382751465,51.18375778198242,0.0,52.11016082763672,50.95215606689453,51.87855911254883,0.0,1440625
2013-05-30,27.42241668701172,50.95215606689453,0.0,51.18375778198242,50.488956451416016,50.95215606689453,0.0,1360639
2013-05-31,27.42241668701172,50.95215606689453,0.0,51.41535949707031,50.488956451416016,51.18375778198242,0.0,964699
2013-06-03,27.671709060668945,51.41535949707031,0.0,51.41535949707031,50.488956451416016,51.18375778198242,0.0,976465
2013-06-04,27.17312240600586,50.488956451416016,0.0,51.41535949707031,50.025753021240234,51.41535949707031,0.0,1452391
2013-06-05,26.674531936645508,49.56255340576172,0.0,50.488956451416016,49.09934997558594,50.257354736328125,0.0,1672058
2013-06-06,25.926651000976562,48.17294692993164,0.0,49.33095169067383,47.246543884277344,49.09934997558594,0.0,2491680
2013-06-07,25.801990509033203,47.94134521484375,0.0,48.17294692993164,47.246543884277344,48.17294692993164,0.0,1749778
2013-06-10,26.674531936645508,49.56255340576172,0.0,49.794151306152344,48.17294692993164,48.40454864501953,0.0,1377694
2013-06-11,26.051294326782227,48.40454864501953,0.0,49.33095169067383,47.246543884277344,49.33095169067383,0.0,2208542
2013-06-12,26.549884796142578,49.33095169067383,0.0,50.72055435180664,47.246543884277344,48.17294692993164,0.0,2182851
2013-06-13,26.549884796142578,49.33095169067383,0.0,50.488956451416016,47.478145599365234,48.40454864501953,0.0,2768665
2013-06-14,26.425233840942383,49.09934997558594,0.0,50.025753021240234,48.63615036010742,49.33095169067383,0.0,1498700
2013-06-17,26.674531936645508,49.56255340576172,0.0,50.025753021240234,48.86774826049805,49.33095169067383,0.0,644751
2013-06-18,26.425233840942383,49.09934997558594,0.0,50.72055435180664,48.86774826049805,49.56255340576172,0.0,1514675
2013-06-19,27.048477172851562,50.257354736328125,0.0,50.257354736328125,48.86774826049805,49.33095169067383,0.0,962864
2013-06-20,25.926651000976562,48.17294692993164,0.0,49.33095169067383,47.246543884277344,48.63615036010742,0.0,3302019
2013-06-21,25.677349090576172,47.709747314453125,0.0,48.63615036010742,47.246543884277344,47.94134521484375,0.0,2402626
2013-06-24,25.303401947021484,47.01494216918945,0.0,47.709747314453125,46.55174255371094,47.478145599365234,0.0,1606536
2013-06-25,25.303401947021484,47.01494216918945,0.0,47.246543884277344,44.930538177490234,47.01494216918945,0.0,1164720
2013-06-26,25.677349090576172,47.709747314453125,0.0,47.709747314453125,46.32014083862305,47.246543884277344,0.0,833870
2013-06-27,26.425233840942383,49.09934997558594,0.0,49.09934997558594,47.478145599365234,48.17294692993164,0.0,1481968
2013-06-28,25.677349090576172,47.709747314453125,0.0,49.794151306152344,47.478145599365234,49.09934997558594,0.0,1179400
2013-07-02,26.051294326782227,48.40454864501953,0.0,48.86774826049805,47.709747314453125,47.709747314453125,0.0,915044
2013-07-03,25.677349090576172,47.709747314453125,0.0,48.40454864501953,47.246543884277344,48.40454864501953,0.0,1180479
2013-07-04,25.55270767211914,47.478145599365234,0.0,47.94134521484375,47.01494216918945,47.478145599365234,0.0,419040
2013-07-05,25.42806053161621,47.246543884277344,0.0,47.709747314453125,47.01494216918945,47.478145599365234,0.0,659216
2013-07-08,25.178760528564453,46.78334426879883,0.0,47.01494216918945,46.55174255371094,47.01494216918945,0.0,438578
2013-07-09,24.92946434020996,46.32014083862305,0.0,47.01494216918945,46.32014083862305,47.01494216918945,0.0,688685
2013-07-10,25.178760528564453,46.78334426879883,0.0,46.78334426879883,45.85694122314453,46.32014083862305,0.0,461570
2013-07-11,25.55270767211914,47.478145599365234,0.0,47.94134521484375,46.55174255371094,46.78334426879883,0.0,1804290
2013-07-12,25.926651000976562,48.17294692993164,0.0,48.17294692993164,47.709747314453125,47.94134521484375,0.0,677782
2013-07-15,26.30059242248535,48.86774826049805,0.0,48.86774826049805,48.17294692993164,48.63615036010742,0.0,885899
2013-07-16,26.175941467285156,48.63615036010742,0.0,49.09934997558594,48.17294692993164,49.09934997558594,0.0,726789
2013-07-17,25.926651000976562,48.17294692993164,0.0,49.09934997558594,47.94134521484375,48.63615036010742,0.0,731215
2013-07-18,26.175941467285156,48.63615036010742,0.0,48.63615036010742,47.94134521484375,48.40454864501953,0.0,1029033
2013-07-19,26.30059242248535,48.86774826049805,0.0,49.09934997558594,48.63615036010742,48.63615036010742,0.0,425516
2013-07-23,26.549884796142578,49.33095169067383,0.0,50.025753021240234,49.33095169067383,49.56255340576172,0.0,1029357
2013-07-24,26.674531936645508,49.56255340576172,0.0,49.794151306152344,49.33095169067383,49.56255340576172,0.0,594665
2013-07-25,26.051294326782227,48.40454864501953,0.0,50.025753021240234,48.40454864501953,49.794151306152344,0.0,1132552
2013-07-26,26.30059242248535,48.86774826049805,0.0,48.86774826049805,47.709747314453125,48.40454864501953,0.0,785943
2013-07-29,26.425233840942383,49.09934997558594,0.0,49.09934997558594,48.17294692993164,48.86774826049805,0.0,441276
2013-07-30,26.30059242248535,48.86774826049805,0.0,49.56255340576172,48.63615036010742,49.09934997558594,0.0,691491
2013-07-31,25.42806053161621,47.246543884277344,0.0,49.56255340576172,47.246543884277344,49.56255340576172,0.0,1421735
2013-08-01,25.677349090576172,47.709747314453125,0.0,47.709747314453125,47.246543884277344,47.478145599365234,0.0,539074
2013-08-02,25.55270767211914,47.478145599365234,0.0,47.709747314453125,46.78334426879883,47.478145599365234,0.0,1462106
2013-08-05,25.677349090576172,47.709747314453125,0.0,47.94134521484375,47.01494216918945,47.246543884277344,0.0,746327
2013-08-06,25.801990509033203,47.94134521484375,0.0,49.09934997558594,47.478145599365234,47.478145599365234,0.0,1045765
2013-08-07,25.801990509033203,47.94134521484375,0.0,48.40454864501953,47.478145599365234,47.709747314453125,0.0,518996
2013-08-08,26.425233840942383,49.09934997558594,0.0,49.09934997558594,48.17294692993164,48.86774826049805,0.0,494925
2013-08-09,25.801990509033203,47.94134521484375,0.0,49.09934997558594,47.94134521484375,48.86774826049805,0.0,796629
2013-08-13,26.051294326782227,48.40454864501953,0.0,48.86774826049805,47.478145599365234,47.478145599365234,0.0,739419
2013-08-14,26.175941467285156,48.63615036010742,0.0,48.63615036010742,48.17294692993164,48.40454864501953,0.0,409433
2013-08-15,26.175941467285156,48.63615036010742,0.0,48.86774826049805,48.17294692993164,48.40454864501953,0.0,668067
2013-08-16,26.30059242248535,48.86774826049805,0.0,48.86774826049805,48.17294692993164,48.40454864501953,0.0,625213
2013-08-19,25.926651000976562,48.17294692993164,0.0,48.40454864501953,47.709747314453125,48.40454864501953,0.0,829336
2013-08-20,25.926651000976562,48.17294692993164,0.0,48.17294692993164,47.478145599365234,48.17294692993164,0.0,1031840
2013-08-21,25.303401947021484,47.01494216918945,0.0,47.709747314453125,47.01494216918945,47.709747314453125,0.0,860856
2013-08-22,25.677349090576172,47.709747314453125,0.0,48.17294692993164,46.55174255371094,46.78334426879883,0.0,889030
2013-08-23,25.677349090576172,47.709747314453125,0.0,48.40454864501953,47.478145599365234,48.17294692993164,0.0,933934
2013-08-26,25.926651000976562,48.17294692993164,0.0,48.40454864501953,47.94134521484375,48.40454864501953,0.0,272559
2013-08-27,25.677349090576172,47.709747314453125,0.0,48.17294692993164,47.246543884277344,48.17294692993164,0.0,446673
2013-08-28,25.677349090576172,47.709747314453125,0.0,47.709747314453125,46.32014083862305,46.78334426879883,0.0,839159
2013-08-29,25.42806053161621,47.246543884277344,0.0,47.709747314453125,46.32014083862305,47.246543884277344,0.0,1395936
2013-08-30,25.351621627807617,46.088539123535156,1.019043,46.32014083862305,45.62533950805664,46.088539123535156,0.0,774069
2013-09-02,25.351621627807617,46.088539123535156,0.0,46.32014083862305,45.62533950805664,45.62533950805664,0.0,786698
2013-09-03,25.224220275878906,45.85694122314453,0.0,46.088539123535156,45.62533950805664,45.85694122314453,0.0,494601
2013-09-04,24.969432830810547,45.39373779296875,0.0,45.62533950805664,45.162139892578125,45.62533950805664,0.0,818650
2013-09-05,25.09682273864746,45.62533950805664,0.0,45.85694122314453,45.162139892578125,45.62533950805664,0.0,628128
2013-09-06,25.479013442993164,46.32014083862305,0.0,46.32014083862305,45.39373779296875,45.62533950805664,0.0,643672
2013-09-09,25.479013442993164,46.32014083862305,0.0,47.246543884277344,46.32014083862305,46.32014083862305,0.0,569622
2013-09-10,26.11599349975586,47.478145599365234,0.0,48.40454864501953,46.55174255371094,46.55174255371094,0.0,1045873
2013-09-11,26.37078094482422,47.94134521484375,0.0,48.17294692993164,47.246543884277344,47.246543884277344,0.0,476790
2013-09-12,25.98859405517578,47.246543884277344,0.0,48.40454864501953,47.246543884277344,48.40454864501953,0.0,430374
2013-09-13,25.98859405517578,47.246543884277344,0.0,47.709747314453125,47.01494216918945,47.246543884277344,0.0,585166
2013-09-16,26.11599349975586,47.478145599365234,0.0,48.17294692993164,47.478145599365234,47.709747314453125,0.0,956711
2013-09-17,26.243379592895508,47.709747314453125,0.0,47.94134521484375,47.478145599365234,47.478145599365234,0.0,777415
2013-09-18,26.11599349975586,47.478145599365234,0.0,47.94134521484375,47.246543884277344,47.709747314453125,0.0,716103
2013-09-19,26.243379592895508,47.709747314453125,0.0,48.63615036010742,47.709747314453125,48.17294692993164,0.0,2428209
2013-09-20,26.498172760009766,48.17294692993164,0.0,48.40454864501953,47.709747314453125,48.17294692993164,0.0,1215561
2013-09-23,26.11599349975586,47.478145599365234,0.0,48.40454864501953,47.246543884277344,48.40454864501953,0.0,849738
2013-09-24,25.73380470275879,46.78334426879883,0.0,47.709747314453125,46.78334426879883,47.478145599365234,0.0,915260
2013-09-25,25.861196517944336,47.01494216918945,0.0,47.01494216918945,46.088539123535156,46.78334426879883,0.0,1541769
2013-09-26,25.60641098022461,46.55174255371094,0.0,47.01494216918945,46.32014083862305,46.78334426879883,0.0,624782
2013-09-27,25.861196517944336,47.01494216918945,0.0,47.01494216918945,46.55174255371094,46.78334426879883,0.0,809043
2013-09-30,25.479013442993164,46.32014083862305,0.0,46.55174255371094,45.85694122314453,46.32014083862305,0.0,1363013
2013-10-01,25.351621627807617,46.088539123535156,0.0,46.55174255371094,46.088539123535156,46.088539123535156,0.0,1288532
2013-10-02,25.479013442993164,46.32014083862305,0.0,46.32014083862305,45.62533950805664,46.088539123535156,0.0,1465345
2013-10-03,25.479013442993164,46.32014083862305,0.0,47.246543884277344,46.32014083862305,46.55174255371094,0.0,2258520
2013-10-04,25.73380470275879,46.78334426879883,0.0,46.78334426879883,46.32014083862305,46.55174255371094,0.0,735209
2013-10-07,25.479013442993164,46.32014083862305,0.0,46.78334426879883,46.32014083862305,46.55174255371094,0.0,820485
2013-10-08,25.98859405517578,47.246543884277344,0.0,47.246543884277344,46.32014083862305,46.32014083862305,0.0,1022017
2013-10-09,25.98859405517578,47.246543884277344,0.0,47.246543884277344,47.01494216918945,47.01494216918945,0.0,288103
2013-10-10,25.98859405517578,47.246543884277344,0.0,47.478145599365234,47.01494216918945,47.246543884277344,0.0,395076
2013-10-11,26.11599349975586,47.478145599365234,0.0,47.709747314453125,47.246543884277344,47.478145599365234,0.0,608698
2013-10-14,25.98859405517578,47.246543884277344,0.0,47.478145599365234,47.01494216918945,47.246543884277344,0.0,802782
2013-10-15,26.243379592895508,47.709747314453125,0.0,47.94134521484375,47.246543884277344,47.246543884277344,0.0,1021046
2013-10-16,25.98859405517578,47.246543884277344,0.0,48.17294692993164,47.246543884277344,48.17294692993164,0.0,736936
2013-10-17,26.11599349975586,47.478145599365234,0.0,47.709747314453125,47.246543884277344,47.246543884277344,0.0,880070
2013-10-18,26.37078094482422,47.94134521484375,0.0,47.94134521484375,47.01494216918945,47.01494216918945,0.0,952825
2013-10-21,26.243379592895508,47.709747314453125,0.0,48.17294692993164,47.478145599365234,47.709747314453125,0.0,852221
2013-10-22,26.243379592895508,47.709747314453125,0.0,47.94134521484375,47.246543884277344,47.709747314453125,0.0,1075989
2013-10-24,26.75296974182129,48.63615036010742,0.0,48.63615036010742,47.478145599365234,47.709747314453125,0.0,1117656
2013-10-25,26.62557029724121,48.40454864501953,0.0,48.63615036010742,48.17294692993164,48.63615036010742,0.0,888922
2013-10-28,26.11599349975586,47.478145599365234,0.0,48.40454864501953,47.246543884277344,48.40454864501953,0.0,995139
2013-10-29,26.37078094482422,47.94134521484375,0.0,48.17294692993164,47.246543884277344,47.478145599365234,0.0,586893
2013-10-30,26.11599349975586,47.478145599365234,0.0,48.17294692993164,46.088539123535156,48.17294692993164,0.0,1658997
2013-10-31,25.73380470275879,46.78334426879883,0.0,47.246543884277344,46.78334426879883,47.246543884277344,0.0,1257444
2013-11-01,25.73380470275879,46.78334426879883,0.0,47.246543884277344,46.32014083862305,46.78334426879883,0.0,740174
2013-11-04,25.73380470275879,46.78334426879883,0.0,46.78334426879883,46.32014083862305,46.55174255371094,0.0,874241
2013-11-05,25.73380470275879,46.78334426879883,0.0,46.78334426879883,46.32014083862305,46.55174255371094,0.0,520076
2013-11-06,25.98859405517578,47.246543884277344,0.0,47.246543884277344,46.55174255371094,46.78334426879883,0.0,482403
2013-11-07,25.73380470275879,46.78334426879883,0.0,47.246543884277344,46.78334426879883,47.246543884277344,0.0,408029
2013-11-08,25.73380470275879,46.78334426879883,0.0,46.78334426879883,46.32014083862305,46.78334426879883,0.0,429186
2013-11-11,25.73380470275879,46.78334426879883,0.0,46.78334426879883,46.32014083862305,46.32014083862305,0.0,415801
2013-11-12,25.479013442993164,46.32014083862305,0.0,46.78334426879883,46.32014083862305,46.55174255371094,0.0,782920
2013-11-13,25.351621627807617,46.088539123535156,0.0,46.32014083862305,46.088539123535156,46.088539123535156,0.0,629747
2013-11-14,25.73380470275879,46.78334426879883,0.0,47.246543884277344,46.088539123535156,46.32014083862305,0.0,1220527
2013-11-15,25.98859405517578,47.246543884277344,0.0,47.478145599365234,47.01494216918945,47.246543884277344,0.0,944945
2013-11-18,25.98859405517578,47.246543884277344,0.0,47.709747314453125,47.01494216918945,47.478145599365234,0.0,809259
2013-11-19,25.861196517944336,47.01494216918945,0.0,47.478145599365234,47.01494216918945,47.478145599365234,0.0,549868
2013-11-20,26.243379592895508,47.709747314453125,0.0,47.709747314453125,47.01494216918945,47.478145599365234,0.0,578797
2013-11-21,25.73380470275879,46.78334426879883,0.0,47.246543884277344,46.32014083862305,47.246543884277344,0.0,990173
2013-11-22,25.479013442993164,46.32014083862305,0.0,46.78334426879883,46.088539123535156,46.55174255371094,0.0,779790
2013-11-25,25.479013442993164,46.32014083862305,0.0,46.55174255371094,46.088539123535156,46.32014083862305,0.0,574156
2013-11-26,25.60641098022461,46.55174255371094,0.0,46.78334426879883,46.32014083862305,46.55174255371094,0.0,678322
2013-11-27,25.73380470275879,46.78334426879883,0.0,46.78334426879883,46.088539123535156,46.32014083862305,0.0,341320
2013-11-28,25.73380470275879,46.78334426879883,0.0,47.01494216918945,46.32014083862305,46.55174255371094,0.0,791880
2013-11-29,25.861196517944336,47.01494216918945,0.0,47.01494216918945,46.32014083862305,46.78334426879883,0.0,763166
2013-12-02,25.98859405517578,47.246543884277344,0.0,47.246543884277344,46.78334426879883,46.78334426879883,0.0,867225
2013-12-03,25.861196517944336,47.01494216918945,0.0,47.478145599365234,47.01494216918945,47.01494216918945,0.0,458223
2013-12-04,25.98859405517578,47.246543884277344,0.0,47.246543884277344,47.01494216918945,47.246543884277344,0.0,406518
2013-12-06,25.73380470275879,46.78334426879883,0.0,47.01494216918945,46.55174255371094,47.01494216918945,0.0,380827
2013-12-09,25.98859405517578,47.246543884277344,0.0,47.246543884277344,46.55174255371094,46.78334426879883,0.0,311311
2013-12-11,25.98859405517578,47.246543884277344,0.0,47.478145599365234,47.01494216918945,47.478145599365234,0.0,341859
2013-12-12,25.861196517944336,47.01494216918945,0.0,47.246543884277344,46.55174255371094,47.246543884277344,0.0,579877
2013-12-13,25.479013442993164,46.32014083862305,0.0,47.01494216918945,46.32014083862305,47.01494216918945,0.0,704337
2013-12-16,25.351621627807617,46.088539123535156,0.0,46.32014083862305,45.62533950805664,46.32014083862305,0.0,1136114
2013-12-17,25.09682273864746,45.62533950805664,0.0,45.62533950805664,45.39373779296875,45.39373779296875,0.0,1487905
2013-12-18,24.969432830810547,45.39373779296875,0.0,46.088539123535156,45.162139892578125,45.85694122314453,0.0,968693
2013-12-19,24.969432830810547,45.39373779296875,0.0,45.62533950805664,45.162139892578125,45.62533950805664,0.0,977544
2013-12-20,24.8420352935791,45.162139892578125,0.0,45.39373779296875,44.930538177490234,45.39373779296875,0.0,607079
2013-12-23,24.8420352935791,45.162139892578125,0.0,45.39373779296875,44.930538177490234,44.930538177490234,0.0,460490
2013-12-24,24.8420352935791,45.162139892578125,0.0,45.162139892578125,44.698936462402344,44.698936462402344,0.0,216644
2013-12-25,24.969432830810547,45.39373779296875,0.0,45.39373779296875,44.930538177490234,44.930538177490234,0.0,211786
2013-12-26,24.969432830810547,45.39373779296875,0.0,45.39373779296875,45.162139892578125,45.39373779296875,0.0,473767
2013-12-27,24.969432830810547,45.39373779296875,0.0,45.39373779296875,44.00413513183594,44.930538177490234,0.0,742117
2014-01-02,23.568086624145508,42.84613037109375,0.0,45.39373779296875,41.68812942504883,45.39373779296875,0.0,1084409
2014-01-03,23.695484161376953,43.07773208618164,0.0,43.30933380126953,41.68812942504883,42.151329040527344,0.0,1318756
2014-01-06,23.822877883911133,43.30933380126953,0.0,43.30933380126953,42.382930755615234,42.614532470703125,0.0,1054832
2014-01-07,24.077674865722656,43.77253341674805,0.0,43.77253341674805,42.84613037109375,43.30933380126953,0.0,1203903
2014-01-08,24.332462310791016,44.23573684692383,0.0,44.46733474731445,43.30933380126953,43.54093551635742,0.0,1870892
2014-01-09,24.8420352935791,45.162139892578125,0.0,45.62533950805664,44.46733474731445,44.698936462402344,0.0,980458
2014-01-10,24.8420352935791,45.162139892578125,0.0,45.162139892578125,44.698936462402344,44.930538177490234,0.0,297926
2014-01-13,25.73380470275879,46.78334426879883,0.0,47.94134521484375,44.930538177490234,44.930538177490234,0.0,756690
2014-01-14,25.224220275878906,45.85694122314453,0.0,47.246543884277344,45.39373779296875,46.78334426879883,0.0,1179832
2014-01-15,24.969432830810547,45.39373779296875,0.0,45.85694122314453,44.930538177490234,45.39373779296875,0.0,805697
2014-01-16,25.224220275878906,45.85694122314453,0.0,45.85694122314453,45.162139892578125,45.162139892578125,0.0,374890
2014-01-17,24.969432830810547,45.39373779296875,0.0,45.62533950805664,45.162139892578125,45.62533950805664,0.0,651444
2014-01-20,25.09682273864746,45.62533950805664,0.0,45.85694122314453,44.930538177490234,44.930538177490234,0.0,1207250
2014-01-21,24.71464729309082,44.930538177490234,0.0,45.62533950805664,44.46733474731445,45.62533950805664,0.0,844880
2014-01-22,24.8420352935791,45.162139892578125,0.0,45.39373779296875,44.698936462402344,44.930538177490234,0.0,368090
2014-01-23,24.969432830810547,45.39373779296875,0.0,45.39373779296875,44.930538177490234,45.39373779296875,0.0,481971
2014-01-24,24.8420352935791,45.162139892578125,0.0,45.39373779296875,44.46733474731445,45.39373779296875,0.0,635252
2014-01-27,24.45985221862793,44.46733474731445,0.0,44.46733474731445,44.23573684692383,44.46733474731445,0.0,1477866
2014-01-28,24.332462310791016,44.23573684692383,0.0,44.46733474731445,44.23573684692383,44.46733474731445,0.0,1181991
2014-01-29,24.45985221862793,44.46733474731445,0.0,44.46733474731445,44.23573684692383,44.23573684692383,0.0,1341964
2014-01-30,24.45985221862793,44.46733474731445,0.0,44.46733474731445,44.00413513183594,44.46733474731445,0.0,2429504
2014-01-31,24.332462310791016,44.23573684692383,0.0,44.698936462402344,44.23573684692383,44.46733474731445,0.0,984344
2014-02-03,24.587247848510742,44.698936462402344,0.0,44.930538177490234,44.46733474731445,44.46733474731445,0.0,400041
2014-02-04,24.45985221862793,44.46733474731445,0.0,44.46733474731445,44.00413513183594,44.46733474731445,0.0,1719122
2014-02-05,24.332462310791016,44.23573684692383,0.0,44.698936462402344,44.00413513183594,44.698936462402344,0.0,1344879
2014-02-06,24.332462310791016,44.23573684692383,0.0,44.698936462402344,44.00413513183594,44.46733474731445,0.0,1310445
2014-02-07,24.332462310791016,44.23573684692383,0.0,44.698936462402344,44.23573684692383,44.698936462402344,0.0,1485314
2014-02-10,24.587247848510742,44.698936462402344,0.0,44.930538177490234,44.23573684692383,44.46733474731445,0.0,620140
2014-02-11,25.09682273864746,45.62533950805664,0.0,47.478145599365234,44.698936462402344,44.930538177490234,0.0,1866034
2014-02-12,25.351621627807617,46.088539123535156,0.0,46.088539123535156,45.162139892578125,45.85694122314453,0.0,950450
2014-02-13,25.479013442993164,46.32014083862305,0.0,46.78334426879883,45.85694122314453,46.088539123535156,0.0,740174
2014-02-17,25.479013442993164,46.32014083862305,0.0,47.01494216918945,46.32014083862305,47.01494216918945,0.0,222689
2014-02-18,25.479013442993164,46.32014083862305,0.0,46.32014083862305,45.62533950805664,46.32014083862305,0.0,745356
2014-02-19,25.224220275878906,45.85694122314453,0.0,46.55174255371094,45.85694122314453,46.088539123535156,0.0,791664
2014-02-20,24.969432830810547,45.39373779296875,0.0,46.088539123535156,45.39373779296875,45.85694122314453,0.0,317356
2014-02-21,25.224220275878906,45.85694122314453,0.0,46.088539123535156,45.162139892578125,45.39373779296875,0.0,529251
2014-02-24,25.351621627807617,46.088539123535156,0.0,46.32014083862305,45.62533950805664,45.62533950805664,0.0,270940
2014-02-25,25.351621627807617,46.088539123535156,0.0,46.32014083862305,45.62533950805664,46.32014083862305,0.0,481755
2014-02-26,25.09682273864746,45.62533950805664,0.0,46.088539123535156,45.39373779296875,46.088539123535156,0.0,577718
2014-02-27,25.351621627807617,46.088539123535156,0.0,46.088539123535156,45.39373779296875,45.62533950805664,0.0,682100
2014-02-28,25.30987548828125,44.930538177490234,1.083891,45.162139892578125,44.698936462402344,44.930538177490234,0.0,464592
2014-03-03,25.30987548828125,44.930538177490234,0.0,45.162139892578125,44.698936462402344,45.162139892578125,0.0,503560
2014-03-04,25.30987548828125,44.930538177490234,0.0,44.930538177490234,44.46733474731445,44.698936462402344,0.0,741901
2014-03-05,25.179407119750977,44.698936462402344,0.0,45.162139892578125,44.698936462402344,45.162139892578125,0.0,292313
2014-03-06,25.179407119750977,44.698936462402344,0.0,44.930538177490234,44.46733474731445,44.698936462402344,0.0,365715
2014-03-07,25.179407119750977,44.698936462402344,0.0,44.930538177490234,44.46733474731445,44.46733474731445,0.0,244602
2014-03-10,25.30987548828125,44.930538177490234,0.0,44.930538177490234,44.46733474731445,44.698936462402344,0.0,224416
2014-03-11,25.30987548828125,44.930538177490234,0.0,45.39373779296875,44.698936462402344,44.698936462402344,0.0,964375
2014-03-12,25.440332412719727,45.162139892578125,0.0,45.162139892578125,44.698936462402344,44.930538177490234,0.0,519860
2014-03-13,25.70125389099121,45.62533950805664,0.0,45.62533950805664,44.930538177490234,45.162139892578125,0.0,1453255
2014-03-14,25.831722259521484,45.85694122314453,0.0,45.85694122314453,45.39373779296875,45.39373779296875,0.0,1274283
2014-03-17,25.962190628051758,46.088539123535156,0.0,46.088539123535156,45.62533950805664,45.85694122314453,0.0,1057315
2014-03-18,25.70125389099121,45.62533950805664,0.0,45.85694122314453,45.62533950805664,45.85694122314453,0.0,1251183
2014-03-19,25.70125389099121,45.62533950805664,0.0,46.088539123535156,45.62533950805664,45.62533950805664,0.0,784216
2014-03-20,25.962190628051758,46.088539123535156,0.0,46.088539123535156,45.162139892578125,45.62533950805664,0.0,1552564
2014-03-21,25.831722259521484,45.85694122314453,0.0,46.088539123535156,45.62533950805664,46.088539123535156,0.0,832359
2014-03-24,25.962190628051758,46.088539123535156,0.0,46.32014083862305,45.62533950805664,45.85694122314453,0.0,2054397
2014-03-25,26.092649459838867,46.32014083862305,0.0,46.78334426879883,46.088539123535156,46.32014083862305,0.0,2627582
2014-03-26,26.744972229003906,47.478145599365234,0.0,47.478145599365234,46.55174255371094,46.78334426879883,0.0,2067135
2014-03-27,26.614503860473633,47.246543884277344,0.0,47.478145599365234,46.78334426879883,47.246543884277344,0.0,538750
2014-03-28,26.87542724609375,47.709747314453125,0.0,48.17294692993164,47.01494216918945,47.01494216918945,0.0,1843366
2014-03-31,27.005895614624023,47.94134521484375,0.0,48.17294692993164,47.709747314453125,48.17294692993164,0.0,627372
2014-04-01,27.65821075439453,49.09934997558594,0.0,49.33095169067383,48.17294692993164,48.40454864501953,0.0,1968689
2014-04-02,27.788671493530273,49.33095169067383,0.0,49.56255340576172,49.09934997558594,49.56255340576172,0.0,566060
2014-04-03,28.310535430908203,50.257354736328125,0.0,50.257354736328125,49.09934997558594,49.33095169067383,0.0,1530219
2014-04-04,28.180063247680664,50.025753021240234,0.0,50.257354736328125,49.794151306152344,50.025753021240234,0.0,1010575
2014-04-08,27.52775001525879,48.86774826049805,0.0,49.794151306152344,48.63615036010742,49.56255340576172,0.0,458116
2014-04-09,27.919132232666016,49.56255340576172,0.0,49.56255340576172,48.86774826049805,48.86774826049805,0.0,466967
2014-04-10,27.788671493530273,49.33095169067383,0.0,49.56255340576172,48.86774826049805,49.56255340576172,0.0,489096
2014-04-11,27.52775001525879,48.86774826049805,0.0,49.33095169067383,48.86774826049805,49.09934997558594,0.0,549544
2014-04-16,27.65821075439453,49.09934997558594,0.0,49.33095169067383,48.86774826049805,48.86774826049805,0.0,920010
2014-04-17,27.65821075439453,49.09934997558594,0.0,49.33095169067383,48.86774826049805,49.33095169067383,0.0,996974
2014-04-18,27.26681900024414,48.40454864501953,0.0,49.33095169067383,47.94134521484375,49.33095169067383,0.0,1106645
2014-04-21,27.65821075439453,49.09934997558594,0.0,49.09934997558594,48.40454864501953,48.40454864501953,0.0,440089
2014-04-22,27.52775001525879,48.86774826049805,0.0,49.09934997558594,48.63615036010742,49.09934997558594,0.0,347365
2014-04-23,27.52775001525879,48.86774826049805,0.0,49.09934997558594,48.63615036010742,48.86774826049805,0.0,258095
2014-04-24,27.52775001525879,48.86774826049805,0.0,48.86774826049805,48.63615036010742,48.63615036010742,0.0,780761
2014-04-25,27.397289276123047,48.63615036010742,0.0,48.86774826049805,48.63615036010742,48.86774826049805,0.0,593910
2014-04-28,27.65821075439453,49.09934997558594,0.0,49.09934997558594,47.94134521484375,48.63615036010742,0.0,59693
2014-04-29,27.397289276123047,48.63615036010742,0.0,49.09934997558594,48.40454864501953,49.09934997558594,0.0,313038
2014-04-30,27.788671493530273,49.33095169067383,0.0,49.56255340576172,48.63615036010742,48.63615036010742,0.0,1224089
2014-05-02,27.65821075439453,49.09934997558594,0.0,49.56255340576172,49.09934997558594,49.09934997558594,0.0,393241
2014-05-06,27.65821075439453,49.09934997558594,0.0,49.56255340576172,49.09934997558594,49.33095169067383,0.0,526121
2014-05-07,27.919132232666016,49.56255340576172,0.0,49.56255340576172,48.63615036010742,48.86774826049805,0.0,820593
2014-05-08,27.397289276123047,48.63615036010742,0.0,49.09934997558594,48.40454864501953,49.09934997558594,0.0,1026875
2014-05-09,27.005895614624023,47.94134521484375,0.0,48.86774826049805,47.709747314453125,48.40454864501953,0.0,898097
2014-05-12,27.26681900024414,48.40454864501953,0.0,48.63615036010742,47.94134521484375,47.94134521484375,0.0,247624
2014-05-14,27.136354446411133,48.17294692993164,0.0,48.86774826049805,48.17294692993164,48.40454864501953,0.0,975169
2014-05-15,27.26681900024414,48.40454864501953,0.0,48.63615036010742,48.17294692993164,48.17294692993164,0.0,288535
2014-05-16,27.397289276123047,48.63615036010742,0.0,48.63615036010742,47.94134521484375,48.40454864501953,0.0,1182315
2014-05-19,27.26681900024414,48.40454864501953,0.0,48.63615036010742,48.17294692993164,48.63615036010742,0.0,836677
2014-05-20,27.397289276123047,48.63615036010742,0.0,48.63615036010742,48.17294692993164,48.17294692993164,0.0,480676
2014-05-21,27.65821075439453,49.09934997558594,0.0,49.09934997558594,48.63615036010742,48.86774826049805,0.0,415370
2014-05-22,27.52775001525879,48.86774826049805,0.0,49.33095169067383,48.86774826049805,49.09934997558594,0.0,118738
2014-05-23,27.52775001525879,48.86774826049805,0.0,48.86774826049805,47.94134521484375,48.40454864501953,0.0,600494
2014-05-26,27.397289276123047,48.63615036010742,0.0,48.86774826049805,48.40454864501953,48.40454864501953,0.0,1071132
2014-05-27,27.397289276123047,48.63615036010742,0.0,48.63615036010742,48.40454864501953,48.63615036010742,0.0,679617
2014-05-28,27.65821075439453,49.09934997558594,0.0,49.33095169067383,48.63615036010742,48.63615036010742,0.0,623270
2014-05-29,27.65821075439453,49.09934997558594,0.0,49.09934997558594,48.86774826049805,48.86774826049805,0.0,298898
2014-05-30,27.65821075439453,49.09934997558594,0.0,49.09934997558594,48.86774826049805,48.86774826049805,0.0,607403
2014-06-02,27.788671493530273,49.33095169067383,0.0,49.33095169067383,48.86774826049805,49.09934997558594,0.0,736936
2014-06-03,27.919132232666016,49.56255340576172,0.0,50.95215606689453,49.09934997558594,49.33095169067383,0.0,1706385
2014-06-04,27.788671493530273,49.33095169067383,0.0,49.794151306152344,48.86774826049805,49.794151306152344,0.0,915908
2014-06-05,27.919132232666016,49.56255340576172,0.0,49.794151306152344,49.09934997558594,49.56255340576172,0.0,857942
2014-06-06,28.571455001831055,50.72055435180664,0.0,50.72055435180664,49.794151306152344,50.025753021240234,0.0,778495
2014-06-09,28.180063247680664,50.025753021240234,0.0,50.95215606689453,49.794151306152344,50.95215606689453,0.0,356216
2014-06-10,28.310535430908203,50.257354736328125,0.0,50.72055435180664,49.794151306152344,49.794151306152344,0.0,371004
2014-06-11,28.180063247680664,50.025753021240234,0.0,50.488956451416016,50.025753021240234,50.488956451416016,0.0,476358
2014-06-12,28.180063247680664,50.025753021240234,0.0,50.257354736328125,49.794151306152344,50.025753021240234,0.0,423681
2014-06-13,28.180063247680664,50.025753021240234,0.0,50.257354736328125,49.794151306152344,50.025753021240234,0.0,307965
2014-06-16,28.310535430908203,50.257354736328125,0.0,50.488956451416016,50.025753021240234,50.025753021240234,0.0,261441
2014-06-17,28.180063247680664,50.025753021240234,0.0,50.257354736328125,50.025753021240234,50.257354736328125,0.0,268025
2014-06-18,28.049598693847656,49.794151306152344,0.0,50.257354736328125,49.33095169067383,50.257354736328125,0.0,578150
2014-06-19,27.65821075439453,49.09934997558594,0.0,50.025753021240234,48.63615036010742,49.794151306152344,0.0,706064
2014-06-20,27.52775001525879,48.86774826049805,0.0,49.09934997558594,48.40454864501953,49.09934997558594,0.0,961460
2014-06-23,27.65821075439453,49.09934997558594,0.0,49.56255340576172,48.63615036010742,48.86774826049805,0.0,2016401
2014-06-24,28.180063247680664,50.025753021240234,0.0,50.257354736328125,49.33095169067383,49.33095169067383,0.0,2087536
2014-06-25,28.440990447998047,50.488956451416016,0.0,50.72055435180664,50.025753021240234,50.257354736328125,0.0,1227759
2014-06-26,28.440990447998047,50.488956451416016,0.0,50.95215606689453,50.257354736328125,50.72055435180664,0.0,735101
2014-06-27,28.70191192626953,50.95215606689453,0.0,50.95215606689453,50.257354736328125,50.95215606689453,0.0,552891
2014-06-30,28.310535430908203,50.257354736328125,0.0,50.72055435180664,50.257354736328125,50.72055435180664,0.0,228734
2014-07-02,28.310535430908203,50.257354736328125,0.0,50.72055435180664,50.257354736328125,50.257354736328125,0.0,863986
2014-07-03,28.180063247680664,50.025753021240234,0.0,50.257354736328125,49.794151306152344,50.257354736328125,0.0,547925
2014-07-04,28.440990447998047,50.488956451416016,0.0,50.488956451416016,50.025753021240234,50.025753021240234,0.0,422170
2014-07-07,28.310535430908203,50.257354736328125,0.0,50.488956451416016,50.025753021240234,50.257354736328125,0.0,125647
2014-07-08,28.440990447998047,50.488956451416016,0.0,50.72055435180664,50.025753021240234,50.025753021240234,0.0,280763
2014-07-09,28.049598693847656,49.794151306152344,0.0,50.72055435180664,49.794151306152344,50.72055435180664,0.0,426596
2014-07-10,28.049598693847656,49.794151306152344,0.0,50.025753021240234,49.56255340576172,49.794151306152344,0.0,885036
2014-07-14,28.180063247680664,50.025753021240234,0.0,50.025753021240234,49.794151306152344,49.794151306152344,0.0,449480
2014-07-15,28.180063247680664,50.025753021240234,0.0,50.025753021240234,49.794151306152344,50.025753021240234,0.0,205526
2014-07-16,28.180063247680664,50.025753021240234,0.0,50.257354736328125,49.794151306152344,50.025753021240234,0.0,691923
2014-07-17,28.049598693847656,49.794151306152344,0.0,50.025753021240234,49.794151306152344,49.794151306152344,0.0,519104
2014-07-18,28.440990447998047,50.488956451416016,0.0,50.488956451416016,49.794151306152344,50.025753021240234,0.0,1387301
2014-07-21,28.180063247680664,50.025753021240234,0.0,50.488956451416016,49.794151306152344,50.488956451416016,0.0,348768
2014-07-22,28.180063247680664,50.025753021240234,0.0,50.025753021240234,49.794151306152344,50.025753021240234,0.0,611181
2014-07-23,28.180063247680664,50.025753021240234,0.0,50.257354736328125,49.794151306152344,50.025753021240234,0.0,608266
2014-07-24,28.180063247680664,50.025753021240234,0.0,50.257354736328125,49.794151306152344,50.025753021240234,0.0,1176593
2014-07-25,28.571455001831055,50.72055435180664,0.0,50.72055435180664,49.794151306152344,50.025753021240234,0.0,1110855
2014-07-28,28.180063247680664,50.025753021240234,0.0,50.488956451416016,49.794151306152344,50.488956451416016,0.0,865606
2014-07-29,28.180063247680664,50.025753021240234,0.0,50.488956451416016,49.794151306152344,50.025753021240234,0.0,243630
2014-07-30,28.180063247680664,50.025753021240234,0.0,50.257354736328125,49.56255340576172,50.025753021240234,0.0,1480565
2014-07-31,28.310535430908203,50.257354736328125,0.0,50.257354736328125,49.794151306152344,49.794151306152344,0.0,973334
2014-08-01,28.180063247680664,50.025753021240234,0.0,50.025753021240234,49.794151306152344,49.794151306152344,0.0,255612
2014-08-04,28.440990447998047,50.488956451416016,0.0,50.488956451416016,49.794151306152344,49.794151306152344,0.0,685986
2014-08-05,28.180063247680664,50.025753021240234,0.0,50.72055435180664,50.025753021240234,50.72055435180664,0.0,594665
2014-08-06,28.049598693847656,49.794151306152344,0.0,50.257354736328125,49.794151306152344,50.025753021240234,0.0,293176
2014-08-07,28.180063247680664,50.025753021240234,0.0,50.257354736328125,49.794151306152344,49.794151306152344,0.0,484562
2014-08-08,28.70191192626953,50.95215606689453,0.0,50.95215606689453,50.025753021240234,50.025753021240234,0.0,1367655
2014-08-13,29.48470115661621,52.34176254272461,0.0,52.573360443115234,50.72055435180664,50.95215606689453,0.0,2118085
2014-08-14,29.745622634887695,52.804962158203125,0.0,52.804962158203125,52.11016082763672,52.573360443115234,0.0,809043
2014-08-15,30.137012481689453,53.49976348876953,0.0,53.73136520385742,52.804962158203125,52.804962158203125,0.0,1944942
2014-08-18,29.745622634887695,52.804962158203125,0.0,53.26816177368164,52.11016082763672,53.26816177368164,0.0,921629
2014-08-19,29.48470115661621,52.34176254272461,0.0,53.26816177368164,52.34176254272461,53.26816177368164,0.0,976033
2014-08-20,29.354232788085938,52.11016082763672,0.0,52.573360443115234,51.87855911254883,52.34176254272461,0.0,1030005
2014-08-21,29.876089096069336,53.036563873291016,0.0,53.26816177368164,52.11016082763672,52.11016082763672,0.0,1054940
2014-08-22,30.26746940612793,53.73136520385742,0.0,53.73136520385742,53.036563873291016,53.26816177368164,0.0,1048787
2014-08-25,30.91978645324707,54.889366149902344,0.0,54.889366149902344,53.49976348876953,53.73136520385742,0.0,2230023
2014-08-26,30.789331436157227,54.65776824951172,0.0,55.120967864990234,54.42616653442383,54.889366149902344,0.0,662562
2014-08-27,31.050251007080078,55.120967864990234,0.0,55.584171295166016,54.889366149902344,54.889366149902344,0.0,807747
2014-08-28,31.311180114746094,55.584171295166016,0.0,55.584171295166016,54.889366149902344,55.352569580078125,0.0,1289935
2014-08-29,30.965641021728516,53.96296691894531,1.019043,54.65776824951172,53.49976348876953,54.19456481933594,0.0,1039936
2014-09-01,31.630138397216797,55.120967864990234,0.0,55.120967864990234,54.19456481933594,54.19456481933594,0.0,1744597
2014-09-02,31.76303482055664,55.352569580078125,0.0,55.352569580078125,54.889366149902344,55.352569580078125,0.0,531950
2014-09-03,31.895936965942383,55.584171295166016,0.0,55.584171295166016,55.120967864990234,55.120967864990234,0.0,630179
2014-09-04,31.497236251831055,54.889366149902344,0.0,55.584171295166016,54.42616653442383,55.584171295166016,0.0,1120246
2014-09-05,31.895936965942383,55.584171295166016,0.0,55.584171295166016,54.42616653442383,54.65776824951172,0.0,540261
2014-09-08,31.895936965942383,55.584171295166016,0.0,55.584171295166016,55.120967864990234,55.584171295166016,0.0,574695
2014-09-09,31.630138397216797,55.120967864990234,0.0,55.352569580078125,54.889366149902344,55.352569580078125,0.0,310448
2014-09-10,31.231441497802734,54.42616653442383,0.0,55.120967864990234,54.42616653442383,54.65776824951172,0.0,498379
2014-09-11,30.965641021728516,53.96296691894531,0.0,54.42616653442383,53.73136520385742,54.19456481933594,0.0,858805
2014-09-12,31.231441497802734,54.42616653442383,0.0,54.42616653442383,53.26816177368164,53.96296691894531,0.0,1325341
2014-09-15,30.965641021728516,53.96296691894531,0.0,54.19456481933594,53.49976348876953,53.73136520385742,0.0,878559
2014-09-16,30.83273696899414,53.73136520385742,0.0,54.42616653442383,53.73136520385742,53.73136520385742,0.0,410188
2014-09-17,30.699844360351562,53.49976348876953,0.0,53.96296691894531,53.26816177368164,53.26816177368164,0.0,841210
2014-09-18,30.699844360351562,53.49976348876953,0.0,53.73136520385742,53.26816177368164,53.49976348876953,0.0,920873
2014-09-19,30.699844360351562,53.49976348876953,0.0,53.96296691894531,53.26816177368164,53.73136520385742,0.0,788857
2014-09-22,31.09855079650879,54.19456481933594,0.0,54.65776824951172,53.26816177368164,53.49976348876953,0.0,1139461
2014-09-23,31.09855079650879,54.19456481933594,0.0,54.19456481933594,53.49976348876953,54.19456481933594,0.0,1325665
2014-09-24,31.09855079650879,54.19456481933594,0.0,54.42616653442383,53.73136520385742,54.42616653442383,0.0,1177241
2014-09-25,31.76303482055664,55.352569580078125,0.0,56.04737091064453,53.96296691894531,53.96296691894531,0.0,4320474
2014-09-26,32.028839111328125,55.81576919555664,0.0,56.51057434082031,55.120967864990234,55.584171295166016,0.0,2505929
2014-09-29,31.895936965942383,55.584171295166016,0.0,56.27897262573242,54.65776824951172,55.81576919555664,0.0,1209840
2014-09-30,31.497236251831055,54.889366149902344,0.0,55.120967864990234,54.42616653442383,54.889366149902344,0.0,1278061
2014-10-01,32.028839111328125,55.81576919555664,0.0,55.81576919555664,54.889366149902344,54.889366149902344,0.0,1792956
2014-10-02,31.895936965942383,55.584171295166016,0.0,55.81576919555664,54.889366149902344,55.352569580078125,0.0,1134495
2014-10-03,31.630138397216797,55.120967864990234,0.0,55.81576919555664,55.120967864990234,55.584171295166016,0.0,1051162
2014-10-06,31.497236251831055,54.889366149902344,0.0,56.04737091064453,54.889366149902344,55.81576919555664,0.0,1150795
2014-10-07,31.231441497802734,54.42616653442383,0.0,55.352569580078125,54.42616653442383,54.889366149902344,0.0,1326852
2014-10-08,31.497236251831055,54.889366149902344,0.0,55.352569580078125,54.19456481933594,54.42616653442383,0.0,1799649
2014-10-09,32.5604362487793,56.74217224121094,0.0,56.97377395629883,54.889366149902344,55.584171295166016,0.0,3564324
2014-10-10,32.16173553466797,56.04737091064453,0.0,56.51057434082031,55.81576919555664,56.51057434082031,0.0,1075234
2014-10-13,31.895936965942383,55.584171295166016,0.0,56.27897262573242,55.120967864990234,56.04737091064453,0.0,591535
2014-10-14,31.895936965942383,55.584171295166016,0.0,56.27897262573242,55.352569580078125,56.27897262573242,0.0,1100169
2014-10-15,31.895936965942383,55.584171295166016,0.0,56.04737091064453,55.120967864990234,55.81576919555664,0.0,276877
2014-10-16,31.630138397216797,55.120967864990234,0.0,55.81576919555664,54.889366149902344,55.120967864990234,0.0,736288
2014-10-17,32.028839111328125,55.81576919555664,0.0,55.81576919555664,54.65776824951172,54.889366149902344,0.0,964699
2014-10-20,31.76303482055664,55.352569580078125,0.0,56.27897262573242,55.352569580078125,56.27897262573242,0.0,708547
2014-10-21,31.895936965942383,55.584171295166016,0.0,55.584171295166016,54.889366149902344,55.120967864990234,0.0,1170225
2014-10-22,31.76303482055664,55.352569580078125,0.0,55.584171295166016,55.120967864990234,55.584171295166016,0.0,395184
2014-10-24,31.76303482055664,55.352569580078125,0.0,55.584171295166016,55.120967864990234,55.352569580078125,0.0,390003
2014-10-27,31.76303482055664,55.352569580078125,0.0,55.584171295166016,55.120967864990234,55.352569580078125,0.0,356864
2014-10-28,31.895936965942383,55.584171295166016,0.0,55.584171295166016,55.120967864990234,55.584171295166016,0.0,266946
2014-10-29,31.895936965942383,55.584171295166016,0.0,55.81576919555664,55.352569580078125,55.584171295166016,0.0,19214
2014-10-30,31.630138397216797,55.120967864990234,0.0,55.81576919555664,55.120967864990234,55.584171295166016,0.0,993088
2014-10-31,32.294639587402344,56.27897262573242,0.0,56.27897262573242,55.120967864990234,55.120967864990234,0.0,1258631
2014-11-03,32.294639587402344,56.27897262573242,0.0,57.20537567138672,56.27897262573242,56.51057434082031,0.0,2124885
2014-11-04,32.826236724853516,57.20537567138672,0.0,57.668575286865234,56.51057434082031,56.97377395629883,0.0,1867438
2014-11-05,32.826236724853516,57.20537567138672,0.0,58.131778717041016,57.20537567138672,57.43697738647461,0.0,1166015
2014-11-06,32.826236724853516,57.20537567138672,0.0,57.20537567138672,56.74217224121094,57.20537567138672,0.0,473875
2014-11-07,32.959136962890625,57.43697738647461,0.0,57.668575286865234,56.97377395629883,57.43697738647461,0.0,701746
2014-11-10,33.092044830322266,57.668575286865234,0.0,57.668575286865234,56.74217224121094,57.668575286865234,0.0,560663
2014-11-11,32.959136962890625,57.43697738647461,0.0,57.668575286865234,56.74217224121094,57.668575286865234,0.0,698076
2014-11-12,32.5604362487793,56.74217224121094,0.0,57.43697738647461,56.74217224121094,56.97377395629883,0.0,865714
2014-11-13,32.826236724853516,57.20537567138672,0.0,57.43697738647461,56.51057434082031,57.43697738647461,0.0,663750
2014-11-14,32.826236724853516,57.20537567138672,0.0,57.43697738647461,56.74217224121094,57.43697738647461,0.0,993520
2014-11-17,32.826236724853516,57.20537567138672,0.0,57.43697738647461,56.74217224121094,57.20537567138672,0.0,362045
2014-11-18,33.092044830322266,57.668575286865234,0.0,58.131778717041016,57.20537567138672,57.43697738647461,0.0,961892
2014-11-19,32.826236724853516,57.20537567138672,0.0,57.900177001953125,57.20537567138672,57.900177001953125,0.0,275689
2014-11-20,32.5604362487793,56.74217224121094,0.0,57.43697738647461,56.74217224121094,56.97377395629883,0.0,664505
2014-11-21,32.5604362487793,56.74217224121094,0.0,56.97377395629883,56.51057434082031,56.74217224121094,0.0,536915
2014-11-24,32.5604362487793,56.74217224121094,0.0,57.43697738647461,56.74217224121094,56.74217224121094,0.0,393457
2014-11-25,32.959136962890625,57.43697738647461,0.0,57.43697738647461,56.74217224121094,56.97377395629883,0.0,1019103
2014-11-26,32.5604362487793,56.74217224121094,0.0,57.668575286865234,56.74217224121094,57.668575286865234,0.0,664289
2014-11-27,32.826236724853516,57.20537567138672,0.0,57.43697738647461,56.97377395629883,57.43697738647461,0.0,723119
2014-11-28,32.826236724853516,57.20537567138672,0.0,57.43697738647461,56.97377395629883,56.97377395629883,0.0,760144
2014-12-01,33.092044830322266,57.668575286865234,0.0,57.668575286865234,57.43697738647461,57.43697738647461,0.0,1300622
2014-12-02,32.5604362487793,56.74217224121094,0.0,57.900177001953125,56.74217224121094,57.668575286865234,0.0,1006257
2014-12-03,32.5604362487793,56.74217224121094,0.0,57.20537567138672,56.74217224121094,57.20537567138672,0.0,616686
2014-12-04,32.69334411621094,56.97377395629883,0.0,57.20537567138672,56.51057434082031,57.20537567138672,0.0,753991
2014-12-08,32.16173553466797,56.04737091064453,0.0,57.20537567138672,56.04737091064453,56.97377395629883,0.0,1232509
2014-12-09,32.5604362487793,56.74217224121094,0.0,56.97377395629883,55.81576919555664,56.04737091064453,0.0,1423031
2014-12-11,32.028839111328125,55.81576919555664,0.0,56.97377395629883,54.889366149902344,56.04737091064453,0.0,1536372
2014-12-12,31.497236251831055,54.889366149902344,0.0,55.81576919555664,54.65776824951172,55.352569580078125,0.0,1188467
2014-12-15,30.566932678222656,53.26816177368164,0.0,55.120967864990234,48.63615036010742,54.42616653442383,0.0,1845201
2014-12-16,31.364343643188477,54.65776824951172,0.0,54.65776824951172,52.34176254272461,53.26816177368164,0.0,2383628
2014-12-17,31.630138397216797,55.120967864990234,0.0,55.120967864990234,53.96296691894531,54.19456481933594,0.0,1200665
2014-12-18,31.364343643188477,54.65776824951172,0.0,55.120967864990234,54.19456481933594,55.120967864990234,0.0,361937
2014-12-19,31.895936965942383,55.584171295166016,0.0,55.584171295166016,54.65776824951172,55.120967864990234,0.0,732942
2014-12-22,31.895936965942383,55.584171295166016,0.0,55.584171295166016,55.120967864990234,55.352569580078125,0.0,404575
2014-12-23,31.630138397216797,55.120967864990234,0.0,55.584171295166016,54.889366149902344,55.584171295166016,0.0,401553
2014-12-24,31.630138397216797,55.120967864990234,0.0,55.584171295166016,54.889366149902344,55.352569580078125,0.0,348012
2014-12-25,31.76303482055664,55.352569580078125,0.0,55.352569580078125,54.19456481933594,54.65776824951172,0.0,464052
2014-12-26,31.630138397216797,55.120967864990234,0.0,55.352569580078125,54.19456481933594,55.352569580078125,0.0,576315
2014-12-29,31.231441497802734,54.42616653442383,0.0,55.352569580078125,54.19456481933594,55.120967864990234,0.0,888922
2014-12-30,31.231441497802734,54.42616653442383,0.0,55.352569580078125,53.73136520385742,54.42616653442383,0.0,766405
2015-01-05,31.630138397216797,55.120967864990234,0.0,55.584171295166016,54.42616653442383,54.65776824951172,0.0,798680
2015-01-06,31.231441497802734,54.42616653442383,0.0,55.120967864990234,54.19456481933594,55.120967864990234,0.0,392054
2015-01-07,31.364343643188477,54.65776824951172,0.0,54.889366149902344,54.19456481933594,54.19456481933594,0.0,472256
2015-01-08,31.630138397216797,55.120967864990234,0.0,55.352569580078125,54.65776824951172,54.889366149902344,0.0,594449
2015-01-09,31.364343643188477,54.65776824951172,0.0,55.352569580078125,54.42616653442383,55.352569580078125,0.0,356000
2015-01-12,31.364343643188477,54.65776824951172,0.0,55.352569580078125,54.65776824951172,54.65776824951172,0.0,395400
2015-01-13,31.76303482055664,55.352569580078125,0.0,55.584171295166016,54.42616653442383,54.65776824951172,0.0,902091
2015-01-14,31.364343643188477,54.65776824951172,0.0,55.584171295166016,54.42616653442383,55.584171295166016,0.0,1675728
2015-01-15,31.364343643188477,54.65776824951172,0.0,55.352569580078125,54.42616653442383,55.120967864990234,0.0,820377
2015-01-16,31.364343643188477,54.65776824951172,0.0,55.120967864990234,54.19456481933594,54.19456481933594,0.0,472472
2015-01-19,31.497236251831055,54.889366149902344,0.0,55.120967864990234,54.42616653442383,55.120967864990234,0.0,452071
2015-01-20,31.497236251831055,54.889366149902344,0.0,55.352569580078125,54.889366149902344,55.120967864990234,0.0,502265
2015-01-21,31.630138397216797,55.120967864990234,0.0,55.584171295166016,54.889366149902344,55.120967864990234,0.0,1012086
2015-01-22,31.497236251831055,54.889366149902344,0.0,55.352569580078125,54.65776824951172,55.352569580078125,0.0,624242
2015-01-23,32.028839111328125,55.81576919555664,0.0,56.04737091064453,54.65776824951172,54.889366149902344,0.0,2062493
2015-01-26,32.028839111328125,55.81576919555664,0.0,56.27897262573242,55.352569580078125,56.27897262573242,0.0,913101
2015-01-27,31.630138397216797,55.120967864990234,0.0,56.27897262573242,55.120967864990234,56.27897262573242,0.0,593478
2015-01-28,31.895936965942383,55.584171295166016,0.0,55.81576919555664,54.889366149902344,54.889366149902344,0.0,834949
2015-01-29,32.028839111328125,55.81576919555664,0.0,56.27897262573242,55.584171295166016,56.04737091064453,0.0,1574692
2015-01-30,31.895936965942383,55.584171295166016,0.0,56.27897262573242,55.584171295166016,56.27897262573242,0.0,1403493
2015-02-02,32.16173553466797,56.04737091064453,0.0,56.04737091064453,55.120967864990234,55.584171295166016,0.0,1160942
2015-02-03,32.028839111328125,55.81576919555664,0.0,56.51057434082031,55.584171295166016,56.51057434082031,0.0,784755
2015-02-04,31.895936965942383,55.584171295166016,0.0,56.51057434082031,55.584171295166016,56.04737091064453,0.0,2029138
2015-02-05,32.16173553466797,56.04737091064453,0.0,56.27897262573242,55.352569580078125,55.352569580078125,0.0,932207
2015-02-06,32.42753982543945,56.51057434082031,0.0,56.97377395629883,56.04737091064453,56.04737091064453,0.0,992116
2015-02-09,32.294639587402344,56.27897262573242,0.0,56.97377395629883,56.27897262573242,56.97377395629883,0.0,603733
2015-02-10,32.16173553466797,56.04737091064453,0.0,56.51057434082031,55.584171295166016,56.04737091064453,0.0,616362
2015-02-11,32.826236724853516,57.20537567138672,0.0,57.20537567138672,55.584171295166016,56.04737091064453,0.0,670982
2015-02-12,32.826236724853516,57.20537567138672,0.0,57.43697738647461,56.51057434082031,56.74217224121094,0.0,564117
2015-02-13,32.5604362487793,56.74217224121094,0.0,57.20537567138672,56.51057434082031,56.97377395629883,0.0,539614
2015-02-16,32.5604362487793,56.74217224121094,0.0,57.20537567138672,56.74217224121094,56.74217224121094,0.0,473336
2015-02-17,32.69334411621094,56.97377395629883,0.0,56.97377395629883,56.51057434082031,56.51057434082031,0.0,523098
2015-02-18,32.69334411621094,56.97377395629883,0.0,57.20537567138672,56.27897262573242,56.74217224121094,0.0,663102
2015-02-19,32.69334411621094,56.97377395629883,0.0,57.20537567138672,56.74217224121094,56.97377395629883,0.0,387088
2015-02-20,32.69334411621094,56.97377395629883,0.0,56.97377395629883,56.51057434082031,56.74217224121094,0.0,136765
2015-02-23,32.959136962890625,57.43697738647461,0.0,57.900177001953125,56.97377395629883,57.20537567138672,0.0,646155
2015-02-24,32.959136962890625,57.43697738647461,0.0,57.668575286865234,56.97377395629883,57.43697738647461,0.0,558936
2015-02-25,33.092044830322266,57.668575286865234,0.0,57.668575286865234,56.51057434082031,57.20537567138672,0.0,530007
2015-02-26,33.092044830322266,57.668575286865234,0.0,57.900177001953125,56.74217224121094,57.900177001953125,0.0,470853
2015-02-27,32.69334411621094,56.97377395629883,0.0,57.20537567138672,56.74217224121094,57.20537567138672,0.0,494601
2015-03-02,33.224937438964844,57.900177001953125,0.0,57.900177001953125,56.74217224121094,56.97377395629883,0.0,494601
2015-03-03,32.69334411621094,56.97377395629883,0.0,57.43697738647461,56.97377395629883,57.20537567138672,0.0,693758
2015-03-05,32.826236724853516,57.20537567138672,0.0,57.20537567138672,56.04737091064453,56.51057434082031,0.0,1252478
2015-03-06,33.05382537841797,56.51057434082031,1.083891,56.51057434082031,55.584171295166016,56.27897262573242,0.0,1290367
2015-03-09,32.91835403442383,56.27897262573242,0.0,56.27897262573242,55.352569580078125,55.584171295166016,0.0,693866
2015-03-10,32.24101638793945,55.120967864990234,0.0,55.81576919555664,54.889366149902344,55.81576919555664,0.0,880070
2015-03-11,33.05382537841797,56.51057434082031,0.0,56.51057434082031,54.42616653442383,54.65776824951172,0.0,1021046
2015-03-12,33.18928909301758,56.74217224121094,0.0,56.74217224121094,55.584171295166016,56.51057434082031,0.0,618629
2015-03-13,33.86662292480469,57.900177001953125,0.0,57.900177001953125,56.27897262573242,56.74217224121094,0.0,1754960
2015-03-16,33.59569549560547,57.43697738647461,0.0,57.43697738647461,56.51057434082031,56.74217224121094,0.0,916555
2015-03-17,32.64742660522461,55.81576919555664,0.0,57.43697738647461,55.584171295166016,57.43697738647461,0.0,1084517
2015-03-18,33.05382537841797,56.51057434082031,0.0,56.51057434082031,55.352569580078125,55.352569580078125,0.0,922384
2015-03-19,32.37649154663086,55.352569580078125,0.0,56.04737091064453,55.352569580078125,56.04737091064453,0.0,573940
2015-03-20,33.18928909301758,56.74217224121094,0.0,56.74217224121094,55.120967864990234,55.120967864990234,0.0,1044362
2015-03-23,33.32475662231445,56.97377395629883,0.0,56.97377395629883,56.04737091064453,56.97377395629883,0.0,721716
2015-03-24,33.05382537841797,56.51057434082031,0.0,56.97377395629883,55.81576919555664,56.97377395629883,0.0,693542
2015-03-25,33.05382537841797,56.51057434082031,0.0,56.74217224121094,56.04737091064453,56.04737091064453,0.0,561958
2015-03-26,32.78289031982422,56.04737091064453,0.0,56.74217224121094,56.04737091064453,56.27897262573242,0.0,653927
2015-03-27,33.73115539550781,57.668575286865234,0.0,57.900177001953125,55.81576919555664,56.51057434082031,0.0,952069
2015-03-30,33.18928909301758,56.74217224121094,0.0,57.900177001953125,56.74217224121094,57.900177001953125,0.0,812713
2015-03-31,33.18928909301758,56.74217224121094,0.0,57.668575286865234,56.51057434082031,56.97377395629883,0.0,720852
2015-04-01,33.46022415161133,57.20537567138672,0.0,57.668575286865234,56.27897262573242,57.668575286865234,0.0,954120
2015-04-02,33.05382537841797,56.51057434082031,0.0,57.20537567138672,56.27897262573242,57.20537567138672,0.0,603301
2015-04-03,33.18928909301758,56.74217224121094,0.0,56.97377395629883,56.04737091064453,56.04737091064453,0.0,495788
2015-04-07,33.18928909301758,56.74217224121094,0.0,56.97377395629883,56.51057434082031,56.97377395629883,0.0,303971
2015-04-08,32.91835403442383,56.27897262573242,0.0,56.97377395629883,56.27897262573242,56.51057434082031,0.0,981106
2015-04-09,33.46022415161133,57.20537567138672,0.0,57.20537567138672,56.04737091064453,56.27897262573242,0.0,325884
2015-04-10,32.91835403442383,56.27897262573242,0.0,57.20537567138672,56.27897262573242,57.20537567138672,0.0,234347
2015-04-16,33.05382537841797,56.51057434082031,0.0,57.20537567138672,56.04737091064453,56.27897262573242,0.0,992440
2015-04-17,33.05382537841797,56.51057434082031,0.0,56.74217224121094,56.27897262573242,56.51057434082031,0.0,433396
2015-04-20,33.05382537841797,56.51057434082031,0.0,56.74217224121094,56.27897262573242,56.51057434082031,0.0,639570
2015-04-21,33.05382537841797,56.51057434082031,0.0,56.97377395629883,56.27897262573242,56.97377395629883,0.0,931020
2015-04-22,32.64742660522461,55.81576919555664,0.0,56.97377395629883,55.584171295166016,56.97377395629883,0.0,1782054
2015-04-23,32.51195526123047,55.584171295166016,0.0,56.51057434082031,55.352569580078125,56.04737091064453,0.0,1636976
2015-04-24,32.51195526123047,55.584171295166016,0.0,55.81576919555664,55.352569580078125,55.584171295166016,0.0,543176
2015-04-27,33.05382537841797,56.51057434082031,0.0,56.74217224121094,55.584171295166016,55.81576919555664,0.0,1187496
2015-04-28,32.64742660522461,55.81576919555664,0.0,56.51057434082031,55.81576919555664,56.04737091064453,0.0,742009
2015-04-29,32.51195526123047,55.584171295166016,0.0,55.81576919555664,55.352569580078125,55.584171295166016,0.0,799436
2015-04-30,32.51195526123047,55.584171295166016,0.0,56.04737091064453,55.352569580078125,55.584171295166016,0.0,520615
2015-05-04,32.51195526123047,55.584171295166016,0.0,55.584171295166016,55.584171295166016,55.584171295166016,0.0,0
2015-05-06,32.37649154663086,55.352569580078125,0.0,55.584171295166016,55.120967864990234,55.352569580078125,0.0,536915
2015-05-07,32.37649154663086,55.352569580078125,0.0,55.584171295166016,55.120967864990234,55.120967864990234,0.0,469774
2015-05-08,32.51195526123047,55.584171295166016,0.0,55.81576919555664,55.120967864990234,55.120967864990234,0.0,777847
2015-05-11,32.10555648803711,54.889366149902344,0.0,55.584171295166016,54.889366149902344,55.584171295166016,0.0,786806
2015-05-12,32.24101638793945,55.120967864990234,0.0,55.120967864990234,54.42616653442383,54.65776824951172,0.0,1130933
2015-05-13,32.24101638793945,55.120967864990234,0.0,55.120967864990234,54.42616653442383,54.65776824951172,0.0,1324046
2015-05-14,31.970094680786133,54.65776824951172,0.0,54.889366149902344,54.42616653442383,54.889366149902344,0.0,2110960
2015-05-15,32.91835403442383,56.27897262573242,0.0,56.27897262573242,54.42616653442383,54.65776824951172,0.0,977652
2015-05-18,31.970094680786133,54.65776824951172,0.0,55.584171295166016,54.65776824951172,55.584171295166016,0.0,552135
2015-05-19,32.10555648803711,54.889366149902344,0.0,55.120967864990234,54.42616653442383,54.65776824951172,0.0,640002
2015-05-20,32.51195526123047,55.584171295166016,0.0,55.584171295166016,54.889366149902344,54.889366149902344,0.0,695161
2015-05-21,32.64742660522461,55.81576919555664,0.0,55.81576919555664,55.120967864990234,55.584171295166016,0.0,690844
2015-05-22,32.10555648803711,54.889366149902344,0.0,56.04737091064453,54.889366149902344,55.81576919555664,0.0,752372
2015-05-25,31.970094680786133,54.65776824951172,0.0,55.120967864990234,54.65776824951172,55.120967864990234,0.0,292313
2015-05-26,31.834627151489258,54.42616653442383,0.0,54.889366149902344,54.42616653442383,54.42616653442383,0.0,660403
2015-05-27,31.970094680786133,54.65776824951172,0.0,54.65776824951172,53.96296691894531,54.42616653442383,0.0,730243
2015-05-28,31.42822265625,53.73136520385742,0.0,54.19456481933594,53.26816177368164,54.19456481933594,0.0,1181343
2015-05-29,31.021825790405273,53.036563873291016,0.0,53.73136520385742,52.804962158203125,53.73136520385742,0.0,916340
2015-06-02,30.750896453857422,52.573360443115234,0.0,53.26816177368164,52.573360443115234,53.036563873291016,0.0,992764
2015-06-03,31.021825790405273,53.036563873291016,0.0,53.26816177368164,52.34176254272461,52.804962158203125,0.0,875429
2015-06-04,31.021825790405273,53.036563873291016,0.0,53.036563873291016,52.34176254272461,52.573360443115234,0.0,1111611
2015-06-05,31.021825790405273,53.036563873291016,0.0,53.036563873291016,52.573360443115234,52.804962158203125,0.0,468586
2015-06-08,31.42822265625,53.73136520385742,0.0,53.73136520385742,52.804962158203125,53.036563873291016,0.0,547062
2015-06-09,31.021825790405273,53.036563873291016,0.0,53.73136520385742,53.036563873291016,53.49976348876953,0.0,1173247
2015-06-10,31.021825790405273,53.036563873291016,0.0,53.26816177368164,52.804962158203125,53.26816177368164,0.0,753775
2015-06-11,31.292766571044922,53.49976348876953,0.0,53.49976348876953,53.036563873291016,53.26816177368164,0.0,669363
2015-06-12,31.157283782958984,53.26816177368164,0.0,53.49976348876953,52.804962158203125,53.26816177368164,0.0,641513
2015-06-15,30.750896453857422,52.573360443115234,0.0,52.804962158203125,52.34176254272461,52.804962158203125,0.0,696457
2015-06-16,30.615427017211914,52.34176254272461,0.0,52.573360443115234,52.11016082763672,52.34176254272461,0.0,691167
2015-06-17,30.886362075805664,52.804962158203125,0.0,52.804962158203125,52.11016082763672,52.34176254272461,0.0,734021
2015-06-18,31.157283782958984,53.26816177368164,0.0,53.26816177368164,52.573360443115234,52.804962158203125,0.0,431993
2015-06-19,30.615427017211914,52.34176254272461,0.0,52.804962158203125,52.11016082763672,52.804962158203125,0.0,575235
2015-06-22,31.292766571044922,53.49976348876953,0.0,53.73136520385742,52.34176254272461,52.573360443115234,0.0,405870
2015-06-23,30.615427017211914,52.34176254272461,0.0,53.73136520385742,52.34176254272461,53.26816177368164,0.0,687821
2015-06-24,31.292766571044922,53.49976348876953,0.0,53.49976348876953,52.573360443115234,52.573360443115234,0.0,344558
2015-06-25,31.42822265625,53.73136520385742,0.0,53.73136520385742,53.036563873291016,53.26816177368164,0.0,981970
2015-06-26,31.021825790405273,53.036563873291016,0.0,53.73136520385742,53.036563873291016,53.26816177368164,0.0,235642
2015-06-29,31.292766571044922,53.49976348876953,0.0,53.96296691894531,52.34176254272461,52.804962158203125,0.0,794146
2015-06-30,31.021825790405273,53.036563873291016,0.0,53.26816177368164,52.573360443115234,53.26816177368164,0.0,371976
2015-07-02,31.157283782958984,53.26816177368164,0.0,53.49976348876953,52.804962158203125,53.26816177368164,0.0,580093
2015-07-03,30.615427017211914,52.34176254272461,0.0,53.036563873291016,52.34176254272461,53.036563873291016,0.0,454122
2015-07-06,30.479957580566406,52.11016082763672,0.0,52.573360443115234,52.11016082763672,52.573360443115234,0.0,319623
2015-07-07,30.34449005126953,51.87855911254883,0.0,52.34176254272461,51.64695739746094,52.11016082763672,0.0,1242224
2015-07-08,30.615427017211914,52.34176254272461,0.0,52.34176254272461,51.41535949707031,51.64695739746094,0.0,431453
2015-07-09,30.886362075805664,52.804962158203125,0.0,52.804962158203125,51.87855911254883,52.34176254272461,0.0,488664
2015-07-10,30.750896453857422,52.573360443115234,0.0,52.804962158203125,52.34176254272461,52.34176254272461,0.0,278604
2015-07-13,31.021825790405273,53.036563873291016,0.0,53.26816177368164,52.34176254272461,52.804962158203125,0.0,249675
2015-07-14,30.615427017211914,52.34176254272461,0.0,53.49976348876953,52.11016082763672,53.26816177368164,0.0,563037
2015-07-15,30.34449005126953,51.87855911254883,0.0,52.573360443115234,51.87855911254883,52.34176254272461,0.0,400581
2015-07-16,30.209022521972656,51.64695739746094,0.0,52.11016082763672,51.41535949707031,52.11016082763672,0.0,674652
2015-07-17,30.34449005126953,51.87855911254883,0.0,51.87855911254883,51.41535949707031,51.64695739746094,0.0,457684
2015-07-20,30.07356071472168,51.41535949707031,0.0,51.64695739746094,51.41535949707031,51.64695739746094,0.0,482403
2015-07-21,29.802627563476562,50.95215606689453,0.0,51.64695739746094,50.95215606689453,51.41535949707031,0.0,737907
2015-07-22,29.667163848876953,50.72055435180664,0.0,51.64695739746094,50.488956451416016,50.488956451416016,0.0,896586
2015-07-23,29.53169822692871,50.488956451416016,0.0,51.18375778198242,50.488956451416016,50.72055435180664,0.0,673573
2015-07-24,29.396240234375,50.257354736328125,0.0,50.95215606689453,50.025753021240234,50.488956451416016,0.0,500969
2015-07-27,29.260766983032227,50.025753021240234,0.0,50.488956451416016,49.56255340576172,50.025753021240234,0.0,648422
2015-07-28,29.53169822692871,50.488956451416016,0.0,50.488956451416016,50.025753021240234,50.257354736328125,0.0,740498
2015-07-29,29.260766983032227,50.025753021240234,0.0,50.488956451416016,50.025753021240234,50.488956451416016,0.0,273315
2015-07-31,29.125293731689453,49.794151306152344,0.0,50.488956451416016,49.794151306152344,49.794151306152344,0.0,1022125
2015-08-03,29.260766983032227,50.025753021240234,0.0,50.257354736328125,49.794151306152344,49.794151306152344,0.0,435987
2015-08-04,29.53169822692871,50.488956451416016,0.0,50.488956451416016,49.794151306152344,49.794151306152344,0.0,604272
2015-08-05,30.209022521972656,51.64695739746094,0.0,52.573360443115234,50.488956451416016,50.95215606689453,0.0,940735
2015-08-06,30.615427017211914,52.34176254272461,0.0,52.34176254272461,51.64695739746094,52.34176254272461,0.0,280979
2015-08-07,30.07356071472168,51.41535949707031,0.0,52.11016082763672,51.18375778198242,51.87855911254883,0.0,454985
2015-08-10,30.07356071472168,51.41535949707031,0.0,51.41535949707031,50.72055435180664,50.95215606689453,0.0,285297
2015-08-11,29.802627563476562,50.95215606689453,0.0,51.41535949707031,50.95215606689453,50.95215606689453,0.0,309800
2015-08-13,30.34449005126953,51.87855911254883,0.0,51.87855911254883,50.025753021240234,50.488956451416016,0.0,629315
2015-08-14,30.34449005126953,51.87855911254883,0.0,51.87855911254883,50.72055435180664,51.87855911254883,0.0,393997
2015-08-17,29.667163848876953,50.72055435180664,0.0,51.41535949707031,50.488956451416016,51.18375778198242,0.0,833654
2015-08-18,29.667163848876953,50.72055435180664,0.0,50.72055435180664,50.025753021240234,50.488956451416016,0.0,647450
2015-08-19,29.260766983032227,50.025753021240234,0.0,50.72055435180664,49.56255340576172,50.257354736328125,0.0,1063036
2015-08-20,29.260766983032227,50.025753021240234,0.0,50.257354736328125,49.56255340576172,49.794151306152344,0.0,390866
2015-08-21,28.989826202392578,49.56255340576172,0.0,49.794151306152344,49.09934997558594,49.56255340576172,0.0,1053861
2015-08-24,28.989826202392578,49.56255340576172,0.0,49.794151306152344,49.09934997558594,49.09934997558594,0.0,898205
2015-08-25,29.53169822692871,50.488956451416016,0.0,50.488956451416016,49.09934997558594,49.56255340576172,0.0,909755
2015-08-26,29.260766983032227,50.025753021240234,0.0,50.257354736328125,49.56255340576172,50.025753021240234,0.0,769967
2015-08-27,29.53169822692871,50.488956451416016,0.0,50.95215606689453,50.025753021240234,50.025753021240234,0.0,788641
2015-08-28,29.4487361907959,49.33095169067383,1.019043,50.025753021240234,49.09934997558594,49.33095169067383,0.0,1114525
2015-08-31,29.4487361907959,49.33095169067383,0.0,50.025753021240234,49.09934997558594,49.33095169067383,0.0,485965
2015-09-01,29.58699607849121,49.56255340576172,0.0,49.794151306152344,49.33095169067383,49.33095169067383,0.0,864850
2015-09-02,29.172225952148438,48.86774826049805,0.0,49.56255340576172,48.63615036010742,49.33095169067383,0.0,1260574
2015-09-03,28.757450103759766,48.17294692993164,0.0,49.09934997558594,47.478145599365234,48.86774826049805,0.0,2620026
2015-09-04,28.619190216064453,47.94134521484375,0.0,48.17294692993164,46.78334426879883,48.17294692993164,0.0,2833756
2015-09-07,28.619190216064453,47.94134521484375,0.0,47.94134521484375,47.01494216918945,47.709747314453125,0.0,1453471
2015-09-08,29.172225952148438,48.86774826049805,0.0,48.86774826049805,47.246543884277344,47.709747314453125,0.0,1582356
2015-09-09,29.4487361907959,49.33095169067383,0.0,49.33095169067383,48.63615036010742,49.09934997558594,0.0,777739
2015-09-10,29.172225952148438,48.86774826049805,0.0,49.09934997558594,48.40454864501953,49.09934997558594,0.0,853624
2015-09-11,29.172225952148438,48.86774826049805,0.0,49.09934997558594,48.17294692993164,49.09934997558594,0.0,615067
2015-09-14,28.89571189880371,48.40454864501953,0.0,48.86774826049805,48.17294692993164,48.63615036010742,0.0,468478
2015-09-15,28.757450103759766,48.17294692993164,0.0,48.63615036010742,48.17294692993164,48.40454864501953,0.0,758741
2015-09-16,29.172225952148438,48.86774826049805,0.0,48.86774826049805,48.17294692993164,48.63615036010742,0.0,1351355
2015-09-17,29.172225952148438,48.86774826049805,0.0,49.09934997558594,48.40454864501953,48.86774826049805,0.0,695161
2015-09-18,29.172225952148438,48.86774826049805,0.0,48.86774826049805,48.17294692993164,48.63615036010742,0.0,861396
2015-09-21,29.172225952148438,48.86774826049805,0.0,49.33095169067383,48.63615036010742,48.63615036010742,0.0,916987
2015-09-22,29.172225952148438,48.86774826049805,0.0,49.33095169067383,48.86774826049805,49.09934997558594,0.0,638275
2015-09-23,29.310482025146484,49.09934997558594,0.0,49.09934997558594,48.63615036010742,48.86774826049805,0.0,744816
2015-09-24,29.4487361907959,49.33095169067383,0.0,49.56255340576172,48.40454864501953,48.86774826049805,0.0,763166
2015-09-25,29.725250244140625,49.794151306152344,0.0,50.257354736328125,49.09934997558594,49.09934997558594,0.0,873270
2015-09-28,29.172225952148438,48.86774826049805,0.0,49.33095169067383,48.40454864501953,49.33095169067383,0.0,733806
2015-09-29,29.310482025146484,49.09934997558594,0.0,50.025753021240234,48.17294692993164,48.63615036010742,0.0,1345311
2015-09-30,29.58699607849121,49.56255340576172,0.0,50.025753021240234,49.09934997558594,49.09934997558594,0.0,1072643
2015-10-01,29.58699607849121,49.56255340576172,0.0,49.794151306152344,49.09934997558594,49.33095169067383,0.0,636116
2015-10-02,29.725250244140625,49.794151306152344,0.0,49.794151306152344,48.86774826049805,49.56255340576172,0.0,867333
2015-10-05,30.14002799987793,50.488956451416016,0.0,50.95215606689453,49.794151306152344,50.025753021240234,0.0,1230242
2015-10-06,30.278278350830078,50.72055435180664,0.0,50.95215606689453,50.025753021240234,50.72055435180664,0.0,870571
2015-10-07,30.83130645751953,51.64695739746094,0.0,51.64695739746094,50.257354736328125,50.488956451416016,0.0,1028818
2015-10-08,30.693058013916016,51.41535949707031,0.0,51.64695739746094,50.72055435180664,51.64695739746094,0.0,568651
2015-10-09,30.693058013916016,51.41535949707031,0.0,51.64695739746094,51.18375778198242,51.41535949707031,0.0,654466
2015-10-12,30.693058013916016,51.41535949707031,0.0,51.87855911254883,50.95215606689453,51.41535949707031,0.0,650365
2015-10-13,30.416540145874023,50.95215606689453,0.0,51.41535949707031,50.488956451416016,51.18375778198242,0.0,821025
2015-10-14,30.416540145874023,50.95215606689453,0.0,51.41535949707031,50.488956451416016,51.18375778198242,0.0,1167310
2015-10-15,31.246089935302734,52.34176254272461,0.0,52.34176254272461,50.95215606689453,50.95215606689453,0.0,1416338
2015-10-16,31.107826232910156,52.11016082763672,0.0,52.573360443115234,51.64695739746094,52.34176254272461,0.0,1724843
2015-10-19,30.693058013916016,51.41535949707031,0.0,52.573360443115234,51.18375778198242,52.573360443115234,0.0,1143023
2015-10-20,30.83130645751953,51.64695739746094,0.0,51.64695739746094,51.18375778198242,51.18375778198242,0.0,777631
2015-10-21,30.278278350830078,50.72055435180664,0.0,51.64695739746094,50.72055435180664,51.64695739746094,0.0,842182
2015-10-22,30.14002799987793,50.488956451416016,0.0,50.72055435180664,50.025753021240234,50.72055435180664,0.0,1030437
2015-10-26,30.278278350830078,50.72055435180664,0.0,51.41535949707031,50.72055435180664,50.72055435180664,0.0,655546
2015-10-27,30.001771926879883,50.257354736328125,0.0,50.95215606689453,50.257354736328125,50.72055435180664,0.0,602653
2015-10-28,29.725250244140625,49.794151306152344,0.0,50.257354736328125,49.56255340576172,50.025753021240234,0.0,643132
2015-10-29,29.725250244140625,49.794151306152344,0.0,50.257354736328125,49.09934997558594,49.794151306152344,0.0,911266
2015-10-30,29.310482025146484,49.09934997558594,0.0,49.794151306152344,49.09934997558594,49.56255340576172,0.0,1714696
2015-11-02,30.55478858947754,51.18375778198242,0.0,51.18375778198242,48.86774826049805,49.09934997558594,0.0,773421
2015-11-03,30.55478858947754,51.18375778198242,0.0,51.64695739746094,50.95215606689453,51.41535949707031,0.0,1003882
2015-11-04,30.83130645751953,51.64695739746094,0.0,51.87855911254883,51.18375778198242,51.87855911254883,0.0,707467
2015-11-05,30.416540145874023,50.95215606689453,0.0,51.87855911254883,50.488956451416016,50.95215606689453,0.0,1030005
2015-11-06,30.001771926879883,50.257354736328125,0.0,50.95215606689453,49.794151306152344,50.72055435180664,0.0,695593
2015-11-09,29.4487361907959,49.33095169067383,0.0,50.257354736328125,49.09934997558594,50.025753021240234,0.0,831171
2015-11-10,29.310482025146484,49.09934997558594,0.0,49.33095169067383,48.86774826049805,49.09934997558594,0.0,1372728
2015-11-11,29.172225952148438,48.86774826049805,0.0,49.09934997558594,48.17294692993164,49.09934997558594,0.0,1409322
2015-11-12,28.89571189880371,48.40454864501953,0.0,48.86774826049805,48.17294692993164,48.86774826049805,0.0,831927
2015-11-13,28.619190216064453,47.94134521484375,0.0,48.17294692993164,47.709747314453125,47.94134521484375,0.0,693434
2015-11-16,29.310482025146484,49.09934997558594,0.0,49.09934997558594,47.246543884277344,47.709747314453125,0.0,1635249
2015-11-17,29.4487361907959,49.33095169067383,0.0,49.33095169067383,48.63615036010742,49.09934997558594,0.0,410512
2015-11-18,28.619190216064453,47.94134521484375,0.0,49.56255340576172,47.709747314453125,49.09934997558594,0.0,614959
2015-11-19,28.757450103759766,48.17294692993164,0.0,48.63615036010742,47.709747314453125,48.40454864501953,0.0,576099
2015-11-20,28.89571189880371,48.40454864501953,0.0,49.09934997558594,48.17294692993164,48.40454864501953,0.0,724738
2015-11-23,29.172225952148438,48.86774826049805,0.0,48.86774826049805,48.17294692993164,48.63615036010742,0.0,544363
2015-11-24,28.480934143066406,47.709747314453125,0.0,48.63615036010742,47.709747314453125,48.63615036010742,0.0,1030869
2015-11-25,29.172225952148438,48.86774826049805,0.0,48.86774826049805,47.709747314453125,47.94134521484375,0.0,573724
2015-11-26,29.172225952148438,48.86774826049805,0.0,49.09934997558594,48.17294692993164,48.63615036010742,0.0,311095
2015-11-27,28.89571189880371,48.40454864501953,0.0,48.63615036010742,47.94134521484375,48.63615036010742,0.0,272559
2015-11-30,28.757450103759766,48.17294692993164,0.0,48.40454864501953,47.709747314453125,48.17294692993164,0.0,950558
2015-12-01,28.619190216064453,47.94134521484375,0.0,48.17294692993164,47.478145599365234,47.94134521484375,0.0,1226464
2015-12-02,28.480934143066406,47.709747314453125,0.0,48.40454864501953,47.01494216918945,47.94134521484375,0.0,1580845
2015-12-03,28.204431533813477,47.246543884277344,0.0,47.709747314453125,47.01494216918945,47.709747314453125,0.0,901659
2015-12-04,28.342683792114258,47.478145599365234,0.0,47.478145599365234,46.78334426879883,47.01494216918945,0.0,869923
2015-12-08,28.204431533813477,47.246543884277344,0.0,47.246543884277344,46.55174255371094,47.246543884277344,0.0,817139
2015-12-09,27.651391983032227,46.32014083862305,0.0,46.78334426879883,45.85694122314453,46.78334426879883,0.0,2114846
2015-12-11,27.37488555908203,45.85694122314453,0.0,46.32014083862305,44.23573684692383,46.088539123535156,0.0,2442242
2015-12-14,27.651391983032227,46.32014083862305,0.0,46.55174255371094,44.930538177490234,45.39373779296875,0.0,1569943
2015-12-15,27.513145446777344,46.088539123535156,0.0,46.32014083862305,44.930538177490234,46.32014083862305,0.0,1524282
2015-12-16,27.513145446777344,46.088539123535156,0.0,46.088539123535156,45.39373779296875,45.85694122314453,0.0,1589589
2015-12-17,27.37488555908203,45.85694122314453,0.0,46.55174255371094,45.85694122314453,46.088539123535156,0.0,1378126
2015-12-18,27.23662567138672,45.62533950805664,0.0,46.55174255371094,45.62533950805664,46.088539123535156,0.0,2236823
2015-12-21,27.23662567138672,45.62533950805664,0.0,46.088539123535156,45.39373779296875,46.088539123535156,0.0,1156408
2015-12-22,26.545339584350586,44.46733474731445,0.0,45.62533950805664,44.46733474731445,45.62533950805664,0.0,1386869
2015-12-23,25.9923152923584,43.54093551635742,0.0,44.930538177490234,43.54093551635742,44.698936462402344,0.0,3214692
2015-12-24,26.545339584350586,44.46733474731445,0.0,44.930538177490234,44.00413513183594,44.00413513183594,0.0,1657270
2015-12-25,26.407087326049805,44.23573684692383,0.0,44.930538177490234,44.23573684692383,44.698936462402344,0.0,487368
2015-12-28,26.268827438354492,44.00413513183594,0.0,44.698936462402344,44.00413513183594,44.23573684692383,0.0,1104271
2015-12-29,25.9923152923584,43.54093551635742,0.0,44.46733474731445,43.30933380126953,44.00413513183594,0.0,1938897
2015-12-30,26.268827438354492,44.00413513183594,0.0,44.23573684692383,43.30933380126953,43.77253341674805,0.0,3798455
2016-01-04,26.545339584350586,44.46733474731445,0.0,45.85694122314453,43.77253341674805,43.77253341674805,0.0,2479914
2016-01-05,27.651391983032227,46.32014083862305,0.0,46.78334426879883,44.698936462402344,44.930538177490234,0.0,2632763
2016-01-06,26.960115432739258,45.162139892578125,0.0,46.32014083862305,45.162139892578125,46.088539123535156,0.0,1507335
2016-01-07,26.960115432739258,45.162139892578125,0.0,45.85694122314453,44.930538177490234,45.39373779296875,0.0,1417417
2016-01-08,27.513145446777344,46.088539123535156,0.0,46.32014083862305,44.930538177490234,45.39373779296875,0.0,1058826
2016-01-11,27.23662567138672,45.62533950805664,0.0,45.85694122314453,44.930538177490234,45.85694122314453,0.0,1001292
2016-01-12,27.23662567138672,45.62533950805664,0.0,45.62533950805664,44.930538177490234,45.39373779296875,0.0,1081386
2016-01-13,26.82185935974121,44.930538177490234,0.0,45.62533950805664,44.00413513183594,45.62533950805664,0.0,1945266
2016-01-14,26.82185935974121,44.930538177490234,0.0,45.162139892578125,44.46733474731445,44.698936462402344,0.0,418608
2016-01-15,26.545339584350586,44.46733474731445,0.0,44.930538177490234,44.23573684692383,44.930538177490234,0.0,398962
2016-01-18,26.545339584350586,44.46733474731445,0.0,44.698936462402344,44.23573684692383,44.46733474731445,0.0,368846
2016-01-19,26.407087326049805,44.23573684692383,0.0,44.698936462402344,44.23573684692383,44.46733474731445,0.0,633741
2016-01-20,26.407087326049805,44.23573684692383,0.0,44.46733474731445,44.00413513183594,44.23573684692383,0.0,564441
2016-01-21,26.545339584350586,44.46733474731445,0.0,44.698936462402344,44.00413513183594,44.46733474731445,0.0,932099
2016-01-22,26.545339584350586,44.46733474731445,0.0,44.698936462402344,44.23573684692383,44.46733474731445,0.0,373379
2016-01-25,26.545339584350586,44.46733474731445,0.0,44.698936462402344,44.00413513183594,44.698936462402344,0.0,662994
2016-01-26,26.82185935974121,44.930538177490234,0.0,45.162139892578125,44.23573684692383,44.23573684692383,0.0,550624
2016-01-27,26.82185935974121,44.930538177490234,0.0,45.39373779296875,44.698936462402344,45.162139892578125,0.0,651444
2016-01-28,26.545339584350586,44.46733474731445,0.0,45.162139892578125,44.23573684692383,44.930538177490234,0.0,973442
2016-01-29,27.513145446777344,46.088539123535156,0.0,46.088539123535156,44.46733474731445,44.698936462402344,0.0,1104055
2016-02-01,27.651391983032227,46.32014083862305,0.0,46.32014083862305,45.85694122314453,46.32014083862305,0.0,622407
2016-02-02,26.960115432739258,45.162139892578125,0.0,46.32014083862305,44.930538177490234,46.32014083862305,0.0,988986
2016-02-03,26.960115432739258,45.162139892578125,0.0,45.62533950805664,44.930538177490234,45.162139892578125,0.0,809043
2016-02-04,27.23662567138672,45.62533950805664,0.0,45.85694122314453,44.930538177490234,45.162139892578125,0.0,719773
2016-02-05,27.23662567138672,45.62533950805664,0.0,46.55174255371094,45.62533950805664,45.62533950805664,0.0,1264568
2016-02-08,27.78965950012207,46.55174255371094,0.0,46.78334426879883,45.85694122314453,45.85694122314453,0.0,485102
2016-02-09,27.927907943725586,46.78334426879883,0.0,46.78334426879883,46.32014083862305,46.78334426879883,0.0,394752
2016-02-10,28.342683792114258,47.478145599365234,0.0,47.709747314453125,46.55174255371094,46.55174255371094,0.0,1111071
2016-02-11,27.927907943725586,46.78334426879883,0.0,47.478145599365234,46.78334426879883,47.478145599365234,0.0,593910
2016-02-12,27.927907943725586,46.78334426879883,0.0,46.78334426879883,46.78334426879883,46.78334426879883,0.0,0
2016-02-15,27.927907943725586,46.78334426879883,0.0,47.01494216918945,46.32014083862305,46.78334426879883,0.0,430806
2016-02-16,27.927907943725586,46.78334426879883,0.0,47.01494216918945,46.32014083862305,46.55174255371094,0.0,243846
2016-02-17,27.651391983032227,46.32014083862305,0.0,46.78334426879883,45.62533950805664,46.78334426879883,0.0,355460
2016-02-18,27.651391983032227,46.32014083862305,0.0,46.55174255371094,46.088539123535156,46.32014083862305,0.0,528387
2016-02-19,27.927907943725586,46.78334426879883,0.0,46.78334426879883,46.088539123535156,46.32014083862305,0.0,524070
2016-02-23,28.342683792114258,47.478145599365234,0.0,47.478145599365234,46.088539123535156,46.78334426879883,0.0,1207034
2016-02-24,28.480934143066406,47.709747314453125,0.0,47.709747314453125,46.78334426879883,47.709747314453125,0.0,1563574
2016-02-25,28.480934143066406,47.709747314453125,0.0,47.94134521484375,47.01494216918945,47.94134521484375,0.0,706064
2016-02-26,28.757450103759766,48.17294692993164,0.0,48.40454864501953,47.246543884277344,47.709747314453125,0.0,1093260
2016-02-29,28.342683792114258,47.478145599365234,0.0,48.40454864501953,47.246543884277344,48.40454864501953,0.0,590887
2016-03-01,28.619190216064453,47.94134521484375,0.0,48.17294692993164,47.01494216918945,47.478145599365234,0.0,683611
2016-03-02,28.291017532348633,46.32014083862305,1.083891,46.78334426879883,46.088539123535156,46.78334426879883,0.0,1613013
2016-03-03,28.57392692565918,46.78334426879883,0.0,47.01494216918945,46.32014083862305,46.78334426879883,0.0,1101464
2016-03-04,28.43248176574707,46.55174255371094,0.0,47.246543884277344,46.55174255371094,46.55174255371094,0.0,915368
2016-03-07,28.43248176574707,46.55174255371094,0.0,46.78334426879883,46.088539123535156,46.78334426879883,0.0,401984
2016-03-08,28.291017532348633,46.32014083862305,0.0,46.55174255371094,46.088539123535156,46.55174255371094,0.0,299437
2016-03-09,28.856847763061523,47.246543884277344,0.0,47.709747314453125,46.32014083862305,46.32014083862305,0.0,1297275
2016-03-10,29.70557403564453,48.63615036010742,0.0,48.86774826049805,47.246543884277344,47.246543884277344,0.0,894967
2016-03-11,29.564123153686523,48.40454864501953,0.0,48.63615036010742,47.246543884277344,48.63615036010742,0.0,964591
2016-03-14,29.70557403564453,48.63615036010742,0.0,48.63615036010742,48.17294692993164,48.40454864501953,0.0,751508
2016-03-15,28.99829864501953,47.478145599365234,0.0,48.63615036010742,47.478145599365234,48.63615036010742,0.0,357619
2016-03-16,29.139741897583008,47.709747314453125,0.0,48.17294692993164,47.478145599365234,47.478145599365234,0.0,257339
2016-03-17,29.281200408935547,47.94134521484375,0.0,47.94134521484375,47.478145599365234,47.709747314453125,0.0,86139
2016-03-18,28.856847763061523,47.246543884277344,0.0,47.94134521484375,47.01494216918945,47.94134521484375,0.0,537994
2016-03-21,28.99829864501953,47.478145599365234,0.0,47.478145599365234,47.01494216918945,47.246543884277344,0.0,214161
2016-03-22,29.281200408935547,47.94134521484375,0.0,48.17294692993164,47.246543884277344,47.246543884277344,0.0,433072
2016-03-23,29.281200408935547,47.94134521484375,0.0,47.94134521484375,47.478145599365234,47.709747314453125,0.0,230353
2016-03-24,28.99829864501953,47.478145599365234,0.0,47.94134521484375,47.246543884277344,47.94134521484375,0.0,237585
2016-03-25,28.99829864501953,47.478145599365234,0.0,47.709747314453125,47.478145599365234,47.709747314453125,0.0,307641
2016-03-28,28.99829864501953,47.478145599365234,0.0,47.709747314453125,47.01494216918945,47.478145599365234,0.0,332792
2016-03-29,28.856847763061523,47.246543884277344,0.0,47.709747314453125,47.246543884277344,47.246543884277344,0.0,217076
2016-03-30,28.856847763061523,47.246543884277344,0.0,47.709747314453125,47.246543884277344,47.478145599365234,0.0,462757
2016-03-31,28.71537971496582,47.01494216918945,0.0,47.478145599365234,46.78334426879883,47.246543884277344,0.0,431345
2016-04-01,28.291017532348633,46.32014083862305,0.0,47.246543884277344,45.85694122314453,47.01494216918945,0.0,889785
2016-04-04,27.866655349731445,45.62533950805664,0.0,46.32014083862305,45.62533950805664,46.32014083862305,0.0,1169685
2016-04-05,27.72519874572754,45.39373779296875,0.0,45.62533950805664,44.698936462402344,45.62533950805664,0.0,1965991
2016-04-07,28.149566650390625,46.088539123535156,0.0,46.32014083862305,45.162139892578125,45.62533950805664,0.0,632985
2016-04-08,28.57392692565918,46.78334426879883,0.0,46.78334426879883,45.85694122314453,46.088539123535156,0.0,601574
2016-04-11,28.43248176574707,46.55174255371094,0.0,47.246543884277344,46.088539123535156,47.01494216918945,0.0,558612
2016-04-12,28.291017532348633,46.32014083862305,0.0,46.78334426879883,46.32014083862305,46.55174255371094,0.0,306346
2016-04-18,28.149566650390625,46.088539123535156,0.0,46.55174255371094,46.088539123535156,46.55174255371094,0.0,826314
2016-04-19,28.291017532348633,46.32014083862305,0.0,46.55174255371094,45.85694122314453,46.32014083862305,0.0,517161
2016-04-20,28.43248176574707,46.55174255371094,0.0,46.55174255371094,46.32014083862305,46.55174255371094,0.0,244602
2016-04-21,28.856847763061523,47.246543884277344,0.0,47.478145599365234,46.78334426879883,46.78334426879883,0.0,1265648
2016-04-22,28.149566650390625,46.088539123535156,0.0,47.01494216918945,45.85694122314453,47.01494216918945,0.0,961784
2016-04-25,28.291017532348633,46.32014083862305,0.0,46.55174255371094,46.088539123535156,46.32014083862305,0.0,445378
2016-04-26,28.291017532348633,46.32014083862305,0.0,46.55174255371094,46.088539123535156,46.32014083862305,0.0,205634
2016-04-27,28.856847763061523,47.246543884277344,0.0,47.709747314453125,46.55174255371094,46.55174255371094,0.0,1720417
2016-04-28,28.57392692565918,46.78334426879883,0.0,47.246543884277344,46.32014083862305,47.246543884277344,0.0,279575
2016-04-29,28.57392692565918,46.78334426879883,0.0,47.01494216918945,46.55174255371094,47.01494216918945,0.0,225279
2016-05-03,28.57392692565918,46.78334426879883,0.0,47.246543884277344,46.55174255371094,47.01494216918945,0.0,351682
2016-05-04,28.71537971496582,47.01494216918945,0.0,47.01494216918945,46.55174255371094,46.78334426879883,0.0,344990
2016-05-09,28.856847763061523,47.246543884277344,0.0,47.246543884277344,46.55174255371094,47.01494216918945,0.0,423573
2016-05-10,28.291017532348633,46.32014083862305,0.0,47.246543884277344,46.32014083862305,47.246543884277344,0.0,1002263
2016-05-11,28.149566650390625,46.088539123535156,0.0,46.32014083862305,45.85694122314453,46.32014083862305,0.0,947535
2016-05-12,28.71537971496582,47.01494216918945,0.0,47.246543884277344,46.32014083862305,46.32014083862305,0.0,393457
2016-05-13,29.70557403564453,48.63615036010742,0.0,48.86774826049805,47.01494216918945,47.246543884277344,0.0,1563790
2016-05-16,29.139741897583008,47.709747314453125,0.0,49.33095169067383,47.709747314453125,49.09934997558594,0.0,1664610
2016-05-17,29.139741897583008,47.709747314453125,0.0,47.709747314453125,47.246543884277344,47.709747314453125,0.0,504963
2016-05-18,28.99829864501953,47.478145599365234,0.0,47.709747314453125,47.246543884277344,47.478145599365234,0.0,305914
2016-05-19,28.99829864501953,47.478145599365234,0.0,47.709747314453125,47.01494216918945,47.709747314453125,0.0,823723
2016-05-23,28.99829864501953,47.478145599365234,0.0,47.478145599365234,47.246543884277344,47.478145599365234,0.0,124459
2016-05-24,28.856847763061523,47.246543884277344,0.0,47.478145599365234,47.246543884277344,47.478145599365234,0.0,404035
2016-05-25,28.856847763061523,47.246543884277344,0.0,47.709747314453125,47.246543884277344,47.478145599365234,0.0,400473
2016-05-26,28.856847763061523,47.246543884277344,0.0,47.709747314453125,47.246543884277344,47.478145599365234,0.0,1496541
2016-05-27,28.99829864501953,47.478145599365234,0.0,47.709747314453125,47.246543884277344,47.246543884277344,0.0,410080
2016-05-30,29.139741897583008,47.709747314453125,0.0,47.94134521484375,47.478145599365234,47.709747314453125,0.0,555158
2016-05-31,29.139741897583008,47.709747314453125,0.0,47.709747314453125,47.478145599365234,47.709747314453125,0.0,697212
2016-06-01,29.139741897583008,47.709747314453125,0.0,47.94134521484375,47.478145599365234,47.478145599365234,0.0,513383
2016-06-02,29.139741897583008,47.709747314453125,0.0,47.94134521484375,47.478145599365234,47.709747314453125,0.0,105785
2016-06-03,29.139741897583008,47.709747314453125,0.0,47.94134521484375,47.709747314453125,47.709747314453125,0.0,122840
2016-06-06,29.422664642333984,48.17294692993164,0.0,48.40454864501953,47.94134521484375,47.94134521484375,0.0,462541
2016-06-07,29.422664642333984,48.17294692993164,0.0,48.40454864501953,48.17294692993164,48.17294692993164,0.0,845960
2016-06-08,29.422664642333984,48.17294692993164,0.0,48.40454864501953,47.94134521484375,47.94134521484375,0.0,483482
2016-06-09,29.422664642333984,48.17294692993164,0.0,48.40454864501953,48.17294692993164,48.17294692993164,0.0,165694
2016-06-10,29.422664642333984,48.17294692993164,0.0,48.40454864501953,47.94134521484375,48.17294692993164,0.0,721500
2016-06-13,29.281200408935547,47.94134521484375,0.0,48.17294692993164,47.709747314453125,48.17294692993164,0.0,270616
2016-06-14,29.139741897583008,47.709747314453125,0.0,48.17294692993164,47.709747314453125,47.709747314453125,0.0,282598
2016-06-15,29.139741897583008,47.709747314453125,0.0,48.17294692993164,47.709747314453125,48.17294692993164,0.0,363988
2016-06-16,28.856847763061523,47.246543884277344,0.0,47.94134521484375,46.78334426879883,47.709747314453125,0.0,1007337
2016-06-17,29.281200408935547,47.94134521484375,0.0,47.94134521484375,47.478145599365234,47.478145599365234,0.0,778495
2016-06-20,29.281200408935547,47.94134521484375,0.0,47.94134521484375,47.709747314453125,47.709747314453125,0.0,443327
2016-06-21,29.139741897583008,47.709747314453125,0.0,47.94134521484375,47.478145599365234,47.94134521484375,0.0,248703
2016-06-22,28.856847763061523,47.246543884277344,0.0,47.709747314453125,47.01494216918945,47.709747314453125,0.0,3693101
2016-06-23,28.856847763061523,47.246543884277344,0.0,47.709747314453125,47.246543884277344,47.246543884277344,0.0,1845741
2016-06-24,28.43248176574707,46.55174255371094,0.0,47.478145599365234,46.55174255371094,47.246543884277344,0.0,1184365
2016-06-27,28.71537971496582,47.01494216918945,0.0,47.478145599365234,46.78334426879883,46.78334426879883,0.0,697104
2016-06-28,28.856847763061523,47.246543884277344,0.0,47.478145599365234,47.01494216918945,47.246543884277344,0.0,1031732
2016-06-29,28.99829864501953,47.478145599365234,0.0,47.94134521484375,47.246543884277344,47.478145599365234,0.0,861504
2016-06-30,28.856847763061523,47.246543884277344,0.0,47.709747314453125,47.01494216918945,47.478145599365234,0.0,965670
2016-07-04,28.856847763061523,47.246543884277344,0.0,47.478145599365234,47.01494216918945,47.478145599365234,0.0,778818
2016-07-05,28.856847763061523,47.246543884277344,0.0,47.709747314453125,47.01494216918945,47.709747314453125,0.0,1581277
2016-07-06,28.99829864501953,47.478145599365234,0.0,47.478145599365234,47.01494216918945,47.246543884277344,0.0,1117440
2016-07-07,28.856847763061523,47.246543884277344,0.0,47.709747314453125,47.246543884277344,47.478145599365234,0.0,1433501
2016-07-08,28.99829864501953,47.478145599365234,0.0,47.478145599365234,47.01494216918945,47.478145599365234,0.0,2079440
2016-07-11,28.99829864501953,47.478145599365234,0.0,47.709747314453125,47.478145599365234,47.478145599365234,0.0,1297599
2016-07-12,29.281200408935547,47.94134521484375,0.0,47.94134521484375,47.478145599365234,47.709747314453125,0.0,1710810
2016-07-13,29.422664642333984,48.17294692993164,0.0,48.17294692993164,47.709747314453125,47.94134521484375,0.0,1836458
2016-07-14,29.281200408935547,47.94134521484375,0.0,48.17294692993164,47.94134521484375,48.17294692993164,0.0,1787883
2016-07-15,29.564123153686523,48.40454864501953,0.0,48.40454864501953,47.94134521484375,48.17294692993164,0.0,1949044
2016-07-20,29.422664642333984,48.17294692993164,0.0,48.40454864501953,48.17294692993164,48.17294692993164,0.0,1156624
2016-07-21,29.422664642333984,48.17294692993164,0.0,48.63615036010742,48.17294692993164,48.40454864501953,0.0,1309041
2016-07-22,29.422664642333984,48.17294692993164,0.0,48.40454864501953,47.94134521484375,48.17294692993164,0.0,1101896
2016-07-25,29.422664642333984,48.17294692993164,0.0,48.40454864501953,47.94134521484375,48.17294692993164,0.0,848335
2016-07-26,28.99829864501953,47.478145599365234,0.0,48.17294692993164,47.478145599365234,47.94134521484375,0.0,1936846
2016-07-27,29.139741897583008,47.709747314453125,0.0,47.94134521484375,47.478145599365234,47.709747314453125,0.0,2435657
2016-07-28,29.564123153686523,48.40454864501953,0.0,48.63615036010742,47.709747314453125,47.94134521484375,0.0,1744165
2016-07-29,29.281200408935547,47.94134521484375,0.0,48.40454864501953,47.94134521484375,48.17294692993164,0.0,1100709
2016-08-01,29.281200408935547,47.94134521484375,0.0,48.17294692993164,47.709747314453125,48.17294692993164,0.0,2058499
2016-08-02,29.281200408935547,47.94134521484375,0.0,48.17294692993164,47.709747314453125,47.94134521484375,0.0,1101356
2016-08-03,29.422664642333984,48.17294692993164,0.0,48.40454864501953,47.709747314453125,47.94134521484375,0.0,1464805
2016-08-04,29.564123153686523,48.40454864501953,0.0,48.86774826049805,47.94134521484375,48.17294692993164,0.0,2691701
2016-08-05,29.70557403564453,48.63615036010742,0.0,49.09934997558594,48.40454864501953,48.40454864501953,0.0,2748588
2016-08-08,29.70557403564453,48.63615036010742,0.0,49.33095169067383,48.63615036010742,49.09934997558594,0.0,5772650
2016-08-09,29.564123153686523,48.40454864501953,0.0,48.86774826049805,48.17294692993164,48.63615036010742,0.0,4538522
2016-08-10,29.70557403564453,48.63615036010742,0.0,48.86774826049805,48.17294692993164,48.40454864501953,0.0,3936300
2016-08-11,29.564123153686523,48.40454864501953,0.0,48.63615036010742,47.94134521484375,48.63615036010742,0.0,2891398
2016-08-15,29.422664642333984,48.17294692993164,0.0,48.63615036010742,47.94134521484375,48.40454864501953,0.0,2200554
2016-08-16,29.281200408935547,47.94134521484375,0.0,48.17294692993164,47.478145599365234,48.17294692993164,0.0,4117755
2016-08-17,28.99829864501953,47.478145599365234,0.0,47.94134521484375,47.01494216918945,47.94134521484375,0.0,4457995
2016-08-18,29.281200408935547,47.94134521484375,0.0,48.17294692993164,47.246543884277344,47.246543884277344,0.0,1761760
2016-08-19,29.139741897583008,47.709747314453125,0.0,48.17294692993164,47.709747314453125,47.709747314453125,0.0,227762
2016-08-22,29.564123153686523,48.40454864501953,0.0,48.40454864501953,47.709747314453125,47.709747314453125,0.0,1064331
2016-08-23,29.70557403564453,48.63615036010742,0.0,48.63615036010742,47.94134521484375,48.17294692993164,0.0,1249780
2016-08-24,29.70557403564453,48.63615036010742,0.0,48.86774826049805,47.94134521484375,48.63615036010742,0.0,2116142
2016-08-25,30.271387100219727,49.56255340576172,0.0,49.56255340576172,48.63615036010742,48.63615036010742,0.0,6177118
2016-08-26,30.412853240966797,49.794151306152344,0.0,50.025753021240234,49.33095169067383,49.56255340576172,0.0,4279563
2016-08-29,30.554298400878906,50.025753021240234,0.0,50.488956451416016,49.794151306152344,49.794151306152344,0.0,3045651
2016-08-30,30.83721351623535,50.488956451416016,0.0,50.488956451416016,50.025753021240234,50.257354736328125,0.0,2396257
2016-08-31,30.83721351623535,50.488956451416016,0.0,50.72055435180664,50.025753021240234,50.72055435180664,0.0,2743514
2016-09-01,30.412853240966797,49.794151306152344,0.0,50.72055435180664,49.56255340576172,50.72055435180664,0.0,4543595
2016-09-02,30.271387100219727,49.56255340576172,0.0,50.488956451416016,49.56255340576172,50.025753021240234,0.0,3570800
2016-09-05,30.271387100219727,49.56255340576172,0.0,49.794151306152344,48.86774826049805,49.794151306152344,0.0,4161040
2016-09-06,30.329166412353516,48.63615036010742,1.019043,48.86774826049805,48.40454864501953,48.63615036010742,0.0,887410
2016-09-07,30.040313720703125,48.17294692993164,0.0,49.09934997558594,48.17294692993164,49.09934997558594,0.0,1838293
2016-09-08,29.31818389892578,47.01494216918945,0.0,48.17294692993164,46.78334426879883,47.94134521484375,0.0,2072856
2016-09-09,29.60704231262207,47.478145599365234,0.0,47.478145599365234,46.78334426879883,47.01494216918945,0.0,2128231
2016-09-12,29.029346466064453,46.55174255371094,0.0,47.01494216918945,46.32014083862305,47.01494216918945,0.0,2828251
2016-09-13,29.31818389892578,47.01494216918945,0.0,47.246543884277344,46.55174255371094,46.55174255371094,0.0,1908564
2016-09-14,29.60704231262207,47.478145599365234,0.0,47.709747314453125,47.01494216918945,47.01494216918945,0.0,1677240
2016-09-15,29.60704231262207,47.478145599365234,0.0,47.94134521484375,47.478145599365234,47.478145599365234,0.0,1057315
2016-09-16,28.884910583496094,46.32014083862305,0.0,48.17294692993164,46.32014083862305,47.94134521484375,0.0,13178068
2016-09-19,29.462617874145508,47.246543884277344,0.0,47.246543884277344,46.78334426879883,47.01494216918945,0.0,1593043
2016-09-20,29.462617874145508,47.246543884277344,0.0,47.246543884277344,46.78334426879883,47.246543884277344,0.0,961352
2016-09-21,29.31818389892578,47.01494216918945,0.0,47.246543884277344,46.78334426879883,47.246543884277344,0.0,1390000
2016-09-22,29.31818389892578,47.01494216918945,0.0,47.246543884277344,47.01494216918945,47.246543884277344,0.0,736180
2016-09-23,29.462617874145508,47.246543884277344,0.0,47.246543884277344,47.01494216918945,47.246543884277344,0.0,1428644
2016-09-26,29.462617874145508,47.246543884277344,0.0,47.246543884277344,47.01494216918945,47.246543884277344,0.0,696025
2016-09-27,29.462617874145508,47.246543884277344,0.0,47.246543884277344,47.01494216918945,47.246543884277344,0.0,1317245
2016-09-28,29.31818389892578,47.01494216918945,0.0,47.246543884277344,47.01494216918945,47.246543884277344,0.0,424221
2016-09-29,29.31818389892578,47.01494216918945,0.0,47.246543884277344,46.78334426879883,47.01494216918945,0.0,1712645
2016-09-30,29.31818389892578,47.01494216918945,0.0,47.246543884277344,46.55174255371094,47.01494216918945,0.0,1464805
2016-10-03,29.462617874145508,47.246543884277344,0.0,47.246543884277344,46.78334426879883,47.01494216918945,0.0,850925
2016-10-04,29.462617874145508,47.246543884277344,0.0,47.246543884277344,46.78334426879883,47.01494216918945,0.0,688901
2016-10-05,29.31818389892578,47.01494216918945,0.0,47.246543884277344,47.01494216918945,47.246543884277344,0.0,838080
2016-10-06,29.173765182495117,46.78334426879883,0.0,47.246543884277344,46.78334426879883,47.246543884277344,0.0,1098334
2016-10-07,29.173765182495117,46.78334426879883,0.0,47.01494216918945,46.78334426879883,47.01494216918945,0.0,551703
2016-10-10,29.029346466064453,46.55174255371094,0.0,46.78334426879883,46.088539123535156,46.55174255371094,0.0,2470631
2016-10-11,28.884910583496094,46.32014083862305,0.0,46.78334426879883,46.088539123535156,46.55174255371094,0.0,2203792
2016-10-12,28.451641082763672,45.62533950805664,0.0,46.32014083862305,44.930538177490234,46.088539123535156,0.0,3450550
2016-10-13,28.596067428588867,45.85694122314453,0.0,45.85694122314453,45.162139892578125,45.62533950805664,0.0,2277950
2016-10-14,28.740493774414062,46.088539123535156,0.0,46.55174255371094,45.85694122314453,45.85694122314453,0.0,1325017
2016-10-17,28.884910583496094,46.32014083862305,0.0,46.78334426879883,46.088539123535156,46.32014083862305,0.0,762627
2016-10-18,29.029346466064453,46.55174255371094,0.0,46.55174255371094,46.088539123535156,46.32014083862305,0.0,1484019
2016-10-19,29.173765182495117,46.78334426879883,0.0,46.78334426879883,46.32014083862305,46.55174255371094,0.0,933071
2016-10-20,28.884910583496094,46.32014083862305,0.0,46.78334426879883,46.088539123535156,46.55174255371094,0.0,2676697
2016-10-21,28.596067428588867,45.85694122314453,0.0,46.55174255371094,45.85694122314453,46.55174255371094,0.0,3271578
2016-10-25,28.740493774414062,46.088539123535156,0.0,46.32014083862305,45.85694122314453,46.088539123535156,0.0,1010791
2016-10-26,28.884910583496094,46.32014083862305,0.0,46.55174255371094,46.088539123535156,46.32014083862305,0.0,690952
2016-10-27,29.029346466064453,46.55174255371094,0.0,46.55174255371094,46.088539123535156,46.32014083862305,0.0,766297
2016-10-28,28.884910583496094,46.32014083862305,0.0,46.55174255371094,46.32014083862305,46.55174255371094,0.0,320918
2016-10-31,28.884910583496094,46.32014083862305,0.0,46.55174255371094,46.088539123535156,46.55174255371094,0.0,564765
2016-11-01,29.173765182495117,46.78334426879883,0.0,46.78334426879883,46.088539123535156,46.32014083862305,0.0,695377
2016-11-02,29.462617874145508,47.246543884277344,0.0,47.246543884277344,46.32014083862305,46.55174255371094,0.0,606755
2016-11-03,28.884910583496094,46.32014083862305,0.0,47.246543884277344,46.32014083862305,47.246543884277344,0.0,679402
2016-11-04,28.740493774414062,46.088539123535156,0.0,46.32014083862305,45.85694122314453,46.32014083862305,0.0,1193217
2016-11-07,28.740493774414062,46.088539123535156,0.0,46.55174255371094,46.088539123535156,46.088539123535156,0.0,553646
2016-11-08,29.31818389892578,47.01494216918945,0.0,47.246543884277344,46.32014083862305,46.55174255371094,0.0,2613441
2016-11-09,29.31818389892578,47.01494216918945,0.0,47.246543884277344,46.32014083862305,46.55174255371094,0.0,1994380
2016-11-10,29.31818389892578,47.01494216918945,0.0,47.478145599365234,46.78334426879883,47.246543884277344,0.0,1005933
2016-11-11,29.029346466064453,46.55174255371094,0.0,47.246543884277344,46.32014083862305,46.78334426879883,0.0,2357613
2016-11-14,28.884910583496094,46.32014083862305,0.0,46.78334426879883,46.32014083862305,46.55174255371094,0.0,1770611
2016-11-15,28.740493774414062,46.088539123535156,0.0,46.55174255371094,46.088539123535156,46.32014083862305,0.0,2043495
2016-11-16,28.884910583496094,46.32014083862305,0.0,46.55174255371094,46.32014083862305,46.32014083862305,0.0,261117
2016-11-17,29.173765182495117,46.78334426879883,0.0,46.78334426879883,46.32014083862305,46.32014083862305,0.0,475603
2016-11-18,28.884910583496094,46.32014083862305,0.0,46.55174255371094,46.32014083862305,46.55174255371094,0.0,265003
2016-11-21,28.740493774414062,46.088539123535156,0.0,46.55174255371094,46.088539123535156,46.32014083862305,0.0,882661
2016-11-22,28.740493774414062,46.088539123535156,0.0,46.55174255371094,46.088539123535156,46.32014083862305,0.0,369061
2016-11-23,28.884910583496094,46.32014083862305,0.0,46.55174255371094,46.32014083862305,46.32014083862305,0.0,352654
2016-11-24,28.740493774414062,46.088539123535156,0.0,46.55174255371094,46.088539123535156,46.32014083862305,0.0,805373
2016-11-25,28.884910583496094,46.32014083862305,0.0,46.55174255371094,46.088539123535156,46.32014083862305,0.0,801811
2016-11-28,28.884910583496094,46.32014083862305,0.0,46.55174255371094,46.32014083862305,46.55174255371094,0.0,316708
2016-11-29,29.029346466064453,46.55174255371094,0.0,46.78334426879883,46.32014083862305,46.32014083862305,0.0,673681
2016-11-30,28.884910583496094,46.32014083862305,0.0,46.78334426879883,46.32014083862305,46.55174255371094,0.0,1318432
2016-12-01,28.884910583496094,46.32014083862305,0.0,46.78334426879883,46.088539123535156,46.55174255371094,0.0,1477219
2016-12-02,28.884910583496094,46.32014083862305,0.0,46.55174255371094,46.088539123535156,46.32014083862305,0.0,399178
2016-12-06,29.029346466064453,46.55174255371094,0.0,46.78334426879883,46.32014083862305,46.32014083862305,0.0,599739
2016-12-07,29.31818389892578,47.01494216918945,0.0,47.478145599365234,46.78334426879883,46.78334426879883,0.0,3029567
2016-12-08,29.31818389892578,47.01494216918945,0.0,47.246543884277344,46.78334426879883,47.246543884277344,0.0,1836673
2016-12-09,29.173765182495117,46.78334426879883,0.0,47.01494216918945,46.55174255371094,46.78334426879883,0.0,1015001
2016-12-13,29.029346466064453,46.55174255371094,0.0,47.01494216918945,46.32014083862305,47.01494216918945,0.0,838943
2016-12-14,29.029346466064453,46.55174255371094,0.0,46.78334426879883,46.32014083862305,46.78334426879883,0.0,841210
2016-12-15,28.884910583496094,46.32014083862305,0.0,46.78334426879883,46.088539123535156,46.55174255371094,0.0,1016080
2016-12-16,28.884910583496094,46.32014083862305,0.0,46.55174255371094,46.088539123535156,46.32014083862305,0.0,1601247
2016-12-19,28.884910583496094,46.32014083862305,0.0,46.55174255371094,46.088539123535156,46.32014083862305,0.0,331821
2016-12-20,28.884910583496094,46.32014083862305,0.0,46.55174255371094,46.088539123535156,46.088539123535156,0.0,625645
2016-12-21,28.740493774414062,46.088539123535156,0.0,46.32014083862305,46.088539123535156,46.32014083862305,0.0,274070
2016-12-22,28.884910583496094,46.32014083862305,0.0,46.55174255371094,46.088539123535156,46.088539123535156,0.0,1477111
2016-12-23,28.884910583496094,46.32014083862305,0.0,46.55174255371094,46.088539123535156,46.088539123535156,0.0,959625
2016-12-26,28.740493774414062,46.088539123535156,0.0,46.32014083862305,46.088539123535156,46.32014083862305,0.0,208872
2016-12-27,28.884910583496094,46.32014083862305,0.0,46.55174255371094,46.088539123535156,46.32014083862305,0.0,388923
2016-12-28,28.884910583496094,46.32014083862305,0.0,46.55174255371094,46.088539123535156,46.32014083862305,0.0,536915
2016-12-29,28.884910583496094,46.32014083862305,0.0,46.55174255371094,46.32014083862305,46.32014083862305,0.0,818218
2016-12-30,28.884910583496094,46.32014083862305,0.0,46.55174255371094,46.32014083862305,46.32014083862305,0.0,902415
2017-01-04,28.884910583496094,46.32014083862305,0.0,46.55174255371094,46.088539123535156,46.32014083862305,0.0,1526765
2017-01-05,28.884910583496094,46.32014083862305,0.0,46.78334426879883,46.32014083862305,46.32014083862305,0.0,1227651
2017-01-06,29.029346466064453,46.55174255371094,0.0,46.78334426879883,46.32014083862305,46.55174255371094,0.0,367226
2017-01-09,29.029346466064453,46.55174255371094,0.0,46.78334426879883,46.55174255371094,46.55174255371094,0.0,174330
2017-01-10,29.029346466064453,46.55174255371094,0.0,46.78334426879883,46.55174255371094,46.55174255371094,0.0,420875
2017-01-11,29.31818389892578,47.01494216918945,0.0,47.01494216918945,46.55174255371094,46.78334426879883,0.0,488232
2017-01-12,29.31818389892578,47.01494216918945,0.0,47.246543884277344,46.78334426879883,47.01494216918945,0.0,197322
2017-01-16,29.60704231262207,47.478145599365234,0.0,47.709747314453125,47.01494216918945,47.709747314453125,0.0,215025
2017-01-17,29.462617874145508,47.246543884277344,0.0,47.478145599365234,47.246543884277344,47.478145599365234,0.0,397235
2017-01-18,29.462617874145508,47.246543884277344,0.0,47.478145599365234,47.01494216918945,47.01494216918945,0.0,970636
2017-01-19,29.462617874145508,47.246543884277344,0.0,47.478145599365234,46.78334426879883,47.478145599365234,0.0,1863983
2017-01-20,29.31818389892578,47.01494216918945,0.0,47.478145599365234,47.01494216918945,47.246543884277344,0.0,876724
2017-01-23,29.462617874145508,47.246543884277344,0.0,47.478145599365234,47.01494216918945,47.246543884277344,0.0,495788
2017-01-24,29.462617874145508,47.246543884277344,0.0,47.709747314453125,47.246543884277344,47.246543884277344,0.0,615175
2017-01-25,29.75145721435547,47.709747314453125,0.0,47.709747314453125,47.478145599365234,47.478145599365234,0.0,427351
2017-01-26,29.895885467529297,47.94134521484375,0.0,47.94134521484375,47.478145599365234,47.94134521484375,0.0,622191
2017-01-27,29.75145721435547,47.709747314453125,0.0,48.17294692993164,47.478145599365234,47.94134521484375,0.0,129749
2017-01-30,29.75145721435547,47.709747314453125,0.0,47.94134521484375,47.478145599365234,47.709747314453125,0.0,149071
2017-01-31,29.462617874145508,47.246543884277344,0.0,47.709747314453125,47.01494216918945,47.709747314453125,0.0,1436739
2017-02-01,29.31818389892578,47.01494216918945,0.0,47.478145599365234,46.78334426879883,47.246543884277344,0.0,2572099
2017-02-02,29.31818389892578,47.01494216918945,0.0,47.246543884277344,46.78334426879883,47.01494216918945,0.0,1923677
2017-02-03,29.31818389892578,47.01494216918945,0.0,47.709747314453125,47.01494216918945,47.01494216918945,0.0,704553
2017-02-06,29.31818389892578,47.01494216918945,0.0,47.478145599365234,47.01494216918945,47.246543884277344,0.0,364420
2017-02-07,29.462617874145508,47.246543884277344,0.0,47.478145599365234,47.01494216918945,47.246543884277344,0.0,818002
2017-02-08,29.462617874145508,47.246543884277344,0.0,47.478145599365234,47.01494216918945,47.246543884277344,0.0,573724
2017-02-09,29.60704231262207,47.478145599365234,0.0,47.478145599365234,47.246543884277344,47.246543884277344,0.0,692355
2017-02-10,29.462617874145508,47.246543884277344,0.0,47.478145599365234,47.246543884277344,47.478145599365234,0.0,1662559
2017-02-14,29.462617874145508,47.246543884277344,0.0,47.478145599365234,47.01494216918945,47.478145599365234,0.0,868736
2017-02-15,29.60704231262207,47.478145599365234,0.0,47.478145599365234,47.01494216918945,47.246543884277344,0.0,1224845
2017-02-16,29.75145721435547,47.709747314453125,0.0,49.09934997558594,47.709747314453125,48.17294692993164,0.0,4036364
2017-02-17,30.18473243713379,48.40454864501953,0.0,48.63615036010742,47.94134521484375,47.94134521484375,0.0,1335811
2017-02-20,29.895885467529297,47.94134521484375,0.0,48.63615036010742,47.709747314453125,48.40454864501953,0.0,1158459
2017-02-21,30.040313720703125,48.17294692993164,0.0,48.17294692993164,47.709747314453125,47.94134521484375,0.0,1564869
2017-02-22,30.040313720703125,48.17294692993164,0.0,48.40454864501953,47.709747314453125,48.17294692993164,0.0,1028278
2017-02-23,29.895885467529297,47.94134521484375,0.0,48.17294692993164,47.709747314453125,48.17294692993164,0.0,853192
2017-02-24,30.040313720703125,48.17294692993164,0.0,48.17294692993164,47.709747314453125,47.709747314453125,0.0,913965
2017-02-27,30.040313720703125,48.17294692993164,0.0,48.17294692993164,47.94134521484375,48.17294692993164,0.0,276553
2017-02-28,30.040313720703125,48.17294692993164,0.0,48.17294692993164,47.94134521484375,48.17294692993164,0.0,1234236
2017-03-01,29.892333984375,46.78334426879883,1.158004,47.246543884277344,46.55174255371094,46.78334426879883,0.0,1316813
2017-03-02,30.04030990600586,47.01494216918945,0.0,47.246543884277344,46.78334426879883,46.78334426879883,0.0,1048140
2017-03-03,30.33628273010254,47.478145599365234,0.0,47.478145599365234,47.01494216918945,47.246543884277344,0.0,1133955
2017-03-06,30.188297271728516,47.246543884277344,0.0,47.709747314453125,47.01494216918945,47.246543884277344,0.0,198617
2017-03-07,29.744354248046875,46.55174255371094,0.0,47.246543884277344,46.088539123535156,47.246543884277344,0.0,3548456
2017-03-08,29.744354248046875,46.55174255371094,0.0,46.55174255371094,46.088539123535156,46.55174255371094,0.0,583655
2017-03-09,29.744354248046875,46.55174255371094,0.0,46.78334426879883,46.32014083862305,46.55174255371094,0.0,1044362
2017-03-10,29.59636116027832,46.32014083862305,0.0,46.55174255371094,46.088539123535156,46.55174255371094,0.0,1594986
2017-03-13,29.59636116027832,46.32014083862305,0.0,46.32014083862305,46.088539123535156,46.088539123535156,0.0,934474
2017-03-14,29.59636116027832,46.32014083862305,0.0,46.55174255371094,46.088539123535156,46.32014083862305,0.0,1223333
2017-03-15,29.448389053344727,46.088539123535156,0.0,46.55174255371094,45.62533950805664,46.32014083862305,0.0,3244700
2017-03-16,29.744354248046875,46.55174255371094,0.0,46.78334426879883,46.088539123535156,46.32014083862305,0.0,1145074
2017-03-17,30.63223648071289,47.94134521484375,0.0,47.94134521484375,46.088539123535156,46.55174255371094,0.0,2717176
2017-03-20,29.59636116027832,46.32014083862305,0.0,47.01494216918945,46.088539123535156,47.01494216918945,0.0,3242217
2017-03-21,29.744354248046875,46.55174255371094,0.0,46.78334426879883,46.088539123535156,46.32014083862305,0.0,1276550
2017-03-22,29.744354248046875,46.55174255371094,0.0,46.78334426879883,46.32014083862305,46.55174255371094,0.0,354813
2017-03-23,29.744354248046875,46.55174255371094,0.0,46.78334426879883,46.32014083862305,46.55174255371094,0.0,146156
2017-03-24,29.744354248046875,46.55174255371094,0.0,46.55174255371094,46.32014083862305,46.55174255371094,0.0,249567
2017-03-27,29.59636116027832,46.32014083862305,0.0,46.78334426879883,46.32014083862305,46.55174255371094,0.0,283461
2017-03-28,29.59636116027832,46.32014083862305,0.0,46.78334426879883,46.32014083862305,46.55174255371094,0.0,1759061
2017-03-29,29.744354248046875,46.55174255371094,0.0,46.55174255371094,46.32014083862305,46.55174255371094,0.0,610101
2017-03-30,29.744354248046875,46.55174255371094,0.0,46.78334426879883,46.32014083862305,46.55174255371094,0.0,1758630
2017-03-31,29.744354248046875,46.55174255371094,0.0,46.78334426879883,46.32014083862305,46.78334426879883,0.0,1425081
2017-04-03,29.744354248046875,46.55174255371094,0.0,46.78334426879883,46.55174255371094,46.55174255371094,0.0,1210272
2017-04-04,29.892333984375,46.78334426879883,0.0,46.78334426879883,46.55174255371094,46.55174255371094,0.0,862583
2017-04-05,29.744354248046875,46.55174255371094,0.0,46.78334426879883,46.55174255371094,46.78334426879883,0.0,1049759
2017-04-07,29.744354248046875,46.55174255371094,0.0,46.78334426879883,46.088539123535156,46.78334426879883,0.0,4598107
2017-04-10,29.59636116027832,46.32014083862305,0.0,46.55174255371094,46.088539123535156,46.55174255371094,0.0,4467818
2017-04-11,29.744354248046875,46.55174255371094,0.0,46.55174255371094,46.088539123535156,46.55174255371094,0.0,2273309
2017-04-12,29.59636116027832,46.32014083862305,0.0,46.55174255371094,46.088539123535156,46.55174255371094,0.0,1923029
2017-04-17,29.744354248046875,46.55174255371094,0.0,46.55174255371094,46.088539123535156,46.32014083862305,0.0,616146
2017-04-18,29.59636116027832,46.32014083862305,0.0,46.78334426879883,46.088539123535156,46.55174255371094,0.0,2125101
2017-04-19,29.744354248046875,46.55174255371094,0.0,46.55174255371094,46.088539123535156,46.55174255371094,0.0,1375427
2017-04-20,29.744354248046875,46.55174255371094,0.0,46.55174255371094,46.088539123535156,46.55174255371094,0.0,2538852
2017-04-21,29.59636116027832,46.32014083862305,0.0,46.55174255371094,46.088539123535156,46.55174255371094,0.0,2535074
2017-04-24,29.59636116027832,46.32014083862305,0.0,46.32014083862305,46.088539123535156,46.32014083862305,0.0,1810335
2017-04-25,29.59636116027832,46.32014083862305,0.0,46.32014083862305,46.088539123535156,46.32014083862305,0.0,1036266
2017-04-26,29.59636116027832,46.32014083862305,0.0,46.55174255371094,46.088539123535156,46.32014083862305,0.0,1772231
2017-04-27,29.448389053344727,46.088539123535156,0.0,46.55174255371094,46.088539123535156,46.32014083862305,0.0,704768
2017-04-28,29.59636116027832,46.32014083862305,0.0,46.55174255371094,46.088539123535156,46.32014083862305,0.0,670658
2017-05-02,29.59636116027832,46.32014083862305,0.0,46.32014083862305,46.088539123535156,46.32014083862305,0.0,1149607
2017-05-03,29.59636116027832,46.32014083862305,0.0,46.32014083862305,46.088539123535156,46.32014083862305,0.0,942570
2017-05-04,29.59636116027832,46.32014083862305,0.0,46.32014083862305,46.088539123535156,46.32014083862305,0.0,1549757
2017-05-08,29.448389053344727,46.088539123535156,0.0,46.32014083862305,46.088539123535156,46.088539123535156,0.0,2145610
2017-05-09,29.59636116027832,46.32014083862305,0.0,46.32014083862305,46.088539123535156,46.32014083862305,0.0,2390320
2017-05-11,29.744354248046875,46.55174255371094,0.0,46.55174255371094,45.85694122314453,46.088539123535156,0.0,2244379
2017-05-12,29.448389053344727,46.088539123535156,0.0,46.32014083862305,46.088539123535156,46.32014083862305,0.0,1389028
2017-05-15,29.59636116027832,46.32014083862305,0.0,46.32014083862305,46.32014083862305,46.32014083862305,0.0,68220
2017-05-16,29.59636116027832,46.32014083862305,0.0,46.55174255371094,46.088539123535156,46.32014083862305,0.0,1494706
2017-05-17,29.448389053344727,46.088539123535156,0.0,46.55174255371094,46.088539123535156,46.32014083862305,0.0,1811738
2017-05-18,29.744354248046875,46.55174255371094,0.0,47.01494216918945,46.088539123535156,46.088539123535156,0.0,1009819
2017-05-19,29.744354248046875,46.55174255371094,0.0,46.78334426879883,46.32014083862305,46.55174255371094,0.0,312391
2017-05-22,30.33628273010254,47.478145599365234,0.0,47.478145599365234,46.78334426879883,46.78334426879883,0.0,1793820
2017-05-23,30.484254837036133,47.709747314453125,0.0,47.94134521484375,47.246543884277344,47.709747314453125,0.0,1428967
2017-05-24,30.484254837036133,47.709747314453125,0.0,47.94134521484375,47.246543884277344,47.709747314453125,0.0,1508199
2017-05-25,30.484254837036133,47.709747314453125,0.0,47.94134521484375,47.478145599365234,47.94134521484375,0.0,1474088
2017-05-26,30.63223648071289,47.94134521484375,0.0,47.94134521484375,47.478145599365234,47.709747314453125,0.0,1193757
2017-05-29,30.33628273010254,47.478145599365234,0.0,47.94134521484375,47.478145599365234,47.94134521484375,0.0,675839
2017-05-30,30.33628273010254,47.478145599365234,0.0,47.709747314453125,47.478145599365234,47.478145599365234,0.0,995571
2017-05-31,30.04030990600586,47.01494216918945,0.0,47.709747314453125,47.01494216918945,47.478145599365234,0.0,2330843
2017-06-01,30.04030990600586,47.01494216918945,0.0,47.478145599365234,46.78334426879883,47.01494216918945,0.0,1507443
2017-06-02,30.04030990600586,47.01494216918945,0.0,47.478145599365234,47.01494216918945,47.246543884277344,0.0,1246218
2017-06-05,30.04030990600586,47.01494216918945,0.0,47.246543884277344,47.01494216918945,47.246543884277344,0.0,1114849
2017-06-06,30.188297271728516,47.246543884277344,0.0,47.478145599365234,46.55174255371094,47.246543884277344,0.0,5515635
2017-06-07,29.892333984375,46.78334426879883,0.0,47.246543884277344,46.55174255371094,47.01494216918945,0.0,3919461
2017-06-08,29.744354248046875,46.55174255371094,0.0,46.78334426879883,46.55174255371094,46.78334426879883,0.0,764030
2017-06-09,29.744354248046875,46.55174255371094,0.0,47.01494216918945,46.32014083862305,46.78334426879883,0.0,3447744
2017-06-12,29.59636116027832,46.32014083862305,0.0,46.55174255371094,46.32014083862305,46.55174255371094,0.0,2041120
2017-06-13,29.59636116027832,46.32014083862305,0.0,46.78334426879883,46.088539123535156,46.32014083862305,0.0,3728831
2017-06-14,29.59636116027832,46.32014083862305,0.0,46.55174255371094,46.32014083862305,46.55174255371094,0.0,1402737
2017-06-15,29.892333984375,46.78334426879883,0.0,47.246543884277344,46.32014083862305,46.55174255371094,0.0,3147118
2017-06-16,30.188297271728516,47.246543884277344,0.0,47.478145599365234,46.78334426879883,47.01494216918945,0.0,1663207
2017-06-19,30.63223648071289,47.94134521484375,0.0,47.94134521484375,47.478145599365234,47.478145599365234,0.0,1482400
2017-06-20,30.63223648071289,47.94134521484375,0.0,47.94134521484375,47.478145599365234,47.94134521484375,0.0,1411373
2017-06-21,30.63223648071289,47.94134521484375,0.0,47.94134521484375,47.478145599365234,47.94134521484375,0.0,891296
2017-06-22,30.484254837036133,47.709747314453125,0.0,47.94134521484375,47.478145599365234,47.94134521484375,0.0,590563
2017-06-23,30.188297271728516,47.246543884277344,0.0,47.709747314453125,47.246543884277344,47.478145599365234,0.0,718046
2017-06-26,30.484254837036133,47.709747314453125,0.0,47.94134521484375,47.246543884277344,47.246543884277344,0.0,991901
2017-06-27,30.63223648071289,47.94134521484375,0.0,47.94134521484375,47.478145599365234,47.709747314453125,0.0,1738552
2017-06-28,30.63223648071289,47.94134521484375,0.0,48.17294692993164,47.478145599365234,47.94134521484375,0.0,2013486
2017-06-29,30.63223648071289,47.94134521484375,0.0,48.17294692993164,47.709747314453125,47.94134521484375,0.0,2247726
2017-06-30,30.780223846435547,48.17294692993164,0.0,48.40454864501953,47.709747314453125,47.94134521484375,0.0,7208850
2017-07-03,30.780223846435547,48.17294692993164,0.0,48.40454864501953,47.94134521484375,48.17294692993164,0.0,2609016
2017-07-04,30.780223846435547,48.17294692993164,0.0,48.17294692993164,47.94134521484375,48.17294692993164,0.0,883416
2017-07-05,30.780223846435547,48.17294692993164,0.0,48.17294692993164,47.709747314453125,48.17294692993164,0.0,1618194
2017-07-06,30.63223648071289,47.94134521484375,0.0,48.17294692993164,47.94134521484375,48.17294692993164,0.0,1915905
2017-07-07,30.780223846435547,48.17294692993164,0.0,48.17294692993164,47.709747314453125,47.94134521484375,0.0,1147125
2017-07-11,30.780223846435547,48.17294692993164,0.0,48.63615036010742,47.94134521484375,48.17294692993164,0.0,2015753
2017-07-12,30.928207397460938,48.40454864501953,0.0,48.63615036010742,48.17294692993164,48.17294692993164,0.0,1315518
2017-07-13,30.928207397460938,48.40454864501953,0.0,48.63615036010742,48.40454864501953,48.40454864501953,0.0,1722144
2017-07-14,31.224172592163086,48.86774826049805,0.0,48.86774826049805,48.40454864501953,48.40454864501953,0.0,1591856
2017-07-17,31.668109893798828,49.56255340576172,0.0,49.56255340576172,48.86774826049805,48.86774826049805,0.0,3062706
2017-07-18,31.964073181152344,50.025753021240234,0.0,50.257354736328125,49.33095169067383,49.56255340576172,0.0,2422596
2017-07-19,31.964073181152344,50.025753021240234,0.0,50.025753021240234,49.56255340576172,50.025753021240234,0.0,601682
2017-07-20,31.81609535217285,49.794151306152344,0.0,50.025753021240234,49.33095169067383,49.56255340576172,0.0,1012194
2017-07-21,31.81609535217285,49.794151306152344,0.0,50.025753021240234,49.56255340576172,50.025753021240234,0.0,1246973
2017-07-24,31.964073181152344,50.025753021240234,0.0,50.025753021240234,49.56255340576172,49.56255340576172,0.0,946996
2017-07-25,31.964073181152344,50.025753021240234,0.0,50.025753021240234,49.794151306152344,49.794151306152344,0.0,705848
2017-07-26,31.964073181152344,50.025753021240234,0.0,50.025753021240234,49.56255340576172,50.025753021240234,0.0,866037
2017-07-27,31.964073181152344,50.025753021240234,0.0,50.025753021240234,49.33095169067383,50.025753021240234,0.0,1171844
2017-07-31,31.964073181152344,50.025753021240234,0.0,50.025753021240234,49.794151306152344,49.794151306152344,0.0,1133416
2017-08-01,31.964073181152344,50.025753021240234,0.0,50.257354736328125,49.56255340576172,49.794151306152344,0.0,1253666
2017-08-02,32.40802001953125,50.72055435180664,0.0,50.72055435180664,49.794151306152344,50.025753021240234,0.0,1855888
2017-08-03,32.260047912597656,50.488956451416016,0.0,50.72055435180664,50.257354736328125,50.488956451416016,0.0,653063
2017-08-04,32.11206817626953,50.257354736328125,0.0,50.72055435180664,50.257354736328125,50.257354736328125,0.0,760792
2017-08-07,31.668109893798828,49.56255340576172,0.0,50.488956451416016,49.56255340576172,50.257354736328125,0.0,1729269
2017-08-08,31.372148513793945,49.09934997558594,0.0,49.794151306152344,49.09934997558594,49.56255340576172,0.0,1886868
2017-08-09,31.372148513793945,49.09934997558594,0.0,49.56255340576172,49.09934997558594,49.09934997558594,0.0,1954657
2017-08-10,31.520126342773438,49.33095169067383,0.0,49.33095169067383,48.86774826049805,49.09934997558594,0.0,1668172
2017-08-11,32.11206817626953,50.257354736328125,0.0,50.257354736328125,49.56255340576172,49.56255340576172,0.0,1954873
2017-08-15,32.70398712158203,51.18375778198242,0.0,51.41535949707031,50.257354736328125,50.488956451416016,0.0,4028161
2017-08-16,32.85197067260742,51.41535949707031,0.0,51.41535949707031,50.95215606689453,51.18375778198242,0.0,1499995
2017-08-17,32.85197067260742,51.41535949707031,0.0,51.41535949707031,51.18375778198242,51.18375778198242,0.0,1080091
2017-08-18,32.99995040893555,51.64695739746094,0.0,52.11016082763672,51.41535949707031,51.64695739746094,0.0,3440295
2017-08-21,33.1479377746582,51.87855911254883,0.0,51.87855911254883,51.41535949707031,51.87855911254883,0.0,1501074
2017-08-22,33.1479377746582,51.87855911254883,0.0,52.11016082763672,51.18375778198242,51.87855911254883,0.0,3903917
2017-08-23,32.70398712158203,51.18375778198242,0.0,51.64695739746094,50.95215606689453,51.41535949707031,0.0,2857396
2017-08-24,32.99995040893555,51.64695739746094,0.0,51.64695739746094,50.95215606689453,51.18375778198242,0.0,2617111
2017-08-25,32.85197067260742,51.41535949707031,0.0,51.64695739746094,51.18375778198242,51.64695739746094,0.0,976572
2017-08-28,32.85197067260742,51.41535949707031,0.0,51.41535949707031,51.41535949707031,51.41535949707031,0.0,174330
2017-08-29,33.1479377746582,51.87855911254883,0.0,52.11016082763672,51.41535949707031,51.64695739746094,0.0,7275344
2017-08-30,33.1479377746582,51.87855911254883,0.0,52.11016082763672,51.64695739746094,51.64695739746094,0.0,3132222
2017-08-31,33.69183349609375,51.64695739746094,1.065363,51.64695739746094,50.72055435180664,50.95215606689453,0.0,2830626
2017-09-01,33.54075241088867,51.41535949707031,0.0,51.64695739746094,51.41535949707031,51.41535949707031,0.0,499998
2017-09-04,33.69183349609375,51.64695739746094,0.0,51.64695739746094,51.18375778198242,51.18375778198242,0.0,377481
2017-09-05,33.54075241088867,51.41535949707031,0.0,51.64695739746094,51.41535949707031,51.41535949707031,0.0,841210
2017-09-06,33.69183349609375,51.64695739746094,0.0,51.64695739746094,51.41535949707031,51.64695739746094,0.0,762087
2017-09-07,33.69183349609375,51.64695739746094,0.0,51.64695739746094,51.18375778198242,51.64695739746094,0.0,1655435
2017-09-08,33.84292221069336,51.87855911254883,0.0,51.87855911254883,51.64695739746094,51.87855911254883,0.0,1748807
2017-09-11,33.389671325683594,51.18375778198242,0.0,51.87855911254883,50.95215606689453,51.64695739746094,0.0,1837969
2017-09-12,33.69183349609375,51.64695739746094,0.0,51.64695739746094,51.18375778198242,51.18375778198242,0.0,439009
2017-09-13,33.69183349609375,51.64695739746094,0.0,51.87855911254883,51.41535949707031,51.64695739746094,0.0,371544
2017-09-14,33.54075241088867,51.41535949707031,0.0,51.87855911254883,51.18375778198242,51.64695739746094,0.0,2166444
2017-09-15,33.69183349609375,51.64695739746094,0.0,51.64695739746094,50.95215606689453,51.41535949707031,0.0,3559358
2017-09-18,33.54075241088867,51.41535949707031,0.0,51.64695739746094,51.18375778198242,51.41535949707031,0.0,1941056
2017-09-19,33.54075241088867,51.41535949707031,0.0,51.64695739746094,51.18375778198242,51.41535949707031,0.0,1553319
2017-09-20,33.23857879638672,50.95215606689453,0.0,51.18375778198242,50.72055435180664,51.18375778198242,0.0,3507113
2017-09-21,32.93641662597656,50.488956451416016,0.0,50.95215606689453,50.257354736328125,50.72055435180664,0.0,3783127
2017-09-22,32.785335540771484,50.257354736328125,0.0,50.257354736328125,50.025753021240234,50.257354736328125,0.0,2223222
2017-09-25,32.785335540771484,50.257354736328125,0.0,50.488956451416016,50.025753021240234,50.257354736328125,0.0,1903815
2017-09-26,32.93641662597656,50.488956451416016,0.0,50.488956451416016,50.257354736328125,50.257354736328125,0.0,2730777
2017-09-27,32.785335540771484,50.257354736328125,0.0,50.488956451416016,50.025753021240234,50.488956451416016,0.0,2181016
2017-09-28,32.48316192626953,49.794151306152344,0.0,50.257354736328125,49.56255340576172,50.257354736328125,0.0,3643555
2017-09-29,32.48316192626953,49.794151306152344,0.0,50.025753021240234,49.56255340576172,49.56255340576172,0.0,4398410
2017-10-02,32.63424301147461,50.025753021240234,0.0,50.025753021240234,49.56255340576172,49.794151306152344,0.0,4267042
2017-10-03,32.63424301147461,50.025753021240234,0.0,50.025753021240234,49.794151306152344,50.025753021240234,0.0,1205307
2017-10-04,32.48316192626953,49.794151306152344,0.0,50.257354736328125,49.56255340576172,49.794151306152344,0.0,2106966
2017-10-05,32.48316192626953,49.794151306152344,0.0,50.025753021240234,49.56255340576172,49.794151306152344,0.0,2315839
2017-10-06,32.785335540771484,50.257354736328125,0.0,50.257354736328125,49.56255340576172,49.794151306152344,0.0,3617000
2017-10-09,32.63424301147461,50.025753021240234,0.0,50.488956451416016,50.025753021240234,50.488956451416016,0.0,3157913
2017-10-10,33.087501525878906,50.72055435180664,0.0,50.95215606689453,50.025753021240234,50.025753021240234,0.0,3769850
2017-10-11,33.389671325683594,51.18375778198242,0.0,51.41535949707031,50.72055435180664,50.95215606689453,0.0,4844760
2017-10-12,33.23857879638672,50.95215606689453,0.0,51.41535949707031,50.72055435180664,51.41535949707031,0.0,1802563
2017-10-16,33.69183349609375,51.64695739746094,0.0,51.64695739746094,51.64695739746094,51.64695739746094,0.0,167745
2017-10-17,33.84292221069336,51.87855911254883,0.0,51.87855911254883,51.41535949707031,51.87855911254883,0.0,1206710
2017-10-18,33.54075241088867,51.41535949707031,0.0,51.87855911254883,51.41535949707031,51.87855911254883,0.0,2046301
2017-10-19,32.93641662597656,50.488956451416016,0.0,51.64695739746094,50.488956451416016,51.41535949707031,0.0,2690406
2017-10-20,32.785335540771484,50.257354736328125,0.0,51.64695739746094,50.257354736328125,50.488956451416016,0.0,5300717
2017-10-24,33.389671325683594,51.18375778198242,0.0,51.41535949707031,50.488956451416016,50.488956451416016,0.0,2835159
2017-10-25,33.23857879638672,50.95215606689453,0.0,51.41535949707031,50.488956451416016,51.41535949707031,0.0,1069944
2017-10-27,34.29617691040039,52.573360443115234,0.0,52.573360443115234,50.95215606689453,50.95215606689453,0.0,2845090
2017-10-30,33.84292221069336,51.87855911254883,0.0,52.804962158203125,51.41535949707031,52.804962158203125,0.0,2421084
2017-10-31,33.69183349609375,51.64695739746094,0.0,51.87855911254883,51.18375778198242,51.87855911254883,0.0,1074262
2017-11-01,33.389671325683594,51.18375778198242,0.0,51.87855911254883,50.95215606689453,51.87855911254883,0.0,1062064
2017-11-02,32.93641662597656,50.488956451416016,0.0,51.18375778198242,50.488956451416016,50.95215606689453,0.0,1556450
2017-11-03,33.23857879638672,50.95215606689453,0.0,50.95215606689453,50.257354736328125,50.488956451416016,0.0,845204
2017-11-06,32.93641662597656,50.488956451416016,0.0,50.95215606689453,50.257354736328125,50.95215606689453,0.0,888382
2017-11-07,32.93641662597656,50.488956451416016,0.0,51.41535949707031,50.257354736328125,50.488956451416016,0.0,3765532
2017-11-08,33.087501525878906,50.72055435180664,0.0,50.95215606689453,50.257354736328125,50.488956451416016,0.0,1534537
2017-11-09,32.93641662597656,50.488956451416016,0.0,50.72055435180664,50.257354736328125,50.72055435180664,0.0,1294793
2017-11-10,32.93641662597656,50.488956451416016,0.0,50.488956451416016,50.257354736328125,50.488956451416016,0.0,1018131
2017-11-13,32.63424301147461,50.025753021240234,0.0,50.488956451416016,50.025753021240234,50.257354736328125,0.0,1329659
2017-11-14,33.23857879638672,50.95215606689453,0.0,50.95215606689453,50.257354736328125,50.257354736328125,0.0,2682958
2017-11-15,32.93641662597656,50.488956451416016,0.0,50.95215606689453,50.488956451416016,50.95215606689453,0.0,1155328
2017-11-16,32.63424301147461,50.025753021240234,0.0,50.488956451416016,50.025753021240234,50.488956451416016,0.0,2620782
2017-11-17,32.93641662597656,50.488956451416016,0.0,50.72055435180664,50.025753021240234,50.257354736328125,0.0,1522447
2017-11-20,33.087501525878906,50.72055435180664,0.0,50.72055435180664,50.257354736328125,50.257354736328125,0.0,813145
2017-11-21,33.23857879638672,50.95215606689453,0.0,50.95215606689453,50.95215606689453,50.95215606689453,0.0,1958435
2017-11-22,33.087501525878906,50.72055435180664,0.0,50.95215606689453,50.488956451416016,50.95215606689453,0.0,1624239
2017-11-23,32.785335540771484,50.257354736328125,0.0,50.72055435180664,50.025753021240234,50.72055435180664,0.0,2237255
2017-11-24,33.23857879638672,50.95215606689453,0.0,50.95215606689453,50.025753021240234,50.257354736328125,0.0,1714696
2017-11-27,33.23857879638672,50.95215606689453,0.0,51.18375778198242,50.488956451416016,50.95215606689453,0.0,2145718
2017-11-28,33.69183349609375,51.64695739746094,0.0,51.87855911254883,50.95215606689453,51.18375778198242,0.0,3402407
2017-11-29,33.99401092529297,52.11016082763672,0.0,52.573360443115234,51.41535949707031,51.87855911254883,0.0,3968036
2017-11-30,33.69183349609375,51.64695739746094,0.0,52.34176254272461,51.18375778198242,52.11016082763672,0.0,2080304
2017-12-01,33.84292221069336,51.87855911254883,0.0,51.87855911254883,51.64695739746094,51.87855911254883,0.0,1391727
2017-12-04,33.389671325683594,51.18375778198242,0.0,51.87855911254883,51.18375778198242,51.87855911254883,0.0,1070808
2017-12-06,33.54075241088867,51.41535949707031,0.0,51.87855911254883,51.18375778198242,51.18375778198242,0.0,2055585
2017-12-07,33.69183349609375,51.64695739746094,0.0,51.87855911254883,51.18375778198242,51.64695739746094,0.0,1075018
2017-12-08,33.99401092529297,52.11016082763672,0.0,52.573360443115234,51.41535949707031,51.64695739746094,0.0,4190077
2017-12-12,33.69183349609375,51.64695739746094,0.0,52.573360443115234,51.64695739746094,52.11016082763672,0.0,1982398
2017-12-13,33.84292221069336,51.87855911254883,0.0,52.34176254272461,51.64695739746094,51.87855911254883,0.0,1153925
2017-12-14,33.54075241088867,51.41535949707031,0.0,51.64695739746094,50.95215606689453,51.41535949707031,0.0,3341418
2017-12-15,33.99401092529297,52.11016082763672,0.0,52.11016082763672,51.18375778198242,51.64695739746094,0.0,2524387
2017-12-18,33.54075241088867,51.41535949707031,0.0,52.11016082763672,51.18375778198242,52.11016082763672,0.0,2440946
2017-12-19,33.389671325683594,51.18375778198242,0.0,51.41535949707031,50.72055435180664,51.18375778198242,0.0,3121212
2017-12-20,33.23857879638672,50.95215606689453,0.0,51.18375778198242,50.72055435180664,51.18375778198242,0.0,3004308
2017-12-21,33.389671325683594,51.18375778198242,0.0,51.41535949707031,50.95215606689453,50.95215606689453,0.0,2171409
2017-12-22,33.54075241088867,51.41535949707031,0.0,51.64695739746094,50.95215606689453,50.95215606689453,0.0,1390215
2017-12-25,33.23857879638672,50.95215606689453,0.0,51.41535949707031,50.95215606689453,51.18375778198242,0.0,1365496
2017-12-26,33.23857879638672,50.95215606689453,0.0,51.18375778198242,50.95215606689453,51.18375778198242,0.0,1384063
2017-12-27,33.087501525878906,50.72055435180664,0.0,51.18375778198242,50.488956451416016,50.95215606689453,0.0,1975598
2017-12-28,32.785335540771484,50.257354736328125,0.0,50.72055435180664,50.025753021240234,50.72055435180664,0.0,3604911
2017-12-29,32.785335540771484,50.257354736328125,0.0,50.72055435180664,50.025753021240234,50.257354736328125,0.0,6392791
2018-01-03,32.93641662597656,50.488956451416016,0.0,51.18375778198242,50.257354736328125,50.257354736328125,0.0,3834940
2018-01-04,32.93641662597656,50.488956451416016,0.0,50.72055435180664,50.257354736328125,50.72055435180664,0.0,1838077
2018-01-05,32.93641662597656,50.488956451416016,0.0,51.64695739746094,50.257354736328125,50.72055435180664,0.0,5305683
2018-01-08,32.93641662597656,50.488956451416016,0.0,50.72055435180664,50.257354736328125,50.72055435180664,0.0,1023744
2018-01-09,32.93641662597656,50.488956451416016,0.0,50.488956451416016,50.488956451416016,50.488956451416016,0.0,185556
2018-01-10,33.23857879638672,50.95215606689453,0.0,51.41535949707031,50.72055435180664,50.95215606689453,0.0,2884058
2018-01-11,33.389671325683594,51.18375778198242,0.0,51.64695739746094,50.72055435180664,51.18375778198242,0.0,2821126
2018-01-12,33.54075241088867,51.41535949707031,0.0,51.41535949707031,51.18375778198242,51.41535949707031,0.0,1937817
2018-01-15,33.54075241088867,51.41535949707031,0.0,52.11016082763672,51.18375778198242,51.41535949707031,0.0,4341415
2018-01-16,33.389671325683594,51.18375778198242,0.0,51.87855911254883,51.18375778198242,51.41535949707031,0.0,1785184
2018-01-17,33.54075241088867,51.41535949707031,0.0,51.41535949707031,51.18375778198242,51.18375778198242,0.0,1240497
2018-01-18,33.23857879638672,50.95215606689453,0.0,51.64695739746094,50.72055435180664,51.41535949707031,0.0,3246103
2018-01-19,33.087501525878906,50.72055435180664,0.0,51.18375778198242,50.72055435180664,51.18375778198242,0.0,1178536
2018-01-22,33.23857879638672,50.95215606689453,0.0,51.18375778198242,50.72055435180664,50.72055435180664,0.0,389463
2018-01-23,33.389671325683594,51.18375778198242,0.0,51.41535949707031,50.95215606689453,51.18375778198242,0.0,1054077
2018-01-24,33.54075241088867,51.41535949707031,0.0,51.64695739746094,51.18375778198242,51.41535949707031,0.0,1063144
2018-01-25,33.389671325683594,51.18375778198242,0.0,51.41535949707031,51.18375778198242,51.41535949707031,0.0,870463
2018-01-26,33.23857879638672,50.95215606689453,0.0,51.41535949707031,50.95215606689453,51.18375778198242,0.0,612800
2018-01-29,33.389671325683594,51.18375778198242,0.0,51.41535949707031,50.95215606689453,50.95215606689453,0.0,578581
2018-01-30,33.23857879638672,50.95215606689453,0.0,51.41535949707031,50.95215606689453,51.18375778198242,0.0,1003774
2018-01-31,33.087501525878906,50.72055435180664,0.0,51.18375778198242,50.72055435180664,50.95215606689453,0.0,1468475
2018-02-01,33.23857879638672,50.95215606689453,0.0,51.18375778198242,50.72055435180664,50.72055435180664,0.0,668499
2018-02-02,33.23857879638672,50.95215606689453,0.0,50.95215606689453,50.72055435180664,50.95215606689453,0.0,547386
2018-02-05,33.087501525878906,50.72055435180664,0.0,50.95215606689453,50.488956451416016,50.488956451416016,0.0,687713
2018-02-06,32.785335540771484,50.257354736328125,0.0,50.488956451416016,50.025753021240234,50.257354736328125,0.0,1790473
2018-02-07,32.785335540771484,50.257354736328125,0.0,50.95215606689453,49.794151306152344,50.488956451416016,0.0,4954324
2018-02-08,32.785335540771484,50.257354736328125,0.0,50.488956451416016,50.025753021240234,50.257354736328125,0.0,764246
2018-02-09,32.63424301147461,50.025753021240234,0.0,50.257354736328125,49.794151306152344,50.025753021240234,0.0,2753553
2018-02-12,32.785335540771484,50.257354736328125,0.0,50.257354736328125,49.794151306152344,49.794151306152344,0.0,686742
2018-02-13,32.785335540771484,50.257354736328125,0.0,50.488956451416016,50.025753021240234,50.257354736328125,0.0,698184
2018-02-14,32.63424301147461,50.025753021240234,0.0,50.257354736328125,49.794151306152344,50.025753021240234,0.0,1232832
2018-02-15,32.93641662597656,50.488956451416016,0.0,50.72055435180664,50.025753021240234,50.257354736328125,0.0,1495245
2018-02-16,32.93641662597656,50.488956451416016,0.0,50.488956451416016,50.025753021240234,50.488956451416016,0.0,1374024
2018-02-19,33.087501525878906,50.72055435180664,0.0,51.18375778198242,50.257354736328125,50.488956451416016,0.0,885144
2018-02-20,32.93641662597656,50.488956451416016,0.0,50.95215606689453,50.257354736328125,50.257354736328125,0.0,1064439
2018-02-21,32.785335540771484,50.257354736328125,0.0,50.72055435180664,50.257354736328125,50.488956451416016,0.0,1374024
2018-02-22,32.93641662597656,50.488956451416016,0.0,50.488956451416016,50.257354736328125,50.257354736328125,0.0,1686847
2018-02-23,33.087501525878906,50.72055435180664,0.0,50.72055435180664,50.257354736328125,50.257354736328125,0.0,1949907
2018-02-26,32.77827453613281,49.09934997558594,1.158004,49.794151306152344,49.09934997558594,49.794151306152344,0.0,3851132
2018-02-27,32.77827453613281,49.09934997558594,0.0,49.56255340576172,49.09934997558594,49.09934997558594,0.0,1946345
2018-02-28,32.93288040161133,49.33095169067383,0.0,49.56255340576172,49.09934997558594,49.09934997558594,0.0,1417849
2018-03-02,32.623661041259766,48.86774826049805,0.0,49.33095169067383,48.86774826049805,49.33095169067383,0.0,1000212
2018-03-05,32.46903991699219,48.63615036010742,0.0,48.86774826049805,48.17294692993164,48.86774826049805,0.0,2642263
2018-03-06,32.31443405151367,48.40454864501953,0.0,48.40454864501953,48.40454864501953,48.40454864501953,0.0,73618
2018-03-07,32.15980911254883,48.17294692993164,0.0,48.63615036010742,48.17294692993164,48.40454864501953,0.0,1316489
2018-03-08,32.31443405151367,48.40454864501953,0.0,48.86774826049805,48.17294692993164,48.17294692993164,0.0,2566917
2018-03-09,32.31443405151367,48.40454864501953,0.0,48.86774826049805,48.17294692993164,48.40454864501953,0.0,1683932
2018-03-12,32.623661041259766,48.86774826049805,0.0,49.33095169067383,48.40454864501953,48.40454864501953,0.0,1065303
2018-03-13,32.623661041259766,48.86774826049805,0.0,49.33095169067383,48.63615036010742,49.09934997558594,0.0,1464049
2018-03-14,32.623661041259766,48.86774826049805,0.0,49.09934997558594,48.86774826049805,48.86774826049805,0.0,1276766
2018-03-15,32.623661041259766,48.86774826049805,0.0,48.86774826049805,48.63615036010742,48.86774826049805,0.0,1365604
2018-03-16,32.93288040161133,49.33095169067383,0.0,49.33095169067383,48.17294692993164,48.86774826049805,0.0,2903812
2018-03-19,32.46903991699219,48.63615036010742,0.0,48.86774826049805,48.63615036010742,48.86774826049805,0.0,779250
2018-03-20,32.46903991699219,48.63615036010742,0.0,48.86774826049805,48.40454864501953,48.86774826049805,0.0,905221
2018-03-21,32.31443405151367,48.40454864501953,0.0,48.86774826049805,48.40454864501953,48.63615036010742,0.0,2137622
2018-03-22,32.46903991699219,48.63615036010742,0.0,48.86774826049805,48.40454864501953,48.63615036010742,0.0,2030326
2018-03-23,32.31443405151367,48.40454864501953,0.0,48.63615036010742,48.17294692993164,48.40454864501953,0.0,1970740
2018-03-26,32.46903991699219,48.63615036010742,0.0,48.63615036010742,48.17294692993164,48.40454864501953,0.0,378129
2018-03-27,32.31443405151367,48.40454864501953,0.0,48.63615036010742,48.40454864501953,48.63615036010742,0.0,1569943
2018-03-28,32.15980911254883,48.17294692993164,0.0,48.63615036010742,48.17294692993164,48.63615036010742,0.0,607511
2018-03-29,31.8505859375,47.709747314453125,0.0,48.17294692993164,47.709747314453125,48.17294692993164,0.0,1832572
2018-03-30,32.31443405151367,48.40454864501953,0.0,48.40454864501953,47.709747314453125,47.94134521484375,0.0,695917
2018-04-02,32.31443405151367,48.40454864501953,0.0,48.63615036010742,48.17294692993164,48.40454864501953,0.0,244494
2018-04-03,32.00519943237305,47.94134521484375,0.0,48.40454864501953,47.94134521484375,48.40454864501953,0.0,873054
2018-04-04,32.00519943237305,47.94134521484375,0.0,48.40454864501953,47.709747314453125,48.17294692993164,0.0,866577
2018-04-05,31.8505859375,47.709747314453125,0.0,48.17294692993164,47.709747314453125,47.94134521484375,0.0,854487
2018-04-09,32.46903991699219,48.63615036010742,0.0,48.86774826049805,47.709747314453125,47.94134521484375,0.0,2446775
2018-04-10,32.31443405151367,48.40454864501953,0.0,48.63615036010742,48.17294692993164,48.63615036010742,0.0,2274928
2018-04-11,32.00519943237305,47.94134521484375,0.0,48.63615036010742,47.94134521484375,48.63615036010742,0.0,2983259
2018-04-12,32.31443405151367,48.40454864501953,0.0,48.40454864501953,47.94134521484375,47.94134521484375,0.0,744168
2018-04-17,32.31443405151367,48.40454864501953,0.0,48.40454864501953,48.17294692993164,48.40454864501953,0.0,1090238
2018-04-18,32.15980911254883,48.17294692993164,0.0,48.63615036010742,48.17294692993164,48.40454864501953,0.0,1329443
2018-04-19,32.31443405151367,48.40454864501953,0.0,48.40454864501953,48.17294692993164,48.40454864501953,0.0,1059798
2018-04-20,32.15980911254883,48.17294692993164,0.0,48.40454864501953,48.17294692993164,48.17294692993164,0.0,499674
2018-04-23,32.15980911254883,48.17294692993164,0.0,48.40454864501953,48.17294692993164,48.17294692993164,0.0,964267
2018-04-24,32.15980911254883,48.17294692993164,0.0,48.40454864501953,48.17294692993164,48.17294692993164,0.0,880394
2018-04-25,32.31443405151367,48.40454864501953,0.0,48.40454864501953,48.17294692993164,48.17294692993164,0.0,2896472
2018-04-26,32.15980911254883,48.17294692993164,0.0,48.40454864501953,48.17294692993164,48.40454864501953,0.0,679294
2018-04-27,32.31443405151367,48.40454864501953,0.0,48.40454864501953,48.17294692993164,48.17294692993164,0.0,413642
2018-04-30,32.31443405151367,48.40454864501953,0.0,48.40454864501953,48.17294692993164,48.17294692993164,0.0,1494490
2018-05-02,32.31443405151367,48.40454864501953,0.0,48.40454864501953,48.17294692993164,48.17294692993164,0.0,626617
2018-05-03,32.31443405151367,48.40454864501953,0.0,48.63615036010742,48.17294692993164,48.17294692993164,0.0,689656
2018-05-04,32.15980911254883,48.17294692993164,0.0,48.40454864501953,47.94134521484375,48.40454864501953,0.0,801379
2018-05-07,32.31443405151367,48.40454864501953,0.0,48.40454864501953,48.17294692993164,48.40454864501953,0.0,1049327
2018-05-08,32.31443405151367,48.40454864501953,0.0,48.40454864501953,48.17294692993164,48.40454864501953,0.0,1087000
2018-05-09,32.15980911254883,48.17294692993164,0.0,48.40454864501953,48.17294692993164,48.17294692993164,0.0,338621
2018-05-10,31.8505859375,47.709747314453125,0.0,48.40454864501953,47.709747314453125,48.17294692993164,0.0,1491575
2018-05-11,32.15980911254883,48.17294692993164,0.0,48.40454864501953,47.94134521484375,47.94134521484375,0.0,740390
2018-05-14,32.31443405151367,48.40454864501953,0.0,48.63615036010742,48.17294692993164,48.40454864501953,0.0,962000
2018-05-15,32.00519943237305,47.94134521484375,0.0,48.40454864501953,47.94134521484375,48.17294692993164,0.0,5537871
2018-05-16,32.31443405151367,48.40454864501953,0.0,48.40454864501953,47.94134521484375,47.94134521484375,0.0,812929
2018-05-17,32.31443405151367,48.40454864501953,0.0,48.40454864501953,48.17294692993164,48.40454864501953,0.0,690304
2018-05-18,32.15980911254883,48.17294692993164,0.0,48.40454864501953,47.94134521484375,48.40454864501953,0.0,1351355
2018-05-21,32.31443405151367,48.40454864501953,0.0,48.40454864501953,47.94134521484375,48.17294692993164,0.0,754315
2018-05-22,32.31443405151367,48.40454864501953,0.0,48.40454864501953,47.94134521484375,48.17294692993164,0.0,1251507
2018-05-23,32.31443405151367,48.40454864501953,0.0,48.63615036010742,48.17294692993164,48.40454864501953,0.0,1986932
2018-05-24,32.15980911254883,48.17294692993164,0.0,48.40454864501953,47.94134521484375,48.17294692993164,0.0,1974087
2018-05-25,32.31443405151367,48.40454864501953,0.0,48.40454864501953,48.17294692993164,48.40454864501953,0.0,189874
2018-05-28,32.31443405151367,48.40454864501953,0.0,48.40454864501953,48.17294692993164,48.17294692993164,0.0,761115
2018-05-30,32.31443405151367,48.40454864501953,0.0,48.40454864501953,48.17294692993164,48.17294692993164,0.0,1002587
2018-05-31,32.00519943237305,47.94134521484375,0.0,48.40454864501953,47.94134521484375,48.17294692993164,0.0,1753556
2018-06-01,32.46903991699219,48.63615036010742,0.0,48.63615036010742,47.94134521484375,47.94134521484375,0.0,917419
2018-06-04,32.15980911254883,48.17294692993164,0.0,48.40454864501953,47.94134521484375,48.40454864501953,0.0,943865
2018-06-05,32.15980911254883,48.17294692993164,0.0,48.40454864501953,47.94134521484375,48.17294692993164,0.0,697536
2018-06-06,32.15980911254883,48.17294692993164,0.0,48.40454864501953,47.94134521484375,48.17294692993164,0.0,991793
2018-06-07,32.15980911254883,48.17294692993164,0.0,48.40454864501953,48.17294692993164,48.17294692993164,0.0,579985
2018-06-08,32.15980911254883,48.17294692993164,0.0,48.40454864501953,47.94134521484375,48.17294692993164,0.0,824911
2018-06-11,32.15980911254883,48.17294692993164,0.0,48.40454864501953,47.94134521484375,48.17294692993164,0.0,879423
2018-06-12,32.00519943237305,47.94134521484375,0.0,48.40454864501953,47.94134521484375,48.17294692993164,0.0,3027300
2018-06-13,32.15980911254883,48.17294692993164,0.0,48.40454864501953,47.94134521484375,48.17294692993164,0.0,1830413
2018-06-14,31.8505859375,47.709747314453125,0.0,48.17294692993164,47.709747314453125,47.94134521484375,0.0,4080945
2018-06-15,32.15980911254883,48.17294692993164,0.0,48.17294692993164,47.709747314453125,47.94134521484375,0.0,1874238
2018-06-18,31.8505859375,47.709747314453125,0.0,48.17294692993164,47.709747314453125,48.17294692993164,0.0,1097038
2018-06-19,32.00519943237305,47.94134521484375,0.0,47.94134521484375,47.478145599365234,47.709747314453125,0.0,1958003
2018-06-20,32.00519943237305,47.94134521484375,0.0,47.94134521484375,47.478145599365234,47.709747314453125,0.0,1294901
2018-06-21,31.695968627929688,47.478145599365234,0.0,47.709747314453125,47.246543884277344,47.709747314453125,0.0,2811951
2018-06-22,31.541362762451172,47.246543884277344,0.0,47.709747314453125,47.246543884277344,47.478145599365234,0.0,3897980
2018-06-25,32.00519943237305,47.94134521484375,0.0,48.40454864501953,47.246543884277344,47.246543884277344,0.0,4042949
2018-06-26,32.00519943237305,47.94134521484375,0.0,47.94134521484375,47.478145599365234,47.94134521484375,0.0,961568
2018-06-27,32.15980911254883,48.17294692993164,0.0,48.17294692993164,47.478145599365234,47.709747314453125,0.0,1954333
2018-06-28,31.8505859375,47.709747314453125,0.0,47.94134521484375,47.246543884277344,47.94134521484375,0.0,2175403
2018-06-29,31.695968627929688,47.478145599365234,0.0,48.40454864501953,47.246543884277344,47.478145599365234,0.0,7790131
2018-07-02,32.31443405151367,48.40454864501953,0.0,48.40454864501953,47.478145599365234,47.478145599365234,0.0,3396794
2018-07-03,32.15980911254883,48.17294692993164,0.0,48.17294692993164,47.709747314453125,48.17294692993164,0.0,2088076
2018-07-04,31.8505859375,47.709747314453125,0.0,48.17294692993164,47.709747314453125,47.94134521484375,0.0,2694724
2018-07-05,32.00519943237305,47.94134521484375,0.0,47.94134521484375,47.478145599365234,47.709747314453125,0.0,1196455
2018-07-06,32.15980911254883,48.17294692993164,0.0,48.17294692993164,47.709747314453125,47.94134521484375,0.0,1111611
2018-07-09,32.15980911254883,48.17294692993164,0.0,48.17294692993164,47.709747314453125,47.94134521484375,0.0,1348441
2018-07-10,32.00519943237305,47.94134521484375,0.0,48.17294692993164,47.709747314453125,47.94134521484375,0.0,1117548
2018-07-11,32.00519943237305,47.94134521484375,0.0,48.17294692993164,47.709747314453125,47.94134521484375,0.0,2282700
2018-07-12,32.15980911254883,48.17294692993164,0.0,48.17294692993164,47.94134521484375,47.94134521484375,0.0,647450
2018-07-13,32.15980911254883,48.17294692993164,0.0,48.17294692993164,47.478145599365234,47.709747314453125,0.0,1845741
2018-07-16,32.15980911254883,48.17294692993164,0.0,48.17294692993164,47.709747314453125,47.709747314453125,0.0,2548891
2018-07-17,32.00519943237305,47.94134521484375,0.0,48.17294692993164,47.709747314453125,47.94134521484375,0.0,2319941
2018-07-18,32.15980911254883,48.17294692993164,0.0,48.17294692993164,47.709747314453125,47.709747314453125,0.0,1175406
2018-07-19,32.00519943237305,47.94134521484375,0.0,48.40454864501953,47.709747314453125,47.94134521484375,0.0,3453357
2018-07-20,32.15980911254883,48.17294692993164,0.0,48.63615036010742,47.94134521484375,47.94134521484375,0.0,3331272
2018-07-23,32.15980911254883,48.17294692993164,0.0,48.40454864501953,47.94134521484375,48.40454864501953,0.0,1525902
2018-07-24,31.695968627929688,47.478145599365234,0.0,48.40454864501953,47.246543884277344,47.94134521484375,0.0,5131460
2018-07-25,31.8505859375,47.709747314453125,0.0,47.709747314453125,46.55174255371094,47.01494216918945,0.0,6289920
2018-07-26,31.8505859375,47.709747314453125,0.0,47.709747314453125,46.78334426879883,47.478145599365234,0.0,7801573
2018-07-31,31.8505859375,47.709747314453125,0.0,47.709747314453125,47.01494216918945,47.478145599365234,0.0,4113976
2018-08-01,31.8505859375,47.709747314453125,0.0,47.94134521484375,47.246543884277344,47.94134521484375,0.0,3806767
2018-08-02,31.8505859375,47.709747314453125,0.0,47.94134521484375,47.709747314453125,47.709747314453125,0.0,643240
2018-08-03,32.00519943237305,47.94134521484375,0.0,48.17294692993164,47.478145599365234,47.709747314453125,0.0,1744165
2018-08-06,32.31443405151367,48.40454864501953,0.0,48.63615036010742,47.94134521484375,47.94134521484375,0.0,2287341
2018-08-07,32.31443405151367,48.40454864501953,0.0,48.40454864501953,48.17294692993164,48.17294692993164,0.0,740282
2018-08-08,32.31443405151367,48.40454864501953,0.0,48.40454864501953,48.17294692993164,48.40454864501953,0.0,736180
2018-08-09,32.31443405151367,48.40454864501953,0.0,48.63615036010742,48.17294692993164,48.17294692993164,0.0,1141188
2018-08-10,32.31443405151367,48.40454864501953,0.0,48.63615036010742,48.17294692993164,48.40454864501953,0.0,1012734
2018-08-14,32.31443405151367,48.40454864501953,0.0,48.40454864501953,48.17294692993164,48.40454864501953,0.0,1513812
2018-08-15,32.15980911254883,48.17294692993164,0.0,48.40454864501953,48.17294692993164,48.17294692993164,0.0,364960
2018-08-16,32.15980911254883,48.17294692993164,0.0,48.40454864501953,47.94134521484375,48.40454864501953,0.0,611505
2018-08-17,32.15980911254883,48.17294692993164,0.0,48.17294692993164,47.94134521484375,48.17294692993164,0.0,613448
2018-08-20,32.31443405151367,48.40454864501953,0.0,48.40454864501953,47.94134521484375,48.17294692993164,0.0,563577
2018-08-21,32.15980911254883,48.17294692993164,0.0,48.40454864501953,47.94134521484375,48.40454864501953,0.0,710813
2018-08-22,32.15980911254883,48.17294692993164,0.0,48.40454864501953,48.17294692993164,48.40454864501953,0.0,379748
2018-08-23,32.15980911254883,48.17294692993164,0.0,48.63615036010742,48.17294692993164,48.63615036010742,0.0,803861
2018-08-24,32.31443405151367,48.40454864501953,0.0,48.40454864501953,48.17294692993164,48.17294692993164,0.0,331065
2018-08-27,32.46903991699219,48.63615036010742,0.0,48.63615036010742,48.17294692993164,48.17294692993164,0.0,1242979
2018-08-28,32.31443405151367,48.40454864501953,0.0,48.63615036010742,48.17294692993164,48.63615036010742,0.0,2089263
2018-08-29,32.31443405151367,48.40454864501953,0.0,48.63615036010742,48.17294692993164,48.40454864501953,0.0,1345526
2018-08-30,32.31443405151367,48.40454864501953,0.0,48.40454864501953,48.17294692993164,48.40454864501953,0.0,2193969
2018-08-31,32.31443405151367,48.40454864501953,0.0,48.63615036010742,47.94134521484375,48.17294692993164,0.0,2982503
2018-09-03,32.31443405151367,48.40454864501953,0.0,48.63615036010742,48.17294692993164,48.40454864501953,0.0,2131578
2018-09-04,32.31443405151367,48.40454864501953,0.0,48.63615036010742,48.17294692993164,48.40454864501953,0.0,949155
2018-09-05,32.251190185546875,47.246543884277344,1.065363,47.709747314453125,47.01494216918945,47.478145599365234,0.0,2854805
2018-09-06,32.251190185546875,47.246543884277344,0.0,47.246543884277344,47.01494216918945,47.246543884277344,0.0,821348
2018-09-07,32.09309387207031,47.01494216918945,0.0,47.246543884277344,46.78334426879883,47.01494216918945,0.0,1778923
2018-09-10,32.09309387207031,47.01494216918945,0.0,47.246543884277344,46.78334426879883,47.01494216918945,0.0,1714049
2018-09-11,31.934999465942383,46.78334426879883,0.0,47.246543884277344,46.78334426879883,47.246543884277344,0.0,1001184
2018-09-12,31.776912689208984,46.55174255371094,0.0,47.01494216918945,46.32014083862305,46.78334426879883,0.0,2777517
2018-09-13,32.251190185546875,47.246543884277344,0.0,47.709747314453125,46.55174255371094,46.55174255371094,0.0,3070262
2018-09-14,32.40928649902344,47.478145599365234,0.0,47.94134521484375,47.246543884277344,47.246543884277344,0.0,1759925
2018-09-17,32.40928649902344,47.478145599365234,0.0,47.709747314453125,47.478145599365234,47.709747314453125,0.0,992764
2018-09-18,32.72547149658203,47.94134521484375,0.0,48.17294692993164,47.478145599365234,47.478145599365234,0.0,1022881
2018-09-19,32.56737518310547,47.709747314453125,0.0,48.17294692993164,47.709747314453125,47.94134521484375,0.0,1091317
2018-09-20,32.56737518310547,47.709747314453125,0.0,48.17294692993164,47.478145599365234,47.709747314453125,0.0,1602758
2018-09-21,32.72547149658203,47.94134521484375,0.0,47.94134521484375,47.246543884277344,47.709747314453125,0.0,2622617
2018-09-24,32.40928649902344,47.478145599365234,0.0,47.94134521484375,47.478145599365234,47.94134521484375,0.0,1626398
2018-09-25,32.56737518310547,47.709747314453125,0.0,48.17294692993164,47.478145599365234,47.478145599365234,0.0,1200881
2018-09-26,32.72547149658203,47.94134521484375,0.0,48.17294692993164,47.709747314453125,47.709747314453125,0.0,568219
2018-09-27,32.883567810058594,48.17294692993164,0.0,48.17294692993164,47.709747314453125,47.94134521484375,0.0,1774929
2018-09-28,32.72547149658203,47.94134521484375,0.0,48.17294692993164,47.478145599365234,47.94134521484375,0.0,1761328
2018-10-01,32.40928649902344,47.478145599365234,0.0,47.94134521484375,47.478145599365234,47.94134521484375,0.0,1515539
2018-10-02,32.251190185546875,47.246543884277344,0.0,47.709747314453125,47.246543884277344,47.478145599365234,0.0,1217181
2018-10-03,32.40928649902344,47.478145599365234,0.0,47.478145599365234,47.246543884277344,47.478145599365234,0.0,364204
2018-10-04,32.251190185546875,47.246543884277344,0.0,47.478145599365234,47.01494216918945,47.246543884277344,0.0,1393346
2018-10-05,32.251190185546875,47.246543884277344,0.0,47.478145599365234,47.01494216918945,47.478145599365234,0.0,502049
2018-10-08,31.934999465942383,46.78334426879883,0.0,47.246543884277344,46.55174255371094,47.01494216918945,0.0,2081815
2018-10-09,31.934999465942383,46.78334426879883,0.0,46.78334426879883,46.55174255371094,46.55174255371094,0.0,1006797
2018-10-10,31.934999465942383,46.78334426879883,0.0,46.78334426879883,46.55174255371094,46.78334426879883,0.0,653495
2018-10-11,31.776912689208984,46.55174255371094,0.0,46.55174255371094,46.088539123535156,46.55174255371094,0.0,3710049
2018-10-12,31.776912689208984,46.55174255371094,0.0,46.55174255371094,46.088539123535156,46.32014083862305,0.0,1226032
2018-10-16,31.618806838989258,46.32014083862305,0.0,46.32014083862305,45.62533950805664,46.32014083862305,0.0,4369049
2018-10-17,31.302621841430664,45.85694122314453,0.0,46.32014083862305,45.85694122314453,46.088539123535156,0.0,1224089
2018-10-18,31.302621841430664,45.85694122314453,0.0,46.088539123535156,45.39373779296875,45.85694122314453,0.0,2263162
2018-10-19,31.46072006225586,46.088539123535156,0.0,46.088539123535156,45.62533950805664,45.85694122314453,0.0,2028275
2018-10-22,31.14453125,45.62533950805664,0.0,46.088539123535156,45.62533950805664,45.85694122314453,0.0,1093368
2018-10-24,30.67025375366211,44.930538177490234,0.0,45.85694122314453,44.698936462402344,45.62533950805664,0.0,4154564
2018-10-25,31.302621841430664,45.85694122314453,0.0,45.85694122314453,44.46733474731445,44.698936462402344,0.0,2018128
2018-10-26,30.986434936523438,45.39373779296875,0.0,45.85694122314453,45.39373779296875,45.62533950805664,0.0,804509
2018-10-29,30.986434936523438,45.39373779296875,0.0,45.39373779296875,44.930538177490234,45.39373779296875,0.0,1385898
2018-10-30,30.67025375366211,44.930538177490234,0.0,45.39373779296875,44.930538177490234,45.39373779296875,0.0,1175838
2018-10-31,30.986434936523438,45.39373779296875,0.0,45.39373779296875,44.930538177490234,45.162139892578125,0.0,545874
2018-11-01,31.302621841430664,45.85694122314453,0.0,46.088539123535156,45.162139892578125,45.162139892578125,0.0,1221930
2018-11-02,31.46072006225586,46.088539123535156,0.0,46.32014083862305,45.85694122314453,46.088539123535156,0.0,1218692
2018-11-05,31.46072006225586,46.088539123535156,0.0,46.088539123535156,45.62533950805664,45.62533950805664,0.0,800623
2018-11-06,31.302621841430664,45.85694122314453,0.0,46.088539123535156,45.85694122314453,45.85694122314453,0.0,223660
2018-11-07,31.46072006225586,46.088539123535156,0.0,46.088539123535156,45.39373779296875,45.85694122314453,0.0,1561631
2018-11-08,31.46072006225586,46.088539123535156,0.0,46.32014083862305,45.85694122314453,46.32014083862305,0.0,612476
2018-11-09,31.46072006225586,46.088539123535156,0.0,46.32014083862305,45.85694122314453,46.088539123535156,0.0,1045657
2018-11-12,31.302621841430664,45.85694122314453,0.0,46.088539123535156,45.85694122314453,46.088539123535156,0.0,250862
2018-11-13,31.46072006225586,46.088539123535156,0.0,46.55174255371094,45.62533950805664,46.088539123535156,0.0,1274715
2018-11-14,31.302621841430664,45.85694122314453,0.0,46.088539123535156,45.62533950805664,45.62533950805664,0.0,768887
2018-11-15,31.302621841430664,45.85694122314453,0.0,46.088539123535156,45.39373779296875,45.85694122314453,0.0,1104163
2018-11-16,30.828350067138672,45.162139892578125,0.0,45.85694122314453,45.162139892578125,45.62533950805664,0.0,1709623
2018-11-19,31.14453125,45.62533950805664,0.0,45.62533950805664,44.930538177490234,45.39373779296875,0.0,986935
2018-11-20,30.828350067138672,45.162139892578125,0.0,45.39373779296875,44.930538177490234,45.39373779296875,0.0,1117332
2018-11-21,30.67025375366211,44.930538177490234,0.0,45.162139892578125,44.698936462402344,45.162139892578125,0.0,1357400
2018-11-22,30.35405921936035,44.46733474731445,0.0,45.162139892578125,44.46733474731445,44.698936462402344,0.0,1197751
2018-11-23,30.67025375366211,44.930538177490234,0.0,44.930538177490234,44.46733474731445,44.698936462402344,0.0,764570
2018-11-26,30.986434936523438,45.39373779296875,0.0,45.39373779296875,44.698936462402344,44.930538177490234,0.0,950234
2018-11-27,30.67025375366211,44.930538177490234,0.0,45.39373779296875,44.930538177490234,45.162139892578125,0.0,1117332
2018-11-28,31.14453125,45.62533950805664,0.0,45.62533950805664,45.162139892578125,45.162139892578125,0.0,850817
2018-11-29,31.302621841430664,45.85694122314453,0.0,46.088539123535156,45.85694122314453,45.85694122314453,0.0,914073
2018-11-30,31.46072006225586,46.088539123535156,0.0,46.088539123535156,45.85694122314453,45.85694122314453,0.0,484778
2018-12-03,31.46072006225586,46.088539123535156,0.0,46.55174255371094,46.088539123535156,46.32014083862305,0.0,685770
2018-12-04,31.776912689208984,46.55174255371094,0.0,46.55174255371094,46.32014083862305,46.32014083862305,0.0,429834
2018-12-06,31.14453125,45.62533950805664,0.0,46.32014083862305,45.62533950805664,45.85694122314453,0.0,587325
2018-12-07,31.776912689208984,46.55174255371094,0.0,46.55174255371094,45.62533950805664,45.85694122314453,0.0,874349
2018-12-11,31.46072006225586,46.088539123535156,0.0,46.55174255371094,45.62533950805664,45.85694122314453,0.0,2273524
2018-12-12,31.46072006225586,46.088539123535156,0.0,46.32014083862305,45.85694122314453,46.088539123535156,0.0,759820
2018-12-13,31.302621841430664,45.85694122314453,0.0,46.32014083862305,45.62533950805664,46.088539123535156,0.0,974845
2018-12-14,30.986434936523438,45.39373779296875,0.0,45.85694122314453,45.39373779296875,45.62533950805664,0.0,535620
2018-12-17,30.986434936523438,45.39373779296875,0.0,45.62533950805664,45.162139892578125,45.39373779296875,0.0,637087
2018-12-18,30.828350067138672,45.162139892578125,0.0,45.39373779296875,44.698936462402344,45.39373779296875,0.0,1436308
2018-12-19,30.67025375366211,44.930538177490234,0.0,45.162139892578125,44.46733474731445,44.698936462402344,0.0,609777
2018-12-20,30.986434936523438,45.39373779296875,0.0,45.85694122314453,44.698936462402344,44.698936462402344,0.0,1440518
2018-12-21,31.14453125,45.62533950805664,0.0,45.85694122314453,45.162139892578125,45.162139892578125,0.0,1320591
2018-12-24,30.828350067138672,45.162139892578125,0.0,45.39373779296875,45.162139892578125,45.162139892578125,0.0,587973
2018-12-25,30.828350067138672,45.162139892578125,0.0,45.162139892578125,44.46733474731445,44.698936462402344,0.0,1079767
2018-12-26,30.67025375366211,44.930538177490234,0.0,44.930538177490234,44.46733474731445,44.698936462402344,0.0,785835
2018-12-27,30.986434936523438,45.39373779296875,0.0,45.85694122314453,44.930538177490234,45.162139892578125,0.0,2342393
2018-12-28,32.09309387207031,47.01494216918945,0.0,47.01494216918945,45.162139892578125,45.162139892578125,0.0,2352108
2019-01-02,32.09309387207031,47.01494216918945,0.0,47.01494216918945,46.32014083862305,46.78334426879883,0.0,985316
2019-01-03,32.09309387207031,47.01494216918945,0.0,47.246543884277344,46.78334426879883,47.01494216918945,0.0,1261762
2019-01-04,32.40928649902344,47.478145599365234,0.0,47.478145599365234,46.78334426879883,47.01494216918945,0.0,1563790
2019-01-07,32.72547149658203,47.94134521484375,0.0,47.94134521484375,47.246543884277344,47.246543884277344,0.0,969880
2019-01-08,32.72547149658203,47.94134521484375,0.0,47.94134521484375,47.478145599365234,47.709747314453125,0.0,1657378
2019-01-09,32.40928649902344,47.478145599365234,0.0,47.709747314453125,47.478145599365234,47.709747314453125,0.0,847795
2019-01-10,32.56737518310547,47.709747314453125,0.0,47.709747314453125,47.01494216918945,47.478145599365234,0.0,1132120
2019-01-11,32.72547149658203,47.94134521484375,0.0,48.40454864501953,47.709747314453125,47.94134521484375,0.0,4424317
2019-01-14,33.19976043701172,48.63615036010742,0.0,48.63615036010742,47.94134521484375,47.94134521484375,0.0,1234560
2019-01-15,33.357845306396484,48.86774826049805,0.0,49.33095169067383,48.40454864501953,48.63615036010742,0.0,3089584
2019-01-16,32.883567810058594,48.17294692993164,0.0,48.86774826049805,47.94134521484375,48.63615036010742,0.0,1548570
2019-01-17,33.19976043701172,48.63615036010742,0.0,48.63615036010742,47.94134521484375,48.17294692993164,0.0,1148852
2019-01-18,33.19976043701172,48.63615036010742,0.0,48.86774826049805,48.40454864501953,48.86774826049805,0.0,956063
2019-01-21,33.19976043701172,48.63615036010742,0.0,48.63615036010742,48.17294692993164,48.40454864501953,0.0,655438
2019-01-22,33.357845306396484,48.86774826049805,0.0,48.86774826049805,48.40454864501953,48.63615036010742,0.0,828689
2019-01-23,33.51594924926758,49.09934997558594,0.0,49.09934997558594,48.86774826049805,49.09934997558594,0.0,1750534
2019-01-24,34.30641555786133,50.257354736328125,0.0,50.488956451416016,49.09934997558594,49.09934997558594,0.0,7940174
2019-01-25,34.938785552978516,51.18375778198242,0.0,51.18375778198242,50.257354736328125,50.488956451416016,0.0,6975475
2019-01-28,35.254974365234375,51.64695739746094,0.0,51.64695739746094,50.72055435180664,50.72055435180664,0.0,3780320
2019-01-29,34.780696868896484,50.95215606689453,0.0,51.18375778198242,50.025753021240234,51.18375778198242,0.0,6955721
2019-01-30,34.780696868896484,50.95215606689453,0.0,50.95215606689453,50.257354736328125,50.488956451416016,0.0,1324046
2019-01-31,35.096885681152344,51.41535949707031,0.0,51.41535949707031,50.72055435180664,50.95215606689453,0.0,5246205
2019-02-01,35.254974365234375,51.64695739746094,0.0,51.64695739746094,51.18375778198242,51.41535949707031,0.0,3117434
2019-02-04,34.938785552978516,51.18375778198242,0.0,51.64695739746094,50.95215606689453,51.18375778198242,0.0,2407483
2019-02-05,34.780696868896484,50.95215606689453,0.0,51.18375778198242,50.488956451416016,51.18375778198242,0.0,827285
2019-02-06,34.938785552978516,51.18375778198242,0.0,51.18375778198242,50.72055435180664,50.95215606689453,0.0,1791445
2019-02-07,34.938785552978516,51.18375778198242,0.0,51.41535949707031,50.95215606689453,51.18375778198242,0.0,3244808
2019-02-08,34.938785552978516,51.18375778198242,0.0,51.18375778198242,50.72055435180664,51.18375778198242,0.0,2427453
2019-02-11,34.780696868896484,50.95215606689453,0.0,51.41535949707031,50.95215606689453,50.95215606689453,0.0,2224086
2019-02-12,34.938785552978516,51.18375778198242,0.0,51.18375778198242,50.72055435180664,50.95215606689453,0.0,1926375
2019-02-13,35.096885681152344,51.41535949707031,0.0,51.41535949707031,50.95215606689453,51.18375778198242,0.0,1933176
2019-02-14,35.254974365234375,51.64695739746094,0.0,51.64695739746094,51.18375778198242,51.18375778198242,0.0,2409426
2019-02-15,35.096885681152344,51.41535949707031,0.0,51.64695739746094,51.18375778198242,51.64695739746094,0.0,1556126
2019-02-18,35.096885681152344,51.41535949707031,0.0,51.41535949707031,50.95215606689453,51.41535949707031,0.0,1001939
2019-02-20,34.62260055541992,50.72055435180664,0.0,51.18375778198242,50.488956451416016,50.95215606689453,0.0,2975379
2019-02-21,34.46451187133789,50.488956451416016,0.0,50.488956451416016,49.33095169067383,50.488956451416016,0.0,3257114
2019-02-22,34.46451187133789,50.488956451416016,0.0,50.72055435180664,50.257354736328125,50.488956451416016,0.0,1932636
2019-02-25,34.46451187133789,50.488956451416016,0.0,50.72055435180664,50.488956451416016,50.488956451416016,0.0,2373373
2019-02-26,34.46451187133789,50.488956451416016,0.0,50.95215606689453,50.488956451416016,50.488956451416016,0.0,3348759
2019-02-27,34.46451187133789,50.488956451416016,0.0,50.72055435180664,50.257354736328125,50.488956451416016,0.0,3577061
2019-02-28,34.30641555786133,50.257354736328125,0.0,50.488956451416016,50.025753021240234,50.488956451416016,0.0,2813570
2019-03-01,34.780696868896484,50.95215606689453,0.0,51.41535949707031,50.025753021240234,50.257354736328125,0.0,4845732
2019-03-04,35.10424041748047,50.257354736328125,1.158004,50.72055435180664,50.025753021240234,50.488956451416016,0.0,6211876
2019-03-05,34.94246292114258,50.025753021240234,0.0,50.488956451416016,50.025753021240234,50.257354736328125,0.0,2443105
2019-03-06,34.94246292114258,50.025753021240234,0.0,50.488956451416016,49.794151306152344,50.025753021240234,0.0,3079329
2019-03-07,35.10424041748047,50.257354736328125,0.0,50.72055435180664,49.794151306152344,50.025753021240234,0.0,6146785
2019-03-08,35.58955383300781,50.95215606689453,0.0,50.95215606689453,50.257354736328125,50.257354736328125,0.0,2649279
2019-03-11,35.42777633666992,50.72055435180664,0.0,51.18375778198242,50.488956451416016,50.72055435180664,0.0,3537661
2019-03-12,35.751319885253906,51.18375778198242,0.0,51.41535949707031,50.488956451416016,50.95215606689453,0.0,5125200
2019-03-13,36.074859619140625,51.64695739746094,0.0,52.34176254272461,51.18375778198242,51.18375778198242,0.0,13699871
2019-03-14,35.9130859375,51.41535949707031,0.0,51.87855911254883,51.41535949707031,51.87855911254883,0.0,2389349
2019-03-15,36.23663330078125,51.87855911254883,0.0,51.87855911254883,51.41535949707031,51.64695739746094,0.0,8595396
2019-03-18,35.9130859375,51.41535949707031,0.0,51.64695739746094,50.488956451416016,51.64695739746094,0.0,4036149
2019-03-19,35.9130859375,51.41535949707031,0.0,51.87855911254883,50.95215606689453,50.95215606689453,0.0,1746864
2019-03-20,35.751319885253906,51.18375778198242,0.0,51.87855911254883,51.18375778198242,51.18375778198242,0.0,4727532
2019-03-21,35.751319885253906,51.18375778198242,0.0,51.64695739746094,51.18375778198242,51.41535949707031,0.0,3515533
2019-03-22,36.398406982421875,52.11016082763672,0.0,52.11016082763672,51.18375778198242,51.18375778198242,0.0,5761964
2019-03-25,37.04549026489258,53.036563873291016,0.0,53.96296691894531,51.64695739746094,51.64695739746094,0.0,6070469
2019-03-26,37.207252502441406,53.26816177368164,0.0,53.73136520385742,52.573360443115234,52.804962158203125,0.0,4360629
2019-03-27,37.53078842163086,53.73136520385742,0.0,54.19456481933594,52.804962158203125,53.26816177368164,0.0,5555250
2019-03-28,37.53078842163086,53.73136520385742,0.0,53.96296691894531,53.26816177368164,53.26816177368164,0.0,5526969
2019-03-29,37.854339599609375,54.19456481933594,0.0,54.65776824951172,53.73136520385742,53.73136520385742,0.0,4859872
2019-04-01,38.33964920043945,54.889366149902344,0.0,55.120967864990234,54.19456481933594,54.42616653442383,0.0,8297901
2019-04-02,39.14850997924805,56.04737091064453,0.0,56.51057434082031,54.889366149902344,55.120967864990234,0.0,11586104
2019-04-03,38.66320037841797,55.352569580078125,0.0,56.51057434082031,55.120967864990234,56.04737091064453,0.0,7865908
2019-04-04,39.31027603149414,56.27897262573242,0.0,56.27897262573242,55.120967864990234,55.352569580078125,0.0,7484972
2019-04-05,39.14850997924805,56.04737091064453,0.0,56.51057434082031,55.81576919555664,56.27897262573242,0.0,3954651
2019-04-09,39.31027603149414,56.27897262573242,0.0,56.74217224121094,55.81576919555664,56.04737091064453,0.0,4643444
2019-04-10,39.795589447021484,56.97377395629883,0.0,57.20537567138672,56.27897262573242,56.51057434082031,0.0,6263365
2019-04-11,38.8249626159668,55.584171295166016,0.0,56.97377395629883,54.889366149902344,56.97377395629883,0.0,6968890
2019-04-12,39.14850997924805,56.04737091064453,0.0,56.51057434082031,55.584171295166016,55.81576919555664,0.0,5222134
2019-04-17,39.795589447021484,56.97377395629883,0.0,56.97377395629883,55.81576919555664,55.81576919555664,0.0,5790245
2019-04-18,40.11912536621094,57.43697738647461,0.0,57.668575286865234,56.51057434082031,56.97377395629883,0.0,7197732
2019-04-19,40.11912536621094,57.43697738647461,0.0,57.668575286865234,56.97377395629883,57.20537567138672,0.0,3103725
2019-04-22,39.95735549926758,57.20537567138672,0.0,57.668575286865234,56.97377395629883,57.43697738647461,0.0,2648199
2019-04-23,39.795589447021484,56.97377395629883,0.0,57.43697738647461,56.74217224121094,57.20537567138672,0.0,1722468
2019-04-24,39.63381576538086,56.74217224121094,0.0,57.20537567138672,56.51057434082031,56.74217224121094,0.0,1793927
2019-04-25,39.63381576538086,56.74217224121094,0.0,57.20537567138672,56.27897262573242,56.51057434082031,0.0,2854805
2019-04-26,39.795589447021484,56.97377395629883,0.0,57.20537567138672,56.51057434082031,56.97377395629883,0.0,3192779
2019-04-29,40.11912536621094,57.43697738647461,0.0,57.668575286865234,56.51057434082031,56.74217224121094,0.0,3600701
2019-04-30,40.28090286254883,57.668575286865234,0.0,58.131778717041016,56.97377395629883,56.97377395629883,0.0,5833099
2019-05-02,40.28090286254883,57.668575286865234,0.0,58.131778717041016,57.20537567138672,57.668575286865234,0.0,3851456
2019-05-03,41.89860534667969,59.98458480834961,0.0,60.2161865234375,57.668575286865234,57.668575286865234,0.0,10842799
2019-05-07,41.57506561279297,59.52138137817383,0.0,59.98458480834961,59.05818176269531,59.2897834777832,0.0,4887182
2019-05-08,41.413299560546875,59.2897834777832,0.0,59.52138137817383,58.59497833251953,59.05818176269531,0.0,3631033
2019-05-09,40.766212463378906,58.363380432128906,0.0,59.2897834777832,57.900177001953125,59.05818176269531,0.0,4955187
2019-05-10,40.44267272949219,57.900177001953125,0.0,58.82658004760742,57.668575286865234,58.363380432128906,0.0,8682615
2019-05-13,40.44267272949219,57.900177001953125,0.0,59.2897834777832,57.668575286865234,58.131778717041016,0.0,10443080
2019-05-14,40.766212463378906,58.363380432128906,0.0,59.05818176269531,57.900177001953125,57.900177001953125,0.0,13757513
2019-05-15,40.766212463378906,58.363380432128906,0.0,59.2897834777832,58.131778717041016,58.363380432128906,0.0,9233887
2019-05-16,39.63381576538086,56.74217224121094,0.0,58.82658004760742,56.27897262573242,58.131778717041016,0.0,13499202
2019-05-17,39.95735549926758,57.20537567138672,0.0,57.900177001953125,56.74217224121094,56.74217224121094,0.0,7868067
2019-05-21,39.4720458984375,56.51057434082031,0.0,57.900177001953125,55.584171295166016,57.20537567138672,0.0,10336108
2019-05-22,40.28090286254883,57.668575286865234,0.0,57.668575286865234,56.27897262573242,56.51057434082031,0.0,9620868
2019-05-23,40.11912536621094,57.43697738647461,0.0,58.82658004760742,56.74217224121094,57.43697738647461,0.0,10769396
2019-05-24,39.95735549926758,57.20537567138672,0.0,57.668575286865234,56.74217224121094,57.20537567138672,0.0,12269392
2019-05-27,39.63381576538086,56.74217224121094,0.0,58.131778717041016,56.74217224121094,57.43697738647461,0.0,10455278
2019-05-28,39.4720458984375,56.51057434082031,0.0,57.20537567138672,54.889366149902344,56.97377395629883,0.0,79020913
2019-05-29,38.986732482910156,55.81576919555664,0.0,56.74217224121094,55.81576919555664,56.51057434082031,0.0,8435638
2019-05-30,39.795589447021484,56.97377395629883,0.0,57.43697738647461,55.81576919555664,56.04737091064453,0.0,5415570
2019-05-31,39.795589447021484,56.97377395629883,0.0,57.668575286865234,56.51057434082031,56.74217224121094,0.0,7644298
2019-06-04,40.44267272949219,57.900177001953125,0.0,58.131778717041016,56.97377395629883,57.43697738647461,0.0,10484099
2019-06-05,41.089759826660156,58.82658004760742,0.0,58.82658004760742,57.900177001953125,58.363380432128906,0.0,6411681
2019-06-06,40.927974700927734,58.59497833251953,0.0,59.2897834777832,58.363380432128906,58.59497833251953,0.0,7485296
2019-06-07,40.766212463378906,58.363380432128906,0.0,58.82658004760742,57.668575286865234,58.59497833251953,0.0,4618832
2019-06-10,41.089759826660156,58.82658004760742,0.0,59.05818176269531,57.900177001953125,58.363380432128906,0.0,5894088
2019-06-11,41.736839294433594,59.75298309326172,0.0,60.2161865234375,58.59497833251953,58.82658004760742,0.0,10363633
2019-06-12,42.22214889526367,60.447784423828125,0.0,60.447784423828125,59.2897834777832,59.52138137817383,0.0,8735616
2019-06-13,41.57506561279297,59.52138137817383,0.0,60.447784423828125,59.2897834777832,60.447784423828125,0.0,9747379
2019-06-14,41.413299560546875,59.2897834777832,0.0,59.52138137817383,58.59497833251953,59.2897834777832,0.0,4740162
2019-06-17,41.413299560546875,59.2897834777832,0.0,59.52138137817383,58.82658004760742,59.05818176269531,0.0,2118300
2019-06-18,41.57506561279297,59.52138137817383,0.0,59.98458480834961,58.82658004760742,59.05818176269531,0.0,7125841
2019-06-19,41.413299560546875,59.2897834777832,0.0,59.98458480834961,59.2897834777832,59.75298309326172,0.0,7043048
2019-06-20,41.089759826660156,58.82658004760742,0.0,59.75298309326172,58.82658004760742,59.2897834777832,0.0,6229255
2019-06-21,41.089759826660156,58.82658004760742,0.0,59.52138137817383,58.59497833251953,59.05818176269531,0.0,8975360
2019-06-24,41.413299560546875,59.2897834777832,0.0,59.75298309326172,58.82658004760742,59.05818176269531,0.0,7407144
2019-06-25,41.251522064208984,59.05818176269531,0.0,59.52138137817383,58.82658004760742,59.2897834777832,0.0,4577166
2019-06-26,43.031002044677734,61.60578918457031,0.0,62.068992614746094,59.05818176269531,59.05818176269531,0.0,16323568
2019-06-27,43.35454177856445,62.068992614746094,0.0,62.7637939453125,61.37418746948242,61.60578918457031,0.0,10754932
2019-06-28,43.192771911621094,61.8373908996582,0.0,62.995391845703125,61.60578918457031,62.068992614746094,0.0,9203015
2019-07-01,43.031002044677734,61.60578918457031,0.0,62.53219223022461,61.60578918457031,62.068992614746094,0.0,5605120
2019-07-02,42.545684814453125,60.910987854003906,0.0,62.068992614746094,60.910987854003906,61.60578918457031,0.0,7005915
2019-07-03,42.707454681396484,61.1425895690918,0.0,61.60578918457031,60.447784423828125,60.679386138916016,0.0,7206476
2019-07-04,41.57506561279297,59.52138137817383,0.0,61.37418746948242,59.05818176269531,61.1425895690918,0.0,13569150
2019-07-05,41.736839294433594,59.75298309326172,0.0,59.98458480834961,59.05818176269531,59.98458480834961,0.0,6887068
2019-07-08,41.89860534667969,59.98458480834961,0.0,60.447784423828125,59.05818176269531,59.52138137817383,0.0,7387175
2019-07-09,42.22214889526367,60.447784423828125,0.0,60.910987854003906,59.98458480834961,59.98458480834961,0.0,6709500
2019-07-10,43.51631546020508,62.30059051513672,0.0,62.53219223022461,60.2161865234375,60.679386138916016,0.0,14034499
2019-07-11,43.51631546020508,62.30059051513672,0.0,62.7637939453125,61.60578918457031,62.068992614746094,0.0,7002353
2019-07-12,42.707454681396484,61.1425895690918,0.0,62.30059051513672,60.2161865234375,62.30059051513672,0.0,9523070
2019-07-15,43.031002044677734,61.60578918457031,0.0,62.30059051513672,61.1425895690918,61.37418746948242,0.0,5971592
2019-07-17,42.22214889526367,60.447784423828125,0.0,61.37418746948242,59.98458480834961,61.1425895690918,0.0,8283329
2019-07-18,42.707454681396484,61.1425895690918,0.0,61.37418746948242,60.2161865234375,60.447784423828125,0.0,6729361
2019-07-19,42.545684814453125,60.910987854003906,0.0,61.60578918457031,60.910987854003906,61.1425895690918,0.0,5602530
2019-07-22,42.22214889526367,60.447784423828125,0.0,61.1425895690918,59.98458480834961,60.910987854003906,0.0,6098858
2019-07-23,42.545684814453125,60.910987854003906,0.0,61.1425895690918,60.679386138916016,60.679386138916016,0.0,2291875
2019-07-24,42.86923599243164,61.37418746948242,0.0,61.60578918457031,60.679386138916016,61.1425895690918,0.0,2921407
2019-07-25,43.6780891418457,62.53219223022461,0.0,62.7637939453125,61.37418746948242,61.60578918457031,0.0,13440157
2019-07-26,43.83985137939453,62.7637939453125,0.0,63.458595275878906,62.30059051513672,62.30059051513672,0.0,7484972
2019-07-30,44.00162124633789,62.995391845703125,0.0,63.6901969909668,62.53219223022461,62.995391845703125,0.0,7840541
2019-07-31,43.6780891418457,62.53219223022461,0.0,63.226993560791016,62.53219223022461,62.7637939453125,0.0,14482468
2019-08-01,43.192771911621094,61.8373908996582,0.0,62.7637939453125,61.60578918457031,62.068992614746094,0.0,7407036
2019-08-02,43.192771911621094,61.8373908996582,0.0,62.30059051513672,61.37418746948242,61.8373908996582,0.0,6172800
2019-08-05,42.545684814453125,60.910987854003906,0.0,61.60578918457031,60.679386138916016,61.60578918457031,0.0,3176263
2019-08-06,42.86923599243164,61.37418746948242,0.0,61.37418746948242,60.2161865234375,60.679386138916016,0.0,4650136
2019-08-07,43.031002044677734,61.60578918457031,0.0,62.068992614746094,60.447784423828125,61.37418746948242,0.0,5131137
2019-08-08,43.192771911621094,61.8373908996582,0.0,62.30059051513672,61.37418746948242,61.60578918457031,0.0,4088502
2019-08-09,42.707454681396484,61.1425895690918,0.0,62.068992614746094,61.1425895690918,61.8373908996582,0.0,3126177
2019-08-13,42.38391876220703,60.679386138916016,0.0,61.60578918457031,60.447784423828125,60.679386138916016,0.0,3515317
2019-08-14,42.86923599243164,61.37418746948242,0.0,61.8373908996582,60.679386138916016,60.679386138916016,0.0,5132000
2019-08-15,42.707454681396484,61.1425895690918,0.0,61.8373908996582,60.447784423828125,61.37418746948242,0.0,7999759
2019-08-16,43.35454177856445,62.068992614746094,0.0,62.068992614746094,60.910987854003906,61.37418746948242,0.0,4492969
2019-08-19,44.00162124633789,62.995391845703125,0.0,63.6901969909668,61.8373908996582,62.068992614746094,0.0,9734641
2019-08-20,44.00162124633789,62.995391845703125,0.0,63.458595275878906,62.7637939453125,62.995391845703125,0.0,6147433
2019-08-21,44.64870834350586,63.92179489135742,0.0,64.38499450683594,62.53219223022461,62.995391845703125,0.0,9127562
2019-08-22,44.81047058105469,64.15339660644531,0.0,65.3114013671875,63.6901969909668,63.6901969909668,0.0,11706138
2019-08-23,46.58995819091797,66.70100402832031,0.0,67.39580535888672,64.38499450683594,64.38499450683594,0.0,14277266
2019-08-26,47.23704147338867,67.62741088867188,0.0,67.62741088867188,66.0062026977539,66.0062026977539,0.0,9460678
2019-08-27,47.07526779174805,67.39580535888672,0.0,67.62741088867188,66.93260955810547,67.62741088867188,0.0,8719856
2019-08-28,47.07526779174805,67.39580535888672,0.0,67.62741088867188,66.70100402832031,67.62741088867188,0.0,7478819
2019-08-29,46.26641845703125,66.23780059814453,0.0,68.32221221923828,66.23780059814453,67.1642074584961,0.0,10985933
2019-08-30,47.56058120727539,68.09060668945312,0.0,68.32221221923828,65.3114013671875,66.0062026977539,0.0,10118708
2019-09-02,46.91350555419922,67.1642074584961,0.0,67.62741088867188,65.77460479736328,66.46940612792969,0.0,12189729
2019-09-03,48.69297409057617,69.7118148803711,0.0,70.17501831054688,66.70100402832031,66.93260955810547,0.0,14184541
2019-09-04,48.85474395751953,69.94341278076172,0.0,70.4066162109375,69.01701354980469,69.7118148803711,0.0,8381882
2019-09-05,49.66359329223633,71.1014175415039,0.0,71.56462097167969,69.94341278076172,70.17501831054688,0.0,7760554
2019-09-06,49.597900390625,69.94341278076172,1.065363,71.1014175415039,69.7118148803711,70.4066162109375,0.0,5078891
2019-09-09,49.43367385864258,69.7118148803711,0.0,70.17501831054688,68.78540802001953,69.48020935058594,0.0,4681008
2019-09-10,48.612518310546875,68.5538101196289,0.0,69.48020935058594,67.8590087890625,69.48020935058594,0.0,6569496
2019-09-11,47.62713623046875,67.1642074584961,0.0,68.78540802001953,65.07980346679688,68.5538101196289,0.0,15661221
2019-09-12,47.62713623046875,67.1642074584961,0.0,69.01701354980469,66.46940612792969,67.39580535888672,0.0,10733451
2019-09-13,47.62713623046875,67.1642074584961,0.0,68.32221221923828,66.70100402832031,66.70100402832031,0.0,4803525
2019-09-16,48.11982345581055,67.8590087890625,0.0,68.32221221923828,66.70100402832031,67.1642074584961,0.0,4178527
2019-09-17,48.11982345581055,67.8590087890625,0.0,69.48020935058594,67.62741088867188,67.8590087890625,0.0,7410814
2019-09-18,47.95560073852539,67.62741088867188,0.0,67.8590087890625,67.1642074584961,67.62741088867188,0.0,2452388
2019-09-19,47.95560073852539,67.62741088867188,0.0,68.09060668945312,66.70100402832031,67.62741088867188,0.0,3926801
2019-09-20,46.477500915527344,65.54299926757812,0.0,67.39580535888672,65.54299926757812,67.39580535888672,0.0,8953556
2019-09-23,46.31327438354492,65.3114013671875,0.0,66.0062026977539,65.3114013671875,65.54299926757812,0.0,2766291
2019-09-24,46.805973052978516,66.0062026977539,0.0,66.46940612792969,65.07980346679688,65.54299926757812,0.0,5514015
2019-09-25,46.477500915527344,65.54299926757812,0.0,66.70100402832031,65.54299926757812,66.23780059814453,0.0,4896250
2019-09-26,47.134429931640625,66.46940612792969,0.0,66.70100402832031,65.54299926757812,65.77460479736328,0.0,6506672
2019-09-27,47.134429931640625,66.46940612792969,0.0,67.1642074584961,66.23780059814453,66.46940612792969,0.0,5645168
2019-09-30,46.97020721435547,66.23780059814453,0.0,66.70100402832031,66.0062026977539,66.23780059814453,0.0,2781403
2019-10-01,46.64174270629883,65.77460479736328,0.0,66.46940612792969,65.54299926757812,66.46940612792969,0.0,2882331
2019-10-02,46.31327438354492,65.3114013671875,0.0,65.54299926757812,65.07980346679688,65.3114013671875,0.0,2742867
2019-10-03,46.14905548095703,65.07980346679688,0.0,65.77460479736328,64.84819793701172,64.84819793701172,0.0,3855450
2019-10-04,46.477500915527344,65.54299926757812,0.0,66.23780059814453,65.3114013671875,65.3114013671875,0.0,5642577
2019-10-07,47.134429931640625,66.46940612792969,0.0,67.39580535888672,65.54299926757812,65.77460479736328,0.0,7169235
2019-10-08,46.64174270629883,65.77460479736328,0.0,66.93260955810547,65.77460479736328,66.46940612792969,0.0,6433918
2019-10-09,46.31327438354492,65.3114013671875,0.0,66.23780059814453,65.07980346679688,65.77460479736328,0.0,6177334
2019-10-10,46.31327438354492,65.3114013671875,0.0,66.0062026977539,65.07980346679688,65.3114013671875,0.0,5686295
2019-10-11,47.46289825439453,66.93260955810547,0.0,67.39580535888672,65.3114013671875,65.3114013671875,0.0,9274366
2019-10-15,48.284053802490234,68.09060668945312,0.0,68.5538101196289,66.93260955810547,67.39580535888672,0.0,9220610
2019-10-16,49.926368713378906,70.4066162109375,0.0,71.56462097167969,68.09060668945312,68.32221221923828,0.0,20196721
2019-10-17,49.926368713378906,70.4066162109375,0.0,70.86981964111328,69.7118148803711,70.4066162109375,0.0,11537097
2019-10-18,50.25483703613281,70.86981964111328,0.0,71.79621887207031,70.17501831054688,70.4066162109375,0.0,18055535
2019-10-21,51.2402229309082,72.2594223022461,0.0,72.2594223022461,70.4066162109375,71.33301544189453,0.0,8280306
2019-10-22,51.568687438964844,72.72262573242188,0.0,72.72262573242188,71.79621887207031,72.2594223022461,0.0,7156605
2019-10-24,53.539459228515625,75.5018310546875,0.0,76.89143371582031,72.49102020263672,72.72262573242188,0.0,27650281
2019-10-25,51.73291778564453,72.9542236328125,0.0,77.12303924560547,71.33301544189453,75.73343658447266,0.0,25873625
2019-10-28,51.568687438964844,72.72262573242188,0.0,73.6490249633789,70.63821411132812,72.49102020263672,0.0,9839563
2019-10-29,49.926368713378906,70.4066162109375,0.0,73.18582153320312,70.4066162109375,72.72262573242188,0.0,16574107
2019-10-30,47.79136276245117,67.39580535888672,0.0,70.17501831054688,66.46940612792969,69.94341278076172,0.0,17910350
2019-10-31,48.284053802490234,68.09060668945312,0.0,69.24861145019531,67.39580535888672,67.39580535888672,0.0,12647197
2019-11-01,48.44829177856445,68.32221221923828,0.0,69.01701354980469,67.39580535888672,68.09060668945312,0.0,4009594
2019-11-04,50.74752426147461,71.56462097167969,0.0,72.72262573242188,68.78540802001953,69.01701354980469,0.0,12807387
2019-11-05,50.58330154418945,71.33301544189453,0.0,72.49102020263672,70.4066162109375,70.86981964111328,0.0,9179807
2019-11-06,49.762149810791016,70.17501831054688,0.0,71.1014175415039,69.24861145019531,70.86981964111328,0.0,6572734
2019-11-07,50.25483703613281,70.86981964111328,0.0,71.56462097167969,69.7118148803711,69.94341278076172,0.0,4885455
2019-11-08,49.926368713378906,70.4066162109375,0.0,71.33301544189453,70.17501831054688,70.86981964111328,0.0,4544567
2019-11-11,49.597900390625,69.94341278076172,0.0,70.86981964111328,69.24861145019531,70.17501831054688,0.0,3059252
2019-11-12,49.762149810791016,70.17501831054688,0.0,70.86981964111328,69.7118148803711,69.94341278076172,0.0,3496535
2019-11-13,48.612518310546875,68.5538101196289,0.0,69.7118148803711,68.09060668945312,69.24861145019531,0.0,5545967
2019-11-14,48.11982345581055,67.8590087890625,0.0,69.01701354980469,67.62741088867188,68.32221221923828,0.0,7818952
2019-11-15,48.284053802490234,68.09060668945312,0.0,68.5538101196289,67.39580535888672,67.8590087890625,0.0,4193747
2019-11-18,48.284053802490234,68.09060668945312,0.0,68.78540802001953,67.8590087890625,68.32221221923828,0.0,2458865
2019-11-19,48.612518310546875,68.5538101196289,0.0,68.78540802001953,67.62741088867188,67.8590087890625,0.0,6100153
2019-11-20,50.419063568115234,71.1014175415039,0.0,71.79621887207031,68.09060668945312,68.09060668945312,0.0,16614586
2019-11-21,49.10520935058594,69.24861145019531,0.0,71.1014175415039,68.32221221923828,70.4066162109375,0.0,15408955
2019-11-22,48.77675247192383,68.78540802001953,0.0,69.24861145019531,68.09060668945312,69.24861145019531,0.0,5614404
2019-11-25,49.26943588256836,69.48020935058594,0.0,69.94341278076172,68.5538101196289,69.01701354980469,0.0,4908987
2019-11-26,48.44829177856445,68.32221221923828,0.0,69.24861145019531,66.0062026977539,69.01701354980469,0.0,22204702
2019-11-27,47.46289825439453,66.93260955810547,0.0,68.09060668945312,66.70100402832031,68.09060668945312,0.0,8060316
2019-11-28,47.134429931640625,66.46940612792969,0.0,67.39580535888672,66.23780059814453,66.70100402832031,0.0,5043162
2019-11-29,46.477500915527344,65.54299926757812,0.0,66.46940612792969,64.6166000366211,66.23780059814453,0.0,6553088
2019-12-02,45.49211883544922,64.15339660644531,0.0,65.54299926757812,63.458595275878906,65.3114013671875,0.0,9282786
2019-12-03,45.32788848876953,63.92179489135742,0.0,64.84819793701172,63.226993560791016,63.92179489135742,0.0,5795642
2019-12-04,46.14905548095703,65.07980346679688,0.0,65.54299926757812,63.458595275878906,63.458595275878906,0.0,5304279
2019-12-06,45.65635299682617,64.38499450683594,0.0,66.0062026977539,64.15339660644531,65.3114013671875,0.0,4909311
2019-12-09,45.820587158203125,64.6166000366211,0.0,65.07980346679688,63.6901969909668,64.15339660644531,0.0,3387187
2019-12-11,44.8351936340332,63.226993560791016,0.0,64.84819793701172,62.7637939453125,64.84819793701172,0.0,5002683
2019-12-12,45.49211883544922,64.15339660644531,0.0,64.84819793701172,63.226993560791016,63.226993560791016,0.0,6867638
2019-12-13,45.49211883544922,64.15339660644531,0.0,65.07980346679688,63.458595275878906,64.6166000366211,0.0,5104258
2019-12-16,44.34250259399414,62.53219223022461,0.0,64.15339660644531,62.30059051513672,64.15339660644531,0.0,5976665
2019-12-17,43.84980010986328,61.8373908996582,0.0,62.53219223022461,60.910987854003906,62.53219223022461,0.0,9578446
2019-12-18,43.685569763183594,61.60578918457031,0.0,62.30059051513672,60.679386138916016,62.068992614746094,0.0,6095404
2019-12-19,43.84980010986328,61.8373908996582,0.0,62.53219223022461,60.910987854003906,61.37418746948242,0.0,8634688
2019-12-20,44.014034271240234,62.068992614746094,0.0,62.53219223022461,61.37418746948242,61.60578918457031,0.0,8356083
2019-12-23,44.014034271240234,62.068992614746094,0.0,63.226993560791016,61.8373908996582,62.068992614746094,0.0,5234008
2019-12-24,45.32788848876953,63.92179489135742,0.0,64.6166000366211,62.068992614746094,62.30059051513672,0.0,8510228
2019-12-25,45.65635299682617,64.38499450683594,0.0,64.84819793701172,63.92179489135742,63.92179489135742,0.0,3405106
2019-12-26,45.32788848876953,63.92179489135742,0.0,64.6166000366211,63.6901969909668,64.6166000366211,0.0,3135029
2019-12-27,45.65635299682617,64.38499450683594,0.0,64.6166000366211,63.6901969909668,63.92179489135742,0.0,4949142
2019-12-30,45.163658142089844,63.6901969909668,0.0,64.38499450683594,63.226993560791016,64.38499450683594,0.0,5155100
2020-01-02,45.820587158203125,64.6166000366211,0.0,64.84819793701172,63.458595275878906,63.6901969909668,0.0,3381682
2020-01-03,44.999427795410156,63.458595275878906,0.0,64.6166000366211,62.995391845703125,64.6166000366211,0.0,5077380
2020-01-06,44.67095947265625,62.995391845703125,0.0,64.15339660644531,62.53219223022461,62.995391845703125,0.0,5415462
2020-01-07,44.8351936340332,63.226993560791016,0.0,63.6901969909668,62.53219223022461,62.995391845703125,0.0,2900034
2020-01-08,44.34250259399414,62.53219223022461,0.0,62.995391845703125,61.8373908996582,62.53219223022461,0.0,4075872
2020-01-09,44.999427795410156,63.458595275878906,0.0,63.92179489135742,62.53219223022461,62.995391845703125,0.0,6109113
2020-01-10,46.97020721435547,66.23780059814453,0.0,66.46940612792969,63.458595275878906,63.458595275878906,0.0,13717034
2020-01-13,48.94098663330078,69.01701354980469,0.0,69.24861145019531,66.70100402832031,66.70100402832031,0.0,13478909
2020-01-14,48.94098663330078,69.01701354980469,0.0,69.24861145019531,68.09060668945312,69.24861145019531,0.0,10911667
2020-01-15,48.11982345581055,67.8590087890625,0.0,69.94341278076172,66.93260955810547,69.01701354980469,0.0,10006553
2020-01-16,48.284053802490234,68.09060668945312,0.0,68.78540802001953,66.70100402832031,67.8590087890625,0.0,6554491
2020-01-17,47.95560073852539,67.62741088867188,0.0,68.32221221923828,66.93260955810547,68.32221221923828,0.0,4766177
2020-01-20,49.26943588256836,69.48020935058594,0.0,69.7118148803711,67.8590087890625,67.8590087890625,0.0,10005690
2020-01-21,48.94098663330078,69.01701354980469,0.0,70.86981964111328,68.78540802001953,69.48020935058594,0.0,10669332
2020-01-22,48.612518310546875,68.5538101196289,0.0,69.94341278076172,68.5538101196289,69.48020935058594,0.0,7444169
2020-01-23,48.612518310546875,68.5538101196289,0.0,69.01701354980469,67.62741088867188,68.5538101196289,0.0,5516930
2020-01-24,48.284053802490234,68.09060668945312,0.0,69.01701354980469,68.09060668945312,69.01701354980469,0.0,2397661
2020-01-27,47.62713623046875,67.1642074584961,0.0,67.8590087890625,66.23780059814453,66.70100402832031,0.0,3964797
2020-01-28,46.805973052978516,66.0062026977539,0.0,67.62741088867188,65.3114013671875,66.70100402832031,0.0,5301797
2020-01-29,46.805973052978516,66.0062026977539,0.0,66.70100402832031,65.07980346679688,66.23780059814453,0.0,5075869
2020-01-30,46.477500915527344,65.54299926757812,0.0,66.46940612792969,64.38499450683594,65.77460479736328,0.0,5238865
2020-01-31,44.67095947265625,62.995391845703125,0.0,64.84819793701172,62.068992614746094,64.6166000366211,0.0,10807825
2020-02-03,43.84980010986328,61.8373908996582,0.0,63.226993560791016,61.60578918457031,62.30059051513672,0.0,7454316
2020-02-04,43.685569763183594,61.60578918457031,0.0,62.30059051513672,60.910987854003906,61.8373908996582,0.0,6971157
2020-02-05,43.685569763183594,61.60578918457031,0.0,62.995391845703125,60.679386138916016,61.8373908996582,0.0,7011420
2020-02-06,42.70018005371094,60.2161865234375,0.0,61.8373908996582,59.75298309326172,61.8373908996582,0.0,7871521
2020-02-07,42.53595733642578,59.98458480834961,0.0,60.679386138916016,59.05818176269531,59.52138137817383,0.0,7029771
2020-02-11,42.207489013671875,59.52138137817383,0.0,60.910987854003906,59.05818176269531,59.98458480834961,0.0,8489287
2020-02-12,42.53595733642578,59.98458480834961,0.0,60.447784423828125,59.2897834777832,59.98458480834961,0.0,5321550
2020-02-13,42.53595733642578,59.98458480834961,0.0,60.447784423828125,59.75298309326172,59.98458480834961,0.0,2343041
2020-02-14,41.71479415893555,58.82658004760742,0.0,60.447784423828125,58.363380432128906,60.2161865234375,0.0,6313667
2020-02-17,42.04325485229492,59.2897834777832,0.0,59.98458480834961,58.131778717041016,58.82658004760742,0.0,4428095
2020-02-18,41.8790283203125,59.05818176269531,0.0,59.2897834777832,58.59497833251953,59.2897834777832,0.0,2800185
2020-02-19,41.38633728027344,58.363380432128906,0.0,59.05818176269531,57.668575286865234,59.05818176269531,0.0,5403372
2020-02-20,41.550559997558594,58.59497833251953,0.0,59.05818176269531,57.20537567138672,58.363380432128906,0.0,6931217
2020-02-21,41.550559997558594,58.59497833251953,0.0,59.05818176269531,57.900177001953125,58.363380432128906,0.0,4356204
2020-02-24,41.8790283203125,59.05818176269531,0.0,60.679386138916016,58.363380432128906,58.59497833251953,0.0,10323154
2020-02-25,42.207489013671875,59.52138137817383,0.0,60.447784423828125,57.20537567138672,59.2897834777832,0.0,8354680
2020-02-26,40.893638610839844,57.668575286865234,0.0,59.52138137817383,56.97377395629883,59.2897834777832,0.0,6164596
2020-02-27,40.5651741027832,57.20537567138672,0.0,57.900177001953125,55.120967864990234,57.668575286865234,0.0,6268978
2020-02-28,38.75863265991211,54.65776824951172,0.0,56.74217224121094,54.19456481933594,56.51057434082031,0.0,10730968
2020-03-02,38.9228630065918,54.889366149902344,0.0,55.352569580078125,53.96296691894531,55.352569580078125,0.0,6052550
2020-03-03,39.90824508666992,56.27897262573242,0.0,56.74217224121094,54.889366149902344,55.120967864990234,0.0,6317877
2020-03-04,40.411293029785156,55.81576919555664,1.158004,56.97377395629883,54.42616653442383,54.65776824951172,0.0,6917616
2020-03-05,40.914344787597656,56.51057434082031,0.0,57.900177001953125,55.352569580078125,56.04737091064453,0.0,9545091
2020-03-06,40.914344787597656,56.51057434082031,0.0,56.97377395629883,55.584171295166016,56.04737091064453,0.0,5665677
2020-03-09,39.237518310546875,54.19456481933594,0.0,56.27897262573242,53.49976348876953,55.584171295166016,0.0,8287647
2020-03-10,39.237518310546875,54.19456481933594,0.0,54.65776824951172,53.73136520385742,53.96296691894531,0.0,5167190
2020-03-11,38.39911651611328,53.036563873291016,0.0,54.42616653442383,51.64695739746094,53.96296691894531,0.0,5406827
2020-03-12,32.53025436401367,44.930538177490234,0.0,50.257354736328125,44.23573684692383,48.40454864501953,0.0,11309550
2020-03-13,33.536346435546875,46.32014083862305,0.0,47.246543884277344,37.28771209716797,39.835323333740234,0.0,14790217
2020-03-16,30.853437423706055,42.614532470703125,0.0,45.85694122314453,41.91972732543945,43.54093551635742,0.0,5762935
2020-03-17,31.52416229248047,43.54093551635742,0.0,45.39373779296875,41.91972732543945,41.91972732543945,0.0,5763799
2020-03-18,31.188800811767578,43.07773208618164,0.0,45.162139892578125,42.151329040527344,44.00413513183594,0.0,8551895
2020-03-19,33.536346435546875,46.32014083862305,0.0,47.478145599365234,42.151329040527344,42.151329040527344,0.0,8057833
2020-03-20,37.89607238769531,52.34176254272461,0.0,53.26816177368164,47.94134521484375,48.40454864501953,0.0,9287860
2020-03-23,34.37474822998047,47.478145599365234,0.0,50.025753021240234,47.246543884277344,48.17294692993164,0.0,4809246
2020-03-24,35.04548263549805,48.40454864501953,0.0,50.488956451416016,47.709747314453125,50.025753021240234,0.0,7211981
2020-03-25,38.39911651611328,53.036563873291016,0.0,55.120967864990234,49.56255340576172,50.95215606689453,0.0,9512384
2020-03-26,39.5728874206543,54.65776824951172,0.0,55.81576919555664,51.87855911254883,52.34176254272461,0.0,12343334
2020-03-27,38.90215301513672,53.73136520385742,0.0,55.81576919555664,52.804962158203125,55.81576919555664,0.0,11653569
2020-03-30,37.56070327758789,51.87855911254883,0.0,51.87855911254883,51.87855911254883,51.87855911254883,0.0,536591
2020-03-31,38.2314338684082,52.804962158203125,0.0,53.73136520385742,51.87855911254883,51.87855911254883,0.0,7588167
2020-04-01,38.2314338684082,52.804962158203125,0.0,53.96296691894531,52.34176254272461,52.34176254272461,0.0,6122822
2020-04-02,39.40519714355469,54.42616653442383,0.0,54.889366149902344,52.804962158203125,53.036563873291016,0.0,6137610
2020-04-03,38.90215301513672,53.73136520385742,0.0,55.120967864990234,53.73136520385742,55.120967864990234,0.0,3119161
2020-04-07,40.914344787597656,56.51057434082031,0.0,57.900177001953125,54.65776824951172,55.352569580078125,0.0,10238850
2020-04-08,40.411293029785156,55.81576919555664,0.0,56.51057434082031,54.889366149902344,56.51057434082031,0.0,6239294
2020-04-09,40.243614196777344,55.584171295166016,0.0,56.97377395629883,55.352569580078125,56.04737091064453,0.0,7682295
2020-04-10,41.08201599121094,56.74217224121094,0.0,56.74217224121094,55.584171295166016,55.584171295166016,0.0,4718789
2020-04-13,41.08201599121094,56.74217224121094,0.0,57.43697738647461,56.51057434082031,56.74217224121094,0.0,3096169
2020-04-14,41.24970626831055,56.97377395629883,0.0,57.668575286865234,56.04737091064453,57.20537567138672,0.0,4848214
2020-04-15,40.075931549072266,55.352569580078125,0.0,56.97377395629883,55.120967864990234,56.51057434082031,0.0,4376605
2020-04-16,39.40519714355469,54.42616653442383,0.0,54.889366149902344,53.96296691894531,54.65776824951172,0.0,3328897
2020-04-17,39.74056625366211,54.889366149902344,0.0,55.352569580078125,54.19456481933594,55.120967864990234,0.0,3514885
2020-04-20,40.075931549072266,55.352569580078125,0.0,55.81576919555664,54.65776824951172,55.120967864990234,0.0,2852754
2020-04-21,40.578983306884766,56.04737091064453,0.0,56.97377395629883,54.65776824951172,54.889366149902344,0.0,6351448
2020-04-22,41.92042922973633,57.900177001953125,0.0,58.82658004760742,55.81576919555664,55.81576919555664,0.0,13403887
2020-04-23,43.26188659667969,59.75298309326172,0.0,60.447784423828125,58.363380432128906,58.82658004760742,0.0,12381546
2020-04-24,42.42346954345703,58.59497833251953,0.0,59.98458480834961,57.900177001953125,59.75298309326172,0.0,6297368
2020-04-27,43.932613372802734,60.679386138916016,0.0,61.37418746948242,59.52138137817383,59.75298309326172,0.0,9210895
2020-04-28,45.94479751586914,63.458595275878906,0.0,64.15339660644531,60.679386138916016,60.679386138916016,0.0,13972215
2020-04-29,44.77101516723633,61.8373908996582,0.0,64.15339660644531,59.75298309326172,63.92179489135742,0.0,20971653
2020-04-30,44.60333251953125,61.60578918457031,0.0,62.7637939453125,60.910987854003906,62.53219223022461,0.0,7500084
2020-05-05,43.76492691040039,60.447784423828125,0.0,60.910987854003906,59.2897834777832,60.447784423828125,0.0,10714129
2020-05-07,43.26188659667969,59.75298309326172,0.0,59.98458480834961,59.05818176269531,59.2897834777832,0.0,8530953
2020-05-08,44.43565368652344,61.37418746948242,0.0,61.60578918457031,59.98458480834961,59.98458480834961,0.0,11182823
2020-05-11,44.10029220581055,60.910987854003906,0.0,61.8373908996582,60.910987854003906,61.8373908996582,0.0,6407687
2020-05-12,44.267974853515625,61.1425895690918,0.0,61.60578918457031,60.679386138916016,60.910987854003906,0.0,4601130
2020-05-13,43.76492691040039,60.447784423828125,0.0,61.37418746948242,60.2161865234375,61.1425895690918,0.0,4414710
2020-05-14,43.429569244384766,59.98458480834961,0.0,60.447784423828125,59.52138137817383,59.98458480834961,0.0,6348533
2020-05-15,43.429569244384766,59.98458480834961,0.0,60.447784423828125,59.52138137817383,60.447784423828125,0.0,2306663
2020-05-18,42.59115219116211,58.82658004760742,0.0,60.2161865234375,58.59497833251953,60.2161865234375,0.0,6563019
2020-05-19,43.26188659667969,59.75298309326172,0.0,60.447784423828125,59.2897834777832,59.52138137817383,0.0,7299092
2020-05-20,43.932613372802734,60.679386138916016,0.0,60.679386138916016,59.05818176269531,59.2897834777832,0.0,10501478
2020-05-21,43.932613372802734,60.679386138916016,0.0,61.8373908996582,60.679386138916016,61.1425895690918,0.0,9846040
2020-05-22,43.429569244384766,59.98458480834961,0.0,60.679386138916016,59.2897834777832,60.447784423828125,0.0,5916648
2020-05-25,43.932613372802734,60.679386138916016,0.0,61.1425895690918,60.2161865234375,60.2161865234375,0.0,4697308
2020-05-26,43.932613372802734,60.679386138916016,0.0,61.60578918457031,60.679386138916016,61.1425895690918,0.0,5101992
2020-05-27,44.60333251953125,61.60578918457031,0.0,62.068992614746094,60.447784423828125,60.679386138916016,0.0,6959499
2020-05-28,45.77710723876953,63.226993560791016,0.0,63.92179489135742,61.8373908996582,62.068992614746094,0.0,16933022
2020-05-29,46.95088195800781,64.84819793701172,0.0,64.84819793701172,61.37418746948242,62.995391845703125,0.0,19858963
2020-06-01,45.60942459106445,62.995391845703125,0.0,64.38499450683594,62.995391845703125,64.38499450683594,0.0,6421720
2020-06-02,46.280155181884766,63.92179489135742,0.0,64.15339660644531,63.226993560791016,63.458595275878906,0.0,5579646
2020-06-04,45.274070739746094,62.53219223022461,0.0,64.15339660644531,62.30059051513672,63.92179489135742,0.0,10994568
2020-06-05,46.280155181884766,63.92179489135742,0.0,63.92179489135742,62.53219223022461,62.53219223022461,0.0,8315712
2020-06-08,46.783203125,64.6166000366211,0.0,65.54299926757812,63.458595275878906,64.6166000366211,0.0,7960143
2020-06-09,45.106380462646484,62.30059051513672,0.0,64.38499450683594,62.30059051513672,63.92179489135742,0.0,10124213
2020-06-10,44.77101516723633,61.8373908996582,0.0,62.53219223022461,61.37418746948242,62.30059051513672,0.0,7760986
2020-06-11,43.932613372802734,60.679386138916016,0.0,62.53219223022461,60.2161865234375,61.8373908996582,0.0,9143754
2020-06-12,44.60333251953125,61.60578918457031,0.0,61.60578918457031,58.82658004760742,58.82658004760742,0.0,5655530
2020-06-15,43.429569244384766,59.98458480834961,0.0,61.1425895690918,59.75298309326172,60.910987854003906,0.0,4745667
2020-06-16,43.932613372802734,60.679386138916016,0.0,61.37418746948242,60.2161865234375,60.910987854003906,0.0,2848328
2020-06-17,43.932613372802734,60.679386138916016,0.0,61.1425895690918,60.2161865234375,60.447784423828125,0.0,2766183
2020-06-18,43.932613372802734,60.679386138916016,0.0,61.37418746948242,60.2161865234375,60.447784423828125,0.0,4001606
2020-06-19,43.26188659667969,59.75298309326172,0.0,60.910987854003906,59.75298309326172,60.679386138916016,0.0,4735736
2020-06-22,43.429569244384766,59.98458480834961,0.0,60.679386138916016,59.75298309326172,59.75298309326172,0.0,3105776
2020-06-23,43.26188659667969,59.75298309326172,0.0,60.2161865234375,59.75298309326172,60.2161865234375,0.0,3551802
2020-06-24,42.59115219116211,58.82658004760742,0.0,60.2161865234375,58.82658004760742,59.75298309326172,0.0,3162555
2020-06-25,42.42346954345703,58.59497833251953,0.0,59.05818176269531,56.97377395629883,58.59497833251953,0.0,5701407
2020-06-26,41.75274658203125,57.668575286865234,0.0,59.2897834777832,57.668575286865234,58.59497833251953,0.0,5118183
2020-06-29,41.92042922973633,57.900177001953125,0.0,58.363380432128906,57.20537567138672,57.43697738647461,0.0,3518987
2020-06-30,41.75274658203125,57.668575286865234,0.0,59.05818176269531,57.43697738647461,58.363380432128906,0.0,3598650
2020-07-01,41.92042922973633,57.900177001953125,0.0,58.363380432128906,57.43697738647461,57.668575286865234,0.0,2310549
2020-07-02,43.094200134277344,59.52138137817383,0.0,60.2161865234375,58.59497833251953,58.82658004760742,0.0,5292405
2020-07-03,43.76492691040039,60.447784423828125,0.0,61.1425895690918,59.05818176269531,59.2897834777832,0.0,5633294
2020-07-07,43.094200134277344,59.52138137817383,0.0,61.1425895690918,59.2897834777832,60.679386138916016,0.0,7869794
2020-07-08,42.75883865356445,59.05818176269531,0.0,60.2161865234375,59.05818176269531,59.75298309326172,0.0,3179394
2020-07-09,42.59115219116211,58.82658004760742,0.0,59.75298309326172,58.82658004760742,59.52138137817383,0.0,2302993
2020-07-10,41.92042922973633,57.900177001953125,0.0,59.05818176269531,57.668575286865234,58.59497833251953,0.0,3563568
2020-07-13,41.92042922973633,57.900177001953125,0.0,58.59497833251953,57.900177001953125,58.131778717041016,0.0,3651759
2020-07-14,41.58506774902344,57.43697738647461,0.0,57.900177001953125,56.74217224121094,57.668575286865234,0.0,3637510
2020-07-15,42.59115219116211,58.82658004760742,0.0,59.05818176269531,56.97377395629883,57.668575286865234,0.0,5433273
2020-07-16,42.42346954345703,58.59497833251953,0.0,59.05818176269531,57.668575286865234,58.82658004760742,0.0,4591630
2020-07-17,42.42346954345703,58.59497833251953,0.0,59.05818176269531,58.131778717041016,58.363380432128906,0.0,1692244
2020-07-20,42.255794525146484,58.363380432128906,0.0,59.2897834777832,58.363380432128906,58.59497833251953,0.0,2483045
2020-07-21,42.92652130126953,59.2897834777832,0.0,59.75298309326172,58.59497833251953,58.82658004760742,0.0,4331053
2020-07-22,42.255794525146484,58.363380432128906,0.0,59.98458480834961,58.363380432128906,59.52138137817383,0.0,4506354
2020-07-23,42.255794525146484,58.363380432128906,0.0,58.82658004760742,57.900177001953125,58.363380432128906,0.0,4047591
2020-07-24,41.92042922973633,57.900177001953125,0.0,58.363380432128906,57.668575286865234,57.900177001953125,0.0,2004095
2020-07-29,41.08201599121094,56.74217224121094,0.0,58.59497833251953,56.74217224121094,57.900177001953125,0.0,4548992
2020-07-30,39.5728874206543,54.65776824951172,0.0,57.20537567138672,54.65776824951172,56.97377395629883,0.0,6414164
2020-07-31,40.075931549072266,55.352569580078125,0.0,56.27897262573242,54.19456481933594,54.65776824951172,0.0,8937796
2020-08-03,39.40519714355469,54.42616653442383,0.0,56.04737091064453,54.42616653442383,55.81576919555664,0.0,3472247
2020-08-04,39.74056625366211,54.889366149902344,0.0,55.81576919555664,54.65776824951172,54.889366149902344,0.0,3054718
2020-08-05,40.411293029785156,55.81576919555664,0.0,56.27897262573242,54.889366149902344,55.120967864990234,0.0,3243081
2020-08-06,39.74056625366211,54.889366149902344,0.0,56.04737091064453,54.889366149902344,55.584171295166016,0.0,3594116
2020-08-07,40.243614196777344,55.584171295166016,0.0,55.81576919555664,55.120967864990234,55.120967864990234,0.0,2051267
2020-08-10,39.74056625366211,54.889366149902344,0.0,55.352569580078125,54.65776824951172,55.352569580078125,0.0,1361718
2020-08-11,39.90824508666992,55.120967864990234,0.0,55.584171295166016,54.889366149902344,55.352569580078125,0.0,2443969
2020-08-13,39.90824508666992,55.120967864990234,0.0,55.584171295166016,54.889366149902344,55.352569580078125,0.0,3084187
2020-08-14,39.06983947753906,53.96296691894531,0.0,55.352569580078125,53.96296691894531,55.120967864990234,0.0,4966521
2020-08-17,37.89607238769531,52.34176254272461,0.0,54.19456481933594,51.41535949707031,53.73136520385742,0.0,10509466
2020-08-18,37.728389739990234,52.11016082763672,0.0,53.26816177368164,51.41535949707031,52.573360443115234,0.0,6389768
2020-08-19,37.89607238769531,52.34176254272461,0.0,52.804962158203125,51.64695739746094,51.87855911254883,0.0,5310648
2020-08-20,37.39302062988281,51.64695739746094,0.0,52.573360443115234,51.41535949707031,51.87855911254883,0.0,4889449
2020-08-21,36.889984130859375,50.95215606689453,0.0,52.11016082763672,50.95215606689453,51.87855911254883,0.0,4506462
2020-08-24,36.889984130859375,50.95215606689453,0.0,51.18375778198242,50.72055435180664,50.95215606689453,0.0,5978500
2020-08-25,37.225337982177734,51.41535949707031,0.0,52.11016082763672,50.95215606689453,51.18375778198242,0.0,8469317
2020-08-26,37.39302062988281,51.64695739746094,0.0,52.11016082763672,51.41535949707031,51.64695739746094,0.0,4789493
2020-08-27,37.39302062988281,51.64695739746094,0.0,52.34176254272461,51.41535949707031,51.64695739746094,0.0,6510558
2020-08-28,37.56070327758789,51.87855911254883,0.0,52.573360443115234,51.87855911254883,51.87855911254883,0.0,5607603
2020-08-31,37.56070327758789,51.87855911254883,0.0,52.804962158203125,51.64695739746094,52.34176254272461,0.0,9461866
2020-09-01,37.728389739990234,52.11016082763672,0.0,53.26816177368164,51.64695739746094,51.87855911254883,0.0,7058484
2020-09-02,37.89607238769531,52.34176254272461,0.0,52.804962158203125,51.87855911254883,52.34176254272461,0.0,5727853
2020-09-03,37.9987678527832,51.41535949707031,1.065363,51.64695739746094,50.95215606689453,51.18375778198242,0.0,2973976
2020-09-08,37.485267639160156,50.72055435180664,0.0,51.64695739746094,50.488956451416016,51.41535949707031,0.0,4062919
2020-09-09,37.142940521240234,50.257354736328125,0.0,50.72055435180664,50.025753021240234,50.488956451416016,0.0,2263270
2020-09-10,36.97176742553711,50.025753021240234,0.0,50.488956451416016,50.025753021240234,50.257354736328125,0.0,2359772
2020-09-11,36.97176742553711,50.025753021240234,0.0,50.488956451416016,49.56255340576172,50.025753021240234,0.0,4722351
2020-09-14,36.458274841308594,49.33095169067383,0.0,50.257354736328125,49.09934997558594,50.025753021240234,0.0,3354156
2020-09-15,36.11594009399414,48.86774826049805,0.0,49.56255340576172,48.63615036010742,49.33095169067383,0.0,3166117
2020-09-16,35.43128204345703,47.94134521484375,0.0,49.09934997558594,47.709747314453125,48.86774826049805,0.0,6853174
2020-09-17,35.602447509765625,48.17294692993164,0.0,49.09934997558594,47.94134521484375,48.17294692993164,0.0,5297803
2020-09-18,35.602447509765625,48.17294692993164,0.0,48.40454864501953,47.709747314453125,48.17294692993164,0.0,4089257
2020-09-21,35.2601203918457,47.709747314453125,0.0,48.86774826049805,47.478145599365234,48.40454864501953,0.0,3207999
2020-09-22,34.917789459228516,47.246543884277344,0.0,47.94134521484375,47.01494216918945,47.478145599365234,0.0,2551913
2020-09-23,34.57545852661133,46.78334426879883,0.0,47.709747314453125,46.78334426879883,47.478145599365234,0.0,3098436
2020-09-24,33.71963119506836,45.62533950805664,0.0,46.78334426879883,45.62533950805664,46.55174255371094,0.0,6174095
2020-09-25,34.233123779296875,46.32014083862305,0.0,46.55174255371094,45.39373779296875,45.39373779296875,0.0,4083752
2020-09-28,34.74660873413086,47.01494216918945,0.0,47.478145599365234,46.55174255371094,46.55174255371094,0.0,3092607
2020-09-29,34.4042854309082,46.55174255371094,0.0,47.246543884277344,46.32014083862305,47.246543884277344,0.0,3310438
2020-09-30,34.4042854309082,46.55174255371094,0.0,47.478145599365234,46.088539123535156,46.78334426879883,0.0,5471053
2020-10-01,34.74660873413086,47.01494216918945,0.0,47.246543884277344,46.32014083862305,47.01494216918945,0.0,3069291
2020-10-02,34.74660873413086,47.01494216918945,0.0,47.478145599365234,46.55174255371094,46.78334426879883,0.0,3547268
2020-10-05,34.917789459228516,47.246543884277344,0.0,47.478145599365234,46.78334426879883,47.478145599365234,0.0,3737466
2020-10-06,34.74660873413086,47.01494216918945,0.0,47.709747314453125,46.78334426879883,47.478145599365234,0.0,4708426
2020-10-07,34.57545852661133,46.78334426879883,0.0,47.246543884277344,46.32014083862305,47.01494216918945,0.0,5354258
2020-10-08,35.2601203918457,47.709747314453125,0.0,47.94134521484375,46.78334426879883,46.78334426879883,0.0,5605012
2020-10-09,35.088951110839844,47.478145599365234,0.0,48.63615036010742,47.246543884277344,47.94134521484375,0.0,5642361
2020-10-12,35.602447509765625,48.17294692993164,0.0,49.09934997558594,47.478145599365234,47.478145599365234,0.0,5857279
2020-10-14,35.088951110839844,47.478145599365234,0.0,48.40454864501953,47.246543884277344,48.40454864501953,0.0,4632110
2020-10-15,34.74660873413086,47.01494216918945,0.0,47.709747314453125,46.32014083862305,47.246543884277344,0.0,4531397
2020-10-16,34.4042854309082,46.55174255371094,0.0,47.01494216918945,46.32014083862305,46.78334426879883,0.0,2277303
2020-10-19,34.4042854309082,46.55174255371094,0.0,47.01494216918945,46.32014083862305,46.32014083862305,0.0,2689866
2020-10-20,34.233123779296875,46.32014083862305,0.0,47.01494216918945,46.088539123535156,46.55174255371094,0.0,2261866
2020-10-21,33.89079284667969,45.85694122314453,0.0,46.78334426879883,45.39373779296875,46.55174255371094,0.0,4472244
2020-10-22,34.06195831298828,46.088539123535156,0.0,46.32014083862305,45.62533950805664,45.85694122314453,0.0,2995133
2020-10-26,34.233123779296875,46.32014083862305,0.0,46.32014083862305,45.62533950805664,46.088539123535156,0.0,2000641
2020-10-27,33.377296447753906,45.162139892578125,0.0,46.088539123535156,44.698936462402344,46.088539123535156,0.0,5996527
2020-10-28,33.377296447753906,45.162139892578125,0.0,45.39373779296875,44.930538177490234,45.162139892578125,0.0,2654028
2020-10-29,32.00796890258789,43.30933380126953,0.0,45.162139892578125,43.30933380126953,44.930538177490234,0.0,9040559
2020-10-30,31.83680534362793,43.07773208618164,0.0,43.77253341674805,42.614532470703125,43.54093551635742,0.0,3493836
2020-11-02,32.00796890258789,43.30933380126953,0.0,43.54093551635742,42.84613037109375,43.07773208618164,0.0,2515536
2020-11-03,32.6926383972168,44.23573684692383,0.0,44.698936462402344,43.54093551635742,43.54093551635742,0.0,5565505
2020-11-04,32.6926383972168,44.23573684692383,0.0,44.930538177490234,44.00413513183594,44.698936462402344,0.0,2850919
2020-11-05,35.088951110839844,47.478145599365234,0.0,47.478145599365234,44.46733474731445,44.46733474731445,0.0,10886300
2020-11-06,35.2601203918457,47.709747314453125,0.0,48.40454864501953,47.246543884277344,47.709747314453125,0.0,6940609
2020-11-09,35.602447509765625,48.17294692993164,0.0,48.86774826049805,47.94134521484375,48.40454864501953,0.0,5316585
2020-11-10,35.773616790771484,48.40454864501953,0.0,49.09934997558594,47.709747314453125,48.63615036010742,0.0,8828556
2020-11-11,36.97176742553711,50.025753021240234,0.0,50.72055435180664,48.86774826049805,49.09934997558594,0.0,8758932
2020-11-12,36.287109375,49.09934997558594,0.0,49.794151306152344,48.86774826049805,49.794151306152344,0.0,2993298
2020-11-13,36.62944793701172,49.56255340576172,0.0,49.794151306152344,48.17294692993164,48.86774826049805,0.0,4098864
2020-11-16,36.11594009399414,48.86774826049805,0.0,50.257354736328125,48.86774826049805,50.257354736328125,0.0,3872397
2020-11-17,35.602447509765625,48.17294692993164,0.0,49.09934997558594,48.17294692993164,48.86774826049805,0.0,5244802
2020-11-18,36.287109375,49.09934997558594,0.0,49.33095169067383,47.94134521484375,48.40454864501953,0.0,2868514
2020-11-19,35.94478225708008,48.63615036010742,0.0,49.56255340576172,48.63615036010742,49.09934997558594,0.0,3465986
2020-11-20,36.62944793701172,49.56255340576172,0.0,49.794151306152344,48.40454864501953,48.40454864501953,0.0,5639447
2020-11-23,38.34109878540039,51.87855911254883,0.0,52.573360443115234,49.794151306152344,50.025753021240234,0.0,11485068
2020-11-24,37.65644073486328,50.95215606689453,0.0,52.34176254272461,50.72055435180664,52.34176254272461,0.0,7715541
2020-11-25,37.65644073486328,50.95215606689453,0.0,51.87855911254883,49.56255340576172,51.41535949707031,0.0,7566146
2020-11-26,37.827598571777344,51.18375778198242,0.0,51.41535949707031,50.72055435180664,51.18375778198242,0.0,4844436
2020-11-27,39.025760650634766,52.804962158203125,0.0,53.73136520385742,50.95215606689453,51.18375778198242,0.0,11852726
2020-11-30,38.854591369628906,52.573360443115234,0.0,53.26816177368164,51.87855911254883,52.34176254272461,0.0,8827908
2020-12-01,38.1699333190918,51.64695739746094,0.0,52.804962158203125,50.72055435180664,52.573360443115234,0.0,9015084
2020-12-02,38.1699333190918,51.64695739746094,0.0,52.34176254272461,51.18375778198242,51.18375778198242,0.0,5489620
2020-12-03,39.025760650634766,52.804962158203125,0.0,53.26816177368164,51.41535949707031,51.87855911254883,0.0,6555463
2020-12-04,39.196929931640625,53.036563873291016,0.0,53.73136520385742,52.34176254272461,53.036563873291016,0.0,5827486
2020-12-08,39.36809158325195,53.26816177368164,0.0,54.19456481933594,53.036563873291016,53.26816177368164,0.0,8108567
2020-12-09,38.854591369628906,52.573360443115234,0.0,53.73136520385742,52.34176254272461,53.73136520385742,0.0,7500948
2020-12-14,38.683433532714844,52.34176254272461,0.0,53.036563873291016,51.87855911254883,52.804962158203125,0.0,3695152
2020-12-15,38.34109878540039,51.87855911254883,0.0,52.34176254272461,51.18375778198242,52.34176254272461,0.0,4162659
2020-12-16,38.51226806640625,52.11016082763672,0.0,52.804962158203125,51.64695739746094,51.87855911254883,0.0,3674211
2020-12-17,38.34109878540039,51.87855911254883,0.0,52.573360443115234,51.64695739746094,52.11016082763672,0.0,3795433
2020-12-18,38.34109878540039,51.87855911254883,0.0,52.11016082763672,50.95215606689453,51.87855911254883,0.0,6236055
2020-12-21,35.94478225708008,48.63615036010742,0.0,50.72055435180664,48.63615036010742,50.025753021240234,0.0,8759040
2020-12-22,36.287109375,49.09934997558594,0.0,49.794151306152344,47.94134521484375,48.40454864501953,0.0,3489086
2020-12-23,36.287109375,49.09934997558594,0.0,50.257354736328125,48.86774826049805,49.09934997558594,0.0,3094334
2020-12-24,36.80060958862305,49.794151306152344,0.0,50.488956451416016,48.86774826049805,49.09934997558594,0.0,2935332
2020-12-25,36.62944793701172,49.56255340576172,0.0,50.72055435180664,49.33095169067383,50.257354736328125,0.0,2973652
2020-12-28,37.31410598754883,50.488956451416016,0.0,51.64695739746094,49.56255340576172,49.794151306152344,0.0,10365468
2020-12-29,36.80060958862305,49.794151306152344,0.0,51.18375778198242,49.33095169067383,50.72055435180664,0.0,10785588
2020-12-30,36.287109375,49.09934997558594,0.0,50.488956451416016,48.86774826049805,49.794151306152344,0.0,6868718
2021-01-04,36.80060958862305,49.794151306152344,0.0,50.025753021240234,48.40454864501953,48.63615036010742,0.0,5313131
2021-01-05,37.31410598754883,50.488956451416016,0.0,51.18375778198242,49.33095169067383,49.33095169067383,0.0,12282993
2021-01-06,36.97176742553711,50.025753021240234,0.0,53.26816177368164,49.794151306152344,50.95215606689453,0.0,20830894
2021-01-07,36.97176742553711,50.025753021240234,0.0,51.18375778198242,49.794151306152344,50.488956451416016,0.0,10517022
2021-01-08,36.458274841308594,49.33095169067383,0.0,50.488956451416016,49.09934997558594,50.257354736328125,0.0,9496084
2021-01-11,36.458274841308594,49.33095169067383,0.0,50.257354736328125,49.09934997558594,49.33095169067383,0.0,6457341
2021-01-12,36.458274841308594,49.33095169067383,0.0,50.025753021240234,49.09934997558594,49.33095169067383,0.0,6755376
2021-01-13,36.287109375,49.09934997558594,0.0,49.56255340576172,48.86774826049805,49.33095169067383,0.0,5820577
2021-01-14,36.287109375,49.09934997558594,0.0,49.56255340576172,48.86774826049805,49.09934997558594,0.0,3916762
2021-01-15,35.602447509765625,48.17294692993164,0.0,49.33095169067383,47.94134521484375,49.33095169067383,0.0,9041746
2021-01-18,35.2601203918457,47.709747314453125,0.0,48.17294692993164,47.478145599365234,48.17294692993164,0.0,5549421
2021-01-19,35.602447509765625,48.17294692993164,0.0,49.09934997558594,47.94134521484375,47.94134521484375,0.0,6513041
2021-01-20,35.43128204345703,47.94134521484375,0.0,48.63615036010742,47.709747314453125,48.17294692993164,0.0,6190503
2021-01-21,34.57545852661133,46.78334426879883,0.0,48.63615036010742,46.78334426879883,48.17294692993164,0.0,11295733
2021-01-22,34.74660873413086,47.01494216918945,0.0,47.709747314453125,46.55174255371094,46.78334426879883,0.0,6297368
2021-01-25,34.4042854309082,46.55174255371094,0.0,47.246543884277344,46.55174255371094,46.78334426879883,0.0,3983903
2021-01-26,34.57545852661133,46.78334426879883,0.0,47.01494216918945,46.32014083862305,46.78334426879883,0.0,7650343
2021-01-27,34.233123779296875,46.32014083862305,0.0,47.709747314453125,46.32014083862305,46.78334426879883,0.0,6588494
2021-01-28,33.89079284667969,45.85694122314453,0.0,46.55174255371094,45.62533950805664,46.32014083862305,0.0,7453129
2021-01-29,33.89079284667969,45.85694122314453,0.0,46.088539123535156,45.39373779296875,46.088539123535156,0.0,7635447
2021-02-01,33.5484619140625,45.39373779296875,0.0,45.85694122314453,44.930538177490234,45.85694122314453,0.0,6623144
2021-02-02,33.89079284667969,45.85694122314453,0.0,46.32014083862305,45.162139892578125,45.62533950805664,0.0,6195037
2021-02-03,33.5484619140625,45.39373779296875,0.0,46.55174255371094,45.39373779296875,46.088539123535156,0.0,6697518
2021-02-04,33.89079284667969,45.85694122314453,0.0,46.088539123535156,45.162139892578125,45.39373779296875,0.0,6266388
2021-02-05,33.89079284667969,45.85694122314453,0.0,46.32014083862305,45.62533950805664,46.088539123535156,0.0,5711985
2021-02-08,34.917789459228516,47.246543884277344,0.0,47.94134521484375,46.088539123535156,46.088539123535156,0.0,10698153
2021-02-09,35.2601203918457,47.709747314453125,0.0,48.17294692993164,47.478145599365234,47.709747314453125,0.0,5933056
2021-02-10,35.94478225708008,48.63615036010742,0.0,48.86774826049805,47.709747314453125,47.94134521484375,0.0,9970068
2021-02-11,35.43128204345703,47.94134521484375,0.0,48.86774826049805,47.94134521484375,48.86774826049805,0.0,6625195
2021-02-15,35.2601203918457,47.709747314453125,0.0,48.17294692993164,47.246543884277344,47.94134521484375,0.0,5516822
2021-02-16,35.94478225708008,48.63615036010742,0.0,48.86774826049805,48.40454864501953,48.63615036010742,0.0,8266921
2021-02-17,35.94478225708008,48.63615036010742,0.0,48.86774826049805,48.40454864501953,48.63615036010742,0.0,4950438
2021-02-18,35.602447509765625,48.17294692993164,0.0,48.86774826049805,47.94134521484375,48.63615036010742,0.0,6011423
2021-02-19,35.43128204345703,47.94134521484375,0.0,48.40454864501953,47.709747314453125,48.17294692993164,0.0,3642691
2021-02-22,35.088951110839844,47.478145599365234,0.0,48.17294692993164,47.478145599365234,47.94134521484375,0.0,3713827
2021-02-23,35.2601203918457,47.709747314453125,0.0,47.94134521484375,47.246543884277344,47.478145599365234,0.0,4315293
2021-02-24,35.773616790771484,48.40454864501953,0.0,48.40454864501953,47.709747314453125,47.709747314453125,0.0,4357499
2021-02-25,35.088951110839844,47.478145599365234,0.0,48.63615036010742,47.246543884277344,48.63615036010742,0.0,8555025
2021-03-01,35.088951110839844,47.478145599365234,0.0,48.63615036010742,47.01494216918945,47.478145599365234,0.0,6124441
2021-03-02,35.61528778076172,47.01494216918945,1.158004,47.246543884277344,46.55174255371094,47.01494216918945,0.0,3569937
2021-03-03,35.79073715209961,47.246543884277344,0.0,47.478145599365234,46.78334426879883,47.01494216918945,0.0,5398407
2021-03-04,35.439842224121094,46.78334426879883,0.0,47.246543884277344,46.55174255371094,47.01494216918945,0.0,7442010
2021-03-05,35.264404296875,46.55174255371094,0.0,47.246543884277344,46.088539123535156,46.55174255371094,0.0,6712954
2021-03-08,35.088951110839844,46.32014083862305,0.0,47.709747314453125,46.32014083862305,46.55174255371094,0.0,7617744
2021-03-09,35.088951110839844,46.32014083862305,0.0,46.78334426879883,45.85694122314453,46.32014083862305,0.0,9106405
2021-03-10,35.61528778076172,47.01494216918945,0.0,47.01494216918945,46.32014083862305,46.55174255371094,0.0,5692447
2021-03-11,35.79073715209961,47.246543884277344,0.0,48.17294692993164,47.01494216918945,47.246543884277344,0.0,7704423
2021-03-12,36.141624450683594,47.709747314453125,0.0,48.40454864501953,47.478145599365234,47.478145599365234,0.0,11174620
2021-03-15,36.31706237792969,47.94134521484375,0.0,48.40454864501953,47.709747314453125,48.17294692993164,0.0,3517152
2021-03-16,36.141624450683594,47.709747314453125,0.0,48.40454864501953,47.709747314453125,47.94134521484375,0.0,3095305
2021-03-17,35.96617889404297,47.478145599365234,0.0,47.94134521484375,47.246543884277344,47.709747314453125,0.0,3478184
2021-03-18,35.96617889404297,47.478145599365234,0.0,47.94134521484375,47.478145599365234,47.709747314453125,0.0,3820476
2021-03-19,35.61528778076172,47.01494216918945,0.0,47.709747314453125,47.01494216918945,47.478145599365234,0.0,4320150
2021-03-22,36.66794967651367,48.40454864501953,0.0,48.40454864501953,46.78334426879883,47.246543884277344,0.0,8107919
2021-03-23,35.96617889404297,47.478145599365234,0.0,49.33095169067383,47.246543884277344,48.86774826049805,0.0,15509775
2021-03-24,36.31706237792969,47.94134521484375,0.0,48.17294692993164,47.01494216918945,47.709747314453125,0.0,6233789
2021-03-25,36.31706237792969,47.94134521484375,0.0,48.40454864501953,47.94134521484375,47.94134521484375,0.0,3984983
2021-03-26,36.31706237792969,47.94134521484375,0.0,48.40454864501953,47.709747314453125,47.94134521484375,0.0,2810548
2021-03-29,36.141624450683594,47.709747314453125,0.0,48.40454864501953,47.709747314453125,48.17294692993164,0.0,5556437
2021-03-30,35.96617889404297,47.478145599365234,0.0,48.17294692993164,47.478145599365234,47.709747314453125,0.0,4974293
2021-03-31,35.96617889404297,47.478145599365234,0.0,47.94134521484375,47.478145599365234,47.478145599365234,0.0,3295542
2021-04-01,36.141624450683594,47.709747314453125,0.0,47.94134521484375,47.478145599365234,47.478145599365234,0.0,3253660
2021-04-02,35.79073715209961,47.246543884277344,0.0,47.94134521484375,47.246543884277344,47.709747314453125,0.0,3009813
2021-04-05,35.61528778076172,47.01494216918945,0.0,47.478145599365234,46.55174255371094,47.246543884277344,0.0,4976020
2021-04-07,35.264404296875,46.55174255371094,0.0,47.01494216918945,46.32014083862305,46.78334426879883,0.0,6017036
2021-04-08,35.264404296875,46.55174255371094,0.0,46.78334426879883,46.32014083862305,46.32014083862305,0.0,3921188
2021-04-09,35.264404296875,46.55174255371094,0.0,46.78334426879883,46.088539123535156,46.55174255371094,0.0,5845621
2021-04-12,34.913509368896484,46.088539123535156,0.0,46.78334426879883,46.088539123535156,46.32014083862305,0.0,6370446
2021-04-16,34.913509368896484,46.088539123535156,0.0,46.32014083862305,45.85694122314453,46.088539123535156,0.0,3004740
2021-04-19,35.088951110839844,46.32014083862305,0.0,46.78334426879883,45.85694122314453,46.088539123535156,0.0,5623255
2021-04-20,35.088951110839844,46.32014083862305,0.0,47.01494216918945,46.088539123535156,46.32014083862305,0.0,4482175
2021-04-21,35.088951110839844,46.32014083862305,0.0,46.55174255371094,46.088539123535156,46.32014083862305,0.0,1860961
2021-04-22,35.088951110839844,46.32014083862305,0.0,47.246543884277344,46.32014083862305,46.55174255371094,0.0,5120234
2021-04-23,35.088951110839844,46.32014083862305,0.0,46.55174255371094,46.088539123535156,46.55174255371094,0.0,2928207
2021-04-26,34.913509368896484,46.088539123535156,0.0,46.55174255371094,45.85694122314453,46.088539123535156,0.0,2575121
2021-04-27,34.73806381225586,45.85694122314453,0.0,46.32014083862305,45.85694122314453,46.088539123535156,0.0,2958863
2021-04-28,35.088951110839844,46.32014083862305,0.0,47.01494216918945,45.85694122314453,46.088539123535156,0.0,5178956
2021-04-29,35.439842224121094,46.78334426879883,0.0,47.01494216918945,46.55174255371094,46.55174255371094,0.0,3324039
2021-04-30,35.439842224121094,46.78334426879883,0.0,46.78334426879883,46.32014083862305,46.78334426879883,0.0,1945589
2021-05-05,34.913509368896484,46.088539123535156,0.0,46.78334426879883,45.85694122314453,46.55174255371094,0.0,6372605
2021-05-06,35.088951110839844,46.32014083862305,0.0,46.55174255371094,45.85694122314453,46.088539123535156,0.0,3004308
2021-05-07,35.264404296875,46.55174255371094,0.0,47.01494216918945,46.32014083862305,46.55174255371094,0.0,3746426
2021-05-10,35.264404296875,46.55174255371094,0.0,47.01494216918945,46.32014083862305,46.78334426879883,0.0,2741571
2021-05-11,35.264404296875,46.55174255371094,0.0,46.78334426879883,46.088539123535156,46.55174255371094,0.0,3906399
2021-05-12,34.913509368896484,46.088539123535156,0.0,46.55174255371094,46.088539123535156,46.55174255371094,0.0,2819399
2021-05-13,34.73806381225586,45.85694122314453,0.0,46.32014083862305,45.162139892578125,46.088539123535156,0.0,8526636
2021-05-14,35.264404296875,46.55174255371094,0.0,47.01494216918945,45.85694122314453,46.32014083862305,0.0,6870876
2021-05-17,34.913509368896484,46.088539123535156,0.0,46.55174255371094,46.088539123535156,46.55174255371094,0.0,3404458
2021-05-18,34.913509368896484,46.088539123535156,0.0,46.55174255371094,46.088539123535156,46.32014083862305,0.0,2429828
2021-05-19,35.088951110839844,46.32014083862305,0.0,46.55174255371094,45.85694122314453,46.088539123535156,0.0,3538849
2021-05-20,34.913509368896484,46.088539123535156,0.0,46.55174255371094,46.088539123535156,46.32014083862305,0.0,2310657
2021-05-21,35.088951110839844,46.32014083862305,0.0,46.32014083862305,45.85694122314453,46.088539123535156,0.0,1891941
2021-05-24,34.913509368896484,46.088539123535156,0.0,46.55174255371094,45.85694122314453,46.32014083862305,0.0,3917194
2021-05-25,34.913509368896484,46.088539123535156,0.0,46.32014083862305,46.088539123535156,46.088539123535156,0.0,1058502
2021-05-27,36.31706237792969,47.94134521484375,0.0,47.94134521484375,46.088539123535156,46.088539123535156,0.0,14467787
2021-05-28,35.61528778076172,47.01494216918945,0.0,48.17294692993164,47.01494216918945,47.94134521484375,0.0,6529232
2021-05-31,35.96617889404297,47.478145599365234,0.0,47.709747314453125,47.01494216918945,47.246543884277344,0.0,3365706
2021-06-01,36.31706237792969,47.94134521484375,0.0,48.40454864501953,47.478145599365234,47.709747314453125,0.0,10956032
2021-06-02,36.31706237792969,47.94134521484375,0.0,48.63615036010742,47.709747314453125,48.17294692993164,0.0,6928735
2021-06-04,36.31706237792969,47.94134521484375,0.0,48.40454864501953,47.709747314453125,47.94134521484375,0.0,5930897
2021-06-07,36.141624450683594,47.709747314453125,0.0,47.94134521484375,47.246543884277344,47.709747314453125,0.0,3557307
2021-06-08,35.79073715209961,47.246543884277344,0.0,47.478145599365234,47.01494216918945,47.478145599365234,0.0,4961988
2021-06-09,35.96617889404297,47.478145599365234,0.0,47.94134521484375,47.246543884277344,47.246543884277344,0.0,5054820
2021-06-10,37.19429016113281,49.09934997558594,0.0,49.09934997558594,47.478145599365234,47.478145599365234,0.0,17961624
2021-06-11,37.54518508911133,49.56255340576172,0.0,49.794151306152344,49.09934997558594,49.33095169067383,0.0,9927538
2021-06-14,37.19429016113281,49.09934997558594,0.0,49.794151306152344,49.09934997558594,49.794151306152344,0.0,6353931
2021-06-15,36.66794967651367,48.40454864501953,0.0,49.09934997558594,48.17294692993164,49.09934997558594,0.0,6037870
2021-06-16,36.66794967651367,48.40454864501953,0.0,48.63615036010742,48.17294692993164,48.40454864501953,0.0,2016077
2021-06-17,36.31706237792969,47.94134521484375,0.0,48.40454864501953,47.94134521484375,48.17294692993164,0.0,4131356
2021-06-18,37.01884078979492,48.86774826049805,0.0,48.86774826049805,47.709747314453125,47.94134521484375,0.0,6220943
2021-06-21,36.66794967651367,48.40454864501953,0.0,48.86774826049805,47.94134521484375,48.40454864501953,0.0,5927766
2021-06-22,36.31706237792969,47.94134521484375,0.0,48.86774826049805,47.94134521484375,48.63615036010742,0.0,2825120
2021-06-23,32.98362350463867,43.54093551635742,0.0,44.698936462402344,42.382930755615234,42.614532470703125,0.0,104155443
2021-06-24,31.75550079345703,41.91972732543945,0.0,43.30933380126953,41.68812942504883,43.07773208618164,0.0,46289689
2021-06-25,31.580055236816406,41.68812942504883,0.0,42.614532470703125,41.45652770996094,42.151329040527344,0.0,25772265
2021-06-28,31.75550079345703,41.91972732543945,0.0,42.382930755615234,41.45652770996094,41.68812942504883,0.0,11795084
2021-06-29,32.10639572143555,42.382930755615234,0.0,42.382930755615234,41.91972732543945,41.91972732543945,0.0,7263146
2021-06-30,32.10639572143555,42.382930755615234,0.0,42.614532470703125,41.91972732543945,42.382930755615234,0.0,10773930
2021-07-01,31.930950164794922,42.151329040527344,0.0,42.614532470703125,42.151329040527344,42.382930755615234,0.0,5140528
2021-07-02,31.580055236816406,41.68812942504883,0.0,42.382930755615234,41.68812942504883,42.151329040527344,0.0,6494906
2021-07-05,31.75550079345703,41.91972732543945,0.0,42.151329040527344,41.68812942504883,41.68812942504883,0.0,3120456
2021-07-06,31.75550079345703,41.91972732543945,0.0,42.151329040527344,41.91972732543945,41.91972732543945,0.0,2306232
2021-07-07,31.229167938232422,41.22492599487305,0.0,42.151329040527344,41.22492599487305,41.91972732543945,0.0,7449782
2021-07-08,30.702835083007812,40.53012466430664,0.0,41.45652770996094,40.29852294921875,41.22492599487305,0.0,8992847
2021-07-09,30.87827491760254,40.76172637939453,0.0,41.22492599487305,40.29852294921875,40.53012466430664,0.0,7796824
2021-07-12,31.404613494873047,41.45652770996094,0.0,41.68812942504883,40.993324279785156,40.993324279785156,0.0,4776971
2021-07-13,31.229167938232422,41.22492599487305,0.0,41.68812942504883,41.22492599487305,41.68812942504883,0.0,4606311
2021-07-14,31.229167938232422,41.22492599487305,0.0,42.151329040527344,41.22492599487305,41.22492599487305,0.0,5636316
2021-07-15,31.053720474243164,40.993324279785156,0.0,41.68812942504883,40.993324279785156,41.68812942504883,0.0,3972569
2021-07-16,31.229167938232422,41.22492599487305,0.0,41.68812942504883,40.993324279785156,41.22492599487305,0.0,4643444
2021-07-19,31.053720474243164,40.993324279785156,0.0,41.22492599487305,40.76172637939453,41.22492599487305,0.0,5031504
2021-07-20,30.87827491760254,40.76172637939453,0.0,41.22492599487305,40.53012466430664,40.993324279785156,0.0,4327059
2021-07-21,30.87827491760254,40.76172637939453,0.0,40.993324279785156,40.29852294921875,40.76172637939453,0.0,4201303
2021-07-22,30.87827491760254,40.76172637939453,0.0,40.993324279785156,40.53012466430664,40.76172637939453,0.0,2597250
2021-07-23,31.053720474243164,40.993324279785156,0.0,41.22492599487305,40.76172637939453,40.76172637939453,0.0,1958111
2021-07-27,31.053720474243164,40.993324279785156,0.0,41.22492599487305,40.53012466430664,40.993324279785156,0.0,4466847
2021-07-29,30.527389526367188,40.29852294921875,0.0,40.993324279785156,40.29852294921875,40.76172637939453,0.0,5915569
2021-07-30,29.825613021850586,39.37211990356445,0.0,40.53012466430664,39.14051818847656,40.29852294921875,0.0,14087175
2021-08-02,29.650169372558594,39.14051818847656,0.0,39.603721618652344,38.90892028808594,39.37211990356445,0.0,6482385
2021-08-03,30.351945877075195,40.06692123413086,0.0,40.29852294921875,39.14051818847656,39.14051818847656,0.0,5761100
2021-08-04,31.053720474243164,40.993324279785156,0.0,41.45652770996094,39.835323333740234,40.29852294921875,0.0,11993594
2021-08-05,30.702835083007812,40.53012466430664,0.0,40.993324279785156,40.29852294921875,40.993324279785156,0.0,2338291
2021-08-06,31.053720474243164,40.993324279785156,0.0,41.22492599487305,40.29852294921875,40.53012466430664,0.0,3892475
2021-08-09,31.053720474243164,40.993324279785156,0.0,41.45652770996094,40.993324279785156,41.22492599487305,0.0,2207570
2021-08-10,30.87827491760254,40.76172637939453,0.0,41.68812942504883,40.76172637939453,40.993324279785156,0.0,6209285
2021-08-11,30.87827491760254,40.76172637939453,0.0,41.91972732543945,40.76172637939453,40.993324279785156,0.0,6703347
2021-08-13,30.702835083007812,40.53012466430664,0.0,41.22492599487305,40.29852294921875,40.76172637939453,0.0,7410922
2021-08-16,31.580055236816406,41.68812942504883,0.0,41.68812942504883,40.76172637939453,40.993324279785156,0.0,11607908
2021-08-17,31.053720474243164,40.993324279785156,0.0,42.151329040527344,40.993324279785156,41.91972732543945,0.0,7290672
2021-08-18,31.053720474243164,40.993324279785156,0.0,41.22492599487305,40.76172637939453,41.22492599487305,0.0,6595942
2021-08-19,31.053720474243164,40.993324279785156,0.0,41.45652770996094,40.993324279785156,40.993324279785156,0.0,3160288
2021-08-20,31.229167938232422,41.22492599487305,0.0,41.45652770996094,41.22492599487305,41.22492599487305,0.0,3529458
2021-08-23,31.930950164794922,42.151329040527344,0.0,42.382930755615234,41.22492599487305,41.45652770996094,0.0,7619363
2021-08-24,31.75550079345703,41.91972732543945,0.0,42.382930755615234,41.68812942504883,42.151329040527344,0.0,6106738
2021-08-25,32.10639572143555,42.382930755615234,0.0,43.07773208618164,41.91972732543945,42.382930755615234,0.0,9749106
2021-08-26,32.45728302001953,42.84613037109375,0.0,43.07773208618164,42.382930755615234,42.84613037109375,0.0,5318528
2021-08-27,32.632728576660156,43.07773208618164,0.0,43.30933380126953,42.614532470703125,43.07773208618164,0.0,6123146
2021-08-30,32.632728576660156,43.07773208618164,0.0,43.54093551635742,42.84613037109375,43.30933380126953,0.0,9755043
2021-08-31,33.1590576171875,43.77253341674805,0.0,44.46733474731445,43.07773208618164,43.30933380126953,0.0,16905712
2021-09-01,32.98362350463867,43.54093551635742,0.0,44.00413513183594,43.30933380126953,44.00413513183594,0.0,6742531
2021-09-02,32.80817413330078,43.30933380126953,0.0,43.77253341674805,43.07773208618164,43.54093551635742,0.0,6080508
2021-09-03,32.98362350463867,43.54093551635742,0.0,43.54093551635742,43.07773208618164,43.54093551635742,0.0,6702483
2021-09-06,32.98362350463867,43.54093551635742,0.0,44.00413513183594,43.30933380126953,43.77253341674805,0.0,6978497
2021-09-07,32.731834411621094,42.151329040527344,1.065363,42.614532470703125,41.91972732543945,42.382930755615234,0.0,4993184
2021-09-08,32.731834411621094,42.151329040527344,0.0,42.382930755615234,41.68812942504883,42.151329040527344,0.0,3822958
2021-09-09,32.37214279174805,41.68812942504883,0.0,42.382930755615234,41.45652770996094,42.151329040527344,0.0,5255920
2021-09-10,32.731834411621094,42.151329040527344,0.0,42.151329040527344,41.45652770996094,41.91972732543945,0.0,3244700
2021-09-13,32.731834411621094,42.151329040527344,0.0,42.382930755615234,41.91972732543945,41.91972732543945,0.0,5252574
2021-09-14,32.911678314208984,42.382930755615234,0.0,42.84613037109375,42.151329040527344,42.151329040527344,0.0,5318312
2021-09-15,33.091522216796875,42.614532470703125,0.0,42.84613037109375,42.382930755615234,42.614532470703125,0.0,1029681
2021-09-16,32.731834411621094,42.151329040527344,0.0,42.614532470703125,42.151329040527344,42.614532470703125,0.0,1993085
2021-09-17,33.091522216796875,42.614532470703125,0.0,42.614532470703125,41.68812942504883,42.151329040527344,0.0,5396464
2021-09-20,32.55198287963867,41.91972732543945,0.0,42.382930755615234,41.91972732543945,42.382930755615234,0.0,3389562
2021-09-21,32.731834411621094,42.151329040527344,0.0,42.614532470703125,41.91972732543945,42.151329040527344,0.0,1915365
2021-09-22,32.731834411621094,42.151329040527344,0.0,42.382930755615234,41.91972732543945,42.151329040527344,0.0,4716522
2021-09-23,32.731834411621094,42.151329040527344,0.0,42.614532470703125,41.91972732543945,42.151329040527344,0.0,3688244
2021-09-27,32.731834411621094,42.151329040527344,0.0,42.614532470703125,41.68812942504883,42.151329040527344,0.0,5162656
2021-09-28,32.37214279174805,41.68812942504883,0.0,42.151329040527344,41.68812942504883,42.151329040527344,0.0,2630497
2021-09-29,32.37214279174805,41.68812942504883,0.0,42.151329040527344,41.68812942504883,41.68812942504883,0.0,3637186
2021-09-30,32.55198287963867,41.91972732543945,0.0,42.382930755615234,41.68812942504883,41.68812942504883,0.0,3525356
2021-10-01,32.55198287963867,41.91972732543945,0.0,42.151329040527344,41.68812942504883,41.91972732543945,0.0,2132441
2021-10-04,33.091522216796875,42.614532470703125,0.0,42.84613037109375,41.91972732543945,41.91972732543945,0.0,4371208
2021-10-05,32.911678314208984,42.382930755615234,0.0,42.614532470703125,42.151329040527344,42.382930755615234,0.0,2088184
2021-10-06,32.911678314208984,42.382930755615234,0.0,42.84613037109375,42.382930755615234,42.382930755615234,0.0,3396578
2021-10-07,33.27136993408203,42.84613037109375,0.0,42.84613037109375,42.382930755615234,42.382930755615234,0.0,3010893
2021-10-08,33.45121383666992,43.07773208618164,0.0,43.54093551635742,42.84613037109375,42.84613037109375,0.0,4608038
2021-10-11,32.911678314208984,42.382930755615234,0.0,43.30933380126953,42.151329040527344,43.07773208618164,0.0,4611708
2021-10-12,33.27136993408203,42.84613037109375,0.0,42.84613037109375,42.382930755615234,42.614532470703125,0.0,2101893
2021-10-14,33.27136993408203,42.84613037109375,0.0,43.07773208618164,42.382930755615234,42.84613037109375,0.0,5164383
2021-10-15,33.27136993408203,42.84613037109375,0.0,42.84613037109375,42.382930755615234,42.84613037109375,0.0,2155757
2021-10-18,33.45121383666992,43.07773208618164,0.0,43.54093551635742,42.614532470703125,42.84613037109375,0.0,6676469
2021-10-19,33.27136993408203,42.84613037109375,0.0,43.30933380126953,42.614532470703125,43.07773208618164,0.0,4301044
2021-10-20,33.091522216796875,42.614532470703125,0.0,42.84613037109375,42.382930755615234,42.84613037109375,0.0,3132222
2021-10-21,33.091522216796875,42.614532470703125,0.0,42.84613037109375,42.151329040527344,42.614532470703125,0.0,8650664
2021-10-25,33.091522216796875,42.614532470703125,0.0,43.07773208618164,42.614532470703125,42.614532470703125,0.0,3261755
2021-10-26,32.911678314208984,42.382930755615234,0.0,43.07773208618164,42.382930755615234,42.84613037109375,0.0,6647000
2021-10-27,32.911678314208984,42.382930755615234,0.0,42.614532470703125,42.151329040527344,42.382930755615234,0.0,3787013
2021-10-28,33.091522216796875,42.614532470703125,0.0,42.84613037109375,42.151329040527344,42.382930755615234,0.0,4374122
2021-10-29,32.731834411621094,42.151329040527344,0.0,42.84613037109375,42.151329040527344,42.614532470703125,0.0,4136537
2021-11-01,32.37214279174805,41.68812942504883,0.0,42.614532470703125,41.45652770996094,42.151329040527344,0.0,10512273
2021-11-02,32.55198287963867,41.91972732543945,0.0,42.151329040527344,41.45652770996094,41.68812942504883,0.0,6040028
2021-11-03,32.192298889160156,41.45652770996094,0.0,42.151329040527344,41.22492599487305,41.91972732543945,0.0,5528696
2021-11-04,32.37214279174805,41.68812942504883,0.0,41.91972732543945,41.45652770996094,41.45652770996094,0.0,3369916
2021-11-05,32.37214279174805,41.68812942504883,0.0,41.68812942504883,41.45652770996094,41.68812942504883,0.0,1853729
2021-11-08,31.65275764465332,40.76172637939453,0.0,41.68812942504883,40.53012466430664,41.68812942504883,0.0,8383825
2021-11-09,31.83260154724121,40.993324279785156,0.0,41.22492599487305,40.53012466430664,40.76172637939453,0.0,7495335
2021-11-10,31.83260154724121,40.993324279785156,0.0,41.45652770996094,40.76172637939453,40.993324279785156,0.0,7571112
2021-11-11,31.83260154724121,40.993324279785156,0.0,41.45652770996094,40.993324279785156,40.993324279785156,0.0,2113227
2021-11-12,32.012451171875,41.22492599487305,0.0,41.68812942504883,40.993324279785156,40.993324279785156,0.0,2166228
2021-11-15,32.37214279174805,41.68812942504883,0.0,41.91972732543945,41.22492599487305,41.45652770996094,0.0,3670973
2021-11-16,32.192298889160156,41.45652770996094,0.0,42.151329040527344,41.45652770996094,41.91972732543945,0.0,3042736
2021-11-17,32.37214279174805,41.68812942504883,0.0,41.91972732543945,41.45652770996094,41.45652770996094,0.0,2571127
2021-11-18,32.192298889160156,41.45652770996094,0.0,41.91972732543945,41.45652770996094,41.45652770996094,0.0,4155643
2021-11-19,32.37214279174805,41.68812942504883,0.0,41.91972732543945,41.45652770996094,41.45652770996094,0.0,4682304
2021-11-22,32.911678314208984,42.382930755615234,0.0,42.84613037109375,41.68812942504883,41.68812942504883,0.0,8865365
2021-11-23,32.731834411621094,42.151329040527344,0.0,42.84613037109375,41.91972732543945,42.382930755615234,0.0,5708531
2021-11-24,32.731834411621094,42.151329040527344,0.0,42.382930755615234,41.91972732543945,42.151329040527344,0.0,3800614
2021-11-25,32.55198287963867,41.91972732543945,0.0,42.151329040527344,41.68812942504883,41.91972732543945,0.0,3600701
2021-11-26,32.012451171875,41.22492599487305,0.0,41.91972732543945,40.993324279785156,41.91972732543945,0.0,7461008
2021-11-29,31.472917556762695,40.53012466430664,0.0,41.45652770996094,40.53012466430664,41.22492599487305,0.0,5331158
2021-11-30,31.113222122192383,40.06692123413086,0.0,41.22492599487305,40.06692123413086,40.76172637939453,0.0,10858127
2021-12-01,31.29306983947754,40.29852294921875,0.0,40.53012466430664,39.603721618652344,40.29852294921875,0.0,6364941
2021-12-02,31.29306983947754,40.29852294921875,0.0,40.76172637939453,40.06692123413086,40.29852294921875,0.0,4497179
2021-12-03,31.113222122192383,40.06692123413086,0.0,40.76172637939453,40.06692123413086,40.29852294921875,0.0,5544564
2021-12-07,31.472917556762695,40.53012466430664,0.0,40.993324279785156,40.29852294921875,40.29852294921875,0.0,5322738
2021-12-08,31.65275764465332,40.76172637939453,0.0,40.993324279785156,40.53012466430664,40.76172637939453,0.0,2782266
2021-12-09,31.65275764465332,40.76172637939453,0.0,40.993324279785156,40.53012466430664,40.76172637939453,0.0,2074907
2021-12-13,31.83260154724121,40.993324279785156,0.0,41.22492599487305,40.53012466430664,40.76172637939453,0.0,2896040
2021-12-14,32.012451171875,41.22492599487305,0.0,41.22492599487305,40.53012466430664,40.993324279785156,0.0,3226134
2021-12-15,32.192298889160156,41.45652770996094,0.0,41.68812942504883,40.993324279785156,41.22492599487305,0.0,2684253
2021-12-16,32.37214279174805,41.68812942504883,0.0,41.91972732543945,41.22492599487305,41.45652770996094,0.0,2912016
2021-12-17,32.37214279174805,41.68812942504883,0.0,42.151329040527344,41.45652770996094,41.91972732543945,0.0,5349832
2021-12-20,32.37214279174805,41.68812942504883,0.0,42.382930755615234,41.45652770996094,41.68812942504883,0.0,7152719
2021-12-21,32.55198287963867,41.91972732543945,0.0,42.151329040527344,41.45652770996094,41.68812942504883,0.0,2300511
2021-12-22,31.83260154724121,40.993324279785156,0.0,41.91972732543945,40.993324279785156,41.91972732543945,0.0,4112897
2021-12-23,32.192298889160156,41.45652770996094,0.0,41.68812942504883,41.22492599487305,41.22492599487305,0.0,2474085
2021-12-24,32.37214279174805,41.68812942504883,0.0,41.68812942504883,41.22492599487305,41.45652770996094,0.0,2602107
2021-12-27,32.37214279174805,41.68812942504883,0.0,41.91972732543945,41.45652770996094,41.68812942504883,0.0,1136114
2021-12-28,32.55198287963867,41.91972732543945,0.0,41.91972732543945,41.45652770996094,41.68812942504883,0.0,2228620
2021-12-29,32.37214279174805,41.68812942504883,0.0,41.91972732543945,41.45652770996094,41.68812942504883,0.0,2234557
2021-12-30,32.37214279174805,41.68812942504883,0.0,42.151329040527344,41.45652770996094,41.68812942504883,0.0,3373370
2022-01-04,32.55198287963867,41.91972732543945,0.0,42.151329040527344,41.45652770996094,41.91972732543945,0.0,3011972
2022-01-05,32.55198287963867,41.91972732543945,0.0,41.91972732543945,41.45652770996094,41.68812942504883,0.0,2247726
2022-01-06,32.012451171875,41.22492599487305,0.0,41.91972732543945,41.22492599487305,41.91972732543945,0.0,4980986
2022-01-07,31.83260154724121,40.993324279785156,0.0,41.45652770996094,40.76172637939453,41.22492599487305,0.0,3760243
2022-01-10,32.012451171875,41.22492599487305,0.0,41.22492599487305,40.76172637939453,40.993324279785156,0.0,3051696
2022-01-11,32.012451171875,41.22492599487305,0.0,41.68812942504883,40.993324279785156,41.22492599487305,0.0,1575340
2022-01-12,32.37214279174805,41.68812942504883,0.0,41.68812942504883,40.993324279785156,41.45652770996094,0.0,3196449
2022-01-13,32.192298889160156,41.45652770996094,0.0,41.68812942504883,41.22492599487305,41.68812942504883,0.0,3007330
2022-01-14,32.012451171875,41.22492599487305,0.0,41.68812942504883,41.22492599487305,41.45652770996094,0.0,2501719
2022-01-17,32.012451171875,41.22492599487305,0.0,41.45652770996094,41.22492599487305,41.22492599487305,0.0,1895287
2022-01-18,31.83260154724121,40.993324279785156,0.0,41.45652770996094,40.993324279785156,41.22492599487305,0.0,1116684
2022-01-19,32.012451171875,41.22492599487305,0.0,41.45652770996094,40.993324279785156,40.993324279785156,0.0,1489416
2022-01-20,31.65275764465332,40.76172637939453,0.0,41.45652770996094,40.53012466430664,41.22492599487305,0.0,3517152
2022-01-21,31.65275764465332,40.76172637939453,0.0,41.22492599487305,40.76172637939453,40.76172637939453,0.0,1809364
2022-01-24,32.012451171875,41.22492599487305,0.0,41.45652770996094,40.76172637939453,40.76172637939453,0.0,2839585
2022-01-25,32.192298889160156,41.45652770996094,0.0,41.45652770996094,40.76172637939453,40.993324279785156,0.0,3276112
2022-01-26,32.012451171875,41.22492599487305,0.0,41.45652770996094,40.993324279785156,41.45652770996094,0.0,2569616
2022-01-27,32.192298889160156,41.45652770996094,0.0,41.45652770996094,40.993324279785156,41.22492599487305,0.0,2865168
2022-01-28,32.012451171875,41.22492599487305,0.0,41.68812942504883,41.22492599487305,41.45652770996094,0.0,1312603
2022-01-31,32.012451171875,41.22492599487305,0.0,41.91972732543945,41.22492599487305,41.45652770996094,0.0,3524600
2022-02-01,32.012451171875,41.22492599487305,0.0,41.68812942504883,41.22492599487305,41.22492599487305,0.0,1798569
2022-02-02,32.192298889160156,41.45652770996094,0.0,41.68812942504883,40.993324279785156,41.22492599487305,0.0,3395175
2022-02-03,32.37214279174805,41.68812942504883,0.0,41.68812942504883,41.22492599487305,41.45652770996094,0.0,1302133
2022-02-04,32.192298889160156,41.45652770996094,0.0,41.68812942504883,41.22492599487305,41.68812942504883,0.0,3118837
2022-02-07,32.37214279174805,41.68812942504883,0.0,41.68812942504883,41.45652770996094,41.45652770996094,0.0,1246433
2022-02-08,32.55198287963867,41.91972732543945,0.0,42.151329040527344,41.45652770996094,41.68812942504883,0.0,4519524
2022-02-09,32.731834411621094,42.151329040527344,0.0,42.614532470703125,41.68812942504883,41.91972732543945,0.0,10551780
2022-02-10,33.091522216796875,42.614532470703125,0.0,42.84613037109375,42.382930755615234,42.614532470703125,0.0,4776431
2022-02-11,33.091522216796875,42.614532470703125,0.0,42.84613037109375,42.382930755615234,42.84613037109375,0.0,3001501
2022-02-14,32.731834411621094,42.151329040527344,0.0,42.614532470703125,41.91972732543945,42.382930755615234,0.0,2292954
2022-02-15,32.911678314208984,42.382930755615234,0.0,42.614532470703125,42.151329040527344,42.382930755615234,0.0,2045222
2022-02-17,33.45121383666992,43.07773208618164,0.0,43.07773208618164,42.382930755615234,42.614532470703125,0.0,6220511
2022-02-18,33.091522216796875,42.614532470703125,0.0,42.84613037109375,42.151329040527344,42.84613037109375,0.0,6739832
2022-02-21,33.091522216796875,42.614532470703125,0.0,43.07773208618164,42.614532470703125,42.614532470703125,0.0,4542840
2022-02-22,32.911678314208984,42.382930755615234,0.0,42.614532470703125,41.91972732543945,42.382930755615234,0.0,3492541
2022-02-23,33.091522216796875,42.614532470703125,0.0,43.07773208618164,42.151329040527344,42.614532470703125,0.0,5578566
2022-02-24,32.55198287963867,41.91972732543945,0.0,42.614532470703125,41.45652770996094,42.614532470703125,0.0,6851123
2022-02-25,32.731834411621094,42.151329040527344,0.0,42.382930755615234,41.91972732543945,41.91972732543945,0.0,3078682
2022-02-28,33.091522216796875,42.614532470703125,0.0,42.84613037109375,41.91972732543945,41.91972732543945,0.0,4030320
2022-03-01,32.55198287963867,41.91972732543945,0.0,42.614532470703125,41.91972732543945,42.614532470703125,0.0,3455192
2022-03-02,32.911678314208984,42.382930755615234,0.0,42.382930755615234,41.91972732543945,41.91972732543945,0.0,4296942
2022-03-03,32.731834411621094,42.151329040527344,0.0,42.614532470703125,41.91972732543945,42.614532470703125,0.0,2872940
2022-03-04,32.911678314208984,42.382930755615234,0.0,42.84613037109375,41.91972732543945,42.151329040527344,0.0,6009912
2022-03-07,31.83260154724121,40.993324279785156,0.0,42.382930755615234,40.993324279785156,42.151329040527344,0.0,8428838
2022-03-08,31.65275764465332,40.76172637939453,0.0,41.45652770996094,40.06692123413086,41.22492599487305,0.0,6503758
2022-03-09,32.192298889160156,41.45652770996094,0.0,41.45652770996094,40.29852294921875,40.76172637939453,0.0,4289062
2022-03-10,32.37214279174805,41.68812942504883,0.0,41.91972732543945,41.45652770996094,41.68812942504883,0.0,4312486
2022-03-11,32.37214279174805,41.68812942504883,0.0,41.68812942504883,41.22492599487305,41.45652770996094,0.0,3496966
2022-03-14,32.37214279174805,41.68812942504883,0.0,41.91972732543945,41.45652770996094,41.68812942504883,0.0,2353511
2022-03-15,32.192298889160156,41.45652770996094,0.0,41.91972732543945,41.22492599487305,41.68812942504883,0.0,4965226
2022-03-16,32.37214279174805,41.68812942504883,0.0,41.91972732543945,41.45652770996094,41.68812942504883,0.0,5326300
2022-03-17,33.00252914428711,41.22492599487305,1.250644,41.22492599487305,40.76172637939453,40.76172637939453,0.0,4802014
2022-03-18,32.6317138671875,40.76172637939453,0.0,41.22492599487305,40.53012466430664,40.993324279785156,0.0,5541649
2022-03-21,32.44630432128906,40.53012466430664,0.0,40.993324279785156,40.53012466430664,40.76172637939453,0.0,3359661
2022-03-22,32.6317138671875,40.76172637939453,0.0,40.993324279785156,40.53012466430664,40.76172637939453,0.0,2637189
2022-03-23,32.260894775390625,40.29852294921875,0.0,41.22492599487305,40.29852294921875,41.22492599487305,0.0,3526111
2022-03-24,32.6317138671875,40.76172637939453,0.0,40.993324279785156,40.29852294921875,40.29852294921875,0.0,4041330
2022-03-25,32.6317138671875,40.76172637939453,0.0,40.76172637939453,40.29852294921875,40.53012466430664,0.0,2420761
2022-03-28,32.6317138671875,40.76172637939453,0.0,40.993324279785156,40.53012466430664,40.76172637939453,0.0,1599951
2022-03-29,32.81712341308594,40.993324279785156,0.0,40.993324279785156,40.53012466430664,40.76172637939453,0.0,2496969
2022-03-30,32.81712341308594,40.993324279785156,0.0,41.22492599487305,40.76172637939453,40.76172637939453,0.0,3465339
2022-03-31,32.6317138671875,40.76172637939453,0.0,41.22492599487305,40.53012466430664,40.76172637939453,0.0,2901329
2022-04-01,32.6317138671875,40.76172637939453,0.0,40.993324279785156,40.53012466430664,40.76172637939453,0.0,1653816
2022-04-04,32.6317138671875,40.76172637939453,0.0,40.993324279785156,40.53012466430664,40.76172637939453,0.0,3195478
2022-04-05,32.6317138671875,40.76172637939453,0.0,40.993324279785156,40.53012466430664,40.76172637939453,0.0,2366141
2022-04-07,32.44630432128906,40.53012466430664,0.0,41.22492599487305,40.53012466430664,40.76172637939453,0.0,4763262
2022-04-08,33.18793487548828,41.45652770996094,0.0,41.45652770996094,40.76172637939453,40.76172637939453,0.0,4827057
2022-04-11,32.81712341308594,40.993324279785156,0.0,41.45652770996094,40.993324279785156,41.45652770996094,0.0,3679284
2022-04-12,32.81712341308594,40.993324279785156,0.0,41.22492599487305,40.76172637939453,40.76172637939453,0.0,2430152
2022-04-18,32.81712341308594,40.993324279785156,0.0,41.45652770996094,40.76172637939453,40.993324279785156,0.0,3813027
2022-04-19,33.18793487548828,41.45652770996094,0.0,41.68812942504883,41.22492599487305,41.22492599487305,0.0,5328135
2022-04-20,33.00252914428711,41.22492599487305,0.0,41.68812942504883,40.993324279785156,41.45652770996094,0.0,3112360
2022-04-21,33.18793487548828,41.45652770996094,0.0,41.68812942504883,41.22492599487305,41.22492599487305,0.0,1579550
2022-04-22,33.18793487548828,41.45652770996094,0.0,41.68812942504883,41.22492599487305,41.45652770996094,0.0,2692888
2022-04-25,33.00252914428711,41.22492599487305,0.0,41.68812942504883,41.22492599487305,41.22492599487305,0.0,2181232
2022-04-26,32.81712341308594,40.993324279785156,0.0,41.45652770996094,40.993324279785156,41.45652770996094,0.0,2718795
2022-04-27,32.81712341308594,40.993324279785156,0.0,41.22492599487305,40.53012466430664,40.993324279785156,0.0,4628871
2022-04-28,33.00252914428711,41.22492599487305,0.0,41.45652770996094,40.76172637939453,40.76172637939453,0.0,4650892
2022-04-29,32.6317138671875,40.76172637939453,0.0,41.22492599487305,40.76172637939453,40.993324279785156,0.0,4409312
2022-05-03,32.81712341308594,40.993324279785156,0.0,41.22492599487305,40.76172637939453,40.993324279785156,0.0,4111602
2022-05-05,32.81712341308594,40.993324279785156,0.0,41.45652770996094,40.993324279785156,40.993324279785156,0.0,7735727
2022-05-06,33.42287063598633,41.75,0.0,42.0,41.25,42.0,0.0,8003200
2022-05-09,32.62232208251953,40.75,0.0,41.75,40.5,41.75,0.0,6187500
2022-05-10,32.021915435791016,40.0,0.0,40.75,39.25,40.5,0.0,12742900
2022-05-11,31.621641159057617,39.5,0.0,40.75,39.25,40.75,0.0,7758100
2022-05-12,31.821779251098633,39.75,0.0,40.0,39.25,39.75,0.0,5748100
2022-05-13,30.62095832824707,38.25,0.0,39.75,38.0,39.5,0.0,11307600
2022-05-17,31.421504974365234,39.25,0.0,39.25,38.25,38.5,0.0,8803000
2022-05-18,32.021915435791016,40.0,0.0,40.5,38.75,39.25,0.0,8403900
2022-05-19,32.42219161987305,40.5,0.0,40.5,39.25,39.5,0.0,7047400
2022-05-20,32.222049713134766,40.25,0.0,40.75,40.0,40.5,0.0,3185800
2022-05-23,32.222049713134766,40.25,0.0,40.5,39.75,40.25,0.0,3224300
2022-05-24,32.222049713134766,40.25,0.0,40.5,40.0,40.5,0.0,3503900
2022-05-25,32.62232208251953,40.75,0.0,41.25,40.0,40.25,0.0,9303100
2022-05-26,32.42219161987305,40.5,0.0,40.75,40.25,40.75,0.0,2608500
2022-05-27,32.42219161987305,40.5,0.0,41.25,40.25,40.75,0.0,4163600
2022-05-30,32.222049713134766,40.25,0.0,40.75,40.25,40.75,0.0,3332500
2022-05-31,33.42287063598633,41.75,0.0,41.75,40.0,40.25,0.0,15134400
2022-06-01,33.42287063598633,41.75,0.0,41.75,40.5,41.5,0.0,7923600
2022-06-02,32.62232208251953,40.75,0.0,41.5,40.5,41.5,0.0,4137100
2022-06-06,31.621641159057617,39.5,0.0,40.25,39.0,40.0,0.0,8784700
2022-06-07,31.02123260498047,38.75,0.0,39.5,38.75,39.25,0.0,7910500
2022-06-08,31.621641159057617,39.5,0.0,39.5,39.0,39.0,0.0,7615800
2022-06-09,31.621641159057617,39.5,0.0,39.5,39.0,39.25,0.0,6366500
2022-06-10,31.22136688232422,39.0,0.0,39.25,38.75,39.25,0.0,5753600
2022-06-13,30.82109260559082,38.5,0.0,38.75,38.0,38.5,0.0,5205400
2022-06-14,30.62095832824707,38.25,0.0,38.5,38.0,38.25,0.0,2893700
2022-06-15,30.62095832824707,38.25,0.0,38.5,38.0,38.25,0.0,3052700
2022-06-16,30.020544052124023,37.5,0.0,38.75,37.5,38.5,0.0,11161500
2022-06-17,30.020544052124023,37.5,0.0,38.0,36.5,37.25,0.0,7532400
2022-06-20,30.22068214416504,37.75,0.0,38.0,37.25,37.5,0.0,2996800
2022-06-21,30.22068214416504,37.75,0.0,38.0,37.25,37.5,0.0,4003200
2022-06-22,30.22068214416504,37.75,0.0,38.0,37.25,37.75,0.0,2922400
2022-06-23,28.819721221923828,36.0,0.0,37.75,35.75,37.5,0.0,17859300
2022-06-24,29.620264053344727,37.0,0.0,37.25,35.75,36.0,0.0,16432100
2022-06-27,30.020544052124023,37.5,0.0,37.75,37.0,37.25,0.0,9175000
2022-06-28,30.420820236206055,38.0,0.0,38.5,37.25,37.75,0.0,9292600
2022-06-29,29.820405960083008,37.25,0.0,37.75,37.25,37.5,0.0,9984800
2022-06-30,30.62095832824707,38.25,0.0,38.25,36.5,37.25,0.0,21407000
2022-07-01,30.020544052124023,37.5,0.0,38.0,37.25,37.75,0.0,9735900
2022-07-04,30.020544052124023,37.5,0.0,38.0,37.5,37.5,0.0,6506500
2022-07-05,29.820405960083008,37.25,0.0,38.0,37.25,37.75,0.0,2836200
2022-07-06,30.22068214416504,37.75,0.0,37.75,37.0,37.25,0.0,6981700
2022-07-07,30.62095832824707,38.25,0.0,38.5,37.75,38.0,0.0,10315200
2022-07-08,30.82109260559082,38.5,0.0,38.5,37.75,38.25,0.0,5949500
2022-07-11,31.22136688232422,39.0,0.0,39.0,38.25,38.75,0.0,7606900
2022-07-12,31.22136688232422,39.0,0.0,39.5,38.5,39.0,0.0,8452600
2022-07-14,31.02123260498047,38.75,0.0,39.25,38.5,39.0,0.0,7699400
2022-07-15,31.02123260498047,38.75,0.0,39.0,38.25,38.75,0.0,4051800
2022-07-18,31.02123260498047,38.75,0.0,39.0,38.5,38.75,0.0,2802900
2022-07-19,30.82109260559082,38.5,0.0,38.75,38.25,38.75,0.0,4593000
2022-07-20,31.02123260498047,38.75,0.0,38.75,38.25,38.5,0.0,3735900
2022-07-21,30.82109260559082,38.5,0.0,38.75,38.25,38.5,0.0,2806100
2022-07-22,30.62095832824707,38.25,0.0,38.75,37.75,38.5,0.0,5984200
2022-07-25,30.62095832824707,38.25,0.0,38.5,38.0,38.25,0.0,2373900
2022-07-26,30.420820236206055,38.0,0.0,38.5,37.75,38.25,0.0,6993100
2022-07-27,30.62095832824707,38.25,0.0,38.25,37.75,38.0,0.0,3679000
2022-08-01,31.22136688232422,39.0,0.0,39.25,38.25,38.5,0.0,7407700
2022-08-02,31.02123260498047,38.75,0.0,38.75,38.25,38.75,0.0,5884800
2022-08-03,31.02123260498047,38.75,0.0,39.0,38.5,38.75,0.0,2860800
2022-08-04,30.82109260559082,38.5,0.0,39.0,38.25,39.0,0.0,5297000
2022-08-05,30.82109260559082,38.5,0.0,39.0,38.25,38.5,0.0,5418500
2022-08-08,31.22136688232422,39.0,0.0,39.0,38.25,38.5,0.0,5559600
2022-08-09,31.421504974365234,39.25,0.0,39.25,38.5,39.0,0.0,4915600
2022-08-10,32.222049713134766,40.25,0.0,40.25,39.0,39.25,0.0,13304700
2022-08-11,32.42219161987305,40.5,0.0,40.5,39.75,40.5,0.0,5496200
2022-08-15,32.222049713134766,40.25,0.0,40.75,40.0,40.5,0.0,4487500
2022-08-16,33.02259826660156,41.25,0.0,41.25,40.25,40.5,0.0,6482600
2022-08-17,33.823143005371094,42.25,0.0,42.5,40.75,41.0,0.0,16758700
2022-08-18,34.02328109741211,42.5,0.0,43.25,42.25,42.5,0.0,20869100
2022-08-19,33.823143005371094,42.25,0.0,42.75,41.75,42.5,0.0,10765800
2022-08-22,34.02328109741211,42.5,0.0,42.75,42.25,42.25,0.0,6625200
2022-08-23,34.22342300415039,42.75,0.0,43.0,42.0,42.25,0.0,9255300
2022-08-24,34.22342300415039,42.75,0.0,42.75,42.25,42.75,0.0,4928400
2022-08-25,34.623695373535156,43.25,0.0,43.5,42.5,42.75,0.0,13071100
2022-08-26,35.02396774291992,43.75,0.0,44.0,43.0,43.5,0.0,10039300
2022-08-29,35.02396774291992,43.75,0.0,44.0,43.0,43.25,0.0,7723400
2022-08-30,34.823829650878906,43.5,0.0,43.75,43.25,43.75,0.0,7407600
2022-08-31,35.22410202026367,44.0,0.0,44.25,43.5,43.5,0.0,11427900
2022-09-01,35.02396774291992,43.75,0.0,44.5,43.25,44.25,0.0,15279100
2022-09-02,34.623695373535156,43.25,0.0,43.75,43.0,43.75,0.0,11185100
2022-09-05,34.823829650878906,43.5,0.0,43.75,43.0,43.25,0.0,7644300
2022-09-06,35.22410202026367,44.0,0.0,44.25,43.5,43.5,0.0,11491800
2022-09-07,35.22410202026367,44.0,0.0,44.25,43.5,44.0,0.0,6175200
2022-09-08,35.02396774291992,43.75,0.0,44.25,43.5,44.0,0.0,12608300
2022-09-09,35.06473922729492,43.0,0.8,43.25,42.5,43.0,0.0,7144600
2022-09-12,34.860877990722656,42.75,0.0,43.25,42.5,42.75,0.0,7126800
2022-09-13,34.860877990722656,42.75,0.0,43.0,42.5,42.75,0.0,6906700
2022-09-14,35.06473922729492,43.0,0.0,43.0,42.25,42.5,0.0,7870900
2022-09-15,34.860877990722656,42.75,0.0,43.0,42.25,43.0,0.0,7398200
2022-09-16,34.04541778564453,41.75,0.0,42.75,41.75,42.5,0.0,12896700
2022-09-19,34.2492790222168,42.0,0.0,42.5,41.75,41.75,0.0,4418600
2022-09-20,34.657012939453125,42.5,0.0,43.0,42.25,42.25,0.0,6605800
2022-09-21,34.2492790222168,42.0,0.0,42.5,42.0,42.5,0.0,4913000
2022-09-22,34.45314407348633,42.25,0.0,42.75,42.0,42.0,0.0,3626500
2022-09-23,34.45314407348633,42.25,0.0,42.5,42.0,42.25,0.0,2480400
2022-09-26,34.04541778564453,41.75,0.0,42.5,41.75,42.0,0.0,4742600
2022-09-27,33.63768768310547,41.25,0.0,42.0,41.25,42.0,0.0,5847700
2022-09-28,34.04541778564453,41.75,0.0,41.75,40.75,41.0,0.0,8301900
2022-09-29,33.63768768310547,41.25,0.0,42.0,41.0,41.75,0.0,5654400
2022-09-30,33.4338264465332,41.0,0.0,41.25,40.5,40.75,0.0,4007400
2022-10-03,32.61836624145508,40.0,0.0,41.5,39.5,40.75,0.0,10309500
2022-10-04,32.61836624145508,40.0,0.0,40.5,39.5,40.25,0.0,9022700
2022-10-05,32.61836624145508,40.0,0.0,40.5,39.75,40.5,0.0,3301800
2022-10-06,32.41449737548828,39.75,0.0,40.25,39.75,40.0,0.0,4139700
2022-10-07,32.61836624145508,40.0,0.0,40.25,39.75,39.75,0.0,3539400
2022-10-10,31.599042892456055,38.75,0.0,39.5,38.75,39.5,0.0,5551900
2022-10-11,32.006771087646484,39.25,0.0,39.5,38.75,38.75,0.0,3534300
2022-10-12,31.80290985107422,39.0,0.0,39.5,39.0,39.5,0.0,2605700
2022-10-17,31.39517593383789,38.5,0.0,39.25,37.75,39.0,0.0,12593700
2022-10-18,32.006771087646484,39.25,0.0,39.5,38.75,38.75,0.0,4023300
2022-10-19,32.006771087646484,39.25,0.0,39.5,39.0,39.25,0.0,2084900
2022-10-20,33.02609634399414,40.5,0.0,40.5,38.75,39.0,0.0,7451900
2022-10-21,32.61836624145508,40.0,0.0,40.75,39.75,40.75,0.0,4969400
2022-10-25,33.02609634399414,40.5,0.0,40.75,40.25,40.25,0.0,2918900
2022-10-26,33.02609634399414,40.5,0.0,41.25,40.25,40.75,0.0,6254100
2022-10-27,33.4338264465332,41.0,0.0,41.25,40.25,40.25,0.0,4304400
2022-10-28,33.229957580566406,40.75,0.0,41.0,40.25,41.0,0.0,3469100
2022-10-31,33.4338264465332,41.0,0.0,41.25,40.5,41.0,0.0,4259100
2022-11-01,33.841548919677734,41.5,0.0,41.75,41.0,41.0,0.0,4982500
2022-11-02,34.04541778564453,41.75,0.0,41.75,41.25,41.5,0.0,3621000
2022-11-03,33.841548919677734,41.5,0.0,41.75,41.25,41.75,0.0,1218800
2022-11-04,33.229957580566406,40.75,0.0,41.75,40.75,41.5,0.0,6217000
2022-11-07,33.229957580566406,40.75,0.0,41.25,40.75,40.75,0.0,4592000
2022-11-08,33.229957580566406,40.75,0.0,41.25,40.75,41.0,0.0,2624700
2022-11-09,33.229957580566406,40.75,0.0,41.25,40.25,41.0,0.0,3963700
2022-11-10,33.841548919677734,41.5,0.0,41.5,40.5,40.75,0.0,5848600
2022-11-11,33.4338264465332,41.0,0.0,41.5,40.75,41.5,0.0,5813300
2022-11-14,33.4338264465332,41.0,0.0,41.25,40.5,41.0,0.0,4215100
2022-11-15,34.04541778564453,41.75,0.0,42.0,41.25,41.5,0.0,7893800
2022-11-16,33.229957580566406,40.75,0.0,41.75,40.5,41.75,0.0,6855300
2022-11-17,33.02609634399414,40.5,0.0,40.75,40.0,40.5,0.0,7271600
2022-11-18,32.822227478027344,40.25,0.0,40.75,40.25,40.5,0.0,2304900
2022-11-21,32.822227478027344,40.25,0.0,40.75,40.25,40.5,0.0,4198000
2022-11-22,33.229957580566406,40.75,0.0,41.0,40.25,40.25,0.0,2937200
2022-11-23,33.229957580566406,40.75,0.0,41.25,40.75,41.0,0.0,4303900
2022-11-24,33.63768768310547,41.25,0.0,41.5,41.0,41.0,0.0,4161200
2022-11-25,33.4338264465332,41.0,0.0,41.25,40.75,41.25,0.0,2939100
2022-11-28,33.4338264465332,41.0,0.0,41.5,40.75,41.0,0.0,5479200
2022-11-29,33.4338264465332,41.0,0.0,41.25,40.75,41.0,0.0,1843800
2022-11-30,33.4338264465332,41.0,0.0,41.25,40.75,41.0,0.0,5581000
2022-12-01,33.4338264465332,41.0,0.0,41.5,40.5,41.25,0.0,5273000
2022-12-02,33.229957580566406,40.75,0.0,41.0,40.5,41.0,0.0,2447400
2022-12-06,33.841548919677734,41.5,0.0,41.75,40.75,40.75,0.0,9790000
2022-12-07,34.04541778564453,41.75,0.0,42.0,41.25,41.5,0.0,6554300
2022-12-08,34.04541778564453,41.75,0.0,42.0,41.25,41.5,0.0,4296900
2022-12-09,34.2492790222168,42.0,0.0,42.0,41.5,41.75,0.0,3238700
2022-12-13,34.2492790222168,42.0,0.0,42.25,41.75,42.0,0.0,3218700
2022-12-14,34.45314407348633,42.25,0.0,42.25,41.75,42.0,0.0,3807200
2022-12-15,34.45314407348633,42.25,0.0,42.25,41.75,42.25,0.0,5543300
2022-12-16,34.657012939453125,42.5,0.0,42.75,41.75,42.0,0.0,10107400
2022-12-19,34.657012939453125,42.5,0.0,43.0,42.0,42.5,0.0,7622900
2022-12-20,34.657012939453125,42.5,0.0,42.5,42.0,42.5,0.0,7098600
2022-12-21,34.657012939453125,42.5,0.0,43.0,42.25,42.75,0.0,8234000
2022-12-22,34.657012939453125,42.5,0.0,42.75,42.25,42.5,0.0,4626400
2022-12-23,34.45314407348633,42.25,0.0,42.5,42.25,42.25,0.0,1767000
2022-12-26,34.657012939453125,42.5,0.0,42.75,42.25,42.5,0.0,4005000
2022-12-27,34.657012939453125,42.5,0.0,42.75,42.25,42.75,0.0,4836800
2022-12-28,34.657012939453125,42.5,0.0,42.5,42.25,42.5,0.0,3898600
2022-12-29,34.860877990722656,42.75,0.0,42.75,42.25,42.25,0.0,3941800
2022-12-30,34.860877990722656,42.75,0.0,43.25,42.5,42.75,0.0,21226500
2023-01-03,35.26860046386719,43.25,0.0,43.5,42.75,42.75,0.0,9206200
2023-01-04,35.26860046386719,43.25,0.0,43.25,42.75,43.25,0.0,3729500
2023-01-05,35.67633819580078,43.75,0.0,43.75,43.0,43.5,0.0,15345500
2023-01-06,35.472469329833984,43.5,0.0,43.75,43.0,43.75,0.0,4982600
2023-01-09,35.88019943237305,44.0,0.0,44.0,43.25,43.5,0.0,9558900
2023-01-10,36.287925720214844,44.5,0.0,44.5,43.5,43.75,0.0,10303300
2023-01-11,36.287925720214844,44.5,0.0,44.75,44.0,44.5,0.0,4829100
2023-01-12,35.88019943237305,44.0,0.0,44.5,43.5,44.5,0.0,6902000
2023-01-13,35.88019943237305,44.0,0.0,44.0,43.5,43.75,0.0,5279400
2023-01-16,35.67633819580078,43.75,0.0,44.0,43.25,43.75,0.0,4468600
2023-01-17,35.67633819580078,43.75,0.0,44.0,43.5,43.5,0.0,2263900
2023-01-18,35.88019943237305,44.0,0.0,44.25,43.75,43.75,0.0,5525800
2023-01-19,35.88019943237305,44.0,0.0,44.0,43.75,43.75,0.0,1062300
2023-01-20,35.472469329833984,43.5,0.0,44.0,43.25,43.75,0.0,9912700
2023-01-23,35.26860046386719,43.25,0.0,43.5,42.75,43.25,0.0,4780800
2023-01-24,35.26860046386719,43.25,0.0,43.5,43.25,43.25,0.0,877600
2023-01-25,35.67633819580078,43.75,0.0,43.75,43.25,43.25,0.0,2333900
2023-01-26,35.06473922729492,43.0,0.0,43.75,42.75,43.75,0.0,6403800
2023-01-27,35.26860046386719,43.25,0.0,43.5,42.75,43.0,0.0,3709600
2023-01-30,35.26860046386719,43.25,0.0,43.5,43.0,43.5,0.0,1848000
2023-01-31,34.45314407348633,42.25,0.0,43.5,42.25,43.0,0.0,7715000
2023-02-01,35.06473922729492,43.0,0.0,43.25,42.25,42.25,0.0,4399100
2023-02-02,35.06473922729492,43.0,0.0,43.5,42.75,43.25,0.0,2849500
2023-02-03,35.06473922729492,43.0,0.0,43.25,42.75,42.75,0.0,1832900
2023-02-06,34.860877990722656,42.75,0.0,43.0,42.5,42.75,0.0,2274100
2023-02-07,34.657012939453125,42.5,0.0,42.75,42.25,42.5,0.0,2230400
2023-02-08,34.860877990722656,42.75,0.0,43.0,42.5,42.75,0.0,1720300
2023-02-09,34.860877990722656,42.75,0.0,43.0,42.25,42.5,0.0,3389500
2023-02-10,34.860877990722656,42.75,0.0,43.0,42.5,42.75,0.0,2327600
2023-02-13,34.860877990722656,42.75,0.0,43.0,42.5,42.5,0.0,2590400
2023-02-14,34.860877990722656,42.75,0.0,43.0,42.25,43.0,0.0,2681500
2023-02-15,34.860877990722656,42.75,0.0,43.25,42.5,42.5,0.0,3736700
2023-02-16,34.657012939453125,42.5,0.0,43.25,42.5,43.0,0.0,2754500
2023-02-17,34.45314407348633,42.25,0.0,42.75,42.25,42.5,0.0,1406800
2023-02-20,34.860877990722656,42.75,0.0,42.75,42.25,42.25,0.0,1335100
2023-02-21,34.657012939453125,42.5,0.0,43.0,42.5,42.75,0.0,1289100
2023-02-22,34.657012939453125,42.5,0.0,42.75,42.25,42.75,0.0,1175600
2023-02-23,33.63768768310547,41.25,0.0,42.5,41.25,42.25,0.0,9006200
2023-02-24,33.841548919677734,41.5,0.0,41.75,40.75,41.0,0.0,6157600
2023-02-27,33.4338264465332,41.0,0.0,41.5,41.0,41.25,0.0,4238400
2023-02-28,33.229957580566406,40.75,0.0,41.25,40.5,41.25,0.0,5319400
2023-03-01,32.21063232421875,39.5,0.0,40.0,38.75,40.0,0.0,10195000
2023-03-02,32.21063232421875,39.5,0.0,40.0,39.25,39.5,0.0,5020300
2023-03-03,32.006771087646484,39.25,0.0,39.75,39.25,39.5,0.0,4179600
2023-03-07,32.21063232421875,39.5,0.0,40.0,39.25,39.5,0.0,6102100
2023-03-08,32.006771087646484,39.25,0.0,39.5,39.0,39.5,0.0,3347400
2023-03-09,32.006771087646484,39.25,0.0,39.75,39.0,39.25,0.0,6048500
2023-03-10,31.599042892456055,38.75,0.0,39.5,38.75,39.25,0.0,5181100
2023-03-13,31.191308975219727,38.25,0.0,39.25,38.25,39.0,0.0,6875100
2023-03-14,30.5797176361084,37.5,0.0,38.5,37.5,38.25,0.0,8289500
2023-03-15,31.39517593383789,38.5,0.0,39.0,37.75,38.0,0.0,8704800
2023-03-16,31.599042892456055,38.75,0.0,39.0,38.25,38.5,0.0,4882600
2023-03-17,31.640676498413086,38.0,0.8,38.25,37.5,38.0,0.0,6580600
2023-03-20,31.432510375976562,37.75,0.0,38.25,37.25,37.75,0.0,4937600
2023-03-21,31.848834991455078,38.25,0.0,38.5,37.75,37.75,0.0,3588300
2023-03-22,31.848834991455078,38.25,0.0,39.0,38.25,38.5,0.0,3334500
2023-03-23,32.473323822021484,39.0,0.0,39.25,38.25,38.25,0.0,4789300
2023-03-24,32.265159606933594,38.75,0.0,39.25,38.5,39.25,0.0,3101900
2023-03-27,32.05699157714844,38.5,0.0,38.75,38.25,38.75,0.0,4071700
2023-03-28,32.473323822021484,39.0,0.0,39.25,38.5,38.5,0.0,3041200
2023-03-29,32.8896484375,39.5,0.0,39.5,39.0,39.25,0.0,2878700
2023-03-30,32.05699157714844,38.5,0.0,39.5,38.5,39.25,0.0,5237400
2023-03-31,32.05699157714844,38.5,0.0,38.75,38.25,38.5,0.0,1829800
2023-04-03,32.05699157714844,38.5,0.0,39.0,38.25,38.5,0.0,5620500
2023-04-04,32.05699157714844,38.5,0.0,39.0,38.25,38.5,0.0,4942000
2023-04-05,32.05699157714844,38.5,0.0,39.0,38.5,38.75,0.0,4112000
2023-04-07,31.848834991455078,38.25,0.0,38.75,38.25,38.5,0.0,2328800
2023-04-10,32.05699157714844,38.5,0.0,38.75,38.25,38.25,0.0,2611500
2023-04-11,32.265159606933594,38.75,0.0,39.0,38.5,38.5,0.0,3099600
2023-04-12,32.68148422241211,39.25,0.0,39.25,38.5,38.75,0.0,2779200
2023-04-17,32.68148422241211,39.25,0.0,40.0,38.75,39.25,0.0,5434700
2023-04-18,32.68148422241211,39.25,0.0,39.5,38.75,39.25,0.0,4842000
2023-04-19,32.265159606933594,38.75,0.0,39.25,38.5,39.0,0.0,3564500
2023-04-20,31.848834991455078,38.25,0.0,38.75,38.0,38.5,0.0,2720500
2023-04-21,32.05699157714844,38.5,0.0,38.5,37.75,38.25,0.0,3587900
2023-04-24,32.05699157714844,38.5,0.0,38.75,38.0,38.25,0.0,2462200
2023-04-25,31.432510375976562,37.75,0.0,38.5,37.75,38.25,0.0,1880900
2023-04-26,31.432510375976562,37.75,0.0,38.25,37.75,38.0,0.0,2833300
2023-04-27,31.432510375976562,37.75,0.0,38.0,37.25,37.75,0.0,2596600
2023-04-28,31.432510375976562,37.75,0.0,38.0,37.75,37.75,0.0,2024000
2023-05-02,31.224348068237305,37.5,0.0,37.75,37.25,37.75,0.0,2579600
2023-05-03,31.224348068237305,37.5,0.0,37.75,36.75,37.5,0.0,4550100
2023-05-08,32.473323822021484,39.0,0.0,39.5,37.5,38.0,0.0,3626100
2023-05-09,32.265159606933594,38.75,0.0,39.5,38.75,39.0,0.0,2262000
2023-05-10,32.265159606933594,38.75,0.0,39.25,38.75,38.75,0.0,1966500
2023-05-11,32.05699157714844,38.5,0.0,39.0,38.0,38.75,0.0,2813700
2023-05-12,32.05699157714844,38.5,0.0,38.5,38.0,38.25,0.0,2482000
2023-05-15,31.224348068237305,37.5,0.0,38.5,37.0,38.5,0.0,4227700
2023-05-16,31.224348068237305,37.5,0.0,37.75,37.0,37.25,0.0,3137300
2023-05-17,31.016183853149414,37.25,0.0,37.75,36.75,37.75,0.0,4209500
2023-05-18,30.39169692993164,36.5,0.0,37.5,36.5,37.25,0.0,4048000
2023-05-19,29.975372314453125,36.0,0.0,36.75,36.0,36.5,0.0,4153200
2023-05-22,30.39169692993164,36.5,0.0,36.75,35.0,36.0,0.0,6999400
2023-05-23,30.5998592376709,36.75,0.0,36.75,36.25,36.5,0.0,2825110
2023-05-24,30.39169692993164,36.5,0.0,37.0,36.5,36.5,0.0,1685500
2023-05-25,30.18353271484375,36.25,0.0,36.75,36.25,36.5,0.0,637100
2023-05-26,30.18353271484375,36.25,0.0,36.5,36.0,36.25,0.0,902300
2023-05-29,30.18353271484375,36.25,0.0,36.75,36.25,36.5,0.0,2091800
2023-05-30,30.39169692993164,36.5,0.0,36.5,36.25,36.5,0.0,978200
2023-05-31,30.18353271484375,36.25,0.0,36.5,36.0,36.25,0.0,2605600
2023-06-01,29.975372314453125,36.0,0.0,36.25,35.5,36.0,0.0,5056000
2023-06-02,30.18353271484375,36.25,0.0,36.5,36.0,36.0,0.0,1976300
2023-06-06,30.18353271484375,36.25,0.0,36.75,36.0,36.5,0.0,1696900
2023-06-07,30.39169692993164,36.5,0.0,36.5,36.0,36.25,0.0,1244100
2023-06-08,31.224348068237305,37.5,0.0,37.5,36.25,36.5,0.0,2954100
2023-06-09,31.224348068237305,37.5,0.0,37.75,37.0,37.5,0.0,2407400
2023-06-12,31.224348068237305,37.5,0.0,37.75,37.25,37.25,0.0,1748200
2023-06-13,31.016183853149414,37.25,0.0,37.75,37.25,37.25,0.0,4023700
2023-06-14,31.016183853149414,37.25,0.0,37.5,37.0,37.25,0.0,804100
2023-06-15,30.80802345275879,37.0,0.0,37.5,37.0,37.25,0.0,635700
2023-06-16,31.432510375976562,37.75,0.0,37.75,37.0,37.0,0.0,2073000
2023-06-19,30.80802345275879,37.0,0.0,37.75,36.75,37.5,0.0,2170100
2023-06-20,31.224348068237305,37.5,0.0,37.75,37.25,37.25,0.0,1744100
2023-06-21,30.5998592376709,36.75,0.0,37.5,36.75,37.25,0.0,1631400
2023-06-22,30.39169692993164,36.5,0.0,37.0,36.5,36.75,0.0,2022600
2023-06-23,30.39169692993164,36.5,0.0,36.75,36.25,36.5,0.0,1265800
2023-06-26,29.975372314453125,36.0,0.0,36.75,36.0,36.5,0.0,2252100
2023-06-27,30.18353271484375,36.25,0.0,37.0,36.0,36.25,0.0,2291100
2023-06-28,29.975372314453125,36.0,0.0,36.5,36.0,36.25,0.0,1604800
2023-06-29,29.975372314453125,36.0,0.0,36.5,35.75,36.0,0.0,3037000
2023-06-30,29.7672061920166,35.75,0.0,36.5,35.75,36.0,0.0,4078000
2023-07-03,29.975372314453125,36.0,0.0,36.25,36.0,36.0,0.0,1265000
2023-07-04,30.39169692993164,36.5,0.0,37.0,36.25,36.5,0.0,5781200
2023-07-05,30.18353271484375,36.25,0.0,36.75,36.25,36.5,0.0,1874500
2023-07-06,29.7672061920166,35.75,0.0,36.25,35.5,36.25,0.0,4242800
2023-07-07,29.350881576538086,35.25,0.0,35.75,35.0,35.25,0.0,4068200
2023-07-10,29.350881576538086,35.25,0.0,35.25,34.75,35.25,0.0,3876300
2023-07-11,29.350881576538086,35.25,0.0,35.25,34.75,35.25,0.0,1920900
2023-07-12,29.350881576538086,35.25,0.0,35.75,35.0,35.25,0.0,3873400
2023-07-13,29.559045791625977,35.5,0.0,35.5,35.0,35.25,0.0,1109600
2023-07-14,29.7672061920166,35.75,0.0,36.0,35.25,35.5,0.0,2520400
2023-07-17,29.975372314453125,36.0,0.0,36.5,35.5,35.75,0.0,2688500
2023-07-18,30.18353271484375,36.25,0.0,36.5,36.0,36.0,0.0,1802500
2023-07-19,30.5998592376709,36.75,0.0,37.0,36.0,36.5,0.0,5584200
2023-07-20,30.80802345275879,37.0,0.0,37.25,36.5,36.75,0.0,4499800
2023-07-21,31.016183853149414,37.25,0.0,37.25,36.5,37.0,0.0,3314000
2023-07-24,31.016183853149414,37.25,0.0,37.5,36.75,37.25,0.0,1738500
2023-07-25,29.350881576538086,35.25,0.0,37.0,34.5,37.0,0.0,20596500
2023-07-26,29.142724990844727,35.0,0.0,35.0,33.75,35.0,0.0,15229400
2023-07-27,29.7672061920166,35.75,0.0,36.0,34.5,34.75,0.0,11217300
2023-07-31,30.18353271484375,36.25,0.0,36.25,35.75,36.0,0.0,924100
2023-08-02,30.39169692993164,36.5,0.0,36.75,36.0,36.25,0.0,5239400
2023-08-03,29.559045791625977,35.5,0.0,36.5,35.5,36.25,0.0,1963900
2023-08-04,29.559045791625977,35.5,0.0,36.0,35.5,35.5,0.0,3371700
2023-08-07,29.7672061920166,35.75,0.0,36.25,35.25,35.5,0.0,7088500
2023-08-08,29.559045791625977,35.5,0.0,36.0,35.5,36.0,0.0,1163400
2023-08-09,29.7672061920166,35.75,0.0,36.0,35.25,35.25,0.0,932800
2023-08-10,29.559045791625977,35.5,0.0,36.0,35.25,35.75,0.0,3126400
2023-08-11,29.559045791625977,35.5,0.0,36.0,35.5,35.5,0.0,1318400
2023-08-15,29.142724990844727,35.0,0.0,35.75,34.75,35.5,0.0,5397300
2023-08-16,29.350881576538086,35.25,0.0,35.25,34.75,35.0,0.0,3742000
2023-08-17,29.559045791625977,35.5,0.0,35.75,35.0,35.25,0.0,1779100
2023-08-18,29.350881576538086,35.25,0.0,35.75,35.25,35.5,0.0,4296400
2023-08-21,29.559045791625977,35.5,0.0,35.75,35.0,35.25,0.0,3528200
2023-08-22,29.975372314453125,36.0,0.0,36.0,35.5,35.75,0.0,2974700
2023-08-23,29.559045791625977,35.5,0.0,36.0,35.5,36.0,0.0,1801200
2023-08-24,29.975372314453125,36.0,0.0,36.5,35.5,35.75,0.0,6301100
2023-08-25,29.975372314453125,36.0,0.0,36.5,35.75,36.0,0.0,3659900
2023-08-28,30.39169692993164,36.5,0.0,36.5,36.0,36.25,0.0,2786200
2023-08-29,30.18353271484375,36.25,0.0,36.5,36.0,36.5,0.0,4114700
2023-08-30,29.975372314453125,36.0,0.0,36.5,35.75,36.5,0.0,7040400
2023-08-31,29.559045791625977,35.5,0.0,36.0,35.25,36.0,0.0,7722700
2023-09-01,29.601640701293945,34.75,0.8,35.0,34.5,35.0,0.0,3329600
2023-09-04,29.175718307495117,34.25,0.0,35.0,34.25,35.0,0.0,2984800
2023-09-05,29.175718307495117,34.25,0.0,34.75,34.25,34.25,0.0,3097500
2023-09-06,28.962757110595703,34.0,0.0,34.5,33.75,34.25,0.0,5415000
2023-09-07,28.962757110595703,34.0,0.0,34.25,33.75,34.0,0.0,4434400
2023-09-08,28.962757110595703,34.0,0.0,34.25,33.75,34.0,0.0,1697100
2023-09-11,28.53683090209961,33.5,0.0,34.0,33.0,34.0,0.0,8913600
2023-09-12,28.53683090209961,33.5,0.0,33.5,33.25,33.5,0.0,1507600
2023-09-13,28.11090850830078,33.0,0.0,33.5,32.75,33.5,0.0,4778100
2023-09-14,28.323869705200195,33.25,0.0,33.25,32.75,33.0,0.0,4802700
2023-09-15,28.323869705200195,33.25,0.0,33.5,33.0,33.5,0.0,3840100
2023-09-18,28.11090850830078,33.0,0.0,33.5,32.75,33.5,0.0,3159400
2023-09-19,27.472026824951172,32.25,0.0,33.0,32.25,33.0,0.0,5531900
2023-09-20,27.259061813354492,32.0,0.0,32.5,32.0,32.25,0.0,2504700
2023-09-21,27.472026824951172,32.25,0.0,32.25,31.75,32.0,0.0,5764000
2023-09-22,27.472026824951172,32.25,0.0,33.0,32.0,32.25,0.0,3570500
2023-09-25,27.04610252380371,31.75,0.0,32.5,31.5,32.5,0.0,4438000
2023-09-26,26.833141326904297,31.5,0.0,32.25,31.25,31.75,0.0,5523300
2023-09-27,26.620180130004883,31.25,0.0,31.75,31.0,31.75,0.0,3512200
2023-09-28,26.194255828857422,30.75,0.0,31.5,30.75,31.25,0.0,6549200
2023-09-29,26.833141326904297,31.5,0.0,31.75,30.75,31.0,0.0,5935600
2023-10-02,26.407217025756836,31.0,0.0,31.75,31.0,31.75,0.0,4145800
2023-10-03,25.768333435058594,30.25,0.0,31.0,30.0,30.75,0.0,8765600
2023-10-04,26.194255828857422,30.75,0.0,30.75,29.75,30.0,0.0,5509900
2023-10-05,26.407217025756836,31.0,0.0,31.25,30.25,31.0,0.0,4719700
2023-10-06,26.407217025756836,31.0,0.0,31.75,30.75,31.25,0.0,5328700
2023-10-09,26.194255828857422,30.75,0.0,31.0,30.5,31.0,0.0,5591600
2023-10-10,26.407217025756836,31.0,0.0,31.5,31.0,31.0,0.0,2768900
2023-10-11,26.620180130004883,31.25,0.0,31.75,31.0,31.0,0.0,4862600
2023-10-12,27.04610252380371,31.75,0.0,31.75,31.25,31.25,0.0,3446700
2023-10-16,26.407217025756836,31.0,0.0,31.75,30.25,31.5,0.0,5543500
2023-10-17,26.620180130004883,31.25,0.0,31.25,30.75,31.0,0.0,3214800
2023-10-18,26.620180130004883,31.25,0.0,31.5,30.75,31.25,0.0,4283000
2023-10-19,27.259061813354492,32.0,0.0,32.0,31.0,31.0,0.0,3620100
2023-10-20,26.833141326904297,31.5,0.0,32.25,31.25,32.0,0.0,4532300
2023-10-24,28.11090850830078,33.0,0.0,33.25,31.0,31.5,0.0,9489200
2023-10-25,28.11090850830078,33.0,0.0,33.25,32.5,33.0,0.0,3861100
2023-10-26,27.684986114501953,32.5,0.0,33.0,32.25,32.75,0.0,5984700
2023-10-27,27.472026824951172,32.25,0.0,33.0,32.0,33.0,0.0,3437000
2023-10-30,27.472026824951172,32.25,0.0,32.5,31.75,32.0,0.0,2901900
2023-10-31,27.472026824951172,32.25,0.0,32.5,31.75,32.25,0.0,3389000
2023-11-01,27.472026824951172,32.25,0.0,32.25,31.75,32.25,0.0,2949500
2023-11-02,27.684986114501953,32.5,0.0,33.0,32.25,32.5,0.0,3716700
2023-11-03,28.323869705200195,33.25,0.0,33.5,32.5,32.75,0.0,6174900
2023-11-06,27.472026824951172,32.25,0.0,33.5,32.25,33.25,0.0,5120500
2023-11-07,27.259061813354492,32.0,0.0,32.75,32.0,32.25,0.0,5375100
2023-11-08,27.472026824951172,32.25,0.0,32.75,31.75,32.0,0.0,3251000
2023-11-09,27.472026824951172,32.25,0.0,32.5,31.5,32.25,0.0,4095200
2023-11-10,27.259061813354492,32.0,0.0,32.5,31.5,32.0,0.0,4136700
2023-11-13,27.472026824951172,32.25,0.0,32.75,31.75,31.75,0.0,3353200
2023-11-14,27.04610252380371,31.75,0.0,32.5,31.5,32.25,0.0,3144800
2023-11-15,27.259061813354492,32.0,0.0,32.0,30.75,31.5,0.0,10837400
2023-11-16,27.684986114501953,32.5,0.0,32.75,32.0,32.0,0.0,2860300
2023-11-17,27.684986114501953,32.5,0.0,32.75,32.25,32.25,0.0,3870300
2023-11-20,27.89794921875,32.75,0.0,33.0,32.25,32.5,0.0,2108400
2023-11-21,27.89794921875,32.75,0.0,33.0,32.5,32.75,0.0,2042400
2023-11-22,28.11090850830078,33.0,0.0,33.0,32.5,32.75,0.0,3348300
2023-11-23,28.53683090209961,33.5,0.0,33.5,32.75,33.0,0.0,2255700
2023-11-24,27.89794921875,32.75,0.0,33.5,32.25,33.5,0.0,6302500
2023-11-27,28.11090850830078,33.0,0.0,33.5,32.25,32.75,0.0,7243400
2023-11-28,29.175718307495117,34.25,0.0,34.25,32.75,33.0,0.0,7318100
2023-11-29,29.81460189819336,35.0,0.0,35.25,34.25,34.25,0.0,13669400
2023-11-30,27.684986114501953,32.5,0.0,34.25,32.5,33.5,0.0,100966100
2023-12-01,26.620180130004883,31.25,0.0,32.5,31.0,32.5,0.0,12607400
2023-12-04,26.620180130004883,31.25,0.0,31.5,31.0,31.25,0.0,4787800
2023-12-06,27.04610252380371,31.75,0.0,31.75,31.0,31.5,0.0,6724200
2023-12-07,26.620180130004883,31.25,0.0,31.75,31.0,31.5,0.0,5693100
2023-12-08,26.194255828857422,30.75,0.0,31.75,30.75,31.25,0.0,5299900
2023-12-12,25.768333435058594,30.25,0.0,30.75,30.0,30.75,0.0,7359700
2023-12-13,25.342411041259766,29.75,0.0,30.5,29.75,30.0,0.0,5778500
2023-12-14,25.768333435058594,30.25,0.0,30.5,30.0,30.25,0.0,5174400
2023-12-15,26.620180130004883,31.25,0.0,31.5,30.5,30.5,0.0,6024400
2023-12-18,26.194255828857422,30.75,0.0,31.25,30.5,31.0,0.0,3497800
2023-12-19,25.55537223815918,30.0,0.0,30.75,30.0,30.5,0.0,7444800
2023-12-20,26.194255828857422,30.75,0.0,31.0,30.0,30.25,0.0,4628300
2023-12-21,26.407217025756836,31.0,0.0,31.25,30.75,30.75,0.0,2486600
2023-12-22,25.981294631958008,30.5,0.0,31.25,30.25,31.0,0.0,2419000
2023-12-25,26.194255828857422,30.75,0.0,31.0,30.5,30.75,0.0,805700
2023-12-26,26.620180130004883,31.25,0.0,31.25,30.75,30.75,0.0,1198000
2023-12-27,26.620180130004883,31.25,0.0,31.5,31.0,31.25,0.0,1669400
2023-12-28,26.833141326904297,31.5,0.0,31.5,31.0,31.25,0.0,1987300
2024-01-03,27.259061813354492,32.0,0.0,32.25,31.5,31.75,0.0,3634700
2024-01-04,27.472026824951172,32.25,0.0,32.25,31.5,32.0,0.0,2836700
2024-01-05,27.259061813354492,32.0,0.0,32.25,31.75,32.25,0.0,2839200
2024-01-08,26.833141326904297,31.5,0.0,32.0,31.5,32.0,0.0,819000
2024-01-09,26.620180130004883,31.25,0.0,31.75,31.25,31.75,0.0,2869400
2024-01-10,26.620180130004883,31.25,0.0,31.5,30.5,31.25,0.0,8271800
2024-01-11,26.620180130004883,31.25,0.0,31.25,31.0,31.25,0.0,578800
2024-01-12,26.620180130004883,31.25,0.0,31.5,31.0,31.25,0.0,1727000
2024-01-15,26.833141326904297,31.5,0.0,31.75,31.25,31.25,0.0,3559000
2024-01-16,26.407217025756836,31.0,0.0,31.5,30.75,31.5,0.0,3731400
2024-01-17,25.768333435058594,30.25,0.0,31.0,30.25,31.0,0.0,4077900
2024-01-18,25.768333435058594,30.25,0.0,31.0,30.0,30.25,0.0,4623800
2024-01-19,25.768333435058594,30.25,0.0,30.5,30.25,30.25,0.0,1303200
2024-01-22,25.55537223815918,30.0,0.0,30.5,29.75,30.5,0.0,5071800
2024-01-23,25.55537223815918,30.0,0.0,30.25,29.5,30.0,0.0,2981300
2024-01-24,25.981294631958008,30.5,0.0,30.5,29.5,30.0,0.0,3964900
2024-01-25,25.768333435058594,30.25,0.0,30.5,30.0,30.0,0.0,1590400
2024-01-26,25.981294631958008,30.5,0.0,30.75,30.25,30.25,0.0,1684400
2024-01-29,25.981294631958008,30.5,0.0,30.75,30.25,30.5,0.0,1259900
2024-01-30,25.981294631958008,30.5,0.0,31.0,30.25,30.5,0.0,3246200
2024-01-31,25.768333435058594,30.25,0.0,30.5,30.0,30.5,0.0,5466700
2024-02-01,25.55537223815918,30.0,0.0,30.5,30.0,30.25,0.0,2155600
2024-02-02,25.981294631958008,30.5,0.0,30.75,30.0,30.5,0.0,3282300
2024-02-05,25.981294631958008,30.5,0.0,30.75,30.25,30.5,0.0,1352400
2024-02-06,26.194255828857422,30.75,0.0,31.0,30.5,30.75,0.0,4014200
2024-02-07,25.981294631958008,30.5,0.0,30.75,30.25,30.5,0.0,2267500
2024-02-08,25.981294631958008,30.5,0.0,31.0,30.5,30.5,0.0,3306400
2024-02-09,25.768333435058594,30.25,0.0,30.5,30.0,30.5,0.0,2620600
2024-02-12,25.55537223815918,30.0,0.0,30.5,30.0,30.25,0.0,2084700
2024-02-13,25.342411041259766,29.75,0.0,30.25,29.75,30.0,0.0,2572400
2024-02-14,25.342411041259766,29.75,0.0,30.0,29.5,29.75,0.0,3363800
2024-02-15,24.916486740112305,29.25,0.0,30.0,29.25,29.75,0.0,5234500
2024-02-16,24.916486740112305,29.25,0.0,29.5,28.75,29.25,0.0,5992000
2024-02-19,25.342411041259766,29.75,0.0,29.75,29.0,29.25,0.0,1921900
2024-02-20,25.12944793701172,29.5,0.0,29.75,29.25,29.5,0.0,2330100
2024-02-21,25.342411041259766,29.75,0.0,30.0,29.25,29.5,0.0,2220500
2024-02-22,25.55537223815918,30.0,0.0,30.25,29.75,29.75,0.0,1344700
2024-02-23,25.342411041259766,29.75,0.0,30.25,29.75,30.0,0.0,1242400
2024-02-27,24.916486740112305,29.25,0.0,30.0,29.25,30.0,0.0,4541400
2024-02-28,25.12944793701172,29.5,0.0,29.5,29.0,29.25,0.0,3183500
2024-02-29,24.703523635864258,29.0,0.0,29.25,28.75,29.25,0.0,6284300
2024-03-01,24.490564346313477,28.75,0.0,29.0,28.5,29.0,0.0,2982600
2024-03-04,24.490564346313477,28.75,0.0,29.0,28.5,28.75,0.0,2316200
2024-03-05,24.490564346313477,28.75,0.0,29.0,28.5,28.5,0.0,2963000
2024-03-06,24.27760124206543,28.5,0.0,29.0,28.25,28.75,0.0,4232300
2024-03-07,24.27760124206543,28.5,0.0,28.75,28.25,28.5,0.0,2236100
2024-03-08,24.703523635864258,29.0,0.0,29.25,28.5,28.5,0.0,6524800
2024-03-11,24.916486740112305,29.25,0.0,29.5,28.75,29.0,0.0,2760500
2024-03-12,24.916486740112305,29.25,0.0,29.25,29.25,29.25,0.0,0
2024-03-13,25.12944793701172,29.5,0.0,29.75,29.0,29.0,0.0,4373400
2024-03-14,24.916486740112305,29.25,0.0,29.5,29.0,29.25,0.0,3154900
2024-03-15,25.61712646484375,29.25,0.8,29.25,29.25,29.25,0.0,0
2024-03-18,24.960275650024414,28.5,0.0,29.0,28.5,28.75,0.0,750800
2024-03-19,24.7413272857666,28.25,0.0,28.75,28.25,28.5,0.0,2318300
2024-03-20,24.7413272857666,28.25,0.0,28.25,28.25,28.25,0.0,0
2024-03-21,24.7413272857666,28.25,0.0,28.5,27.75,28.0,0.0,2319200
2024-03-22,24.7413272857666,28.25,0.0,28.25,28.25,28.25,0.0,0
2024-03-25,24.303428649902344,27.75,0.0,28.5,27.75,28.25,0.0,1807800
2024-03-26,24.303428649902344,27.75,0.0,27.75,27.75,27.75,0.0,0
2024-03-27,24.522377014160156,28.0,0.0,28.25,27.75,27.75,0.0,1791900
2024-03-28,24.522377014160156,28.0,0.0,28.0,28.0,28.0,0.0,0
2024-03-29,24.303428649902344,27.75,0.0,28.0,27.75,27.75,0.0,756500
2024-04-01,24.522377014160156,28.0,0.0,28.25,28.0,28.0,0.0,1191400
2024-04-02,24.522377014160156,28.0,0.0,28.25,28.0,28.25,0.0,897500
2024-04-03,24.303428649902344,27.75,0.0,28.0,27.75,28.0,0.0,1191800
2024-04-04,24.303428649902344,27.75,0.0,27.75,27.75,27.75,0.0,0
2024-04-05,24.303428649902344,27.75,0.0,28.0,27.5,28.0,0.0,1920400
2024-04-09,24.303428649902344,27.75,0.0,27.75,27.75,27.75,0.0,0
2024-04-10,25.398176193237305,29.0,0.0,29.0,28.75,28.75,0.0,2278000
2024-04-11,24.960275650024414,28.5,0.0,29.0,28.5,28.75,0.0,1320500
2024-04-17,24.960275650024414,28.5,0.0,28.5,28.5,28.5,0.0,0
2024-04-18,24.960275650024414,28.5,0.0,28.5,28.5,28.5,0.0,0
2024-04-19,24.960275650024414,28.5,0.0,28.5,28.5,28.5,0.0,0
2024-04-22,24.0844783782959,27.5,0.0,27.5,27.0,27.25,0.0,2501900
2024-04-23,24.303428649902344,27.75,0.0,28.0,27.5,27.5,0.0,2181300
2024-04-24,24.303428649902344,27.75,0.0,27.75,27.75,27.75,0.0,0
2024-04-25,24.522377014160156,28.0,0.0,28.0,27.5,28.0,0.0,1735200
2024-04-26,24.522377014160156,28.0,0.0,28.0,27.5,28.0,0.0,1414100
2024-04-29,25.179227828979492,28.75,0.0,29.25,28.5,28.5,0.0,4128300
2024-04-30,25.179227828979492,28.75,0.0,29.0,28.25,29.0,0.0,2098300
2024-05-02,24.960275650024414,28.5,0.0,29.0,28.25,29.0,0.0,2515300
2024-05-03,25.179227828979492,28.75,0.0,29.0,28.5,28.5,0.0,1988400
2024-05-07,25.179227828979492,28.75,0.0,28.75,28.75,28.75,0.0,0
2024-05-08,24.960275650024414,28.5,0.0,28.75,28.5,28.5,0.0,854300
2024-05-09,24.7413272857666,28.25,0.0,28.75,28.25,28.5,0.0,1510500
2024-05-10,24.7413272857666,28.25,0.0,28.5,28.0,28.5,0.0,1714500
2024-05-13,24.7413272857666,28.25,0.0,28.5,28.0,28.25,0.0,991900
2024-05-14,24.960275650024414,28.5,0.0,28.5,28.0,28.25,0.0,1468100
2024-05-15,24.960275650024414,28.5,0.0,28.5,28.5,28.5,0.0,0
2024-05-16,24.960275650024414,28.5,0.0,28.5,28.5,28.5,0.0,0
2024-05-17,25.179227828979492,28.75,0.0,29.0,28.5,29.0,0.0,1112500
2024-05-20,25.179227828979492,28.75,0.0,28.75,28.75,28.75,0.0,0
2024-05-21,25.179227828979492,28.75,0.0,29.0,28.5,28.75,0.0,2225100
2024-05-23,24.960275650024414,28.5,0.0,28.75,28.0,28.75,0.0,3611000
2024-05-24,24.960275650024414,28.5,0.0,28.5,28.5,28.5,0.0,0
2024-05-27,24.960275650024414,28.5,0.0,28.5,28.5,28.5,0.0,0
2024-05-28,24.960275650024414,28.5,0.0,28.5,28.25,28.5,0.0,496000
2024-05-29,25.398176193237305,29.0,0.0,29.5,28.5,28.5,0.0,6886900
2024-05-30,25.398176193237305,29.0,0.0,29.0,29.0,29.0,0.0,0
2024-05-31,25.398176193237305,29.0,0.0,29.0,29.0,29.0,0.0,0
2024-06-04,24.7413272857666,28.25,0.0,29.0,28.25,28.75,0.0,2636400
2024-06-05,24.7413272857666,28.25,0.0,28.25,28.25,28.25,0.0,0
2024-06-06,24.303428649902344,27.75,0.0,28.0,27.5,28.0,0.0,2863100
2024-06-07,24.303428649902344,27.75,0.0,27.75,27.75,27.75,0.0,0
2024-06-10,23.64657974243164,27.0,0.0,27.5,26.75,27.5,0.0,3629900
2024-06-11,23.865528106689453,27.25,0.0,27.5,26.75,27.0,0.0,3959900
2024-06-12,23.865528106689453,27.25,0.0,27.25,26.75,27.25,0.0,2642200
2024-06-13,23.64657974243164,27.0,0.0,27.25,26.75,27.25,0.0,1858400
2024-06-14,23.427629470825195,26.75,0.0,27.0,26.5,27.0,0.0,2589800
2024-06-17,22.770780563354492,26.0,0.0,27.0,25.5,26.75,0.0,6889500
2024-06-18,22.770780563354492,26.0,0.0,26.0,26.0,26.0,0.0,0
2024-06-19,22.770780563354492,26.0,0.0,26.0,26.0,26.0,0.0,0
2024-06-20,22.55183219909668,25.75,0.0,26.25,25.5,26.25,0.0,4336700
2024-06-21,23.64657974243164,27.0,0.0,27.25,25.75,25.75,0.0,8154600
2024-06-24,23.64657974243164,27.0,0.0,27.0,27.0,27.0,0.0,0
2024-06-25,23.64657974243164,27.0,0.0,27.0,27.0,27.0,0.0,0
2024-06-26,23.64657974243164,27.0,0.0,27.0,27.0,27.0,0.0,0
2024-06-27,23.427629470825195,26.75,0.0,27.25,26.5,27.0,0.0,1665400
2024-06-28,23.20867919921875,26.5,0.0,27.0,26.25,26.75,0.0,1930200
2024-07-01,23.20867919921875,26.5,0.0,26.5,26.5,26.5,0.0,0
2024-07-02,23.20867919921875,26.5,0.0,26.5,26.5,26.5,0.0,0
2024-07-03,23.427629470825195,26.75,0.0,27.0,26.5,26.75,0.0,662600
2024-07-04,23.865528106689453,27.25,0.0,27.75,26.75,26.75,0.0,2712600
2024-07-05,24.303428649902344,27.75,0.0,28.0,27.0,27.25,0.0,2336900
2024-07-08,24.960275650024414,28.5,0.0,28.5,27.5,27.75,0.0,3204700
2024-07-09,24.960275650024414,28.5,0.0,28.5,28.5,28.5,0.0,0
2024-07-10,24.7413272857666,28.25,0.0,28.75,28.0,28.25,0.0,2481000
2024-07-11,24.7413272857666,28.25,0.0,28.25,28.25,28.25,0.0,0
2024-07-12,24.7413272857666,28.25,0.0,28.25,28.25,28.25,0.0,0
2024-07-15,24.7413272857666,28.25,0.0,28.25,28.25,28.25,0.0,0
2024-07-16,24.522377014160156,28.0,0.0,28.75,27.75,28.25,0.0,4752000
2024-07-17,24.522377014160156,28.0,0.0,28.0,28.0,28.0,0.0,0
2024-07-18,25.398176193237305,29.0,0.0,29.0,28.0,28.25,0.0,4892200
2024-07-19,24.7413272857666,28.25,0.0,28.75,28.0,28.75,0.0,2399300
2024-07-23,24.303428649902344,27.75,0.0,28.5,27.75,28.25,0.0,2548600
2024-07-24,24.303428649902344,27.75,0.0,28.0,27.5,27.75,0.0,956300
2024-07-25,23.865528106689453,27.25,0.0,27.75,27.25,27.5,0.0,854300
2024-07-26,24.0844783782959,27.5,0.0,27.5,27.0,27.25,0.0,1179900
2024-07-30,24.0844783782959,27.5,0.0,27.5,27.5,27.5,0.0,0
2024-07-31,24.303428649902344,27.75,0.0,28.0,27.25,27.5,0.0,2031000
2024-08-01,24.522377014160156,28.0,0.0,28.5,27.75,28.0,0.0,2179600
2024-08-02,24.303428649902344,27.75,0.0,28.0,27.5,28.0,0.0,1275800
2024-08-05,23.64657974243164,27.0,0.0,27.75,26.75,27.5,0.0,3262400
2024-08-06,23.865528106689453,27.25,0.0,27.5,26.75,27.25,0.0,2349600
2024-08-07,24.303428649902344,27.75,0.0,28.0,27.25,27.5,0.0,2773500
2024-08-08,24.303428649902344,27.75,0.0,27.75,27.75,27.75,0.0,0
2024-08-09,24.960275650024414,28.5,0.0,29.25,28.25,29.25,0.0,1642200
2024-08-13,24.522377014160156,28.0,0.0,28.5,27.75,28.5,0.0,1503700
2024-08-14,25.179227828979492,28.75,0.0,29.25,28.0,28.25,0.0,4314100
2024-08-15,25.179227828979492,28.75,0.0,28.75,28.75,28.75,0.0,0
2024-08-16,26.49292755126953,30.25,0.0,30.5,29.5,30.0,0.0,4321700
2024-08-19,26.49292755126953,30.25,0.0,30.25,30.25,30.25,0.0,0
2024-08-20,26.273977279663086,30.0,0.0,30.75,30.0,30.5,0.0,2522300
2024-08-21,26.93082618713379,30.75,0.0,30.75,29.75,30.0,0.0,2863600
2024-08-22,26.93082618713379,30.75,0.0,30.75,30.75,30.75,0.0,0
2024-08-23,26.711875915527344,30.5,0.0,30.75,30.5,30.5,0.0,2920000
2024-08-26,26.93082618713379,30.75,0.0,31.0,30.5,30.75,0.0,1724700
2024-08-27,26.93082618713379,30.75,0.0,31.0,30.5,31.0,0.0,1755000
2024-08-28,26.711875915527344,30.5,0.0,31.0,30.5,30.75,0.0,1433400
2024-08-29,26.711875915527344,30.5,0.0,31.0,30.25,30.5,0.0,2513600
2024-08-30,26.711875915527344,30.5,0.0,30.75,30.25,30.5,0.0,2344700
2024-09-02,26.711875915527344,30.5,0.0,30.5,30.5,30.5,0.0,0
2024-09-03,26.711875915527344,30.5,0.0,30.5,30.5,30.5,0.0,0
2024-09-04,26.711875915527344,30.5,0.0,30.5,30.5,30.5,0.0,0
2024-09-05,27.65623664855957,30.75,0.8,31.0,30.0,30.25,0.0,8761500
2024-09-06,28.780473709106445,32.0,0.0,32.25,31.0,31.0,0.0,6647300
2024-09-09,28.780473709106445,32.0,0.0,32.0,32.0,32.0,0.0,0
2024-09-10,28.33077621459961,31.5,0.0,32.25,31.0,32.25,0.0,8127200
2024-09-11,28.555627822875977,31.75,0.0,32.25,31.25,31.75,0.0,4783700
2024-09-12,28.555627822875977,31.75,0.0,32.25,31.75,32.0,0.0,3783500
2024-09-13,28.555627822875977,31.75,0.0,32.25,31.75,32.0,0.0,1631800
2024-09-16,28.555627822875977,31.75,0.0,31.75,31.75,31.75,0.0,0
2024-09-17,28.555627822875977,31.75,0.0,31.75,31.75,31.75,0.0,0
2024-09-18,28.555627822875977,31.75,0.0,31.75,31.75,31.75,0.0,0
2024-09-19,28.555627822875977,31.75,0.0,31.75,31.75,31.75,0.0,0
2024-09-20,28.780473709106445,32.0,0.0,32.75,32.0,32.5,0.0,4210500
2024-09-23,29.005319595336914,32.25,0.0,32.5,32.0,32.0,0.0,3452800
2024-09-24,29.455015182495117,32.75,0.0,33.0,32.25,32.5,0.0,2012000
2024-09-25,29.455015182495117,32.75,0.0,33.0,32.5,32.75,0.0,3509900
2024-09-26,29.23016929626465,32.5,0.0,32.75,32.25,32.75,0.0,3280400
2024-09-27,29.23016929626465,32.5,0.0,32.5,32.5,32.5,0.0,0
2024-09-30,29.005319595336914,32.25,0.0,32.5,32.0,32.25,0.0,1802500
2024-10-01,29.23016929626465,32.5,0.0,32.5,32.0,32.25,0.0,2376100
2024-10-02,28.555627822875977,31.75,0.0,32.75,31.75,32.25,0.0,5091100
2024-10-03,28.555627822875977,31.75,0.0,32.5,31.5,31.75,0.0,4247800
2024-10-04,28.555627822875977,31.75,0.0,31.75,31.75,31.75,0.0,0
2024-10-07,29.23016929626465,32.5,0.0,32.75,32.25,32.25,0.0,3532200
2024-10-08,29.005319595336914,32.25,0.0,32.5,32.25,32.25,0.0,383900
2024-10-09,29.23016929626465,32.5,0.0,32.75,32.25,32.5,0.0,1994300
2024-10-10,29.67986297607422,33.0,0.0,33.25,32.25,32.5,0.0,4080600
2024-10-11,29.67986297607422,33.0,0.0,33.0,33.0,33.0,0.0,0
2024-10-15,29.67986297607422,33.0,0.0,33.5,32.5,33.0,0.0,4548200
2024-10-16,29.67986297607422,33.0,0.0,33.0,33.0,33.0,0.0,0
2024-10-17,29.67986297607422,33.0,0.0,33.0,33.0,33.0,0.0,0
2024-10-18,29.90471076965332,33.25,0.0,33.75,32.75,33.0,0.0,5396100
2024-10-21,30.354406356811523,33.75,0.0,34.25,33.25,33.25,0.0,6253100
2024-10-22,30.354406356811523,33.75,0.0,33.75,33.75,33.75,0.0,0
2024-10-24,29.23016929626465,32.5,0.0,33.5,32.5,33.5,0.0,1948700
2024-10-25,29.23016929626465,32.5,0.0,32.5,32.5,32.5,0.0,0
2024-10-28,29.005319595336914,32.25,0.0,32.75,32.25,32.75,0.0,1011600
2024-10-29,29.005319595336914,32.25,0.0,32.75,32.0,32.5,0.0,1852500
2024-10-30,28.780473709106445,32.0,0.0,32.25,32.0,32.25,0.0,1239400
2024-10-31,29.005319595336914,32.25,0.0,32.25,31.25,31.75,0.0,6046500
2024-11-01,29.455015182495117,32.75,0.0,33.0,31.75,32.25,0.0,2243800
2024-11-04,28.780473709106445,32.0,0.0,32.75,31.75,32.75,0.0,2696100
2024-11-05,28.780473709106445,32.0,0.0,32.5,31.75,32.25,0.0,955800
2024-11-06,27.43138885498047,30.5,0.0,32.0,30.5,32.0,0.0,5947700
2024-11-07,27.43138885498047,30.5,0.0,30.75,30.25,30.5,0.0,3078900
2024-11-08,27.65623664855957,30.75,0.0,31.0,30.25,30.75,0.0,2330700
2024-11-11,26.981693267822266,30.0,0.0,30.75,30.0,30.5,0.0,1417600
2024-11-12,26.981693267822266,30.0,0.0,30.25,29.75,30.0,0.0,1561700
2024-11-13,26.756845474243164,29.75,0.0,30.25,29.75,30.0,0.0,1999300
2024-11-14,26.756845474243164,29.75,0.0,30.0,29.5,29.75,0.0,1386600
2024-11-15,26.756845474243164,29.75,0.0,30.25,29.75,30.0,0.0,2664200
2024-11-18,27.43138885498047,30.5,0.0,30.5,30.0,30.0,0.0,1620100
2024-11-19,27.43138885498047,30.5,0.0,31.0,30.25,30.25,0.0,2886800
2024-11-20,26.981693267822266,30.0,0.0,30.5,30.0,30.25,0.0,2115300
2024-11-21,27.65623664855957,30.75,0.0,30.75,30.25,30.25,0.0,1010700
2024-11-22,27.43138885498047,30.5,0.0,30.75,30.25,30.75,0.0,1255400
2024-11-25,28.105932235717773,31.25,0.0,31.5,30.75,30.75,0.0,3610400
2024-11-26,27.88108253479004,31.0,0.0,31.25,30.75,31.25,0.0,1096800
2024-11-27,27.88108253479004,31.0,0.0,31.25,30.75,31.0,0.0,1223200
2024-11-28,27.88108253479004,31.0,0.0,31.25,30.75,31.0,0.0,1548000
2024-11-29,27.65623664855957,30.75,0.0,31.0,30.75,31.0,0.0,1162700
2024-12-02,28.555627822875977,31.75,0.0,31.75,30.75,31.0,0.0,2747100
2024-12-03,29.005319595336914,32.25,0.0,32.25,31.75,31.75,0.0,2087800
2024-12-04,28.780473709106445,32.0,0.0,32.5,31.75,32.25,0.0,2588900
2024-12-06,29.005319595336914,32.25,0.0,32.5,32.0,32.0,0.0,2224800
2024-12-09,29.005319595336914,32.25,0.0,32.25,31.75,32.25,0.0,1075400
2024-12-11,29.005319595336914,32.25,0.0,32.5,32.0,32.25,0.0,1628900
2024-12-12,28.780473709106445,32.0,0.0,32.5,31.75,32.5,0.0,1384200
2024-12-13,28.33077621459961,31.5,0.0,32.25,31.25,31.75,0.0,2101500
2024-12-16,28.33077621459961,31.5,0.0,31.75,31.0,31.25,0.0,2088100
2024-12-17,28.105932235717773,31.25,0.0,31.75,31.0,31.25,0.0,2976000
2024-12-18,27.65623664855957,30.75,0.0,31.5,30.75,31.0,0.0,2864600
2024-12-19,27.43138885498047,30.5,0.0,31.0,30.0,30.75,0.0,2931800
2024-12-20,26.981693267822266,30.0,0.0,30.5,29.75,30.5,0.0,5371900
2024-12-23,26.981693267822266,30.0,0.0,30.25,29.5,30.0,0.0,2883500
2024-12-24,27.206541061401367,30.25,0.0,30.5,30.0,30.25,0.0,1364900
2024-12-25,27.43138885498047,30.5,0.0,30.5,30.25,30.5,0.0,861100
2024-12-26,27.206541061401367,30.25,0.0,30.5,30.0,30.5,0.0,2047100
2024-12-27,26.981693267822266,30.0,0.0,30.5,29.5,30.5,0.0,3889600
2024-12-30,26.981693267822266,30.0,0.0,30.25,29.75,30.0,0.0,3622100
2025-01-02,26.531997680664062,29.5,0.0,30.0,29.25,29.75,0.0,3577100
2025-01-03,26.307151794433594,29.25,0.0,29.75,29.25,29.5,0.0,2184400
2025-01-06,25.85745620727539,28.75,0.0,29.25,28.5,29.0,0.0,3358800
2025-01-07,26.307151794433594,29.25,0.0,29.5,28.75,28.75,0.0,1967600
2025-01-08,26.307151794433594,29.25,0.0,29.25,28.75,29.25,0.0,2003800
2025-01-09,25.40776252746582,28.25,0.0,29.0,28.25,29.0,0.0,2680900
2025-01-10,25.63260841369629,28.5,0.0,28.75,28.0,28.25,0.0,4765400
2025-01-13,25.182912826538086,28.0,0.0,28.25,27.75,28.25,0.0,2870300
2025-01-14,24.958066940307617,27.75,0.0,28.5,27.25,28.25,0.0,4180800
2025-01-15,25.182912826538086,28.0,0.0,28.0,27.5,27.75,0.0,3151300
2025-01-16,25.182912826538086,28.0,0.0,28.25,27.75,28.0,0.0,588700
2025-01-17,24.958066940307617,27.75,0.0,28.0,27.5,27.75,0.0,1866700
2025-01-20,25.182912826538086,28.0,0.0,28.25,27.75,27.75,0.0,1505800
2025-01-21,26.08230209350586,29.0,0.0,29.25,28.25,28.25,0.0,3736300
2025-01-22,25.63260841369629,28.5,0.0,29.25,28.5,29.25,0.0,1450800
2025-01-23,25.40776252746582,28.25,0.0,28.75,28.25,28.5,0.0,1273700
2025-01-24,26.307151794433594,29.25,0.0,29.25,28.25,28.5,0.0,3958200
2025-01-27,25.85745620727539,28.75,0.0,29.25,28.5,29.0,0.0,1756700
2025-01-28,25.85745620727539,28.75,0.0,29.0,28.5,28.75,0.0,1504200
2025-01-29,25.85745620727539,28.75,0.0,29.0,28.5,28.75,0.0,303100
2025-01-30,26.08230209350586,29.0,0.0,29.0,28.5,28.75,0.0,1026700
2025-01-31,25.63260841369629,28.5,0.0,29.25,28.25,29.0,0.0,1747900
2025-02-03,25.182912826538086,28.0,0.0,28.0,27.5,27.75,0.0,2788800
2025-02-04,24.958066940307617,27.75,0.0,28.25,27.5,28.0,0.0,1663100
2025-02-05,24.283525466918945,27.0,0.0,27.75,26.75,27.75,0.0,2439700
2025-02-06,24.058677673339844,26.75,0.0,27.25,26.5,27.25,0.0,2393300
2025-02-07,24.508371353149414,27.25,0.0,27.5,26.25,26.75,0.0,3070400
2025-02-10,23.83382797241211,26.5,0.0,27.5,26.5,27.25,0.0,3100100
2025-02-11,24.283525466918945,27.0,0.0,27.25,26.5,26.5,0.0,2230200
2025-02-13,24.283525466918945,27.0,0.0,27.5,27.0,27.0,0.0,2350200
2025-02-14,24.958066940307617,27.75,0.0,27.75,27.0,27.0,0.0,2360200
2025-02-17,25.63260841369629,28.5,0.0,28.75,28.0,28.25,0.0,2401600
2025-02-18,25.63260841369629,28.5,0.0,28.75,28.0,28.5,0.0,1547900
2025-02-19,25.85745620727539,28.75,0.0,28.75,28.25,28.25,0.0,1350200
2025-02-20,24.958066940307617,27.75,0.0,28.75,27.75,28.5,0.0,2738300
2025-02-21,24.958066940307617,27.75,0.0,28.0,27.5,27.75,0.0,2182200
2025-02-24,24.73322105407715,27.5,0.0,28.0,27.25,27.75,0.0,2232000
2025-02-25,24.283525466918945,27.0,0.0,27.75,27.0,27.75,0.0,3353700
2025-02-26,24.958066940307617,27.75,0.0,28.0,27.25,27.25,0.0,3962300
2025-02-27,23.83382797241211,26.5,0.0,27.5,26.25,27.25,0.0,3535500
2025-02-28,23.384136199951172,26.0,0.0,26.75,26.0,26.25,0.0,4152400
2025-03-03,23.384136199951172,26.0,0.0,26.25,25.75,26.25,0.0,1384700
2025-03-04,23.384136199951172,26.0,0.0,26.5,25.75,25.75,0.0,2095500
2025-03-05,24.058677673339844,26.75,0.0,27.25,26.0,26.0,0.0,2992800
2025-03-06,23.60898208618164,26.25,0.0,27.0,26.0,27.0,0.0,3285200
2025-03-07,23.83382797241211,26.5,0.0,26.75,26.0,26.25,0.0,2223000
2025-03-10,24.058677673339844,26.75,0.0,27.25,26.5,26.5,0.0,3635100
2025-03-11,24.283525466918945,27.0,0.0,27.25,26.5,26.75,0.0,3401100
2025-03-12,24.058677673339844,26.75,0.0,27.25,26.5,27.0,0.0,2313500
2025-03-13,24.058677673339844,26.75,0.0,27.25,26.5,26.75,0.0,3153200
2025-03-14,24.508371353149414,27.25,0.0,27.25,26.75,26.75,0.0,3649400
2025-03-17,24.091405868530273,26.0,0.8,26.25,25.75,26.0,0.0,2584400
2025-03-18,24.091405868530273,26.0,0.0,26.25,25.75,26.0,0.0,1469400
2025-03-19,24.32305335998535,26.25,0.0,26.25,25.75,26.0,0.0,1325400
2025-03-20,23.859756469726562,25.75,0.0,26.5,25.75,26.0,0.0,3325800
2025-03-21,24.32305335998535,26.25,0.0,26.25,25.75,25.75,0.0,4429400
2025-03-24,23.859756469726562,25.75,0.0,26.0,25.75,26.0,0.0,975600
2025-03-25,23.859756469726562,25.75,0.0,26.0,25.75,26.0,0.0,820200
2025-03-26,23.859756469726562,25.75,0.0,26.0,25.75,25.75,0.0,776900
2025-03-27,24.091405868530273,26.0,0.0,26.0,25.75,26.0,0.0,412200
2025-03-28,23.859756469726562,25.75,0.0,25.75,25.25,25.75,0.0,1839600
2025-03-31,23.396459579467773,25.25,0.0,25.5,25.25,25.25,0.0,1430700
2025-04-01,23.628108978271484,25.5,0.0,25.5,25.0,25.5,0.0,893700
2025-04-02,23.396459579467773,25.25,0.0,25.5,25.25,25.25,0.0,580000
2025-04-03,23.164812088012695,25.0,0.0,25.5,25.0,25.25,0.0,861400
2025-04-04,22.701515197753906,24.5,0.0,25.25,24.5,25.0,0.0,2064000
2025-04-08,21.218969345092773,22.899999618530273,0.0,24.0,22.5,23.600000381469727,0.0,4891100
2025-04-09,22.423540115356445,24.200000762939453,0.0,24.200000762939453,22.700000762939453,22.899999618530273,0.0,3742300
2025-04-10,23.628108978271484,25.5,0.0,25.75,24.299999237060547,25.0,0.0,4109200
2025-04-11,23.072153091430664,24.899999618530273,0.0,25.5,24.700000762939453,25.5,0.0,1584400
2025-04-16,23.628108978271484,25.5,0.0,25.75,24.700000762939453,24.700000762939453,0.0,3066500
2025-04-17,23.859756469726562,25.75,0.0,26.0,25.25,25.5,0.0,1365100
2025-04-18,23.859756469726562,25.75,0.0,26.0,25.5,25.75,0.0,597100
2025-04-21,23.164812088012695,25.0,0.0,25.75,25.0,25.75,0.0,1464600
2025-04-22,24.091405868530273,26.0,0.0,26.5,25.0,25.0,0.0,4003800
2025-04-23,24.091405868530273,26.0,0.0,26.5,25.5,26.25,0.0,2612100
2025-04-24,24.091405868530273,26.0,0.0,26.25,25.25,25.5,0.0,1826200
2025-04-25,24.32305335998535,26.25,0.0,26.5,25.75,26.25,0.0,1553900
2025-04-28,24.32305335998535,26.25,0.0,26.75,26.0,26.0,0.0,1321700
2025-04-29,24.554698944091797,26.5,0.0,26.75,26.0,26.5,0.0,1527700
2025-04-30,24.32305335998535,26.25,0.0,26.5,26.0,26.5,0.0,1259200
2025-05-02,24.554698944091797,26.5,0.0,27.0,26.25,26.25,0.0,1718100
2025-05-06,24.78635025024414,26.75,0.0,27.25,26.25,26.5,0.0,3272000
2025-05-07,25.249645233154297,27.25,0.0,27.5,26.75,26.75,0.0,2580000
2025-05-08,25.249645233154297,27.25,0.0,27.5,27.0,27.5,0.0,1941700
2025-05-09,25.481294631958008,27.5,0.0,27.5,27.0,27.5,0.0,928600
2025-05-13,25.481294631958008,27.5,0.0,28.0,27.0,27.75,0.0,2193500
2025-05-14,25.249645233154297,27.25,0.0,27.5,27.0,27.5,0.0,911700
2025-05-15,24.32305335998535,26.25,0.0,27.25,26.25,27.0,0.0,1530300
2025-05-16,24.32305335998535,26.25,0.0,26.75,26.0,26.25,0.0,2371300
2025-05-19,24.091405868530273,26.0,0.0,26.25,25.75,26.0,0.0,1978100
2025-05-20,24.32305335998535,26.25,0.0,26.75,25.75,26.0,0.0,2063000
2025-05-21,24.554698944091797,26.5,0.0,26.75,26.25,26.25,0.0,1221000
2025-05-22,24.091405868530273,26.0,0.0,26.5,26.0,26.25,0.0,1218000
2025-05-23,24.32305335998535,26.25,0.0,26.5,26.0,26.25,0.0,880000
2025-05-26,24.091405868530273,26.0,0.0,26.25,25.75,26.0,0.0,1064300
2025-05-27,23.859756469726562,25.75,0.0,26.0,25.5,26.0,0.0,1356200
2025-05-28,23.859756469726562,25.75,0.0,26.0,25.5,25.5,0.0,2548300
2025-05-29,23.859756469726562,25.75,0.0,26.0,25.25,26.0,0.0,1748500
2025-05-30,23.628108978271484,25.5,0.0,25.75,25.25,25.5,0.0,3688900
2025-06-04,23.859756469726562,25.75,0.0,25.75,25.25,25.5,0.0,1623600
2025-06-05,23.859756469726562,25.75,0.0,25.75,25.5,25.75,0.0,709000
2025-06-06,23.859756469726562,25.75,0.0,26.0,25.5,25.75,0.0,519400
2025-06-09,23.396459579467773,25.25,0.0,26.0,25.0,25.75,0.0,2241900
2025-06-10,23.396459579467773,25.25,0.0,25.25,24.899999618530273,25.0,0.0,2197400
2025-06-11,23.396459579467773,25.25,0.0,25.25,24.899999618530273,25.25,0.0,923600
2025-06-12,22.979494094848633,24.799999237060547,0.0,25.25,24.799999237060547,25.0,0.0,1576900
2025-06-13,22.886837005615234,24.700000762939453,0.0,24.700000762939453,24.399999618530273,24.700000762939453,0.0,1945100
2025-06-16,23.072153091430664,24.899999618530273,0.0,24.899999618530273,24.5,24.700000762939453,0.0,2101600
2025-06-17,22.979494094848633,24.799999237060547,0.0,25.0,24.600000381469727,25.0,0.0,1597100
2025-06-18,22.701515197753906,24.5,0.0,24.899999618530273,24.399999618530273,24.700000762939453,0.0,1275900
2025-06-19,22.516197204589844,24.299999237060547,0.0,24.600000381469727,24.200000762939453,24.5,0.0,1993800
2025-06-20,22.516197204589844,24.299999237060547,0.0,24.700000762939453,24.200000762939453,24.200000762939453,0.0,10133600
2025-06-23,22.330881118774414,24.100000381469727,0.0,24.299999237060547,24.0,24.100000381469727,0.0,1387700
2025-06-24,23.072153091430664,24.899999618530273,0.0,24.899999618530273,24.200000762939453,24.299999237060547,0.0,3568400
2025-06-25,22.979494094848633,24.799999237060547,0.0,24.899999618530273,24.399999618530273,24.700000762939453,0.0,2182500
2025-06-26,22.979494094848633,24.799999237060547,0.0,25.25,24.600000381469727,24.700000762939453,0.0,2458500
2025-06-27,22.423540115356445,24.200000762939453,0.0,24.799999237060547,24.200000762939453,24.799999237060547,0.0,2048300
2025-06-30,22.423540115356445,24.200000762939453,0.0,24.299999237060547,24.0,24.299999237060547,0.0,1849600
2025-07-01,22.979494094848633,24.799999237060547,0.0,24.799999237060547,24.100000381469727,24.200000762939453,0.0,2420800
2025-07-02,23.164812088012695,25.0,0.0,25.25,24.299999237060547,24.700000762939453,0.0,4679200
2025-07-03,23.396459579467773,25.25,0.0,25.25,24.799999237060547,25.0,0.0,1594000
2025-07-04,22.979494094848633,24.799999237060547,0.0,25.25,24.799999237060547,25.0,0.0,2761100
2025-07-07,22.516197204589844,24.299999237060547,0.0,24.799999237060547,24.200000762939453,24.799999237060547,0.0,3124200
2025-07-08,22.701515197753906,24.5,0.0,24.600000381469727,24.200000762939453,24.299999237060547,0.0,1350700
2025-07-09,22.608858108520508,24.399999618530273,0.0,24.5,24.299999237060547,24.5,0.0,1367200
2025-07-11,22.886837005615234,24.700000762939453,0.0,24.899999618530273,24.399999618530273,24.399999618530273,0.0,1479400
2025-07-14,23.072153091430664,24.899999618530273,0.0,25.0,24.700000762939453,24.700000762939453,0.0,1830800
2025-07-15,23.164812088012695,25.0,0.0,25.25,24.799999237060547,24.899999618530273,0.0,1591100
2025-07-16,23.396459579467773,25.25,0.0,25.5,25.0,25.0,0.0,1458000
2025-07-17,23.859756469726562,25.75,0.0,25.75,25.0,25.25,0.0,3363100
2025-07-18,23.628108978271484,25.5,0.0,26.0,25.5,25.5,0.0,1425400
2025-07-21,23.396459579467773,25.25,0.0,25.75,25.0,25.75,0.0,2318000
2025-07-22,23.164812088012695,25.0,0.0,25.5,25.0,25.25,0.0,2049500
2025-07-23,23.859756469726562,25.75,0.0,26.0,25.25,25.25,0.0,2925000
2025-07-24,23.859756469726562,25.75,0.0,26.0,25.5,25.5,0.0,3530100
2025-07-25,23.628108978271484,25.5,0.0,25.75,25.5,25.5,0.0,1001100
2025-07-29,24.091405868530273,26.0,0.0,26.5,25.25,25.25,0.0,3207200
2025-07-30,24.32305335998535,26.25,0.0,26.5,26.0,26.0,0.0,1987300
2025-07-31,24.554698944091797,26.5,0.0,26.5,25.75,26.25,0.0,4438400
2025-08-01,24.091405868530273,26.0,0.0,26.5,25.75,26.25,0.0,2322600
2025-08-04,24.091405868530273,26.0,0.0,26.25,25.5,26.25,0.0,3044100
2025-08-05,24.091405868530273,26.0,0.0,26.5,25.75,26.0,0.0,1203900
2025-08-06,24.32305335998535,26.25,0.0,26.5,26.0,26.0,0.0,2061200
2025-08-07,24.554698944091797,26.5,0.0,27.25,26.25,26.25,0.0,6580500
2025-08-08,24.78635025024414,26.75,0.0,27.0,26.5,26.5,0.0,3064800
2025-08-13,24.554698944091797,26.5,0.0,26.75,26.25,26.75,0.0,1669100
2025-08-14,24.32305335998535,26.25,0.0,26.75,26.25,26.5,0.0,887000
2025-08-15,24.554698944091797,26.5,0.0,26.75,26.0,26.25,0.0,2505400
2025-08-18,24.091405868530273,26.0,0.0,26.75,25.75,26.5,0.0,3975000
2025-08-19,23.859756469726562,25.75,0.0,26.25,25.75,26.0,0.0,1148600
2025-08-20,24.32305335998535,26.25,0.0,26.5,26.0,26.0,0.0,1569700
2025-08-21,24.32305335998535,26.25,0.0,26.75,26.25,26.5,0.0,1897400
2025-08-22,24.554698944091797,26.5,0.0,26.5,26.0,26.5,0.0,3605000
2025-08-25,25.01799774169922,27.0,0.0,27.25,26.75,26.75,0.0,5337600
2025-08-26,24.78635025024414,26.75,0.0,27.25,26.75,27.0,0.0,2212300
2025-08-27,24.78635025024414,26.75,0.0,27.0,26.75,26.75,0.0,818000
2025-08-28,25.01799774169922,27.0,0.0,27.0,26.75,26.75,0.0,1875100
2025-08-29,25.01799774169922,27.0,0.0,27.25,26.75,27.0,0.0,5710800
2025-09-01,25.249645233154297,27.25,0.0,27.5,26.75,27.0,0.0,6154000
2025-09-02,24.820068359375,26.0,0.8,26.5,25.75,26.25,0.0,5685600
2025-09-03,24.820068359375,26.0,0.0,26.25,25.75,26.0,0.0,1466600
2025-09-04,24.820068359375,26.0,0.0,26.25,25.5,26.0,0.0,3201000
2025-09-05,24.820068359375,26.0,0.0,26.0,25.75,26.0,0.0,670800
2025-09-08,24.820068359375,26.0,0.0,26.0,25.75,26.0,0.0,528000
2025-09-09,25.0587215423584,26.25,0.0,26.25,26.0,26.0,0.0,1827300
2025-09-10,24.820068359375,26.0,0.0,26.25,26.0,26.25,0.0,461500
2025-09-11,25.297374725341797,26.5,0.0,26.5,26.0,26.25,0.0,956400
2025-09-12,25.297374725341797,26.5,0.0,26.75,26.25,26.25,0.0,1745600
2025-09-15,25.53603172302246,26.75,0.0,26.75,26.25,26.5,0.0,1476900
2025-09-16,25.53603172302246,26.75,0.0,26.75,26.25,26.75,0.0,2923600
2025-09-17,25.53603172302246,26.75,0.0,26.75,26.5,26.75,0.0,746200
2025-09-18,25.0587215423584,26.25,0.0,26.75,26.25,26.75,0.0,943000
2025-09-19,24.820068359375,26.0,0.0,26.5,26.0,26.5,0.0,3667100
2025-09-22,24.820068359375,26.0,0.0,26.25,25.75,26.0,0.0,1451000
2025-09-23,24.342758178710938,25.5,0.0,26.25,25.5,26.0,0.0,2214400
2025-09-24,24.58141326904297,25.75,0.0,26.0,25.5,25.75,0.0,680500
2025-09-25,24.820068359375,26.0,0.0,26.25,25.75,25.75,0.0,1223000
2025-09-26,24.820068359375,26.0,0.0,26.25,25.75,26.0,0.0,1526100
2025-09-29,24.820068359375,26.0,0.0,26.25,25.75,26.0,0.0,1551200
2025-09-30,24.58141326904297,25.75,0.0,26.0,25.5,26.0,0.0,2066200
2025-10-01,24.342758178710938,25.5,0.0,25.75,25.5,25.75,0.0,646000
2025-10-02,24.58141326904297,25.75,0.0,26.0,25.75,25.75,0.0,659400
2025-10-03,24.820068359375,26.0,0.0,26.0,25.75,25.75,0.0,494700
2025-10-06,24.58141326904297,25.75,0.0,26.0,25.75,26.0,0.0,668200
2025-10-07,24.58141326904297,25.75,0.0,25.75,25.75,25.75,0.0,0
2025-10-08,25.53603172302246,26.75,0.0,27.0,26.0,26.25,0.0,3552200
2025-10-09,26.967958450317383,28.25,0.0,28.5,26.75,26.75,0.0,14181600
2025-10-10,26.72930335998535,28.0,0.0,28.5,27.75,28.25,0.0,5633500
2025-10-14,26.49064826965332,27.75,0.0,28.25,27.25,28.25,0.0,3921900
2025-10-15,28.161230087280273,29.5,0.0,29.5,27.5,28.0,0.0,8376000
2025-10-16,26.967958450317383,28.25,0.0,29.0,28.25,29.0,0.0,3478200
2025-10-17,27.445266723632812,28.75,0.0,29.25,28.25,28.25,0.0,5547900
2025-10-20,27.445266723632812,28.75,0.0,29.25,28.5,29.0,0.0,3056800
2025-10-21,27.20661163330078,28.5,0.0,29.0,28.0,28.75,0.0,3021000
2025-10-22,26.967958450317383,28.25,0.0,28.75,28.0,28.25,0.0,2486100
2025-10-24,26.72930335998535,28.0,0.0,28.25,28.0,28.0,0.0,1898800
2025-10-27,26.967958450317383,28.25,0.0,28.75,28.0,28.25,0.0,3122000
2025-10-28,26.72930335998535,28.0,0.0,28.5,27.75,28.5,0.0,2155300
2025-10-29,26.251995086669922,27.5,0.0,28.0,27.25,28.0,0.0,1956600
2025-10-30,26.251995086669922,27.5,0.0,27.75,27.25,27.25,0.0,1728100
2025-10-31,26.49064826965332,27.75,0.0,27.75,27.25,27.25,0.0,1090400
2025-11-03,25.77468490600586,27.0,0.0,27.75,26.75,27.5,0.0,2096600
2025-11-04,25.53603172302246,26.75,0.0,27.0,26.75,26.75,0.0,816100
2025-11-05,26.01333999633789,27.25,0.0,27.5,26.5,27.0,0.0,3249400
2025-11-06,27.20661163330078,28.5,0.0,28.5,27.5,27.5,0.0,4078300
2025-11-07,27.68391990661621,29.0,0.0,29.75,28.25,28.25,0.0,9031400
2025-11-10,27.68391990661621,29.0,0.0,29.25,28.75,29.0,0.0,920300
2025-11-11,27.68391990661621,29.0,0.0,29.25,28.75,28.75,0.0,3380100
2025-11-12,27.445266723632812,28.75,0.0,29.0,28.75,29.0,0.0,1742300
2025-11-13,26.967958450317383,28.25,0.0,29.0,28.25,28.75,0.0,1626500
2025-11-14,27.20661163330078,28.5,0.0,29.0,28.25,28.5,0.0,2721800
2025-11-17,27.922576904296875,29.25,0.0,29.5,28.25,28.5,0.0,6528900
2025-11-18,27.68391990661621,29.0,0.0,29.25,28.75,28.75,0.0,2357500
2025-11-19,27.20661163330078,28.5,0.0,29.0,28.5,28.75,0.0,1927900
2025-11-20,27.20661163330078,28.5,0.0,28.75,28.5,28.5,0.0,617900
2025-11-21,27.922576904296875,29.25,0.0,29.25,28.25,28.25,0.0,1882900
2025-11-24,27.68391990661621,29.0,0.0,29.25,28.5,28.75,0.0,4127100
2025-11-25,27.68391990661621,29.0,0.0,29.25,28.5,28.75,0.0,1245700
2025-11-26,27.68391990661621,29.0,0.0,29.0,28.75,29.0,0.0,715000
2025-11-27,27.445266723632812,28.75,0.0,29.0,28.5,29.0,0.0,1444900
2025-11-28,28.161230087280273,29.5,0.0,29.5,28.75,28.75,0.0,3018800
2025-12-01,28.638540267944336,30.0,0.0,30.25,29.25,29.25,0.0,6795400
2025-12-02,28.161230087280273,29.5,0.0,30.0,29.25,30.0,0.0,2176200
2025-12-03,28.399883270263672,29.75,0.0,29.75,29.5,29.5,0.0,1382700
2025-12-04,27.922576904296875,29.25,0.0,29.75,29.25,29.5,0.0,2228900
2025-12-08,28.161230087280273,29.5,0.0,29.5,29.0,29.25,0.0,1678000
2025-12-09,28.161230087280273,29.5,0.0,29.5,29.25,29.25,0.0,374300
2025-12-11,27.922576904296875,29.25,0.0,29.5,29.25,29.5,0.0,347400
2025-12-12,28.638540267944336,30.0,0.0,30.0,29.25,29.25,0.0,1779300
2025-12-15,28.399883270263672,29.75,0.0,30.0,29.5,29.75,0.0,1401600
2025-12-16,28.399883270263672,29.75,0.0,30.0,29.5,29.75,0.0,1506100
2025-12-17,28.161230087280273,29.5,0.0,30.0,29.25,29.5,0.0,2596300
2025-12-18,27.68391990661621,29.0,0.0,29.75,28.75,29.75,0.0,2080100
2025-12-19,27.445266723632812,28.75,0.0,29.25,28.75,29.0,0.0,2171700
2025-12-22,27.68391990661621,29.0,0.0,29.25,29.0,29.0,0.0,1103900
2025-12-23,28.399883270263672,29.75,0.0,29.75,29.5,29.5,0.0,1288900
2025-12-24,28.161230087280273,29.5,0.0,29.75,29.25,29.75,0.0,1084400
2025-12-25,28.161230087280273,29.5,0.0,29.75,29.25,29.75,0.0,708900
2025-12-26,28.399883270263672,29.75,0.0,29.75,29.25,29.25,0.0,731700
2025-12-29,28.399883270263672,29.75,0.0,29.75,29.0,29.5,0.0,3162300
2025-12-30,28.161230087280273,29.5,0.0,29.5,29.0,29.5,0.0,1522300
2026-01-05,28.399883270263672,29.75,0.0,29.75,29.25,29.75,0.0,2620600
2026-01-06,28.161230087280273,29.5,0.0,29.75,29.5,29.5,0.0,674600
2026-01-07,28.399883270263672,29.75,0.0,29.75,29.5,29.5,0.0,765100
2026-01-08,28.161230087280273,29.5,0.0,29.5,29.0,29.5,0.0,2571300
2026-01-09,27.922576904296875,29.25,0.0,29.75,29.25,29.5,0.0,697900
2026-01-12,27.68391990661621,29.0,0.0,29.5,29.0,29.25,0.0,555000
2026-01-13,27.445266723632812,28.75,0.0,29.0,28.5,29.0,0.0,1577100
2026-01-14,27.68391990661621,29.0,0.0,29.25,28.5,28.5,0.0,2644100
2026-01-15,28.161230087280273,29.5,0.0,29.5,29.0,29.0,0.0,1802300
2026-01-16,28.638540267944336,30.0,0.0,30.0,29.25,29.5,0.0,2738100
2026-01-19,28.638540267944336,30.0,0.0,30.0,29.5,30.0,0.0,2451000
2026-01-20,29.354503631591797,30.75,0.0,30.75,30.0,30.0,0.0,4386800
2026-01-21,29.354503631591797,30.75,0.0,31.0,30.5,30.75,0.0,2733600
2026-01-22,29.593156814575195,31.0,0.0,31.0,30.5,30.75,0.0,2914000
2026-01-23,29.115848541259766,30.5,0.0,31.0,30.25,31.0,0.0,1952600
2026-01-26,29.354503631591797,30.75,0.0,30.75,30.25,30.5,0.0,1905100
2026-01-27,29.593156814575195,31.0,0.0,31.0,30.5,30.75,0.0,2882400
2026-01-28,29.593156814575195,31.0,0.0,31.0,30.25,31.0,0.0,2819400
2026-01-29,29.354503631591797,30.75,0.0,31.0,30.5,30.75,0.0,2148800
2026-01-30,29.593156814575195,31.0,0.0,31.0,30.5,30.75,0.0,2528900
2026-02-02,29.354503631591797,30.75,0.0,30.75,30.25,30.5,0.0,1776000
2026-02-03,29.115848541259766,30.5,0.0,31.0,30.5,30.75,0.0,2282800
2026-02-04,29.354503631591797,30.75,0.0,30.75,30.25,30.5,0.0,1603900
2026-02-05,29.593156814575195,31.0,0.0,31.0,30.5,30.75,0.0,1942900
2026-02-06,29.115848541259766,30.5,0.0,31.0,30.5,31.0,0.0,3128100
2026-02-09,29.593156814575195,31.0,0.0,31.25,30.75,31.0,0.0,4478400
2026-02-10,30.070465087890625,31.5,0.0,31.5,31.0,31.0,0.0,6302700
2026-02-11,29.831811904907227,31.25,0.0,31.75,31.25,31.25,0.0,2154400
2026-02-12,30.070465087890625,31.5,0.0,31.75,31.0,31.25,0.0,4102600
2026-02-13,29.831811904907227,31.25,0.0,32.0,31.0,31.5,0.0,5209400
2026-02-16,29.831811904907227,31.25,0.0,31.25,31.0,31.25,0.0,924600
2026-02-17,30.070465087890625,31.5,0.0,31.5,30.5,31.25,0.0,4505400
2026-02-18,30.30912208557129,31.75,0.0,31.75,31.0,31.5,0.0,2934400
2026-02-19,30.547775268554688,32.0,0.0,32.25,31.5,31.75,0.0,5401100
2026-02-20,30.547775268554688,32.0,0.0,32.0,31.5,31.75,0.0,3418100
2026-02-23,29.831811904907227,31.25,0.0,32.25,31.0,31.75,0.0,2836100
2026-02-24,30.786428451538086,32.25,0.0,32.5,31.25,31.25,0.0,5035900
2026-02-25,30.547775268554688,32.0,0.0,32.5,31.75,32.25,0.0,2243700
2026-02-26,30.30912208557129,31.75,0.0,32.0,31.5,32.0,0.0,2061500
2026-02-27,29.593156814575195,31.0,0.0,31.75,30.75,31.75,0.0,6785700
2026-03-02,29.354503631591797,30.75,0.0,31.0,30.0,30.25,0.0,7553200
2026-03-04,27.68391990661621,29.0,0.0,30.25,28.25,30.0,0.0,10745600
2026-03-05,28.399883270263672,29.75,0.0,30.0,28.75,29.75,0.0,7463400
2026-03-06,27.68391990661621,29.0,0.0,29.5,29.0,29.25,0.0,2117700
2026-03-09,26.967958450317383,28.25,0.0,28.5,27.25,27.5,0.0,7108100
2026-03-10,27.68391990661621,29.0,0.0,29.25,28.5,28.5,0.0,4664300
2026-03-11,27.68391990661621,29.0,0.0,29.5,28.75,29.0,0.0,3758500
2026-03-12,28.469280242919922,29.0,0.8,29.0,28.0,28.0,0.0,3935400
2026-03-13,27.487581253051758,28.0,0.0,28.75,28.0,28.5,0.0,3649900
2026-03-16,27.242156982421875,27.75,0.0,28.25,27.75,28.0,0.0,2901500
2026-03-17,27.978431701660156,28.5,0.0,28.75,28.0,28.25,0.0,3809100
2026-03-18,28.22385597229004,28.75,0.0,29.0,28.25,28.25,0.0,2404700
2026-03-19,27.733007431030273,28.25,0.0,28.75,28.0,28.5,0.0,3290000
2026-03-20,27.978431701660156,28.5,0.0,29.0,28.25,28.25,0.0,4746100
2026-03-23,27.487581253051758,28.0,0.0,28.25,28.0,28.25,0.0,2654000
2026-03-24,27.978431701660156,28.5,0.0,28.75,28.25,28.5,0.0,1632200
2026-03-25,28.714706420898438,29.25,0.0,29.25,28.5,28.5,0.0,4187900
2026-03-26,28.96013069152832,29.5,0.0,29.75,28.75,29.0,0.0,3525600
2026-03-27,28.96013069152832,29.5,0.0,30.0,29.25,29.5,0.0,3976300
2026-03-30,29.205554962158203,29.75,0.0,30.0,29.0,29.0,0.0,3578900
2026-03-31,29.45098114013672,30.0,0.0,30.0,29.5,29.75,0.0,3434000
2026-04-01,29.6964054107666,30.25,0.0,30.5,29.75,30.5,0.0,5117200
2026-04-02,29.6964054107666,30.25,0.0,30.25,30.0,30.0,0.0,612200
2026-04-03,29.45098114013672,30.0,0.0,30.25,29.5,30.25,0.0,2607800
2026-04-07,29.6964054107666,30.25,0.0,30.5,29.75,30.0,0.0,4500100
2026-04-08,29.941829681396484,30.5,0.0,30.5,30.25,30.5,0.0,1329400
2026-04-09,29.6964054107666,30.25,0.0,30.25,30.0,30.25,0.0,1432400
2026-04-10,29.45098114013672,30.0,0.0,30.25,29.75,30.25,0.0,2851500
2026-04-16,28.96013069152832,29.5,0.0,30.0,29.25,29.75,0.0,4808800
2026-04-17,28.714706420898438,29.25,0.0,29.5,29.0,29.5,0.0,2376500
2026-04-20,28.96013069152832,29.5,0.0,29.75,29.0,29.5,0.0,2253400
2026-04-21,28.96013069152832,29.5,0.0,29.75,29.25,29.5,0.0,2473400
2026-04-22,28.96013069152832,29.5,0.0,29.5,29.0,29.5,0.0,2178600
2026-04-23,28.469280242919922,29.0,0.0,29.25,28.75,29.25,0.0,3750500
2026-04-24,28.714706420898438,29.25,0.0,29.25,29.0,29.0,0.0,1589600
2026-04-27,28.22385597229004,28.75,0.0,29.75,28.75,29.25,0.0,3566600
2026-04-28,28.22385597229004,28.75,0.0,29.0,28.5,29.0,0.0,2892700
2026-04-29,28.96013069152832,29.5,0.0,29.75,28.75,29.0,0.0,3707300
2026-04-30,28.469280242919922,29.0,0.0,29.25,29.0,29.25,0.0,1693300
2026-05-01,28.469280242919922,29.0,0.0,29.0,29.0,29.0,0.0,0
2026-05-04,28.469280242919922,29.0,0.0,29.0,29.0,29.0,0.0,0
2026-05-05,28.714706420898438,29.25,0.0,29.5,29.0,29.25,0.0,2028800
2026-05-06,29.6964054107666,30.25,0.0,30.5,29.5,29.5,0.0,4787800
2026-05-07,29.45098114013672,30.0,0.0,30.25,29.75,30.25,0.0,3473200
2026-05-08,29.205554962158203,29.75,0.0,30.0,29.5,30.0,0.0,4124000
2026-05-11,29.45098114013672,30.0,0.0,30.25,29.75,29.75,0.0,1913800
2026-05-12,29.45098114013672,30.0,0.0,30.25,29.75,30.0,0.0,1662900
2026-05-13,29.45098114013672,30.0,0.0,30.25,29.75,30.0,0.0,2154200
2026-05-14,29.45098114013672,30.0,0.0,30.0,29.5,30.0,0.0,3386800
2026-05-15,29.205554962158203,29.75,0.0,30.25,29.75,30.0,0.0,989100
2026-05-18,28.96013069152832,29.5,0.0,29.75,29.0,29.75,0.0,2570300
2026-05-19,28.96013069152832,29.5,0.0,29.75,29.25,29.5,0.0,1768900
2026-05-20,29.205554962158203,29.75,0.0,29.75,29.5,29.5,0.0,673400
2026-05-21,29.45098114013672,30.0,0.0,30.0,29.75,30.0,0.0,1067100
2026-05-22,29.45098114013672,30.0,0.0,30.25,29.75,30.0,0.0,2267400
2026-05-25,30.187255859375,30.75,0.0,31.0,30.25,30.5,0.0,4678800
2026-05-26,29.941829681396484,30.5,0.0,31.0,30.5,30.5,0.0,2611800
2026-05-27,30.187255859375,30.75,0.0,30.75,30.25,30.5,0.0,2386200
2026-05-28,29.941829681396484,30.5,0.0,30.5,30.0,30.5,0.0,2134700
2026-05-29,30.187255859375,30.75,0.0,30.75,30.25,30.5,0.0,1774300
2026-06-01,30.187255859375,30.75,0.0,30.75,30.75,30.75,0.0,0
2026-06-02,30.187255859375,30.75,0.0,31.0,30.25,30.75,0.0,3279700
2026-06-03,30.187255859375,30.75,0.0,30.75,30.75,30.75,0.0,0
2026-06-04,29.941829681396484,30.5,0.0,31.0,30.25,30.5,0.0,3090700
2026-06-05,29.6964054107666,30.25,0.0,30.75,30.0,30.5,0.0,6263400
2026-06-08,29.205554962158203,29.75,0.0,30.5,29.75,30.25,0.0,2325000
2026-06-09,28.96013069152832,29.5,0.0,30.0,29.5,29.75,0.0,1684100
2026-06-10,28.96013069152832,29.5,0.0,30.0,29.5,29.75,0.0,1079500
2026-06-11,29.205554962158203,29.75,0.0,30.0,29.5,29.5,0.0,3112000
2026-06-12,29.45098114013672,30.0,0.0,30.25,29.75,30.0,0.0,2646600
2026-06-15,30.187255859375,30.75,0.0,31.0,30.25,30.25,0.0,5437100
2026-06-16,30.187255859375,30.75,0.0,31.0,30.5,30.75,0.0,2383000
2026-06-17,30.432680130004883,31.0,0.0,31.25,30.75,31.0,0.0,2985300
2026-06-18,30.678104400634766,31.25,0.0,31.25,30.75,31.0,0.0,3687500
2026-06-19,30.187255859375,30.75,0.0,31.5,30.75,31.5,0.0,8346100
2026-06-22,30.187255859375,30.75,0.0,31.0,30.5,30.75,0.0,2526600
2026-06-23,29.45098114013672,30.0,0.0,30.5,30.0,30.5,0.0,4186100
2026-06-24,29.6964054107666,30.25,0.0,30.5,30.0,30.0,0.0,2829800
2026-06-25,29.941829681396484,30.5,0.0,30.75,30.25,30.5,0.0,2274400
2026-06-26,30.187255859375,30.75,0.0,30.75,30.25,30.5,0.0,3050700
2026-06-29,30.678104400634766,31.25,0.0,31.5,30.75,30.75,0.0,3714000
2026-06-30,30.92352867126465,31.5,0.0,31.75,31.0,31.0,0.0,7160000
2026-07-01,30.92352867126465,31.5,0.0,31.75,31.25,31.5,0.0,3503700
2026-07-02,31.168954849243164,31.75,0.0,31.75,31.25,31.75,0.0,4919000
2026-07-03,33.377777099609375,34.0,0.0,34.25,31.75,32.0,0.0,17917500
2026-07-06,34.60490036010742,35.25,0.0,35.5,33.5,33.75,0.0,21938700
2026-07-07,34.85032653808594,35.5,0.0,35.5,34.25,35.0,0.0,13721300
2026-07-08,34.114051818847656,34.75,0.0,35.75,34.25,35.0,0.0,15821900
2026-07-09,34.85032653808594,35.5,0.0,35.75,34.25,34.5,0.0,8070900
2026-07-10,35.58660125732422,36.25,0.0,36.75,35.0,35.25,0.0,22159250
2026-07-13,36.568302154541016,37.25,0.0,37.25,36.0,36.0,0.0,11252400
2026-07-14,36.568302154541016,37.25,0.0,37.25,36.25,36.5,0.0,14223900
2026-07-15,36.077449798583984,36.75,0.0,37.5,36.5,37.0,0.0,5900400
2026-07-16,37.05915069580078,37.75,0.0,38.0,36.75,36.75,0.0,10014600
2026-07-17,37.3045768737793,38.0,0.0,38.25,37.5,37.5,0.0,8201300
2026-07-20,37.3045768737793,38.0,0.0,38.0,37.5,37.5,0.0,4184800
2026-07-21,38.04085159301758,38.75,0.0,38.75,37.75,38.0,0.0,14475200
2026-07-22,38.777122497558594,39.5,0.0,39.5,38.25,38.25,0.0,14167500
2026-07-23,38.28627395629883,39.0,0.0,39.5,38.75,39.25,0.0,6995300
2026-07-24,38.531700134277344,39.25,0.0,39.5,38.25,38.25,0.0,7125000
2026-07-27,38.04085159301758,38.75,0.0,39.0,38.5,39.0,0.0,4314500
2026-07-28,38.04085159301758,38.75,0.0,38.75,38.75,38.75,0.0,0
2026-07-29,38.04085159301758,38.75,0.0,38.75,38.75,38.75,0.0,0
2026-07-30,38.04085159301758,38.75,0.0,38.75,37.75,38.5,0.0,5227900
2026-07-31,37.79542541503906,38.5,0.0,38.75,38.0,38.75,0.0,8317200
2026-08-03,37.54999923706055,38.25,0.0,38.5,37.75,38.25,0.0,5315700
2026-08-04,37.79542541503906,38.5,0.0,38.5,37.75,38.0,0.0,5818900
2026-08-05,37.79542541503906,38.5,0.0,38.75,38.0,38.5,0.0,4552600
2026-08-06,38.777122497558594,39.5,0.0,39.75,38.25,38.5,0.0,13143300
2026-08-07,38.531700134277344,39.25,0.0,39.25,38.25,39.25,0.0,7372300
2026-08-10,38.531700134277344,39.25,0.0,39.5,38.5,38.75,0.0,4278500
2026-08-11,38.04085159301758,38.75,0.0,39.25,38.5,39.0,0.0,4786600
2026-08-12,38.04085159301758,38.75,0.0,38.75,38.75,38.75,0.0,0
2026-08-13,38.531700134277344,39.25,0.0,39.25,38.25,38.5,0.0,6023200
2026-08-14,36.813724517822266,37.5,0.0,38.5,37.25,38.5,0.0,10698100
2026-08-17,36.568302154541016,37.25,0.0,37.5,36.5,37.25,0.0,6117200
2026-08-18,35.832027435302734,36.5,0.0,37.25,36.25,37.25,0.0,6394500
2026-08-19,35.832027435302734,36.5,0.0,36.75,36.0,36.5,0.0,3810600
2026-08-20,35.58660125732422,36.25,0.0,36.75,36.0,36.5,0.0,3739400
2026-08-21,36.3228759765625,37.0,0.0,37.25,36.25,36.25,0.0,4372000
2026-08-24,36.077449798583984,36.75,0.0,37.0,36.5,37.0,0.0,4051100
2026-08-25,36.077449798583984,36.75,0.0,37.25,36.75,37.0,0.0,2878200
2026-08-26,37.05915069580078,37.75,0.0,38.0,36.75,37.0,0.0,8321900
2026-08-27,36.568302154541016,37.25,0.0,37.75,37.25,37.5,0.0,2970800
2026-08-28,37.3045768737793,38.0,0.0,38.25,37.0,37.0,0.0,9424400
2026-08-31,37.79542541503906,38.5,0.0,39.5,38.25,38.75,0.0,13223800
2026-09-01,36.568302154541016,37.25,0.0,38.75,37.25,38.5,0.0,5342500
2026-09-02,36.077449798583984,36.75,0.0,37.25,36.5,37.0,0.0,5041900
2026-09-03,36.568302154541016,37.25,0.0,37.5,37.0,37.25,0.0,7426700
2026-09-04,37.54999923706055,38.25,0.0,38.25,37.25,37.5,0.0,8850400
