Date,Adj Close,Close,Dividends,High,Low,Open,Stock Splits,Volume
2010-01-04,0.6849074959754944,1.1979780197143555,0.0,1.207123041152954,1.124819040298462,1.1431089639663696,0.0,834524078
2010-01-05,0.6796790957450867,1.1888329982757568,0.0,1.207123041152954,1.1888329982757568,1.1979780197143555,0.0,756362460
2010-01-06,0.7110489010810852,1.2437020540237427,0.0,1.271136999130249,1.1979780197143555,1.1979780197143555,0.0,1761494609
2010-01-07,0.7215054631233215,1.2619919776916504,0.0,1.2802820205688477,1.234557032585144,1.2528469562530518,0.0,1210274109
2010-01-08,0.7371899485588074,1.2894259691238403,0.0,1.2894259691238403,1.2528469562530518,1.2619919776916504,0.0,907401860
2010-01-11,0.7319623827934265,1.2802820205688477,0.0,1.3077160120010376,1.271136999130249,1.298570990562439,0.0,1006821183
2010-01-12,0.7215054631233215,1.2619919776916504,0.0,1.3168610334396362,1.2619919776916504,1.271136999130249,0.0,1220062874
2010-01-13,0.7319623827934265,1.2802820205688477,0.0,1.2894259691238403,1.2528469562530518,1.2619919776916504,0.0,565574664
2010-01-14,0.7267338633537292,1.271136999130249,0.0,1.2894259691238403,1.271136999130249,1.2894259691238403,0.0,408727638
2010-01-15,0.7215054631233215,1.2619919776916504,0.0,1.2894259691238403,1.2619919776916504,1.271136999130249,0.0,470556059
2010-01-18,0.7162771821022034,1.2528469562530518,0.0,1.271136999130249,1.2528469562530518,1.2619919776916504,0.0,155659365
2010-01-19,0.7215054631233215,1.2619919776916504,0.0,1.2894259691238403,1.2528469562530518,1.271136999130249,0.0,632362913
2010-01-20,0.7110489010810852,1.2437020540237427,0.0,1.271136999130249,1.2254120111465454,1.271136999130249,0.0,489384643
2010-01-21,0.7058204412460327,1.234557032585144,0.0,1.2619919776916504,1.234557032585144,1.2437020540237427,0.0,307582976
2010-01-22,0.6796790957450867,1.1888329982757568,0.0,1.2254120111465454,1.1705429553985596,1.2162669897079468,0.0,1059042143
2010-01-25,0.6796790957450867,1.1888329982757568,0.0,1.1979780197143555,1.1613980531692505,1.1796879768371582,0.0,464432190
2010-01-26,0.6639940142631531,1.1613980531692505,0.0,1.1979780197143555,1.1613980531692505,1.1888329982757568,0.0,439310242
2010-01-27,0.6535378098487854,1.1431089639663696,0.0,1.1796879768371582,1.1431089639663696,1.1705429553985596,0.0,425421256
2010-01-28,0.6430810689926147,1.124819040298462,0.0,1.1613980531692505,1.1065289974212646,1.1613980531692505,0.0,472923396
2010-01-29,0.6639940142631531,1.1613980531692505,0.0,1.1705429553985596,1.1156740188598633,1.124819040298462,0.0,302357753
2010-02-01,0.6692222356796265,1.1705429553985596,0.0,1.1796879768371582,1.133963942527771,1.1522530317306519,0.0,193249721
2010-02-02,0.6587655544281006,1.1522530317306519,0.0,1.1796879768371582,1.1522530317306519,1.1796879768371582,0.0,283679745
2010-02-03,0.6849074959754944,1.1979780197143555,0.0,1.207123041152954,1.1522530317306519,1.1613980531692505,0.0,697813473
2010-02-04,0.6796790957450867,1.1888329982757568,0.0,1.2162669897079468,1.1888329982757568,1.1888329982757568,0.0,383731335
2010-02-05,0.6692222356796265,1.1705429553985596,0.0,1.1796879768371582,1.1613980531692505,1.1705429553985596,0.0,307729616
2010-02-08,0.6639940142631531,1.1613980531692505,0.0,1.1796879768371582,1.1431089639663696,1.1705429553985596,0.0,245400259
2010-02-09,0.674450695514679,1.1796879768371582,0.0,1.1796879768371582,1.1431089639663696,1.1613980531692505,0.0,327653022
2010-02-10,0.6535378098487854,1.1431089639663696,0.0,1.1888329982757568,1.1431089639663696,1.1888329982757568,0.0,398954839
2010-02-11,0.6639940142631531,1.1613980531692505,0.0,1.1705429553985596,1.1522530317306519,1.1613980531692505,0.0,198609337
2010-02-12,0.6587655544281006,1.1522530317306519,0.0,1.1796879768371582,1.1522530317306519,1.1705429553985596,0.0,176488415
2010-02-15,0.6483094096183777,1.133963942527771,0.0,1.1522530317306519,1.124819040298462,1.1522530317306519,0.0,173658633
2010-02-16,0.6535378098487854,1.1431089639663696,0.0,1.1522530317306519,1.124819040298462,1.133963942527771,0.0,200818225
2010-02-17,0.6535378098487854,1.1431089639663696,0.0,1.1613980531692505,1.1431089639663696,1.1522530317306519,0.0,172314164
2010-02-18,0.6483094096183777,1.133963942527771,0.0,1.1522530317306519,1.124819040298462,1.1431089639663696,0.0,129464357
2010-02-19,0.6483094096183777,1.133963942527771,0.0,1.1431089639663696,1.1156740188598633,1.133963942527771,0.0,163330440
2010-02-22,0.6587655544281006,1.1522530317306519,0.0,1.1522530317306519,1.133963942527771,1.1431089639663696,0.0,252959468
2010-02-23,0.6849074959754944,1.1979780197143555,0.0,1.1979780197143555,1.1431089639663696,1.1431089639663696,0.0,458886021
2010-02-24,0.6901358962059021,1.207123041152954,0.0,1.207123041152954,1.1705429553985596,1.1888329982757568,0.0,530935470
2010-02-25,0.6796790957450867,1.1888329982757568,0.0,1.2162669897079468,1.1796879768371582,1.2162669897079468,0.0,387377203
2010-02-26,0.6849074959754944,1.1979780197143555,0.0,1.207123041152954,1.1705429553985596,1.1888329982757568,0.0,330981335
2010-03-02,0.7162771821022034,1.2528469562530518,0.0,1.2619919776916504,1.1979780197143555,1.207123041152954,0.0,784293195
2010-03-03,0.7058204412460327,1.234557032585144,0.0,1.2619919776916504,1.2254120111465454,1.2619919776916504,0.0,468492716
2010-03-04,0.7267338633537292,1.271136999130249,0.0,1.2802820205688477,1.234557032585144,1.2437020540237427,0.0,942845658
2010-03-05,0.7162771821022034,1.2528469562530518,0.0,1.2894259691238403,1.2437020540237427,1.2802820205688477,0.0,737676797
2010-03-08,0.6953635811805725,1.2162669897079468,0.0,1.271136999130249,1.207123041152954,1.2619919776916504,0.0,439656665
2010-03-09,0.6901358962059021,1.207123041152954,0.0,1.2254120111465454,1.1979780197143555,1.2162669897079468,0.0,300856584
2010-03-10,0.6901358962059021,1.207123041152954,0.0,1.2254120111465454,1.1979780197143555,1.1979780197143555,0.0,304329459
2010-03-11,0.7058204412460327,1.234557032585144,0.0,1.2528469562530518,1.2162669897079468,1.2162669897079468,0.0,602525536
2010-03-12,0.7110489010810852,1.2437020540237427,0.0,1.2528469562530518,1.2254120111465454,1.234557032585144,0.0,297511649
2010-03-15,0.7162771821022034,1.2528469562530518,0.0,1.2619919776916504,1.2254120111465454,1.2254120111465454,0.0,226953965
2010-03-16,0.7424184083938599,1.298570990562439,0.0,1.3077160120010376,1.2528469562530518,1.2619919776916504,0.0,1031045688
2010-03-17,0.7476467490196228,1.3077160120010376,0.0,1.3260060548782349,1.2894259691238403,1.3077160120010376,0.0,504720232
2010-03-18,0.7319623827934265,1.2802820205688477,0.0,1.3168610334396362,1.2802820205688477,1.3168610334396362,0.0,448150059
2010-03-19,0.7528753280639648,1.3168610334396362,0.0,1.335150957107544,1.2894259691238403,1.2894259691238403,0.0,923469662
2010-03-22,0.7476467490196228,1.3077160120010376,0.0,1.3534409999847412,1.3077160120010376,1.3077160120010376,0.0,722834709
2010-03-23,0.7581037282943726,1.3260060548782349,0.0,1.335150957107544,1.3077160120010376,1.3168610334396362,0.0,369575751
2010-03-24,0.7528753280639648,1.3168610334396362,0.0,1.3442959785461426,1.3168610334396362,1.335150957107544,0.0,512164513
2010-03-25,0.7581037282943726,1.3260060548782349,0.0,1.335150957107544,1.3077160120010376,1.3168610334396362,0.0,334337096
2010-03-26,0.7424184083938599,1.298570990562439,0.0,1.335150957107544,1.2894259691238403,1.3260060548782349,0.0,309027283
2010-03-29,0.7215054631233215,1.2619919776916504,0.0,1.3077160120010376,1.2619919776916504,1.298570990562439,0.0,318327687
2010-03-30,0.7424184083938599,1.298570990562439,0.0,1.298570990562439,1.2619919776916504,1.2619919776916504,0.0,236576407
2010-03-31,0.7319623827934265,1.2802820205688477,0.0,1.3168610334396362,1.2802820205688477,1.298570990562439,0.0,302896853
2010-04-01,0.7424184083938599,1.298570990562439,0.0,1.3077160120010376,1.2894259691238403,1.298570990562439,0.0,188515812
2010-04-02,0.7267338633537292,1.271136999130249,0.0,1.3077160120010376,1.2619919776916504,1.298570990562439,0.0,382359200
2010-04-05,0.7319623827934265,1.2802820205688477,0.0,1.2894259691238403,1.2528469562530518,1.2619919776916504,0.0,154349123
2010-04-07,0.7267338633537292,1.271136999130249,0.0,1.298570990562439,1.271136999130249,1.2802820205688477,0.0,410511370
2010-04-08,0.7005921602249146,1.2254120111465454,0.0,1.2802820205688477,1.2254120111465454,1.271136999130249,0.0,323095933
2010-04-09,0.7110489010810852,1.2437020540237427,0.0,1.2437020540237427,1.207123041152954,1.207123041152954,0.0,143449135
2010-04-12,0.674450695514679,1.1796879768371582,0.0,1.1979780197143555,1.1522530317306519,1.1796879768371582,0.0,520590656
2010-04-16,0.6430810689926147,1.124819040298462,0.0,1.1705429553985596,1.124819040298462,1.1613980531692505,0.0,257664400
2010-04-19,0.6378526091575623,1.1156740188598633,0.0,1.1431089639663696,1.0882389545440674,1.1065289974212646,0.0,228520745
2010-04-20,0.674450695514679,1.1796879768371582,0.0,1.1796879768371582,1.124819040298462,1.133963942527771,0.0,277144388
2010-04-21,0.6587655544281006,1.1522530317306519,0.0,1.1796879768371582,1.1522530317306519,1.1705429553985596,0.0,145416576
2010-04-22,0.6639940142631531,1.1613980531692505,0.0,1.1796879768371582,1.1522530317306519,1.1613980531692505,0.0,73922958
2010-04-23,0.6587655544281006,1.1522530317306519,0.0,1.1522530317306519,1.124819040298462,1.124819040298462,0.0,127508288
2010-04-26,0.6639940142631531,1.1613980531692505,0.0,1.1796879768371582,1.1613980531692505,1.1705429553985596,0.0,87131999
2010-04-27,0.6639940142631531,1.1613980531692505,0.0,1.1705429553985596,1.1522530317306519,1.1613980531692505,0.0,48908502
2010-04-28,0.674450695514679,1.1796879768371582,0.0,1.234557032585144,1.1613980531692505,1.1613980531692505,0.0,875517434
2010-04-29,0.6901358962059021,1.207123041152954,0.0,1.2254120111465454,1.1888329982757568,1.2162669897079468,0.0,277472987
2010-04-30,0.7058204412460327,1.234557032585144,0.0,1.2437020540237427,1.207123041152954,1.2162669897079468,0.0,390468990
2010-05-04,0.7371899485588074,1.2894259691238403,0.0,1.298570990562439,1.271136999130249,1.2802820205688477,0.0,582757955
2010-05-06,0.7267338633537292,1.271136999130249,0.0,1.2894259691238403,1.2619919776916504,1.271136999130249,0.0,272184669
2010-05-07,0.7110489010810852,1.2437020540237427,0.0,1.2619919776916504,1.234557032585144,1.2528469562530518,0.0,329809859
2010-05-10,0.7267338633537292,1.271136999130249,0.0,1.271136999130249,1.2437020540237427,1.2528469562530518,0.0,177576457
2010-05-11,0.7267338633537292,1.271136999130249,0.0,1.298570990562439,1.2619919776916504,1.2802820205688477,0.0,313622317
2010-05-12,0.7110489010810852,1.2437020540237427,0.0,1.271136999130249,1.2437020540237427,1.2619919776916504,0.0,208166606
2010-05-13,0.7005921602249146,1.2254120111465454,0.0,1.2619919776916504,1.2162669897079468,1.2619919776916504,0.0,136517490
2010-05-14,0.7110489010810852,1.2437020540237427,0.0,1.2437020540237427,1.207123041152954,1.2162669897079468,0.0,134947321
2010-05-17,0.7005921602249146,1.2254120111465454,0.0,1.234557032585144,1.1979780197143555,1.207123041152954,0.0,115969581
2010-05-18,0.7110489010810852,1.2437020540237427,0.0,1.2528469562530518,1.2162669897079468,1.234557032585144,0.0,56110899
2010-05-19,0.7215054631233215,1.2619919776916504,0.0,1.2619919776916504,1.2254120111465454,1.2254120111465454,0.0,104163949
2010-05-20,0.7215054631233215,1.2619919776916504,0.0,1.2619919776916504,1.2619919776916504,1.2619919776916504,0.0,0
2010-05-21,0.7215054631233215,1.2619919776916504,0.0,1.2619919776916504,1.2619919776916504,1.2619919776916504,0.0,0
2010-05-24,0.6901358962059021,1.207123041152954,0.0,1.2528469562530518,1.207123041152954,1.2528469562530518,0.0,260368648
2010-05-25,0.7110489010810852,1.2437020540237427,0.0,1.2528469562530518,1.1888329982757568,1.1979780197143555,0.0,384117562
2010-05-26,0.6587655544281006,1.1522530317306519,0.0,1.2619919776916504,1.1522530317306519,1.2528469562530518,0.0,1259810395
2010-05-27,0.6953635811805725,1.2162669897079468,0.0,1.2254120111465454,1.1613980531692505,1.1613980531692505,0.0,589252305
2010-05-31,0.6849074959754944,1.1979780197143555,0.0,1.2254120111465454,1.1979780197143555,1.2254120111465454,0.0,256966632
2010-06-01,0.6796790957450867,1.1888329982757568,0.0,1.2162669897079468,1.1888329982757568,1.2162669897079468,0.0,137467640
2010-06-02,0.6796790957450867,1.1888329982757568,0.0,1.207123041152954,1.1888329982757568,1.1979780197143555,0.0,47073266
2010-06-03,0.6953635811805725,1.2162669897079468,0.0,1.2254120111465454,1.207123041152954,1.207123041152954,0.0,225836946
2010-06-04,0.6953635811805725,1.2162669897079468,0.0,1.2162669897079468,1.1979780197143555,1.2162669897079468,0.0,196033358
2010-06-07,0.6901358962059021,1.207123041152954,0.0,1.2162669897079468,1.1979780197143555,1.207123041152954,0.0,232014725
2010-06-08,0.6953635811805725,1.2162669897079468,0.0,1.2437020540237427,1.207123041152954,1.2162669897079468,0.0,669579508
2010-06-09,0.7005921602249146,1.2254120111465454,0.0,1.234557032585144,1.207123041152954,1.2254120111465454,0.0,294502531
2010-06-10,0.7110489010810852,1.2437020540237427,0.0,1.2437020540237427,1.2254120111465454,1.234557032585144,0.0,159687524
2010-06-11,0.7058204412460327,1.234557032585144,0.0,1.2528469562530518,1.2254120111465454,1.2528469562530518,0.0,225479806
2010-06-14,0.7110489010810852,1.2437020540237427,0.0,1.2619919776916504,1.234557032585144,1.2437020540237427,0.0,372895754
2010-06-15,0.7058204412460327,1.234557032585144,0.0,1.2528469562530518,1.234557032585144,1.2437020540237427,0.0,205472637
2010-06-16,0.7215054631233215,1.2619919776916504,0.0,1.2802820205688477,1.2528469562530518,1.2528469562530518,0.0,673277099
2010-06-17,0.7215054631233215,1.2619919776916504,0.0,1.2802820205688477,1.2437020540237427,1.271136999130249,0.0,271783132
2010-06-18,0.7424184083938599,1.298570990562439,0.0,1.3077160120010376,1.2619919776916504,1.2619919776916504,0.0,1163065904
2010-06-21,0.7476467490196228,1.3077160120010376,0.0,1.3260060548782349,1.298570990562439,1.3168610334396362,0.0,389141908
2010-06-22,0.7476467490196228,1.3077160120010376,0.0,1.3168610334396362,1.298570990562439,1.3168610334396362,0.0,300519346
2010-06-23,0.7424184083938599,1.298570990562439,0.0,1.3077160120010376,1.2894259691238403,1.3077160120010376,0.0,197992707
2010-06-24,0.7319623827934265,1.2802820205688477,0.0,1.335150957107544,1.271136999130249,1.3260060548782349,0.0,491212990
2010-06-25,0.7319623827934265,1.2802820205688477,0.0,1.298570990562439,1.2619919776916504,1.2894259691238403,0.0,230217980
2010-06-28,0.7424184083938599,1.298570990562439,0.0,1.298570990562439,1.2802820205688477,1.2894259691238403,0.0,118876238
2010-06-29,0.7371899485588074,1.2894259691238403,0.0,1.3168610334396362,1.2802820205688477,1.3168610334396362,0.0,314540099
2010-06-30,0.7424184083938599,1.298570990562439,0.0,1.3077160120010376,1.2894259691238403,1.2894259691238403,0.0,127452957
2010-07-02,0.779016375541687,1.3625849485397339,0.0,1.3625849485397339,1.298570990562439,1.298570990562439,0.0,1314261020
2010-07-05,0.8051583766937256,1.408310055732727,0.0,1.408310055732727,1.3534409999847412,1.3717299699783325,0.0,918996664
2010-07-06,0.8156150579452515,1.4265999794006348,0.0,1.4265999794006348,1.3900200128555298,1.4174549579620361,0.0,694456400
2010-07-07,0.8678978681564331,1.5180480480194092,0.0,1.6094969511032104,1.408310055732727,1.4174549579620361,0.0,2987
2010-07-08,0.8574415445327759,1.4997589588165283,0.0,1.5454829931259155,1.4906140565872192,1.5454829931259155,0.0,928314454
2010-07-09,0.8888113498687744,1.5546280145645142,0.0,1.5637730360031128,1.4997589588165283,1.5180480480194092,0.0,1001073918
2010-07-12,0.9201810956001282,1.6094969511032104,0.0,1.6277869939804077,1.582062005996704,1.5912070274353027,0.0,1362251849
2010-07-13,0.8992680311203003,1.5729180574417114,0.0,1.6094969511032104,1.5637730360031128,1.6003520488739014,0.0,689326203
2010-07-14,0.9463220238685608,1.6552209854125977,0.0,1.673511028289795,1.5912070274353027,1.5912070274353027,0.0,1661147225
2010-07-15,1.0142905712127686,1.7741049528121948,0.0,1.8015389442443848,1.6369320154190063,1.673511028289795,0.0,2011751033
2010-07-16,1.0979435443878174,1.9204230308532715,0.0,1.9752919673919678,1.7649600505828857,1.7649600505828857,0.0,2109146709
2010-07-19,1.066572904586792,1.8655530214309692,0.0,2.011871099472046,1.8289740085601807,1.9021329879760742,0.0,1465976973
2010-07-20,1.066572904586792,1.8655530214309692,0.0,1.9387120008468628,1.8289740085601807,1.883842945098877,0.0,1377824073
2010-07-21,1.0874866247177124,1.9021329879760742,0.0,1.9204230308532715,1.847264051437378,1.9021329879760742,0.0,620234696
2010-07-22,0.9933770298957825,1.7375249862670898,0.0,1.883842945098877,1.7375249862670898,1.8655530214309692,0.0,1089204839
2010-07-23,1.0142905712127686,1.7741049528121948,0.0,1.8015389442443848,1.7375249862670898,1.8015389442443848,0.0,577281772
2010-07-27,1.0142905712127686,1.7741049528121948,0.0,1.8106839656829834,1.7649600505828857,1.7741049528121948,0.0,387738280
2010-07-28,1.0456602573394775,1.8289740085601807,0.0,1.8655530214309692,1.7741049528121948,1.7832499742507935,0.0,834167156
2010-07-29,1.0299750566482544,1.8015389442443848,0.0,1.847264051437378,1.7923940420150757,1.8289740085601807,0.0,433056245
2010-07-30,1.0247467756271362,1.7923940420150757,0.0,1.8015389442443848,1.7741049528121948,1.8015389442443848,0.0,222332359
2010-08-02,1.066572904586792,1.8655530214309692,0.0,1.9021329879760742,1.8289740085601807,1.847264051437378,0.0,803152398
2010-08-03,1.077029824256897,1.883842945098877,0.0,1.9021329879760742,1.847264051437378,1.8655530214309692,0.0,533655793
2010-08-04,1.108399510383606,1.9387120008468628,0.0,1.993582010269165,1.883842945098877,1.883842945098877,0.0,1415191463
2010-08-05,1.0979435443878174,1.9204230308532715,0.0,1.95700204372406,1.9204230308532715,1.95700204372406,0.0,429162369
2010-08-06,1.108399510383606,1.9387120008468628,0.0,1.993582010269165,1.9021329879760742,1.9387120008468628,0.0,545421184
2010-08-09,1.0874866247177124,1.9021329879760742,0.0,1.95700204372406,1.9021329879760742,1.9387120008468628,0.0,337883127
2010-08-10,1.066572904586792,1.8655530214309692,0.0,1.9204230308532715,1.847264051437378,1.9021329879760742,0.0,319521470
2010-08-11,1.066572904586792,1.8655530214309692,0.0,1.883842945098877,1.8289740085601807,1.883842945098877,0.0,240043487
2010-08-16,1.077029824256897,1.883842945098877,0.0,1.95700204372406,1.883842945098877,1.9204230308532715,0.0,462879953
2010-08-17,1.1397697925567627,1.993582010269165,0.0,1.993582010269165,1.883842945098877,1.9021329879760742,0.0,652683044
2010-08-18,1.1293129920959473,1.9752919673919678,0.0,2.0484509468078613,1.9752919673919678,2.011871099472046,0.0,1201731945
2010-08-19,1.1397697925567627,1.993582010269165,0.0,2.030160903930664,1.9752919673919678,1.993582010269165,0.0,487023539
2010-08-20,1.1293129920959473,1.9752919673919678,0.0,2.030160903930664,1.9752919673919678,1.993582010269165,0.0,375827998
2010-08-23,1.1606827974319458,2.030160903930664,0.0,2.0484509468078613,1.9752919673919678,1.993582010269165,0.0,621533347
2010-08-24,1.2025094032287598,2.1033198833465576,0.0,2.121609926223755,2.030160903930664,2.0484509468078613,0.0,1585674983
2010-08-25,1.244335651397705,2.1764791011810303,0.0,2.267927885055542,2.121609926223755,2.139899969100952,0.0,1797644923
2010-08-26,1.2652491331100464,2.2130589485168457,0.0,2.2313480377197266,2.1764791011810303,2.1947689056396484,0.0,776671328
2010-08-27,1.3384454250335693,2.3410871028900146,0.0,2.3410871028900146,2.2130589485168457,2.2313480377197266,0.0,940375749
2010-08-30,1.3698149919509888,2.395956039428711,0.0,2.43253493309021,2.359376907348633,2.3776659965515137,0.0,903984863
2010-08-31,1.4116415977478027,2.4691150188446045,0.0,2.523983955383301,2.414246082305908,2.43253493309021,0.0,1608690614
2010-09-01,1.3907278776168823,2.43253493309021,0.0,2.542273998260498,2.395956039428711,2.523983955383301,0.0,1058833282
2010-09-02,1.3907278776168823,2.43253493309021,0.0,2.4508249759674072,2.359376907348633,2.4508249759674072,0.0,486864324
2010-09-03,1.3489019870758057,2.359376907348633,0.0,2.4691150188446045,2.3410871028900146,2.4508249759674072,0.0,515804149
2010-09-06,1.3384454250335693,2.3410871028900146,0.0,2.414246082305908,2.2862179279327393,2.359376907348633,0.0,519908307
2010-09-07,1.3384454250335693,2.3410871028900146,0.0,2.4508249759674072,2.3227970600128174,2.359376907348633,0.0,984403046
2010-09-08,1.3070756196975708,2.2862179279327393,0.0,2.359376907348633,2.2862179279327393,2.3227970600128174,0.0,549880186
2010-09-09,1.254792332649231,2.1947689056396484,0.0,2.3227970600128174,2.1764791011810303,2.30450701713562,0.0,660375115
2010-09-10,1.3279887437820435,2.3227970600128174,0.0,2.3227970600128174,2.2130589485168457,2.249638080596924,0.0,763970549
2010-09-13,1.3279887437820435,2.3227970600128174,0.0,2.359376907348633,2.3227970600128174,2.3410871028900146,0.0,310534904
2010-09-14,1.2757052183151245,2.2313480377197266,0.0,2.3776659965515137,2.2313480377197266,2.3410871028900146,0.0,690513644
2010-09-15,1.2966188192367554,2.267927885055542,0.0,2.267927885055542,2.1947689056396484,2.2313480377197266,0.0,328504100
2010-09-16,1.2966188192367554,2.267927885055542,0.0,2.2862179279327393,2.249638080596924,2.267927885055542,0.0,173000997
2010-09-17,1.3175318241119385,2.30450701713562,0.0,2.30450701713562,2.267927885055542,2.2862179279327393,0.0,336915809
2010-09-20,1.3698149919509888,2.395956039428711,0.0,2.395956039428711,2.3227970600128174,2.3410871028900146,0.0,662904510
2010-09-21,1.3489019870758057,2.359376907348633,0.0,2.43253493309021,2.3410871028900146,2.414246082305908,0.0,527287634
2010-09-22,1.3593581914901733,2.3776659965515137,0.0,2.414246082305908,2.359376907348633,2.3776659965515137,0.0,454824073
2010-09-23,1.3279887437820435,2.3227970600128174,0.0,2.395956039428711,2.30450701713562,2.395956039428711,0.0,296906501
2010-09-24,1.3384454250335693,2.3410871028900146,0.0,2.359376907348633,2.30450701713562,2.3227970600128174,0.0,146102643
2010-09-27,1.3384454250335693,2.3410871028900146,0.0,2.359376907348633,2.3227970600128174,2.359376907348633,0.0,257860138
2010-09-28,1.2966188192367554,2.267927885055542,0.0,2.359376907348633,2.249638080596924,2.3410871028900146,0.0,698068917
2010-09-29,1.2861621379852295,2.249638080596924,0.0,2.2862179279327393,2.249638080596924,2.2862179279327393,0.0,336829749
2010-09-30,1.2861621379852295,2.249638080596924,0.0,2.2862179279327393,2.2313480377197266,2.267927885055542,0.0,282611824
2010-10-01,1.2652491331100464,2.2130589485168457,0.0,2.267927885055542,2.2130589485168457,2.249638080596924,0.0,245955434
2010-10-04,1.2338789701461792,2.158189058303833,0.0,2.267927885055542,2.139899969100952,2.249638080596924,0.0,333073218
2010-10-05,1.223422646522522,2.139899969100952,0.0,2.1947689056396484,2.1033198833465576,2.1764791011810303,0.0,376483885
2010-10-06,1.2025094032287598,2.1033198833465576,0.0,2.158189058303833,2.0484509468078613,2.158189058303833,0.0,412631903
2010-10-07,1.1815963983535767,2.0667409896850586,0.0,2.158189058303833,2.0667409896850586,2.1033198833465576,0.0,397331087
2010-10-08,1.1815963983535767,2.0667409896850586,0.0,2.121609926223755,2.0667409896850586,2.0850300788879395,0.0,361652732
2010-10-11,1.1920524835586548,2.0850300788879395,0.0,2.121609926223755,2.0484509468078613,2.0850300788879395,0.0,277309289
2010-10-12,1.2338789701461792,2.158189058303833,0.0,2.1947689056396484,2.121609926223755,2.121609926223755,0.0,918208790
2010-10-13,1.254792332649231,2.1947689056396484,0.0,2.2130589485168457,2.158189058303833,2.1764791011810303,0.0,472072099
2010-10-14,1.254792332649231,2.1947689056396484,0.0,2.249638080596924,2.1764791011810303,2.2313480377197266,0.0,401496482
2010-10-15,1.2757052183151245,2.2313480377197266,0.0,2.267927885055542,2.1947689056396484,2.2130589485168457,0.0,459692047
2010-10-18,1.2652491331100464,2.2130589485168457,0.0,2.2862179279327393,2.2130589485168457,2.267927885055542,0.0,542297138
2010-10-19,1.2652491331100464,2.2130589485168457,0.0,2.249638080596924,2.1764791011810303,2.2313480377197266,0.0,261874628
2010-10-20,1.244335651397705,2.1764791011810303,0.0,2.2130589485168457,2.158189058303833,2.1947689056396484,0.0,216413195
2010-10-21,1.212965965270996,2.121609926223755,0.0,2.2130589485168457,2.1033198833465576,2.1947689056396484,0.0,363852325
2010-10-22,1.2025094032287598,2.1033198833465576,0.0,2.121609926223755,2.0850300788879395,2.1033198833465576,0.0,156408419
2010-10-26,1.212965965270996,2.121609926223755,0.0,2.158189058303833,2.1033198833465576,2.1033198833465576,0.0,91323638
2010-10-27,1.1920524835586548,2.0850300788879395,0.0,2.139899969100952,2.0667409896850586,2.139899969100952,0.0,137610781
2010-10-28,1.1920524835586548,2.0850300788879395,0.0,2.121609926223755,2.0850300788879395,2.0850300788879395,0.0,93306607
2010-10-29,1.1815963983535767,2.0667409896850586,0.0,2.1033198833465576,2.0667409896850586,2.1033198833465576,0.0,69768498
2010-11-01,1.223422646522522,2.139899969100952,0.0,2.139899969100952,2.0667409896850586,2.1033198833465576,0.0,285400272
2010-11-02,1.2025094032287598,2.1033198833465576,0.0,2.139899969100952,2.0850300788879395,2.121609926223755,0.0,176391203
2010-11-03,1.2025094032287598,2.1033198833465576,0.0,2.139899969100952,2.0850300788879395,2.1033198833465576,0.0,193202591
2010-11-04,1.1920524835586548,2.0850300788879395,0.0,2.139899969100952,2.0667409896850586,2.121609926223755,0.0,231468189
2010-11-05,1.254792332649231,2.1947689056396484,0.0,2.2313480377197266,2.121609926223755,2.139899969100952,0.0,1006559397
2010-11-08,1.2338789701461792,2.158189058303833,0.0,2.2130589485168457,2.139899969100952,2.1947689056396484,0.0,356792303
2010-11-09,1.2025094032287598,2.1033198833465576,0.0,2.1764791011810303,2.0850300788879395,2.158189058303833,0.0,520256261
2010-11-10,1.1815963983535767,2.0667409896850586,0.0,2.121609926223755,2.0484509468078613,2.121609926223755,0.0,383370695
2010-11-11,1.1397697925567627,1.993582010269165,0.0,2.0667409896850586,1.993582010269165,2.0484509468078613,0.0,340112026
2010-11-12,1.0979435443878174,1.9204230308532715,0.0,1.9752919673919678,1.883842945098877,1.9752919673919678,0.0,338304674
2010-11-15,1.1293129920959473,1.9752919673919678,0.0,1.9752919673919678,1.9204230308532715,1.9204230308532715,0.0,91049933
2010-11-16,1.0979435443878174,1.9204230308532715,0.0,1.9752919673919678,1.9021329879760742,1.9752919673919678,0.0,112949310
2010-11-17,1.0874866247177124,1.9021329879760742,0.0,1.9204230308532715,1.8655530214309692,1.9021329879760742,0.0,88823986
2010-11-18,1.0979435443878174,1.9204230308532715,0.0,1.9387120008468628,1.9021329879760742,1.9204230308532715,0.0,116062639
2010-11-19,1.108399510383606,1.9387120008468628,0.0,1.9752919673919678,1.9021329879760742,1.9387120008468628,0.0,149999800
2010-11-22,1.108399510383606,1.9387120008468628,0.0,1.9752919673919678,1.9204230308532715,1.95700204372406,0.0,117661568
2010-11-23,1.0874866247177124,1.9021329879760742,0.0,1.9387120008468628,1.9021329879760742,1.9204230308532715,0.0,69372757
2010-11-24,1.0979435443878174,1.9204230308532715,0.0,1.95700204372406,1.9204230308532715,1.9204230308532715,0.0,127116047
2010-11-25,1.1711394786834717,2.0484509468078613,0.0,2.0667409896850586,1.9387120008468628,1.95700204372406,0.0,937053559
2010-11-26,1.118856430053711,1.95700204372406,0.0,2.0484509468078613,1.95700204372406,2.0484509468078613,0.0,275809214
2010-11-29,1.1397697925567627,1.993582010269165,0.0,1.993582010269165,1.9204230308532715,1.9387120008468628,0.0,107228617
2010-11-30,1.118856430053711,1.95700204372406,0.0,1.993582010269165,1.95700204372406,1.993582010269165,0.0,53351866
2010-12-01,1.1397697925567627,1.993582010269165,0.0,2.030160903930664,1.9387120008468628,1.95700204372406,0.0,310592641
2010-12-02,1.1606827974319458,2.030160903930664,0.0,2.0484509468078613,2.011871099472046,2.030160903930664,0.0,178940063
2010-12-03,1.1815963983535767,2.0667409896850586,0.0,2.158189058303833,2.0667409896850586,2.121609926223755,0.0,533145671
2010-12-07,1.1606827974319458,2.030160903930664,0.0,2.0850300788879395,2.030160903930664,2.0667409896850586,0.0,103549616
2010-12-08,1.1711394786834717,2.0484509468078613,0.0,2.0850300788879395,2.030160903930664,2.0484509468078613,0.0,149076332
2010-12-09,1.1815963983535767,2.0667409896850586,0.0,2.1033198833465576,2.0484509468078613,2.0667409896850586,0.0,202859041
2010-12-13,1.1502262353897095,2.011871099472046,0.0,2.0850300788879395,1.993582010269165,2.0850300788879395,0.0,122593512
2010-12-14,1.1397697925567627,1.993582010269165,0.0,2.0484509468078613,1.9752919673919678,2.030160903930664,0.0,140046463
2010-12-15,1.118856430053711,1.95700204372406,0.0,2.030160903930664,1.9387120008468628,1.993582010269165,0.0,200117833
2010-12-16,1.118856430053711,1.95700204372406,0.0,1.9752919673919678,1.9204230308532715,1.95700204372406,0.0,170818790
2010-12-17,1.1711394786834717,2.0484509468078613,0.0,2.0850300788879395,1.9752919673919678,1.9752919673919678,0.0,554091179
2010-12-20,1.1293129920959473,1.9752919673919678,0.0,2.0667409896850586,1.95700204372406,2.0667409896850586,0.0,209236823
2010-12-21,1.1397697925567627,1.993582010269165,0.0,2.011871099472046,1.95700204372406,1.993582010269165,0.0,178960402
2010-12-22,1.1502262353897095,2.011871099472046,0.0,2.030160903930664,1.993582010269165,2.011871099472046,0.0,121999081
2010-12-23,1.1606827974319458,2.030160903930664,0.0,2.0667409896850586,2.011871099472046,2.011871099472046,0.0,163748817
2010-12-24,1.1815963983535767,2.0667409896850586,0.0,2.0667409896850586,2.030160903930664,2.030160903930664,0.0,181822771
2010-12-27,1.2025094032287598,2.1033198833465576,0.0,2.121609926223755,2.0667409896850586,2.0667409896850586,0.0,388911396
2010-12-28,1.2338789701461792,2.158189058303833,0.0,2.1764791011810303,2.0667409896850586,2.121609926223755,0.0,504127113
2010-12-29,1.244335651397705,2.1764791011810303,0.0,2.1947689056396484,2.139899969100952,2.1764791011810303,0.0,384967875
2010-12-30,1.2338789701461792,2.158189058303833,0.0,2.1947689056396484,2.121609926223755,2.1764791011810303,0.0,259640589
2011-01-04,1.244335651397705,2.1764791011810303,0.0,2.2130589485168457,2.158189058303833,2.1764791011810303,0.0,353061797
2011-01-05,1.2652491331100464,2.2130589485168457,0.0,2.267927885055542,2.1947689056396484,2.2130589485168457,0.0,1235053351
2011-01-06,1.254792332649231,2.1947689056396484,0.0,2.2313480377197266,2.158189058303833,2.2313480377197266,0.0,417295719
2011-01-07,1.223422646522522,2.139899969100952,0.0,2.2130589485168457,2.139899969100952,2.1764791011810303,0.0,290696901
2011-01-10,1.1920524835586548,2.0850300788879395,0.0,2.158189058303833,2.0667409896850586,2.139899969100952,0.0,303438468
2011-01-11,1.2025094032287598,2.1033198833465576,0.0,2.121609926223755,2.0667409896850586,2.0850300788879395,0.0,151574453
2011-01-12,1.1920524835586548,2.0850300788879395,0.0,2.139899969100952,2.0484509468078613,2.121609926223755,0.0,329197717
2011-01-13,1.223422646522522,2.139899969100952,0.0,2.139899969100952,2.0850300788879395,2.1033198833465576,0.0,258115691
2011-01-14,1.2025094032287598,2.1033198833465576,0.0,2.158189058303833,2.0850300788879395,2.121609926223755,0.0,212103676
2011-01-17,1.2025094032287598,2.1033198833465576,0.0,2.139899969100952,2.0850300788879395,2.121609926223755,0.0,205786911
2011-01-18,1.212965965270996,2.121609926223755,0.0,2.158189058303833,2.1033198833465576,2.121609926223755,0.0,245835694
2011-01-19,1.2025094032287598,2.1033198833465576,0.0,2.121609926223755,2.0850300788879395,2.121609926223755,0.0,251218164
2011-01-20,1.1711394786834717,2.0484509468078613,0.0,2.1033198833465576,2.030160903930664,2.0850300788879395,0.0,277165274
2011-01-21,1.1606827974319458,2.030160903930664,0.0,2.0667409896850586,2.011871099472046,2.0484509468078613,0.0,225888122
2011-01-24,1.0979435443878174,1.9204230308532715,0.0,2.030160903930664,1.9204230308532715,2.030160903930664,0.0,415500177
2011-01-25,1.066572904586792,1.8655530214309692,0.0,1.95700204372406,1.847264051437378,1.9387120008468628,0.0,498071151
2011-01-26,1.0874866247177124,1.9021329879760742,0.0,1.9204230308532715,1.883842945098877,1.883842945098877,0.0,197053055
2011-01-27,1.0874866247177124,1.9021329879760742,0.0,1.9387120008468628,1.9021329879760742,1.9204230308532715,0.0,138352945
2011-01-28,1.077029824256897,1.883842945098877,0.0,1.9021329879760742,1.8655530214309692,1.9021329879760742,0.0,77228635
2011-01-31,1.066572904586792,1.8655530214309692,0.0,1.883842945098877,1.847264051437378,1.8655530214309692,0.0,116120486
2011-02-01,1.0561169385910034,1.847264051437378,0.0,1.883842945098877,1.8289740085601807,1.883842945098877,0.0,144094305
2011-02-02,1.066572904586792,1.8655530214309692,0.0,1.9021329879760742,1.8289740085601807,1.8655530214309692,0.0,157895373
2011-02-03,1.066572904586792,1.8655530214309692,0.0,1.883842945098877,1.847264051437378,1.8655530214309692,0.0,76748694
2011-02-04,1.077029824256897,1.883842945098877,0.0,1.9387120008468628,1.8655530214309692,1.8655530214309692,0.0,398871185
2011-02-07,1.1606827974319458,2.030160903930664,0.0,2.030160903930664,1.8655530214309692,1.883842945098877,0.0,732843050
2011-02-08,1.1397697925567627,1.993582010269165,0.0,2.0484509468078613,1.9752919673919678,2.011871099472046,0.0,320491522
2011-02-09,1.1293129920959473,1.9752919673919678,0.0,2.011871099472046,1.9387120008468628,2.011871099472046,0.0,257085824
2011-02-10,1.1606827974319458,2.030160903930664,0.0,2.0484509468078613,1.9204230308532715,1.9387120008468628,0.0,968094234
2011-02-11,1.1606827974319458,2.030160903930664,0.0,2.030160903930664,1.9752919673919678,2.030160903930664,0.0,406241983
2011-02-14,1.1711394786834717,2.0484509468078613,0.0,2.0850300788879395,2.011871099472046,2.030160903930664,0.0,319647552
2011-02-15,1.1711394786834717,2.0484509468078613,0.0,2.1033198833465576,2.030160903930664,2.0484509468078613,0.0,885947322
2011-02-16,1.1711394786834717,2.0484509468078613,0.0,2.0850300788879395,2.0484509468078613,2.0484509468078613,0.0,267871869
2011-02-17,1.1502262353897095,2.011871099472046,0.0,2.0667409896850586,1.993582010269165,2.0484509468078613,0.0,266852391
2011-02-18,1.1502262353897095,2.011871099472046,0.0,2.011871099472046,2.011871099472046,2.011871099472046,0.0,0
2011-02-21,1.1606827974319458,2.030160903930664,0.0,2.0667409896850586,2.011871099472046,2.030160903930664,0.0,179367515
2011-02-22,1.1397697925567627,1.993582010269165,0.0,2.011871099472046,1.9752919673919678,2.011871099472046,0.0,202222838
2011-02-23,1.1397697925567627,1.993582010269165,0.0,2.030160903930664,1.9752919673919678,2.011871099472046,0.0,121777864
2011-02-24,1.118856430053711,1.95700204372406,0.0,2.0484509468078613,1.95700204372406,2.011871099472046,0.0,181476129
2011-02-25,1.1502262353897095,2.011871099472046,0.0,2.011871099472046,1.95700204372406,1.9752919673919678,0.0,118315596
2011-02-28,1.1920524835586548,2.0850300788879395,0.0,2.121609926223755,2.011871099472046,2.011871099472046,0.0,654542338
2011-03-01,1.244335651397705,2.1764791011810303,0.0,2.2130589485168457,2.1033198833465576,2.1033198833465576,0.0,911167905
2011-03-02,1.244335651397705,2.1764791011810303,0.0,2.1764791011810303,2.139899969100952,2.139899969100952,0.0,247309635
2011-03-03,1.2652491331100464,2.2130589485168457,0.0,2.2130589485168457,2.158189058303833,2.1947689056396484,0.0,804397577
2011-03-04,1.223422646522522,2.139899969100952,0.0,2.2313480377197266,2.1033198833465576,2.2313480377197266,0.0,676987813
2011-03-07,1.2338789701461792,2.158189058303833,0.0,2.1764791011810303,2.121609926223755,2.158189058303833,0.0,230618314
2011-03-08,1.1920524835586548,2.0850300788879395,0.0,2.1947689056396484,2.0667409896850586,2.1764791011810303,0.0,622749985
2011-03-09,1.1815963983535767,2.0667409896850586,0.0,2.1033198833465576,2.0484509468078613,2.1033198833465576,0.0,156468234
2011-03-10,1.1920524835586548,2.0850300788879395,0.0,2.121609926223755,2.0667409896850586,2.0667409896850586,0.0,124337878
2011-03-11,1.1711394786834717,2.0484509468078613,0.0,2.0850300788879395,2.030160903930664,2.0850300788879395,0.0,225498505
2011-03-14,1.223422646522522,2.139899969100952,0.0,2.139899969100952,2.030160903930664,2.0484509468078613,0.0,178794954
2011-03-15,1.1815963983535767,2.0667409896850586,0.0,2.1033198833465576,2.0484509468078613,2.0850300788879395,0.0,260740878
2011-03-16,1.1920524835586548,2.0850300788879395,0.0,2.0850300788879395,2.0484509468078613,2.0850300788879395,0.0,106023024
2011-03-17,1.1815963983535767,2.0667409896850586,0.0,2.0850300788879395,2.0484509468078613,2.0667409896850586,0.0,71100939
2011-03-21,1.1920524835586548,2.0850300788879395,0.0,2.0850300788879395,2.0484509468078613,2.0484509468078613,0.0,58985625
2011-03-22,1.1815963983535767,2.0667409896850586,0.0,2.121609926223755,2.0667409896850586,2.0850300788879395,0.0,342326710
2011-03-23,1.1815963983535767,2.0667409896850586,0.0,2.0850300788879395,2.0484509468078613,2.0667409896850586,0.0,119587456
2011-03-24,1.2338789701461792,2.158189058303833,0.0,2.1764791011810303,2.0667409896850586,2.0850300788879395,0.0,825484804
2011-03-25,1.2338789701461792,2.158189058303833,0.0,2.1764791011810303,2.139899969100952,2.158189058303833,0.0,323681616
2011-03-28,1.2338789701461792,2.158189058303833,0.0,2.2130589485168457,2.158189058303833,2.1764791011810303,0.0,447945464
2011-03-29,1.223422646522522,2.139899969100952,0.0,2.1764791011810303,2.121609926223755,2.158189058303833,0.0,178652798
2011-03-30,1.244335651397705,2.1764791011810303,0.0,2.2130589485168457,2.158189058303833,2.158189058303833,0.0,453121917
2011-03-31,1.2338789701461792,2.158189058303833,0.0,2.2130589485168457,2.158189058303833,2.1947689056396484,0.0,259795758
2011-04-01,1.244335651397705,2.1764791011810303,0.0,2.2130589485168457,2.158189058303833,2.1764791011810303,0.0,365759842
2011-04-04,1.244335651397705,2.1764791011810303,0.0,2.2130589485168457,2.158189058303833,2.1947689056396484,0.0,297501480
2011-04-05,1.2338789701461792,2.158189058303833,0.0,2.1947689056396484,2.158189058303833,2.1764791011810303,0.0,144915968
2011-04-07,1.254792332649231,2.1947689056396484,0.0,2.2313480377197266,2.1764791011810303,2.1764791011810303,0.0,628978175
2011-04-08,1.2338789701461792,2.158189058303833,0.0,2.2130589485168457,2.158189058303833,2.2130589485168457,0.0,296461006
2011-04-11,1.223422646522522,2.139899969100952,0.0,2.1764791011810303,2.121609926223755,2.1764791011810303,0.0,142271535
2011-04-12,1.2338789701461792,2.158189058303833,0.0,2.158189058303833,2.1033198833465576,2.121609926223755,0.0,85452807
2011-04-18,1.2312482595443726,2.139899969100952,0.013717,2.1764791011810303,2.139899969100952,2.158189058303833,0.0,58261612
2011-04-19,1.2417713403701782,2.158189058303833,0.0,2.1764791011810303,2.139899969100952,2.139899969100952,0.0,93667575
2011-04-20,1.2417713403701782,2.158189058303833,0.0,2.1947689056396484,2.139899969100952,2.1764791011810303,0.0,247809150
2011-04-21,1.2312482595443726,2.139899969100952,0.0,2.1764791011810303,2.121609926223755,2.158189058303833,0.0,146418558
2011-04-22,1.2312482595443726,2.139899969100952,0.0,2.1764791011810303,2.139899969100952,2.158189058303833,0.0,211483656
2011-04-25,1.2207245826721191,2.121609926223755,0.0,2.158189058303833,2.1033198833465576,2.139899969100952,0.0,109138759
2011-04-26,1.2102011442184448,2.1033198833465576,0.0,2.121609926223755,2.0850300788879395,2.121609926223755,0.0,132859265
2011-04-27,1.2207245826721191,2.121609926223755,0.0,2.139899969100952,2.0850300788879395,2.1033198833465576,0.0,116648432
2011-04-28,1.2207245826721191,2.121609926223755,0.0,2.139899969100952,2.1033198833465576,2.121609926223755,0.0,90425977
2011-04-29,1.2207245826721191,2.121609926223755,0.0,2.121609926223755,2.0850300788879395,2.121609926223755,0.0,106879679
2011-05-03,1.1786305904388428,2.0484509468078613,0.0,2.121609926223755,2.030160903930664,2.1033198833465576,0.0,193219213
2011-05-04,1.1786305904388428,2.0484509468078613,0.0,2.0850300788879395,2.030160903930664,2.0484509468078613,0.0,106203234
2011-05-06,1.1365364789962769,1.9752919673919678,0.0,2.030160903930664,1.9752919673919678,2.030160903930664,0.0,282284099
2011-05-09,1.157583475112915,2.011871099472046,0.0,2.030160903930664,1.9752919673919678,1.993582010269165,0.0,64699975
2011-05-10,1.1786305904388428,2.0484509468078613,0.0,2.0667409896850586,2.011871099472046,2.030160903930664,0.0,148260683
2011-05-11,1.168107032775879,2.030160903930664,0.0,2.0667409896850586,2.011871099472046,2.0484509468078613,0.0,144116394
2011-05-12,1.157583475112915,2.011871099472046,0.0,2.0667409896850586,2.011871099472046,2.030160903930664,0.0,128868942
2011-05-13,1.157583475112915,2.011871099472046,0.0,2.030160903930664,1.993582010269165,2.011871099472046,0.0,104973802
2011-05-18,1.1365364789962769,1.9752919673919678,0.0,2.011871099472046,1.95700204372406,2.011871099472046,0.0,137727677
2011-05-19,1.1260130405426025,1.95700204372406,0.0,1.993582010269165,1.95700204372406,1.9752919673919678,0.0,82467856
2011-05-20,1.104966402053833,1.9204230308532715,0.0,1.9752919673919678,1.9204230308532715,1.95700204372406,0.0,168279443
2011-05-23,1.09444260597229,1.9021329879760742,0.0,1.95700204372406,1.883842945098877,1.9204230308532715,0.0,173944257
2011-05-24,1.09444260597229,1.9021329879760742,0.0,1.9204230308532715,1.883842945098877,1.9021329879760742,0.0,152863591
2011-05-25,1.0839190483093262,1.883842945098877,0.0,1.9204230308532715,1.883842945098877,1.9021329879760742,0.0,53006536
2011-05-26,1.0839190483093262,1.883842945098877,0.0,1.9204230308532715,1.883842945098877,1.9021329879760742,0.0,180777923
2011-05-27,1.0839190483093262,1.883842945098877,0.0,1.9204230308532715,1.883842945098877,1.9021329879760742,0.0,34087299
2011-05-30,1.1154892444610596,1.9387120008468628,0.0,1.95700204372406,1.9021329879760742,1.9021329879760742,0.0,111667608
2011-05-31,1.104966402053833,1.9204230308532715,0.0,1.95700204372406,1.9204230308532715,1.95700204372406,0.0,47842330
2011-06-01,1.09444260597229,1.9021329879760742,0.0,1.9387120008468628,1.883842945098877,1.9387120008468628,0.0,86287045
2011-06-02,1.0839190483093262,1.883842945098877,0.0,1.9021329879760742,1.8655530214309692,1.883842945098877,0.0,80988994
2011-06-03,1.09444260597229,1.9021329879760742,0.0,1.9021329879760742,1.883842945098877,1.883842945098877,0.0,34285553
2011-06-06,1.0733951330184937,1.8655530214309692,0.0,1.9021329879760742,1.8655530214309692,1.883842945098877,0.0,37575046
2011-06-07,1.062872290611267,1.847264051437378,0.0,1.883842945098877,1.8289740085601807,1.8655530214309692,0.0,178327370
2011-06-08,1.062872290611267,1.847264051437378,0.0,1.8655530214309692,1.8289740085601807,1.847264051437378,0.0,134962958
2011-06-09,1.0733951330184937,1.8655530214309692,0.0,1.8655530214309692,1.8289740085601807,1.847264051437378,0.0,89986605
2011-06-10,1.062872290611267,1.847264051437378,0.0,1.883842945098877,1.847264051437378,1.8655530214309692,0.0,60485153
2011-06-13,1.0523488521575928,1.8289740085601807,0.0,1.847264051437378,1.819828987121582,1.847264051437378,0.0,90937630
2011-06-14,1.0733951330184937,1.8655530214309692,0.0,1.8655530214309692,1.8289740085601807,1.847264051437378,0.0,31964142
2011-06-15,1.062872290611267,1.847264051437378,0.0,1.8655530214309692,1.8289740085601807,1.8655530214309692,0.0,49757283
2011-06-16,1.0523488521575928,1.8289740085601807,0.0,1.847264051437378,1.8289740085601807,1.8289740085601807,0.0,30094570
2011-06-17,1.0523488521575928,1.8289740085601807,0.0,1.847264051437378,1.8289740085601807,1.8289740085601807,0.0,52496086
2011-06-20,1.0418250560760498,1.8106839656829834,0.0,1.847264051437378,1.8106839656829834,1.847264051437378,0.0,69135138
2011-06-21,1.0418250560760498,1.8106839656829834,0.0,1.847264051437378,1.8015389442443848,1.819828987121582,0.0,115036709
2011-06-22,1.0418250560760498,1.8106839656829834,0.0,1.8289740085601807,1.8106839656829834,1.8289740085601807,0.0,40122376
2011-06-23,1.0418250560760498,1.8106839656829834,0.0,1.819828987121582,1.8015389442443848,1.819828987121582,0.0,40499527
2011-06-24,1.0470867156982422,1.819828987121582,0.0,1.8289740085601807,1.8106839656829834,1.8106839656829834,0.0,34158924
2011-06-27,1.0418250560760498,1.8106839656829834,0.0,1.819828987121582,1.8015389442443848,1.819828987121582,0.0,35921005
2011-06-28,1.0418250560760498,1.8106839656829834,0.0,1.819828987121582,1.8015389442443848,1.819828987121582,0.0,33822014
2011-06-29,1.0523488521575928,1.8289740085601807,0.0,1.847264051437378,1.8106839656829834,1.819828987121582,0.0,94795639
2011-06-30,1.0523488521575928,1.8289740085601807,0.0,1.8655530214309692,1.8289740085601807,1.847264051437378,0.0,74095185
2011-07-04,1.1154892444610596,1.9387120008468628,0.0,1.95700204372406,1.8655530214309692,1.9021329879760742,0.0,451692044
2011-07-05,1.09444260597229,1.9021329879760742,0.0,1.9752919673919678,1.9021329879760742,1.95700204372406,0.0,330631303
2011-07-06,1.0733951330184937,1.8655530214309692,0.0,1.9387120008468628,1.8655530214309692,1.9204230308532715,0.0,179542039
2011-07-07,1.0839190483093262,1.883842945098877,0.0,1.9021329879760742,1.8655530214309692,1.883842945098877,0.0,94868466
2011-07-08,1.0839190483093262,1.883842945098877,0.0,1.9021329879760742,1.8655530214309692,1.9021329879760742,0.0,60379739
2011-07-11,1.062872290611267,1.847264051437378,0.0,1.883842945098877,1.847264051437378,1.8655530214309692,0.0,59459333
2011-07-12,1.0470867156982422,1.819828987121582,0.0,1.847264051437378,1.819828987121582,1.847264051437378,0.0,145500776
2011-07-13,1.062872290611267,1.847264051437378,0.0,1.8655530214309692,1.8289740085601807,1.847264051437378,0.0,80136057
2011-07-14,1.0523488521575928,1.8289740085601807,0.0,1.847264051437378,1.8289740085601807,1.847264051437378,0.0,88722180
2011-07-18,1.0523488521575928,1.8289740085601807,0.0,1.8655530214309692,1.8289740085601807,1.847264051437378,0.0,50292009
2011-07-19,1.0733951330184937,1.8655530214309692,0.0,1.883842945098877,1.8289740085601807,1.847264051437378,0.0,226596716
2011-07-20,1.0733951330184937,1.8655530214309692,0.0,1.9021329879760742,1.8655530214309692,1.883842945098877,0.0,175436460
2011-07-21,1.062872290611267,1.847264051437378,0.0,1.883842945098877,1.847264051437378,1.8655530214309692,0.0,173651525
2011-07-22,1.09444260597229,1.9021329879760742,0.0,1.9204230308532715,1.8655530214309692,1.8655530214309692,0.0,370220484
2011-07-25,1.09444260597229,1.9021329879760742,0.0,1.9204230308532715,1.883842945098877,1.883842945098877,0.0,121275287
2011-07-26,1.0733951330184937,1.8655530214309692,0.0,1.9204230308532715,1.8655530214309692,1.9021329879760742,0.0,149219910
2011-07-27,1.0733951330184937,1.8655530214309692,0.0,1.9021329879760742,1.8655530214309692,1.8655530214309692,0.0,76536553
2011-07-28,1.0839190483093262,1.883842945098877,0.0,1.9021329879760742,1.8655530214309692,1.8655530214309692,0.0,106453210
2011-07-29,1.0733951330184937,1.8655530214309692,0.0,1.9021329879760742,1.847264051437378,1.883842945098877,0.0,172980439
2011-08-01,1.0839190483093262,1.883842945098877,0.0,1.9021329879760742,1.8655530214309692,1.883842945098877,0.0,83082080
2011-08-02,1.0733951330184937,1.8655530214309692,0.0,1.883842945098877,1.847264051437378,1.8655530214309692,0.0,84658373
2011-08-03,1.062872290611267,1.847264051437378,0.0,1.8655530214309692,1.8289740085601807,1.847264051437378,0.0,179733403
2011-08-04,1.062872290611267,1.847264051437378,0.0,1.8655530214309692,1.8289740085601807,1.847264051437378,0.0,87885208
2011-08-05,1.0207784175872803,1.7741049528121948,0.0,1.819828987121582,1.7649600505828857,1.819828987121582,0.0,530997800
2011-08-08,1.0049926042556763,1.7466700077056885,0.0,1.7649600505828857,1.7283799648284912,1.7466700077056885,0.0,174682048
2011-08-09,0.9628991484642029,1.673511028289795,0.0,1.7283799648284912,1.6643660068511963,1.673511028289795,0.0,161491486
2011-08-10,0.9786845445632935,1.7009459733963013,0.0,1.7375249862670898,1.6918009519577026,1.7100909948349,0.0,142858421
2011-08-11,0.9734224081039429,1.6918009519577026,0.0,1.7009459733963013,1.6643660068511963,1.6918009519577026,0.0,130759072
2011-08-15,0.9944692254066467,1.7283799648284912,0.0,1.7466700077056885,1.7100909948349,1.7192349433898926,0.0,121327885
2011-08-16,0.9734224081039429,1.6918009519577026,0.0,1.7375249862670898,1.6918009519577026,1.7375249862670898,0.0,92649518
2011-08-17,0.9839462637901306,1.7100909948349,0.0,1.7283799648284912,1.7009459733963013,1.7100909948349,0.0,97494091
2011-08-18,0.9839462637901306,1.7100909948349,0.0,1.7649600505828857,1.7100909948349,1.7283799648284912,0.0,181952243
2011-08-19,0.9681608080863953,1.6826560497283936,0.0,1.7009459733963013,1.6643660068511963,1.6918009519577026,0.0,194559855
2011-08-22,0.9576371908187866,1.6643660068511963,0.0,1.6918009519577026,1.646075963973999,1.6918009519577026,0.0,102049321
2011-08-23,0.9471134543418884,1.646075963973999,0.0,1.6826560497283936,1.646075963973999,1.673511028289795,0.0,131608072
2011-08-24,0.8997583985328674,1.5637730360031128,0.0,1.6643660068511963,1.5546280145645142,1.6552209854125977,0.0,284425080
2011-08-25,0.8681872487068176,1.5089030265808105,0.0,1.5912070274353027,1.4997589588165283,1.5912070274353027,0.0,166363397
2011-08-26,0.8576644062995911,1.4906140565872192,0.0,1.5089030265808105,1.4540339708328247,1.4906140565872192,0.0,158848147
2011-08-29,0.8734492659568787,1.5180480480194092,0.0,1.536337971687317,1.4814690351486206,1.4997589588165283,0.0,221931806
2011-08-30,0.8787110447883606,1.5271929502487183,0.0,1.5912070274353027,1.4906140565872192,1.5271929502487183,0.0,528563102
2011-08-31,0.9102813005447388,1.582062005996704,0.0,1.582062005996704,1.5454829931259155,1.5546280145645142,0.0,169044353
2011-09-01,0.9155434370040894,1.5912070274353027,0.0,1.618641972541809,1.582062005996704,1.6094969511032104,0.0,203807113
2011-09-02,0.9050201177597046,1.5729180574417114,0.0,1.6094969511032104,1.5637730360031128,1.6094969511032104,0.0,90877487
2011-09-05,0.8787110447883606,1.5271929502487183,0.0,1.5729180574417114,1.5271929502487183,1.5729180574417114,0.0,122361360
2011-09-06,0.8997583985328674,1.5637730360031128,0.0,1.5637730360031128,1.4997589588165283,1.5180480480194092,0.0,114484268
2011-09-07,0.8997583985328674,1.5637730360031128,0.0,1.5729180574417114,1.5546280145645142,1.5637730360031128,0.0,56079296
2011-09-08,0.8997583985328674,1.5637730360031128,0.0,1.582062005996704,1.5546280145645142,1.5637730360031128,0.0,86370370
2011-09-09,0.9418523907661438,1.6369320154190063,0.0,1.6552209854125977,1.5637730360031128,1.5729180574417114,0.0,618711875
2011-09-12,0.9208049774169922,1.6003520488739014,0.0,1.6552209854125977,1.6003520488739014,1.6094969511032104,0.0,336816190
2011-09-13,0.8997583985328674,1.5637730360031128,0.0,1.6277869939804077,1.5637730360031128,1.618641972541809,0.0,171271393
2011-09-14,0.8944966197013855,1.5546280145645142,0.0,1.5912070274353027,1.536337971687317,1.582062005996704,0.0,156805144
2011-09-15,0.9155434370040894,1.5912070274353027,0.0,1.6003520488739014,1.5637730360031128,1.5729180574417114,0.0,201853669
2011-09-16,0.9260669350624084,1.6094969511032104,0.0,1.618641972541809,1.582062005996704,1.6003520488739014,0.0,174446397
2011-09-19,0.9155434370040894,1.5912070274353027,0.0,1.6369320154190063,1.5912070274353027,1.6094969511032104,0.0,289479170
2011-09-20,0.9260669350624084,1.6094969511032104,0.0,1.618641972541809,1.582062005996704,1.6003520488739014,0.0,108806004
2011-09-21,0.9208049774169922,1.6003520488739014,0.0,1.6277869939804077,1.5912070274353027,1.618641972541809,0.0,124643185
2011-09-22,0.8681872487068176,1.5089030265808105,0.0,1.5729180574417114,1.5089030265808105,1.5729180574417114,0.0,253722409
2011-09-23,0.8471405506134033,1.472324013710022,0.0,1.5089030265808105,1.444888949394226,1.4906140565872192,0.0,254276709
2011-09-26,0.7682144641876221,1.335150957107544,0.0,1.4631789922714233,1.271136999130249,1.4540339708328247,0.0,297882349
2011-09-27,0.7997848987579346,1.3900200128555298,0.0,1.3991650342941284,1.3442959785461426,1.3808749914169312,0.0,217602932
2011-09-28,0.7839992642402649,1.3625849485397339,0.0,1.4265999794006348,1.3534409999847412,1.3808749914169312,0.0,251998055
2011-09-29,0.773476243019104,1.3442959785461426,0.0,1.3625849485397339,1.3168610334396362,1.3260060548782349,0.0,154133264
2011-09-30,0.7524290084838867,1.3077160120010376,0.0,1.3625849485397339,1.3077160120010376,1.3534409999847412,0.0,136141979
2011-10-03,0.6945502758026123,1.207123041152954,0.0,1.2619919776916504,1.207123041152954,1.2619919776916504,0.0,138391546
2011-10-04,0.6577181220054626,1.1431089639663696,0.0,1.234557032585144,1.124819040298462,1.2162669897079468,0.0,191799619
2011-10-05,0.6524562835693359,1.133963942527771,0.0,1.1796879768371582,1.133963942527771,1.1613980531692505,0.0,142610632
2011-10-06,0.7050734162330627,1.2254120111465454,0.0,1.234557032585144,1.1613980531692505,1.1705429553985596,0.0,216845568
2011-10-07,0.6840265989303589,1.1888329982757568,0.0,1.2619919776916504,1.1796879768371582,1.2619919776916504,0.0,170346832
2011-10-10,0.6945502758026123,1.207123041152954,0.0,1.2254120111465454,1.1613980531692505,1.1796879768371582,0.0,187822964
2011-10-11,0.7050734162330627,1.2254120111465454,0.0,1.2528469562530518,1.2162669897079468,1.234557032585144,0.0,339528858
2011-10-12,0.7629529237747192,1.3260060548782349,0.0,1.3260060548782349,1.207123041152954,1.2254120111465454,0.0,297086493
2011-10-13,0.7155970335006714,1.2437020540237427,0.0,1.3260060548782349,1.2437020540237427,1.3260060548782349,0.0,282634459
2011-10-14,0.7313823699951172,1.271136999130249,0.0,1.271136999130249,1.2254120111465454,1.2254120111465454,0.0,129979400
2011-10-17,0.7366443276405334,1.2802820205688477,0.0,1.3077160120010376,1.2619919776916504,1.2894259691238403,0.0,178211239
2011-10-18,0.7103351354598999,1.234557032585144,0.0,1.2528469562530518,1.2162669897079468,1.2437020540237427,0.0,111726438
2011-10-19,0.6945502758026123,1.207123041152954,0.0,1.2528469562530518,1.1979780197143555,1.2437020540237427,0.0,125411485
2011-10-20,0.6629793047904968,1.1522530317306519,0.0,1.1979780197143555,1.1156740188598633,1.1888329982757568,0.0,214483807
2011-10-21,0.6735029220581055,1.1705429553985596,0.0,1.1796879768371582,1.133963942527771,1.133963942527771,0.0,90160582
2011-10-25,0.6787647604942322,1.1796879768371582,0.0,1.1979780197143555,1.1705429553985596,1.1796879768371582,0.0,107607190
2011-10-26,0.6682412028312683,1.1613980531692505,0.0,1.1796879768371582,1.1522530317306519,1.1705429553985596,0.0,54792346
2011-10-27,0.7050734162330627,1.2254120111465454,0.0,1.2437020540237427,1.1705429553985596,1.1796879768371582,0.0,246291688
2011-10-28,0.7103351354598999,1.234557032585144,0.0,1.2894259691238403,1.2254120111465454,1.2528469562530518,0.0,259046705
2011-10-31,0.7208588123321533,1.2528469562530518,0.0,1.2528469562530518,1.2162669897079468,1.2437020540237427,0.0,115009262
2011-11-01,0.7103351354598999,1.234557032585144,0.0,1.2894259691238403,1.2254120111465454,1.234557032585144,0.0,155514803
2011-11-02,0.7208588123321533,1.2528469562530518,0.0,1.2619919776916504,1.2162669897079468,1.2162669897079468,0.0,81865988
2011-11-03,0.7155970335006714,1.2437020540237427,0.0,1.2437020540237427,1.2162669897079468,1.234557032585144,0.0,61255093
2011-11-04,0.7103351354598999,1.234557032585144,0.0,1.2619919776916504,1.234557032585144,1.2619919776916504,0.0,52105047
2011-11-07,0.7050734162330627,1.2254120111465454,0.0,1.2528469562530518,1.2162669897079468,1.2528469562530518,0.0,30779544
2011-11-08,0.7261204719543457,1.2619919776916504,0.0,1.2619919776916504,1.2254120111465454,1.2254120111465454,0.0,60461096
2011-11-09,0.7050734162330627,1.2254120111465454,0.0,1.2619919776916504,1.2254120111465454,1.2619919776916504,0.0,75026855
2011-11-10,0.7050734162330627,1.2254120111465454,0.0,1.2254120111465454,1.207123041152954,1.207123041152954,0.0,38849422
2011-11-11,0.7103351354598999,1.234557032585144,0.0,1.234557032585144,1.2162669897079468,1.234557032585144,0.0,23131433
2011-11-14,0.7103351354598999,1.234557032585144,0.0,1.2619919776916504,1.234557032585144,1.2437020540237427,0.0,61306488
2011-11-15,0.7103351354598999,1.234557032585144,0.0,1.2619919776916504,1.234557032585144,1.2437020540237427,0.0,71081474
2011-11-16,0.7313823699951172,1.271136999130249,0.0,1.271136999130249,1.234557032585144,1.2437020540237427,0.0,121662827
2011-11-17,0.7261204719543457,1.2619919776916504,0.0,1.2802820205688477,1.2528469562530518,1.271136999130249,0.0,82651565
2011-11-18,0.7155970335006714,1.2437020540237427,0.0,1.2619919776916504,1.234557032585144,1.2528469562530518,0.0,71337793
2011-11-21,0.6998113989830017,1.2162669897079468,0.0,1.2528469562530518,1.2162669897079468,1.234557032585144,0.0,71746218
2011-11-22,0.7050734162330627,1.2254120111465454,0.0,1.234557032585144,1.2162669897079468,1.2254120111465454,0.0,32083335
2011-11-23,0.7050734162330627,1.2254120111465454,0.0,1.234557032585144,1.2162669897079468,1.2254120111465454,0.0,23086490
2011-11-24,0.7050734162330627,1.2254120111465454,0.0,1.234557032585144,1.2254120111465454,1.234557032585144,0.0,27681196
2011-11-25,0.6998113989830017,1.2162669897079468,0.0,1.234557032585144,1.2162669897079468,1.2254120111465454,0.0,35965839
2011-11-28,0.7103351354598999,1.234557032585144,0.0,1.234557032585144,1.2162669897079468,1.2254120111465454,0.0,40975969
2011-11-29,0.7208588123321533,1.2528469562530518,0.0,1.2619919776916504,1.234557032585144,1.234557032585144,0.0,90198199
2011-11-30,0.7103351354598999,1.234557032585144,0.0,1.2528469562530518,1.2254120111465454,1.2437020540237427,0.0,71820249
2011-12-01,0.7576910257339478,1.3168610334396362,0.0,1.3260060548782349,1.2619919776916504,1.2619919776916504,0.0,494608664
2011-12-02,0.7682144641876221,1.335150957107544,0.0,1.3442959785461426,1.2802820205688477,1.3077160120010376,0.0,378903930
2011-12-06,0.7576910257339478,1.3168610334396362,0.0,1.3534409999847412,1.298570990562439,1.3260060548782349,0.0,233724535
2011-12-07,0.773476243019104,1.3442959785461426,0.0,1.3534409999847412,1.3260060548782349,1.335150957107544,0.0,209577998
2011-12-08,0.7945231199264526,1.3808749914169312,0.0,1.4174549579620361,1.3260060548782349,1.335150957107544,0.0,552430358
2011-12-09,0.8103085160255432,1.408310055732727,0.0,1.4174549579620361,1.3808749914169312,1.3808749914169312,0.0,435552070
2011-12-13,0.8418788313865662,1.4631789922714233,0.0,1.4631789922714233,1.3900200128555298,1.3991650342941284,0.0,516278185
2011-12-14,0.8103085160255432,1.408310055732727,0.0,1.4997589588165283,1.408310055732727,1.4814690351486206,0.0,500032687
2011-12-15,0.7997848987579346,1.3900200128555298,0.0,1.3991650342941284,1.3442959785461426,1.3900200128555298,0.0,318244689
2011-12-16,0.8313552737236023,1.444888949394226,0.0,1.4540339708328247,1.3900200128555298,1.408310055732727,0.0,361263661
2011-12-19,0.8208321332931519,1.4265999794006348,0.0,1.4540339708328247,1.408310055732727,1.435744047164917,0.0,226962166
2011-12-20,0.8260933756828308,1.435744047164917,0.0,1.472324013710022,1.4265999794006348,1.444888949394226,0.0,377668046
2011-12-21,0.8471405506134033,1.472324013710022,0.0,1.472324013710022,1.444888949394226,1.4540339708328247,0.0,202189923
2011-12-22,0.8734492659568787,1.5180480480194092,0.0,1.5180480480194092,1.4631789922714233,1.472324013710022,0.0,520307438
2011-12-23,0.8629260659217834,1.4997589588165283,0.0,1.5637730360031128,1.4997589588165283,1.5454829931259155,0.0,583065559
2011-12-26,0.8418788313865662,1.4631789922714233,0.0,1.5180480480194092,1.4540339708328247,1.5089030265808105,0.0,188244184
2011-12-27,0.8313552737236023,1.444888949394226,0.0,1.472324013710022,1.444888949394226,1.472324013710022,0.0,113728435
2011-12-28,0.8366170525550842,1.4540339708328247,0.0,1.472324013710022,1.435744047164917,1.444888949394226,0.0,66433405
2011-12-29,0.8366170525550842,1.4540339708328247,0.0,1.472324013710022,1.444888949394226,1.4540339708328247,0.0,77803712
2011-12-30,0.8313552737236023,1.444888949394226,0.0,1.4631789922714233,1.435744047164917,1.4631789922714233,0.0,65796545
2012-01-04,0.8524026274681091,1.4814690351486206,0.0,1.4814690351486206,1.4631789922714233,1.4631789922714233,0.0,147374723
2012-01-05,0.8471405506134033,1.472324013710022,0.0,1.4906140565872192,1.435744047164917,1.472324013710022,0.0,248261425
2012-01-06,0.8629260659217834,1.4997589588165283,0.0,1.5089030265808105,1.4631789922714233,1.4631789922714233,0.0,258196392
2012-01-09,0.8576644062995911,1.4906140565872192,0.0,1.5089030265808105,1.472324013710022,1.4906140565872192,0.0,189718343
2012-01-10,0.8524026274681091,1.4814690351486206,0.0,1.4997589588165283,1.472324013710022,1.4997589588165283,0.0,137567478
2012-01-11,0.8366170525550842,1.4540339708328247,0.0,1.472324013710022,1.4540339708328247,1.472324013710022,0.0,113931281
2012-01-12,0.8418788313865662,1.4631789922714233,0.0,1.472324013710022,1.4540339708328247,1.4631789922714233,0.0,63826589
2012-01-13,0.8313552737236023,1.444888949394226,0.0,1.4631789922714233,1.435744047164917,1.4540339708328247,0.0,78210388
2012-01-16,0.8208321332931519,1.4265999794006348,0.0,1.444888949394226,1.4174549579620361,1.435744047164917,0.0,71291209
2012-01-17,0.8366170525550842,1.4540339708328247,0.0,1.4631789922714233,1.4265999794006348,1.444888949394226,0.0,144497044
2012-01-18,0.8313552737236023,1.444888949394226,0.0,1.4814690351486206,1.444888949394226,1.4631789922714233,0.0,208995267
2012-01-19,0.8366170525550842,1.4540339708328247,0.0,1.4814690351486206,1.444888949394226,1.4631789922714233,0.0,171272159
2012-01-20,0.8366170525550842,1.4540339708328247,0.0,1.4631789922714233,1.444888949394226,1.4631789922714233,0.0,57196753
2012-01-23,0.8313552737236023,1.444888949394226,0.0,1.4631789922714233,1.444888949394226,1.4540339708328247,0.0,26428800
2012-01-24,0.8366170525550842,1.4540339708328247,0.0,1.472324013710022,1.444888949394226,1.4540339708328247,0.0,99944535
2012-01-25,0.8313552737236023,1.444888949394226,0.0,1.4631789922714233,1.435744047164917,1.4540339708328247,0.0,43242594
2012-01-26,0.8313552737236023,1.444888949394226,0.0,1.4540339708328247,1.435744047164917,1.4540339708328247,0.0,40336375
2012-01-27,0.8576644062995911,1.4906140565872192,0.0,1.4997589588165283,1.444888949394226,1.444888949394226,0.0,385178047
2012-01-30,0.8681872487068176,1.5089030265808105,0.0,1.5454829931259155,1.5089030265808105,1.5180480480194092,0.0,528246532
2012-01-31,0.8787110447883606,1.5271929502487183,0.0,1.536337971687317,1.4997589588165283,1.5180480480194092,0.0,168862393
2012-02-01,0.9208049774169922,1.6003520488739014,0.0,1.6094969511032104,1.5089030265808105,1.5271929502487183,0.0,795803799
2012-02-02,0.9050201177597046,1.5729180574417114,0.0,1.6094969511032104,1.5729180574417114,1.6003520488739014,0.0,478851418
2012-02-03,0.8997583985328674,1.5637730360031128,0.0,1.6003520488739014,1.5454829931259155,1.582062005996704,0.0,473644784
2012-02-06,0.8839727640151978,1.536337971687317,0.0,1.5729180574417114,1.536337971687317,1.5729180574417114,0.0,153654745
2012-02-07,0.8944966197013855,1.5546280145645142,0.0,1.5637730360031128,1.5271929502487183,1.5454829931259155,0.0,219998806
2012-02-08,0.8997583985328674,1.5637730360031128,0.0,1.582062005996704,1.5546280145645142,1.5637730360031128,0.0,231119906
2012-02-09,0.8944966197013855,1.5546280145645142,0.0,1.582062005996704,1.5546280145645142,1.5637730360031128,0.0,198738590
2012-02-10,0.9050201177597046,1.5729180574417114,0.0,1.5912070274353027,1.5546280145645142,1.5637730360031128,0.0,221226384
2012-02-13,0.9050201177597046,1.5729180574417114,0.0,1.5912070274353027,1.5637730360031128,1.5729180574417114,0.0,185605875
2012-02-14,0.8892343640327454,1.5454829931259155,0.0,1.5912070274353027,1.536337971687317,1.582062005996704,0.0,302496410
2012-02-15,0.8997583985328674,1.5637730360031128,0.0,1.5729180574417114,1.5454829931259155,1.5546280145645142,0.0,177131836
2012-02-16,0.8892343640327454,1.5454829931259155,0.0,1.5912070274353027,1.5454829931259155,1.5637730360031128,0.0,402435369
2012-02-17,0.8839727640151978,1.536337971687317,0.0,1.5637730360031128,1.5271929502487183,1.5637730360031128,0.0,256954057
2012-02-20,0.8787110447883606,1.5271929502487183,0.0,1.5546280145645142,1.5271929502487183,1.5546280145645142,0.0,101449094
2012-02-21,0.8892343640327454,1.5454829931259155,0.0,1.5546280145645142,1.5180480480194092,1.5271929502487183,0.0,215254622
2012-02-22,0.9155434370040894,1.5912070274353027,0.0,1.6643660068511963,1.5912070274353027,1.6094969511032104,0.0,1581526320
2012-02-23,0.9260669350624084,1.6094969511032104,0.0,1.6094969511032104,1.582062005996704,1.6003520488739014,0.0,215316952
2012-02-24,0.9155434370040894,1.5912070274353027,0.0,1.618641972541809,1.582062005996704,1.618641972541809,0.0,143188879
2012-02-27,0.8997583985328674,1.5637730360031128,0.0,1.6003520488739014,1.5546280145645142,1.5912070274353027,0.0,160999189
2012-02-28,0.9050201177597046,1.5729180574417114,0.0,1.582062005996704,1.5546280145645142,1.5637730360031128,0.0,129369113
2012-02-29,0.9155434370040894,1.5912070274353027,0.0,1.6003520488739014,1.5729180574417114,1.582062005996704,0.0,206098999
2012-03-01,0.9102813005447388,1.582062005996704,0.0,1.6094969511032104,1.5729180574417114,1.582062005996704,0.0,311680573
2012-03-02,0.9102813005447388,1.582062005996704,0.0,1.6094969511032104,1.582062005996704,1.5912070274353027,0.0,182543175
2012-03-05,0.9155434370040894,1.5912070274353027,0.0,1.6003520488739014,1.582062005996704,1.582062005996704,0.0,144450461
2012-03-06,0.9050201177597046,1.5729180574417114,0.0,1.6003520488739014,1.5729180574417114,1.582062005996704,0.0,157077756
2012-03-08,0.9365904331207275,1.6277869939804077,0.0,1.6277869939804077,1.5729180574417114,1.5729180574417114,0.0,396951202
2012-03-09,0.9155434370040894,1.5912070274353027,0.0,1.6369320154190063,1.582062005996704,1.6277869939804077,0.0,489370318
2012-03-12,0.9050201177597046,1.5729180574417114,0.0,1.6003520488739014,1.5637730360031128,1.5912070274353027,0.0,203880160
2012-03-13,0.9050201177597046,1.5729180574417114,0.0,1.5912070274353027,1.5637730360031128,1.582062005996704,0.0,93797265
2012-03-14,0.9155434370040894,1.5912070274353027,0.0,1.6094969511032104,1.582062005996704,1.5912070274353027,0.0,178380405
2012-03-15,0.9260669350624084,1.6094969511032104,0.0,1.618641972541809,1.5912070274353027,1.5912070274353027,0.0,354631857
2012-03-16,0.9260669350624084,1.6094969511032104,0.0,1.618641972541809,1.6003520488739014,1.6094969511032104,0.0,159286425
2012-03-19,0.9365904331207275,1.6277869939804077,0.0,1.646075963973999,1.6003520488739014,1.618641972541809,0.0,434868955
2012-03-20,0.931328535079956,1.618641972541809,0.0,1.646075963973999,1.618641972541809,1.618641972541809,0.0,360662669
2012-03-21,0.9734224081039429,1.6918009519577026,0.0,1.6918009519577026,1.6094969511032104,1.618641972541809,0.0,787569238
2012-03-22,0.9260669350624084,1.6094969511032104,0.0,1.7100909948349,1.6094969511032104,1.6826560497283936,0.0,1098555762
2012-03-23,0.952375054359436,1.6552209854125977,0.0,1.673511028289795,1.6094969511032104,1.618641972541809,0.0,475421955
2012-03-26,0.931328535079956,1.618641972541809,0.0,1.6552209854125977,1.618641972541809,1.6552209854125977,0.0,230033177
2012-03-27,0.9418523907661438,1.6369320154190063,0.0,1.646075963973999,1.6277869939804077,1.6369320154190063,0.0,108427212
2012-03-28,0.9365904331207275,1.6277869939804077,0.0,1.6369320154190063,1.618641972541809,1.6369320154190063,0.0,65460729
2012-03-29,0.9365904331207275,1.6277869939804077,0.0,1.6369320154190063,1.618641972541809,1.6277869939804077,0.0,66697597
2012-03-30,0.931328535079956,1.618641972541809,0.0,1.646075963973999,1.618641972541809,1.6277869939804077,0.0,99757108
2012-04-02,0.9260669350624084,1.6094969511032104,0.0,1.6277869939804077,1.6094969511032104,1.618641972541809,0.0,32122373
2012-04-03,0.9365904331207275,1.6277869939804077,0.0,1.6369320154190063,1.6094969511032104,1.618641972541809,0.0,139231361
2012-04-04,0.9208049774169922,1.6003520488739014,0.0,1.6277869939804077,1.6003520488739014,1.6277869939804077,0.0,95877228
2012-04-05,0.9102813005447388,1.582062005996704,0.0,1.6003520488739014,1.5729180574417114,1.6003520488739014,0.0,106664804
2012-04-10,0.8892343640327454,1.5454829931259155,0.0,1.5729180574417114,1.536337971687317,1.5637730360031128,0.0,89188890
2012-04-11,0.8734492659568787,1.5180480480194092,0.0,1.5454829931259155,1.5180480480194092,1.536337971687317,0.0,138171860
2012-04-12,0.8839727640151978,1.536337971687317,0.0,1.5546280145645142,1.5180480480194092,1.5271929502487183,0.0,99868427
2012-04-17,0.8734492659568787,1.5180480480194092,0.0,1.5546280145645142,1.5180480480194092,1.5454829931259155,0.0,101135148
2012-04-18,0.8895253539085388,1.5180480480194092,0.027435,1.5271929502487183,1.4997589588165283,1.5089030265808105,0.0,74453965
2012-04-19,0.8948838114738464,1.5271929502487183,0.0,1.536337971687317,1.5089030265808105,1.5180480480194092,0.0,78259267
2012-04-20,0.9002425074577332,1.536337971687317,0.0,1.5454829931259155,1.5271929502487183,1.536337971687317,0.0,40627577
2012-04-23,0.8948838114738464,1.5271929502487183,0.0,1.5454829931259155,1.5271929502487183,1.5454829931259155,0.0,26663248
2012-04-24,0.9109600782394409,1.5546280145645142,0.0,1.5729180574417114,1.5271929502487183,1.5271929502487183,0.0,148529468
2012-04-25,0.9056009650230408,1.5454829931259155,0.0,1.5729180574417114,1.5454829931259155,1.5546280145645142,0.0,66738057
2012-04-26,0.9109600782394409,1.5546280145645142,0.0,1.5637730360031128,1.5454829931259155,1.5637730360031128,0.0,37134800
2012-04-27,0.9056009650230408,1.5454829931259155,0.0,1.5546280145645142,1.536337971687317,1.5546280145645142,0.0,31705418
2012-04-30,0.9109600782394409,1.5546280145645142,0.0,1.5729180574417114,1.5454829931259155,1.5546280145645142,0.0,87173662
2012-05-02,0.9109600782394409,1.5546280145645142,0.0,1.5637730360031128,1.5546280145645142,1.5637730360031128,0.0,55033902
2012-05-03,0.9002425074577332,1.536337971687317,0.0,1.5637730360031128,1.5271929502487183,1.5546280145645142,0.0,104122177
2012-05-04,0.9002425074577332,1.536337971687317,0.0,1.5546280145645142,1.536337971687317,1.5454829931259155,0.0,40308053
2012-05-08,0.8948838114738464,1.5271929502487183,0.0,1.5546280145645142,1.5180480480194092,1.5271929502487183,0.0,87962848
2012-05-09,0.8841665983200073,1.5089030265808105,0.0,1.5271929502487183,1.5089030265808105,1.5180480480194092,0.0,93910006
2012-05-10,0.8841665983200073,1.5089030265808105,0.0,1.5180480480194092,1.472324013710022,1.5089030265808105,0.0,103142283
2012-05-11,0.8948838114738464,1.5271929502487183,0.0,1.6094969511032104,1.5271929502487183,1.5912070274353027,0.0,613980808
2012-05-14,0.8734498023986816,1.4906140565872192,0.0,1.5546280145645142,1.4906140565872192,1.5454829931259155,0.0,96220700
2012-05-15,0.8895253539085388,1.5180480480194092,0.0,1.5180480480194092,1.4906140565872192,1.4906140565872192,0.0,57228137
2012-05-16,0.8627323508262634,1.472324013710022,0.0,1.4997589588165283,1.4540339708328247,1.4906140565872192,0.0,86475785
2012-05-17,0.8627323508262634,1.472324013710022,0.0,1.4997589588165283,1.472324013710022,1.4814690351486206,0.0,62690652
2012-05-18,0.846656322479248,1.444888949394226,0.0,1.472324013710022,1.444888949394226,1.472324013710022,0.0,99317298
2012-05-21,0.8305811882019043,1.4174549579620361,0.0,1.4540339708328247,1.4174549579620361,1.444888949394226,0.0,60577883
2012-05-22,0.8145051002502441,1.3900200128555298,0.0,1.435744047164917,1.3900200128555298,1.4265999794006348,0.0,67858685
2012-05-23,0.7877122759819031,1.3442959785461426,0.0,1.3808749914169312,1.3442959785461426,1.3808749914169312,0.0,112055366
2012-05-24,0.8091464042663574,1.3808749914169312,0.0,1.3808749914169312,1.3168610334396362,1.3625849485397339,0.0,130489413
2012-05-25,0.803787887096405,1.3717299699783325,0.0,1.3808749914169312,1.3534409999847412,1.3534409999847412,0.0,31107487
2012-05-28,0.8091464042663574,1.3808749914169312,0.0,1.3808749914169312,1.3534409999847412,1.3534409999847412,0.0,30299275
2012-05-29,0.8091464042663574,1.3808749914169312,0.0,1.3991650342941284,1.3717299699783325,1.3808749914169312,0.0,93594200
2012-05-30,0.7984289526939392,1.3625849485397339,0.0,1.3900200128555298,1.3534409999847412,1.3900200128555298,0.0,89978294
2012-05-31,0.7930710315704346,1.3534409999847412,0.0,1.3625849485397339,1.3442959785461426,1.3534409999847412,0.0,47699081
2012-06-01,0.7716363072395325,1.3168610334396362,0.0,1.3625849485397339,1.3168610334396362,1.3534409999847412,0.0,73350396
2012-06-05,0.7502022981643677,1.2802820205688477,0.0,1.335150957107544,1.2802820205688477,1.3260060548782349,0.0,47113944
2012-06-06,0.7716363072395325,1.3168610334396362,0.0,1.3260060548782349,1.298570990562439,1.298570990562439,0.0,48824192
2012-06-07,0.7662776708602905,1.3077160120010376,0.0,1.3442959785461426,1.3077160120010376,1.335150957107544,0.0,66236464
2012-06-08,0.7769951820373535,1.3260060548782349,0.0,1.3260060548782349,1.3077160120010376,1.3077160120010376,0.0,28429593
2012-06-11,0.803787887096405,1.3717299699783325,0.0,1.3808749914169312,1.335150957107544,1.3442959785461426,0.0,129831558
2012-06-12,0.803787887096405,1.3717299699783325,0.0,1.3808749914169312,1.3442959785461426,1.3534409999847412,0.0,48306306
2012-06-13,0.7984289526939392,1.3625849485397339,0.0,1.3808749914169312,1.3534409999847412,1.3717299699783325,0.0,56339442
2012-06-14,0.8091464042663574,1.3808749914169312,0.0,1.3991650342941284,1.3534409999847412,1.3625849485397339,0.0,141918659
2012-06-15,0.8198637962341309,1.3991650342941284,0.0,1.4174549579620361,1.3808749914169312,1.3900200128555298,0.0,172453477
2012-06-18,0.8359395861625671,1.4265999794006348,0.0,1.435744047164917,1.408310055732727,1.4174549579620361,0.0,211972236
2012-06-19,0.8305811882019043,1.4174549579620361,0.0,1.444888949394226,1.408310055732727,1.4265999794006348,0.0,254878358
2012-06-20,0.8305811882019043,1.4174549579620361,0.0,1.4265999794006348,1.408310055732727,1.4174549579620361,0.0,46356033
2012-06-21,0.8305811882019043,1.4174549579620361,0.0,1.4265999794006348,1.3991650342941284,1.4174549579620361,0.0,48720856
2012-06-22,0.8198637962341309,1.3991650342941284,0.0,1.408310055732727,1.3808749914169312,1.3991650342941284,0.0,45047212
2012-06-25,0.803787887096405,1.3717299699783325,0.0,1.408310055732727,1.3717299699783325,1.3900200128555298,0.0,27677587
2012-06-26,0.803787887096405,1.3717299699783325,0.0,1.3900200128555298,1.3625849485397339,1.3625849485397339,0.0,32605595
2012-06-27,0.8145051002502441,1.3900200128555298,0.0,1.408310055732727,1.3808749914169312,1.3900200128555298,0.0,65812073
2012-06-28,0.8145051002502441,1.3900200128555298,0.0,1.3991650342941284,1.3808749914169312,1.3991650342941284,0.0,48013137
2012-06-29,0.8145051002502441,1.3900200128555298,0.0,1.4174549579620361,1.3900200128555298,1.3991650342941284,0.0,60914028
2012-07-02,0.8252224326133728,1.408310055732727,0.0,1.4265999794006348,1.3991650342941284,1.408310055732727,0.0,47478083
2012-07-03,0.8412978649139404,1.435744047164917,0.0,1.444888949394226,1.408310055732727,1.4174549579620361,0.0,118388751
2012-07-04,0.8252224326133728,1.408310055732727,0.0,1.435744047164917,1.408310055732727,1.435744047164917,0.0,58688518
2012-07-05,0.8359395861625671,1.4265999794006348,0.0,1.435744047164917,1.408310055732727,1.4174549579620361,0.0,60251033
2012-07-06,0.8305811882019043,1.4174549579620361,0.0,1.435744047164917,1.408310055732727,1.4174549579620361,0.0,24728940
2012-07-09,0.8198637962341309,1.3991650342941284,0.0,1.408310055732727,1.3900200128555298,1.408310055732727,0.0,21913264
2012-07-10,0.8305811882019043,1.4174549579620361,0.0,1.4174549579620361,1.3900200128555298,1.3991650342941284,0.0,28462617
2012-07-11,0.8252224326133728,1.408310055732727,0.0,1.4174549579620361,1.408310055732727,1.408310055732727,0.0,21159289
2012-07-12,0.8091464042663574,1.3808749914169312,0.0,1.4174549579620361,1.3808749914169312,1.408310055732727,0.0,39382398
2012-07-13,0.8198637962341309,1.3991650342941284,0.0,1.408310055732727,1.3808749914169312,1.3900200128555298,0.0,26542197
2012-07-16,0.8198637962341309,1.3991650342941284,0.0,1.4174549579620361,1.3900200128555298,1.3991650342941284,0.0,51473983
2012-07-17,0.8359395861625671,1.4265999794006348,0.0,1.4265999794006348,1.408310055732727,1.408310055732727,0.0,55250088
2012-07-18,0.8305811882019043,1.4174549579620361,0.0,1.444888949394226,1.4174549579620361,1.435744047164917,0.0,119564711
2012-07-19,0.8198637962341309,1.3991650342941284,0.0,1.435744047164917,1.3991650342941284,1.4265999794006348,0.0,68411672
2012-07-20,0.8198637962341309,1.3991650342941284,0.0,1.4174549579620361,1.3900200128555298,1.3991650342941284,0.0,50520990
2012-07-23,0.803787887096405,1.3717299699783325,0.0,1.3900200128555298,1.3717299699783325,1.3900200128555298,0.0,54291409
2012-07-24,0.8091464042663574,1.3808749914169312,0.0,1.3900200128555298,1.3625849485397339,1.3717299699783325,0.0,53939737
2012-07-25,0.8091464042663574,1.3808749914169312,0.0,1.3900200128555298,1.3625849485397339,1.3808749914169312,0.0,35954138
2012-07-26,0.7984289526939392,1.3625849485397339,0.0,1.3900200128555298,1.3625849485397339,1.3900200128555298,0.0,33880954
2012-07-27,0.7877122759819031,1.3442959785461426,0.0,1.3808749914169312,1.3442959785461426,1.3808749914169312,0.0,49250551
2012-07-30,0.7984289526939392,1.3625849485397339,0.0,1.3717299699783325,1.3442959785461426,1.3625849485397339,0.0,31971141
2012-07-31,0.8252224326133728,1.408310055732727,0.0,1.408310055732727,1.3808749914169312,1.3900200128555298,0.0,175193482
2012-08-01,0.8252224326133728,1.408310055732727,0.0,1.408310055732727,1.3900200128555298,1.3991650342941284,0.0,42397202
2012-08-03,0.8145051002502441,1.3900200128555298,0.0,1.408310055732727,1.3717299699783325,1.3991650342941284,0.0,44800626
2012-08-06,0.8198637962341309,1.3991650342941284,0.0,1.3991650342941284,1.3900200128555298,1.3991650342941284,0.0,18301404
2012-08-07,0.8198637962341309,1.3991650342941284,0.0,1.4174549579620361,1.3900200128555298,1.4174549579620361,0.0,53546511
2012-08-08,0.8198637962341309,1.3991650342941284,0.0,1.4174549579620361,1.3991650342941284,1.3991650342941284,0.0,64428019
2012-08-09,0.8145051002502441,1.3900200128555298,0.0,1.408310055732727,1.3808749914169312,1.3991650342941284,0.0,44069834
2012-08-10,0.8091464042663574,1.3808749914169312,0.0,1.3991650342941284,1.3808749914169312,1.3900200128555298,0.0,33846509
2012-08-14,0.8198637962341309,1.3991650342941284,0.0,1.4174549579620361,1.3808749914169312,1.3900200128555298,0.0,95304011
2012-08-15,0.8252224326133728,1.408310055732727,0.0,1.408310055732727,1.3900200128555298,1.3991650342941284,0.0,42772604
2012-08-16,0.846656322479248,1.444888949394226,0.0,1.444888949394226,1.3991650342941284,1.4174549579620361,0.0,204132760
2012-08-17,0.8520151376724243,1.4540339708328247,0.0,1.4814690351486206,1.444888949394226,1.472324013710022,0.0,243242875
2012-08-20,0.846656322479248,1.444888949394226,0.0,1.4540339708328247,1.435744047164917,1.4540339708328247,0.0,35666655
2012-08-21,0.8627323508262634,1.472324013710022,0.0,1.4814690351486206,1.444888949394226,1.4540339708328247,0.0,171048427
2012-08-22,0.8734498023986816,1.4906140565872192,0.0,1.4906140565872192,1.472324013710022,1.4814690351486206,0.0,88828579
2012-08-23,0.8680911660194397,1.4814690351486206,0.0,1.5089030265808105,1.4814690351486206,1.4997589588165283,0.0,92047322
2012-08-24,0.8734498023986816,1.4906140565872192,0.0,1.4906140565872192,1.4631789922714233,1.472324013710022,0.0,48832940
2012-08-27,0.8680911660194397,1.4814690351486206,0.0,1.4997589588165283,1.472324013710022,1.4906140565872192,0.0,38420001
2012-08-28,0.9056009650230408,1.5454829931259155,0.0,1.5546280145645142,1.472324013710022,1.4814690351486206,0.0,328024815
2012-08-29,0.8948838114738464,1.5271929502487183,0.0,1.5454829931259155,1.5089030265808105,1.5271929502487183,0.0,187698742
2012-08-30,0.8948838114738464,1.5271929502487183,0.0,1.5546280145645142,1.5180480480194092,1.536337971687317,0.0,287078917
2012-08-31,0.9216771721839905,1.5729180574417114,0.0,1.5912070274353027,1.5271929502487183,1.5271929502487183,0.0,444341149
2012-09-03,0.9163185954093933,1.5637730360031128,0.0,1.582062005996704,1.5546280145645142,1.5729180574417114,0.0,125851408
2012-09-04,0.9216771721839905,1.5729180574417114,0.0,1.6003520488739014,1.5546280145645142,1.5729180574417114,0.0,225471827
2012-09-05,0.9056009650230408,1.5454829931259155,0.0,1.5729180574417114,1.536337971687317,1.5729180574417114,0.0,192241611
2012-09-06,0.9109600782394409,1.5546280145645142,0.0,1.5637730360031128,1.5454829931259155,1.5454829931259155,0.0,182086202
2012-09-07,0.9270352125167847,1.582062005996704,0.0,1.6003520488739014,1.5546280145645142,1.5637730360031128,0.0,311704862
2012-09-10,0.9216771721839905,1.5729180574417114,0.0,1.5912070274353027,1.5637730360031128,1.5912070274353027,0.0,56226264
2012-09-11,0.9270352125167847,1.582062005996704,0.0,1.618641972541809,1.582062005996704,1.582062005996704,0.0,333045880
2012-09-12,0.9323941469192505,1.5912070274353027,0.0,1.6003520488739014,1.5729180574417114,1.5912070274353027,0.0,76761379
2012-09-13,0.9216771721839905,1.5729180574417114,0.0,1.5912070274353027,1.5729180574417114,1.5912070274353027,0.0,52848196
2012-09-14,0.9323941469192505,1.5912070274353027,0.0,1.6094969511032104,1.5729180574417114,1.582062005996704,0.0,217891947
2012-09-17,0.9323941469192505,1.5912070274353027,0.0,1.6094969511032104,1.582062005996704,1.6003520488739014,0.0,130206631
2012-09-18,0.9270352125167847,1.582062005996704,0.0,1.5912070274353027,1.5729180574417114,1.582062005996704,0.0,59802476
2012-09-19,0.9323941469192505,1.5912070274353027,0.0,1.618641972541809,1.582062005996704,1.5912070274353027,0.0,267962630
2012-09-20,0.9377526044845581,1.6003520488739014,0.0,1.618641972541809,1.582062005996704,1.6003520488739014,0.0,227359985
2012-09-21,0.9431111812591553,1.6094969511032104,0.0,1.6277869939804077,1.5912070274353027,1.6094969511032104,0.0,248158745
2012-09-24,1.0127729177474976,1.7283799648284912,0.0,1.7283799648284912,1.618641972541809,1.618641972541809,0.0,904379729
2012-09-25,0.9806213974952698,1.673511028289795,0.0,1.7375249862670898,1.6552209854125977,1.7192349433898926,0.0,682680153
2012-09-26,0.9806213974952698,1.673511028289795,0.0,1.7009459733963013,1.6552209854125977,1.673511028289795,0.0,325674204
2012-09-27,0.9699037671089172,1.6552209854125977,0.0,1.7009459733963013,1.646075963973999,1.6826560497283936,0.0,279958861
2012-09-28,0.975262463092804,1.6643660068511963,0.0,1.6918009519577026,1.6552209854125977,1.6643660068511963,0.0,218442091
2012-10-01,0.9806213974952698,1.673511028289795,0.0,1.6826560497283936,1.6643660068511963,1.673511028289795,0.0,111436002
2012-10-02,0.975262463092804,1.6643660068511963,0.0,1.6826560497283936,1.6552209854125977,1.6826560497283936,0.0,90182999
2012-10-03,0.9591873288154602,1.6369320154190063,0.0,1.6552209854125977,1.618641972541809,1.6552209854125977,0.0,140506611
2012-10-04,0.9591873288154602,1.6369320154190063,0.0,1.6552209854125977,1.6277869939804077,1.646075963973999,0.0,117117328
2012-10-05,0.9591873288154602,1.6369320154190063,0.0,1.646075963973999,1.6277869939804077,1.646075963973999,0.0,38069312
2012-10-08,0.9645451903343201,1.646075963973999,0.0,1.6552209854125977,1.6277869939804077,1.646075963973999,0.0,68323645
2012-10-09,0.9645451903343201,1.646075963973999,0.0,1.673511028289795,1.6369320154190063,1.673511028289795,0.0,104347658
2012-10-10,0.9591873288154602,1.6369320154190063,0.0,1.646075963973999,1.6369320154190063,1.6369320154190063,0.0,21511837
2012-10-11,0.9591873288154602,1.6369320154190063,0.0,1.646075963973999,1.618641972541809,1.6369320154190063,0.0,49569747
2012-10-12,0.9591873288154602,1.6369320154190063,0.0,1.646075963973999,1.6277869939804077,1.646075963973999,0.0,60903749
2012-10-15,0.9538285136222839,1.6277869939804077,0.0,1.646075963973999,1.6277869939804077,1.6369320154190063,0.0,35837570
2012-10-16,0.9431111812591553,1.6094969511032104,0.0,1.6277869939804077,1.6003520488739014,1.6277869939804077,0.0,67982361
2012-10-17,1.0020558834075928,1.7100909948349,0.0,1.7192349433898926,1.6552209854125977,1.6643660068511963,0.0,547841994
2012-10-18,0.9859799146652222,1.6826560497283936,0.0,1.7192349433898926,1.6826560497283936,1.7192349433898926,0.0,294488097
2012-10-19,1.0288488864898682,1.755815029144287,0.0,1.7741049528121948,1.6826560497283936,1.6918009519577026,0.0,704209188
2012-10-22,1.0234897136688232,1.7466700077056885,0.0,1.7466700077056885,1.7192349433898926,1.7466700077056885,0.0,133922593
2012-10-24,1.0074138641357422,1.7192349433898926,0.0,1.8106839656829834,1.7009459733963013,1.7466700077056885,0.0,566838761
2012-10-25,0.9966972470283508,1.7009459733963013,0.0,1.7283799648284912,1.6826560497283936,1.7283799648284912,0.0,214008896
2012-10-26,0.9806213974952698,1.673511028289795,0.0,1.7009459733963013,1.6643660068511963,1.7009459733963013,0.0,154202046
2012-10-29,0.975262463092804,1.6643660068511963,0.0,1.6826560497283936,1.6552209854125977,1.6826560497283936,0.0,71323905
2012-10-30,0.9913384914398193,1.6918009519577026,0.0,1.7009459733963013,1.6643660068511963,1.673511028289795,0.0,65653514
2012-10-31,0.9859799146652222,1.6826560497283936,0.0,1.7100909948349,1.6826560497283936,1.7009459733963013,0.0,61765543
2012-11-01,1.0074138641357422,1.7192349433898926,0.0,1.7192349433898926,1.6918009519577026,1.6918009519577026,0.0,89373365
2012-11-02,1.0181312561035156,1.7375249862670898,0.0,1.7741049528121948,1.7100909948349,1.7283799648284912,0.0,367209617
2012-11-05,1.0020558834075928,1.7100909948349,0.0,1.7466700077056885,1.7009459733963013,1.7375249862670898,0.0,67000936
2012-11-06,1.0020558834075928,1.7100909948349,0.0,1.7283799648284912,1.7100909948349,1.7100909948349,0.0,49616877
2012-11-07,1.0020558834075928,1.7100909948349,0.0,1.7375249862670898,1.7009459733963013,1.7100909948349,0.0,66133018
2012-11-08,1.0020558834075928,1.7100909948349,0.0,1.7100909948349,1.6918009519577026,1.7009459733963013,0.0,59842280
2012-11-09,0.9859799146652222,1.6826560497283936,0.0,1.7283799648284912,1.6826560497283936,1.7100909948349,0.0,90197761
2012-11-12,1.0020558834075928,1.7100909948349,0.0,1.7100909948349,1.6826560497283936,1.6826560497283936,0.0,13403030
2012-11-13,0.9966972470283508,1.7009459733963013,0.0,1.7100909948349,1.6826560497283936,1.7009459733963013,0.0,69834546
2012-11-14,0.9859799146652222,1.6826560497283936,0.0,1.7100909948349,1.673511028289795,1.7009459733963013,0.0,57233276
2012-11-15,0.9645451903343201,1.646075963973999,0.0,1.6826560497283936,1.6277869939804077,1.673511028289795,0.0,101838383
2012-11-16,0.9645451903343201,1.646075963973999,0.0,1.6552209854125977,1.6369320154190063,1.646075963973999,0.0,58714216
2012-11-19,0.9645451903343201,1.646075963973999,0.0,1.6643660068511963,1.646075963973999,1.6552209854125977,0.0,19457899
2012-11-20,0.9538285136222839,1.6277869939804077,0.0,1.673511028289795,1.618641972541809,1.673511028289795,0.0,59172943
2012-11-21,0.9484698176383972,1.618641972541809,0.0,1.646075963973999,1.618641972541809,1.646075963973999,0.0,47837628
2012-11-22,0.9591873288154602,1.6369320154190063,0.0,1.646075963973999,1.618641972541809,1.6277869939804077,0.0,45712831
2012-11-23,0.9591873288154602,1.6369320154190063,0.0,1.646075963973999,1.6277869939804077,1.646075963973999,0.0,17037635
2012-11-26,0.975262463092804,1.6643660068511963,0.0,1.6643660068511963,1.6552209854125977,1.6643660068511963,0.0,37058363
2012-11-27,1.0020558834075928,1.7100909948349,0.0,1.7100909948349,1.6552209854125977,1.6643660068511963,0.0,152707328
2012-11-28,0.9859799146652222,1.6826560497283936,0.0,1.7100909948349,1.6826560497283936,1.7100909948349,0.0,89499993
2012-11-29,1.0020558834075928,1.7100909948349,0.0,1.7100909948349,1.6918009519577026,1.6918009519577026,0.0,87297885
2012-11-30,0.9966972470283508,1.7009459733963013,0.0,1.7375249862670898,1.7009459733963013,1.7192349433898926,0.0,95623644
2012-12-03,0.9966972470283508,1.7009459733963013,0.0,1.7192349433898926,1.7009459733963013,1.7192349433898926,0.0,37148359
2012-12-04,0.9913384914398193,1.6918009519577026,0.0,1.7100909948349,1.6918009519577026,1.7009459733963013,0.0,23372661
2012-12-06,1.0127729177474976,1.7283799648284912,0.0,1.7466700077056885,1.7100909948349,1.7100909948349,0.0,245285113
2012-12-07,1.0074138641357422,1.7192349433898926,0.0,1.7466700077056885,1.7192349433898926,1.7375249862670898,0.0,64379467
2012-12-11,1.0074138641357422,1.7192349433898926,0.0,1.7375249862670898,1.7192349433898926,1.7283799648284912,0.0,61811033
2012-12-12,1.0020558834075928,1.7100909948349,0.0,1.755815029144287,1.7100909948349,1.7283799648284912,0.0,209624144
2012-12-13,0.9966972470283508,1.7009459733963013,0.0,1.7283799648284912,1.6918009519577026,1.7192349433898926,0.0,82354787
2012-12-14,0.9966972470283508,1.7009459733963013,0.0,1.7192349433898926,1.6918009519577026,1.7100909948349,0.0,94026902
2012-12-17,0.9913384914398193,1.6918009519577026,0.0,1.7100909948349,1.6918009519577026,1.7009459733963013,0.0,66026182
2012-12-18,0.9859799146652222,1.6826560497283936,0.0,1.7100909948349,1.6826560497283936,1.7009459733963013,0.0,59056375
2012-12-19,1.0074138641357422,1.7192349433898926,0.0,1.7192349433898926,1.6918009519577026,1.7009459733963013,0.0,79336593
2012-12-20,1.0020558834075928,1.7100909948349,0.0,1.7283799648284912,1.7100909948349,1.7192349433898926,0.0,60221180
2012-12-21,1.0074138641357422,1.7192349433898926,0.0,1.7192349433898926,1.7009459733963013,1.7100909948349,0.0,53577785
2012-12-24,1.0020558834075928,1.7100909948349,0.0,1.7283799648284912,1.7009459733963013,1.7192349433898926,0.0,28239104
2012-12-25,0.9966972470283508,1.7009459733963013,0.0,1.7283799648284912,1.673511028289795,1.7100909948349,0.0,130213520
2012-12-26,0.9966972470283508,1.7009459733963013,0.0,1.7100909948349,1.6918009519577026,1.7009459733963013,0.0,35711707
2012-12-27,1.0074138641357422,1.7192349433898926,0.0,1.7283799648284912,1.7009459733963013,1.7009459733963013,0.0,88737052
2012-12-28,0.9966972470283508,1.7009459733963013,0.0,1.7283799648284912,1.7009459733963013,1.7283799648284912,0.0,75211002
2013-01-02,1.0234897136688232,1.7466700077056885,0.0,1.755815029144287,1.7100909948349,1.7100909948349,0.0,248729666
2013-01-03,1.0502828359603882,1.7923940420150757,0.0,1.8015389442443848,1.7466700077056885,1.755815029144287,0.0,456987362
2013-01-04,1.0663586854934692,1.819828987121582,0.0,1.847264051437378,1.7832499742507935,1.8106839656829834,0.0,721832070
2013-01-07,1.071717381477356,1.8289740085601807,0.0,1.8655530214309692,1.8289740085601807,1.8289740085601807,0.0,265999891
2013-01-08,1.1145861148834229,1.9021329879760742,0.0,1.9204230308532715,1.847264051437378,1.847264051437378,0.0,555494808
2013-01-09,1.136020302772522,1.9387120008468628,0.0,1.9387120008468628,1.9021329879760742,1.9204230308532715,0.0,276035461
2013-01-10,1.1038687229156494,1.883842945098877,0.0,1.9387120008468628,1.8655530214309692,1.9204230308532715,0.0,404490072
2013-01-11,1.1038687229156494,1.883842945098877,0.0,1.9021329879760742,1.8289740085601807,1.883842945098877,0.0,219963709
2013-01-14,1.1574547290802002,1.9752919673919678,0.0,1.993582010269165,1.883842945098877,1.883842945098877,0.0,794960485
2013-01-15,1.136020302772522,1.9387120008468628,0.0,1.993582010269165,1.9387120008468628,1.993582010269165,0.0,462490774
2013-01-16,1.136020302772522,1.9387120008468628,0.0,1.9752919673919678,1.9021329879760742,1.9752919673919678,0.0,267095806
2013-01-17,1.1253036260604858,1.9204230308532715,0.0,1.95700204372406,1.9021329879760742,1.95700204372406,0.0,260253392
2013-01-18,1.136020302772522,1.9387120008468628,0.0,1.9752919673919678,1.9204230308532715,1.9387120008468628,0.0,396520579
2013-01-21,1.1467374563217163,1.95700204372406,0.0,2.011871099472046,1.9387120008468628,1.95700204372406,0.0,678862853
2013-01-22,1.1253036260604858,1.9204230308532715,0.0,1.9752919673919678,1.9204230308532715,1.9752919673919678,0.0,362671007
2013-01-23,1.1145861148834229,1.9021329879760742,0.0,1.9387120008468628,1.847264051437378,1.9204230308532715,0.0,417852205
2013-01-24,1.1788889169692993,2.011871099472046,0.0,2.030160903930664,1.9204230308532715,1.9204230308532715,0.0,789968069
2013-01-25,1.1788889169692993,2.011871099472046,0.0,2.0484509468078613,1.9752919673919678,2.030160903930664,0.0,786497600
2013-01-28,1.1896063089370728,2.030160903930664,0.0,2.0667409896850586,2.011871099472046,2.011871099472046,0.0,718547825
2013-01-29,1.264626145362854,2.158189058303833,0.0,2.158189058303833,2.030160903930664,2.0484509468078613,0.0,1065829116
2013-01-30,1.2431923151016235,2.121609926223755,0.0,2.158189058303833,2.0850300788879395,2.139899969100952,0.0,341025762
2013-01-31,1.211040735244751,2.0667409896850586,0.0,2.139899969100952,2.0484509468078613,2.1033198833465576,0.0,436897852
2013-02-01,1.2431923151016235,2.121609926223755,0.0,2.139899969100952,2.0667409896850586,2.0850300788879395,0.0,274813464
2013-02-04,1.2431923151016235,2.121609926223755,0.0,2.1764791011810303,2.1033198833465576,2.139899969100952,0.0,386075381
2013-02-05,1.2539095878601074,2.139899969100952,0.0,2.139899969100952,2.0850300788879395,2.0850300788879395,0.0,168021813
2013-02-06,1.2431923151016235,2.121609926223755,0.0,2.158189058303833,2.1033198833465576,2.139899969100952,0.0,270393610
2013-02-07,1.23247492313385,2.1033198833465576,0.0,2.121609926223755,2.0850300788879395,2.121609926223755,0.0,240174598
2013-02-08,1.264626145362854,2.158189058303833,0.0,2.1947689056396484,2.121609926223755,2.121609926223755,0.0,956897139
2013-02-11,1.264626145362854,2.158189058303833,0.0,2.2130589485168457,2.139899969100952,2.1764791011810303,0.0,413569477
2013-02-12,1.307494878768921,2.2313480377197266,0.0,2.267927885055542,2.1947689056396484,2.1947689056396484,0.0,589783204
2013-02-13,1.2967783212661743,2.2130589485168457,0.0,2.30450701713562,2.2130589485168457,2.267927885055542,0.0,890452798
2013-02-14,1.307494878768921,2.2313480377197266,0.0,2.267927885055542,2.2130589485168457,2.2130589485168457,0.0,395855506
2013-02-15,1.307494878768921,2.2313480377197266,0.0,2.267927885055542,2.2313480377197266,2.2313480377197266,0.0,321055663
2013-02-18,1.3182125091552734,2.249638080596924,0.0,2.2862179279327393,2.2313480377197266,2.249638080596924,0.0,259172786
2013-02-19,1.307494878768921,2.2313480377197266,0.0,2.267927885055542,2.1947689056396484,2.267927885055542,0.0,264165311
2013-02-20,1.3182125091552734,2.249638080596924,0.0,2.267927885055542,2.2313480377197266,2.249638080596924,0.0,106560155
2013-02-21,1.307494878768921,2.2313480377197266,0.0,2.249638080596924,2.2130589485168457,2.2313480377197266,0.0,164520397
2013-02-22,1.307494878768921,2.2313480377197266,0.0,2.267927885055542,2.2313480377197266,2.2313480377197266,0.0,157978698
2013-02-26,1.2967783212661743,2.2130589485168457,0.0,2.249638080596924,2.1764791011810303,2.2313480377197266,0.0,245915411
2013-02-27,1.2860608100891113,2.1947689056396484,0.0,2.2313480377197266,2.1947689056396484,2.2313480377197266,0.0,153501544
2013-02-28,1.307494878768921,2.2313480377197266,0.0,2.2313480377197266,2.1947689056396484,2.2313480377197266,0.0,120314530
2013-03-01,1.2967783212661743,2.2130589485168457,0.0,2.249638080596924,2.1947689056396484,2.2313480377197266,0.0,187722799
2013-03-04,1.3289295434951782,2.267927885055542,0.0,2.30450701713562,2.2130589485168457,2.2313480377197266,0.0,425376094
2013-03-05,1.3182125091552734,2.249638080596924,0.0,2.2862179279327393,2.2313480377197266,2.267927885055542,0.0,289574742
2013-03-06,1.3396470546722412,2.2862179279327393,0.0,2.30450701713562,2.249638080596924,2.2862179279327393,0.0,297914717
2013-03-07,1.382515788078308,2.359376907348633,0.0,2.359376907348633,2.267927885055542,2.2862179279327393,0.0,754958504
2013-03-08,1.4253838062286377,2.43253493309021,0.0,2.4508249759674072,2.3776659965515137,2.3776659965515137,0.0,592513696
2013-03-11,1.478969693183899,2.523983955383301,0.0,2.578852891921997,2.43253493309021,2.4691150188446045,0.0,1053885263
2013-03-12,1.436100959777832,2.4508249759674072,0.0,2.542273998260498,2.43253493309021,2.542273998260498,0.0,327014413
2013-03-13,1.436100959777832,2.4508249759674072,0.0,2.4508249759674072,2.359376907348633,2.4508249759674072,0.0,341584436
2013-03-14,1.5432732105255127,2.633723020553589,0.0,2.633723020553589,2.414246082305908,2.43253493309021,0.0,694029823
2013-03-15,1.511121153831482,2.578852891921997,0.0,2.7068819999694824,2.578852891921997,2.670301914215088,0.0,921000847
2013-03-18,1.4896870851516724,2.542273998260498,0.0,2.5971429347991943,2.523983955383301,2.542273998260498,0.0,399621661
2013-03-19,1.4039498567581177,2.395956039428711,0.0,2.5605640411376953,2.3410871028900146,2.5605640411376953,0.0,761979160
2013-03-20,1.436100959777832,2.4508249759674072,0.0,2.4874050617218018,2.3410871028900146,2.414246082305908,0.0,796455421
2013-03-21,1.4039498567581177,2.395956039428711,0.0,2.5605640411376953,2.395956039428711,2.523983955383301,0.0,816600700
2013-03-22,1.3503639698028564,2.30450701713562,0.0,2.43253493309021,2.2313480377197266,2.3776659965515137,0.0,685982034
2013-03-25,1.436100959777832,2.4508249759674072,0.0,2.4508249759674072,2.3227970600128174,2.3410871028900146,0.0,324871791
2013-03-26,1.4253838062286377,2.43253493309021,0.0,2.4508249759674072,2.3776659965515137,2.414246082305908,0.0,187496114
2013-03-27,1.4039498567581177,2.395956039428711,0.0,2.4874050617218018,2.395956039428711,2.4508249759674072,0.0,338728847
2013-03-28,1.3717987537384033,2.3410871028900146,0.0,2.43253493309021,2.3227970600128174,2.3776659965515137,0.0,260808785
2013-03-29,1.3610813617706299,2.3227970600128174,0.0,2.395956039428711,2.30450701713562,2.359376907348633,0.0,242884860
2013-04-01,1.3289295434951782,2.267927885055542,0.0,2.30450701713562,2.2313480377197266,2.30450701713562,0.0,234960747
2013-04-02,1.307494878768921,2.2313480377197266,0.0,2.2862179279327393,2.1947689056396484,2.2862179279327393,0.0,202751221
2013-04-03,1.307494878768921,2.2313480377197266,0.0,2.30450701713562,2.2130589485168457,2.249638080596924,0.0,266341722
2013-04-04,1.3396470546722412,2.2862179279327393,0.0,2.2862179279327393,2.1764791011810303,2.1947689056396484,0.0,248551428
2013-04-05,1.3182125091552734,2.249638080596924,0.0,2.2862179279327393,2.2313480377197266,2.267927885055542,0.0,217613867
2013-04-09,1.307494878768921,2.2313480377197266,0.0,2.2862179279327393,2.2313480377197266,2.267927885055542,0.0,88534972
2013-04-10,1.3289295434951782,2.267927885055542,0.0,2.267927885055542,2.2130589485168457,2.2313480377197266,0.0,85492064
2013-04-11,1.3717987537384033,2.3410871028900146,0.0,2.359376907348633,2.249638080596924,2.2862179279327393,0.0,201040973
2013-04-12,1.3610813617706299,2.3227970600128174,0.0,2.3776659965515137,2.30450701713562,2.3410871028900146,0.0,104046506
2013-04-17,1.382515788078308,2.359376907348633,0.0,2.395956039428711,2.2862179279327393,2.30450701713562,0.0,349404775
2013-04-18,1.436100959777832,2.4508249759674072,0.0,2.4508249759674072,2.359376907348633,2.395956039428711,0.0,413535251
2013-04-19,1.486556887626648,2.5056939125061035,0.030178,2.5056939125061035,2.414246082305908,2.414246082305908,0.0,290769291
2013-04-22,1.5082589387893677,2.542273998260498,0.0,2.542273998260498,2.4874050617218018,2.542273998260498,0.0,211733632
2013-04-23,1.486556887626648,2.5056939125061035,0.0,2.542273998260498,2.4874050617218018,2.542273998260498,0.0,147478278
2013-04-24,1.4540048837661743,2.4508249759674072,0.0,2.523983955383301,2.414246082305908,2.523983955383301,0.0,113654404
2013-04-25,1.4540048837661743,2.4508249759674072,0.0,2.5056939125061035,2.43253493309021,2.4691150188446045,0.0,114094432
2013-04-26,1.4648561477661133,2.4691150188446045,0.0,2.5056939125061035,2.4508249759674072,2.4691150188446045,0.0,100836182
2013-04-29,1.486556887626648,2.5056939125061035,0.0,2.542273998260498,2.4508249759674072,2.4874050617218018,0.0,14789271
2013-04-30,1.486556887626648,2.5056939125061035,0.0,2.523983955383301,2.4691150188446045,2.523983955383301,0.0,98985746
2013-05-02,1.486556887626648,2.5056939125061035,0.0,2.5605640411376953,2.4874050617218018,2.523983955383301,0.0,383230179
2013-05-03,1.486556887626648,2.5056939125061035,0.0,2.578852891921997,2.5056939125061035,2.523983955383301,0.0,256811572
2013-05-07,1.486556887626648,2.5056939125061035,0.0,2.542273998260498,2.4691150188446045,2.523983955383301,0.0,128939473
2013-05-08,1.4974077939987183,2.523983955383301,0.0,2.542273998260498,2.4874050617218018,2.5056939125061035,0.0,135548860
2013-05-09,1.52996027469635,2.578852891921997,0.0,2.6154329776763916,2.542273998260498,2.5605640411376953,0.0,417281722
2013-05-10,1.4974077939987183,2.523983955383301,0.0,2.5971429347991943,2.5056939125061035,2.578852891921997,0.0,249599771
2013-05-13,1.52996027469635,2.578852891921997,0.0,2.578852891921997,2.523983955383301,2.542273998260498,0.0,76651044
2013-05-14,1.5082589387893677,2.542273998260498,0.0,2.5971429347991943,2.523983955383301,2.578852891921997,0.0,104089153
2013-05-15,1.5082589387893677,2.542273998260498,0.0,2.578852891921997,2.523983955383301,2.542273998260498,0.0,157606905
2013-05-16,1.4757071733474731,2.4874050617218018,0.0,2.542273998260498,2.4691150188446045,2.542273998260498,0.0,248072139
2013-05-17,1.443153977394104,2.43253493309021,0.0,2.4874050617218018,2.414246082305908,2.4691150188446045,0.0,177560273
2013-05-20,1.4648561477661133,2.4691150188446045,0.0,2.4874050617218018,2.414246082305908,2.414246082305908,0.0,108336561
2013-05-21,1.4540048837661743,2.4508249759674072,0.0,2.5056939125061035,2.4508249759674072,2.4874050617218018,0.0,44233641
2013-05-22,1.4323036670684814,2.414246082305908,0.0,2.4874050617218018,2.414246082305908,2.4508249759674072,0.0,119650442
2013-05-23,1.378049612045288,2.3227970600128174,0.0,2.414246082305908,2.30450701713562,2.395956039428711,0.0,306300181
2013-05-27,1.3454972505569458,2.267927885055542,0.0,2.30450701713562,2.267927885055542,2.2862179279327393,0.0,147637821
2013-05-28,1.4214528799057007,2.395956039428711,0.0,2.395956039428711,2.267927885055542,2.267927885055542,0.0,113603556
2013-05-29,1.4106018543243408,2.3776659965515137,0.0,2.395956039428711,2.359376907348633,2.3776659965515137,0.0,125013666
2013-05-30,1.378049612045288,2.3227970600128174,0.0,2.3776659965515137,2.3227970600128174,2.3410871028900146,0.0,84821852
2013-05-31,1.3563482761383057,2.2862179279327393,0.0,2.359376907348633,2.267927885055542,2.359376907348633,0.0,84277832
2013-06-03,1.312945008277893,2.2130589485168457,0.0,2.30450701713562,2.1947689056396484,2.2862179279327393,0.0,104079311
2013-06-04,1.3237953186035156,2.2313480377197266,0.0,2.267927885055542,2.1947689056396484,2.2313480377197266,0.0,129058228
2013-06-05,1.2695419788360596,2.139899969100952,0.0,2.2313480377197266,2.139899969100952,2.2130589485168457,0.0,133786014
2013-06-06,1.226138710975647,2.0667409896850586,0.0,2.158189058303833,2.0667409896850586,2.1033198833465576,0.0,211183269
2013-06-07,1.2586910724639893,2.121609926223755,0.0,2.139899969100952,2.0667409896850586,2.0667409896850586,0.0,120453624
2013-06-10,1.2586910724639893,2.121609926223755,0.0,2.1947689056396484,2.121609926223755,2.1947689056396484,0.0,82270149
2013-06-11,1.1718846559524536,1.9752919673919678,0.0,2.121609926223755,1.9752919673919678,2.121609926223755,0.0,159025733
2013-06-12,1.1718846559524536,1.9752919673919678,0.0,2.030160903930664,1.9021329879760742,1.9387120008468628,0.0,151814369
2013-06-13,1.13933265209198,1.9204230308532715,0.0,1.9387120008468628,1.8289740085601807,1.8655530214309692,0.0,265441764
2013-06-14,1.1935861110687256,2.011871099472046,0.0,2.0667409896850586,1.9752919673919678,2.011871099472046,0.0,336946864
2013-06-17,1.2369893789291382,2.0850300788879395,0.0,2.0850300788879395,1.9752919673919678,2.030160903930664,0.0,145178628
2013-06-18,1.1827356815338135,1.993582010269165,0.0,2.121609926223755,1.993582010269165,2.1033198833465576,0.0,154726821
2013-06-19,1.1610337495803833,1.95700204372406,0.0,2.030160903930664,1.9387120008468628,2.030160903930664,0.0,101323669
2013-06-20,1.13933265209198,1.9204230308532715,0.0,1.9752919673919678,1.883842945098877,1.883842945098877,0.0,135545361
2013-06-21,1.13933265209198,1.9204230308532715,0.0,1.9752919673919678,1.8655530214309692,1.883842945098877,0.0,206389982
2013-06-24,1.150182843208313,1.9387120008468628,0.0,1.9752919673919678,1.9204230308532715,1.9204230308532715,0.0,130932393
2013-06-25,1.226138710975647,2.0667409896850586,0.0,2.1033198833465576,1.9204230308532715,1.9752919673919678,0.0,262442706
2013-06-26,1.2369893789291382,2.0850300788879395,0.0,2.121609926223755,2.0484509468078613,2.1033198833465576,0.0,230779606
2013-06-27,1.2369893789291382,2.0850300788879395,0.0,2.121609926223755,2.0484509468078613,2.121609926223755,0.0,137765622
2013-06-28,1.215287685394287,2.0484509468078613,0.0,2.121609926223755,2.011871099472046,2.1033198833465576,0.0,215197759
2013-07-02,1.3237953186035156,2.2313480377197266,0.0,2.2313480377197266,2.0484509468078613,2.0484509468078613,0.0,294820961
2013-07-03,1.2695419788360596,2.139899969100952,0.0,2.267927885055542,2.121609926223755,2.2130589485168457,0.0,314292310
2013-07-04,1.3563482761383057,2.2862179279327393,0.0,2.30450701713562,2.1764791011810303,2.1947689056396484,0.0,738448814
2013-07-05,1.3346465826034546,2.249638080596924,0.0,2.30450701713562,2.2130589485168457,2.267927885055542,0.0,267609208
2013-07-08,1.2695419788360596,2.139899969100952,0.0,2.2130589485168457,2.0850300788879395,2.2130589485168457,0.0,358812670
2013-07-09,1.280392050743103,2.158189058303833,0.0,2.1764791011810303,2.1033198833465576,2.139899969100952,0.0,222644556
2013-07-10,1.2044368982315063,2.030160903930664,0.0,2.158189058303833,2.011871099472046,2.158189058303833,0.0,212584710
2013-07-11,1.2369893789291382,2.0850300788879395,0.0,2.139899969100952,2.0667409896850586,2.0850300788879395,0.0,344772780
2013-07-12,1.280392050743103,2.158189058303833,0.0,2.158189058303833,2.0850300788879395,2.1033198833465576,0.0,234565772
2013-07-15,1.291243314743042,2.1764791011810303,0.0,2.249638080596924,2.1764791011810303,2.2130589485168457,0.0,286224012
2013-07-16,1.2586910724639893,2.121609926223755,0.0,2.1764791011810303,2.1033198833465576,2.158189058303833,0.0,150609213
2013-07-17,1.2586910724639893,2.121609926223755,0.0,2.158189058303833,2.121609926223755,2.121609926223755,0.0,113116288
2013-07-18,1.2695419788360596,2.139899969100952,0.0,2.1764791011810303,2.0850300788879395,2.139899969100952,0.0,222796335
2013-07-19,1.3020943403244019,2.1947689056396484,0.0,2.2130589485168457,2.1033198833465576,2.121609926223755,0.0,225594077
2013-07-23,1.3563482761383057,2.2862179279327393,0.0,2.2862179279327393,2.1947689056396484,2.2130589485168457,0.0,297324987
2013-07-24,1.3563482761383057,2.2862179279327393,0.0,2.3410871028900146,2.267927885055542,2.2862179279327393,0.0,280213212
2013-07-25,1.291243314743042,2.1764791011810303,0.0,2.267927885055542,2.158189058303833,2.249638080596924,0.0,314272080
2013-07-26,1.3237953186035156,2.2313480377197266,0.0,2.249638080596924,2.139899969100952,2.2130589485168457,0.0,165384269
2013-07-29,1.3020943403244019,2.1947689056396484,0.0,2.2862179279327393,2.1947689056396484,2.2313480377197266,0.0,250735599
2013-07-30,1.291243314743042,2.1764791011810303,0.0,2.249638080596924,2.158189058303833,2.2130589485168457,0.0,102905101
2013-07-31,1.2695419788360596,2.139899969100952,0.0,2.1947689056396484,2.121609926223755,2.1764791011810303,0.0,119300082
2013-08-01,1.291243314743042,2.1764791011810303,0.0,2.1764791011810303,2.139899969100952,2.1764791011810303,0.0,39456101
2013-08-02,1.2695419788360596,2.139899969100952,0.0,2.1764791011810303,2.0850300788879395,2.1764791011810303,0.0,252546669
2013-08-05,1.2695419788360596,2.139899969100952,0.0,2.139899969100952,2.0667409896850586,2.121609926223755,0.0,161254414
2013-08-06,1.2695419788360596,2.139899969100952,0.0,2.1947689056396484,2.1033198833465576,2.139899969100952,0.0,77260347
2013-08-07,1.2695419788360596,2.139899969100952,0.0,2.1764791011810303,2.121609926223755,2.121609926223755,0.0,34923287
2013-08-08,1.280392050743103,2.158189058303833,0.0,2.1947689056396484,2.158189058303833,2.158189058303833,0.0,62152099
2013-08-09,1.3020943403244019,2.1947689056396484,0.0,2.2130589485168457,2.139899969100952,2.1764791011810303,0.0,88243114
2013-08-13,1.312945008277893,2.2130589485168457,0.0,2.2313480377197266,2.1764791011810303,2.2130589485168457,0.0,132331866
2013-08-14,1.312945008277893,2.2130589485168457,0.0,2.249638080596924,2.1947689056396484,2.249638080596924,0.0,64157703
2013-08-15,1.2695419788360596,2.139899969100952,0.0,2.2130589485168457,2.139899969100952,2.1947689056396484,0.0,74424550
2013-08-16,1.3671987056732178,2.30450701713562,0.0,2.30450701713562,2.139899969100952,2.139899969100952,0.0,382556141
2013-08-19,1.3020943403244019,2.1947689056396484,0.0,2.30450701713562,2.1947689056396484,2.249638080596924,0.0,454183058
2013-08-20,1.3671987056732178,2.30450701713562,0.0,2.30450701713562,2.139899969100952,2.158189058303833,0.0,784221242
2013-08-21,1.3346465826034546,2.249638080596924,0.0,2.3410871028900146,2.249638080596924,2.267927885055542,0.0,896582900
2013-08-22,1.3346465826034546,2.249638080596924,0.0,2.2862179279327393,2.2313480377197266,2.267927885055542,0.0,857227074
2013-08-23,1.4106018543243408,2.3776659965515137,0.0,2.414246082305908,2.267927885055542,2.267927885055542,0.0,1142122582
2013-08-26,1.3889007568359375,2.3410871028900146,0.0,2.414246082305908,2.30450701713562,2.395956039428711,0.0,612998728
2013-08-27,1.291243314743042,2.1764791011810303,0.0,2.359376907348633,2.158189058303833,2.3227970600128174,0.0,769472321
2013-08-28,1.378049612045288,2.3227970600128174,0.0,2.3227970600128174,2.1033198833465576,2.139899969100952,0.0,553449399
2013-08-29,1.3671987056732178,2.30450701713562,0.0,2.3410871028900146,2.249638080596924,2.30450701713562,0.0,253571724
2013-08-30,1.3237953186035156,2.2313480377197266,0.0,2.3410871028900146,2.2130589485168457,2.3227970600128174,0.0,333382900
2013-09-02,1.3563482761383057,2.2862179279327393,0.0,2.30450701713562,2.2313480377197266,2.249638080596924,0.0,500652926
2013-09-03,1.3346465826034546,2.249638080596924,0.0,2.3227970600128174,2.2313480377197266,2.267927885055542,0.0,261698792
2013-09-04,1.3237953186035156,2.2313480377197266,0.0,2.267927885055542,2.2130589485168457,2.249638080596924,0.0,83578205
2013-09-05,1.3346465826034546,2.249638080596924,0.0,2.2862179279327393,2.2313480377197266,2.249638080596924,0.0,129565398
2013-09-06,1.3454972505569458,2.267927885055542,0.0,2.2862179279327393,2.249638080596924,2.249638080596924,0.0,135920544
2013-09-09,1.3563482761383057,2.2862179279327393,0.0,2.30450701713562,2.249638080596924,2.2862179279327393,0.0,247993516
2013-09-10,1.4214528799057007,2.395956039428711,0.0,2.4691150188446045,2.3227970600128174,2.3410871028900146,0.0,1266245258
2013-09-11,1.4757071733474731,2.4874050617218018,0.0,2.4874050617218018,2.395956039428711,2.414246082305908,0.0,636508187
2013-09-12,1.4540048837661743,2.4508249759674072,0.0,2.523983955383301,2.43253493309021,2.4874050617218018,0.0,383371351
2013-09-13,1.5082589387893677,2.542273998260498,0.0,2.578852891921997,2.4508249759674072,2.4508249759674072,0.0,840217651
2013-09-16,1.52996027469635,2.578852891921997,0.0,2.633723020553589,2.5605640411376953,2.578852891921997,0.0,764326705
2013-09-17,1.4974077939987183,2.523983955383301,0.0,2.5971429347991943,2.5056939125061035,2.578852891921997,0.0,580993360
2013-09-18,1.486556887626648,2.5056939125061035,0.0,2.578852891921997,2.4874050617218018,2.542273998260498,0.0,506490842
2013-09-19,1.52996027469635,2.578852891921997,0.0,2.578852891921997,2.523983955383301,2.5605640411376953,0.0,579112852
2013-09-20,1.4648561477661133,2.4691150188446045,0.0,2.5605640411376953,2.395956039428711,2.5605640411376953,0.0,968931205
2013-09-23,1.443153977394104,2.43253493309021,0.0,2.4874050617218018,2.395956039428711,2.4508249759674072,0.0,386725253
2013-09-24,1.443153977394104,2.43253493309021,0.0,2.4691150188446045,2.414246082305908,2.43253493309021,0.0,345459285
2013-09-25,1.4214528799057007,2.395956039428711,0.0,2.4508249759674072,2.3776659965515137,2.414246082305908,0.0,254788581
2013-09-26,1.4323036670684814,2.414246082305908,0.0,2.4508249759674072,2.395956039428711,2.395956039428711,0.0,225952858
2013-09-27,1.4214528799057007,2.395956039428711,0.0,2.4508249759674072,2.359376907348633,2.414246082305908,0.0,164711105
2013-09-30,1.3997514247894287,2.359376907348633,0.0,2.414246082305908,2.3410871028900146,2.3776659965515137,0.0,215546807
2013-10-01,1.4323036670684814,2.414246082305908,0.0,2.414246082305908,2.3227970600128174,2.395956039428711,0.0,230941446
2013-10-02,1.4323036670684814,2.414246082305908,0.0,2.43253493309021,2.3776659965515137,2.395956039428711,0.0,88627592
2013-10-03,1.4214528799057007,2.395956039428711,0.0,2.4508249759674072,2.3776659965515137,2.43253493309021,0.0,292436455
2013-10-04,1.443153977394104,2.43253493309021,0.0,2.43253493309021,2.395956039428711,2.395956039428711,0.0,120536950
2013-10-07,1.4648561477661133,2.4691150188446045,0.0,2.5605640411376953,2.4691150188446045,2.5056939125061035,0.0,590979721
2013-10-08,1.486556887626648,2.5056939125061035,0.0,2.542273998260498,2.4691150188446045,2.4874050617218018,0.0,284025293
2013-10-09,1.486556887626648,2.5056939125061035,0.0,2.523983955383301,2.4874050617218018,2.5056939125061035,0.0,81166252
2013-10-10,1.519110083580017,2.5605640411376953,0.0,2.5605640411376953,2.5056939125061035,2.523983955383301,0.0,241551873
2013-10-11,1.519110083580017,2.5605640411376953,0.0,2.578852891921997,2.523983955383301,2.5605640411376953,0.0,230500762
2013-10-14,1.605916142463684,2.7068819999694824,0.0,2.7434608936309814,2.5971429347991943,2.6154329776763916,0.0,1519196197
2013-10-15,1.5625132322311401,2.633723020553589,0.0,2.688591957092285,2.6154329776763916,2.688591957092285,0.0,636519122
2013-10-16,1.6276177167892456,2.7434608936309814,0.0,2.816620111465454,2.688591957092285,2.7068819999694824,0.0,1664350222
2013-10-17,1.4974077939987183,2.523983955383301,0.0,2.7617509365081787,2.523983955383301,2.7251710891723633,0.0,1885720184
2013-10-18,1.519110083580017,2.5605640411376953,0.0,2.5971429347991943,2.542273998260498,2.542273998260498,0.0,357396685
2013-10-21,1.4648561477661133,2.4691150188446045,0.0,2.578852891921997,2.4691150188446045,2.5605640411376953,0.0,355144494
2013-10-22,1.5082589387893677,2.542273998260498,0.0,2.5605640411376953,2.43253493309021,2.4874050617218018,0.0,366499820
2013-10-24,1.5082589387893677,2.542273998260498,0.0,2.5605640411376953,2.5056939125061035,2.523983955383301,0.0,202898735
2013-10-25,1.5516620874404907,2.6154329776763916,0.0,2.6154329776763916,2.5056939125061035,2.523983955383301,0.0,496283810
2013-10-28,1.519110083580017,2.5605640411376953,0.0,2.6154329776763916,2.5605640411376953,2.6154329776763916,0.0,231651461
2013-10-29,1.5082589387893677,2.542273998260498,0.0,2.578852891921997,2.523983955383301,2.542273998260498,0.0,138217678
2013-10-30,1.4757071733474731,2.4874050617218018,0.0,2.578852891921997,2.4874050617218018,2.5605640411376953,0.0,218690536
2013-10-31,1.486556887626648,2.5056939125061035,0.0,2.5056939125061035,2.4508249759674072,2.4691150188446045,0.0,259220463
2013-11-01,1.486556887626648,2.5056939125061035,0.0,2.5056939125061035,2.4508249759674072,2.4691150188446045,0.0,99276073
2013-11-04,1.443153977394104,2.43253493309021,0.0,2.4691150188446045,2.43253493309021,2.4691150188446045,0.0,119020472
2013-11-05,1.4974077939987183,2.523983955383301,0.0,2.542273998260498,2.4508249759674072,2.4508249759674072,0.0,270944083
2013-11-06,1.5082589387893677,2.542273998260498,0.0,2.578852891921997,2.4691150188446045,2.5056939125061035,0.0,360393228
2013-11-07,1.486556887626648,2.5056939125061035,0.0,2.542273998260498,2.4874050617218018,2.523983955383301,0.0,302608057
2013-11-08,1.4974077939987183,2.523983955383301,0.0,2.578852891921997,2.5056939125061035,2.5605640411376953,0.0,422960970
2013-11-11,1.486556887626648,2.5056939125061035,0.0,2.542273998260498,2.4691150188446045,2.5056939125061035,0.0,277183426
2013-11-12,1.5082589387893677,2.542273998260498,0.0,2.5605640411376953,2.5056939125061035,2.542273998260498,0.0,113398960
2013-11-13,1.519110083580017,2.5605640411376953,0.0,2.5605640411376953,2.523983955383301,2.5605640411376953,0.0,110211382
2013-11-14,1.486556887626648,2.5056939125061035,0.0,2.5605640411376953,2.5056939125061035,2.5605640411376953,0.0,169329540
2013-11-15,1.5082589387893677,2.542273998260498,0.0,2.542273998260498,2.5056939125061035,2.523983955383301,0.0,91086456
2013-11-18,1.519110083580017,2.5605640411376953,0.0,2.578852891921997,2.523983955383301,2.542273998260498,0.0,176825326
2013-11-19,1.5082589387893677,2.542273998260498,0.0,2.578852891921997,2.523983955383301,2.5605640411376953,0.0,114265894
2013-11-20,1.5082589387893677,2.542273998260498,0.0,2.578852891921997,2.523983955383301,2.542273998260498,0.0,138341135
2013-11-21,1.4648561477661133,2.4691150188446045,0.0,2.542273998260498,2.43253493309021,2.542273998260498,0.0,235916584
2013-11-22,1.4540048837661743,2.4508249759674072,0.0,2.523983955383301,2.43253493309021,2.4874050617218018,0.0,272763572
2013-11-25,1.4540048837661743,2.4508249759674072,0.0,2.5056939125061035,2.43253493309021,2.4508249759674072,0.0,229921530
2013-11-26,1.3997514247894287,2.359376907348633,0.0,2.4874050617218018,2.359376907348633,2.4691150188446045,0.0,1301578283
2013-11-27,1.4106018543243408,2.3776659965515137,0.0,2.395956039428711,2.3410871028900146,2.359376907348633,0.0,241202825
2013-11-28,1.3563482761383057,2.2862179279327393,0.0,2.395956039428711,2.2862179279327393,2.3776659965515137,0.0,269030442
2013-11-29,1.3889007568359375,2.3410871028900146,0.0,2.3410871028900146,2.2862179279327393,2.30450701713562,0.0,135106208
2013-12-02,1.3454972505569458,2.267927885055542,0.0,2.3227970600128174,2.249638080596924,2.3227970600128174,0.0,339179700
2013-12-03,1.3563482761383057,2.2862179279327393,0.0,2.3227970600128174,2.267927885055542,2.2862179279327393,0.0,285421486
2013-12-04,1.3454972505569458,2.267927885055542,0.0,2.3227970600128174,2.249638080596924,2.30450701713562,0.0,135563404
2013-12-06,1.280392050743103,2.158189058303833,0.0,2.267927885055542,2.158189058303833,2.249638080596924,0.0,292813169
2013-12-09,1.2586910724639893,2.121609926223755,0.0,2.2130589485168457,2.121609926223755,2.1947689056396484,0.0,261302504
2013-12-11,1.2695419788360596,2.139899969100952,0.0,2.1764791011810303,2.121609926223755,2.139899969100952,0.0,96061375
2013-12-12,1.2695419788360596,2.139899969100952,0.0,2.1764791011810303,2.121609926223755,2.158189058303833,0.0,96190628
2013-12-13,1.247840166091919,2.1033198833465576,0.0,2.158189058303833,2.0850300788879395,2.139899969100952,0.0,123293030
2013-12-16,1.226138710975647,2.0667409896850586,0.0,2.121609926223755,2.0484509468078613,2.1033198833465576,0.0,132268661
2013-12-17,1.2586910724639893,2.121609926223755,0.0,2.139899969100952,2.0850300788879395,2.1033198833465576,0.0,127673080
2013-12-18,1.2369893789291382,2.0850300788879395,0.0,2.158189058303833,2.0667409896850586,2.139899969100952,0.0,191532912
2013-12-19,1.247840166091919,2.1033198833465576,0.0,2.121609926223755,2.0850300788879395,2.1033198833465576,0.0,143617644
2013-12-20,1.247840166091919,2.1033198833465576,0.0,2.1033198833465576,2.0484509468078613,2.1033198833465576,0.0,139887904
2013-12-23,1.247840166091919,2.1033198833465576,0.0,2.1033198833465576,2.0484509468078613,2.1033198833465576,0.0,104628909
2013-12-24,1.2369893789291382,2.0850300788879395,0.0,2.1033198833465576,2.0667409896850586,2.0667409896850586,0.0,104963413
2013-12-25,1.2369893789291382,2.0850300788879395,0.0,2.1033198833465576,2.0667409896850586,2.1033198833465576,0.0,74955667
2013-12-26,1.1827356815338135,1.993582010269165,0.0,2.1033198833465576,1.9752919673919678,2.1033198833465576,0.0,219201861
2013-12-27,1.1176306009292603,1.883842945098877,0.0,2.030160903930664,1.883842945098877,2.011871099472046,0.0,244268696
2014-01-02,1.0525263547897339,1.7741049528121948,0.0,1.883842945098877,1.7741049528121948,1.883842945098877,0.0,258678302
2014-01-03,1.041675329208374,1.755815029144287,0.0,1.7923940420150757,1.7192349433898926,1.755815029144287,0.0,287311397
2014-01-06,1.068801999092102,1.8015389442443848,0.0,1.8289740085601807,1.7375249862670898,1.755815029144287,0.0,189481489
2014-01-07,1.079653024673462,1.819828987121582,0.0,1.8289740085601807,1.7923940420150757,1.8015389442443848,0.0,257526618
2014-01-08,1.0959293842315674,1.847264051437378,0.0,1.9021329879760742,1.8289740085601807,1.8289740085601807,0.0,245327978
2014-01-09,1.085078477859497,1.8289740085601807,0.0,1.883842945098877,1.8289740085601807,1.8655530214309692,0.0,128572491
2014-01-10,1.079653024673462,1.819828987121582,0.0,1.847264051437378,1.8015389442443848,1.819828987121582,0.0,86545660
2014-01-13,1.0959293842315674,1.847264051437378,0.0,1.847264051437378,1.8015389442443848,1.8015389442443848,0.0,223318923
2014-01-14,1.1176306009292603,1.883842945098877,0.0,1.9204230308532715,1.8289740085601807,1.847264051437378,0.0,248443385
2014-01-15,1.0959293842315674,1.847264051437378,0.0,1.9021329879760742,1.8289740085601807,1.883842945098877,0.0,108928258
2014-01-16,1.150182843208313,1.9387120008468628,0.0,1.95700204372406,1.847264051437378,1.8655530214309692,0.0,399463430
2014-01-17,1.1610337495803833,1.95700204372406,0.0,1.9752919673919678,1.9021329879760742,1.95700204372406,0.0,242618263
2014-01-20,1.1610337495803833,1.95700204372406,0.0,1.9752919673919678,1.9204230308532715,1.9387120008468628,0.0,137608594
2014-01-21,1.1935861110687256,2.011871099472046,0.0,2.0484509468078613,1.95700204372406,1.9752919673919678,0.0,296101679
2014-01-22,1.247840166091919,2.1033198833465576,0.0,2.1033198833465576,1.9752919673919678,1.993582010269165,0.0,363839203
2014-01-23,1.2369893789291382,2.0850300788879395,0.0,2.121609926223755,2.0484509468078613,2.0850300788879395,0.0,228183616
2014-01-24,1.247840166091919,2.1033198833465576,0.0,2.139899969100952,2.0850300788879395,2.1033198833465576,0.0,210603491
2014-01-27,1.2044368982315063,2.030160903930664,0.0,2.0667409896850586,2.011871099472046,2.0484509468078613,0.0,188752119
2014-01-28,1.1935861110687256,2.011871099472046,0.0,2.0484509468078613,1.993582010269165,2.030160903930664,0.0,103263444
2014-01-29,1.2044368982315063,2.030160903930664,0.0,2.0667409896850586,1.9752919673919678,2.011871099472046,0.0,100122886
2014-01-30,1.1935861110687256,2.011871099472046,0.0,2.0484509468078613,1.993582010269165,1.993582010269165,0.0,79381426
2014-01-31,1.2369893789291382,2.0850300788879395,0.0,2.121609926223755,2.030160903930664,2.030160903930664,0.0,166605937
2014-02-03,1.247840166091919,2.1033198833465576,0.0,2.139899969100952,2.1033198833465576,2.121609926223755,0.0,105490266
2014-02-04,1.226138710975647,2.0667409896850586,0.0,2.0850300788879395,2.0484509468078613,2.0850300788879395,0.0,76948916
2014-02-05,1.2369893789291382,2.0850300788879395,0.0,2.1033198833465576,2.0484509468078613,2.1033198833465576,0.0,62003163
2014-02-06,1.2695419788360596,2.139899969100952,0.0,2.139899969100952,2.0850300788879395,2.1033198833465576,0.0,99346823
2014-02-07,1.280392050743103,2.158189058303833,0.0,2.1947689056396484,2.121609926223755,2.158189058303833,0.0,198500970
2014-02-10,1.2586910724639893,2.121609926223755,0.0,2.1764791011810303,2.121609926223755,2.158189058303833,0.0,57737384
2014-02-11,1.2695419788360596,2.139899969100952,0.0,2.1764791011810303,2.1033198833465576,2.121609926223755,0.0,131799546
2014-02-12,1.291243314743042,2.1764791011810303,0.0,2.1764791011810303,2.121609926223755,2.158189058303833,0.0,91498818
2014-02-13,1.3454972505569458,2.267927885055542,0.0,2.267927885055542,2.139899969100952,2.158189058303833,0.0,290644522
2014-02-17,1.3889007568359375,2.3410871028900146,0.0,2.3410871028900146,2.2313480377197266,2.267927885055542,0.0,268849685
2014-02-18,1.3671987056732178,2.30450701713562,0.0,2.3227970600128174,2.249638080596924,2.30450701713562,0.0,190650669
2014-02-19,1.3237953186035156,2.2313480377197266,0.0,2.3227970600128174,2.2130589485168457,2.3227970600128174,0.0,174423542
2014-02-20,1.312945008277893,2.2130589485168457,0.0,2.249638080596924,2.1764791011810303,2.2313480377197266,0.0,137560370
2014-02-21,1.3237953186035156,2.2313480377197266,0.0,2.249638080596924,2.1764791011810303,2.2130589485168457,0.0,81071773
2014-02-24,1.3020943403244019,2.1947689056396484,0.0,2.2313480377197266,2.1764791011810303,2.1947689056396484,0.0,104790967
2014-02-25,1.291243314743042,2.1764791011810303,0.0,2.2313480377197266,2.158189058303833,2.2130589485168457,0.0,88630654
2014-02-26,1.3020943403244019,2.1947689056396484,0.0,2.2130589485168457,2.158189058303833,2.1947689056396484,0.0,68976798
2014-02-27,1.3346465826034546,2.249638080596924,0.0,2.267927885055542,2.1947689056396484,2.2130589485168457,0.0,78725649
2014-02-28,1.3454972505569458,2.267927885055542,0.0,2.267927885055542,2.2130589485168457,2.249638080596924,0.0,72286084
2014-03-03,1.3346465826034546,2.249638080596924,0.0,2.30450701713562,2.249638080596924,2.2862179279327393,0.0,112485880
2014-03-04,1.3454972505569458,2.267927885055542,0.0,2.2862179279327393,2.249638080596924,2.267927885055542,0.0,84057599
2014-03-05,1.3671987056732178,2.30450701713562,0.0,2.30450701713562,2.249638080596924,2.267927885055542,0.0,134864542
2014-03-06,1.3889007568359375,2.3410871028900146,0.0,2.359376907348633,2.2862179279327393,2.30450701713562,0.0,172700172
2014-03-07,1.378049612045288,2.3227970600128174,0.0,2.359376907348633,2.30450701713562,2.359376907348633,0.0,72982540
2014-03-10,1.3563482761383057,2.2862179279327393,0.0,2.3410871028900146,2.267927885055542,2.3227970600128174,0.0,96918468
2014-03-11,1.378049612045288,2.3227970600128174,0.0,2.3227970600128174,2.2862179279327393,2.30450701713562,0.0,81407042
2014-03-12,1.3671987056732178,2.30450701713562,0.0,2.3227970600128174,2.2862179279327393,2.30450701713562,0.0,56969413
2014-03-13,1.378049612045288,2.3227970600128174,0.0,2.3410871028900146,2.30450701713562,2.3227970600128174,0.0,98531393
2014-03-14,1.378049612045288,2.3227970600128174,0.0,2.3410871028900146,2.2862179279327393,2.3227970600128174,0.0,87654041
2014-03-17,1.3454972505569458,2.267927885055542,0.0,2.3227970600128174,2.267927885055542,2.3227970600128174,0.0,120443892
2014-03-18,1.312945008277893,2.2130589485168457,0.0,2.2862179279327393,2.2130589485168457,2.2862179279327393,0.0,183735756
2014-03-19,1.291243314743042,2.1764791011810303,0.0,2.249638080596924,2.1764791011810303,2.2313480377197266,0.0,212989090
2014-03-20,1.312945008277893,2.2130589485168457,0.0,2.2313480377197266,2.121609926223755,2.158189058303833,0.0,149446485
2014-03-21,1.3237953186035156,2.2313480377197266,0.0,2.2313480377197266,2.1764791011810303,2.2313480377197266,0.0,90686997
2014-03-24,1.280392050743103,2.158189058303833,0.0,2.2313480377197266,2.158189058303833,2.2130589485168457,0.0,66211641
2014-03-25,1.3020943403244019,2.1947689056396484,0.0,2.1947689056396484,2.139899969100952,2.1764791011810303,0.0,32482684
2014-03-26,1.3020943403244019,2.1947689056396484,0.0,2.2313480377197266,2.1947689056396484,2.2130589485168457,0.0,51390439
2014-03-27,1.291243314743042,2.1764791011810303,0.0,2.2130589485168457,2.1764791011810303,2.1947689056396484,0.0,26988348
2014-03-28,1.312945008277893,2.2130589485168457,0.0,2.2313480377197266,2.1764791011810303,2.1764791011810303,0.0,65258430
2014-03-31,1.3346465826034546,2.249638080596924,0.0,2.249638080596924,2.2130589485168457,2.2313480377197266,0.0,50537939
2014-04-01,1.3346465826034546,2.249638080596924,0.0,2.249638080596924,2.2313480377197266,2.249638080596924,0.0,55354628
2014-04-02,1.3671987056732178,2.30450701713562,0.0,2.3227970600128174,2.249638080596924,2.267927885055542,0.0,209116756
2014-04-03,1.3671987056732178,2.30450701713562,0.0,2.3410871028900146,2.2862179279327393,2.30450701713562,0.0,219974535
2014-04-04,1.3563482761383057,2.2862179279327393,0.0,2.3227970600128174,2.267927885055542,2.30450701713562,0.0,55257962
2014-04-08,1.3237953186035156,2.2313480377197266,0.0,2.3227970600128174,2.2313480377197266,2.3227970600128174,0.0,95622113
2014-04-09,1.3237953186035156,2.2313480377197266,0.0,2.267927885055542,2.2313480377197266,2.249638080596924,0.0,52521784
2014-04-10,1.3454972505569458,2.267927885055542,0.0,2.2862179279327393,2.2313480377197266,2.2313480377197266,0.0,72448251
2014-04-11,1.3454972505569458,2.267927885055542,0.0,2.267927885055542,2.2313480377197266,2.267927885055542,0.0,29782264
2014-04-16,1.3454972505569458,2.267927885055542,0.0,2.2862179279327393,2.249638080596924,2.267927885055542,0.0,58616675
2014-04-17,1.3237953186035156,2.2313480377197266,0.0,2.30450701713562,2.2130589485168457,2.267927885055542,0.0,275935951
2014-04-18,1.280392050743103,2.158189058303833,0.0,2.249638080596924,2.158189058303833,2.2313480377197266,0.0,253628040
2014-04-21,1.2803921699523926,2.121609926223755,0.036579,2.139899969100952,2.1033198833465576,2.139899969100952,0.0,159193586
2014-04-22,1.3135058879852295,2.1764791011810303,0.0,2.1764791011810303,2.121609926223755,2.121609926223755,0.0,87336923
2014-04-23,1.2914303541183472,2.139899969100952,0.0,2.1947689056396484,2.121609926223755,2.1764791011810303,0.0,113884916
2014-04-24,1.2914303541183472,2.139899969100952,0.0,2.158189058303833,2.121609926223755,2.139899969100952,0.0,47975411
2014-04-25,1.2803921699523926,2.121609926223755,0.0,2.158189058303833,2.121609926223755,2.139899969100952,0.0,66099338
2014-04-28,1.2693544626235962,2.1033198833465576,0.0,2.139899969100952,2.1033198833465576,2.121609926223755,0.0,16471744
2014-04-29,1.2693544626235962,2.1033198833465576,0.0,2.121609926223755,2.0850300788879395,2.1033198833465576,0.0,43054401
2014-04-30,1.2693544626235962,2.1033198833465576,0.0,2.121609926223755,2.1033198833465576,2.1033198833465576,0.0,41954659
2014-05-02,1.2693544626235962,2.1033198833465576,0.0,2.121609926223755,2.0850300788879395,2.121609926223755,0.0,36879247
2014-05-06,1.2583163976669312,2.0850300788879395,0.0,2.121609926223755,2.0850300788879395,2.121609926223755,0.0,46786548
2014-05-07,1.2472786903381348,2.0667409896850586,0.0,2.0850300788879395,2.0484509468078613,2.0484509468078613,0.0,119815343
2014-05-08,1.2472786903381348,2.0667409896850586,0.0,2.0850300788879395,2.0484509468078613,2.0850300788879395,0.0,73947999
2014-05-09,1.2252026796340942,2.030160903930664,0.0,2.0667409896850586,2.030160903930664,2.0484509468078613,0.0,63939548
2014-05-12,1.2362407445907593,2.0484509468078613,0.0,2.0850300788879395,2.030160903930664,2.0484509468078613,0.0,59820409
2014-05-14,1.2583163976669312,2.0850300788879395,0.0,2.1033198833465576,2.030160903930664,2.0484509468078613,0.0,92585876
2014-05-15,1.2583163976669312,2.0850300788879395,0.0,2.1033198833465576,2.0667409896850586,2.0850300788879395,0.0,77891520
2014-05-16,1.2472786903381348,2.0667409896850586,0.0,2.1033198833465576,2.0484509468078613,2.0850300788879395,0.0,103209534
2014-05-19,1.2583163976669312,2.0850300788879395,0.0,2.0850300788879395,2.0667409896850586,2.0667409896850586,0.0,16378249
2014-05-20,1.2362407445907593,2.0484509468078613,0.0,2.0850300788879395,2.030160903930664,2.0484509468078613,0.0,84670292
2014-05-21,1.2362407445907593,2.0484509468078613,0.0,2.0850300788879395,2.030160903930664,2.0484509468078613,0.0,73341429
2014-05-22,1.2362407445907593,2.0484509468078613,0.0,2.0850300788879395,2.0484509468078613,2.0484509468078613,0.0,62014098
2014-05-23,1.2252026796340942,2.030160903930664,0.0,2.0484509468078613,1.993582010269165,2.011871099472046,0.0,174100082
2014-05-26,1.2141647338867188,2.011871099472046,0.0,2.0484509468078613,1.993582010269165,2.030160903930664,0.0,75445013
2014-05-27,1.2362407445907593,2.0484509468078613,0.0,2.0667409896850586,1.993582010269165,2.030160903930664,0.0,223749218
2014-05-28,1.2362407445907593,2.0484509468078613,0.0,2.0850300788879395,2.0484509468078613,2.0667409896850586,0.0,176745499
2014-05-29,1.2472786903381348,2.0667409896850586,0.0,2.0667409896850586,2.030160903930664,2.0667409896850586,0.0,50642042
2014-05-30,1.2693544626235962,2.1033198833465576,0.0,2.1033198833465576,2.0484509468078613,2.0667409896850586,0.0,114651794
2014-06-02,1.3135058879852295,2.1764791011810303,0.0,2.1947689056396484,2.0850300788879395,2.1033198833465576,0.0,331755212
2014-06-03,1.3245437145233154,2.1947689056396484,0.0,2.2313480377197266,2.1764791011810303,2.1947689056396484,0.0,246797873
2014-06-04,1.3135058879852295,2.1764791011810303,0.0,2.2313480377197266,2.1764791011810303,2.1947689056396484,0.0,185710742
2014-06-05,1.3245437145233154,2.1947689056396484,0.0,2.2130589485168457,2.1764791011810303,2.1947689056396484,0.0,74797109
2014-06-06,1.3245437145233154,2.1947689056396484,0.0,2.2313480377197266,2.1947689056396484,2.2130589485168457,0.0,152037882
2014-06-09,1.3245437145233154,2.1947689056396484,0.0,2.2130589485168457,2.1764791011810303,2.2130589485168457,0.0,64597403
2014-06-10,1.3576573133468628,2.249638080596924,0.0,2.267927885055542,2.1764791011810303,2.1947689056396484,0.0,383789837
2014-06-11,1.335581660270691,2.2130589485168457,0.0,2.267927885055542,2.2130589485168457,2.249638080596924,0.0,168203882
2014-06-12,1.335581660270691,2.2130589485168457,0.0,2.267927885055542,2.2130589485168457,2.2130589485168457,0.0,142784281
2014-06-13,1.335581660270691,2.2130589485168457,0.0,2.2313480377197266,2.1947689056396484,2.2130589485168457,0.0,75581264
2014-06-16,1.3245437145233154,2.1947689056396484,0.0,2.2130589485168457,2.1764791011810303,2.2130589485168457,0.0,84066019
2014-06-17,1.3135058879852295,2.1764791011810303,0.0,2.2313480377197266,2.1764791011810303,2.1947689056396484,0.0,101538106
2014-06-18,1.2914303541183472,2.139899969100952,0.0,2.1947689056396484,2.139899969100952,2.1764791011810303,0.0,103227249
2014-06-19,1.3135058879852295,2.1764791011810303,0.0,2.1764791011810303,2.121609926223755,2.158189058303833,0.0,108300147
2014-06-20,1.3245437145233154,2.1947689056396484,0.0,2.1947689056396484,2.158189058303833,2.1764791011810303,0.0,59662397
2014-06-23,1.3135058879852295,2.1764791011810303,0.0,2.2130589485168457,2.1764791011810303,2.1947689056396484,0.0,33808236
2014-06-24,1.3135058879852295,2.1764791011810303,0.0,2.2130589485168457,2.139899969100952,2.1947689056396484,0.0,109861131
2014-06-25,1.3466191291809082,2.2313480377197266,0.0,2.249638080596924,2.158189058303833,2.1947689056396484,0.0,200441949
2014-06-26,1.3466191291809082,2.2313480377197266,0.0,2.249638080596924,2.2130589485168457,2.2313480377197266,0.0,148967746
2014-06-27,1.335581660270691,2.2130589485168457,0.0,2.2313480377197266,2.1947689056396484,2.2313480377197266,0.0,76868105
2014-06-30,1.335581660270691,2.2130589485168457,0.0,2.249638080596924,2.1947689056396484,2.2313480377197266,0.0,79606471
2014-07-02,1.3686952590942383,2.267927885055542,0.0,2.2862179279327393,2.2130589485168457,2.2313480377197266,0.0,377085096
2014-07-03,1.3686952590942383,2.267927885055542,0.0,2.2862179279327393,2.2313480377197266,2.249638080596924,0.0,195144335
2014-07-04,1.3686952590942383,2.267927885055542,0.0,2.30450701713562,2.249638080596924,2.2862179279327393,0.0,250353527
2014-07-07,1.3797335624694824,2.2862179279327393,0.0,2.2862179279327393,2.249638080596924,2.2862179279327393,0.0,85481566
2014-07-08,1.3686952590942383,2.267927885055542,0.0,2.3227970600128174,2.267927885055542,2.2862179279327393,0.0,286343751
2014-07-09,1.3797335624694824,2.2862179279327393,0.0,2.2862179279327393,2.267927885055542,2.267927885055542,0.0,53915023
2014-07-10,1.3797335624694824,2.2862179279327393,0.0,2.30450701713562,2.249638080596924,2.2862179279327393,0.0,119187013
2014-07-14,1.4018086194992065,2.3227970600128174,0.0,2.3410871028900146,2.267927885055542,2.2862179279327393,0.0,378187900
2014-07-15,1.4238847494125366,2.359376907348633,0.0,2.414246082305908,2.3227970600128174,2.3410871028900146,0.0,773278279
2014-07-16,1.4901118278503418,2.4691150188446045,0.0,2.4691150188446045,2.3410871028900146,2.3776659965515137,0.0,834653112
2014-07-17,1.6004903316497803,2.6520121097564697,0.0,2.6520121097564697,2.4874050617218018,2.523983955383301,0.0,1259253143
2014-07-18,1.6004903316497803,2.6520121097564697,0.0,2.688591957092285,2.578852891921997,2.6520121097564697,0.0,1030927261
2014-07-21,1.578415036201477,2.6154329776763916,0.0,2.670301914215088,2.6154329776763916,2.670301914215088,0.0,286044130
2014-07-22,1.5563385486602783,2.578852891921997,0.0,2.6520121097564697,2.542273998260498,2.633723020553589,0.0,521024451
2014-07-23,1.589452862739563,2.633723020553589,0.0,2.633723020553589,2.578852891921997,2.578852891921997,0.0,251506523
2014-07-24,1.578415036201477,2.6154329776763916,0.0,2.6520121097564697,2.5971429347991943,2.633723020553589,0.0,145062826
2014-07-25,1.567376732826233,2.5971429347991943,0.0,2.633723020553589,2.578852891921997,2.6154329776763916,0.0,179103324
2014-07-28,1.6225662231445312,2.688591957092285,0.0,2.688591957092285,2.5605640411376953,2.5971429347991943,0.0,479114954
2014-07-29,1.578415036201477,2.6154329776763916,0.0,2.7251710891723633,2.5971429347991943,2.7068819999694824,0.0,422538548
2014-07-30,1.578415036201477,2.6154329776763916,0.0,2.6520121097564697,2.5605640411376953,2.6154329776763916,0.0,372076606
2014-07-31,1.567376732826233,2.5971429347991943,0.0,2.6154329776763916,2.578852891921997,2.6154329776763916,0.0,164743910
2014-08-01,1.512187123298645,2.5056939125061035,0.0,2.578852891921997,2.4691150188446045,2.5605640411376953,0.0,392649229
2014-08-04,1.578415036201477,2.6154329776763916,0.0,2.6154329776763916,2.5056939125061035,2.523983955383301,0.0,375202949
2014-08-05,1.6004903316497803,2.6520121097564697,0.0,2.6520121097564697,2.5971429347991943,2.6154329776763916,0.0,353748958
2014-08-06,1.567376732826233,2.5971429347991943,0.0,2.6520121097564697,2.5971429347991943,2.6154329776763916,0.0,173038395
2014-08-07,1.567376732826233,2.5971429347991943,0.0,2.6154329776763916,2.5605640411376953,2.5971429347991943,0.0,180782297
2014-08-08,1.567376732826233,2.5971429347991943,0.0,2.5971429347991943,2.542273998260498,2.5605640411376953,0.0,149769507
2014-08-13,1.6115281581878662,2.670301914215088,0.0,2.7068819999694824,2.5971429347991943,2.6154329776763916,0.0,530951545
2014-08-14,1.6115281581878662,2.670301914215088,0.0,2.7068819999694824,2.6154329776763916,2.688591957092285,0.0,590136517
2014-08-15,1.6225662231445312,2.688591957092285,0.0,2.7251710891723633,2.633723020553589,2.670301914215088,0.0,392620360
2014-08-18,1.6004903316497803,2.6520121097564697,0.0,2.7068819999694824,2.633723020553589,2.688591957092285,0.0,219512964
2014-08-19,1.6004903316497803,2.6520121097564697,0.0,2.688591957092285,2.6520121097564697,2.670301914215088,0.0,224167048
2014-08-20,1.6115281581878662,2.670301914215088,0.0,2.688591957092285,2.6520121097564697,2.670301914215088,0.0,256318290
2014-08-21,1.666717529296875,2.7617509365081787,0.0,2.780040979385376,2.670301914215088,2.688591957092285,0.0,1265720155
2014-08-22,1.6777558326721191,2.780040979385376,0.0,2.8349099159240723,2.780040979385376,2.798330068588257,0.0,791577277
2014-08-25,1.6777558326721191,2.780040979385376,0.0,2.816620111465454,2.7617509365081787,2.780040979385376,0.0,346310910
2014-08-26,1.666717529296875,2.7617509365081787,0.0,2.780040979385376,2.7434608936309814,2.780040979385376,0.0,194469640
2014-08-27,1.666717529296875,2.7617509365081787,0.0,2.798330068588257,2.7434608936309814,2.780040979385376,0.0,275282361
2014-08-28,1.666717529296875,2.7617509365081787,0.0,2.798330068588257,2.7251710891723633,2.780040979385376,0.0,230399612
2014-08-29,1.6777558326721191,2.780040979385376,0.0,2.798330068588257,2.7434608936309814,2.7434608936309814,0.0,213150054
2014-09-01,1.6777558326721191,2.780040979385376,0.0,2.816620111465454,2.780040979385376,2.798330068588257,0.0,268593476
2014-09-02,1.721907138824463,2.8531999588012695,0.0,2.8714890480041504,2.816620111465454,2.816620111465454,0.0,684678134
2014-09-03,1.7329444885253906,2.8714890480041504,0.0,2.8897790908813477,2.8531999588012695,2.8714890480041504,0.0,359840459
2014-09-04,1.6887935400009155,2.798330068588257,0.0,2.8714890480041504,2.798330068588257,2.8714890480041504,0.0,283895494
2014-09-05,1.7108689546585083,2.8349099159240723,0.0,2.8349099159240723,2.798330068588257,2.816620111465454,0.0,116522788
2014-09-08,1.6887935400009155,2.798330068588257,0.0,2.8531999588012695,2.798330068588257,2.8349099159240723,0.0,52869191
2014-09-09,1.6887935400009155,2.798330068588257,0.0,2.816620111465454,2.780040979385376,2.798330068588257,0.0,91885921
2014-09-10,1.6777558326721191,2.780040979385376,0.0,2.798330068588257,2.688591957092285,2.780040979385376,0.0,337097331
2014-09-11,1.6777558326721191,2.780040979385376,0.0,2.8349099159240723,2.7617509365081787,2.780040979385376,0.0,166525892
2014-09-12,1.6777558326721191,2.780040979385376,0.0,2.816620111465454,2.7434608936309814,2.816620111465454,0.0,197719986
2014-09-15,1.666717529296875,2.7617509365081787,0.0,2.798330068588257,2.7434608936309814,2.780040979385376,0.0,137915542
2014-09-16,1.65567946434021,2.7434608936309814,0.0,2.798330068588257,2.7434608936309814,2.798330068588257,0.0,158481275
2014-09-17,1.65567946434021,2.7434608936309814,0.0,2.7617509365081787,2.7251710891723633,2.7434608936309814,0.0,155948380
2014-09-18,1.6777558326721191,2.780040979385376,0.0,2.816620111465454,2.7434608936309814,2.7617509365081787,0.0,197712332
2014-09-19,1.6777558326721191,2.780040979385376,0.0,2.8349099159240723,2.780040979385376,2.816620111465454,0.0,267210296
2014-09-22,1.666717529296875,2.7617509365081787,0.0,2.798330068588257,2.7617509365081787,2.798330068588257,0.0,195194855
2014-09-23,1.6777558326721191,2.780040979385376,0.0,2.798330068588257,2.7434608936309814,2.7617509365081787,0.0,166275369
2014-09-24,1.666717529296875,2.7617509365081787,0.0,2.780040979385376,2.7434608936309814,2.7617509365081787,0.0,157196074
2014-09-25,1.721907138824463,2.8531999588012695,0.0,2.8714890480041504,2.7617509365081787,2.780040979385376,0.0,709705383
2014-09-26,1.721907138824463,2.8531999588012695,0.0,2.8531999588012695,2.816620111465454,2.8349099159240723,0.0,211967971
2014-09-29,1.6887935400009155,2.798330068588257,0.0,2.8531999588012695,2.780040979385376,2.8531999588012695,0.0,188059381
2014-09-30,1.699831247329712,2.816620111465454,0.0,2.816620111465454,2.780040979385376,2.780040979385376,0.0,92876968
2014-10-01,1.6887935400009155,2.798330068588257,0.0,2.816620111465454,2.780040979385376,2.816620111465454,0.0,117453145
2014-10-02,1.6336039304733276,2.7068819999694824,0.0,2.780040979385376,2.7068819999694824,2.7617509365081787,0.0,308115078
2014-10-03,1.6446418762207031,2.7251710891723633,0.0,2.7434608936309814,2.688591957092285,2.7251710891723633,0.0,223374582
2014-10-06,1.5563385486602783,2.578852891921997,0.0,2.7434608936309814,2.578852891921997,2.7434608936309814,0.0,416151471
2014-10-07,1.6004903316497803,2.6520121097564697,0.0,2.670301914215088,2.5971429347991943,2.5971429347991943,0.0,255879793
2014-10-08,1.6115281581878662,2.670301914215088,0.0,2.670301914215088,2.6154329776763916,2.6154329776763916,0.0,159873530
2014-10-09,1.6336039304733276,2.7068819999694824,0.0,2.7251710891723633,2.688591957092285,2.688591957092285,0.0,128236675
2014-10-10,1.6225662231445312,2.688591957092285,0.0,2.7068819999694824,2.670301914215088,2.670301914215088,0.0,70752219
2014-10-13,1.6446418762207031,2.7251710891723633,0.0,2.7434608936309814,2.670301914215088,2.688591957092285,0.0,152933685
2014-10-14,1.666717529296875,2.7617509365081787,0.0,2.780040979385376,2.7251710891723633,2.7251710891723633,0.0,301105795
2014-10-15,1.666717529296875,2.7617509365081787,0.0,2.816620111465454,2.7434608936309814,2.780040979385376,0.0,280158646
2014-10-16,1.65567946434021,2.7434608936309814,0.0,2.780040979385376,2.7251710891723633,2.7617509365081787,0.0,122327243
2014-10-17,1.65567946434021,2.7434608936309814,0.0,2.7617509365081787,2.7068819999694824,2.7617509365081787,0.0,192678800
2014-10-20,1.666717529296875,2.7617509365081787,0.0,2.780040979385376,2.7434608936309814,2.7617509365081787,0.0,216751745
2014-10-21,1.666717529296875,2.7617509365081787,0.0,2.798330068588257,2.7434608936309814,2.780040979385376,0.0,300189325
2014-10-22,1.666717529296875,2.7617509365081787,0.0,2.798330068588257,2.7434608936309814,2.780040979385376,0.0,96809773
2014-10-24,1.6887935400009155,2.798330068588257,0.0,2.798330068588257,2.7617509365081787,2.7617509365081787,0.0,103279519
2014-10-27,1.6887935400009155,2.798330068588257,0.0,2.798330068588257,2.7617509365081787,2.798330068588257,0.0,112354659
2014-10-28,1.6887935400009155,2.798330068588257,0.0,2.816620111465454,2.780040979385376,2.780040979385376,0.0,111560444
2014-10-29,1.6777558326721191,2.780040979385376,0.0,2.816620111465454,2.7617509365081787,2.816620111465454,0.0,16665733
2014-10-30,1.6887935400009155,2.798330068588257,0.0,2.816620111465454,2.780040979385376,2.798330068588257,0.0,1536708
2014-10-31,1.699831247329712,2.816620111465454,0.0,2.816620111465454,2.780040979385376,2.798330068588257,0.0,111263228
2014-11-03,1.7108689546585083,2.8349099159240723,0.0,2.8349099159240723,2.798330068588257,2.816620111465454,0.0,98744956
2014-11-04,1.6887935400009155,2.798330068588257,0.0,2.8531999588012695,2.7617509365081787,2.8349099159240723,0.0,197977180
2014-11-05,1.6887935400009155,2.798330068588257,0.0,2.8349099159240723,2.780040979385376,2.798330068588257,0.0,141460807
2014-11-06,1.6887935400009155,2.798330068588257,0.0,2.816620111465454,2.780040979385376,2.816620111465454,0.0,67853655
2014-11-07,1.6887935400009155,2.798330068588257,0.0,2.816620111465454,2.780040979385376,2.798330068588257,0.0,35129523
2014-11-10,1.666717529296875,2.7617509365081787,0.0,2.816620111465454,2.7617509365081787,2.816620111465454,0.0,123391774
2014-11-11,1.6777558326721191,2.780040979385376,0.0,2.798330068588257,2.7617509365081787,2.7617509365081787,0.0,117822970
2014-11-12,1.6777558326721191,2.780040979385376,0.0,2.816620111465454,2.7617509365081787,2.780040979385376,0.0,64007893
2014-11-13,1.6777558326721191,2.780040979385376,0.0,2.798330068588257,2.7617509365081787,2.780040979385376,0.0,40883239
2014-11-14,1.7108689546585083,2.8349099159240723,0.0,2.8349099159240723,2.780040979385376,2.798330068588257,0.0,125102569
2014-11-17,1.6887935400009155,2.798330068588257,0.0,2.8349099159240723,2.798330068588257,2.816620111465454,0.0,89490152
2014-11-18,1.6887935400009155,2.798330068588257,0.0,2.8349099159240723,2.798330068588257,2.798330068588257,0.0,72411291
2014-11-19,1.6887935400009155,2.798330068588257,0.0,2.816620111465454,2.798330068588257,2.816620111465454,0.0,53662423
2014-11-20,1.721907138824463,2.8531999588012695,0.0,2.8714890480041504,2.798330068588257,2.798330068588257,0.0,464338804
2014-11-21,1.7660585641860962,2.926358938217163,0.0,2.926358938217163,2.816620111465454,2.8349099159240723,0.0,488523505
2014-11-24,1.7550206184387207,2.908068895339966,0.0,2.944648027420044,2.8897790908813477,2.944648027420044,0.0,147780961
2014-11-25,1.7550206184387207,2.908068895339966,0.0,2.926358938217163,2.8714890480041504,2.926358938217163,0.0,135855589
2014-11-26,1.721907138824463,2.8531999588012695,0.0,2.926358938217163,2.8349099159240723,2.926358938217163,0.0,101618041
2014-11-27,1.7550206184387207,2.908068895339966,0.0,2.926358938217163,2.8531999588012695,2.8531999588012695,0.0,152487096
2014-11-28,1.7329444885253906,2.8714890480041504,0.0,2.908068895339966,2.8531999588012695,2.908068895339966,0.0,157784163
2014-12-01,1.7660585641860962,2.926358938217163,0.0,2.926358938217163,2.8531999588012695,2.8714890480041504,0.0,148410494
2014-12-02,1.7770960330963135,2.944648027420044,0.0,2.962938070297241,2.908068895339966,2.944648027420044,0.0,264411022
2014-12-03,1.7439825534820557,2.8897790908813477,0.0,2.944648027420044,2.8897790908813477,2.944648027420044,0.0,135324909
2014-12-04,1.7439825534820557,2.8897790908813477,0.0,2.908068895339966,2.8714890480041504,2.8897790908813477,0.0,65978505
2014-12-08,1.699831247329712,2.816620111465454,0.0,2.8897790908813477,2.816620111465454,2.8714890480041504,0.0,121937079
2014-12-09,1.699831247329712,2.816620111465454,0.0,2.8531999588012695,2.816620111465454,2.816620111465454,0.0,97280528
2014-12-11,1.65567946434021,2.7434608936309814,0.0,2.798330068588257,2.7251710891723633,2.798330068588257,0.0,294631347
2014-12-12,1.6446418762207031,2.7251710891723633,0.0,2.7617509365081787,2.7251710891723633,2.7434608936309814,0.0,126561856
2014-12-15,1.6004903316497803,2.6520121097564697,0.0,2.7068819999694824,2.542273998260498,2.7068819999694824,0.0,397224033
2014-12-16,1.567376732826233,2.5971429347991943,0.0,2.7068819999694824,2.5605640411376953,2.5971429347991943,0.0,321424504
2014-12-17,1.6336039304733276,2.7068819999694824,0.0,2.7251710891723633,2.6154329776763916,2.6154329776763916,0.0,249526178
2014-12-18,1.6777558326721191,2.780040979385376,0.0,2.780040979385376,2.7434608936309814,2.7434608936309814,0.0,152634063
2014-12-19,1.65567946434021,2.7434608936309814,0.0,2.798330068588257,2.7251710891723633,2.780040979385376,0.0,101666374
2014-12-22,1.65567946434021,2.7434608936309814,0.0,2.780040979385376,2.7434608936309814,2.7617509365081787,0.0,79697341
2014-12-23,1.65567946434021,2.7434608936309814,0.0,2.780040979385376,2.7434608936309814,2.7617509365081787,0.0,56712001
2014-12-24,1.65567946434021,2.7434608936309814,0.0,2.7617509365081787,2.7434608936309814,2.7617509365081787,0.0,15977916
2014-12-25,1.6336039304733276,2.7068819999694824,0.0,2.7251710891723633,2.688591957092285,2.7251710891723633,0.0,48751911
2014-12-26,1.6446418762207031,2.7251710891723633,0.0,2.7251710891723633,2.670301914215088,2.7068819999694824,0.0,46659482
2014-12-29,1.6225662231445312,2.688591957092285,0.0,2.7434608936309814,2.688591957092285,2.7251710891723633,0.0,61751218
2014-12-30,1.6115281581878662,2.670301914215088,0.0,2.7068819999694824,2.670301914215088,2.688591957092285,0.0,48497780
2015-01-05,1.5563385486602783,2.578852891921997,0.0,2.688591957092285,2.542273998260498,2.688591957092285,0.0,228658090
2015-01-06,1.5342628955841064,2.542273998260498,0.0,2.5605640411376953,2.5056939125061035,2.5605640411376953,0.0,341400180
2015-01-07,1.567376732826233,2.5971429347991943,0.0,2.6154329776763916,2.542273998260498,2.542273998260498,0.0,154019321
2015-01-08,1.6115281581878662,2.670301914215088,0.0,2.688591957092285,2.6154329776763916,2.6154329776763916,0.0,363217325
2015-01-09,1.6115281581878662,2.670301914215088,0.0,2.7068819999694824,2.6520121097564697,2.688591957092285,0.0,98035487
2015-01-12,1.65567946434021,2.7434608936309814,0.0,2.7617509365081787,2.670301914215088,2.688591957092285,0.0,165067370
2015-01-13,1.65567946434021,2.7434608936309814,0.0,2.7617509365081787,2.7068819999694824,2.7251710891723633,0.0,102894166
2015-01-14,1.6336039304733276,2.7068819999694824,0.0,2.7617509365081787,2.7068819999694824,2.7434608936309814,0.0,110054463
2015-01-15,1.6446418762207031,2.7251710891723633,0.0,2.7434608936309814,2.7068819999694824,2.7068819999694824,0.0,66165714
2015-01-16,1.6225662231445312,2.688591957092285,0.0,2.7251710891723633,2.688591957092285,2.7068819999694824,0.0,43456047
2015-01-19,1.65567946434021,2.7434608936309814,0.0,2.7434608936309814,2.7068819999694824,2.7251710891723633,0.0,88337484
2015-01-20,1.721907138824463,2.8531999588012695,0.0,2.8714890480041504,2.7617509365081787,2.7617509365081787,0.0,411689517
2015-01-21,1.7329444885253906,2.8714890480041504,0.0,2.8897790908813477,2.816620111465454,2.8531999588012695,0.0,256041742
2015-01-22,1.7329444885253906,2.8714890480041504,0.0,2.8897790908813477,2.8531999588012695,2.8897790908813477,0.0,96011730
2015-01-23,1.7439825534820557,2.8897790908813477,0.0,2.908068895339966,2.8714890480041504,2.8714890480041504,0.0,169067098
2015-01-26,1.7439825534820557,2.8897790908813477,0.0,2.908068895339966,2.8714890480041504,2.8714890480041504,0.0,97699233
2015-01-27,1.7439825534820557,2.8897790908813477,0.0,2.944648027420044,2.8714890480041504,2.8897790908813477,0.0,469741504
2015-01-28,1.7550206184387207,2.908068895339966,0.0,2.926358938217163,2.8714890480041504,2.908068895339966,0.0,110688589
2015-01-29,1.7329444885253906,2.8714890480041504,0.0,2.908068895339966,2.8714890480041504,2.8897790908813477,0.0,91351085
2015-01-30,1.7108689546585083,2.8349099159240723,0.0,2.8897790908813477,2.8349099159240723,2.8714890480041504,0.0,178091828
2015-02-02,1.699831247329712,2.816620111465454,0.0,2.8349099159240723,2.780040979385376,2.8349099159240723,0.0,185199199
2015-02-03,1.721907138824463,2.8531999588012695,0.0,2.8897790908813477,2.816620111465454,2.816620111465454,0.0,142373340
2015-02-04,1.721907138824463,2.8531999588012695,0.0,2.926358938217163,2.8531999588012695,2.8897790908813477,0.0,136485669
2015-02-05,1.7439825534820557,2.8897790908813477,0.0,2.908068895339966,2.8349099159240723,2.8349099159240723,0.0,81411416
2015-02-06,1.7329444885253906,2.8714890480041504,0.0,2.908068895339966,2.8531999588012695,2.8897790908813477,0.0,67769454
2015-02-09,1.7108689546585083,2.8349099159240723,0.0,2.8714890480041504,2.8349099159240723,2.8714890480041504,0.0,52111280
2015-02-10,1.7108689546585083,2.8349099159240723,0.0,2.8531999588012695,2.816620111465454,2.8531999588012695,0.0,58268173
2015-02-11,1.7329444885253906,2.8714890480041504,0.0,2.8714890480041504,2.8349099159240723,2.8531999588012695,0.0,100676858
2015-02-12,1.7439825534820557,2.8897790908813477,0.0,2.8897790908813477,2.8531999588012695,2.8714890480041504,0.0,37932186
2015-02-13,1.7329444885253906,2.8714890480041504,0.0,2.908068895339966,2.8531999588012695,2.908068895339966,0.0,42639743
2015-02-16,1.721907138824463,2.8531999588012695,0.0,2.8897790908813477,2.8531999588012695,2.8714890480041504,0.0,21939180
2015-02-17,1.7108689546585083,2.8349099159240723,0.0,2.8714890480041504,2.816620111465454,2.8531999588012695,0.0,44129430
2015-02-18,1.7108689546585083,2.8349099159240723,0.0,2.8531999588012695,2.816620111465454,2.8349099159240723,0.0,35504596
2015-02-19,1.699831247329712,2.816620111465454,0.0,2.8531999588012695,2.798330068588257,2.8349099159240723,0.0,60900031
2015-02-20,1.721907138824463,2.8531999588012695,0.0,2.8531999588012695,2.816620111465454,2.8349099159240723,0.0,39605365
2015-02-23,1.699831247329712,2.816620111465454,0.0,2.8714890480041504,2.798330068588257,2.8531999588012695,0.0,82790550
2015-02-24,1.699831247329712,2.816620111465454,0.0,2.8531999588012695,2.816620111465454,2.816620111465454,0.0,79810847
2015-02-25,1.6887935400009155,2.798330068588257,0.0,2.8349099159240723,2.798330068588257,2.8349099159240723,0.0,85120927
2015-02-26,1.6777558326721191,2.780040979385376,0.0,2.798330068588257,2.7251710891723633,2.780040979385376,0.0,181492203
2015-02-27,1.666717529296875,2.7617509365081787,0.0,2.798330068588257,2.7617509365081787,2.7617509365081787,0.0,45124633
2015-03-02,1.65567946434021,2.7434608936309814,0.0,2.798330068588257,2.7434608936309814,2.7617509365081787,0.0,113500110
2015-03-03,1.666717529296875,2.7617509365081787,0.0,2.780040979385376,2.7434608936309814,2.7434608936309814,0.0,75116741
2015-03-05,1.6887935400009155,2.798330068588257,0.0,2.798330068588257,2.7434608936309814,2.7617509365081787,0.0,111864767
2015-03-06,1.699831247329712,2.816620111465454,0.0,2.816620111465454,2.780040979385376,2.816620111465454,0.0,53431692
2015-03-09,1.666717529296875,2.7617509365081787,0.0,2.816620111465454,2.7434608936309814,2.798330068588257,0.0,116942695
2015-03-10,1.65567946434021,2.7434608936309814,0.0,2.780040979385376,2.7251710891723633,2.7617509365081787,0.0,139405994
2015-03-11,1.6446418762207031,2.7251710891723633,0.0,2.7617509365081787,2.688591957092285,2.7251710891723633,0.0,183444773
2015-03-12,1.65567946434021,2.7434608936309814,0.0,2.7434608936309814,2.7068819999694824,2.7251710891723633,0.0,102473384
2015-03-13,1.6446418762207031,2.7251710891723633,0.0,2.7617509365081787,2.7251710891723633,2.7434608936309814,0.0,52225005
2015-03-16,1.6446418762207031,2.7251710891723633,0.0,2.7251710891723633,2.670301914215088,2.7068819999694824,0.0,82865346
2015-03-17,1.65567946434021,2.7434608936309814,0.0,2.7617509365081787,2.7068819999694824,2.7434608936309814,0.0,163836735
2015-03-18,1.666717529296875,2.7617509365081787,0.0,2.798330068588257,2.7251710891723633,2.7434608936309814,0.0,174658647
2015-03-19,1.6887935400009155,2.798330068588257,0.0,2.798330068588257,2.7617509365081787,2.798330068588257,0.0,59233851
2015-03-20,1.666717529296875,2.7617509365081787,0.0,2.798330068588257,2.7617509365081787,2.798330068588257,0.0,65862593
2015-03-23,1.6446418762207031,2.7251710891723633,0.0,2.798330068588257,2.7068819999694824,2.780040979385376,0.0,63706412
2015-03-24,1.6446418762207031,2.7251710891723633,0.0,2.7434608936309814,2.7068819999694824,2.7251710891723633,0.0,75613632
2015-03-25,1.65567946434021,2.7434608936309814,0.0,2.7434608936309814,2.7068819999694824,2.7434608936309814,0.0,53588611
2015-03-26,1.6336039304733276,2.7068819999694824,0.0,2.7434608936309814,2.688591957092285,2.7251710891723633,0.0,56628894
2015-03-27,1.6446418762207031,2.7251710891723633,0.0,2.7251710891723633,2.688591957092285,2.7068819999694824,0.0,66793607
2015-03-30,1.6446418762207031,2.7251710891723633,0.0,2.7617509365081787,2.7068819999694824,2.7434608936309814,0.0,79676018
2015-03-31,1.6446418762207031,2.7251710891723633,0.0,2.7617509365081787,2.7251710891723633,2.7434608936309814,0.0,100640116
2015-04-01,1.65567946434021,2.7434608936309814,0.0,2.7434608936309814,2.7251710891723633,2.7251710891723633,0.0,29365856
2015-04-02,1.666717529296875,2.7617509365081787,0.0,2.780040979385376,2.7434608936309814,2.7434608936309814,0.0,35202788
2015-04-03,1.65567946434021,2.7434608936309814,0.0,2.780040979385376,2.7434608936309814,2.7617509365081787,0.0,34794253
2015-04-07,1.666717529296875,2.7617509365081787,0.0,2.798330068588257,2.7434608936309814,2.7617509365081787,0.0,102200225
2015-04-08,1.6887935400009155,2.798330068588257,0.0,2.816620111465454,2.7617509365081787,2.780040979385376,0.0,107176566
2015-04-09,1.6887935400009155,2.798330068588257,0.0,2.8349099159240723,2.798330068588257,2.816620111465454,0.0,88995886
2015-04-10,1.6887935400009155,2.798330068588257,0.0,2.816620111465454,2.780040979385376,2.798330068588257,0.0,51455284
2015-04-16,1.699831247329712,2.816620111465454,0.0,2.8349099159240723,2.798330068588257,2.816620111465454,0.0,95570062
2015-04-17,1.589452862739563,2.633723020553589,0.0,2.816620111465454,2.6154329776763916,2.816620111465454,0.0,788810918
2015-04-20,1.5453015565872192,2.5605640411376953,0.0,2.6154329776763916,2.542273998260498,2.6154329776763916,0.0,700499350
2015-04-21,1.579140067100525,2.5605640411376953,0.054869,2.5971429347991943,2.542273998260498,2.5605640411376953,0.0,327999227
2015-04-22,1.5565800666809082,2.523983955383301,0.0,2.578852891921997,2.5056939125061035,2.5605640411376953,0.0,245914536
2015-04-23,1.5565800666809082,2.523983955383301,0.0,2.542273998260498,2.5056939125061035,2.523983955383301,0.0,152039851
2015-04-24,1.5565800666809082,2.523983955383301,0.0,2.542273998260498,2.5056939125061035,2.523983955383301,0.0,90678577
2015-04-27,1.5001821517944336,2.43253493309021,0.0,2.542273998260498,2.43253493309021,2.5056939125061035,0.0,337993134
2015-04-28,1.4550645351409912,2.359376907348633,0.0,2.43253493309021,2.359376907348633,2.414246082305908,0.0,373395378
2015-04-29,1.4776235818862915,2.395956039428711,0.0,2.414246082305908,2.359376907348633,2.359376907348633,0.0,417038963
2015-04-30,1.4663435220718384,2.3776659965515137,0.0,2.395956039428711,2.359376907348633,2.3776659965515137,0.0,197356832
2015-05-04,1.4663435220718384,2.3776659965515137,0.0,2.3776659965515137,2.3776659965515137,2.3776659965515137,0.0,0
2015-05-06,1.4099465608596802,2.2862179279327393,0.0,2.3776659965515137,2.249638080596924,2.359376907348633,0.0,368449765
2015-05-07,1.4212255477905273,2.30450701713562,0.0,2.359376907348633,2.267927885055542,2.2862179279327393,0.0,407110448
2015-05-08,1.4776235818862915,2.395956039428711,0.0,2.395956039428711,2.30450701713562,2.3227970600128174,0.0,315920436
2015-05-11,1.4550645351409912,2.359376907348633,0.0,2.43253493309021,2.359376907348633,2.414246082305908,0.0,307938586
2015-05-12,1.398666501045227,2.267927885055542,0.0,2.359376907348633,2.267927885055542,2.359376907348633,0.0,408318885
2015-05-13,1.4212255477905273,2.30450701713562,0.0,2.3227970600128174,2.267927885055542,2.2862179279327393,0.0,159548430
2015-05-14,1.4212255477905273,2.30450701713562,0.0,2.3227970600128174,2.2862179279327393,2.30450701713562,0.0,74902851
2015-05-15,1.4325050115585327,2.3227970600128174,0.0,2.3410871028900146,2.2862179279327393,2.30450701713562,0.0,94659497
2015-05-18,1.4325050115585327,2.3227970600128174,0.0,2.359376907348633,2.30450701713562,2.3227970600128174,0.0,93813011
2015-05-19,1.4325050115585327,2.3227970600128174,0.0,2.359376907348633,2.30450701713562,2.3410871028900146,0.0,127751266
2015-05-20,1.4099465608596802,2.2862179279327393,0.0,2.359376907348633,2.2862179279327393,2.3410871028900146,0.0,191204313
2015-05-21,1.4212255477905273,2.30450701713562,0.0,2.30450701713562,2.249638080596924,2.267927885055542,0.0,182508401
2015-05-22,1.4099465608596802,2.2862179279327393,0.0,2.3410871028900146,2.2862179279327393,2.30450701713562,0.0,102562614
2015-05-25,1.398666501045227,2.267927885055542,0.0,2.30450701713562,2.249638080596924,2.2862179279327393,0.0,100829512
2015-05-26,1.398666501045227,2.267927885055542,0.0,2.3227970600128174,2.267927885055542,2.2862179279327393,0.0,173870883
2015-05-27,1.4325050115585327,2.3227970600128174,0.0,2.3410871028900146,2.267927885055542,2.267927885055542,0.0,159032622
2015-05-28,1.4212255477905273,2.30450701713562,0.0,2.3410871028900146,2.2862179279327393,2.3410871028900146,0.0,116109223
2015-05-29,1.4325050115585327,2.3227970600128174,0.0,2.3227970600128174,2.30450701713562,2.30450701713562,0.0,70106611
2015-06-02,1.398666501045227,2.267927885055542,0.0,2.3227970600128174,2.249638080596924,2.30450701713562,0.0,131160608
2015-06-03,1.4099465608596802,2.2862179279327393,0.0,2.30450701713562,2.249638080596924,2.2862179279327393,0.0,82362879
2015-06-04,1.4325050115585327,2.3227970600128174,0.0,2.3227970600128174,2.2862179279327393,2.2862179279327393,0.0,116339297
2015-06-05,1.4550645351409912,2.359376907348633,0.0,2.359376907348633,2.30450701713562,2.3227970600128174,0.0,132073360
2015-06-08,1.4437849521636963,2.3410871028900146,0.0,2.359376907348633,2.30450701713562,2.359376907348633,0.0,137544623
2015-06-09,1.4325050115585327,2.3227970600128174,0.0,2.3410871028900146,2.30450701713562,2.3227970600128174,0.0,90885907
2015-06-10,1.4325050115585327,2.3227970600128174,0.0,2.359376907348633,2.30450701713562,2.3227970600128174,0.0,81539904
2015-06-11,1.4550645351409912,2.359376907348633,0.0,2.359376907348633,2.3227970600128174,2.3410871028900146,0.0,91730205
2015-06-12,1.4325050115585327,2.3227970600128174,0.0,2.3776659965515137,2.3227970600128174,2.3776659965515137,0.0,76257162
2015-06-15,1.398666501045227,2.267927885055542,0.0,2.3227970600128174,2.267927885055542,2.3227970600128174,0.0,178802171
2015-06-16,1.398666501045227,2.267927885055542,0.0,2.2862179279327393,2.267927885055542,2.267927885055542,0.0,49571496
2015-06-17,1.4325050115585327,2.3227970600128174,0.0,2.3227970600128174,2.267927885055542,2.2862179279327393,0.0,100496976
2015-06-18,1.4099465608596802,2.2862179279327393,0.0,2.3227970600128174,2.2862179279327393,2.3227970600128174,0.0,76593416
2015-06-19,1.4099465608596802,2.2862179279327393,0.0,2.30450701713562,2.267927885055542,2.2862179279327393,0.0,178716877
2015-06-22,1.4099465608596802,2.2862179279327393,0.0,2.30450701713562,2.267927885055542,2.267927885055542,0.0,76519276
2015-06-23,1.4099465608596802,2.2862179279327393,0.0,2.30450701713562,2.267927885055542,2.30450701713562,0.0,52195371
2015-06-24,1.4099465608596802,2.2862179279327393,0.0,2.30450701713562,2.267927885055542,2.2862179279327393,0.0,62516565
2015-06-25,1.4099465608596802,2.2862179279327393,0.0,2.30450701713562,2.267927885055542,2.2862179279327393,0.0,42076258
2015-06-26,1.4099465608596802,2.2862179279327393,0.0,2.30450701713562,2.267927885055542,2.2862179279327393,0.0,79206356
2015-06-29,1.3873869180679321,2.249638080596924,0.0,2.2862179279327393,2.249638080596924,2.267927885055542,0.0,152121973
2015-06-30,1.3197096586227417,2.139899969100952,0.0,2.249638080596924,2.121609926223755,2.249638080596924,0.0,398296000
2015-07-02,1.2745912075042725,2.0667409896850586,0.0,2.1764791011810303,2.030160903930664,2.139899969100952,0.0,430370259
2015-07-03,1.3084298372268677,2.121609926223755,0.0,2.139899969100952,2.0667409896850586,2.0667409896850586,0.0,205958155
2015-07-06,1.2745912075042725,2.0667409896850586,0.0,2.1033198833465576,2.0484509468078613,2.0850300788879395,0.0,138760059
2015-07-07,1.2971503734588623,2.1033198833465576,0.0,2.121609926223755,2.0850300788879395,2.1033198833465576,0.0,126024725
2015-07-08,1.2858706712722778,2.0850300788879395,0.0,2.1033198833465576,2.0667409896850586,2.0850300788879395,0.0,80077007
2015-07-09,1.2858706712722778,2.0850300788879395,0.0,2.1033198833465576,2.0667409896850586,2.0850300788879395,0.0,152661073
2015-07-10,1.3197096586227417,2.139899969100952,0.0,2.158189058303833,2.0850300788879395,2.139899969100952,0.0,302223142
2015-07-13,1.3197096586227417,2.139899969100952,0.0,2.1764791011810303,2.1033198833465576,2.121609926223755,0.0,171147280
2015-07-14,1.2971503734588623,2.1033198833465576,0.0,2.158189058303833,2.1033198833465576,2.139899969100952,0.0,66042038
2015-07-15,1.3535481691360474,2.1947689056396484,0.0,2.2130589485168457,2.1033198833465576,2.1033198833465576,0.0,188918988
2015-07-16,1.3197096586227417,2.139899969100952,0.0,2.1947689056396484,2.121609926223755,2.1764791011810303,0.0,108238910
2015-07-17,1.342268705368042,2.1764791011810303,0.0,2.1764791011810303,2.139899969100952,2.1764791011810303,0.0,58087963
2015-07-20,1.3084298372268677,2.121609926223755,0.0,2.1947689056396484,2.121609926223755,2.1947689056396484,0.0,63227893
2015-07-21,1.2858706712722778,2.0850300788879395,0.0,2.139899969100952,2.0667409896850586,2.121609926223755,0.0,121314763
2015-07-22,1.2745912075042725,2.0667409896850586,0.0,2.1033198833465576,2.0484509468078613,2.0667409896850586,0.0,106486234
2015-07-23,1.2971503734588623,2.1033198833465576,0.0,2.121609926223755,2.0667409896850586,2.0850300788879395,0.0,84867889
2015-07-24,1.2858706712722778,2.0850300788879395,0.0,2.1033198833465576,2.0667409896850586,2.0850300788879395,0.0,30630827
2015-07-27,1.2858706712722778,2.0850300788879395,0.0,2.0850300788879395,2.0484509468078613,2.0667409896850586,0.0,111931581
2015-07-28,1.2745912075042725,2.0667409896850586,0.0,2.0850300788879395,2.0484509468078613,2.0850300788879395,0.0,59709746
2015-07-29,1.3197096586227417,2.139899969100952,0.0,2.139899969100952,2.0484509468078613,2.0667409896850586,0.0,78772561
2015-07-31,1.3197096586227417,2.139899969100952,0.0,2.158189058303833,2.1033198833465576,2.121609926223755,0.0,103790297
2015-08-03,1.3197096586227417,2.139899969100952,0.0,2.158189058303833,2.1033198833465576,2.121609926223755,0.0,64394667
2015-08-04,1.3084298372268677,2.121609926223755,0.0,2.158189058303833,2.1033198833465576,2.139899969100952,0.0,87481922
2015-08-05,1.2971503734588623,2.1033198833465576,0.0,2.139899969100952,2.1033198833465576,2.139899969100952,0.0,83816152
2015-08-06,1.2858706712722778,2.0850300788879395,0.0,2.121609926223755,2.0850300788879395,2.1033198833465576,0.0,61211790
2015-08-07,1.2858706712722778,2.0850300788879395,0.0,2.1033198833465576,2.0667409896850586,2.0850300788879395,0.0,35330729
2015-08-10,1.2858706712722778,2.0850300788879395,0.0,2.1033198833465576,2.0667409896850586,2.0667409896850586,0.0,33114514
2015-08-11,1.2745912075042725,2.0667409896850586,0.0,2.1033198833465576,2.0667409896850586,2.0850300788879395,0.0,50904374
2015-08-13,1.2520318031311035,2.030160903930664,0.0,2.0484509468078613,1.993582010269165,2.030160903930664,0.0,159596982
2015-08-14,1.2971503734588623,2.1033198833465576,0.0,2.121609926223755,2.030160903930664,2.030160903930664,0.0,168083487
2015-08-17,1.2858706712722778,2.0850300788879395,0.0,2.121609926223755,2.0850300788879395,2.1033198833465576,0.0,50801038
2015-08-18,1.2520318031311035,2.030160903930664,0.0,2.0667409896850586,2.011871099472046,2.030160903930664,0.0,171395069
2015-08-19,1.2745912075042725,2.0667409896850586,0.0,2.1033198833465576,2.030160903930664,2.0484509468078613,0.0,157306190
2015-08-20,1.2858706712722778,2.0850300788879395,0.0,2.121609926223755,2.0484509468078613,2.0484509468078613,0.0,146151195
2015-08-21,1.2971503734588623,2.1033198833465576,0.0,2.121609926223755,2.0484509468078613,2.0484509468078613,0.0,138320249
2015-08-24,1.2520318031311035,2.030160903930664,0.0,2.0484509468078613,1.993582010269165,2.030160903930664,0.0,219011263
2015-08-25,1.2520318031311035,2.030160903930664,0.0,2.0667409896850586,1.9752919673919678,2.0484509468078613,0.0,172356482
2015-08-26,1.2520318031311035,2.030160903930664,0.0,2.0667409896850586,2.011871099472046,2.011871099472046,0.0,213363726
2015-08-27,1.3084298372268677,2.121609926223755,0.0,2.158189058303833,2.0484509468078613,2.0667409896850586,0.0,304771674
2015-08-28,1.342268705368042,2.1764791011810303,0.0,2.267927885055542,2.139899969100952,2.1947689056396484,0.0,488566261
2015-08-31,1.3309886455535889,2.158189058303833,0.0,2.1947689056396484,2.139899969100952,2.158189058303833,0.0,108345090
2015-09-01,1.3197096586227417,2.139899969100952,0.0,2.1764791011810303,2.1033198833465576,2.158189058303833,0.0,155599988
2015-09-02,1.342268705368042,2.1764791011810303,0.0,2.1764791011810303,2.1033198833465576,2.121609926223755,0.0,94476553
2015-09-03,1.3535481691360474,2.1947689056396484,0.0,2.2130589485168457,2.1764791011810303,2.1947689056396484,0.0,81228691
2015-09-04,1.3535481691360474,2.1947689056396484,0.0,2.2130589485168457,2.158189058303833,2.1947689056396484,0.0,99953064
2015-09-07,1.3309886455535889,2.158189058303833,0.0,2.1947689056396484,2.121609926223755,2.1764791011810303,0.0,129496397
2015-09-08,1.342268705368042,2.1764791011810303,0.0,2.1947689056396484,2.121609926223755,2.139899969100952,0.0,89372162
2015-09-09,1.398666501045227,2.267927885055542,0.0,2.2862179279327393,2.1947689056396484,2.2130589485168457,0.0,330457216
2015-09-10,1.4325050115585327,2.3227970600128174,0.0,2.359376907348633,2.2313480377197266,2.249638080596924,0.0,275931905
2015-09-11,1.398666501045227,2.267927885055542,0.0,2.3410871028900146,2.249638080596924,2.3227970600128174,0.0,164626358
2015-09-14,1.3873869180679321,2.249638080596924,0.0,2.267927885055542,2.2313480377197266,2.249638080596924,0.0,51788804
2015-09-15,1.3648278713226318,2.2130589485168457,0.0,2.267927885055542,2.1947689056396484,2.2313480377197266,0.0,142487284
2015-09-16,1.3873869180679321,2.249638080596924,0.0,2.249638080596924,2.2130589485168457,2.2313480377197266,0.0,52503631
2015-09-17,1.398666501045227,2.267927885055542,0.0,2.267927885055542,2.2313480377197266,2.249638080596924,0.0,56021122
2015-09-18,1.4212255477905273,2.30450701713562,0.0,2.3227970600128174,2.267927885055542,2.267927885055542,0.0,262774696
2015-09-21,1.4437849521636963,2.3410871028900146,0.0,2.3410871028900146,2.267927885055542,2.2862179279327393,0.0,110204383
2015-09-22,1.4212255477905273,2.30450701713562,0.0,2.359376907348633,2.267927885055542,2.3410871028900146,0.0,200424781
2015-09-23,1.398666501045227,2.267927885055542,0.0,2.30450701713562,2.249638080596924,2.2862179279327393,0.0,158124681
2015-09-24,1.398666501045227,2.267927885055542,0.0,2.2862179279327393,2.249638080596924,2.267927885055542,0.0,89328422
2015-09-25,1.398666501045227,2.267927885055542,0.0,2.2862179279327393,2.2313480377197266,2.2862179279327393,0.0,111238187
2015-09-28,1.3535481691360474,2.1947689056396484,0.0,2.267927885055542,2.1764791011810303,2.249638080596924,0.0,168413398
2015-09-29,1.3535481691360474,2.1947689056396484,0.0,2.2130589485168457,2.158189058303833,2.158189058303833,0.0,166293522
2015-09-30,1.3648278713226318,2.2130589485168457,0.0,2.2130589485168457,2.1764791011810303,2.2130589485168457,0.0,86281140
2015-10-01,1.3535481691360474,2.1947689056396484,0.0,2.249638080596924,2.1947689056396484,2.2130589485168457,0.0,61094019
2015-10-02,1.3648278713226318,2.2130589485168457,0.0,2.2130589485168457,2.1947689056396484,2.2130589485168457,0.0,25164375
2015-10-05,1.398666501045227,2.267927885055542,0.0,2.2862179279327393,2.2313480377197266,2.2313480377197266,0.0,81400372
2015-10-06,1.3873869180679321,2.249638080596924,0.0,2.267927885055542,2.2313480377197266,2.267927885055542,0.0,44103733
2015-10-07,1.4325050115585327,2.3227970600128174,0.0,2.3410871028900146,2.249638080596924,2.249638080596924,0.0,144012948
2015-10-08,1.4437849521636963,2.3410871028900146,0.0,2.3410871028900146,2.30450701713562,2.30450701713562,0.0,145731178
2015-10-09,1.4663435220718384,2.3776659965515137,0.0,2.395956039428711,2.3410871028900146,2.3410871028900146,0.0,251537141
2015-10-12,1.4550645351409912,2.359376907348633,0.0,2.395956039428711,2.3410871028900146,2.3776659965515137,0.0,83165405
2015-10-13,1.4776235818862915,2.395956039428711,0.0,2.43253493309021,2.3227970600128174,2.359376907348633,0.0,177368800
2015-10-14,1.4663435220718384,2.3776659965515137,0.0,2.414246082305908,2.3776659965515137,2.395956039428711,0.0,92615072
2015-10-15,1.4889034032821655,2.414246082305908,0.0,2.4691150188446045,2.395956039428711,2.395956039428711,0.0,206894636
2015-10-16,1.4776235818862915,2.395956039428711,0.0,2.4508249759674072,2.3776659965515137,2.43253493309021,0.0,82819091
2015-10-19,1.5001821517944336,2.43253493309021,0.0,2.4691150188446045,2.395956039428711,2.395956039428711,0.0,176928006
2015-10-20,1.5001821517944336,2.43253493309021,0.0,2.4508249759674072,2.414246082305908,2.43253493309021,0.0,137165066
2015-10-21,1.4889034032821655,2.414246082305908,0.0,2.4508249759674072,2.395956039428711,2.4508249759674072,0.0,93370140
2015-10-22,1.5227417945861816,2.4691150188446045,0.0,2.4691150188446045,2.395956039428711,2.43253493309021,0.0,195147178
2015-10-26,1.5227417945861816,2.4691150188446045,0.0,2.523983955383301,2.4691150188446045,2.4874050617218018,0.0,218475771
2015-10-27,1.5227417945861816,2.4691150188446045,0.0,2.523983955383301,2.4508249759674072,2.4691150188446045,0.0,127987136
2015-10-28,1.4776235818862915,2.395956039428711,0.0,2.4874050617218018,2.395956039428711,2.4691150188446045,0.0,233655863
2015-10-29,1.4437849521636963,2.3410871028900146,0.0,2.395956039428711,2.3227970600128174,2.395956039428711,0.0,200208485
2015-10-30,1.5001821517944336,2.43253493309021,0.0,2.43253493309021,2.3410871028900146,2.359376907348633,0.0,103910145
2015-11-02,1.5227417945861816,2.4691150188446045,0.0,2.4691150188446045,2.414246082305908,2.43253493309021,0.0,46752758
2015-11-03,1.5227417945861816,2.4691150188446045,0.0,2.4874050617218018,2.4508249759674072,2.4691150188446045,0.0,90183436
2015-11-04,1.511461853981018,2.4508249759674072,0.0,2.5056939125061035,2.4508249759674072,2.4691150188446045,0.0,127994572
2015-11-05,1.5340217351913452,2.4874050617218018,0.0,2.5056939125061035,2.4508249759674072,2.4508249759674072,0.0,74467962
2015-11-06,1.5227417945861816,2.4691150188446045,0.0,2.5056939125061035,2.4691150188446045,2.4874050617218018,0.0,97062811
2015-11-09,1.5227417945861816,2.4691150188446045,0.0,2.4874050617218018,2.43253493309021,2.4691150188446045,0.0,59431995
2015-11-10,1.5001821517944336,2.43253493309021,0.0,2.4691150188446045,2.43253493309021,2.4508249759674072,0.0,37137205
2015-11-11,1.5227417945861816,2.4691150188446045,0.0,2.4691150188446045,2.395956039428711,2.43253493309021,0.0,64638847
2015-11-12,1.5227417945861816,2.4691150188446045,0.0,2.4691150188446045,2.4508249759674072,2.4508249759674072,0.0,61204026
2015-11-13,1.5227417945861816,2.4691150188446045,0.0,2.4874050617218018,2.43253493309021,2.4508249759674072,0.0,66451339
2015-11-16,1.5340217351913452,2.4874050617218018,0.0,2.4874050617218018,2.414246082305908,2.43253493309021,0.0,93637394
2015-11-17,1.5340217351913452,2.4874050617218018,0.0,2.4874050617218018,2.43253493309021,2.4874050617218018,0.0,90897607
2015-11-18,1.5340217351913452,2.4874050617218018,0.0,2.4874050617218018,2.414246082305908,2.4874050617218018,0.0,123650826
2015-11-19,1.5453004837036133,2.5056939125061035,0.0,2.5056939125061035,2.4691150188446045,2.4691150188446045,0.0,98824454
2015-11-20,1.511461853981018,2.4508249759674072,0.0,2.4874050617218018,2.43253493309021,2.4691150188446045,0.0,73845646
2015-11-23,1.5227417945861816,2.4691150188446045,0.0,2.4691150188446045,2.43253493309021,2.4691150188446045,0.0,48095259
2015-11-24,1.511461853981018,2.4508249759674072,0.0,2.4691150188446045,2.43253493309021,2.4508249759674072,0.0,32662567
2015-11-25,1.5001821517944336,2.43253493309021,0.0,2.4508249759674072,2.395956039428711,2.4508249759674072,0.0,139878500
2015-11-26,1.4663435220718384,2.3776659965515137,0.0,2.4508249759674072,2.3410871028900146,2.43253493309021,0.0,115710857
2015-11-27,1.4663435220718384,2.3776659965515137,0.0,2.395956039428711,2.359376907348633,2.359376907348633,0.0,42593050
2015-11-30,1.4663435220718384,2.3776659965515137,0.0,2.43253493309021,2.359376907348633,2.3776659965515137,0.0,102521389
2015-12-01,1.4889034032821655,2.414246082305908,0.0,2.414246082305908,2.359376907348633,2.395956039428711,0.0,80904684
2015-12-02,1.4663435220718384,2.3776659965515137,0.0,2.43253493309021,2.359376907348633,2.414246082305908,0.0,94421330
2015-12-03,1.4550645351409912,2.359376907348633,0.0,2.395956039428711,2.3410871028900146,2.3776659965515137,0.0,136675830
2015-12-04,1.4212255477905273,2.30450701713562,0.0,2.359376907348633,2.30450701713562,2.359376907348633,0.0,74588904
2015-12-08,1.4099465608596802,2.2862179279327393,0.0,2.30450701713562,2.267927885055542,2.30450701713562,0.0,93628974
2015-12-09,1.3535481691360474,2.1947689056396484,0.0,2.30450701713562,2.1947689056396484,2.2862179279327393,0.0,112065098
2015-12-11,1.342268705368042,2.1764791011810303,0.0,2.2313480377197266,2.1764791011810303,2.2130589485168457,0.0,143189098
2015-12-14,1.3309886455535889,2.158189058303833,0.0,2.1947689056396484,2.1033198833465576,2.121609926223755,0.0,146987402
2015-12-15,1.3309886455535889,2.158189058303833,0.0,2.1764791011810303,2.1033198833465576,2.158189058303833,0.0,292161000
2015-12-16,1.3873869180679321,2.249638080596924,0.0,2.249638080596924,2.1764791011810303,2.1764791011810303,0.0,225486585
2015-12-17,1.3873869180679321,2.249638080596924,0.0,2.2862179279327393,2.158189058303833,2.249638080596924,0.0,260754766
2015-12-18,1.3535481691360474,2.1947689056396484,0.0,2.2313480377197266,2.1764791011810303,2.2130589485168457,0.0,48927638
2015-12-21,1.3197096586227417,2.139899969100952,0.0,2.2130589485168457,2.139899969100952,2.1764791011810303,0.0,130151081
2015-12-22,1.3761069774627686,2.2313480377197266,0.0,2.249638080596924,2.158189058303833,2.158189058303833,0.0,137532595
2015-12-23,1.3648278713226318,2.2130589485168457,0.0,2.2862179279327393,2.2130589485168457,2.2313480377197266,0.0,69768936
2015-12-24,1.3761069774627686,2.2313480377197266,0.0,2.249638080596924,2.2130589485168457,2.2313480377197266,0.0,17248136
2015-12-25,1.3648278713226318,2.2130589485168457,0.0,2.249638080596924,2.1947689056396484,2.2313480377197266,0.0,34060727
2015-12-28,1.3648278713226318,2.2130589485168457,0.0,2.2313480377197266,2.1947689056396484,2.2313480377197266,0.0,14663408
2015-12-29,1.3648278713226318,2.2130589485168457,0.0,2.2313480377197266,2.1947689056396484,2.2130589485168457,0.0,23286383
2015-12-30,1.3648278713226318,2.2130589485168457,0.0,2.249638080596924,2.2130589485168457,2.2130589485168457,0.0,12152165
2016-01-04,1.3197096586227417,2.139899969100952,0.0,2.1947689056396484,2.139899969100952,2.1947689056396484,0.0,81077240
2016-01-05,1.3084298372268677,2.121609926223755,0.0,2.158189058303833,2.1033198833465576,2.158189058303833,0.0,106283497
2016-01-06,1.342268705368042,2.1764791011810303,0.0,2.1947689056396484,2.121609926223755,2.139899969100952,0.0,102702474
2016-01-07,1.3084298372268677,2.121609926223755,0.0,2.158189058303833,2.121609926223755,2.121609926223755,0.0,83287987
2016-01-08,1.3309886455535889,2.158189058303833,0.0,2.158189058303833,2.121609926223755,2.139899969100952,0.0,92758869
2016-01-11,1.2858706712722778,2.0850300788879395,0.0,2.158189058303833,2.0484509468078613,2.139899969100952,0.0,162856842
2016-01-12,1.3535481691360474,2.1947689056396484,0.0,2.1947689056396484,2.0667409896850586,2.1033198833465576,0.0,192597115
2016-01-13,1.4325050115585327,2.3227970600128174,0.0,2.3227970600128174,2.2313480377197266,2.249638080596924,0.0,323357828
2016-01-14,1.398666501045227,2.267927885055542,0.0,2.3227970600128174,2.249638080596924,2.267927885055542,0.0,110687277
2016-01-15,1.3535481691360474,2.1947689056396484,0.0,2.30450701713562,2.1947689056396484,2.2862179279327393,0.0,166502819
2016-01-18,1.3535481691360474,2.1947689056396484,0.0,2.2130589485168457,2.158189058303833,2.1764791011810303,0.0,88039284
2016-01-19,1.4099465608596802,2.2862179279327393,0.0,2.30450701713562,2.1947689056396484,2.2130589485168457,0.0,233189810
2016-01-20,1.3648278713226318,2.2130589485168457,0.0,2.30450701713562,2.2130589485168457,2.267927885055542,0.0,170381496
2016-01-21,1.3761069774627686,2.2313480377197266,0.0,2.267927885055542,2.158189058303833,2.267927885055542,0.0,198173136
2016-01-22,1.398666501045227,2.267927885055542,0.0,2.3227970600128174,2.249638080596924,2.267927885055542,0.0,160933031
2016-01-25,1.4437849521636963,2.3410871028900146,0.0,2.395956039428711,2.30450701713562,2.30450701713562,0.0,235478196
2016-01-26,1.4437849521636963,2.3410871028900146,0.0,2.395956039428711,2.3227970600128174,2.3227970600128174,0.0,282308047
2016-01-27,1.4212255477905273,2.30450701713562,0.0,2.3776659965515137,2.2862179279327393,2.359376907348633,0.0,261849368
2016-01-28,1.4099465608596802,2.2862179279327393,0.0,2.3227970600128174,2.249638080596924,2.30450701713562,0.0,162167275
2016-01-29,1.4550645351409912,2.359376907348633,0.0,2.395956039428711,2.30450701713562,2.30450701713562,0.0,221430214
2016-02-01,1.4437849521636963,2.3410871028900146,0.0,2.414246082305908,2.3227970600128174,2.3776659965515137,0.0,248616050
2016-02-02,1.4325050115585327,2.3227970600128174,0.0,2.359376907348633,2.30450701713562,2.359376907348633,0.0,122077267
2016-02-03,1.4325050115585327,2.3227970600128174,0.0,2.3410871028900146,2.267927885055542,2.30450701713562,0.0,107789259
2016-02-04,1.4663435220718384,2.3776659965515137,0.0,2.395956039428711,2.3227970600128174,2.3410871028900146,0.0,114036804
2016-02-05,1.4663435220718384,2.3776659965515137,0.0,2.395956039428711,2.3410871028900146,2.395956039428711,0.0,98555997
2016-02-08,1.4663435220718384,2.3776659965515137,0.0,2.395956039428711,2.359376907348633,2.3776659965515137,0.0,30217590
2016-02-09,1.4663435220718384,2.3776659965515137,0.0,2.395956039428711,2.3410871028900146,2.359376907348633,0.0,50918809
2016-02-10,1.4663435220718384,2.3776659965515137,0.0,2.3776659965515137,2.3410871028900146,2.359376907348633,0.0,38060236
2016-02-11,1.4325050115585327,2.3227970600128174,0.0,2.3776659965515137,2.2862179279327393,2.3776659965515137,0.0,111271648
2016-02-12,1.398666501045227,2.267927885055542,0.0,2.3227970600128174,2.249638080596924,2.30450701713562,0.0,103485755
2016-02-15,1.4212255477905273,2.30450701713562,0.0,2.3227970600128174,2.2862179279327393,2.30450701713562,0.0,28891163
2016-02-16,1.4099465608596802,2.2862179279327393,0.0,2.3227970600128174,2.2862179279327393,2.3227970600128174,0.0,35974040
2016-02-17,1.4099465608596802,2.2862179279327393,0.0,2.30450701713562,2.2313480377197266,2.30450701713562,0.0,123555691
2016-02-18,1.4325050115585327,2.3227970600128174,0.0,2.359376907348633,2.267927885055542,2.2862179279327393,0.0,112635035
2016-02-19,1.4776235818862915,2.395956039428711,0.0,2.395956039428711,2.30450701713562,2.30450701713562,0.0,122363329
2016-02-23,1.4663435220718384,2.3776659965515137,0.0,2.395956039428711,2.359376907348633,2.395956039428711,0.0,56322383
2016-02-24,1.4550645351409912,2.359376907348633,0.0,2.3776659965515137,2.3410871028900146,2.3776659965515137,0.0,76562470
2016-02-25,1.4325050115585327,2.3227970600128174,0.0,2.3776659965515137,2.30450701713562,2.3776659965515137,0.0,105252646
2016-02-26,1.4550645351409912,2.359376907348633,0.0,2.3776659965515137,2.3410871028900146,2.3410871028900146,0.0,82514876
2016-02-29,1.4325050115585327,2.3227970600128174,0.0,2.3776659965515137,2.30450701713562,2.359376907348633,0.0,51976232
2016-03-01,1.4437849521636963,2.3410871028900146,0.0,2.3410871028900146,2.30450701713562,2.3410871028900146,0.0,45388059
2016-03-02,1.4889034032821655,2.414246082305908,0.0,2.4508249759674072,2.3410871028900146,2.359376907348633,0.0,370911144
2016-03-03,1.4550645351409912,2.359376907348633,0.0,2.43253493309021,2.3410871028900146,2.414246082305908,0.0,155052359
2016-03-04,1.4663435220718384,2.3776659965515137,0.0,2.414246082305908,2.359376907348633,2.3776659965515137,0.0,78814442
2016-03-07,1.4550645351409912,2.359376907348633,0.0,2.414246082305908,2.359376907348633,2.395956039428711,0.0,78795634
2016-03-08,1.4212255477905273,2.30450701713562,0.0,2.3776659965515137,2.30450701713562,2.3776659965515137,0.0,191018526
2016-03-09,1.4437849521636963,2.3410871028900146,0.0,2.3410871028900146,2.249638080596924,2.2862179279327393,0.0,219919094
2016-03-10,1.4099465608596802,2.2862179279327393,0.0,2.3410871028900146,2.267927885055542,2.3227970600128174,0.0,178756353
2016-03-11,1.4325050115585327,2.3227970600128174,0.0,2.3410871028900146,2.2862179279327393,2.30450701713562,0.0,70381847
2016-03-14,1.4437849521636963,2.3410871028900146,0.0,2.395956039428711,2.3227970600128174,2.3410871028900146,0.0,174133653
2016-03-15,1.4325050115585327,2.3227970600128174,0.0,2.359376907348633,2.2862179279327393,2.3410871028900146,0.0,167872002
2016-03-16,1.4099465608596802,2.2862179279327393,0.0,2.3410871028900146,2.267927885055542,2.3227970600128174,0.0,167103703
2016-03-17,1.4212255477905273,2.30450701713562,0.0,2.3227970600128174,2.267927885055542,2.3227970600128174,0.0,137608484
2016-03-18,1.4099465608596802,2.2862179279327393,0.0,2.30450701713562,2.249638080596924,2.30450701713562,0.0,168886888
2016-03-21,1.4212255477905273,2.30450701713562,0.0,2.30450701713562,2.267927885055542,2.2862179279327393,0.0,62533843
2016-03-22,1.398666501045227,2.267927885055542,0.0,2.30450701713562,2.249638080596924,2.2862179279327393,0.0,133799574
2016-03-23,1.4325050115585327,2.3227970600128174,0.0,2.3410871028900146,2.249638080596924,2.267927885055542,0.0,206097359
2016-03-24,1.4099465608596802,2.2862179279327393,0.0,2.30450701713562,2.2862179279327393,2.30450701713562,0.0,59955020
2016-03-25,1.398666501045227,2.267927885055542,0.0,2.30450701713562,2.267927885055542,2.30450701713562,0.0,79629106
2016-03-28,1.398666501045227,2.267927885055542,0.0,2.2862179279327393,2.267927885055542,2.267927885055542,0.0,19669274
2016-03-29,1.398666501045227,2.267927885055542,0.0,2.2862179279327393,2.249638080596924,2.267927885055542,0.0,115072904
2016-03-30,1.4099465608596802,2.2862179279327393,0.0,2.3227970600128174,2.267927885055542,2.2862179279327393,0.0,208746931
2016-03-31,1.4212255477905273,2.30450701713562,0.0,2.30450701713562,2.267927885055542,2.2862179279327393,0.0,65602994
2016-04-01,1.4099465608596802,2.2862179279327393,0.0,2.30450701713562,2.267927885055542,2.30450701713562,0.0,56385260
2016-04-04,1.4099465608596802,2.2862179279327393,0.0,2.30450701713562,2.2862179279327393,2.2862179279327393,0.0,33883797
2016-04-05,1.3761069774627686,2.2313480377197266,0.0,2.2862179279327393,2.2313480377197266,2.2862179279327393,0.0,137150304
2016-04-07,1.3197096586227417,2.139899969100952,0.0,2.2313480377197266,2.139899969100952,2.2313480377197266,0.0,220960661
2016-04-08,1.3309886455535889,2.158189058303833,0.0,2.1764791011810303,2.0850300788879395,2.139899969100952,0.0,152561454
2016-04-11,1.3197096586227417,2.139899969100952,0.0,2.158189058303833,2.1033198833465576,2.158189058303833,0.0,105468286
2016-04-12,1.3648278713226318,2.2130589485168457,0.0,2.2130589485168457,2.139899969100952,2.139899969100952,0.0,56630316
2016-04-18,1.3761069774627686,2.2313480377197266,0.0,2.2313480377197266,2.1947689056396484,2.2130589485168457,0.0,130742123
2016-04-19,1.3876712322235107,2.1947689056396484,0.054869,2.2130589485168457,2.158189058303833,2.2130589485168457,0.0,202486592
2016-04-20,1.3414154052734375,2.121609926223755,0.0,2.1764791011810303,2.1033198833465576,2.158189058303833,0.0,383375726
2016-04-21,1.3529796600341797,2.139899969100952,0.0,2.158189058303833,2.121609926223755,2.121609926223755,0.0,190041913
2016-04-22,1.3414154052734375,2.121609926223755,0.0,2.139899969100952,2.0850300788879395,2.121609926223755,0.0,227390275
2016-04-25,1.3529796600341797,2.139899969100952,0.0,2.139899969100952,2.1033198833465576,2.121609926223755,0.0,70543031
2016-04-26,1.3182873725891113,2.0850300788879395,0.0,2.121609926223755,2.0667409896850586,2.121609926223755,0.0,290269667
2016-04-27,1.2951595783233643,2.0484509468078613,0.0,2.0850300788879395,2.0484509468078613,2.0850300788879395,0.0,181070328
2016-04-28,1.2951595783233643,2.0484509468078613,0.0,2.0850300788879395,2.0484509468078613,2.0667409896850586,0.0,161486456
2016-04-29,1.3182873725891113,2.0850300788879395,0.0,2.0850300788879395,2.0484509468078613,2.0667409896850586,0.0,185181593
2016-05-03,1.3182873725891113,2.0850300788879395,0.0,2.1033198833465576,2.0667409896850586,2.0667409896850586,0.0,168750418
2016-05-04,1.2951595783233643,2.0484509468078613,0.0,2.0850300788879395,2.0484509468078613,2.0667409896850586,0.0,97992075
2016-05-09,1.2835954427719116,2.030160903930664,0.0,2.0484509468078613,2.011871099472046,2.0484509468078613,0.0,175335310
2016-05-10,1.2604681253433228,1.993582010269165,0.0,2.0484509468078613,1.993582010269165,2.011871099472046,0.0,195735486
2016-05-11,1.2604681253433228,1.993582010269165,0.0,2.011871099472046,1.9752919673919678,1.993582010269165,0.0,222914543
2016-05-12,1.2720314264297485,2.011871099472046,0.0,2.030160903930664,1.9752919673919678,1.993582010269165,0.0,260731802
2016-05-13,1.2720314264297485,2.011871099472046,0.0,2.0484509468078613,2.011871099472046,2.030160903930664,0.0,216798000
2016-05-16,1.3414154052734375,2.121609926223755,0.0,2.121609926223755,2.011871099472046,2.030160903930664,0.0,630056812
2016-05-17,1.329851508140564,2.1033198833465576,0.0,2.158189058303833,2.0850300788879395,2.121609926223755,0.0,296918858
2016-05-18,1.2835954427719116,2.030160903930664,0.0,2.1033198833465576,2.011871099472046,2.1033198833465576,0.0,329407338
2016-05-19,1.2835954427719116,2.030160903930664,0.0,2.0484509468078613,2.011871099472046,2.030160903930664,0.0,250587538
2016-05-23,1.2951595783233643,2.0484509468078613,0.0,2.0667409896850586,2.030160903930664,2.0484509468078613,0.0,151105666
2016-05-24,1.2951595783233643,2.0484509468078613,0.0,2.0667409896850586,2.030160903930664,2.0484509468078613,0.0,85518964
2016-05-25,1.2951595783233643,2.0484509468078613,0.0,2.0850300788879395,2.0484509468078613,2.0484509468078613,0.0,189229326
2016-05-26,1.3067238330841064,2.0667409896850586,0.0,2.0850300788879395,2.0484509468078613,2.0484509468078613,0.0,210739851
2016-05-27,1.3182873725891113,2.0850300788879395,0.0,2.0850300788879395,2.0484509468078613,2.0484509468078613,0.0,140201960
2016-05-30,1.3414154052734375,2.121609926223755,0.0,2.121609926223755,2.0850300788879395,2.0850300788879395,0.0,246851346
2016-05-31,1.3182873725891113,2.0850300788879395,0.0,2.139899969100952,2.0667409896850586,2.121609926223755,0.0,341599745
2016-06-01,1.3067238330841064,2.0667409896850586,0.0,2.1033198833465576,2.0667409896850586,2.0850300788879395,0.0,174693202
2016-06-02,1.3067238330841064,2.0667409896850586,0.0,2.1033198833465576,2.0667409896850586,2.0667409896850586,0.0,162168587
2016-06-03,1.3182873725891113,2.0850300788879395,0.0,2.121609926223755,2.0667409896850586,2.0850300788879395,0.0,382943899
2016-06-06,1.3067238330841064,2.0667409896850586,0.0,2.1033198833465576,2.0667409896850586,2.1033198833465576,0.0,257082981
2016-06-07,1.2951595783233643,2.0484509468078613,0.0,2.0850300788879395,2.0484509468078613,2.0850300788879395,0.0,378112120
2016-06-08,1.2951595783233643,2.0484509468078613,0.0,2.0667409896850586,2.030160903930664,2.0484509468078613,0.0,73849146
2016-06-09,1.2835954427719116,2.030160903930664,0.0,2.0667409896850586,2.030160903930664,2.0484509468078613,0.0,159241373
2016-06-10,1.2951595783233643,2.0484509468078613,0.0,2.0667409896850586,2.030160903930664,2.030160903930664,0.0,86096337
2016-06-13,1.2835954427719116,2.030160903930664,0.0,2.0484509468078613,2.030160903930664,2.030160903930664,0.0,66072438
2016-06-14,1.2835954427719116,2.030160903930664,0.0,2.0484509468078613,2.030160903930664,2.030160903930664,0.0,39290325
2016-06-15,1.2951595783233643,2.0484509468078613,0.0,2.0484509468078613,2.011871099472046,2.030160903930664,0.0,153632328
2016-06-16,1.2604681253433228,1.993582010269165,0.0,2.030160903930664,1.993582010269165,2.030160903930664,0.0,229812835
2016-06-17,1.2720314264297485,2.011871099472046,0.0,2.030160903930664,1.993582010269165,2.011871099472046,0.0,73827713
2016-06-20,1.2489041090011597,1.9752919673919678,0.0,2.011871099472046,1.95700204372406,1.993582010269165,0.0,199558722
2016-06-21,1.2604681253433228,1.993582010269165,0.0,2.011871099472046,1.9752919673919678,1.9752919673919678,0.0,65710814
2016-06-22,1.2489041090011597,1.9752919673919678,0.0,2.011871099472046,1.95700204372406,1.993582010269165,0.0,179362485
2016-06-23,1.2489041090011597,1.9752919673919678,0.0,1.993582010269165,1.95700204372406,1.9752919673919678,0.0,214996116
2016-06-24,1.2026482820510864,1.9021329879760742,0.0,1.95700204372406,1.8289740085601807,1.9387120008468628,0.0,925352685
2016-06-27,1.2835954427719116,2.030160903930664,0.0,2.030160903930664,1.9204230308532715,1.9204230308532715,0.0,449898252
2016-06-28,1.2835954427719116,2.030160903930664,0.0,2.030160903930664,1.9752919673919678,2.011871099472046,0.0,134331456
2016-06-29,1.2720314264297485,2.011871099472046,0.0,2.0484509468078613,1.993582010269165,2.030160903930664,0.0,254989021
2016-06-30,1.2489041090011597,1.9752919673919678,0.0,2.030160903930664,1.9752919673919678,2.030160903930664,0.0,137100877
2016-07-04,1.2835954427719116,2.030160903930664,0.0,2.0484509468078613,1.993582010269165,1.993582010269165,0.0,299874613
2016-07-05,1.3067238330841064,2.0667409896850586,0.0,2.0667409896850586,2.011871099472046,2.011871099472046,0.0,241387737
2016-07-06,1.2835954427719116,2.030160903930664,0.0,2.0667409896850586,2.030160903930664,2.0484509468078613,0.0,86220450
2016-07-07,1.3414154052734375,2.121609926223755,0.0,2.158189058303833,2.0850300788879395,2.0850300788879395,0.0,944553609
2016-07-08,1.3182873725891113,2.0850300788879395,0.0,2.121609926223755,2.0667409896850586,2.121609926223755,0.0,295655636
2016-07-11,1.3414154052734375,2.121609926223755,0.0,2.121609926223755,2.0850300788879395,2.1033198833465576,0.0,229053721
2016-07-12,1.329851508140564,2.1033198833465576,0.0,2.121609926223755,2.0850300788879395,2.1033198833465576,0.0,171678944
2016-07-13,1.3182873725891113,2.0850300788879395,0.0,2.121609926223755,2.0484509468078613,2.121609926223755,0.0,270543530
2016-07-14,1.3182873725891113,2.0850300788879395,0.0,2.1033198833465576,2.0484509468078613,2.0850300788879395,0.0,228289140
2016-07-15,1.3067238330841064,2.0667409896850586,0.0,2.1033198833465576,2.0484509468078613,2.0850300788879395,0.0,211606129
2016-07-20,1.3529796600341797,2.139899969100952,0.0,2.139899969100952,2.0667409896850586,2.0850300788879395,0.0,312973976
2016-07-21,1.3067238330841064,2.0667409896850586,0.0,2.139899969100952,2.0667409896850586,2.139899969100952,0.0,243706086
2016-07-22,1.3182873725891113,2.0850300788879395,0.0,2.1033198833465576,2.0667409896850586,2.0850300788879395,0.0,83328228
2016-07-25,1.2951595783233643,2.0484509468078613,0.0,2.1033198833465576,2.0484509468078613,2.0850300788879395,0.0,232273996
2016-07-26,1.2835954427719116,2.030160903930664,0.0,2.0667409896850586,2.011871099472046,2.0484509468078613,0.0,332235043
2016-07-27,1.2835954427719116,2.030160903930664,0.0,2.0484509468078613,2.011871099472046,2.030160903930664,0.0,252955860
2016-07-28,1.3182873725891113,2.0850300788879395,0.0,2.1033198833465576,2.011871099472046,2.030160903930664,0.0,428789592
2016-07-29,1.3067238330841064,2.0667409896850586,0.0,2.1033198833465576,2.0667409896850586,2.1033198833465576,0.0,247888867
2016-08-01,1.3067238330841064,2.0667409896850586,0.0,2.0850300788879395,2.0484509468078613,2.0850300788879395,0.0,107224134
2016-08-02,1.3067238330841064,2.0667409896850586,0.0,2.0667409896850586,2.030160903930664,2.0484509468078613,0.0,149587547
2016-08-03,1.2951595783233643,2.0484509468078613,0.0,2.0667409896850586,2.030160903930664,2.0484509468078613,0.0,116766203
2016-08-04,1.2951595783233643,2.0484509468078613,0.0,2.0667409896850586,2.030160903930664,2.0484509468078613,0.0,118552122
2016-08-05,1.2951595783233643,2.0484509468078613,0.0,2.0667409896850586,2.030160903930664,2.0484509468078613,0.0,82382562
2016-08-08,1.3067238330841064,2.0667409896850586,0.0,2.1033198833465576,2.0667409896850586,2.0667409896850586,0.0,185252562
2016-08-09,1.3182873725891113,2.0850300788879395,0.0,2.1033198833465576,2.0484509468078613,2.0850300788879395,0.0,257914376
2016-08-10,1.3182873725891113,2.0850300788879395,0.0,2.1033198833465576,2.0484509468078613,2.0850300788879395,0.0,150747214
2016-08-11,1.2951595783233643,2.0484509468078613,0.0,2.0850300788879395,2.030160903930664,2.0667409896850586,0.0,353773890
2016-08-15,1.3182873725891113,2.0850300788879395,0.0,2.121609926223755,2.030160903930664,2.0484509468078613,0.0,506763126
2016-08-16,1.329851508140564,2.1033198833465576,0.0,2.121609926223755,2.0850300788879395,2.1033198833465576,0.0,509413792
2016-08-17,1.3067238330841064,2.0667409896850586,0.0,2.121609926223755,2.0667409896850586,2.121609926223755,0.0,326720587
2016-08-18,1.3182873725891113,2.0850300788879395,0.0,2.1033198833465576,2.0667409896850586,2.0667409896850586,0.0,259619266
2016-08-19,1.3182873725891113,2.0850300788879395,0.0,2.0850300788879395,2.0667409896850586,2.0850300788879395,0.0,131799655
2016-08-22,1.3067238330841064,2.0667409896850586,0.0,2.0850300788879395,2.0667409896850586,2.0850300788879395,0.0,71129917
2016-08-23,1.329851508140564,2.1033198833465576,0.0,2.121609926223755,2.0484509468078613,2.0667409896850586,0.0,381119270
2016-08-24,1.329851508140564,2.1033198833465576,0.0,2.121609926223755,2.0850300788879395,2.1033198833465576,0.0,162760613
2016-08-25,1.329851508140564,2.1033198833465576,0.0,2.1033198833465576,2.0667409896850586,2.1033198833465576,0.0,104190631
2016-08-26,1.3067238330841064,2.0667409896850586,0.0,2.1033198833465576,2.0667409896850586,2.0850300788879395,0.0,137295413
2016-08-29,1.3067238330841064,2.0667409896850586,0.0,2.0850300788879395,2.0484509468078613,2.0850300788879395,0.0,99565087
2016-08-30,1.3182873725891113,2.0850300788879395,0.0,2.0850300788879395,2.0484509468078613,2.0850300788879395,0.0,118288914
2016-08-31,1.3067238330841064,2.0667409896850586,0.0,2.0850300788879395,2.0667409896850586,2.0850300788879395,0.0,97022679
2016-09-01,1.2835954427719116,2.030160903930664,0.0,2.0850300788879395,2.030160903930664,2.0667409896850586,0.0,178922785
2016-09-02,1.2835954427719116,2.030160903930664,0.0,2.0484509468078613,2.011871099472046,2.0484509468078613,0.0,245510266
2016-09-05,1.2604681253433228,1.993582010269165,0.0,2.0484509468078613,1.9752919673919678,2.030160903930664,0.0,286420734
2016-09-06,1.2604681253433228,1.993582010269165,0.0,2.011871099472046,1.9752919673919678,1.993582010269165,0.0,198534322
2016-09-07,1.2604681253433228,1.993582010269165,0.0,2.030160903930664,1.993582010269165,2.011871099472046,0.0,109764465
2016-09-08,1.2489041090011597,1.9752919673919678,0.0,2.011871099472046,1.95700204372406,2.011871099472046,0.0,244451312
2016-09-09,1.237339973449707,1.95700204372406,0.0,1.993582010269165,1.9387120008468628,1.9752919673919678,0.0,165609751
2016-09-12,1.1910841464996338,1.883842945098877,0.0,1.9387120008468628,1.883842945098877,1.9387120008468628,0.0,257851609
2016-09-13,1.2142122983932495,1.9204230308532715,0.0,1.9387120008468628,1.9021329879760742,1.9021329879760742,0.0,178478602
2016-09-14,1.237339973449707,1.95700204372406,0.0,1.95700204372406,1.9204230308532715,1.9204230308532715,0.0,54749261
2016-09-15,1.2489041090011597,1.9752919673919678,0.0,1.993582010269165,1.9387120008468628,1.9387120008468628,0.0,151139346
2016-09-16,1.237339973449707,1.95700204372406,0.0,1.993582010269165,1.9387120008468628,1.9752919673919678,0.0,219003061
2016-09-19,1.2604681253433228,1.993582010269165,0.0,1.993582010269165,1.95700204372406,1.95700204372406,0.0,135377617
2016-09-20,1.2489041090011597,1.9752919673919678,0.0,1.993582010269165,1.9387120008468628,1.9752919673919678,0.0,94896898
2016-09-21,1.2489041090011597,1.9752919673919678,0.0,2.011871099472046,1.95700204372406,1.9752919673919678,0.0,167245093
2016-09-22,1.2720314264297485,2.011871099472046,0.0,2.030160903930664,1.993582010269165,2.011871099472046,0.0,184472781
2016-09-23,1.2604681253433228,1.993582010269165,0.0,2.011871099472046,1.9752919673919678,1.993582010269165,0.0,151663355
2016-09-26,1.2604681253433228,1.993582010269165,0.0,1.993582010269165,1.95700204372406,1.9752919673919678,0.0,78667584
2016-09-27,1.237339973449707,1.95700204372406,0.0,1.993582010269165,1.95700204372406,1.9752919673919678,0.0,118461688
2016-09-28,1.2142122983932495,1.9204230308532715,0.0,1.95700204372406,1.9204230308532715,1.95700204372406,0.0,209166401
2016-09-29,1.2257758378982544,1.9387120008468628,0.0,1.95700204372406,1.9387120008468628,1.9387120008468628,0.0,137384643
2016-09-30,1.2257758378982544,1.9387120008468628,0.0,1.95700204372406,1.9204230308532715,1.9387120008468628,0.0,109635212
2016-10-03,1.2257758378982544,1.9387120008468628,0.0,1.95700204372406,1.9204230308532715,1.9387120008468628,0.0,159553788
2016-10-04,1.2257758378982544,1.9387120008468628,0.0,1.9387120008468628,1.9021329879760742,1.9387120008468628,0.0,393129498
2016-10-05,1.237339973449707,1.95700204372406,0.0,1.95700204372406,1.9387120008468628,1.95700204372406,0.0,179505626
2016-10-06,1.2257758378982544,1.9387120008468628,0.0,1.95700204372406,1.9387120008468628,1.9387120008468628,0.0,68153932
2016-10-07,1.2142122983932495,1.9204230308532715,0.0,1.95700204372406,1.9204230308532715,1.9387120008468628,0.0,66330178
2016-10-10,1.1910841464996338,1.883842945098877,0.0,1.9021329879760742,1.8655530214309692,1.883842945098877,0.0,268327534
2016-10-11,1.1679565906524658,1.847264051437378,0.0,1.9021329879760742,1.8289740085601807,1.883842945098877,0.0,195097752
2016-10-12,1.1217010021209717,1.7741049528121948,0.0,1.8655530214309692,1.673511028289795,1.847264051437378,0.0,599732714
2016-10-13,1.139046549797058,1.8015389442443848,0.0,1.8015389442443848,1.7100909948349,1.7649600505828857,0.0,326662740
2016-10-14,1.1679565906524658,1.847264051437378,0.0,1.883842945098877,1.819828987121582,1.8655530214309692,0.0,474285799
2016-10-17,1.1795202493667603,1.8655530214309692,0.0,1.8655530214309692,1.8289740085601807,1.847264051437378,0.0,74465775
2016-10-18,1.1563926935195923,1.8289740085601807,0.0,1.8655530214309692,1.8289740085601807,1.8655530214309692,0.0,65030433
2016-10-19,1.1679565906524658,1.847264051437378,0.0,1.8655530214309692,1.8289740085601807,1.847264051437378,0.0,113093434
2016-10-20,1.2026482820510864,1.9021329879760742,0.0,1.9204230308532715,1.847264051437378,1.8655530214309692,0.0,358192213
2016-10-21,1.2142122983932495,1.9204230308532715,0.0,1.9204230308532715,1.883842945098877,1.9021329879760742,0.0,151315729
2016-10-25,1.2142122983932495,1.9204230308532715,0.0,1.9204230308532715,1.9021329879760742,1.9204230308532715,0.0,61266903
2016-10-26,1.1910841464996338,1.883842945098877,0.0,1.9204230308532715,1.8655530214309692,1.9021329879760742,0.0,110930364
2016-10-27,1.1910841464996338,1.883842945098877,0.0,1.9021329879760742,1.8655530214309692,1.883842945098877,0.0,88306209
2016-10-28,1.1795202493667603,1.8655530214309692,0.0,1.9021329879760742,1.8655530214309692,1.883842945098877,0.0,62159206
2016-10-31,1.2142122983932495,1.9204230308532715,0.0,1.9204230308532715,1.8655530214309692,1.8655530214309692,0.0,153401816
2016-11-01,1.2257758378982544,1.9387120008468628,0.0,1.9752919673919678,1.9204230308532715,1.9387120008468628,0.0,334119487
2016-11-02,1.2257758378982544,1.9387120008468628,0.0,1.9752919673919678,1.9204230308532715,1.9387120008468628,0.0,142771706
2016-11-03,1.2142122983932495,1.9204230308532715,0.0,1.95700204372406,1.9204230308532715,1.9387120008468628,0.0,96147325
2016-11-04,1.2026482820510864,1.9021329879760742,0.0,1.9387120008468628,1.883842945098877,1.9204230308532715,0.0,160844020
2016-11-07,1.2026482820510864,1.9021329879760742,0.0,1.9387120008468628,1.9021329879760742,1.9204230308532715,0.0,100439348
2016-11-08,1.2142122983932495,1.9204230308532715,0.0,1.9387120008468628,1.9021329879760742,1.9204230308532715,0.0,121900446
2016-11-09,1.2026482820510864,1.9021329879760742,0.0,1.9204230308532715,1.847264051437378,1.9021329879760742,0.0,433192059
2016-11-10,1.2026482820510864,1.9021329879760742,0.0,1.9204230308532715,1.9021329879760742,1.9204230308532715,0.0,98428057
2016-11-11,1.1910841464996338,1.883842945098877,0.0,1.9021329879760742,1.883842945098877,1.9021329879760742,0.0,70919963
2016-11-14,1.1795202493667603,1.8655530214309692,0.0,1.883842945098877,1.847264051437378,1.883842945098877,0.0,83240420
2016-11-15,1.1795202493667603,1.8655530214309692,0.0,1.883842945098877,1.8289740085601807,1.8655530214309692,0.0,164092944
2016-11-16,1.1679565906524658,1.847264051437378,0.0,1.8655530214309692,1.847264051437378,1.8655530214309692,0.0,36106573
2016-11-17,1.1679565906524658,1.847264051437378,0.0,1.883842945098877,1.8289740085601807,1.847264051437378,0.0,130867876
2016-11-18,1.1679565906524658,1.847264051437378,0.0,1.8655530214309692,1.8289740085601807,1.847264051437378,0.0,83868203
2016-11-21,1.1679565906524658,1.847264051437378,0.0,1.8655530214309692,1.8289740085601807,1.847264051437378,0.0,46894914
2016-11-22,1.1795202493667603,1.8655530214309692,0.0,1.8655530214309692,1.847264051437378,1.8655530214309692,0.0,33471326
2016-11-23,1.1679565906524658,1.847264051437378,0.0,1.8655530214309692,1.847264051437378,1.8655530214309692,0.0,37152733
2016-11-24,1.1679565906524658,1.847264051437378,0.0,1.8655530214309692,1.847264051437378,1.8655530214309692,0.0,78246364
2016-11-25,1.1679565906524658,1.847264051437378,0.0,1.8655530214309692,1.847264051437378,1.847264051437378,0.0,98587490
2016-11-28,1.1679565906524658,1.847264051437378,0.0,1.8655530214309692,1.8289740085601807,1.847264051437378,0.0,112967243
2016-11-29,1.1563926935195923,1.8289740085601807,0.0,1.8655530214309692,1.8289740085601807,1.847264051437378,0.0,72949735
2016-11-30,1.1679565906524658,1.847264051437378,0.0,1.8655530214309692,1.8289740085601807,1.8289740085601807,0.0,167272759
2016-12-01,1.1679565906524658,1.847264051437378,0.0,1.883842945098877,1.847264051437378,1.8655530214309692,0.0,143717919
2016-12-02,1.1679565906524658,1.847264051437378,0.0,1.8655530214309692,1.8289740085601807,1.8655530214309692,0.0,73249903
2016-12-06,1.1795202493667603,1.8655530214309692,0.0,1.8655530214309692,1.8289740085601807,1.847264051437378,0.0,111676465
2016-12-07,1.1910841464996338,1.883842945098877,0.0,1.883842945098877,1.847264051437378,1.8655530214309692,0.0,204815985
2016-12-08,1.2257758378982544,1.9387120008468628,0.0,1.9387120008468628,1.8655530214309692,1.883842945098877,0.0,334787075
2016-12-09,1.2142122983932495,1.9204230308532715,0.0,1.9387120008468628,1.9021329879760742,1.9387120008468628,0.0,126972906
2016-12-13,1.2142122983932495,1.9204230308532715,0.0,1.9387120008468628,1.9021329879760742,1.9204230308532715,0.0,108299053
2016-12-14,1.2142122983932495,1.9204230308532715,0.0,1.9387120008468628,1.9021329879760742,1.9387120008468628,0.0,61297084
2016-12-15,1.2257758378982544,1.9387120008468628,0.0,1.9387120008468628,1.9021329879760742,1.9204230308532715,0.0,76178648
2016-12-16,1.2142122983932495,1.9204230308532715,0.0,1.9387120008468628,1.9204230308532715,1.9387120008468628,0.0,43027282
2016-12-19,1.2142122983932495,1.9204230308532715,0.0,1.9387120008468628,1.9204230308532715,1.9204230308532715,0.0,84183243
2016-12-20,1.2026482820510864,1.9021329879760742,0.0,1.9204230308532715,1.9021329879760742,1.9204230308532715,0.0,71376941
2016-12-21,1.2142122983932495,1.9204230308532715,0.0,1.9204230308532715,1.9021329879760742,1.9204230308532715,0.0,41000791
2016-12-22,1.2026482820510864,1.9021329879760742,0.0,1.9204230308532715,1.883842945098877,1.9021329879760742,0.0,66283594
2016-12-23,1.2026482820510864,1.9021329879760742,0.0,1.9387120008468628,1.883842945098877,1.9021329879760742,0.0,113548224
2016-12-26,1.2026482820510864,1.9021329879760742,0.0,1.9204230308532715,1.883842945098877,1.9204230308532715,0.0,35800609
2016-12-27,1.2026482820510864,1.9021329879760742,0.0,1.9204230308532715,1.883842945098877,1.9021329879760742,0.0,39964145
2016-12-28,1.2142122983932495,1.9204230308532715,0.0,1.9204230308532715,1.9021329879760742,1.9021329879760742,0.0,20380492
2016-12-29,1.2257758378982544,1.9387120008468628,0.0,1.95700204372406,1.9021329879760742,1.9204230308532715,0.0,109662112
2016-12-30,1.2142122983932495,1.9204230308532715,0.0,1.95700204372406,1.9204230308532715,1.9387120008468628,0.0,53717973
2017-01-04,1.2489041090011597,1.9752919673919678,0.0,1.993582010269165,1.9387120008468628,1.9387120008468628,0.0,322505328
2017-01-05,1.2835954427719116,2.030160903930664,0.0,2.030160903930664,1.9752919673919678,1.9752919673919678,0.0,357454423
2017-01-06,1.3067238330841064,2.0667409896850586,0.0,2.0850300788879395,2.011871099472046,2.030160903930664,0.0,415997395
2017-01-09,1.3182873725891113,2.0850300788879395,0.0,2.0850300788879395,2.0484509468078613,2.0667409896850586,0.0,203987542
2017-01-10,1.3182873725891113,2.0850300788879395,0.0,2.121609926223755,2.0667409896850586,2.0850300788879395,0.0,349636818
2017-01-11,1.3182873725891113,2.0850300788879395,0.0,2.121609926223755,2.0667409896850586,2.1033198833465576,0.0,262333793
2017-01-12,1.3067238330841064,2.0667409896850586,0.0,2.121609926223755,2.0667409896850586,2.1033198833465576,0.0,113689178
2017-01-16,1.2951595783233643,2.0484509468078613,0.0,2.0667409896850586,1.993582010269165,2.0484509468078613,0.0,334056173
2017-01-17,1.2951595783233643,2.0484509468078613,0.0,2.1033198833465576,2.030160903930664,2.0484509468078613,0.0,243166220
2017-01-18,1.329851508140564,2.1033198833465576,0.0,2.121609926223755,2.0667409896850586,2.0850300788879395,0.0,459656617
2017-01-19,1.3067238330841064,2.0667409896850586,0.0,2.1033198833465576,2.0484509468078613,2.0850300788879395,0.0,274285737
2017-01-20,1.3182873725891113,2.0850300788879395,0.0,2.0850300788879395,2.0484509468078613,2.0667409896850586,0.0,124573420
2017-01-23,1.2951595783233643,2.0484509468078613,0.0,2.1033198833465576,2.0484509468078613,2.0850300788879395,0.0,97289714
2017-01-24,1.3182873725891113,2.0850300788879395,0.0,2.1033198833465576,2.0484509468078613,2.0484509468078613,0.0,152881962
2017-01-25,1.3529796600341797,2.139899969100952,0.0,2.139899969100952,2.0667409896850586,2.0850300788879395,0.0,451491167
2017-01-26,1.3529796600341797,2.139899969100952,0.0,2.158189058303833,2.1033198833465576,2.139899969100952,0.0,290370817
2017-01-27,1.3414154052734375,2.121609926223755,0.0,2.139899969100952,2.1033198833465576,2.121609926223755,0.0,132317978
2017-01-30,1.3414154052734375,2.121609926223755,0.0,2.139899969100952,2.0850300788879395,2.1033198833465576,0.0,74830023
2017-01-31,1.3529796600341797,2.139899969100952,0.0,2.139899969100952,2.0850300788879395,2.1033198833465576,0.0,138548027
2017-02-01,1.3761072158813477,2.1764791011810303,0.0,2.1947689056396484,2.121609926223755,2.121609926223755,0.0,307287073
2017-02-02,1.3761072158813477,2.1764791011810303,0.0,2.2130589485168457,2.158189058303833,2.1764791011810303,0.0,221488388
2017-02-03,1.3992351293563843,2.2130589485168457,0.0,2.2313480377197266,2.158189058303833,2.158189058303833,0.0,289655443
2017-02-06,1.4107986688613892,2.2313480377197266,0.0,2.267927885055542,2.2130589485168457,2.2130589485168457,0.0,329187981
2017-02-07,1.4107986688613892,2.2313480377197266,0.0,2.249638080596924,2.2130589485168457,2.2313480377197266,0.0,144337392
2017-02-08,1.4107986688613892,2.2313480377197266,0.0,2.249638080596924,2.2130589485168457,2.2313480377197266,0.0,126121172
2017-02-09,1.4339269399642944,2.267927885055542,0.0,2.267927885055542,2.2313480377197266,2.2313480377197266,0.0,139127915
2017-02-10,1.422363042831421,2.249638080596924,0.0,2.2862179279327393,2.249638080596924,2.267927885055542,0.0,122578312
2017-02-14,1.3992351293563843,2.2130589485168457,0.0,2.267927885055542,2.2130589485168457,2.249638080596924,0.0,155148806
2017-02-15,1.4107986688613892,2.2313480377197266,0.0,2.267927885055542,2.2130589485168457,2.2130589485168457,0.0,302527356
2017-02-16,1.422363042831421,2.249638080596924,0.0,2.249638080596924,2.2313480377197266,2.249638080596924,0.0,47586340
2017-02-17,1.422363042831421,2.249638080596924,0.0,2.267927885055542,2.2313480377197266,2.249638080596924,0.0,128163410
2017-02-20,1.4454911947250366,2.2862179279327393,0.0,2.30450701713562,2.267927885055542,2.267927885055542,0.0,280105720
2017-02-21,1.4454911947250366,2.2862179279327393,0.0,2.3227970600128174,2.267927885055542,2.2862179279327393,0.0,277362652
2017-02-22,1.4454911947250366,2.2862179279327393,0.0,2.30450701713562,2.267927885055542,2.30450701713562,0.0,164002183
2017-02-23,1.3761072158813477,2.1764791011810303,0.0,2.30450701713562,2.1764791011810303,2.30450701713562,0.0,232917088
2017-02-24,1.3992351293563843,2.2130589485168457,0.0,2.2313480377197266,2.1764791011810303,2.1947689056396484,0.0,113670807
2017-02-27,1.3992351293563843,2.2130589485168457,0.0,2.249638080596924,2.2130589485168457,2.2130589485168457,0.0,31158117
2017-02-28,1.4107986688613892,2.2313480377197266,0.0,2.249638080596924,2.2130589485168457,2.2313480377197266,0.0,59625437
2017-03-01,1.422363042831421,2.249638080596924,0.0,2.267927885055542,2.2313480377197266,2.249638080596924,0.0,51510834
2017-03-02,1.4454911947250366,2.2862179279327393,0.0,2.30450701713562,2.249638080596924,2.267927885055542,0.0,143415673
2017-03-03,1.4107986688613892,2.2313480377197266,0.0,2.267927885055542,2.2313480377197266,2.267927885055542,0.0,62138539
2017-03-06,1.3992351293563843,2.2130589485168457,0.0,2.249638080596924,2.1947689056396484,2.2313480377197266,0.0,52725504
2017-03-07,1.4107986688613892,2.2313480377197266,0.0,2.2313480377197266,2.1947689056396484,2.2130589485168457,0.0,65308184
2017-03-08,1.3992351293563843,2.2130589485168457,0.0,2.2313480377197266,2.1764791011810303,2.2130589485168457,0.0,174574228
2017-03-09,1.4107986688613892,2.2313480377197266,0.0,2.2313480377197266,2.1947689056396484,2.2130589485168457,0.0,59849715
2017-03-10,1.3876712322235107,2.1947689056396484,0.0,2.2313480377197266,2.1947689056396484,2.2130589485168457,0.0,70859820
2017-03-13,1.3414154052734375,2.121609926223755,0.0,2.1947689056396484,2.1033198833465576,2.1947689056396484,0.0,113681523
2017-03-14,1.364542841911316,2.158189058303833,0.0,2.1947689056396484,2.1033198833465576,2.121609926223755,0.0,166352134
2017-03-15,1.3992351293563843,2.2130589485168457,0.0,2.2130589485168457,2.158189058303833,2.1764791011810303,0.0,91410463
2017-03-16,1.4107986688613892,2.2313480377197266,0.0,2.267927885055542,2.2130589485168457,2.2313480377197266,0.0,117286057
2017-03-17,1.3876712322235107,2.1947689056396484,0.0,2.249638080596924,2.1947689056396484,2.249638080596924,0.0,81450783
2017-03-20,1.4107986688613892,2.2313480377197266,0.0,2.2313480377197266,2.158189058303833,2.1764791011810303,0.0,57275814
2017-03-21,1.3992351293563843,2.2130589485168457,0.0,2.2313480377197266,2.1764791011810303,2.2130589485168457,0.0,68418343
2017-03-22,1.3761072158813477,2.1764791011810303,0.0,2.2130589485168457,2.1764791011810303,2.1764791011810303,0.0,64392261
2017-03-23,1.3876712322235107,2.1947689056396484,0.0,2.2130589485168457,2.1764791011810303,2.1947689056396484,0.0,53936565
2017-03-24,1.3876712322235107,2.1947689056396484,0.0,2.2130589485168457,2.1764791011810303,2.1764791011810303,0.0,35810123
2017-03-27,1.3761072158813477,2.1764791011810303,0.0,2.2130589485168457,2.1764791011810303,2.1947689056396484,0.0,41362415
2017-03-28,1.364542841911316,2.158189058303833,0.0,2.2130589485168457,2.158189058303833,2.1764791011810303,0.0,74586499
2017-03-29,1.3761072158813477,2.1764791011810303,0.0,2.1947689056396484,2.158189058303833,2.158189058303833,0.0,43516737
2017-03-30,1.3992351293563843,2.2130589485168457,0.0,2.2130589485168457,2.158189058303833,2.1764791011810303,0.0,88645416
2017-03-31,1.4107986688613892,2.2313480377197266,0.0,2.249638080596924,2.1764791011810303,2.2130589485168457,0.0,134056002
2017-04-03,1.3876712322235107,2.1947689056396484,0.0,2.2313480377197266,2.1947689056396484,2.2313480377197266,0.0,54432034
2017-04-04,1.4107986688613892,2.2313480377197266,0.0,2.2313480377197266,2.1947689056396484,2.1947689056396484,0.0,34073631
2017-04-05,1.4107986688613892,2.2313480377197266,0.0,2.2313480377197266,2.2130589485168457,2.2313480377197266,0.0,26994691
2017-04-07,1.3876712322235107,2.1947689056396484,0.0,2.2313480377197266,2.1947689056396484,2.2130589485168457,0.0,59170100
2017-04-10,1.4107986688613892,2.2313480377197266,0.0,2.2313480377197266,2.1947689056396484,2.1947689056396484,0.0,63341836
2017-04-11,1.3992351293563843,2.2130589485168457,0.0,2.249638080596924,2.2130589485168457,2.2313480377197266,0.0,102206349
2017-04-12,1.4339269399642944,2.267927885055542,0.0,2.2862179279327393,2.2130589485168457,2.2313480377197266,0.0,188620132
2017-04-17,1.4457768201828003,2.2313480377197266,0.054869,2.2313480377197266,2.1947689056396484,2.2130589485168457,0.0,96199704
2017-04-18,1.3746737241744995,2.121609926223755,0.0,2.2130589485168457,2.1033198833465576,2.2130589485168457,0.0,430989951
2017-04-19,1.2917191982269287,1.993582010269165,0.0,2.121609926223755,1.993582010269165,2.1033198833465576,0.0,584470609
2017-04-20,1.350972056388855,2.0850300788879395,0.0,2.1033198833465576,2.011871099472046,2.011871099472046,0.0,359650298
2017-04-21,1.3272712230682373,2.0484509468078613,0.0,2.0850300788879395,2.0484509468078613,2.0850300788879395,0.0,60422495
2017-04-24,1.3391218185424805,2.0667409896850586,0.0,2.0850300788879395,2.0484509468078613,2.0667409896850586,0.0,46312621
2017-04-25,1.3272712230682373,2.0484509468078613,0.0,2.0850300788879395,2.0484509468078613,2.0667409896850586,0.0,100741594
2017-04-26,1.3391218185424805,2.0667409896850586,0.0,2.0850300788879395,2.0484509468078613,2.0667409896850586,0.0,108936241
2017-04-27,1.3272712230682373,2.0484509468078613,0.0,2.0667409896850586,2.0484509468078613,2.0667409896850586,0.0,66167136
2017-04-28,1.350972056388855,2.0850300788879395,0.0,2.0850300788879395,2.0484509468078613,2.0667409896850586,0.0,123448636
2017-05-02,1.3628227710723877,2.1033198833465576,0.0,2.1033198833465576,2.0667409896850586,2.0850300788879395,0.0,108992775
2017-05-03,1.3391218185424805,2.0667409896850586,0.0,2.1033198833465576,2.0667409896850586,2.0850300788879395,0.0,79516256
2017-05-04,1.350972056388855,2.0850300788879395,0.0,2.0850300788879395,2.0667409896850586,2.0667409896850586,0.0,47028541
2017-05-08,1.3391218185424805,2.0667409896850586,0.0,2.0850300788879395,2.0667409896850586,2.0850300788879395,0.0,19185943
2017-05-09,1.3272712230682373,2.0484509468078613,0.0,2.0850300788879395,2.0484509468078613,2.0667409896850586,0.0,43570319
2017-05-11,1.3154200315475464,2.030160903930664,0.0,2.0667409896850586,2.030160903930664,2.0484509468078613,0.0,80156834
2017-05-12,1.3035695552825928,2.011871099472046,0.0,2.030160903930664,1.993582010269165,2.030160903930664,0.0,165385362
2017-05-15,1.2917191982269287,1.993582010269165,0.0,1.993582010269165,1.993582010269165,1.993582010269165,0.0,6709880
2017-05-16,1.2798683643341064,1.9752919673919678,0.0,2.011871099472046,1.9387120008468628,1.993582010269165,0.0,247133034
2017-05-17,1.2798683643341064,1.9752919673919678,0.0,2.030160903930664,1.95700204372406,1.9752919673919678,0.0,189291000
2017-05-18,1.2798683643341064,1.9752919673919678,0.0,1.993582010269165,1.9752919673919678,1.9752919673919678,0.0,46369483
2017-05-19,1.3035695552825928,2.011871099472046,0.0,2.011871099472046,1.9752919673919678,1.993582010269165,0.0,35856816
2017-05-22,1.3154200315475464,2.030160903930664,0.0,2.030160903930664,1.993582010269165,2.011871099472046,0.0,83551195
2017-05-23,1.3035695552825928,2.011871099472046,0.0,2.030160903930664,2.011871099472046,2.011871099472046,0.0,45203693
2017-05-24,1.3154200315475464,2.030160903930664,0.0,2.030160903930664,2.011871099472046,2.011871099472046,0.0,47975301
2017-05-25,1.3154200315475464,2.030160903930664,0.0,2.0484509468078613,2.011871099472046,2.030160903930664,0.0,75069392
2017-05-26,1.3035695552825928,2.011871099472046,0.0,2.0484509468078613,2.011871099472046,2.030160903930664,0.0,51407826
2017-05-29,1.2917191982269287,1.993582010269165,0.0,2.030160903930664,1.993582010269165,2.011871099472046,0.0,52875206
2017-05-30,1.2917191982269287,1.993582010269165,0.0,2.011871099472046,1.993582010269165,2.011871099472046,0.0,38756692
2017-05-31,1.2798683643341064,1.9752919673919678,0.0,2.011871099472046,1.9752919673919678,2.011871099472046,0.0,110524344
2017-06-01,1.2798683643341064,1.9752919673919678,0.0,1.993582010269165,1.95700204372406,1.993582010269165,0.0,188185134
2017-06-02,1.2798683643341064,1.9752919673919678,0.0,1.993582010269165,1.95700204372406,1.9752919673919678,0.0,134504012
2017-06-05,1.2680177688598633,1.95700204372406,0.0,1.9752919673919678,1.9387120008468628,1.95700204372406,0.0,207061177
2017-06-06,1.2680177688598633,1.95700204372406,0.0,1.9752919673919678,1.9387120008468628,1.95700204372406,0.0,150793906
2017-06-07,1.2798683643341064,1.9752919673919678,0.0,1.993582010269165,1.95700204372406,1.95700204372406,0.0,72280179
2017-06-08,1.2917191982269287,1.993582010269165,0.0,2.011871099472046,1.9752919673919678,1.9752919673919678,0.0,95412815
2017-06-09,1.2798683643341064,1.9752919673919678,0.0,1.993582010269165,1.95700204372406,1.993582010269165,0.0,75859671
2017-06-12,1.2798683643341064,1.9752919673919678,0.0,1.993582010269165,1.95700204372406,1.993582010269165,0.0,33762637
2017-06-13,1.2798683643341064,1.9752919673919678,0.0,1.993582010269165,1.95700204372406,1.9752919673919678,0.0,57431967
2017-06-14,1.2798683643341064,1.9752919673919678,0.0,1.993582010269165,1.95700204372406,1.9752919673919678,0.0,48625174
2017-06-15,1.2917191982269287,1.993582010269165,0.0,1.993582010269165,1.95700204372406,1.9752919673919678,0.0,65186149
2017-06-16,1.2680177688598633,1.95700204372406,0.0,1.993582010269165,1.95700204372406,1.9752919673919678,0.0,53980853
2017-06-19,1.2917191982269287,1.993582010269165,0.0,1.993582010269165,1.95700204372406,1.9752919673919678,0.0,117500385
2017-06-20,1.2917191982269287,1.993582010269165,0.0,2.011871099472046,1.9752919673919678,1.993582010269165,0.0,135820488
2017-06-21,1.3154200315475464,2.030160903930664,0.0,2.0484509468078613,1.993582010269165,1.993582010269165,0.0,237630222
2017-06-22,1.3628227710723877,2.1033198833465576,0.0,2.121609926223755,2.030160903930664,2.0484509468078613,0.0,555240676
2017-06-23,1.3628227710723877,2.1033198833465576,0.0,2.121609926223755,2.0667409896850586,2.1033198833465576,0.0,233260450
2017-06-26,1.3628227710723877,2.1033198833465576,0.0,2.121609926223755,2.0850300788879395,2.121609926223755,0.0,79453707
2017-06-27,1.3628227710723877,2.1033198833465576,0.0,2.121609926223755,2.0850300788879395,2.1033198833465576,0.0,45883637
2017-06-28,1.350972056388855,2.0850300788879395,0.0,2.1033198833465576,2.0667409896850586,2.0850300788879395,0.0,66785406
2017-06-29,1.3628227710723877,2.1033198833465576,0.0,2.139899969100952,2.0667409896850586,2.0850300788879395,0.0,193495324
2017-06-30,1.3628227710723877,2.1033198833465576,0.0,2.121609926223755,2.0667409896850586,2.1033198833465576,0.0,126533425
2017-07-03,1.350972056388855,2.0850300788879395,0.0,2.1033198833465576,2.0667409896850586,2.1033198833465576,0.0,53404464
2017-07-04,1.3391218185424805,2.0667409896850586,0.0,2.0850300788879395,2.0484509468078613,2.0850300788879395,0.0,103965149
2017-07-05,1.3391218185424805,2.0667409896850586,0.0,2.0850300788879395,2.0484509468078613,2.0667409896850586,0.0,48380774
2017-07-06,1.3391218185424805,2.0667409896850586,0.0,2.0667409896850586,2.030160903930664,2.0484509468078613,0.0,83776130
2017-07-07,1.3391218185424805,2.0667409896850586,0.0,2.0667409896850586,2.030160903930664,2.0667409896850586,0.0,22296211
2017-07-11,1.3746737241744995,2.121609926223755,0.0,2.139899969100952,2.0667409896850586,2.0667409896850586,0.0,229279531
2017-07-12,1.3983745574951172,2.158189058303833,0.0,2.1764791011810303,2.1033198833465576,2.121609926223755,0.0,280180625
2017-07-13,1.350972056388855,2.0850300788879395,0.0,2.1947689056396484,2.0850300788879395,2.158189058303833,0.0,219941073
2017-07-14,1.3746737241744995,2.121609926223755,0.0,2.121609926223755,2.0667409896850586,2.0850300788879395,0.0,109704868
2017-07-17,1.3865244388580322,2.139899969100952,0.0,2.158189058303833,2.1033198833465576,2.139899969100952,0.0,204118654
2017-07-18,1.350972056388855,2.0850300788879395,0.0,2.1764791011810303,2.0850300788879395,2.158189058303833,0.0,251602533
2017-07-19,1.3746737241744995,2.121609926223755,0.0,2.139899969100952,2.0850300788879395,2.1033198833465576,0.0,72564491
2017-07-20,1.3628227710723877,2.1033198833465576,0.0,2.139899969100952,2.1033198833465576,2.121609926223755,0.0,119390843
2017-07-21,1.410225510597229,2.1764791011810303,0.0,2.1764791011810303,2.121609926223755,2.121609926223755,0.0,328703884
2017-07-24,1.410225510597229,2.1764791011810303,0.0,2.1947689056396484,2.158189058303833,2.1764791011810303,0.0,150397181
2017-07-25,1.4220762252807617,2.1947689056396484,0.0,2.249638080596924,2.1764791011810303,2.1764791011810303,0.0,440768436
2017-07-26,1.4339268207550049,2.2130589485168457,0.0,2.2130589485168457,2.158189058303833,2.1947689056396484,0.0,147899607
2017-07-27,1.4339268207550049,2.2130589485168457,0.0,2.2313480377197266,2.1764791011810303,2.2130589485168457,0.0,62857849
2017-07-31,1.3983745574951172,2.158189058303833,0.0,2.2130589485168457,2.121609926223755,2.1947689056396484,0.0,148835869
2017-08-01,1.3865244388580322,2.139899969100952,0.0,2.158189058303833,2.121609926223755,2.158189058303833,0.0,166152568
2017-08-02,1.410225510597229,2.1764791011810303,0.0,2.1764791011810303,2.139899969100952,2.139899969100952,0.0,69661334
2017-08-03,1.410225510597229,2.1764791011810303,0.0,2.1764791011810303,2.158189058303833,2.1764791011810303,0.0,39843203
2017-08-04,1.3746737241744995,2.121609926223755,0.0,2.1947689056396484,2.1033198833465576,2.1764791011810303,0.0,135881177
2017-08-07,1.3865244388580322,2.139899969100952,0.0,2.139899969100952,2.0850300788879395,2.139899969100952,0.0,128106547
2017-08-08,1.410225510597229,2.1764791011810303,0.0,2.1947689056396484,2.139899969100952,2.1764791011810303,0.0,124082325
2017-08-09,1.410225510597229,2.1764791011810303,0.0,2.1764791011810303,2.139899969100952,2.158189058303833,0.0,40552234
2017-08-10,1.3865244388580322,2.139899969100952,0.0,2.1764791011810303,2.121609926223755,2.158189058303833,0.0,65368327
2017-08-11,1.3746737241744995,2.121609926223755,0.0,2.139899969100952,2.0850300788879395,2.139899969100952,0.0,108200091
2017-08-15,1.3746737241744995,2.121609926223755,0.0,2.139899969100952,2.1033198833465576,2.139899969100952,0.0,60490184
2017-08-16,1.3746737241744995,2.121609926223755,0.0,2.139899969100952,2.0850300788879395,2.121609926223755,0.0,95007451
2017-08-17,1.3628227710723877,2.1033198833465576,0.0,2.139899969100952,2.0850300788879395,2.121609926223755,0.0,106698593
2017-08-18,1.350972056388855,2.0850300788879395,0.0,2.121609926223755,2.0850300788879395,2.1033198833465576,0.0,65796327
2017-08-21,1.3628227710723877,2.1033198833465576,0.0,2.121609926223755,2.0850300788879395,2.0850300788879395,0.0,38667024
2017-08-22,1.3865244388580322,2.139899969100952,0.0,2.158189058303833,2.1033198833465576,2.1033198833465576,0.0,75593949
2017-08-23,1.3746737241744995,2.121609926223755,0.0,2.158189058303833,2.1033198833465576,2.139899969100952,0.0,74275833
2017-08-24,1.3628227710723877,2.1033198833465576,0.0,2.139899969100952,2.0850300788879395,2.139899969100952,0.0,113433953
2017-08-25,1.410225510597229,2.1764791011810303,0.0,2.1764791011810303,2.1033198833465576,2.1033198833465576,0.0,137260639
2017-08-28,1.410225510597229,2.1764791011810303,0.0,2.1764791011810303,2.1764791011810303,2.1764791011810303,0.0,15762057
2017-08-29,1.4220762252807617,2.1947689056396484,0.0,2.2130589485168457,2.139899969100952,2.1764791011810303,0.0,302394276
2017-08-30,1.410225510597229,2.1764791011810303,0.0,2.2130589485168457,2.158189058303833,2.1947689056396484,0.0,218617927
2017-08-31,1.3983745574951172,2.158189058303833,0.0,2.1947689056396484,2.139899969100952,2.1947689056396484,0.0,193582586
2017-09-01,1.3983745574951172,2.158189058303833,0.0,2.1764791011810303,2.139899969100952,2.158189058303833,0.0,55169716
2017-09-04,1.3983745574951172,2.158189058303833,0.0,2.158189058303833,2.121609926223755,2.158189058303833,0.0,89367679
2017-09-05,1.3865244388580322,2.139899969100952,0.0,2.158189058303833,2.121609926223755,2.139899969100952,0.0,64648361
2017-09-06,1.3865244388580322,2.139899969100952,0.0,2.139899969100952,2.1033198833465576,2.139899969100952,0.0,168211427
2017-09-07,1.410225510597229,2.1764791011810303,0.0,2.1947689056396484,2.121609926223755,2.139899969100952,0.0,208620849
2017-09-08,1.3983745574951172,2.158189058303833,0.0,2.1947689056396484,2.158189058303833,2.1947689056396484,0.0,165461252
2017-09-11,1.3865244388580322,2.139899969100952,0.0,2.1764791011810303,2.121609926223755,2.1764791011810303,0.0,126705434
2017-09-12,1.3983745574951172,2.158189058303833,0.0,2.1764791011810303,2.139899969100952,2.158189058303833,0.0,152256912
2017-09-13,1.410225510597229,2.1764791011810303,0.0,2.2130589485168457,2.1764791011810303,2.1764791011810303,0.0,421584242
2017-09-14,1.4457768201828003,2.2313480377197266,0.0,2.249638080596924,2.158189058303833,2.1764791011810303,0.0,316437994
2017-09-15,1.469478726387024,2.267927885055542,0.0,2.2862179279327393,2.2130589485168457,2.2313480377197266,0.0,390274893
2017-09-18,1.4813296794891357,2.2862179279327393,0.0,2.3227970600128174,2.2313480377197266,2.267927885055542,0.0,454258510
2017-09-19,1.4576280117034912,2.249638080596924,0.0,2.30450701713562,2.2313480377197266,2.2862179279327393,0.0,260724804
2017-09-20,1.4813296794891357,2.2862179279327393,0.0,2.2862179279327393,2.2130589485168457,2.249638080596924,0.0,171291623
2017-09-21,1.4576280117034912,2.249638080596924,0.0,2.267927885055542,2.2130589485168457,2.267927885055542,0.0,143564500
2017-09-22,1.4457768201828003,2.2313480377197266,0.0,2.249638080596924,2.2130589485168457,2.2313480377197266,0.0,176981697
2017-09-25,1.469478726387024,2.267927885055542,0.0,2.267927885055542,2.2130589485168457,2.2313480377197266,0.0,81762980
2017-09-26,1.4576280117034912,2.249638080596924,0.0,2.267927885055542,2.2313480377197266,2.249638080596924,0.0,104016981
2017-09-27,1.4813296794891357,2.2862179279327393,0.0,2.30450701713562,2.2313480377197266,2.249638080596924,0.0,246216454
2017-09-28,1.4813296794891357,2.2862179279327393,0.0,2.2862179279327393,2.249638080596924,2.2862179279327393,0.0,142191599
2017-09-29,1.4931796789169312,2.30450701713562,0.0,2.30450701713562,2.249638080596924,2.267927885055542,0.0,125445712
2017-10-02,1.4813296794891357,2.2862179279327393,0.0,2.3227970600128174,2.249638080596924,2.30450701713562,0.0,261846963
2017-10-03,1.469478726387024,2.267927885055542,0.0,2.30450701713562,2.249638080596924,2.30450701713562,0.0,138309424
2017-10-04,1.4931796789169312,2.30450701713562,0.0,2.30450701713562,2.249638080596924,2.267927885055542,0.0,207694757
2017-10-05,1.4813296794891357,2.2862179279327393,0.0,2.3227970600128174,2.2862179279327393,2.30450701713562,0.0,99610031
2017-10-06,1.4931796789169312,2.30450701713562,0.0,2.3227970600128174,2.2862179279327393,2.30450701713562,0.0,92510095
2017-10-09,1.4813296794891357,2.2862179279327393,0.0,2.3227970600128174,2.2862179279327393,2.30450701713562,0.0,71870222
2017-10-10,1.5168814659118652,2.3410871028900146,0.0,2.3410871028900146,2.267927885055542,2.2862179279327393,0.0,415149707
2017-10-11,1.5168814659118652,2.3410871028900146,0.0,2.3776659965515137,2.3227970600128174,2.3410871028900146,0.0,268114409
2017-10-12,1.5287319421768188,2.359376907348633,0.0,2.3776659965515137,2.3410871028900146,2.359376907348633,0.0,232026863
2017-10-16,1.552432894706726,2.395956039428711,0.0,2.395956039428711,2.395956039428711,2.395956039428711,0.0,17324572
2017-10-17,1.4931796789169312,2.30450701713562,0.0,2.43253493309021,2.2862179279327393,2.395956039428711,0.0,549795220
2017-10-18,1.5287319421768188,2.359376907348633,0.0,2.359376907348633,2.267927885055542,2.30450701713562,0.0,361345784
2017-10-19,1.4931796789169312,2.30450701713562,0.0,2.3776659965515137,2.30450701713562,2.3410871028900146,0.0,198563628
2017-10-20,1.5287319421768188,2.359376907348633,0.0,2.359376907348633,2.30450701713562,2.30450701713562,0.0,148380860
2017-10-24,1.5050302743911743,2.3227970600128174,0.0,2.359376907348633,2.30450701713562,2.3410871028900146,0.0,140714159
2017-10-25,1.4931796789169312,2.30450701713562,0.0,2.3410871028900146,2.2862179279327393,2.30450701713562,0.0,127918901
2017-10-27,1.5287319421768188,2.359376907348633,0.0,2.3776659965515137,2.2862179279327393,2.30450701713562,0.0,153909314
2017-10-30,1.5287319421768188,2.359376907348633,0.0,2.395956039428711,2.3227970600128174,2.359376907348633,0.0,133302246
2017-10-31,1.5287319421768188,2.359376907348633,0.0,2.414246082305908,2.359376907348633,2.395956039428711,0.0,214461281
2017-11-01,1.552432894706726,2.395956039428711,0.0,2.43253493309021,2.359376907348633,2.359376907348633,0.0,249165211
2017-11-02,1.540582299232483,2.3776659965515137,0.0,2.414246082305908,2.3776659965515137,2.3776659965515137,0.0,147569367
2017-11-03,1.5287319421768188,2.359376907348633,0.0,2.395956039428711,2.359376907348633,2.3776659965515137,0.0,52492696
2017-11-06,1.540582299232483,2.3776659965515137,0.0,2.395956039428711,2.3410871028900146,2.3776659965515137,0.0,99062073
2017-11-07,1.5287319421768188,2.359376907348633,0.0,2.395956039428711,2.3410871028900146,2.3776659965515137,0.0,87112207
2017-11-08,1.540582299232483,2.3776659965515137,0.0,2.395956039428711,2.359376907348633,2.359376907348633,0.0,93234983
2017-11-09,1.5168814659118652,2.3410871028900146,0.0,2.395956039428711,2.3410871028900146,2.3776659965515137,0.0,65376201
2017-11-10,1.5050302743911743,2.3227970600128174,0.0,2.3410871028900146,2.30450701713562,2.3410871028900146,0.0,147909120
2017-11-13,1.5168814659118652,2.3410871028900146,0.0,2.3410871028900146,2.2862179279327393,2.30450701713562,0.0,81018956
2017-11-14,1.4931796789169312,2.30450701713562,0.0,2.3410871028900146,2.30450701713562,2.3227970600128174,0.0,100581067
2017-11-15,1.540582299232483,2.3776659965515137,0.0,2.395956039428711,2.30450701713562,2.30450701713562,0.0,196790394
2017-11-16,1.6116867065429688,2.4874050617218018,0.0,2.5056939125061035,2.395956039428711,2.395956039428711,0.0,756749453
2017-11-17,1.5998356342315674,2.4691150188446045,0.0,2.4874050617218018,2.43253493309021,2.4874050617218018,0.0,316750628
2017-11-20,1.6116867065429688,2.4874050617218018,0.0,2.523983955383301,2.4508249759674072,2.4691150188446045,0.0,165385909
2017-11-21,1.64723801612854,2.542273998260498,0.0,2.5605640411376953,2.4874050617218018,2.5056939125061035,0.0,304733839
2017-11-22,1.659089207649231,2.5605640411376953,0.0,2.5605640411376953,2.5056939125061035,2.523983955383301,0.0,199946152
2017-11-23,1.6827898025512695,2.5971429347991943,0.0,2.6154329776763916,2.5056939125061035,2.542273998260498,0.0,404678593
2017-11-24,1.659089207649231,2.5605640411376953,0.0,2.5971429347991943,2.523983955383301,2.578852891921997,0.0,175594472
2017-11-27,1.6827898025512695,2.5971429347991943,0.0,2.5971429347991943,2.523983955383301,2.542273998260498,0.0,143013043
2017-11-28,1.659089207649231,2.5605640411376953,0.0,2.5971429347991943,2.5605640411376953,2.578852891921997,0.0,101725314
2017-11-29,1.694640874862671,2.6154329776763916,0.0,2.6520121097564697,2.542273998260498,2.5605640411376953,0.0,367325966
2017-11-30,1.659089207649231,2.5605640411376953,0.0,2.633723020553589,2.5605640411376953,2.6154329776763916,0.0,200011653
2017-12-01,1.718341588973999,2.6520121097564697,0.0,2.780040979385376,2.633723020553589,2.6520121097564697,0.0,605089705
2017-12-04,1.7301925420761108,2.670301914215088,0.0,2.7068819999694824,2.6520121097564697,2.688591957092285,0.0,205533655
2017-12-06,1.7420432567596436,2.688591957092285,0.0,2.688591957092285,2.6520121097564697,2.670301914215088,0.0,171359530
2017-12-07,1.7657444477081299,2.7251710891723633,0.0,2.7251710891723633,2.670301914215088,2.688591957092285,0.0,234780318
2017-12-08,1.7420432567596436,2.688591957092285,0.0,2.7434608936309814,2.670301914215088,2.7251710891723633,0.0,145347357
2017-12-12,1.7538940906524658,2.7068819999694824,0.0,2.7068819999694824,2.670301914215088,2.688591957092285,0.0,126241568
2017-12-13,1.7775951623916626,2.7434608936309814,0.0,2.7434608936309814,2.688591957092285,2.7068819999694824,0.0,177640318
2017-12-14,1.7657444477081299,2.7251710891723633,0.0,2.7434608936309814,2.7251710891723633,2.7434608936309814,0.0,120066194
2017-12-15,1.7775951623916626,2.7434608936309814,0.0,2.7434608936309814,2.7068819999694824,2.7251710891723633,0.0,141420785
2017-12-18,1.7775951623916626,2.7434608936309814,0.0,2.780040979385376,2.7251710891723633,2.7434608936309814,0.0,248125612
2017-12-19,1.7775951623916626,2.7434608936309814,0.0,2.780040979385376,2.7434608936309814,2.7434608936309814,0.0,190330599
2017-12-20,1.7657444477081299,2.7251710891723633,0.0,2.7617509365081787,2.7251710891723633,2.7434608936309814,0.0,124535256
2017-12-21,1.7538940906524658,2.7068819999694824,0.0,2.7434608936309814,2.7068819999694824,2.7434608936309814,0.0,71341730
2017-12-22,1.7657444477081299,2.7251710891723633,0.0,2.7434608936309814,2.7068819999694824,2.7251710891723633,0.0,143876697
2017-12-25,1.7775951623916626,2.7434608936309814,0.0,2.7617509365081787,2.7068819999694824,2.7068819999694824,0.0,183364619
2017-12-26,1.8012964725494385,2.780040979385376,0.0,2.780040979385376,2.7251710891723633,2.7617509365081787,0.0,178785222
2017-12-27,1.7894457578659058,2.7617509365081787,0.0,2.798330068588257,2.7617509365081787,2.780040979385376,0.0,123835082
2017-12-28,1.7894457578659058,2.7617509365081787,0.0,2.780040979385376,2.7251710891723633,2.780040979385376,0.0,172235540
2017-12-29,1.7894457578659058,2.7617509365081787,0.0,2.780040979385376,2.7251710891723633,2.7617509365081787,0.0,155783479
2018-01-03,1.8249976634979248,2.816620111465454,0.0,2.8349099159240723,2.7617509365081787,2.780040979385376,0.0,359806233
2018-01-04,1.8249976634979248,2.816620111465454,0.0,2.8349099159240723,2.7434608936309814,2.8349099159240723,0.0,346283244
2018-01-05,1.8012964725494385,2.780040979385376,0.0,2.816620111465454,2.7617509365081787,2.816620111465454,0.0,308409341
2018-01-08,1.7894457578659058,2.7617509365081787,0.0,2.816620111465454,2.7617509365081787,2.780040979385376,0.0,195228317
2018-01-09,1.8012964725494385,2.780040979385376,0.0,2.780040979385376,2.780040979385376,2.780040979385376,0.0,12434728
2018-01-10,1.7894457578659058,2.7617509365081787,0.0,2.798330068588257,2.7617509365081787,2.780040979385376,0.0,174962642
2018-01-11,1.7894457578659058,2.7617509365081787,0.0,2.798330068588257,2.7434608936309814,2.7617509365081787,0.0,120653955
2018-01-12,1.813146948814392,2.798330068588257,0.0,2.798330068588257,2.7617509365081787,2.780040979385376,0.0,115688440
2018-01-15,1.8249976634979248,2.816620111465454,0.0,2.8349099159240723,2.798330068588257,2.798330068588257,0.0,310201165
2018-01-16,1.836848497390747,2.8349099159240723,0.0,2.8714890480041504,2.798330068588257,2.8349099159240723,0.0,417947778
2018-01-17,1.8249976634979248,2.816620111465454,0.0,2.8349099159240723,2.780040979385376,2.816620111465454,0.0,254482398
2018-01-18,1.8249976634979248,2.816620111465454,0.0,2.8531999588012695,2.798330068588257,2.8349099159240723,0.0,265515467
2018-01-19,1.8486989736557007,2.8531999588012695,0.0,2.8531999588012695,2.798330068588257,2.816620111465454,0.0,190304464
2018-01-22,1.8012964725494385,2.780040979385376,0.0,2.8531999588012695,2.780040979385376,2.8531999588012695,0.0,147544544
2018-01-23,1.8012964725494385,2.780040979385376,0.0,2.816620111465454,2.7617509365081787,2.798330068588257,0.0,223807284
2018-01-24,1.7894457578659058,2.7617509365081787,0.0,2.798330068588257,2.7617509365081787,2.780040979385376,0.0,86802088
2018-01-25,1.7538940906524658,2.7068819999694824,0.0,2.798330068588257,2.688591957092285,2.7617509365081787,0.0,471608998
2018-01-26,1.7775951623916626,2.7434608936309814,0.0,2.7434608936309814,2.633723020553589,2.7068819999694824,0.0,372218763
2018-01-29,1.7775951623916626,2.7434608936309814,0.0,2.780040979385376,2.7251710891723633,2.7434608936309814,0.0,127972811
2018-01-30,1.7538940906524658,2.7068819999694824,0.0,2.7617509365081787,2.670301914215088,2.7434608936309814,0.0,224977120
2018-01-31,1.718341588973999,2.6520121097564697,0.0,2.7068819999694824,2.6520121097564697,2.7068819999694824,0.0,260811738
2018-02-01,1.718341588973999,2.6520121097564697,0.0,2.7068819999694824,2.633723020553589,2.6520121097564697,0.0,237030213
2018-02-02,1.718341588973999,2.6520121097564697,0.0,2.7251710891723633,2.6520121097564697,2.670301914215088,0.0,320015299
2018-02-05,1.718341588973999,2.6520121097564697,0.0,2.670301914215088,2.6154329776763916,2.633723020553589,0.0,157793786
2018-02-06,1.7420432567596436,2.688591957092285,0.0,2.7068819999694824,2.578852891921997,2.5971429347991943,0.0,450028489
2018-02-07,1.7538940906524658,2.7068819999694824,0.0,2.7434608936309814,2.688591957092285,2.7068819999694824,0.0,226274568
2018-02-08,1.7420432567596436,2.688591957092285,0.0,2.7251710891723633,2.670301914215088,2.7068819999694824,0.0,142667604
2018-02-09,1.7538940906524658,2.7068819999694824,0.0,2.7434608936309814,2.633723020553589,2.6520121097564697,0.0,185299911
2018-02-12,1.7538940906524658,2.7068819999694824,0.0,2.7251710891723633,2.670301914215088,2.7068819999694824,0.0,95902270
2018-02-13,1.7301925420761108,2.670301914215088,0.0,2.7068819999694824,2.633723020553589,2.7068819999694824,0.0,261078882
2018-02-14,1.718341588973999,2.6520121097564697,0.0,2.670301914215088,2.633723020553589,2.6520121097564697,0.0,94187320
2018-02-15,1.718341588973999,2.6520121097564697,0.0,2.688591957092285,2.6520121097564697,2.670301914215088,0.0,56156170
2018-02-16,1.7301925420761108,2.670301914215088,0.0,2.688591957092285,2.6520121097564697,2.6520121097564697,0.0,64496910
2018-02-19,1.7301925420761108,2.670301914215088,0.0,2.688591957092285,2.6520121097564697,2.670301914215088,0.0,60353604
2018-02-20,1.718341588973999,2.6520121097564697,0.0,2.688591957092285,2.6520121097564697,2.670301914215088,0.0,29075420
2018-02-21,1.718341588973999,2.6520121097564697,0.0,2.670301914215088,2.633723020553589,2.6520121097564697,0.0,51416137
2018-02-22,1.694640874862671,2.6154329776763916,0.0,2.670301914215088,2.6154329776763916,2.6520121097564697,0.0,178603043
2018-02-23,1.718341588973999,2.6520121097564697,0.0,2.670301914215088,2.6154329776763916,2.633723020553589,0.0,89972936
2018-02-26,1.7657444477081299,2.7251710891723633,0.0,2.7251710891723633,2.670301914215088,2.670301914215088,0.0,180122146
2018-02-27,1.7775951623916626,2.7434608936309814,0.0,2.7434608936309814,2.670301914215088,2.7434608936309814,0.0,236666403
2018-02-28,1.7775951623916626,2.7434608936309814,0.0,2.7434608936309814,2.7068819999694824,2.7434608936309814,0.0,240258799
2018-03-02,1.7420432567596436,2.688591957092285,0.0,2.7434608936309814,2.670301914215088,2.7251710891723633,0.0,179908256
2018-03-05,1.7301925420761108,2.670301914215088,0.0,2.688591957092285,2.6520121097564697,2.688591957092285,0.0,99509975
2018-03-06,1.7064917087554932,2.633723020553589,0.0,2.633723020553589,2.633723020553589,2.633723020553589,0.0,21689422
2018-03-07,1.7301925420761108,2.670301914215088,0.0,2.688591957092285,2.633723020553589,2.633723020553589,0.0,143611958
2018-03-08,1.7420432567596436,2.688591957092285,0.0,2.688591957092285,2.633723020553589,2.670301914215088,0.0,103322166
2018-03-09,1.718341588973999,2.6520121097564697,0.0,2.688591957092285,2.633723020553589,2.688591957092285,0.0,114880009
2018-03-12,1.7420432567596436,2.688591957092285,0.0,2.7068819999694824,2.6520121097564697,2.688591957092285,0.0,125683878
2018-03-13,1.7064917087554932,2.633723020553589,0.0,2.688591957092285,2.5971429347991943,2.688591957092285,0.0,199844346
2018-03-14,1.6827898025512695,2.5971429347991943,0.0,2.6520121097564697,2.5971429347991943,2.633723020553589,0.0,211792025
2018-03-15,1.64723801612854,2.542273998260498,0.0,2.5971429347991943,2.4508249759674072,2.578852891921997,0.0,807792703
2018-03-16,1.6353874206542969,2.523983955383301,0.0,2.5971429347991943,2.523983955383301,2.578852891921997,0.0,195597048
2018-03-19,1.64723801612854,2.542273998260498,0.0,2.5971429347991943,2.542273998260498,2.542273998260498,0.0,326564871
2018-03-20,1.659089207649231,2.5605640411376953,0.0,2.5971429347991943,2.542273998260498,2.542273998260498,0.0,136683704
2018-03-21,1.6709392070770264,2.578852891921997,0.0,2.633723020553589,2.542273998260498,2.5971429347991943,0.0,324201142
2018-03-22,1.659089207649231,2.5605640411376953,0.0,2.5971429347991943,2.542273998260498,2.578852891921997,0.0,118087818
2018-03-23,1.64723801612854,2.542273998260498,0.0,2.5605640411376953,2.523983955383301,2.542273998260498,0.0,87947429
2018-03-26,1.659089207649231,2.5605640411376953,0.0,2.578852891921997,2.542273998260498,2.542273998260498,0.0,50089929
2018-03-27,1.6353874206542969,2.523983955383301,0.0,2.5971429347991943,2.523983955383301,2.5605640411376953,0.0,232086022
2018-03-28,1.6235368251800537,2.5056939125061035,0.0,2.542273998260498,2.4874050617218018,2.523983955383301,0.0,296135578
2018-03-29,1.4931796789169312,2.30450701713562,0.0,2.4691150188446045,2.267927885055542,2.4691150188446045,0.0,1256822272
2018-03-30,1.5168814659118652,2.3410871028900146,0.0,2.359376907348633,2.2313480377197266,2.3227970600128174,0.0,626792360
2018-04-02,1.5287319421768188,2.359376907348633,0.0,2.3776659965515137,2.30450701713562,2.3227970600128174,0.0,317825110
2018-04-03,1.5050302743911743,2.3227970600128174,0.0,2.3776659965515137,2.3227970600128174,2.3410871028900146,0.0,289687374
2018-04-04,1.4220762252807617,2.1947689056396484,0.0,2.3410871028900146,2.158189058303833,2.3227970600128174,0.0,815730704
2018-04-05,1.4220762252807617,2.1947689056396484,0.0,2.2313480377197266,2.158189058303833,2.2130589485168457,0.0,319624370
2018-04-09,1.410225510597229,2.1764791011810303,0.0,2.2313480377197266,2.139899969100952,2.2130589485168457,0.0,304539522
2018-04-10,1.4339268207550049,2.2130589485168457,0.0,2.2313480377197266,2.1764791011810303,2.1947689056396484,0.0,235946327
2018-04-11,1.4576280117034912,2.249638080596924,0.0,2.2862179279327393,2.2130589485168457,2.2313480377197266,0.0,223100002
2018-04-12,1.4576280117034912,2.249638080596924,0.0,2.267927885055542,2.2130589485168457,2.249638080596924,0.0,103388104
2018-04-17,1.4813296794891357,2.2862179279327393,0.0,2.30450701713562,2.2313480377197266,2.249638080596924,0.0,143987032
2018-04-18,1.5168814659118652,2.3410871028900146,0.0,2.3776659965515137,2.30450701713562,2.3227970600128174,0.0,259555405
2018-04-19,1.4931796789169312,2.30450701713562,0.0,2.3776659965515137,2.249638080596924,2.359376907348633,0.0,359519952
2018-04-20,1.5050302743911743,2.3227970600128174,0.0,2.3227970600128174,2.267927885055542,2.30450701713562,0.0,193364977
2018-04-23,1.468618631362915,2.2130589485168457,0.054869,2.2862179279327393,2.2130589485168457,2.267927885055542,0.0,181149607
2018-04-24,1.4564810991287231,2.1947689056396484,0.0,2.2313480377197266,2.1764791011810303,2.2313480377197266,0.0,179776160
2018-04-25,1.4322060346603394,2.158189058303833,0.0,2.1947689056396484,2.139899969100952,2.1764791011810303,0.0,254460747
2018-04-26,1.4322060346603394,2.158189058303833,0.0,2.1947689056396484,2.158189058303833,2.158189058303833,0.0,114456384
2018-04-27,1.4322060346603394,2.158189058303833,0.0,2.1764791011810303,2.1033198833465576,2.158189058303833,0.0,161037024
2018-04-30,1.4322060346603394,2.158189058303833,0.0,2.1947689056396484,2.158189058303833,2.1764791011810303,0.0,57262910
2018-05-02,1.4443435668945312,2.1764791011810303,0.0,2.1947689056396484,2.139899969100952,2.139899969100952,0.0,74344615
2018-05-03,1.4200693368911743,2.139899969100952,0.0,2.1764791011810303,2.139899969100952,2.158189058303833,0.0,203853588
2018-05-04,1.3715198040008545,2.0667409896850586,0.0,2.158189058303833,2.0667409896850586,2.139899969100952,0.0,448173132
2018-05-07,1.3957942724227905,2.1033198833465576,0.0,2.1033198833465576,2.0667409896850586,2.0667409896850586,0.0,164657195
2018-05-08,1.4322060346603394,2.158189058303833,0.0,2.1764791011810303,2.0667409896850586,2.1033198833465576,0.0,518876800
2018-05-09,1.4322060346603394,2.158189058303833,0.0,2.158189058303833,2.1033198833465576,2.139899969100952,0.0,231102082
2018-05-10,1.4322060346603394,2.158189058303833,0.0,2.1764791011810303,2.139899969100952,2.158189058303833,0.0,112965603
2018-05-11,1.468618631362915,2.2130589485168457,0.0,2.2130589485168457,2.121609926223755,2.158189058303833,0.0,227845066
2018-05-14,1.4443435668945312,2.1764791011810303,0.0,2.2130589485168457,2.1764791011810303,2.1947689056396484,0.0,74259430
2018-05-15,1.468618631362915,2.2130589485168457,0.0,2.2130589485168457,2.1764791011810303,2.1947689056396484,0.0,57327974
2018-05-16,1.4443435668945312,2.1764791011810303,0.0,2.2130589485168457,2.158189058303833,2.1947689056396484,0.0,87115816
2018-05-17,1.3957942724227905,2.1033198833465576,0.0,2.1764791011810303,2.1033198833465576,2.1764791011810303,0.0,217561926
2018-05-18,1.4079318046569824,2.121609926223755,0.0,2.139899969100952,2.0850300788879395,2.1033198833465576,0.0,83796032
2018-05-21,1.4807554483413696,2.2313480377197266,0.0,2.2313480377197266,2.121609926223755,2.121609926223755,0.0,258197267
2018-05-22,1.5050302743911743,2.267927885055542,0.0,2.267927885055542,2.1947689056396484,2.2313480377197266,0.0,204016958
2018-05-23,1.492893099784851,2.249638080596924,0.0,2.267927885055542,2.2130589485168457,2.249638080596924,0.0,167318030
2018-05-24,1.4564810991287231,2.1947689056396484,0.0,2.249638080596924,2.1947689056396484,2.2313480377197266,0.0,127930820
2018-05-25,1.4807554483413696,2.2313480377197266,0.0,2.2313480377197266,2.1947689056396484,2.2130589485168457,0.0,71652833
2018-05-28,1.5293048620224,2.30450701713562,0.0,2.3410871028900146,2.2130589485168457,2.249638080596924,0.0,351641876
2018-05-30,1.5293048620224,2.30450701713562,0.0,2.30450701713562,2.249638080596924,2.267927885055542,0.0,199486441
2018-05-31,1.5050302743911743,2.267927885055542,0.0,2.3227970600128174,2.267927885055542,2.30450701713562,0.0,210465708
2018-06-01,1.5050302743911743,2.267927885055542,0.0,2.2862179279327393,2.249638080596924,2.267927885055542,0.0,74379716
2018-06-04,1.492893099784851,2.249638080596924,0.0,2.267927885055542,2.249638080596924,2.249638080596924,0.0,80810424
2018-06-05,1.5293048620224,2.30450701713562,0.0,2.3227970600128174,2.249638080596924,2.267927885055542,0.0,222471453
2018-06-06,1.5414425134658813,2.3227970600128174,0.0,2.3410871028900146,2.2862179279327393,2.3227970600128174,0.0,161937966
2018-06-07,1.5171679258346558,2.2862179279327393,0.0,2.3410871028900146,2.2862179279327393,2.3227970600128174,0.0,115024024
2018-06-08,1.492893099784851,2.249638080596924,0.0,2.2862179279327393,2.2313480377197266,2.2862179279327393,0.0,191006934
2018-06-11,1.5050302743911743,2.267927885055542,0.0,2.2862179279327393,2.2313480377197266,2.249638080596924,0.0,80140322
2018-06-12,1.5050302743911743,2.267927885055542,0.0,2.3227970600128174,2.267927885055542,2.267927885055542,0.0,146977013
2018-06-13,1.5171679258346558,2.2862179279327393,0.0,2.3227970600128174,2.267927885055542,2.267927885055542,0.0,176724613
2018-06-14,1.492893099784851,2.249638080596924,0.0,2.2862179279327393,2.2313480377197266,2.267927885055542,0.0,149482024
2018-06-15,1.5050302743911743,2.267927885055542,0.0,2.2862179279327393,2.2313480377197266,2.249638080596924,0.0,127430540
2018-06-18,1.4807554483413696,2.2313480377197266,0.0,2.267927885055542,2.2313480377197266,2.249638080596924,0.0,115155136
2018-06-19,1.4322060346603394,2.158189058303833,0.0,2.2313480377197266,2.139899969100952,2.2130589485168457,0.0,225302767
2018-06-20,1.4443435668945312,2.1764791011810303,0.0,2.2130589485168457,2.158189058303833,2.158189058303833,0.0,114582028
2018-06-21,1.4079318046569824,2.121609926223755,0.0,2.2130589485168457,2.1033198833465576,2.1764791011810303,0.0,140792782
2018-06-22,1.3957942724227905,2.1033198833465576,0.0,2.158189058303833,2.0850300788879395,2.158189058303833,0.0,194382269
2018-06-25,1.383656620979309,2.0850300788879395,0.0,2.121609926223755,2.0667409896850586,2.121609926223755,0.0,144551829
2018-06-26,1.3957942724227905,2.1033198833465576,0.0,2.121609926223755,2.0667409896850586,2.0667409896850586,0.0,129995693
2018-06-27,1.4079318046569824,2.121609926223755,0.0,2.139899969100952,2.1033198833465576,2.1033198833465576,0.0,172980985
2018-06-28,1.4079318046569824,2.121609926223755,0.0,2.158189058303833,2.1033198833465576,2.139899969100952,0.0,140500269
2018-06-29,1.3957942724227905,2.1033198833465576,0.0,2.158189058303833,2.0667409896850586,2.139899969100952,0.0,184511054
2018-07-02,1.3957942724227905,2.1033198833465576,0.0,2.121609926223755,2.0484509468078613,2.0850300788879395,0.0,185211993
2018-07-03,1.3957942724227905,2.1033198833465576,0.0,2.139899969100952,2.0850300788879395,2.1033198833465576,0.0,109777477
2018-07-04,1.4322060346603394,2.158189058303833,0.0,2.1947689056396484,2.0850300788879395,2.0850300788879395,0.0,197225173
2018-07-05,1.3957942724227905,2.1033198833465576,0.0,2.1764791011810303,2.1033198833465576,2.158189058303833,0.0,144359590
2018-07-06,1.4079318046569824,2.121609926223755,0.0,2.158189058303833,2.0850300788879395,2.121609926223755,0.0,136253299
2018-07-09,1.468618631362915,2.2130589485168457,0.0,2.2130589485168457,2.121609926223755,2.139899969100952,0.0,163331643
2018-07-10,1.468618631362915,2.2130589485168457,0.0,2.2313480377197266,2.1764791011810303,2.2130589485168457,0.0,133559877
2018-07-11,1.4564810991287231,2.1947689056396484,0.0,2.2130589485168457,2.1764791011810303,2.1764791011810303,0.0,59134779
2018-07-12,1.4564810991287231,2.1947689056396484,0.0,2.2130589485168457,2.1764791011810303,2.1947689056396484,0.0,59136529
2018-07-13,1.5171679258346558,2.2862179279327393,0.0,2.30450701713562,2.1947689056396484,2.2130589485168457,0.0,360594762
2018-07-16,1.5050302743911743,2.267927885055542,0.0,2.30450701713562,2.2313480377197266,2.267927885055542,0.0,106431668
2018-07-17,1.4443435668945312,2.1764791011810303,0.0,2.30450701713562,2.158189058303833,2.267927885055542,0.0,362527430
2018-07-18,1.4564810991287231,2.1947689056396484,0.0,2.2313480377197266,2.158189058303833,2.1764791011810303,0.0,328125746
2018-07-19,1.4443435668945312,2.1764791011810303,0.0,2.2130589485168457,2.1764791011810303,2.1764791011810303,0.0,131310747
2018-07-20,1.3593823909759521,2.0484509468078613,0.0,2.1033198833465576,1.993582010269165,2.1033198833465576,0.0,1666875025
2018-07-23,1.3229702711105347,1.993582010269165,0.0,2.0484509468078613,1.9752919673919678,2.030160903930664,0.0,919807391
2018-07-24,1.3593823909759521,2.0484509468078613,0.0,2.0484509468078613,1.9752919673919678,2.011871099472046,0.0,930672278
2018-07-25,1.3715198040008545,2.0667409896850586,0.0,2.0850300788879395,2.030160903930664,2.0484509468078613,0.0,569336226
2018-07-26,1.3715198040008545,2.0667409896850586,0.0,2.1033198833465576,2.0484509468078613,2.1033198833465576,0.0,526177066
2018-07-31,1.3957942724227905,2.1033198833465576,0.0,2.121609926223755,2.0667409896850586,2.0850300788879395,0.0,672994537
2018-08-01,1.383656620979309,2.0850300788879395,0.0,2.121609926223755,2.0850300788879395,2.121609926223755,0.0,245842255
2018-08-02,1.383656620979309,2.0850300788879395,0.0,2.121609926223755,2.0667409896850586,2.0850300788879395,0.0,281180858
2018-08-03,1.3957942724227905,2.1033198833465576,0.0,2.121609926223755,2.0667409896850586,2.0850300788879395,0.0,172933746
2018-08-06,1.3715198040008545,2.0667409896850586,0.0,2.121609926223755,2.0667409896850586,2.1033198833465576,0.0,322159779
2018-08-07,1.3715198040008545,2.0667409896850586,0.0,2.0850300788879395,2.0484509468078613,2.0667409896850586,0.0,171732745
2018-08-08,1.383656620979309,2.0850300788879395,0.0,2.1033198833465576,2.0667409896850586,2.0850300788879395,0.0,288424261
2018-08-09,1.3957942724227905,2.1033198833465576,0.0,2.1033198833465576,2.0667409896850586,2.0850300788879395,0.0,106757971
2018-08-10,1.383656620979309,2.0850300788879395,0.0,2.1033198833465576,2.0667409896850586,2.0850300788879395,0.0,169586296
2018-08-14,1.3715198040008545,2.0667409896850586,0.0,2.0850300788879395,2.0484509468078613,2.0667409896850586,0.0,236156609
2018-08-15,1.3593823909759521,2.0484509468078613,0.0,2.0850300788879395,2.0484509468078613,2.0667409896850586,0.0,183622249
2018-08-16,1.3715198040008545,2.0667409896850586,0.0,2.0850300788879395,2.0484509468078613,2.0667409896850586,0.0,159096045
2018-08-17,1.3593823909759521,2.0484509468078613,0.0,2.0850300788879395,2.0484509468078613,2.0667409896850586,0.0,88917918
2018-08-20,1.3108329772949219,1.9752919673919678,0.0,2.0667409896850586,1.95700204372406,2.0667409896850586,0.0,1469563683
2018-08-21,1.3229702711105347,1.993582010269165,0.0,2.030160903930664,1.9752919673919678,2.011871099472046,0.0,410665117
2018-08-22,1.3229702711105347,1.993582010269165,0.0,2.011871099472046,1.9752919673919678,2.011871099472046,0.0,237951932
2018-08-23,1.3229702711105347,1.993582010269165,0.0,2.011871099472046,1.9752919673919678,2.011871099472046,0.0,88667286
2018-08-24,1.3229702711105347,1.993582010269165,0.0,1.993582010269165,1.9752919673919678,1.993582010269165,0.0,45009377
2018-08-27,1.3351075649261475,2.011871099472046,0.0,2.011871099472046,1.9752919673919678,1.993582010269165,0.0,160468837
2018-08-28,1.3351075649261475,2.011871099472046,0.0,2.030160903930664,1.993582010269165,2.011871099472046,0.0,116628093
2018-08-29,1.3229702711105347,1.993582010269165,0.0,2.011871099472046,1.993582010269165,2.011871099472046,0.0,87840265
2018-08-30,1.3351075649261475,2.011871099472046,0.0,2.030160903930664,1.993582010269165,2.011871099472046,0.0,168676387
2018-08-31,1.3351075649261475,2.011871099472046,0.0,2.030160903930664,1.993582010269165,2.011871099472046,0.0,116084728
2018-09-03,1.3351075649261475,2.011871099472046,0.0,2.030160903930664,1.993582010269165,2.011871099472046,0.0,91437472
2018-09-04,1.3351075649261475,2.011871099472046,0.0,2.030160903930664,1.993582010269165,2.011871099472046,0.0,189111774
2018-09-05,1.3229702711105347,1.993582010269165,0.0,2.011871099472046,1.9752919673919678,1.993582010269165,0.0,232636494
2018-09-06,1.3229702711105347,1.993582010269165,0.0,2.011871099472046,1.9752919673919678,1.993582010269165,0.0,90417447
2018-09-07,1.3229702711105347,1.993582010269165,0.0,2.011871099472046,1.9752919673919678,1.993582010269165,0.0,116891081
2018-09-10,1.3229702711105347,1.993582010269165,0.0,2.011871099472046,1.9752919673919678,1.993582010269165,0.0,87943164
2018-09-11,1.3108329772949219,1.9752919673919678,0.0,2.011871099472046,1.9752919673919678,1.993582010269165,0.0,75442935
2018-09-12,1.2986955642700195,1.95700204372406,0.0,1.9752919673919678,1.95700204372406,1.9752919673919678,0.0,99882314
2018-09-13,1.3229702711105347,1.993582010269165,0.0,2.011871099472046,1.9752919673919678,1.9752919673919678,0.0,296205999
2018-09-14,1.3351075649261475,2.011871099472046,0.0,2.030160903930664,1.9752919673919678,1.993582010269165,0.0,295654105
2018-09-17,1.3593823909759521,2.0484509468078613,0.0,2.0484509468078613,1.993582010269165,2.011871099472046,0.0,249482984
2018-09-18,1.383656620979309,2.0850300788879395,0.0,2.121609926223755,2.030160903930664,2.0484509468078613,0.0,679214088
2018-09-19,1.4443435668945312,2.1764791011810303,0.0,2.2862179279327393,2.139899969100952,2.2130589485168457,0.0,966
2018-09-20,1.4443435668945312,2.1764791011810303,0.0,2.1947689056396484,2.121609926223755,2.1764791011810303,0.0,388213737
2018-09-21,1.4443435668945312,2.1764791011810303,0.0,2.2313480377197266,2.1764791011810303,2.1947689056396484,0.0,461649756
2018-09-24,1.4564810991287231,2.1947689056396484,0.0,2.2313480377197266,2.158189058303833,2.1764791011810303,0.0,241026004
2018-09-25,1.468618631362915,2.2130589485168457,0.0,2.2313480377197266,2.1947689056396484,2.1947689056396484,0.0,138380611
2018-09-26,1.4443435668945312,2.1764791011810303,0.0,2.2313480377197266,2.158189058303833,2.2130589485168457,0.0,208060426
2018-09-27,1.4079318046569824,2.121609926223755,0.0,2.1764791011810303,2.1033198833465576,2.1764791011810303,0.0,447174540
2018-09-28,1.3957942724227905,2.1033198833465576,0.0,2.158189058303833,2.1033198833465576,2.139899969100952,0.0,276513324
2018-10-01,1.4200693368911743,2.139899969100952,0.0,2.158189058303833,2.1033198833465576,2.121609926223755,0.0,157613247
2018-10-02,1.4200693368911743,2.139899969100952,0.0,2.158189058303833,2.121609926223755,2.139899969100952,0.0,171965662
2018-10-03,1.4322060346603394,2.158189058303833,0.0,2.1947689056396484,2.121609926223755,2.139899969100952,0.0,344038161
2018-10-04,1.4079318046569824,2.121609926223755,0.0,2.1764791011810303,2.1033198833465576,2.158189058303833,0.0,295997905
2018-10-05,1.4322060346603394,2.158189058303833,0.0,2.158189058303833,2.121609926223755,2.139899969100952,0.0,96068264
2018-10-08,1.4079318046569824,2.121609926223755,0.0,2.158189058303833,2.121609926223755,2.158189058303833,0.0,188495472
2018-10-09,1.4200693368911743,2.139899969100952,0.0,2.158189058303833,2.121609926223755,2.121609926223755,0.0,120924380
2018-10-10,1.4200693368911743,2.139899969100952,0.0,2.158189058303833,2.121609926223755,2.158189058303833,0.0,100239126
2018-10-11,1.383656620979309,2.0850300788879395,0.0,2.1033198833465576,2.0667409896850586,2.0850300788879395,0.0,202808302
2018-10-12,1.3957942724227905,2.1033198833465576,0.0,2.121609926223755,2.0850300788879395,2.1033198833465576,0.0,109057620
2018-10-16,1.4200693368911743,2.139899969100952,0.0,2.158189058303833,2.121609926223755,2.121609926223755,0.0,66029353
2018-10-17,1.3715198040008545,2.0667409896850586,0.0,2.1764791011810303,2.0484509468078613,2.158189058303833,0.0,785182108
2018-10-18,1.3593823909759521,2.0484509468078613,0.0,2.0850300788879395,2.0484509468078613,2.0667409896850586,0.0,194987963
2018-10-19,1.3715198040008545,2.0667409896850586,0.0,2.0850300788879395,2.0484509468078613,2.0667409896850586,0.0,139710646
2018-10-22,1.383656620979309,2.0850300788879395,0.0,2.1033198833465576,2.0484509468078613,2.0667409896850586,0.0,157493289
2018-10-24,1.3715198040008545,2.0667409896850586,0.0,2.1033198833465576,2.0484509468078613,2.0484509468078613,0.0,132379434
2018-10-25,1.383656620979309,2.0850300788879395,0.0,2.0850300788879395,2.0484509468078613,2.0484509468078613,0.0,184599190
2018-10-26,1.3593823909759521,2.0484509468078613,0.0,2.0850300788879395,2.0484509468078613,2.0667409896850586,0.0,53937222
2018-10-29,1.3593823909759521,2.0484509468078613,0.0,2.0850300788879395,2.0484509468078613,2.0484509468078613,0.0,99338622
2018-10-30,1.3593823909759521,2.0484509468078613,0.0,2.0850300788879395,2.0484509468078613,2.0667409896850586,0.0,105445213
2018-10-31,1.383656620979309,2.0850300788879395,0.0,2.0850300788879395,2.0667409896850586,2.0667409896850586,0.0,37553614
2018-11-01,1.4079318046569824,2.121609926223755,0.0,2.139899969100952,2.0667409896850586,2.1033198833465576,0.0,206236016
2018-11-02,1.4322060346603394,2.158189058303833,0.0,2.1764791011810303,2.1033198833465576,2.121609926223755,0.0,246846315
2018-11-05,1.4322060346603394,2.158189058303833,0.0,2.1947689056396484,2.139899969100952,2.158189058303833,0.0,147412667
2018-11-06,1.3957942724227905,2.1033198833465576,0.0,2.1764791011810303,2.1033198833465576,2.158189058303833,0.0,180376605
2018-11-07,1.4200693368911743,2.139899969100952,0.0,2.139899969100952,2.1033198833465576,2.121609926223755,0.0,60484279
2018-11-08,1.4322060346603394,2.158189058303833,0.0,2.158189058303833,2.139899969100952,2.158189058303833,0.0,32782634
2018-11-09,1.4079318046569824,2.121609926223755,0.0,2.158189058303833,2.121609926223755,2.139899969100952,0.0,49821910
2018-11-12,1.4079318046569824,2.121609926223755,0.0,2.139899969100952,2.121609926223755,2.139899969100952,0.0,29786747
2018-11-13,1.4079318046569824,2.121609926223755,0.0,2.139899969100952,2.1033198833465576,2.121609926223755,0.0,70310113
2018-11-14,1.4079318046569824,2.121609926223755,0.0,2.139899969100952,2.1033198833465576,2.139899969100952,0.0,65395884
2018-11-15,1.4079318046569824,2.121609926223755,0.0,2.158189058303833,2.1033198833465576,2.1033198833465576,0.0,75549990
2018-11-16,1.3957942724227905,2.1033198833465576,0.0,2.139899969100952,2.1033198833465576,2.121609926223755,0.0,84880574
2018-11-19,1.4079318046569824,2.121609926223755,0.0,2.139899969100952,2.1033198833465576,2.121609926223755,0.0,45706270
2018-11-20,1.3593823909759521,2.0484509468078613,0.0,2.121609926223755,2.0484509468078613,2.1033198833465576,0.0,149412258
2018-11-21,1.383656620979309,2.0850300788879395,0.0,2.1033198833465576,2.030160903930664,2.030160903930664,0.0,140499285
2018-11-22,1.3715198040008545,2.0667409896850586,0.0,2.1033198833465576,2.0484509468078613,2.0850300788879395,0.0,72635788
2018-11-23,1.3715198040008545,2.0667409896850586,0.0,2.0850300788879395,2.0484509468078613,2.0667409896850586,0.0,112091124
2018-11-26,1.3957942724227905,2.1033198833465576,0.0,2.1033198833465576,2.0667409896850586,2.0850300788879395,0.0,70867037
2018-11-27,1.3957942724227905,2.1033198833465576,0.0,2.1033198833465576,2.0850300788879395,2.1033198833465576,0.0,22973202
2018-11-28,1.3957942724227905,2.1033198833465576,0.0,2.121609926223755,2.1033198833465576,2.121609926223755,0.0,54241326
2018-11-29,1.383656620979309,2.0850300788879395,0.0,2.121609926223755,2.0850300788879395,2.121609926223755,0.0,51199294
2018-11-30,1.4079318046569824,2.121609926223755,0.0,2.139899969100952,2.1033198833465576,2.1033198833465576,0.0,124742257
2018-12-03,1.4322060346603394,2.158189058303833,0.0,2.158189058303833,2.121609926223755,2.139899969100952,0.0,194315783
2018-12-04,1.4322060346603394,2.158189058303833,0.0,2.1764791011810303,2.121609926223755,2.158189058303833,0.0,143989000
2018-12-06,1.4079318046569824,2.121609926223755,0.0,2.139899969100952,2.121609926223755,2.121609926223755,0.0,62729253
2018-12-07,1.4200693368911743,2.139899969100952,0.0,2.139899969100952,2.121609926223755,2.139899969100952,0.0,36414724
2018-12-11,1.3957942724227905,2.1033198833465576,0.0,2.139899969100952,2.0850300788879395,2.121609926223755,0.0,141812370
2018-12-12,1.3715198040008545,2.0667409896850586,0.0,2.121609926223755,2.0667409896850586,2.1033198833465576,0.0,137516958
2018-12-13,1.3957942724227905,2.1033198833465576,0.0,2.121609926223755,2.0850300788879395,2.0850300788879395,0.0,117147291
2018-12-14,1.3957942724227905,2.1033198833465576,0.0,2.121609926223755,2.0850300788879395,2.1033198833465576,0.0,55348286
2018-12-17,1.3957942724227905,2.1033198833465576,0.0,2.121609926223755,2.0850300788879395,2.1033198833465576,0.0,78227446
2018-12-18,1.3957942724227905,2.1033198833465576,0.0,2.121609926223755,2.0850300788879395,2.1033198833465576,0.0,73472869
2018-12-19,1.4079318046569824,2.121609926223755,0.0,2.139899969100952,2.0850300788879395,2.1033198833465576,0.0,225413976
2018-12-20,1.3715198040008545,2.0667409896850586,0.0,2.158189058303833,2.0484509468078613,2.139899969100952,0.0,243721613
2018-12-21,1.3593823909759521,2.0484509468078613,0.0,2.1033198833465576,2.0484509468078613,2.0667409896850586,0.0,221127421
2018-12-24,1.3593823909759521,2.0484509468078613,0.0,2.0667409896850586,2.0484509468078613,2.0484509468078613,0.0,62080364
2018-12-25,1.3351075649261475,2.011871099472046,0.0,2.0484509468078613,2.011871099472046,2.030160903930664,0.0,122632660
2018-12-26,1.3351075649261475,2.011871099472046,0.0,2.030160903930664,1.993582010269165,2.030160903930664,0.0,87553328
2018-12-27,1.3229702711105347,1.993582010269165,0.0,2.0484509468078613,1.993582010269165,2.0484509468078613,0.0,158211834
2018-12-28,1.3351075649261475,2.011871099472046,0.0,2.0484509468078613,1.993582010269165,1.993582010269165,0.0,76609053
2019-01-02,1.3351075649261475,2.011871099472046,0.0,2.0484509468078613,1.993582010269165,2.030160903930664,0.0,106565295
2019-01-03,1.3229702711105347,1.993582010269165,0.0,2.030160903930664,1.993582010269165,2.011871099472046,0.0,109987431
2019-01-04,1.3351075649261475,2.011871099472046,0.0,2.011871099472046,1.9752919673919678,1.993582010269165,0.0,97578182
2019-01-07,1.3229702711105347,1.993582010269165,0.0,2.030160903930664,1.993582010269165,2.011871099472046,0.0,130708442
2019-01-08,1.3351075649261475,2.011871099472046,0.0,2.030160903930664,1.993582010269165,2.011871099472046,0.0,65327977
2019-01-09,1.3229702711105347,1.993582010269165,0.0,2.030160903930664,1.9752919673919678,2.030160903930664,0.0,121412522
2019-01-10,1.3351075649261475,2.011871099472046,0.0,2.011871099472046,1.993582010269165,1.993582010269165,0.0,31889018
2019-01-11,1.3351075649261475,2.011871099472046,0.0,2.011871099472046,1.993582010269165,2.011871099472046,0.0,50503931
2019-01-14,1.3108329772949219,1.9752919673919678,0.0,2.011871099472046,1.9752919673919678,2.011871099472046,0.0,69018460
2019-01-15,1.3229702711105347,1.993582010269165,0.0,2.011871099472046,1.9752919673919678,1.993582010269165,0.0,104137814
2019-01-16,1.3715198040008545,2.0667409896850586,0.0,2.0850300788879395,1.993582010269165,2.011871099472046,0.0,185590347
2019-01-17,1.3715198040008545,2.0667409896850586,0.0,2.1033198833465576,2.0484509468078613,2.1033198833465576,0.0,125635873
2019-01-18,1.3229702711105347,1.993582010269165,0.0,2.0850300788879395,1.993582010269165,2.0667409896850586,0.0,204464968
2019-01-21,1.3229702711105347,1.993582010269165,0.0,2.030160903930664,1.993582010269165,2.011871099472046,0.0,97308194
2019-01-22,1.3229702711105347,1.993582010269165,0.0,2.030160903930664,1.993582010269165,1.993582010269165,0.0,114897724
2019-01-23,1.3472448587417603,2.030160903930664,0.0,2.0484509468078613,1.993582010269165,2.011871099472046,0.0,182418624
2019-01-24,1.3351075649261475,2.011871099472046,0.0,2.0484509468078613,2.011871099472046,2.0484509468078613,0.0,92125618
2019-01-25,1.3351075649261475,2.011871099472046,0.0,2.0484509468078613,1.993582010269165,2.030160903930664,0.0,119142288
2019-01-28,1.3351075649261475,2.011871099472046,0.0,2.030160903930664,1.9752919673919678,2.011871099472046,0.0,167658112
2019-01-29,1.3229702711105347,1.993582010269165,0.0,2.011871099472046,1.9752919673919678,1.993582010269165,0.0,157949283
2019-01-30,1.3351075649261475,2.011871099472046,0.0,2.011871099472046,1.993582010269165,2.011871099472046,0.0,88595224
2019-01-31,1.3351075649261475,2.011871099472046,0.0,2.030160903930664,1.993582010269165,2.011871099472046,0.0,226646689
2019-02-01,1.3351075649261475,2.011871099472046,0.0,2.030160903930664,1.993582010269165,2.011871099472046,0.0,114491813
2019-02-04,1.3472448587417603,2.030160903930664,0.0,2.030160903930664,2.011871099472046,2.011871099472046,0.0,45889870
2019-02-05,1.3715198040008545,2.0667409896850586,0.0,2.0850300788879395,2.030160903930664,2.030160903930664,0.0,280058152
2019-02-06,1.3715198040008545,2.0667409896850586,0.0,2.0850300788879395,2.0484509468078613,2.0667409896850586,0.0,146105815
2019-02-07,1.3715198040008545,2.0667409896850586,0.0,2.0667409896850586,2.0484509468078613,2.0484509468078613,0.0,41017085
2019-02-08,1.3715198040008545,2.0667409896850586,0.0,2.121609926223755,2.0484509468078613,2.1033198833465576,0.0,580704127
2019-02-11,1.3472448587417603,2.030160903930664,0.0,2.0667409896850586,2.011871099472046,2.0667409896850586,0.0,193704402
2019-02-12,1.3472448587417603,2.030160903930664,0.0,2.0667409896850586,2.030160903930664,2.030160903930664,0.0,119756731
2019-02-13,1.3593823909759521,2.0484509468078613,0.0,2.0667409896850586,2.030160903930664,2.030160903930664,0.0,182281717
2019-02-14,1.3593823909759521,2.0484509468078613,0.0,2.1033198833465576,2.030160903930664,2.0484509468078613,0.0,256463618
2019-02-15,1.3715198040008545,2.0667409896850586,0.0,2.0850300788879395,2.0484509468078613,2.0667409896850586,0.0,138609373
2019-02-18,1.3715198040008545,2.0667409896850586,0.0,2.0850300788879395,2.0484509468078613,2.0667409896850586,0.0,104581888
2019-02-20,1.3715198040008545,2.0667409896850586,0.0,2.0850300788879395,2.0484509468078613,2.0667409896850586,0.0,107063497
2019-02-21,1.3715198040008545,2.0667409896850586,0.0,2.0850300788879395,2.0484509468078613,2.0667409896850586,0.0,97885458
2019-02-22,1.3715198040008545,2.0667409896850586,0.0,2.0850300788879395,2.0484509468078613,2.0667409896850586,0.0,48185364
2019-02-25,1.383656620979309,2.0850300788879395,0.0,2.0850300788879395,2.0667409896850586,2.0667409896850586,0.0,65408022
2019-02-26,1.383656620979309,2.0850300788879395,0.0,2.0850300788879395,2.0667409896850586,2.0850300788879395,0.0,32554528
2019-02-27,1.4079318046569824,2.121609926223755,0.0,2.158189058303833,2.1033198833465576,2.121609926223755,0.0,824372159
2019-02-28,1.383656620979309,2.0850300788879395,0.0,2.139899969100952,2.0850300788879395,2.139899969100952,0.0,229957834
2019-03-01,1.3715198040008545,2.0667409896850586,0.0,2.1033198833465576,2.0667409896850586,2.1033198833465576,0.0,83584984
2019-03-04,1.3593823909759521,2.0484509468078613,0.0,2.0850300788879395,2.0484509468078613,2.0667409896850586,0.0,158101499
2019-03-05,1.3593823909759521,2.0484509468078613,0.0,2.0850300788879395,2.0484509468078613,2.0667409896850586,0.0,117067464
2019-03-06,1.3472448587417603,2.030160903930664,0.0,2.0667409896850586,2.030160903930664,2.0667409896850586,0.0,174193906
2019-03-07,1.3593823909759521,2.0484509468078613,0.0,2.0667409896850586,2.030160903930664,2.030160903930664,0.0,110323357
2019-03-08,1.3593823909759521,2.0484509468078613,0.0,2.0667409896850586,2.030160903930664,2.0484509468078613,0.0,64484444
2019-03-11,1.3593823909759521,2.0484509468078613,0.0,2.0484509468078613,2.030160903930664,2.0484509468078613,0.0,29725073
2019-03-12,1.2986955642700195,1.95700204372406,0.0,2.011871099472046,1.9387120008468628,2.011871099472046,0.0,574557294
2019-03-13,1.3229702711105347,1.993582010269165,0.0,2.011871099472046,1.9387120008468628,1.95700204372406,0.0,272023595
2019-03-14,1.3108329772949219,1.9752919673919678,0.0,2.011871099472046,1.95700204372406,1.993582010269165,0.0,156986229
2019-03-15,1.2986955642700195,1.95700204372406,0.0,1.9752919673919678,1.9387120008468628,1.9752919673919678,0.0,167553900
2019-03-18,1.286557912826538,1.9387120008468628,0.0,1.9752919673919678,1.9204230308532715,1.95700204372406,0.0,302090281
2019-03-19,1.286557912826538,1.9387120008468628,0.0,1.9752919673919678,1.9387120008468628,1.9387120008468628,0.0,66667416
2019-03-20,1.286557912826538,1.9387120008468628,0.0,1.95700204372406,1.9387120008468628,1.9387120008468628,0.0,174883035
2019-03-21,1.2622836828231812,1.9021329879760742,0.0,1.95700204372406,1.9021329879760742,1.9387120008468628,0.0,286844032
2019-03-22,1.286557912826538,1.9387120008468628,0.0,1.9387120008468628,1.9021329879760742,1.9021329879760742,0.0,173667053
2019-03-25,1.2744210958480835,1.9204230308532715,0.0,1.9387120008468628,1.9021329879760742,1.9204230308532715,0.0,84272692
2019-03-26,1.2501459121704102,1.883842945098877,0.0,1.9204230308532715,1.8655530214309692,1.9021329879760742,0.0,259449116
2019-03-27,1.2380083799362183,1.8655530214309692,0.0,1.9021329879760742,1.8655530214309692,1.883842945098877,0.0,137988260
2019-03-28,1.2380083799362183,1.8655530214309692,0.0,1.883842945098877,1.847264051437378,1.8655530214309692,0.0,152350079
2019-03-29,1.2380083799362183,1.8655530214309692,0.0,1.9021329879760742,1.8655530214309692,1.883842945098877,0.0,95219483
2019-04-01,1.2380083799362183,1.8655530214309692,0.0,1.9021329879760742,1.847264051437378,1.8655530214309692,0.0,163153073
2019-04-02,1.2380083799362183,1.8655530214309692,0.0,1.883842945098877,1.8655530214309692,1.8655530214309692,0.0,54948280
2019-04-03,1.2380083799362183,1.8655530214309692,0.0,1.883842945098877,1.847264051437378,1.8655530214309692,0.0,135678113
2019-04-04,1.2380083799362183,1.8655530214309692,0.0,1.883842945098877,1.847264051437378,1.8655530214309692,0.0,41001010
2019-04-05,1.2501459121704102,1.883842945098877,0.0,1.883842945098877,1.847264051437378,1.8655530214309692,0.0,92337977
2019-04-09,1.2501459121704102,1.883842945098877,0.0,1.883842945098877,1.8655530214309692,1.883842945098877,0.0,40092085
2019-04-10,1.2744210958480835,1.9204230308532715,0.0,1.9204230308532715,1.8655530214309692,1.8655530214309692,0.0,145832656
2019-04-11,1.2622836828231812,1.9021329879760742,0.0,1.9204230308532715,1.883842945098877,1.9204230308532715,0.0,67997451
2019-04-12,1.2501459121704102,1.883842945098877,0.0,1.9204230308532715,1.883842945098877,1.9021329879760742,0.0,77134265
2019-04-17,1.2622836828231812,1.9021329879760742,0.0,1.9204230308532715,1.883842945098877,1.9021329879760742,0.0,82245436
2019-04-18,1.2622836828231812,1.9021329879760742,0.0,1.9204230308532715,1.8655530214309692,1.9021329879760742,0.0,289617608
2019-04-19,1.2501459121704102,1.883842945098877,0.0,1.9021329879760742,1.883842945098877,1.883842945098877,0.0,44230580
2019-04-22,1.2622836828231812,1.9021329879760742,0.0,1.9021329879760742,1.883842945098877,1.883842945098877,0.0,81756856
2019-04-23,1.2685637474060059,1.847264051437378,0.064014,1.8655530214309692,1.8289740085601807,1.847264051437378,0.0,157797832
2019-04-24,1.2685637474060059,1.847264051437378,0.0,1.8655530214309692,1.8289740085601807,1.847264051437378,0.0,140862876
2019-04-25,1.2685637474060059,1.847264051437378,0.0,1.8655530214309692,1.847264051437378,1.847264051437378,0.0,35742107
2019-04-26,1.2685637474060059,1.847264051437378,0.0,1.8655530214309692,1.819828987121582,1.847264051437378,0.0,204768527
2019-04-29,1.2497233152389526,1.819828987121582,0.0,1.847264051437378,1.8106839656829834,1.8289740085601807,0.0,320421538
2019-04-30,1.2685637474060059,1.847264051437378,0.0,1.847264051437378,1.819828987121582,1.819828987121582,0.0,141386886
2019-05-02,1.2560032606124878,1.8289740085601807,0.0,1.847264051437378,1.8289740085601807,1.847264051437378,0.0,38033336
2019-05-03,1.2497233152389526,1.819828987121582,0.0,1.847264051437378,1.819828987121582,1.8289740085601807,0.0,182242241
2019-05-07,1.2434433698654175,1.8106839656829834,0.0,1.8289740085601807,1.8106839656829834,1.819828987121582,0.0,137743205
2019-05-08,1.2308831214904785,1.7923940420150757,0.0,1.8106839656829834,1.7832499742507935,1.8106839656829834,0.0,358486695
2019-05-09,1.2371630668640137,1.8015389442443848,0.0,1.8106839656829834,1.7923940420150757,1.7923940420150757,0.0,82819200
2019-05-10,1.2308831214904785,1.7923940420150757,0.0,1.8106839656829834,1.7923940420150757,1.8015389442443848,0.0,68753175
2019-05-13,1.2308831214904785,1.7923940420150757,0.0,1.847264051437378,1.7923940420150757,1.8106839656829834,0.0,252935520
2019-05-14,1.224603533744812,1.7832499742507935,0.0,1.8015389442443848,1.7741049528121948,1.7832499742507935,0.0,166259732
2019-05-15,1.2183233499526978,1.7741049528121948,0.0,1.8015389442443848,1.7741049528121948,1.7923940420150757,0.0,94290547
2019-05-16,1.2183233499526978,1.7741049528121948,0.0,1.7923940420150757,1.7649600505828857,1.7741049528121948,0.0,69097412
2019-05-17,1.205763339996338,1.755815029144287,0.0,1.7923940420150757,1.7466700077056885,1.7832499742507935,0.0,143597742
2019-05-21,1.199483036994934,1.7466700077056885,0.0,1.7649600505828857,1.7283799648284912,1.755815029144287,0.0,152124926
2019-05-22,1.1932032108306885,1.7375249862670898,0.0,1.755815029144287,1.7375249862670898,1.7466700077056885,0.0,57661823
2019-05-23,1.174363374710083,1.7100909948349,0.0,1.7466700077056885,1.7100909948349,1.7375249862670898,0.0,128922414
2019-05-24,1.1932032108306885,1.7375249862670898,0.0,1.755815029144287,1.7009459733963013,1.7100909948349,0.0,132866811
2019-05-27,1.1932032108306885,1.7375249862670898,0.0,1.7466700077056885,1.7283799648284912,1.7375249862670898,0.0,70535595
2019-05-28,1.1932032108306885,1.7375249862670898,0.0,1.7466700077056885,1.7192349433898926,1.7375249862670898,0.0,178406540
2019-05-29,1.1869230270385742,1.7283799648284912,0.0,1.7375249862670898,1.7100909948349,1.7375249862670898,0.0,64907304
2019-05-30,1.1869230270385742,1.7283799648284912,0.0,1.7375249862670898,1.7192349433898926,1.7192349433898926,0.0,24335058
2019-05-31,1.1869230270385742,1.7283799648284912,0.0,1.7375249862670898,1.7192349433898926,1.7283799648284912,0.0,50311692
2019-06-04,1.199483036994934,1.7466700077056885,0.0,1.7741049528121948,1.7283799648284912,1.7375249862670898,0.0,181894943
2019-06-05,1.205763339996338,1.755815029144287,0.0,1.7741049528121948,1.7466700077056885,1.7466700077056885,0.0,213650007
2019-06-06,1.2120436429977417,1.7649600505828857,0.0,1.7649600505828857,1.755815029144287,1.755815029144287,0.0,42698683
2019-06-07,1.205763339996338,1.755815029144287,0.0,1.7741049528121948,1.755815029144287,1.7649600505828857,0.0,52328014
2019-06-10,1.2308831214904785,1.7923940420150757,0.0,1.7923940420150757,1.755815029144287,1.7649600505828857,0.0,123418455
2019-06-11,1.2560032606124878,1.8289740085601807,0.0,1.847264051437378,1.7923940420150757,1.7923940420150757,0.0,298895047
2019-06-12,1.2560032606124878,1.8289740085601807,0.0,1.847264051437378,1.819828987121582,1.8289740085601807,0.0,146822391
2019-06-13,1.2497233152389526,1.819828987121582,0.0,1.847264051437378,1.8106839656829834,1.819828987121582,0.0,72522610
2019-06-14,1.2497233152389526,1.819828987121582,0.0,1.847264051437378,1.8106839656829834,1.819828987121582,0.0,66288515
2019-06-17,1.2434433698654175,1.8106839656829834,0.0,1.8289740085601807,1.8106839656829834,1.8289740085601807,0.0,57535304
2019-06-18,1.2497233152389526,1.819828987121582,0.0,1.8289740085601807,1.8015389442443848,1.8106839656829834,0.0,148201962
2019-06-19,1.2497233152389526,1.819828987121582,0.0,1.847264051437378,1.8106839656829834,1.8289740085601807,0.0,134354201
2019-06-20,1.2497233152389526,1.819828987121582,0.0,1.8289740085601807,1.8106839656829834,1.819828987121582,0.0,145035051
2019-06-21,1.2560032606124878,1.8289740085601807,0.0,1.847264051437378,1.819828987121582,1.8289740085601807,0.0,181695159
2019-06-24,1.2434433698654175,1.8106839656829834,0.0,1.847264051437378,1.8106839656829834,1.847264051437378,0.0,72449673
2019-06-25,1.2497233152389526,1.819828987121582,0.0,1.819828987121582,1.8015389442443848,1.8106839656829834,0.0,98142760
2019-06-26,1.2371630668640137,1.8015389442443848,0.0,1.819828987121582,1.7923940420150757,1.8106839656829834,0.0,108509663
2019-06-27,1.2308831214904785,1.7923940420150757,0.0,1.8106839656829834,1.7923940420150757,1.8015389442443848,0.0,76338300
2019-06-28,1.2308831214904785,1.7923940420150757,0.0,1.8106839656829834,1.7923940420150757,1.7923940420150757,0.0,72342509
2019-07-01,1.2434433698654175,1.8106839656829834,0.0,1.8289740085601807,1.7923940420150757,1.8015389442443848,0.0,117250846
2019-07-02,1.2371630668640137,1.8015389442443848,0.0,1.8106839656829834,1.7923940420150757,1.8106839656829834,0.0,40442883
2019-07-03,1.2308831214904785,1.7923940420150757,0.0,1.8106839656829834,1.7923940420150757,1.8015389442443848,0.0,93987098
2019-07-04,1.2371630668640137,1.8015389442443848,0.0,1.8289740085601807,1.7832499742507935,1.8015389442443848,0.0,237934326
2019-07-05,1.2183233499526978,1.7741049528121948,0.0,1.8015389442443848,1.7649600505828857,1.8015389442443848,0.0,138565742
2019-07-08,1.2120436429977417,1.7649600505828857,0.0,1.7741049528121948,1.7649600505828857,1.7741049528121948,0.0,65560129
2019-07-09,1.1869230270385742,1.7283799648284912,0.0,1.7649600505828857,1.7192349433898926,1.755815029144287,0.0,271254202
2019-07-10,1.1932032108306885,1.7375249862670898,0.0,1.7466700077056885,1.7283799648284912,1.7283799648284912,0.0,102562286
2019-07-11,1.2120436429977417,1.7649600505828857,0.0,1.7923940420150757,1.7375249862670898,1.7466700077056885,0.0,216814403
2019-07-12,1.205763339996338,1.755815029144287,0.0,1.7832499742507935,1.7466700077056885,1.7741049528121948,0.0,70177799
2019-07-15,1.199483036994934,1.7466700077056885,0.0,1.7649600505828857,1.7466700077056885,1.755815029144287,0.0,39792355
2019-07-17,1.199483036994934,1.7466700077056885,0.0,1.755815029144287,1.7375249862670898,1.755815029144287,0.0,46230936
2019-07-18,1.199483036994934,1.7466700077056885,0.0,1.755815029144287,1.7375249862670898,1.7375249862670898,0.0,37914909
2019-07-19,1.2183233499526978,1.7741049528121948,0.0,1.7923940420150757,1.755815029144287,1.7649600505828857,0.0,135248473
2019-07-22,1.205763339996338,1.755815029144287,0.0,1.7741049528121948,1.7375249862670898,1.7649600505828857,0.0,110124776
2019-07-23,1.205763339996338,1.755815029144287,0.0,1.7741049528121948,1.755815029144287,1.7649600505828857,0.0,59051782
2019-07-24,1.2120436429977417,1.7649600505828857,0.0,1.7741049528121948,1.755815029144287,1.755815029144287,0.0,43113779
2019-07-25,1.2183233499526978,1.7741049528121948,0.0,1.7832499742507935,1.7466700077056885,1.7466700077056885,0.0,100597579
2019-07-26,1.199483036994934,1.7466700077056885,0.0,1.7741049528121948,1.7375249862670898,1.7649600505828857,0.0,107152728
2019-07-30,1.1869230270385742,1.7283799648284912,0.0,1.7466700077056885,1.7192349433898926,1.7375249862670898,0.0,141600886
2019-07-31,1.1869230270385742,1.7283799648284912,0.0,1.7375249862670898,1.7100909948349,1.7192349433898926,0.0,95631189
2019-08-01,1.18064284324646,1.7192349433898926,0.0,1.7283799648284912,1.7192349433898926,1.7283799648284912,0.0,32330687
2019-08-02,1.174363374710083,1.7100909948349,0.0,1.7283799648284912,1.7009459733963013,1.7192349433898926,0.0,107665693
2019-08-05,1.1492431163787842,1.673511028289795,0.0,1.7100909948349,1.6643660068511963,1.7009459733963013,0.0,127677017
2019-08-06,1.1429630517959595,1.6643660068511963,0.0,1.673511028289795,1.646075963973999,1.646075963973999,0.0,57873198
2019-08-07,1.1304025650024414,1.646075963973999,0.0,1.6643660068511963,1.6277869939804077,1.6552209854125977,0.0,120002989
2019-08-08,1.1241233348846436,1.6369320154190063,0.0,1.6552209854125977,1.618641972541809,1.646075963973999,0.0,71393234
2019-08-09,1.0676029920578003,1.5546280145645142,0.0,1.646075963973999,1.5546280145645142,1.646075963973999,0.0,298890017
2019-08-13,0.9922424554824829,1.444888949394226,0.0,1.4997589588165283,1.444888949394226,1.4906140565872192,0.0,303970351
2019-08-14,0.979682981967926,1.4265999794006348,0.0,1.4906140565872192,1.4265999794006348,1.4540339708328247,0.0,156151444
2019-08-15,0.9545626640319824,1.3900200128555298,0.0,1.4265999794006348,1.3808749914169312,1.4174549579620361,0.0,143926561
2019-08-16,0.9734026193618774,1.4174549579620361,0.0,1.4174549579620361,1.3717299699783325,1.3900200128555298,0.0,173062780
2019-08-19,0.9545626640319824,1.3900200128555298,0.0,1.435744047164917,1.3625849485397339,1.4174549579620361,0.0,133318211
2019-08-20,0.9608426690101624,1.3991650342941284,0.0,1.408310055732727,1.3808749914169312,1.3900200128555298,0.0,71919540
2019-08-21,0.9671226143836975,1.408310055732727,0.0,1.4174549579620361,1.3808749914169312,1.3991650342941284,0.0,78116346
2019-08-22,0.9420022368431091,1.3717299699783325,0.0,1.3991650342941284,1.3717299699783325,1.3900200128555298,0.0,118669236
2019-08-23,0.9608426690101624,1.3991650342941284,0.0,1.3991650342941284,1.3717299699783325,1.3808749914169312,0.0,60305599
2019-08-26,0.9482825398445129,1.3808749914169312,0.0,1.3900200128555298,1.3625849485397339,1.3717299699783325,0.0,56784610
2019-08-27,0.9294425249099731,1.3534409999847412,0.0,1.3808749914169312,1.3442959785461426,1.3808749914169312,0.0,135352575
2019-08-28,0.9043223261833191,1.3168610334396362,0.0,1.3534409999847412,1.3077160120010376,1.3534409999847412,0.0,168869610
2019-08-29,0.9545626640319824,1.3900200128555298,0.0,1.4174549579620361,1.3260060548782349,1.3260060548782349,0.0,256624145
2019-08-30,0.979682981967926,1.4265999794006348,0.0,1.4265999794006348,1.3900200128555298,1.3900200128555298,0.0,117816737
2019-09-02,0.979682981967926,1.4265999794006348,0.0,1.435744047164917,1.3808749914169312,1.4265999794006348,0.0,97757626
2019-09-03,0.9608426690101624,1.3991650342941284,0.0,1.4265999794006348,1.3900200128555298,1.4265999794006348,0.0,62942706
2019-09-04,0.979682981967926,1.4265999794006348,0.0,1.4265999794006348,1.3991650342941284,1.408310055732727,0.0,97192610
2019-09-05,0.985962450504303,1.435744047164917,0.0,1.444888949394226,1.4174549579620361,1.435744047164917,0.0,77035850
2019-09-06,0.985962450504303,1.435744047164917,0.0,1.4540339708328247,1.4265999794006348,1.444888949394226,0.0,55371905
2019-09-09,0.9734026193618774,1.4174549579620361,0.0,1.435744047164917,1.408310055732727,1.435744047164917,0.0,41892985
2019-09-10,0.979682981967926,1.4265999794006348,0.0,1.435744047164917,1.408310055732727,1.4174549579620361,0.0,56833052
2019-09-11,1.0676029920578003,1.5546280145645142,0.0,1.5637730360031128,1.4265999794006348,1.4265999794006348,0.0,412521677
2019-09-12,1.1052829027175903,1.6094969511032104,0.0,1.618641972541809,1.5637730360031128,1.5729180574417114,0.0,405155472
2019-09-13,1.0801632404327393,1.5729180574417114,0.0,1.6277869939804077,1.536337971687317,1.618641972541809,0.0,330219378
2019-09-16,1.0550427436828613,1.536337971687317,0.0,1.582062005996704,1.5089030265808105,1.5729180574417114,0.0,147614092
2019-09-17,1.0864425897598267,1.582062005996704,0.0,1.5912070274353027,1.5271929502487183,1.5271929502487183,0.0,251195857
2019-09-18,1.0801632404327393,1.5729180574417114,0.0,1.5912070274353027,1.5546280145645142,1.582062005996704,0.0,159807264
2019-09-19,1.0676029920578003,1.5546280145645142,0.0,1.5912070274353027,1.5454829931259155,1.582062005996704,0.0,186490852
2019-09-20,1.1052829027175903,1.6094969511032104,0.0,1.6094969511032104,1.5637730360031128,1.5637730360031128,0.0,263670608
2019-09-23,1.073883056640625,1.5637730360031128,0.0,1.6094969511032104,1.5637730360031128,1.6094969511032104,0.0,180503781
2019-09-24,1.0864425897598267,1.582062005996704,0.0,1.6003520488739014,1.5637730360031128,1.5637730360031128,0.0,317619093
2019-09-25,1.1115630865097046,1.618641972541809,0.0,1.6277869939804077,1.5729180574417114,1.582062005996704,0.0,420991779
2019-09-26,1.0987612009048462,1.600000023841858,0.0,1.6299999952316284,1.600000023841858,1.6100000143051147,0.0,231106500
2019-09-27,1.0781595706939697,1.5700000524520874,0.0,1.6100000143051147,1.5399999618530273,1.600000023841858,0.0,202669100
2019-09-30,1.0781595706939697,1.5700000524520874,0.0,1.5800000429153442,1.5499999523162842,1.5700000524520874,0.0,69136100
2019-10-01,1.0712921619415283,1.559999942779541,0.0,1.5700000524520874,1.5399999618530273,1.5700000524520874,0.0,58060300
2019-10-02,1.0506902933120728,1.5299999713897705,0.0,1.5499999523162842,1.5099999904632568,1.5399999618530273,0.0,105421900
2019-10-03,1.057557463645935,1.5399999618530273,0.0,1.5399999618530273,1.5099999904632568,1.5199999809265137,0.0,79261500
2019-10-04,1.0506902933120728,1.5299999713897705,0.0,1.5399999618530273,1.5099999904632568,1.5399999618530273,0.0,75498400
2019-10-07,1.043823003768921,1.5199999809265137,0.0,1.5299999713897705,1.5,1.5299999713897705,0.0,47517800
2019-10-08,1.0300885438919067,1.5,0.0,1.5199999809265137,1.4900000095367432,1.5099999904632568,0.0,110138500
2019-10-09,1.023221492767334,1.4900000095367432,0.0,1.5,1.4800000190734863,1.5,0.0,77479100
2019-10-10,1.036955714225769,1.5099999904632568,0.0,1.5299999713897705,1.4900000095367432,1.4900000095367432,0.0,89183400
2019-10-11,1.023221492767334,1.4900000095367432,0.0,1.5199999809265137,1.4700000286102295,1.5099999904632568,0.0,167128800
2019-10-15,1.0026195049285889,1.4600000381469727,0.0,1.4900000095367432,1.4500000476837158,1.4900000095367432,0.0,267087000
2019-10-16,0.9888849258422852,1.440000057220459,0.0,1.4600000381469727,1.4199999570846558,1.4600000381469727,0.0,263614200
2019-10-17,0.9888849258422852,1.440000057220459,0.0,1.4500000476837158,1.4299999475479126,1.4500000476837158,0.0,176445800
2019-10-18,0.9957524538040161,1.4500000476837158,0.0,1.4600000381469727,1.440000057220459,1.440000057220459,0.0,513295500
2019-10-21,0.9820177555084229,1.4299999475479126,0.0,1.4500000476837158,1.4299999475479126,1.4500000476837158,0.0,173854800
2019-10-22,0.9751505851745605,1.4199999570846558,0.0,1.440000057220459,1.409999966621399,1.4299999475479126,0.0,248535000
2019-10-24,0.9751505851745605,1.4199999570846558,0.0,1.4299999475479126,1.409999966621399,1.4199999570846558,0.0,248677800
2019-10-25,0.9751505851745605,1.4199999570846558,0.0,1.4299999475479126,1.409999966621399,1.4299999475479126,0.0,119189900
2019-10-28,0.9614159464836121,1.399999976158142,0.0,1.4199999570846558,1.3899999856948853,1.409999966621399,0.0,153720000
2019-10-29,0.9682831764221191,1.409999966621399,0.0,1.4299999475479126,1.399999976158142,1.409999966621399,0.0,103019000
2019-10-30,0.9751505851745605,1.4199999570846558,0.0,1.4299999475479126,1.409999966621399,1.409999966621399,0.0,197730400
2019-10-31,0.9888849258422852,1.440000057220459,0.0,1.440000057220459,1.409999966621399,1.4199999570846558,0.0,169955100
2019-11-01,0.9820177555084229,1.4299999475479126,0.0,1.440000057220459,1.4199999570846558,1.4299999475479126,0.0,172658700
2019-11-04,0.9888849258422852,1.440000057220459,0.0,1.4500000476837158,1.4299999475479126,1.4299999475479126,0.0,128408000
2019-11-05,0.9888849258422852,1.440000057220459,0.0,1.4500000476837158,1.4299999475479126,1.440000057220459,0.0,195937600
2019-11-06,0.9888849258422852,1.440000057220459,0.0,1.4500000476837158,1.4299999475479126,1.440000057220459,0.0,214097800
2019-11-07,0.9957524538040161,1.4500000476837158,0.0,1.4500000476837158,1.440000057220459,1.440000057220459,0.0,130455200
2019-11-08,1.0026195049285889,1.4600000381469727,0.0,1.4700000286102295,1.4500000476837158,1.4500000476837158,0.0,340239500
2019-11-11,0.9888849258422852,1.440000057220459,0.0,1.4600000381469727,1.440000057220459,1.4600000381469727,0.0,197064600
2019-11-12,0.9888849258422852,1.440000057220459,0.0,1.4500000476837158,1.440000057220459,1.4500000476837158,0.0,124127400
2019-11-13,0.9820177555084229,1.4299999475479126,0.0,1.4500000476837158,1.4299999475479126,1.4500000476837158,0.0,151947600
2019-11-14,0.9820177555084229,1.4299999475479126,0.0,1.440000057220459,1.4299999475479126,1.440000057220459,0.0,129541700
2019-11-15,0.9751505851745605,1.4199999570846558,0.0,1.440000057220459,1.409999966621399,1.4299999475479126,0.0,247564300
2019-11-18,0.9751505851745605,1.4199999570846558,0.0,1.4299999475479126,1.409999966621399,1.4299999475479126,0.0,95087900
2019-11-19,0.9614159464836121,1.399999976158142,0.0,1.4299999475479126,1.399999976158142,1.4199999570846558,0.0,255661900
2019-11-20,0.9682831764221191,1.409999966621399,0.0,1.409999966621399,1.399999976158142,1.409999966621399,0.0,227400700
2019-11-21,0.9682831764221191,1.409999966621399,0.0,1.409999966621399,1.399999976158142,1.409999966621399,0.0,236129400
2019-11-22,0.9957524538040161,1.4500000476837158,0.0,1.4500000476837158,1.409999966621399,1.409999966621399,0.0,202055200
2019-11-25,1.0163540840148926,1.4800000190734863,0.0,1.5,1.4500000476837158,1.4500000476837158,0.0,294458100
2019-11-26,1.0506902933120728,1.5299999713897705,0.0,1.590000033378601,1.4800000190734863,1.4900000095367432,0.0,875046000
2019-11-27,1.1399646997451782,1.659999966621399,0.0,1.6699999570846558,1.5399999618530273,1.5499999523162842,0.0,973895500
2019-11-28,1.126230001449585,1.6399999856948853,0.0,1.7200000286102295,1.6100000143051147,1.6699999570846558,0.0,727934100
2019-11-29,1.1192350387573242,1.600000023841858,0.03,1.6200000047683716,1.5700000524520874,1.6100000143051147,0.0,615430300
2019-12-02,1.1052443981170654,1.5800000429153442,0.0,1.6100000143051147,1.5700000524520874,1.600000023841858,0.0,130339000
2019-12-03,1.0912541151046753,1.559999942779541,0.0,1.5800000429153442,1.4900000095367432,1.5299999713897705,0.0,458415900
2019-12-04,1.0562779903411865,1.5099999904632568,0.0,1.559999942779541,1.5,1.5499999523162842,0.0,559978200
2019-12-06,1.0422875881195068,1.4900000095367432,0.0,1.5399999618530273,1.4800000190734863,1.5099999904632568,0.0,417683300
2019-12-09,1.0422875881195068,1.4900000095367432,0.0,1.4900000095367432,1.440000057220459,1.4800000190734863,0.0,562466900
2019-12-11,1.0702683925628662,1.5299999713897705,0.0,1.5499999523162842,1.4900000095367432,1.5099999904632568,0.0,624256900
2019-12-12,1.0352922677993774,1.4800000190734863,0.0,1.5499999523162842,1.4800000190734863,1.5499999523162842,0.0,600522400
2019-12-13,1.0562779903411865,1.5099999904632568,0.0,1.5199999809265137,1.5,1.5,0.0,285922800
2019-12-16,1.0492827892303467,1.5,0.0,1.5299999713897705,1.4900000095367432,1.5,0.0,127105600
2019-12-17,1.0982493162155151,1.5700000524520874,0.0,1.5700000524520874,1.4900000095367432,1.5099999904632568,0.0,447647600
2019-12-18,1.084258794784546,1.5499999523162842,0.0,1.5700000524520874,1.5399999618530273,1.559999942779541,0.0,303816500
2019-12-19,1.1332253217697144,1.6200000047683716,0.0,1.6399999856948853,1.5499999523162842,1.5700000524520874,0.0,1026990500
2019-12-20,1.1122398376464844,1.590000033378601,0.0,1.649999976158142,1.590000033378601,1.6100000143051147,0.0,452785700
2019-12-23,1.1542109251022339,1.649999976158142,0.0,1.6699999570846558,1.590000033378601,1.600000023841858,0.0,571444600
2019-12-24,1.147215723991394,1.6399999856948853,0.0,1.659999966621399,1.6200000047683716,1.659999966621399,0.0,368798400
2019-12-25,1.1332253217697144,1.6200000047683716,0.0,1.659999966621399,1.6200000047683716,1.6399999856948853,0.0,167424500
2019-12-26,1.147215723991394,1.6399999856948853,0.0,1.649999976158142,1.6200000047683716,1.6299999952316284,0.0,205011600
2019-12-27,1.1332253217697144,1.6200000047683716,0.0,1.659999966621399,1.6100000143051147,1.649999976158142,0.0,189123200
2019-12-30,1.175196647644043,1.6799999475479126,0.0,1.6799999475479126,1.6200000047683716,1.6299999952316284,0.0,261234000
2020-01-02,1.175196647644043,1.6799999475479126,0.0,1.7100000381469727,1.649999976158142,1.6699999570846558,0.0,411018900
2020-01-03,1.1682015657424927,1.6699999570846558,0.0,1.7100000381469727,1.659999966621399,1.6799999475479126,0.0,368357600
2020-01-06,1.1122398376464844,1.590000033378601,0.0,1.6399999856948853,1.5800000429153442,1.6299999952316284,0.0,397080200
2020-01-07,1.1122398376464844,1.590000033378601,0.0,1.6299999952316284,1.559999942779541,1.6200000047683716,0.0,391311000
2020-01-08,1.077263593673706,1.5399999618530273,0.0,1.5700000524520874,1.5199999809265137,1.5399999618530273,0.0,502289100
2020-01-09,1.1262301206588745,1.6100000143051147,0.0,1.6299999952316284,1.559999942779541,1.5700000524520874,0.0,358329400
2020-01-10,1.1192350387573242,1.600000023841858,0.0,1.6399999856948853,1.5800000429153442,1.6100000143051147,0.0,308572100
2020-01-13,1.1122398376464844,1.590000033378601,0.0,1.6200000047683716,1.5800000429153442,1.6100000143051147,0.0,126253400
2020-01-14,1.1052443981170654,1.5800000429153442,0.0,1.6100000143051147,1.559999942779541,1.590000033378601,0.0,143128400
2020-01-15,1.0982493162155151,1.5700000524520874,0.0,1.590000033378601,1.5499999523162842,1.5700000524520874,0.0,202657600
2020-01-16,1.1052443981170654,1.5800000429153442,0.0,1.590000033378601,1.5499999523162842,1.5499999523162842,0.0,202921900
2020-01-17,1.0912541151046753,1.559999942779541,0.0,1.600000023841858,1.5499999523162842,1.5800000429153442,0.0,340034200
2020-01-20,1.0562779903411865,1.5099999904632568,0.0,1.5399999618530273,1.5,1.5299999713897705,0.0,242817100
2020-01-21,1.0702683925628662,1.5299999713897705,0.0,1.559999942779541,1.5099999904632568,1.5199999809265137,0.0,256824500
2020-01-22,1.0702683925628662,1.5299999713897705,0.0,1.5499999523162842,1.5199999809265137,1.5199999809265137,0.0,164892800
2020-01-23,1.0632731914520264,1.5199999809265137,0.0,1.5399999618530273,1.5199999809265137,1.5199999809265137,0.0,98452500
2020-01-24,1.0632731914520264,1.5199999809265137,0.0,1.5299999713897705,1.5099999904632568,1.5199999809265137,0.0,122042900
2020-01-27,0.9933210015296936,1.4199999570846558,0.0,1.5,1.399999976158142,1.5,0.0,414284900
2020-01-28,1.014306902885437,1.4500000476837158,0.0,1.4600000381469727,1.409999966621399,1.4199999570846558,0.0,199270900
2020-01-29,1.0003163814544678,1.4299999475479126,0.0,1.4700000286102295,1.4199999570846558,1.4600000381469727,0.0,113291800
2020-01-30,1.0003163814544678,1.4299999475479126,0.0,1.4500000476837158,1.4199999570846558,1.4199999570846558,0.0,106870700
2020-01-31,0.9863256812095642,1.409999966621399,0.0,1.440000057220459,1.409999966621399,1.4299999475479126,0.0,182578100
2020-02-03,0.9793304204940796,1.399999976158142,0.0,1.4199999570846558,1.399999976158142,1.409999966621399,0.0,74969300
2020-02-04,0.9863256812095642,1.409999966621399,0.0,1.4199999570846558,1.399999976158142,1.409999966621399,0.0,130065400
2020-02-05,0.9863256812095642,1.409999966621399,0.0,1.4299999475479126,1.399999976158142,1.409999966621399,0.0,146105300
2020-02-06,1.0073113441467285,1.440000057220459,0.0,1.4600000381469727,1.409999966621399,1.409999966621399,0.0,199610100
2020-02-07,1.0282970666885376,1.4700000286102295,0.0,1.4800000190734863,1.4299999475479126,1.440000057220459,0.0,287833100
2020-02-11,1.0003163814544678,1.4299999475479126,0.0,1.4900000095367432,1.4199999570846558,1.4800000190734863,0.0,243440400
2020-02-12,1.014306902885437,1.4500000476837158,0.0,1.4500000476837158,1.4199999570846558,1.4299999475479126,0.0,117122300
2020-02-13,0.9933210015296936,1.4199999570846558,0.0,1.4500000476837158,1.4199999570846558,1.440000057220459,0.0,141582500
2020-02-14,0.9863256812095642,1.409999966621399,0.0,1.440000057220459,1.409999966621399,1.4299999475479126,0.0,100668000
2020-02-17,0.9863256812095642,1.409999966621399,0.0,1.4299999475479126,1.409999966621399,1.409999966621399,0.0,99302700
2020-02-18,0.9863256812095642,1.409999966621399,0.0,1.4199999570846558,1.399999976158142,1.409999966621399,0.0,107704000
2020-02-19,0.9723352193832397,1.3899999856948853,0.0,1.4199999570846558,1.3700000047683716,1.409999966621399,0.0,276872200
2020-02-20,0.9373593926429749,1.340000033378601,0.0,1.3799999952316284,1.3200000524520874,1.3799999952316284,0.0,430480300
2020-02-21,0.9303640127182007,1.3300000429153442,0.0,1.340000033378601,1.309999942779541,1.3200000524520874,0.0,173482200
2020-02-24,0.8674069046974182,1.2400000095367432,0.0,1.3200000524520874,1.2400000095367432,1.2999999523162842,0.0,369835100
2020-02-25,0.8534166812896729,1.2200000286102295,0.0,1.2599999904632568,1.190000057220459,1.2400000095367432,0.0,329152200
2020-02-26,0.7484884262084961,1.0700000524520874,0.0,1.2100000381469727,1.0700000524520874,1.2000000476837158,0.0,626402600
2020-02-27,0.797454833984375,1.1399999856948853,0.0,1.149999976158142,1.0800000429153442,1.0800000429153442,0.0,370068200
2020-02-28,0.7624788880348206,1.090000033378601,0.0,1.1100000143051147,1.0499999523162842,1.0700000524520874,0.0,392006200
2020-03-02,0.797454833984375,1.1399999856948853,0.0,1.149999976158142,1.100000023841858,1.1200000047683716,0.0,291319600
2020-03-03,0.797454833984375,1.1399999856948853,0.0,1.1699999570846558,1.1200000047683716,1.159999966621399,0.0,403624700
2020-03-04,0.797454833984375,1.1399999856948853,0.0,1.159999966621399,1.1100000143051147,1.1200000047683716,0.0,180211300
2020-03-05,0.7904596328735352,1.1299999952316284,0.0,1.159999966621399,1.1299999952316284,1.1399999856948853,0.0,199439500
2020-03-06,0.7484884262084961,1.0700000524520874,0.0,1.1299999952316284,1.059999942779541,1.1200000047683716,0.0,413468700
2020-03-09,0.6995218992233276,1.0,0.0,1.0499999523162842,0.9700000286102295,1.0,0.0,432635100
2020-03-10,0.6995218992233276,1.0,0.0,1.0299999713897705,0.9900000095367432,1.0,0.0,325841000
2020-03-11,0.7135123014450073,1.0199999809265137,0.0,1.0199999809265137,0.9900000095367432,1.0,0.0,224144400
2020-03-12,0.5875983238220215,0.8399999737739563,0.0,0.9900000095367432,0.8100000023841858,0.9900000095367432,0.0,551096300
2020-03-13,0.5806030631065369,0.8299999833106995,0.0,0.8700000047683716,0.6000000238418579,0.7200000286102295,0.0,789045100
2020-03-16,0.4826700687408447,0.6899999976158142,0.0,0.7900000214576721,0.6899999976158142,0.7699999809265137,0.0,463004300
2020-03-17,0.5036556720733643,0.7200000286102295,0.0,0.75,0.6899999976158142,0.699999988079071,0.0,304010800
2020-03-18,0.5176461338996887,0.7400000095367432,0.0,0.7699999809265137,0.7099999785423279,0.7400000095367432,0.0,230153400
2020-03-19,0.5246413946151733,0.75,0.0,0.7599999904632568,0.7099999785423279,0.7200000286102295,0.0,281556400
2020-03-20,0.5526221990585327,0.7900000214576721,0.0,0.8500000238418579,0.7699999809265137,0.7900000214576721,0.0,551199700
2020-03-23,0.4756748378276825,0.6800000071525574,0.0,0.7599999904632568,0.6800000071525574,0.7300000190734863,0.0,379059000
2020-03-24,0.4896652102470398,0.699999988079071,0.0,0.7400000095367432,0.6899999976158142,0.7300000190734863,0.0,357785200
2020-03-25,0.5176461338996887,0.7400000095367432,0.0,0.7599999904632568,0.7099999785423279,0.7400000095367432,0.0,333231300
2020-03-26,0.538631796836853,0.7699999809265137,0.0,0.7699999809265137,0.7200000286102295,0.7400000095367432,0.0,446598100
2020-03-27,0.5666126608848572,0.8100000023841858,0.0,0.8500000238418579,0.7799999713897705,0.800000011920929,0.0,473563600
2020-03-30,0.573607861995697,0.8199999928474426,0.0,0.8199999928474426,0.8199999928474426,0.8199999928474426,0.0,10580300
2020-03-31,0.6155791878700256,0.8799999952316284,0.0,0.8899999856948853,0.8500000238418579,0.8600000143051147,0.0,581149300
2020-04-01,0.5666126608848572,0.8100000023841858,0.0,0.8700000047683716,0.8100000023841858,0.8700000047683716,0.0,572299000
2020-04-02,0.573607861995697,0.8199999928474426,0.0,0.8199999928474426,0.7900000214576721,0.8100000023841858,0.0,351404100
2020-04-03,0.5526221990585327,0.7900000214576721,0.0,0.8299999833106995,0.7799999713897705,0.8299999833106995,0.0,304523900
2020-04-07,0.5945935845375061,0.8500000238418579,0.0,0.8500000238418579,0.8100000023841858,0.8199999928474426,0.0,368211500
2020-04-08,0.6158290505409241,0.8700000047683716,0.01,0.8799999952316284,0.8100000023841858,0.8500000238418579,0.0,548387500
2020-04-09,0.6229075193405151,0.8799999952316284,0.0,0.9200000166893005,0.8700000047683716,0.8799999952316284,0.0,483698300
2020-04-10,0.6229075193405151,0.8799999952316284,0.0,0.8899999856948853,0.8500000238418579,0.8799999952316284,0.0,232555600
2020-04-13,0.6370644569396973,0.8999999761581421,0.0,0.9200000166893005,0.8600000143051147,0.8799999952316284,0.0,213870800
2020-04-14,0.6653784513473511,0.9399999976158142,0.0,0.949999988079071,0.9100000262260437,0.9300000071525574,0.0,305146600
2020-04-15,0.6583001613616943,0.9300000071525574,0.0,0.949999988079071,0.9200000166893005,0.9399999976158142,0.0,224344700
2020-04-16,0.6229075193405151,0.8799999952316284,0.0,0.9200000166893005,0.8799999952316284,0.9200000166893005,0.0,248152100
2020-04-17,0.6370644569396973,0.8999999761581421,0.0,0.9100000262260437,0.8899999856948853,0.8999999761581421,0.0,128826000
2020-04-20,0.6653784513473511,0.9399999976158142,0.0,0.949999988079071,0.8999999761581421,0.9100000262260437,0.0,346239000
2020-04-21,0.651221513748169,0.9200000166893005,0.0,0.949999988079071,0.9100000262260437,0.9300000071525574,0.0,372156900
2020-04-22,0.6583001613616943,0.9300000071525574,0.0,0.9300000071525574,0.8999999761581421,0.9200000166893005,0.0,346436000
2020-04-23,0.651221513748169,0.9200000166893005,0.0,0.9399999976158142,0.9200000166893005,0.9200000166893005,0.0,141375900
2020-04-24,0.6441429853439331,0.9100000262260437,0.0,0.9300000071525574,0.9100000262260437,0.9300000071525574,0.0,130604300
2020-04-27,0.6441429853439331,0.9100000262260437,0.0,0.9200000166893005,0.8999999761581421,0.9200000166893005,0.0,93534100
2020-04-28,0.6441429853439331,0.9100000262260437,0.0,0.9300000071525574,0.8999999761581421,0.9100000262260437,0.0,280091500
2020-04-29,0.6583001613616943,0.9300000071525574,0.0,0.9300000071525574,0.9100000262260437,0.9200000166893005,0.0,168890300
2020-04-30,0.6795355081558228,0.9599999785423279,0.0,0.9599999785423279,0.9200000166893005,0.9300000071525574,0.0,375506600
2020-05-05,0.651221513748169,0.9200000166893005,0.0,0.949999988079071,0.9100000262260437,0.9399999976158142,0.0,329935500
2020-05-07,0.6370644569396973,0.8999999761581421,0.0,0.9200000166893005,0.8899999856948853,0.9100000262260437,0.0,359123400
2020-05-08,0.6370644569396973,0.8999999761581421,0.0,0.9200000166893005,0.8899999856948853,0.9100000262260437,0.0,202520900
2020-05-11,0.651221513748169,0.9200000166893005,0.0,0.9300000071525574,0.8999999761581421,0.9100000262260437,0.0,260719500
2020-05-12,0.651221513748169,0.9200000166893005,0.0,0.9300000071525574,0.9100000262260437,0.9200000166893005,0.0,131528600
2020-05-13,0.6583001613616943,0.9300000071525574,0.0,0.949999988079071,0.9200000166893005,0.9300000071525574,0.0,288212800
2020-05-14,0.6583001613616943,0.9300000071525574,0.0,0.9300000071525574,0.9100000262260437,0.9200000166893005,0.0,108435900
2020-05-15,0.651221513748169,0.9200000166893005,0.0,0.9300000071525574,0.9200000166893005,0.9300000071525574,0.0,85730600
2020-05-18,0.6653784513473511,0.9399999976158142,0.0,0.949999988079071,0.9200000166893005,0.9300000071525574,0.0,187482000
2020-05-19,0.686613917350769,0.9700000286102295,0.0,0.9700000286102295,0.9399999976158142,0.9599999785423279,0.0,342994500
2020-05-20,0.7361634969711304,1.0399999618530273,0.0,1.059999942779541,0.9700000286102295,0.9800000190734863,0.0,654255200
2020-05-21,0.7432419657707214,1.0499999523162842,0.0,1.059999942779541,1.0199999809265137,1.0399999618530273,0.0,316559000
2020-05-22,0.7149279713630676,1.0099999904632568,0.0,1.0399999618530273,0.9800000190734863,1.0299999713897705,0.0,406092900
2020-05-25,0.729084849357605,1.0299999713897705,0.0,1.0399999618530273,1.0099999904632568,1.0199999809265137,0.0,135321400
2020-05-26,0.7573989629745483,1.0700000524520874,0.0,1.0700000524520874,1.0399999618530273,1.0499999523162842,0.0,451401600
2020-05-27,0.7857128977775574,1.1100000143051147,0.0,1.1399999856948853,1.0700000524520874,1.0700000524520874,0.0,941925600
2020-05-28,0.8069484233856201,1.1399999856948853,0.0,1.159999966621399,1.1200000047683716,1.1399999856948853,0.0,646050200
2020-05-29,0.814026951789856,1.149999976158142,0.0,1.149999976158142,1.100000023841858,1.1299999952316284,0.0,567314900
2020-06-01,0.8211053609848022,1.159999966621399,0.0,1.1799999475479126,1.149999976158142,1.1699999570846558,0.0,399602400
2020-06-02,0.8423410058021545,1.190000057220459,0.0,1.2100000381469727,1.1699999570846558,1.1699999570846558,0.0,604204000
2020-06-04,0.9202042818069458,1.2999999523162842,0.0,1.309999942779541,1.2100000381469727,1.2200000286102295,0.0,1222897100
2020-06-05,0.9060474038124084,1.2799999713897705,0.0,1.309999942779541,1.2599999904632568,1.2999999523162842,0.0,656849500
2020-06-08,0.8848116993904114,1.25,0.0,1.2899999618530273,1.2300000190734863,1.2799999713897705,0.0,530379000
2020-06-09,0.863576352596283,1.2200000286102295,0.0,1.2799999713897705,1.2100000381469727,1.2400000095367432,0.0,594264100
2020-06-10,0.8706548810005188,1.2300000190734863,0.0,1.25,1.2100000381469727,1.2400000095367432,0.0,447889300
2020-06-11,0.8423410058021545,1.190000057220459,0.0,1.2400000095367432,1.1799999475479126,1.2200000286102295,0.0,520322000
2020-06-12,0.814026951789856,1.149999976158142,0.0,1.1699999570846558,1.1200000047683716,1.1399999856948853,0.0,418605500
2020-06-15,0.7644774913787842,1.0800000429153442,0.0,1.159999966621399,1.0700000524520874,1.1399999856948853,0.0,647444800
2020-06-16,0.7998698353767395,1.1299999952316284,0.0,1.1399999856948853,1.1100000143051147,1.1200000047683716,0.0,232741300
2020-06-17,0.7998698353767395,1.1299999952316284,0.0,1.1399999856948853,1.100000023841858,1.1200000047683716,0.0,238498600
2020-06-18,0.7715559601783752,1.090000033378601,0.0,1.1200000047683716,1.0800000429153442,1.1100000143051147,0.0,559955700
2020-06-19,0.7786344289779663,1.100000023841858,0.0,1.100000023841858,1.0800000429153442,1.090000033378601,0.0,292965400
2020-06-22,0.7432419657707214,1.0499999523162842,0.0,1.0700000524520874,1.0299999713897705,1.0399999618530273,0.0,558553500
2020-06-23,0.7644774913787842,1.0800000429153442,0.0,1.0800000429153442,1.0499999523162842,1.059999942779541,0.0,412381100
2020-06-24,0.7503204345703125,1.059999942779541,0.0,1.1100000143051147,1.059999942779541,1.090000033378601,0.0,471841200
2020-06-25,0.7503204345703125,1.059999942779541,0.0,1.0700000524520874,1.0399999618530273,1.0499999523162842,0.0,450824200
2020-06-26,0.7432419657707214,1.0499999523162842,0.0,1.0800000429153442,1.0499999523162842,1.0700000524520874,0.0,161261300
2020-06-29,0.7361634969711304,1.0399999618530273,0.0,1.0499999523162842,1.0299999713897705,1.0399999618530273,0.0,250134700
2020-06-30,0.7432419657707214,1.0499999523162842,0.0,1.0700000524520874,1.0499999523162842,1.0499999523162842,0.0,209660500
2020-07-01,0.7503204345703125,1.059999942779541,0.0,1.0700000524520874,1.0399999618530273,1.059999942779541,0.0,215846600
2020-07-02,0.7644774913787842,1.0800000429153442,0.0,1.090000033378601,1.0499999523162842,1.059999942779541,0.0,290763200
2020-07-03,0.7503204345703125,1.059999942779541,0.0,1.090000033378601,1.0499999523162842,1.0800000429153442,0.0,164576100
2020-07-07,0.7503204345703125,1.059999942779541,0.0,1.100000023841858,1.0499999523162842,1.090000033378601,0.0,250237700
2020-07-08,0.7432419657707214,1.0499999523162842,0.0,1.0800000429153442,1.0499999523162842,1.059999942779541,0.0,198824600
2020-07-09,0.7432419657707214,1.0499999523162842,0.0,1.0700000524520874,1.0399999618530273,1.059999942779541,0.0,206345000
2020-07-10,0.7361634969711304,1.0399999618530273,0.0,1.0499999523162842,1.0299999713897705,1.0399999618530273,0.0,134045300
2020-07-13,0.7149279713630676,1.0099999904632568,0.0,1.059999942779541,1.0099999904632568,1.0499999523162842,0.0,379741300
2020-07-14,0.707849383354187,1.0,0.0,1.0099999904632568,0.9900000095367432,1.0099999904632568,0.0,254415500
2020-07-15,0.729084849357605,1.0299999713897705,0.0,1.0399999618530273,1.0099999904632568,1.0199999809265137,0.0,225799400
2020-07-16,0.7220064401626587,1.0199999809265137,0.0,1.0299999713897705,1.0099999904632568,1.0299999713897705,0.0,114350000
2020-07-17,0.7220064401626587,1.0199999809265137,0.0,1.0399999618530273,1.0199999809265137,1.0299999713897705,0.0,88177600
2020-07-20,0.7361634969711304,1.0399999618530273,0.0,1.0499999523162842,1.0199999809265137,1.0299999713897705,0.0,254108800
2020-07-21,0.7432419657707214,1.0499999523162842,0.0,1.059999942779541,1.0399999618530273,1.0499999523162842,0.0,217002800
2020-07-22,0.7220064401626587,1.0199999809265137,0.0,1.0499999523162842,1.0099999904632568,1.0499999523162842,0.0,232560300
2020-07-23,0.7220064401626587,1.0199999809265137,0.0,1.0399999618530273,1.0199999809265137,1.0199999809265137,0.0,159169800
2020-07-24,0.7220064401626587,1.0199999809265137,0.0,1.0199999809265137,1.0,1.0199999809265137,0.0,186565100
2020-07-29,0.7007709741592407,0.9900000095367432,0.0,1.0199999809265137,0.9800000190734863,1.0099999904632568,0.0,284619000
2020-07-30,0.6936925649642944,0.9800000190734863,0.0,1.0099999904632568,0.9800000190734863,1.0,0.0,192518600
2020-07-31,0.6724569797515869,0.949999988079071,0.0,0.9900000095367432,0.9399999976158142,0.9800000190734863,0.0,388670000
2020-08-03,0.6653784513473511,0.9399999976158142,0.0,0.949999988079071,0.9200000166893005,0.949999988079071,0.0,163310300
2020-08-04,0.6724569797515869,0.949999988079071,0.0,0.9700000286102295,0.9399999976158142,0.949999988079071,0.0,223751900
2020-08-05,0.6724569797515869,0.949999988079071,0.0,0.9599999785423279,0.9399999976158142,0.9599999785423279,0.0,153023100
2020-08-06,0.6724569797515869,0.949999988079071,0.0,0.9700000286102295,0.949999988079071,0.9599999785423279,0.0,167483500
2020-08-07,0.6653784513473511,0.9399999976158142,0.0,0.949999988079071,0.9399999976158142,0.949999988079071,0.0,66797000
2020-08-10,0.6583001613616943,0.9300000071525574,0.0,0.949999988079071,0.9300000071525574,0.949999988079071,0.0,112065100
2020-08-11,0.6724569797515869,0.949999988079071,0.0,0.9700000286102295,0.9399999976158142,0.9399999976158142,0.0,173990100
2020-08-13,0.729084849357605,1.0299999713897705,0.0,1.0299999713897705,0.9700000286102295,0.9700000286102295,0.0,596906400
2020-08-14,0.707849383354187,1.0,0.0,1.0199999809265137,0.9900000095367432,1.0199999809265137,0.0,315447500
2020-08-17,0.686613917350769,0.9700000286102295,0.0,1.0099999904632568,0.9599999785423279,1.0,0.0,299536000
2020-08-18,0.6936925649642944,0.9800000190734863,0.0,1.0,0.9700000286102295,0.9700000286102295,0.0,192659000
2020-08-19,0.6795355081558228,0.9599999785423279,0.0,0.9900000095367432,0.9599999785423279,0.9900000095367432,0.0,359793900
2020-08-20,0.6583001613616943,0.9300000071525574,0.0,0.949999988079071,0.9200000166893005,0.9399999976158142,0.0,292938700
2020-08-21,0.6583001613616943,0.9300000071525574,0.0,0.949999988079071,0.9200000166893005,0.9399999976158142,0.0,114274900
2020-08-24,0.651221513748169,0.9200000166893005,0.0,0.9399999976158142,0.9100000262260437,0.9399999976158142,0.0,154062100
2020-08-25,0.6583001613616943,0.9300000071525574,0.0,0.949999988079071,0.9200000166893005,0.9300000071525574,0.0,182690300
2020-08-26,0.6653784513473511,0.9399999976158142,0.0,0.9399999976158142,0.9200000166893005,0.9300000071525574,0.0,142613300
2020-08-27,0.6583001613616943,0.9300000071525574,0.0,0.9399999976158142,0.9200000166893005,0.9300000071525574,0.0,84349600
2020-08-28,0.6724569797515869,0.949999988079071,0.0,0.9599999785423279,0.9300000071525574,0.9399999976158142,0.0,302212700
2020-08-31,0.6653784513473511,0.9399999976158142,0.0,0.9800000190734863,0.9300000071525574,0.9599999785423279,0.0,417125900
2020-09-01,0.6653784513473511,0.9399999976158142,0.0,0.949999988079071,0.9300000071525574,0.949999988079071,0.0,97531600
2020-09-02,0.6653784513473511,0.9399999976158142,0.0,0.949999988079071,0.9200000166893005,0.9300000071525574,0.0,180560700
2020-09-03,0.6583001613616943,0.9300000071525574,0.0,0.949999988079071,0.9300000071525574,0.9399999976158142,0.0,91851300
2020-09-08,0.651221513748169,0.9200000166893005,0.0,0.9300000071525574,0.9200000166893005,0.9300000071525574,0.0,116511600
2020-09-09,0.6441429853439331,0.9100000262260437,0.0,0.9200000166893005,0.8999999761581421,0.9200000166893005,0.0,243496100
2020-09-10,0.651221513748169,0.9200000166893005,0.0,0.9200000166893005,0.8999999761581421,0.9100000262260437,0.0,125922500
2020-09-11,0.6441429853439331,0.9100000262260437,0.0,0.9200000166893005,0.9100000262260437,0.9100000262260437,0.0,97730900
2020-09-14,0.6441429853439331,0.9100000262260437,0.0,0.9200000166893005,0.9100000262260437,0.9100000262260437,0.0,62730800
2020-09-15,0.6441429853439331,0.9100000262260437,0.0,0.9200000166893005,0.9100000262260437,0.9200000166893005,0.0,32156000
2020-09-16,0.6370644569396973,0.8999999761581421,0.0,0.9200000166893005,0.8999999761581421,0.9100000262260437,0.0,69028400
2020-09-17,0.629986047744751,0.8899999856948853,0.0,0.9100000262260437,0.8899999856948853,0.8999999761581421,0.0,107427600
2020-09-18,0.6441429853439331,0.9100000262260437,0.0,0.9100000262260437,0.8899999856948853,0.8999999761581421,0.0,186806400
2020-09-21,0.6370644569396973,0.8999999761581421,0.0,0.9200000166893005,0.8899999856948853,0.9100000262260437,0.0,87281100
2020-09-22,0.6229075193405151,0.8799999952316284,0.0,0.8999999761581421,0.8700000047683716,0.8899999856948853,0.0,149920200
2020-09-23,0.6370644569396973,0.8999999761581421,0.0,0.8999999761581421,0.8799999952316284,0.8799999952316284,0.0,128715500
2020-09-24,0.6441429853439331,0.9100000262260437,0.0,0.9100000262260437,0.8799999952316284,0.8799999952316284,0.0,216330600
2020-09-25,0.6370644569396973,0.8999999761581421,0.0,0.9200000166893005,0.8799999952316284,0.8999999761581421,0.0,173276100
2020-09-28,0.6583001613616943,0.9300000071525574,0.0,0.9300000071525574,0.8999999761581421,0.9100000262260437,0.0,239285000
2020-09-29,0.6370644569396973,0.8999999761581421,0.0,0.9300000071525574,0.8999999761581421,0.9300000071525574,0.0,182926200
2020-09-30,0.629986047744751,0.8899999856948853,0.0,0.9100000262260437,0.8799999952316284,0.8999999761581421,0.0,149736400
2020-10-01,0.629986047744751,0.8899999856948853,0.0,0.8999999761581421,0.8799999952316284,0.8999999761581421,0.0,130981400
2020-10-02,0.6087505221366882,0.8600000143051147,0.0,0.8899999856948853,0.8500000238418579,0.8899999856948853,0.0,424673100
2020-10-05,0.6087505221366882,0.8600000143051147,0.0,0.8700000047683716,0.8500000238418579,0.8600000143051147,0.0,173320900
2020-10-06,0.6016720533370972,0.8500000238418579,0.0,0.8600000143051147,0.8399999737739563,0.8600000143051147,0.0,122202900
2020-10-07,0.6158290505409241,0.8700000047683716,0.0,0.8799999952316284,0.8399999737739563,0.8500000238418579,0.0,213374300
2020-10-08,0.6158290505409241,0.8700000047683716,0.0,0.8899999856948853,0.8700000047683716,0.8799999952316284,0.0,156408800
2020-10-09,0.6087505221366882,0.8600000143051147,0.0,0.8799999952316284,0.8500000238418579,0.8799999952316284,0.0,155082700
2020-10-12,0.6087505221366882,0.8600000143051147,0.0,0.8700000047683716,0.8500000238418579,0.8600000143051147,0.0,124000300
2020-10-14,0.6016720533370972,0.8500000238418579,0.0,0.8600000143051147,0.8399999737739563,0.8500000238418579,0.0,159881200
2020-10-15,0.5945935845375061,0.8399999737739563,0.0,0.8500000238418579,0.8299999833106995,0.8399999737739563,0.0,148109800
2020-10-16,0.5945935845375061,0.8399999737739563,0.0,0.8399999737739563,0.8299999833106995,0.8399999737739563,0.0,72400700
2020-10-19,0.5804365873336792,0.8199999928474426,0.0,0.8299999833106995,0.800000011920929,0.8299999833106995,0.0,167063600
2020-10-20,0.5733581185340881,0.8100000023841858,0.0,0.8299999833106995,0.800000011920929,0.8199999928474426,0.0,152343800
2020-10-21,0.5875149965286255,0.8299999833106995,0.0,0.8399999737739563,0.8100000023841858,0.8199999928474426,0.0,195026200
2020-10-22,0.5804365873336792,0.8199999928474426,0.0,0.8299999833106995,0.8100000023841858,0.8299999833106995,0.0,104925000
2020-10-26,0.5804365873336792,0.8199999928474426,0.0,0.8299999833106995,0.8100000023841858,0.8199999928474426,0.0,97993700
2020-10-27,0.5804365873336792,0.8199999928474426,0.0,0.8299999833106995,0.800000011920929,0.8100000023841858,0.0,172083300
2020-10-28,0.5804365873336792,0.8199999928474426,0.0,0.8399999737739563,0.8100000023841858,0.8199999928474426,0.0,250850600
2020-10-29,0.5875149965286255,0.8299999833106995,0.0,0.8399999737739563,0.8100000023841858,0.8199999928474426,0.0,167571700
2020-10-30,0.5733581185340881,0.8100000023841858,0.0,0.8399999737739563,0.800000011920929,0.8299999833106995,0.0,339154600
2020-11-02,0.5804365873336792,0.8199999928474426,0.0,0.8299999833106995,0.8100000023841858,0.8100000023841858,0.0,117069300
2020-11-03,0.5945935845375061,0.8399999737739563,0.0,0.8399999737739563,0.8199999928474426,0.8299999833106995,0.0,182668200
2020-11-04,0.6016720533370972,0.8500000238418579,0.0,0.8600000143051147,0.8299999833106995,0.8399999737739563,0.0,205740300
2020-11-05,0.629986047744751,0.8899999856948853,0.0,0.8899999856948853,0.8399999737739563,0.8500000238418579,0.0,326715800
2020-11-06,0.651221513748169,0.9200000166893005,0.0,0.9399999976158142,0.8700000047683716,0.8899999856948853,0.0,622457600
2020-11-09,0.6583001613616943,0.9300000071525574,0.0,0.9399999976158142,0.9100000262260437,0.9300000071525574,0.0,358696100
2020-11-10,0.729084849357605,1.0299999713897705,0.0,1.0299999713897705,0.949999988079071,0.9599999785423279,0.0,1155536100
2020-11-11,0.7007709741592407,0.9900000095367432,0.0,1.0299999713897705,0.9700000286102295,1.0199999809265137,0.0,681529400
2020-11-12,0.6936925649642944,0.9800000190734863,0.0,0.9800000190734863,0.9599999785423279,0.9800000190734863,0.0,273594500
2020-11-13,0.7220064401626587,1.0199999809265137,0.0,1.0199999809265137,0.9800000190734863,0.9900000095367432,0.0,692926800
2020-11-16,0.7220064401626587,1.0199999809265137,0.0,1.0499999523162842,1.0199999809265137,1.0299999713897705,0.0,411747400
2020-11-17,0.7007709741592407,0.9900000095367432,0.0,1.0299999713897705,0.9700000286102295,1.0199999809265137,0.0,692945500
2020-11-18,0.6936925649642944,0.9800000190734863,0.0,0.9900000095367432,0.949999988079071,0.9800000190734863,0.0,464516700
2020-11-19,0.707849383354187,1.0,0.0,1.0099999904632568,0.9700000286102295,0.9800000190734863,0.0,328629200
2020-11-20,0.7432419657707214,1.0499999523162842,0.0,1.0499999523162842,0.9900000095367432,1.0,0.0,1057932900
2020-11-23,0.8211053609848022,1.159999966621399,0.0,1.159999966621399,1.0499999523162842,1.0499999523162842,0.0,1292243900
2020-11-24,0.7998698353767395,1.1299999952316284,0.0,1.2100000381469727,1.1299999952316284,1.1799999475479126,0.0,1320781900
2020-11-25,0.8211053609848022,1.159999966621399,0.0,1.1699999570846558,1.1100000143051147,1.149999976158142,0.0,948826800
2020-11-26,0.814026951789856,1.149999976158142,0.0,1.149999976158142,1.1299999952316284,1.149999976158142,0.0,554380000
2020-11-27,0.7998698353767395,1.1299999952316284,0.0,1.149999976158142,1.1200000047683716,1.1399999856948853,0.0,557077900
2020-11-30,0.7432419657707214,1.0499999523162842,0.0,1.1100000143051147,1.0499999523162842,1.1100000143051147,0.0,0
2020-12-01,0.7644774913787842,1.0800000429153442,0.0,1.1100000143051147,1.0800000429153442,1.0800000429153442,0.0,1196707000
2020-12-02,0.7857128977775574,1.1100000143051147,0.0,1.1299999952316284,1.0800000429153442,1.090000033378601,0.0,1139020300
2020-12-03,0.7927914261817932,1.1200000047683716,0.0,1.1299999952316284,1.090000033378601,1.100000023841858,0.0,842081500
2020-12-04,0.8211053609848022,1.159999966621399,0.0,1.1799999475479126,1.1200000047683716,1.1299999952316284,0.0,1798805300
2020-12-08,0.8777333498001099,1.2400000095367432,0.0,1.2699999809265137,1.149999976158142,1.159999966621399,0.0,2095339500
2020-12-09,0.863576352596283,1.2200000286102295,0.0,1.2699999809265137,1.2200000286102295,1.25,0.0,1089341900
2020-12-14,0.8352623581886292,1.1799999475479126,0.0,1.2400000095367432,1.1699999570846558,1.2400000095367432,0.0,1169331400
2020-12-15,0.8494192361831665,1.2000000476837158,0.0,1.2100000381469727,1.149999976158142,1.1799999475479126,0.0,672486500
2020-12-16,0.8494192361831665,1.2000000476837158,0.0,1.2300000190734863,1.190000057220459,1.2200000286102295,0.0,932363400
2020-12-17,0.8423410058021545,1.190000057220459,0.0,1.2100000381469727,1.1699999570846558,1.1799999475479126,0.0,2017216200
2020-12-18,0.8352623581886292,1.1799999475479126,0.0,1.2000000476837158,1.1699999570846558,1.190000057220459,0.0,739291000
2020-12-21,0.7573989629745483,1.0700000524520874,0.0,1.149999976158142,1.059999942779541,1.1299999952316284,0.0,1707233700
2020-12-22,0.8069484233856201,1.1399999856948853,0.0,1.1399999856948853,1.0700000524520874,1.0800000429153442,0.0,1413888500
2020-12-23,0.7786344289779663,1.100000023841858,0.0,1.1399999856948853,1.100000023841858,1.1299999952316284,0.0,787486500
2020-12-24,0.7998698353767395,1.1299999952316284,0.0,1.1399999856948853,1.090000033378601,1.100000023841858,0.0,760571200
2020-12-25,0.8069484233856201,1.1399999856948853,0.0,1.149999976158142,1.1200000047683716,1.1299999952316284,0.0,346317200
2020-12-28,0.7786344289779663,1.100000023841858,0.0,1.149999976158142,1.090000033378601,1.1399999856948853,0.0,784986500
2020-12-29,0.7927914261817932,1.1200000047683716,0.0,1.1299999952316284,1.0800000429153442,1.100000023841858,0.0,614030300
2020-12-30,0.7644774913787842,1.0800000429153442,0.0,1.1299999952316284,1.0700000524520874,1.1200000047683716,0.0,937232400
2021-01-04,0.7503204345703125,1.059999942779541,0.0,1.0700000524520874,1.0299999713897705,1.0299999713897705,0.0,1282845700
2021-01-05,0.7927914261817932,1.1200000047683716,0.0,1.1200000047683716,1.059999942779541,1.059999942779541,0.0,1261462500
2021-01-06,0.814026951789856,1.149999976158142,0.0,1.1699999570846558,1.1100000143051147,1.1200000047683716,0.0,1631357000
2021-01-07,0.8706548810005188,1.2300000190734863,0.0,1.25,1.1799999475479126,1.2000000476837158,0.0,0
2021-01-08,0.8564980030059814,1.2100000381469727,0.0,1.25,1.2000000476837158,1.2400000095367432,0.0,916736700
2021-01-11,0.8352623581886292,1.1799999475479126,0.0,1.2100000381469727,1.1699999570846558,1.2100000381469727,0.0,685487300
2021-01-12,0.8281837701797485,1.1699999570846558,0.0,1.1799999475479126,1.159999966621399,1.1799999475479126,0.0,316303500
2021-01-13,0.8423410058021545,1.190000057220459,0.0,1.2000000476837158,1.1699999570846558,1.1799999475479126,0.0,856252100
2021-01-14,0.8352623581886292,1.1799999475479126,0.0,1.2000000476837158,1.1699999570846558,1.190000057220459,0.0,406253400
2021-01-15,0.8352623581886292,1.1799999475479126,0.0,1.1799999475479126,1.159999966621399,1.1799999475479126,0.0,296907000
2021-01-18,0.8211053609848022,1.159999966621399,0.0,1.1799999475479126,1.1399999856948853,1.1699999570846558,0.0,450956800
2021-01-19,0.8281837701797485,1.1699999570846558,0.0,1.1799999475479126,1.149999976158142,1.1699999570846558,0.0,324019500
2021-01-20,0.814026951789856,1.149999976158142,0.0,1.190000057220459,1.1399999856948853,1.1699999570846558,0.0,757873900
2021-01-21,0.8423410058021545,1.190000057220459,0.0,1.2100000381469727,1.1699999570846558,1.1799999475479126,0.0,1190313400
2021-01-22,0.8211053609848022,1.159999966621399,0.0,1.190000057220459,1.159999966621399,1.1699999570846558,0.0,696943600
2021-01-25,0.814026951789856,1.149999976158142,0.0,1.1699999570846558,1.1399999856948853,1.159999966621399,0.0,513808800
2021-01-26,0.814026951789856,1.149999976158142,0.0,1.1699999570846558,1.1399999856948853,1.149999976158142,0.0,380107200
2021-01-27,0.8069484233856201,1.1399999856948853,0.0,1.159999966621399,1.1399999856948853,1.159999966621399,0.0,223751700
2021-01-28,0.7857128977775574,1.1100000143051147,0.0,1.1399999856948853,1.1100000143051147,1.1299999952316284,0.0,679316300
2021-01-29,0.7786344289779663,1.100000023841858,0.0,1.1299999952316284,1.090000033378601,1.1200000047683716,0.0,884357000
2021-02-01,0.7927914261817932,1.1200000047683716,0.0,1.1299999952316284,1.090000033378601,1.1100000143051147,0.0,724073000
2021-02-02,0.7786344289779663,1.100000023841858,0.0,1.1299999952316284,1.100000023841858,1.1299999952316284,0.0,444843800
2021-02-03,0.7927914261817932,1.1200000047683716,0.0,1.149999976158142,1.100000023841858,1.1100000143051147,0.0,1114612200
2021-02-04,0.7927914261817932,1.1200000047683716,0.0,1.1299999952316284,1.100000023841858,1.1100000143051147,0.0,712293900
2021-02-05,0.814026951789856,1.149999976158142,0.0,1.149999976158142,1.1200000047683716,1.1299999952316284,0.0,551788400
2021-02-08,0.8494192361831665,1.2000000476837158,0.0,1.2000000476837158,1.159999966621399,1.1699999570846558,0.0,1728801300
2021-02-09,0.8423410058021545,1.190000057220459,0.0,1.2100000381469727,1.1799999475479126,1.2000000476837158,0.0,826475400
2021-02-10,0.8352623581886292,1.1799999475479126,0.0,1.2000000476837158,1.1699999570846558,1.190000057220459,0.0,471069800
2021-02-11,0.8281837701797485,1.1699999570846558,0.0,1.1799999475479126,1.159999966621399,1.1799999475479126,0.0,241056900
2021-02-15,0.8211053609848022,1.159999966621399,0.0,1.1799999475479126,1.159999966621399,1.1799999475479126,0.0,216915400
2021-02-16,0.8211053609848022,1.159999966621399,0.0,1.1799999475479126,1.159999966621399,1.1699999570846558,0.0,234077400
2021-02-17,0.8281837701797485,1.1699999570846558,0.0,1.1699999570846558,1.149999976158142,1.1699999570846558,0.0,345912200
2021-02-18,0.814026951789856,1.149999976158142,0.0,1.1699999570846558,1.149999976158142,1.159999966621399,0.0,150732300
2021-02-19,0.7927914261817932,1.1200000047683716,0.0,1.149999976158142,1.1100000143051147,1.149999976158142,0.0,701748500
2021-02-22,0.7786344289779663,1.100000023841858,0.0,1.1299999952316284,1.100000023841858,1.1200000047683716,0.0,601052800
2021-02-23,0.7927914261817932,1.1200000047683716,0.0,1.1299999952316284,1.100000023841858,1.1100000143051147,0.0,299456200
2021-02-24,0.7857128977775574,1.1100000143051147,0.0,1.1200000047683716,1.100000023841858,1.1200000047683716,0.0,199011100
2021-02-25,0.7998698353767395,1.1299999952316284,0.0,1.1399999856948853,1.1200000047683716,1.1299999952316284,0.0,438432900
2021-03-01,0.7998698353767395,1.1299999952316284,0.0,1.1299999952316284,1.1100000143051147,1.1200000047683716,0.0,276534000
2021-03-02,0.7927914261817932,1.1200000047683716,0.0,1.1399999856948853,1.1200000047683716,1.1399999856948853,0.0,224850100
2021-03-03,0.8211053609848022,1.159999966621399,0.0,1.159999966621399,1.1200000047683716,1.1299999952316284,0.0,895890700
2021-03-04,0.814026951789856,1.149999976158142,0.0,1.159999966621399,1.1299999952316284,1.1399999856948853,0.0,641673600
2021-03-05,0.8281837701797485,1.1699999570846558,0.0,1.190000057220459,1.1399999856948853,1.149999976158142,0.0,944814000
2021-03-08,0.8494192361831665,1.2000000476837158,0.0,1.2200000286102295,1.1799999475479126,1.2000000476837158,0.0,983719500
2021-03-09,0.8564980030059814,1.2100000381469727,0.0,1.2100000381469727,1.190000057220459,1.2000000476837158,0.0,749369000
2021-03-10,0.8777333498001099,1.2400000095367432,0.0,1.25,1.2000000476837158,1.2000000476837158,0.0,827212900
2021-03-11,0.8777333498001099,1.2400000095367432,0.0,1.2699999809265137,1.2200000286102295,1.25,0.0,798131200
2021-03-12,0.863576352596283,1.2200000286102295,0.0,1.2400000095367432,1.2000000476837158,1.2400000095367432,0.0,873357500
2021-03-15,0.863576352596283,1.2200000286102295,0.0,1.2400000095367432,1.2200000286102295,1.2300000190734863,0.0,394026300
2021-03-16,0.863576352596283,1.2200000286102295,0.0,1.2400000095367432,1.2200000286102295,1.2300000190734863,0.0,312140800
2021-03-17,0.8777333498001099,1.2400000095367432,0.0,1.25,1.2200000286102295,1.2200000286102295,0.0,451788100
2021-03-18,0.8777333498001099,1.2400000095367432,0.0,1.2599999904632568,1.2300000190734863,1.25,0.0,531111200
2021-03-19,0.8777333498001099,1.2400000095367432,0.0,1.2400000095367432,1.2200000286102295,1.2300000190734863,0.0,465944800
2021-03-22,0.8777333498001099,1.2400000095367432,0.0,1.2400000095367432,1.2200000286102295,1.2400000095367432,0.0,178423900
2021-03-23,0.8564980030059814,1.2100000381469727,0.0,1.25,1.2100000381469727,1.2400000095367432,0.0,556905000
2021-03-24,0.8564980030059814,1.2100000381469727,0.0,1.2200000286102295,1.2000000476837158,1.2000000476837158,0.0,590260000
2021-03-25,0.8564980030059814,1.2100000381469727,0.0,1.2200000286102295,1.2000000476837158,1.2200000286102295,0.0,341313200
2021-03-26,0.8564980030059814,1.2100000381469727,0.0,1.2300000190734863,1.2000000476837158,1.2200000286102295,0.0,421675000
2021-03-29,0.8564980030059814,1.2100000381469727,0.0,1.2300000190734863,1.2100000381469727,1.2200000286102295,0.0,264962900
2021-03-30,0.863576352596283,1.2200000286102295,0.0,1.2400000095367432,1.2100000381469727,1.2200000286102295,0.0,480926700
2021-03-31,0.8706548810005188,1.2300000190734863,0.0,1.2300000190734863,1.2100000381469727,1.2200000286102295,0.0,249010400
2021-04-01,0.8848116993904114,1.25,0.0,1.25,1.2100000381469727,1.2300000190734863,0.0,579890200
2021-04-02,0.8777333498001099,1.2400000095367432,0.0,1.2699999809265137,1.2400000095367432,1.2599999904632568,0.0,348463800
2021-04-05,0.8706548810005188,1.2300000190734863,0.0,1.25,1.2200000286102295,1.2400000095367432,0.0,364410600
2021-04-07,0.8494192361831665,1.2000000476837158,0.0,1.2200000286102295,1.2000000476837158,1.2100000381469727,0.0,655809800
2021-04-08,0.8494192361831665,1.2000000476837158,0.0,1.2100000381469727,1.190000057220459,1.2000000476837158,0.0,326494900
2021-04-09,0.8494192361831665,1.2000000476837158,0.0,1.2100000381469727,1.190000057220459,1.2000000476837158,0.0,208135900
2021-04-12,0.8423410058021545,1.190000057220459,0.0,1.2000000476837158,1.1799999475479126,1.190000057220459,0.0,254053900
2021-04-16,0.8211053609848022,1.159999966621399,0.0,1.190000057220459,1.149999976158142,1.1799999475479126,0.0,693251800
2021-04-19,0.8352623581886292,1.1799999475479126,0.0,1.190000057220459,1.159999966621399,1.1699999570846558,0.0,302605000
2021-04-20,0.8494192361831665,1.2000000476837158,0.0,1.2100000381469727,1.1699999570846558,1.1799999475479126,0.0,435867400
2021-04-21,0.8564980030059814,1.2100000381469727,0.0,1.2100000381469727,1.190000057220459,1.190000057220459,0.0,304208200
2021-04-22,0.8423410058021545,1.190000057220459,0.0,1.2100000381469727,1.1799999475479126,1.2100000381469727,0.0,699419500
2021-04-23,0.8211053609848022,1.159999966621399,0.0,1.190000057220459,1.159999966621399,1.1799999475479126,0.0,594705600
2021-04-26,0.8281837701797485,1.1699999570846558,0.0,1.1699999570846558,1.149999976158142,1.159999966621399,0.0,511760300
2021-04-27,0.8423410058021545,1.190000057220459,0.0,1.2000000476837158,1.159999966621399,1.1699999570846558,0.0,741229600
2021-04-28,0.8423410058021545,1.190000057220459,0.0,1.2100000381469727,1.1799999475479126,1.2000000476837158,0.0,487351000
2021-04-29,0.8607324957847595,1.1699999570846558,0.045,1.1799999475479126,1.159999966621399,1.159999966621399,0.0,536125500
2021-04-30,0.8607324957847595,1.1699999570846558,0.0,1.1799999475479126,1.159999966621399,1.1699999570846558,0.0,213219700
2021-05-05,0.8460193276405334,1.149999976158142,0.0,1.1799999475479126,1.149999976158142,1.1699999570846558,0.0,375388400
2021-05-06,0.8460193276405334,1.149999976158142,0.0,1.1699999570846558,1.149999976158142,1.159999966621399,0.0,397802000
2021-05-07,0.8460193276405334,1.149999976158142,0.0,1.1699999570846558,1.149999976158142,1.159999966621399,0.0,189099500
2021-05-10,0.8533759117126465,1.159999966621399,0.0,1.159999966621399,1.149999976158142,1.159999966621399,0.0,101178200
2021-05-11,0.8460193276405334,1.149999976158142,0.0,1.159999966621399,1.1299999952316284,1.149999976158142,0.0,482494900
2021-05-12,0.8386625647544861,1.1399999856948853,0.0,1.149999976158142,1.1200000047683716,1.1399999856948853,0.0,248886600
2021-05-13,0.8313058018684387,1.1299999952316284,0.0,1.1399999856948853,1.100000023841858,1.1299999952316284,0.0,645745900
2021-05-14,0.8239492177963257,1.1200000047683716,0.0,1.1299999952316284,1.100000023841858,1.1299999952316284,0.0,356339000
2021-05-17,0.8239492177963257,1.1200000047683716,0.0,1.1299999952316284,1.1100000143051147,1.1200000047683716,0.0,298067000
2021-05-18,0.8313058018684387,1.1299999952316284,0.0,1.1299999952316284,1.1200000047683716,1.1200000047683716,0.0,198121400
2021-05-19,0.8165924549102783,1.1100000143051147,0.0,1.1299999952316284,1.1100000143051147,1.1200000047683716,0.0,404280900
2021-05-20,0.8239492177963257,1.1200000047683716,0.0,1.1299999952316284,1.1100000143051147,1.1200000047683716,0.0,345450100
2021-05-21,0.8313058018684387,1.1299999952316284,0.0,1.1299999952316284,1.1100000143051147,1.1200000047683716,0.0,218231800
2021-05-24,0.8239492177963257,1.1200000047683716,0.0,1.1299999952316284,1.1100000143051147,1.1200000047683716,0.0,439408500
2021-05-25,0.8313058018684387,1.1299999952316284,0.0,1.1399999856948853,1.1200000047683716,1.1299999952316284,0.0,297168900
2021-05-27,0.8313058018684387,1.1299999952316284,0.0,1.1399999856948853,1.1200000047683716,1.1299999952316284,0.0,101674100
2021-05-28,0.8239492177963257,1.1200000047683716,0.0,1.1399999856948853,1.1200000047683716,1.1299999952316284,0.0,281129200
2021-05-31,0.8239492177963257,1.1200000047683716,0.0,1.1299999952316284,1.1100000143051147,1.1200000047683716,0.0,269932700
2021-06-01,0.8460193276405334,1.149999976158142,0.0,1.149999976158142,1.1200000047683716,1.1299999952316284,0.0,312035100
2021-06-02,0.8460193276405334,1.149999976158142,0.0,1.159999966621399,1.1399999856948853,1.149999976158142,0.0,278566100
2021-06-04,0.8386625647544861,1.1399999856948853,0.0,1.159999966621399,1.1399999856948853,1.149999976158142,0.0,249495300
2021-06-07,0.8533759117126465,1.159999966621399,0.0,1.1699999570846558,1.149999976158142,1.149999976158142,0.0,357474500
2021-06-08,0.8533759117126465,1.159999966621399,0.0,1.1699999570846558,1.149999976158142,1.159999966621399,0.0,297314000
2021-06-09,0.8607324957847595,1.1699999570846558,0.0,1.1699999570846558,1.149999976158142,1.159999966621399,0.0,118504300
2021-06-10,0.8533759117126465,1.159999966621399,0.0,1.1799999475479126,1.159999966621399,1.1699999570846558,0.0,135424300
2021-06-11,0.8607324957847595,1.1699999570846558,0.0,1.1799999475479126,1.159999966621399,1.1699999570846558,0.0,338745500
2021-06-14,0.8680893182754517,1.1799999475479126,0.0,1.190000057220459,1.1699999570846558,1.1799999475479126,0.0,292497900
2021-06-15,0.8607324957847595,1.1699999570846558,0.0,1.190000057220459,1.159999966621399,1.1799999475479126,0.0,463593900
2021-06-16,0.8607324957847595,1.1699999570846558,0.0,1.1699999570846558,1.149999976158142,1.159999966621399,0.0,274403700
2021-06-17,0.8460193276405334,1.149999976158142,0.0,1.1699999570846558,1.149999976158142,1.159999966621399,0.0,197496100
2021-06-18,0.8386625647544861,1.1399999856948853,0.0,1.159999966621399,1.1399999856948853,1.149999976158142,0.0,413189200
2021-06-21,0.8460193276405334,1.149999976158142,0.0,1.149999976158142,1.1299999952316284,1.1399999856948853,0.0,277265200
2021-06-22,0.8460193276405334,1.149999976158142,0.0,1.1699999570846558,1.1399999856948853,1.159999966621399,0.0,178182900
2021-06-23,0.8239492177963257,1.1200000047683716,0.0,1.159999966621399,1.1200000047683716,1.149999976158142,0.0,430305500
2021-06-24,0.8313058018684387,1.1299999952316284,0.0,1.1299999952316284,1.1100000143051147,1.1200000047683716,0.0,474940000
2021-06-25,0.8239492177963257,1.1200000047683716,0.0,1.1399999856948853,1.1100000143051147,1.1299999952316284,0.0,315700100
2021-06-28,0.8313058018684387,1.1299999952316284,0.0,1.1299999952316284,1.1100000143051147,1.1200000047683716,0.0,373636900
2021-06-29,0.8239492177963257,1.1200000047683716,0.0,1.1399999856948853,1.1200000047683716,1.1200000047683716,0.0,283435600
2021-06-30,0.8239492177963257,1.1200000047683716,0.0,1.1299999952316284,1.1100000143051147,1.1200000047683716,0.0,473337800
2021-07-01,0.8386625647544861,1.1399999856948853,0.0,1.1399999856948853,1.1100000143051147,1.1200000047683716,0.0,306328800
2021-07-02,0.8239492177963257,1.1200000047683716,0.0,1.1399999856948853,1.1200000047683716,1.1299999952316284,0.0,284860600
2021-07-05,0.8165924549102783,1.1100000143051147,0.0,1.1299999952316284,1.100000023841858,1.1200000047683716,0.0,337015200
2021-07-06,0.8165924549102783,1.1100000143051147,0.0,1.1200000047683716,1.1100000143051147,1.1100000143051147,0.0,113723600
2021-07-07,0.7945224642753601,1.0800000429153442,0.0,1.1200000047683716,1.0800000429153442,1.1100000143051147,0.0,722925200
2021-07-08,0.7503822445869446,1.0199999809265137,0.0,1.0700000524520874,1.0,1.0700000524520874,0.0,1379626200
2021-07-09,0.7503822445869446,1.0199999809265137,0.0,1.0199999809265137,0.9900000095367432,1.0099999904632568,0.0,835521500
2021-07-12,0.7430256009101868,1.0099999904632568,0.0,1.0299999713897705,1.0,1.0199999809265137,0.0,308876200
2021-07-13,0.7503822445869446,1.0199999809265137,0.0,1.0299999713897705,1.0099999904632568,1.0199999809265137,0.0,326446800
2021-07-14,0.7503822445869446,1.0199999809265137,0.0,1.0199999809265137,1.0,1.0199999809265137,0.0,306407200
2021-07-15,0.7577388882637024,1.0299999713897705,0.0,1.0399999618530273,1.0099999904632568,1.0199999809265137,0.0,374452000
2021-07-16,0.7503822445869446,1.0199999809265137,0.0,1.0299999713897705,1.0,1.0199999809265137,0.0,444960700
2021-07-19,0.7430256009101868,1.0099999904632568,0.0,1.0099999904632568,0.9900000095367432,1.0,0.0,233123800
2021-07-20,0.7356688380241394,1.0,0.0,1.0099999904632568,0.9900000095367432,1.0,0.0,322863900
2021-07-21,0.7283121943473816,0.9900000095367432,0.0,1.0,0.9800000190734863,1.0,0.0,581632800
2021-07-22,0.7356688380241394,1.0,0.0,1.0099999904632568,0.9800000190734863,0.9900000095367432,0.0,592873100
2021-07-23,0.7356688380241394,1.0,0.0,1.0099999904632568,0.9900000095367432,1.0,0.0,731746000
2021-07-27,0.7283121943473816,0.9900000095367432,0.0,1.0,0.9800000190734863,1.0,0.0,270663300
2021-07-29,0.7209556102752686,0.9800000190734863,0.0,0.9900000095367432,0.9800000190734863,0.9900000095367432,0.0,150743200
2021-07-30,0.7135987877845764,0.9700000286102295,0.0,0.9900000095367432,0.9599999785423279,0.9800000190734863,0.0,451880600
2021-08-02,0.7062421441078186,0.9599999785423279,0.0,0.9700000286102295,0.949999988079071,0.9700000286102295,0.0,284513500
2021-08-03,0.7209556102752686,0.9800000190734863,0.0,0.9900000095367432,0.9599999785423279,0.9599999785423279,0.0,416465000
2021-08-04,0.7209556102752686,0.9800000190734863,0.0,0.9900000095367432,0.9700000286102295,0.9800000190734863,0.0,130723700
2021-08-05,0.7135987877845764,0.9700000286102295,0.0,0.9900000095367432,0.9700000286102295,0.9800000190734863,0.0,132412500
2021-08-06,0.7135987877845764,0.9700000286102295,0.0,0.9800000190734863,0.9599999785423279,0.9700000286102295,0.0,117090100
2021-08-09,0.7356688380241394,1.0,0.0,1.0,0.9700000286102295,0.9700000286102295,0.0,221922200
2021-08-10,0.7283121943473816,0.9900000095367432,0.0,0.9900000095367432,0.9800000190734863,0.9900000095367432,0.0,93311400
2021-08-11,0.7209556102752686,0.9800000190734863,0.0,1.0,0.9700000286102295,0.9900000095367432,0.0,144862800
2021-08-13,0.7209556102752686,0.9800000190734863,0.0,0.9800000190734863,0.9700000286102295,0.9700000286102295,0.0,115406500
2021-08-16,0.7209556102752686,0.9800000190734863,0.0,0.9800000190734863,0.9599999785423279,0.9700000286102295,0.0,213478700
2021-08-17,0.7209556102752686,0.9800000190734863,0.0,0.9900000095367432,0.9700000286102295,0.9800000190734863,0.0,297934300
2021-08-18,0.7209556102752686,0.9800000190734863,0.0,0.9800000190734863,0.9700000286102295,0.9800000190734863,0.0,163038200
2021-08-19,0.7135987877845764,0.9700000286102295,0.0,0.9900000095367432,0.9700000286102295,0.9800000190734863,0.0,89673900
2021-08-20,0.7283121943473816,0.9900000095367432,0.0,1.0,0.9700000286102295,0.9800000190734863,0.0,334576000
2021-08-23,0.7650957107543945,1.0399999618530273,0.0,1.0499999523162842,1.0099999904632568,1.0099999904632568,0.0,870846700
2021-08-24,0.7798090577125549,1.059999942779541,0.0,1.059999942779541,1.0499999523162842,1.0499999523162842,0.0,325690400
2021-08-25,0.7798090577125549,1.059999942779541,0.0,1.0700000524520874,1.0499999523162842,1.059999942779541,0.0,245874200
2021-08-26,0.7724523544311523,1.0499999523162842,0.0,1.0700000524520874,1.0499999523162842,1.059999942779541,0.0,158029700
2021-08-27,0.7871657609939575,1.0700000524520874,0.0,1.0700000524520874,1.0399999618530273,1.059999942779541,0.0,351619100
2021-08-30,0.8018791675567627,1.090000033378601,0.0,1.100000023841858,1.0700000524520874,1.0800000429153442,0.0,365888600
2021-08-31,0.7871657609939575,1.0700000524520874,0.0,1.090000033378601,1.0700000524520874,1.0800000429153442,0.0,187905100
2021-09-01,0.7798090577125549,1.059999942779541,0.0,1.0800000429153442,1.059999942779541,1.0700000524520874,0.0,179173100
2021-09-02,0.7871657609939575,1.0700000524520874,0.0,1.0700000524520874,1.0499999523162842,1.059999942779541,0.0,144841700
2021-09-03,0.7871657609939575,1.0700000524520874,0.0,1.0700000524520874,1.0499999523162842,1.0700000524520874,0.0,122359400
2021-09-06,0.7798090577125549,1.059999942779541,0.0,1.0700000524520874,1.0499999523162842,1.059999942779541,0.0,111503500
2021-09-07,0.7724523544311523,1.0499999523162842,0.0,1.0700000524520874,1.0499999523162842,1.059999942779541,0.0,162517400
2021-09-08,0.7724523544311523,1.0499999523162842,0.0,1.0499999523162842,1.0299999713897705,1.0499999523162842,0.0,193742500
2021-09-09,0.7724523544311523,1.0499999523162842,0.0,1.059999942779541,1.0399999618530273,1.0499999523162842,0.0,152184200
2021-09-10,0.7724523544311523,1.0499999523162842,0.0,1.059999942779541,1.0399999618530273,1.0499999523162842,0.0,114051700
2021-09-13,0.7945224642753601,1.0800000429153442,0.0,1.090000033378601,1.0499999523162842,1.0499999523162842,0.0,387163900
2021-09-14,0.7798090577125549,1.059999942779541,0.0,1.090000033378601,1.059999942779541,1.0800000429153442,0.0,159130000
2021-09-15,0.7871657609939575,1.0700000524520874,0.0,1.0700000524520874,1.059999942779541,1.0700000524520874,0.0,49801800
2021-09-16,0.7945224642753601,1.0800000429153442,0.0,1.090000033378601,1.0700000524520874,1.0700000524520874,0.0,212894900
2021-09-17,0.7724523544311523,1.0499999523162842,0.0,1.0800000429153442,1.0499999523162842,1.0700000524520874,0.0,357088900
2021-09-20,0.7724523544311523,1.0499999523162842,0.0,1.059999942779541,1.0399999618530273,1.0499999523162842,0.0,118297600
2021-09-21,0.7871657609939575,1.0700000524520874,0.0,1.0700000524520874,1.0399999618530273,1.0499999523162842,0.0,189737100
2021-09-22,0.7945224642753601,1.0800000429153442,0.0,1.0800000429153442,1.059999942779541,1.0700000524520874,0.0,120698500
2021-09-23,0.8239492177963257,1.1200000047683716,0.0,1.1299999952316284,1.0800000429153442,1.100000023841858,0.0,1150390600
2021-09-27,0.8460193276405334,1.149999976158142,0.0,1.1699999570846558,1.1100000143051147,1.1200000047683716,0.0,1301056100
2021-09-28,0.8239492177963257,1.1200000047683716,0.0,1.149999976158142,1.1200000047683716,1.149999976158142,0.0,361968000
2021-09-29,0.8386625647544861,1.1399999856948853,0.0,1.149999976158142,1.1100000143051147,1.1100000143051147,0.0,300110800
2021-09-30,0.8165924549102783,1.1100000143051147,0.0,1.1399999856948853,1.1100000143051147,1.1399999856948853,0.0,252999900
2021-10-01,0.8165924549102783,1.1100000143051147,0.0,1.1200000047683716,1.090000033378601,1.100000023841858,0.0,468807400
2021-10-04,0.8239492177963257,1.1200000047683716,0.0,1.1299999952316284,1.100000023841858,1.1200000047683716,0.0,264212800
2021-10-05,0.8239492177963257,1.1200000047683716,0.0,1.1299999952316284,1.100000023841858,1.1100000143051147,0.0,144678700
2021-10-06,0.8165924549102783,1.1100000143051147,0.0,1.1299999952316284,1.1100000143051147,1.1200000047683716,0.0,73372500
2021-10-07,0.8533759117126465,1.159999966621399,0.0,1.159999966621399,1.1100000143051147,1.1100000143051147,0.0,861960700
2021-10-08,0.8607324957847595,1.1699999570846558,0.0,1.190000057220459,1.159999966621399,1.1699999570846558,0.0,522045400
2021-10-11,0.8533759117126465,1.159999966621399,0.0,1.1799999475479126,1.149999976158142,1.1799999475479126,0.0,288083000
2021-10-12,0.8533759117126465,1.159999966621399,0.0,1.1699999570846558,1.1399999856948853,1.1699999570846558,0.0,233475700
2021-10-14,0.8460193276405334,1.149999976158142,0.0,1.159999966621399,1.1399999856948853,1.159999966621399,0.0,266936100
2021-10-15,0.8386625647544861,1.1399999856948853,0.0,1.159999966621399,1.1399999856948853,1.1399999856948853,0.0,339415700
2021-10-18,0.8386625647544861,1.1399999856948853,0.0,1.159999966621399,1.1299999952316284,1.1399999856948853,0.0,426180000
2021-10-19,0.8165924549102783,1.1100000143051147,0.0,1.149999976158142,1.1100000143051147,1.1399999856948853,0.0,456564900
2021-10-20,0.8386625647544861,1.1399999856948853,0.0,1.1399999856948853,1.1200000047683716,1.1200000047683716,0.0,203689400
2021-10-21,0.8313058018684387,1.1299999952316284,0.0,1.149999976158142,1.1299999952316284,1.1399999856948853,0.0,162017600
2021-10-25,0.8460193276405334,1.149999976158142,0.0,1.159999966621399,1.1399999856948853,1.149999976158142,0.0,183484700
2021-10-26,0.8386625647544861,1.1399999856948853,0.0,1.159999966621399,1.1399999856948853,1.149999976158142,0.0,214556100
2021-10-27,0.8533759117126465,1.159999966621399,0.0,1.190000057220459,1.1399999856948853,1.149999976158142,0.0,701773300
2021-10-28,0.8533759117126465,1.159999966621399,0.0,1.1699999570846558,1.149999976158142,1.1699999570846558,0.0,261336300
2021-10-29,0.8533759117126465,1.159999966621399,0.0,1.1699999570846558,1.149999976158142,1.149999976158142,0.0,212516900
2021-11-01,0.8533759117126465,1.159999966621399,0.0,1.1699999570846558,1.149999976158142,1.159999966621399,0.0,139068700
2021-11-02,0.8533759117126465,1.159999966621399,0.0,1.1699999570846558,1.149999976158142,1.159999966621399,0.0,297795800
2021-11-03,0.8460193276405334,1.149999976158142,0.0,1.1699999570846558,1.1399999856948853,1.1699999570846558,0.0,449890500
2021-11-04,0.8607324957847595,1.1699999570846558,0.0,1.1699999570846558,1.149999976158142,1.149999976158142,0.0,463240300
2021-11-05,0.8533759117126465,1.159999966621399,0.0,1.1699999570846558,1.159999966621399,1.1699999570846558,0.0,173691100
2021-11-08,0.8533759117126465,1.159999966621399,0.0,1.1799999475479126,1.159999966621399,1.159999966621399,0.0,294235600
2021-11-09,0.8607324957847595,1.1699999570846558,0.0,1.1799999475479126,1.159999966621399,1.1699999570846558,0.0,308248400
2021-11-10,0.8607324957847595,1.1699999570846558,0.0,1.1799999475479126,1.1699999570846558,1.1799999475479126,0.0,173076500
2021-11-11,0.8754461407661438,1.190000057220459,0.0,1.190000057220459,1.159999966621399,1.1699999570846558,0.0,399314600
2021-11-12,0.8754461407661438,1.190000057220459,0.0,1.2000000476837158,1.1699999570846558,1.190000057220459,0.0,292467500
2021-11-15,0.8680893182754517,1.1799999475479126,0.0,1.190000057220459,1.1699999570846558,1.1799999475479126,0.0,170100600
2021-11-16,0.8680893182754517,1.1799999475479126,0.0,1.2000000476837158,1.1799999475479126,1.1799999475479126,0.0,339303500
2021-11-17,0.9048727750778198,1.2300000190734863,0.0,1.2300000190734863,1.1799999475479126,1.1799999475479126,0.0,1224639600
2021-11-18,0.9048727750778198,1.2300000190734863,0.0,1.2400000095367432,1.2200000286102295,1.2200000286102295,0.0,525739800
2021-11-19,0.890159547328949,1.2100000381469727,0.0,1.2400000095367432,1.2100000381469727,1.2300000190734863,0.0,395401100
2021-11-22,0.890159547328949,1.2100000381469727,0.0,1.2200000286102295,1.2000000476837158,1.2100000381469727,0.0,111291900
2021-11-23,0.8828025460243225,1.2000000476837158,0.0,1.2300000190734863,1.2000000476837158,1.2200000286102295,0.0,283536100
2021-11-24,0.8754461407661438,1.190000057220459,0.0,1.2200000286102295,1.190000057220459,1.2100000381469727,0.0,553304100
2021-11-25,0.9195860028266907,1.25,0.0,1.25,1.2000000476837158,1.2100000381469727,0.0,1168838700
2021-11-26,0.8975160717964172,1.2200000286102295,0.0,1.25,1.2000000476837158,1.2400000095367432,0.0,2084944200
2021-11-29,0.8828025460243225,1.2000000476837158,0.0,1.2200000286102295,1.2000000476837158,1.2100000381469727,0.0,594869100
2021-11-30,0.8754461407661438,1.190000057220459,0.0,1.2200000286102295,1.190000057220459,1.2200000286102295,0.0,848416500
2021-12-01,0.8828025460243225,1.2000000476837158,0.0,1.2100000381469727,1.190000057220459,1.2000000476837158,0.0,400031000
2021-12-02,0.8828025460243225,1.2000000476837158,0.0,1.2100000381469727,1.2000000476837158,1.2100000381469727,0.0,266151800
2021-12-03,0.890159547328949,1.2100000381469727,0.0,1.2200000286102295,1.2000000476837158,1.2100000381469727,0.0,416817300
2021-12-07,0.9122294187545776,1.2400000095367432,0.0,1.25,1.2200000286102295,1.2200000286102295,0.0,531566500
2021-12-08,0.9416562914848328,1.2799999713897705,0.0,1.2899999618530273,1.25,1.2599999904632568,0.0,937983500
2021-12-09,0.9563695192337036,1.2999999523162842,0.0,1.2999999523162842,1.2699999809265137,1.2799999713897705,0.0,604122900
2021-12-13,0.9637263417243958,1.309999942779541,0.0,1.309999942779541,1.2899999618530273,1.309999942779541,0.0,306051700
2021-12-14,0.9637263417243958,1.309999942779541,0.0,1.309999942779541,1.2799999713897705,1.2999999523162842,0.0,371505700
2021-12-15,0.9637263417243958,1.309999942779541,0.0,1.309999942779541,1.2999999523162842,1.309999942779541,0.0,200645300
2021-12-16,1.007866382598877,1.3700000047683716,0.0,1.3700000047683716,1.3200000524520874,1.3200000524520874,0.0,755934000
2021-12-17,1.0005097389221191,1.3600000143051147,0.0,1.3700000047683716,1.340000033378601,1.3600000143051147,0.0,609193000
2021-12-20,0.9637263417243958,1.309999942779541,0.0,1.350000023841858,1.309999942779541,1.350000023841858,0.0,641607200
2021-12-21,0.9710829854011536,1.3200000524520874,0.0,1.340000033378601,1.309999942779541,1.3200000524520874,0.0,199738000
2021-12-22,0.9637263417243958,1.309999942779541,0.0,1.340000033378601,1.309999942779541,1.3300000429153442,0.0,197850200
2021-12-23,1.0005097389221191,1.3600000143051147,0.0,1.3700000047683716,1.3200000524520874,1.3300000429153442,0.0,611574900
2021-12-24,1.0005097389221191,1.3600000143051147,0.0,1.3799999952316284,1.350000023841858,1.3700000047683716,0.0,247843800
2021-12-27,1.007866382598877,1.3700000047683716,0.0,1.3799999952316284,1.350000023841858,1.3600000143051147,0.0,198641100
2021-12-28,1.052006483078003,1.4299999475479126,0.0,1.4500000476837158,1.3600000143051147,1.3700000047683716,0.0,1094757800
2021-12-29,1.088789939880371,1.4800000190734863,0.0,1.4900000095367432,1.4199999570846558,1.440000057220459,0.0,943841300
2021-12-30,1.0814334154129028,1.4700000286102295,0.0,1.4900000095367432,1.4700000286102295,1.4900000095367432,0.0,522143000
2022-01-04,1.0814334154129028,1.4700000286102295,0.0,1.5,1.4600000381469727,1.4900000095367432,0.0,725268800
2022-01-05,1.0667201280593872,1.4500000476837158,0.0,1.4800000190734863,1.440000057220459,1.4700000286102295,0.0,470776900
2022-01-06,1.0372931957244873,1.409999966621399,0.0,1.4500000476837158,1.409999966621399,1.4500000476837158,0.0,945216700
2022-01-07,1.0667201280593872,1.4500000476837158,0.0,1.4500000476837158,1.409999966621399,1.4199999570846558,0.0,606113300
2022-01-10,1.0593632459640503,1.440000057220459,0.0,1.4500000476837158,1.4299999475479126,1.4500000476837158,0.0,429080200
2022-01-11,1.0593632459640503,1.440000057220459,0.0,1.440000057220459,1.4199999570846558,1.4299999475479126,0.0,278432700
2022-01-12,1.0667201280593872,1.4500000476837158,0.0,1.4600000381469727,1.4299999475479126,1.4500000476837158,0.0,393734800
2022-01-13,1.074076533317566,1.4600000381469727,0.0,1.4700000286102295,1.4199999570846558,1.440000057220459,0.0,653592900
2022-01-14,1.0593632459640503,1.440000057220459,0.0,1.4700000286102295,1.440000057220459,1.4500000476837158,0.0,376685100
2022-01-17,1.074076533317566,1.4600000381469727,0.0,1.4700000286102295,1.440000057220459,1.4500000476837158,0.0,275398700
2022-01-18,1.0593632459640503,1.440000057220459,0.0,1.4700000286102295,1.4299999475479126,1.4600000381469727,0.0,447976500
2022-01-19,1.0446498394012451,1.4199999570846558,0.0,1.440000057220459,1.409999966621399,1.440000057220459,0.0,573445100
2022-01-20,1.0446498394012451,1.4199999570846558,0.0,1.440000057220459,1.409999966621399,1.409999966621399,0.0,427203900
2022-01-21,1.0225797891616821,1.3899999856948853,0.0,1.4199999570846558,1.3600000143051147,1.409999966621399,0.0,1166482000
2022-01-24,0.993152916431427,1.350000023841858,0.0,1.3899999856948853,1.340000033378601,1.3799999952316284,0.0,1123566500
2022-01-25,1.007866382598877,1.3700000047683716,0.0,1.3700000047683716,1.3200000524520874,1.3300000429153442,0.0,680378000
2022-01-26,1.007866382598877,1.3700000047683716,0.0,1.399999976158142,1.3600000143051147,1.3700000047683716,0.0,615655700
2022-01-27,1.007866382598877,1.3700000047683716,0.0,1.3799999952316284,1.350000023841858,1.3600000143051147,0.0,679345400
2022-01-28,1.0005097389221191,1.3600000143051147,0.0,1.3799999952316284,1.350000023841858,1.3700000047683716,0.0,312537500
2022-01-31,1.0005097389221191,1.3600000143051147,0.0,1.3799999952316284,1.3600000143051147,1.3600000143051147,0.0,248770000
2022-02-01,1.0005097389221191,1.3600000143051147,0.0,1.3799999952316284,1.3600000143051147,1.3700000047683716,0.0,140468600
2022-02-02,1.0225797891616821,1.3899999856948853,0.0,1.3899999856948853,1.3700000047683716,1.3700000047683716,0.0,293722500
2022-02-03,0.9857962727546692,1.340000033378601,0.0,1.3899999856948853,1.3300000429153442,1.3799999952316284,0.0,1173662900
2022-02-04,0.9857962727546692,1.340000033378601,0.0,1.3600000143051147,1.3300000429153442,1.340000033378601,0.0,711759400
2022-02-07,0.9784395694732666,1.3300000429153442,0.0,1.340000033378601,1.3200000524520874,1.340000033378601,0.0,477909200
2022-02-08,0.9784395694732666,1.3300000429153442,0.0,1.340000033378601,1.3300000429153442,1.3300000429153442,0.0,244516900
2022-02-09,1.0299363136291504,1.399999976158142,0.0,1.409999966621399,1.340000033378601,1.340000033378601,0.0,1746520700
2022-02-10,1.0299363136291504,1.399999976158142,0.0,1.4199999570846558,1.3799999952316284,1.399999976158142,0.0,751679800
2022-02-11,1.0446498394012451,1.4199999570846558,0.0,1.440000057220459,1.3799999952316284,1.3899999856948853,0.0,1176741400
2022-02-14,1.0299363136291504,1.399999976158142,0.0,1.409999966621399,1.3899999856948853,1.409999966621399,0.0,483391900
2022-02-15,1.0372931957244873,1.409999966621399,0.0,1.4199999570846558,1.3700000047683716,1.399999976158142,0.0,967455400
2022-02-17,1.0593632459640503,1.440000057220459,0.0,1.4700000286102295,1.409999966621399,1.4199999570846558,0.0,1392689700
2022-02-18,1.0446498394012451,1.4199999570846558,0.0,1.4500000476837158,1.4199999570846558,1.4299999475479126,0.0,572094200
2022-02-21,1.0152230262756348,1.3799999952316284,0.0,1.4299999475479126,1.3700000047683716,1.4199999570846558,0.0,807893900
2022-02-22,1.007866382598877,1.3700000047683716,0.0,1.3799999952316284,1.350000023841858,1.3600000143051147,0.0,630472100
2022-02-23,1.0225797891616821,1.3899999856948853,0.0,1.399999976158142,1.3700000047683716,1.3799999952316284,0.0,342240100
2022-02-24,1.0005097389221191,1.3600000143051147,0.0,1.3899999856948853,1.340000033378601,1.3799999952316284,0.0,714788800
2022-02-25,1.007866382598877,1.3700000047683716,0.0,1.3799999952316284,1.3600000143051147,1.3700000047683716,0.0,413723500
2022-02-28,1.007866382598877,1.3700000047683716,0.0,1.3899999856948853,1.350000023841858,1.3700000047683716,0.0,543659200
2022-03-01,1.007866382598877,1.3700000047683716,0.0,1.3899999856948853,1.3600000143051147,1.3799999952316284,0.0,337516100
2022-03-02,1.0005097389221191,1.3600000143051147,0.0,1.3700000047683716,1.340000033378601,1.3600000143051147,0.0,440897200
2022-03-03,1.0005097389221191,1.3600000143051147,0.0,1.3799999952316284,1.350000023841858,1.3700000047683716,0.0,338428000
2022-03-04,0.9784395694732666,1.3300000429153442,0.0,1.350000023841858,1.3300000429153442,1.350000023841858,0.0,665725600
2022-03-07,0.9342994093894958,1.2699999809265137,0.0,1.2999999523162842,1.2599999904632568,1.2999999523162842,0.0,1020411200
2022-03-08,0.9490127563476562,1.2899999618530273,0.0,1.2899999618530273,1.2100000381469727,1.2699999809265137,0.0,1189074500
2022-03-09,0.9637263417243958,1.309999942779541,0.0,1.3200000524520874,1.2599999904632568,1.2899999618530273,0.0,788648900
2022-03-10,0.9563695192337036,1.2999999523162842,0.0,1.3300000429153442,1.2899999618530273,1.3300000429153442,0.0,542002600
2022-03-11,0.9637263417243958,1.309999942779541,0.0,1.309999942779541,1.2799999713897705,1.2799999713897705,0.0,282384100
2022-03-14,0.9784395694732666,1.3300000429153442,0.0,1.3300000429153442,1.2999999523162842,1.309999942779541,0.0,375667900
2022-03-15,0.9637263417243958,1.309999942779541,0.0,1.3300000429153442,1.2999999523162842,1.3300000429153442,0.0,291331000
2022-03-16,0.9784395694732666,1.3300000429153442,0.0,1.350000023841858,1.3200000524520874,1.3200000524520874,0.0,448381000
2022-03-17,0.9784395694732666,1.3300000429153442,0.0,1.350000023841858,1.3300000429153442,1.340000033378601,0.0,337572200
2022-03-18,0.9710829854011536,1.3200000524520874,0.0,1.350000023841858,1.3200000524520874,1.3300000429153442,0.0,404298500
2022-03-21,0.9637263417243958,1.309999942779541,0.0,1.3300000429153442,1.2899999618530273,1.3200000524520874,0.0,477545000
2022-03-22,0.9563695192337036,1.2999999523162842,0.0,1.2999999523162842,1.2699999809265137,1.2899999618530273,0.0,440708600
2022-03-23,0.9563695192337036,1.2999999523162842,0.0,1.3200000524520874,1.2899999618530273,1.2999999523162842,0.0,283991500
2022-03-24,0.9490127563476562,1.2899999618530273,0.0,1.309999942779541,1.2899999618530273,1.2899999618530273,0.0,245098000
2022-03-25,0.9563695192337036,1.2999999523162842,0.0,1.309999942779541,1.2899999618530273,1.2999999523162842,0.0,208880200
2022-03-28,0.9563695192337036,1.2999999523162842,0.0,1.309999942779541,1.2899999618530273,1.2999999523162842,0.0,139422900
2022-03-29,0.9563695192337036,1.2999999523162842,0.0,1.309999942779541,1.2899999618530273,1.2999999523162842,0.0,118747500
2022-03-30,0.9637263417243958,1.309999942779541,0.0,1.3200000524520874,1.2999999523162842,1.309999942779541,0.0,316549600
2022-03-31,0.9710829854011536,1.3200000524520874,0.0,1.3200000524520874,1.309999942779541,1.309999942779541,0.0,90862400
2022-04-01,0.9710829854011536,1.3200000524520874,0.0,1.3300000429153442,1.2999999523162842,1.309999942779541,0.0,405767500
2022-04-04,0.9710829854011536,1.3200000524520874,0.0,1.3300000429153442,1.309999942779541,1.3200000524520874,0.0,318549500
2022-04-05,0.9784395694732666,1.3300000429153442,0.0,1.3300000429153442,1.309999942779541,1.3200000524520874,0.0,200376200
2022-04-07,0.9637263417243958,1.309999942779541,0.0,1.3300000429153442,1.2899999618530273,1.3300000429153442,0.0,430643400
2022-04-08,0.9563695192337036,1.2999999523162842,0.0,1.309999942779541,1.2899999618530273,1.309999942779541,0.0,273192100
2022-04-11,0.9563695192337036,1.2999999523162842,0.0,1.2999999523162842,1.2899999618530273,1.2999999523162842,0.0,80762000
2022-04-12,0.9490127563476562,1.2899999618530273,0.0,1.2899999618530273,1.2799999713897705,1.2899999618530273,0.0,135586100
2022-04-18,0.9490127563476562,1.2899999618530273,0.0,1.2999999523162842,1.2699999809265137,1.2799999713897705,0.0,203412400
2022-04-19,0.9490127563476562,1.2899999618530273,0.0,1.2999999523162842,1.2799999713897705,1.2999999523162842,0.0,339099200
2022-04-20,0.9784395694732666,1.3300000429153442,0.0,1.3300000429153442,1.2899999618530273,1.2899999618530273,0.0,593187800
2022-04-21,0.9769248962402344,1.2899999618530273,0.038,1.2999999523162842,1.2899999618530273,1.2999999523162842,0.0,183345600
2022-04-22,0.9693518877029419,1.2799999713897705,0.0,1.2899999618530273,1.2699999809265137,1.2799999713897705,0.0,279095300
2022-04-25,0.9693518877029419,1.2799999713897705,0.0,1.2899999618530273,1.2699999809265137,1.2799999713897705,0.0,792737700
2022-04-26,0.9769248962402344,1.2899999618530273,0.0,1.2999999523162842,1.2799999713897705,1.2899999618530273,0.0,892984300
2022-04-27,0.9769248962402344,1.2899999618530273,0.0,1.2999999523162842,1.2799999713897705,1.2799999713897705,0.0,281989300
2022-04-28,0.9769248962402344,1.2899999618530273,0.0,1.309999942779541,1.2899999618530273,1.2899999618530273,0.0,111981800
2022-04-29,0.9844980239868164,1.2999999523162842,0.0,1.309999942779541,1.2899999618530273,1.2999999523162842,0.0,224437000
2022-05-03,0.9769248962402344,1.2899999618530273,0.0,1.309999942779541,1.2899999618530273,1.2999999523162842,0.0,316547700
2022-05-05,0.9769248962402344,1.2899999618530273,0.0,1.309999942779541,1.2799999713897705,1.2999999523162842,0.0,380605100
2022-05-06,0.9693518877029419,1.2799999713897705,0.0,1.2899999618530273,1.2699999809265137,1.2799999713897705,0.0,246278000
2022-05-09,0.9769248962402344,1.2899999618530273,0.0,1.2899999618530273,1.2699999809265137,1.2799999713897705,0.0,259663600
2022-05-10,0.9920710325241089,1.309999942779541,0.0,1.309999942779541,1.2699999809265137,1.2899999618530273,0.0,362014600
2022-05-11,0.9920710325241089,1.309999942779541,0.0,1.309999942779541,1.2899999618530273,1.309999942779541,0.0,515888100
2022-05-12,0.9617787599563599,1.2699999809265137,0.0,1.309999942779541,1.2699999809265137,1.2999999523162842,0.0,300522000
2022-05-13,0.9314867258071899,1.2300000190734863,0.0,1.2899999618530273,1.2200000286102295,1.2899999618530273,0.0,703323400
2022-05-17,0.9390596747398376,1.2400000095367432,0.0,1.25,1.2200000286102295,1.2300000190734863,0.0,352786300
2022-05-18,0.9390596747398376,1.2400000095367432,0.0,1.25,1.2300000190734863,1.25,0.0,255343100
2022-05-19,0.9239135980606079,1.2200000286102295,0.0,1.2400000095367432,1.2200000286102295,1.2200000286102295,0.0,119713700
2022-05-20,0.9390596747398376,1.2400000095367432,0.0,1.2400000095367432,1.2300000190734863,1.2400000095367432,0.0,87347000
2022-05-23,0.9466328024864197,1.25,0.0,1.2599999904632568,1.2300000190734863,1.2400000095367432,0.0,214737900
2022-05-24,0.9390596747398376,1.2400000095367432,0.0,1.2599999904632568,1.2400000095367432,1.2599999904632568,0.0,146011400
2022-05-25,0.9314867258071899,1.2300000190734863,0.0,1.25,1.2300000190734863,1.2400000095367432,0.0,139903600
2022-05-26,0.9390596747398376,1.2400000095367432,0.0,1.25,1.2300000190734863,1.2300000190734863,0.0,132268300
2022-05-27,0.9542058110237122,1.2599999904632568,0.0,1.2699999809265137,1.25,1.25,0.0,141103900
2022-05-30,0.9617787599563599,1.2699999809265137,0.0,1.2799999713897705,1.2599999904632568,1.2699999809265137,0.0,74308800
2022-05-31,0.9617787599563599,1.2699999809265137,0.0,1.2799999713897705,1.2599999904632568,1.2699999809265137,0.0,168242200
2022-06-01,0.9542058110237122,1.2599999904632568,0.0,1.2799999713897705,1.25,1.2699999809265137,0.0,277702600
2022-06-02,0.9390596747398376,1.2400000095367432,0.0,1.2599999904632568,1.2300000190734863,1.2599999904632568,0.0,266518400
2022-06-06,0.9314867258071899,1.2300000190734863,0.0,1.25,1.2200000286102295,1.2400000095367432,0.0,263205100
2022-06-07,0.9314867258071899,1.2300000190734863,0.0,1.2400000095367432,1.2200000286102295,1.2300000190734863,0.0,104466900
2022-06-08,0.9314867258071899,1.2300000190734863,0.0,1.2400000095367432,1.2200000286102295,1.2300000190734863,0.0,146246300
2022-06-09,0.9617787599563599,1.2699999809265137,0.0,1.2799999713897705,1.2300000190734863,1.2300000190734863,0.0,955605600
2022-06-10,0.9617787599563599,1.2699999809265137,0.0,1.2799999713897705,1.2599999904632568,1.2599999904632568,0.0,381606400
2022-06-13,0.9466328024864197,1.25,0.0,1.2599999904632568,1.2400000095367432,1.25,0.0,184093200
2022-06-14,0.9390596747398376,1.2400000095367432,0.0,1.25,1.2300000190734863,1.2400000095367432,0.0,238440600
2022-06-15,0.9542058110237122,1.2599999904632568,0.0,1.2699999809265137,1.2400000095367432,1.25,0.0,302927300
2022-06-16,0.9390596747398376,1.2400000095367432,0.0,1.2899999618530273,1.2400000095367432,1.2699999809265137,0.0,547150900
2022-06-17,0.9542058110237122,1.2599999904632568,0.0,1.2599999904632568,1.2300000190734863,1.2400000095367432,0.0,295671700
2022-06-20,0.9466328024864197,1.25,0.0,1.2599999904632568,1.2300000190734863,1.25,0.0,361461400
2022-06-21,0.9542058110237122,1.2599999904632568,0.0,1.2599999904632568,1.2400000095367432,1.25,0.0,152126800
2022-06-22,0.9466328024864197,1.25,0.0,1.2599999904632568,1.2300000190734863,1.2599999904632568,0.0,188503100
2022-06-23,0.9314867258071899,1.2300000190734863,0.0,1.25,1.2200000286102295,1.2400000095367432,0.0,298595600
2022-06-24,0.9314867258071899,1.2300000190734863,0.0,1.2400000095367432,1.2300000190734863,1.2400000095367432,0.0,151801700
2022-06-27,0.9390596747398376,1.2400000095367432,0.0,1.2599999904632568,1.2300000190734863,1.2400000095367432,0.0,238857300
2022-06-28,0.9466328024864197,1.25,0.0,1.2599999904632568,1.2300000190734863,1.2400000095367432,0.0,271073300
2022-06-29,0.9390596747398376,1.2400000095367432,0.0,1.25,1.2400000095367432,1.2400000095367432,0.0,149686500
2022-06-30,0.9314867258071899,1.2300000190734863,0.0,1.25,1.2200000286102295,1.25,0.0,275289500
2022-07-01,0.9239135980606079,1.2200000286102295,0.0,1.2400000095367432,1.2200000286102295,1.2300000190734863,0.0,251207600
2022-07-04,0.9087674617767334,1.2000000476837158,0.0,1.2300000190734863,1.2000000476837158,1.2200000286102295,0.0,194230600
2022-07-05,0.8936213254928589,1.1799999475479126,0.0,1.2100000381469727,1.1799999475479126,1.2100000381469727,0.0,295269900
2022-07-06,0.8784751296043396,1.159999966621399,0.0,1.190000057220459,1.149999976158142,1.1799999475479126,0.0,385063900
2022-07-07,0.8860481381416321,1.1699999570846558,0.0,1.1699999570846558,1.149999976158142,1.159999966621399,0.0,241437700
2022-07-08,0.8860481381416321,1.1699999570846558,0.0,1.190000057220459,1.159999966621399,1.1699999570846558,0.0,230933400
2022-07-11,0.8860481381416321,1.1699999570846558,0.0,1.190000057220459,1.159999966621399,1.1699999570846558,0.0,343039000
2022-07-12,0.8709021806716919,1.149999976158142,0.0,1.1699999570846558,1.149999976158142,1.1699999570846558,0.0,164033800
2022-07-14,0.8481829762458801,1.1200000047683716,0.0,1.159999966621399,1.1100000143051147,1.159999966621399,0.0,530130500
2022-07-15,0.8481829762458801,1.1200000047683716,0.0,1.1299999952316284,1.090000033378601,1.1200000047683716,0.0,443033200
2022-07-18,0.8709021806716919,1.149999976158142,0.0,1.149999976158142,1.1200000047683716,1.1299999952316284,0.0,266664800
2022-07-19,0.8557559251785278,1.1299999952316284,0.0,1.1399999856948853,1.100000023841858,1.1299999952316284,0.0,294652100
2022-07-20,0.8633291125297546,1.1399999856948853,0.0,1.149999976158142,1.1299999952316284,1.1399999856948853,0.0,148683500
2022-07-21,0.8936213254928589,1.1799999475479126,0.0,1.1799999475479126,1.1399999856948853,1.149999976158142,0.0,489079100
2022-07-22,0.8860481381416321,1.1699999570846558,0.0,1.190000057220459,1.159999966621399,1.1799999475479126,0.0,548392900
2022-07-25,0.9087674617767334,1.2000000476837158,0.0,1.2000000476837158,1.159999966621399,1.1699999570846558,0.0,199795800
2022-07-26,0.9011945724487305,1.190000057220459,0.0,1.2100000381469727,1.190000057220459,1.2000000476837158,0.0,249852000
2022-07-27,0.9087674617767334,1.2000000476837158,0.0,1.2000000476837158,1.1799999475479126,1.190000057220459,0.0,130540900
2022-08-01,0.9011945724487305,1.190000057220459,0.0,1.2100000381469727,1.1799999475479126,1.2100000381469727,0.0,480495500
2022-08-02,0.8860481381416321,1.1699999570846558,0.0,1.190000057220459,1.1699999570846558,1.1799999475479126,0.0,272093400
2022-08-03,0.8860481381416321,1.1699999570846558,0.0,1.1799999475479126,1.149999976158142,1.1699999570846558,0.0,216823800
2022-08-04,0.8860481381416321,1.1699999570846558,0.0,1.1799999475479126,1.159999966621399,1.1699999570846558,0.0,166580200
2022-08-05,0.8860481381416321,1.1699999570846558,0.0,1.190000057220459,1.1699999570846558,1.1799999475479126,0.0,249877600
2022-08-08,0.9011945724487305,1.190000057220459,0.0,1.190000057220459,1.159999966621399,1.1699999570846558,0.0,229964500
2022-08-09,0.9087674617767334,1.2000000476837158,0.0,1.2000000476837158,1.1799999475479126,1.190000057220459,0.0,184276200
2022-08-10,0.9011945724487305,1.190000057220459,0.0,1.2000000476837158,1.1799999475479126,1.2000000476837158,0.0,233958900
2022-08-11,0.9087674617767334,1.2000000476837158,0.0,1.2200000286102295,1.190000057220459,1.2000000476837158,0.0,277958700
2022-08-15,0.9087674617767334,1.2000000476837158,0.0,1.2200000286102295,1.2000000476837158,1.2100000381469727,0.0,220918000
2022-08-16,0.9011945724487305,1.190000057220459,0.0,1.2100000381469727,1.190000057220459,1.2000000476837158,0.0,247985000
2022-08-17,0.9239135980606079,1.2200000286102295,0.0,1.2300000190734863,1.2000000476837158,1.2000000476837158,0.0,320574400
2022-08-18,0.9239135980606079,1.2200000286102295,0.0,1.2300000190734863,1.2100000381469727,1.2200000286102295,0.0,131684200
2022-08-19,0.9163406491279602,1.2100000381469727,0.0,1.2300000190734863,1.2100000381469727,1.2300000190734863,0.0,107436300
2022-08-22,0.9087674617767334,1.2000000476837158,0.0,1.2100000381469727,1.2000000476837158,1.2100000381469727,0.0,141611900
2022-08-23,0.9239135980606079,1.2200000286102295,0.0,1.2200000286102295,1.190000057220459,1.2000000476837158,0.0,111244300
2022-08-24,0.9466328024864197,1.25,0.0,1.2599999904632568,1.2000000476837158,1.2100000381469727,0.0,698435700
2022-08-25,0.9769248962402344,1.2899999618530273,0.0,1.3200000524520874,1.25,1.25,0.0,599142600
2022-08-26,0.9693518877029419,1.2799999713897705,0.0,1.309999942779541,1.2799999713897705,1.2899999618530273,0.0,360099700
2022-08-29,0.9617787599563599,1.2699999809265137,0.0,1.2899999618530273,1.25,1.25,0.0,235889900
2022-08-30,0.9617787599563599,1.2699999809265137,0.0,1.2799999713897705,1.2599999904632568,1.2699999809265137,0.0,124928000
2022-08-31,0.9617787599563599,1.2699999809265137,0.0,1.2899999618530273,1.2599999904632568,1.2799999713897705,0.0,236589000
2022-09-01,0.9542058110237122,1.2599999904632568,0.0,1.2799999713897705,1.25,1.2699999809265137,0.0,226570000
2022-09-02,0.9542058110237122,1.2599999904632568,0.0,1.2699999809265137,1.2400000095367432,1.2599999904632568,0.0,434052400
2022-09-05,0.9695962071418762,1.2599999904632568,0.02,1.2599999904632568,1.2400000095367432,1.2400000095367432,0.0,129851300
2022-09-06,0.9772914052009583,1.2699999809265137,0.0,1.2699999809265137,1.25,1.2599999904632568,0.0,125277100
2022-09-07,0.9619010090827942,1.25,0.0,1.2699999809265137,1.2400000095367432,1.2599999904632568,0.0,177634300
2022-09-08,0.9619010090827942,1.25,0.0,1.2599999904632568,1.2400000095367432,1.25,0.0,108300300
2022-09-09,0.9695962071418762,1.2599999904632568,0.0,1.2699999809265137,1.25,1.25,0.0,77777500
2022-09-12,0.9926818013191223,1.2899999618530273,0.0,1.2899999618530273,1.2599999904632568,1.2699999809265137,0.0,190414200
2022-09-13,0.9772914052009583,1.2699999809265137,0.0,1.2899999618530273,1.2699999809265137,1.2899999618530273,0.0,168102400
2022-09-14,0.9849866032600403,1.2799999713897705,0.0,1.2799999713897705,1.25,1.2599999904632568,0.0,184667500
2022-09-15,0.9695962071418762,1.2599999904632568,0.0,1.2899999618530273,1.2599999904632568,1.2799999713897705,0.0,101125800
2022-09-16,0.9695962071418762,1.2599999904632568,0.0,1.2699999809265137,1.25,1.2599999904632568,0.0,299049400
2022-09-19,0.9695962071418762,1.2599999904632568,0.0,1.2699999809265137,1.25,1.2599999904632568,0.0,60747000
2022-09-20,0.9695962071418762,1.2599999904632568,0.0,1.2799999713897705,1.25,1.2599999904632568,0.0,206467500
2022-09-21,0.9695962071418762,1.2599999904632568,0.0,1.2799999713897705,1.2599999904632568,1.2599999904632568,0.0,235725300
2022-09-22,0.9849866032600403,1.2799999713897705,0.0,1.2799999713897705,1.25,1.2599999904632568,0.0,152543400
2022-09-23,0.9772914052009583,1.2699999809265137,0.0,1.2899999618530273,1.2599999904632568,1.2799999713897705,0.0,163911100
2022-09-26,0.9465105533599854,1.2300000190734863,0.0,1.2699999809265137,1.2200000286102295,1.2599999904632568,0.0,536802300
2022-09-27,0.9311203360557556,1.2100000381469727,0.0,1.2400000095367432,1.2000000476837158,1.2400000095367432,0.0,480927600
2022-09-28,0.9311203360557556,1.2100000381469727,0.0,1.2200000286102295,1.2000000476837158,1.2100000381469727,0.0,149504800
2022-09-29,0.9311203360557556,1.2100000381469727,0.0,1.2400000095367432,1.2000000476837158,1.2200000286102295,0.0,238301100
2022-09-30,0.9311203360557556,1.2100000381469727,0.0,1.2200000286102295,1.2000000476837158,1.2000000476837158,0.0,168026700
2022-10-03,0.9157299995422363,1.190000057220459,0.0,1.2100000381469727,1.1799999475479126,1.2000000476837158,0.0,205824600
2022-10-04,0.9234249591827393,1.2000000476837158,0.0,1.2100000381469727,1.190000057220459,1.2100000381469727,0.0,171335900
2022-10-05,0.9234249591827393,1.2000000476837158,0.0,1.2100000381469727,1.190000057220459,1.2000000476837158,0.0,136878700
2022-10-06,0.9388154149055481,1.2200000286102295,0.0,1.2300000190734863,1.2100000381469727,1.2100000381469727,0.0,384078400
2022-10-07,0.9388154149055481,1.2200000286102295,0.0,1.2300000190734863,1.2100000381469727,1.2200000286102295,0.0,127189200
2022-10-10,0.9311203360557556,1.2100000381469727,0.0,1.2200000286102295,1.2000000476837158,1.2100000381469727,0.0,128781100
2022-10-11,0.9234249591827393,1.2000000476837158,0.0,1.2100000381469727,1.190000057220459,1.2100000381469727,0.0,137338000
2022-10-12,0.9311203360557556,1.2100000381469727,0.0,1.2200000286102295,1.2000000476837158,1.2000000476837158,0.0,295732400
2022-10-17,0.9388154149055481,1.2200000286102295,0.0,1.2200000286102295,1.2000000476837158,1.2200000286102295,0.0,142536400
2022-10-18,0.9465105533599854,1.2300000190734863,0.0,1.2400000095367432,1.2200000286102295,1.2200000286102295,0.0,255302000
2022-10-19,0.9542058110237122,1.2400000095367432,0.0,1.25,1.2300000190734863,1.2300000190734863,0.0,132630100
2022-10-20,0.9849866032600403,1.2799999713897705,0.0,1.2799999713897705,1.2300000190734863,1.2400000095367432,0.0,559085100
2022-10-21,0.9926818013191223,1.2899999618530273,0.0,1.2899999618530273,1.2599999904632568,1.2699999809265137,0.0,383003500
2022-10-25,1.0234625339508057,1.3300000429153442,0.0,1.3300000429153442,1.2799999713897705,1.2899999618530273,0.0,878274800
2022-10-26,1.061938762664795,1.3799999952316284,0.0,1.3799999952316284,1.3200000524520874,1.3300000429153442,0.0,1363382600
2022-10-27,1.0465483665466309,1.3600000143051147,0.0,1.3899999856948853,1.340000033378601,1.3700000047683716,0.0,686340100
2022-10-28,1.0388531684875488,1.350000023841858,0.0,1.3600000143051147,1.340000033378601,1.350000023841858,0.0,161491800
2022-10-31,1.0465483665466309,1.3600000143051147,0.0,1.3700000047683716,1.350000023841858,1.350000023841858,0.0,203533700
2022-11-01,1.054243564605713,1.3700000047683716,0.0,1.3799999952316284,1.350000023841858,1.3600000143051147,0.0,418100200
2022-11-02,1.054243564605713,1.3700000047683716,0.0,1.3899999856948853,1.3700000047683716,1.3700000047683716,0.0,189865400
2022-11-03,1.069633960723877,1.3899999856948853,0.0,1.3899999856948853,1.3600000143051147,1.3700000047683716,0.0,401393600
2022-11-04,1.054243564605713,1.3700000047683716,0.0,1.3899999856948853,1.3700000047683716,1.3899999856948853,0.0,220425000
2022-11-07,1.0465483665466309,1.3600000143051147,0.0,1.3799999952316284,1.350000023841858,1.3700000047683716,0.0,200067100
2022-11-08,1.0465483665466309,1.3600000143051147,0.0,1.3700000047683716,1.3600000143051147,1.3600000143051147,0.0,93226400
2022-11-09,1.0465483665466309,1.3600000143051147,0.0,1.3799999952316284,1.350000023841858,1.3600000143051147,0.0,277543500
2022-11-10,1.0465483665466309,1.3600000143051147,0.0,1.3700000047683716,1.350000023841858,1.3600000143051147,0.0,118817600
2022-11-11,1.0465483665466309,1.3600000143051147,0.0,1.3799999952316284,1.350000023841858,1.3799999952316284,0.0,234813100
2022-11-14,1.0388531684875488,1.350000023841858,0.0,1.3600000143051147,1.340000033378601,1.3600000143051147,0.0,119901800
2022-11-15,1.0465483665466309,1.3600000143051147,0.0,1.3700000047683716,1.340000033378601,1.340000033378601,0.0,322131600
2022-11-16,1.054243564605713,1.3700000047683716,0.0,1.3899999856948853,1.3700000047683716,1.3700000047683716,0.0,280167600
2022-11-17,1.0465483665466309,1.3600000143051147,0.0,1.3700000047683716,1.3600000143051147,1.3700000047683716,0.0,106250000
2022-11-18,1.0465483665466309,1.3600000143051147,0.0,1.3799999952316284,1.350000023841858,1.3700000047683716,0.0,92257600
2022-11-21,1.0465483665466309,1.3600000143051147,0.0,1.3700000047683716,1.350000023841858,1.3700000047683716,0.0,78325800
2022-11-22,1.054243564605713,1.3700000047683716,0.0,1.3799999952316284,1.350000023841858,1.3600000143051147,0.0,124566700
2022-11-23,1.069633960723877,1.3899999856948853,0.0,1.3899999856948853,1.3700000047683716,1.3700000047683716,0.0,166691100
2022-11-24,1.069633960723877,1.3899999856948853,0.0,1.399999976158142,1.3899999856948853,1.3899999856948853,0.0,110200000
2022-11-25,1.061938762664795,1.3799999952316284,0.0,1.399999976158142,1.3700000047683716,1.3899999856948853,0.0,172103200
2022-11-28,1.054243564605713,1.3700000047683716,0.0,1.3899999856948853,1.3600000143051147,1.3799999952316284,0.0,195587400
2022-11-29,1.061938762664795,1.3799999952316284,0.0,1.399999976158142,1.3700000047683716,1.3700000047683716,0.0,193415200
2022-11-30,1.077329158782959,1.399999976158142,0.0,1.399999976158142,1.3799999952316284,1.3899999856948853,0.0,150639900
2022-12-01,1.069633960723877,1.3899999856948853,0.0,1.399999976158142,1.3799999952316284,1.3899999856948853,0.0,179523300
2022-12-02,1.061938762664795,1.3799999952316284,0.0,1.3899999856948853,1.3600000143051147,1.3899999856948853,0.0,115158600
2022-12-06,1.061938762664795,1.3799999952316284,0.0,1.3799999952316284,1.3600000143051147,1.3700000047683716,0.0,147677600
2022-12-07,1.061938762664795,1.3799999952316284,0.0,1.3899999856948853,1.3700000047683716,1.3799999952316284,0.0,107915600
2022-12-08,1.054243564605713,1.3700000047683716,0.0,1.3799999952316284,1.3600000143051147,1.3799999952316284,0.0,111434200
2022-12-09,1.0465483665466309,1.3600000143051147,0.0,1.3799999952316284,1.3600000143051147,1.3700000047683716,0.0,65254200
2022-12-13,1.0465483665466309,1.3600000143051147,0.0,1.3700000047683716,1.350000023841858,1.3600000143051147,0.0,56143200
2022-12-14,1.061938762664795,1.3799999952316284,0.0,1.3799999952316284,1.350000023841858,1.3600000143051147,0.0,153451300
2022-12-15,1.061938762664795,1.3799999952316284,0.0,1.3799999952316284,1.3700000047683716,1.3700000047683716,0.0,150260400
2022-12-16,1.0465483665466309,1.3600000143051147,0.0,1.3700000047683716,1.3600000143051147,1.3700000047683716,0.0,103159600
2022-12-19,1.0388531684875488,1.350000023841858,0.0,1.3700000047683716,1.350000023841858,1.3600000143051147,0.0,93267900
2022-12-20,1.0465483665466309,1.3600000143051147,0.0,1.3600000143051147,1.340000033378601,1.350000023841858,0.0,173271100
2022-12-21,1.0465483665466309,1.3600000143051147,0.0,1.3700000047683716,1.350000023841858,1.3600000143051147,0.0,133317500
2022-12-22,1.054243564605713,1.3700000047683716,0.0,1.3799999952316284,1.3600000143051147,1.3700000047683716,0.0,80102000
2022-12-23,1.054243564605713,1.3700000047683716,0.0,1.3700000047683716,1.350000023841858,1.3600000143051147,0.0,96425500
2022-12-26,1.0465483665466309,1.3600000143051147,0.0,1.3700000047683716,1.350000023841858,1.3700000047683716,0.0,116380600
2022-12-27,1.054243564605713,1.3700000047683716,0.0,1.3799999952316284,1.350000023841858,1.3600000143051147,0.0,284619200
2022-12-28,1.061938762664795,1.3799999952316284,0.0,1.3799999952316284,1.3700000047683716,1.3700000047683716,0.0,96591300
2022-12-29,1.069633960723877,1.3899999856948853,0.0,1.3899999856948853,1.3700000047683716,1.3799999952316284,0.0,271432000
2022-12-30,1.0850242376327515,1.409999966621399,0.0,1.4299999475479126,1.3899999856948853,1.399999976158142,0.0,662136600
2023-01-03,1.0850242376327515,1.409999966621399,0.0,1.440000057220459,1.399999976158142,1.4199999570846558,0.0,358488200
2023-01-04,1.092719554901123,1.4199999570846558,0.0,1.4299999475479126,1.399999976158142,1.4199999570846558,0.0,332662900
2023-01-05,1.092719554901123,1.4199999570846558,0.0,1.440000057220459,1.409999966621399,1.4299999475479126,0.0,595255500
2023-01-06,1.1158053874969482,1.4500000476837158,0.0,1.4500000476837158,1.4199999570846558,1.4199999570846558,0.0,473417000
2023-01-09,1.1158053874969482,1.4500000476837158,0.0,1.4700000286102295,1.4500000476837158,1.4600000381469727,0.0,270594800
2023-01-10,1.1235003471374512,1.4600000381469727,0.0,1.4600000381469727,1.440000057220459,1.4500000476837158,0.0,228848200
2023-01-11,1.108109951019287,1.440000057220459,0.0,1.4700000286102295,1.440000057220459,1.4600000381469727,0.0,167624500
2023-01-12,1.1004148721694946,1.4299999475479126,0.0,1.4500000476837158,1.4199999570846558,1.440000057220459,0.0,224123400
2023-01-13,1.0850242376327515,1.409999966621399,0.0,1.4299999475479126,1.399999976158142,1.4299999475479126,0.0,369099700
2023-01-16,1.092719554901123,1.4199999570846558,0.0,1.4299999475479126,1.4199999570846558,1.4199999570846558,0.0,141507700
2023-01-17,1.092719554901123,1.4199999570846558,0.0,1.4299999475479126,1.409999966621399,1.4199999570846558,0.0,132072800
2023-01-18,1.092719554901123,1.4199999570846558,0.0,1.4299999475479126,1.409999966621399,1.4199999570846558,0.0,173624100
2023-01-19,1.092719554901123,1.4199999570846558,0.0,1.4299999475479126,1.409999966621399,1.409999966621399,0.0,240605100
2023-01-20,1.0850242376327515,1.409999966621399,0.0,1.409999966621399,1.3799999952316284,1.409999966621399,0.0,505118700
2023-01-23,1.108109951019287,1.440000057220459,0.0,1.4500000476837158,1.399999976158142,1.409999966621399,0.0,439317800
2023-01-24,1.108109951019287,1.440000057220459,0.0,1.4500000476837158,1.4299999475479126,1.4500000476837158,0.0,140786700
2023-01-25,1.108109951019287,1.440000057220459,0.0,1.440000057220459,1.4299999475479126,1.4299999475479126,0.0,136125000
2023-01-26,1.1158053874969482,1.4500000476837158,0.0,1.4500000476837158,1.4199999570846558,1.440000057220459,0.0,227397400
2023-01-27,1.1158053874969482,1.4500000476837158,0.0,1.4700000286102295,1.440000057220459,1.4500000476837158,0.0,353498900
2023-01-30,1.1311956644058228,1.4700000286102295,0.0,1.4700000286102295,1.440000057220459,1.4500000476837158,0.0,447521300
2023-01-31,1.1311956644058228,1.4700000286102295,0.0,1.4700000286102295,1.4500000476837158,1.4600000381469727,0.0,248558500
2023-02-01,1.1311956644058228,1.4700000286102295,0.0,1.4800000190734863,1.4500000476837158,1.4700000286102295,0.0,265955500
2023-02-02,1.1158053874969482,1.4500000476837158,0.0,1.4700000286102295,1.4500000476837158,1.4600000381469727,0.0,105819300
2023-02-03,1.1158053874969482,1.4500000476837158,0.0,1.4600000381469727,1.440000057220459,1.4500000476837158,0.0,164136700
2023-02-06,1.1158053874969482,1.4500000476837158,0.0,1.4500000476837158,1.440000057220459,1.4500000476837158,0.0,39896000
2023-02-07,1.092719554901123,1.4199999570846558,0.0,1.4500000476837158,1.4199999570846558,1.440000057220459,0.0,194234000
2023-02-08,1.0850242376327515,1.409999966621399,0.0,1.4299999475479126,1.399999976158142,1.4199999570846558,0.0,176493700
2023-02-09,1.077329158782959,1.399999976158142,0.0,1.409999966621399,1.3899999856948853,1.399999976158142,0.0,252818800
2023-02-10,1.077329158782959,1.399999976158142,0.0,1.409999966621399,1.3899999856948853,1.399999976158142,0.0,250900900
2023-02-13,1.0850242376327515,1.409999966621399,0.0,1.4199999570846558,1.3899999856948853,1.399999976158142,0.0,153473900
2023-02-14,1.077329158782959,1.399999976158142,0.0,1.4199999570846558,1.399999976158142,1.409999966621399,0.0,185535500
2023-02-15,1.069633960723877,1.3899999856948853,0.0,1.409999966621399,1.3799999952316284,1.409999966621399,0.0,175929100
2023-02-16,1.069633960723877,1.3899999856948853,0.0,1.399999976158142,1.3799999952316284,1.3899999856948853,0.0,78478500
2023-02-17,1.0465483665466309,1.3600000143051147,0.0,1.3899999856948853,1.3600000143051147,1.3799999952316284,0.0,308438600
2023-02-20,1.077329158782959,1.399999976158142,0.0,1.399999976158142,1.3600000143051147,1.3700000047683716,0.0,215874200
2023-02-21,1.0850242376327515,1.409999966621399,0.0,1.409999966621399,1.3799999952316284,1.399999976158142,0.0,106516300
2023-02-22,1.069633960723877,1.3899999856948853,0.0,1.409999966621399,1.3799999952316284,1.399999976158142,0.0,128232000
2023-02-23,1.069633960723877,1.3899999856948853,0.0,1.399999976158142,1.3799999952316284,1.399999976158142,0.0,184095600
2023-02-24,1.077329158782959,1.399999976158142,0.0,1.409999966621399,1.3899999856948853,1.399999976158142,0.0,181083900
2023-02-27,1.077329158782959,1.399999976158142,0.0,1.409999966621399,1.3899999856948853,1.399999976158142,0.0,160526100
2023-02-28,1.077329158782959,1.399999976158142,0.0,1.409999966621399,1.399999976158142,1.409999966621399,0.0,140569800
2023-03-01,1.069633960723877,1.3899999856948853,0.0,1.409999966621399,1.3899999856948853,1.399999976158142,0.0,144164800
2023-03-02,1.054243564605713,1.3700000047683716,0.0,1.3899999856948853,1.3600000143051147,1.3899999856948853,0.0,341333400
2023-03-03,1.069633960723877,1.3899999856948853,0.0,1.3899999856948853,1.3600000143051147,1.3700000047683716,0.0,260462400
2023-03-07,1.069633960723877,1.3899999856948853,0.0,1.399999976158142,1.3799999952316284,1.3899999856948853,0.0,133797400
2023-03-08,1.061938762664795,1.3799999952316284,0.0,1.3899999856948853,1.3700000047683716,1.3799999952316284,0.0,257346600
2023-03-09,1.069633960723877,1.3899999856948853,0.0,1.3899999856948853,1.3700000047683716,1.3799999952316284,0.0,223965300
2023-03-10,1.061938762664795,1.3799999952316284,0.0,1.399999976158142,1.3799999952316284,1.3799999952316284,0.0,155093200
2023-03-13,1.0465483665466309,1.3600000143051147,0.0,1.3899999856948853,1.350000023841858,1.3799999952316284,0.0,373853800
2023-03-14,1.0003769397735596,1.2999999523162842,0.0,1.3600000143051147,1.2899999618530273,1.350000023841858,0.0,786149800
2023-03-15,1.0157675743103027,1.3200000524520874,0.0,1.340000033378601,1.3200000524520874,1.3300000429153442,0.0,478647400
2023-03-16,1.0080721378326416,1.309999942779541,0.0,1.3200000524520874,1.2899999618530273,1.309999942779541,0.0,396713200
2023-03-17,1.0388531684875488,1.350000023841858,0.0,1.350000023841858,1.3200000524520874,1.3200000524520874,0.0,379499700
2023-03-20,1.0234625339508057,1.3300000429153442,0.0,1.340000033378601,1.3200000524520874,1.340000033378601,0.0,286906900
2023-03-21,1.0465483665466309,1.3600000143051147,0.0,1.3600000143051147,1.3300000429153442,1.350000023841858,0.0,320126100
2023-03-22,1.061938762664795,1.3799999952316284,0.0,1.399999976158142,1.3700000047683716,1.3799999952316284,0.0,440625200
2023-03-23,1.061938762664795,1.3799999952316284,0.0,1.3899999856948853,1.3700000047683716,1.3700000047683716,0.0,197534000
2023-03-24,1.054243564605713,1.3700000047683716,0.0,1.3899999856948853,1.3700000047683716,1.3799999952316284,0.0,158788200
2023-03-27,1.061938762664795,1.3799999952316284,0.0,1.3899999856948853,1.3700000047683716,1.3799999952316284,0.0,205166000
2023-03-28,1.1158053874969482,1.4500000476837158,0.0,1.4500000476837158,1.3799999952316284,1.3799999952316284,0.0,721704400
2023-03-29,1.1158053874969482,1.4500000476837158,0.0,1.4600000381469727,1.4299999475479126,1.4500000476837158,0.0,356193500
2023-03-30,1.1158053874969482,1.4500000476837158,0.0,1.4600000381469727,1.4299999475479126,1.4500000476837158,0.0,266342000
2023-03-31,1.092719554901123,1.4199999570846558,0.0,1.4600000381469727,1.4199999570846558,1.4500000476837158,0.0,147580500
2023-04-03,1.1004148721694946,1.4299999475479126,0.0,1.440000057220459,1.4199999570846558,1.4299999475479126,0.0,93648300
2023-04-04,1.1004148721694946,1.4299999475479126,0.0,1.440000057220459,1.4199999570846558,1.4299999475479126,0.0,230830200
2023-04-05,1.092719554901123,1.4199999570846558,0.0,1.4299999475479126,1.409999966621399,1.4299999475479126,0.0,178951000
2023-04-07,1.108109951019287,1.440000057220459,0.0,1.4600000381469727,1.4199999570846558,1.4299999475479126,0.0,267540800
2023-04-10,1.1158053874969482,1.4500000476837158,0.0,1.4500000476837158,1.4299999475479126,1.4299999475479126,0.0,103938200
2023-04-11,1.1158053874969482,1.4500000476837158,0.0,1.4500000476837158,1.4299999475479126,1.4500000476837158,0.0,311201200
2023-04-12,1.1182013750076294,1.399999976158142,0.053,1.409999966621399,1.3899999856948853,1.3899999856948853,0.0,313801300
2023-04-17,1.1182013750076294,1.399999976158142,0.0,1.409999966621399,1.3899999856948853,1.3899999856948853,0.0,219106300
2023-04-18,1.1341756582260132,1.4199999570846558,0.0,1.4299999475479126,1.399999976158142,1.409999966621399,0.0,232123500
2023-04-19,1.1341756582260132,1.4199999570846558,0.0,1.4299999475479126,1.409999966621399,1.409999966621399,0.0,154405200
2023-04-20,1.1341756582260132,1.4199999570846558,0.0,1.4600000381469727,1.399999976158142,1.4500000476837158,0.0,591726300
2023-04-21,1.190085768699646,1.4900000095367432,0.0,1.4900000095367432,1.4199999570846558,1.4199999570846558,0.0,1059572300
2023-04-24,1.1661242246627808,1.4600000381469727,0.0,1.4800000190734863,1.440000057220459,1.4800000190734863,0.0,502093300
2023-04-25,1.1421629190444946,1.4299999475479126,0.0,1.4600000381469727,1.4199999570846558,1.4500000476837158,0.0,540331900
2023-04-26,1.1741114854812622,1.4700000286102295,0.0,1.4900000095367432,1.4199999570846558,1.4299999475479126,0.0,622960300
2023-04-27,1.158137321472168,1.4500000476837158,0.0,1.4800000190734863,1.4500000476837158,1.4800000190734863,0.0,162679400
2023-04-28,1.158137321472168,1.4500000476837158,0.0,1.4500000476837158,1.440000057220459,1.4500000476837158,0.0,127576800
2023-05-02,1.158137321472168,1.4500000476837158,0.0,1.4500000476837158,1.4299999475479126,1.4500000476837158,0.0,260161600
2023-05-03,1.182098627090454,1.4800000190734863,0.0,1.4800000190734863,1.4299999475479126,1.4299999475479126,0.0,591045000
2023-05-08,1.1980727910995483,1.5,0.0,1.5,1.4600000381469727,1.4900000095367432,0.0,464264700
2023-05-09,1.1980727910995483,1.5,0.0,1.5099999904632568,1.4800000190734863,1.5,0.0,401536900
2023-05-10,1.2140471935272217,1.5199999809265137,0.0,1.5199999809265137,1.4800000190734863,1.5,0.0,192551900
2023-05-11,1.2060599327087402,1.5099999904632568,0.0,1.5299999713897705,1.5,1.5199999809265137,0.0,275200400
2023-05-12,1.190085768699646,1.4900000095367432,0.0,1.5099999904632568,1.4800000190734863,1.5,0.0,263203000
2023-05-15,1.190085768699646,1.4900000095367432,0.0,1.5,1.4800000190734863,1.5,0.0,413260500
2023-05-16,1.182098627090454,1.4800000190734863,0.0,1.5,1.4600000381469727,1.4800000190734863,0.0,374470700
2023-05-17,1.1741114854812622,1.4700000286102295,0.0,1.4800000190734863,1.4600000381469727,1.4800000190734863,0.0,425071100
2023-05-18,1.1741114854812622,1.4700000286102295,0.0,1.4900000095367432,1.4700000286102295,1.4800000190734863,0.0,295677200
2023-05-19,1.2060599327087402,1.5099999904632568,0.0,1.5099999904632568,1.4700000286102295,1.4800000190734863,0.0,522744800
2023-05-22,1.1980727910995483,1.5,0.0,1.5099999904632568,1.4700000286102295,1.5,0.0,432209500
2023-05-23,1.2539829015731812,1.5700000524520874,0.0,1.5800000429153442,1.5,1.5,0.0,814992600
2023-05-24,1.2380086183547974,1.5499999523162842,0.0,1.5800000429153442,1.5499999523162842,1.559999942779541,0.0,350656500
2023-05-25,1.261970043182373,1.5800000429153442,0.0,1.5800000429153442,1.5299999713897705,1.5499999523162842,0.0,602516200
2023-05-26,1.261970043182373,1.5800000429153442,0.0,1.600000023841858,1.559999942779541,1.5800000429153442,0.0,281406100
2023-05-29,1.261970043182373,1.5800000429153442,0.0,1.590000033378601,1.5700000524520874,1.5800000429153442,0.0,197488500
2023-05-30,1.2779443264007568,1.600000023841858,0.0,1.600000023841858,1.559999942779541,1.5800000429153442,0.0,424024400
2023-05-31,1.261970043182373,1.5800000429153442,0.0,1.600000023841858,1.5700000524520874,1.5800000429153442,0.0,435643200
2023-06-01,1.2939187288284302,1.6200000047683716,0.0,1.6299999952316284,1.559999942779541,1.5800000429153442,0.0,555014100
2023-06-02,1.3338545560836792,1.6699999570846558,0.0,1.6699999570846558,1.6100000143051147,1.6100000143051147,0.0,694310300
2023-06-06,1.3178800344467163,1.649999976158142,0.0,1.6699999570846558,1.6299999952316284,1.6699999570846558,0.0,594451100
2023-06-07,1.3338545560836792,1.6699999570846558,0.0,1.6699999570846558,1.6200000047683716,1.659999966621399,0.0,464396000
2023-06-08,1.3338545560836792,1.6699999570846558,0.0,1.6699999570846558,1.649999976158142,1.659999966621399,0.0,339711200
2023-06-09,1.3258672952651978,1.659999966621399,0.0,1.690000057220459,1.649999976158142,1.6699999570846558,0.0,378482400
2023-06-12,1.2859314680099487,1.6100000143051147,0.0,1.649999976158142,1.6100000143051147,1.649999976158142,0.0,648885700
2023-06-13,1.3098928928375244,1.6399999856948853,0.0,1.6399999856948853,1.6100000143051147,1.6100000143051147,0.0,208644400
2023-06-14,1.301905870437622,1.6299999952316284,0.0,1.6399999856948853,1.6100000143051147,1.6299999952316284,0.0,321329200
2023-06-15,1.2939187288284302,1.6200000047683716,0.0,1.6399999856948853,1.6100000143051147,1.6299999952316284,0.0,211912900
2023-06-16,1.2939187288284302,1.6200000047683716,0.0,1.6399999856948853,1.6100000143051147,1.6299999952316284,0.0,245247600
2023-06-19,1.2939187288284302,1.6200000047683716,0.0,1.6299999952316284,1.6100000143051147,1.6100000143051147,0.0,245202500
2023-06-20,1.2779443264007568,1.600000023841858,0.0,1.6399999856948853,1.5800000429153442,1.6299999952316284,0.0,866725400
2023-06-21,1.2699573040008545,1.590000033378601,0.0,1.600000023841858,1.5800000429153442,1.590000033378601,0.0,450375200
2023-06-22,1.2699573040008545,1.590000033378601,0.0,1.600000023841858,1.5800000429153442,1.590000033378601,0.0,276811600
2023-06-23,1.2699573040008545,1.590000033378601,0.0,1.590000033378601,1.5499999523162842,1.5800000429153442,0.0,329512200
2023-06-26,1.2779443264007568,1.600000023841858,0.0,1.6100000143051147,1.5700000524520874,1.5800000429153442,0.0,653305400
2023-06-27,1.261970043182373,1.5800000429153442,0.0,1.600000023841858,1.5800000429153442,1.600000023841858,0.0,366641900
2023-06-28,1.2220343351364136,1.5299999713897705,0.0,1.590000033378601,1.5199999809265137,1.590000033378601,0.0,843596300
2023-06-29,1.1980727910995483,1.5,0.0,1.5399999618530273,1.4900000095367432,1.5099999904632568,0.0,1239743700
2023-06-30,1.2380086183547974,1.5499999523162842,0.0,1.5499999523162842,1.5,1.5099999904632568,0.0,574693900
2023-07-03,1.230021357536316,1.5399999618530273,0.0,1.559999942779541,1.5299999713897705,1.5499999523162842,0.0,209616500
2023-07-04,1.2539829015731812,1.5700000524520874,0.0,1.5800000429153442,1.5299999713897705,1.5399999618530273,0.0,397508000
2023-07-05,1.2380086183547974,1.5499999523162842,0.0,1.5800000429153442,1.5399999618530273,1.5700000524520874,0.0,425995600
2023-07-06,1.230021357536316,1.5399999618530273,0.0,1.5499999523162842,1.5199999809265137,1.5499999523162842,0.0,245822900
2023-07-07,1.230021357536316,1.5399999618530273,0.0,1.5499999523162842,1.5199999809265137,1.5299999713897705,0.0,174385200
2023-07-10,1.230021357536316,1.5399999618530273,0.0,1.559999942779541,1.5299999713897705,1.5399999618530273,0.0,333387500
2023-07-11,1.230021357536316,1.5399999618530273,0.0,1.559999942779541,1.5399999618530273,1.5399999618530273,0.0,200267400
2023-07-12,1.2140471935272217,1.5199999809265137,0.0,1.5499999523162842,1.5199999809265137,1.5399999618530273,0.0,291090700
2023-07-13,1.2220343351364136,1.5299999713897705,0.0,1.5399999618530273,1.5099999904632568,1.5299999713897705,0.0,276753300
2023-07-14,1.2459957599639893,1.559999942779541,0.0,1.5700000524520874,1.5199999809265137,1.5299999713897705,0.0,514828900
2023-07-17,1.2699573040008545,1.590000033378601,0.0,1.600000023841858,1.5700000524520874,1.5800000429153442,0.0,418577300
2023-07-18,1.3098928928375244,1.6399999856948853,0.0,1.6399999856948853,1.590000033378601,1.590000033378601,0.0,375737000
2023-07-19,1.301905870437622,1.6299999952316284,0.0,1.659999966621399,1.6100000143051147,1.6399999856948853,0.0,637905200
2023-07-20,1.3178800344467163,1.649999976158142,0.0,1.6699999570846558,1.6299999952316284,1.6299999952316284,0.0,404796600
2023-07-21,1.349828839302063,1.690000057220459,0.0,1.7000000476837158,1.6299999952316284,1.649999976158142,0.0,510927100
2023-07-24,1.3338545560836792,1.6699999570846558,0.0,1.690000057220459,1.659999966621399,1.6799999475479126,0.0,347202200
2023-07-25,1.3418415784835815,1.6799999475479126,0.0,1.7000000476837158,1.6699999570846558,1.6799999475479126,0.0,266480200
2023-07-26,1.3578159809112549,1.7000000476837158,0.0,1.7000000476837158,1.6699999570846558,1.6799999475479126,0.0,199940600
2023-07-27,1.349828839302063,1.690000057220459,0.0,1.7200000286102295,1.6799999475479126,1.7100000381469727,0.0,445493700
2023-07-31,1.3737903833389282,1.7200000286102295,0.0,1.7300000190734863,1.7000000476837158,1.7100000381469727,0.0,229226900
2023-08-02,1.349828839302063,1.690000057220459,0.0,1.7200000286102295,1.690000057220459,1.7200000286102295,0.0,374556400
2023-08-03,1.3178800344467163,1.649999976158142,0.0,1.690000057220459,1.649999976158142,1.6799999475479126,0.0,477147500
2023-08-04,1.349828839302063,1.690000057220459,0.0,1.690000057220459,1.649999976158142,1.649999976158142,0.0,266126100
2023-08-07,1.3658031225204468,1.7100000381469727,0.0,1.7100000381469727,1.6799999475479126,1.6799999475479126,0.0,225870200
2023-08-08,1.349828839302063,1.690000057220459,0.0,1.7100000381469727,1.6799999475479126,1.7100000381469727,0.0,246330800
2023-08-09,1.3658031225204468,1.7100000381469727,0.0,1.7100000381469727,1.6799999475479126,1.690000057220459,0.0,237145900
2023-08-10,1.3658031225204468,1.7100000381469727,0.0,1.7200000286102295,1.690000057220459,1.7000000476837158,0.0,267465500
2023-08-11,1.397751808166504,1.75,0.0,1.7599999904632568,1.7300000190734863,1.75,0.0,693200100
2023-08-15,1.3897645473480225,1.7400000095367432,0.0,1.75,1.7200000286102295,1.7400000095367432,0.0,407588600
2023-08-16,1.413725733757019,1.7699999809265137,0.0,1.7699999809265137,1.7300000190734863,1.7400000095367432,0.0,393725200
2023-08-17,1.4057388305664062,1.7599999904632568,0.0,1.7699999809265137,1.7400000095367432,1.7599999904632568,0.0,270666300
2023-08-18,1.413725733757019,1.7699999809265137,0.0,1.7899999618530273,1.75,1.7599999904632568,0.0,383391700
2023-08-21,1.413725733757019,1.7699999809265137,0.0,1.7799999713897705,1.7699999809265137,1.7699999809265137,0.0,148932800
2023-08-22,1.4217132329940796,1.7799999713897705,0.0,1.7999999523162842,1.7699999809265137,1.7799999713897705,0.0,564335400
2023-08-23,1.4376873970031738,1.7999999523162842,0.0,1.7999999523162842,1.7799999713897705,1.7899999618530273,0.0,357174600
2023-08-24,1.3737903833389282,1.7200000286102295,0.0,1.7999999523162842,1.7100000381469727,1.7899999618530273,0.0,1172807300
2023-08-25,1.4057388305664062,1.7599999904632568,0.0,1.7599999904632568,1.7100000381469727,1.7200000286102295,0.0,926179300
2023-08-28,1.413725733757019,1.7699999809265137,0.0,1.7799999713897705,1.75,1.7599999904632568,0.0,299465700
2023-08-29,1.4057388305664062,1.7599999904632568,0.0,1.7799999713897705,1.75,1.7599999904632568,0.0,300101800
2023-08-30,1.3897645473480225,1.7400000095367432,0.0,1.7699999809265137,1.7300000190734863,1.7599999904632568,0.0,530851000
2023-08-31,1.3658031225204468,1.7100000381469727,0.0,1.7599999904632568,1.7200000286102295,1.7599999904632568,0.0,1009871900
2023-09-01,1.3578159809112549,1.7000000476837158,0.0,1.7200000286102295,1.690000057220459,1.7100000381469727,0.0,494814900
2023-09-04,1.3578159809112549,1.7000000476837158,0.0,1.7300000190734863,1.690000057220459,1.7100000381469727,0.0,422550600
2023-09-05,1.3418415784835815,1.6799999475479126,0.0,1.7100000381469727,1.6699999570846558,1.7000000476837158,0.0,402622600
2023-09-06,1.3817775249481201,1.7300000190734863,0.0,1.7400000095367432,1.6699999570846558,1.6799999475479126,0.0,522329300
2023-09-07,1.3737903833389282,1.7200000286102295,0.0,1.75,1.7200000286102295,1.7300000190734863,0.0,259731000
2023-09-08,1.3817775249481201,1.7300000190734863,0.0,1.7400000095367432,1.7200000286102295,1.7300000190734863,0.0,234608400
2023-09-11,1.3658031225204468,1.7100000381469727,0.0,1.7300000190734863,1.7100000381469727,1.7300000190734863,0.0,67745600
2023-09-12,1.3817775249481201,1.7300000190734863,0.0,1.7200000286102295,1.7000000476837158,1.7100000381469727,0.0,91687100
2023-09-13,1.3658031225204468,1.7100000381469727,0.0,1.7400000095367432,1.7100000381469727,1.7200000286102295,0.0,123204300
2023-09-14,1.3817775249481201,1.7300000190734863,0.0,1.7400000095367432,1.7100000381469727,1.7200000286102295,0.0,108859300
2023-09-15,1.3658031225204468,1.7100000381469727,0.0,1.7400000095367432,1.7100000381469727,1.7300000190734863,0.0,144399600
2023-09-18,1.3578159809112549,1.7000000476837158,0.0,1.7200000286102295,1.690000057220459,1.7200000286102295,0.0,86232900
2023-09-19,1.3737903833389282,1.7200000286102295,0.0,1.7300000190734863,1.7000000476837158,1.7000000476837158,0.0,159194200
2023-09-20,1.3578159809112549,1.7000000476837158,0.0,1.7300000190734863,1.7000000476837158,1.7200000286102295,0.0,151787000
2023-09-21,1.3578159809112549,1.7000000476837158,0.0,1.7100000381469727,1.690000057220459,1.7000000476837158,0.0,117068200
2023-09-22,1.349828839302063,1.690000057220459,0.0,1.7100000381469727,1.6699999570846558,1.7000000476837158,0.0,236350200
2023-09-25,1.3258672952651978,1.659999966621399,0.0,1.690000057220459,1.659999966621399,1.690000057220459,0.0,160020200
2023-09-26,1.3258672952651978,1.659999966621399,0.0,1.6799999475479126,1.649999976158142,1.649999976158142,0.0,192460600
2023-09-27,1.3737903833389282,1.7200000286102295,0.0,1.7200000286102295,1.6799999475479126,1.690000057220459,0.0,216624800
2023-09-28,1.349828839302063,1.690000057220459,0.0,1.7200000286102295,1.690000057220459,1.7100000381469727,0.0,283226000
2023-09-29,1.3737903833389282,1.7200000286102295,0.0,1.7300000190734863,1.7000000476837158,1.7100000381469727,0.0,124418300
2023-10-02,1.3658031225204468,1.7100000381469727,0.0,1.7300000190734863,1.690000057220459,1.7300000190734863,0.0,187621600
2023-10-03,1.3338545560836792,1.6699999570846558,0.0,1.7100000381469727,1.659999966621399,1.7100000381469727,0.0,544813300
2023-10-04,1.349828839302063,1.690000057220459,0.0,1.7000000476837158,1.6399999856948853,1.649999976158142,0.0,308123500
2023-10-05,1.3578159809112549,1.7000000476837158,0.0,1.7000000476837158,1.6799999475479126,1.690000057220459,0.0,104546600
2023-10-06,1.3578159809112549,1.7000000476837158,0.0,1.7100000381469727,1.690000057220459,1.7000000476837158,0.0,131025800
2023-10-09,1.3825033903121948,1.6799999475479126,0.05,1.6799999475479126,1.649999976158142,1.649999976158142,0.0,163215500
2023-10-10,1.3825033903121948,1.6799999475479126,0.0,1.690000057220459,1.649999976158142,1.690000057220459,0.0,138874400
2023-10-11,1.3989619016647339,1.7000000476837158,0.0,1.7100000381469727,1.6799999475479126,1.6799999475479126,0.0,159336900
2023-10-12,1.4071910381317139,1.7100000381469727,0.0,1.7200000286102295,1.7000000476837158,1.7000000476837158,0.0,248682500
2023-10-16,1.415420413017273,1.7200000286102295,0.0,1.7200000286102295,1.690000057220459,1.7100000381469727,0.0,205558200
2023-10-17,1.4318785667419434,1.7400000095367432,0.0,1.7400000095367432,1.7000000476837158,1.7200000286102295,0.0,209072100
2023-10-18,1.423649549484253,1.7300000190734863,0.0,1.7400000095367432,1.7100000381469727,1.7400000095367432,0.0,156127400
2023-10-19,1.415420413017273,1.7200000286102295,0.0,1.7400000095367432,1.7100000381469727,1.7300000190734863,0.0,235008600
2023-10-20,1.423649549484253,1.7300000190734863,0.0,1.7400000095367432,1.7100000381469727,1.7400000095367432,0.0,394449600
2023-10-24,1.3742743730545044,1.6699999570846558,0.0,1.7400000095367432,1.659999966621399,1.7300000190734863,0.0,337781700
2023-10-25,1.3742743730545044,1.6699999570846558,0.0,1.690000057220459,1.659999966621399,1.6799999475479126,0.0,275074100
2023-10-26,1.3578159809112549,1.649999976158142,0.0,1.6799999475479126,1.6399999856948853,1.659999966621399,0.0,282794000
2023-10-27,1.3825033903121948,1.6799999475479126,0.0,1.690000057220459,1.649999976158142,1.659999966621399,0.0,244876800
2023-10-30,1.390732765197754,1.690000057220459,0.0,1.7000000476837158,1.6699999570846558,1.6699999570846558,0.0,141216900
2023-10-31,1.3742743730545044,1.6699999570846558,0.0,1.7000000476837158,1.659999966621399,1.690000057220459,0.0,133546000
2023-11-01,1.3413575887680054,1.6299999952316284,0.0,1.6799999475479126,1.6200000047683716,1.6699999570846558,0.0,292889200
2023-11-02,1.3413575887680054,1.6299999952316284,0.0,1.659999966621399,1.6299999952316284,1.6399999856948853,0.0,310136700
2023-11-03,1.3660449981689453,1.659999966621399,0.0,1.659999966621399,1.6399999856948853,1.6399999856948853,0.0,209981200
2023-11-06,1.3495867252349854,1.6399999856948853,0.0,1.6799999475479126,1.6399999856948853,1.659999966621399,0.0,147174300
2023-11-07,1.333128571510315,1.6200000047683716,0.0,1.649999976158142,1.600000023841858,1.6399999856948853,0.0,334778800
2023-11-08,1.3248991966247559,1.6100000143051147,0.0,1.6200000047683716,1.600000023841858,1.6100000143051147,0.0,143954700
2023-11-09,1.3248991966247559,1.6100000143051147,0.0,1.6299999952316284,1.590000033378601,1.6100000143051147,0.0,188160200
2023-11-10,1.308440923690796,1.590000033378601,0.0,1.6100000143051147,1.590000033378601,1.600000023841858,0.0,147151000
2023-11-13,1.3248991966247559,1.6100000143051147,0.0,1.6100000143051147,1.5800000429153442,1.600000023841858,0.0,78485600
2023-11-14,1.3166699409484863,1.600000023841858,0.0,1.6200000047683716,1.590000033378601,1.6100000143051147,0.0,92953000
2023-11-15,1.3495867252349854,1.6399999856948853,0.0,1.649999976158142,1.600000023841858,1.6200000047683716,0.0,267109400
2023-11-16,1.308440923690796,1.590000033378601,0.0,1.6299999952316284,1.5800000429153442,1.6299999952316284,0.0,412774700
2023-11-17,1.2919824123382568,1.5700000524520874,0.0,1.600000023841858,1.559999942779541,1.590000033378601,0.0,400945200
2023-11-20,1.2837532758712769,1.559999942779541,0.0,1.590000033378601,1.5499999523162842,1.5700000524520874,0.0,257817200
2023-11-21,1.2837532758712769,1.559999942779541,0.0,1.5800000429153442,1.5499999523162842,1.5700000524520874,0.0,270130300
2023-11-22,1.2755240201950073,1.5499999523162842,0.0,1.5700000524520874,1.5299999713897705,1.559999942779541,0.0,436779400
2023-11-23,1.2755240201950073,1.5499999523162842,0.0,1.559999942779541,1.5399999618530273,1.5499999523162842,0.0,158411600
2023-11-24,1.2837532758712769,1.559999942779541,0.0,1.5700000524520874,1.5499999523162842,1.559999942779541,0.0,77829700
2023-11-27,1.2837532758712769,1.559999942779541,0.0,1.5800000429153442,1.5499999523162842,1.559999942779541,0.0,230084100
2023-11-28,1.2919824123382568,1.5700000524520874,0.0,1.590000033378601,1.5700000524520874,1.5700000524520874,0.0,197865700
2023-11-29,1.2919824123382568,1.5700000524520874,0.0,1.5800000429153442,1.559999942779541,1.5700000524520874,0.0,218938900
2023-11-30,1.2672948837280273,1.5399999618530273,0.0,1.5800000429153442,1.5299999713897705,1.5700000524520874,0.0,355043500
2023-12-01,1.2755240201950073,1.5499999523162842,0.0,1.559999942779541,1.5399999618530273,1.5499999523162842,0.0,120103500
2023-12-04,1.2755240201950073,1.5499999523162842,0.0,1.559999942779541,1.5399999618530273,1.5399999618530273,0.0,132025100
2023-12-06,1.2919824123382568,1.5700000524520874,0.0,1.5700000524520874,1.5399999618530273,1.5499999523162842,0.0,195694800
2023-12-07,1.2755240201950073,1.5499999523162842,0.0,1.5700000524520874,1.5499999523162842,1.559999942779541,0.0,102350200
2023-12-08,1.2837532758712769,1.559999942779541,0.0,1.5700000524520874,1.5499999523162842,1.559999942779541,0.0,80773300
2023-12-12,1.2919824123382568,1.5700000524520874,0.0,1.5700000524520874,1.5499999523162842,1.559999942779541,0.0,78178300
2023-12-13,1.2919824123382568,1.5700000524520874,0.0,1.5700000524520874,1.5499999523162842,1.5700000524520874,0.0,54891800
2023-12-14,1.2755240201950073,1.5499999523162842,0.0,1.5700000524520874,1.5499999523162842,1.5700000524520874,0.0,100723500
2023-12-15,1.3002116680145264,1.5800000429153442,0.0,1.5800000429153442,1.559999942779541,1.559999942779541,0.0,201289400
2023-12-18,1.2919824123382568,1.5700000524520874,0.0,1.5800000429153442,1.559999942779541,1.5700000524520874,0.0,73117300
2023-12-19,1.2919824123382568,1.5700000524520874,0.0,1.5800000429153442,1.559999942779541,1.5700000524520874,0.0,49616900
2023-12-20,1.3002116680145264,1.5800000429153442,0.0,1.590000033378601,1.5700000524520874,1.5700000524520874,0.0,139997200
2023-12-21,1.3166699409484863,1.600000023841858,0.0,1.6100000143051147,1.5700000524520874,1.5700000524520874,0.0,266344500
2023-12-22,1.308440923690796,1.590000033378601,0.0,1.6100000143051147,1.590000033378601,1.6100000143051147,0.0,72634200
2023-12-25,1.3166699409484863,1.600000023841858,0.0,1.6100000143051147,1.590000033378601,1.600000023841858,0.0,43271800
2023-12-26,1.3248991966247559,1.6100000143051147,0.0,1.6200000047683716,1.590000033378601,1.600000023841858,0.0,84323100
2023-12-27,1.3248991966247559,1.6100000143051147,0.0,1.6299999952316284,1.600000023841858,1.6200000047683716,0.0,104289100
2023-12-28,1.3742743730545044,1.6699999570846558,0.0,1.6799999475479126,1.6200000047683716,1.6200000047683716,0.0,422946500
2024-01-03,1.3660449981689453,1.659999966621399,0.0,1.690000057220459,1.649999976158142,1.6799999475479126,0.0,186100900
2024-01-04,1.3660449981689453,1.659999966621399,0.0,1.6799999475479126,1.649999976158142,1.649999976158142,0.0,203059500
2024-01-05,1.3742743730545044,1.6699999570846558,0.0,1.690000057220459,1.659999966621399,1.659999966621399,0.0,137008500
2024-01-08,1.3413575887680054,1.6299999952316284,0.0,1.6799999475479126,1.6299999952316284,1.6799999475479126,0.0,264409000
2024-01-09,1.3660449981689453,1.659999966621399,0.0,1.659999966621399,1.6399999856948853,1.649999976158142,0.0,119259500
2024-01-10,1.333128571510315,1.6200000047683716,0.0,1.659999966621399,1.590000033378601,1.649999976158142,0.0,460336800
2024-01-11,1.333128571510315,1.6200000047683716,0.0,1.6399999856948853,1.6200000047683716,1.6200000047683716,0.0,90402200
2024-01-12,1.3413575887680054,1.6299999952316284,0.0,1.6399999856948853,1.6100000143051147,1.6200000047683716,0.0,116129400
2024-01-15,1.3413575887680054,1.6299999952316284,0.0,1.6299999952316284,1.6299999952316284,1.6299999952316284,0.0,0
2024-01-16,1.3248991966247559,1.6100000143051147,0.0,1.6299999952316284,1.6100000143051147,1.6100000143051147,0.0,102170600
2024-01-17,1.308440923690796,1.590000033378601,0.0,1.6200000047683716,1.590000033378601,1.6100000143051147,0.0,183108000
2024-01-18,1.3166699409484863,1.600000023841858,0.0,1.6100000143051147,1.5700000524520874,1.590000033378601,0.0,273240500
2024-01-19,1.390732765197754,1.690000057220459,0.0,1.7100000381469727,1.600000023841858,1.6100000143051147,0.0,897170800
2024-01-22,1.481253743171692,1.7999999523162842,0.0,1.809999942779541,1.7599999904632568,1.7599999904632568,0.0,1787127500
2024-01-23,1.4730244874954224,1.7899999618530273,0.0,1.809999942779541,1.7799999713897705,1.7999999523162842,0.0,690984200
2024-01-24,1.4730244874954224,1.7899999618530273,0.0,1.809999942779541,1.7799999713897705,1.7899999618530273,0.0,383369500
2024-01-25,1.481253743171692,1.7999999523162842,0.0,1.7999999523162842,1.75,1.7799999713897705,0.0,324202700
2024-01-26,1.464795470237732,1.7799999713897705,0.0,1.7999999523162842,1.7599999904632568,1.7999999523162842,0.0,226187900
2024-01-29,1.4565659761428833,1.7699999809265137,0.0,1.7899999618530273,1.7599999904632568,1.7799999713897705,0.0,220352700
2024-01-30,1.4565659761428833,1.7699999809265137,0.0,1.7799999713897705,1.7599999904632568,1.7799999713897705,0.0,136031100
2024-01-31,1.4730244874954224,1.7899999618530273,0.0,1.7999999523162842,1.7599999904632568,1.7699999809265137,0.0,328084200
2024-02-01,1.481253743171692,1.7999999523162842,0.0,1.7999999523162842,1.7699999809265137,1.7899999618530273,0.0,223320600
2024-02-02,1.4730244874954224,1.7899999618530273,0.0,1.8200000524520874,1.7899999618530273,1.809999942779541,0.0,319649700
2024-02-05,1.5388579368591309,1.8700000047683716,0.0,1.8700000047683716,1.7899999618530273,1.7999999523162842,0.0,605679100
2024-02-06,1.522399663925171,1.850000023841858,0.0,1.8799999952316284,1.850000023841858,1.8700000047683716,0.0,249450400
2024-02-07,1.5059415102005005,1.8300000429153442,0.0,1.8600000143051147,1.8300000429153442,1.850000023841858,0.0,182375100
2024-02-08,1.4894829988479614,1.809999942779541,0.0,1.840000033378601,1.809999942779541,1.8300000429153442,0.0,159735100
2024-02-09,1.4894829988479614,1.809999942779541,0.0,1.8200000524520874,1.7999999523162842,1.809999942779541,0.0,112296500
2024-02-12,1.5141704082489014,1.840000033378601,0.0,1.840000033378601,1.7799999713897705,1.7899999618530273,0.0,203441700
2024-02-13,1.4894829988479614,1.809999942779541,0.0,1.840000033378601,1.809999942779541,1.8300000429153442,0.0,258161300
2024-02-14,1.4894829988479614,1.809999942779541,0.0,1.8200000524520874,1.7999999523162842,1.7999999523162842,0.0,192341000
2024-02-15,1.5141704082489014,1.840000033378601,0.0,1.850000023841858,1.8200000524520874,1.8200000524520874,0.0,266103900
2024-02-16,1.5388579368591309,1.8700000047683716,0.0,1.8700000047683716,1.8200000524520874,1.840000033378601,0.0,278554300
2024-02-19,1.54708731174469,1.8799999952316284,0.0,1.8899999856948853,1.850000023841858,1.8700000047683716,0.0,147842900
2024-02-20,1.54708731174469,1.8799999952316284,0.0,1.8899999856948853,1.8700000047683716,1.8799999952316284,0.0,96491400
2024-02-21,1.5306291580200195,1.8600000143051147,0.0,1.9199999570846558,1.8600000143051147,1.8899999856948853,0.0,369253900
2024-02-22,1.5306291580200195,1.8600000143051147,0.0,1.8799999952316284,1.8200000524520874,1.8300000429153442,0.0,223806800
2024-02-23,1.54708731174469,1.8799999952316284,0.0,1.8799999952316284,1.850000023841858,1.8600000143051147,0.0,137329500
2024-02-27,1.5388579368591309,1.8700000047683716,0.0,1.8899999856948853,1.850000023841858,1.8700000047683716,0.0,109998400
2024-02-28,1.5306291580200195,1.8600000143051147,0.0,1.8700000047683716,1.850000023841858,1.8600000143051147,0.0,79680400
2024-02-29,1.5141704082489014,1.840000033378601,0.0,1.8600000143051147,1.8300000429153442,1.8600000143051147,0.0,204665000
2024-03-01,1.522399663925171,1.850000023841858,0.0,1.8700000047683716,1.840000033378601,1.840000033378601,0.0,92992300
2024-03-04,1.5388579368591309,1.8700000047683716,0.0,1.8700000047683716,1.840000033378601,1.840000033378601,0.0,71863000
2024-03-05,1.522399663925171,1.850000023841858,0.0,1.8799999952316284,1.850000023841858,1.850000023841858,0.0,97821700
2024-03-06,1.5141704082489014,1.840000033378601,0.0,1.8600000143051147,1.840000033378601,1.850000023841858,0.0,89227300
2024-03-07,1.522399663925171,1.850000023841858,0.0,1.8799999952316284,1.850000023841858,1.850000023841858,0.0,83311200
2024-03-08,1.5306291580200195,1.8600000143051147,0.0,1.8799999952316284,1.850000023841858,1.850000023841858,0.0,63028300
2024-03-11,1.5306291580200195,1.8600000143051147,0.0,1.8799999952316284,1.850000023841858,1.8600000143051147,0.0,131198000
2024-03-12,1.5306291580200195,1.8600000143051147,0.0,1.8600000143051147,1.8600000143051147,1.8600000143051147,0.0,0
2024-03-13,1.522399663925171,1.850000023841858,0.0,1.850000023841858,1.8300000429153442,1.8300000429153442,0.0,74198800
2024-03-14,1.5141704082489014,1.840000033378601,0.0,1.850000023841858,1.8300000429153442,1.850000023841858,0.0,61687100
2024-03-15,1.5141704082489014,1.840000033378601,0.0,1.840000033378601,1.840000033378601,1.840000033378601,0.0,0
2024-03-18,1.522399663925171,1.850000023841858,0.0,1.8600000143051147,1.8300000429153442,1.8300000429153442,0.0,128102700
2024-03-19,1.5141704082489014,1.840000033378601,0.0,1.850000023841858,1.8300000429153442,1.840000033378601,0.0,57511900
2024-03-20,1.5141704082489014,1.840000033378601,0.0,1.840000033378601,1.840000033378601,1.840000033378601,0.0,0
2024-03-21,1.5388579368591309,1.8700000047683716,0.0,1.8700000047683716,1.850000023841858,1.8600000143051147,0.0,68135200
2024-03-22,1.5388579368591309,1.8700000047683716,0.0,1.8700000047683716,1.8700000047683716,1.8700000047683716,0.0,0
2024-03-25,1.5141704082489014,1.840000033378601,0.0,1.8600000143051147,1.8300000429153442,1.850000023841858,0.0,147806100
2024-03-26,1.5141704082489014,1.840000033378601,0.0,1.840000033378601,1.840000033378601,1.840000033378601,0.0,0
2024-03-27,1.5141704082489014,1.840000033378601,0.0,1.8600000143051147,1.8300000429153442,1.840000033378601,0.0,99211800
2024-03-28,1.5141704082489014,1.840000033378601,0.0,1.840000033378601,1.840000033378601,1.840000033378601,0.0,0
2024-03-29,1.4977121353149414,1.8200000524520874,0.0,1.840000033378601,1.809999942779541,1.8200000524520874,0.0,44778100
2024-04-01,1.4977121353149414,1.8200000524520874,0.0,1.8300000429153442,1.7999999523162842,1.8200000524520874,0.0,128309700
2024-04-02,1.481253743171692,1.7999999523162842,0.0,1.8200000524520874,1.7799999713897705,1.8200000524520874,0.0,355347100
2024-04-03,1.481253743171692,1.7999999523162842,0.0,1.7999999523162842,1.7599999904632568,1.7899999618530273,0.0,322016900
2024-04-04,1.464795470237732,1.7799999713897705,0.0,1.7999999523162842,1.7699999809265137,1.7899999618530273,0.0,110468500
2024-04-05,1.4483369588851929,1.7599999904632568,0.0,1.7799999713897705,1.7599999904632568,1.7699999809265137,0.0,120903000
2024-04-09,1.4977121353149414,1.8200000524520874,0.0,1.8200000524520874,1.7699999809265137,1.7699999809265137,0.0,213505300
2024-04-10,1.4977121353149414,1.8200000524520874,0.0,1.8300000429153442,1.7999999523162842,1.8200000524520874,0.0,178585200
2024-04-11,1.5059415102005005,1.8300000429153442,0.0,1.840000033378601,1.809999942779541,1.8200000524520874,0.0,190206400
2024-04-17,1.4932150840759277,1.7599999904632568,0.055,1.7999999523162842,1.7599999904632568,1.7899999618530273,0.0,224622000
2024-04-18,1.4932150840759277,1.7599999904632568,0.0,1.7599999904632568,1.7599999904632568,1.7599999904632568,0.0,0
2024-04-19,1.4932150840759277,1.7599999904632568,0.0,1.7599999904632568,1.7599999904632568,1.7599999904632568,0.0,0
2024-04-22,1.5016990900039673,1.7699999809265137,0.0,1.7899999618530273,1.7699999809265137,1.7899999618530273,0.0,153832200
2024-04-23,1.5271517038345337,1.7999999523162842,0.0,1.8300000429153442,1.7899999618530273,1.7899999618530273,0.0,341387300
2024-04-24,1.5271517038345337,1.7999999523162842,0.0,1.7999999523162842,1.7999999523162842,1.7999999523162842,0.0,0
2024-04-25,1.5186675786972046,1.7899999618530273,0.0,1.7999999523162842,1.7799999713897705,1.7899999618530273,0.0,213209900
2024-04-26,1.5186675786972046,1.7899999618530273,0.0,1.809999942779541,1.7799999713897705,1.7899999618530273,0.0,119833200
2024-04-29,1.544120192527771,1.8200000524520874,0.0,1.8300000429153442,1.7899999618530273,1.7999999523162842,0.0,224963100
2024-04-30,1.544120192527771,1.8200000524520874,0.0,1.8200000524520874,1.8200000524520874,1.8200000524520874,0.0,0
2024-05-02,1.544120192527771,1.8200000524520874,0.0,1.8200000524520874,1.8200000524520874,1.8200000524520874,0.0,0
2024-05-03,1.4932150840759277,1.7599999904632568,0.0,1.7699999809265137,1.7400000095367432,1.7699999809265137,0.0,401471400
2024-05-07,1.4932150840759277,1.7599999904632568,0.0,1.7599999904632568,1.7599999904632568,1.7599999904632568,0.0,0
2024-05-08,1.4932150840759277,1.7599999904632568,0.0,1.7699999809265137,1.75,1.7599999904632568,0.0,203396800
2024-05-09,1.484730839729309,1.75,0.0,1.7799999713897705,1.75,1.7599999904632568,0.0,247862800
2024-05-10,1.4932150840759277,1.7599999904632568,0.0,1.7599999904632568,1.75,1.75,0.0,108120100
2024-05-13,1.484730839729309,1.75,0.0,1.75,1.7300000190734863,1.75,0.0,181649400
2024-05-14,1.47624671459198,1.7400000095367432,0.0,1.7599999904632568,1.7400000095367432,1.75,0.0,97173300
2024-05-15,1.4677625894546509,1.7300000190734863,0.0,1.75,1.7200000286102295,1.7400000095367432,0.0,170750000
2024-05-16,1.4677625894546509,1.7300000190734863,0.0,1.7300000190734863,1.7300000190734863,1.7300000190734863,0.0,0
2024-05-17,1.484730839729309,1.75,0.0,1.7599999904632568,1.7400000095367432,1.7599999904632568,0.0,92544400
2024-05-20,1.484730839729309,1.75,0.0,1.75,1.75,1.75,0.0,0
2024-05-21,1.484730839729309,1.75,0.0,1.75,1.75,1.75,0.0,0
2024-05-23,1.47624671459198,1.7400000095367432,0.0,1.7599999904632568,1.7400000095367432,1.7599999904632568,0.0,177390700
2024-05-24,1.47624671459198,1.7400000095367432,0.0,1.7400000095367432,1.7400000095367432,1.7400000095367432,0.0,0
2024-05-27,1.4507943391799927,1.7100000381469727,0.0,1.7200000286102295,1.7000000476837158,1.7100000381469727,0.0,237728800
2024-05-28,1.4677625894546509,1.7300000190734863,0.0,1.7400000095367432,1.7100000381469727,1.7200000286102295,0.0,243649200
2024-05-29,1.4592784643173218,1.7200000286102295,0.0,1.7400000095367432,1.7100000381469727,1.7200000286102295,0.0,169652500
2024-05-30,1.4592784643173218,1.7200000286102295,0.0,1.7200000286102295,1.7200000286102295,1.7200000286102295,0.0,0
2024-05-31,1.4592784643173218,1.7200000286102295,0.0,1.7200000286102295,1.7200000286102295,1.7200000286102295,0.0,0
2024-06-04,1.433825969696045,1.690000057220459,0.0,1.7200000286102295,1.690000057220459,1.7000000476837158,0.0,377667600
2024-06-05,1.433825969696045,1.690000057220459,0.0,1.690000057220459,1.690000057220459,1.690000057220459,0.0,0
2024-06-06,1.408373236656189,1.659999966621399,0.0,1.6699999570846558,1.659999966621399,1.659999966621399,0.0,185609200
2024-06-07,1.408373236656189,1.659999966621399,0.0,1.659999966621399,1.659999966621399,1.659999966621399,0.0,0
2024-06-10,1.4253416061401367,1.6799999475479126,0.0,1.6799999475479126,1.659999966621399,1.6799999475479126,0.0,130592900
2024-06-11,1.4253416061401367,1.6799999475479126,0.0,1.6799999475479126,1.6799999475479126,1.6799999475479126,0.0,0
2024-06-12,1.3998889923095703,1.649999976158142,0.0,1.6799999475479126,1.649999976158142,1.6699999570846558,0.0,264693300
2024-06-13,1.4168574810028076,1.6699999570846558,0.0,1.6799999475479126,1.659999966621399,1.659999966621399,0.0,219240600
2024-06-14,1.4253416061401367,1.6799999475479126,0.0,1.7000000476837158,1.6699999570846558,1.6699999570846558,0.0,101819700
2024-06-17,1.408373236656189,1.659999966621399,0.0,1.690000057220459,1.649999976158142,1.6799999475479126,0.0,265250200
2024-06-18,1.408373236656189,1.659999966621399,0.0,1.659999966621399,1.659999966621399,1.659999966621399,0.0,0
2024-06-19,1.408373236656189,1.659999966621399,0.0,1.659999966621399,1.659999966621399,1.659999966621399,0.0,0
2024-06-20,1.3914048671722412,1.6399999856948853,0.0,1.6399999856948853,1.600000023841858,1.6100000143051147,0.0,264333400
2024-06-21,1.4253416061401367,1.6799999475479126,0.0,1.6799999475479126,1.6200000047683716,1.6200000047683716,0.0,644017300
2024-06-24,1.4592784643173218,1.7200000286102295,0.0,1.7200000286102295,1.6799999475479126,1.690000057220459,0.0,535261600
2024-06-25,1.4592784643173218,1.7200000286102295,0.0,1.7200000286102295,1.7200000286102295,1.7200000286102295,0.0,0
2024-06-26,1.4592784643173218,1.7200000286102295,0.0,1.7200000286102295,1.7200000286102295,1.7200000286102295,0.0,0
2024-06-27,1.4507943391799927,1.7100000381469727,0.0,1.7300000190734863,1.7000000476837158,1.7200000286102295,0.0,144333600
2024-06-28,1.4507943391799927,1.7100000381469727,0.0,1.7200000286102295,1.7000000476837158,1.7100000381469727,0.0,185470400
2024-07-01,1.4507943391799927,1.7100000381469727,0.0,1.7100000381469727,1.7100000381469727,1.7100000381469727,0.0,0
2024-07-02,1.4507943391799927,1.7100000381469727,0.0,1.7100000381469727,1.7100000381469727,1.7100000381469727,0.0,0
2024-07-03,1.4592784643173218,1.7200000286102295,0.0,1.7300000190734863,1.7000000476837158,1.7100000381469727,0.0,157416500
2024-07-04,1.47624671459198,1.7400000095367432,0.0,1.7400000095367432,1.7200000286102295,1.7200000286102295,0.0,117869300
2024-07-05,1.5016990900039673,1.7699999809265137,0.0,1.7699999809265137,1.7400000095367432,1.75,0.0,219840000
2024-07-08,1.510183334350586,1.7799999713897705,0.0,1.7799999713897705,1.7599999904632568,1.7699999809265137,0.0,276367000
2024-07-09,1.510183334350586,1.7799999713897705,0.0,1.7799999713897705,1.7799999713897705,1.7799999713897705,0.0,0
2024-07-10,1.510183334350586,1.7799999713897705,0.0,1.7799999713897705,1.7799999713897705,1.7799999713897705,0.0,0
2024-07-11,1.510183334350586,1.7799999713897705,0.0,1.7799999713897705,1.7799999713897705,1.7799999713897705,0.0,0
2024-07-12,1.510183334350586,1.7799999713897705,0.0,1.7799999713897705,1.7799999713897705,1.7799999713897705,0.0,0
2024-07-15,1.510183334350586,1.7799999713897705,0.0,1.7799999713897705,1.7799999713897705,1.7799999713897705,0.0,0
2024-07-16,1.510183334350586,1.7799999713897705,0.0,1.7799999713897705,1.7599999904632568,1.7799999713897705,0.0,171369100
2024-07-17,1.510183334350586,1.7799999713897705,0.0,1.7799999713897705,1.7799999713897705,1.7799999713897705,0.0,0
2024-07-18,1.5016990900039673,1.7699999809265137,0.0,1.7799999713897705,1.7599999904632568,1.7699999809265137,0.0,294912600
2024-07-19,1.5016990900039673,1.7699999809265137,0.0,1.7699999809265137,1.7699999809265137,1.7699999809265137,0.0,0
2024-07-23,1.4677625894546509,1.7300000190734863,0.0,1.75,1.7000000476837158,1.7300000190734863,0.0,270642700
2024-07-24,1.4168574810028076,1.6699999570846558,0.0,1.7300000190734863,1.6699999570846558,1.7200000286102295,0.0,315176300
2024-07-25,1.3998889923095703,1.649999976158142,0.0,1.6699999570846558,1.6399999856948853,1.659999966621399,0.0,376851600
2024-07-26,1.4423099756240845,1.7000000476837158,0.0,1.7000000476837158,1.6399999856948853,1.649999976158142,0.0,367368500
2024-07-30,1.4423099756240845,1.7000000476837158,0.0,1.7000000476837158,1.7000000476837158,1.7000000476837158,0.0,0
2024-07-31,1.433825969696045,1.690000057220459,0.0,1.7100000381469727,1.690000057220459,1.7000000476837158,0.0,285817300
2024-08-01,1.433825969696045,1.690000057220459,0.0,1.7000000476837158,1.690000057220459,1.690000057220459,0.0,50096800
2024-08-02,1.433825969696045,1.690000057220459,0.0,1.690000057220459,1.690000057220459,1.690000057220459,0.0,0
2024-08-05,1.382920742034912,1.6299999952316284,0.0,1.6699999570846558,1.6299999952316284,1.659999966621399,0.0,218954400
2024-08-06,1.382920742034912,1.6299999952316284,0.0,1.659999966621399,1.6299999952316284,1.649999976158142,0.0,73687900
2024-08-07,1.408373236656189,1.659999966621399,0.0,1.6699999570846558,1.6399999856948853,1.6399999856948853,0.0,197759400
2024-08-08,1.408373236656189,1.659999966621399,0.0,1.659999966621399,1.659999966621399,1.659999966621399,0.0,0
2024-08-09,1.4168574810028076,1.6699999570846558,0.0,1.690000057220459,1.659999966621399,1.690000057220459,0.0,112385000
2024-08-13,1.4423099756240845,1.7000000476837158,0.0,1.7000000476837158,1.659999966621399,1.6799999475479126,0.0,266912500
2024-08-14,1.4507943391799927,1.7100000381469727,0.0,1.7400000095367432,1.690000057220459,1.7000000476837158,0.0,506248600
2024-08-15,1.4507943391799927,1.7100000381469727,0.0,1.7100000381469727,1.7100000381469727,1.7100000381469727,0.0,0
2024-08-16,1.484730839729309,1.75,0.0,1.7599999904632568,1.7200000286102295,1.7200000286102295,0.0,272845500
2024-08-19,1.5271517038345337,1.7999999523162842,0.0,1.7999999523162842,1.75,1.75,0.0,459046500
2024-08-20,1.510183334350586,1.7799999713897705,0.0,1.8200000524520874,1.7799999713897705,1.7999999523162842,0.0,270730500
2024-08-21,1.5186675786972046,1.7899999618530273,0.0,1.7999999523162842,1.7699999809265137,1.7799999713897705,0.0,143663500
2024-08-22,1.5186675786972046,1.7899999618530273,0.0,1.7899999618530273,1.7899999618530273,1.7899999618530273,0.0,0
2024-08-23,1.544120192527771,1.8200000524520874,0.0,1.8200000524520874,1.7799999713897705,1.7899999618530273,0.0,446753900
2024-08-26,1.5695726871490479,1.850000023841858,0.0,1.8700000047683716,1.809999942779541,1.8200000524520874,0.0,512429100
2024-08-27,1.5695726871490479,1.850000023841858,0.0,1.8600000143051147,1.840000033378601,1.850000023841858,0.0,277312900
2024-08-28,1.5780569314956665,1.8600000143051147,0.0,1.8700000047683716,1.8300000429153442,1.850000023841858,0.0,225896200
2024-08-29,1.5780569314956665,1.8600000143051147,0.0,1.8700000047683716,1.8200000524520874,1.8600000143051147,0.0,368102000
2024-08-30,1.5695726871490479,1.850000023841858,0.0,1.8600000143051147,1.840000033378601,1.8600000143051147,0.0,157920000
2024-09-02,1.5695726871490479,1.850000023841858,0.0,1.850000023841858,1.850000023841858,1.850000023841858,0.0,0
2024-09-03,1.5695726871490479,1.850000023841858,0.0,1.850000023841858,1.850000023841858,1.850000023841858,0.0,0
2024-09-04,1.5695726871490479,1.850000023841858,0.0,1.850000023841858,1.850000023841858,1.850000023841858,0.0,0
2024-09-05,1.5865410566329956,1.8700000047683716,0.0,1.8899999856948853,1.840000033378601,1.850000023841858,0.0,440482600
2024-09-06,1.6628985404968262,1.9600000381469727,0.0,2.0,1.8799999952316284,1.8799999952316284,0.0,1095731700
2024-09-09,1.6628985404968262,1.9600000381469727,0.0,1.9600000381469727,1.9600000381469727,1.9600000381469727,0.0,0
2024-09-10,1.7307718992233276,2.0399999618530273,0.0,2.059999942779541,1.9800000190734863,2.0199999809265137,0.0,602611200
2024-09-11,1.7138035297393799,2.0199999809265137,0.0,2.059999942779541,2.0,2.0399999618530273,0.0,204498100
2024-09-12,1.7138035297393799,2.0199999809265137,0.0,2.059999942779541,2.0199999809265137,2.0199999809265137,0.0,227115700
2024-09-13,1.7138035297393799,2.0199999809265137,0.0,2.0399999618530273,2.0,2.0,0.0,412876200
2024-09-16,1.7138035297393799,2.0199999809265137,0.0,2.0199999809265137,2.0199999809265137,2.0199999809265137,0.0,0
2024-09-17,1.7138035297393799,2.0199999809265137,0.0,2.0199999809265137,2.0199999809265137,2.0199999809265137,0.0,0
2024-09-18,1.7138035297393799,2.0199999809265137,0.0,2.0199999809265137,2.0199999809265137,2.0199999809265137,0.0,0
2024-09-19,1.7138035297393799,2.0199999809265137,0.0,2.0199999809265137,2.0199999809265137,2.0199999809265137,0.0,0
2024-09-20,1.6289618015289307,1.9199999570846558,0.0,1.9500000476837158,1.909999966621399,1.909999966621399,0.0,566599100
2024-09-23,1.654414415359497,1.9500000476837158,0.0,1.9500000476837158,1.9199999570846558,1.9299999475479126,0.0,231449400
2024-09-24,1.6459301710128784,1.940000057220459,0.0,1.9600000381469727,1.9299999475479126,1.9600000381469727,0.0,327094500
2024-09-25,1.6628985404968262,1.9600000381469727,0.0,2.0,1.9500000476837158,1.9600000381469727,0.0,746478400
2024-09-26,1.6459301710128784,1.940000057220459,0.0,1.9800000190734863,1.940000057220459,1.9700000286102295,0.0,367402700
2024-09-27,1.6459301710128784,1.940000057220459,0.0,1.940000057220459,1.940000057220459,1.940000057220459,0.0,0
2024-09-30,1.6713827848434448,1.9700000286102295,0.0,1.9700000286102295,1.9199999570846558,1.9299999475479126,0.0,246869800
2024-10-01,1.6713827848434448,1.9700000286102295,0.0,1.9700000286102295,1.9700000286102295,1.9700000286102295,0.0,0
2024-10-02,1.6374460458755493,1.9299999475479126,0.0,1.9700000286102295,1.9299999475479126,1.9600000381469727,0.0,295780600
2024-10-03,1.6374460458755493,1.9299999475479126,0.0,1.9500000476837158,1.9299999475479126,1.9299999475479126,0.0,298714000
2024-10-04,1.6374460458755493,1.9299999475479126,0.0,1.9299999475479126,1.9299999475479126,1.9299999475479126,0.0,0
2024-10-07,1.6506156921386719,1.8799999952316284,0.065,1.909999966621399,1.8700000047683716,1.8799999952316284,0.0,468850000
2024-10-08,1.6418360471725464,1.8700000047683716,0.0,1.8799999952316284,1.8600000143051147,1.8700000047683716,0.0,321803400
2024-10-09,1.6593958139419556,1.8899999856948853,0.0,1.899999976158142,1.8700000047683716,1.8799999952316284,0.0,202899700
2024-10-10,1.6418360471725464,1.8700000047683716,0.0,1.8899999856948853,1.8700000047683716,1.8899999856948853,0.0,138448000
2024-10-11,1.6418360471725464,1.8700000047683716,0.0,1.8700000047683716,1.8700000047683716,1.8700000047683716,0.0,0
2024-10-15,1.6593958139419556,1.8899999856948853,0.0,1.899999976158142,1.8700000047683716,1.899999976158142,0.0,236435700
2024-10-16,1.6593958139419556,1.8899999856948853,0.0,1.8899999856948853,1.8899999856948853,1.8899999856948853,0.0,0
2024-10-17,1.6593958139419556,1.8899999856948853,0.0,1.8899999856948853,1.8899999856948853,1.8899999856948853,0.0,0
2024-10-18,1.6067166328430176,1.8300000429153442,0.0,1.909999966621399,1.809999942779541,1.899999976158142,0.0,709691900
2024-10-21,1.6154963970184326,1.840000033378601,0.0,1.850000023841858,1.8200000524520874,1.8300000429153442,0.0,399151200
2024-10-22,1.6154963970184326,1.840000033378601,0.0,1.840000033378601,1.840000033378601,1.840000033378601,0.0,0
2024-10-24,1.562817096710205,1.7799999713897705,0.0,1.8200000524520874,1.7799999713897705,1.7999999523162842,0.0,377857800
2024-10-25,1.562817096710205,1.7799999713897705,0.0,1.7799999713897705,1.7799999713897705,1.7799999713897705,0.0,0
2024-10-28,1.562817096710205,1.7799999713897705,0.0,1.7999999523162842,1.7699999809265137,1.7799999713897705,0.0,214852500
2024-10-29,1.562817096710205,1.7799999713897705,0.0,1.7799999713897705,1.7799999713897705,1.7799999713897705,0.0,0
2024-10-30,1.5540372133255005,1.7699999809265137,0.0,1.8200000524520874,1.7699999809265137,1.7899999618530273,0.0,280053700
2024-10-31,1.562817096710205,1.7799999713897705,0.0,1.7999999523162842,1.7699999809265137,1.7699999809265137,0.0,210973700
2024-11-01,1.562817096710205,1.7799999713897705,0.0,1.7799999713897705,1.7799999713897705,1.7799999713897705,0.0,0
2024-11-04,1.562817096710205,1.7799999713897705,0.0,1.7999999523162842,1.7699999809265137,1.7799999713897705,0.0,94542300
2024-11-05,1.5891567468643188,1.809999942779541,0.0,1.8200000524520874,1.7699999809265137,1.7799999713897705,0.0,200040900
2024-11-06,1.5715969800949097,1.7899999618530273,0.0,1.8200000524520874,1.7799999713897705,1.809999942779541,0.0,203787400
2024-11-07,1.5803768634796143,1.7999999523162842,0.0,1.8200000524520874,1.7899999618530273,1.7899999618530273,0.0,146402700
2024-11-08,1.5715969800949097,1.7899999618530273,0.0,1.809999942779541,1.7799999713897705,1.7999999523162842,0.0,133994100
2024-11-11,1.5452574491500854,1.7599999904632568,0.0,1.7899999618530273,1.7599999904632568,1.7899999618530273,0.0,174866800
2024-11-12,1.5364775657653809,1.75,0.0,1.7699999809265137,1.75,1.7599999904632568,0.0,128730000
2024-11-13,1.5364775657653809,1.75,0.0,1.7699999809265137,1.75,1.75,0.0,76535700
2024-11-14,1.5189179182052612,1.7300000190734863,0.0,1.7599999904632568,1.7200000286102295,1.75,0.0,211991900
2024-11-15,1.5364775657653809,1.75,0.0,1.7599999904632568,1.7300000190734863,1.7300000190734863,0.0,117527700
2024-11-18,1.5540372133255005,1.7699999809265137,0.0,1.7799999713897705,1.75,1.7599999904632568,0.0,135284600
2024-11-19,1.5715969800949097,1.7899999618530273,0.0,1.7999999523162842,1.7699999809265137,1.7799999713897705,0.0,158169500
2024-11-20,1.5540372133255005,1.7699999809265137,0.0,1.7999999523162842,1.7699999809265137,1.7999999523162842,0.0,167936700
2024-11-21,1.5715969800949097,1.7899999618530273,0.0,1.7999999523162842,1.7799999713897705,1.7899999618530273,0.0,81607300
2024-11-22,1.5803768634796143,1.7999999523162842,0.0,1.809999942779541,1.7899999618530273,1.7999999523162842,0.0,164155600
2024-11-25,1.5891567468643188,1.809999942779541,0.0,1.809999942779541,1.7899999618530273,1.809999942779541,0.0,131488200
2024-11-26,1.5715969800949097,1.7899999618530273,0.0,1.809999942779541,1.7799999713897705,1.7999999523162842,0.0,81262000
2024-11-27,1.562817096710205,1.7799999713897705,0.0,1.7899999618530273,1.7699999809265137,1.7799999713897705,0.0,57038200
2024-11-28,1.5540372133255005,1.7699999809265137,0.0,1.7899999618530273,1.7699999809265137,1.7799999713897705,0.0,86634100
2024-11-29,1.5452574491500854,1.7599999904632568,0.0,1.7899999618530273,1.75,1.7799999713897705,0.0,187600700
2024-12-02,1.5540372133255005,1.7699999809265137,0.0,1.7799999713897705,1.75,1.7599999904632568,0.0,110963500
2024-12-03,1.5715969800949097,1.7899999618530273,0.0,1.7999999523162842,1.7699999809265137,1.7699999809265137,0.0,94356000
2024-12-04,1.562817096710205,1.7799999713897705,0.0,1.809999942779541,1.7799999713897705,1.7899999618530273,0.0,136620600
2024-12-06,1.6067166328430176,1.8300000429153442,0.0,1.840000033378601,1.7799999713897705,1.7899999618530273,0.0,286700300
2024-12-09,1.6067166328430176,1.8300000429153442,0.0,1.850000023841858,1.8200000524520874,1.8300000429153442,0.0,152718400
2024-12-11,1.6067166328430176,1.8300000429153442,0.0,1.840000033378601,1.8200000524520874,1.8300000429153442,0.0,114100700
2024-12-12,1.6418360471725464,1.8700000047683716,0.0,1.8799999952316284,1.8300000429153442,1.840000033378601,0.0,424849300
2024-12-13,1.6242762804031372,1.850000023841858,0.0,1.8700000047683716,1.850000023841858,1.8600000143051147,0.0,155651800
2024-12-16,1.6330561637878418,1.8600000143051147,0.0,1.8600000143051147,1.840000033378601,1.8600000143051147,0.0,124035800
2024-12-17,1.6067166328430176,1.8300000429153442,0.0,1.8700000047683716,1.8200000524520874,1.8600000143051147,0.0,169223100
2024-12-18,1.5979366302490234,1.8200000524520874,0.0,1.8300000429153442,1.809999942779541,1.8200000524520874,0.0,181027000
2024-12-19,1.5891567468643188,1.809999942779541,0.0,1.840000033378601,1.7999999523162842,1.809999942779541,0.0,202431600
2024-12-20,1.5803768634796143,1.7999999523162842,0.0,1.8200000524520874,1.7799999713897705,1.809999942779541,0.0,253504300
2024-12-23,1.6067166328430176,1.8300000429153442,0.0,1.840000033378601,1.7899999618530273,1.7999999523162842,0.0,173761800
2024-12-24,1.6154963970184326,1.840000033378601,0.0,1.840000033378601,1.8300000429153442,1.840000033378601,0.0,58334400
2024-12-25,1.6242762804031372,1.850000023841858,0.0,1.8600000143051147,1.840000033378601,1.850000023841858,0.0,176869300
2024-12-26,1.6330561637878418,1.8600000143051147,0.0,1.8600000143051147,1.8300000429153442,1.840000033378601,0.0,70448800
2024-12-27,1.6154963970184326,1.840000033378601,0.0,1.8600000143051147,1.8300000429153442,1.850000023841858,0.0,75900200
2024-12-30,1.6330561637878418,1.8600000143051147,0.0,1.8600000143051147,1.8300000429153442,1.8300000429153442,0.0,156395300
2025-01-02,1.6242762804031372,1.850000023841858,0.0,1.8600000143051147,1.840000033378601,1.8600000143051147,0.0,93121100
2025-01-03,1.6242762804031372,1.850000023841858,0.0,1.8600000143051147,1.840000033378601,1.8600000143051147,0.0,80198400
2025-01-06,1.6067166328430176,1.8300000429153442,0.0,1.8700000047683716,1.8300000429153442,1.850000023841858,0.0,168476500
2025-01-07,1.6067166328430176,1.8300000429153442,0.0,1.850000023841858,1.809999942779541,1.840000033378601,0.0,263639200
2025-01-08,1.6242762804031372,1.850000023841858,0.0,1.850000023841858,1.8200000524520874,1.8300000429153442,0.0,218134100
2025-01-09,1.5803768634796143,1.7999999523162842,0.0,1.840000033378601,1.7999999523162842,1.840000033378601,0.0,247152800
2025-01-10,1.5803768634796143,1.7999999523162842,0.0,1.8200000524520874,1.7899999618530273,1.7999999523162842,0.0,273513000
2025-01-13,1.6154963970184326,1.840000033378601,0.0,1.840000033378601,1.7899999618530273,1.7899999618530273,0.0,387243000
2025-01-14,1.5979366302490234,1.8200000524520874,0.0,1.850000023841858,1.8200000524520874,1.840000033378601,0.0,172461600
2025-01-15,1.6067166328430176,1.8300000429153442,0.0,1.8300000429153442,1.7999999523162842,1.8200000524520874,0.0,184485900
2025-01-16,1.6067166328430176,1.8300000429153442,0.0,1.840000033378601,1.8200000524520874,1.8300000429153442,0.0,217366900
2025-01-17,1.5979366302490234,1.8200000524520874,0.0,1.840000033378601,1.8200000524520874,1.8300000429153442,0.0,218281600
2025-01-20,1.6242762804031372,1.850000023841858,0.0,1.850000023841858,1.8200000524520874,1.8300000429153442,0.0,237127600
2025-01-21,1.6067166328430176,1.8300000429153442,0.0,1.8600000143051147,1.8200000524520874,1.850000023841858,0.0,366778600
2025-01-22,1.6681755781173706,1.899999976158142,0.0,1.909999966621399,1.8300000429153442,1.8300000429153442,0.0,934357300
2025-01-23,1.6418360471725464,1.8700000047683716,0.0,1.9199999570846558,1.8700000047683716,1.899999976158142,0.0,556933200
2025-01-24,1.6418360471725464,1.8700000047683716,0.0,1.899999976158142,1.8600000143051147,1.8799999952316284,0.0,178706000
2025-01-27,1.6593958139419556,1.8899999856948853,0.0,1.8899999856948853,1.850000023841858,1.8600000143051147,0.0,196323400
2025-01-28,1.6769554615020752,1.909999966621399,0.0,1.9199999570846558,1.8899999856948853,1.899999976158142,0.0,414531800
2025-01-29,1.7296347618103027,1.9700000286102295,0.0,2.0199999809265137,1.940000057220459,2.0,0.0,1018719000
2025-01-30,1.7208548784255981,1.9600000381469727,0.0,1.9800000190734863,1.9500000476837158,1.9700000286102295,0.0,335696200
2025-01-31,1.7384145259857178,1.9800000190734863,0.0,1.9900000095367432,1.9600000381469727,1.9600000381469727,0.0,709091800
2025-02-03,1.7384145259857178,1.9800000190734863,0.0,1.9800000190734863,1.9199999570846558,1.940000057220459,0.0,565126600
2025-02-04,1.7296347618103027,1.9700000286102295,0.0,1.9900000095367432,1.9700000286102295,1.9800000190734863,0.0,405897800
2025-02-05,1.7296347618103027,1.9700000286102295,0.0,1.9800000190734863,1.9500000476837158,1.9800000190734863,0.0,270766200
2025-02-06,1.7208548784255981,1.9600000381469727,0.0,1.9800000190734863,1.9600000381469727,1.9700000286102295,0.0,382692200
2025-02-07,1.712075114250183,1.9500000476837158,0.0,1.9600000381469727,1.9199999570846558,1.9600000381469727,0.0,414831600
2025-02-10,1.7208548784255981,1.9600000381469727,0.0,1.9600000381469727,1.940000057220459,1.9500000476837158,0.0,333380100
2025-02-11,1.703295111656189,1.940000057220459,0.0,1.9600000381469727,1.940000057220459,1.9500000476837158,0.0,192559800
2025-02-13,1.712075114250183,1.9500000476837158,0.0,1.9500000476837158,1.9299999475479126,1.9500000476837158,0.0,196259200
2025-02-14,1.703295111656189,1.940000057220459,0.0,1.9600000381469727,1.9299999475479126,1.940000057220459,0.0,305856500
2025-02-17,1.7384145259857178,1.9800000190734863,0.0,1.9800000190734863,1.940000057220459,1.9500000476837158,0.0,484713600
2025-02-18,1.747194528579712,1.9900000095367432,0.0,1.9900000095367432,1.9700000286102295,1.9800000190734863,0.0,357084300
2025-02-19,1.7735340595245361,2.0199999809265137,0.0,2.0199999809265137,1.9800000190734863,1.9800000190734863,0.0,750469500
2025-02-20,1.7384145259857178,1.9800000190734863,0.0,2.0,1.9600000381469727,2.0,0.0,616425800
2025-02-21,1.7208548784255981,1.9600000381469727,0.0,1.9800000190734863,1.9600000381469727,1.9700000286102295,0.0,314026600
2025-02-24,1.7208548784255981,1.9600000381469727,0.0,1.9700000286102295,1.940000057220459,1.9600000381469727,0.0,243231600
2025-02-25,1.703295111656189,1.940000057220459,0.0,1.9700000286102295,1.940000057220459,1.9600000381469727,0.0,341485000
2025-02-26,1.6857353448867798,1.9199999570846558,0.0,1.9600000381469727,1.899999976158142,1.940000057220459,0.0,561699600
2025-02-27,1.703295111656189,1.940000057220459,0.0,1.9500000476837158,1.909999966621399,1.909999966621399,0.0,252754700
2025-02-28,1.6857353448867798,1.9199999570846558,0.0,1.9199999570846558,1.8899999856948853,1.909999966621399,0.0,496018500
2025-03-03,1.6857353448867798,1.9199999570846558,0.0,1.9500000476837158,1.909999966621399,1.9299999475479126,0.0,284190300
2025-03-04,1.6857353448867798,1.9199999570846558,0.0,1.940000057220459,1.909999966621399,1.9199999570846558,0.0,243618700
2025-03-05,1.6945152282714844,1.9299999475479126,0.0,1.940000057220459,1.909999966621399,1.9299999475479126,0.0,222060900
2025-03-06,1.6681755781173706,1.899999976158142,0.0,1.940000057220459,1.899999976158142,1.940000057220459,0.0,232669900
2025-03-07,1.6681755781173706,1.899999976158142,0.0,1.909999966621399,1.8899999856948853,1.899999976158142,0.0,115375500
2025-03-10,1.6769554615020752,1.909999966621399,0.0,1.940000057220459,1.8899999856948853,1.899999976158142,0.0,294941100
2025-03-11,1.6769554615020752,1.909999966621399,0.0,1.9199999570846558,1.8899999856948853,1.899999976158142,0.0,265095700
2025-03-12,1.6769554615020752,1.909999966621399,0.0,1.909999966621399,1.8899999856948853,1.899999976158142,0.0,256044800
2025-03-13,1.6681755781173706,1.899999976158142,0.0,1.909999966621399,1.8899999856948853,1.909999966621399,0.0,104697800
2025-03-14,1.6769554615020752,1.909999966621399,0.0,1.9199999570846558,1.899999976158142,1.899999976158142,0.0,74997100
2025-03-17,1.6857353448867798,1.9199999570846558,0.0,1.9299999475479126,1.909999966621399,1.909999966621399,0.0,172189400
2025-03-18,1.6945152282714844,1.9299999475479126,0.0,1.940000057220459,1.909999966621399,1.9199999570846558,0.0,246114500
2025-03-19,1.6857353448867798,1.9199999570846558,0.0,1.940000057220459,1.9199999570846558,1.9299999475479126,0.0,86545800
2025-03-20,1.6857353448867798,1.9199999570846558,0.0,1.940000057220459,1.9199999570846558,1.9199999570846558,0.0,135343500
2025-03-21,1.703295111656189,1.940000057220459,0.0,2.0199999809265137,1.9299999475479126,1.9700000286102295,0.0,1103930300
2025-03-24,1.703295111656189,1.940000057220459,0.0,1.940000057220459,1.9299999475479126,1.940000057220459,0.0,67214300
2025-03-25,1.703295111656189,1.940000057220459,0.0,1.9700000286102295,1.9299999475479126,1.9500000476837158,0.0,272388100
2025-03-26,1.7208548784255981,1.9600000381469727,0.0,1.9700000286102295,1.940000057220459,1.940000057220459,0.0,178733500
2025-03-27,1.755974292755127,2.0,0.0,2.0,1.9600000381469727,1.9700000286102295,0.0,429181300
2025-03-28,1.747194528579712,1.9900000095367432,0.0,2.0,1.9700000286102295,1.9900000095367432,0.0,234934900
2025-03-31,1.7208548784255981,1.9600000381469727,0.0,1.9800000190734863,1.9600000381469727,1.9700000286102295,0.0,283869300
2025-04-01,1.7296347618103027,1.9700000286102295,0.0,1.9900000095367432,1.9600000381469727,1.9600000381469727,0.0,149082700
2025-04-02,1.747194528579712,1.9900000095367432,0.0,2.0,1.9600000381469727,1.9800000190734863,0.0,311921000
2025-04-03,1.7296347618103027,1.9700000286102295,0.0,2.0,1.9700000286102295,1.9800000190734863,0.0,172268900
2025-04-04,1.6945152282714844,1.9299999475479126,0.0,1.9700000286102295,1.9199999570846558,1.9700000286102295,0.0,338054100
2025-04-08,1.6418360471725464,1.8700000047683716,0.0,1.9199999570846558,1.8200000524520874,1.909999966621399,0.0,442913100
2025-04-09,1.6418360471725464,1.8700000047683716,0.0,1.8700000047683716,1.7999999523162842,1.850000023841858,0.0,328733200
2025-04-10,1.6769554615020752,1.909999966621399,0.0,1.9299999475479126,1.8899999856948853,1.9199999570846558,0.0,219603900
2025-04-11,1.6769554615020752,1.909999966621399,0.0,1.9199999570846558,1.8899999856948853,1.899999976158142,0.0,134062600
2025-04-16,1.6857353448867798,1.9199999570846558,0.0,1.9299999475479126,1.899999976158142,1.899999976158142,0.0,184064000
2025-04-17,1.7208548784255981,1.9600000381469727,0.0,1.9600000381469727,1.909999966621399,1.9199999570846558,0.0,354364800
2025-04-18,1.6593958139419556,1.8899999856948853,0.0,1.9500000476837158,1.8799999952316284,1.9500000476837158,0.0,515741700
2025-04-21,1.5979366302490234,1.8200000524520874,0.0,1.899999976158142,1.8200000524520874,1.8899999856948853,0.0,510191500
2025-04-22,1.5891567468643188,1.809999942779541,0.0,1.840000033378601,1.7899999618530273,1.840000033378601,0.0,546269000
2025-04-23,1.5891567468643188,1.809999942779541,0.0,1.8300000429153442,1.7899999618530273,1.8200000524520874,0.0,479823600
2025-04-24,1.5891567468643188,1.809999942779541,0.0,1.8200000524520874,1.7999999523162842,1.7999999523162842,0.0,196052800
2025-04-25,1.6119240522384644,1.7699999809265137,0.065,1.7699999809265137,1.7400000095367432,1.75,0.0,260255000
2025-04-28,1.6301379203796387,1.7899999618530273,0.0,1.7999999523162842,1.7599999904632568,1.7599999904632568,0.0,234511200
2025-04-29,1.639244794845581,1.7999999523162842,0.0,1.809999942779541,1.7799999713897705,1.7899999618530273,0.0,316681800
2025-04-30,1.6665656566619873,1.8300000429153442,0.0,1.8300000429153442,1.7799999713897705,1.7999999523162842,0.0,681311700
2025-05-02,1.6665656566619873,1.8300000429153442,0.0,1.840000033378601,1.7999999523162842,1.8300000429153442,0.0,332811900
2025-05-06,1.693886399269104,1.8600000143051147,0.0,1.8799999952316284,1.8200000524520874,1.840000033378601,0.0,460258100
2025-05-07,1.7212071418762207,1.8899999856948853,0.0,1.8899999856948853,1.8600000143051147,1.8700000047683716,0.0,447903000
2025-05-08,1.7121000289916992,1.8799999952316284,0.0,1.8899999856948853,1.8600000143051147,1.8799999952316284,0.0,310689800
2025-05-09,1.7212071418762207,1.8899999856948853,0.0,1.8899999856948853,1.8600000143051147,1.8799999952316284,0.0,312407700
2025-05-13,1.7303138971328735,1.899999976158142,0.0,1.9199999570846558,1.899999976158142,1.899999976158142,0.0,300433600
2025-05-14,1.7394208908081055,1.909999966621399,0.0,1.9199999570846558,1.8899999856948853,1.899999976158142,0.0,320345500
2025-05-15,1.7303138971328735,1.899999976158142,0.0,1.909999966621399,1.8899999856948853,1.909999966621399,0.0,264025900
2025-05-16,1.7485277652740479,1.9199999570846558,0.0,1.940000057220459,1.8899999856948853,1.899999976158142,0.0,418384900
2025-05-19,1.7394208908081055,1.909999966621399,0.0,1.9299999475479126,1.8899999856948853,1.9199999570846558,0.0,470256300
2025-05-20,1.7849555015563965,1.9600000381469727,0.0,1.9700000286102295,1.909999966621399,1.909999966621399,0.0,525268000
2025-05-21,1.7667416334152222,1.940000057220459,0.0,1.9600000381469727,1.940000057220459,1.9500000476837158,0.0,227478300
2025-05-22,1.7576347589492798,1.9299999475479126,0.0,1.9600000381469727,1.9299999475479126,1.940000057220459,0.0,255274100
2025-05-23,1.7667416334152222,1.940000057220459,0.0,1.9500000476837158,1.9299999475479126,1.9500000476837158,0.0,105917100
2025-05-26,1.7758487462997437,1.9500000476837158,0.0,1.9600000381469727,1.9299999475479126,1.940000057220459,0.0,182878900
2025-05-27,1.7485277652740479,1.9199999570846558,0.0,1.940000057220459,1.9199999570846558,1.940000057220459,0.0,282396400
2025-05-28,1.7667416334152222,1.940000057220459,0.0,1.9500000476837158,1.9199999570846558,1.9299999475479126,0.0,190452700
2025-05-29,1.7667416334152222,1.940000057220459,0.0,1.9500000476837158,1.9299999475479126,1.940000057220459,0.0,184198900
2025-05-30,1.7485277652740479,1.9199999570846558,0.0,1.940000057220459,1.9199999570846558,1.9299999475479126,0.0,205620500
2025-06-04,1.7394208908081055,1.909999966621399,0.0,1.940000057220459,1.8899999856948853,1.9299999475479126,0.0,313923200
2025-06-05,1.7667416334152222,1.940000057220459,0.0,1.9500000476837158,1.899999976158142,1.909999966621399,0.0,269887400
2025-06-06,1.7667416334152222,1.940000057220459,0.0,1.9500000476837158,1.9199999570846558,1.940000057220459,0.0,158942300
2025-06-09,1.7667416334152222,1.940000057220459,0.0,1.9500000476837158,1.9199999570846558,1.940000057220459,0.0,152686500
2025-06-10,1.7758487462997437,1.9500000476837158,0.0,1.9500000476837158,1.9199999570846558,1.9299999475479126,0.0,275916900
2025-06-11,1.7758487462997437,1.9500000476837158,0.0,1.9600000381469727,1.940000057220459,1.9500000476837158,0.0,310877600
2025-06-12,1.7667416334152222,1.940000057220459,0.0,1.9600000381469727,1.9299999475479126,1.9500000476837158,0.0,322352600
2025-06-13,1.7940624952316284,1.9700000286102295,0.0,1.9800000190734863,1.9299999475479126,1.940000057220459,0.0,474160800
2025-06-16,1.7758487462997437,1.9500000476837158,0.0,1.9800000190734863,1.9500000476837158,1.9600000381469727,0.0,288483500
2025-06-17,1.7758487462997437,1.9500000476837158,0.0,1.9700000286102295,1.9500000476837158,1.9500000476837158,0.0,185181400
2025-06-18,1.7485277652740479,1.9199999570846558,0.0,1.9600000381469727,1.9199999570846558,1.9500000476837158,0.0,505787000
2025-06-19,1.7029932737350464,1.8700000047683716,0.0,1.9199999570846558,1.8600000143051147,1.9199999570846558,0.0,372779600
2025-06-20,1.7212071418762207,1.8899999856948853,0.0,1.899999976158142,1.8700000047683716,1.8799999952316284,0.0,474035200
2025-06-23,1.684779405593872,1.850000023841858,0.0,1.8799999952316284,1.840000033378601,1.8799999952316284,0.0,246536700
2025-06-24,1.7394208908081055,1.909999966621399,0.0,1.909999966621399,1.850000023841858,1.8799999952316284,0.0,562890300
2025-06-25,1.7394208908081055,1.909999966621399,0.0,1.909999966621399,1.8799999952316284,1.899999976158142,0.0,236027400
2025-06-26,1.7485277652740479,1.9199999570846558,0.0,1.940000057220459,1.899999976158142,1.899999976158142,0.0,321069300
2025-06-27,1.7212071418762207,1.8899999856948853,0.0,1.9199999570846558,1.8799999952316284,1.9199999570846558,0.0,278571600
2025-06-30,1.7212071418762207,1.8899999856948853,0.0,1.899999976158142,1.8700000047683716,1.8899999856948853,0.0,276188100
2025-07-01,1.7394208908081055,1.909999966621399,0.0,1.909999966621399,1.8700000047683716,1.899999976158142,0.0,332942700
2025-07-02,1.7394208908081055,1.909999966621399,0.0,1.9299999475479126,1.899999976158142,1.909999966621399,0.0,233671000
2025-07-03,1.7576347589492798,1.9299999475479126,0.0,1.9299999475479126,1.899999976158142,1.909999966621399,0.0,209512800
2025-07-04,1.7303138971328735,1.899999976158142,0.0,1.9199999570846558,1.8899999856948853,1.9199999570846558,0.0,169737200
2025-07-07,1.7212071418762207,1.8899999856948853,0.0,1.899999976158142,1.8799999952316284,1.8899999856948853,0.0,180613100
2025-07-08,1.7121000289916992,1.8799999952316284,0.0,1.899999976158142,1.8799999952316284,1.8899999856948853,0.0,150752400
2025-07-09,1.7121000289916992,1.8799999952316284,0.0,1.899999976158142,1.8700000047683716,1.8799999952316284,0.0,209280100
2025-07-11,1.7121000289916992,1.8799999952316284,0.0,1.8899999856948853,1.8700000047683716,1.8799999952316284,0.0,145606100
2025-07-14,1.7212071418762207,1.8899999856948853,0.0,1.899999976158142,1.8700000047683716,1.8899999856948853,0.0,157848800
2025-07-15,1.7029932737350464,1.8700000047683716,0.0,1.8899999856948853,1.8600000143051147,1.8899999856948853,0.0,426849300
2025-07-16,1.7029932737350464,1.8700000047683716,0.0,1.899999976158142,1.8700000047683716,1.8700000047683716,0.0,260337600
2025-07-17,1.7121000289916992,1.8799999952316284,0.0,1.8899999856948853,1.8700000047683716,1.8799999952316284,0.0,367151500
2025-07-18,1.7212071418762207,1.8899999856948853,0.0,1.8899999856948853,1.8700000047683716,1.8799999952316284,0.0,480030600
2025-07-21,1.7303138971328735,1.899999976158142,0.0,1.909999966621399,1.8799999952316284,1.8899999856948853,0.0,457089500
2025-07-22,1.7303138971328735,1.899999976158142,0.0,1.9299999475479126,1.899999976158142,1.899999976158142,0.0,551094100
2025-07-23,1.7394208908081055,1.909999966621399,0.0,1.9199999570846558,1.899999976158142,1.909999966621399,0.0,560135600
2025-07-24,1.7303138971328735,1.899999976158142,0.0,1.9299999475479126,1.899999976158142,1.899999976158142,0.0,398508300
2025-07-25,1.7212071418762207,1.8899999856948853,0.0,1.909999966621399,1.8899999856948853,1.899999976158142,0.0,210097100
2025-07-29,1.7394208908081055,1.909999966621399,0.0,1.909999966621399,1.8899999856948853,1.899999976158142,0.0,229735400
2025-07-30,1.7485277652740479,1.9199999570846558,0.0,1.9199999570846558,1.8899999856948853,1.909999966621399,0.0,331708400
2025-07-31,1.7576347589492798,1.9299999475479126,0.0,1.9299999475479126,1.899999976158142,1.909999966621399,0.0,348736400
2025-08-01,1.7394208908081055,1.909999966621399,0.0,1.9299999475479126,1.909999966621399,1.9199999570846558,0.0,248341700
2025-08-04,1.7394208908081055,1.909999966621399,0.0,1.9199999570846558,1.899999976158142,1.909999966621399,0.0,123391500
2025-08-05,1.7485277652740479,1.9199999570846558,0.0,1.940000057220459,1.899999976158142,1.909999966621399,0.0,363473000
2025-08-06,1.7485277652740479,1.9199999570846558,0.0,1.940000057220459,1.909999966621399,1.9299999475479126,0.0,621146600
2025-08-07,1.7485277652740479,1.9199999570846558,0.0,1.940000057220459,1.899999976158142,1.909999966621399,0.0,568522400
2025-08-08,1.7576347589492798,1.9299999475479126,0.0,1.940000057220459,1.909999966621399,1.9199999570846558,0.0,391739300
2025-08-13,1.7667416334152222,1.940000057220459,0.0,1.9700000286102295,1.9299999475479126,1.940000057220459,0.0,539839500
2025-08-14,1.7485277652740479,1.9199999570846558,0.0,1.940000057220459,1.909999966621399,1.9299999475479126,0.0,356007000
2025-08-15,1.7758487462997437,1.9500000476837158,0.0,1.9500000476837158,1.909999966621399,1.9199999570846558,0.0,480600900
2025-08-18,1.7576347589492798,1.9299999475479126,0.0,1.9600000381469727,1.9199999570846558,1.9500000476837158,0.0,150375400
2025-08-19,1.7667416334152222,1.940000057220459,0.0,1.9600000381469727,1.9299999475479126,1.9299999475479126,0.0,217453300
2025-08-20,1.7667416334152222,1.940000057220459,0.0,1.940000057220459,1.9199999570846558,1.940000057220459,0.0,255012700
2025-08-21,1.7576347589492798,1.9299999475479126,0.0,1.9500000476837158,1.9199999570846558,1.940000057220459,0.0,302068400
2025-08-22,1.7485277652740479,1.9199999570846558,0.0,1.940000057220459,1.909999966621399,1.9299999475479126,0.0,306461500
2025-08-25,1.7394208908081055,1.909999966621399,0.0,1.9299999475479126,1.909999966621399,1.9299999475479126,0.0,240351600
2025-08-26,1.7485277652740479,1.9199999570846558,0.0,1.9299999475479126,1.899999976158142,1.909999966621399,0.0,336598700
2025-08-27,1.7303138971328735,1.899999976158142,0.0,1.9299999475479126,1.899999976158142,1.9199999570846558,0.0,166357900
2025-08-28,1.7394208908081055,1.909999966621399,0.0,1.9199999570846558,1.899999976158142,1.899999976158142,0.0,151679500
2025-08-29,1.7303138971328735,1.899999976158142,0.0,1.9199999570846558,1.8899999856948853,1.9199999570846558,0.0,459566200
2025-09-01,1.7394208908081055,1.909999966621399,0.0,1.909999966621399,1.8899999856948853,1.899999976158142,0.0,252455400
2025-09-02,1.7303138971328735,1.899999976158142,0.0,1.9199999570846558,1.899999976158142,1.909999966621399,0.0,227855500
2025-09-03,1.7394208908081055,1.909999966621399,0.0,1.9199999570846558,1.899999976158142,1.909999966621399,0.0,349599800
2025-09-04,1.7394208908081055,1.909999966621399,0.0,1.9199999570846558,1.899999976158142,1.909999966621399,0.0,181630100
2025-09-05,1.7394208908081055,1.909999966621399,0.0,1.909999966621399,1.8899999856948853,1.909999966621399,0.0,144089400
2025-09-08,1.7212071418762207,1.8899999856948853,0.0,1.9199999570846558,1.8899999856948853,1.909999966621399,0.0,414505700
2025-09-09,1.7121000289916992,1.8799999952316284,0.0,1.899999976158142,1.8799999952316284,1.899999976158142,0.0,296876900
2025-09-10,1.7212071418762207,1.8899999856948853,0.0,1.899999976158142,1.8799999952316284,1.8899999856948853,0.0,216436000
2025-09-11,1.7303138971328735,1.899999976158142,0.0,1.899999976158142,1.8799999952316284,1.8899999856948853,0.0,343934800
2025-09-12,1.7212071418762207,1.8899999856948853,0.0,1.909999966621399,1.8899999856948853,1.899999976158142,0.0,194298500
2025-09-15,1.7121000289916992,1.8799999952316284,0.0,1.899999976158142,1.8799999952316284,1.8899999856948853,0.0,165877300
2025-09-16,1.7121000289916992,1.8799999952316284,0.0,1.8899999856948853,1.8700000047683716,1.8899999856948853,0.0,289307100
2025-09-17,1.7029932737350464,1.8700000047683716,0.0,1.8899999856948853,1.8700000047683716,1.8799999952316284,0.0,254468900
2025-09-18,1.7029932737350464,1.8700000047683716,0.0,1.8899999856948853,1.8700000047683716,1.8799999952316284,0.0,157925600
2025-09-19,1.7029932737350464,1.8700000047683716,0.0,1.8899999856948853,1.8700000047683716,1.8799999952316284,0.0,291670800
2025-09-22,1.693886399269104,1.8600000143051147,0.0,1.8799999952316284,1.850000023841858,1.8700000047683716,0.0,290576500
2025-09-23,1.693886399269104,1.8600000143051147,0.0,1.8700000047683716,1.850000023841858,1.850000023841858,0.0,225371100
2025-09-24,1.7212071418762207,1.8899999856948853,0.0,1.8899999856948853,1.8600000143051147,1.8700000047683716,0.0,303670900
2025-09-25,1.7303138971328735,1.899999976158142,0.0,1.899999976158142,1.8799999952316284,1.8899999856948853,0.0,262426800
2025-09-26,1.7303138971328735,1.899999976158142,0.0,1.909999966621399,1.899999976158142,1.899999976158142,0.0,149852800
2025-09-29,1.7394208908081055,1.909999966621399,0.0,1.9199999570846558,1.899999976158142,1.9199999570846558,0.0,483779200
2025-09-30,1.7303138971328735,1.899999976158142,0.0,1.909999966621399,1.8899999856948853,1.899999976158142,0.0,451648200
2025-10-01,1.7212071418762207,1.8899999856948853,0.0,1.899999976158142,1.8899999856948853,1.899999976158142,0.0,258431200
2025-10-02,1.7303138971328735,1.899999976158142,0.0,1.909999966621399,1.8899999856948853,1.899999976158142,0.0,250413900
2025-10-03,1.7394208908081055,1.909999966621399,0.0,1.909999966621399,1.8899999856948853,1.899999976158142,0.0,390484600
2025-10-06,1.745080590248108,1.850000023841858,0.066,1.8700000047683716,1.850000023841858,1.850000023841858,0.0,479623800
2025-10-07,1.745080590248108,1.850000023841858,0.0,1.850000023841858,1.850000023841858,1.850000023841858,0.0,0
2025-10-08,1.745080590248108,1.850000023841858,0.0,1.8700000047683716,1.840000033378601,1.8600000143051147,0.0,545988200
2025-10-09,1.745080590248108,1.850000023841858,0.0,1.8600000143051147,1.840000033378601,1.8600000143051147,0.0,204642800
2025-10-10,1.7356477975845337,1.840000033378601,0.0,1.850000023841858,1.840000033378601,1.850000023841858,0.0,122215400
2025-10-14,1.72621488571167,1.8300000429153442,0.0,1.850000023841858,1.8300000429153442,1.840000033378601,0.0,207473000
2025-10-15,1.7356477975845337,1.840000033378601,0.0,1.8600000143051147,1.8300000429153442,1.840000033378601,0.0,369873800
2025-10-16,1.72621488571167,1.8300000429153442,0.0,1.850000023841858,1.8300000429153442,1.840000033378601,0.0,313042500
2025-10-17,1.7073490619659424,1.809999942779541,0.0,1.8300000429153442,1.809999942779541,1.8300000429153442,0.0,270198500
2025-10-20,1.7167820930480957,1.8200000524520874,0.0,1.8200000524520874,1.7999999523162842,1.8200000524520874,0.0,237098800
2025-10-21,1.7545135021209717,1.8600000143051147,0.0,1.8700000047683716,1.8300000429153442,1.8300000429153442,0.0,576567100
2025-10-22,1.7545135021209717,1.8600000143051147,0.0,1.8700000047683716,1.850000023841858,1.8600000143051147,0.0,687495000
2025-10-24,1.7733792066574097,1.8799999952316284,0.0,1.8899999856948853,1.8600000143051147,1.8600000143051147,0.0,862778700
2025-10-27,1.7356477975845337,1.840000033378601,0.0,1.8899999856948853,1.840000033378601,1.8899999856948853,0.0,545467700
2025-10-28,1.7545135021209717,1.8600000143051147,0.0,1.8600000143051147,1.8300000429153442,1.840000033378601,0.0,545904900
2025-10-29,1.745080590248108,1.850000023841858,0.0,1.8799999952316284,1.850000023841858,1.8600000143051147,0.0,446777100
2025-10-30,1.745080590248108,1.850000023841858,0.0,1.8600000143051147,1.840000033378601,1.850000023841858,0.0,542634900
2025-10-31,1.745080590248108,1.850000023841858,0.0,1.8700000047683716,1.850000023841858,1.850000023841858,0.0,250785600
2025-11-03,1.7545135021209717,1.8600000143051147,0.0,1.8600000143051147,1.840000033378601,1.8600000143051147,0.0,244781300
2025-11-04,1.7356477975845337,1.840000033378601,0.0,1.8700000047683716,1.840000033378601,1.850000023841858,0.0,393068200
2025-11-05,1.7356477975845337,1.840000033378601,0.0,1.8600000143051147,1.8300000429153442,1.840000033378601,0.0,310582600
2025-11-06,1.7356477975845337,1.840000033378601,0.0,1.850000023841858,1.8300000429153442,1.850000023841858,0.0,396825200
2025-11-07,1.72621488571167,1.8300000429153442,0.0,1.840000033378601,1.8300000429153442,1.840000033378601,0.0,95531800
2025-11-10,1.7167820930480957,1.8200000524520874,0.0,1.840000033378601,1.8200000524520874,1.840000033378601,0.0,224785600
2025-11-11,1.7356477975845337,1.840000033378601,0.0,1.850000023841858,1.8200000524520874,1.8300000429153442,0.0,406245500
2025-11-12,1.72621488571167,1.8300000429153442,0.0,1.850000023841858,1.8200000524520874,1.840000033378601,0.0,437209600
2025-11-13,1.7356477975845337,1.840000033378601,0.0,1.850000023841858,1.8300000429153442,1.8300000429153442,0.0,169122600
2025-11-14,1.7356477975845337,1.840000033378601,0.0,1.840000033378601,1.8200000524520874,1.840000033378601,0.0,219488100
2025-11-17,1.745080590248108,1.850000023841858,0.0,1.850000023841858,1.8300000429153442,1.840000033378601,0.0,306914800
2025-11-18,1.7356477975845337,1.840000033378601,0.0,1.850000023841858,1.8300000429153442,1.8300000429153442,0.0,203640600
2025-11-19,1.7828121185302734,1.8899999856948853,0.0,1.8899999856948853,1.840000033378601,1.850000023841858,0.0,805449800
2025-11-20,1.7922449111938477,1.899999976158142,0.0,1.909999966621399,1.8700000047683716,1.8899999856948853,0.0,563801100
2025-11-21,1.8111106157302856,1.9199999570846558,0.0,1.9199999570846558,1.8799999952316284,1.8799999952316284,0.0,789798800
2025-11-24,1.8016778230667114,1.909999966621399,0.0,1.9299999475479126,1.899999976158142,1.9199999570846558,0.0,321882600
2025-11-25,1.8205435276031494,1.9299999475479126,0.0,1.9299999475479126,1.909999966621399,1.909999966621399,0.0,566859100
2025-11-26,1.8677078485488892,1.9800000190734863,0.0,1.9900000095367432,1.940000057220459,1.940000057220459,0.0,1293899800
2025-11-27,1.8299764394760132,1.940000057220459,0.0,1.9800000190734863,1.940000057220459,1.9800000190734863,0.0,322765100
2025-11-28,1.8205435276031494,1.9299999475479126,0.0,1.9500000476837158,1.909999966621399,1.9500000476837158,0.0,423094800
2025-12-01,1.8205435276031494,1.9299999475479126,0.0,1.940000057220459,1.909999966621399,1.9199999570846558,0.0,376643200
2025-12-02,1.858275055885315,1.9700000286102295,0.0,1.9700000286102295,1.9199999570846558,1.940000057220459,0.0,425741000
2025-12-03,1.858275055885315,1.9700000286102295,0.0,1.9800000190734863,1.9500000476837158,1.9600000381469727,0.0,466786600
2025-12-04,1.8677078485488892,1.9800000190734863,0.0,1.9900000095367432,1.9500000476837158,1.9600000381469727,0.0,584823700
2025-12-08,1.858275055885315,1.9700000286102295,0.0,1.9800000190734863,1.9500000476837158,1.9800000190734863,0.0,310348800
2025-12-09,1.8488421440124512,1.9600000381469727,0.0,1.9700000286102295,1.9500000476837158,1.9600000381469727,0.0,205639300
2025-12-11,1.8488421440124512,1.9600000381469727,0.0,1.9700000286102295,1.940000057220459,1.9600000381469727,0.0,375427500
2025-12-12,1.839409351348877,1.9500000476837158,0.0,1.9600000381469727,1.940000057220459,1.9600000381469727,0.0,190726000
2025-12-15,1.8677078485488892,1.9800000190734863,0.0,1.9900000095367432,1.940000057220459,1.9500000476837158,0.0,466789800
2025-12-16,1.877140760421753,1.9900000095367432,0.0,1.9900000095367432,1.9600000381469727,1.9700000286102295,0.0,457519900
2025-12-17,1.877140760421753,1.9900000095367432,0.0,2.0,1.9800000190734863,1.9800000190734863,0.0,448682300
2025-12-18,1.9620364904403687,2.0799999237060547,0.0,2.0799999237060547,1.9900000095367432,1.9900000095367432,0.0,952055000
2025-12-19,1.9054393768310547,2.0199999809265137,0.0,2.0799999237060547,2.0199999809265137,2.059999942779541,0.0,323226700
2025-12-22,1.9054393768310547,2.0199999809265137,0.0,2.059999942779541,2.0,2.0399999618530273,0.0,205219600
2025-12-23,1.8865736722946167,2.0,0.0,2.0399999618530273,2.0,2.0399999618530273,0.0,119219300
2025-12-24,1.9054393768310547,2.0199999809265137,0.0,2.059999942779541,2.0,2.0199999809265137,0.0,525566300
2025-12-25,1.9243050813674927,2.0399999618530273,0.0,2.0399999618530273,2.0199999809265137,2.0399999618530273,0.0,55658300
2025-12-26,1.9054393768310547,2.0199999809265137,0.0,2.0399999618530273,2.0,2.0199999809265137,0.0,163452800
2025-12-29,1.9243050813674927,2.0399999618530273,0.0,2.0399999618530273,2.0,2.0199999809265137,0.0,151062100
2025-12-30,1.9054393768310547,2.0199999809265137,0.0,2.059999942779541,2.0199999809265137,2.0399999618530273,0.0,303728900
2026-01-05,1.9431707859039307,2.059999942779541,0.0,2.0999999046325684,2.0399999618530273,2.0399999618530273,0.0,648636700
2026-01-06,1.9620364904403687,2.0799999237060547,0.0,2.0799999237060547,2.0399999618530273,2.059999942779541,0.0,454800900
2026-01-07,1.9054393768310547,2.0199999809265137,0.0,2.0799999237060547,2.0,2.059999942779541,0.0,577195300
2026-01-08,1.9243050813674927,2.0399999618530273,0.0,2.0399999618530273,2.0,2.0199999809265137,0.0,178293100
2026-01-09,1.9243050813674927,2.0399999618530273,0.0,2.059999942779541,2.0199999809265137,2.0399999618530273,0.0,181479000
2026-01-12,1.9243050813674927,2.0399999618530273,0.0,2.059999942779541,2.0199999809265137,2.0399999618530273,0.0,255488900
2026-01-13,1.9243050813674927,2.0399999618530273,0.0,2.059999942779541,2.0199999809265137,2.0399999618530273,0.0,172195700
2026-01-14,1.9054393768310547,2.0199999809265137,0.0,2.0399999618530273,2.0,2.0199999809265137,0.0,132503600
2026-01-15,1.9054393768310547,2.0199999809265137,0.0,2.0399999618530273,2.0199999809265137,2.0399999618530273,0.0,123229700
2026-01-16,1.9431707859039307,2.059999942779541,0.0,2.059999942779541,2.0199999809265137,2.0199999809265137,0.0,500304400
2026-01-19,1.9243050813674927,2.0399999618530273,0.0,2.059999942779541,2.0199999809265137,2.0399999618530273,0.0,325601100
2026-01-20,1.9243050813674927,2.0399999618530273,0.0,2.059999942779541,2.0399999618530273,2.0399999618530273,0.0,216220400
2026-01-21,1.9054393768310547,2.0199999809265137,0.0,2.059999942779541,2.0,2.0399999618530273,0.0,610269200
2026-01-22,1.9054393768310547,2.0199999809265137,0.0,2.0399999618530273,2.0,2.0199999809265137,0.0,241979100
2026-01-23,1.877140760421753,1.9900000095367432,0.0,2.0199999809265137,1.9800000190734863,2.0199999809265137,0.0,573244000
2026-01-26,1.877140760421753,1.9900000095367432,0.0,2.0199999809265137,1.9800000190734863,1.9900000095367432,0.0,426170900
2026-01-27,1.8865736722946167,2.0,0.0,2.0199999809265137,1.9800000190734863,1.9900000095367432,0.0,477055800
2026-01-28,1.877140760421753,1.9900000095367432,0.0,2.0,1.9800000190734863,2.0,0.0,325220800
2026-01-29,1.877140760421753,1.9900000095367432,0.0,2.0,1.9800000190734863,1.9900000095367432,0.0,231019000
2026-01-30,1.9054393768310547,2.0199999809265137,0.0,2.0199999809265137,1.9800000190734863,1.9900000095367432,0.0,255227500
2026-02-02,1.8677078485488892,1.9800000190734863,0.0,2.0199999809265137,1.9700000286102295,2.0,0.0,393858800
2026-02-03,1.877140760421753,1.9900000095367432,0.0,2.0199999809265137,1.9900000095367432,1.9900000095367432,0.0,369404800
2026-02-04,1.8677078485488892,1.9800000190734863,0.0,2.0199999809265137,1.9700000286102295,2.0,0.0,394566600
2026-02-05,1.8865736722946167,2.0,0.0,2.0,1.9800000190734863,1.9900000095367432,0.0,277251500
2026-02-06,1.8677078485488892,1.9800000190734863,0.0,2.0,1.9800000190734863,2.0,0.0,237820900
2026-02-09,1.9054393768310547,2.0199999809265137,0.0,2.0399999618530273,2.0,2.0199999809265137,0.0,2473237483
2026-02-10,1.9054393768310547,2.0199999809265137,0.0,2.0399999618530273,2.0,2.0199999809265137,0.0,176086600
2026-02-11,1.9054393768310547,2.0199999809265137,0.0,2.0399999618530273,2.0,2.0199999809265137,0.0,169794600
2026-02-12,1.9054393768310547,2.0199999809265137,0.0,2.0399999618530273,2.0,2.0,0.0,546388100
2026-02-13,1.9054393768310547,2.0199999809265137,0.0,2.0399999618530273,2.0,2.0,0.0,116990400
2026-02-16,1.9431707859039307,2.059999942779541,0.0,2.059999942779541,2.0199999809265137,2.0199999809265137,0.0,384381900
2026-02-17,1.9809021949768066,2.0999999046325684,0.0,2.0999999046325684,2.0399999618530273,2.0399999618530273,0.0,928190700
2026-02-18,2.0752310752868652,2.200000047683716,0.0,2.200000047683716,2.140000104904175,2.1600000858306885,0.0,920286600
2026-02-19,2.1318283081054688,2.259999990463257,0.0,2.2799999713897705,2.200000047683716,2.2200000286102295,0.0,613605200
2026-02-20,2.1695597171783447,2.299999952316284,0.0,2.319999933242798,2.240000009536743,2.259999990463257,0.0,723194400
2026-02-23,2.188425302505493,2.319999933242798,0.0,2.380000114440918,2.2799999713897705,2.319999933242798,0.0,561358200
2026-02-24,2.188425302505493,2.319999933242798,0.0,2.3399999141693115,2.2799999713897705,2.299999952316284,0.0,304585000
2026-02-25,2.188425302505493,2.319999933242798,0.0,2.3399999141693115,2.2799999713897705,2.319999933242798,0.0,321727500
2026-02-26,2.2072911262512207,2.3399999141693115,0.0,2.359999895095825,2.299999952316284,2.299999952316284,0.0,287106800
2026-02-27,2.226156711578369,2.359999895095825,0.0,2.380000114440918,2.319999933242798,2.3399999141693115,0.0,460592900
2026-03-02,2.1695597171783447,2.299999952316284,0.0,2.3399999141693115,2.2799999713897705,2.299999952316284,0.0,460491800
2026-03-04,2.0752310752868652,2.200000047683716,0.0,2.259999990463257,2.140000104904175,2.240000009536743,0.0,741542900
2026-03-05,2.0940966606140137,2.2200000286102295,0.0,2.259999990463257,2.180000066757202,2.240000009536743,0.0,495544500
2026-03-06,2.0752310752868652,2.200000047683716,0.0,2.240000009536743,2.200000047683716,2.200000047683716,0.0,209048300
2026-03-09,2.0563652515411377,2.180000066757202,0.0,2.200000047683716,2.119999885559082,2.1600000858306885,0.0,423497300
2026-03-10,2.0752310752868652,2.200000047683716,0.0,2.2200000286102295,2.180000066757202,2.200000047683716,0.0,337376100
2026-03-11,2.0752310752868652,2.200000047683716,0.0,2.240000009536743,2.200000047683716,2.200000047683716,0.0,431950300
2026-03-12,2.0940966606140137,2.2200000286102295,0.0,2.2200000286102295,2.180000066757202,2.200000047683716,0.0,200612500
2026-03-13,2.1318283081054688,2.259999990463257,0.0,2.2799999713897705,2.200000047683716,2.200000047683716,0.0,375390600
2026-03-16,2.0940966606140137,2.2200000286102295,0.0,2.2799999713897705,2.2200000286102295,2.259999990463257,0.0,201295700
2026-03-17,2.0940966606140137,2.2200000286102295,0.0,2.259999990463257,2.2200000286102295,2.240000009536743,0.0,238271200
2026-03-18,2.1318283081054688,2.259999990463257,0.0,2.2799999713897705,2.240000009536743,2.240000009536743,0.0,500657300
2026-03-19,2.112962484359741,2.240000009536743,0.0,2.259999990463257,2.2200000286102295,2.240000009536743,0.0,281069900
2026-03-20,2.112962484359741,2.240000009536743,0.0,2.259999990463257,2.2200000286102295,2.240000009536743,0.0,280891600
2026-03-23,2.0563652515411377,2.180000066757202,0.0,2.2200000286102295,2.180000066757202,2.2200000286102295,0.0,267596400
2026-03-24,2.0752310752868652,2.200000047683716,0.0,2.2200000286102295,2.180000066757202,2.200000047683716,0.0,254798400
2026-03-25,2.1318283081054688,2.259999990463257,0.0,2.2799999713897705,2.2200000286102295,2.2200000286102295,0.0,372455400
2026-03-26,2.1695597171783447,2.299999952316284,0.0,2.319999933242798,2.240000009536743,2.259999990463257,0.0,601795200
2026-03-27,2.150693893432617,2.2799999713897705,0.0,2.3399999141693115,2.259999990463257,2.319999933242798,0.0,349416100
2026-03-30,2.1318283081054688,2.259999990463257,0.0,2.2799999713897705,2.240000009536743,2.259999990463257,0.0,119581700
2026-03-31,2.1695597171783447,2.299999952316284,0.0,2.299999952316284,2.259999990463257,2.2799999713897705,0.0,313344800
2026-04-01,2.1695597171783447,2.299999952316284,0.0,2.3399999141693115,2.2799999713897705,2.319999933242798,0.0,304872500
2026-04-02,2.188425302505493,2.319999933242798,0.0,2.319999933242798,2.2799999713897705,2.299999952316284,0.0,175512800
2026-04-03,2.188425302505493,2.319999933242798,0.0,2.359999895095825,2.299999952316284,2.319999933242798,0.0,388629400
2026-04-07,2.188425302505493,2.319999933242798,0.0,2.3399999141693115,2.299999952316284,2.3399999141693115,0.0,181497200
2026-04-08,2.2072911262512207,2.3399999141693115,0.0,2.359999895095825,2.319999933242798,2.319999933242798,0.0,229139100
2026-04-09,2.226156711578369,2.359999895095825,0.0,2.380000114440918,2.3399999141693115,2.3399999141693115,0.0,264486800
2026-04-10,2.245022773742676,2.380000114440918,0.0,2.380000114440918,2.3399999141693115,2.359999895095825,0.0,246180300
2026-04-16,2.188425302505493,2.319999933242798,0.0,2.4000000953674316,2.299999952316284,2.380000114440918,0.0,402012600
2026-04-17,2.0940966606140137,2.2200000286102295,0.0,2.319999933242798,2.2200000286102295,2.299999952316284,0.0,504224100
2026-04-20,2.1318283081054688,2.259999990463257,0.0,2.2799999713897705,2.2200000286102295,2.240000009536743,0.0,248071400
2026-04-21,2.150693893432617,2.2799999713897705,0.0,2.299999952316284,2.259999990463257,2.259999990463257,0.0,303107300
2026-04-22,2.112962484359741,2.240000009536743,0.0,2.319999933242798,2.240000009536743,2.299999952316284,0.0,288644400
2026-04-23,2.0940966606140137,2.2200000286102295,0.0,2.259999990463257,2.200000047683716,2.240000009536743,0.0,261775100
2026-04-24,2.112962484359741,2.240000009536743,0.0,2.240000009536743,2.2200000286102295,2.240000009536743,0.0,207671100
2026-04-27,2.1207449436187744,2.180000066757202,0.068,2.2200000286102295,2.180000066757202,2.200000047683716,0.0,208977800
2026-04-28,2.1596577167510986,2.2200000286102295,0.0,2.240000009536743,2.200000047683716,2.200000047683716,0.0,308472400
2026-04-29,2.237483263015747,2.299999952316284,0.0,2.299999952316284,2.240000009536743,2.240000009536743,0.0,382633300
2026-04-30,2.198570489883423,2.259999990463257,0.0,2.2799999713897705,2.240000009536743,2.259999990463257,0.0,228545100
2026-05-01,2.198570489883423,2.259999990463257,0.0,2.259999990463257,2.259999990463257,2.259999990463257,0.0,0
2026-05-04,2.198570489883423,2.259999990463257,0.0,2.259999990463257,2.259999990463257,2.259999990463257,0.0,0
2026-05-05,2.218026876449585,2.2799999713897705,0.0,2.299999952316284,2.259999990463257,2.2799999713897705,0.0,301013600
2026-05-06,2.237483263015747,2.299999952316284,0.0,2.299999952316284,2.259999990463257,2.299999952316284,0.0,293795400
2026-05-07,2.198570489883423,2.259999990463257,0.0,2.299999952316284,2.259999990463257,2.2799999713897705,0.0,150176800
2026-05-08,2.198570489883423,2.259999990463257,0.0,2.299999952316284,2.259999990463257,2.259999990463257,0.0,180457500
2026-05-11,2.1791141033172607,2.240000009536743,0.0,2.2799999713897705,2.240000009536743,2.259999990463257,0.0,207223800
2026-05-12,2.198570489883423,2.259999990463257,0.0,2.2799999713897705,2.240000009536743,2.240000009536743,0.0,131570700
2026-05-13,2.1791141033172607,2.240000009536743,0.0,2.259999990463257,2.2200000286102295,2.259999990463257,0.0,204259900
2026-05-14,2.218026876449585,2.2799999713897705,0.0,2.2799999713897705,2.240000009536743,2.240000009536743,0.0,364652900
2026-05-15,2.237483263015747,2.299999952316284,0.0,2.319999933242798,2.259999990463257,2.259999990463257,0.0,483687400
2026-05-18,2.256939649581909,2.319999933242798,0.0,2.3399999141693115,2.2799999713897705,2.2799999713897705,0.0,266669800
2026-05-19,2.256939649581909,2.319999933242798,0.0,2.359999895095825,2.299999952316284,2.319999933242798,0.0,308748100
2026-05-20,2.276395797729492,2.3399999141693115,0.0,2.3399999141693115,2.2799999713897705,2.319999933242798,0.0,173899400
2026-05-21,2.237483263015747,2.299999952316284,0.0,2.359999895095825,2.299999952316284,2.3399999141693115,0.0,188055800
2026-05-22,2.256939649581909,2.319999933242798,0.0,2.3399999141693115,2.299999952316284,2.319999933242798,0.0,103683300
2026-05-25,2.276395797729492,2.3399999141693115,0.0,2.3399999141693115,2.319999933242798,2.319999933242798,0.0,79942600
2026-05-26,2.2958521842956543,2.359999895095825,0.0,2.359999895095825,2.319999933242798,2.319999933242798,0.0,112077200
2026-05-27,2.276395797729492,2.3399999141693115,0.0,2.359999895095825,2.319999933242798,2.359999895095825,0.0,172537700
2026-05-28,2.237483263015747,2.299999952316284,0.0,2.3399999141693115,2.299999952316284,2.319999933242798,0.0,172837700
2026-05-29,2.218026876449585,2.2799999713897705,0.0,2.319999933242798,2.2799999713897705,2.299999952316284,0.0,165004300
2026-06-01,2.218026876449585,2.2799999713897705,0.0,2.2799999713897705,2.2799999713897705,2.2799999713897705,0.0,0
2026-06-02,2.256939649581909,2.319999933242798,0.0,2.3399999141693115,2.2799999713897705,2.299999952316284,0.0,233123800
2026-06-03,2.256939649581909,2.319999933242798,0.0,2.319999933242798,2.319999933242798,2.319999933242798,0.0,0
2026-06-04,2.218026876449585,2.2799999713897705,0.0,2.3399999141693115,2.2799999713897705,2.319999933242798,0.0,277580900
2026-06-05,2.256939649581909,2.319999933242798,0.0,2.3399999141693115,2.2799999713897705,2.299999952316284,0.0,322322400
2026-06-08,2.237483263015747,2.299999952316284,0.0,2.3399999141693115,2.299999952316284,2.319999933242798,0.0,153126200
2026-06-09,2.237483263015747,2.299999952316284,0.0,2.319999933242798,2.2799999713897705,2.319999933242798,0.0,199566000
2026-06-10,2.218026876449585,2.2799999713897705,0.0,2.319999933242798,2.2799999713897705,2.319999933242798,0.0,92864400
2026-06-11,2.237483263015747,2.299999952316284,0.0,2.319999933242798,2.2799999713897705,2.299999952316284,0.0,165345900
2026-06-12,2.2958521842956543,2.359999895095825,0.0,2.359999895095825,2.299999952316284,2.299999952316284,0.0,202353200
2026-06-15,2.2958521842956543,2.359999895095825,0.0,2.380000114440918,2.3399999141693115,2.359999895095825,0.0,305057767
2026-06-16,2.3347651958465576,2.4000000953674316,0.0,2.4200000762939453,2.3399999141693115,2.359999895095825,0.0,466230000
2026-06-17,2.3347651958465576,2.4000000953674316,0.0,2.4200000762939453,2.359999895095825,2.4000000953674316,0.0,303932100
2026-06-18,2.3542215824127197,2.4200000762939453,0.0,2.440000057220459,2.380000114440918,2.4000000953674316,0.0,359621100
2026-06-19,2.3153088092803955,2.380000114440918,0.0,2.4200000762939453,2.380000114440918,2.4200000762939453,0.0,213868900
2026-06-22,2.3347651958465576,2.4000000953674316,0.0,2.4200000762939453,2.380000114440918,2.4000000953674316,0.0,185389000
2026-06-23,2.3347651958465576,2.4000000953674316,0.0,2.4200000762939453,2.359999895095825,2.380000114440918,0.0,448792800
2026-06-24,2.3347651958465576,2.4000000953674316,0.0,2.4200000762939453,2.380000114440918,2.4000000953674316,0.0,169417100
2026-06-25,2.3347651958465576,2.4000000953674316,0.0,2.440000057220459,2.4000000953674316,2.4200000762939453,0.0,228348900
2026-06-26,2.373677968978882,2.440000057220459,0.0,2.440000057220459,2.4000000953674316,2.4200000762939453,0.0,170599700
2026-06-29,2.373677968978882,2.440000057220459,0.0,2.440000057220459,2.380000114440918,2.440000057220459,0.0,564042000
2026-06-30,2.393134355545044,2.4600000381469727,0.0,2.4800000190734863,2.4200000762939453,2.440000057220459,0.0,246663000
2026-07-01,2.393134355545044,2.4600000381469727,0.0,2.5,2.4600000381469727,2.4600000381469727,0.0,210283300
2026-07-02,2.4904160499572754,2.559999942779541,0.0,2.5799999237060547,2.4600000381469727,2.4800000190734863,0.0,380353700
2026-07-03,2.4904160499572754,2.559999942779541,0.0,2.559999942779541,2.5199999809265137,2.559999942779541,0.0,213646200
2026-07-06,2.4904160499572754,2.559999942779541,0.0,2.5799999237060547,2.5,2.559999942779541,0.0,234960300
2026-07-07,2.4904160499572754,2.559999942779541,0.0,2.5999999046325684,2.5399999618530273,2.559999942779541,0.0,384723600
2026-07-08,2.5293288230895996,2.5999999046325684,0.0,2.619999885559082,2.559999942779541,2.5799999237060547,0.0,404920900
2026-07-09,2.568241596221924,2.640000104904175,0.0,2.680000066757202,2.5799999237060547,2.5999999046325684,0.0,385848400
2026-07-10,2.568241596221924,2.640000104904175,0.0,2.6600000858306885,2.619999885559082,2.640000104904175,0.0,196425556
2026-07-13,2.568241596221924,2.640000104904175,0.0,2.680000066757202,2.619999885559082,2.640000104904175,0.0,243167600
2026-07-14,2.568241596221924,2.640000104904175,0.0,2.6600000858306885,2.5999999046325684,2.619999885559082,0.0,393540500
2026-07-15,2.587697982788086,2.6600000858306885,0.0,2.680000066757202,2.640000104904175,2.6600000858306885,0.0,287725300
2026-07-16,2.6460671424865723,2.7200000286102295,0.0,2.740000009536743,2.6600000858306885,2.6600000858306885,0.0,318371000
2026-07-17,2.6460671424865723,2.7200000286102295,0.0,2.740000009536743,2.700000047683716,2.7200000286102295,0.0,289350400
2026-07-20,2.8795435428619385,2.9600000381469727,0.0,3.0,2.700000047683716,2.7200000286102295,0.0,986974000
2026-07-21,2.8600873947143555,2.940000057220459,0.0,3.0,2.859999895095825,3.0,0.0,754257500
2026-07-22,2.801718235015869,2.880000114440918,0.0,2.9200000762939453,2.859999895095825,2.9200000762939453,0.0,447672200
2026-07-23,2.8211746215820312,2.9000000953674316,0.0,2.940000057220459,2.880000114440918,2.9000000953674316,0.0,354776000
2026-07-24,2.937912702560425,3.0199999809265137,0.0,3.0199999809265137,2.880000114440918,2.880000114440918,0.0,818020500
2026-07-27,2.996281862258911,3.0799999237060547,0.0,3.140000104904175,3.0,3.0199999809265137,0.0,703982500
2026-07-28,2.996281862258911,3.0799999237060547,0.0,3.0799999237060547,3.0799999237060547,3.0799999237060547,0.0,0
2026-07-29,2.996281862258911,3.0799999237060547,0.0,3.0799999237060547,3.0799999237060547,3.0799999237060547,0.0,0
2026-07-30,2.957369089126587,3.0399999618530273,0.0,3.059999942779541,2.9800000190734863,3.0399999618530273,0.0,580279100
2026-07-31,2.976825475692749,3.059999942779541,0.0,3.0999999046325684,3.0199999809265137,3.0199999809265137,0.0,556010400
2026-08-03,3.0157382488250732,3.0999999046325684,0.0,3.119999885559082,3.0399999618530273,3.0799999237060547,0.0,536406100
2026-08-04,2.996281862258911,3.0799999237060547,0.0,3.119999885559082,3.059999942779541,3.0999999046325684,0.0,381449700
2026-08-05,3.0157382488250732,3.0999999046325684,0.0,3.119999885559082,3.059999942779541,3.0999999046325684,0.0,346212600
2026-08-06,3.0741074085235596,3.1600000858306885,0.0,3.180000066757202,3.0999999046325684,3.0999999046325684,0.0,367463800
2026-08-07,3.0157382488250732,3.0999999046325684,0.0,3.1600000858306885,3.0999999046325684,3.140000104904175,0.0,201317800
2026-08-10,3.0157382488250732,3.0999999046325684,0.0,3.119999885559082,3.059999942779541,3.0999999046325684,0.0,248236900
2026-08-11,2.996281862258911,3.0799999237060547,0.0,3.119999885559082,3.0399999618530273,3.0799999237060547,0.0,304819800
2026-08-12,2.996281862258911,3.0799999237060547,0.0,3.0799999237060547,3.0799999237060547,3.0799999237060547,0.0,0
2026-08-13,2.976825475692749,3.059999942779541,0.0,3.0799999237060547,3.0,3.0799999237060547,0.0,512511200
2026-08-14,2.8989999294281006,2.9800000190734863,0.0,3.059999942779541,2.940000057220459,3.0399999618530273,0.0,820985700
2026-08-17,2.8795435428619385,2.9600000381469727,0.0,3.0,2.940000057220459,3.0,0.0,446437500
2026-08-18,2.8211746215820312,2.9000000953674316,0.0,2.9800000190734863,2.859999895095825,2.9600000381469727,0.0,859996800
2026-08-19,2.7238926887512207,2.799999952316284,0.0,2.8399999141693115,2.740000009536743,2.799999952316284,0.0,1358070204
2026-08-20,2.762805223464966,2.8399999141693115,0.0,2.9000000953674316,2.799999952316284,2.819999933242798,0.0,2062079500
2026-08-21,2.8406310081481934,2.9200000762939453,0.0,2.940000057220459,2.859999895095825,2.9000000953674316,0.0,1177848100
2026-08-24,2.8211746215820312,2.9000000953674316,0.0,2.9200000762939453,2.8399999141693115,2.9000000953674316,0.0,1346808200
2026-08-25,2.8211746215820312,2.9000000953674316,0.0,2.9000000953674316,2.8399999141693115,2.880000114440918,0.0,1218520800
2026-08-26,2.8406310081481934,2.9200000762939453,0.0,2.9600000381469727,2.9000000953674316,2.9200000762939453,0.0,919488500
2026-08-27,2.8211746215820312,2.9000000953674316,0.0,2.940000057220459,2.9000000953674316,2.9200000762939453,0.0,830299400
2026-08-28,2.8406310081481934,2.9200000762939453,0.0,2.9600000381469727,2.880000114440918,2.9000000953674316,0.0,596548100
2026-08-31,2.8989999294281006,2.9800000190734863,0.0,3.0,2.9200000762939453,2.940000057220459,0.0,1266973600
2026-09-01,2.8600873947143555,2.940000057220459,0.0,3.0,2.940000057220459,3.0,0.0,630059400
2026-09-02,2.9184563159942627,3.0,0.0,3.0,2.940000057220459,2.9600000381469727,0.0,535772500
2026-09-03,2.8989999294281006,2.9800000190734863,0.0,3.0199999809265137,2.9600000381469727,3.0,0.0,461301400
2026-09-04,2.8989999294281006,2.9800000190734863,0.0,3.0199999809265137,2.940000057220459,2.9800000190734863,0.0,601806400
