Date,Adj Close,Close,Dividends,High,Low,Open,Stock Splits,Volume
2012-10-11,1.929141640663147,2.3075690269470215,0.0,2.5383260250091553,2.286591053009033,2.3914809226989746,0.0,1801786072
2012-10-12,2.078211545944214,2.4858810901641846,0.0,2.5383260250091553,2.339035987854004,2.360013961791992,0.0,867991755
2012-10-15,2.0431368350982666,2.4439260959625244,0.0,2.5488150119781494,2.4439260959625244,2.527837038040161,0.0,382390394
2012-10-16,1.929141640663147,2.3075690269470215,0.0,2.4544150829315186,2.3075690269470215,2.4544150829315186,0.0,176771689
2012-10-17,1.999292254447937,2.3914809226989746,0.0,2.3914809226989746,2.3075690269470215,2.339035987854004,0.0,79543208
2012-10-18,2.0431368350982666,2.4439260959625244,0.0,2.4753921031951904,2.3809919357299805,2.4019699096679688,0.0,82903886
2012-10-19,2.060673713684082,2.4649040699005127,0.0,2.506859064102173,2.412458896636963,2.4544150829315186,0.0,75269664
2012-10-22,2.0431368350982666,2.4439260959625244,0.0,2.506859064102173,2.4439260959625244,2.4649040699005127,0.0,27848345
2012-10-24,2.0168299674987793,2.412458896636963,0.0,2.4544150829315186,2.412458896636963,2.4334371089935303,0.0,36626628
2012-10-25,1.999292254447937,2.3914809226989746,0.0,2.4334371089935303,2.3914809226989746,2.422947883605957,0.0,16512610
2012-10-26,1.9729853868484497,2.360013961791992,0.0,2.412458896636963,2.339035987854004,2.4019699096679688,0.0,19575356
2012-10-29,1.999292254447937,2.3914809226989746,0.0,2.412458896636963,2.3705029487609863,2.3705029487609863,0.0,23276869
2012-10-30,2.0255990028381348,2.422947883605957,0.0,2.4649040699005127,2.3809919357299805,2.3914809226989746,0.0,33049055
2012-10-31,2.051905393600464,2.4544150829315186,0.0,2.4753921031951904,2.422947883605957,2.4439260959625244,0.0,38054321
2012-11-01,2.218512535095215,2.653704881668091,0.0,2.706149101257324,2.422947883605957,2.4544150829315186,0.0,350418663
2012-11-02,2.4026589393615723,2.8739728927612305,0.0,2.947395086288452,2.674683094024658,2.6851720809936523,0.0,253762212
2012-11-05,2.5780346393585205,3.083751916885376,0.0,3.1257081031799316,2.832016944885254,2.852994918823242,0.0,157732611
2012-11-06,2.5604970455169678,3.0627739429473877,0.0,3.1257081031799316,2.9893510341644287,3.083751916885376,0.0,105649245
2012-11-07,2.6744914054870605,3.199130058288574,0.0,3.2305970191955566,3.1047298908233643,3.136197090148926,0.0,99871738
2012-11-08,2.6306471824645996,3.1466848850250244,0.0,3.251574993133545,3.1466848850250244,3.167663097381592,0.0,68219390
2012-11-09,2.542959213256836,3.0417959690093994,0.0,3.18864107131958,3.010329008102417,3.1466848850250244,0.0,54557397
2012-11-12,2.4903461933135986,2.9788620471954346,0.0,2.9788620471954346,2.9788620471954346,2.9788620471954346,0.0,2731445
2012-11-13,2.5692660808563232,3.073262929916382,0.0,3.083751916885376,2.936906099319458,2.9788620471954346,0.0,30732332
2012-11-14,2.4903461933135986,2.9788620471954346,0.0,3.0627739429473877,2.9788620471954346,3.0522849559783936,0.0,16045452
2012-11-15,2.481576681137085,2.9683730602264404,0.0,2.9893510341644287,2.915929079055786,2.9893510341644287,0.0,40873954
2012-11-16,2.516653060913086,3.010329008102417,0.0,3.0522849559783936,2.9683730602264404,2.9683730602264404,0.0,27214345
2012-11-19,2.7621798515319824,3.3040199279785156,0.0,3.335486888885498,3.0313069820404053,3.0313069820404053,0.0,150079321
2012-11-20,2.744642734527588,3.2830419540405273,0.0,3.3145089149475098,3.241086006164551,3.3145089149475098,0.0,64262846
2012-11-21,2.814793586730957,3.3669540882110596,0.0,3.3879311084747314,3.2305970191955566,3.2830419540405273,0.0,89856439
2012-11-22,2.709566831588745,3.241086006164551,0.0,3.419398069381714,3.2201080322265625,3.4089090824127197,0.0,96694586
2012-11-23,2.7621798515319824,3.3040199279785156,0.0,3.3459761142730713,3.2305970191955566,3.2305970191955566,0.0,45023558
2012-11-26,2.823561191558838,3.377441883087158,0.0,3.3984200954437256,3.3040199279785156,3.324997901916504,0.0,63571643
2012-11-27,2.937556266784668,3.513798952102661,0.0,3.5347769260406494,3.3879311084747314,3.3879311084747314,0.0,63340447
2012-11-28,3.1041648387908936,3.7130889892578125,0.0,3.765533924102783,3.5242879390716553,3.5242879390716553,0.0,97388172
2012-11-29,3.121701955795288,3.734066963195801,0.0,3.7760229110717773,3.7026000022888184,3.7760229110717773,0.0,51468433
2012-11-30,3.0866265296936035,3.692111015319824,0.0,3.7760229110717773,3.68162202835083,3.744555950164795,0.0,26094119
2012-12-03,3.2532339096069336,3.8914010524749756,0.0,3.933357000350952,3.734066963195801,3.734066963195801,0.0,53675517
2012-12-04,3.218158721923828,3.849445104598999,0.0,3.922868013381958,3.7970008850097656,3.9018900394439697,0.0,34998725
2012-12-06,3.121701955795288,3.734066963195801,0.0,3.849445104598999,3.7235779762268066,3.817979097366333,0.0,58258911
2012-12-07,3.148008346557617,3.765533924102783,0.0,3.849445104598999,3.734066963195801,3.7865118980407715,0.0,19308408
2012-12-11,3.121701955795288,3.734066963195801,0.0,3.7760229110717773,3.7130889892578125,3.7760229110717773,0.0,22854997
2012-12-12,3.0754804611206055,3.6291770935058594,0.050347,3.7026000022888184,3.5557548999786377,3.7026000022888184,0.0,81583450
2012-12-13,3.08436918258667,3.6396660804748535,0.0,3.671133041381836,3.6291770935058594,3.6501550674438477,0.0,72542986
2012-12-14,3.111035108566284,3.671133041381836,0.0,3.7130889892578125,3.6501550674438477,3.6501550674438477,0.0,63900560
2012-12-17,3.2443652153015137,3.8284668922424316,0.0,3.838956117630005,3.7130889892578125,3.7130889892578125,0.0,49499695
2012-12-18,3.235478162765503,3.817979097366333,0.0,3.8704230785369873,3.7865118980407715,3.859934091567993,0.0,49049222
2012-12-19,3.288808584213257,3.8809120655059814,0.0,3.9438459873199463,3.838956117630005,3.838956117630005,0.0,59259964
2012-12-20,3.2176997661590576,3.7970008850097656,0.0,3.8914010524749756,3.7760229110717773,3.859934091567993,0.0,33797461
2012-12-21,3.1821444034576416,3.755044937133789,0.0,3.7970008850097656,3.755044937133789,3.7865118980407715,0.0,24416163
2012-12-24,3.208810806274414,3.7865118980407715,0.0,3.7865118980407715,3.744555950164795,3.7760229110717773,0.0,32498476
2012-12-25,3.226588487625122,3.807490110397339,0.0,3.859934091567993,3.7760229110717773,3.7865118980407715,0.0,15790422
2012-12-26,3.226588487625122,3.807490110397339,0.0,3.8704230785369873,3.765533924102783,3.807490110397339,0.0,29800399
2012-12-27,3.271031379699707,3.859934091567993,0.0,3.933357000350952,3.807490110397339,3.8284668922424316,0.0,45135580
2012-12-28,3.288808584213257,3.8809120655059814,0.0,3.9438459873199463,3.859934091567993,3.8809120655059814,0.0,40659443
2013-01-02,3.2976975440979004,3.8914010524749756,0.0,3.922868013381958,3.8809120655059814,3.912379026412964,0.0,28806496
2013-01-03,3.271031379699707,3.859934091567993,0.0,3.912379026412964,3.859934091567993,3.912379026412964,0.0,26377751
2013-01-04,3.2443652153015137,3.8284668922424316,0.0,3.859934091567993,3.7970008850097656,3.859934091567993,0.0,21096003
2013-01-07,3.2176997661590576,3.7970008850097656,0.0,3.8284668922424316,3.7970008850097656,3.8284668922424316,0.0,17902167
2013-01-08,3.1377012729644775,3.7026000022888184,0.0,3.7970008850097656,3.6396660804748535,3.7865118980407715,0.0,56566654
2013-01-09,3.128812789916992,3.692111015319824,0.0,3.755044937133789,3.671133041381836,3.744555950164795,0.0,29185466
2013-01-10,3.1554794311523438,3.7235779762268066,0.0,3.744555950164795,3.692111015319824,3.692111015319824,0.0,40142232
2013-01-11,3.1821444034576416,3.755044937133789,0.0,3.7865118980407715,3.7130889892578125,3.744555950164795,0.0,25133585
2013-01-14,3.199923038482666,3.7760229110717773,0.0,3.817979097366333,3.744555950164795,3.7760229110717773,0.0,47051882
2013-01-15,3.457693099975586,4.080202102661133,0.0,4.090691089630127,3.7970008850097656,3.7970008850097656,0.0,152026608
2013-01-16,3.4221391677856445,4.038247108459473,0.0,4.17460298538208,4.0277581214904785,4.1326470375061035,0.0,55172330
2013-01-17,3.4843590259552,4.111669063568115,0.0,4.153625011444092,3.9648239612579346,4.069713115692139,0.0,50922621
2013-01-18,3.41325044631958,4.0277581214904785,0.0,4.143136024475098,4.0277581214904785,4.143136024475098,0.0,13561887
2013-01-21,3.511026620864868,4.143136024475098,0.0,4.195580959320068,4.101180076599121,4.111669063568115,0.0,18917521
2013-01-22,3.697687864303589,4.363403797149658,0.0,4.405360221862793,4.164113998413086,4.164113998413086,0.0,42549526
2013-01-23,3.7865755558013916,4.468294143676758,0.0,4.573183059692383,4.34242582321167,4.363403797149658,0.0,41317277
2013-01-24,3.928792715072632,4.636116981506348,0.0,4.657094955444336,4.468294143676758,4.489272117614746,0.0,30691813
2013-01-25,3.9465713500976562,4.657094955444336,0.0,4.6990509033203125,4.531227111816406,4.636116981506348,0.0,40623691
2013-01-28,4.1065673828125,4.845895767211914,0.0,4.908830165863037,4.6990509033203125,4.720027923583984,0.0,26592262
2013-01-29,4.035457134246826,4.761983871459961,0.0,4.929808139801025,4.720027923583984,4.824917793273926,0.0,25469652
2013-01-30,4.017679214477539,4.741005897521973,0.0,4.761983871459961,4.657094955444336,4.6990509033203125,0.0,50345824
2013-01-31,4.1598992347717285,4.908830165863037,0.0,5.03469705581665,4.782961845397949,4.782961845397949,0.0,79228591
2013-02-01,4.177675724029541,4.929808139801025,0.0,5.1186089515686035,4.929808139801025,4.950785160064697,0.0,66562885
2013-02-04,4.408782005310059,5.20251989364624,0.0,5.244475841522217,4.992741107940674,5.013719081878662,0.0,30992129
2013-02-05,4.2665629386901855,5.03469705581665,0.0,5.20251989364624,4.992741107940674,5.139586925506592,0.0,55954105
2013-02-06,4.2665629386901855,5.03469705581665,0.0,5.1186089515686035,4.845895767211914,5.076653003692627,0.0,68686548
2013-02-07,4.4976677894592285,5.307409763336182,0.0,5.391322135925293,4.929808139801025,5.013719081878662,0.0,43474309
2013-02-08,4.462113380432129,5.265453815460205,0.0,5.391322135925293,5.265453815460205,5.328388214111328,0.0,24644975
2013-02-11,4.479890823364258,5.286431789398193,0.0,5.328388214111328,5.265453815460205,5.265453815460205,0.0,6900116
2013-02-12,4.515446186065674,5.328388214111328,0.0,5.370344161987305,5.286431789398193,5.286431789398193,0.0,12534615
2013-02-13,4.533224582672119,5.349366188049316,0.0,5.664033889770508,5.349366188049316,5.370344161987305,0.0,20595477
2013-02-14,4.408782005310059,5.20251989364624,0.0,5.454255104064941,5.076653003692627,5.454255104064941,0.0,77965357
2013-02-15,4.302117347717285,5.076653003692627,0.0,5.20251989364624,4.929808139801025,5.20251989364624,0.0,74833491
2013-02-18,4.3910040855407715,5.181541919708252,0.0,5.244475841522217,5.03469705581665,5.076653003692627,0.0,32827393
2013-02-19,4.355450630187988,5.139586925506592,0.0,5.244475841522217,5.097630977630615,5.244475841522217,0.0,33134860
2013-02-20,4.337672710418701,5.1186089515686035,0.0,5.244475841522217,5.1186089515686035,5.181541919708252,0.0,32393603
2013-02-21,4.355450630187988,5.139586925506592,0.0,5.181541919708252,5.1186089515686035,5.1186089515686035,0.0,6668920
2013-02-22,4.4265594482421875,5.2234978675842285,0.0,5.2234978675842285,5.139586925506592,5.139586925506592,0.0,27502744
2013-02-26,4.4265594482421875,5.2234978675842285,0.0,5.244475841522217,5.097630977630615,5.16056489944458,0.0,25574525
2013-02-27,4.3910040855407715,5.181541919708252,0.0,5.20251989364624,5.139586925506592,5.181541919708252,0.0,14348428
2013-02-28,4.373227119445801,5.16056489944458,0.0,5.16056489944458,5.1186089515686035,5.1186089515686035,0.0,21522643
2013-03-01,4.337672710418701,5.1186089515686035,0.0,5.16056489944458,5.055675029754639,5.16056489944458,0.0,23929937
2013-03-04,4.337672710418701,5.1186089515686035,0.0,5.16056489944458,5.076653003692627,5.076653003692627,0.0,9500471
2013-03-05,4.319895267486572,5.097630977630615,0.0,5.139586925506592,5.076653003692627,5.1186089515686035,0.0,11612216
2013-03-06,4.533224582672119,5.349366188049316,0.0,5.454255104064941,5.16056489944458,5.20251989364624,0.0,118593816
2013-03-07,4.515446186065674,5.328388214111328,0.0,5.349366188049316,5.265453815460205,5.328388214111328,0.0,48234078
2013-03-08,4.782105445861816,5.6430559158325195,0.0,5.6430559158325195,5.349366188049316,5.349366188049316,0.0,85077602
2013-03-11,4.977656364440918,5.873813152313232,0.0,5.873813152313232,5.5381669998168945,5.705989837646484,0.0,45257137
2013-03-12,4.888769626617432,5.768924236297607,0.0,5.915769100189209,5.705989837646484,5.915769100189209,0.0,48639266
2013-03-13,4.8709940910339355,5.747945785522461,0.0,5.831858158111572,5.705989837646484,5.831858158111572,0.0,21699019
2013-03-14,4.8709940910339355,5.747945785522461,0.0,5.747945785522461,5.622077941894531,5.747945785522461,0.0,13242503
2013-03-15,4.8354387283325195,5.705989837646484,0.0,5.810880184173584,5.622077941894531,5.810880184173584,0.0,25562607
2013-03-18,4.8354387283325195,5.705989837646484,0.0,5.726967811584473,5.601100921630859,5.6430559158325195,0.0,6771409
2013-03-19,4.6576642990112305,5.496211051940918,0.0,5.726967811584473,5.391322135925293,5.705989837646484,0.0,34529184
2013-03-20,4.6576642990112305,5.496211051940918,0.0,5.496211051940918,5.286431789398193,5.412299156188965,0.0,29612106
2013-03-21,4.551002502441406,5.370344161987305,0.0,5.580122947692871,5.370344161987305,5.580122947692871,0.0,18052325
2013-03-22,4.4265594482421875,5.2234978675842285,0.0,5.328388214111328,5.20251989364624,5.244475841522217,0.0,67959593
2013-03-25,4.639887809753418,5.47523307800293,0.0,5.47523307800293,5.2234978675842285,5.286431789398193,0.0,14500970
2013-03-26,4.6576642990112305,5.496211051940918,0.0,5.622077941894531,5.412299156188965,5.454255104064941,0.0,33940469
2013-03-27,4.6576642990112305,5.496211051940918,0.0,5.559144973754883,5.433277130126953,5.5381669998168945,0.0,26523142
2013-03-28,4.728775501251221,5.580122947692871,0.0,5.747945785522461,5.517189025878906,5.5381669998168945,0.0,51237238
2013-03-29,4.675442218780518,5.517189025878906,0.0,5.664033889770508,5.517189025878906,5.6430559158325195,0.0,5951499
2013-04-01,4.604332447052002,5.433277130126953,0.0,5.580122947692871,5.412299156188965,5.580122947692871,0.0,13240119
2013-04-02,4.551002502441406,5.370344161987305,0.0,5.47523307800293,5.328388214111328,5.454255104064941,0.0,6354304
2013-04-03,4.515446186065674,5.328388214111328,0.0,5.412299156188965,5.328388214111328,5.391322135925293,0.0,29338008
2013-04-04,4.515446186065674,5.328388214111328,0.0,5.412299156188965,5.076653003692627,5.097630977630615,0.0,12219999
2013-04-05,4.462113380432129,5.265453815460205,0.0,5.412299156188965,5.265453815460205,5.412299156188965,0.0,5410454
2013-04-09,4.373227119445801,5.16056489944458,0.0,5.307409763336182,5.1186089515686035,5.307409763336182,0.0,7102710
2013-04-10,4.337672710418701,5.1186089515686035,0.0,5.181541919708252,4.8668742179870605,5.181541919708252,0.0,19873288
2013-04-11,4.4443359375,5.244475841522217,0.0,5.244475841522217,5.097630977630615,5.139586925506592,0.0,6013469
2013-04-12,4.568779468536377,5.391322135925293,0.0,5.391322135925293,5.139586925506592,5.2234978675842285,0.0,8134748
2013-04-17,4.515446186065674,5.328388214111328,0.0,5.370344161987305,5.2234978675842285,5.2234978675842285,0.0,6401973
2013-04-18,4.6576642990112305,5.496211051940918,0.0,5.496211051940918,5.286431789398193,5.307409763336182,0.0,11879164
2013-04-19,4.586554527282715,5.412299156188965,0.0,5.5381669998168945,5.412299156188965,5.517189025878906,0.0,10008148
2013-04-22,4.586554527282715,5.412299156188965,0.0,5.47523307800293,5.370344161987305,5.412299156188965,0.0,8034643
2013-04-23,4.533224582672119,5.349366188049316,0.0,5.454255104064941,5.349366188049316,5.433277130126953,0.0,11631284
2013-04-24,4.622109413146973,5.454255104064941,0.0,5.496211051940918,5.328388214111328,5.349366188049316,0.0,7186131
2013-04-25,4.551002502441406,5.370344161987305,0.0,5.5381669998168945,5.286431789398193,5.517189025878906,0.0,12510781
2013-04-26,4.639887809753418,5.47523307800293,0.0,5.47523307800293,5.370344161987305,5.370344161987305,0.0,11764758
2013-04-29,4.604332447052002,5.433277130126953,0.0,5.433277130126953,5.433277130126953,5.433277130126953,0.0,42902
2013-04-30,4.6576642990112305,5.496211051940918,0.0,5.601100921630859,5.433277130126953,5.433277130126953,0.0,15251760
2013-05-02,4.782105445861816,5.6430559158325195,0.0,5.726967811584473,5.5381669998168945,5.5381669998168945,0.0,17556565
2013-05-03,4.746550559997559,5.601100921630859,0.0,5.747945785522461,5.601100921630859,5.664033889770508,0.0,16646084
2013-05-07,4.782105445861816,5.6430559158325195,0.0,5.664033889770508,5.580122947692871,5.622077941894531,0.0,8315891
2013-05-08,4.799883842468262,5.664033889770508,0.0,5.705989837646484,5.622077941894531,5.6430559158325195,0.0,12453578
2013-05-09,4.995433807373047,5.894791126251221,0.0,5.978703022003174,5.747945785522461,5.747945785522461,0.0,42089519
2013-05-10,5.119876384735107,6.041636943817139,0.0,6.083591938018799,5.915769100189209,5.915769100189209,0.0,22754892
2013-05-13,5.0665435791015625,5.978703022003174,0.0,6.041636943817139,5.936747074127197,5.978703022003174,0.0,9238290
2013-05-14,5.262094497680664,6.2094597816467285,0.0,6.2094597816467285,6.02065896987915,6.062614917755127,0.0,7870184
2013-05-15,5.155429840087891,6.083591938018799,0.0,6.230438232421875,6.062614917755127,6.230438232421875,0.0,4066182
2013-05-16,5.048766613006592,5.9577250480651855,0.0,6.167503833770752,5.852835178375244,6.104569911956787,0.0,13631007
2013-05-17,5.0665435791015625,5.978703022003174,0.0,6.083591938018799,5.873813152313232,5.873813152313232,0.0,9576742
2013-05-20,5.155429840087891,6.083591938018799,0.0,6.125547885894775,5.978703022003174,5.978703022003174,0.0,11187960
2013-05-21,5.350980281829834,6.314349174499512,0.0,6.314349174499512,6.146525859832764,6.18848180770874,0.0,12904052
2013-05-22,5.439867973327637,6.419239044189453,0.0,6.545105934143066,6.230438232421875,6.314349174499512,0.0,13018458
2013-05-23,5.457645893096924,6.440217018127441,0.0,6.503150939941406,6.230438232421875,6.356305122375488,0.0,20357131
2013-05-27,5.457645893096924,6.440217018127441,0.0,6.482172966003418,6.377283096313477,6.440217018127441,0.0,25934427
2013-05-28,5.723171710968018,6.691952228546143,0.058738,6.71502685546875,6.507346153259277,6.530422210693359,1.1,10764571
2013-05-29,5.7626423835754395,6.738102912902832,0.0,6.853481769561768,6.691952228546143,6.691952228546143,0.0,11382104
2013-05-30,5.723171710968018,6.691952228546143,0.0,6.784255027770996,6.6688761711120605,6.738102912902832,0.0,11200094
2013-05-31,5.7626423835754395,6.738102912902832,0.0,6.738102912902832,6.507346153259277,6.691952228546143,0.0,22434858
2013-06-03,5.466615200042725,6.3919677734375,0.0,6.622725009918213,6.3919677734375,6.622725009918213,0.0,11217429
2013-06-04,5.249531269073486,6.138134956359863,0.0,6.415042877197266,6.022756099700928,6.3919677734375,0.0,29284055
2013-06-05,5.071913242340088,5.930453777313232,0.0,6.115058898925781,5.930453777313232,6.115058898925781,0.0,17080740
2013-06-06,5.2100605964660645,6.091983795166016,0.0,6.230438232421875,5.884302139282227,5.907378196716309,0.0,16266030
2013-06-07,5.170588970184326,6.04583215713501,0.0,6.161211013793945,6.04583215713501,6.138134956359863,0.0,6311835
2013-06-10,5.4863505363464355,6.415042877197266,0.0,6.415042877197266,6.138134956359863,6.161211013793945,0.0,10914079
2013-06-11,5.131119728088379,5.999680995941162,0.0,6.484270095825195,5.97660493850708,6.46119499206543,0.0,11555447
2013-06-12,4.933768272399902,5.768924236297607,0.0,5.907378196716309,5.722772121429443,5.768924236297607,0.0,22374188
2013-06-13,4.933768272399902,5.768924236297607,0.0,5.815074920654297,5.307409763336182,5.584318161010742,0.0,15906344
2013-06-14,5.150854587554932,6.022756099700928,0.0,6.091983795166016,5.907378196716309,6.091983795166016,0.0,5302114
2013-06-17,5.111384868621826,5.97660493850708,0.0,6.022756099700928,5.907378196716309,6.022756099700928,0.0,7319388
2013-06-18,5.071913242340088,5.930453777313232,0.0,6.04583215713501,5.815074920654297,5.97660493850708,0.0,6818862
2013-06-19,4.795623302459717,5.607394218444824,0.0,5.884302139282227,5.5381669998168945,5.791999816894531,0.0,21037284
2013-06-20,4.618007659912109,5.399713039398193,0.0,5.4920148849487305,5.307409763336182,5.307409763336182,0.0,12354989
2013-06-21,4.361452102661133,5.099729061126709,0.0,5.261258125305176,4.845895767211914,5.215106964111328,0.0,29082544
2013-06-24,4.341716289520264,5.076653003692627,0.0,5.215106964111328,4.984350204467773,5.099729061126709,0.0,9900025
2013-06-25,4.440390586853027,5.192030906677246,0.0,5.215106964111328,5.007425785064697,5.076653003692627,0.0,9425500
2013-06-26,4.558803558349609,5.330485820770264,0.0,5.353560924530029,5.215106964111328,5.261258125305176,0.0,18122962
2013-06-27,4.539066791534424,5.307409763336182,0.0,5.5381669998168945,5.307409763336182,5.422788143157959,0.0,13798066
2013-06-28,4.6969475746154785,5.4920148849487305,0.0,5.5381669998168945,5.422788143157959,5.445864200592041,0.0,17988622
2013-07-02,4.815360069274902,5.630469799041748,0.0,5.630469799041748,5.5381669998168945,5.584318161010742,0.0,6051821
2013-07-03,4.657477855682373,5.445864200592041,0.0,5.630469799041748,5.445864200592041,5.5381669998168945,0.0,7020372
2013-07-04,4.598273754119873,5.376636981964111,0.0,5.5381669998168945,5.261258125305176,5.468939781188965,0.0,2905654
2013-07-05,4.657477855682373,5.445864200592041,0.0,5.4920148849487305,5.376636981964111,5.376636981964111,0.0,5544794
2013-07-08,4.400923252105713,5.145880222320557,0.0,5.353560924530029,5.076653003692627,5.307409763336182,0.0,5696469
2013-07-09,4.2627763748168945,4.984350204467773,0.0,5.23818302154541,4.961274147033691,5.23818302154541,0.0,8959642
2013-07-10,4.065425395965576,4.7535929679870605,0.0,5.053576946258545,4.603600978851318,5.030501842498779,0.0,13096028
2013-07-11,4.361452102661133,5.099729061126709,0.0,5.099729061126709,4.776669025421143,4.845895767211914,0.0,21045951
2013-07-12,4.341716289520264,5.076653003692627,0.0,5.261258125305176,5.007425785064697,5.215106964111328,0.0,20055731
2013-07-15,4.341716289520264,5.076653003692627,0.0,5.192030906677246,4.961274147033691,5.076653003692627,0.0,9039813
2013-07-16,4.361452102661133,5.099729061126709,0.0,5.1689558029174805,5.007425785064697,5.099729061126709,0.0,21149956
2013-07-17,4.30224609375,5.030501842498779,0.0,5.145880222320557,5.030501842498779,5.076653003692627,0.0,12415659
2013-07-18,4.657477855682373,5.445864200592041,0.0,5.4920148849487305,5.053576946258545,5.076653003692627,0.0,31026148
2013-07-19,4.657477855682373,5.445864200592041,0.0,5.4920148849487305,5.353560924530029,5.445864200592041,0.0,15390650
2013-07-23,4.7364182472229,5.5381669998168945,0.0,5.5381669998168945,5.445864200592041,5.4920148849487305,0.0,14411265
2013-07-24,4.618007659912109,5.399713039398193,0.0,5.5381669998168945,5.353560924530029,5.5381669998168945,0.0,14305093
2013-07-25,4.519332408905029,5.284334182739258,0.0,5.468939781188965,5.284334182739258,5.376636981964111,0.0,13221702
2013-07-26,4.598273754119873,5.376636981964111,0.0,5.376636981964111,5.261258125305176,5.330485820770264,0.0,8961809
2013-07-29,4.6969475746154785,5.4920148849487305,0.0,5.584318161010742,5.353560924530029,5.422788143157959,0.0,15936679
2013-07-30,4.578537940979004,5.353560924530029,0.0,5.561243057250977,5.353560924530029,5.5381669998168945,0.0,12506664
2013-07-31,4.598273754119873,5.376636981964111,0.0,5.630469799041748,5.353560924530029,5.584318161010742,0.0,39680274
2013-08-01,4.6969475746154785,5.4920148849487305,0.0,5.5150909423828125,5.376636981964111,5.468939781188965,0.0,12417826
2013-08-02,4.8745622634887695,5.699697017669678,0.0,5.838150978088379,5.445864200592041,5.5150909423828125,0.0,24144449
2013-08-05,4.854828834533691,5.676620960235596,0.0,5.768924236297607,5.468939781188965,5.745848178863525,0.0,12359323
2013-08-06,4.992974281311035,5.838150978088379,0.0,5.907378196716309,5.607394218444824,5.653544902801514,0.0,11993137
2013-08-07,5.111384868621826,5.97660493850708,0.0,6.04583215713501,5.791999816894531,5.791999816894531,0.0,16601881
2013-08-08,5.308733940124512,6.207362174987793,0.0,6.207362174987793,6.022756099700928,6.022756099700928,0.0,11884797
2013-08-09,5.427145957946777,6.345816135406494,0.0,6.415042877197266,6.115058898925781,6.207362174987793,0.0,15852175
2013-08-13,5.3284711837768555,6.230438232421875,0.0,6.3919677734375,6.161211013793945,6.3919677734375,0.0,5033434
2013-08-14,5.308733940124512,6.207362174987793,0.0,6.230438232421875,6.091983795166016,6.230438232421875,0.0,8183934
2013-08-15,5.170588970184326,6.04583215713501,0.0,6.207362174987793,6.022756099700928,6.161211013793945,0.0,12922686
2013-08-16,5.111384868621826,5.97660493850708,0.0,6.04583215713501,5.953528881072998,5.953528881072998,0.0,11336602
2013-08-19,4.8350934982299805,5.653544902801514,0.0,5.953528881072998,5.468939781188965,5.953528881072998,0.0,20701432
2013-08-20,4.578537940979004,5.353560924530029,0.0,5.584318161010742,5.284334182739258,5.468939781188965,0.0,34115978
2013-08-21,4.558803558349609,5.330485820770264,0.0,5.422788143157959,5.23818302154541,5.307409763336182,0.0,34705343
2013-08-22,4.460127830505371,5.215106964111328,0.0,5.23818302154541,5.122804164886475,5.215106964111328,0.0,23552917
2013-08-23,4.479862213134766,5.23818302154541,0.0,5.307409763336182,5.076653003692627,5.307409763336182,0.0,26280895
2013-08-26,4.3811869621276855,5.122804164886475,0.0,5.215106964111328,5.053576946258545,5.215106964111328,0.0,22378522
2013-08-27,4.045690059661865,4.7305169105529785,0.0,5.076653003692627,4.522836208343506,5.076653003692627,0.0,26770588
2013-08-28,3.7397964000701904,4.372844219207764,0.0,4.615139007568359,4.349768161773682,4.580524921417236,0.0,53567178
2013-08-29,3.7397964000701904,4.372844219207764,0.0,4.661290168762207,4.361306190490723,4.476685047149658,0.0,44713708
2013-08-30,3.868074893951416,4.522836208343506,0.0,4.522836208343506,4.3959197998046875,4.430532932281494,0.0,35676061
2013-09-02,4.243041038513184,4.961274147033691,0.0,4.961274147033691,4.557449817657471,4.557449817657471,0.0,35437715
2013-09-03,4.243041038513184,4.961274147033691,0.0,5.076653003692627,4.892046928405762,4.984350204467773,0.0,16092688
2013-09-04,4.20357084274292,4.915122985839844,0.0,5.030501842498779,4.892046928405762,4.938199043273926,0.0,6821028
2013-09-05,4.341716289520264,5.076653003692627,0.0,5.1689558029174805,4.961274147033691,4.984350204467773,0.0,17882449
2013-09-06,4.361452102661133,5.099729061126709,0.0,5.122804164886475,5.007425785064697,5.099729061126709,0.0,12742843
2013-09-09,4.499596118927002,5.261258125305176,0.0,5.307409763336182,5.145880222320557,5.145880222320557,0.0,10027865
2013-09-10,4.598273754119873,5.376636981964111,0.0,5.422788143157959,5.307409763336182,5.399713039398193,0.0,21483641
2013-09-11,4.7364182472229,5.5381669998168945,0.0,5.5381669998168945,5.307409763336182,5.399713039398193,0.0,18042791
2013-09-12,4.657477855682373,5.445864200592041,0.0,5.561243057250977,5.445864200592041,5.561243057250977,0.0,8296607
2013-09-13,4.756153106689453,5.561243057250977,0.0,5.584318161010742,5.399713039398193,5.399713039398193,0.0,8905473
2013-09-16,5.032444477081299,5.884302139282227,0.0,5.97660493850708,5.607394218444824,5.722772121429443,0.0,35855904
2013-09-17,5.012709140777588,5.861227035522461,0.0,5.907378196716309,5.722772121429443,5.884302139282227,0.0,23942938
2013-09-18,4.973238945007324,5.815074920654297,0.0,5.861227035522461,5.722772121429443,5.861227035522461,0.0,12359323
2013-09-19,5.091648101806641,5.953528881072998,0.0,6.04583215713501,5.815074920654297,5.953528881072998,0.0,42752770
2013-09-20,5.032444477081299,5.884302139282227,0.0,5.953528881072998,5.861227035522461,5.930453777313232,0.0,12638838
2013-09-23,4.815360069274902,5.630469799041748,0.0,5.884302139282227,5.630469799041748,5.884302139282227,0.0,14567273
2013-09-24,4.775887966156006,5.584318161010742,0.0,5.768924236297607,5.5381669998168945,5.630469799041748,0.0,19659210
2013-09-25,4.894299030303955,5.722772121429443,0.0,5.768924236297607,5.584318161010742,5.630469799041748,0.0,14012577
2013-09-26,4.933768272399902,5.768924236297607,0.0,5.838150978088379,5.676620960235596,5.699697017669678,0.0,40258805
2013-09-27,4.7364182472229,5.5381669998168945,0.0,5.907378196716309,5.445864200592041,5.861227035522461,10.0,30289442
2013-09-30,4.657477855682373,5.445864200592041,0.0,5.445864200592041,5.215106964111328,5.261258125305176,0.0,11722289
2013-10-01,4.775887966156006,5.584318161010742,0.0,5.630469799041748,5.399713039398193,5.445864200592041,0.0,8116764
2013-10-02,4.775887966156006,5.584318161010742,0.0,5.630469799041748,5.4920148849487305,5.584318161010742,0.0,3297191
2013-10-03,4.7364182472229,5.5381669998168945,0.0,5.630469799041748,5.5381669998168945,5.584318161010742,0.0,11135308
2013-10-04,4.7364182472229,5.5381669998168945,0.0,5.584318161010742,5.5381669998168945,5.584318161010742,0.0,3170868
2013-10-07,4.7364182472229,5.5381669998168945,0.0,5.584318161010742,5.445864200592041,5.5381669998168945,0.0,3222221
2013-10-08,4.7364182472229,5.5381669998168945,0.0,5.722772121429443,5.4920148849487305,5.5381669998168945,0.0,16331900
2013-10-09,4.6969475746154785,5.4920148849487305,0.0,5.630469799041748,5.4920148849487305,5.584318161010742,0.0,15720435
2013-10-10,4.775887966156006,5.584318161010742,0.0,5.722772121429443,5.5381669998168945,5.584318161010742,0.0,47594444
2013-10-11,4.854828834533691,5.676620960235596,0.0,5.768924236297607,5.584318161010742,5.676620960235596,0.0,84461803
2013-10-14,4.854828834533691,5.676620960235596,0.0,5.768924236297607,5.584318161010742,5.676620960235596,0.0,58548176
2013-10-15,5.05217981338501,5.907378196716309,0.0,5.999680995941162,5.722772121429443,5.768924236297607,0.0,96396653
2013-10-16,5.288999557495117,6.184286117553711,0.0,6.2765889167785645,5.907378196716309,5.953528881072998,0.0,83727047
2013-10-17,5.170588970184326,6.04583215713501,0.0,6.2765889167785645,5.999680995941162,6.2765889167785645,0.0,55097793
2013-10-18,5.249531269073486,6.138134956359863,0.0,6.138134956359863,5.999680995941162,6.091983795166016,0.0,28763811
2013-10-21,5.05217981338501,5.907378196716309,0.0,6.138134956359863,5.907378196716309,6.138134956359863,0.0,60597735
2013-10-22,5.091648101806641,5.953528881072998,0.0,5.999680995941162,5.861227035522461,5.907378196716309,0.0,42370550
2013-10-24,5.170588970184326,6.04583215713501,0.0,6.091983795166016,5.907378196716309,5.907378196716309,0.0,30466901
2013-10-25,5.091648101806641,5.953528881072998,0.0,6.04583215713501,5.953528881072998,6.04583215713501,0.0,21790890
2013-10-28,5.131119728088379,5.999680995941162,0.0,6.04583215713501,5.953528881072998,5.999680995941162,0.0,16491159
2013-10-29,5.091648101806641,5.953528881072998,0.0,6.04583215713501,5.861227035522461,6.04583215713501,0.0,22849580
2013-10-30,4.973238945007324,5.815074920654297,0.0,5.999680995941162,5.722772121429443,5.999680995941162,0.0,19646426
2013-10-31,4.933768272399902,5.768924236297607,0.0,5.815074920654297,5.630469799041748,5.676620960235596,0.0,28088641
2013-11-01,4.973238945007324,5.815074920654297,0.0,5.861227035522461,5.584318161010742,5.630469799041748,0.0,18488498
2013-11-04,4.618007659912109,5.399713039398193,0.0,5.768924236297607,5.399713039398193,5.768924236297607,0.0,31998166
2013-11-05,4.973238945007324,5.815074920654297,0.0,5.861227035522461,5.445864200592041,5.445864200592041,0.0,27583565
2013-11-06,5.131119728088379,5.999680995941162,0.0,6.04583215713501,5.722772121429443,5.815074920654297,0.0,41651612
2013-11-07,5.091648101806641,5.953528881072998,0.0,5.999680995941162,5.815074920654297,5.953528881072998,0.0,16958100
2013-11-08,4.973238945007324,5.815074920654297,0.0,5.999680995941162,5.768924236297607,5.953528881072998,0.0,11344619
2013-11-11,5.05217981338501,5.907378196716309,0.0,5.907378196716309,5.630469799041748,5.630469799041748,0.0,11553497
2013-11-12,4.973238945007324,5.815074920654297,0.0,5.999680995941162,5.768924236297607,5.953528881072998,0.0,22350787
2013-11-13,4.973238945007324,5.815074920654297,0.0,5.861227035522461,5.722772121429443,5.815074920654297,0.0,7671057
2013-11-14,5.012709140777588,5.861227035522461,0.0,5.953528881072998,5.768924236297607,5.861227035522461,0.0,28268051
2013-11-15,5.012709140777588,5.861227035522461,0.0,5.953528881072998,5.815074920654297,5.907378196716309,0.0,2941839
2013-11-18,5.05217981338501,5.907378196716309,0.0,5.953528881072998,5.861227035522461,5.907378196716309,0.0,37570912
2013-11-19,4.854828834533691,5.676620960235596,0.0,5.768924236297607,5.676620960235596,5.768924236297607,0.0,52499388
2013-11-20,4.854828834533691,5.676620960235596,0.0,5.722772121429443,5.630469799041748,5.722772121429443,0.0,18163264
2013-11-21,4.815360069274902,5.630469799041748,0.0,5.676620960235596,5.5381669998168945,5.630469799041748,0.0,17240649
2013-11-22,4.7364182472229,5.5381669998168945,0.0,5.630469799041748,5.445864200592041,5.630469799041748,0.0,15881426
2013-11-25,4.578537940979004,5.353560924530029,0.0,5.5381669998168945,5.307409763336182,5.445864200592041,0.0,25331195
2013-11-26,4.7364182472229,5.5381669998168945,0.0,5.5381669998168945,5.261258125305176,5.307409763336182,0.0,30428982
2013-11-27,4.7364182472229,5.5381669998168945,0.0,5.5381669998168945,5.399713039398193,5.5381669998168945,0.0,8937541
2013-11-28,4.6969475746154785,5.4920148849487305,0.0,5.5381669998168945,5.445864200592041,5.5381669998168945,0.0,2475764
2013-11-29,4.6969475746154785,5.4920148849487305,0.0,5.4920148849487305,5.399713039398193,5.4920148849487305,0.0,8578939
2013-12-02,4.815360069274902,5.630469799041748,0.0,5.630469799041748,5.353560924530029,5.399713039398193,0.0,7999758
2013-12-03,4.7364182472229,5.5381669998168945,0.0,5.722772121429443,5.5381669998168945,5.676620960235596,0.0,37255428
2013-12-04,4.7364182472229,5.5381669998168945,0.0,5.584318161010742,5.445864200592041,5.5381669998168945,0.0,21768139
2013-12-06,4.618007659912109,5.399713039398193,0.0,5.5381669998168945,5.399713039398193,5.4920148849487305,0.0,21072602
2013-12-09,4.6969475746154785,5.4920148849487305,0.0,5.584318161010742,5.445864200592041,5.4920148849487305,0.0,12150878
2013-12-11,4.657477855682373,5.445864200592041,0.0,5.5381669998168945,5.399713039398193,5.4920148849487305,0.0,14684063
2013-12-12,4.657477855682373,5.445864200592041,0.0,5.4920148849487305,5.353560924530029,5.4920148849487305,0.0,31426569
2013-12-13,4.629884243011475,5.327715873718262,0.086395,5.519705772399902,5.231721878051758,5.519705772399902,1.04,23926895
2013-12-16,4.5881733894348145,5.27971887588501,0.0,5.327715873718262,5.1357269287109375,5.27971887588501,0.0,15217683
2013-12-17,4.5881733894348145,5.27971887588501,0.0,5.47170877456665,5.231721878051758,5.327715873718262,0.0,11210387
2013-12-18,4.5881733894348145,5.27971887588501,0.0,5.327715873718262,5.231721878051758,5.27971887588501,0.0,15071008
2013-12-19,4.5881733894348145,5.27971887588501,0.0,5.423710823059082,5.231721878051758,5.327715873718262,0.0,16151482
2013-12-20,4.504751682281494,5.1837239265441895,0.0,5.327715873718262,5.1357269287109375,5.27971887588501,0.0,10473472
2013-12-23,4.25448751449585,4.8957390785217285,0.0,5.1837239265441895,4.847742080688477,5.1837239265441895,0.0,16679010
2013-12-24,4.171066761016846,4.799745082855225,0.0,4.943737030029297,4.775745868682861,4.8957390785217285,0.0,13290497
2013-12-25,4.379620552062988,5.039731979370117,0.0,5.1357269287109375,4.847742080688477,4.847742080688477,0.0,21116955
2013-12-26,4.296199798583984,4.943737030029297,0.0,5.087728977203369,4.847742080688477,5.039731979370117,0.0,16688594
2013-12-27,4.087645053863525,4.703750133514404,0.0,4.8957390785217285,4.703750133514404,4.847742080688477,0.0,61808908
2014-01-02,3.962512731552124,4.559757232666016,0.0,4.751747131347656,4.4877610206604,4.727747917175293,0.0,28998832
2014-01-03,3.774815797805786,4.343769073486328,0.0,4.4877610206604,4.319769859313965,4.343769073486328,0.0,15975848
2014-01-06,3.566262722015381,4.1037821769714355,0.0,4.39176607131958,3.8877930641174316,4.367766857147217,0.0,35918782
2014-01-07,3.774815797805786,4.343769073486328,0.0,4.39176607131958,4.175777912139893,4.175777912139893,0.0,28168579
2014-01-08,3.879091501235962,4.463761806488037,0.0,4.751747131347656,4.271772861480713,4.343769073486328,0.0,50552060
2014-01-09,3.691394567489624,4.247774124145508,0.0,4.607755184173584,4.079782962799072,4.535758972167969,0.0,50277670
2014-01-10,3.5454068183898926,4.079782962799072,0.0,4.271772861480713,4.031785011291504,4.247774124145508,0.0,23351032
2014-01-13,3.5871167182922363,4.127779960632324,0.0,4.1517791748046875,3.983788013458252,4.031785011291504,0.0,40446315
2014-01-14,3.753959894180298,4.319769859313965,0.0,4.367766857147217,4.127779960632324,4.127779960632324,0.0,84300727
2014-01-15,3.8165252208709717,4.39176607131958,0.0,4.4877610206604,4.29577112197876,4.343769073486328,0.0,89797269
2014-01-16,3.8165252208709717,4.39176607131958,0.0,4.439764022827148,4.343769073486328,4.439764022827148,0.0,38806227
2014-01-17,3.691394567489624,4.247774124145508,0.0,4.415764808654785,4.2237749099731445,4.415764808654785,0.0,46959786
2014-01-20,3.670539140701294,4.2237749099731445,0.0,4.319769859313965,4.2237749099731445,4.271772861480713,0.0,9560091
2014-01-21,3.753959894180298,4.319769859313965,0.0,4.367766857147217,4.247774124145508,4.247774124145508,0.0,26387651
2014-01-22,3.691394567489624,4.247774124145508,0.0,4.29577112197876,4.2237749099731445,4.271772861480713,0.0,9788436
2014-01-23,3.753959894180298,4.319769859313965,0.0,4.39176607131958,4.271772861480713,4.29577112197876,0.0,46633935
2014-01-24,3.837381601333618,4.415764808654785,0.0,4.463761806488037,4.319769859313965,4.343769073486328,0.0,48428405
2014-01-27,3.795670747756958,4.367766857147217,0.0,4.415764808654785,4.319769859313965,4.367766857147217,0.0,40367144
2014-01-28,3.628828525543213,4.175777912139893,0.0,4.39176607131958,4.175777912139893,4.39176607131958,0.0,50737695
2014-01-29,3.5454068183898926,4.079782962799072,0.0,4.2237749099731445,4.079782962799072,4.2237749099731445,0.0,21730320
2014-01-30,3.4828414916992188,4.007787227630615,0.0,4.079782962799072,4.007787227630615,4.055784225463867,0.0,42137654
2014-01-31,3.5454068183898926,4.079782962799072,0.0,4.127779960632324,4.055784225463867,4.055784225463867,0.0,26293688
2014-02-03,3.6079728603363037,4.1517791748046875,0.0,4.175777912139893,4.127779960632324,4.1517791748046875,0.0,24621307
2014-02-04,3.5245509147644043,4.055784225463867,0.0,4.1037821769714355,4.055784225463867,4.1037821769714355,0.0,23682507
2014-02-05,3.670539140701294,4.2237749099731445,0.0,4.2237749099731445,4.1037821769714355,4.127779960632324,0.0,97236831
2014-02-06,4.150211334228516,4.775745868682861,0.0,4.799745082855225,4.29577112197876,4.29577112197876,0.0,425073828
2014-02-07,3.9208035469055176,4.511760234832764,0.0,4.751747131347656,4.511760234832764,4.751747131347656,0.0,150065471
2014-02-10,3.962512731552124,4.559757232666016,0.0,4.679750919342041,4.535758972167969,4.559757232666016,0.0,118828603
2014-02-11,3.9416592121124268,4.535758972167969,0.0,4.583755970001221,4.535758972167969,4.559757232666016,0.0,24066903
2014-02-12,4.1293559074401855,4.751747131347656,0.0,4.799745082855225,4.559757232666016,4.583755970001221,0.0,145244173
2014-02-13,4.0667901039123535,4.679750919342041,0.0,4.775745868682861,4.655752182006836,4.727747917175293,0.0,75272123
2014-02-17,4.25448751449585,4.8957390785217285,0.0,5.087728977203369,4.679750919342041,4.703750133514404,0.0,143807221
2014-02-18,4.337908744812012,4.991734027862549,0.0,5.039731979370117,4.775745868682861,4.943737030029297,0.0,63461704
2014-02-19,4.25448751449585,4.8957390785217285,0.0,5.039731979370117,4.847742080688477,4.991734027862549,0.0,28864658
2014-02-20,4.150211334228516,4.775745868682861,0.0,4.943737030029297,4.727747917175293,4.8957390785217285,0.0,32907581
2014-02-21,4.25448751449585,4.8957390785217285,0.0,5.039731979370117,4.799745082855225,4.847742080688477,0.0,72492183
2014-02-24,4.25448751449585,4.8957390785217285,0.0,4.991734027862549,4.799745082855225,4.799745082855225,0.0,43540021
2014-02-25,4.504751682281494,5.1837239265441895,0.0,5.231721878051758,4.943737030029297,4.943737030029297,0.0,98140421
2014-02-26,4.46304178237915,5.1357269287109375,0.0,5.27971887588501,5.087728977203369,5.1837239265441895,0.0,50352674
2014-02-27,4.546463489532471,5.231721878051758,0.0,5.327715873718262,5.087728977203369,5.1837239265441895,0.0,44221098
2014-02-28,4.5881733894348145,5.27971887588501,0.0,5.37571382522583,5.1837239265441895,5.231721878051758,0.0,35359586
2014-03-03,4.7550153732299805,5.47170877456665,0.0,5.519705772399902,5.327715873718262,5.327715873718262,0.0,131966384
2014-03-04,4.796725273132324,5.519705772399902,0.0,5.567704200744629,5.423710823059082,5.519705772399902,0.0,27752307
2014-03-05,4.7550153732299805,5.47170877456665,0.0,5.567704200744629,5.423710823059082,5.567704200744629,0.0,41648045
2014-03-06,4.671595096588135,5.37571382522583,0.0,5.567704200744629,5.37571382522583,5.47170877456665,0.0,52265692
2014-03-07,4.671595096588135,5.37571382522583,0.0,5.47170877456665,5.327715873718262,5.423710823059082,0.0,30637044
2014-03-10,4.7133049964904785,5.423710823059082,0.0,5.423710823059082,5.327715873718262,5.37571382522583,0.0,12641713
2014-03-11,4.7133049964904785,5.423710823059082,0.0,5.567704200744629,5.423710823059082,5.47170877456665,0.0,28365048
2014-03-12,4.671595096588135,5.37571382522583,0.0,5.47170877456665,5.37571382522583,5.423710823059082,0.0,7694992
2014-03-13,4.796725273132324,5.519705772399902,0.0,5.615701198577881,5.423710823059082,5.47170877456665,0.0,59342943
2014-03-14,5.0052809715271,5.7596940994262695,0.0,5.903686046600342,5.47170877456665,5.519705772399902,0.0,70958977
2014-03-17,4.963570594787598,5.711696147918701,0.0,5.7596940994262695,5.663699150085449,5.7596940994262695,0.0,37224060
2014-03-18,4.921857833862305,5.663699150085449,0.0,5.7596940994262695,5.567704200744629,5.7596940994262695,0.0,30240772
2014-03-19,4.796725273132324,5.519705772399902,0.0,5.711696147918701,5.47170877456665,5.663699150085449,0.0,39246876
2014-03-20,4.7550153732299805,5.47170877456665,0.0,5.519705772399902,5.327715873718262,5.423710823059082,0.0,25446976
2014-03-21,4.880147457122803,5.615701198577881,0.0,5.615701198577881,5.423710823059082,5.519705772399902,0.0,21725528
2014-03-24,4.7133049964904785,5.423710823059082,0.0,5.615701198577881,5.423710823059082,5.615701198577881,0.0,34333490
2014-03-25,4.629884243011475,5.327715873718262,0.0,5.47170877456665,5.327715873718262,5.423710823059082,0.0,12243150
2014-03-26,4.796725273132324,5.519705772399902,0.0,5.519705772399902,5.37571382522583,5.423710823059082,0.0,9443209
2014-03-27,4.629884243011475,5.327715873718262,0.0,5.519705772399902,5.327715873718262,5.519705772399902,0.0,11513319
2014-03-28,4.7133049964904785,5.423710823059082,0.0,5.519705772399902,5.327715873718262,5.327715873718262,0.0,10459097
2014-03-31,4.7550153732299805,5.47170877456665,0.0,5.567704200744629,5.423710823059082,5.47170877456665,0.0,14103874
2014-04-01,4.7550153732299805,5.47170877456665,0.0,5.567704200744629,5.47170877456665,5.519705772399902,0.0,15546450
2014-04-02,4.796725273132324,5.519705772399902,0.0,5.567704200744629,5.47170877456665,5.519705772399902,0.0,11533945
2014-04-03,4.7550153732299805,5.47170877456665,0.0,5.519705772399902,5.423710823059082,5.47170877456665,0.0,6864322
2014-04-04,4.7550153732299805,5.47170877456665,0.0,5.47170877456665,5.423710823059082,5.47170877456665,0.0,9016937
2014-04-08,4.671595096588135,5.37571382522583,0.0,5.47170877456665,5.37571382522583,5.37571382522583,0.0,5498833
2014-04-09,4.629884243011475,5.327715873718262,0.0,5.47170877456665,5.327715873718262,5.37571382522583,0.0,14155126
2014-04-10,4.7133049964904785,5.423710823059082,0.0,5.47170877456665,5.327715873718262,5.423710823059082,0.0,16845061
2014-04-11,4.7133049964904785,5.423710823059082,0.0,5.47170877456665,5.327715873718262,5.423710823059082,0.0,17404674
2014-04-16,4.7133049964904785,5.423710823059082,0.0,5.47170877456665,5.37571382522583,5.423710823059082,0.0,7339348
2014-04-17,4.671595096588135,5.37571382522583,0.0,5.47170877456665,5.37571382522583,5.423710823059082,0.0,14460768
2014-04-18,4.671595096588135,5.37571382522583,0.0,5.47170877456665,5.37571382522583,5.37571382522583,0.0,5111521
2014-04-21,4.838437557220459,5.567704200744629,0.0,5.567704200744629,5.37571382522583,5.37571382522583,0.0,19835636
2014-04-22,4.7550153732299805,5.47170877456665,0.0,5.663699150085449,5.47170877456665,5.615701198577881,0.0,13310707
2014-04-23,4.796725273132324,5.519705772399902,0.0,5.615701198577881,5.47170877456665,5.519705772399902,0.0,17678439
2014-04-24,4.963570594787598,5.711696147918701,0.0,5.8076910972595215,5.519705772399902,5.567704200744629,0.0,51663994
2014-04-25,4.880147457122803,5.615701198577881,0.0,5.711696147918701,5.567704200744629,5.711696147918701,0.0,17079657
2014-04-28,4.796725273132324,5.519705772399902,0.0,5.519705772399902,5.519705772399902,5.519705772399902,0.0,2195741
2014-04-29,4.796725273132324,5.519705772399902,0.0,5.519705772399902,5.519705772399902,5.519705772399902,0.0,0
2014-04-30,4.796725273132324,5.519705772399902,0.0,5.615701198577881,5.423710823059082,5.519705772399902,0.0,14872248
2014-05-02,4.838437557220459,5.567704200744629,0.0,5.615701198577881,5.519705772399902,5.519705772399902,0.0,14115958
2014-05-06,4.880147457122803,5.615701198577881,0.0,5.8076910972595215,5.567704200744629,5.615701198577881,0.0,52757177
2014-05-07,4.880147457122803,5.615701198577881,0.0,5.663699150085449,5.567704200744629,5.567704200744629,0.0,35289582
2014-05-08,4.796725273132324,5.519705772399902,0.0,5.663699150085449,5.519705772399902,5.663699150085449,0.0,21356551
2014-05-09,4.796725273132324,5.519705772399902,0.0,5.567704200744629,5.423710823059082,5.519705772399902,0.0,15533325
2014-05-12,4.5881733894348145,5.27971887588501,0.0,5.567704200744629,5.1837239265441895,5.567704200744629,0.0,47775037
2014-05-14,4.796725273132324,5.519705772399902,0.0,5.615701198577881,5.327715873718262,5.37571382522583,0.0,116372014
2014-05-15,4.629884243011475,5.327715873718262,0.0,5.567704200744629,5.27971887588501,5.519705772399902,0.0,48766548
2014-05-16,4.671595096588135,5.37571382522583,0.0,5.37571382522583,5.27971887588501,5.327715873718262,0.0,21429471
2014-05-19,4.7133049964904785,5.423710823059082,0.0,5.519705772399902,5.423710823059082,5.519705772399902,0.0,26618288
2014-05-20,4.7133049964904785,5.423710823059082,0.0,5.47170877456665,5.27971887588501,5.37571382522583,0.0,78895857
2014-05-21,4.7550153732299805,5.47170877456665,0.0,5.519705772399902,5.37571382522583,5.37571382522583,0.0,13485091
2014-05-22,4.7133049964904785,5.423710823059082,0.0,5.567704200744629,5.37571382522583,5.519705772399902,0.0,19990020
2014-05-23,4.7133049964904785,5.423710823059082,0.0,5.423710823059082,5.231721878051758,5.27971887588501,0.0,19813552
2014-05-26,4.7133049964904785,5.423710823059082,0.0,5.519705772399902,5.37571382522583,5.47170877456665,0.0,9699890
2014-05-27,4.796725273132324,5.519705772399902,0.0,5.567704200744629,5.37571382522583,5.423710823059082,0.0,21380927
2014-05-28,4.880147457122803,5.615701198577881,0.0,5.615701198577881,5.47170877456665,5.567704200744629,0.0,13846568
2014-05-29,4.963570594787598,5.711696147918701,0.0,5.711696147918701,5.615701198577881,5.663699150085449,0.0,20449836
2014-05-30,5.2555437088012695,6.047677993774414,0.0,6.143672943115234,5.711696147918701,5.711696147918701,0.0,222599740
2014-06-02,5.130412578582764,5.903686046600342,0.0,6.143672943115234,5.855688095092773,6.143672943115234,0.0,71795480
2014-06-03,5.172122478485107,5.951683044433594,0.0,5.999680995941162,5.903686046600342,5.951683044433594,0.0,35059362
2014-06-04,5.0887017250061035,5.855688095092773,0.0,5.951683044433594,5.855688095092773,5.903686046600342,0.0,17419883
2014-06-05,5.130412578582764,5.903686046600342,0.0,5.999680995941162,5.903686046600342,5.903686046600342,0.0,13869903
2014-06-06,5.172122478485107,5.951683044433594,0.0,6.047677993774414,5.903686046600342,5.999680995941162,0.0,26859760
2014-06-09,5.213832855224609,5.999680995941162,0.0,5.999680995941162,5.951683044433594,5.999680995941162,0.0,12707549
2014-06-10,5.422386169433594,6.239667892456055,0.0,6.287664890289307,5.999680995941162,5.999680995941162,0.0,86004151
2014-06-11,5.297255516052246,6.095675945281982,0.0,6.335662841796875,6.047677993774414,6.335662841796875,0.0,34990816
2014-06-12,5.213832855224609,5.999680995941162,0.0,6.143672943115234,5.999680995941162,6.095675945281982,0.0,16586297
2014-06-13,5.380677223205566,6.191670894622803,0.0,6.335662841796875,5.999680995941162,6.047677993774414,0.0,47847958
2014-06-16,5.380677223205566,6.191670894622803,0.0,6.287664890289307,6.191670894622803,6.239667892456055,0.0,15201224
2014-06-17,5.422386169433594,6.239667892456055,0.0,6.239667892456055,6.143672943115234,6.239667892456055,0.0,8239187
2014-06-18,5.297255516052246,6.095675945281982,0.0,6.239667892456055,6.047677993774414,6.239667892456055,0.0,18230551
2014-06-19,5.33896541595459,6.143672943115234,0.0,6.143672943115234,6.047677993774414,6.143672943115234,0.0,8418988
2014-06-20,5.380677223205566,6.191670894622803,0.0,6.239667892456055,6.095675945281982,6.143672943115234,0.0,17877824
2014-06-23,5.33896541595459,6.143672943115234,0.0,6.239667892456055,6.095675945281982,6.191670894622803,0.0,8525661
2014-06-24,5.380677223205566,6.191670894622803,0.0,6.191670894622803,6.047677993774414,6.143672943115234,0.0,9459252
2014-06-25,5.547518253326416,6.383659839630127,0.0,6.383659839630127,6.143672943115234,6.191670894622803,0.0,50992083
2014-06-26,5.505807399749756,6.335662841796875,0.0,6.383659839630127,6.287664890289307,6.383659839630127,0.0,14078247
2014-06-27,5.422386169433594,6.239667892456055,0.0,6.383659839630127,6.191670894622803,6.383659839630127,0.0,30044304
2014-06-30,5.380677223205566,6.191670894622803,0.0,6.287664890289307,6.095675945281982,6.239667892456055,0.0,23229150
2014-07-02,5.380677223205566,6.191670894622803,0.0,6.239667892456055,6.143672943115234,6.143672943115234,0.0,13660100
2014-07-03,5.422386169433594,6.239667892456055,0.0,6.239667892456055,6.143672943115234,6.239667892456055,0.0,23810223
2014-07-04,5.422386169433594,6.239667892456055,0.0,6.287664890289307,6.191670894622803,6.287664890289307,0.0,24951325
2014-07-07,5.380677223205566,6.191670894622803,0.0,6.239667892456055,6.143672943115234,6.239667892456055,0.0,27475417
2014-07-08,5.589230060577393,6.431657791137695,0.0,6.479654788970947,6.239667892456055,6.287664890289307,0.0,95512573
2014-07-09,5.180673122406006,5.903686046600342,0.062397,5.999680995941162,5.8076910972595215,5.903686046600342,0.0,66503949
2014-07-10,5.22279167175293,5.951683044433594,0.0,5.951683044433594,5.855688095092773,5.903686046600342,0.0,8575038
2014-07-14,5.180673122406006,5.903686046600342,0.0,5.999680995941162,5.855688095092773,5.903686046600342,0.0,12681923
2014-07-15,5.180673122406006,5.903686046600342,0.0,5.951683044433594,5.855688095092773,5.903686046600342,0.0,11732914
2014-07-16,5.34915018081665,6.095675945281982,0.0,6.095675945281982,5.903686046600342,5.951683044433594,0.0,16898605
2014-07-17,5.34915018081665,6.095675945281982,0.0,6.143672943115234,6.047677993774414,6.095675945281982,0.0,15953555
2014-07-18,5.391268730163574,6.143672943115234,0.0,6.143672943115234,6.047677993774414,6.047677993774414,0.0,11775417
2014-07-21,5.307030200958252,6.047677993774414,0.0,6.143672943115234,6.047677993774414,6.095675945281982,0.0,14321594
2014-07-22,5.264910697937012,5.999680995941162,0.0,6.095675945281982,5.999680995941162,6.047677993774414,0.0,11497902
2014-07-23,5.391268730163574,6.143672943115234,0.0,6.143672943115234,5.999680995941162,5.999680995941162,0.0,14862664
2014-07-24,5.517626762390137,6.287664890289307,0.0,6.287664890289307,6.095675945281982,6.143672943115234,0.0,52072140
2014-07-25,5.517626762390137,6.287664890289307,0.0,6.431657791137695,6.239667892456055,6.287664890289307,0.0,38714556
2014-07-28,5.517626762390137,6.287664890289307,0.0,6.335662841796875,6.191670894622803,6.335662841796875,0.0,14844121
2014-07-29,5.433389186859131,6.191670894622803,0.0,6.287664890289307,6.191670894622803,6.287664890289307,0.0,9084440
2014-07-30,5.4755072593688965,6.239667892456055,0.0,6.287664890289307,6.143672943115234,6.239667892456055,0.0,17036321
2014-07-31,5.433389186859131,6.191670894622803,0.0,6.287664890289307,6.191670894622803,6.239667892456055,0.0,8393570
2014-08-01,5.433389186859131,6.191670894622803,0.0,6.191670894622803,6.095675945281982,6.143672943115234,0.0,7573110
2014-08-04,5.4755072593688965,6.239667892456055,0.0,6.287664890289307,6.191670894622803,6.239667892456055,0.0,17876782
2014-08-05,5.433389186859131,6.191670894622803,0.0,6.287664890289307,6.143672943115234,6.239667892456055,0.0,15977098
2014-08-06,5.433389186859131,6.191670894622803,0.0,6.287664890289307,6.191670894622803,6.239667892456055,0.0,8836302
2014-08-07,5.4755072593688965,6.239667892456055,0.0,6.287664890289307,6.191670894622803,6.191670894622803,0.0,5573212
2014-08-08,5.4755072593688965,6.239667892456055,0.0,6.239667892456055,6.239667892456055,6.239667892456055,0.0,0
2014-08-13,5.517626762390137,6.287664890289307,0.0,6.383659839630127,6.239667892456055,6.383659839630127,0.0,6929326
2014-08-14,5.643985271453857,6.431657791137695,0.0,6.479654788970947,6.335662841796875,6.335662841796875,0.0,14782868
2014-08-15,5.643985271453857,6.431657791137695,0.0,6.479654788970947,6.335662841796875,6.431657791137695,0.0,16849228
2014-08-18,5.433389186859131,6.191670894622803,0.0,6.431657791137695,6.095675945281982,6.431657791137695,0.0,31190198
2014-08-19,5.4755072593688965,6.239667892456055,0.0,6.383659839630127,6.191670894622803,6.191670894622803,0.0,12808180
2014-08-20,5.433389186859131,6.191670894622803,0.0,6.287664890289307,6.143672943115234,6.239667892456055,0.0,26193057
2014-08-21,5.391268730163574,6.143672943115234,0.0,6.191670894622803,6.095675945281982,6.191670894622803,0.0,25222381
2014-08-22,5.433389186859131,6.191670894622803,0.0,6.287664890289307,6.143672943115234,6.191670894622803,0.0,14255340
2014-08-25,5.4755072593688965,6.239667892456055,0.0,6.239667892456055,6.191670894622803,6.191670894622803,0.0,11481234
2014-08-26,5.643985271453857,6.431657791137695,0.0,6.479654788970947,6.191670894622803,6.239667892456055,0.0,22884340
2014-08-27,5.643985271453857,6.431657791137695,0.0,6.575650215148926,6.383659839630127,6.431657791137695,0.0,40141715
2014-08-28,5.601864814758301,6.383659839630127,0.0,6.479654788970947,6.287664890289307,6.431657791137695,0.0,8515452
2014-08-29,5.601864814758301,6.383659839630127,0.0,6.527653217315674,6.335662841796875,6.383659839630127,0.0,50405594
2014-09-01,5.4755072593688965,6.239667892456055,0.0,6.431657791137695,6.191670894622803,6.383659839630127,0.0,26314522
2014-09-02,5.433389186859131,6.191670894622803,0.0,6.287664890289307,6.143672943115234,6.239667892456055,0.0,19630417
2014-09-03,5.391268730163574,6.143672943115234,0.0,6.239667892456055,6.143672943115234,6.191670894622803,0.0,22539113
2014-09-04,5.34915018081665,6.095675945281982,0.0,6.191670894622803,5.951683044433594,6.191670894622803,0.0,18299930
2014-09-05,5.391268730163574,6.143672943115234,0.0,6.191670894622803,6.047677993774414,6.095675945281982,0.0,9735308
2014-09-08,5.307030200958252,6.047677993774414,0.0,6.191670894622803,6.047677993774414,6.095675945281982,0.0,13282997
2014-09-09,5.34915018081665,6.095675945281982,0.0,6.143672943115234,6.047677993774414,6.047677993774414,0.0,6201579
2014-09-10,5.264910697937012,5.999680995941162,0.0,6.095675945281982,5.951683044433594,6.047677993774414,0.0,20886109
2014-09-11,5.096433639526367,5.8076910972595215,0.0,6.047677993774414,5.8076910972595215,5.999680995941162,0.0,29699285
2014-09-12,5.096433639526367,5.8076910972595215,0.0,5.903686046600342,5.7596940994262695,5.903686046600342,0.0,12950271
2014-09-15,5.180673122406006,5.903686046600342,0.0,5.903686046600342,5.8076910972595215,5.855688095092773,0.0,12661714
2014-09-16,5.22279167175293,5.951683044433594,0.0,6.047677993774414,5.903686046600342,5.951683044433594,0.0,12247525
2014-09-17,5.264910697937012,5.999680995941162,0.0,6.047677993774414,5.903686046600342,5.999680995941162,0.0,10605146
2014-09-18,5.22279167175293,5.951683044433594,0.0,6.047677993774414,5.903686046600342,5.999680995941162,0.0,6138867
2014-09-19,5.264910697937012,5.999680995941162,0.0,5.999680995941162,5.903686046600342,5.951683044433594,0.0,14979754
2014-09-22,5.22279167175293,5.951683044433594,0.0,5.999680995941162,5.903686046600342,5.999680995941162,0.0,17190913
2014-09-23,5.180673122406006,5.903686046600342,0.0,5.999680995941162,5.855688095092773,5.999680995941162,0.0,23090393
2014-09-24,5.34915018081665,6.095675945281982,0.0,6.191670894622803,5.903686046600342,5.951683044433594,0.0,74277070
2014-09-25,5.307030200958252,6.047677993774414,0.0,6.143672943115234,5.951683044433594,6.095675945281982,0.0,32365885
2014-09-26,5.4755072593688965,6.239667892456055,0.0,6.335662841796875,5.999680995941162,5.999680995941162,0.0,85092644
2014-09-29,5.433389186859131,6.191670894622803,0.0,6.335662841796875,6.191670894622803,6.287664890289307,0.0,43221462
2014-09-30,5.854580402374268,6.671645164489746,0.0,6.815637111663818,6.383659839630127,6.479654788970947,0.0,203660817
2014-10-01,5.896700382232666,6.7196431159973145,0.0,6.767640113830566,6.623648166656494,6.7196431159973145,0.0,70008927
2014-10-02,5.643985271453857,6.431657791137695,0.0,7.007627010345459,6.431657791137695,6.7196431159973145,0.0,216665466
2014-10-03,5.938819885253906,6.767640113830566,0.0,6.767640113830566,6.431657791137695,6.527653217315674,0.0,98792955
2014-10-06,5.433389186859131,6.191670894622803,0.0,6.863635063171387,6.191670894622803,6.815637111663818,0.0,101681234
2014-10-07,5.4755072593688965,6.239667892456055,0.0,6.335662841796875,6.143672943115234,6.239667892456055,0.0,92832430
2014-10-08,5.643985271453857,6.431657791137695,0.0,6.479654788970947,6.143672943115234,6.191670894622803,0.0,70310818
2014-10-09,5.686102867126465,6.479654788970947,0.0,6.575650215148926,6.431657791137695,6.527653217315674,0.0,33004253
2014-10-10,5.686102867126465,6.479654788970947,0.0,6.479654788970947,6.335662841796875,6.383659839630127,0.0,19093722
2014-10-13,5.601864814758301,6.383659839630127,0.0,6.431657791137695,6.287664890289307,6.383659839630127,0.0,8189184
2014-10-14,5.601864814758301,6.383659839630127,0.0,6.479654788970947,6.383659839630127,6.383659839630127,0.0,10195333
2014-10-15,5.643985271453857,6.431657791137695,0.0,6.575650215148926,6.383659839630127,6.431657791137695,0.0,24108780
2014-10-16,5.559745788574219,6.335662841796875,0.0,6.431657791137695,6.287664890289307,6.383659839630127,0.0,13056110
2014-10-17,5.517626762390137,6.287664890289307,0.0,6.383659839630127,6.191670894622803,6.335662841796875,0.0,18601196
2014-10-20,5.4755072593688965,6.239667892456055,0.0,6.383659839630127,6.191670894622803,6.335662841796875,0.0,9830522
2014-10-21,5.307030200958252,6.047677993774414,0.0,6.239667892456055,6.047677993774414,6.239667892456055,0.0,23922729
2014-10-22,5.34915018081665,6.095675945281982,0.0,6.143672943115234,5.855688095092773,6.095675945281982,0.0,27659594
2014-10-24,5.34915018081665,6.095675945281982,0.0,6.095675945281982,5.999680995941162,6.047677993774414,0.0,12840473
2014-10-27,5.307030200958252,6.047677993774414,0.0,6.095675945281982,5.999680995941162,6.095675945281982,0.0,9337162
2014-10-28,5.34915018081665,6.095675945281982,0.0,6.191670894622803,6.047677993774414,6.047677993774414,0.0,20235866
2014-10-29,5.4755072593688965,6.239667892456055,0.0,6.287664890289307,6.143672943115234,6.239667892456055,0.0,1925102
2014-10-30,5.4755072593688965,6.239667892456055,0.0,6.239667892456055,6.239667892456055,6.239667892456055,0.0,0
2014-10-31,5.391268730163574,6.143672943115234,0.0,6.239667892456055,6.095675945281982,6.239667892456055,0.0,39236667
2014-11-03,5.264910697937012,5.999680995941162,0.0,6.095675945281982,5.999680995941162,6.095675945281982,0.0,27830228
2014-11-04,5.180673122406006,5.903686046600342,0.0,6.047677993774414,5.855688095092773,5.999680995941162,0.0,33430317
2014-11-05,5.054315567016602,5.7596940994262695,0.0,5.903686046600342,5.7596940994262695,5.903686046600342,0.0,26372025
2014-11-06,4.9700751304626465,5.663699150085449,0.0,5.8076910972595215,5.567704200744629,5.663699150085449,0.0,62786043
2014-11-07,4.9700751304626465,5.663699150085449,0.0,5.7596940994262695,5.663699150085449,5.7596940994262695,0.0,12308153
2014-11-10,4.9279561042785645,5.615701198577881,0.0,5.711696147918701,5.615701198577881,5.663699150085449,0.0,6113866
2014-11-11,5.054315567016602,5.7596940994262695,0.0,5.855688095092773,5.615701198577881,5.663699150085449,0.0,36860291
2014-11-12,4.885837554931641,5.567704200744629,0.0,5.8076910972595215,5.567704200744629,5.7596940994262695,0.0,18993092
2014-11-13,4.9279561042785645,5.615701198577881,0.0,5.615701198577881,5.47170877456665,5.567704200744629,0.0,19475617
2014-11-14,5.054315567016602,5.7596940994262695,0.0,5.8076910972595215,5.663699150085449,5.663699150085449,0.0,43409180
2014-11-17,5.054315567016602,5.7596940994262695,0.0,5.8076910972595215,5.711696147918701,5.8076910972595215,0.0,18450146
2014-11-18,4.9700751304626465,5.663699150085449,0.0,5.8076910972595215,5.663699150085449,5.7596940994262695,0.0,12236066
2014-11-19,5.0121965408325195,5.711696147918701,0.0,5.8076910972595215,5.663699150085449,5.663699150085449,0.0,14595566
2014-11-20,4.9700751304626465,5.663699150085449,0.0,5.7596940994262695,5.663699150085449,5.7596940994262695,0.0,7485189
2014-11-21,4.9700751304626465,5.663699150085449,0.0,5.7596940994262695,5.615701198577881,5.711696147918701,0.0,18613072
2014-11-24,5.307030200958252,6.047677993774414,0.0,6.095675945281982,5.711696147918701,5.7596940994262695,0.0,108971204
2014-11-25,5.22279167175293,5.951683044433594,0.0,6.143672943115234,5.951683044433594,6.095675945281982,0.0,34186815
2014-11-26,5.391268730163574,6.143672943115234,0.0,6.191670894622803,5.999680995941162,5.999680995941162,0.0,70086222
2014-11-27,5.433389186859131,6.191670894622803,0.0,6.191670894622803,6.095675945281982,6.143672943115234,0.0,23787930
2014-11-28,5.433389186859131,6.191670894622803,0.0,6.191670894622803,6.095675945281982,6.191670894622803,0.0,28588185
2014-12-01,5.433389186859131,6.191670894622803,0.0,6.191670894622803,6.143672943115234,6.191670894622803,0.0,22552864
2014-12-02,5.517626762390137,6.287664890289307,0.0,6.287664890289307,6.143672943115234,6.191670894622803,0.0,59667752
2014-12-03,5.4755072593688965,6.239667892456055,0.0,6.335662841796875,6.191670894622803,6.335662841796875,0.0,17875532
2014-12-04,5.601864814758301,6.383659839630127,0.0,6.431657791137695,6.191670894622803,6.239667892456055,0.0,81664962
2014-12-08,5.517626762390137,6.287664890289307,0.0,6.383659839630127,6.191670894622803,6.383659839630127,0.0,42665807
2014-12-09,5.433389186859131,6.191670894622803,0.0,6.239667892456055,6.143672943115234,6.239667892456055,0.0,20222949
2014-12-11,5.264910697937012,5.999680995941162,0.0,6.191670894622803,5.855688095092773,6.143672943115234,0.0,30876223
2014-12-12,5.138554096221924,5.855688095092773,0.0,5.999680995941162,5.7596940994262695,5.951683044433594,0.0,18262011
2014-12-15,5.180673122406006,5.903686046600342,0.0,5.903686046600342,5.1357269287109375,5.711696147918701,0.0,35255414
2014-12-16,5.054315567016602,5.7596940994262695,0.0,5.855688095092773,5.519705772399902,5.663699150085449,0.0,21927206
2014-12-17,5.054315567016602,5.7596940994262695,0.0,5.855688095092773,5.663699150085449,5.7596940994262695,0.0,13548011
2014-12-18,5.096433639526367,5.8076910972595215,0.0,5.999680995941162,5.7596940994262695,5.999680995941162,0.0,12967772
2014-12-19,5.180673122406006,5.903686046600342,0.0,5.903686046600342,5.8076910972595215,5.855688095092773,0.0,13638849
2014-12-22,5.22279167175293,5.951683044433594,0.0,5.999680995941162,5.903686046600342,5.903686046600342,0.0,6292000
2014-12-23,5.22279167175293,5.951683044433594,0.0,5.999680995941162,5.903686046600342,5.903686046600342,0.0,3950001
2014-12-24,5.180673122406006,5.903686046600342,0.0,5.951683044433594,5.903686046600342,5.951683044433594,0.0,3892290
2014-12-25,5.138554096221924,5.855688095092773,0.0,5.951683044433594,5.7596940994262695,5.951683044433594,0.0,6326794
2014-12-26,5.138554096221924,5.855688095092773,0.0,5.855688095092773,5.7596940994262695,5.855688095092773,0.0,4227516
2014-12-29,5.0121965408325195,5.711696147918701,0.0,5.855688095092773,5.663699150085449,5.855688095092773,0.0,5004015
2014-12-30,4.9700751304626465,5.663699150085449,0.0,5.711696147918701,5.519705772399902,5.711696147918701,0.0,10532851
2015-01-05,4.885837554931641,5.567704200744629,0.0,5.615701198577881,5.47170877456665,5.615701198577881,0.0,16848811
2015-01-06,4.9279561042785645,5.615701198577881,0.0,5.663699150085449,5.519705772399902,5.519705772399902,0.0,17959912
2015-01-07,4.9700751304626465,5.663699150085449,0.0,5.7596940994262695,5.567704200744629,5.663699150085449,0.0,8576913
2015-01-08,4.9700751304626465,5.663699150085449,0.0,5.7596940994262695,5.615701198577881,5.711696147918701,0.0,22002002
2015-01-09,4.9700751304626465,5.663699150085449,0.0,5.711696147918701,5.615701198577881,5.711696147918701,0.0,6993288
2015-01-12,5.0121965408325195,5.711696147918701,0.0,5.7596940994262695,5.615701198577881,5.663699150085449,0.0,6038654
2015-01-13,5.180673122406006,5.903686046600342,0.0,5.903686046600342,5.663699150085449,5.711696147918701,0.0,21719695
2015-01-14,5.180673122406006,5.903686046600342,0.0,5.951683044433594,5.8076910972595215,5.903686046600342,0.0,14095123
2015-01-15,5.22279167175293,5.951683044433594,0.0,5.951683044433594,5.855688095092773,5.951683044433594,0.0,16695678
2015-01-16,5.112031936645508,5.7596940994262695,0.067196,5.8076910972595215,5.663699150085449,5.8076910972595215,0.0,9945736
2015-01-19,5.026829242706299,5.663699150085449,0.0,5.7596940994262695,5.663699150085449,5.7596940994262695,0.0,7665198
2015-01-20,5.026829242706299,5.663699150085449,0.0,5.7596940994262695,5.663699150085449,5.711696147918701,0.0,5549878
2015-01-21,5.069431781768799,5.711696147918701,0.0,5.7596940994262695,5.663699150085449,5.711696147918701,0.0,16026684
2015-01-22,5.112031936645508,5.7596940994262695,0.0,5.7596940994262695,5.615701198577881,5.663699150085449,0.0,14757867
2015-01-23,5.154630661010742,5.8076910972595215,0.0,5.8076910972595215,5.711696147918701,5.7596940994262695,0.0,14073039
2015-01-26,5.069431781768799,5.711696147918701,0.0,5.8076910972595215,5.711696147918701,5.8076910972595215,0.0,5839893
2015-01-27,5.367631912231445,6.047677993774414,0.0,6.047677993774414,5.711696147918701,5.7596940994262695,0.0,45172191
2015-01-28,5.495433807373047,6.191670894622803,0.0,6.239667892456055,5.999680995941162,6.095675945281982,0.0,62249764
2015-01-29,5.367631912231445,6.047677993774414,0.0,6.383659839630127,6.047677993774414,6.335662841796875,0.0,119401133
2015-01-30,5.325031280517578,5.999680995941162,0.0,6.095675945281982,5.951683044433594,6.095675945281982,0.0,17793236
2015-02-02,5.239832401275635,5.903686046600342,0.0,6.095675945281982,5.855688095092773,6.047677993774414,0.0,15676249
2015-02-03,5.282431602478027,5.951683044433594,0.0,6.095675945281982,5.951683044433594,5.999680995941162,0.0,14725157
2015-02-04,5.282431602478027,5.951683044433594,0.0,6.047677993774414,5.903686046600342,6.047677993774414,0.0,15598120
2015-02-05,5.325031280517578,5.999680995941162,0.0,5.999680995941162,5.903686046600342,5.951683044433594,0.0,14754117
2015-02-06,5.367631912231445,6.047677993774414,0.0,6.047677993774414,5.951683044433594,6.047677993774414,0.0,16941733
2015-02-09,5.239832401275635,5.903686046600342,0.0,6.047677993774414,5.855688095092773,5.999680995941162,0.0,13281747
2015-02-10,5.239832401275635,5.903686046600342,0.0,5.951683044433594,5.8076910972595215,5.903686046600342,0.0,8421072
2015-02-11,5.282431602478027,5.951683044433594,0.0,5.951683044433594,5.855688095092773,5.951683044433594,0.0,8506910
2015-02-12,5.154630661010742,5.8076910972595215,0.0,5.999680995941162,5.8076910972595215,5.999680995941162,0.0,26976849
2015-02-13,5.154630661010742,5.8076910972595215,0.0,5.903686046600342,5.8076910972595215,5.8076910972595215,0.0,14955586
2015-02-16,5.154630661010742,5.8076910972595215,0.0,5.903686046600342,5.8076910972595215,5.8076910972595215,0.0,4878175
2015-02-17,5.069431781768799,5.711696147918701,0.0,5.855688095092773,5.711696147918701,5.8076910972595215,0.0,14991629
2015-02-18,5.154630661010742,5.8076910972595215,0.0,5.855688095092773,5.711696147918701,5.7596940994262695,0.0,10437012
2015-02-19,5.154630661010742,5.8076910972595215,0.0,5.8076910972595215,5.711696147918701,5.8076910972595215,0.0,9865315
2015-02-20,5.154630661010742,5.8076910972595215,0.0,5.855688095092773,5.7596940994262695,5.8076910972595215,0.0,8527327
2015-02-23,5.112031936645508,5.7596940994262695,0.0,5.855688095092773,5.7596940994262695,5.8076910972595215,0.0,18479314
2015-02-24,5.112031936645508,5.7596940994262695,0.0,5.8076910972595215,5.711696147918701,5.7596940994262695,0.0,11086838
2015-02-25,5.069431781768799,5.711696147918701,0.0,5.7596940994262695,5.615701198577881,5.7596940994262695,0.0,24336292
2015-02-26,5.026829242706299,5.663699150085449,0.0,5.711696147918701,5.567704200744629,5.711696147918701,0.0,10737862
2015-02-27,4.984229564666748,5.615701198577881,0.0,5.711696147918701,5.615701198577881,5.615701198577881,0.0,8372736
2015-03-02,5.069431781768799,5.711696147918701,0.0,5.8076910972595215,5.615701198577881,5.615701198577881,0.0,31273744
2015-03-03,5.069431781768799,5.711696147918701,0.0,5.711696147918701,5.615701198577881,5.711696147918701,0.0,12075641
2015-03-05,5.026829242706299,5.663699150085449,0.0,5.711696147918701,5.615701198577881,5.663699150085449,0.0,16721721
2015-03-06,5.069431781768799,5.711696147918701,0.0,5.711696147918701,5.615701198577881,5.663699150085449,0.0,17498012
2015-03-09,5.112031936645508,5.7596940994262695,0.0,5.8076910972595215,5.663699150085449,5.711696147918701,0.0,47976715
2015-03-10,5.069431781768799,5.711696147918701,0.0,5.903686046600342,5.663699150085449,5.7596940994262695,0.0,80535319
2015-03-11,5.112031936645508,5.7596940994262695,0.0,5.8076910972595215,5.663699150085449,5.711696147918701,0.0,73318686
2015-03-12,5.239832401275635,5.903686046600342,0.0,5.951683044433594,5.7596940994262695,5.8076910972595215,0.0,74368325
2015-03-13,5.154630661010742,5.8076910972595215,0.0,6.047677993774414,5.8076910972595215,5.951683044433594,0.0,147610965
2015-03-16,5.367631912231445,6.047677993774414,0.0,6.047677993774414,5.7596940994262695,5.855688095092773,0.0,284000918
2015-03-17,5.377115249633789,6.047677993774414,0.010666,6.191670894622803,5.999680995941162,6.143672943115234,2.0,135400421
2015-03-18,5.2064127922058105,5.855688095092773,0.0,6.095675945281982,5.8076910972595215,6.047677993774414,0.0,56041205
2015-03-19,5.078387260437012,5.711696147918701,0.0,5.903686046600342,5.711696147918701,5.903686046600342,0.0,14121479
2015-03-20,5.035712242126465,5.663699150085449,0.0,5.7596940994262695,5.519705772399902,5.7596940994262695,0.0,28493180
2015-03-23,4.950361728668213,5.567704200744629,0.0,5.7596940994262695,5.519705772399902,5.663699150085449,0.0,6897241
2015-03-24,4.950361728668213,5.567704200744629,0.0,5.567704200744629,5.47170877456665,5.519705772399902,0.0,5916147
2015-03-25,4.8650102615356445,5.47170877456665,0.0,5.663699150085449,5.327715873718262,5.567704200744629,0.0,15871051
2015-03-26,4.6089558601379395,5.1837239265441895,0.0,5.423710823059082,5.1357269287109375,5.423710823059082,0.0,16768182
2015-03-27,4.651632308959961,5.231721878051758,0.0,5.27971887588501,5.087728977203369,5.1357269287109375,0.0,6935264
2015-03-30,4.69430685043335,5.27971887588501,0.0,5.37571382522583,5.231721878051758,5.27971887588501,0.0,5260279
2015-03-31,4.651632308959961,5.231721878051758,0.0,5.327715873718262,5.1837239265441895,5.27971887588501,0.0,3975523
2015-04-01,4.6089558601379395,5.1837239265441895,0.0,5.27971887588501,5.1837239265441895,5.1837239265441895,0.0,5815933
2015-04-02,4.566280841827393,5.1357269287109375,0.0,5.27971887588501,5.1357269287109375,5.231721878051758,0.0,17865636
2015-04-03,4.250482559204102,4.780546188354492,0.0,5.1837239265441895,4.742147922515869,5.087728977203369,0.0,43357303
2015-04-07,4.11392068862915,4.626954078674316,0.0,4.761346817016602,4.607755184173584,4.761346817016602,0.0,44108905
2015-04-08,4.11392068862915,4.626954078674316,0.0,4.722949028015137,4.607755184173584,4.607755184173584,0.0,45565649
2015-04-09,4.1309895515441895,4.646152973175049,0.0,4.684550762176514,4.646152973175049,4.665351867675781,0.0,22668391
2015-04-10,4.096850395202637,4.607755184173584,0.0,4.684550762176514,4.607755184173584,4.646152973175049,0.0,20945279
2015-04-16,4.028568744659424,4.530959129333496,0.0,4.665351867675781,4.511760234832764,4.646152973175049,0.0,27902627
2015-04-17,3.926147699356079,4.415764808654785,0.0,4.530959129333496,4.415764808654785,4.511760234832764,0.0,27097689
2015-04-20,3.926147699356079,4.415764808654785,0.0,4.454163074493408,4.300570964813232,4.396565914154053,0.0,39971706
2015-04-21,4.1480607986450195,4.665351867675781,0.0,4.703750133514404,4.454163074493408,4.473361968994141,0.0,87470167
2015-04-22,4.096850395202637,4.607755184173584,0.0,4.665351867675781,4.588555812835693,4.646152973175049,0.0,27507919
2015-04-23,3.9602890014648438,4.454163074493408,0.0,4.626954078674316,4.454163074493408,4.607755184173584,0.0,20724642
2015-04-24,4.011499404907227,4.511760234832764,0.0,4.511760234832764,4.415764808654785,4.454163074493408,0.0,11668953
2015-04-27,3.8578670024871826,4.3389692306518555,0.0,4.511760234832764,4.3389692306518555,4.511760234832764,0.0,20600990
2015-04-28,3.8578670024871826,4.3389692306518555,0.0,4.473361968994141,4.3389692306518555,4.3389692306518555,0.0,15626455
2015-04-29,3.892008066177368,4.37736701965332,0.0,4.396565914154053,4.319769859313965,4.3389692306518555,0.0,7966256
2015-04-30,3.8749372959136963,4.358168125152588,0.0,4.454163074493408,4.358168125152588,4.396565914154053,0.0,8247521
2015-05-04,3.8749372959136963,4.358168125152588,0.0,4.358168125152588,4.358168125152588,4.358168125152588,0.0,0
2015-05-06,3.704235792160034,4.166178226470947,0.0,4.358168125152588,4.146978855133057,4.3389692306518555,0.0,28482554
2015-05-07,3.789585590362549,4.262173175811768,0.0,4.37736701965332,4.146978855133057,4.146978855133057,0.0,27983257
2015-05-08,3.8749372959136963,4.358168125152588,0.0,4.358168125152588,4.2813720703125,4.319769859313965,0.0,17621248
2015-05-11,3.789585590362549,4.262173175811768,0.0,4.454163074493408,4.262173175811768,4.396565914154053,0.0,20958509
2015-05-12,3.6700942516326904,4.127779960632324,0.0,4.2813720703125,4.127779960632324,4.262173175811768,0.0,15794172
2015-05-13,3.6700942516326904,4.127779960632324,0.0,4.18537712097168,4.089382171630859,4.108581066131592,0.0,20913610
2015-05-14,3.6700942516326904,4.127779960632324,0.0,4.242973804473877,4.031785011291504,4.127779960632324,0.0,44337355
2015-05-15,3.7725157737731934,4.242973804473877,0.0,4.262173175811768,4.127779960632324,4.166178226470947,0.0,36817476
2015-05-18,3.7725157737731934,4.242973804473877,0.0,4.2813720703125,4.2237749099731445,4.2237749099731445,0.0,23474163
2015-05-19,3.7725157737731934,4.242973804473877,0.0,4.2813720703125,4.242973804473877,4.2813720703125,0.0,17428113
2015-05-20,3.789585590362549,4.262173175811768,0.0,4.262173175811768,4.18537712097168,4.2237749099731445,0.0,17143098
2015-05-21,3.7554454803466797,4.2237749099731445,0.0,4.242973804473877,4.089382171630859,4.2237749099731445,0.0,34588503
2015-05-22,3.7554454803466797,4.2237749099731445,0.0,4.242973804473877,4.166178226470947,4.2237749099731445,0.0,42742478
2015-05-25,3.7554454803466797,4.2237749099731445,0.0,4.2237749099731445,4.18537712097168,4.2237749099731445,0.0,20286390
2015-05-26,3.7383761405944824,4.204576015472412,0.0,4.242973804473877,4.166178226470947,4.18537712097168,0.0,21530831
2015-05-27,3.7554454803466797,4.2237749099731445,0.0,4.242973804473877,4.166178226470947,4.18537712097168,0.0,30901849
2015-05-28,3.7554454803466797,4.2237749099731445,0.0,4.2237749099731445,4.18537712097168,4.2237749099731445,0.0,22814128
2015-05-29,3.8578670024871826,4.3389692306518555,0.0,4.358168125152588,4.204576015472412,4.204576015472412,0.0,78646781
2015-06-02,3.7554454803466797,4.2237749099731445,0.0,4.3389692306518555,4.18537712097168,4.319769859313965,0.0,32557771
2015-06-03,3.7383761405944824,4.204576015472412,0.0,4.262173175811768,4.204576015472412,4.242973804473877,0.0,12249088
2015-06-04,3.704235792160034,4.166178226470947,0.0,4.262173175811768,4.146978855133057,4.242973804473877,0.0,30929455
2015-06-05,3.7383761405944824,4.204576015472412,0.0,4.2237749099731445,4.166178226470947,4.166178226470947,0.0,13891987
2015-06-08,3.789585590362549,4.262173175811768,0.0,4.262173175811768,4.204576015472412,4.2237749099731445,0.0,19354882
2015-06-09,3.7554454803466797,4.2237749099731445,0.0,4.2813720703125,4.2237749099731445,4.262173175811768,0.0,13051005
2015-06-10,3.8237271308898926,4.300570964813232,0.0,4.319769859313965,4.2237749099731445,4.2237749099731445,0.0,20549424
2015-06-11,3.892008066177368,4.37736701965332,0.0,4.473361968994141,4.358168125152588,4.37736701965332,0.0,80586884
2015-06-12,3.892008066177368,4.37736701965332,0.0,4.434964179992676,4.319769859313965,4.358168125152588,0.0,38232864
2015-06-15,3.926147699356079,4.415764808654785,0.0,4.454163074493408,4.37736701965332,4.396565914154053,0.0,23592919
2015-06-16,3.9944281578063965,4.492560863494873,0.0,4.511760234832764,4.415764808654785,4.434964179992676,0.0,44134010
2015-06-17,4.250482559204102,4.780546188354492,0.0,4.847742080688477,4.511760234832764,4.530959129333496,0.0,157591704
2015-06-18,4.250482559204102,4.780546188354492,0.0,4.943737030029297,4.780546188354492,4.799745082855225,0.0,43987753
2015-06-19,4.31022834777832,4.847742080688477,0.0,4.847742080688477,4.703750133514404,4.799745082855225,0.0,70731152
2015-06-22,4.233410835266113,4.761346817016602,0.0,4.8957390785217285,4.761346817016602,4.847742080688477,0.0,15385296
2015-06-23,4.233410835266113,4.761346817016602,0.0,4.799745082855225,4.742147922515869,4.780546188354492,0.0,18763809
2015-06-24,4.250482559204102,4.780546188354492,0.0,4.799745082855225,4.761346817016602,4.761346817016602,0.0,6503991
2015-06-25,4.233410835266113,4.761346817016602,0.0,4.847742080688477,4.742147922515869,4.780546188354492,0.0,17236853
2015-06-26,4.250482559204102,4.780546188354492,0.0,4.799745082855225,4.722949028015137,4.761346817016602,0.0,28025342
2015-06-29,4.267552375793457,4.799745082855225,0.0,4.799745082855225,4.665351867675781,4.665351867675781,0.0,29557403
2015-06-30,4.267552375793457,4.799745082855225,0.0,4.799745082855225,4.703750133514404,4.761346817016602,0.0,27820852
2015-07-02,4.16513204574585,4.684550762176514,0.0,4.799745082855225,4.684550762176514,4.799745082855225,0.0,11071525
2015-07-03,4.31022834777832,4.847742080688477,0.0,4.8957390785217285,4.646152973175049,4.665351867675781,0.0,35678040
2015-07-06,4.182201862335205,4.703750133514404,0.0,4.799745082855225,4.684550762176514,4.799745082855225,0.0,17808654
2015-07-07,4.182201862335205,4.703750133514404,0.0,4.761346817016602,4.665351867675781,4.703750133514404,0.0,12664943
2015-07-08,4.199272155761719,4.722949028015137,0.0,4.761346817016602,4.665351867675781,4.665351867675781,0.0,23119769
2015-07-09,4.216341018676758,4.742147922515869,0.0,4.742147922515869,4.665351867675781,4.722949028015137,0.0,9830626
2015-07-10,4.152002811431885,4.646152973175049,0.023999,4.742147922515869,4.646152973175049,4.665351867675781,0.0,5275696
2015-07-13,4.2721028327941895,4.780546188354492,0.0,4.847742080688477,4.626954078674316,4.626954078674316,0.0,27738556
2015-07-14,4.237788677215576,4.742147922515869,0.0,4.780546188354492,4.742147922515869,4.780546188354492,0.0,1959270
2015-07-15,4.2721028327941895,4.780546188354492,0.0,4.799745082855225,4.742147922515869,4.780546188354492,0.0,4395233
2015-07-16,4.2721028327941895,4.780546188354492,0.0,4.799745082855225,4.703750133514404,4.761346817016602,0.0,12907352
2015-07-17,4.332152366638184,4.847742080688477,0.0,4.847742080688477,4.761346817016602,4.780546188354492,0.0,13313936
2015-07-20,4.254945278167725,4.761346817016602,0.0,4.847742080688477,4.761346817016602,4.847742080688477,0.0,9664680
2015-07-21,4.152002811431885,4.646152973175049,0.0,4.780546188354492,4.646152973175049,4.742147922515869,0.0,9275075
2015-07-22,4.0319037437438965,4.511760234832764,0.0,4.646152973175049,4.415764808654785,4.646152973175049,0.0,8487950
2015-07-23,4.100532531738281,4.588555812835693,0.0,4.607755184173584,4.511760234832764,4.511760234832764,0.0,2754000
2015-07-24,4.066218376159668,4.5501580238342285,0.0,4.607755184173584,4.511760234832764,4.511760234832764,0.0,4075841
2015-07-27,3.8774898052215576,4.3389692306518555,0.0,4.569356918334961,4.319769859313965,4.530959129333496,0.0,11169239
2015-07-28,3.7573912143707275,4.204576015472412,0.0,4.358168125152588,4.070182800292969,4.262173175811768,0.0,11205178
2015-07-29,3.7059192657470703,4.146978855133057,0.0,4.262173175811768,4.070182800292969,4.262173175811768,0.0,9147048
2015-07-31,3.946118116378784,4.415764808654785,0.0,4.415764808654785,4.146978855133057,4.146978855133057,0.0,11236326
2015-08-03,3.9289615154266357,4.396565914154053,0.0,4.415764808654785,4.2813720703125,4.3389692306518555,0.0,2372834
2015-08-04,3.80886173248291,4.262173175811768,0.0,4.300570964813232,4.242973804473877,4.262173175811768,0.0,6140013
2015-08-05,3.826019525527954,4.2813720703125,0.0,4.358168125152588,4.2813720703125,4.300570964813232,0.0,2730353
2015-08-06,3.86033296585083,4.319769859313965,0.0,4.358168125152588,4.242973804473877,4.242973804473877,0.0,5914897
2015-08-07,3.7573912143707275,4.204576015472412,0.0,4.319769859313965,4.204576015472412,4.300570964813232,0.0,3152563
2015-08-10,3.740234136581421,4.18537712097168,0.0,4.242973804473877,4.18537712097168,4.2237749099731445,0.0,1437784
2015-08-11,3.7573912143707275,4.204576015472412,0.0,4.2237749099731445,4.166178226470947,4.204576015472412,0.0,6045425
2015-08-13,3.688762664794922,4.127779960632324,0.0,4.166178226470947,4.070182800292969,4.166178226470947,0.0,4130844
2015-08-14,3.671605110168457,4.108581066131592,0.0,4.18537712097168,4.089382171630859,4.146978855133057,0.0,2965470
2015-08-17,3.7230770587921143,4.166178226470947,0.0,4.18537712097168,4.108581066131592,4.108581066131592,0.0,4033964
2015-08-18,3.534348964691162,3.954988956451416,0.0,4.089382171630859,3.9357900619506836,3.954988956451416,0.0,9718432
2015-08-19,3.5686628818511963,3.99338698387146,0.0,4.031785011291504,3.9741880893707275,3.9741880893707275,0.0,2564198
2015-08-20,3.6201345920562744,4.050983905792236,0.0,4.050983905792236,3.99338698387146,3.99338698387146,0.0,2883799
2015-08-21,3.5686628818511963,3.99338698387146,0.0,4.031785011291504,3.9741880893707275,4.031785011291504,0.0,3855517
2015-08-24,3.3456225395202637,3.7438011169433594,0.0,3.9741880893707275,3.7054030895233154,3.954988956451416,0.0,9150277
2015-08-25,3.1740517616271973,3.5518109798431396,0.0,3.782198905944824,3.4558160305023193,3.7438011169433594,0.0,9549048
2015-08-26,3.053952217102051,3.4174180030822754,0.0,3.64780592918396,3.4174180030822754,3.5134129524230957,0.0,9270179
2015-08-27,3.191208839416504,3.571010112762451,0.0,3.571010112762451,3.4558160305023193,3.5326120853424072,0.0,2782751
2015-08-28,3.328465223312378,3.724601984024048,0.0,3.763000011444092,3.609407901763916,3.609407901763916,0.0,8680461
2015-08-31,3.5515060424804688,3.9741880893707275,0.0,4.0125861167907715,3.7054030895233154,3.7054030895233154,0.0,9080690
2015-09-01,3.5515060424804688,3.9741880893707275,0.0,3.99338698387146,3.878192901611328,3.954988956451416,0.0,3608420
2015-09-02,3.4485650062561035,3.858994960784912,0.0,3.9357900619506836,3.858994960784912,3.8973920345306396,0.0,5803120
2015-09-03,3.328465223312378,3.724601984024048,0.0,3.916590929031372,3.7054030895233154,3.916590929031372,0.0,9638949
2015-09-04,3.225522994995117,3.609407901763916,0.0,3.763000011444092,3.5518109798431396,3.7438011169433594,0.0,8319816
2015-09-07,3.1225805282592773,3.4942140579223633,0.0,3.6286070346832275,3.4558160305023193,3.5518109798431396,0.0,11906778
2015-09-08,3.1568949222564697,3.5326120853424072,0.0,3.5902090072631836,3.4942140579223633,3.5134129524230957,0.0,9863648
2015-09-09,3.2083656787872314,3.5902090072631836,0.0,3.5902090072631836,3.5326120853424072,3.5902090072631836,0.0,9980634
2015-09-10,3.276994466781616,3.6670050621032715,0.0,3.686203956604004,3.571010112762451,3.571010112762451,0.0,8752548
2015-09-11,3.2083656787872314,3.5902090072631836,0.0,3.724601984024048,3.571010112762451,3.6670050621032715,0.0,13557282
2015-09-14,3.139737606048584,3.5134129524230957,0.0,3.64780592918396,3.5134129524230957,3.5902090072631836,0.0,11269348
2015-09-15,3.139737606048584,3.5134129524230957,0.0,3.5902090072631836,3.4942140579223633,3.5326120853424072,0.0,12851099
2015-09-16,3.139737606048584,3.5134129524230957,0.0,3.5134129524230957,3.4750149250030518,3.5134129524230957,0.0,2300434
2015-09-17,3.139737606048584,3.5134129524230957,0.0,3.5518109798431396,3.4942140579223633,3.5134129524230957,0.0,6014486
2015-09-18,3.1568949222564697,3.5326120853424072,0.0,3.609407901763916,3.5134129524230957,3.5326120853424072,0.0,13203513
2015-09-21,3.242680311203003,3.6286070346832275,0.0,3.6286070346832275,3.5134129524230957,3.5326120853424072,0.0,9879483
2015-09-22,3.1740517616271973,3.5518109798431396,0.0,3.686203956604004,3.5518109798431396,3.64780592918396,0.0,10387947
2015-09-23,3.2083656787872314,3.5902090072631836,0.0,3.609407901763916,3.5134129524230957,3.5518109798431396,0.0,3282049
2015-09-24,3.1740517616271973,3.5518109798431396,0.0,3.5902090072631836,3.5134129524230957,3.5902090072631836,0.0,4744314
2015-09-25,3.10542368888855,3.4750149250030518,0.0,3.5518109798431396,3.4558160305023193,3.5518109798431396,0.0,16013246
2015-09-28,3.0711097717285156,3.436616897583008,0.0,3.4750149250030518,3.436616897583008,3.4750149250030518,0.0,7119336
2015-09-29,3.0367956161499023,3.398219108581543,0.0,3.436616897583008,3.3022239208221436,3.4174180030822754,0.0,7340389
2015-09-30,3.002481460571289,3.359821081161499,0.0,3.436616897583008,3.3406219482421875,3.398219108581543,0.0,4420963
2015-10-01,2.968167304992676,3.321423053741455,0.0,3.3790199756622314,3.321423053741455,3.3790199756622314,0.0,4188451
2015-10-02,2.9510104656219482,3.3022239208221436,0.0,3.359821081161499,3.3022239208221436,3.321423053741455,0.0,3862705
2015-10-05,3.002481460571289,3.359821081161499,0.0,3.359821081161499,3.3022239208221436,3.3022239208221436,0.0,5915522
2015-10-06,3.002481460571289,3.359821081161499,0.0,3.3790199756622314,3.321423053741455,3.359821081161499,0.0,3456016
2015-10-07,3.0196385383605957,3.3790199756622314,0.0,3.4174180030822754,3.359821081161499,3.359821081161499,0.0,7425186
2015-10-08,3.002481460571289,3.359821081161499,0.0,3.398219108581543,3.3406219482421875,3.398219108581543,0.0,2918592
2015-10-09,3.1225805282592773,3.4942140579223633,0.0,3.5518109798431396,3.3406219482421875,3.359821081161499,0.0,23797826
2015-10-12,3.1225805282592773,3.4942140579223633,0.0,3.5518109798431396,3.4750149250030518,3.5134129524230957,0.0,5464977
2015-10-13,3.053952217102051,3.4174180030822754,0.0,3.4942140579223633,3.4174180030822754,3.4942140579223633,0.0,6370650
2015-10-14,3.10542368888855,3.4750149250030518,0.0,3.5518109798431396,3.436616897583008,3.436616897583008,0.0,10721819
2015-10-15,3.1225805282592773,3.4942140579223633,0.0,3.5134129524230957,3.4750149250030518,3.4942140579223633,0.0,5904376
2015-10-16,3.1740517616271973,3.5518109798431396,0.0,3.609407901763916,3.5134129524230957,3.5134129524230957,0.0,18647448
2015-10-19,3.2083656787872314,3.5902090072631836,0.0,3.609407901763916,3.5518109798431396,3.5902090072631836,0.0,6808903
2015-10-20,3.225522994995117,3.609407901763916,0.0,3.6286070346832275,3.571010112762451,3.5902090072631836,0.0,6545660
2015-10-21,3.1568949222564697,3.5326120853424072,0.0,3.64780592918396,3.5326120853424072,3.6286070346832275,0.0,8973184
2015-10-22,3.1740517616271973,3.5518109798431396,0.0,3.571010112762451,3.5326120853424072,3.5326120853424072,0.0,5705303
2015-10-26,3.1568949222564697,3.5326120853424072,0.0,3.5902090072631836,3.5326120853424072,3.5902090072631836,0.0,3402680
2015-10-27,3.1740517616271973,3.5518109798431396,0.0,3.5902090072631836,3.5134129524230957,3.5518109798431396,0.0,7657490
2015-10-28,3.1568949222564697,3.5326120853424072,0.0,3.571010112762451,3.5134129524230957,3.5518109798431396,0.0,7387371
2015-10-29,3.053952217102051,3.4174180030822754,0.0,3.5326120853424072,3.398219108581543,3.5326120853424072,0.0,9044959
2015-10-30,3.1740517616271973,3.5518109798431396,0.0,3.571010112762451,3.4174180030822754,3.4174180030822754,0.0,11601032
2015-11-02,3.1740517616271973,3.5518109798431396,0.0,3.5902090072631836,3.5326120853424072,3.571010112762451,0.0,4224911
2015-11-03,3.191208839416504,3.571010112762451,0.0,3.6286070346832275,3.5518109798431396,3.609407901763916,0.0,4680977
2015-11-04,3.1740517616271973,3.5518109798431396,0.0,3.5902090072631836,3.5518109798431396,3.571010112762451,0.0,1899163
2015-11-05,3.1568949222564697,3.5326120853424072,0.0,3.5902090072631836,3.5326120853424072,3.5902090072631836,0.0,4222411
2015-11-06,3.1568949222564697,3.5326120853424072,0.0,3.5518109798431396,3.5134129524230957,3.5518109798431396,0.0,3165584
2015-11-09,3.1568949222564697,3.5326120853424072,0.0,3.571010112762451,3.5134129524230957,3.5326120853424072,0.0,1857181
2015-11-10,3.191208839416504,3.571010112762451,0.0,3.571010112762451,3.4942140579223633,3.5134129524230957,0.0,4690665
2015-11-11,3.1740517616271973,3.5518109798431396,0.0,3.609407901763916,3.5326120853424072,3.571010112762451,0.0,4184284
2015-11-12,3.1740517616271973,3.5518109798431396,0.0,3.5518109798431396,3.5134129524230957,3.5326120853424072,0.0,2121675
2015-11-13,3.1568949222564697,3.5326120853424072,0.0,3.5326120853424072,3.4750149250030518,3.5134129524230957,0.0,5288093
2015-11-16,3.139737606048584,3.5134129524230957,0.0,3.5134129524230957,3.4750149250030518,3.4942140579223633,0.0,2153760
2015-11-17,3.191208839416504,3.571010112762451,0.0,3.5902090072631836,3.5134129524230957,3.5134129524230957,0.0,6205017
2015-11-18,3.1568949222564697,3.5326120853424072,0.0,3.5902090072631836,3.5134129524230957,3.571010112762451,0.0,6284292
2015-11-19,3.1568949222564697,3.5326120853424072,0.0,3.571010112762451,3.5326120853424072,3.5518109798431396,0.0,5297052
2015-11-20,3.225522994995117,3.609407901763916,0.0,3.6286070346832275,3.5326120853424072,3.5326120853424072,0.0,8792133
2015-11-23,3.414250612258911,3.820596933364868,0.0,3.858994960784912,3.6286070346832275,3.6286070346832275,0.0,39674607
2015-11-24,3.3113081455230713,3.7054030895233154,0.0,3.878192901611328,3.7054030895233154,3.858994960784912,0.0,29377914
2015-11-25,3.3799362182617188,3.782198905944824,0.0,3.782198905944824,3.724601984024048,3.782198905944824,0.0,7931775
2015-11-26,3.3456225395202637,3.7438011169433594,0.0,3.916590929031372,3.7438011169433594,3.820596933364868,0.0,19182998
2015-11-27,3.3113081455230713,3.7054030895233154,0.0,3.7438011169433594,3.686203956604004,3.7054030895233154,0.0,2751187
2015-11-30,3.276994466781616,3.6670050621032715,0.0,3.686203956604004,3.6286070346832275,3.686203956604004,0.0,4703687
2015-12-01,3.3456225395202637,3.7438011169433594,0.0,3.763000011444092,3.686203956604004,3.686203956604004,0.0,6617539
2015-12-02,3.225522994995117,3.609407901763916,0.0,3.820596933364868,3.609407901763916,3.763000011444092,0.0,14422849
2015-12-03,3.276994466781616,3.6670050621032715,0.0,3.6670050621032715,3.571010112762451,3.6286070346832275,0.0,6059488
2015-12-04,3.242680311203003,3.6286070346832275,0.0,3.686203956604004,3.5902090072631836,3.5902090072631836,0.0,6777651
2015-12-08,3.1740517616271973,3.5518109798431396,0.0,3.6286070346832275,3.5326120853424072,3.609407901763916,0.0,13528426
2015-12-09,3.191208839416504,3.571010112762451,0.0,3.609407901763916,3.5518109798431396,3.5518109798431396,0.0,4364294
2015-12-11,3.1740517616271973,3.5518109798431396,0.0,3.5902090072631836,3.5518109798431396,3.5902090072631836,0.0,5351846
2015-12-14,3.1225805282592773,3.4942140579223633,0.0,3.571010112762451,3.4750149250030518,3.5518109798431396,0.0,10478994
2015-12-15,3.191208839416504,3.571010112762451,0.0,3.571010112762451,3.4942140579223633,3.4942140579223633,0.0,3609254
2015-12-16,3.1740517616271973,3.5518109798431396,0.0,3.609407901763916,3.5134129524230957,3.609407901763916,0.0,5411849
2015-12-17,3.2598369121551514,3.64780592918396,0.0,3.64780592918396,3.5518109798431396,3.5518109798431396,0.0,4359085
2015-12-18,3.1740517616271973,3.5518109798431396,0.0,3.64780592918396,3.5518109798431396,3.64780592918396,0.0,8223770
2015-12-21,3.139737606048584,3.5134129524230957,0.0,3.5518109798431396,3.4942140579223633,3.5134129524230957,0.0,5324657
2015-12-22,3.139737606048584,3.5134129524230957,0.0,3.571010112762451,3.4942140579223633,3.5518109798431396,0.0,6532534
2015-12-23,3.1225805282592773,3.4942140579223633,0.0,3.5902090072631836,3.4750149250030518,3.5518109798431396,0.0,7433832
2015-12-24,3.10542368888855,3.4750149250030518,0.0,3.5518109798431396,3.3790199756622314,3.4942140579223633,0.0,10675046
2015-12-25,3.10542368888855,3.4750149250030518,0.0,3.5326120853424072,3.4558160305023193,3.4942140579223633,0.0,4741918
2015-12-28,3.1568949222564697,3.5326120853424072,0.0,3.5518109798431396,3.4558160305023193,3.4750149250030518,0.0,2557323
2015-12-29,3.139737606048584,3.5134129524230957,0.0,3.5902090072631836,3.5134129524230957,3.571010112762451,0.0,3188502
2015-12-30,3.1740517616271973,3.5518109798431396,0.0,3.5902090072631836,3.5134129524230957,3.571010112762451,0.0,3746553
2016-01-04,3.0711097717285156,3.436616897583008,0.0,3.5134129524230957,3.4174180030822754,3.5134129524230957,0.0,4130219
2016-01-05,3.1568949222564697,3.5326120853424072,0.0,3.5326120853424072,3.4558160305023193,3.4558160305023193,0.0,3600712
2016-01-06,3.1568949222564697,3.5326120853424072,0.0,3.5518109798431396,3.4942140579223633,3.5326120853424072,0.0,2511383
2016-01-07,3.10542368888855,3.4750149250030518,0.0,3.5326120853424072,3.4558160305023193,3.4942140579223633,0.0,5989276
2016-01-08,3.1225805282592773,3.4942140579223633,0.0,3.5134129524230957,3.4558160305023193,3.4942140579223633,0.0,4802234
2016-01-11,3.1225805282592773,3.4942140579223633,0.0,3.5134129524230957,3.4558160305023193,3.4942140579223633,0.0,3010576
2016-01-12,3.1225805282592773,3.4942140579223633,0.0,3.5518109798431396,3.4942140579223633,3.5134129524230957,0.0,8317004
2016-01-13,3.2598369121551514,3.64780592918396,0.0,3.64780592918396,3.5326120853424072,3.5326120853424072,0.0,5120897
2016-01-14,3.2083656787872314,3.5902090072631836,0.0,3.6286070346832275,3.5326120853424072,3.6286070346832275,0.0,8581080
2016-01-15,3.225522994995117,3.609407901763916,0.0,3.64780592918396,3.5902090072631836,3.64780592918396,0.0,2508674
2016-01-18,3.1740517616271973,3.5518109798431396,0.0,3.6286070346832275,3.5134129524230957,3.5902090072631836,0.0,5535398
2016-01-19,3.191208839416504,3.571010112762451,0.0,3.5902090072631836,3.5518109798431396,3.5902090072631836,0.0,3972711
2016-01-20,3.139737606048584,3.5134129524230957,0.0,3.5518109798431396,3.5134129524230957,3.5326120853424072,0.0,3854267
2016-01-21,3.1225805282592773,3.4942140579223633,0.0,3.5326120853424072,3.4558160305023193,3.5134129524230957,0.0,6339607
2016-01-22,3.1568949222564697,3.5326120853424072,0.0,3.5902090072631836,3.5134129524230957,3.5134129524230957,0.0,6683896
2016-01-25,3.1568949222564697,3.5326120853424072,0.0,3.5518109798431396,3.5134129524230957,3.5326120853424072,0.0,8313879
2016-01-26,3.1740517616271973,3.5518109798431396,0.0,3.571010112762451,3.5134129524230957,3.5134129524230957,0.0,5886145
2016-01-27,3.2941513061523438,3.686203956604004,0.0,3.724601984024048,3.5518109798431396,3.5902090072631836,0.0,18968715
2016-01-28,3.276994466781616,3.6670050621032715,0.0,3.782198905944824,3.609407901763916,3.7438011169433594,0.0,15217579
2016-01-29,3.2941513061523438,3.686203956604004,0.0,3.724601984024048,3.64780592918396,3.724601984024048,0.0,3418827
2016-02-01,3.4314076900482178,3.8397960662841797,0.0,3.858994960784912,3.7054030895233154,3.7438011169433594,0.0,37914930
2016-02-02,3.3799362182617188,3.782198905944824,0.0,3.8397960662841797,3.724601984024048,3.820596933364868,0.0,17036946
2016-02-03,3.5000343322753906,3.916590929031372,0.0,4.031785011291504,3.7438011169433594,3.7438011169433594,0.0,57242103
2016-02-04,3.7230770587921143,4.166178226470947,0.0,4.166178226470947,3.878192901611328,3.916590929031372,0.0,39642522
2016-02-05,3.671605110168457,4.108581066131592,0.0,4.166178226470947,4.050983905792236,4.166178226470947,0.0,25492916
2016-02-08,3.732363700866699,4.127779960632324,0.047997,4.146978855133057,4.070182800292969,4.070182800292969,0.0,22119716
2016-02-09,3.6976444721221924,4.089382171630859,0.0,4.146978855133057,4.070182800292969,4.127779960632324,0.0,10769113
2016-02-10,3.923323154449463,4.3389692306518555,0.0,4.3389692306518555,4.127779960632324,4.127779960632324,0.0,31050295
2016-02-11,3.784444570541382,4.18537712097168,0.0,4.37736701965332,4.146978855133057,4.319769859313965,0.0,26451092
2016-02-12,3.784444570541382,4.18537712097168,0.0,4.204576015472412,4.108581066131592,4.166178226470947,0.0,9484878
2016-02-15,3.8018038272857666,4.204576015472412,0.0,4.3389692306518555,4.166178226470947,4.262173175811768,0.0,16242321
2016-02-16,3.732363700866699,4.127779960632324,0.0,4.2237749099731445,4.108581066131592,4.204576015472412,0.0,8522640
2016-02-17,3.7150044441223145,4.108581066131592,0.0,4.146978855133057,3.9357900619506836,4.146978855133057,0.0,13538844
2016-02-18,3.7150044441223145,4.108581066131592,0.0,4.204576015472412,4.050983905792236,4.127779960632324,0.0,5834997
2016-02-19,3.6629250049591064,4.050983905792236,0.0,4.089382171630859,4.0125861167907715,4.089382171630859,0.0,12951937
2016-02-23,3.7150044441223145,4.108581066131592,0.0,4.204576015472412,4.050983905792236,4.050983905792236,0.0,11959489
2016-02-24,3.784444570541382,4.18537712097168,0.0,4.18537712097168,4.089382171630859,4.089382171630859,0.0,13179762
2016-02-25,3.7670845985412598,4.166178226470947,0.0,4.204576015472412,4.146978855133057,4.204576015472412,0.0,5312990
2016-02-26,3.7670845985412598,4.166178226470947,0.0,4.18537712097168,4.089382171630859,4.18537712097168,0.0,2795877
2016-02-29,3.7670845985412598,4.166178226470947,0.0,4.204576015472412,4.050983905792236,4.166178226470947,0.0,5226423
2016-03-01,3.732363700866699,4.127779960632324,0.0,4.18537712097168,3.9741880893707275,4.146978855133057,0.0,10752862
2016-03-02,3.732363700866699,4.127779960632324,0.0,4.166178226470947,4.108581066131592,4.127779960632324,0.0,7788851
2016-03-03,3.871243476867676,4.2813720703125,0.0,4.2813720703125,4.127779960632324,4.127779960632324,0.0,13408212
2016-03-04,3.975402593612671,4.396565914154053,0.0,4.492560863494873,4.300570964813232,4.319769859313965,0.0,34966753
2016-03-07,3.9580423831939697,4.37736701965332,0.0,4.492560863494873,4.3389692306518555,4.454163074493408,0.0,16486709
2016-03-08,3.871243476867676,4.2813720703125,0.0,4.37736701965332,4.2237749099731445,4.37736701965332,0.0,9875524
2016-03-09,3.871243476867676,4.2813720703125,0.0,4.2813720703125,4.146978855133057,4.262173175811768,0.0,7486960
2016-03-10,3.8191640377044678,4.2237749099731445,0.0,4.262173175811768,4.18537712097168,4.204576015472412,0.0,5820100
2016-03-11,3.8191640377044678,4.2237749099731445,0.0,4.242973804473877,4.166178226470947,4.204576015472412,0.0,8775361
2016-03-14,3.8538835048675537,4.262173175811768,0.0,4.358168125152588,4.2237749099731445,4.262173175811768,0.0,9861773
2016-03-15,3.975402593612671,4.396565914154053,0.0,4.396565914154053,4.2237749099731445,4.242973804473877,0.0,9298514
2016-03-16,4.18372106552124,4.626954078674316,0.0,4.684550762176514,4.473361968994141,4.473361968994141,0.0,58926775
2016-03-17,4.010122299194336,4.434964179992676,0.0,4.569356918334961,4.415764808654785,4.5501580238342285,0.0,36066603
2016-03-18,3.9927618503570557,4.415764808654785,0.0,4.511760234832764,4.3389692306518555,4.454163074493408,0.0,24225870
2016-03-21,3.9927618503570557,4.415764808654785,0.0,4.454163074493408,4.37736701965332,4.434964179992676,0.0,6069384
2016-03-22,4.079563140869141,4.511760234832764,0.0,4.5501580238342285,4.415764808654785,4.434964179992676,0.0,16361389
2016-03-23,4.044842720031738,4.473361968994141,0.0,4.569356918334961,4.434964179992676,4.569356918334961,0.0,9783123
2016-03-24,4.114281177520752,4.5501580238342285,0.0,4.588555812835693,4.473361968994141,4.492560863494873,0.0,8045844
2016-03-25,4.062201976776123,4.492560863494873,0.0,4.569356918334961,4.473361968994141,4.5501580238342285,0.0,4126781
2016-03-28,4.027482509613037,4.454163074493408,0.0,4.492560863494873,4.358168125152588,4.473361968994141,0.0,6463572
2016-03-29,4.079563140869141,4.511760234832764,0.0,4.530959129333496,4.454163074493408,4.473361968994141,0.0,4646184
2016-03-30,4.1663618087768555,4.607755184173584,0.0,4.626954078674316,4.492560863494873,4.530959129333496,0.0,20577030
2016-03-31,4.149001121520996,4.588555812835693,0.0,4.607755184173584,4.530959129333496,4.607755184173584,0.0,7434978
2016-04-01,4.1663618087768555,4.607755184173584,0.0,4.607755184173584,4.569356918334961,4.607755184173584,0.0,7786351
2016-04-04,4.149001121520996,4.588555812835693,0.0,4.665351867675781,4.5501580238342285,4.665351867675781,0.0,4444715
2016-04-05,4.079563140869141,4.511760234832764,0.0,4.569356918334961,4.492560863494873,4.5501580238342285,0.0,7217154
2016-04-07,4.010122299194336,4.434964179992676,0.0,4.5501580238342285,4.434964179992676,4.511760234832764,0.0,13136947
2016-04-08,3.905963182449341,4.319769859313965,0.0,4.415764808654785,4.031785011291504,4.396565914154053,0.0,26491198
2016-04-11,3.9580423831939697,4.37736701965332,0.0,4.396565914154053,4.262173175811768,4.262173175811768,0.0,5137564
2016-04-12,4.010122299194336,4.434964179992676,0.0,4.434964179992676,4.300570964813232,4.396565914154053,0.0,3841454
2016-04-18,3.9580423831939697,4.37736701965332,0.0,4.492560863494873,4.3389692306518555,4.454163074493408,0.0,3396534
2016-04-19,3.975402593612671,4.396565914154053,0.0,4.396565914154053,4.319769859313965,4.37736701965332,0.0,2420753
2016-04-20,4.096922397613525,4.530959129333496,0.0,4.530959129333496,4.396565914154053,4.396565914154053,0.0,7124440
2016-04-21,4.062201976776123,4.492560863494873,0.0,4.5501580238342285,4.454163074493408,4.530959129333496,0.0,3523312
2016-04-22,4.010122299194336,4.434964179992676,0.0,4.530959129333496,4.415764808654785,4.530959129333496,0.0,2221576
2016-04-25,4.027482509613037,4.454163074493408,0.0,4.492560863494873,4.434964179992676,4.454163074493408,0.0,1736342
2016-04-26,4.027482509613037,4.454163074493408,0.0,4.492560863494873,4.415764808654785,4.434964179992676,0.0,1890829
2016-04-27,4.010122299194336,4.434964179992676,0.0,4.473361968994141,4.37736701965332,4.454163074493408,0.0,4481592
2016-04-28,3.975402593612671,4.396565914154053,0.0,4.434964179992676,4.37736701965332,4.415764808654785,0.0,3882810
2016-04-29,3.9580423831939697,4.37736701965332,0.0,4.396565914154053,4.37736701965332,4.37736701965332,0.0,668473
2016-05-03,3.975402593612671,4.396565914154053,0.0,4.434964179992676,4.37736701965332,4.37736701965332,0.0,1381427
2016-05-04,3.975402593612671,4.396565914154053,0.0,4.396565914154053,4.358168125152588,4.37736701965332,0.0,1279442
2016-05-09,3.9580423831939697,4.37736701965332,0.0,4.396565914154053,4.2237749099731445,4.37736701965332,0.0,6812861
2016-05-10,3.923323154449463,4.3389692306518555,0.0,4.358168125152588,4.300570964813232,4.319769859313965,0.0,2050213
2016-05-11,3.871243476867676,4.2813720703125,0.0,4.300570964813232,4.242973804473877,4.300570964813232,0.0,4707958
2016-05-12,3.871243476867676,4.2813720703125,0.0,4.300570964813232,4.242973804473877,4.2813720703125,0.0,4424401
2016-05-13,3.8018038272857666,4.204576015472412,0.0,4.2813720703125,4.18537712097168,4.2813720703125,0.0,8446177
2016-05-16,3.8365237712860107,4.242973804473877,0.0,4.3389692306518555,4.204576015472412,4.204576015472412,0.0,4840257
2016-05-17,3.888603448867798,4.300570964813232,0.0,4.3389692306518555,4.242973804473877,4.242973804473877,0.0,4015942
2016-05-18,3.8538835048675537,4.262173175811768,0.0,4.319769859313965,4.242973804473877,4.319769859313965,0.0,3362366
2016-05-19,3.888603448867798,4.300570964813232,0.0,4.319769859313965,4.262173175811768,4.262173175811768,0.0,1402678
2016-05-23,3.871243476867676,4.2813720703125,0.0,4.300570964813232,4.262173175811768,4.262173175811768,0.0,3146833
2016-05-24,3.8538835048675537,4.262173175811768,0.0,4.300570964813232,4.262173175811768,4.2813720703125,0.0,1790720
2016-05-25,3.905963182449341,4.319769859313965,0.0,4.319769859313965,4.2813720703125,4.2813720703125,0.0,1188917
2016-05-26,3.9580423831939697,4.37736701965332,0.0,4.415764808654785,4.358168125152588,4.358168125152588,0.0,2843901
2016-05-27,3.975402593612671,4.396565914154053,0.0,4.396565914154053,4.358168125152588,4.37736701965332,0.0,5023287
2016-05-30,4.149001121520996,4.588555812835693,0.0,4.607755184173584,4.37736701965332,4.415764808654785,0.0,9438209
2016-05-31,4.149001121520996,4.588555812835693,0.0,4.847742080688477,4.588555812835693,4.646152973175049,0.0,40902068
2016-06-01,4.131640911102295,4.569356918334961,0.0,4.665351867675781,4.530959129333496,4.569356918334961,0.0,5255800
2016-06-02,4.131640911102295,4.569356918334961,0.0,4.626954078674316,4.5501580238342285,4.588555812835693,0.0,4780358
2016-06-03,4.339960098266602,4.799745082855225,0.0,4.799745082855225,4.569356918334961,4.588555812835693,0.0,37328336
2016-06-06,4.470158576965332,4.943737030029297,0.0,4.991734027862549,4.799745082855225,4.847742080688477,0.0,25282072
2016-06-07,4.64375638961792,5.1357269287109375,0.0,5.1357269287109375,4.991734027862549,5.039731979370117,0.0,31786688
2016-06-08,4.6871562004089355,5.1837239265441895,0.0,5.27971887588501,5.1357269287109375,5.1837239265441895,0.0,36828206
2016-06-09,4.600357532501221,5.087728977203369,0.0,5.231721878051758,5.087728977203369,5.1837239265441895,0.0,13078090
2016-06-10,4.556957244873047,5.039731979370117,0.0,5.087728977203369,4.991734027862549,5.039731979370117,0.0,7358099
2016-06-13,4.513557434082031,4.991734027862549,0.0,4.991734027862549,4.847742080688477,4.8957390785217285,0.0,5904480
2016-06-14,4.600357532501221,5.087728977203369,0.0,5.1837239265441895,4.943737030029297,4.991734027862549,0.0,11058295
2016-06-15,4.600357532501221,5.087728977203369,0.0,5.1837239265441895,5.039731979370117,5.087728977203369,0.0,11835420
2016-06-16,4.426757335662842,4.8957390785217285,0.0,5.1357269287109375,4.799745082855225,5.087728977203369,0.0,20311808
2016-06-17,4.470158576965332,4.943737030029297,0.0,4.991734027862549,4.847742080688477,4.943737030029297,0.0,12048452
2016-06-20,4.64375638961792,5.1357269287109375,0.0,5.1357269287109375,4.943737030029297,4.991734027862549,0.0,12695570
2016-06-21,4.77395486831665,5.27971887588501,0.0,5.37571382522583,5.087728977203369,5.1357269287109375,0.0,48045989
2016-06-22,4.6871562004089355,5.1837239265441895,0.0,5.423710823059082,5.1357269287109375,5.327715873718262,0.0,21762301
2016-06-23,5.034354209899902,5.567704200744629,0.0,5.615701198577881,5.231721878051758,5.27971887588501,0.0,63477538
2016-06-24,4.990952491760254,5.519705772399902,0.0,5.663699150085449,5.327715873718262,5.327715873718262,0.0,64003087
2016-06-27,5.034354209899902,5.567704200744629,0.0,5.615701198577881,5.47170877456665,5.567704200744629,0.0,14679842
2016-06-28,5.251351356506348,5.8076910972595215,0.0,5.855688095092773,5.567704200744629,5.567704200744629,0.0,51441065
2016-06-29,5.16455078125,5.711696147918701,0.0,5.855688095092773,5.711696147918701,5.855688095092773,0.0,22902466
2016-06-30,5.207951068878174,5.7596940994262695,0.0,5.8076910972595215,5.615701198577881,5.711696147918701,0.0,16030955
2016-07-04,5.4249491691589355,5.999680995941162,0.0,6.047677993774414,5.7596940994262695,5.7596940994262695,0.0,46474656
2016-07-05,5.338150978088379,5.903686046600342,0.0,6.047677993774414,5.855688095092773,6.047677993774414,0.0,23484476
2016-07-06,5.511749267578125,6.095675945281982,0.0,6.191670894622803,5.951683044433594,5.951683044433594,0.0,41232710
2016-07-07,5.511749267578125,6.095675945281982,0.0,6.191670894622803,6.047677993774414,6.143672943115234,0.0,19029656
2016-07-08,5.6419477462768555,6.239667892456055,0.0,6.335662841796875,5.999680995941162,6.095675945281982,0.0,41967020
2016-07-11,5.694511890411377,6.239667892456055,0.057597,6.287664890289307,6.095675945281982,6.239667892456055,0.0,17314461
2016-07-12,5.957335948944092,6.527653217315674,0.0,6.671645164489746,6.239667892456055,6.287664890289307,0.0,58184757
2016-07-13,5.738316535949707,6.287664890289307,0.0,6.623648166656494,6.143672943115234,6.575650215148926,0.0,29893462
2016-07-14,5.475492000579834,5.999680995941162,0.0,6.287664890289307,5.903686046600342,6.191670894622803,0.0,37894512
2016-07-15,5.694511890411377,6.239667892456055,0.0,6.287664890289307,5.951683044433594,6.047677993774414,0.0,26078051
2016-07-20,5.563100337982178,6.095675945281982,0.0,6.383659839630127,6.047677993774414,6.239667892456055,0.0,19439157
2016-07-21,5.387884616851807,5.903686046600342,0.0,6.095675945281982,5.7596940994262695,6.095675945281982,0.0,24040756
2016-07-22,5.300276756286621,5.8076910972595215,0.0,5.903686046600342,5.663699150085449,5.855688095092773,0.0,32903414
2016-07-25,5.168865203857422,5.663699150085449,0.0,5.7596940994262695,5.567704200744629,5.711696147918701,0.0,36367035
2016-07-26,5.212668418884277,5.711696147918701,0.0,5.711696147918701,5.615701198577881,5.663699150085449,0.0,11089339
2016-07-27,5.6507086753845215,6.191670894622803,0.0,6.191670894622803,5.7596940994262695,5.7596940994262695,0.0,51965051
2016-07-28,5.519295692443848,6.047677993774414,0.0,6.191670894622803,5.999680995941162,6.143672943115234,0.0,20589010
2016-07-29,5.519295692443848,6.047677993774414,0.0,6.191670894622803,5.951683044433594,6.095675945281982,0.0,15676770
2016-08-01,5.256472587585449,5.7596940994262695,0.0,6.095675945281982,5.7596940994262695,6.095675945281982,0.0,13172470
2016-08-02,5.387884616851807,5.903686046600342,0.0,5.999680995941162,5.615701198577881,5.7596940994262695,0.0,19034969
2016-08-03,5.387884616851807,5.903686046600342,0.0,5.903686046600342,5.7596940994262695,5.855688095092773,0.0,8574413
2016-08-04,5.212668418884277,5.711696147918701,0.0,5.855688095092773,5.615701198577881,5.8076910972595215,0.0,29324370
2016-08-05,4.993649005889893,5.47170877456665,0.0,5.8076910972595215,5.27971887588501,5.711696147918701,0.0,45526480
2016-08-08,4.949844837188721,5.423710823059082,0.0,5.663699150085449,5.327715873718262,5.519705772399902,0.0,36619653
2016-08-09,5.300276756286621,5.8076910972595215,0.0,5.8076910972595215,5.423710823059082,5.423710823059082,0.0,30102953
2016-08-10,5.168865203857422,5.663699150085449,0.0,5.8076910972595215,5.567704200744629,5.7596940994262695,0.0,13467173
2016-08-11,5.168865203857422,5.663699150085449,0.0,5.711696147918701,5.567704200744629,5.711696147918701,0.0,17686251
2016-08-15,5.168865203857422,5.663699150085449,0.0,5.711696147918701,5.47170877456665,5.47170877456665,0.0,13664684
2016-08-16,5.212668418884277,5.711696147918701,0.0,5.8076910972595215,5.615701198577881,5.615701198577881,0.0,19234146
2016-08-17,5.387884616851807,5.903686046600342,0.0,5.951683044433594,5.663699150085449,5.663699150085449,0.0,27565005
2016-08-18,5.6507086753845215,6.191670894622803,0.0,6.191670894622803,5.951683044433594,5.951683044433594,0.0,61557957
2016-08-19,5.519295692443848,6.047677993774414,0.0,6.191670894622803,6.047677993774414,6.191670894622803,0.0,24301603
2016-08-22,5.475492000579834,5.999680995941162,0.0,6.095675945281982,5.903686046600342,6.047677993774414,0.0,21363009
2016-08-23,5.7821197509765625,6.335662841796875,0.0,6.335662841796875,5.999680995941162,6.047677993774414,0.0,117566765
2016-08-24,5.6507086753845215,6.191670894622803,0.0,6.527653217315674,6.191670894622803,6.527653217315674,0.0,98587840
2016-08-25,5.694511890411377,6.239667892456055,0.0,6.287664890289307,6.095675945281982,6.191670894622803,0.0,36404329
2016-08-26,5.563100337982178,6.095675945281982,0.0,6.335662841796875,6.095675945281982,6.335662841796875,0.0,25260716
2016-08-29,5.563100337982178,6.095675945281982,0.0,6.143672943115234,5.951683044433594,6.095675945281982,0.0,20878400
2016-08-30,5.6507086753845215,6.191670894622803,0.0,6.287664890289307,6.095675945281982,6.095675945281982,0.0,21023304
2016-08-31,5.606904029846191,6.143672943115234,0.0,6.191670894622803,6.095675945281982,6.191670894622803,0.0,22573594
2016-09-01,5.563100337982178,6.095675945281982,0.0,6.191670894622803,6.095675945281982,6.143672943115234,0.0,16333159
2016-09-02,5.300276756286621,5.8076910972595215,0.0,6.143672943115234,5.7596940994262695,6.095675945281982,0.0,33909196
2016-09-05,5.037452697753906,5.519705772399902,0.0,5.8076910972595215,5.327715873718262,5.8076910972595215,0.0,61533997
2016-09-06,5.037452697753906,5.519705772399902,0.0,5.663699150085449,5.47170877456665,5.47170877456665,0.0,28885075
2016-09-07,5.0812578201293945,5.567704200744629,0.0,5.711696147918701,5.519705772399902,5.519705772399902,0.0,18422749
2016-09-08,4.818432807922363,5.27971887588501,0.0,5.663699150085449,5.087728977203369,5.567704200744629,0.0,32913831
2016-09-09,4.687020778656006,5.1357269287109375,0.0,5.27971887588501,4.943737030029297,5.27971887588501,0.0,19742819
2016-09-12,4.468000411987305,4.8957390785217285,0.0,5.039731979370117,4.847742080688477,4.847742080688477,0.0,16499938
2016-09-13,4.555608749389648,4.991734027862549,0.0,5.039731979370117,4.847742080688477,5.039731979370117,0.0,12010325
2016-09-14,4.730824947357178,5.1837239265441895,0.0,5.1837239265441895,4.8957390785217285,4.943737030029297,0.0,6237831
2016-09-15,4.643216609954834,5.087728977203369,0.0,5.1837239265441895,4.943737030029297,5.1837239265441895,0.0,11918549
2016-09-16,4.730824947357178,5.1837239265441895,0.0,5.1837239265441895,4.943737030029297,5.087728977203369,0.0,19444261
2016-09-19,4.818432807922363,5.27971887588501,0.0,5.327715873718262,5.1357269287109375,5.1837239265441895,0.0,12003554
2016-09-20,4.818432807922363,5.27971887588501,0.0,5.327715873718262,5.039731979370117,5.27971887588501,0.0,17403528
2016-09-21,4.949844837188721,5.423710823059082,0.0,5.47170877456665,5.231721878051758,5.27971887588501,0.0,15915116
2016-09-22,4.906041622161865,5.37571382522583,0.0,5.519705772399902,5.37571382522583,5.47170877456665,0.0,4802338
2016-09-23,4.906041622161865,5.37571382522583,0.0,5.423710823059082,5.1357269287109375,5.37571382522583,0.0,4682227
2016-09-26,4.862236976623535,5.327715873718262,0.0,5.37571382522583,5.231721878051758,5.27971887588501,0.0,1777490
2016-09-27,4.687020778656006,5.1357269287109375,0.0,5.327715873718262,5.1357269287109375,5.327715873718262,0.0,4239600
2016-09-28,4.862236976623535,5.327715873718262,0.0,5.423710823059082,5.1357269287109375,5.1837239265441895,0.0,11729998
2016-09-29,4.949844837188721,5.423710823059082,0.0,5.567704200744629,5.423710823059082,5.423710823059082,0.0,24186909
2016-09-30,4.862236976623535,5.327715873718262,0.0,5.47170877456665,5.27971887588501,5.37571382522583,0.0,8653792
2016-10-03,4.862236976623535,5.327715873718262,0.0,5.37571382522583,5.231721878051758,5.327715873718262,0.0,2856714
2016-10-04,4.818432807922363,5.27971887588501,0.0,5.37571382522583,5.1837239265441895,5.37571382522583,0.0,3676861
2016-10-05,4.818432807922363,5.27971887588501,0.0,5.27971887588501,5.231721878051758,5.27971887588501,0.0,2255432
2016-10-06,4.906041622161865,5.37571382522583,0.0,5.37571382522583,5.231721878051758,5.231721878051758,0.0,6366275
2016-10-07,4.774630069732666,5.231721878051758,0.0,5.37571382522583,5.231721878051758,5.327715873718262,0.0,3751657
2016-10-10,4.468000411987305,4.8957390785217285,0.0,5.039731979370117,4.761346817016602,4.8957390785217285,0.0,12672964
2016-10-11,4.511805534362793,4.943737030029297,0.0,4.991734027862549,4.761346817016602,4.943737030029297,0.0,28308482
2016-10-12,4.292786598205566,4.703750133514404,0.0,4.847742080688477,3.64780592918396,4.799745082855225,0.0,24139928
2016-10-13,4.292786598205566,4.703750133514404,0.0,4.780546188354492,4.530959129333496,4.530959129333496,0.0,12936728
2016-10-14,4.774630069732666,5.231721878051758,0.0,5.231721878051758,4.742147922515869,4.780546188354492,0.0,10412428
2016-10-17,4.643216609954834,5.087728977203369,0.0,5.231721878051758,4.991734027862549,5.231721878051758,0.0,8723171
2016-10-18,4.5994133949279785,5.039731979370117,0.0,5.1837239265441895,4.991734027862549,5.1357269287109375,0.0,3586648
2016-10-19,4.993649005889893,5.47170877456665,0.0,5.47170877456665,5.039731979370117,5.087728977203369,0.0,16465874
2016-10-20,5.125060558319092,5.615701198577881,0.0,5.663699150085449,5.423710823059082,5.423710823059082,0.0,14630256
2016-10-21,4.993649005889893,5.47170877456665,0.0,5.615701198577881,5.47170877456665,5.615701198577881,0.0,6589620
2016-10-25,4.993649005889893,5.47170877456665,0.0,5.567704200744629,5.37571382522583,5.567704200744629,0.0,5369451
2016-10-26,4.993649005889893,5.47170877456665,0.0,5.519705772399902,5.37571382522583,5.519705772399902,0.0,1834889
2016-10-27,5.037452697753906,5.519705772399902,0.0,5.567704200744629,5.327715873718262,5.567704200744629,0.0,4654726
2016-10-28,5.037452697753906,5.519705772399902,0.0,5.567704200744629,5.423710823059082,5.567704200744629,0.0,4232412
2016-10-31,4.993649005889893,5.47170877456665,0.0,5.519705772399902,5.37571382522583,5.519705772399902,0.0,3174231
2016-11-01,4.818432807922363,5.27971887588501,0.0,5.519705772399902,5.1837239265441895,5.423710823059082,0.0,20271389
2016-11-02,4.774630069732666,5.231721878051758,0.0,5.27971887588501,5.087728977203369,5.27971887588501,0.0,6949431
2016-11-03,4.687020778656006,5.1357269287109375,0.0,5.1837239265441895,5.087728977203369,5.1357269287109375,0.0,7897815
2016-11-04,4.5994133949279785,5.039731979370117,0.0,5.1837239265441895,4.991734027862549,5.1357269287109375,0.0,4745252
2016-11-07,4.643216609954834,5.087728977203369,0.0,5.1357269287109375,5.039731979370117,5.1357269287109375,0.0,5581025
2016-11-08,4.643216609954834,5.087728977203369,0.0,5.1357269287109375,4.943737030029297,5.039731979370117,0.0,15363211
2016-11-09,4.5994133949279785,5.039731979370117,0.0,5.087728977203369,4.8957390785217285,5.039731979370117,0.0,10656816
2016-11-10,4.643216609954834,5.087728977203369,0.0,5.1837239265441895,5.039731979370117,5.087728977203369,0.0,10555143
2016-11-11,4.424198627471924,4.847742080688477,0.0,5.087728977203369,4.847742080688477,5.039731979370117,0.0,9230073
2016-11-14,4.380394458770752,4.799745082855225,0.0,4.847742080688477,4.780546188354492,4.847742080688477,0.0,5326116
2016-11-15,4.424198627471924,4.847742080688477,0.0,4.8957390785217285,4.780546188354492,4.847742080688477,0.0,4393983
2016-11-16,4.555608749389648,4.991734027862549,0.0,5.1357269287109375,4.8957390785217285,4.8957390785217285,0.0,12295340
2016-11-17,4.555608749389648,4.991734027862549,0.0,5.039731979370117,4.8957390785217285,4.991734027862549,0.0,5082144
2016-11-18,4.468000411987305,4.8957390785217285,0.0,4.991734027862549,4.8957390785217285,4.943737030029297,0.0,1825201
2016-11-21,4.380394458770752,4.799745082855225,0.0,4.8957390785217285,4.799745082855225,4.8957390785217285,0.0,3650298
2016-11-22,4.468000411987305,4.8957390785217285,0.0,4.8957390785217285,4.780546188354492,4.847742080688477,0.0,3907811
2016-11-23,4.424198627471924,4.847742080688477,0.0,4.943737030029297,4.799745082855225,4.8957390785217285,0.0,5800620
2016-11-24,4.380394458770752,4.799745082855225,0.0,4.8957390785217285,4.799745082855225,4.847742080688477,0.0,4002608
2016-11-25,4.3628716468811035,4.780546188354492,0.0,4.8957390785217285,4.780546188354492,4.799745082855225,0.0,6659937
2016-11-28,4.380394458770752,4.799745082855225,0.0,4.799745082855225,4.761346817016602,4.799745082855225,0.0,5597484
2016-11-29,4.380394458770752,4.799745082855225,0.0,4.847742080688477,4.761346817016602,4.799745082855225,0.0,5724054
2016-11-30,4.468000411987305,4.8957390785217285,0.0,5.039731979370117,4.780546188354492,4.847742080688477,0.0,13720416
2016-12-01,4.380394458770752,4.799745082855225,0.0,4.943737030029297,4.799745082855225,4.943737030029297,0.0,4333146
2016-12-02,4.468000411987305,4.8957390785217285,0.0,4.943737030029297,4.799745082855225,4.847742080688477,0.0,6002089
2016-12-06,4.511805534362793,4.943737030029297,0.0,4.991734027862549,4.8957390785217285,4.8957390785217285,0.0,4357314
2016-12-07,4.643216609954834,5.087728977203369,0.0,5.1837239265441895,4.991734027862549,4.991734027862549,0.0,8774736
2016-12-08,4.5994133949279785,5.039731979370117,0.0,5.1837239265441895,4.991734027862549,5.087728977203369,0.0,5807600
2016-12-09,4.5994133949279785,5.039731979370117,0.0,5.1837239265441895,4.991734027862549,5.039731979370117,0.0,5246111
2016-12-13,4.5994133949279785,5.039731979370117,0.0,5.1357269287109375,4.991734027862549,5.087728977203369,0.0,4056673
2016-12-14,4.468000411987305,4.8957390785217285,0.0,5.087728977203369,4.8957390785217285,5.087728977203369,0.0,3343719
2016-12-15,4.468000411987305,4.8957390785217285,0.0,4.943737030029297,4.8957390785217285,4.8957390785217285,0.0,2063755
2016-12-16,4.5994133949279785,5.039731979370117,0.0,5.039731979370117,4.8957390785217285,4.943737030029297,0.0,3957918
2016-12-19,4.555608749389648,4.991734027862549,0.0,5.087728977203369,4.943737030029297,5.039731979370117,0.0,3984065
2016-12-20,4.730824947357178,5.1837239265441895,0.0,5.1837239265441895,4.991734027862549,5.039731979370117,0.0,6083239
2016-12-21,4.730824947357178,5.1837239265441895,0.0,5.327715873718262,5.1357269287109375,5.27971887588501,0.0,14398368
2016-12-22,4.862236976623535,5.327715873718262,0.0,5.47170877456665,5.1357269287109375,5.1837239265441895,0.0,14808182
2016-12-23,4.906041622161865,5.37571382522583,0.0,5.423710823059082,5.27971887588501,5.327715873718262,0.0,8704212
2016-12-26,4.862236976623535,5.327715873718262,0.0,5.47170877456665,5.231721878051758,5.423710823059082,0.0,4607328
2016-12-27,4.774630069732666,5.231721878051758,0.0,5.327715873718262,5.1837239265441895,5.327715873718262,0.0,2318143
2016-12-28,4.906041622161865,5.37571382522583,0.0,5.37571382522583,5.1837239265441895,5.1837239265441895,0.0,2085839
2016-12-29,4.906041622161865,5.37571382522583,0.0,5.37571382522583,5.1837239265441895,5.37571382522583,0.0,6062197
2016-12-30,4.906041622161865,5.37571382522583,0.0,5.423710823059082,5.327715873718262,5.327715873718262,0.0,7252676
2017-01-04,4.906041622161865,5.37571382522583,0.0,5.47170877456665,5.327715873718262,5.37571382522583,0.0,8752339
2017-01-05,4.730824947357178,5.1837239265441895,0.0,5.37571382522583,5.087728977203369,5.37571382522583,0.0,6227934
2017-01-06,4.730824947357178,5.1837239265441895,0.0,5.327715873718262,5.1837239265441895,5.1837239265441895,0.0,5537585
2017-01-09,4.643216609954834,5.087728977203369,0.0,5.27971887588501,5.039731979370117,5.231721878051758,0.0,7866251
2017-01-10,4.643216609954834,5.087728977203369,0.0,5.1357269287109375,5.039731979370117,5.039731979370117,0.0,5313823
2017-01-11,4.862236976623535,5.327715873718262,0.0,5.327715873718262,5.039731979370117,5.087728977203369,0.0,20043252
2017-01-12,4.906041622161865,5.37571382522583,0.0,5.423710823059082,5.27971887588501,5.37571382522583,0.0,14093352
2017-01-16,4.730824947357178,5.1837239265441895,0.0,5.27971887588501,5.1837239265441895,5.27971887588501,0.0,4054590
2017-01-17,4.730824947357178,5.1837239265441895,0.0,5.37571382522583,5.1837239265441895,5.1837239265441895,0.0,6793381
2017-01-18,4.730824947357178,5.1837239265441895,0.0,5.27971887588501,5.087728977203369,5.231721878051758,0.0,3466538
2017-01-19,4.5994133949279785,5.039731979370117,0.0,5.231721878051758,5.039731979370117,5.231721878051758,0.0,4327209
2017-01-20,4.818432807922363,5.27971887588501,0.0,5.27971887588501,4.991734027862549,4.991734027862549,0.0,16624424
2017-01-23,4.818432807922363,5.27971887588501,0.0,5.423710823059082,5.1837239265441895,5.27971887588501,0.0,15801672
2017-01-24,5.0812578201293945,5.567704200744629,0.0,5.615701198577881,5.231721878051758,5.27971887588501,0.0,49668263
2017-01-25,4.818432807922363,5.27971887588501,0.0,5.855688095092773,5.231721878051758,5.711696147918701,0.0,60309036
2017-01-26,4.687020778656006,5.1357269287109375,0.0,5.37571382522583,5.039731979370117,5.27971887588501,0.0,35307917
2017-01-27,4.774630069732666,5.231721878051758,0.0,5.27971887588501,5.087728977203369,5.1357269287109375,0.0,8879325
2017-01-30,4.687020778656006,5.1357269287109375,0.0,5.231721878051758,5.087728977203369,5.1837239265441895,0.0,8351068
2017-01-31,4.643216609954834,5.087728977203369,0.0,5.1837239265441895,5.087728977203369,5.1357269287109375,0.0,4685978
2017-02-01,4.730824947357178,5.1837239265441895,0.0,5.1837239265441895,5.087728977203369,5.087728977203369,0.0,5022975
2017-02-02,4.555608749389648,4.991734027862549,0.0,5.1837239265441895,4.8957390785217285,5.1357269287109375,0.0,18281908
2017-02-03,4.5994133949279785,5.039731979370117,0.0,5.039731979370117,4.943737030029297,4.991734027862549,0.0,6070739
2017-02-06,4.818432807922363,5.27971887588501,0.0,5.27971887588501,5.039731979370117,5.087728977203369,0.0,40873421
2017-02-07,4.687020778656006,5.1357269287109375,0.0,5.231721878051758,5.087728977203369,5.231721878051758,0.0,5039434
2017-02-08,4.687020778656006,5.1357269287109375,0.0,5.1837239265441895,5.087728977203369,5.1357269287109375,0.0,2254703
2017-02-09,4.643216609954834,5.087728977203369,0.0,5.1837239265441895,5.039731979370117,5.1357269287109375,0.0,5844685
2017-02-10,4.629988670349121,5.039731979370117,0.033598,5.087728977203369,4.943737030029297,5.087728977203369,0.0,7661344
2017-02-14,4.585893630981445,4.991734027862549,0.0,5.039731979370117,4.943737030029297,5.039731979370117,0.0,2537113
2017-02-15,4.497702121734619,4.8957390785217285,0.0,4.991734027862549,4.8957390785217285,4.991734027862549,0.0,8935057
2017-02-16,4.5417985916137695,4.943737030029297,0.0,4.991734027862549,4.8957390785217285,4.8957390785217285,0.0,3943230
2017-02-17,4.5417985916137695,4.943737030029297,0.0,5.039731979370117,4.943737030029297,4.943737030029297,0.0,2847963
2017-02-20,4.585893630981445,4.991734027862549,0.0,4.991734027862549,4.847742080688477,4.991734027862549,0.0,3577585
2017-02-21,4.497702121734619,4.8957390785217285,0.0,4.991734027862549,4.8957390785217285,4.991734027862549,0.0,3022139
2017-02-22,4.5417985916137695,4.943737030029297,0.0,4.943737030029297,4.847742080688477,4.8957390785217285,0.0,3898957
2017-02-23,4.5417985916137695,4.943737030029297,0.0,4.943737030029297,4.847742080688477,4.8957390785217285,0.0,1803324
2017-02-24,4.45360803604126,4.847742080688477,0.0,4.943737030029297,4.847742080688477,4.943737030029297,0.0,2086360
2017-02-27,4.45360803604126,4.847742080688477,0.0,4.8957390785217285,4.799745082855225,4.847742080688477,0.0,5177879
2017-02-28,4.497702121734619,4.8957390785217285,0.0,4.8957390785217285,4.799745082855225,4.847742080688477,0.0,3251006
2017-03-01,4.409513473510742,4.799745082855225,0.0,4.8957390785217285,4.780546188354492,4.8957390785217285,0.0,9363518
2017-03-02,4.409513473510742,4.799745082855225,0.0,4.8957390785217285,4.799745082855225,4.847742080688477,0.0,6405756
2017-03-03,4.409513473510742,4.799745082855225,0.0,4.847742080688477,4.780546188354492,4.799745082855225,0.0,9528839
2017-03-06,4.5417985916137695,4.943737030029297,0.0,4.991734027862549,4.780546188354492,4.799745082855225,0.0,11698538
2017-03-07,4.45360803604126,4.847742080688477,0.0,4.991734027862549,4.847742080688477,4.8957390785217285,0.0,1678109
2017-03-08,4.5417985916137695,4.943737030029297,0.0,4.943737030029297,4.799745082855225,4.8957390785217285,0.0,2904633
2017-03-09,4.5417985916137695,4.943737030029297,0.0,4.943737030029297,4.847742080688477,4.8957390785217285,0.0,1092662
2017-03-10,4.45360803604126,4.847742080688477,0.0,4.943737030029297,4.847742080688477,4.8957390785217285,0.0,1681443
2017-03-13,4.409513473510742,4.799745082855225,0.0,4.8957390785217285,4.761346817016602,4.847742080688477,0.0,5196630
2017-03-14,4.497702121734619,4.8957390785217285,0.0,4.8957390785217285,4.761346817016602,4.780546188354492,0.0,1711132
2017-03-15,4.45360803604126,4.847742080688477,0.0,4.8957390785217285,4.799745082855225,4.799745082855225,0.0,4303353
2017-03-16,4.45360803604126,4.847742080688477,0.0,4.8957390785217285,4.799745082855225,4.8957390785217285,0.0,4859841
2017-03-17,4.497702121734619,4.8957390785217285,0.0,4.8957390785217285,4.761346817016602,4.799745082855225,0.0,9783957
2017-03-20,4.409513473510742,4.799745082855225,0.0,4.8957390785217285,4.780546188354492,4.8957390785217285,0.0,3564668
2017-03-21,4.409513473510742,4.799745082855225,0.0,4.847742080688477,4.780546188354492,4.847742080688477,0.0,2594721
2017-03-22,4.391875743865967,4.780546188354492,0.0,4.847742080688477,4.780546188354492,4.799745082855225,0.0,4908177
2017-03-23,4.497702121734619,4.8957390785217285,0.0,4.8957390785217285,4.646152973175049,4.780546188354492,0.0,38892899
2017-03-24,4.409513473510742,4.799745082855225,0.0,4.847742080688477,4.761346817016602,4.799745082855225,0.0,5429038
2017-03-27,4.409513473510742,4.799745082855225,0.0,4.799745082855225,4.742147922515869,4.780546188354492,0.0,7169755
2017-03-28,4.409513473510742,4.799745082855225,0.0,4.799745082855225,4.742147922515869,4.799745082855225,0.0,8068970
2017-03-29,4.497702121734619,4.8957390785217285,0.0,4.8957390785217285,4.780546188354492,4.799745082855225,0.0,16064499
2017-03-30,4.497702121734619,4.8957390785217285,0.0,4.8957390785217285,4.799745082855225,4.847742080688477,0.0,9073606
2017-03-31,4.497702121734619,4.8957390785217285,0.0,4.943737030029297,4.847742080688477,4.8957390785217285,0.0,3981148
2017-04-03,4.5417985916137695,4.943737030029297,0.0,4.943737030029297,4.847742080688477,4.8957390785217285,0.0,5050789
2017-04-04,4.5417985916137695,4.943737030029297,0.0,4.991734027862549,4.8957390785217285,4.943737030029297,0.0,2394398
2017-04-05,4.585893630981445,4.991734027862549,0.0,4.991734027862549,4.847742080688477,4.991734027862549,0.0,7377996
2017-04-07,4.497702121734619,4.8957390785217285,0.0,4.991734027862549,4.847742080688477,4.991734027862549,0.0,4158658
2017-04-10,4.391875743865967,4.780546188354492,0.0,4.8957390785217285,4.761346817016602,4.847742080688477,0.0,15344981
2017-04-11,4.321323394775391,4.703750133514404,0.0,4.799745082855225,4.703750133514404,4.780546188354492,0.0,18961632
2017-04-12,4.497702121734619,4.8957390785217285,0.0,4.8957390785217285,4.703750133514404,4.703750133514404,0.0,14640881
2017-04-17,4.45360803604126,4.847742080688477,0.0,4.847742080688477,4.761346817016602,4.847742080688477,0.0,6320439
2017-04-18,4.409513473510742,4.799745082855225,0.0,4.8957390785217285,4.799745082855225,4.847742080688477,0.0,4064590
2017-04-19,4.409513473510742,4.799745082855225,0.0,4.847742080688477,4.780546188354492,4.847742080688477,0.0,4080425
2017-04-20,4.33896017074585,4.722949028015137,0.0,4.799745082855225,4.722949028015137,4.799745082855225,0.0,8732651
2017-04-21,4.374237537384033,4.761346817016602,0.0,4.799745082855225,4.742147922515869,4.761346817016602,0.0,3879268
2017-04-24,4.33896017074585,4.722949028015137,0.0,4.761346817016602,4.722949028015137,4.761346817016602,0.0,2923176
2017-04-25,4.303685665130615,4.684550762176514,0.0,4.761346817016602,4.665351867675781,4.742147922515869,0.0,6739212
2017-04-26,4.33896017074585,4.722949028015137,0.0,4.722949028015137,4.665351867675781,4.703750133514404,0.0,2247827
2017-04-27,4.374237537384033,4.761346817016602,0.0,4.761346817016602,4.684550762176514,4.703750133514404,0.0,4780878
2017-04-28,4.356598377227783,4.742147922515869,0.0,4.761346817016602,4.722949028015137,4.761346817016602,0.0,4040214
2017-05-02,4.374237537384033,4.761346817016602,0.0,4.761346817016602,4.722949028015137,4.742147922515869,0.0,1310486
2017-05-03,4.33896017074585,4.722949028015137,0.0,4.761346817016602,4.722949028015137,4.761346817016602,0.0,5385181
2017-05-04,4.33896017074585,4.722949028015137,0.0,4.742147922515869,4.684550762176514,4.742147922515869,0.0,3237046
2017-05-08,4.303685665130615,4.684550762176514,0.0,4.703750133514404,4.626954078674316,4.684550762176514,0.0,8954642
2017-05-09,4.303685665130615,4.684550762176514,0.0,4.722949028015137,4.646152973175049,4.665351867675781,0.0,8980789
2017-05-11,4.303685665130615,4.684550762176514,0.0,4.722949028015137,4.665351867675781,4.684550762176514,0.0,4026047
2017-05-12,4.286046981811523,4.665351867675781,0.0,4.684550762176514,4.646152973175049,4.665351867675781,0.0,3336010
2017-05-15,4.33896017074585,4.722949028015137,0.0,4.722949028015137,4.722949028015137,4.722949028015137,0.0,688890
2017-05-16,4.374237537384033,4.761346817016602,0.0,4.780546188354492,4.703750133514404,4.722949028015137,0.0,5765514
2017-05-17,4.356598377227783,4.742147922515869,0.0,4.761346817016602,4.684550762176514,4.761346817016602,0.0,8002925
2017-05-18,4.356598377227783,4.742147922515869,0.0,4.799745082855225,4.703750133514404,4.703750133514404,0.0,12659422
2017-05-19,4.497702121734619,4.8957390785217285,0.0,4.8957390785217285,4.742147922515869,4.742147922515869,0.0,14333990
2017-05-22,4.5417985916137695,4.943737030029297,0.0,4.943737030029297,4.847742080688477,4.8957390785217285,0.0,10407115
2017-05-23,4.585893630981445,4.991734027862549,0.0,4.991734027862549,4.847742080688477,4.991734027862549,0.0,13777606
2017-05-24,4.629988670349121,5.039731979370117,0.0,5.039731979370117,4.847742080688477,4.991734027862549,0.0,23939813
2017-05-25,4.629988670349121,5.039731979370117,0.0,5.087728977203369,4.943737030029297,5.087728977203369,0.0,14850372
2017-05-26,4.7181782722473145,5.1357269287109375,0.0,5.1357269287109375,5.039731979370117,5.039731979370117,0.0,19376029
2017-05-29,4.674083709716797,5.087728977203369,0.0,5.1357269287109375,5.039731979370117,5.087728977203369,0.0,4997973
2017-05-30,4.674083709716797,5.087728977203369,0.0,5.087728977203369,4.991734027862549,5.087728977203369,0.0,7835624
2017-05-31,4.674083709716797,5.087728977203369,0.0,5.1357269287109375,4.991734027862549,5.039731979370117,0.0,15094239
2017-06-01,4.674083709716797,5.087728977203369,0.0,5.087728977203369,4.991734027862549,5.039731979370117,0.0,3693737
2017-06-02,4.7181782722473145,5.1357269287109375,0.0,5.1837239265441895,5.039731979370117,5.087728977203369,0.0,9771560
2017-06-05,4.7181782722473145,5.1357269287109375,0.0,5.1837239265441895,5.087728977203369,5.1357269287109375,0.0,12433681
2017-06-06,4.7181782722473145,5.1357269287109375,0.0,5.1837239265441895,5.087728977203369,5.1837239265441895,0.0,3394451
2017-06-07,4.7181782722473145,5.1357269287109375,0.0,5.1357269287109375,5.087728977203369,5.087728977203369,0.0,3078288
2017-06-08,4.7181782722473145,5.1357269287109375,0.0,5.1357269287109375,5.039731979370117,5.1357269287109375,0.0,4338251
2017-06-09,4.5417985916137695,4.943737030029297,0.0,5.087728977203369,4.8957390785217285,5.087728977203369,0.0,8626083
2017-06-12,4.674083709716797,5.087728977203369,0.0,5.087728977203369,4.943737030029297,4.943737030029297,0.0,5524460
2017-06-13,4.629988670349121,5.039731979370117,0.0,5.087728977203369,5.039731979370117,5.039731979370117,0.0,4863070
2017-06-14,4.7181782722473145,5.1357269287109375,0.0,5.1837239265441895,5.039731979370117,5.039731979370117,0.0,6279604
2017-06-15,4.7181782722473145,5.1357269287109375,0.0,5.1357269287109375,5.087728977203369,5.1357269287109375,0.0,2457734
2017-06-16,4.674083709716797,5.087728977203369,0.0,5.1837239265441895,5.087728977203369,5.1357269287109375,0.0,7020268
2017-06-19,4.674083709716797,5.087728977203369,0.0,5.1357269287109375,5.039731979370117,5.1357269287109375,0.0,4449507
2017-06-20,4.894557952880859,5.327715873718262,0.0,5.37571382522583,5.087728977203369,5.087728977203369,0.0,43122707
2017-06-21,4.938653945922852,5.37571382522583,0.0,5.423710823059082,5.27971887588501,5.327715873718262,0.0,22100757
2017-06-22,5.070939064025879,5.519705772399902,0.0,5.567704200744629,5.327715873718262,5.37571382522583,0.0,26208996
2017-06-23,5.026844024658203,5.47170877456665,0.0,5.567704200744629,5.423710823059082,5.47170877456665,0.0,16981527
2017-06-26,5.026844024658203,5.47170877456665,0.0,5.567704200744629,5.37571382522583,5.47170877456665,0.0,8478054
2017-06-27,5.026844024658203,5.47170877456665,0.0,5.519705772399902,5.37571382522583,5.423710823059082,0.0,10420553
2017-06-28,4.938653945922852,5.37571382522583,0.0,5.47170877456665,5.327715873718262,5.423710823059082,0.0,11379875
2017-06-29,5.026844024658203,5.47170877456665,0.0,5.47170877456665,5.327715873718262,5.37571382522583,0.0,10319298
2017-06-30,5.026844024658203,5.47170877456665,0.0,5.47170877456665,5.37571382522583,5.37571382522583,0.0,8110534
2017-07-03,4.982749938964844,5.423710823059082,0.0,5.47170877456665,5.37571382522583,5.47170877456665,0.0,2846192
2017-07-04,4.894557952880859,5.327715873718262,0.0,5.423710823059082,5.327715873718262,5.423710823059082,0.0,5265279
2017-07-05,4.806369781494141,5.231721878051758,0.0,5.37571382522583,5.231721878051758,5.327715873718262,0.0,3474872
2017-07-06,4.674083709716797,5.087728977203369,0.0,5.27971887588501,5.087728977203369,5.27971887588501,0.0,7048395
2017-07-07,4.894557952880859,5.327715873718262,0.0,5.327715873718262,4.991734027862549,5.087728977203369,0.0,8013133
2017-07-11,4.806369781494141,5.231721878051758,0.0,5.37571382522583,5.231721878051758,5.327715873718262,0.0,3724781
2017-07-12,4.8504638671875,5.27971887588501,0.0,5.327715873718262,5.231721878051758,5.231721878051758,0.0,3761970
2017-07-13,4.872612476348877,5.27971887588501,0.023999,5.27971887588501,5.1357269287109375,5.27971887588501,0.0,6574307
2017-07-14,4.784020900726318,5.1837239265441895,0.0,5.27971887588501,5.1357269287109375,5.27971887588501,0.0,5930002
2017-07-17,4.784020900726318,5.1837239265441895,0.0,5.231721878051758,5.1357269287109375,5.1837239265441895,0.0,6863385
2017-07-18,4.828317165374756,5.231721878051758,0.0,5.231721878051758,5.1837239265441895,5.1837239265441895,0.0,5106521
2017-07-19,4.784020900726318,5.1837239265441895,0.0,5.231721878051758,5.1837239265441895,5.1837239265441895,0.0,9225073
2017-07-20,4.651130199432373,5.039731979370117,0.0,5.231721878051758,4.943737030029297,5.1837239265441895,0.0,8125535
2017-07-21,4.562537670135498,4.943737030029297,0.0,4.991734027862549,4.943737030029297,4.943737030029297,0.0,8550870
2017-07-24,4.518239974975586,4.8957390785217285,0.0,4.943737030029297,4.847742080688477,4.8957390785217285,0.0,13453943
2017-07-25,4.518239974975586,4.8957390785217285,0.0,4.943737030029297,4.8957390785217285,4.8957390785217285,0.0,9723849
2017-07-26,4.73972225189209,5.1357269287109375,0.0,5.1357269287109375,4.8957390785217285,4.8957390785217285,0.0,9768748
2017-07-27,4.6068339347839355,4.991734027862549,0.0,5.1837239265441895,4.943737030029297,5.1357269287109375,0.0,6765984
2017-07-31,4.6068339347839355,4.991734027862549,0.0,4.991734027862549,4.8957390785217285,4.943737030029297,0.0,2591491
2017-08-01,4.651130199432373,5.039731979370117,0.0,5.039731979370117,4.943737030029297,4.991734027862549,0.0,653159
2017-08-02,4.695426940917969,5.087728977203369,0.0,5.087728977203369,5.039731979370117,5.039731979370117,0.0,1037242
2017-08-03,4.73972225189209,5.1357269287109375,0.0,5.1357269287109375,4.847742080688477,4.991734027862549,0.0,7635197
2017-08-04,4.828317165374756,5.231721878051758,0.0,5.327715873718262,5.1357269287109375,5.1837239265441895,0.0,14101999
2017-08-07,4.872612476348877,5.27971887588501,0.0,5.327715873718262,5.1837239265441895,5.231721878051758,0.0,9840835
2017-08-08,4.872612476348877,5.27971887588501,0.0,5.37571382522583,5.231721878051758,5.27971887588501,0.0,16237737
2017-08-09,5.094094753265381,5.519705772399902,0.0,5.519705772399902,5.27971887588501,5.37571382522583,0.0,18888607
2017-08-10,5.138391971588135,5.567704200744629,0.0,5.663699150085449,5.47170877456665,5.519705772399902,0.0,18324410
2017-08-11,4.961205005645752,5.37571382522583,0.0,5.567704200744629,5.27971887588501,5.519705772399902,0.0,12753385
2017-08-15,4.961205005645752,5.37571382522583,0.0,5.47170877456665,5.327715873718262,5.327715873718262,0.0,6732024
2017-08-16,4.961205005645752,5.37571382522583,0.0,5.519705772399902,5.327715873718262,5.47170877456665,0.0,9167049
2017-08-17,4.961205005645752,5.37571382522583,0.0,5.423710823059082,5.1837239265441895,5.423710823059082,0.0,6091990
2017-08-18,4.872612476348877,5.27971887588501,0.0,5.37571382522583,5.231721878051758,5.327715873718262,0.0,9321745
2017-08-21,4.872612476348877,5.27971887588501,0.0,5.37571382522583,5.231721878051758,5.37571382522583,0.0,10114391
2017-08-22,4.916907787322998,5.327715873718262,0.0,5.37571382522583,5.27971887588501,5.327715873718262,0.0,3615192
2017-08-23,4.872612476348877,5.27971887588501,0.0,5.327715873718262,5.27971887588501,5.327715873718262,0.0,4000941
2017-08-24,4.961205005645752,5.37571382522583,0.0,5.423710823059082,5.231721878051758,5.231721878051758,0.0,5893854
2017-08-25,4.961205005645752,5.37571382522583,0.0,5.423710823059082,5.27971887588501,5.37571382522583,0.0,1631753
2017-08-28,4.961205005645752,5.37571382522583,0.0,5.37571382522583,5.37571382522583,5.37571382522583,0.0,310016
2017-08-29,4.961205005645752,5.37571382522583,0.0,5.423710823059082,5.327715873718262,5.327715873718262,0.0,5599672
2017-08-30,4.916907787322998,5.327715873718262,0.0,5.37571382522583,5.27971887588501,5.37571382522583,0.0,6318773
2017-08-31,4.872612476348877,5.27971887588501,0.0,5.327715873718262,5.27971887588501,5.327715873718262,0.0,2844317
2017-09-01,5.005502700805664,5.423710823059082,0.0,5.47170877456665,5.27971887588501,5.27971887588501,0.0,7144025
2017-09-04,4.961205005645752,5.37571382522583,0.0,5.423710823059082,5.327715873718262,5.423710823059082,0.0,2577949
2017-09-05,5.094094753265381,5.519705772399902,0.0,5.519705772399902,5.37571382522583,5.37571382522583,0.0,7653531
2017-09-06,5.049798011779785,5.47170877456665,0.0,5.519705772399902,5.37571382522583,5.519705772399902,0.0,6434820
2017-09-07,4.961205005645752,5.37571382522583,0.0,5.519705772399902,5.327715873718262,5.519705772399902,0.0,5354138
2017-09-08,4.916907787322998,5.327715873718262,0.0,5.423710823059082,5.327715873718262,5.37571382522583,0.0,2407211
2017-09-11,4.916907787322998,5.327715873718262,0.0,5.423710823059082,5.327715873718262,5.327715873718262,0.0,2387939
2017-09-12,5.005502700805664,5.423710823059082,0.0,5.47170877456665,5.087728977203369,5.327715873718262,0.0,15700104
2017-09-13,4.916907787322998,5.327715873718262,0.0,5.47170877456665,5.327715873718262,5.47170877456665,0.0,4484092
2017-09-14,4.961205005645752,5.37571382522583,0.0,5.423710823059082,5.27971887588501,5.327715873718262,0.0,3746240
2017-09-15,4.961205005645752,5.37571382522583,0.0,5.37571382522583,5.231721878051758,5.327715873718262,0.0,6569828
2017-09-18,4.916907787322998,5.327715873718262,0.0,5.37571382522583,5.327715873718262,5.327715873718262,0.0,4009067
2017-09-19,4.916907787322998,5.327715873718262,0.0,5.423710823059082,5.27971887588501,5.327715873718262,0.0,1896663
2017-09-20,4.916907787322998,5.327715873718262,0.0,5.37571382522583,5.27971887588501,5.27971887588501,0.0,3964793
2017-09-21,4.784020900726318,5.1837239265441895,0.0,5.27971887588501,5.1837239265441895,5.27971887588501,0.0,7349348
2017-09-22,4.73972225189209,5.1357269287109375,0.0,5.231721878051758,5.087728977203369,5.1837239265441895,0.0,11853129
2017-09-25,4.916907787322998,5.327715873718262,0.0,5.47170877456665,5.1357269287109375,5.1357269287109375,0.0,15624163
2017-09-26,5.049798011779785,5.47170877456665,0.0,5.47170877456665,5.27971887588501,5.327715873718262,0.0,5482374
2017-09-27,5.005502700805664,5.423710823059082,0.0,5.519705772399902,5.327715873718262,5.519705772399902,0.0,4273456
2017-09-28,5.049798011779785,5.47170877456665,0.0,5.47170877456665,5.327715873718262,5.423710823059082,0.0,3595607
2017-09-29,5.094094753265381,5.519705772399902,0.0,5.615701198577881,5.37571382522583,5.423710823059082,0.0,8416801
2017-10-02,5.138391971588135,5.567704200744629,0.0,5.615701198577881,5.47170877456665,5.519705772399902,0.0,5996568
2017-10-03,5.182687759399414,5.615701198577881,0.0,5.615701198577881,5.37571382522583,5.567704200744629,0.0,11064858
2017-10-04,5.049798011779785,5.47170877456665,0.0,5.7596940994262695,5.47170877456665,5.615701198577881,0.0,19336131
2017-10-05,5.005502700805664,5.423710823059082,0.0,5.567704200744629,5.423710823059082,5.519705772399902,0.0,4708166
2017-10-06,5.094094753265381,5.519705772399902,0.0,5.615701198577881,5.423710823059082,5.47170877456665,0.0,6132096
2017-10-09,5.182687759399414,5.615701198577881,0.0,5.663699150085449,5.47170877456665,5.615701198577881,0.0,6731711
2017-10-10,5.448466777801514,5.903686046600342,0.0,5.903686046600342,5.663699150085449,5.663699150085449,0.0,65486082
2017-10-11,5.448466777801514,5.903686046600342,0.0,5.999680995941162,5.8076910972595215,5.903686046600342,0.0,26890282
2017-10-12,5.3598737716674805,5.8076910972595215,0.0,5.951683044433594,5.8076910972595215,5.951683044433594,0.0,14933605
2017-10-16,5.404170513153076,5.855688095092773,0.0,5.855688095092773,5.855688095092773,5.855688095092773,0.0,832335
2017-10-17,5.3598737716674805,5.8076910972595215,0.0,5.951683044433594,5.8076910972595215,5.855688095092773,0.0,10865577
2017-10-18,5.182687759399414,5.615701198577881,0.0,5.903686046600342,5.519705772399902,5.855688095092773,0.0,17530201
2017-10-19,5.049798011779785,5.47170877456665,0.0,5.615701198577881,5.231721878051758,5.567704200744629,0.0,23529062
2017-10-20,4.961205005645752,5.37571382522583,0.0,5.519705772399902,5.327715873718262,5.47170877456665,0.0,21395823
2017-10-24,5.049798011779785,5.47170877456665,0.0,5.47170877456665,5.327715873718262,5.327715873718262,0.0,11894694
2017-10-25,5.138391971588135,5.567704200744629,0.0,5.615701198577881,5.423710823059082,5.47170877456665,0.0,12654422
2017-10-27,5.226986885070801,5.663699150085449,0.0,5.711696147918701,5.519705772399902,5.615701198577881,0.0,12785679
2017-10-30,5.226986885070801,5.663699150085449,0.0,5.711696147918701,5.567704200744629,5.615701198577881,0.0,7916774
2017-10-31,5.448466777801514,5.903686046600342,0.0,5.999680995941162,5.567704200744629,5.663699150085449,0.0,34852788
2017-11-01,5.404170513153076,5.855688095092773,0.0,5.903686046600342,5.8076910972595215,5.903686046600342,0.0,9309452
2017-11-02,5.271280765533447,5.711696147918701,0.0,5.7596940994262695,5.663699150085449,5.7596940994262695,0.0,11966573
2017-11-03,5.182687759399414,5.615701198577881,0.0,5.7596940994262695,5.519705772399902,5.711696147918701,0.0,14372950
2017-11-06,5.182687759399414,5.615701198577881,0.0,5.663699150085449,5.519705772399902,5.615701198577881,0.0,5033600
2017-11-07,5.404170513153076,5.855688095092773,0.0,5.855688095092773,5.567704200744629,5.567704200744629,0.0,15177368
2017-11-08,5.3598737716674805,5.8076910972595215,0.0,5.8076910972595215,5.7596940994262695,5.7596940994262695,0.0,15191431
2017-11-09,5.226986885070801,5.663699150085449,0.0,5.8076910972595215,5.663699150085449,5.8076910972595215,0.0,5593213
2017-11-10,5.315577983856201,5.7596940994262695,0.0,5.8076910972595215,5.663699150085449,5.711696147918701,0.0,16623903
2017-11-13,5.315577983856201,5.7596940994262695,0.0,5.8076910972595215,5.711696147918701,5.7596940994262695,0.0,4160116
2017-11-14,5.315577983856201,5.7596940994262695,0.0,5.7596940994262695,5.663699150085449,5.7596940994262695,0.0,6884428
2017-11-15,5.315577983856201,5.7596940994262695,0.0,5.903686046600342,5.663699150085449,5.7596940994262695,0.0,4561492
2017-11-16,5.315577983856201,5.7596940994262695,0.0,5.7596940994262695,5.711696147918701,5.7596940994262695,0.0,4350439
2017-11-17,5.271280765533447,5.711696147918701,0.0,5.7596940994262695,5.663699150085449,5.7596940994262695,0.0,6881615
2017-11-20,5.315577983856201,5.7596940994262695,0.0,5.7596940994262695,5.663699150085449,5.711696147918701,0.0,3575606
2017-11-21,5.315577983856201,5.7596940994262695,0.0,5.7596940994262695,5.7596940994262695,5.7596940994262695,0.0,17585309
2017-11-22,5.315577983856201,5.7596940994262695,0.0,5.8076910972595215,5.711696147918701,5.7596940994262695,0.0,19304254
2017-11-23,5.315577983856201,5.7596940994262695,0.0,5.7596940994262695,5.663699150085449,5.7596940994262695,0.0,7204132
2017-11-24,5.3598737716674805,5.8076910972595215,0.0,5.8076910972595215,5.519705772399902,5.7596940994262695,0.0,12963709
2017-11-27,5.404170513153076,5.855688095092773,0.0,5.855688095092773,5.711696147918701,5.7596940994262695,0.0,19849387
2017-11-28,5.492763042449951,5.951683044433594,0.0,5.951683044433594,5.7596940994262695,5.855688095092773,0.0,23130916
2017-11-29,5.5370612144470215,5.999680995941162,0.0,5.999680995941162,5.855688095092773,5.951683044433594,0.0,24781212
2017-11-30,5.581356525421143,6.047677993774414,0.0,6.047677993774414,5.903686046600342,5.951683044433594,0.0,20448273
2017-12-01,5.581356525421143,6.047677993774414,0.0,6.095675945281982,5.999680995941162,6.047677993774414,0.0,14900166
2017-12-04,5.625653266906738,6.095675945281982,0.0,6.095675945281982,5.951683044433594,6.095675945281982,0.0,23094872
2017-12-06,5.625653266906738,6.095675945281982,0.0,6.095675945281982,5.951683044433594,6.095675945281982,0.0,37684189
2017-12-07,5.315577983856201,5.7596940994262695,0.0,5.999680995941162,5.711696147918701,5.951683044433594,0.0,48607790
2017-12-08,5.138391971588135,5.567704200744629,0.0,5.7596940994262695,5.567704200744629,5.7596940994262695,0.0,23607816
2017-12-12,5.094094753265381,5.519705772399902,0.0,5.663699150085449,5.423710823059082,5.615701198577881,0.0,18078668
2017-12-13,5.226986885070801,5.663699150085449,0.0,5.711696147918701,5.519705772399902,5.519705772399902,0.0,24308374
2017-12-14,5.315577983856201,5.7596940994262695,0.0,5.7596940994262695,5.567704200744629,5.615701198577881,0.0,21573333
2017-12-15,5.3598737716674805,5.8076910972595215,0.0,5.8076910972595215,5.663699150085449,5.7596940994262695,0.0,19043407
2017-12-18,5.3598737716674805,5.8076910972595215,0.0,5.8076910972595215,5.711696147918701,5.8076910972595215,0.0,45207297
2017-12-19,5.315577983856201,5.7596940994262695,0.0,5.8076910972595215,5.711696147918701,5.7596940994262695,0.0,11426544
2017-12-20,5.3598737716674805,5.8076910972595215,0.0,5.8076910972595215,5.711696147918701,5.7596940994262695,0.0,6436696
2017-12-21,5.492763042449951,5.951683044433594,0.0,5.951683044433594,5.8076910972595215,5.855688095092773,0.0,10206167
2017-12-22,5.492763042449951,5.951683044433594,0.0,5.999680995941162,5.855688095092773,5.999680995941162,0.0,9729787
2017-12-25,5.5370612144470215,5.999680995941162,0.0,5.999680995941162,5.903686046600342,5.951683044433594,0.0,4548262
2017-12-26,5.669948577880859,6.143672943115234,0.0,6.191670894622803,5.903686046600342,5.999680995941162,0.0,22063151
2017-12-27,5.758542060852051,6.239667892456055,0.0,6.239667892456055,6.047677993774414,6.095675945281982,0.0,18496190
2017-12-28,5.8028388023376465,6.287664890289307,0.0,6.287664890289307,6.143672943115234,6.287664890289307,0.0,10186895
2017-12-29,5.8028388023376465,6.287664890289307,0.0,6.335662841796875,6.239667892456055,6.287664890289307,0.0,9844168
2018-01-03,5.758542060852051,6.239667892456055,0.0,6.335662841796875,6.143672943115234,6.335662841796875,0.0,17323524
2018-01-04,5.71424674987793,6.191670894622803,0.0,6.239667892456055,5.903686046600342,6.239667892456055,0.0,37043738
2018-01-05,5.758542060852051,6.239667892456055,0.0,6.239667892456055,5.999680995941162,6.239667892456055,0.0,23416452
2018-01-08,5.8028388023376465,6.287664890289307,0.0,6.383659839630127,6.047677993774414,6.239667892456055,0.0,49888274
2018-01-09,5.9800238609313965,6.479654788970947,0.0,6.479654788970947,6.479654788970947,6.479654788970947,0.0,8431906
2018-01-10,6.157212257385254,6.671645164489746,0.0,6.7196431159973145,6.479654788970947,6.527653217315674,0.0,24672143
2018-01-11,6.1129150390625,6.623648166656494,0.0,6.767640113830566,6.575650215148926,6.7196431159973145,0.0,27848770
2018-01-12,5.891430854797363,6.383659839630127,0.0,6.623648166656494,6.383659839630127,6.623648166656494,0.0,16886938
2018-01-15,5.758542060852051,6.239667892456055,0.0,6.383659839630127,6.191670894622803,6.335662841796875,0.0,11432898
2018-01-16,5.758542060852051,6.239667892456055,0.0,6.335662841796875,6.143672943115234,6.239667892456055,0.0,4489092
2018-01-17,5.8471360206604,6.335662841796875,0.0,6.335662841796875,6.239667892456055,6.239667892456055,0.0,2821191
2018-01-18,5.758542060852051,6.239667892456055,0.0,6.383659839630127,6.095675945281982,6.335662841796875,0.0,17838343
2018-01-19,5.669948577880859,6.143672943115234,0.0,6.287664890289307,5.999680995941162,6.143672943115234,0.0,21705736
2018-01-22,5.669948577880859,6.143672943115234,0.0,6.239667892456055,6.095675945281982,6.095675945281982,0.0,8166371
2018-01-23,5.891430854797363,6.383659839630127,0.0,6.431657791137695,6.143672943115234,6.191670894622803,0.0,9240803
2018-01-24,5.935728549957275,6.431657791137695,0.0,6.431657791137695,6.335662841796875,6.383659839630127,0.0,3090997
2018-01-25,5.758542060852051,6.239667892456055,0.0,6.431657791137695,6.239667892456055,6.431657791137695,0.0,4185118
2018-01-26,5.71424674987793,6.191670894622803,0.0,6.383659839630127,6.143672943115234,6.191670894622803,0.0,7485293
2018-01-29,5.758542060852051,6.239667892456055,0.0,6.287664890289307,6.191670894622803,6.287664890289307,0.0,4696186
2018-01-30,5.71424674987793,6.191670894622803,0.0,6.335662841796875,6.143672943115234,6.191670894622803,0.0,3525708
2018-01-31,5.71424674987793,6.191670894622803,0.0,6.239667892456055,6.143672943115234,6.191670894622803,0.0,3194232
2018-02-01,5.625653266906738,6.095675945281982,0.0,6.239667892456055,6.095675945281982,6.191670894622803,0.0,6842759
2018-02-02,5.669948577880859,6.143672943115234,0.0,6.239667892456055,6.095675945281982,6.143672943115234,0.0,5267571
2018-02-05,5.669948577880859,6.143672943115234,0.0,6.143672943115234,5.903686046600342,6.095675945281982,0.0,7500190
2018-02-06,5.3598737716674805,5.8076910972595215,0.0,5.999680995941162,5.7596940994262695,5.999680995941162,0.0,10411907
2018-02-07,5.5370612144470215,5.999680995941162,0.0,6.047677993774414,5.855688095092773,5.999680995941162,0.0,7349348
2018-02-08,5.581356525421143,6.047677993774414,0.0,6.047677993774414,5.903686046600342,5.951683044433594,0.0,2542739
2018-02-09,5.669948577880859,6.143672943115234,0.0,6.143672943115234,5.903686046600342,5.903686046600342,0.0,3126416
2018-02-12,5.71424674987793,6.191670894622803,0.0,6.239667892456055,6.095675945281982,6.143672943115234,0.0,6440342
2018-02-13,5.758542060852051,6.239667892456055,0.0,6.239667892456055,5.951683044433594,6.143672943115234,0.0,13931364
2018-02-14,5.8028388023376465,6.287664890289307,0.0,6.287664890289307,6.143672943115234,6.239667892456055,0.0,12460870
2018-02-15,5.935728549957275,6.431657791137695,0.0,6.431657791137695,6.239667892456055,6.335662841796875,0.0,14001889
2018-02-16,5.8471360206604,6.335662841796875,0.0,6.479654788970947,6.287664890289307,6.431657791137695,0.0,8062407
2018-02-19,5.8028388023376465,6.287664890289307,0.0,6.431657791137695,6.239667892456055,6.431657791137695,0.0,5761660
2018-02-20,5.935728549957275,6.431657791137695,0.0,6.431657791137695,6.191670894622803,6.335662841796875,0.0,13780940
2018-02-21,6.02432107925415,6.527653217315674,0.0,6.623648166656494,6.287664890289307,6.527653217315674,0.0,27212278
2018-02-22,5.967319965362549,6.431657791137695,0.034558,6.575650215148926,6.335662841796875,6.479654788970947,0.0,17950224
2018-02-23,6.056384086608887,6.527653217315674,0.0,6.527653217315674,6.335662841796875,6.479654788970947,0.0,9971988
2018-02-26,6.0118513107299805,6.479654788970947,0.0,6.575650215148926,6.383659839630127,6.527653217315674,0.0,9867919
2018-02-27,6.0118513107299805,6.479654788970947,0.0,6.479654788970947,6.335662841796875,6.479654788970947,0.0,12599835
2018-02-28,6.0118513107299805,6.479654788970947,0.0,6.527653217315674,6.431657791137695,6.431657791137695,0.0,5496854
2018-03-02,6.0118513107299805,6.479654788970947,0.0,6.527653217315674,6.431657791137695,6.431657791137695,0.0,4957867
2018-03-05,6.234514236450195,6.7196431159973145,0.0,6.7196431159973145,6.527653217315674,6.527653217315674,0.0,29524068
2018-03-06,6.412641525268555,6.911632061004639,0.0,6.911632061004639,6.911632061004639,6.911632061004639,0.0,5328824
2018-03-07,6.323577404022217,6.815637111663818,0.0,7.055624961853027,6.575650215148926,6.959630012512207,0.0,97179432
2018-03-08,6.412641525268555,6.911632061004639,0.0,6.911632061004639,6.7196431159973145,6.863635063171387,0.0,13234661
2018-03-09,6.412641525268555,6.911632061004639,0.0,6.911632061004639,6.767640113830566,6.911632061004639,0.0,11776875
2018-03-12,6.412641525268555,6.911632061004639,0.0,6.911632061004639,6.767640113830566,6.911632061004639,0.0,13430296
2018-03-13,6.457174777984619,6.959630012512207,0.0,6.959630012512207,6.815637111663818,6.863635063171387,0.0,16914231
2018-03-14,6.546238899230957,7.055624961853027,0.0,7.055624961853027,6.815637111663818,6.959630012512207,0.0,29289472
2018-03-15,6.546238899230957,7.055624961853027,0.0,7.1996169090271,7.055624961853027,7.103621959686279,0.0,24041485
2018-03-16,6.635303974151611,7.151619911193848,0.0,7.151619911193848,7.055624961853027,7.151619911193848,0.0,18015956
2018-03-19,6.635303974151611,7.151619911193848,0.0,7.1996169090271,7.103621959686279,7.151619911193848,0.0,6859114
2018-03-20,6.679836273193359,7.1996169090271,0.0,7.1996169090271,7.055624961853027,7.151619911193848,0.0,12336905
2018-03-21,6.768899917602539,7.29561185836792,0.0,7.29561185836792,7.151619911193848,7.1996169090271,0.0,16914544
2018-03-22,6.768899917602539,7.29561185836792,0.0,7.343608856201172,7.1996169090271,7.29561185836792,0.0,10146580
2018-03-23,6.724368572235107,7.247614860534668,0.0,7.29561185836792,7.1996169090271,7.1996169090271,0.0,11214449
2018-03-26,6.679836273193359,7.1996169090271,0.0,7.29561185836792,7.1996169090271,7.247614860534668,0.0,4447527
2018-03-27,6.679836273193359,7.1996169090271,0.0,7.247614860534668,7.055624961853027,7.1996169090271,0.0,23223421
2018-03-28,6.991561412811279,7.535599231719971,0.0,7.535599231719971,7.103621959686279,7.1996169090271,0.0,45358867
2018-03-29,6.991561412811279,7.535599231719971,0.0,7.583597183227539,7.343608856201172,7.535599231719971,0.0,18184299
2018-03-30,6.9470295906066895,7.487602233886719,0.0,7.631594181060791,7.439603805541992,7.535599231719971,0.0,14825995
2018-04-02,7.036094665527344,7.583597183227539,0.0,7.631594181060791,7.39160680770874,7.487602233886719,0.0,12925999
2018-04-03,6.991561412811279,7.535599231719971,0.0,7.631594181060791,7.439603805541992,7.535599231719971,0.0,20882567
2018-04-04,6.857964038848877,7.39160680770874,0.0,7.583597183227539,7.103621959686279,7.535599231719971,0.0,57726503
2018-04-05,6.902496814727783,7.439603805541992,0.0,7.439603805541992,7.247614860534668,7.39160680770874,0.0,37587100
2018-04-09,6.902496814727783,7.439603805541992,0.0,7.631594181060791,7.39160680770874,7.39160680770874,0.0,12377740
2018-04-10,6.991561412811279,7.535599231719971,0.0,7.583597183227539,7.439603805541992,7.487602233886719,0.0,15417693
2018-04-11,7.214222431182861,7.775586128234863,0.0,7.775586128234863,7.487602233886719,7.583597183227539,0.0,79346714
2018-04-12,7.080625534057617,7.631594181060791,0.0,7.823584079742432,7.535599231719971,7.823584079742432,0.0,40461836
2018-04-17,6.857964038848877,7.39160680770874,0.0,7.631594181060791,7.39160680770874,7.583597183227539,0.0,19286232
2018-04-18,6.813431739807129,7.343608856201172,0.0,7.487602233886719,7.343608856201172,7.439603805541992,0.0,12238045
2018-04-19,6.9470295906066895,7.487602233886719,0.0,7.487602233886719,7.343608856201172,7.39160680770874,0.0,9685722
2018-04-20,6.857964038848877,7.39160680770874,0.0,7.535599231719971,7.39160680770874,7.535599231719971,0.0,5418100
2018-04-23,6.813431739807129,7.343608856201172,0.0,7.439603805541992,7.343608856201172,7.439603805541992,0.0,6059905
2018-04-24,6.857964038848877,7.39160680770874,0.0,7.583597183227539,7.39160680770874,7.439603805541992,0.0,8695670
2018-04-25,6.857964038848877,7.39160680770874,0.0,7.487602233886719,7.39160680770874,7.439603805541992,0.0,7355078
2018-04-26,6.857964038848877,7.39160680770874,0.0,7.439603805541992,7.343608856201172,7.39160680770874,0.0,4774420
2018-04-27,6.857964038848877,7.39160680770874,0.0,7.439603805541992,7.343608856201172,7.439603805541992,0.0,3183814
2018-04-30,6.857964038848877,7.39160680770874,0.0,7.439603805541992,7.343608856201172,7.39160680770874,0.0,4318771
2018-05-02,6.857964038848877,7.39160680770874,0.0,7.39160680770874,7.1996169090271,7.39160680770874,0.0,12686507
2018-05-03,6.902496814727783,7.439603805541992,0.0,7.439603805541992,7.343608856201172,7.439603805541992,0.0,6677125
2018-05-04,6.857964038848877,7.39160680770874,0.0,7.487602233886719,7.343608856201172,7.487602233886719,0.0,3554251
2018-05-07,6.857964038848877,7.39160680770874,0.0,7.439603805541992,7.29561185836792,7.439603805541992,0.0,4290332
2018-05-08,6.857964038848877,7.39160680770874,0.0,7.439603805541992,7.247614860534668,7.439603805541992,0.0,6193453
2018-05-09,6.813431739807129,7.343608856201172,0.0,7.39160680770874,7.247614860534668,7.39160680770874,0.0,4661080
2018-05-10,6.857964038848877,7.39160680770874,0.0,7.39160680770874,7.29561185836792,7.39160680770874,0.0,2170115
2018-05-11,6.857964038848877,7.39160680770874,0.0,7.39160680770874,7.29561185836792,7.343608856201172,0.0,2415024
2018-05-14,6.857964038848877,7.39160680770874,0.0,7.439603805541992,7.343608856201172,7.39160680770874,0.0,1199022
2018-05-15,6.857964038848877,7.39160680770874,0.0,7.439603805541992,7.343608856201172,7.39160680770874,0.0,3123707
2018-05-16,6.857964038848877,7.39160680770874,0.0,7.439603805541992,7.343608856201172,7.39160680770874,0.0,5402578
2018-05-17,7.080625534057617,7.631594181060791,0.0,7.631594181060791,7.39160680770874,7.439603805541992,0.0,23682403
2018-05-18,6.902496814727783,7.439603805541992,0.0,7.775586128234863,7.439603805541992,7.727589130401611,0.0,26099094
2018-05-21,7.1696906089782715,7.727589130401611,0.0,7.775586128234863,7.535599231719971,7.583597183227539,0.0,31953051
2018-05-22,7.214222431182861,7.775586128234863,0.0,7.823584079742432,7.679592132568359,7.727589130401611,0.0,31981386
2018-05-23,7.481415748596191,8.063570976257324,0.0,8.207564353942871,7.823584079742432,7.823584079742432,0.0,64907093
2018-05-24,7.481415748596191,8.063570976257324,0.0,8.159565925598145,7.967576026916504,8.159565925598145,0.0,33913155
2018-05-25,7.481415748596191,8.063570976257324,0.0,8.159565925598145,7.919579029083252,8.11156940460205,0.0,24872050
2018-05-28,7.481415748596191,8.063570976257324,0.0,8.063570976257324,7.919579029083252,8.063570976257324,0.0,28100971
2018-05-30,7.481415748596191,8.063570976257324,0.0,8.063570976257324,7.919579029083252,8.063570976257324,0.0,75459529
2018-05-31,6.902496814727783,7.439603805541992,0.0,7.679592132568359,7.29561185836792,7.679592132568359,0.0,128723087
2018-06-01,6.902496814727783,7.439603805541992,0.0,7.487602233886719,7.29561185836792,7.487602233886719,0.0,79471929
2018-06-04,6.9470295906066895,7.487602233886719,0.0,7.535599231719971,7.343608856201172,7.439603805541992,0.0,27967006
2018-06-05,7.036094665527344,7.583597183227539,0.0,7.583597183227539,7.343608856201172,7.487602233886719,0.0,59734110
2018-06-06,7.080625534057617,7.631594181060791,0.0,7.631594181060791,7.487602233886719,7.583597183227539,0.0,54741241
2018-06-07,7.036094665527344,7.583597183227539,0.0,7.679592132568359,7.439603805541992,7.631594181060791,0.0,64633224
2018-06-08,6.902496814727783,7.439603805541992,0.0,7.631594181060791,7.439603805541992,7.631594181060791,0.0,40267034
2018-06-11,6.902496814727783,7.439603805541992,0.0,7.487602233886719,7.39160680770874,7.439603805541992,0.0,18155235
2018-06-12,6.9470295906066895,7.487602233886719,0.0,7.487602233886719,7.343608856201172,7.487602233886719,0.0,11213616
2018-06-13,6.902496814727783,7.439603805541992,0.0,7.535599231719971,7.439603805541992,7.535599231719971,0.0,12458161
2018-06-14,6.857964038848877,7.39160680770874,0.0,7.439603805541992,7.29561185836792,7.39160680770874,0.0,20883817
2018-06-15,6.857964038848877,7.39160680770874,0.0,7.439603805541992,7.343608856201172,7.439603805541992,0.0,7677491
2018-06-18,6.813431739807129,7.343608856201172,0.0,7.39160680770874,7.29561185836792,7.39160680770874,0.0,20927465
2018-06-19,6.768899917602539,7.29561185836792,0.0,7.439603805541992,7.1996169090271,7.439603805541992,0.0,55474196
2018-06-20,6.768899917602539,7.29561185836792,0.0,7.39160680770874,7.1996169090271,7.29561185836792,0.0,35357607
2018-06-21,6.768899917602539,7.29561185836792,0.0,7.29561185836792,7.151619911193848,7.29561185836792,0.0,53271475
2018-06-22,6.768899917602539,7.29561185836792,0.0,7.29561185836792,7.151619911193848,7.29561185836792,0.0,18856105
2018-06-25,6.857964038848877,7.39160680770874,0.0,7.39160680770874,7.247614860534668,7.29561185836792,0.0,19961060
2018-06-26,6.857964038848877,7.39160680770874,0.0,7.39160680770874,7.29561185836792,7.343608856201172,0.0,12015638
2018-06-27,6.857964038848877,7.39160680770874,0.0,7.439603805541992,7.29561185836792,7.439603805541992,0.0,12532124
2018-06-28,6.857964038848877,7.39160680770874,0.0,7.439603805541992,7.29561185836792,7.439603805541992,0.0,27686053
2018-06-29,6.857964038848877,7.39160680770874,0.0,7.439603805541992,7.29561185836792,7.39160680770874,0.0,21544686
2018-07-02,6.768899917602539,7.29561185836792,0.0,7.39160680770874,7.29561185836792,7.39160680770874,0.0,18883711
2018-07-03,6.724368572235107,7.247614860534668,0.0,7.247614860534668,7.151619911193848,7.247614860534668,0.0,25184150
2018-07-04,6.724368572235107,7.247614860534668,0.0,7.29561185836792,7.151619911193848,7.247614860534668,0.0,21587292
2018-07-05,6.724368572235107,7.247614860534668,0.0,7.29561185836792,7.103621959686279,7.29561185836792,0.0,34295884
2018-07-06,6.501706600189209,7.007627010345459,0.0,7.247614860534668,6.767640113830566,7.247614860534668,0.0,95278498
2018-07-09,6.501706600189209,7.007627010345459,0.0,7.055624961853027,6.959630012512207,7.007627010345459,0.0,16379203
2018-07-10,6.412641525268555,6.911632061004639,0.0,7.007627010345459,6.911632061004639,7.007627010345459,0.0,3907395
2018-07-11,6.323577404022217,6.815637111663818,0.0,6.863635063171387,6.767640113830566,6.815637111663818,0.0,5488937
2018-07-12,6.412641525268555,6.911632061004639,0.0,6.959630012512207,6.767640113830566,6.815637111663818,0.0,6039070
2018-07-13,6.412641525268555,6.911632061004639,0.0,6.959630012512207,6.911632061004639,6.911632061004639,0.0,7474563
2018-07-16,6.281626224517822,6.7196431159973145,0.051837,6.863635063171387,6.7196431159973145,6.863635063171387,0.0,8841198
2018-07-17,6.236758232116699,6.671645164489746,0.0,6.767640113830566,6.623648166656494,6.7196431159973145,0.0,5699781
2018-07-18,6.371363162994385,6.815637111663818,0.0,6.815637111663818,6.7196431159973145,6.7196431159973145,0.0,7829790
2018-07-19,6.371363162994385,6.815637111663818,0.0,6.863635063171387,6.767640113830566,6.815637111663818,0.0,6353149
2018-07-20,6.416232585906982,6.863635063171387,0.0,6.863635063171387,6.767640113830566,6.863635063171387,0.0,9184758
2018-07-23,6.461100101470947,6.911632061004639,0.0,6.911632061004639,6.815637111663818,6.863635063171387,0.0,14159189
2018-07-24,6.371363162994385,6.815637111663818,0.0,6.911632061004639,6.815637111663818,6.911632061004639,0.0,10829012
2018-07-25,6.550837516784668,7.007627010345459,0.0,7.007627010345459,6.815637111663818,6.815637111663818,0.0,25899084
2018-07-26,6.550837516784668,7.007627010345459,0.0,7.055624961853027,6.911632061004639,7.007627010345459,0.0,10716402
2018-07-31,6.371363162994385,6.815637111663818,0.0,7.007627010345459,6.815637111663818,6.959630012512207,0.0,8622332
2018-08-01,6.371363162994385,6.815637111663818,0.0,6.959630012512207,6.815637111663818,6.863635063171387,0.0,12766407
2018-08-02,6.371363162994385,6.815637111663818,0.0,6.911632061004639,6.815637111663818,6.863635063171387,0.0,6701918
2018-08-03,6.371363162994385,6.815637111663818,0.0,6.863635063171387,6.815637111663818,6.815637111663818,0.0,3986045
2018-08-06,6.326494216918945,6.767640113830566,0.0,6.863635063171387,6.767640113830566,6.863635063171387,0.0,6512012
2018-08-07,6.326494216918945,6.767640113830566,0.0,6.815637111663818,6.7196431159973145,6.767640113830566,0.0,7754995
2018-08-08,6.505969047546387,6.959630012512207,0.0,7.007627010345459,6.767640113830566,6.815637111663818,0.0,21219043
2018-08-09,6.730312824249268,7.1996169090271,0.0,7.29561185836792,6.767640113830566,6.911632061004639,0.0,72583126
2018-08-10,6.595706462860107,7.055624961853027,0.0,7.1996169090271,7.007627010345459,7.151619911193848,0.0,24130031
2018-08-14,6.371363162994385,6.815637111663818,0.0,6.863635063171387,6.671645164489746,6.815637111663818,0.0,17111638
2018-08-15,6.326494216918945,6.767640113830566,0.0,6.815637111663818,6.7196431159973145,6.767640113830566,0.0,7006934
2018-08-16,6.371363162994385,6.815637111663818,0.0,6.863635063171387,6.7196431159973145,6.767640113830566,0.0,6681188
2018-08-17,6.461100101470947,6.911632061004639,0.0,7.007627010345459,6.767640113830566,6.815637111663818,0.0,13014545
2018-08-20,6.416232585906982,6.863635063171387,0.0,6.911632061004639,6.815637111663818,6.911632061004639,0.0,5160794
2018-08-21,6.281626224517822,6.7196431159973145,0.0,6.863635063171387,6.7196431159973145,6.863635063171387,0.0,8446907
2018-08-22,6.281626224517822,6.7196431159973145,0.0,6.815637111663818,6.623648166656494,6.7196431159973145,0.0,11189136
2018-08-23,6.281626224517822,6.7196431159973145,0.0,6.767640113830566,6.671645164489746,6.767640113830566,0.0,6708793
2018-08-24,6.416232585906982,6.863635063171387,0.0,6.959630012512207,6.7196431159973145,6.767640113830566,0.0,14887874
2018-08-27,6.416232585906982,6.863635063171387,0.0,7.007627010345459,6.815637111663818,6.863635063171387,0.0,16844123
2018-08-28,6.416232585906982,6.863635063171387,0.0,6.911632061004639,6.863635063171387,6.911632061004639,0.0,3235484
2018-08-29,6.416232585906982,6.863635063171387,0.0,6.911632061004639,6.815637111663818,6.911632061004639,0.0,4822964
2018-08-30,6.820050239562988,7.29561185836792,0.0,7.343608856201172,6.863635063171387,6.911632061004639,0.0,44928428
2018-08-31,6.909787654876709,7.39160680770874,0.0,7.583597183227539,7.1996169090271,7.1996169090271,0.0,34011389
2018-09-03,6.775182247161865,7.247614860534668,0.0,7.439603805541992,7.247614860534668,7.343608856201172,0.0,10806198
2018-09-04,6.775182247161865,7.247614860534668,0.0,7.439603805541992,7.1996169090271,7.29561185836792,0.0,15977827
2018-09-05,6.730312824249268,7.1996169090271,0.0,7.343608856201172,7.151619911193848,7.29561185836792,0.0,10406177
2018-09-06,7.134131908416748,7.631594181060791,0.0,7.631594181060791,7.29561185836792,7.29561185836792,0.0,59119390
2018-09-07,6.999526023864746,7.487602233886719,0.0,7.679592132568359,7.487602233886719,7.679592132568359,0.0,28844552
2018-09-10,7.179001331329346,7.679592132568359,0.0,7.727589130401611,7.343608856201172,7.439603805541992,0.0,27871584
2018-09-11,7.044394493103027,7.535599231719971,0.0,7.679592132568359,7.439603805541992,7.583597183227539,0.0,26828404
2018-09-12,6.999526023864746,7.487602233886719,0.0,7.535599231719971,7.39160680770874,7.487602233886719,0.0,12035326
2018-09-13,7.313607215881348,7.823584079742432,0.0,7.967576026916504,7.631594181060791,7.631594181060791,0.0,55952034
2018-09-14,7.268738269805908,7.775586128234863,0.0,7.823584079742432,7.679592132568359,7.823584079742432,0.0,31774291
2018-09-17,7.268738269805908,7.775586128234863,0.0,7.823584079742432,7.631594181060791,7.679592132568359,0.0,28193580
2018-09-18,7.223869323730469,7.727589130401611,0.0,7.871581077575684,7.631594181060791,7.727589130401611,0.0,35208224
2018-09-19,7.089263439178467,7.583597183227539,0.0,7.727589130401611,7.535599231719971,7.727589130401611,0.0,24368169
2018-09-20,7.179001331329346,7.679592132568359,0.0,7.727589130401611,7.583597183227539,7.727589130401611,0.0,17575933
2018-09-21,7.134131908416748,7.631594181060791,0.0,7.679592132568359,7.39160680770874,7.679592132568359,0.0,34587774
2018-09-24,7.089263439178467,7.583597183227539,0.0,7.631594181060791,7.535599231719971,7.631594181060791,0.0,7555505
2018-09-25,6.864918231964111,7.343608856201172,0.0,7.583597183227539,7.343608856201172,7.583597183227539,0.0,39266356
2018-09-26,6.999526023864746,7.487602233886719,0.0,7.535599231719971,7.343608856201172,7.343608856201172,0.0,11470817
2018-09-27,7.044394493103027,7.535599231719971,0.0,7.535599231719971,7.439603805541992,7.487602233886719,0.0,12180230
2018-09-28,7.134131908416748,7.631594181060791,0.0,7.631594181060791,7.487602233886719,7.535599231719971,0.0,13519780
2018-10-01,7.089263439178467,7.583597183227539,0.0,7.679592132568359,7.535599231719971,7.583597183227539,0.0,12873079
2018-10-02,6.999526023864746,7.487602233886719,0.0,7.583597183227539,7.487602233886719,7.583597183227539,0.0,8773903
2018-10-03,6.864918231964111,7.343608856201172,0.0,7.535599231719971,7.247614860534668,7.535599231719971,0.0,22194303
2018-10-04,6.775182247161865,7.247614860534668,0.0,7.343608856201172,7.1996169090271,7.343608856201172,0.0,12687340
2018-10-05,6.95465612411499,7.439603805541992,0.0,7.535599231719971,7.007627010345459,7.29561185836792,0.0,46490490
2018-10-08,6.6854448318481445,7.151619911193848,0.0,7.487602233886719,7.151619911193848,7.39160680770874,0.0,13659163
2018-10-09,6.730312824249268,7.1996169090271,0.0,7.247614860534668,7.103621959686279,7.151619911193848,0.0,6499720
2018-10-10,6.775182247161865,7.247614860534668,0.0,7.439603805541992,7.1996169090271,7.1996169090271,0.0,8744422
2018-10-11,6.820050239562988,7.29561185836792,0.0,7.343608856201172,6.959630012512207,6.959630012512207,0.0,21241961
2018-10-12,6.909787654876709,7.39160680770874,0.0,7.439603805541992,7.1996169090271,7.29561185836792,0.0,8559308
2018-10-16,6.95465612411499,7.439603805541992,0.0,7.535599231719971,7.343608856201172,7.439603805541992,0.0,6203350
2018-10-17,6.95465612411499,7.439603805541992,0.0,7.535599231719971,7.39160680770874,7.439603805541992,0.0,5040371
2018-10-18,6.909787654876709,7.39160680770874,0.0,7.487602233886719,7.39160680770874,7.439603805541992,0.0,1967083
2018-10-19,6.95465612411499,7.439603805541992,0.0,7.439603805541992,7.151619911193848,7.39160680770874,0.0,11874693
2018-10-22,6.820050239562988,7.29561185836792,0.0,7.487602233886719,7.29561185836792,7.439603805541992,0.0,4583160
2018-10-24,6.550837516784668,7.007627010345459,0.0,7.247614860534668,6.959630012512207,7.1996169090271,0.0,15802193
2018-10-25,6.820050239562988,7.29561185836792,0.0,7.343608856201172,6.815637111663818,6.863635063171387,0.0,19184248
2018-10-26,6.820050239562988,7.29561185836792,0.0,7.39160680770874,7.151619911193848,7.247614860534668,0.0,5530606
2018-10-29,6.775182247161865,7.247614860534668,0.0,7.343608856201172,7.247614860534668,7.247614860534668,0.0,1556124
2018-10-30,6.820050239562988,7.29561185836792,0.0,7.29561185836792,7.1996169090271,7.247614860534668,0.0,1795512
2018-10-31,6.775182247161865,7.247614860534668,0.0,7.29561185836792,7.1996169090271,7.29561185836792,0.0,3586232
2018-11-01,6.775182247161865,7.247614860534668,0.0,7.29561185836792,7.247614860534668,7.29561185836792,0.0,1678943
2018-11-02,6.820050239562988,7.29561185836792,0.0,7.39160680770874,7.29561185836792,7.29561185836792,0.0,4957138
2018-11-05,6.820050239562988,7.29561185836792,0.0,7.29561185836792,7.247614860534668,7.29561185836792,0.0,1029012
2018-11-06,6.775182247161865,7.247614860534668,0.0,7.343608856201172,7.247614860534668,7.29561185836792,0.0,2243244
2018-11-07,6.864918231964111,7.343608856201172,0.0,7.39160680770874,7.247614860534668,7.247614860534668,0.0,3497894
2018-11-08,7.044394493103027,7.535599231719971,0.0,7.679592132568359,7.439603805541992,7.439603805541992,0.0,37981704
2018-11-09,7.044394493103027,7.535599231719971,0.0,7.535599231719971,7.439603805541992,7.487602233886719,0.0,8134077
2018-11-12,7.089263439178467,7.583597183227539,0.0,7.775586128234863,7.535599231719971,7.583597183227539,0.0,35799297
2018-11-13,6.95465612411499,7.439603805541992,0.0,7.535599231719971,7.439603805541992,7.487602233886719,0.0,13100904
2018-11-14,6.95465612411499,7.439603805541992,0.0,7.487602233886719,7.343608856201172,7.39160680770874,0.0,7807289
2018-11-15,6.999526023864746,7.487602233886719,0.0,7.583597183227539,7.39160680770874,7.439603805541992,0.0,7356328
2018-11-16,7.044394493103027,7.535599231719971,0.0,7.535599231719971,7.439603805541992,7.487602233886719,0.0,2955156
2018-11-19,7.044394493103027,7.535599231719971,0.0,7.583597183227539,7.439603805541992,7.487602233886719,0.0,2375855
2018-11-20,6.730312824249268,7.1996169090271,0.0,7.487602233886719,7.1996169090271,7.487602233886719,0.0,8331067
2018-11-21,6.820050239562988,7.29561185836792,0.0,7.29561185836792,7.103621959686279,7.247614860534668,0.0,6987246
2018-11-22,6.775182247161865,7.247614860534668,0.0,7.343608856201172,7.1996169090271,7.343608856201172,0.0,2160531
2018-11-23,6.730312824249268,7.1996169090271,0.0,7.247614860534668,7.151619911193848,7.1996169090271,0.0,7147358
2018-11-26,6.730312824249268,7.1996169090271,0.0,7.247614860534668,7.151619911193848,7.151619911193848,0.0,13519780
2018-11-27,6.730312824249268,7.1996169090271,0.0,7.247614860534668,7.151619911193848,7.1996169090271,0.0,12692653
2018-11-28,6.909787654876709,7.39160680770874,0.0,7.439603805541992,7.247614860534668,7.247614860534668,0.0,7453000
2018-11-29,7.089263439178467,7.583597183227539,0.0,7.583597183227539,7.439603805541992,7.439603805541992,0.0,13361126
2018-11-30,7.134131908416748,7.631594181060791,0.0,7.631594181060791,7.487602233886719,7.583597183227539,0.0,11894277
2018-12-03,7.089263439178467,7.583597183227539,0.0,7.679592132568359,7.535599231719971,7.631594181060791,0.0,11232888
2018-12-04,7.044394493103027,7.535599231719971,0.0,7.631594181060791,7.535599231719971,7.583597183227539,0.0,8072928
2018-12-06,6.95465612411499,7.439603805541992,0.0,7.535599231719971,7.39160680770874,7.439603805541992,0.0,8051677
2018-12-07,7.044394493103027,7.535599231719971,0.0,7.631594181060791,7.439603805541992,7.487602233886719,0.0,5289968
2018-12-11,7.134131908416748,7.631594181060791,0.0,7.679592132568359,7.439603805541992,7.487602233886719,0.0,12202731
2018-12-12,7.134131908416748,7.631594181060791,0.0,7.679592132568359,7.583597183227539,7.631594181060791,0.0,5826872
2018-12-13,6.999526023864746,7.487602233886719,0.0,7.727589130401611,7.439603805541992,7.631594181060791,0.0,12947250
2018-12-14,6.909787654876709,7.39160680770874,0.0,7.535599231719971,7.343608856201172,7.487602233886719,0.0,8819426
2018-12-17,6.6854448318481445,7.151619911193848,0.0,7.39160680770874,7.103621959686279,7.39160680770874,0.0,19183310
2018-12-18,6.595706462860107,7.055624961853027,0.0,7.151619911193848,6.959630012512207,7.055624961853027,0.0,19372799
2018-12-19,6.820050239562988,7.29561185836792,0.0,7.29561185836792,7.055624961853027,7.055624961853027,0.0,17057781
2018-12-20,6.730312824249268,7.1996169090271,0.0,7.29561185836792,7.151619911193848,7.247614860534668,0.0,4961305
2018-12-21,6.730312824249268,7.1996169090271,0.0,7.39160680770874,7.1996169090271,7.1996169090271,0.0,20297848
2018-12-24,6.820050239562988,7.29561185836792,0.0,7.343608856201172,7.151619911193848,7.151619911193848,0.0,7250593
2018-12-25,6.640574932098389,7.103621959686279,0.0,7.1996169090271,7.055624961853027,7.1996169090271,0.0,9559049
2018-12-26,6.775182247161865,7.247614860534668,0.0,7.247614860534668,7.055624961853027,7.103621959686279,0.0,6363775
2018-12-27,6.730312824249268,7.1996169090271,0.0,7.39160680770874,7.1996169090271,7.39160680770874,0.0,13416441
2018-12-28,6.999526023864746,7.487602233886719,0.0,7.487602233886719,7.103621959686279,7.1996169090271,0.0,14917250
2019-01-02,7.044394493103027,7.535599231719971,0.0,7.535599231719971,7.39160680770874,7.487602233886719,0.0,10574207
2019-01-03,7.089263439178467,7.583597183227539,0.0,7.583597183227539,7.487602233886719,7.583597183227539,0.0,10627647
2019-01-04,7.044394493103027,7.535599231719971,0.0,7.535599231719971,7.439603805541992,7.487602233886719,0.0,8666293
2019-01-07,7.134131908416748,7.631594181060791,0.0,7.823584079742432,7.535599231719971,7.631594181060791,0.0,31979094
2019-01-08,7.044394493103027,7.535599231719971,0.0,7.631594181060791,7.535599231719971,7.583597183227539,0.0,3921041
2019-01-09,6.95465612411499,7.439603805541992,0.0,7.583597183227539,7.39160680770874,7.535599231719971,0.0,3966773
2019-01-10,6.999526023864746,7.487602233886719,0.0,7.535599231719971,7.39160680770874,7.439603805541992,0.0,4225536
2019-01-11,6.999526023864746,7.487602233886719,0.0,7.535599231719971,7.439603805541992,7.487602233886719,0.0,3204961
2019-01-14,6.909787654876709,7.39160680770874,0.0,7.487602233886719,7.39160680770874,7.439603805541992,0.0,1928748
2019-01-15,6.864918231964111,7.343608856201172,0.0,7.439603805541992,7.343608856201172,7.439603805541992,0.0,1218710
2019-01-16,6.820050239562988,7.29561185836792,0.0,7.439603805541992,7.1996169090271,7.343608856201172,0.0,12413471
2019-01-17,6.775182247161865,7.247614860534668,0.0,7.29561185836792,7.1996169090271,7.247614860534668,0.0,5482478
2019-01-18,6.775182247161865,7.247614860534668,0.0,7.29561185836792,7.1996169090271,7.29561185836792,0.0,9309036
2019-01-21,6.820050239562988,7.29561185836792,0.0,7.39160680770874,7.247614860534668,7.247614860534668,0.0,5759889
2019-01-22,7.089263439178467,7.583597183227539,0.0,7.583597183227539,7.29561185836792,7.29561185836792,0.0,15747607
2019-01-23,7.179001331329346,7.679592132568359,0.0,7.727589130401611,7.487602233886719,7.535599231719971,0.0,16414309
2019-01-24,7.134131908416748,7.631594181060791,0.0,7.871581077575684,7.631594181060791,7.727589130401611,0.0,18389205
2019-01-25,6.999526023864746,7.487602233886719,0.0,7.679592132568359,7.343608856201172,7.631594181060791,0.0,22756104
2019-01-28,7.044394493103027,7.535599231719971,0.0,7.631594181060791,7.487602233886719,7.487602233886719,0.0,5444872
2019-01-29,6.999526023864746,7.487602233886719,0.0,7.583597183227539,7.487602233886719,7.535599231719971,0.0,2088965
2019-01-30,7.044394493103027,7.535599231719971,0.0,7.583597183227539,7.439603805541992,7.487602233886719,0.0,5160690
2019-01-31,6.95465612411499,7.439603805541992,0.0,7.631594181060791,7.39160680770874,7.535599231719971,0.0,12082933
2019-02-01,7.044394493103027,7.535599231719971,0.0,7.535599231719971,7.439603805541992,7.439603805541992,0.0,5964587
2019-02-04,6.95465612411499,7.439603805541992,0.0,7.535599231719971,7.439603805541992,7.535599231719971,0.0,3236734
2019-02-05,6.95465612411499,7.439603805541992,0.0,7.487602233886719,7.39160680770874,7.439603805541992,0.0,2539301
2019-02-06,7.179001331329346,7.679592132568359,0.0,7.727589130401611,7.39160680770874,7.439603805541992,0.0,21152998
2019-02-07,7.044394493103027,7.535599231719971,0.0,7.775586128234863,7.535599231719971,7.679592132568359,0.0,9927610
2019-02-08,7.044394493103027,7.535599231719971,0.0,7.583597183227539,7.439603805541992,7.487602233886719,0.0,15712292
2019-02-11,7.089263439178467,7.583597183227539,0.0,7.631594181060791,7.439603805541992,7.535599231719971,0.0,7464979
2019-02-12,7.134131908416748,7.631594181060791,0.0,7.631594181060791,7.535599231719971,7.631594181060791,0.0,5687385
2019-02-13,7.134131908416748,7.631594181060791,0.0,7.631594181060791,7.583597183227539,7.631594181060791,0.0,1333925
2019-02-14,7.089263439178467,7.583597183227539,0.0,7.631594181060791,7.583597183227539,7.583597183227539,0.0,2275016
2019-02-15,7.179001331329346,7.679592132568359,0.0,7.775586128234863,7.583597183227539,7.631594181060791,0.0,26071593
2019-02-18,7.179001331329346,7.679592132568359,0.0,7.775586128234863,7.631594181060791,7.727589130401611,0.0,9955320
2019-02-20,7.134131908416748,7.631594181060791,0.0,7.775586128234863,7.631594181060791,7.679592132568359,0.0,4712021
2019-02-21,7.044394493103027,7.535599231719971,0.0,7.631594181060791,7.535599231719971,7.631594181060791,0.0,2882236
2019-02-22,7.170670032501221,7.631594181060791,0.038398,7.631594181060791,7.487602233886719,7.535599231719971,0.0,4613578
2019-02-25,7.125572204589844,7.583597183227539,0.0,7.679592132568359,7.535599231719971,7.583597183227539,0.0,9264242
2019-02-26,7.125572204589844,7.583597183227539,0.0,7.583597183227539,7.487602233886719,7.487602233886719,0.0,6346482
2019-02-27,7.035375118255615,7.487602233886719,0.0,7.583597183227539,7.487602233886719,7.583597183227539,0.0,5134856
2019-02-28,7.035375118255615,7.487602233886719,0.0,7.535599231719971,7.439603805541992,7.487602233886719,0.0,3889373
2019-03-01,6.854979515075684,7.29561185836792,0.0,7.487602233886719,7.247614860534668,7.487602233886719,0.0,13607910
2019-03-04,6.7647833824157715,7.1996169090271,0.0,7.29561185836792,7.103621959686279,7.247614860534668,0.0,17015278
2019-03-05,6.809881687164307,7.247614860534668,0.0,7.29561185836792,6.911632061004639,7.151619911193848,0.0,29446459
2019-03-06,6.809881687164307,7.247614860534668,0.0,7.343608856201172,7.1996169090271,7.29561185836792,0.0,5327470
2019-03-07,6.990275859832764,7.439603805541992,0.0,7.439603805541992,7.1996169090271,7.1996169090271,0.0,8049594
2019-03-08,7.035375118255615,7.487602233886719,0.0,7.487602233886719,7.29561185836792,7.39160680770874,0.0,7076417
2019-03-11,7.08047342300415,7.535599231719971,0.0,7.535599231719971,7.439603805541992,7.487602233886719,0.0,3865726
2019-03-12,6.990275859832764,7.439603805541992,0.0,7.535599231719971,7.39160680770874,7.535599231719971,0.0,11032356
2019-03-13,6.990275859832764,7.439603805541992,0.0,7.487602233886719,7.39160680770874,7.439603805541992,0.0,1050889
2019-03-14,7.035375118255615,7.487602233886719,0.0,7.535599231719971,7.439603805541992,7.439603805541992,0.0,5735721
2019-03-15,6.854979515075684,7.29561185836792,0.0,7.535599231719971,7.29561185836792,7.535599231719971,0.0,6725357
2019-03-18,6.990275859832764,7.439603805541992,0.0,7.487602233886719,7.29561185836792,7.343608856201172,0.0,12554416
2019-03-19,7.08047342300415,7.535599231719971,0.0,7.583597183227539,7.439603805541992,7.439603805541992,0.0,5382785
2019-03-20,7.08047342300415,7.535599231719971,0.0,7.583597183227539,7.487602233886719,7.535599231719971,0.0,6588370
2019-03-21,7.08047342300415,7.535599231719971,0.0,7.583597183227539,7.487602233886719,7.535599231719971,0.0,8130327
2019-03-22,7.08047342300415,7.535599231719971,0.0,7.583597183227539,7.487602233886719,7.583597183227539,0.0,1781761
2019-03-25,7.08047342300415,7.535599231719971,0.0,7.583597183227539,7.487602233886719,7.535599231719971,0.0,4714104
2019-03-26,7.125572204589844,7.583597183227539,0.0,7.631594181060791,7.535599231719971,7.583597183227539,0.0,7748849
2019-03-27,7.576557159423828,8.063570976257324,0.0,8.063570976257324,7.583597183227539,7.631594181060791,0.0,43306466
2019-03-28,7.937345504760742,8.447550773620605,0.0,8.447550773620605,8.11156940460205,8.255560874938965,0.0,56677593
2019-03-29,8.162837982177734,8.687538146972656,0.0,8.73553466796875,8.303558349609375,8.543545722961426,0.0,75813818
2019-04-01,7.937345504760742,8.447550773620605,0.0,8.591543197631836,8.351555824279785,8.543545722961426,0.0,27459062
2019-04-02,8.027543067932129,8.543545722961426,0.0,8.543545722961426,8.351555824279785,8.447550773620605,0.0,30243793
2019-04-03,8.072641372680664,8.591543197631836,0.0,8.591543197631836,8.399553298950195,8.447550773620605,0.0,28027113
2019-04-04,8.207935333251953,8.73553466796875,0.0,8.92752456665039,8.591543197631836,8.591543197631836,0.0,32628295
2019-04-05,8.29813289642334,8.83152961730957,0.0,8.83152961730957,8.591543197631836,8.73553466796875,0.0,13866257
2019-04-09,8.343232154846191,8.879528045654297,0.0,8.92752456665039,8.783533096313477,8.83152961730957,0.0,22542239
2019-04-10,8.478529930114746,9.023520469665527,0.0,9.071517944335938,8.783533096313477,8.92752456665039,0.0,29204467
2019-04-11,8.38832950592041,8.92752456665039,0.0,9.023520469665527,8.83152961730957,9.023520469665527,0.0,10078764
2019-04-12,8.568726539611816,9.119515419006348,0.0,9.167512893676758,8.879528045654297,8.92752456665039,0.0,15962827
2019-04-17,8.658924102783203,9.215510368347168,0.0,9.215510368347168,9.071517944335938,9.119515419006348,0.0,17801258
2019-04-18,8.568726539611816,9.119515419006348,0.0,9.215510368347168,9.023520469665527,9.215510368347168,0.0,19738652
2019-04-19,8.343232154846191,8.879528045654297,0.0,9.119515419006348,8.73553466796875,9.119515419006348,0.0,20809230
2019-04-22,8.253035545349121,8.783533096313477,0.0,8.879528045654297,8.687538146972656,8.783533096313477,0.0,21422179
2019-04-23,8.343232154846191,8.879528045654297,0.0,9.023520469665527,8.73553466796875,8.783533096313477,0.0,17835947
2019-04-24,8.794217109680176,9.359501838684082,0.0,9.503495216369629,8.92752456665039,8.92752456665039,0.0,34480998
2019-04-25,8.794217109680176,9.359501838684082,0.0,9.503495216369629,9.263506889343262,9.359501838684082,0.0,18760163
2019-04-26,8.749120712280273,9.311505317687988,0.0,9.359501838684082,9.263506889343262,9.359501838684082,0.0,4776920
2019-04-29,8.83931827545166,9.407500267028809,0.0,9.503495216369629,9.215510368347168,9.215510368347168,0.0,13005690
2019-04-30,8.704022407531738,9.263506889343262,0.0,9.503495216369629,9.263506889343262,9.455496788024902,0.0,13700936
2019-05-02,8.749120712280273,9.311505317687988,0.0,9.455496788024902,9.167512893676758,9.263506889343262,0.0,16453061
2019-05-03,8.749120712280273,9.311505317687988,0.0,9.407500267028809,9.215510368347168,9.311505317687988,0.0,6858072
2019-05-07,8.658924102783203,9.215510368347168,0.0,9.311505317687988,9.167512893676758,9.167512893676758,0.0,9698431
2019-05-08,8.568726539611816,9.119515419006348,0.0,9.167512893676758,8.92752456665039,9.119515419006348,0.0,21123726
2019-05-09,8.478529930114746,9.023520469665527,0.0,9.311505317687988,9.023520469665527,9.071517944335938,0.0,11247576
2019-05-10,8.478529930114746,9.023520469665527,0.0,9.119515419006348,8.975522994995117,9.071517944335938,0.0,6550243
2019-05-13,8.253035545349121,8.783533096313477,0.0,9.071517944335938,8.783533096313477,8.975522994995117,0.0,9050064
2019-05-14,8.343232154846191,8.879528045654297,0.0,8.92752456665039,8.495548248291016,8.591543197631836,0.0,9733746
2019-05-15,8.29813289642334,8.83152961730957,0.0,9.023520469665527,8.399553298950195,8.92752456665039,0.0,22193887
2019-05-16,8.117738723754883,8.639540672302246,0.0,8.783533096313477,8.399553298950195,8.73553466796875,0.0,29024562
2019-05-17,8.072641372680664,8.591543197631836,0.0,8.687538146972656,8.543545722961426,8.639540672302246,0.0,9596759
2019-05-21,7.937345504760742,8.447550773620605,0.0,8.591543197631836,8.447550773620605,8.447550773620605,0.0,12895580
2019-05-22,8.117738723754883,8.639540672302246,0.0,8.687538146972656,8.495548248291016,8.495548248291016,0.0,19813969
2019-05-23,7.847149848937988,8.351555824279785,0.0,8.73553466796875,8.351555824279785,8.591543197631836,0.0,19450095
2019-05-24,7.847149848937988,8.351555824279785,0.0,8.447550773620605,8.303558349609375,8.303558349609375,0.0,7834999
2019-05-27,7.937345504760742,8.447550773620605,0.0,8.543545722961426,8.351555824279785,8.351555824279785,0.0,13135281
2019-05-28,7.892247676849365,8.399553298950195,0.0,8.591543197631836,8.399553298950195,8.447550773620605,0.0,53305227
2019-05-29,8.027543067932129,8.543545722961426,0.0,8.543545722961426,8.303558349609375,8.399553298950195,0.0,14782035
2019-05-30,8.162837982177734,8.687538146972656,0.0,8.73553466796875,8.495548248291016,8.543545722961426,0.0,10040116
2019-05-31,8.072641372680664,8.591543197631836,0.0,8.73553466796875,8.591543197631836,8.73553466796875,0.0,5057976
2019-06-04,8.027543067932129,8.543545722961426,0.0,8.639540672302246,8.447550773620605,8.639540672302246,0.0,9406437
2019-06-05,8.027543067932129,8.543545722961426,0.0,8.687538146972656,8.543545722961426,8.591543197631836,0.0,6551181
2019-06-06,8.478529930114746,9.023520469665527,0.0,9.119515419006348,8.543545722961426,8.591543197631836,0.0,29530214
2019-06-07,8.478529930114746,9.023520469665527,0.0,9.167512893676758,8.92752456665039,9.023520469665527,0.0,8786300
2019-06-10,8.478529930114746,9.023520469665527,0.0,9.071517944335938,8.975522994995117,9.071517944335938,0.0,5674155
2019-06-11,8.704022407531738,9.263506889343262,0.0,9.311505317687988,8.92752456665039,9.023520469665527,0.0,25952316
2019-06-12,8.658924102783203,9.215510368347168,0.0,9.311505317687988,9.167512893676758,9.263506889343262,0.0,9207051
2019-06-13,8.658924102783203,9.215510368347168,0.0,9.263506889343262,9.071517944335938,9.215510368347168,0.0,18418478
2019-06-14,8.523628234863281,9.071517944335938,0.0,9.263506889343262,8.975522994995117,9.263506889343262,0.0,23923874
2019-06-17,8.478529930114746,9.023520469665527,0.0,9.215510368347168,8.92752456665039,9.167512893676758,0.0,19669482
2019-06-18,8.478529930114746,9.023520469665527,0.0,9.167512893676758,8.92752456665039,8.975522994995117,0.0,25464581
2019-06-19,8.117738723754883,8.639540672302246,0.0,8.73553466796875,8.591543197631836,8.73553466796875,0.0,65128980
2019-06-20,8.162837982177734,8.687538146972656,0.0,8.783533096313477,8.639540672302246,8.687538146972656,0.0,48176621
2019-06-21,8.162837982177734,8.687538146972656,0.0,8.73553466796875,8.639540672302246,8.687538146972656,0.0,52435806
2019-06-24,8.162837982177734,8.687538146972656,0.0,8.73553466796875,8.591543197631836,8.73553466796875,0.0,29404061
2019-06-25,8.117738723754883,8.639540672302246,0.0,8.687538146972656,8.591543197631836,8.687538146972656,0.0,20827356
2019-06-26,8.027543067932129,8.543545722961426,0.0,8.639540672302246,8.447550773620605,8.639540672302246,0.0,39482305
2019-06-27,8.072641372680664,8.591543197631836,0.0,8.639540672302246,8.543545722961426,8.591543197631836,0.0,19723130
2019-06-28,8.117738723754883,8.639540672302246,0.0,8.639540672302246,8.543545722961426,8.591543197631836,0.0,25105708
2019-07-01,8.343232154846191,8.879528045654297,0.0,8.92752456665039,8.639540672302246,8.639540672302246,0.0,58087564
2019-07-02,8.253035545349121,8.783533096313477,0.0,9.023520469665527,8.783533096313477,8.92752456665039,0.0,31644597
2019-07-03,8.29813289642334,8.83152961730957,0.0,8.879528045654297,8.783533096313477,8.879528045654297,0.0,11591657
2019-07-04,8.433430671691895,8.975522994995117,0.0,9.071517944335938,8.879528045654297,8.879528045654297,0.0,36665905
2019-07-05,8.478529930114746,9.023520469665527,0.0,9.167512893676758,8.92752456665039,9.023520469665527,0.0,27309783
2019-07-08,8.478529930114746,9.023520469665527,0.0,9.071517944335938,8.92752456665039,8.975522994995117,0.0,10125537
2019-07-09,8.38832950592041,8.92752456665039,0.0,9.023520469665527,8.879528045654297,9.023520469665527,0.0,11583219
2019-07-10,8.794217109680176,9.359501838684082,0.0,9.407500267028809,9.071517944335938,9.071517944335938,0.0,56113918
2019-07-11,8.83931827545166,9.407500267028809,0.0,9.503495216369629,9.311505317687988,9.503495216369629,0.0,21292380
2019-07-12,8.83931827545166,9.407500267028809,0.0,9.503495216369629,9.263506889343262,9.455496788024902,0.0,22469110
2019-07-15,8.658924102783203,9.215510368347168,0.0,9.59949016571045,9.215510368347168,9.455496788024902,0.0,39880347
2019-07-17,8.658924102783203,9.215510368347168,0.0,9.359501838684082,9.119515419006348,9.215510368347168,0.0,21733341
2019-07-18,8.798612594604492,9.311505317687988,0.051837,9.311505317687988,9.167512893676758,9.167512893676758,0.0,5349034
2019-07-19,8.980026245117188,9.503495216369629,0.0,9.791479110717773,9.359501838684082,9.407500267028809,0.0,63835578
2019-07-22,9.1614408493042,9.695484161376953,0.0,9.695484161376953,9.407500267028809,9.551491737365723,0.0,20143153
2019-07-23,8.980026245117188,9.503495216369629,0.0,9.695484161376953,9.503495216369629,9.695484161376953,0.0,27091647
2019-07-24,9.025381088256836,9.551491737365723,0.0,9.695484161376953,9.455496788024902,9.503495216369629,0.0,17045801
2019-07-25,8.889320373535156,9.407500267028809,0.0,9.59949016571045,9.311505317687988,9.503495216369629,0.0,20919861
2019-07-26,8.889320373535156,9.407500267028809,0.0,9.551491737365723,9.215510368347168,9.407500267028809,0.0,25281447
2019-07-30,8.798612594604492,9.311505317687988,0.0,9.455496788024902,9.119515419006348,9.407500267028809,0.0,17679168
2019-07-31,8.753257751464844,9.263506889343262,0.0,9.359501838684082,9.119515419006348,9.215510368347168,0.0,14608796
2019-08-01,8.435782432556152,8.92752456665039,0.0,9.407500267028809,8.783533096313477,9.215510368347168,0.0,32421930
2019-08-02,8.617196083068848,9.119515419006348,0.0,9.263506889343262,8.639540672302246,8.73553466796875,0.0,28966538
2019-08-05,8.4811372756958,8.975522994995117,0.0,9.167512893676758,8.92752456665039,8.975522994995117,0.0,11311955
2019-08-06,8.617196083068848,9.119515419006348,0.0,9.215510368347168,8.879528045654297,8.879528045654297,0.0,29768560
2019-08-07,8.798612594604492,9.311505317687988,0.0,9.311505317687988,9.119515419006348,9.215510368347168,0.0,18149714
2019-08-08,8.798612594604492,9.311505317687988,0.0,9.407500267028809,9.215510368347168,9.263506889343262,0.0,8493055
2019-08-09,8.798612594604492,9.311505317687988,0.0,9.407500267028809,9.167512893676758,9.359501838684082,0.0,12621087
2019-08-13,8.662550926208496,9.167512893676758,0.0,9.263506889343262,8.975522994995117,9.215510368347168,0.0,9600405
2019-08-14,8.617196083068848,9.119515419006348,0.0,9.215510368347168,9.071517944335938,9.167512893676758,0.0,22756208
2019-08-15,8.5264892578125,9.023520469665527,0.0,9.119515419006348,8.73553466796875,9.023520469665527,0.0,28356297
2019-08-16,8.617196083068848,9.119515419006348,0.0,9.167512893676758,9.023520469665527,9.071517944335938,0.0,6233560
2019-08-19,8.707904815673828,9.215510368347168,0.0,9.359501838684082,9.167512893676758,9.167512893676758,0.0,12735051
2019-08-20,8.707904815673828,9.215510368347168,0.0,9.263506889343262,9.119515419006348,9.263506889343262,0.0,7327160
2019-08-21,8.934672355651855,9.455496788024902,0.0,9.503495216369629,9.167512893676758,9.215510368347168,0.0,23251755
2019-08-22,8.889320373535156,9.407500267028809,0.0,9.551491737365723,9.263506889343262,9.407500267028809,0.0,16233466
2019-08-23,9.1614408493042,9.695484161376953,0.0,9.887474060058594,9.263506889343262,9.407500267028809,0.0,33958262
2019-08-26,8.980026245117188,9.503495216369629,0.0,9.695484161376953,9.407500267028809,9.455496788024902,0.0,32227336
2019-08-27,8.934672355651855,9.455496788024902,0.0,9.695484161376953,9.407500267028809,9.551491737365723,0.0,14283258
2019-08-28,8.934672355651855,9.455496788024902,0.0,9.503495216369629,9.359501838684082,9.455496788024902,0.0,8745568
2019-08-29,8.934672355651855,9.455496788024902,0.0,9.503495216369629,9.359501838684082,9.407500267028809,0.0,10721819
2019-08-30,8.843964576721191,9.359501838684082,0.0,9.407500267028809,9.263506889343262,9.407500267028809,0.0,21740946
2019-09-02,8.889320373535156,9.407500267028809,0.0,9.503495216369629,9.311505317687988,9.359501838684082,0.0,18130129
2019-09-03,8.707904815673828,9.215510368347168,0.0,9.503495216369629,9.167512893676758,9.407500267028809,0.0,21048305
2019-09-04,8.934672355651855,9.455496788024902,0.0,9.455496788024902,9.215510368347168,9.263506889343262,0.0,17082678
2019-09-05,8.980026245117188,9.503495216369629,0.0,9.695484161376953,9.455496788024902,9.455496788024902,0.0,28385049
2019-09-06,9.070733070373535,9.59949016571045,0.0,9.791479110717773,9.503495216369629,9.503495216369629,0.0,21314882
2019-09-09,9.342854499816895,9.887474060058594,0.0,9.983469009399414,9.59949016571045,9.695484161376953,0.0,22758708
2019-09-10,9.1614408493042,9.695484161376953,0.0,9.983469009399414,9.455496788024902,9.887474060058594,0.0,30683713
2019-09-11,8.843964576721191,9.359501838684082,0.0,9.695484161376953,9.359501838684082,9.695484161376953,0.0,19512390
2019-09-12,8.798612594604492,9.311505317687988,0.0,9.503495216369629,9.215510368347168,9.407500267028809,0.0,22037003
2019-09-13,8.662550926208496,9.167512893676758,0.0,9.359501838684082,9.119515419006348,9.311505317687988,0.0,20292536
2019-09-16,8.843964576721191,9.359501838684082,0.0,9.407500267028809,9.119515419006348,9.119515419006348,0.0,15919908
2019-09-17,8.934672355651855,9.455496788024902,0.0,9.551491737365723,9.359501838684082,9.359501838684082,0.0,16625258
2019-09-18,8.798612594604492,9.311505317687988,0.0,9.551491737365723,9.311505317687988,9.503495216369629,0.0,13160074
2019-09-19,8.934672355651855,9.455496788024902,0.0,9.455496788024902,9.311505317687988,9.359501838684082,0.0,8938599
2019-09-20,8.934672355651855,9.455496788024902,0.0,9.503495216369629,9.359501838684082,9.455496788024902,0.0,19190185
2019-09-23,8.934672355651855,9.455496788024902,0.0,9.551491737365723,9.407500267028809,9.503495216369629,0.0,11490402
2019-09-24,8.889320373535156,9.407500267028809,0.0,9.503495216369629,9.311505317687988,9.455496788024902,0.0,9801041
2019-09-25,8.889320373535156,9.407500267028809,0.0,9.407500267028809,9.263506889343262,9.407500267028809,0.0,5615298
2019-09-26,8.889320373535156,9.407500267028809,0.0,9.551491737365723,9.359501838684082,9.407500267028809,0.0,10803282
2019-09-27,8.980026245117188,9.503495216369629,0.0,9.503495216369629,9.359501838684082,9.359501838684082,0.0,13668226
2019-09-30,8.934672355651855,9.455496788024902,0.0,9.503495216369629,9.407500267028809,9.455496788024902,0.0,5375389
2019-10-01,8.707904815673828,9.215510368347168,0.0,9.455496788024902,9.215510368347168,9.407500267028809,0.0,7496231
2019-10-02,8.753257751464844,9.263506889343262,0.0,9.359501838684082,9.167512893676758,9.167512893676758,0.0,6149284
2019-10-03,8.662550926208496,9.167512893676758,0.0,9.263506889343262,9.071517944335938,9.167512893676758,0.0,13884487
2019-10-04,8.707904815673828,9.215510368347168,0.0,9.263506889343262,9.167512893676758,9.167512893676758,0.0,7334035
2019-10-07,8.617196083068848,9.119515419006348,0.0,9.215510368347168,9.023520469665527,9.215510368347168,0.0,10621189
2019-10-08,8.707904815673828,9.215510368347168,0.0,9.359501838684082,9.119515419006348,9.119515419006348,0.0,7139441
2019-10-09,8.707904815673828,9.215510368347168,0.0,9.311505317687988,9.167512893676758,9.215510368347168,0.0,3458517
2019-10-10,8.753257751464844,9.263506889343262,0.0,9.263506889343262,9.167512893676758,9.215510368347168,0.0,3606441
2019-10-11,8.980026245117188,9.503495216369629,0.0,9.503495216369629,9.263506889343262,9.263506889343262,0.0,15078613
2019-10-15,8.843964576721191,9.359501838684082,0.0,9.551491737365723,9.359501838684082,9.503495216369629,0.0,6508470
2019-10-16,9.070733070373535,9.59949016571045,0.0,9.59949016571045,9.359501838684082,9.359501838684082,0.0,11335081
2019-10-17,8.980026245117188,9.503495216369629,0.0,9.791479110717773,9.503495216369629,9.59949016571045,0.0,33785440
2019-10-18,8.980026245117188,9.503495216369629,0.0,9.59949016571045,9.503495216369629,9.551491737365723,0.0,7527795
2019-10-21,8.843964576721191,9.359501838684082,0.0,9.551491737365723,9.359501838684082,9.503495216369629,0.0,4417734
2019-10-22,8.980026245117188,9.503495216369629,0.0,9.551491737365723,9.407500267028809,9.407500267028809,0.0,4729730
2019-10-24,8.889320373535156,9.407500267028809,0.0,9.551491737365723,9.359501838684082,9.551491737365723,0.0,4339605
2019-10-25,8.707904815673828,9.215510368347168,0.0,9.455496788024902,9.167512893676758,9.455496788024902,0.0,14006577
2019-10-28,8.662550926208496,9.167512893676758,0.0,9.263506889343262,8.92752456665039,9.215510368347168,0.0,12551187
2019-10-29,8.934672355651855,9.455496788024902,0.0,9.455496788024902,9.263506889343262,9.263506889343262,0.0,9296327
2019-10-30,8.753257751464844,9.263506889343262,0.0,9.407500267028809,9.215510368347168,9.407500267028809,0.0,7694367
2019-10-31,8.843964576721191,9.359501838684082,0.0,9.359501838684082,9.167512893676758,9.311505317687988,0.0,9707598
2019-11-01,8.798612594604492,9.311505317687988,0.0,9.407500267028809,9.311505317687988,9.311505317687988,0.0,8339609
2019-11-04,8.980026245117188,9.503495216369629,0.0,9.503495216369629,9.359501838684082,9.359501838684082,0.0,13191429
2019-11-05,9.1614408493042,9.695484161376953,0.0,9.983469009399414,9.455496788024902,9.503495216369629,0.0,56233091
2019-11-06,9.1614408493042,9.695484161376953,0.0,9.695484161376953,9.407500267028809,9.59949016571045,0.0,11119861
2019-11-07,9.070733070373535,9.59949016571045,0.0,9.887474060058594,9.59949016571045,9.695484161376953,0.0,16280760
2019-11-08,9.070733070373535,9.59949016571045,0.0,9.791479110717773,9.551491737365723,9.695484161376953,0.0,8652542
2019-11-11,8.934672355651855,9.455496788024902,0.0,9.983469009399414,9.455496788024902,9.695484161376953,0.0,45667425
2019-11-12,9.070733070373535,9.59949016571045,0.0,9.695484161376953,9.503495216369629,9.503495216369629,0.0,7502690
2019-11-13,8.934672355651855,9.455496788024902,0.0,9.695484161376953,9.407500267028809,9.59949016571045,0.0,7129649
2019-11-14,8.980026245117188,9.503495216369629,0.0,9.695484161376953,9.407500267028809,9.503495216369629,0.0,20418272
2019-11-15,8.753257751464844,9.263506889343262,0.0,9.503495216369629,9.167512893676758,9.503495216369629,0.0,18843188
2019-11-18,8.889320373535156,9.407500267028809,0.0,9.455496788024902,9.263506889343262,9.359501838684082,0.0,6498366
2019-11-19,8.889320373535156,9.407500267028809,0.0,9.455496788024902,9.359501838684082,9.407500267028809,0.0,3712697
2019-11-20,8.889320373535156,9.407500267028809,0.0,9.455496788024902,9.263506889343262,9.359501838684082,0.0,7971777
2019-11-21,8.889320373535156,9.407500267028809,0.0,9.455496788024902,9.311505317687988,9.407500267028809,0.0,6004485
2019-11-22,8.843964576721191,9.359501838684082,0.0,9.455496788024902,9.263506889343262,9.407500267028809,0.0,9407687
2019-11-25,9.070733070373535,9.59949016571045,0.0,9.59949016571045,9.407500267028809,9.407500267028809,0.0,10484202
2019-11-26,9.025381088256836,9.551491737365723,0.0,9.59949016571045,9.503495216369629,9.59949016571045,0.0,4475029
2019-11-27,8.798612594604492,9.311505317687988,0.0,9.59949016571045,9.311505317687988,9.59949016571045,0.0,6457217
2019-11-28,8.798612594604492,9.311505317687988,0.0,9.407500267028809,9.311505317687988,9.311505317687988,0.0,2562636
2019-11-29,8.980026245117188,9.503495216369629,0.0,9.551491737365723,9.167512893676758,9.311505317687988,0.0,12881413
2019-12-02,8.889320373535156,9.407500267028809,0.0,9.503495216369629,9.311505317687988,9.503495216369629,0.0,6601809
2019-12-03,8.934672355651855,9.455496788024902,0.0,9.455496788024902,9.311505317687988,9.311505317687988,0.0,22614430
2019-12-04,8.843964576721191,9.359501838684082,0.0,9.455496788024902,9.311505317687988,9.455496788024902,0.0,20479108
2019-12-06,8.617196083068848,9.119515419006348,0.0,9.407500267028809,9.119515419006348,9.359501838684082,0.0,29873670
2019-12-09,8.4811372756958,8.975522994995117,0.0,9.167512893676758,8.73553466796875,9.119515419006348,0.0,30134725
2019-12-11,8.571843147277832,9.071517944335938,0.0,9.119515419006348,8.975522994995117,8.975522994995117,0.0,8682961
2019-12-12,8.617196083068848,9.119515419006348,0.0,9.167512893676758,9.071517944335938,9.167512893676758,0.0,5134647
2019-12-13,8.889320373535156,9.407500267028809,0.0,9.455496788024902,9.167512893676758,9.167512893676758,0.0,15787296
2019-12-16,8.707904815673828,9.215510368347168,0.0,9.359501838684082,9.167512893676758,9.311505317687988,0.0,6504303
2019-12-17,8.118306159973145,8.591543197631836,0.0,9.167512893676758,8.543545722961426,9.167512893676758,0.0,34177648
2019-12-18,8.435782432556152,8.92752456665039,0.0,8.92752456665039,8.639540672302246,8.687538146972656,0.0,19115494
2019-12-19,8.707904815673828,9.215510368347168,0.0,9.311505317687988,9.023520469665527,9.023520469665527,0.0,17914909
2019-12-20,8.299721717834473,8.783533096313477,0.0,9.071517944335938,8.687538146972656,9.071517944335938,0.0,37556786
2019-12-23,8.299721717834473,8.783533096313477,0.0,8.83152961730957,8.687538146972656,8.73553466796875,0.0,5992609
2019-12-24,8.435782432556152,8.92752456665039,0.0,9.023520469665527,8.783533096313477,8.83152961730957,0.0,5910522
2019-12-25,8.571843147277832,9.071517944335938,0.0,9.119515419006348,8.783533096313477,8.92752456665039,0.0,14025015
2019-12-26,8.889320373535156,9.407500267028809,0.0,9.503495216369629,9.119515419006348,9.119515419006348,0.0,33201138
2019-12-27,8.798612594604492,9.311505317687988,0.0,9.551491737365723,9.263506889343262,9.311505317687988,0.0,16397850
2019-12-30,8.662550926208496,9.167512893676758,0.0,9.59949016571045,9.167512893676758,9.263506889343262,0.0,49874940
2020-01-02,8.934672355651855,9.455496788024902,0.0,9.503495216369629,9.167512893676758,9.215510368347168,0.0,27713034
2020-01-03,8.843964576721191,9.359501838684082,0.0,9.455496788024902,9.215510368347168,9.455496788024902,0.0,11570510
2020-01-06,8.617196083068848,9.119515419006348,0.0,9.311505317687988,9.023520469665527,9.215510368347168,0.0,8820885
2020-01-07,8.617196083068848,9.119515419006348,0.0,9.215510368347168,8.975522994995117,9.071517944335938,0.0,22354208
2020-01-08,8.571843147277832,9.071517944335938,0.0,9.119515419006348,8.92752456665039,9.023520469665527,0.0,11198824
2020-01-09,8.617196083068848,9.119515419006348,0.0,9.263506889343262,9.119515419006348,9.167512893676758,0.0,5713428
2020-01-10,8.571843147277832,9.071517944335938,0.0,9.215510368347168,8.975522994995117,9.119515419006348,0.0,7874689
2020-01-13,8.662550926208496,9.167512893676758,0.0,9.167512893676758,8.975522994995117,9.167512893676758,0.0,8959330
2020-01-14,8.662550926208496,9.167512893676758,0.0,9.215510368347168,9.119515419006348,9.167512893676758,0.0,9288305
2020-01-15,8.753257751464844,9.263506889343262,0.0,9.503495216369629,9.167512893676758,9.215510368347168,0.0,20072003
2020-01-16,8.707904815673828,9.215510368347168,0.0,9.359501838684082,9.119515419006348,9.263506889343262,0.0,8271272
2020-01-17,8.662550926208496,9.167512893676758,0.0,9.359501838684082,9.023520469665527,9.359501838684082,0.0,35685749
2020-01-20,8.617196083068848,9.119515419006348,0.0,9.215510368347168,9.119515419006348,9.167512893676758,0.0,4466591
2020-01-21,8.39042854309082,8.879528045654297,0.0,9.167512893676758,8.879528045654297,9.167512893676758,0.0,18853813
2020-01-22,8.4811372756958,8.975522994995117,0.0,9.119515419006348,8.879528045654297,8.879528045654297,0.0,17120284
2020-01-23,8.617196083068848,9.119515419006348,0.0,9.215510368347168,8.975522994995117,8.975522994995117,0.0,9203718
2020-01-24,8.662550926208496,9.167512893676758,0.0,9.215510368347168,9.071517944335938,9.215510368347168,0.0,9085378
2020-01-27,8.4811372756958,8.975522994995117,0.0,9.023520469665527,8.73553466796875,9.023520469665527,0.0,14390556
2020-01-28,7.982245445251465,8.447550773620605,0.0,8.92752456665039,8.447550773620605,8.879528045654297,0.0,48831135
2020-01-29,8.25436782836914,8.73553466796875,0.0,8.73553466796875,7.823584079742432,8.543545722961426,0.0,84864299
2020-01-30,7.982245445251465,8.447550773620605,0.0,8.687538146972656,7.871581077575684,8.495548248291016,0.0,64163408
2020-01-31,7.982245445251465,8.447550773620605,0.0,8.591543197631836,8.447550773620605,8.447550773620605,0.0,34690071
2020-02-03,7.755476951599121,8.207564353942871,0.0,8.495548248291016,8.063570976257324,8.447550773620605,0.0,16907773
2020-02-04,7.891538619995117,8.351555824279785,0.0,8.399553298950195,8.11156940460205,8.255560874938965,0.0,14709010
2020-02-05,7.846183776855469,8.303558349609375,0.0,8.447550773620605,8.207564353942871,8.255560874938965,0.0,14125958
2020-02-06,7.936891078948975,8.399553298950195,0.0,8.495548248291016,8.303558349609375,8.399553298950195,0.0,24029505
2020-02-07,7.982245445251465,8.447550773620605,0.0,8.639540672302246,8.399553298950195,8.399553298950195,0.0,23817931
2020-02-11,8.118306159973145,8.591543197631836,0.0,8.687538146972656,8.447550773620605,8.447550773620605,0.0,17545098
2020-02-12,8.16365909576416,8.639540672302246,0.0,8.783533096313477,8.591543197631836,8.639540672302246,0.0,27622196
2020-02-13,8.118306159973145,8.591543197631836,0.0,8.73553466796875,8.543545722961426,8.639540672302246,0.0,26478385
2020-02-14,8.072953224182129,8.543545722961426,0.0,8.73553466796875,8.447550773620605,8.73553466796875,0.0,6293146
2020-02-17,8.02760124206543,8.495548248291016,0.0,8.543545722961426,8.447550773620605,8.447550773620605,0.0,3696863
2020-02-18,7.710123538970947,8.159565925598145,0.0,8.447550773620605,8.11156940460205,8.399553298950195,0.0,16327846
2020-02-19,7.664771556854248,8.11156940460205,0.0,8.255560874938965,8.063570976257324,8.11156940460205,0.0,16092208
2020-02-20,7.5287089347839355,7.967576026916504,0.0,8.303558349609375,7.919579029083252,8.303558349609375,0.0,7745203
2020-02-21,7.392647743225098,7.823584079742432,0.0,8.01557445526123,7.487602233886719,7.679592132568359,0.0,35563764
2020-02-24,6.576282501220703,6.959630012512207,0.0,7.679592132568359,6.959630012512207,7.583597183227539,0.0,31157384
2020-02-25,6.799903869628906,7.151619911193848,0.043198,7.1996169090271,6.767640113830566,6.911632061004639,0.0,36377765
2020-02-26,6.434807777404785,6.767640113830566,0.0,7.247614860534668,6.767640113830566,7.007627010345459,0.0,20705370
2020-02-27,6.480443954467773,6.815637111663818,0.0,6.911632061004639,6.623648166656494,6.7196431159973145,0.0,30794135
2020-02-28,6.069711208343506,6.383659839630127,0.0,6.623648166656494,6.287664890289307,6.383659839630127,0.0,30913933
2020-03-02,6.024075031280518,6.335662841796875,0.0,6.671645164489746,6.191670894622803,6.575650215148926,0.0,25226444
2020-03-03,6.5260820388793945,6.863635063171387,0.0,6.863635063171387,6.431657791137695,6.527653217315674,0.0,32174729
2020-03-04,6.6173553466796875,6.959630012512207,0.0,7.055624961853027,6.671645164489746,6.767640113830566,0.0,22121383
2020-03-05,7.028087615966797,7.39160680770874,0.0,7.871581077575684,6.959630012512207,6.959630012512207,0.0,35350419
2020-03-06,6.708629131317139,7.055624961853027,0.0,7.247614860534668,6.959630012512207,7.151619911193848,0.0,15264144
2020-03-09,6.206623554229736,6.527653217315674,0.0,7.151619911193848,6.287664890289307,6.815637111663818,0.0,23356240
2020-03-10,6.3891706466674805,6.7196431159973145,0.0,6.863635063171387,6.575650215148926,6.671645164489746,0.0,20611094
2020-03-11,6.115348815917969,6.431657791137695,0.0,6.7196431159973145,6.383659839630127,6.671645164489746,0.0,13978659
2020-03-12,5.5677056312561035,5.855688095092773,0.0,6.671645164489746,5.47170877456665,6.671645164489746,0.0,38476210
2020-03-13,5.704616069793701,5.999680995941162,0.0,6.287664890289307,4.780546188354492,5.7596940994262695,0.0,38095565
2020-03-16,5.248247146606445,5.519705772399902,0.0,7.775586128234863,5.37571382522583,5.37571382522583,0.0,16908814
2020-03-17,5.156972408294678,5.423710823059082,0.0,5.7596940994262695,5.37571382522583,5.567704200744629,0.0,13717707
2020-03-18,5.339520454406738,5.615701198577881,0.0,5.7596940994262695,5.27971887588501,5.663699150085449,0.0,15672290
2020-03-19,5.156972408294678,5.423710823059082,0.0,5.519705772399902,5.231721878051758,5.37571382522583,0.0,13657600
2020-03-20,5.887165069580078,6.191670894622803,0.0,6.191670894622803,5.615701198577881,5.711696147918701,0.0,15349356
2020-03-23,5.248247146606445,5.519705772399902,0.0,5.855688095092773,5.47170877456665,5.519705772399902,0.0,16909439
2020-03-24,4.928788661956787,5.1837239265441895,0.0,5.903686046600342,5.087728977203369,5.7596940994262695,0.0,14413682
2020-03-25,4.97442626953125,5.231721878051758,0.0,5.327715873718262,4.665351867675781,5.231721878051758,0.0,59342422
2020-03-26,4.883152008056641,5.1357269287109375,0.0,5.47170877456665,4.799745082855225,5.231721878051758,0.0,45851185
2020-03-27,4.883152008056641,5.1357269287109375,0.0,5.519705772399902,4.991734027862549,5.37571382522583,0.0,14021057
2020-03-30,4.8375139236450195,5.087728977203369,0.0,5.087728977203369,5.087728977203369,5.087728977203369,0.0,1606439
2020-03-31,5.202610015869141,5.47170877456665,0.0,5.663699150085449,5.1837239265441895,5.231721878051758,0.0,23005180
2020-04-01,4.883152008056641,5.1357269287109375,0.0,5.567704200744629,5.087728977203369,5.423710823059082,0.0,15591140
2020-04-02,5.202610015869141,5.47170877456665,0.0,5.519705772399902,5.087728977203369,5.1837239265441895,0.0,21177687
2020-04-03,5.202610015869141,5.47170877456665,0.0,5.567704200744629,5.327715873718262,5.519705772399902,0.0,9513630
2020-04-07,5.704616069793701,5.999680995941162,0.0,6.287664890289307,5.903686046600342,6.047677993774414,0.0,24678915
2020-04-08,5.658979415893555,5.951683044433594,0.0,6.191670894622803,5.903686046600342,5.999680995941162,0.0,18846834
2020-04-09,5.795890808105469,6.095675945281982,0.0,6.7196431159973145,5.999680995941162,6.095675945281982,0.0,41729195
2020-04-10,5.932801246643066,6.239667892456055,0.0,6.335662841796875,6.095675945281982,6.239667892456055,0.0,13738229
2020-04-13,6.2978973388671875,6.623648166656494,0.0,6.623648166656494,6.287664890289307,6.287664890289307,0.0,27849187
2020-04-14,6.662992477416992,7.007627010345459,0.0,7.007627010345459,6.671645164489746,6.815637111663818,0.0,45582212
2020-04-15,6.343533515930176,6.671645164489746,0.0,7.007627010345459,6.383659839630127,7.007627010345459,0.0,50681233
2020-04-16,5.978437423706055,6.287664890289307,0.0,6.575650215148926,6.287664890289307,6.479654788970947,0.0,22122633
2020-04-17,6.480443954467773,6.815637111663818,0.0,6.815637111663818,6.431657791137695,6.575650215148926,0.0,13734792
2020-04-20,6.708629131317139,7.055624961853027,0.0,7.103621959686279,6.7196431159973145,6.815637111663818,0.0,20571196
2020-04-21,6.3891706466674805,6.7196431159973145,0.0,6.863635063171387,6.671645164489746,6.767640113830566,0.0,21070077
2020-04-22,6.480443954467773,6.815637111663818,0.0,6.815637111663818,6.527653217315674,6.671645164489746,0.0,8550141
2020-04-23,6.891176700592041,7.247614860534668,0.0,7.39160680770874,6.767640113830566,6.815637111663818,0.0,31107485
2020-04-24,6.662992477416992,7.007627010345459,0.0,7.39160680770874,6.959630012512207,7.29561185836792,0.0,14326802
2020-04-27,6.799903869628906,7.151619911193848,0.0,7.1996169090271,7.007627010345459,7.1996169090271,0.0,5822080
2020-04-28,6.936813831329346,7.29561185836792,0.0,7.439603805541992,7.151619911193848,7.1996169090271,0.0,13652183
2020-04-29,7.4388203620910645,7.823584079742432,0.0,7.823584079742432,7.29561185836792,7.39160680770874,0.0,37412091
2020-04-30,7.621368885040283,8.01557445526123,0.0,8.063570976257324,7.631594181060791,8.063570976257324,0.0,26758713
2020-05-05,7.57573127746582,7.967576026916504,0.0,8.01557445526123,7.631594181060791,7.679592132568359,0.0,12047202
2020-05-07,7.256272315979004,7.631594181060791,0.0,7.919579029083252,7.535599231719971,7.823584079742432,0.0,18616405
2020-05-08,7.667004585266113,8.063570976257324,0.0,8.255560874938965,7.727589130401611,7.775586128234863,0.0,37618039
2020-05-11,7.667004585266113,8.063570976257324,0.0,8.447550773620605,8.063570976257324,8.159565925598145,0.0,22679225
2020-05-12,7.667004585266113,8.063570976257324,0.0,8.159565925598145,7.919579029083252,7.967576026916504,0.0,11526028
2020-05-13,7.621368885040283,8.01557445526123,0.0,8.159565925598145,7.967576026916504,8.11156940460205,0.0,8710358
2020-05-14,7.4388203620910645,7.823584079742432,0.0,7.967576026916504,7.631594181060791,7.871581077575684,0.0,16592548
2020-05-15,7.301910400390625,7.679592132568359,0.0,7.919579029083252,7.679592132568359,7.871581077575684,0.0,13951366
2020-05-18,7.393182277679443,7.775586128234863,0.0,7.871581077575684,7.679592132568359,7.775586128234863,0.0,17250916
2020-05-19,7.4388203620910645,7.823584079742432,0.0,8.01557445526123,7.727589130401611,7.871581077575684,0.0,27439061
2020-05-20,7.393182277679443,7.775586128234863,0.0,7.919579029083252,7.727589130401611,7.823584079742432,0.0,9643220
2020-05-21,7.393182277679443,7.775586128234863,0.0,7.919579029083252,7.679592132568359,7.679592132568359,0.0,12928811
2020-05-22,7.393182277679443,7.775586128234863,0.0,7.823584079742432,7.583597183227539,7.727589130401611,0.0,10029699
2020-05-25,7.393182277679443,7.775586128234863,0.0,7.919579029083252,7.775586128234863,7.823584079742432,0.0,6293355
2020-05-26,7.621368885040283,8.01557445526123,0.0,8.303558349609375,7.871581077575684,7.919579029083252,0.0,53082611
2020-05-27,7.621368885040283,8.01557445526123,0.0,8.11156940460205,7.823584079742432,8.01557445526123,0.0,23389054
2020-05-28,7.347546577453613,7.727589130401611,0.0,8.11156940460205,7.727589130401611,8.11156940460205,0.0,21827409
2020-05-29,7.256272315979004,7.631594181060791,0.0,7.775586128234863,7.631594181060791,7.679592132568359,0.0,14165752
2020-06-01,7.393182277679443,7.775586128234863,0.0,7.967576026916504,7.727589130401611,7.823584079742432,0.0,25088207
2020-06-02,7.210635662078857,7.583597183227539,0.0,7.871581077575684,7.487602233886719,7.823584079742432,0.0,35231663
2020-06-04,7.073724269866943,7.439603805541992,0.0,7.727589130401611,7.39160680770874,7.631594181060791,0.0,40722892
2020-06-05,7.210635662078857,7.583597183227539,0.0,7.631594181060791,7.487602233886719,7.487602233886719,0.0,23749490
2020-06-08,7.073724269866943,7.439603805541992,0.0,7.775586128234863,7.39160680770874,7.631594181060791,0.0,42265474
2020-06-09,6.799903869628906,7.151619911193848,0.0,7.583597183227539,7.151619911193848,7.39160680770874,0.0,24542866
2020-06-10,6.982450008392334,7.343608856201172,0.0,7.39160680770874,7.151619911193848,7.1996169090271,0.0,20097942
2020-06-11,6.662992477416992,7.007627010345459,0.0,7.439603805541992,6.959630012512207,7.39160680770874,0.0,25655841
2020-06-12,6.799903869628906,7.151619911193848,0.0,7.1996169090271,6.7196431159973145,6.7196431159973145,0.0,24748710
2020-06-15,6.6173553466796875,6.959630012512207,0.0,7.151619911193848,6.815637111663818,7.103621959686279,0.0,25794182
2020-06-16,6.754265308380127,7.103621959686279,0.0,7.247614860534668,7.055624961853027,7.1996169090271,0.0,21091745
2020-06-17,6.799903869628906,7.151619911193848,0.0,7.39160680770874,7.151619911193848,7.151619911193848,0.0,24118989
2020-06-18,7.028087615966797,7.39160680770874,0.0,7.439603805541992,7.103621959686279,7.103621959686279,0.0,25718970
2020-06-19,7.1193623542785645,7.487602233886719,0.0,7.583597183227539,7.39160680770874,7.535599231719971,0.0,22285558
2020-06-22,6.936813831329346,7.29561185836792,0.0,7.535599231719971,7.247614860534668,7.439603805541992,0.0,9857711
2020-06-23,7.1193623542785645,7.487602233886719,0.0,7.535599231719971,7.29561185836792,7.39160680770874,0.0,18954652
2020-06-24,6.799903869628906,7.151619911193848,0.0,7.535599231719971,7.151619911193848,7.535599231719971,0.0,11656035
2020-06-25,6.708629131317139,7.055624961853027,0.0,7.151619911193848,6.863635063171387,7.007627010345459,0.0,27293012
2020-06-26,6.799903869628906,7.151619911193848,0.0,7.1996169090271,7.007627010345459,7.151619911193848,0.0,11949280
2020-06-29,6.8455400466918945,7.1996169090271,0.0,7.1996169090271,7.007627010345459,7.055624961853027,0.0,9284868
2020-06-30,6.8455400466918945,7.1996169090271,0.0,7.439603805541992,7.1996169090271,7.439603805541992,0.0,24967055
2020-07-01,7.028087615966797,7.39160680770874,0.0,7.535599231719971,7.1996169090271,7.247614860534668,0.0,29273950
2020-07-02,7.073724269866943,7.439603805541992,0.0,7.631594181060791,7.439603805541992,7.487602233886719,0.0,21042471
2020-07-03,6.936813831329346,7.29561185836792,0.0,7.487602233886719,7.247614860534668,7.439603805541992,0.0,8095846
2020-07-07,6.982450008392334,7.343608856201172,0.0,7.487602233886719,7.343608856201172,7.39160680770874,0.0,10076576
2020-07-08,6.982450008392334,7.343608856201172,0.0,7.439603805541992,7.29561185836792,7.343608856201172,0.0,5640403
2020-07-09,7.028087615966797,7.39160680770874,0.0,7.487602233886719,7.247614860534668,7.39160680770874,0.0,6530971
2020-07-10,6.936813831329346,7.29561185836792,0.0,7.39160680770874,7.1996169090271,7.29561185836792,0.0,9112567
2020-07-13,6.936813831329346,7.29561185836792,0.0,7.343608856201172,6.767640113830566,7.343608856201172,0.0,32789450
2020-07-14,6.434807777404785,6.767640113830566,0.0,6.959630012512207,6.7196431159973145,6.863635063171387,0.0,30815074
2020-07-15,6.571718215942383,6.911632061004639,0.0,6.911632061004639,6.767640113830566,6.815637111663818,0.0,18552547
2020-07-16,6.5260820388793945,6.863635063171387,0.0,7.055624961853027,6.767640113830566,6.863635063171387,0.0,15907199
2020-07-17,6.5260820388793945,6.863635063171387,0.0,6.959630012512207,6.767640113830566,6.863635063171387,0.0,9842501
2020-07-20,6.571718215942383,6.911632061004639,0.0,6.959630012512207,6.767640113830566,6.815637111663818,0.0,11227367
2020-07-21,6.708629131317139,7.055624961853027,0.0,7.103621959686279,6.911632061004639,7.007627010345459,0.0,12920373
2020-07-22,6.5260820388793945,6.863635063171387,0.0,7.007627010345459,6.815637111663818,7.007627010345459,0.0,11259556
2020-07-23,6.449239253997803,6.767640113830566,0.015359,6.911632061004639,6.671645164489746,6.815637111663818,0.0,11094651
2020-07-24,6.3120222091674805,6.623648166656494,0.0,6.767640113830566,6.623648166656494,6.7196431159973145,0.0,6048967
2020-07-29,6.3120222091674805,6.623648166656494,0.0,6.767640113830566,6.623648166656494,6.671645164489746,0.0,5988859
2020-07-30,6.037585258483887,6.335662841796875,0.0,6.767640113830566,6.335662841796875,6.671645164489746,0.0,11788230
2020-07-31,6.037585258483887,6.335662841796875,0.0,6.431657791137695,6.239667892456055,6.335662841796875,0.0,8537953
2020-08-03,5.854628086090088,6.143672943115234,0.0,6.383659839630127,6.047677993774414,6.383659839630127,0.0,13197055
2020-08-04,5.9003682136535645,6.191670894622803,0.0,6.335662841796875,6.143672943115234,6.239667892456055,0.0,6193974
2020-08-05,5.9003682136535645,6.191670894622803,0.0,6.287664890289307,6.095675945281982,6.239667892456055,0.0,6652436
2020-08-06,5.763149738311768,6.047677993774414,0.0,6.287664890289307,6.047677993774414,6.191670894622803,0.0,11434253
2020-08-07,5.671671390533447,5.951683044433594,0.0,6.191670894622803,5.951683044433594,5.999680995941162,0.0,10570353
2020-08-10,5.580192565917969,5.855688095092773,0.0,5.999680995941162,5.8076910972595215,5.999680995941162,0.0,7730723
2020-08-11,5.946106910705566,6.239667892456055,0.0,6.335662841796875,5.903686046600342,5.903686046600342,0.0,53922135
2020-08-13,6.174803256988525,6.479654788970947,0.0,6.527653217315674,6.287664890289307,6.287664890289307,0.0,40158070
2020-08-14,6.037585258483887,6.335662841796875,0.0,6.623648166656494,6.191670894622803,6.623648166656494,0.0,17984705
2020-08-17,5.9003682136535645,6.191670894622803,0.0,6.431657791137695,6.095675945281982,6.383659839630127,0.0,7054437
2020-08-18,5.488714694976807,5.7596940994262695,0.0,6.335662841796875,5.615701198577881,6.095675945281982,0.0,53345541
2020-08-19,5.305757522583008,5.567704200744629,0.0,5.8076910972595215,5.567704200744629,5.8076910972595215,0.0,47814727
2020-08-20,5.305757522583008,5.567704200744629,0.0,5.615701198577881,5.27971887588501,5.47170877456665,0.0,90652106
2020-08-21,5.214278221130371,5.47170877456665,0.0,5.711696147918701,5.423710823059082,5.615701198577881,0.0,50926142
2020-08-24,5.397235870361328,5.663699150085449,0.0,5.7596940994262695,5.423710823059082,5.519705772399902,0.0,57630561
2020-08-25,5.44297456741333,5.711696147918701,0.0,5.903686046600342,5.615701198577881,5.7596940994262695,0.0,73326290
2020-08-26,6.220543384552002,6.527653217315674,0.0,6.527653217315674,5.7596940994262695,5.8076910972595215,0.0,122390667
2020-08-27,6.677935600280762,7.007627010345459,0.0,7.39160680770874,6.863635063171387,7.29561185836792,0.0,187597047
2020-08-28,6.403500080108643,6.7196431159973145,0.0,6.959630012512207,6.623648166656494,6.959630012512207,0.0,108269500
2020-08-31,6.403500080108643,6.7196431159973145,0.0,6.911632061004639,6.623648166656494,6.815637111663818,0.0,48416842
2020-09-01,6.357760429382324,6.671645164489746,0.0,6.815637111663818,6.575650215148926,6.767640113830566,0.0,48984060
2020-09-02,6.494977951049805,6.815637111663818,0.0,6.863635063171387,6.623648166656494,6.671645164489746,0.0,46359337
2020-09-03,6.494977951049805,6.815637111663818,0.0,7.055624961853027,6.767640113830566,6.815637111663818,0.0,59323463
2020-09-08,6.220543384552002,6.527653217315674,0.0,6.815637111663818,6.527653217315674,6.7196431159973145,0.0,32164312
2020-09-09,6.266282081604004,6.575650215148926,0.0,6.575650215148926,6.383659839630127,6.431657791137695,0.0,17237165
2020-09-10,6.266282081604004,6.575650215148926,0.0,6.767640113830566,6.527653217315674,6.623648166656494,0.0,25175191
2020-09-11,5.946106910705566,6.239667892456055,0.0,6.623648166656494,6.191670894622803,6.575650215148926,0.0,29992947
2020-09-14,5.717410087585449,5.999680995941162,0.0,6.335662841796875,5.951683044433594,6.287664890289307,0.0,41845972
2020-09-15,5.946106910705566,6.239667892456055,0.0,6.335662841796875,5.951683044433594,5.999680995941162,0.0,23946480
2020-09-16,6.083323955535889,6.383659839630127,0.0,6.383659839630127,6.095675945281982,6.239667892456055,0.0,24296186
2020-09-17,5.946106910705566,6.239667892456055,0.0,6.335662841796875,6.191670894622803,6.335662841796875,0.0,14480352
2020-09-18,5.991846084594727,6.287664890289307,0.0,6.479654788970947,6.143672943115234,6.287664890289307,0.0,20675681
2020-09-21,5.854628086090088,6.143672943115234,0.0,6.383659839630127,6.095675945281982,6.335662841796875,0.0,14717135
2020-09-22,5.9003682136535645,6.191670894622803,0.0,6.191670894622803,6.047677993774414,6.095675945281982,0.0,9204551
2020-09-23,5.946106910705566,6.239667892456055,0.0,6.287664890289307,6.143672943115234,6.239667892456055,0.0,10868910
2020-09-24,5.991846084594727,6.287664890289307,0.0,6.287664890289307,6.095675945281982,6.191670894622803,0.0,15668748
2020-09-25,5.808889389038086,6.095675945281982,0.0,6.431657791137695,5.999680995941162,6.383659839630127,0.0,28442031
2020-09-28,5.9003682136535645,6.191670894622803,0.0,6.191670894622803,6.095675945281982,6.143672943115234,0.0,10221897
2020-09-29,5.991846084594727,6.287664890289307,0.0,6.527653217315674,6.239667892456055,6.383659839630127,0.0,77143785
2020-09-30,5.808889389038086,6.095675945281982,0.0,6.287664890289307,6.095675945281982,6.287664890289307,0.0,23509477
2020-10-01,5.9003682136535645,6.191670894622803,0.0,6.287664890289307,6.047677993774414,6.191670894622803,0.0,17364151
2020-10-02,5.9003682136535645,6.191670894622803,0.0,6.287664890289307,6.095675945281982,6.143672943115234,0.0,19891160
2020-10-05,5.991846084594727,6.287664890289307,0.0,6.431657791137695,6.239667892456055,6.239667892456055,0.0,21807095
2020-10-06,6.129064083099365,6.431657791137695,0.0,6.527653217315674,6.287664890289307,6.287664890289307,0.0,39170413
2020-10-07,6.266282081604004,6.575650215148926,0.0,6.623648166656494,6.383659839630127,6.431657791137695,0.0,61844535
2020-10-08,6.174803256988525,6.479654788970947,0.0,6.815637111663818,6.479654788970947,6.671645164489746,0.0,92023221
2020-10-09,6.220543384552002,6.527653217315674,0.0,6.671645164489746,6.479654788970947,6.527653217315674,0.0,23002471
2020-10-12,6.174803256988525,6.479654788970947,0.0,6.671645164489746,6.335662841796875,6.527653217315674,0.0,28535474
2020-10-14,5.9003682136535645,6.191670894622803,0.0,6.479654788970947,6.191670894622803,6.431657791137695,0.0,27692616
2020-10-15,5.763149738311768,6.047677993774414,0.0,6.239667892456055,6.047677993774414,6.191670894622803,0.0,27690116
2020-10-16,5.671671390533447,5.951683044433594,0.0,6.191670894622803,5.8076910972595215,6.095675945281982,0.0,34636006
2020-10-19,5.397235870361328,5.663699150085449,0.0,5.855688095092773,5.615701198577881,5.7596940994262695,0.0,42014627
2020-10-20,5.534453868865967,5.8076910972595215,0.0,5.951683044433594,5.615701198577881,5.615701198577881,0.0,34070663
2020-10-21,5.534453868865967,5.8076910972595215,0.0,5.999680995941162,5.8076910972595215,5.903686046600342,0.0,16275552
2020-10-22,5.580192565917969,5.855688095092773,0.0,5.951683044433594,5.7596940994262695,5.8076910972595215,0.0,15575410
2020-10-26,5.625932216644287,5.903686046600342,0.0,5.999680995941162,5.855688095092773,5.855688095092773,0.0,9118192
2020-10-27,5.580192565917969,5.855688095092773,0.0,5.951683044433594,5.8076910972595215,5.855688095092773,0.0,10313777
2020-10-28,5.580192565917969,5.855688095092773,0.0,5.903686046600342,5.8076910972595215,5.8076910972595215,0.0,6843071
2020-10-29,5.488714694976807,5.7596940994262695,0.0,5.855688095092773,5.663699150085449,5.8076910972595215,0.0,14754533
2020-10-30,5.488714694976807,5.7596940994262695,0.0,5.855688095092773,5.711696147918701,5.8076910972595215,0.0,17399257
2020-11-02,5.946106910705566,6.239667892456055,0.0,6.239667892456055,5.711696147918701,5.7596940994262695,0.0,38037645
2020-11-03,6.037585258483887,6.335662841796875,0.0,6.383659839630127,6.095675945281982,6.239667892456055,0.0,28895493
2020-11-04,6.129064083099365,6.431657791137695,0.0,6.431657791137695,6.191670894622803,6.335662841796875,0.0,38283387
2020-11-05,5.946106910705566,6.239667892456055,0.0,6.575650215148926,6.095675945281982,6.527653217315674,0.0,75269102
2020-11-06,5.946106910705566,6.239667892456055,0.0,6.383659839630127,6.095675945281982,6.287664890289307,0.0,47785246
2020-11-09,5.991846084594727,6.287664890289307,0.0,6.479654788970947,6.143672943115234,6.335662841796875,0.0,79091388
2020-11-10,6.357760429382324,6.671645164489746,0.0,6.863635063171387,6.335662841796875,6.575650215148926,0.0,138359224
2020-11-11,6.266282081604004,6.575650215148926,0.0,6.863635063171387,6.479654788970947,6.815637111663818,0.0,77464114
2020-11-12,6.174803256988525,6.479654788970947,0.0,6.863635063171387,6.431657791137695,6.623648166656494,0.0,111719996
2020-11-13,6.357760429382324,6.671645164489746,0.0,6.7196431159973145,6.143672943115234,6.191670894622803,0.0,197376525
2020-11-16,6.769413471221924,7.103621959686279,0.0,7.439603805541992,6.7196431159973145,6.815637111663818,0.0,282912631
2020-11-17,6.5407185554504395,6.863635063171387,0.0,7.1996169090271,6.767640113830566,7.151619911193848,0.0,197587474
2020-11-18,6.63219690322876,6.959630012512207,0.0,7.007627010345459,6.767640113830566,6.863635063171387,0.0,125556877
2020-11-19,6.5407185554504395,6.863635063171387,0.0,7.151619911193848,6.815637111663818,6.959630012512207,0.0,107024122
2020-11-20,6.723674774169922,7.055624961853027,0.0,7.103621959686279,6.863635063171387,6.911632061004639,0.0,72876266
2020-11-23,7.089588642120361,7.439603805541992,0.0,7.487602233886719,7.055624961853027,7.103621959686279,0.0,108615665
2020-11-24,6.815154075622559,7.151619911193848,0.0,7.39160680770874,7.151619911193848,7.39160680770874,0.0,59047719
2020-11-25,6.8608927726745605,7.1996169090271,0.0,7.29561185836792,7.055624961853027,7.1996169090271,0.0,30274733
2020-11-26,7.226807594299316,7.583597183227539,0.0,7.583597183227539,7.151619911193848,7.247614860534668,0.0,65906417
2020-11-27,7.181068420410156,7.535599231719971,0.0,7.631594181060791,7.439603805541992,7.583597183227539,0.0,23244568
2020-11-30,7.043849945068359,7.39160680770874,0.0,7.631594181060791,7.343608856201172,7.487602233886719,0.0,77206809
2020-12-01,6.952371120452881,7.29561185836792,0.0,7.487602233886719,7.103621959686279,7.39160680770874,0.0,52066619
2020-12-02,6.952371120452881,7.29561185836792,0.0,7.439603805541992,7.151619911193848,7.29561185836792,0.0,35643976
2020-12-03,6.998109817504883,7.343608856201172,0.0,7.535599231719971,7.29561185836792,7.343608856201172,0.0,51753478
2020-12-04,6.952371120452881,7.29561185836792,0.0,7.39160680770874,7.247614860534668,7.29561185836792,0.0,35839507
2020-12-08,7.043849945068359,7.39160680770874,0.0,7.439603805541992,7.247614860534668,7.29561185836792,0.0,55856716
2020-12-09,6.906632423400879,7.247614860534668,0.0,7.487602233886719,7.151619911193848,7.487602233886719,0.0,36317241
2020-12-14,6.815154075622559,7.151619911193848,0.0,7.343608856201172,7.103621959686279,7.247614860534668,0.0,21522393
2020-12-15,6.723674774169922,7.055624961853027,0.0,7.151619911193848,6.911632061004639,7.151619911193848,0.0,38701326
2020-12-16,6.769413471221924,7.103621959686279,0.0,7.29561185836792,6.911632061004639,7.151619911193848,0.0,48613207
2020-12-17,6.769413471221924,7.103621959686279,0.0,7.1996169090271,7.007627010345459,7.103621959686279,0.0,35774608
2020-12-18,6.952371120452881,7.29561185836792,0.0,7.29561185836792,7.007627010345459,7.103621959686279,0.0,48608623
2020-12-21,6.403500080108643,6.7196431159973145,0.0,7.1996169090271,6.7196431159973145,7.007627010345459,0.0,70008301
2020-12-22,6.677935600280762,7.007627010345459,0.0,7.007627010345459,6.623648166656494,6.671645164489746,0.0,53219389
2020-12-23,7.089588642120361,7.439603805541992,0.0,7.439603805541992,6.911632061004639,7.007627010345459,0.0,79415259
2020-12-24,6.5407185554504395,6.863635063171387,0.0,7.439603805541992,6.815637111663818,7.439603805541992,0.0,134631734
2020-12-25,6.220543384552002,6.527653217315674,0.0,6.863635063171387,6.239667892456055,6.815637111663818,0.0,100341892
2020-12-28,5.991846084594727,6.287664890289307,0.0,6.575650215148926,6.287664890289307,6.575650215148926,0.0,49044792
2020-12-29,6.266282081604004,6.575650215148926,0.0,6.623648166656494,6.239667892456055,6.239667892456055,0.0,41265004
2020-12-30,6.083323955535889,6.383659839630127,0.0,6.7196431159973145,6.287664890289307,6.575650215148926,0.0,65640569
2021-01-04,6.129064083099365,6.431657791137695,0.0,6.575650215148926,6.047677993774414,6.095675945281982,0.0,72928040
2021-01-05,6.63219690322876,6.959630012512207,0.0,6.959630012512207,6.431657791137695,6.431657791137695,0.0,94124791
2021-01-06,6.357760429382324,6.671645164489746,0.0,7.007627010345459,6.575650215148926,6.863635063171387,0.0,68247270
2021-01-07,6.494977951049805,6.815637111663818,0.0,6.815637111663818,6.671645164489746,6.671645164489746,0.0,54507374
2021-01-08,6.5407185554504395,6.863635063171387,0.0,7.007627010345459,6.7196431159973145,6.863635063171387,0.0,70007468
2021-01-11,6.677935600280762,7.007627010345459,0.0,7.103621959686279,6.863635063171387,6.911632061004639,0.0,71803709
2021-01-12,6.8608927726745605,7.1996169090271,0.0,7.247614860534668,7.007627010345459,7.007627010345459,0.0,77949557
2021-01-13,6.677935600280762,7.007627010345459,0.0,7.29561185836792,6.959630012512207,7.1996169090271,0.0,69817771
2021-01-14,6.677935600280762,7.007627010345459,0.0,7.1996169090271,6.959630012512207,7.055624961853027,0.0,49816396
2021-01-15,6.494977951049805,6.815637111663818,0.0,7.055624961853027,6.767640113830566,7.007627010345459,0.0,49061772
2021-01-18,6.449239253997803,6.767640113830566,0.0,6.863635063171387,6.7196431159973145,6.815637111663818,0.0,18404935
2021-01-19,6.449239253997803,6.767640113830566,0.0,6.959630012512207,6.767640113830566,6.815637111663818,0.0,33722832
2021-01-20,6.357760429382324,6.671645164489746,0.0,6.863635063171387,6.671645164489746,6.863635063171387,0.0,29404895
2021-01-21,6.3120222091674805,6.623648166656494,0.0,6.7196431159973145,6.623648166656494,6.7196431159973145,0.0,19561143
2021-01-22,6.220543384552002,6.527653217315674,0.0,6.7196431159973145,6.479654788970947,6.671645164489746,0.0,45740971
2021-01-25,6.174803256988525,6.479654788970947,0.0,6.623648166656494,6.383659839630127,6.575650215148926,0.0,23300925
2021-01-26,6.357760429382324,6.671645164489746,0.0,6.671645164489746,6.431657791137695,6.479654788970947,0.0,23755220
2021-01-27,6.357760429382324,6.671645164489746,0.0,6.671645164489746,6.575650215148926,6.671645164489746,0.0,14495144
2021-01-28,6.083323955535889,6.383659839630127,0.0,6.623648166656494,6.335662841796875,6.575650215148926,0.0,24986223
2021-01-29,6.129064083099365,6.431657791137695,0.0,6.527653217315674,6.287664890289307,6.431657791137695,0.0,39186039
2021-02-01,6.083323955535889,6.383659839630127,0.0,6.479654788970947,6.287664890289307,6.431657791137695,0.0,27497710
2021-02-02,6.220543384552002,6.527653217315674,0.0,6.527653217315674,6.383659839630127,6.431657791137695,0.0,19382904
2021-02-03,6.083323955535889,6.383659839630127,0.0,6.575650215148926,6.383659839630127,6.575650215148926,0.0,17440197
2021-02-04,6.037585258483887,6.335662841796875,0.0,6.431657791137695,6.335662841796875,6.383659839630127,0.0,14021578
2021-02-05,6.494977951049805,6.815637111663818,0.0,6.863635063171387,6.287664890289307,6.431657791137695,0.0,102888798
2021-02-08,6.449239253997803,6.767640113830566,0.0,6.911632061004639,6.767640113830566,6.863635063171387,0.0,20684536
2021-02-09,6.449239253997803,6.767640113830566,0.0,6.959630012512207,6.7196431159973145,6.863635063171387,0.0,27846895
2021-02-10,6.494977951049805,6.815637111663818,0.0,6.911632061004639,6.7196431159973145,6.815637111663818,0.0,23178939
2021-02-11,6.403500080108643,6.7196431159973145,0.0,6.863635063171387,6.671645164489746,6.863635063171387,0.0,11126736
2021-02-15,6.449239253997803,6.767640113830566,0.0,6.911632061004639,6.7196431159973145,6.911632061004639,0.0,14330448
2021-02-16,6.449239253997803,6.767640113830566,0.0,6.959630012512207,6.7196431159973145,6.767640113830566,0.0,51668786
2021-02-17,6.3120222091674805,6.623648166656494,0.0,6.863635063171387,6.623648166656494,6.815637111663818,0.0,20828606
2021-02-18,6.3120222091674805,6.623648166656494,0.0,6.671645164489746,6.575650215148926,6.623648166656494,0.0,22232743
2021-02-19,6.3120222091674805,6.623648166656494,0.0,6.7196431159973145,6.527653217315674,6.575650215148926,0.0,13806254
2021-02-22,6.174803256988525,6.479654788970947,0.0,6.671645164489746,6.479654788970947,6.623648166656494,0.0,11365187
2021-02-23,6.266282081604004,6.575650215148926,0.0,6.671645164489746,6.479654788970947,6.479654788970947,0.0,13179450
2021-02-24,6.129064083099365,6.431657791137695,0.0,6.623648166656494,6.383659839630127,6.575650215148926,0.0,23898561
2021-02-25,6.193290710449219,6.479654788970947,0.019199,6.575650215148926,6.383659839630127,6.527653217315674,0.0,17284563
2021-03-01,6.193290710449219,6.479654788970947,0.0,6.623648166656494,6.383659839630127,6.383659839630127,0.0,23654485
2021-03-02,6.514423847198486,6.815637111663818,0.0,6.911632061004639,6.575650215148926,6.623648166656494,0.0,70805948
2021-03-03,6.422672271728516,6.7196431159973145,0.0,7.007627010345459,6.671645164489746,6.959630012512207,0.0,70793031
2021-03-04,6.422672271728516,6.7196431159973145,0.0,6.863635063171387,6.623648166656494,6.7196431159973145,0.0,45504604
2021-03-05,6.422672271728516,6.7196431159973145,0.0,6.815637111663818,6.671645164489746,6.7196431159973145,0.0,19594374
2021-03-08,6.376795768737793,6.671645164489746,0.0,6.911632061004639,6.671645164489746,6.7196431159973145,0.0,64090279
2021-03-09,6.422672271728516,6.7196431159973145,0.0,6.767640113830566,6.623648166656494,6.7196431159973145,0.0,18930380
2021-03-10,6.46854829788208,6.767640113830566,0.0,6.863635063171387,6.7196431159973145,6.7196431159973145,0.0,36964671
2021-03-11,6.46854829788208,6.767640113830566,0.0,6.863635063171387,6.7196431159973145,6.815637111663818,0.0,16705262
2021-03-12,6.422672271728516,6.7196431159973145,0.0,6.815637111663818,6.623648166656494,6.767640113830566,0.0,39917849
2021-03-15,6.422672271728516,6.7196431159973145,0.0,6.815637111663818,6.7196431159973145,6.767640113830566,0.0,7886668
2021-03-16,6.422672271728516,6.7196431159973145,0.0,6.911632061004639,6.7196431159973145,6.767640113830566,0.0,41101870
2021-03-17,6.422672271728516,6.7196431159973145,0.0,6.767640113830566,6.671645164489746,6.7196431159973145,0.0,9642283
2021-03-18,6.422672271728516,6.7196431159973145,0.0,6.815637111663818,6.623648166656494,6.767640113830566,0.0,20272222
2021-03-19,6.330920219421387,6.623648166656494,0.0,6.7196431159973145,6.623648166656494,6.671645164489746,0.0,13169970
2021-03-22,6.330920219421387,6.623648166656494,0.0,6.7196431159973145,6.527653217315674,6.575650215148926,0.0,17633124
2021-03-23,6.193290710449219,6.479654788970947,0.0,6.671645164489746,6.479654788970947,6.671645164489746,0.0,43187710
2021-03-24,6.239167213439941,6.527653217315674,0.0,6.575650215148926,6.431657791137695,6.479654788970947,0.0,24620161
2021-03-25,6.239167213439941,6.527653217315674,0.0,6.623648166656494,6.479654788970947,6.575650215148926,0.0,23834911
2021-03-26,6.330920219421387,6.623648166656494,0.0,6.671645164489746,6.527653217315674,6.575650215148926,0.0,38358808
2021-03-29,6.7896809577941895,7.103621959686279,0.0,7.151619911193848,6.575650215148926,6.671645164489746,0.0,158410705
2021-03-30,6.606176376342773,6.911632061004639,0.0,7.1996169090271,6.911632061004639,7.1996169090271,0.0,150609041
2021-03-31,6.652053356170654,6.959630012512207,0.0,7.007627010345459,6.863635063171387,6.959630012512207,0.0,36972172
2021-04-01,6.6979289054870605,7.007627010345459,0.0,7.055624961853027,6.911632061004639,7.007627010345459,0.0,31697517
2021-04-02,6.560301780700684,6.863635063171387,0.0,7.007627010345459,6.815637111663818,7.007627010345459,0.0,29361767
2021-04-05,6.376795768737793,6.671645164489746,0.0,6.911632061004639,6.623648166656494,6.863635063171387,0.0,56283093
2021-04-07,6.147414207458496,6.431657791137695,0.0,6.623648166656494,6.431657791137695,6.527653217315674,0.0,53237827
2021-04-08,6.147414207458496,6.431657791137695,0.0,6.527653217315674,6.431657791137695,6.431657791137695,0.0,23940125
2021-04-09,6.101537704467773,6.383659839630127,0.0,6.527653217315674,6.335662841796875,6.431657791137695,0.0,55438361
2021-04-12,5.96390962600708,6.239667892456055,0.0,6.431657791137695,6.191670894622803,6.383659839630127,0.0,38362766
2021-04-16,5.826281547546387,6.095675945281982,0.0,6.239667892456055,5.999680995941162,6.191670894622803,0.0,29569383
2021-04-19,6.055661678314209,6.335662841796875,0.0,6.383659839630127,6.095675945281982,6.095675945281982,0.0,30101390
2021-04-20,6.0097856521606445,6.287664890289307,0.0,6.383659839630127,6.287664890289307,6.335662841796875,0.0,12979126
2021-04-21,6.055661678314209,6.335662841796875,0.0,6.335662841796875,6.239667892456055,6.287664890289307,0.0,12228462
2021-04-22,5.918034076690674,6.191670894622803,0.0,6.335662841796875,6.143672943115234,6.287664890289307,0.0,25922106
2021-04-23,5.734528541564941,5.999680995941162,0.0,6.191670894622803,5.951683044433594,6.047677993774414,0.0,38936234
2021-04-26,5.642776012420654,5.903686046600342,0.0,5.999680995941162,5.8076910972595215,5.903686046600342,0.0,39593040
2021-04-27,5.596899509429932,5.855688095092773,0.0,5.999680995941162,5.855688095092773,5.951683044433594,0.0,20123464
2021-04-28,5.826281547546387,6.095675945281982,0.0,6.191670894622803,5.903686046600342,5.903686046600342,0.0,29658346
2021-04-29,5.688652038574219,5.951683044433594,0.0,6.143672943115234,5.903686046600342,6.143672943115234,0.0,30772676
2021-04-30,5.688652038574219,5.951683044433594,0.0,5.999680995941162,5.903686046600342,5.903686046600342,0.0,22657870
2021-05-05,5.551023483276367,5.8076910972595215,0.0,5.951683044433594,5.8076910972595215,5.903686046600342,0.0,25940440
2021-05-06,5.688652038574219,5.951683044433594,0.0,5.951683044433594,5.8076910972595215,5.8076910972595215,0.0,28673814
2021-05-07,5.688652038574219,5.951683044433594,0.0,6.047677993774414,5.903686046600342,5.951683044433594,0.0,15359774
2021-05-10,5.688652038574219,5.951683044433594,0.0,6.047677993774414,5.903686046600342,6.047677993774414,0.0,9884691
2021-05-11,5.596899509429932,5.855688095092773,0.0,5.951683044433594,5.855688095092773,5.855688095092773,0.0,19779175
2021-05-12,5.459270477294922,5.711696147918701,0.0,5.903686046600342,5.663699150085449,5.855688095092773,0.0,43910561
2021-05-13,5.367518424987793,5.615701198577881,0.0,5.711696147918701,5.327715873718262,5.615701198577881,0.0,59233979
2021-05-14,5.321642875671387,5.567704200744629,0.0,5.663699150085449,5.519705772399902,5.663699150085449,0.0,17569370
2021-05-17,5.321642875671387,5.567704200744629,0.0,5.663699150085449,5.327715873718262,5.519705772399902,0.0,31122694
2021-05-18,5.551023483276367,5.8076910972595215,0.0,5.903686046600342,5.567704200744629,5.711696147918701,0.0,34449225
2021-05-19,5.596899509429932,5.855688095092773,0.0,5.951683044433594,5.8076910972595215,5.855688095092773,0.0,16847249
2021-05-20,5.642776012420654,5.903686046600342,0.0,6.047677993774414,5.8076910972595215,5.903686046600342,0.0,18207112
2021-05-21,5.642776012420654,5.903686046600342,0.0,5.999680995941162,5.8076910972595215,5.999680995941162,0.0,12826410
2021-05-24,5.551023483276367,5.8076910972595215,0.0,5.903686046600342,5.8076910972595215,5.855688095092773,0.0,17115804
2021-05-25,5.551023483276367,5.8076910972595215,0.0,5.855688095092773,5.7596940994262695,5.855688095092773,0.0,14832454
2021-05-27,5.734528541564941,5.999680995941162,0.0,6.047677993774414,5.711696147918701,5.8076910972595215,0.0,48927598
2021-05-28,5.688652038574219,5.951683044433594,0.0,6.095675945281982,5.855688095092773,6.047677993774414,0.0,42931447
2021-05-31,5.688652038574219,5.951683044433594,0.0,5.999680995941162,5.903686046600342,5.951683044433594,0.0,20213365
2021-06-01,5.872157096862793,6.143672943115234,0.0,6.239667892456055,5.951683044433594,5.999680995941162,0.0,51823898
2021-06-02,5.872157096862793,6.143672943115234,0.0,6.191670894622803,6.095675945281982,6.191670894622803,0.0,26280562
2021-06-04,5.826281547546387,6.095675945281982,0.0,6.143672943115234,5.855688095092773,6.143672943115234,0.0,44393608
2021-06-07,5.826281547546387,6.095675945281982,0.0,6.143672943115234,6.047677993774414,6.047677993774414,0.0,19283211
2021-06-08,6.055661678314209,6.335662841796875,0.0,6.383659839630127,6.047677993774414,6.047677993774414,0.0,119913973
2021-06-09,6.0097856521606445,6.287664890289307,0.0,6.431657791137695,6.191670894622803,6.335662841796875,0.0,71772249
2021-06-10,5.918034076690674,6.191670894622803,0.0,6.383659839630127,6.191670894622803,6.335662841796875,0.0,16605361
2021-06-11,6.055661678314209,6.335662841796875,0.0,6.335662841796875,6.191670894622803,6.239667892456055,0.0,18943818
2021-06-14,5.96390962600708,6.239667892456055,0.0,6.383659839630127,6.191670894622803,6.335662841796875,0.0,16615153
2021-06-15,5.918034076690674,6.191670894622803,0.0,6.287664890289307,6.191670894622803,6.287664890289307,0.0,10591187
2021-06-16,5.918034076690674,6.191670894622803,0.0,6.287664890289307,6.143672943115234,6.191670894622803,0.0,14874435
2021-06-17,5.918034076690674,6.191670894622803,0.0,6.239667892456055,6.143672943115234,6.191670894622803,0.0,16466082
2021-06-18,5.96390962600708,6.239667892456055,0.0,6.239667892456055,6.047677993774414,6.191670894622803,0.0,19198519
2021-06-21,5.780404567718506,6.047677993774414,0.0,6.191670894622803,5.999680995941162,6.143672943115234,0.0,19987415
2021-06-22,5.734528541564941,5.999680995941162,0.0,6.191670894622803,5.999680995941162,6.143672943115234,0.0,20942779
2021-06-23,5.688652038574219,5.951683044433594,0.0,6.095675945281982,5.855688095092773,6.047677993774414,0.0,23547292
2021-06-24,5.596899509429932,5.855688095092773,0.0,5.951683044433594,5.8076910972595215,5.903686046600342,0.0,24598077
2021-06-25,5.551023483276367,5.8076910972595215,0.0,5.951683044433594,5.7596940994262695,5.951683044433594,0.0,17404570
2021-06-28,5.505147933959961,5.7596940994262695,0.0,5.855688095092773,5.711696147918701,5.7596940994262695,0.0,22860380
2021-06-29,5.459270477294922,5.711696147918701,0.0,5.7596940994262695,5.615701198577881,5.7596940994262695,0.0,103948125
2021-06-30,5.551023483276367,5.8076910972595215,0.0,5.8076910972595215,5.615701198577881,5.711696147918701,0.0,63933916
2021-07-01,5.505147933959961,5.7596940994262695,0.0,5.8076910972595215,5.663699150085449,5.8076910972595215,0.0,23399680
2021-07-02,5.367518424987793,5.615701198577881,0.0,5.7596940994262695,5.615701198577881,5.7596940994262695,0.0,17073615
2021-07-05,5.367518424987793,5.615701198577881,0.0,5.7596940994262695,5.615701198577881,5.663699150085449,0.0,12419722
2021-07-06,5.413395404815674,5.663699150085449,0.0,5.7596940994262695,5.615701198577881,5.663699150085449,0.0,24314312
2021-07-07,5.367518424987793,5.615701198577881,0.0,5.7596940994262695,5.567704200744629,5.663699150085449,0.0,16943399
2021-07-08,5.138137340545654,5.37571382522583,0.0,5.615701198577881,5.37571382522583,5.567704200744629,0.0,37065406
2021-07-09,5.138137340545654,5.37571382522583,0.0,5.47170877456665,5.327715873718262,5.327715873718262,0.0,24784024
2021-07-12,5.138137340545654,5.37571382522583,0.0,5.519705772399902,5.37571382522583,5.423710823059082,0.0,17997310
2021-07-13,5.321642875671387,5.567704200744629,0.0,5.663699150085449,5.37571382522583,5.423710823059082,0.0,15322688
2021-07-14,5.275765895843506,5.519705772399902,0.0,5.615701198577881,5.47170877456665,5.567704200744629,0.0,11194865
2021-07-15,5.267448902130127,5.47170877456665,0.039358,5.567704200744629,5.423710823059082,5.519705772399902,0.0,10165644
2021-07-16,5.267448902130127,5.47170877456665,0.0,5.519705772399902,5.47170877456665,5.47170877456665,0.0,3532895
2021-07-19,5.221242904663086,5.423710823059082,0.0,5.47170877456665,5.327715873718262,5.37571382522583,0.0,15292999
2021-07-20,5.082625865936279,5.27971887588501,0.0,5.37571382522583,5.231721878051758,5.37571382522583,0.0,23853246
2021-07-21,5.175037860870361,5.37571382522583,0.0,5.423710823059082,5.27971887588501,5.327715873718262,0.0,16117418
2021-07-22,5.175037860870361,5.37571382522583,0.0,5.47170877456665,5.27971887588501,5.37571382522583,0.0,20445669
2021-07-23,5.175037860870361,5.37571382522583,0.0,5.47170877456665,5.327715873718262,5.37571382522583,0.0,15252581
2021-07-27,5.221242904663086,5.423710823059082,0.0,5.47170877456665,5.327715873718262,5.37571382522583,0.0,15562805
2021-07-29,5.128831386566162,5.327715873718262,0.0,5.567704200744629,5.327715873718262,5.423710823059082,0.0,26289313
2021-07-30,5.128831386566162,5.327715873718262,0.0,5.37571382522583,5.231721878051758,5.327715873718262,0.0,19824907
2021-08-02,5.128831386566162,5.327715873718262,0.0,5.37571382522583,5.231721878051758,5.327715873718262,0.0,16154920
2021-08-03,5.128831386566162,5.327715873718262,0.0,5.37571382522583,5.27971887588501,5.327715873718262,0.0,8528578
2021-08-04,5.128831386566162,5.327715873718262,0.0,5.423710823059082,5.327715873718262,5.37571382522583,0.0,13838443
2021-08-05,5.175037860870361,5.37571382522583,0.0,5.423710823059082,5.27971887588501,5.37571382522583,0.0,13921676
2021-08-06,5.175037860870361,5.37571382522583,0.0,5.423710823059082,5.27971887588501,5.37571382522583,0.0,10741508
2021-08-09,5.359860897064209,5.567704200744629,0.0,5.663699150085449,5.327715873718262,5.37571382522583,0.0,27775537
2021-08-10,5.406065940856934,5.615701198577881,0.0,5.663699150085449,5.519705772399902,5.615701198577881,0.0,21465202
2021-08-11,5.313654899597168,5.519705772399902,0.0,5.615701198577881,5.423710823059082,5.615701198577881,0.0,17386340
2021-08-13,5.221242904663086,5.423710823059082,0.0,5.567704200744629,5.423710823059082,5.47170877456665,0.0,16743389
2021-08-16,5.221242904663086,5.423710823059082,0.0,5.47170877456665,5.37571382522583,5.47170877456665,0.0,4889009
2021-08-17,5.313654899597168,5.519705772399902,0.0,5.567704200744629,5.37571382522583,5.423710823059082,0.0,20309932
2021-08-18,5.406065940856934,5.615701198577881,0.0,5.711696147918701,5.519705772399902,5.519705772399902,0.0,45399390
2021-08-19,5.313654899597168,5.519705772399902,0.0,5.615701198577881,5.47170877456665,5.567704200744629,0.0,20907464
2021-08-20,5.5908894538879395,5.8076910972595215,0.0,5.855688095092773,5.519705772399902,5.519705772399902,0.0,44830714
2021-08-23,5.775712013244629,5.999680995941162,0.0,5.999680995941162,5.8076910972595215,5.903686046600342,0.0,53472944
2021-08-24,5.72950553894043,5.951683044433594,0.0,6.143672943115234,5.903686046600342,6.047677993774414,0.0,24210452
2021-08-25,5.637094497680664,5.855688095092773,0.0,5.999680995941162,5.855688095092773,5.951683044433594,0.0,19548746
2021-08-26,5.775712013244629,5.999680995941162,0.0,6.047677993774414,5.855688095092773,5.903686046600342,0.0,38094106
2021-08-27,5.821917533874512,6.047677993774414,0.0,6.143672943115234,5.951683044433594,6.047677993774414,0.0,69335141
2021-08-30,5.775712013244629,5.999680995941162,0.0,6.095675945281982,5.999680995941162,6.047677993774414,0.0,38525379
2021-08-31,5.821917533874512,6.047677993774414,0.0,6.095675945281982,5.999680995941162,6.047677993774414,0.0,27679178
2021-09-01,5.821917533874512,6.047677993774414,0.0,6.143672943115234,5.903686046600342,6.143672943115234,0.0,46930513
2021-09-02,6.052945613861084,6.287664890289307,0.0,6.383659839630127,5.999680995941162,6.047677993774414,0.0,140996551
2021-09-03,6.006740093231201,6.239667892456055,0.0,6.383659839630127,6.191670894622803,6.335662841796875,0.0,44299853
2021-09-06,5.821917533874512,6.047677993774414,0.0,6.287664890289307,5.999680995941162,6.239667892456055,0.0,29497816
2021-09-07,5.72950553894043,5.951683044433594,0.0,6.095675945281982,5.951683044433594,6.047677993774414,0.0,36914773
2021-09-08,5.637094497680664,5.855688095092773,0.0,5.999680995941162,5.7596940994262695,5.951683044433594,0.0,45019266
2021-09-09,5.821917533874512,6.047677993774414,0.0,6.047677993774414,5.855688095092773,5.855688095092773,0.0,33749501
2021-09-10,5.775712013244629,5.999680995941162,0.0,6.047677993774414,5.903686046600342,6.047677993774414,0.0,12362740
2021-09-13,5.72950553894043,5.951683044433594,0.0,5.999680995941162,5.951683044433594,5.951683044433594,0.0,16207319
2021-09-14,5.868123531341553,6.095675945281982,0.0,6.191670894622803,5.951683044433594,5.951683044433594,0.0,32921019
2021-09-15,5.868123531341553,6.095675945281982,0.0,6.095675945281982,5.999680995941162,6.047677993774414,0.0,7014435
2021-09-16,6.006740093231201,6.239667892456055,0.0,6.287664890289307,6.047677993774414,6.095675945281982,0.0,48460490
2021-09-17,5.868123531341553,6.095675945281982,0.0,6.239667892456055,6.095675945281982,6.239667892456055,0.0,28127014
2021-09-20,5.72950553894043,5.951683044433594,0.0,6.239667892456055,5.951683044433594,6.095675945281982,0.0,55564201
2021-09-21,5.868123531341553,6.095675945281982,0.0,6.191670894622803,5.903686046600342,5.951683044433594,0.0,23323947
2021-09-22,5.868123531341553,6.095675945281982,0.0,6.143672943115234,5.999680995941162,6.095675945281982,0.0,23114977
2021-09-23,5.72950553894043,5.951683044433594,0.0,6.143672943115234,5.951683044433594,6.095675945281982,0.0,29435521
2021-09-27,5.683300495147705,5.903686046600342,0.0,5.999680995941162,5.855688095092773,5.999680995941162,0.0,25227277
2021-09-28,5.72950553894043,5.951683044433594,0.0,6.095675945281982,5.855688095092773,5.903686046600342,0.0,31155092
2021-09-29,5.683300495147705,5.903686046600342,0.0,5.999680995941162,5.903686046600342,5.951683044433594,0.0,14539209
2021-09-30,5.637094497680664,5.855688095092773,0.0,5.951683044433594,5.8076910972595215,5.903686046600342,0.0,20671097
2021-10-01,5.637094497680664,5.855688095092773,0.0,5.903686046600342,5.7596940994262695,5.855688095092773,0.0,11172051
2021-10-04,5.72950553894043,5.951683044433594,0.0,5.999680995941162,5.855688095092773,5.855688095092773,0.0,16740889
2021-10-05,5.775712013244629,5.999680995941162,0.0,6.095675945281982,5.951683044433594,5.951683044433594,0.0,22367438
2021-10-06,5.821917533874512,6.047677993774414,0.0,6.143672943115234,5.951683044433594,5.999680995941162,0.0,17684897
2021-10-07,5.9143290519714355,6.143672943115234,0.0,6.239667892456055,6.047677993774414,6.047677993774414,0.0,26491511
2021-10-08,5.868123531341553,6.095675945281982,0.0,6.191670894622803,6.095675945281982,6.143672943115234,0.0,13613014
2021-10-11,5.868123531341553,6.095675945281982,0.0,6.143672943115234,6.047677993774414,6.095675945281982,0.0,9734996
2021-10-12,5.960535049438477,6.191670894622803,0.0,6.287664890289307,6.095675945281982,6.143672943115234,0.0,72776469
2021-10-14,6.099151611328125,6.335662841796875,0.0,6.383659839630127,6.143672943115234,6.239667892456055,0.0,71534841
2021-10-15,6.006740093231201,6.239667892456055,0.0,6.527653217315674,6.191670894622803,6.383659839630127,0.0,65918293
2021-10-18,6.052945613861084,6.287664890289307,0.0,6.383659839630127,6.239667892456055,6.287664890289307,0.0,18906629
2021-10-19,6.006740093231201,6.239667892456055,0.0,6.383659839630127,6.239667892456055,6.287664890289307,0.0,69492962
2021-10-20,6.052945613861084,6.287664890289307,0.0,6.479654788970947,6.239667892456055,6.287664890289307,0.0,48683627
2021-10-21,5.868123531341553,6.095675945281982,0.0,6.335662841796875,6.095675945281982,6.335662841796875,0.0,41216564
2021-10-25,5.868123531341553,6.095675945281982,0.0,6.239667892456055,6.095675945281982,6.143672943115234,0.0,22886423
2021-10-26,5.868123531341553,6.095675945281982,0.0,6.191670894622803,6.047677993774414,6.095675945281982,0.0,34755700
2021-10-27,5.868123531341553,6.095675945281982,0.0,6.191670894622803,6.095675945281982,6.095675945281982,0.0,20411605
2021-10-28,6.006740093231201,6.239667892456055,0.0,6.287664890289307,6.095675945281982,6.095675945281982,0.0,33265412
2021-10-29,6.14535665512085,6.383659839630127,0.0,6.431657791137695,6.239667892456055,6.239667892456055,0.0,47165317
2021-11-01,6.14535665512085,6.383659839630127,0.0,6.527653217315674,6.335662841796875,6.383659839630127,0.0,64724583
2021-11-02,6.14535665512085,6.383659839630127,0.0,6.479654788970947,6.287664890289307,6.383659839630127,0.0,31124778
2021-11-03,6.14535665512085,6.383659839630127,0.0,6.431657791137695,6.287664890289307,6.383659839630127,0.0,29134880
2021-11-04,6.422591686248779,6.671645164489746,0.0,6.7196431159973145,6.383659839630127,6.431657791137695,0.0,83417347
2021-11-05,6.376387119293213,6.623648166656494,0.0,6.671645164489746,6.575650215148926,6.575650215148926,0.0,17712294
2021-11-08,6.515003204345703,6.767640113830566,0.0,6.767640113830566,6.527653217315674,6.7196431159973145,0.0,37047905
2021-11-09,6.607415199279785,6.863635063171387,0.0,6.863635063171387,6.671645164489746,6.767640113830566,0.0,32891851
2021-11-10,6.607415199279785,6.863635063171387,0.0,6.911632061004639,6.815637111663818,6.863635063171387,0.0,25694802
2021-11-11,6.46879768371582,6.7196431159973145,0.0,6.815637111663818,6.527653217315674,6.815637111663818,0.0,66010693
2021-11-12,6.515003204345703,6.767640113830566,0.0,6.815637111663818,6.7196431159973145,6.7196431159973145,0.0,17115700
2021-11-15,6.515003204345703,6.767640113830566,0.0,6.815637111663818,6.7196431159973145,6.7196431159973145,0.0,26194308
2021-11-16,6.607415199279785,6.863635063171387,0.0,6.911632061004639,6.7196431159973145,6.7196431159973145,0.0,42903112
2021-11-17,6.607415199279785,6.863635063171387,0.0,6.911632061004639,6.767640113830566,6.863635063171387,0.0,19591457
2021-11-18,6.65362024307251,6.911632061004639,0.0,6.911632061004639,6.767640113830566,6.815637111663818,0.0,10265441
2021-11-19,6.607415199279785,6.863635063171387,0.0,6.959630012512207,6.815637111663818,6.911632061004639,0.0,31721164
2021-11-22,6.422591686248779,6.671645164489746,0.0,6.863635063171387,6.575650215148926,6.815637111663818,0.0,23651985
2021-11-23,6.422591686248779,6.671645164489746,0.0,6.767640113830566,6.623648166656494,6.7196431159973145,0.0,22215971
2021-11-24,6.3301801681518555,6.575650215148926,0.0,6.7196431159973145,6.575650215148926,6.671645164489746,0.0,8235124
2021-11-25,6.46879768371582,6.7196431159973145,0.0,6.767640113830566,6.575650215148926,6.623648166656494,0.0,24016171
2021-11-26,6.3301801681518555,6.575650215148926,0.0,6.911632061004639,6.527653217315674,6.815637111663818,0.0,64937615
2021-11-29,6.283974647521973,6.527653217315674,0.0,6.623648166656494,6.383659839630127,6.431657791137695,0.0,33824504
2021-11-30,6.191563129425049,6.431657791137695,0.0,6.623648166656494,6.239667892456055,6.527653217315674,0.0,52333821
2021-12-01,6.191563129425049,6.431657791137695,0.0,6.527653217315674,6.287664890289307,6.383659839630127,0.0,14277216
2021-12-02,6.191563129425049,6.431657791137695,0.0,6.527653217315674,6.383659839630127,6.431657791137695,0.0,7803435
2021-12-03,6.14535665512085,6.383659839630127,0.0,6.527653217315674,6.383659839630127,6.431657791137695,0.0,6955890
2021-12-07,6.237768650054932,6.479654788970947,0.0,6.527653217315674,6.335662841796875,6.431657791137695,0.0,17528222
2021-12-08,6.3301801681518555,6.575650215148926,0.0,6.7196431159973145,6.479654788970947,6.527653217315674,0.0,37235727
2021-12-09,6.237768650054932,6.479654788970947,0.0,6.671645164489746,6.479654788970947,6.623648166656494,0.0,10846305
2021-12-13,6.237768650054932,6.479654788970947,0.0,6.575650215148926,6.431657791137695,6.479654788970947,0.0,15582806
2021-12-14,6.237768650054932,6.479654788970947,0.0,6.527653217315674,6.431657791137695,6.479654788970947,0.0,7051728
2021-12-15,6.191563129425049,6.431657791137695,0.0,6.575650215148926,6.431657791137695,6.479654788970947,0.0,17178204
2021-12-16,6.283974647521973,6.527653217315674,0.0,6.527653217315674,6.431657791137695,6.431657791137695,0.0,8558371
2021-12-17,6.14535665512085,6.383659839630127,0.0,6.575650215148926,6.335662841796875,6.527653217315674,0.0,28352235
2021-12-20,5.9143290519714355,6.143672943115234,0.0,6.431657791137695,6.095675945281982,6.335662841796875,0.0,39456366
2021-12-21,5.960535049438477,6.191670894622803,0.0,6.239667892456055,6.095675945281982,6.191670894622803,0.0,14088248
2021-12-22,6.14535665512085,6.383659839630127,0.0,6.431657791137695,6.191670894622803,6.191670894622803,0.0,19794488
2021-12-23,6.099151611328125,6.335662841796875,0.0,6.479654788970947,6.335662841796875,6.479654788970947,0.0,18803602
2021-12-24,6.283974647521973,6.527653217315674,0.0,6.527653217315674,6.335662841796875,6.335662841796875,0.0,22083673
2021-12-27,6.237768650054932,6.479654788970947,0.0,6.575650215148926,6.479654788970947,6.575650215148926,0.0,24627662
2021-12-28,6.14535665512085,6.383659839630127,0.0,6.527653217315674,6.383659839630127,6.479654788970947,0.0,20689536
2021-12-29,6.191563129425049,6.431657791137695,0.0,6.527653217315674,6.383659839630127,6.383659839630127,0.0,10421907
2021-12-30,6.099151611328125,6.335662841796875,0.0,6.479654788970947,6.287664890289307,6.431657791137695,0.0,17885220
2022-01-04,6.099151611328125,6.335662841796875,0.0,6.431657791137695,6.335662841796875,6.383659839630127,0.0,17254979
2022-01-05,6.14535665512085,6.383659839630127,0.0,6.431657791137695,6.335662841796875,6.383659839630127,0.0,24150241
2022-01-06,6.006740093231201,6.239667892456055,0.0,6.383659839630127,6.191670894622803,6.383659839630127,0.0,31171759
2022-01-07,6.052945613861084,6.287664890289307,0.0,6.383659839630127,6.143672943115234,6.191670894622803,0.0,25267175
2022-01-10,6.006740093231201,6.239667892456055,0.0,6.383659839630127,6.191670894622803,6.335662841796875,0.0,17219664
2022-01-11,6.006740093231201,6.239667892456055,0.0,6.383659839630127,6.239667892456055,6.239667892456055,0.0,20783708
2022-01-12,6.191563129425049,6.431657791137695,0.0,6.479654788970947,6.239667892456055,6.287664890289307,0.0,31049461
2022-01-13,6.191563129425049,6.431657791137695,0.0,6.623648166656494,6.431657791137695,6.527653217315674,0.0,30542872
2022-01-14,6.099151611328125,6.335662841796875,0.0,6.431657791137695,6.335662841796875,6.431657791137695,0.0,10422428
2022-01-17,6.099151611328125,6.335662841796875,0.0,6.431657791137695,6.335662841796875,6.383659839630127,0.0,7677595
2022-01-18,6.006740093231201,6.239667892456055,0.0,6.383659839630127,6.239667892456055,6.383659839630127,0.0,13791565
2022-01-19,5.9143290519714355,6.143672943115234,0.0,6.335662841796875,6.095675945281982,6.287664890289307,0.0,22628076
2022-01-20,5.960535049438477,6.191670894622803,0.0,6.335662841796875,6.143672943115234,6.143672943115234,0.0,20695057
2022-01-21,5.821917533874512,6.047677993774414,0.0,6.191670894622803,5.999680995941162,6.191670894622803,0.0,30721319
2022-01-24,5.5908894538879395,5.8076910972595215,0.0,6.047677993774414,5.7596940994262695,6.047677993774414,0.0,52126310
2022-01-25,5.637094497680664,5.855688095092773,0.0,5.951683044433594,5.7596940994262695,5.7596940994262695,0.0,36497876
2022-01-26,5.128831386566162,5.327715873718262,0.0,5.855688095092773,5.27971887588501,5.8076910972595215,0.0,135036339
2022-01-27,5.128831386566162,5.327715873718262,0.0,5.37571382522583,5.231721878051758,5.327715873718262,0.0,48873950
2022-01-28,5.082625865936279,5.27971887588501,0.0,5.37571382522583,5.1837239265441895,5.327715873718262,0.0,42911654
2022-01-31,5.082625865936279,5.27971887588501,0.0,5.37571382522583,5.231721878051758,5.27971887588501,0.0,27074354
2022-02-01,5.175037860870361,5.37571382522583,0.0,5.423710823059082,5.27971887588501,5.327715873718262,0.0,33315623
2022-02-02,5.175037860870361,5.37571382522583,0.0,5.423710823059082,5.27971887588501,5.423710823059082,0.0,10811407
2022-02-03,5.313654899597168,5.519705772399902,0.0,5.567704200744629,5.27971887588501,5.327715873718262,0.0,50035053
2022-02-04,5.498477458953857,5.711696147918701,0.0,5.7596940994262695,5.567704200744629,5.567704200744629,0.0,64461028
2022-02-07,5.5908894538879395,5.8076910972595215,0.0,5.855688095092773,5.663699150085449,5.7596940994262695,0.0,63689633
2022-02-08,5.342817783355713,5.550000190734863,0.0,5.75,5.550000190734863,5.599999904632568,0.0,51125300
2022-02-09,5.150283336639404,5.349999904632568,0.0,5.599999904632568,5.349999904632568,5.550000190734863,0.0,45217200
2022-02-10,5.150283336639404,5.349999904632568,0.0,5.5,5.300000190734863,5.349999904632568,0.0,31292400
2022-02-11,5.150283336639404,5.349999904632568,0.0,5.449999809265137,5.349999904632568,5.349999904632568,0.0,24538600
2022-02-14,5.1021504402160645,5.300000190734863,0.0,5.449999809265137,5.300000190734863,5.349999904632568,0.0,11292000
2022-02-15,5.1021504402160645,5.300000190734863,0.0,5.400000095367432,5.199999809265137,5.300000190734863,0.0,19767500
2022-02-17,5.198417663574219,5.400000095367432,0.0,5.550000190734863,5.349999904632568,5.349999904632568,0.0,40827900
2022-02-18,5.439084529876709,5.650000095367432,0.0,5.800000190734863,5.400000095367432,5.449999809265137,0.0,57159500
2022-02-21,5.294683933258057,5.5,0.0,5.75,5.449999809265137,5.599999904632568,0.0,47905500
2022-02-22,5.342817783355713,5.550000190734863,0.0,5.650000095367432,5.349999904632568,5.449999809265137,0.0,30238000
2022-02-23,5.390951156616211,5.599999904632568,0.0,5.699999809265137,5.5,5.550000190734863,0.0,15495200
2022-02-24,5.198417663574219,5.400000095367432,0.0,5.599999904632568,5.400000095367432,5.550000190734863,0.0,35875900
2022-02-25,5.314366817474365,5.5,0.02,5.550000190734863,5.400000095367432,5.400000095367432,0.0,18266400
2022-02-28,5.604241371154785,5.800000190734863,0.0,5.800000190734863,5.400000095367432,5.449999809265137,0.0,35555700
2022-03-01,5.555929660797119,5.75,0.0,5.800000190734863,5.650000095367432,5.75,0.0,14556000
2022-03-02,5.459304332733154,5.650000095367432,0.0,5.75,5.550000190734863,5.699999809265137,0.0,17262400
2022-03-03,5.217741966247559,5.400000095367432,0.0,5.699999809265137,5.349999904632568,5.699999809265137,0.0,56805300
2022-03-04,5.169430255889893,5.349999904632568,0.0,5.449999809265137,5.300000190734863,5.400000095367432,0.0,16726100
2022-03-07,5.024492263793945,5.199999809265137,0.0,5.300000190734863,5.050000190734863,5.25,0.0,29618000
2022-03-08,4.976180553436279,5.150000095367432,0.0,5.199999809265137,5.0,5.150000095367432,0.0,18992100
2022-03-09,5.072804927825928,5.25,0.0,5.300000190734863,5.099999904632568,5.150000095367432,0.0,17035900
2022-03-10,5.072804927825928,5.25,0.0,5.400000095367432,5.199999809265137,5.300000190734863,0.0,25900800
2022-03-11,5.169430255889893,5.349999904632568,0.0,5.400000095367432,5.25,5.25,0.0,19208900
2022-03-14,5.121118068695068,5.300000190734863,0.0,5.349999904632568,5.25,5.300000190734863,0.0,8383700
2022-03-15,5.121118068695068,5.300000190734863,0.0,5.349999904632568,5.25,5.349999904632568,0.0,8113600
2022-03-16,5.169430255889893,5.349999904632568,0.0,5.400000095367432,5.300000190734863,5.300000190734863,0.0,20143300
2022-03-17,5.121118068695068,5.300000190734863,0.0,5.449999809265137,5.199999809265137,5.349999904632568,0.0,41436600
2022-03-18,4.927867889404297,5.099999904632568,0.0,5.349999904632568,5.099999904632568,5.349999904632568,0.0,49643500
2022-03-21,4.976180553436279,5.150000095367432,0.0,5.199999809265137,5.099999904632568,5.099999904632568,0.0,34684700
2022-03-22,4.927867889404297,5.099999904632568,0.0,5.150000095367432,5.050000190734863,5.150000095367432,0.0,61752300
2022-03-23,4.927867889404297,5.099999904632568,0.0,5.150000095367432,5.050000190734863,5.099999904632568,0.0,24723000
2022-03-24,4.879555702209473,5.050000190734863,0.0,5.150000095367432,5.050000190734863,5.099999904632568,0.0,11258800
2022-03-25,4.879555702209473,5.050000190734863,0.0,5.099999904632568,5.0,5.050000190734863,0.0,18649300
2022-03-28,4.879555702209473,5.050000190734863,0.0,5.199999809265137,5.050000190734863,5.050000190734863,0.0,19939900
2022-03-29,4.927867889404297,5.099999904632568,0.0,5.150000095367432,5.050000190734863,5.099999904632568,0.0,16860500
2022-03-30,4.976180553436279,5.150000095367432,0.0,5.199999809265137,5.099999904632568,5.150000095367432,0.0,11536900
2022-03-31,4.927867889404297,5.099999904632568,0.0,5.150000095367432,5.050000190734863,5.150000095367432,0.0,16823800
2022-04-01,4.976180553436279,5.150000095367432,0.0,5.199999809265137,5.099999904632568,5.099999904632568,0.0,8651800
2022-04-04,4.976180553436279,5.150000095367432,0.0,5.199999809265137,5.099999904632568,5.150000095367432,0.0,5011800
2022-04-05,4.976180553436279,5.150000095367432,0.0,5.150000095367432,5.099999904632568,5.150000095367432,0.0,5088800
2022-04-07,4.879555702209473,5.050000190734863,0.0,5.099999904632568,4.980000019073486,5.099999904632568,0.0,22991200
2022-04-08,4.879555702209473,5.050000190734863,0.0,5.099999904632568,5.0,5.050000190734863,0.0,7634700
2022-04-11,4.83124303817749,5.0,0.0,5.050000190734863,4.980000019073486,5.050000190734863,0.0,13209800
2022-04-12,4.734618186950684,4.900000095367432,0.0,5.0,4.820000171661377,5.0,0.0,43707400
2022-04-18,4.734618186950684,4.900000095367432,0.0,4.920000076293945,4.699999809265137,4.800000190734863,0.0,136200500
2022-04-19,4.83124303817749,5.0,0.0,5.099999904632568,4.880000114440918,4.900000095367432,0.0,61978000
2022-04-20,4.811918258666992,4.980000019073486,0.0,5.050000190734863,4.960000038146973,5.050000190734863,0.0,29716100
2022-04-21,4.811918258666992,4.980000019073486,0.0,5.050000190734863,4.920000076293945,5.0,0.0,16916400
2022-04-22,4.83124303817749,5.0,0.0,5.050000190734863,4.940000057220459,4.980000019073486,0.0,51305300
2022-04-25,4.811918258666992,4.980000019073486,0.0,5.050000190734863,4.920000076293945,4.960000038146973,0.0,12499400
2022-04-26,4.811918258666992,4.980000019073486,0.0,5.099999904632568,4.980000019073486,5.0,0.0,36234200
2022-04-27,4.792592525482178,4.960000038146973,0.0,5.0,4.940000057220459,4.980000019073486,0.0,26679000
2022-04-28,4.811918258666992,4.980000019073486,0.0,5.0,4.900000095367432,4.980000019073486,0.0,28784900
2022-04-29,4.792592525482178,4.960000038146973,0.0,5.0,4.960000038146973,4.980000019073486,0.0,15786900
2022-05-03,4.715292930603027,4.880000114440918,0.0,4.960000038146973,4.880000114440918,4.940000057220459,0.0,14622200
2022-05-05,4.792592525482178,4.960000038146973,0.0,5.0,4.860000133514404,4.900000095367432,0.0,43343700
2022-05-06,4.753942966461182,4.920000076293945,0.0,4.920000076293945,4.860000133514404,4.920000076293945,0.0,20296400
2022-05-09,4.676642894744873,4.840000152587891,0.0,4.900000095367432,4.739999771118164,4.880000114440918,0.0,15133400
2022-05-10,4.715292930603027,4.880000114440918,0.0,4.920000076293945,4.78000020980835,4.820000171661377,0.0,12899700
2022-05-11,4.695968151092529,4.860000133514404,0.0,4.900000095367432,4.800000190734863,4.900000095367432,0.0,16690400
2022-05-12,4.599343299865723,4.760000228881836,0.0,4.860000133514404,4.639999866485596,4.860000133514404,0.0,59819300
2022-05-13,4.580018520355225,4.739999771118164,0.0,4.800000190734863,4.699999809265137,4.800000190734863,0.0,16462000
2022-05-17,4.695968151092529,4.860000133514404,0.0,4.940000057220459,4.739999771118164,4.739999771118164,0.0,38450900
2022-05-18,4.811918258666992,4.980000019073486,0.0,5.0,4.880000114440918,4.900000095367432,0.0,22239200
2022-05-19,4.792592525482178,4.960000038146973,0.0,4.960000038146973,4.880000114440918,4.900000095367432,0.0,17953500
2022-05-20,4.734618186950684,4.900000095367432,0.0,5.0,4.900000095367432,5.0,0.0,17648500
2022-05-23,4.695968151092529,4.860000133514404,0.0,4.900000095367432,4.800000190734863,4.900000095367432,0.0,13542400
2022-05-24,4.580018520355225,4.739999771118164,0.0,4.860000133514404,4.739999771118164,4.860000133514404,0.0,24888900
2022-05-25,4.522043228149414,4.679999828338623,0.0,4.800000190734863,4.639999866485596,4.760000228881836,0.0,73482700
2022-05-26,4.879555702209473,5.050000190734863,0.0,5.150000095367432,4.71999979019165,4.71999979019165,0.0,179320300
2022-05-27,4.83124303817749,5.0,0.0,5.099999904632568,4.940000057220459,5.099999904632568,0.0,33722900
2022-05-30,4.976180553436279,5.150000095367432,0.0,5.199999809265137,5.0,5.050000190734863,0.0,67010900
2022-05-31,5.169430255889893,5.349999904632568,0.0,5.349999904632568,5.099999904632568,5.150000095367432,0.0,57049300
2022-06-01,5.121118068695068,5.300000190734863,0.0,5.349999904632568,5.199999809265137,5.300000190734863,0.0,13270400
2022-06-02,5.169430255889893,5.349999904632568,0.0,5.400000095367432,5.199999809265137,5.199999809265137,0.0,41322900
2022-06-06,5.024492263793945,5.199999809265137,0.0,5.400000095367432,5.150000095367432,5.349999904632568,0.0,23789800
2022-06-07,4.976180553436279,5.150000095367432,0.0,5.25,5.099999904632568,5.199999809265137,0.0,22772900
2022-06-08,4.927867889404297,5.099999904632568,0.0,5.25,5.099999904632568,5.150000095367432,0.0,9707800
2022-06-09,4.927867889404297,5.099999904632568,0.0,5.150000095367432,5.050000190734863,5.150000095367432,0.0,11375800
2022-06-10,4.976180553436279,5.150000095367432,0.0,5.150000095367432,5.0,5.050000190734863,0.0,34778000
2022-06-13,4.879555702209473,5.050000190734863,0.0,5.099999904632568,4.900000095367432,5.0,0.0,20397400
2022-06-14,4.77326774597168,4.940000057220459,0.0,5.050000190734863,4.900000095367432,5.050000190734863,0.0,26284300
2022-06-15,4.715292930603027,4.880000114440918,0.0,4.960000038146973,4.840000152587891,4.960000038146973,0.0,21606300
2022-06-16,4.695968151092529,4.860000133514404,0.0,4.960000038146973,4.860000133514404,4.900000095367432,0.0,18607300
2022-06-17,4.927867889404297,5.099999904632568,0.0,5.099999904632568,4.800000190734863,4.880000114440918,0.0,35813600
2022-06-20,4.976180553436279,5.150000095367432,0.0,5.150000095367432,4.940000057220459,5.0,0.0,20696100
2022-06-21,4.927867889404297,5.099999904632568,0.0,5.150000095367432,5.050000190734863,5.150000095367432,0.0,2991500
2022-06-22,4.976180553436279,5.150000095367432,0.0,5.150000095367432,4.960000038146973,5.099999904632568,0.0,35622500
2022-06-23,4.927867889404297,5.099999904632568,0.0,5.150000095367432,5.050000190734863,5.150000095367432,0.0,1670400
2022-06-24,4.976180553436279,5.150000095367432,0.0,5.199999809265137,5.0,5.099999904632568,0.0,20479000
2022-06-27,4.927867889404297,5.099999904632568,0.0,5.150000095367432,5.050000190734863,5.150000095367432,0.0,6630700
2022-06-28,4.879555702209473,5.050000190734863,0.0,5.25,5.050000190734863,5.099999904632568,0.0,42327700
2022-06-29,4.83124303817749,5.0,0.0,5.150000095367432,5.0,5.050000190734863,0.0,6479300
2022-06-30,4.811918258666992,4.980000019073486,0.0,5.099999904632568,4.960000038146973,5.050000190734863,0.0,9591600
2022-07-01,4.792592525482178,4.960000038146973,0.0,5.050000190734863,4.940000057220459,4.980000019073486,0.0,4988200
2022-07-04,4.83124303817749,5.0,0.0,5.0,4.880000114440918,4.920000076293945,0.0,14397600
2022-07-05,4.792592525482178,4.960000038146973,0.0,5.0,4.840000152587891,5.0,0.0,21672200
2022-07-06,4.734618186950684,4.900000095367432,0.0,4.980000019073486,4.820000171661377,4.940000057220459,0.0,27869000
2022-07-07,4.83124303817749,5.0,0.0,5.0,4.840000152587891,4.880000114440918,0.0,68282300
2022-07-08,4.657318592071533,4.820000171661377,0.0,5.050000190734863,4.820000171661377,5.0,0.0,36561600
2022-07-11,4.560693264007568,4.71999979019165,0.0,4.820000171661377,4.639999866485596,4.820000171661377,0.0,34466300
2022-07-12,4.367443561553955,4.519999980926514,0.0,4.699999809265137,4.380000114440918,4.679999828338623,0.0,85777300
2022-07-14,4.270819187164307,4.420000076293945,0.0,4.539999961853027,4.380000114440918,4.480000019073486,0.0,29167900
2022-07-15,4.25149393081665,4.400000095367432,0.0,4.440000057220459,4.320000171661377,4.440000057220459,0.0,25979900
2022-07-18,4.25149393081665,4.400000095367432,0.0,4.5,4.380000114440918,4.420000076293945,0.0,14099300
2022-07-19,4.116219520568848,4.260000228881836,0.0,4.420000076293945,4.199999809265137,4.420000076293945,0.0,40501300
2022-07-20,4.116219520568848,4.260000228881836,0.0,4.340000152587891,4.260000228881836,4.300000190734863,0.0,11084800
2022-07-21,4.077568531036377,4.21999979019165,0.0,4.28000020980835,4.179999828338623,4.260000228881836,0.0,17647600
2022-07-22,4.193519115447998,4.340000152587891,0.0,4.340000152587891,4.21999979019165,4.260000228881836,0.0,23117100
2022-07-25,4.174193859100342,4.320000171661377,0.0,4.380000114440918,4.300000190734863,4.300000190734863,0.0,12057000
2022-07-26,4.077118873596191,4.199999809265137,0.02,4.300000190734863,4.199999809265137,4.300000190734863,0.0,13875900
2022-07-27,4.232438564300537,4.360000133514404,0.0,4.360000133514404,4.199999809265137,4.199999809265137,0.0,34177200
2022-08-01,4.213023662567139,4.340000152587891,0.0,4.420000076293945,4.28000020980835,4.400000095367432,0.0,26319500
2022-08-02,4.213023662567139,4.340000152587891,0.0,4.420000076293945,4.320000171661377,4.340000152587891,0.0,11257400
2022-08-03,4.154778957366943,4.28000020980835,0.0,4.360000133514404,4.21999979019165,4.340000152587891,0.0,28662000
2022-08-04,4.154778957366943,4.28000020980835,0.0,4.340000152587891,4.239999771118164,4.28000020980835,0.0,12255800
2022-08-05,4.174193859100342,4.300000190734863,0.0,4.340000152587891,4.260000228881836,4.28000020980835,0.0,27098300
2022-08-08,4.213023662567139,4.340000152587891,0.0,4.340000152587891,4.28000020980835,4.300000190734863,0.0,12473400
2022-08-09,4.19360876083374,4.320000171661377,0.0,4.380000114440918,4.320000171661377,4.340000152587891,0.0,15514700
2022-08-10,4.329512119293213,4.460000038146973,0.0,4.5,4.300000190734863,4.340000152587891,0.0,46637500
2022-08-11,4.310098171234131,4.440000057220459,0.0,4.480000019073486,4.400000095367432,4.460000038146973,0.0,22125700
2022-08-15,4.154778957366943,4.28000020980835,0.0,4.380000114440918,4.21999979019165,4.380000114440918,0.0,69103300
2022-08-16,4.174193859100342,4.300000190734863,0.0,4.340000152587891,4.199999809265137,4.28000020980835,0.0,48278400
2022-08-17,4.232438564300537,4.360000133514404,0.0,4.400000095367432,4.300000190734863,4.300000190734863,0.0,35411600
2022-08-18,4.2518534660339355,4.380000114440918,0.0,4.420000076293945,4.360000133514404,4.380000114440918,0.0,17143000
2022-08-19,4.174193859100342,4.300000190734863,0.0,4.420000076293945,4.28000020980835,4.380000114440918,0.0,11250400
2022-08-22,4.213023662567139,4.340000152587891,0.0,4.400000095367432,4.320000171661377,4.320000171661377,0.0,12252400
2022-08-23,4.213023662567139,4.340000152587891,0.0,4.340000152587891,4.260000228881836,4.300000190734863,0.0,28550500
2022-08-24,4.135364532470703,4.260000228881836,0.0,4.340000152587891,4.260000228881836,4.340000152587891,0.0,27502800
2022-08-25,4.213023662567139,4.340000152587891,0.0,4.380000114440918,4.260000228881836,4.28000020980835,0.0,24539100
2022-08-26,4.290683269500732,4.420000076293945,0.0,4.579999923706055,4.340000152587891,4.360000133514404,0.0,58701600
2022-08-29,4.213023662567139,4.340000152587891,0.0,4.380000114440918,4.300000190734863,4.340000152587891,0.0,31817900
2022-08-30,4.290683269500732,4.420000076293945,0.0,4.440000057220459,4.320000171661377,4.340000152587891,0.0,21009000
2022-08-31,4.2518534660339355,4.380000114440918,0.0,4.440000057220459,4.360000133514404,4.380000114440918,0.0,12646200
2022-09-01,4.154778957366943,4.28000020980835,0.0,4.440000057220459,4.260000228881836,4.400000095367432,0.0,36094900
2022-09-02,4.19360876083374,4.320000171661377,0.0,4.340000152587891,4.260000228881836,4.300000190734863,0.0,12412400
2022-09-05,4.232438564300537,4.360000133514404,0.0,4.380000114440918,4.320000171661377,4.320000171661377,0.0,9510100
2022-09-06,4.310098171234131,4.440000057220459,0.0,4.440000057220459,4.360000133514404,4.380000114440918,0.0,23658900
2022-09-07,4.271268367767334,4.400000095367432,0.0,4.559999942779541,4.400000095367432,4.460000038146973,0.0,59227400
2022-09-08,4.290683269500732,4.420000076293945,0.0,4.5,4.400000095367432,4.420000076293945,0.0,44338800
2022-09-09,4.2518534660339355,4.380000114440918,0.0,4.460000038146973,4.380000114440918,4.440000057220459,0.0,23669000
2022-09-12,4.329512119293213,4.460000038146973,0.0,4.5,4.380000114440918,4.380000114440918,0.0,22983200
2022-09-13,4.36834192276001,4.5,0.0,4.519999980926514,4.440000057220459,4.480000019073486,0.0,28658800
2022-09-14,4.348927021026611,4.480000019073486,0.0,4.519999980926514,4.440000057220459,4.440000057220459,0.0,30559500
2022-09-15,4.4848313331604,4.619999885559082,0.0,4.659999847412109,4.5,4.5,0.0,52793800
2022-09-16,4.426586627960205,4.559999942779541,0.0,4.659999847412109,4.559999942779541,4.619999885559082,0.0,36347800
2022-09-19,4.36834192276001,4.5,0.0,4.599999904632568,4.480000019073486,4.579999923706055,0.0,22364000
2022-09-20,4.387757301330566,4.519999980926514,0.0,4.599999904632568,4.5,4.539999961853027,0.0,13533800
2022-09-21,4.310098171234131,4.440000057220459,0.0,4.539999961853027,4.380000114440918,4.519999980926514,0.0,38496800
2022-09-22,4.387757301330566,4.519999980926514,0.0,4.559999942779541,4.420000076293945,4.420000076293945,0.0,26736900
2022-09-23,4.290683269500732,4.420000076293945,0.0,4.539999961853027,4.400000095367432,4.519999980926514,0.0,22372800
2022-09-26,4.213023662567139,4.340000152587891,0.0,4.420000076293945,4.320000171661377,4.400000095367432,0.0,20337300
2022-09-27,4.038289546966553,4.159999847412109,0.0,4.360000133514404,4.159999847412109,4.320000171661377,0.0,36882600
2022-09-28,3.9412152767181396,4.059999942779541,0.0,4.119999885559082,4.0,4.099999904632568,0.0,31821800
2022-09-29,3.8441412448883057,3.9600000381469727,0.0,4.199999809265137,3.940000057220459,4.119999885559082,0.0,41694800
2022-09-30,3.8829710483551025,4.0,0.0,4.039999961853027,3.9000000953674316,3.940000057220459,0.0,26286700
2022-10-03,3.766481637954712,3.880000114440918,0.0,4.0,3.8399999141693115,3.9600000381469727,0.0,25813500
2022-10-04,3.766481637954712,3.880000114440918,0.0,3.940000057220459,3.8399999141693115,3.9200000762939453,0.0,12137500
2022-10-05,3.6111629009246826,3.7200000286102295,0.0,3.9200000762939453,3.700000047683716,3.9000000953674316,0.0,41851300
2022-10-06,3.708237409591675,3.819999933242798,0.0,3.859999895095825,3.680000066757202,3.759999990463257,0.0,37247300
2022-10-07,3.6111629009246826,3.7200000286102295,0.0,3.799999952316284,3.680000066757202,3.7799999713897705,0.0,17117600
2022-10-10,3.4170145988464355,3.5199999809265137,0.0,3.680000066757202,3.5,3.680000066757202,0.0,28998900
2022-10-11,3.4170145988464355,3.5199999809265137,0.0,3.5799999237060547,3.4600000381469727,3.5199999809265137,0.0,35990900
2022-10-12,3.533503532409668,3.640000104904175,0.0,3.680000066757202,3.5399999618530273,3.559999942779541,0.0,31537800
2022-10-17,3.4752588272094727,3.5799999237060547,0.0,3.6600000858306885,3.5399999618530273,3.6600000858306885,0.0,29622400
2022-10-18,3.6499927043914795,3.759999990463257,0.0,3.7799999713897705,3.5999999046325684,3.5999999046325684,0.0,29605000
2022-10-19,3.630577564239502,3.740000009536743,0.0,3.759999990463257,3.700000047683716,3.7200000286102295,0.0,11238600
2022-10-20,3.5917482376098633,3.700000047683716,0.0,3.7799999713897705,3.6600000858306885,3.7200000286102295,0.0,20671000
2022-10-21,3.669407367706299,3.7799999713897705,0.0,3.799999952316284,3.7200000286102295,3.740000009536743,0.0,15205200
2022-10-25,3.630577564239502,3.740000009536743,0.0,3.799999952316284,3.7200000286102295,3.799999952316284,0.0,6221600
2022-10-26,3.533503532409668,3.640000104904175,0.0,3.740000009536743,3.619999885559082,3.7200000286102295,0.0,24902900
2022-10-27,3.5917482376098633,3.700000047683716,0.0,3.700000047683716,3.619999885559082,3.619999885559082,0.0,9464000
2022-10-28,3.5140886306762695,3.619999885559082,0.0,3.7200000286102295,3.5799999237060547,3.700000047683716,0.0,14786600
2022-10-31,3.533503532409668,3.640000104904175,0.0,3.6600000858306885,3.5999999046325684,3.640000104904175,0.0,8987800
2022-11-01,3.630577564239502,3.740000009536743,0.0,3.7799999713897705,3.640000104904175,3.6600000858306885,0.0,15833900
2022-11-02,3.630577564239502,3.740000009536743,0.0,3.8399999141693115,3.7200000286102295,3.7200000286102295,0.0,17462400
2022-11-03,3.630577564239502,3.740000009536743,0.0,3.759999990463257,3.700000047683716,3.740000009536743,0.0,9116300
2022-11-04,3.7858967781066895,3.9000000953674316,0.0,4.019999980926514,3.740000009536743,3.740000009536743,0.0,73494400
2022-11-07,3.766481637954712,3.880000114440918,0.0,3.940000057220459,3.859999895095825,3.9000000953674316,0.0,29201900
2022-11-08,3.7470669746398926,3.859999895095825,0.0,3.9200000762939453,3.859999895095825,3.9000000953674316,0.0,9189400
2022-11-09,3.669407367706299,3.7799999713897705,0.0,3.880000114440918,3.759999990463257,3.859999895095825,0.0,16546600
2022-11-10,3.727652072906494,3.8399999141693115,0.0,3.859999895095825,3.740000009536743,3.759999990463257,0.0,14697200
2022-11-11,3.727652072906494,3.8399999141693115,0.0,3.9000000953674316,3.759999990463257,3.859999895095825,0.0,18597900
2022-11-14,3.7470669746398926,3.859999895095825,0.0,4.0,3.8399999141693115,3.8399999141693115,0.0,42151700
2022-11-15,4.1159491539001465,4.239999771118164,0.0,4.320000171661377,3.9000000953674316,3.9000000953674316,0.0,150166000
2022-11-16,4.09653377532959,4.21999979019165,0.0,4.260000228881836,4.139999866485596,4.159999847412109,0.0,45038700
2022-11-17,4.077118873596191,4.199999809265137,0.0,4.260000228881836,4.139999866485596,4.260000228881836,0.0,24935500
2022-11-18,3.999460220336914,4.119999885559082,0.0,4.199999809265137,4.059999942779541,4.159999847412109,0.0,41301200
2022-11-21,4.09653377532959,4.21999979019165,0.0,4.300000190734863,4.059999942779541,4.119999885559082,0.0,50204100
2022-11-22,3.9800455570220947,4.099999904632568,0.0,4.239999771118164,4.099999904632568,4.179999828338623,0.0,33486400
2022-11-23,3.9800455570220947,4.099999904632568,0.0,4.139999866485596,4.059999942779541,4.139999866485596,0.0,11388800
2022-11-24,3.9412152767181396,4.059999942779541,0.0,4.139999866485596,4.059999942779541,4.119999885559082,0.0,11384400
2022-11-25,3.8441412448883057,3.9600000381469727,0.0,4.059999942779541,3.9000000953674316,4.059999942779541,0.0,30970800
2022-11-28,3.8247263431549072,3.940000057220459,0.0,3.9800000190734863,3.9200000762939453,3.9600000381469727,0.0,12163100
2022-11-29,3.960630416870117,4.079999923706055,0.0,4.099999904632568,3.940000057220459,3.940000057220459,0.0,26467000
2022-11-30,4.018874645233154,4.139999866485596,0.0,4.159999847412109,4.039999961853027,4.039999961853027,0.0,20963000
2022-12-01,3.999460220336914,4.119999885559082,0.0,4.199999809265137,4.119999885559082,4.139999866485596,0.0,14917400
2022-12-02,4.018874645233154,4.139999866485596,0.0,4.179999828338623,4.119999885559082,4.139999866485596,0.0,15455400
2022-12-06,4.077118873596191,4.199999809265137,0.0,4.300000190734863,4.159999847412109,4.159999847412109,0.0,37268900
2022-12-07,4.018874645233154,4.139999866485596,0.0,4.21999979019165,4.119999885559082,4.179999828338623,0.0,16210900
2022-12-08,4.2518534660339355,4.380000114440918,0.0,4.420000076293945,4.099999904632568,4.139999866485596,0.0,122947200
2022-12-09,4.2518534660339355,4.380000114440918,0.0,4.440000057220459,4.360000133514404,4.360000133514404,0.0,41440300
2022-12-13,4.36834192276001,4.5,0.0,4.5,4.360000133514404,4.380000114440918,0.0,38756800
2022-12-14,4.465416431427002,4.599999904632568,0.0,4.619999885559082,4.5,4.519999980926514,0.0,75252700
2022-12-15,4.232438564300537,4.360000133514404,0.0,4.539999961853027,4.300000190734863,4.539999961853027,0.0,92343300
2022-12-16,4.271268367767334,4.400000095367432,0.0,4.400000095367432,4.300000190734863,4.300000190734863,0.0,30190400
2022-12-19,4.232438564300537,4.360000133514404,0.0,4.440000057220459,4.360000133514404,4.380000114440918,0.0,11068100
2022-12-20,4.19360876083374,4.320000171661377,0.0,4.400000095367432,4.260000228881836,4.380000114440918,0.0,22535300
2022-12-21,4.038289546966553,4.159999847412109,0.0,4.340000152587891,4.139999866485596,4.320000171661377,0.0,38621000
2022-12-22,4.038289546966553,4.159999847412109,0.0,4.199999809265137,4.139999866485596,4.199999809265137,0.0,15174300
2022-12-23,4.018874645233154,4.139999866485596,0.0,4.159999847412109,4.079999923706055,4.119999885559082,0.0,12776700
2022-12-26,4.057703971862793,4.179999828338623,0.0,4.260000228881836,4.159999847412109,4.159999847412109,0.0,15620500
2022-12-27,4.09653377532959,4.21999979019165,0.0,4.260000228881836,4.199999809265137,4.199999809265137,0.0,12577700
2022-12-28,4.1159491539001465,4.239999771118164,0.0,4.300000190734863,4.21999979019165,4.239999771118164,0.0,16195700
2022-12-29,4.213023662567139,4.340000152587891,0.0,4.340000152587891,4.179999828338623,4.239999771118164,0.0,29030000
2022-12-30,4.271268367767334,4.400000095367432,0.0,4.400000095367432,4.28000020980835,4.340000152587891,0.0,17939600
2023-01-03,4.698394775390625,4.840000152587891,0.0,4.960000038146973,4.380000114440918,4.400000095367432,0.0,211403700
2023-01-04,4.737224578857422,4.880000114440918,0.0,4.980000019073486,4.71999979019165,4.840000152587891,0.0,84923000
2023-01-05,4.581905841827393,4.71999979019165,0.0,4.880000114440918,4.71999979019165,4.880000114440918,0.0,43158100
2023-01-06,4.562490940093994,4.699999809265137,0.0,4.820000171661377,4.679999828338623,4.739999771118164,0.0,29625100
2023-01-09,4.698394775390625,4.840000152587891,0.0,4.840000152587891,4.679999828338623,4.71999979019165,0.0,54470700
2023-01-10,4.640150547027588,4.78000020980835,0.0,4.880000114440918,4.739999771118164,4.840000152587891,0.0,36845100
2023-01-11,4.640150547027588,4.78000020980835,0.0,4.860000133514404,4.739999771118164,4.800000190734863,0.0,81699400
2023-01-12,4.640150547027588,4.78000020980835,0.0,4.880000114440918,4.78000020980835,4.800000190734863,0.0,34886400
2023-01-13,4.640150547027588,4.78000020980835,0.0,4.880000114440918,4.739999771118164,4.800000190734863,0.0,46421000
2023-01-16,4.601320743560791,4.739999771118164,0.0,4.800000190734863,4.71999979019165,4.78000020980835,0.0,14101300
2023-01-17,4.543076038360596,4.679999828338623,0.0,4.760000228881836,4.639999866485596,4.739999771118164,0.0,20351800
2023-01-18,4.543076038360596,4.679999828338623,0.0,4.760000228881836,4.659999847412109,4.679999828338623,0.0,15195200
2023-01-19,4.523660659790039,4.659999847412109,0.0,4.699999809265137,4.639999866485596,4.679999828338623,0.0,14347400
2023-01-20,4.562490940093994,4.699999809265137,0.0,4.760000228881836,4.659999847412109,4.659999847412109,0.0,17808600
2023-01-23,4.678980350494385,4.820000171661377,0.0,4.900000095367432,4.679999828338623,4.699999809265137,0.0,55090800
2023-01-24,4.6207356452941895,4.760000228881836,0.0,4.860000133514404,4.760000228881836,4.840000152587891,0.0,21385500
2023-01-25,4.543076038360596,4.679999828338623,0.0,4.820000171661377,4.679999828338623,4.78000020980835,0.0,27699000
2023-01-26,4.504246234893799,4.639999866485596,0.0,4.739999771118164,4.619999885559082,4.699999809265137,0.0,24562200
2023-01-27,4.523660659790039,4.659999847412109,0.0,4.739999771118164,4.659999847412109,4.679999828338623,0.0,12464700
2023-01-30,4.795468807220459,4.940000057220459,0.0,5.0,4.699999809265137,4.699999809265137,0.0,96925100
2023-01-31,4.776054382324219,4.920000076293945,0.0,4.940000057220459,4.800000190734863,4.920000076293945,0.0,71744300
2023-02-01,4.8537139892578125,5.0,0.0,5.099999904632568,4.920000076293945,4.940000057220459,0.0,47772900
2023-02-02,4.8537139892578125,5.0,0.0,5.099999904632568,4.960000038146973,5.0,0.0,24570500
2023-02-03,4.902251243591309,5.050000190734863,0.0,5.099999904632568,5.0,5.099999904632568,0.0,6353600
2023-02-06,4.8537139892578125,5.0,0.0,5.050000190734863,5.0,5.050000190734863,0.0,12173300
2023-02-07,4.834299087524414,4.980000019073486,0.0,5.0,4.920000076293945,5.0,0.0,16940900
2023-02-08,4.776054382324219,4.920000076293945,0.0,5.050000190734863,4.860000133514404,4.960000038146973,0.0,35875700
2023-02-09,4.737224578857422,4.880000114440918,0.0,4.920000076293945,4.820000171661377,4.900000095367432,0.0,27787800
2023-02-10,4.737224578857422,4.880000114440918,0.0,4.940000057220459,4.880000114440918,4.920000076293945,0.0,11431400
2023-02-13,4.75663948059082,4.900000095367432,0.0,4.940000057220459,4.880000114440918,4.900000095367432,0.0,10953500
2023-02-14,4.640150547027588,4.78000020980835,0.0,4.940000057220459,4.679999828338623,4.900000095367432,0.0,39483500
2023-02-15,4.407172203063965,4.539999961853027,0.0,4.760000228881836,4.5,4.760000228881836,0.0,53557600
2023-02-16,4.290683269500732,4.420000076293945,0.0,4.539999961853027,4.360000133514404,4.539999961853027,0.0,41709800
2023-02-17,4.19360876083374,4.320000171661377,0.0,4.460000038146973,4.239999771118164,4.440000057220459,0.0,37408100
2023-02-20,4.348927021026611,4.480000019073486,0.0,4.519999980926514,4.300000190734863,4.300000190734863,0.0,26211200
2023-02-21,4.426586627960205,4.559999942779541,0.0,4.579999923706055,4.420000076293945,4.460000038146973,0.0,17247200
2023-02-22,4.387757301330566,4.519999980926514,0.0,4.559999942779541,4.440000057220459,4.519999980926514,0.0,27710800
2023-02-23,4.426586627960205,4.559999942779541,0.0,4.599999904632568,4.5,4.5,0.0,33241000
2023-02-24,4.36834192276001,4.5,0.0,4.619999885559082,4.480000019073486,4.599999904632568,0.0,29572000
2023-02-27,4.310098171234131,4.440000057220459,0.0,4.519999980926514,4.420000076293945,4.519999980926514,0.0,20668500
2023-02-28,4.270915508270264,4.360000133514404,0.04,4.460000038146973,4.300000190734863,4.420000076293945,0.0,18274900
2023-03-01,4.192550182342529,4.28000020980835,0.0,4.400000095367432,4.239999771118164,4.360000133514404,0.0,24139800
2023-03-02,4.114184379577637,4.199999809265137,0.0,4.28000020980835,4.099999904632568,4.260000228881836,0.0,32467500
2023-03-03,4.094592571258545,4.179999828338623,0.0,4.28000020980835,4.179999828338623,4.199999809265137,0.0,13085400
2023-03-07,4.192550182342529,4.28000020980835,0.0,4.320000171661377,4.21999979019165,4.21999979019165,0.0,11333400
2023-03-08,4.192550182342529,4.28000020980835,0.0,4.28000020980835,4.21999979019165,4.239999771118164,0.0,9135200
2023-03-09,4.192550182342529,4.28000020980835,0.0,4.340000152587891,4.260000228881836,4.300000190734863,0.0,8058100
2023-03-10,4.192550182342529,4.28000020980835,0.0,4.400000095367432,4.260000228881836,4.28000020980835,0.0,12884500
2023-03-13,3.8790879249572754,3.9600000381469727,0.0,4.239999771118164,3.9200000762939453,4.239999771118164,0.0,73765000
2023-03-14,3.7223570346832275,3.799999952316284,0.0,4.019999980926514,3.759999990463257,3.9800000190734863,0.0,31342000
2023-03-15,3.898679256439209,3.9800000190734863,0.0,4.039999961853027,3.819999933242798,3.9000000953674316,0.0,26702600
2023-03-16,3.8790879249572754,3.9600000381469727,0.0,4.019999980926514,3.9000000953674316,3.9800000190734863,0.0,12009700
2023-03-17,3.8203139305114746,3.9000000953674316,0.0,4.019999980926514,3.9000000953674316,3.9800000190734863,0.0,10312000
2023-03-20,3.7811310291290283,3.859999895095825,0.0,3.9800000190734863,3.8399999141693115,3.9000000953674316,0.0,13079600
2023-03-21,3.839905261993408,3.9200000762939453,0.0,3.940000057220459,3.880000114440918,3.9000000953674316,0.0,13051500
2023-03-22,3.800722599029541,3.880000114440918,0.0,3.940000057220459,3.819999933242798,3.9200000762939453,0.0,9547800
2023-03-23,3.839905261993408,3.9200000762939453,0.0,3.9800000190734863,3.8399999141693115,3.880000114440918,0.0,15246600
2023-03-24,3.8790879249572754,3.9600000381469727,0.0,4.019999980926514,3.940000057220459,3.940000057220459,0.0,9032900
2023-03-27,3.839905261993408,3.9200000762939453,0.0,4.0,3.9200000762939453,3.9800000190734863,0.0,5859600
2023-03-28,3.859496593475342,3.940000057220459,0.0,4.0,3.9200000762939453,3.9600000381469727,0.0,12245800
2023-03-29,3.839905261993408,3.9200000762939453,0.0,3.9600000381469727,3.9000000953674316,3.9600000381469727,0.0,5466300
2023-03-30,3.859496593475342,3.940000057220459,0.0,3.9600000381469727,3.859999895095825,3.940000057220459,0.0,11560200
2023-03-31,3.839905261993408,3.9200000762939453,0.0,3.940000057220459,3.880000114440918,3.940000057220459,0.0,8904900
2023-04-03,3.859496593475342,3.940000057220459,0.0,3.9600000381469727,3.859999895095825,3.9200000762939453,0.0,8268200
2023-04-04,3.9182705879211426,4.0,0.0,4.099999904632568,3.940000057220459,3.940000057220459,0.0,50823600
2023-04-05,3.9182705879211426,4.0,0.0,4.0,3.9600000381469727,3.9800000190734863,0.0,10134400
2023-04-07,3.9182705879211426,4.0,0.0,4.059999942779541,4.0,4.0,0.0,10565500
2023-04-10,3.937861919403076,4.019999980926514,0.0,4.079999923706055,3.9600000381469727,4.019999980926514,0.0,20015100
2023-04-11,3.898679256439209,3.9800000190734863,0.0,4.059999942779541,3.940000057220459,4.019999980926514,0.0,27343100
2023-04-12,3.8790879249572754,3.9600000381469727,0.0,4.019999980926514,3.940000057220459,3.9600000381469727,0.0,18190200
2023-04-17,3.9574532508850098,4.039999961853027,0.0,4.079999923706055,3.9600000381469727,3.9600000381469727,0.0,10160600
2023-04-18,3.9574532508850098,4.039999961853027,0.0,4.079999923706055,4.039999961853027,4.059999942779541,0.0,5741100
2023-04-19,3.937861919403076,4.019999980926514,0.0,4.059999942779541,3.9600000381469727,4.039999961853027,0.0,8376700
2023-04-20,3.898679256439209,3.9800000190734863,0.0,4.019999980926514,3.9800000190734863,4.019999980926514,0.0,6354500
2023-04-21,3.898679256439209,3.9800000190734863,0.0,4.079999923706055,3.9800000190734863,3.9800000190734863,0.0,12779100
2023-04-24,3.8790879249572754,3.9600000381469727,0.0,4.039999961853027,3.940000057220459,3.9800000190734863,0.0,10091000
2023-04-25,3.310938835144043,3.380000114440918,0.0,3.940000057220459,3.259999990463257,3.940000057220459,0.0,87367300
2023-04-26,3.2913472652435303,3.359999895095825,0.0,3.4200000762939453,3.319999933242798,3.359999895095825,0.0,23386000
2023-04-27,3.1933906078338623,3.259999990463257,0.0,3.380000114440918,3.240000009536743,3.380000114440918,0.0,20217300
2023-04-28,3.2913472652435303,3.359999895095825,0.0,3.4000000953674316,3.2799999713897705,3.2799999713897705,0.0,14907700
2023-05-02,3.2717559337615967,3.3399999141693115,0.0,3.4200000762939453,3.259999990463257,3.359999895095825,0.0,13648600
2023-05-03,3.154207944869995,3.2200000286102295,0.0,3.299999952316284,3.0199999809265137,3.299999952316284,0.0,46589700
2023-05-08,3.0954339504241943,3.1600000858306885,0.0,3.2200000286102295,3.0999999046325684,3.2200000286102295,0.0,44261900
2023-05-09,3.1346166133880615,3.200000047683716,0.0,3.240000009536743,3.0999999046325684,3.1600000858306885,0.0,23401300
2023-05-10,3.0954339504241943,3.1600000858306885,0.0,3.259999990463257,3.140000104904175,3.200000047683716,0.0,51041800
2023-05-11,3.1346166133880615,3.200000047683716,0.0,3.2200000286102295,3.140000104904175,3.1600000858306885,0.0,28750100
2023-05-12,3.1346166133880615,3.200000047683716,0.0,3.2799999713897705,3.0999999046325684,3.200000047683716,0.0,30897000
2023-05-15,3.056251049041748,3.119999885559082,0.0,3.2200000286102295,3.0999999046325684,3.1600000858306885,0.0,21865500
2023-05-16,3.056251049041748,3.119999885559082,0.0,3.1600000858306885,3.0799999237060547,3.0799999237060547,0.0,22410300
2023-05-17,3.1346166133880615,3.200000047683716,0.0,3.240000009536743,3.119999885559082,3.140000104904175,0.0,17828400
2023-05-18,3.1346166133880615,3.200000047683716,0.0,3.4000000953674316,3.180000066757202,3.2200000286102295,0.0,39134600
2023-05-19,3.1346166133880615,3.200000047683716,0.0,3.299999952316284,3.200000047683716,3.200000047683716,0.0,27434000
2023-05-22,3.154207944869995,3.2200000286102295,0.0,3.240000009536743,3.140000104904175,3.2200000286102295,0.0,19978400
2023-05-23,3.2717559337615967,3.3399999141693115,0.0,3.3399999141693115,3.2200000286102295,3.240000009536743,0.0,22422500
2023-05-24,3.252164602279663,3.319999933242798,0.0,3.4000000953674316,3.319999933242798,3.319999933242798,0.0,24793500
2023-05-25,3.2913472652435303,3.359999895095825,0.0,3.4600000381469727,3.319999933242798,3.359999895095825,0.0,27167600
2023-05-26,3.1933906078338623,3.259999990463257,0.0,3.359999895095825,3.200000047683716,3.3399999141693115,0.0,29404300
2023-05-29,3.1737992763519287,3.240000009536743,0.0,3.299999952316284,3.1600000858306885,3.2799999713897705,0.0,11012700
2023-05-30,3.154207944869995,3.2200000286102295,0.0,3.240000009536743,3.180000066757202,3.2200000286102295,0.0,17879900
2023-05-31,3.154207944869995,3.2200000286102295,0.0,3.3399999141693115,3.2200000286102295,3.2200000286102295,0.0,26997200
2023-06-01,3.0954339504241943,3.1600000858306885,0.0,3.2799999713897705,3.0799999237060547,3.240000009536743,0.0,244436500
2023-06-02,3.056251049041748,3.119999885559082,0.0,3.180000066757202,3.059999942779541,3.1600000858306885,0.0,22647400
2023-06-06,3.056251049041748,3.119999885559082,0.0,3.1600000858306885,3.0999999046325684,3.140000104904175,0.0,354284400
2023-06-07,3.212981939315796,3.2799999713897705,0.0,3.319999933242798,3.119999885559082,3.119999885559082,0.0,40761700
2023-06-08,3.212981939315796,3.2799999713897705,0.0,3.3399999141693115,3.2200000286102295,3.299999952316284,0.0,42554500
2023-06-09,3.2913472652435303,3.359999895095825,0.0,3.380000114440918,3.2799999713897705,3.2799999713897705,0.0,30566500
2023-06-12,3.2325732707977295,3.299999952316284,0.0,3.359999895095825,3.2799999713897705,3.319999933242798,0.0,24669400
2023-06-13,3.252164602279663,3.319999933242798,0.0,3.4200000762939453,3.2799999713897705,3.319999933242798,0.0,49505100
2023-06-14,3.3305301666259766,3.4000000953674316,0.0,3.4200000762939453,3.2799999713897705,3.359999895095825,0.0,67188700
2023-06-15,3.2325732707977295,3.299999952316284,0.0,3.440000057220459,3.2799999713897705,3.4000000953674316,0.0,51619000
2023-06-16,3.1737992763519287,3.240000009536743,0.0,3.3399999141693115,3.240000009536743,3.319999933242798,0.0,19291900
2023-06-19,3.1737992763519287,3.240000009536743,0.0,3.2799999713897705,3.180000066757202,3.2200000286102295,0.0,10377000
2023-06-20,3.1737992763519287,3.240000009536743,0.0,3.299999952316284,3.240000009536743,3.2799999713897705,0.0,6941400
2023-06-21,3.0758426189422607,3.140000104904175,0.0,3.259999990463257,3.140000104904175,3.259999990463257,0.0,21473100
2023-06-22,3.056251049041748,3.119999885559082,0.0,3.180000066757202,3.0799999237060547,3.1600000858306885,0.0,14324400
2023-06-23,3.0758426189422607,3.140000104904175,0.0,3.180000066757202,3.0399999618530273,3.0999999046325684,0.0,13923800
2023-06-26,3.017068386077881,3.0799999237060547,0.0,3.1600000858306885,3.0399999618530273,3.1600000858306885,0.0,16819500
2023-06-27,2.9778857231140137,3.0399999618530273,0.0,3.0799999237060547,3.0199999809265137,3.059999942779541,0.0,19991000
2023-06-28,2.919111728668213,2.9800000190734863,0.0,3.059999942779541,2.8399999141693115,3.0399999618530273,0.0,46100500
2023-06-29,2.9778857231140137,3.0399999618530273,0.0,3.0999999046325684,2.9600000381469727,2.9800000190734863,0.0,14791100
2023-06-30,2.9778857231140137,3.0399999618530273,0.0,3.140000104904175,3.0199999809265137,3.0799999237060547,0.0,9911500
2023-07-03,2.9974770545959473,3.059999942779541,0.0,3.0999999046325684,3.0199999809265137,3.059999942779541,0.0,13619000
2023-07-04,3.0366597175598145,3.0999999046325684,0.0,3.140000104904175,3.059999942779541,3.0799999237060547,0.0,12887700
2023-07-05,2.9778857231140137,3.0399999618530273,0.0,3.119999885559082,3.0399999618530273,3.119999885559082,0.0,4832000
2023-07-06,2.8995203971862793,2.9600000381469727,0.0,3.0399999618530273,2.880000114440918,3.0399999618530273,0.0,29589100
2023-07-07,2.8995203971862793,2.9600000381469727,0.0,3.0,2.9000000953674316,2.940000057220459,0.0,4343300
2023-07-10,2.9778857231140137,3.0399999618530273,0.0,3.0799999237060547,2.9000000953674316,2.9800000190734863,0.0,23860700
2023-07-11,2.8799290657043457,2.940000057220459,0.0,3.0799999237060547,2.9200000762939453,3.0399999618530273,0.0,12750900
2023-07-12,2.7036068439483643,2.759999990463257,0.0,2.9600000381469727,2.740000009536743,2.9600000381469727,0.0,25490800
2023-07-13,2.7036068439483643,2.759999990463257,0.0,2.799999952316284,2.6600000858306885,2.759999990463257,0.0,32070100
2023-07-14,2.762380838394165,2.819999933242798,0.0,2.880000114440918,2.759999990463257,2.7799999713897705,0.0,18411000
2023-07-17,2.8015635013580322,2.859999895095825,0.0,2.9000000953674316,2.799999952316284,2.819999933242798,0.0,15406500
2023-07-18,2.8015635013580322,2.859999895095825,0.0,2.9200000762939453,2.799999952316284,2.880000114440918,0.0,24752000
2023-07-19,2.821155071258545,2.880000114440918,0.0,2.9000000953674316,2.7799999713897705,2.859999895095825,0.0,36699600
2023-07-20,2.762380838394165,2.819999933242798,0.0,2.9000000953674316,2.819999933242798,2.859999895095825,0.0,9105300
2023-07-21,2.7427895069122314,2.799999952316284,0.0,2.819999933242798,2.759999990463257,2.799999952316284,0.0,21725100
2023-07-24,2.723198175430298,2.7799999713897705,0.0,2.819999933242798,2.7200000286102295,2.819999933242798,0.0,16699000
2023-07-25,2.683443546295166,2.700000047683716,0.04,2.759999990463257,2.680000066757202,2.740000009536743,0.0,7282100
2023-07-26,2.643688678741455,2.6600000858306885,0.0,2.7200000286102295,2.619999885559082,2.700000047683716,0.0,9560200
2023-07-27,2.7629528045654297,2.7799999713897705,0.0,2.799999952316284,2.640000104904175,2.640000104904175,0.0,31755800
2023-07-31,2.9020943641662598,2.9200000762939453,0.0,2.9200000762939453,2.8399999141693115,2.8399999141693115,0.0,16844700
2023-08-02,2.862339735031128,2.880000114440918,0.0,2.9200000762939453,2.8399999141693115,2.9000000953674316,0.0,17170200
2023-08-03,2.8027074337005615,2.819999933242798,0.0,2.9000000953674316,2.799999952316284,2.859999895095825,0.0,15655800
2023-08-04,2.782830238342285,2.799999952316284,0.0,2.859999895095825,2.759999990463257,2.819999933242798,0.0,14322400
2023-08-07,2.7629528045654297,2.7799999713897705,0.0,2.819999933242798,2.7200000286102295,2.799999952316284,0.0,12218600
2023-08-08,2.743075370788574,2.759999990463257,0.0,2.819999933242798,2.759999990463257,2.7799999713897705,0.0,11076600
2023-08-09,2.723198175430298,2.740000009536743,0.0,2.7799999713897705,2.6600000858306885,2.7799999713897705,0.0,13644000
2023-08-10,2.723198175430298,2.740000009536743,0.0,2.7799999713897705,2.6600000858306885,2.740000009536743,0.0,10906600
2023-08-11,2.723198175430298,2.740000009536743,0.0,2.759999990463257,2.680000066757202,2.740000009536743,0.0,14127400
2023-08-15,2.643688678741455,2.6600000858306885,0.0,2.7799999713897705,2.5999999046325684,2.759999990463257,0.0,16932200
2023-08-16,2.5244245529174805,2.5399999618530273,0.0,2.640000104904175,2.5,2.619999885559082,0.0,43332700
2023-08-17,2.5641791820526123,2.5799999237060547,0.0,2.619999885559082,2.5,2.559999942779541,0.0,37836000
2023-08-18,2.5244245529174805,2.5399999618530273,0.0,2.5999999046325684,2.5199999809265137,2.559999942779541,0.0,28799300
2023-08-21,2.5641791820526123,2.5799999237060547,0.0,2.619999885559082,2.5199999809265137,2.5399999618530273,0.0,45453300
2023-08-22,2.6238114833831787,2.640000104904175,0.0,2.6600000858306885,2.5799999237060547,2.5999999046325684,0.0,13230400
2023-08-23,2.683443546295166,2.700000047683716,0.0,2.700000047683716,2.5999999046325684,2.6600000858306885,0.0,26458700
2023-08-24,2.7629528045654297,2.7799999713897705,0.0,2.859999895095825,2.7200000286102295,2.7200000286102295,0.0,42899900
2023-08-25,2.8027074337005615,2.819999933242798,0.0,2.880000114440918,2.759999990463257,2.7799999713897705,0.0,34636900
2023-08-28,2.822584867477417,2.8399999141693115,0.0,2.880000114440918,2.799999952316284,2.8399999141693115,0.0,13378800
2023-08-29,2.8027074337005615,2.819999933242798,0.0,2.9000000953674316,2.799999952316284,2.859999895095825,0.0,20497300
2023-08-30,2.8822171688079834,2.9000000953674316,0.0,2.9600000381469727,2.819999933242798,2.819999933242798,0.0,37037400
2023-08-31,2.9418492317199707,2.9600000381469727,0.0,3.0199999809265137,2.9000000953674316,2.9200000762939453,0.0,46755100
2023-09-01,3.0213584899902344,3.0399999618530273,0.0,3.119999885559082,2.940000057220459,2.940000057220459,0.0,79429000
2023-09-04,2.9418492317199707,2.9600000381469727,0.0,3.0799999237060547,2.940000057220459,3.0399999618530273,0.0,25703700
2023-09-05,2.723198175430298,2.740000009536743,0.0,2.9600000381469727,2.740000009536743,2.940000057220459,0.0,73897000
2023-09-06,2.6635661125183105,2.680000066757202,0.0,2.740000009536743,2.6600000858306885,2.7200000286102295,0.0,40188000
2023-09-07,2.6238114833831787,2.640000104904175,0.0,2.740000009536743,2.640000104904175,2.680000066757202,0.0,47934400
2023-09-08,2.643688678741455,2.6600000858306885,0.0,2.700000047683716,2.640000104904175,2.640000104904175,0.0,18443600
2023-09-11,2.683443546295166,2.700000047683716,0.0,2.740000009536743,2.640000104904175,2.680000066757202,0.0,21624400
2023-09-12,2.782830238342285,2.799999952316284,0.0,2.859999895095825,2.7200000286102295,2.7200000286102295,0.0,44642400
2023-09-13,2.683443546295166,2.700000047683716,0.0,2.819999933242798,2.7200000286102295,2.819999933242798,0.0,26881600
2023-09-14,2.723198175430298,2.740000009536743,0.0,2.759999990463257,2.6600000858306885,2.700000047683716,0.0,14648200
2023-09-15,2.6635661125183105,2.680000066757202,0.0,2.7799999713897705,2.680000066757202,2.7799999713897705,0.0,22203600
2023-09-18,2.603933811187744,2.619999885559082,0.0,2.700000047683716,2.619999885559082,2.6600000858306885,0.0,22263800
2023-09-19,2.5840566158294678,2.5999999046325684,0.0,2.6600000858306885,2.5799999237060547,2.5999999046325684,0.0,20527900
2023-09-20,2.544301748275757,2.559999942779541,0.0,2.5999999046325684,2.5399999618530273,2.5799999237060547,0.0,12575000
2023-09-21,2.5641791820526123,2.5799999237060547,0.0,2.619999885559082,2.5399999618530273,2.559999942779541,0.0,7899600
2023-09-22,2.5840566158294678,2.5999999046325684,0.0,2.640000104904175,2.559999942779541,2.5799999237060547,0.0,12505500
2023-09-25,2.5641791820526123,2.5799999237060547,0.0,2.619999885559082,2.5199999809265137,2.5999999046325684,0.0,21849700
2023-09-26,2.544301748275757,2.559999942779541,0.0,2.5999999046325684,2.559999942779541,2.5799999237060547,0.0,13738400
2023-09-27,2.464792490005493,2.4800000190734863,0.0,2.5,2.440000057220459,2.4800000190734863,0.0,11976300
2023-09-28,2.3455281257629395,2.359999895095825,0.0,2.4800000190734863,2.359999895095825,2.4600000381469727,0.0,30112800
2023-09-29,2.3455281257629395,2.359999895095825,0.0,2.4200000762939453,2.3399999141693115,2.380000114440918,0.0,24491200
2023-10-02,2.2461414337158203,2.259999990463257,0.0,2.380000114440918,2.2200000286102295,2.3399999141693115,0.0,28635500
2023-10-03,2.146754741668701,2.1600000858306885,0.0,2.240000009536743,2.1600000858306885,2.2200000286102295,0.0,35599100
2023-10-04,2.146754741668701,2.1600000858306885,0.0,2.2200000286102295,2.119999885559082,2.119999885559082,0.0,26776700
2023-10-05,2.1666321754455566,2.180000066757202,0.0,2.240000009536743,2.1600000858306885,2.200000047683716,0.0,16436400
2023-10-06,2.2063868045806885,2.2200000286102295,0.0,2.3399999141693115,2.180000066757202,2.259999990463257,0.0,53115400
2023-10-09,2.126877546310425,2.140000104904175,0.0,2.200000047683716,2.119999885559082,2.180000066757202,0.0,16188200
2023-10-10,2.146754741668701,2.1600000858306885,0.0,2.200000047683716,2.140000104904175,2.200000047683716,0.0,21739400
2023-10-11,2.1666321754455566,2.180000066757202,0.0,2.240000009536743,2.1600000858306885,2.180000066757202,0.0,30860000
2023-10-12,2.126877546310425,2.140000104904175,0.0,2.2200000286102295,2.119999885559082,2.200000047683716,0.0,19585500
2023-10-16,2.0274906158447266,2.0399999618530273,0.0,2.140000104904175,2.0,2.119999885559082,0.0,38054000
2023-10-17,2.007613182067871,2.0199999809265137,0.0,2.0799999237060547,2.0199999809265137,2.0399999618530273,0.0,18707000
2023-10-18,2.0274906158447266,2.0399999618530273,0.0,2.0799999237060547,2.0,2.0199999809265137,0.0,18573000
2023-10-19,2.047367811203003,2.059999942779541,0.0,2.119999885559082,2.0199999809265137,2.0399999618530273,0.0,12447800
2023-10-20,2.007613182067871,2.0199999809265137,0.0,2.0799999237060547,2.0199999809265137,2.059999942779541,0.0,12727600
2023-10-24,2.0672452449798584,2.0799999237060547,0.0,2.0799999237060547,2.0,2.0,0.0,8264200
2023-10-25,2.0672452449798584,2.0799999237060547,0.0,2.140000104904175,2.0799999237060547,2.0999999046325684,0.0,8477600
2023-10-26,2.007613182067871,2.0199999809265137,0.0,2.0799999237060547,2.0199999809265137,2.0799999237060547,0.0,13356700
2023-10-27,1.9777971506118774,1.9900000095367432,0.0,2.0399999618530273,1.9199999570846558,2.0399999618530273,0.0,29922800
2023-10-30,1.9281038045883179,1.940000057220459,0.0,2.0,1.9199999570846558,1.9700000286102295,0.0,23633300
2023-10-31,1.9082263708114624,1.9199999570846558,0.0,1.9600000381469727,1.909999966621399,1.9600000381469727,0.0,22870600
2023-11-01,1.9479812383651733,1.9600000381469727,0.0,2.0199999809265137,1.940000057220459,1.940000057220459,0.0,33916900
2023-11-02,2.0274906158447266,2.0399999618530273,0.0,2.059999942779541,1.9800000190734863,1.9800000190734863,0.0,9516600
2023-11-03,2.146754741668701,2.1600000858306885,0.0,2.2200000286102295,2.0399999618530273,2.0399999618530273,0.0,55975000
2023-11-06,2.226264238357544,2.240000009536743,0.0,2.259999990463257,2.140000104904175,2.180000066757202,0.0,31516700
2023-11-07,2.1069998741149902,2.119999885559082,0.0,2.2200000286102295,2.119999885559082,2.200000047683716,0.0,17018100
2023-11-08,2.126877546310425,2.140000104904175,0.0,2.180000066757202,2.119999885559082,2.119999885559082,0.0,6282500
2023-11-09,2.1069998741149902,2.119999885559082,0.0,2.180000066757202,2.0799999237060547,2.180000066757202,0.0,10941300
2023-11-10,2.0274906158447266,2.0399999618530273,0.0,2.0999999046325684,2.0199999809265137,2.0799999237060547,0.0,12513700
2023-11-13,2.047367811203003,2.059999942779541,0.0,2.0799999237060547,2.0199999809265137,2.0399999618530273,0.0,10737800
2023-11-14,1.9877358675003052,2.0,0.0,2.0999999046325684,1.9900000095367432,2.0799999237060547,0.0,9630400
2023-11-15,2.0672452449798584,2.0799999237060547,0.0,2.119999885559082,2.0399999618530273,2.0399999618530273,0.0,11733600
2023-11-16,2.087122678756714,2.0999999046325684,0.0,2.119999885559082,2.0399999618530273,2.0799999237060547,0.0,6024100
2023-11-17,2.0672452449798584,2.0799999237060547,0.0,2.1600000858306885,2.059999942779541,2.0999999046325684,0.0,12924900
2023-11-20,2.087122678756714,2.0999999046325684,0.0,2.119999885559082,2.0399999618530273,2.0799999237060547,0.0,6478500
2023-11-21,2.1069998741149902,2.119999885559082,0.0,2.200000047683716,2.0999999046325684,2.119999885559082,0.0,14076400
2023-11-22,2.087122678756714,2.0999999046325684,0.0,2.1600000858306885,2.0999999046325684,2.119999885559082,0.0,9214600
2023-11-23,2.1069998741149902,2.119999885559082,0.0,2.1600000858306885,2.0799999237060547,2.119999885559082,0.0,6824100
2023-11-24,2.0274906158447266,2.0399999618530273,0.0,2.119999885559082,2.0399999618530273,2.0999999046325684,0.0,8163900
2023-11-27,2.047367811203003,2.059999942779541,0.0,2.059999942779541,2.0199999809265137,2.0399999618530273,0.0,5278400
2023-11-28,2.087122678756714,2.0999999046325684,0.0,2.119999885559082,2.059999942779541,2.0799999237060547,0.0,3733600
2023-11-29,2.0672452449798584,2.0799999237060547,0.0,2.140000104904175,2.059999942779541,2.119999885559082,0.0,8994500
2023-11-30,1.9777971506118774,1.9900000095367432,0.0,2.0799999237060547,1.9800000190734863,2.0799999237060547,0.0,19306200
2023-12-01,2.007613182067871,2.0199999809265137,0.0,2.059999942779541,2.0,2.0,0.0,8197000
2023-12-04,1.9181650876998901,1.9299999475479126,0.0,2.0199999809265137,1.9299999475479126,2.0,0.0,23791300
2023-12-06,1.9877358675003052,2.0,0.0,2.0199999809265137,1.9500000476837158,1.9500000476837158,0.0,10724100
2023-12-07,1.9678585529327393,1.9800000190734863,0.0,2.0199999809265137,1.9700000286102295,2.0,0.0,5120200
2023-12-08,1.9281038045883179,1.940000057220459,0.0,2.0799999237060547,1.9199999570846558,2.0199999809265137,0.0,30410400
2023-12-12,1.838655710220337,1.850000023841858,0.0,1.9700000286102295,1.850000023841858,1.9500000476837158,0.0,28263800
2023-12-13,1.7690849304199219,1.7799999713897705,0.0,1.8700000047683716,1.7699999809265137,1.850000023841858,0.0,19168200
2023-12-14,1.8585330247879028,1.8700000047683716,0.0,1.9299999475479126,1.809999942779541,1.809999942779541,0.0,24361100
2023-12-15,1.8684717416763306,1.8799999952316284,0.0,1.9299999475479126,1.8700000047683716,1.909999966621399,0.0,11994800
2023-12-18,1.8784103393554688,1.8899999856948853,0.0,1.899999976158142,1.8700000047683716,1.899999976158142,0.0,5469300
2023-12-19,1.8684717416763306,1.8799999952316284,0.0,1.909999966621399,1.8600000143051147,1.899999976158142,0.0,11112300
2023-12-20,1.8784103393554688,1.8899999856948853,0.0,1.9600000381469727,1.8799999952316284,1.8799999952316284,0.0,42828100
2023-12-21,1.8684717416763306,1.8799999952316284,0.0,1.899999976158142,1.8600000143051147,1.8600000143051147,0.0,13073800
2023-12-22,1.8485944271087646,1.8600000143051147,0.0,1.899999976158142,1.8200000524520874,1.8899999856948853,0.0,25343000
2023-12-25,1.8883490562438965,1.899999976158142,0.0,1.899999976158142,1.840000033378601,1.840000033378601,0.0,12817700
2023-12-26,1.8684717416763306,1.8799999952316284,0.0,1.9299999475479126,1.8700000047683716,1.8899999856948853,0.0,19348000
2023-12-27,1.8784103393554688,1.8899999856948853,0.0,1.940000057220459,1.8799999952316284,1.8799999952316284,0.0,17527900
2023-12-28,1.9181650876998901,1.9299999475479126,0.0,1.940000057220459,1.899999976158142,1.899999976158142,0.0,9353800
2024-01-03,2.2063868045806885,2.2200000286102295,0.0,2.259999990463257,2.119999885559082,2.1600000858306885,0.0,87168800
2024-01-04,2.1666321754455566,2.180000066757202,0.0,2.259999990463257,2.1600000858306885,2.2200000286102295,0.0,38424700
2024-01-05,2.1069998741149902,2.119999885559082,0.0,2.200000047683716,2.0999999046325684,2.180000066757202,0.0,33623100
2024-01-08,2.146754741668701,2.1600000858306885,0.0,2.240000009536743,2.119999885559082,2.119999885559082,0.0,77784300
2024-01-09,2.0274906158447266,2.0399999618530273,0.0,2.180000066757202,2.0199999809265137,2.180000066757202,0.0,49295700
2024-01-10,1.9678585529327393,1.9800000190734863,0.0,2.059999942779541,1.9500000476837158,2.0399999618530273,0.0,54608000
2024-01-11,1.8982877731323242,1.909999966621399,0.0,2.0,1.8899999856948853,1.9900000095367432,0.0,41296400
2024-01-12,1.8982877731323242,1.909999966621399,0.0,1.9299999475479126,1.8700000047683716,1.899999976158142,0.0,42690100
2024-01-15,1.8287169933319092,1.840000033378601,0.0,1.9199999570846558,1.840000033378601,1.909999966621399,0.0,88667000
2024-01-16,1.8088396787643433,1.8200000524520874,0.0,1.850000023841858,1.7999999523162842,1.840000033378601,0.0,30386100
2024-01-17,1.77902352809906,1.7899999618530273,0.0,1.840000033378601,1.7799999713897705,1.8200000524520874,0.0,35301300
2024-01-18,1.7989009618759155,1.809999942779541,0.0,1.8200000524520874,1.7799999713897705,1.7999999523162842,0.0,25834100
2024-01-19,1.7690849304199219,1.7799999713897705,0.0,1.8300000429153442,1.7799999713897705,1.809999942779541,0.0,26134100
2024-01-22,1.7094528675079346,1.7200000286102295,0.0,1.7899999618530273,1.7200000286102295,1.7899999618530273,0.0,34846500
2024-01-23,1.6895755529403687,1.7000000476837158,0.0,1.7400000095367432,1.690000057220459,1.7200000286102295,0.0,43445200
2024-01-24,1.6895755529403687,1.7000000476837158,0.0,1.7200000286102295,1.690000057220459,1.7100000381469727,0.0,56037700
2024-01-25,1.6398820877075195,1.649999976158142,0.0,1.7100000381469727,1.6100000143051147,1.7000000476837158,0.0,74391300
2024-01-26,1.6398820877075195,1.649999976158142,0.0,1.690000057220459,1.6299999952316284,1.649999976158142,0.0,30150600
2024-01-29,1.6597594022750854,1.6699999570846558,0.0,1.690000057220459,1.6399999856948853,1.659999966621399,0.0,44882600
2024-01-30,1.6597594022750854,1.6699999570846558,0.0,1.7599999904632568,1.659999966621399,1.6699999570846558,0.0,106481500
2024-01-31,1.570311427116394,1.5800000429153442,0.0,1.6799999475479126,1.5700000524520874,1.6799999475479126,0.0,92941600
2024-02-01,1.5603727102279663,1.5700000524520874,0.0,1.590000033378601,1.5399999618530273,1.5800000429153442,0.0,57004900
2024-02-02,1.5603727102279663,1.5700000524520874,0.0,1.6200000047683716,1.5499999523162842,1.5800000429153442,0.0,70474900
2024-02-05,1.5802500247955322,1.590000033378601,0.0,1.600000023841858,1.5499999523162842,1.5700000524520874,0.0,36840400
2024-02-06,1.6498206853866577,1.659999966621399,0.0,1.7000000476837158,1.590000033378601,1.590000033378601,0.0,90098900
2024-02-07,1.6995141506195068,1.7100000381469727,0.0,1.850000023841858,1.6799999475479126,1.7100000381469727,0.0,403117000
2024-02-08,1.6597594022750854,1.6699999570846558,0.0,1.7400000095367432,1.659999966621399,1.7300000190734863,0.0,89135700
2024-02-09,1.7094528675079346,1.7200000286102295,0.0,1.7899999618530273,1.6299999952316284,1.6699999570846558,0.0,116170400
2024-02-12,1.6696981191635132,1.6799999475479126,0.0,1.7200000286102295,1.6799999475479126,1.7200000286102295,0.0,49514300
2024-02-13,1.7392688989639282,1.75,0.0,1.75,1.7000000476837158,1.7000000476837158,0.0,108986200
2024-02-14,1.679636836051941,1.690000057220459,0.0,1.7899999618530273,1.6799999475479126,1.7799999713897705,0.0,217152400
2024-02-15,1.6498206853866577,1.659999966621399,0.0,1.7100000381469727,1.649999976158142,1.7000000476837158,0.0,79201200
2024-02-16,1.6001273393630981,1.6100000143051147,0.0,1.6799999475479126,1.6100000143051147,1.6699999570846558,0.0,67817000
2024-02-19,1.570311427116394,1.5800000429153442,0.0,1.6299999952316284,1.5800000429153442,1.6200000047683716,0.0,58212200
2024-02-20,1.520617961883545,1.5299999713897705,0.0,1.590000033378601,1.5199999809265137,1.5800000429153442,0.0,60627400
2024-02-21,1.5404952764511108,1.5499999523162842,0.0,1.590000033378601,1.5199999809265137,1.5299999713897705,0.0,110059100
2024-02-22,1.5603727102279663,1.5700000524520874,0.0,1.5800000429153442,1.5299999713897705,1.559999942779541,0.0,40649200
2024-02-23,1.530556559562683,1.5399999618530273,0.0,1.5800000429153442,1.5399999618530273,1.5700000524520874,0.0,17768400
2024-02-27,1.4510471820831299,1.4600000381469727,0.0,1.5499999523162842,1.4600000381469727,1.5399999618530273,0.0,96825500
2024-02-28,1.4411085844039917,1.4500000476837158,0.0,1.4800000190734863,1.440000057220459,1.4500000476837158,0.0,55323900
2024-02-29,1.4212311506271362,1.4299999475479126,0.0,1.4700000286102295,1.4199999570846558,1.4500000476837158,0.0,31589200
2024-03-01,1.4112924337387085,1.4199999570846558,0.0,1.4500000476837158,1.409999966621399,1.4299999475479126,0.0,25161200
2024-03-04,1.3914151191711426,1.399999976158142,0.0,1.440000057220459,1.399999976158142,1.4299999475479126,0.0,25431900
2024-03-05,1.4013537168502808,1.409999966621399,0.0,1.4299999475479126,1.3700000047683716,1.399999976158142,0.0,45340300
2024-03-06,1.4510471820831299,1.4600000381469727,0.0,1.4800000190734863,1.399999976158142,1.399999976158142,0.0,35969800
2024-03-07,1.4808632135391235,1.4900000095367432,0.0,1.5099999904632568,1.4700000286102295,1.4900000095367432,0.0,42073100
2024-03-08,1.4808632135391235,1.4900000095367432,0.0,1.5,1.4800000190734863,1.4900000095367432,0.0,44100600
2024-03-11,1.4411085844039917,1.4500000476837158,0.0,1.4900000095367432,1.440000057220459,1.4800000190734863,0.0,63792100
2024-03-12,1.4411085844039917,1.4500000476837158,0.0,1.4500000476837158,1.4500000476837158,1.4500000476837158,0.0,0
2024-03-13,1.6001273393630981,1.6100000143051147,0.0,1.690000057220459,1.409999966621399,1.440000057220459,0.0,552613400
2024-03-14,1.7094528675079346,1.7200000286102295,0.0,1.7599999904632568,1.600000023841858,1.6200000047683716,0.0,535776900
2024-03-15,1.7094528675079346,1.7200000286102295,0.0,1.7200000286102295,1.7200000286102295,1.7200000286102295,0.0,0
2024-03-18,1.6995141506195068,1.7100000381469727,0.0,1.7400000095367432,1.6699999570846558,1.7100000381469727,0.0,149703300
2024-03-19,1.6200047731399536,1.6299999952316284,0.0,1.7899999618530273,1.6299999952316284,1.7200000286102295,0.0,406233400
2024-03-20,1.6001273393630981,1.6100000143051147,0.0,1.649999976158142,1.590000033378601,1.6200000047683716,0.0,81859900
2024-03-21,1.6597594022750854,1.6699999570846558,0.0,1.6799999475479126,1.6200000047683716,1.6299999952316284,0.0,143699600
2024-03-22,1.6597594022750854,1.6699999570846558,0.0,1.6699999570846558,1.6699999570846558,1.6699999570846558,0.0,0
2024-03-25,1.6299433708190918,1.6399999856948853,0.0,1.6799999475479126,1.6200000047683716,1.6299999952316284,0.0,86861800
2024-03-26,1.6299433708190918,1.6399999856948853,0.0,1.6399999856948853,1.6399999856948853,1.6399999856948853,0.0,0
2024-03-27,1.7193915843963623,1.7300000190734863,0.0,1.7599999904632568,1.6699999570846558,1.6799999475479126,0.0,226033600
2024-03-28,1.6597594022750854,1.6699999570846558,0.0,1.7400000095367432,1.6699999570846558,1.7400000095367432,0.0,80130700
2024-03-29,1.6597594022750854,1.6699999570846558,0.0,1.7100000381469727,1.649999976158142,1.6799999475479126,0.0,47840800
2024-04-01,1.6895755529403687,1.7000000476837158,0.0,1.7300000190734863,1.6799999475479126,1.6799999475479126,0.0,61963600
2024-04-02,1.679636836051941,1.690000057220459,0.0,1.7100000381469727,1.6699999570846558,1.7000000476837158,0.0,43077000
2024-04-03,1.6498206853866577,1.659999966621399,0.0,1.6799999475479126,1.649999976158142,1.6799999475479126,0.0,68325100
2024-04-04,1.6498206853866577,1.659999966621399,0.0,1.659999966621399,1.659999966621399,1.659999966621399,0.0,0
2024-04-05,1.6398820877075195,1.649999976158142,0.0,1.659999966621399,1.6200000047683716,1.6200000047683716,0.0,45720400
2024-04-09,1.6398820877075195,1.649999976158142,0.0,1.649999976158142,1.649999976158142,1.649999976158142,0.0,0
2024-04-10,1.7492074966430664,1.7599999904632568,0.0,1.7599999904632568,1.7000000476837158,1.7000000476837158,0.0,106031600
2024-04-11,1.7293301820755005,1.7400000095367432,0.0,1.7699999809265137,1.7200000286102295,1.75,0.0,77108100
2024-04-17,1.6995141506195068,1.7100000381469727,0.0,1.7300000190734863,1.690000057220459,1.7200000286102295,0.0,92357700
2024-04-18,1.6995141506195068,1.7100000381469727,0.0,1.7100000381469727,1.7100000381469727,1.7100000381469727,0.0,0
2024-04-19,1.6995141506195068,1.7100000381469727,0.0,1.7100000381469727,1.7100000381469727,1.7100000381469727,0.0,0
2024-04-22,1.550433874130249,1.559999942779541,0.0,1.5800000429153442,1.5499999523162842,1.5700000524520874,0.0,44212500
2024-04-23,1.6696981191635132,1.6799999475479126,0.0,1.7000000476837158,1.5700000524520874,1.5700000524520874,0.0,153084600
2024-04-24,1.6696981191635132,1.6799999475479126,0.0,1.6799999475479126,1.6799999475479126,1.6799999475479126,0.0,0
2024-04-25,1.6498206853866577,1.659999966621399,0.0,1.6799999475479126,1.649999976158142,1.6699999570846558,0.0,22892400
2024-04-26,1.6200047731399536,1.6299999952316284,0.0,1.6799999475479126,1.6299999952316284,1.659999966621399,0.0,50174500
2024-04-29,1.6398820877075195,1.649999976158142,0.0,1.659999966621399,1.6299999952316284,1.6399999856948853,0.0,30255300
2024-04-30,1.6995141506195068,1.7100000381469727,0.0,1.7400000095367432,1.6399999856948853,1.649999976158142,0.0,118663800
2024-05-02,1.6995141506195068,1.7100000381469727,0.0,1.7100000381469727,1.7100000381469727,1.7100000381469727,0.0,0
2024-05-03,1.7591462135314941,1.7699999809265137,0.0,1.8600000143051147,1.75,1.7999999523162842,0.0,298414200
2024-05-07,1.7591462135314941,1.7699999809265137,0.0,1.7699999809265137,1.7699999809265137,1.7699999809265137,0.0,0
2024-05-08,1.7591462135314941,1.7699999809265137,0.0,1.7899999618530273,1.7599999904632568,1.7899999618530273,0.0,50125400
2024-05-09,1.6398820877075195,1.649999976158142,0.0,1.7799999713897705,1.649999976158142,1.7699999809265137,0.0,142258900
2024-05-10,1.6498206853866577,1.659999966621399,0.0,1.6799999475479126,1.6399999856948853,1.659999966621399,0.0,39558900
2024-05-13,1.6299433708190918,1.6399999856948853,0.0,1.6699999570846558,1.600000023841858,1.659999966621399,0.0,69835600
2024-05-14,1.6200047731399536,1.6299999952316284,0.0,1.6699999570846558,1.6299999952316284,1.649999976158142,0.0,49512400
2024-05-15,1.6001273393630981,1.6100000143051147,0.0,1.6299999952316284,1.600000023841858,1.6299999952316284,0.0,26362900
2024-05-16,1.6001273393630981,1.6100000143051147,0.0,1.6100000143051147,1.6100000143051147,1.6100000143051147,0.0,0
2024-05-17,1.6498206853866577,1.659999966621399,0.0,1.6699999570846558,1.6399999856948853,1.6399999856948853,0.0,39653400
2024-05-20,1.6498206853866577,1.659999966621399,0.0,1.659999966621399,1.659999966621399,1.659999966621399,0.0,0
2024-05-21,1.6498206853866577,1.659999966621399,0.0,1.659999966621399,1.6399999856948853,1.649999976158142,0.0,18278200
2024-05-23,1.59018874168396,1.600000023841858,0.0,1.649999976158142,1.5800000429153442,1.649999976158142,0.0,63524200
2024-05-24,1.59018874168396,1.600000023841858,0.0,1.600000023841858,1.5800000429153442,1.590000033378601,0.0,4476400
2024-05-27,1.59018874168396,1.600000023841858,0.0,1.600000023841858,1.600000023841858,1.600000023841858,0.0,0
2024-05-28,1.59018874168396,1.600000023841858,0.0,1.659999966621399,1.600000023841858,1.6200000047683716,0.0,92680800
2024-05-29,1.5802500247955322,1.590000033378601,0.0,1.6200000047683716,1.590000033378601,1.6100000143051147,0.0,18867000
2024-05-30,1.570311427116394,1.5800000429153442,0.0,1.590000033378601,1.5499999523162842,1.590000033378601,0.0,45991100
2024-05-31,1.570311427116394,1.5800000429153442,0.0,1.5800000429153442,1.5800000429153442,1.5800000429153442,0.0,0
2024-06-04,1.431169867515564,1.440000057220459,0.0,1.5299999713897705,1.3899999856948853,1.5099999904632568,0.0,91236800
2024-06-05,1.4510471820831299,1.4600000381469727,0.0,1.5099999904632568,1.440000057220459,1.4500000476837158,0.0,95399900
2024-06-06,1.4013537168502808,1.409999966621399,0.0,1.4600000381469727,1.409999966621399,1.4600000381469727,0.0,43877100
2024-06-07,1.3814764022827148,1.3899999856948853,0.0,1.440000057220459,1.3799999952316284,1.409999966621399,0.0,48016600
2024-06-10,1.361599087715149,1.3700000047683716,0.0,1.3899999856948853,1.3300000429153442,1.3899999856948853,0.0,61629500
2024-06-11,1.3914151191711426,1.399999976158142,0.0,1.4199999570846558,1.3700000047683716,1.3700000047683716,0.0,76899200
2024-06-12,1.3119057416915894,1.3200000524520874,0.0,1.399999976158142,1.309999942779541,1.399999976158142,0.0,68472700
2024-06-13,1.301966905593872,1.309999942779541,0.0,1.3600000143051147,1.2899999618530273,1.3300000429153442,0.0,61793400
2024-06-14,1.2721508741378784,1.2799999713897705,0.0,1.309999942779541,1.2799999713897705,1.2999999523162842,0.0,29388400
2024-06-17,1.2721508741378784,1.2799999713897705,0.0,1.2799999713897705,1.2799999713897705,1.2799999713897705,0.0,0
2024-06-18,1.2721508741378784,1.2799999713897705,0.0,1.2799999713897705,1.2799999713897705,1.2799999713897705,0.0,0
2024-06-19,1.2721508741378784,1.2799999713897705,0.0,1.2799999713897705,1.2799999713897705,1.2799999713897705,0.0,0
2024-06-20,1.2522735595703125,1.2599999904632568,0.0,1.2899999618530273,1.25,1.2899999618530273,0.0,57056700
2024-06-21,1.2721508741378784,1.2799999713897705,0.0,1.2999999523162842,1.2200000286102295,1.2599999904632568,0.0,96155000
2024-06-24,1.2721508741378784,1.2799999713897705,0.0,1.2799999713897705,1.2799999713897705,1.2799999713897705,0.0,0
2024-06-25,1.2721508741378784,1.2799999713897705,0.0,1.2799999713897705,1.2799999713897705,1.2799999713897705,0.0,0
2024-06-26,1.2721508741378784,1.2799999713897705,0.0,1.2799999713897705,1.2799999713897705,1.2799999713897705,0.0,0
2024-06-27,1.4510471820831299,1.4600000381469727,0.0,1.4600000381469727,1.350000023841858,1.350000023841858,0.0,167723300
2024-06-28,1.4808632135391235,1.4900000095367432,0.0,1.5199999809265137,1.4500000476837158,1.4600000381469727,0.0,112335000
2024-07-01,1.5404952764511108,1.5499999523162842,0.0,1.559999942779541,1.4800000190734863,1.5,0.0,98847600
2024-07-02,1.530556559562683,1.5399999618530273,0.0,1.5700000524520874,1.5,1.5499999523162842,0.0,89686800
2024-07-03,1.530556559562683,1.5399999618530273,0.0,1.5499999523162842,1.5,1.5199999809265137,0.0,41843200
2024-07-04,1.5603727102279663,1.5700000524520874,0.0,1.590000033378601,1.5399999618530273,1.5399999618530273,0.0,21152300
2024-07-05,1.6299433708190918,1.6399999856948853,0.0,1.6699999570846558,1.5499999523162842,1.559999942779541,0.0,81214400
2024-07-08,1.8088396787643433,1.8200000524520874,0.0,1.840000033378601,1.649999976158142,1.649999976158142,0.0,215140400
2024-07-09,1.8088396787643433,1.8200000524520874,0.0,1.8200000524520874,1.8200000524520874,1.8200000524520874,0.0,0
2024-07-10,1.679636836051941,1.690000057220459,0.0,1.8600000143051147,1.659999966621399,1.840000033378601,0.0,189225600
2024-07-11,1.7094528675079346,1.7200000286102295,0.0,1.7300000190734863,1.6799999475479126,1.7000000476837158,0.0,49314000
2024-07-12,1.7094528675079346,1.7200000286102295,0.0,1.7200000286102295,1.7200000286102295,1.7200000286102295,0.0,0
2024-07-15,1.7094528675079346,1.7200000286102295,0.0,1.7200000286102295,1.7200000286102295,1.7200000286102295,0.0,0
2024-07-16,1.6100660562515259,1.6200000047683716,0.0,1.6699999570846558,1.5700000524520874,1.659999966621399,0.0,63338200
2024-07-17,1.6100660562515259,1.6200000047683716,0.0,1.6200000047683716,1.6200000047683716,1.6200000047683716,0.0,0
2024-07-18,1.59018874168396,1.600000023841858,0.0,1.6100000143051147,1.5700000524520874,1.5700000524520874,0.0,23842000
2024-07-19,1.550433874130249,1.559999942779541,0.0,1.600000023841858,1.559999942779541,1.590000033378601,0.0,23405500
2024-07-23,1.4908019304275513,1.5,0.0,1.5700000524520874,1.5,1.5399999618530273,0.0,37780000
2024-07-24,1.520617961883545,1.5299999713897705,0.0,1.5700000524520874,1.5099999904632568,1.5099999904632568,0.0,37031200
2024-07-25,1.4908019304275513,1.5,0.0,1.5399999618530273,1.4900000095367432,1.5099999904632568,0.0,16255600
2024-07-26,1.550433874130249,1.559999942779541,0.0,1.5700000524520874,1.5,1.5,0.0,58120100
2024-07-30,1.550433874130249,1.559999942779541,0.0,1.559999942779541,1.559999942779541,1.559999942779541,0.0,0
2024-07-31,1.6200047731399536,1.6299999952316284,0.0,1.659999966621399,1.6100000143051147,1.6299999952316284,0.0,46588500
2024-08-01,1.8088396787643433,1.8200000524520874,0.0,1.840000033378601,1.6399999856948853,1.6399999856948853,0.0,250730800
2024-08-02,1.8088396787643433,1.8200000524520874,0.0,1.8200000524520874,1.8200000524520874,1.8200000524520874,0.0,0
2024-08-05,1.77902352809906,1.7899999618530273,0.0,1.909999966621399,1.75,1.7999999523162842,0.0,451571700
2024-08-06,1.7293301820755005,1.7400000095367432,0.0,1.8300000429153442,1.7400000095367432,1.8200000524520874,0.0,151565200
2024-08-07,1.7293301820755005,1.7400000095367432,0.0,1.7899999618530273,1.690000057220459,1.7599999904632568,0.0,142931600
2024-08-08,1.7293301820755005,1.7400000095367432,0.0,1.7400000095367432,1.7400000095367432,1.7400000095367432,0.0,0
2024-08-09,1.7889622449874878,1.7999999523162842,0.0,1.8600000143051147,1.7799999713897705,1.850000023841858,0.0,154352800
2024-08-13,1.7889622449874878,1.7999999523162842,0.0,1.8300000429153442,1.7799999713897705,1.809999942779541,0.0,97881300
2024-08-14,1.6895755529403687,1.7000000476837158,0.0,1.9299999475479126,1.659999966621399,1.8200000524520874,0.0,479301000
2024-08-15,1.7392688989639282,1.75,0.0,1.75,1.649999976158142,1.649999976158142,0.0,106972600
2024-08-16,1.7392688989639282,1.75,0.0,1.7999999523162842,1.7300000190734863,1.7599999904632568,0.0,101836100
2024-08-19,1.7392688989639282,1.75,0.0,1.75,1.75,1.75,0.0,0
2024-08-20,2.1666321754455566,2.180000066757202,0.0,2.200000047683716,2.0,2.0,0.0,266521100
2024-08-21,2.1666321754455566,2.180000066757202,0.0,2.200000047683716,2.0399999618530273,2.1600000858306885,0.0,204097500
2024-08-22,2.1069998741149902,2.119999885559082,0.0,2.259999990463257,2.059999942779541,2.200000047683716,0.0,198564800
2024-08-23,2.2858963012695312,2.299999952316284,0.0,2.319999933242798,2.0999999046325684,2.119999885559082,0.0,238314300
2024-08-26,2.266018867492676,2.2799999713897705,0.0,2.3399999141693115,2.2200000286102295,2.2799999713897705,0.0,147863400
2024-08-27,2.365405797958374,2.380000114440918,0.0,2.4600000381469727,2.259999990463257,2.2799999713897705,0.0,283332700
2024-08-28,2.365405797958374,2.380000114440918,0.0,2.4200000762939453,2.299999952316284,2.359999895095825,0.0,154009400
2024-08-29,2.3852832317352295,2.4000000953674316,0.0,2.4000000953674316,2.319999933242798,2.359999895095825,0.0,129406300
2024-08-30,2.4250378608703613,2.440000057220459,0.0,2.5199999809265137,2.380000114440918,2.4200000762939453,0.0,261120700
2024-09-02,2.4449150562286377,2.4600000381469727,0.0,2.5,2.319999933242798,2.4600000381469727,0.0,168216100
2024-09-03,2.4449150562286377,2.4600000381469727,0.0,2.4600000381469727,2.4600000381469727,2.4600000381469727,0.0,0
2024-09-04,2.4449150562286377,2.4600000381469727,0.0,2.4600000381469727,2.4600000381469727,2.4600000381469727,0.0,0
2024-09-05,2.683443546295166,2.700000047683716,0.0,2.7200000286102295,2.619999885559082,2.6600000858306885,0.0,146189300
2024-09-06,2.603933811187744,2.619999885559082,0.0,2.740000009536743,2.619999885559082,2.7200000286102295,0.0,186906200
2024-09-09,2.603933811187744,2.619999885559082,0.0,2.619999885559082,2.619999885559082,2.619999885559082,0.0,0
2024-09-10,2.683443546295166,2.700000047683716,0.0,2.759999990463257,2.6600000858306885,2.680000066757202,0.0,138884000
2024-09-11,2.6635661125183105,2.680000066757202,0.0,2.740000009536743,2.5799999237060547,2.680000066757202,0.0,162323100
2024-09-12,2.683443546295166,2.700000047683716,0.0,2.759999990463257,2.680000066757202,2.7200000286102295,0.0,72352500
2024-09-13,2.862339735031128,2.880000114440918,0.0,2.9000000953674316,2.7200000286102295,2.7200000286102295,0.0,217313200
2024-09-16,2.822584867477417,2.8399999141693115,0.0,2.9000000953674316,2.7200000286102295,2.880000114440918,0.0,284287400
2024-09-17,2.8027074337005615,2.819999933242798,0.0,2.880000114440918,2.759999990463257,2.8399999141693115,0.0,85966700
2024-09-18,2.743075370788574,2.759999990463257,0.0,2.8399999141693115,2.740000009536743,2.819999933242798,0.0,90096400
2024-09-19,2.822584867477417,2.8399999141693115,0.0,2.880000114440918,2.759999990463257,2.7799999713897705,0.0,107592000
2024-09-20,2.822584867477417,2.8399999141693115,0.0,2.8399999141693115,2.8399999141693115,2.8399999141693115,0.0,0
2024-09-23,2.862339735031128,2.880000114440918,0.0,3.0,2.859999895095825,2.9600000381469727,0.0,119587700
2024-09-24,2.8822171688079834,2.9000000953674316,0.0,2.9800000190734863,2.819999933242798,2.9000000953674316,0.0,167743400
2024-09-25,2.365405797958374,2.380000114440918,0.0,2.9000000953674316,2.240000009536743,2.880000114440918,0.0,423152800
2024-09-26,2.4250378608703613,2.440000057220459,0.0,2.559999942779541,2.299999952316284,2.299999952316284,0.0,463384300
2024-09-27,2.4250378608703613,2.440000057220459,0.0,2.440000057220459,2.440000057220459,2.440000057220459,0.0,0
2024-09-30,2.603933811187744,2.619999885559082,0.0,2.640000104904175,2.4000000953674316,2.4000000953674316,0.0,292623700
2024-10-01,2.5840566158294678,2.5999999046325684,0.0,2.6600000858306885,2.5399999618530273,2.640000104904175,0.0,140705400
2024-10-02,2.504547119140625,2.5199999809265137,0.0,2.700000047683716,2.4800000190734863,2.5999999046325684,0.0,278073200
2024-10-03,2.4250378608703613,2.440000057220459,0.0,2.5399999618530273,2.4000000953674316,2.5399999618530273,0.0,126316400
2024-10-04,2.544301748275757,2.559999942779541,0.0,2.5999999046325684,2.4200000762939453,2.440000057220459,0.0,154223700
2024-10-07,2.643688678741455,2.6600000858306885,0.0,2.6600000858306885,2.5199999809265137,2.5399999618530273,0.0,76587600
2024-10-08,2.8424623012542725,2.859999895095825,0.0,2.9000000953674316,2.619999885559082,2.640000104904175,0.0,255453400
2024-10-09,2.822584867477417,2.8399999141693115,0.0,2.9000000953674316,2.799999952316284,2.880000114440918,0.0,88316800
2024-10-10,2.8822171688079834,2.9000000953674316,0.0,2.940000057220459,2.819999933242798,2.859999895095825,0.0,143869000
2024-10-11,2.8027074337005615,2.819999933242798,0.0,2.9000000953674316,2.819999933242798,2.9000000953674316,0.0,75495100
2024-10-15,2.683443546295166,2.700000047683716,0.0,2.859999895095825,2.619999885559082,2.8399999141693115,0.0,148748700
2024-10-16,2.683443546295166,2.700000047683716,0.0,2.700000047683716,2.700000047683716,2.700000047683716,0.0,0
2024-10-17,2.9219717979431152,2.940000057220459,0.0,3.0399999618530273,2.7200000286102295,2.7200000286102295,0.0,435336800
2024-10-18,2.743075370788574,2.759999990463257,0.0,2.9600000381469727,2.640000104904175,2.9200000762939453,0.0,302139700
2024-10-21,2.723198175430298,2.740000009536743,0.0,2.759999990463257,2.6600000858306885,2.7200000286102295,0.0,75964800
2024-10-22,2.723198175430298,2.740000009536743,0.0,2.740000009536743,2.740000009536743,2.740000009536743,0.0,0
2024-10-24,2.683443546295166,2.700000047683716,0.0,2.799999952316284,2.680000066757202,2.700000047683716,0.0,85318400
2024-10-25,2.683443546295166,2.700000047683716,0.0,2.759999990463257,2.6600000858306885,2.7200000286102295,0.0,77204100
2024-10-28,2.782830238342285,2.799999952316284,0.0,2.819999933242798,2.700000047683716,2.7200000286102295,0.0,130370700
2024-10-29,2.723198175430298,2.740000009536743,0.0,2.819999933242798,2.700000047683716,2.799999952316284,0.0,76888500
2024-10-30,2.743075370788574,2.759999990463257,0.0,2.819999933242798,2.740000009536743,2.759999990463257,0.0,67680800
2024-10-31,2.8027074337005615,2.819999933242798,0.0,2.859999895095825,2.759999990463257,2.7799999713897705,0.0,104321900
2024-11-01,2.743075370788574,2.759999990463257,0.0,2.8399999141693115,2.759999990463257,2.819999933242798,0.0,59982100
2024-11-04,2.683443546295166,2.700000047683716,0.0,2.880000114440918,2.680000066757202,2.7799999713897705,0.0,138426200
2024-11-05,2.7033207416534424,2.7200000286102295,0.0,2.7200000286102295,2.6600000858306885,2.700000047683716,0.0,54992600
2024-11-06,2.4846699237823486,2.5,0.0,2.759999990463257,2.380000114440918,2.7200000286102295,0.0,248863100
2024-11-07,2.5244245529174805,2.5399999618530273,0.0,2.5799999237060547,2.440000057220459,2.5,0.0,115175000
2024-11-08,2.5244245529174805,2.5399999618530273,0.0,2.5799999237060547,2.4800000190734863,2.559999942779541,0.0,73000000
2024-11-11,2.504547119140625,2.5199999809265137,0.0,2.5399999618530273,2.4800000190734863,2.5,0.0,43446700
2024-11-12,2.325650930404663,2.3399999141693115,0.0,2.5199999809265137,2.259999990463257,2.5199999809265137,0.0,189072200
2024-11-13,2.3852832317352295,2.4000000953674316,0.0,2.4200000762939453,2.319999933242798,2.3399999141693115,0.0,66431300
2024-11-14,2.544301748275757,2.559999942779541,0.0,2.559999942779541,2.359999895095825,2.4000000953674316,0.0,94663300
2024-11-15,2.3455281257629395,2.359999895095825,0.0,2.5399999618530273,2.359999895095825,2.5399999618530273,0.0,107473000
2024-11-18,2.4250378608703613,2.440000057220459,0.0,2.440000057220459,2.299999952316284,2.299999952316284,0.0,54741800
2024-11-19,2.405160427093506,2.4200000762939453,0.0,2.4800000190734863,2.4000000953674316,2.440000057220459,0.0,36446800
2024-11-20,2.3852832317352295,2.4000000953674316,0.0,2.440000057220459,2.359999895095825,2.4200000762939453,0.0,25105900
2024-11-21,2.4250378608703613,2.440000057220459,0.0,2.4800000190734863,2.4000000953674316,2.4000000953674316,0.0,49498400
2024-11-22,2.6238114833831787,2.640000104904175,0.0,2.640000104904175,2.4000000953674316,2.440000057220459,0.0,189848800
2024-11-25,2.5840566158294678,2.5999999046325684,0.0,2.680000066757202,2.559999942779541,2.6600000858306885,0.0,97298800
2024-11-26,2.7033207416534424,2.7200000286102295,0.0,2.759999990463257,2.5999999046325684,2.5999999046325684,0.0,108485400
2024-11-27,2.7033207416534424,2.7200000286102295,0.0,2.7799999713897705,2.640000104904175,2.7200000286102295,0.0,129936500
2024-11-28,2.8027074337005615,2.819999933242798,0.0,2.819999933242798,2.7200000286102295,2.7200000286102295,0.0,118868900
2024-11-29,2.8027074337005615,2.819999933242798,0.0,2.859999895095825,2.7799999713897705,2.799999952316284,0.0,86114100
2024-12-02,2.7629528045654297,2.7799999713897705,0.0,2.8399999141693115,2.740000009536743,2.8399999141693115,0.0,83123000
2024-12-03,2.9020943641662598,2.9200000762939453,0.0,2.9800000190734863,2.740000009536743,2.7799999713897705,0.0,176150500
2024-12-04,2.862339735031128,2.880000114440918,0.0,2.9200000762939453,2.819999933242798,2.9200000762939453,0.0,92606300
2024-12-06,2.862339735031128,2.880000114440918,0.0,2.9200000762939453,2.819999933242798,2.880000114440918,0.0,65060800
2024-12-09,2.782830238342285,2.799999952316284,0.0,2.859999895095825,2.740000009536743,2.8399999141693115,0.0,283860600
2024-12-11,2.8424623012542725,2.859999895095825,0.0,2.9600000381469727,2.799999952316284,2.8399999141693115,0.0,175463200
2024-12-12,2.782830238342285,2.799999952316284,0.0,2.9000000953674316,2.7799999713897705,2.880000114440918,0.0,72295200
2024-12-13,2.9020943641662598,2.9200000762939453,0.0,3.140000104904175,2.759999990463257,2.7799999713897705,0.0,307046400
2024-12-16,3.1605000495910645,3.180000066757202,0.0,3.200000047683716,2.880000114440918,2.940000057220459,0.0,371064800
2024-12-17,3.18037748336792,3.200000047683716,0.0,3.319999933242798,3.119999885559082,3.119999885559082,0.0,324716900
2024-12-18,3.2996413707733154,3.319999933242798,0.0,3.319999933242798,3.0999999046325684,3.180000066757202,0.0,182560500
2024-12-19,3.2400095462799072,3.259999990463257,0.0,3.299999952316284,3.119999885559082,3.2200000286102295,0.0,132958500
2024-12-20,3.1207454204559326,3.140000104904175,0.0,3.299999952316284,3.119999885559082,3.259999990463257,0.0,96791200
2024-12-23,3.18037748336792,3.200000047683716,0.0,3.259999990463257,3.119999885559082,3.200000047683716,0.0,67045500
2024-12-24,3.359273672103882,3.380000114440918,0.0,3.4000000953674316,3.200000047683716,3.200000047683716,0.0,154041400
2024-12-25,3.3791511058807373,3.4000000953674316,0.0,3.440000057220459,3.359999895095825,3.4000000953674316,0.0,91612800
2024-12-26,3.2996413707733154,3.319999933242798,0.0,3.4000000953674316,3.2799999713897705,3.4000000953674316,0.0,50611800
2024-12-27,3.4387831687927246,3.4600000381469727,0.0,3.4800000190734863,3.3399999141693115,3.3399999141693115,0.0,71950800
2024-12-30,3.5381698608398438,3.559999942779541,0.0,3.5799999237060547,3.440000057220459,3.440000057220459,0.0,78454600
2025-01-02,3.5381698608398438,3.559999942779541,0.0,3.680000066757202,3.4200000762939453,3.5799999237060547,0.0,248466600
2025-01-03,3.418905735015869,3.440000057220459,0.0,3.619999885559082,3.380000114440918,3.5799999237060547,0.0,178150100
2025-01-06,3.4387831687927246,3.4600000381469727,0.0,3.5199999809265137,3.4000000953674316,3.440000057220459,0.0,62507500
2025-01-07,3.55804705619812,3.5799999237060547,0.0,3.5799999237060547,3.4200000762939453,3.4600000381469727,0.0,113007800
2025-01-08,3.4785377979278564,3.5,0.0,3.619999885559082,3.4800000190734863,3.5799999237060547,0.0,58593100
2025-01-09,3.2201321125030518,3.240000009536743,0.0,3.5199999809265137,3.1600000858306885,3.4800000190734863,0.0,268891700
2025-01-10,3.319518804550171,3.3399999141693115,0.0,3.359999895095825,3.2200000286102295,3.240000009536743,0.0,81706000
2025-01-13,3.418905735015869,3.440000057220459,0.0,3.4600000381469727,3.1600000858306885,3.2200000286102295,0.0,254137700
2025-01-14,3.1207454204559326,3.140000104904175,0.0,3.4800000190734863,3.140000104904175,3.4800000190734863,0.0,205462600
2025-01-15,3.2201321125030518,3.240000009536743,0.0,3.259999990463257,3.0999999046325684,3.119999885559082,0.0,111582200
2025-01-16,3.18037748336792,3.200000047683716,0.0,3.2799999713897705,3.140000104904175,3.259999990463257,0.0,75947500
2025-01-17,3.001481056213379,3.0199999809265137,0.0,3.2799999713897705,2.9800000190734863,3.180000066757202,0.0,184978400
2025-01-20,3.140622854232788,3.1600000858306885,0.0,3.1600000858306885,3.0,3.0,0.0,90305800
2025-01-21,3.2002546787261963,3.2200000286102295,0.0,3.240000009536743,3.0999999046325684,3.180000066757202,0.0,107418100
2025-01-22,3.2996413707733154,3.319999933242798,0.0,3.319999933242798,3.180000066757202,3.200000047683716,0.0,89095800
2025-01-23,3.2598867416381836,3.2799999713897705,0.0,3.3399999141693115,3.259999990463257,3.319999933242798,0.0,56089000
2025-01-24,3.3990283012390137,3.4200000762939453,0.0,3.4600000381469727,3.2799999713897705,3.319999933242798,0.0,107225900
2025-01-27,3.2996413707733154,3.319999933242798,0.0,3.440000057220459,3.319999933242798,3.380000114440918,0.0,75134800
2025-01-28,3.2201321125030518,3.240000009536743,0.0,3.4000000953674316,3.240000009536743,3.319999933242798,0.0,98543500
2025-01-29,3.140622854232788,3.1600000858306885,0.0,3.2799999713897705,3.1600000858306885,3.2200000286102295,0.0,106207400
2025-01-30,3.1207454204559326,3.140000104904175,0.0,3.200000047683716,3.0399999618530273,3.119999885559082,0.0,83014900
2025-01-31,3.0213584899902344,3.0399999618530273,0.0,3.180000066757202,3.0199999809265137,3.1600000858306885,0.0,87081400
2025-02-03,3.100867748260498,3.119999885559082,0.0,3.140000104904175,2.8399999141693115,2.880000114440918,0.0,125014200
2025-02-04,3.061113119125366,3.0799999237060547,0.0,3.1600000858306885,3.0199999809265137,3.140000104904175,0.0,156833100
2025-02-05,3.0809905529022217,3.0999999046325684,0.0,3.140000104904175,3.0799999237060547,3.0999999046325684,0.0,58688100
2025-02-06,2.9816038608551025,3.0,0.0,3.1600000858306885,2.9800000190734863,3.119999885559082,0.0,99400700
2025-02-07,2.9219717979431152,2.940000057220459,0.0,3.0399999618530273,2.740000009536743,3.0199999809265137,0.0,207053300
2025-02-10,2.9020943641662598,2.9200000762939453,0.0,3.0,2.859999895095825,2.9600000381469727,0.0,80499600
2025-02-11,3.061113119125366,3.0799999237060547,0.0,3.0999999046325684,2.9200000762939453,2.940000057220459,0.0,68961400
2025-02-13,2.862339735031128,2.880000114440918,0.0,3.0999999046325684,2.880000114440918,3.059999942779541,0.0,100083400
2025-02-14,2.862339735031128,2.880000114440918,0.0,3.0399999618530273,2.859999895095825,3.0199999809265137,0.0,91108200
2025-02-17,3.2201321125030518,3.240000009536743,0.0,3.259999990463257,2.819999933242798,2.8399999141693115,0.0,244982200
2025-02-18,3.061113119125366,3.0799999237060547,0.0,3.2200000286102295,3.059999942779541,3.2200000286102295,0.0,150755100
2025-02-19,3.2201321125030518,3.240000009536743,0.0,3.240000009536743,3.0399999618530273,3.0799999237060547,0.0,158472200
2025-02-20,3.140622854232788,3.1600000858306885,0.0,3.440000057220459,3.119999885559082,3.2799999713897705,0.0,378423600
2025-02-21,3.18037748336792,3.200000047683716,0.0,3.259999990463257,3.119999885559082,3.200000047683716,0.0,133466300
2025-02-24,3.2598867416381836,3.2799999713897705,0.0,3.299999952316284,3.180000066757202,3.180000066757202,0.0,127968100
2025-02-25,2.9020943641662598,2.9200000762939453,0.0,3.259999990463257,2.880000114440918,3.240000009536743,0.0,248401500
2025-02-26,3.0809905529022217,3.0999999046325684,0.0,3.119999885559082,2.9600000381469727,2.9800000190734863,0.0,153967800
2025-02-27,2.961726427078247,2.9800000190734863,0.0,3.119999885559082,2.9200000762939453,3.0999999046325684,0.0,111607600
2025-02-28,3.0809905529022217,3.0999999046325684,0.0,3.0999999046325684,2.859999895095825,2.9200000762939453,0.0,128995400
2025-03-03,3.1207454204559326,3.140000104904175,0.0,3.1600000858306885,3.059999942779541,3.059999942779541,0.0,134291000
2025-03-04,3.2400095462799072,3.259999990463257,0.0,3.319999933242798,3.0999999046325684,3.0999999046325684,0.0,197884700
2025-03-05,3.2598867416381836,3.2799999713897705,0.0,3.380000114440918,3.259999990463257,3.2799999713897705,0.0,106782800
2025-03-06,3.2400095462799072,3.259999990463257,0.0,3.299999952316284,3.200000047683716,3.299999952316284,0.0,67818100
2025-03-07,3.2400095462799072,3.259999990463257,0.0,3.3399999141693115,3.2200000286102295,3.240000009536743,0.0,83205700
2025-03-10,3.2400095462799072,3.259999990463257,0.0,3.319999933242798,3.240000009536743,3.2799999713897705,0.0,89206200
2025-03-11,3.2002546787261963,3.2200000286102295,0.0,3.259999990463257,3.140000104904175,3.2200000286102295,0.0,107428400
2025-03-12,3.04123592376709,3.059999942779541,0.0,3.2200000286102295,3.059999942779541,3.200000047683716,0.0,85138300
2025-03-13,2.9816038608551025,3.0,0.0,3.119999885559082,3.0,3.0999999046325684,0.0,70185100
2025-03-14,3.0809905529022217,3.0999999046325684,0.0,3.0999999046325684,2.9000000953674316,3.0199999809265137,0.0,113476200
2025-03-17,3.0809905529022217,3.0999999046325684,0.0,3.119999885559082,3.0199999809265137,3.119999885559082,0.0,67181100
2025-03-18,3.061113119125366,3.0799999237060547,0.0,3.180000066757202,3.0399999618530273,3.119999885559082,0.0,69132700
2025-03-19,3.1207454204559326,3.140000104904175,0.0,3.200000047683716,3.0799999237060547,3.0799999237060547,0.0,82448600
2025-03-20,3.140622854232788,3.1600000858306885,0.0,3.240000009536743,3.119999885559082,3.1600000858306885,0.0,93046300
2025-03-21,3.2201321125030518,3.240000009536743,0.0,3.259999990463257,3.0999999046325684,3.200000047683716,0.0,390063200
2025-03-24,3.1207454204559326,3.140000104904175,0.0,3.240000009536743,3.119999885559082,3.240000009536743,0.0,72854200
2025-03-25,3.0213584899902344,3.0399999618530273,0.0,3.140000104904175,3.0399999618530273,3.140000104904175,0.0,63350700
2025-03-26,3.1207454204559326,3.140000104904175,0.0,3.200000047683716,3.059999942779541,3.0799999237060547,0.0,88151100
2025-03-27,3.061113119125366,3.0799999237060547,0.0,3.240000009536743,3.0399999618530273,3.180000066757202,0.0,125575500
2025-03-28,3.061113119125366,3.0799999237060547,0.0,3.1600000858306885,3.059999942779541,3.0999999046325684,0.0,50452200
2025-03-31,2.961726427078247,2.9800000190734863,0.0,3.0799999237060547,2.940000057220459,3.0,0.0,98100600
2025-04-01,3.061113119125366,3.0799999237060547,0.0,3.0799999237060547,2.9600000381469727,3.0399999618530273,0.0,77335100
2025-04-02,3.04123592376709,3.059999942779541,0.0,3.140000104904175,3.0399999618530273,3.140000104904175,0.0,175818000
2025-04-03,2.9816038608551025,3.0,0.0,3.0399999618530273,2.9200000762939453,3.0199999809265137,0.0,106828300
2025-04-04,2.743075370788574,2.759999990463257,0.0,2.9600000381469727,2.680000066757202,2.940000057220459,0.0,260233200
2025-04-08,2.325650930404663,2.3399999141693115,0.0,2.5999999046325684,2.3399999141693115,2.5799999237060547,0.0,112197600
2025-04-09,2.1069998741149902,2.119999885559082,0.0,2.2200000286102295,1.9900000095367432,2.0999999046325684,0.0,452252600
2025-04-10,2.047367811203003,2.059999942779541,0.0,2.2799999713897705,1.9900000095367432,2.259999990463257,0.0,314360200
2025-04-11,2.087122678756714,2.0999999046325684,0.0,2.140000104904175,2.0,2.0399999618530273,0.0,148409900
2025-04-16,2.1069998741149902,2.119999885559082,0.0,2.180000066757202,2.0199999809265137,2.0399999618530273,0.0,113273800
2025-04-17,2.126877546310425,2.140000104904175,0.0,2.200000047683716,2.0799999237060547,2.0999999046325684,0.0,77458400
2025-04-18,2.186509609222412,2.200000047683716,0.0,2.240000009536743,2.119999885559082,2.1600000858306885,0.0,162844800
2025-04-21,2.146754741668701,2.1600000858306885,0.0,2.2799999713897705,2.1600000858306885,2.200000047683716,0.0,127637500
2025-04-22,2.2858963012695312,2.299999952316284,0.0,2.319999933242798,2.119999885559082,2.119999885559082,0.0,125448800
2025-04-23,2.226264238357544,2.240000009536743,0.0,2.359999895095825,2.240000009536743,2.319999933242798,0.0,92534700
2025-04-24,2.2461414337158203,2.259999990463257,0.0,2.319999933242798,2.200000047683716,2.240000009536743,0.0,69102500
2025-04-25,2.266018867492676,2.2799999713897705,0.0,2.319999933242798,2.259999990463257,2.2799999713897705,0.0,46540600
2025-04-28,2.2461414337158203,2.259999990463257,0.0,2.319999933242798,2.259999990463257,2.2799999713897705,0.0,44539500
2025-04-29,2.226264238357544,2.240000009536743,0.0,2.299999952316284,2.240000009536743,2.259999990463257,0.0,30773900
2025-04-30,2.266018867492676,2.2799999713897705,0.0,2.319999933242798,2.200000047683716,2.240000009536743,0.0,54831500
2025-05-02,2.226264238357544,2.240000009536743,0.0,2.299999952316284,2.200000047683716,2.259999990463257,0.0,76979900
2025-05-06,2.186509609222412,2.200000047683716,0.0,2.2799999713897705,2.200000047683716,2.240000009536743,0.0,29734800
2025-05-07,2.266018867492676,2.2799999713897705,0.0,2.299999952316284,2.200000047683716,2.2200000286102295,0.0,79783000
2025-05-08,2.2063868045806885,2.2200000286102295,0.0,2.319999933242798,2.2200000286102295,2.2799999713897705,0.0,49302600
2025-05-09,2.2063868045806885,2.2200000286102295,0.0,2.2799999713897705,2.200000047683716,2.259999990463257,0.0,62623000
2025-05-13,2.1666321754455566,2.180000066757202,0.0,2.259999990463257,2.119999885559082,2.2200000286102295,0.0,101065400
2025-05-14,2.186509609222412,2.200000047683716,0.0,2.259999990463257,2.180000066757202,2.200000047683716,0.0,59556200
2025-05-15,2.1666321754455566,2.180000066757202,0.0,2.2200000286102295,2.1600000858306885,2.200000047683716,0.0,62659100
2025-05-16,2.186509609222412,2.200000047683716,0.0,2.240000009536743,2.1600000858306885,2.200000047683716,0.0,18851500
2025-05-19,2.1666321754455566,2.180000066757202,0.0,2.200000047683716,2.0999999046325684,2.1600000858306885,0.0,26066300
2025-05-20,2.186509609222412,2.200000047683716,0.0,2.2799999713897705,2.180000066757202,2.180000066757202,0.0,54933800
2025-05-21,2.186509609222412,2.200000047683716,0.0,2.319999933242798,2.200000047683716,2.200000047683716,0.0,89467700
2025-05-22,2.2063868045806885,2.2200000286102295,0.0,2.2200000286102295,2.1600000858306885,2.180000066757202,0.0,49657500
2025-05-23,2.2063868045806885,2.2200000286102295,0.0,2.240000009536743,2.200000047683716,2.2200000286102295,0.0,20381700
2025-05-26,2.2063868045806885,2.2200000286102295,0.0,2.240000009536743,2.1600000858306885,2.2200000286102295,0.0,39490700
2025-05-27,2.186509609222412,2.200000047683716,0.0,2.240000009536743,2.1600000858306885,2.240000009536743,0.0,29170900
2025-05-28,2.226264238357544,2.240000009536743,0.0,2.259999990463257,2.200000047683716,2.200000047683716,0.0,15216900
2025-05-29,2.226264238357544,2.240000009536743,0.0,2.299999952316284,2.2200000286102295,2.259999990463257,0.0,42002200
2025-05-30,2.186509609222412,2.200000047683716,0.0,2.240000009536743,2.200000047683716,2.2200000286102295,0.0,14352000
2025-06-04,2.2461414337158203,2.259999990463257,0.0,2.259999990463257,2.1600000858306885,2.2200000286102295,0.0,60064800
2025-06-05,2.2461414337158203,2.259999990463257,0.0,2.3399999141693115,2.2200000286102295,2.259999990463257,0.0,77540700
2025-06-06,2.047367811203003,2.059999942779541,0.0,2.259999990463257,2.0399999618530273,2.259999990463257,0.0,116177900
2025-06-09,1.8784103393554688,1.8899999856948853,0.0,2.0999999046325684,1.8899999856948853,2.0999999046325684,0.0,119518000
2025-06-10,2.126877546310425,2.140000104904175,0.0,2.240000009536743,1.8600000143051147,1.8700000047683716,0.0,213560400
2025-06-11,2.186509609222412,2.200000047683716,0.0,2.240000009536743,2.140000104904175,2.140000104904175,0.0,87394000
2025-06-12,2.226264238357544,2.240000009536743,0.0,2.259999990463257,2.180000066757202,2.180000066757202,0.0,63479100
2025-06-13,2.2461414337158203,2.259999990463257,0.0,2.2799999713897705,2.180000066757202,2.200000047683716,0.0,55033000
2025-06-16,2.186509609222412,2.200000047683716,0.0,2.259999990463257,2.1600000858306885,2.2200000286102295,0.0,59426200
2025-06-17,2.2063868045806885,2.2200000286102295,0.0,2.259999990463257,2.2200000286102295,2.2200000286102295,0.0,13988600
2025-06-18,2.186509609222412,2.200000047683716,0.0,2.2799999713897705,2.180000066757202,2.2200000286102295,0.0,42641000
2025-06-19,1.9281038045883179,1.940000057220459,0.0,2.140000104904175,1.8899999856948853,2.119999885559082,0.0,114813000
2025-06-20,1.9777971506118774,1.9900000095367432,0.0,2.059999942779541,1.940000057220459,1.940000057220459,0.0,208722700
2025-06-23,2.007613182067871,2.0199999809265137,0.0,2.0399999618530273,1.909999966621399,1.9900000095367432,0.0,62531000
2025-06-24,2.1069998741149902,2.119999885559082,0.0,2.140000104904175,2.0199999809265137,2.059999942779541,0.0,50232900
2025-06-25,2.126877546310425,2.140000104904175,0.0,2.1600000858306885,2.0799999237060547,2.0999999046325684,0.0,37619000
2025-06-26,2.1069998741149902,2.119999885559082,0.0,2.180000066757202,2.0999999046325684,2.0999999046325684,0.0,25486400
2025-06-27,2.087122678756714,2.0999999046325684,0.0,2.140000104904175,2.0799999237060547,2.0999999046325684,0.0,42338800
2025-06-30,2.087122678756714,2.0999999046325684,0.0,2.140000104904175,2.059999942779541,2.140000104904175,0.0,21962300
2025-07-01,2.126877546310425,2.140000104904175,0.0,2.140000104904175,2.0799999237060547,2.0999999046325684,0.0,20124300
2025-07-02,2.1069998741149902,2.119999885559082,0.0,2.140000104904175,2.0999999046325684,2.119999885559082,0.0,10920900
2025-07-03,2.087122678756714,2.0999999046325684,0.0,2.140000104904175,2.0999999046325684,2.0999999046325684,0.0,15832400
2025-07-04,2.087122678756714,2.0999999046325684,0.0,2.140000104904175,2.0799999237060547,2.0999999046325684,0.0,42070000
2025-07-07,2.087122678756714,2.0999999046325684,0.0,2.119999885559082,2.0399999618530273,2.119999885559082,0.0,36827200
2025-07-08,2.087122678756714,2.0999999046325684,0.0,2.140000104904175,2.0799999237060547,2.0799999237060547,0.0,21729700
2025-07-09,2.047367811203003,2.059999942779541,0.0,2.119999885559082,2.0399999618530273,2.0999999046325684,0.0,39456500
2025-07-11,2.047367811203003,2.059999942779541,0.0,2.0799999237060547,2.0199999809265137,2.0799999237060547,0.0,38689100
2025-07-14,2.087122678756714,2.0999999046325684,0.0,2.119999885559082,2.0399999618530273,2.059999942779541,0.0,48194900
2025-07-15,2.0672452449798584,2.0799999237060547,0.0,2.0999999046325684,2.0199999809265137,2.0799999237060547,0.0,45754000
2025-07-16,2.0672452449798584,2.0799999237060547,0.0,2.0999999046325684,2.059999942779541,2.0799999237060547,0.0,28817200
2025-07-17,2.1069998741149902,2.119999885559082,0.0,2.140000104904175,2.0799999237060547,2.0799999237060547,0.0,40445500
2025-07-18,2.126877546310425,2.140000104904175,0.0,2.200000047683716,2.0999999046325684,2.0999999046325684,0.0,54246100
2025-07-21,2.126877546310425,2.140000104904175,0.0,2.180000066757202,2.119999885559082,2.140000104904175,0.0,24202500
2025-07-22,2.087122678756714,2.0999999046325684,0.0,2.180000066757202,2.0999999046325684,2.1600000858306885,0.0,38186500
2025-07-23,2.186509609222412,2.200000047683716,0.0,2.2200000286102295,2.119999885559082,2.140000104904175,0.0,47012800
2025-07-24,2.087122678756714,2.0999999046325684,0.0,2.180000066757202,2.0799999237060547,2.1600000858306885,0.0,34201000
2025-07-25,2.1069998741149902,2.119999885559082,0.0,2.140000104904175,2.0799999237060547,2.0799999237060547,0.0,27361900
2025-07-29,2.0799999237060547,2.0799999237060547,0.013,2.0999999046325684,2.0199999809265137,2.0799999237060547,0.0,58648100
2025-07-30,2.059999942779541,2.059999942779541,0.0,2.0999999046325684,2.0399999618530273,2.0999999046325684,0.0,18476700
2025-07-31,2.0999999046325684,2.0999999046325684,0.0,2.180000066757202,2.0199999809265137,2.0799999237060547,0.0,66510500
2025-08-01,2.0799999237060547,2.0799999237060547,0.0,2.140000104904175,2.0799999237060547,2.0999999046325684,0.0,49167000
2025-08-04,2.0799999237060547,2.0799999237060547,0.0,2.0999999046325684,2.0399999618530273,2.0999999046325684,0.0,66504500
2025-08-05,2.119999885559082,2.119999885559082,0.0,2.140000104904175,2.0799999237060547,2.0999999046325684,0.0,33268400
2025-08-06,2.119999885559082,2.119999885559082,0.0,2.1600000858306885,2.0799999237060547,2.119999885559082,0.0,58673700
2025-08-07,2.119999885559082,2.119999885559082,0.0,2.140000104904175,2.0999999046325684,2.119999885559082,0.0,38169500
2025-08-08,2.059999942779541,2.059999942779541,0.0,2.0999999046325684,2.0399999618530273,2.0999999046325684,0.0,56796600
2025-08-13,2.0799999237060547,2.0799999237060547,0.0,2.0999999046325684,2.059999942779541,2.0999999046325684,0.0,38762500
2025-08-14,2.059999942779541,2.059999942779541,0.0,2.0999999046325684,2.059999942779541,2.0799999237060547,0.0,28006500
2025-08-15,2.0399999618530273,2.0399999618530273,0.0,2.0799999237060547,2.0199999809265137,2.059999942779541,0.0,30380000
2025-08-18,2.0199999809265137,2.0199999809265137,0.0,2.059999942779541,1.9700000286102295,2.059999942779541,0.0,31366000
2025-08-19,2.0999999046325684,2.0999999046325684,0.0,2.140000104904175,2.0,2.0,0.0,70443200
2025-08-20,2.0999999046325684,2.0999999046325684,0.0,2.119999885559082,2.0399999618530273,2.0799999237060547,0.0,29442000
2025-08-21,2.059999942779541,2.059999942779541,0.0,2.140000104904175,2.059999942779541,2.119999885559082,0.0,35862700
2025-08-22,2.200000047683716,2.200000047683716,0.0,2.2799999713897705,2.0799999237060547,2.0999999046325684,0.0,70503600
2025-08-25,2.140000104904175,2.140000104904175,0.0,2.200000047683716,2.140000104904175,2.200000047683716,0.0,30788900
2025-08-26,2.0799999237060547,2.0799999237060547,0.0,2.140000104904175,2.059999942779541,2.119999885559082,0.0,38032000
2025-08-27,2.0799999237060547,2.0799999237060547,0.0,2.0999999046325684,2.059999942779541,2.0999999046325684,0.0,23410500
2025-08-28,2.119999885559082,2.119999885559082,0.0,2.140000104904175,2.059999942779541,2.059999942779541,0.0,27114100
2025-08-29,2.0999999046325684,2.0999999046325684,0.0,2.140000104904175,2.0799999237060547,2.0999999046325684,0.0,39619900
2025-09-01,2.0999999046325684,2.0999999046325684,0.0,2.0999999046325684,2.0,2.059999942779541,0.0,41155400
2025-09-02,2.0999999046325684,2.0999999046325684,0.0,2.140000104904175,2.0799999237060547,2.0799999237060547,0.0,20501700
2025-09-03,2.0799999237060547,2.0799999237060547,0.0,2.200000047683716,2.0799999237060547,2.0999999046325684,0.0,65066800
2025-09-04,2.0999999046325684,2.0999999046325684,0.0,2.140000104904175,2.0799999237060547,2.0999999046325684,0.0,43319700
2025-09-05,2.0999999046325684,2.0999999046325684,0.0,2.140000104904175,2.0799999237060547,2.119999885559082,0.0,85003400
2025-09-08,2.0199999809265137,2.0199999809265137,0.0,2.0999999046325684,2.0199999809265137,2.0999999046325684,0.0,43980000
2025-09-09,2.0399999618530273,2.0399999618530273,0.0,2.059999942779541,2.0199999809265137,2.0399999618530273,0.0,11030500
2025-09-10,2.0199999809265137,2.0199999809265137,0.0,2.059999942779541,2.0199999809265137,2.0399999618530273,0.0,11698400
2025-09-11,2.0199999809265137,2.0199999809265137,0.0,2.059999942779541,2.0,2.0399999618530273,0.0,23240400
2025-09-12,2.0199999809265137,2.0199999809265137,0.0,2.059999942779541,2.0,2.0399999618530273,0.0,15678000
2025-09-15,2.0199999809265137,2.0199999809265137,0.0,2.0399999618530273,2.0,2.0399999618530273,0.0,13555100
2025-09-16,2.0,2.0,0.0,2.0199999809265137,2.0,2.0199999809265137,0.0,13131900
2025-09-17,1.909999966621399,1.909999966621399,0.0,2.0199999809265137,1.909999966621399,2.0,0.0,141824300
2025-09-18,1.899999976158142,1.899999976158142,0.0,1.9500000476837158,1.899999976158142,1.9299999475479126,0.0,38495700
2025-09-19,1.8799999952316284,1.8799999952316284,0.0,1.9199999570846558,1.8799999952316284,1.909999966621399,0.0,32885200
2025-09-22,1.809999942779541,1.809999942779541,0.0,1.899999976158142,1.75,1.8799999952316284,0.0,101307500
2025-09-23,1.7000000476837158,1.7000000476837158,0.0,1.7899999618530273,1.690000057220459,1.7899999618530273,0.0,96788100
2025-09-24,1.7000000476837158,1.7000000476837158,0.0,1.7400000095367432,1.7000000476837158,1.7200000286102295,0.0,39855100
2025-09-25,1.6699999570846558,1.6699999570846558,0.0,1.7300000190734863,1.6299999952316284,1.7100000381469727,0.0,88411800
2025-09-26,1.649999976158142,1.649999976158142,0.0,1.690000057220459,1.6399999856948853,1.690000057220459,0.0,48634800
2025-09-29,1.6799999475479126,1.6799999475479126,0.0,1.690000057220459,1.649999976158142,1.649999976158142,0.0,43619300
2025-09-30,1.5800000429153442,1.5800000429153442,0.0,1.6699999570846558,1.5800000429153442,1.659999966621399,0.0,53246400
2025-10-01,1.590000033378601,1.590000033378601,0.0,1.6399999856948853,1.5800000429153442,1.590000033378601,0.0,44686900
2025-10-02,1.600000023841858,1.600000023841858,0.0,1.6299999952316284,1.590000033378601,1.600000023841858,0.0,37942500
2025-10-03,1.5,1.5,0.0,1.6100000143051147,1.4900000095367432,1.6100000143051147,0.0,67107800
2025-10-06,1.5,1.5,0.0,1.5299999713897705,1.4700000286102295,1.5099999904632568,0.0,53417100
2025-10-07,1.5,1.5,0.0,1.5,1.5,1.5,0.0,0
2025-10-08,1.5099999904632568,1.5099999904632568,0.0,1.5499999523162842,1.4700000286102295,1.5,0.0,73232400
2025-10-09,1.5099999904632568,1.5099999904632568,0.0,1.5299999713897705,1.4800000190734863,1.5099999904632568,0.0,46169400
2025-10-10,1.4800000190734863,1.4800000190734863,0.0,1.5099999904632568,1.4800000190734863,1.5099999904632568,0.0,39491400
2025-10-14,1.350000023841858,1.350000023841858,0.0,1.4900000095367432,1.350000023841858,1.4800000190734863,0.0,63711700
2025-10-15,1.3300000429153442,1.3300000429153442,0.0,1.399999976158142,1.3200000524520874,1.3700000047683716,0.0,40456500
2025-10-16,1.3300000429153442,1.3300000429153442,0.0,1.3700000047683716,1.3200000524520874,1.340000033378601,0.0,30637700
2025-10-17,1.2400000095367432,1.2400000095367432,0.0,1.3200000524520874,1.2300000190734863,1.3200000524520874,0.0,73123800
2025-10-20,1.25,1.25,0.0,1.2899999618530273,1.2400000095367432,1.2599999904632568,0.0,55742300
2025-10-21,1.2400000095367432,1.2400000095367432,0.0,1.2699999809265137,1.2100000381469727,1.2699999809265137,0.0,49095700
2025-10-22,1.3600000143051147,1.3600000143051147,0.0,1.3700000047683716,1.2100000381469727,1.2300000190734863,0.0,75512700
2025-10-24,1.2999999523162842,1.2999999523162842,0.0,1.3600000143051147,1.2799999713897705,1.3600000143051147,0.0,78597800
2025-10-27,1.2899999618530273,1.2899999618530273,0.0,1.3300000429153442,1.2899999618530273,1.3200000524520874,0.0,26942300
2025-10-28,1.2599999904632568,1.2599999904632568,0.0,1.2899999618530273,1.25,1.2899999618530273,0.0,25603400
2025-10-29,1.2300000190734863,1.2300000190734863,0.0,1.2799999713897705,1.2300000190734863,1.2599999904632568,0.0,20072500
2025-10-30,1.3200000524520874,1.3200000524520874,0.0,1.350000023841858,1.2200000286102295,1.2200000286102295,0.0,99764400
2025-10-31,1.25,1.25,0.0,1.340000033378601,1.2400000095367432,1.340000033378601,0.0,59414400
2025-11-03,1.2300000190734863,1.2300000190734863,0.0,1.309999942779541,1.2300000190734863,1.2699999809265137,0.0,56612100
2025-11-04,1.2000000476837158,1.2000000476837158,0.0,1.2400000095367432,1.1699999570846558,1.2300000190734863,0.0,66660300
2025-11-05,1.1699999570846558,1.1699999570846558,0.0,1.2100000381469727,1.1699999570846558,1.190000057220459,0.0,28678400
2025-11-06,1.159999966621399,1.159999966621399,0.0,1.190000057220459,1.1399999856948853,1.1799999475479126,0.0,47508700
2025-11-07,1.100000023841858,1.100000023841858,0.0,1.149999976158142,1.100000023841858,1.149999976158142,0.0,46120900
2025-11-10,1.1299999952316284,1.1299999952316284,0.0,1.1699999570846558,1.090000033378601,1.1100000143051147,0.0,57245500
2025-11-11,1.100000023841858,1.100000023841858,0.0,1.1699999570846558,1.090000033378601,1.1399999856948853,0.0,57299300
2025-11-12,1.090000033378601,1.090000033378601,0.0,1.1299999952316284,1.090000033378601,1.1100000143051147,0.0,29619600
2025-11-13,1.059999942779541,1.059999942779541,0.0,1.100000023841858,1.0499999523162842,1.100000023841858,0.0,39899600
2025-11-14,1.0499999523162842,1.0499999523162842,0.0,1.0700000524520874,1.0199999809265137,1.0499999523162842,0.0,40322700
2025-11-17,1.090000033378601,1.090000033378601,0.0,1.1100000143051147,1.0399999618530273,1.0399999618530273,0.0,65841300
2025-11-18,1.090000033378601,1.090000033378601,0.0,1.1100000143051147,1.0399999618530273,1.059999942779541,0.0,57664900
2025-11-19,1.059999942779541,1.059999942779541,0.0,1.1100000143051147,1.059999942779541,1.100000023841858,0.0,38293700
2025-11-20,1.0499999523162842,1.0499999523162842,0.0,1.090000033378601,1.0499999523162842,1.0700000524520874,0.0,32997900
2025-11-21,1.0499999523162842,1.0499999523162842,0.0,1.0499999523162842,1.0299999713897705,1.0399999618530273,0.0,31589400
2025-11-24,1.059999942779541,1.059999942779541,0.0,1.1100000143051147,1.0499999523162842,1.059999942779541,0.0,64133800
2025-11-25,1.090000033378601,1.090000033378601,0.0,1.1100000143051147,1.059999942779541,1.059999942779541,0.0,42354600
2025-11-26,1.059999942779541,1.059999942779541,0.0,1.1299999952316284,1.059999942779541,1.1100000143051147,0.0,54263600
2025-11-27,1.090000033378601,1.090000033378601,0.0,1.1399999856948853,1.0700000524520874,1.0700000524520874,0.0,90331000
2025-11-28,1.0800000429153442,1.0800000429153442,0.0,1.1200000047683716,1.0700000524520874,1.100000023841858,0.0,43171600
2025-12-01,1.0800000429153442,1.0800000429153442,0.0,1.100000023841858,1.059999942779541,1.0800000429153442,0.0,54390600
2025-12-02,1.090000033378601,1.090000033378601,0.0,1.090000033378601,1.059999942779541,1.090000033378601,0.0,26614000
2025-12-03,1.0800000429153442,1.0800000429153442,0.0,1.100000023841858,1.0700000524520874,1.0800000429153442,0.0,24880800
2025-12-04,1.0499999523162842,1.0499999523162842,0.0,1.0800000429153442,1.0399999618530273,1.0700000524520874,0.0,37516200
2025-12-08,1.0299999713897705,1.0299999713897705,0.0,1.0499999523162842,1.0299999713897705,1.0399999618530273,0.0,19304200
2025-12-09,1.0399999618530273,1.0399999618530273,0.0,1.0399999618530273,1.0199999809265137,1.0399999618530273,0.0,16814800
2025-12-11,1.0,1.0,0.0,1.0499999523162842,0.9900000095367432,1.0399999618530273,0.0,65675400
2025-12-12,1.1200000047683716,1.1200000047683716,0.0,1.149999976158142,1.0,1.0,0.0,261191800
2025-12-15,1.1200000047683716,1.1200000047683716,0.0,1.159999966621399,1.090000033378601,1.1299999952316284,0.0,146708800
2025-12-16,1.0399999618530273,1.0399999618530273,0.0,1.1100000143051147,1.0399999618530273,1.1100000143051147,0.0,118578100
2025-12-17,1.0299999713897705,1.0299999713897705,0.0,1.0800000429153442,1.0299999713897705,1.0399999618530273,0.0,91490800
2025-12-18,1.0,1.0,0.0,1.059999942779541,1.0,1.0399999618530273,0.0,88365000
2025-12-19,0.9800000190734863,0.9800000190734863,0.0,1.0199999809265137,0.9399999976158142,1.0099999904632568,0.0,151162700
2025-12-22,0.9700000286102295,0.9700000286102295,0.0,1.0199999809265137,0.9599999785423279,0.9900000095367432,0.0,113486300
2025-12-23,0.9800000190734863,0.9800000190734863,0.0,1.0099999904632568,0.9700000286102295,1.0,0.0,55965300
2025-12-24,0.9800000190734863,0.9800000190734863,0.0,1.0,0.9700000286102295,0.9800000190734863,0.0,42836700
2025-12-25,0.9599999785423279,0.9599999785423279,0.0,0.9900000095367432,0.949999988079071,0.9800000190734863,0.0,65871500
2025-12-26,0.9599999785423279,0.9599999785423279,0.0,0.9700000286102295,0.949999988079071,0.9599999785423279,0.0,23637100
2025-12-29,0.949999988079071,0.949999988079071,0.0,0.9700000286102295,0.949999988079071,0.9599999785423279,0.0,22031200
2025-12-30,0.949999988079071,0.949999988079071,0.0,0.9700000286102295,0.8999999761581421,0.9599999785423279,0.0,220276800
2026-01-05,0.9399999976158142,0.9399999976158142,0.0,0.9599999785423279,0.9200000166893005,0.9399999976158142,0.0,50995200
2026-01-06,0.9100000262260437,0.9100000262260437,0.0,0.949999988079071,0.9100000262260437,0.9399999976158142,0.0,41135500
2026-01-07,0.949999988079071,0.949999988079071,0.0,0.9599999785423279,0.9100000262260437,0.9100000262260437,0.0,57889300
2026-01-08,0.9200000166893005,0.9200000166893005,0.0,0.949999988079071,0.9100000262260437,0.949999988079071,0.0,26691400
2026-01-09,0.8799999952316284,0.8799999952316284,0.0,0.9399999976158142,0.8799999952316284,0.9300000071525574,0.0,54250000
2026-01-12,0.8100000023841858,0.8100000023841858,0.0,0.8899999856948853,0.800000011920929,0.8799999952316284,0.0,110471600
2026-01-13,0.7799999713897705,0.7799999713897705,0.0,0.8299999833106995,0.7699999809265137,0.8100000023841858,0.0,78891600
2026-01-14,0.7799999713897705,0.7799999713897705,0.0,0.800000011920929,0.7699999809265137,0.7699999809265137,0.0,48539100
2026-01-15,0.8600000143051147,0.8600000143051147,0.0,0.8700000047683716,0.7799999713897705,0.7799999713897705,0.0,52490400
2026-01-16,0.8600000143051147,0.8600000143051147,0.0,0.8700000047683716,0.8399999737739563,0.8500000238418579,0.0,33805400
2026-01-19,0.9200000166893005,0.9200000166893005,0.0,0.9399999976158142,0.8600000143051147,0.8600000143051147,0.0,108808500
2026-01-20,0.9200000166893005,0.9200000166893005,0.0,0.9399999976158142,0.9100000262260437,0.9200000166893005,0.0,40754100
2026-01-21,0.9200000166893005,0.9200000166893005,0.0,0.9399999976158142,0.8999999761581421,0.9300000071525574,0.0,70637200
2026-01-22,0.9100000262260437,0.9100000262260437,0.0,0.9700000286102295,0.8999999761581421,0.9200000166893005,0.0,127720200
2026-01-23,0.8799999952316284,0.8799999952316284,0.0,0.9200000166893005,0.8799999952316284,0.9100000262260437,0.0,56370200
2026-01-26,0.8799999952316284,0.8799999952316284,0.0,0.8999999761581421,0.8600000143051147,0.8799999952316284,0.0,53658500
2026-01-27,0.8899999856948853,0.8899999856948853,0.0,0.9100000262260437,0.8799999952316284,0.8799999952316284,0.0,31396400
2026-01-28,0.8999999761581421,0.8999999761581421,0.0,0.9100000262260437,0.8799999952316284,0.8999999761581421,0.0,36079100
2026-01-29,0.8700000047683716,0.8700000047683716,0.0,0.8999999761581421,0.8600000143051147,0.8999999761581421,0.0,37679100
2026-01-30,0.8600000143051147,0.8600000143051147,0.0,0.8799999952316284,0.8500000238418579,0.8700000047683716,0.0,33975000
2026-02-02,0.8399999737739563,0.8399999737739563,0.0,0.8700000047683716,0.8199999928474426,0.8600000143051147,0.0,22580400
2026-02-03,0.8500000238418579,0.8500000238418579,0.0,0.8700000047683716,0.8399999737739563,0.8500000238418579,0.0,23591100
2026-02-04,0.8399999737739563,0.8399999737739563,0.0,0.8600000143051147,0.8399999737739563,0.8500000238418579,0.0,16315800
2026-02-05,0.8600000143051147,0.8600000143051147,0.0,0.8700000047683716,0.8399999737739563,0.8399999737739563,0.0,16016600
2026-02-06,0.8500000238418579,0.8500000238418579,0.0,0.8799999952316284,0.8500000238418579,0.8600000143051147,0.0,28058700
2026-02-09,0.9100000262260437,0.9100000262260437,0.0,0.9200000166893005,0.8700000047683716,0.8700000047683716,0.0,76367800
2026-02-10,1.0499999523162842,1.0499999523162842,0.0,1.059999942779541,0.9200000166893005,0.9399999976158142,0.0,312558400
2026-02-11,1.0299999713897705,1.0299999713897705,0.0,1.0499999523162842,1.0099999904632568,1.0399999618530273,0.0,135915900
2026-02-12,1.1100000143051147,1.1100000143051147,0.0,1.1200000047683716,1.0199999809265137,1.0199999809265137,0.0,270183900
2026-02-13,1.3600000143051147,1.3600000143051147,0.0,1.4199999570846558,1.1299999952316284,1.1299999952316284,0.0,748401600
2026-02-16,1.2699999809265137,1.2699999809265137,0.0,1.3700000047683716,1.2599999904632568,1.3600000143051147,0.0,375735300
2026-02-17,1.2899999618530273,1.2899999618530273,0.0,1.309999942779541,1.2200000286102295,1.2599999904632568,0.0,314716200
2026-02-18,1.3200000524520874,1.3200000524520874,0.0,1.3600000143051147,1.2599999904632568,1.2899999618530273,0.0,265344400
2026-02-19,1.309999942779541,1.309999942779541,0.0,1.340000033378601,1.309999942779541,1.309999942779541,0.0,126631300
2026-02-20,1.2200000286102295,1.2200000286102295,0.0,1.3300000429153442,1.2000000476837158,1.3200000524520874,0.0,311226700
2026-02-23,1.190000057220459,1.190000057220459,0.0,1.2699999809265137,1.159999966621399,1.2200000286102295,0.0,251088500
2026-02-24,1.2400000095367432,1.2400000095367432,0.0,1.25,1.1699999570846558,1.1799999475479126,0.0,190514600
2026-02-25,1.2000000476837158,1.2000000476837158,0.0,1.25,1.190000057220459,1.25,0.0,181122000
2026-02-26,1.2000000476837158,1.2000000476837158,0.0,1.2400000095367432,1.1799999475479126,1.190000057220459,0.0,121329500
2026-02-27,1.1699999570846558,1.1699999570846558,0.0,1.2300000190734863,1.159999966621399,1.2000000476837158,0.0,114683100
2026-03-02,1.0199999809265137,1.0199999809265137,0.0,1.1200000047683716,1.0199999809265137,1.100000023841858,0.0,199856600
2026-03-04,0.9599999785423279,0.9599999785423279,0.0,0.9700000286102295,0.8899999856948853,0.949999988079071,0.0,188049900
2026-03-05,1.0199999809265137,1.0199999809265137,0.0,1.0199999809265137,0.9599999785423279,1.0199999809265137,0.0,174958600
2026-03-06,1.0,1.0,0.0,1.0299999713897705,0.9800000190734863,1.0,0.0,123167500
2026-03-09,1.0099999904632568,1.0099999904632568,0.0,1.0199999809265137,0.9100000262260437,0.9200000166893005,0.0,137360700
2026-03-10,0.9800000190734863,0.9800000190734863,0.0,1.0499999523162842,0.9800000190734863,1.0399999618530273,0.0,144362300
2026-03-11,0.9300000071525574,0.9300000071525574,0.0,1.0199999809265137,0.9300000071525574,1.0,0.0,187120600
2026-03-12,0.9399999976158142,0.9399999976158142,0.0,0.9700000286102295,0.9300000071525574,0.9300000071525574,0.0,110069000
2026-03-13,0.9100000262260437,0.9100000262260437,0.0,0.949999988079071,0.9100000262260437,0.9399999976158142,0.0,113902300
2026-03-16,0.8799999952316284,0.8799999952316284,0.0,0.9200000166893005,0.8799999952316284,0.9100000262260437,0.0,155189100
2026-03-17,0.8799999952316284,0.8799999952316284,0.0,0.9300000071525574,0.8799999952316284,0.8999999761581421,0.0,200930100
2026-03-18,0.8799999952316284,0.8799999952316284,0.0,0.8999999761581421,0.8700000047683716,0.8999999761581421,0.0,84296800
2026-03-19,0.8399999737739563,0.8399999737739563,0.0,0.8799999952316284,0.8399999737739563,0.8700000047683716,0.0,47090000
2026-03-20,0.8500000238418579,0.8500000238418579,0.0,0.8700000047683716,0.8299999833106995,0.8500000238418579,0.0,148812500
2026-03-23,0.8199999928474426,0.8199999928474426,0.0,0.8600000143051147,0.8199999928474426,0.8299999833106995,0.0,77533500
2026-03-24,0.8299999833106995,0.8299999833106995,0.0,0.8700000047683716,0.8299999833106995,0.8500000238418579,0.0,122555000
2026-03-25,0.8600000143051147,0.8600000143051147,0.0,0.8799999952316284,0.8399999737739563,0.8399999737739563,0.0,168265400
2026-03-26,0.8299999833106995,0.8299999833106995,0.0,0.8500000238418579,0.8199999928474426,0.8399999737739563,0.0,81723200
2026-03-27,0.8399999737739563,0.8399999737739563,0.0,0.8600000143051147,0.8299999833106995,0.8299999833106995,0.0,146656900
2026-03-30,0.8399999737739563,0.8399999737739563,0.0,0.8399999737739563,0.8199999928474426,0.8299999833106995,0.0,37511000
2026-03-31,0.9300000071525574,0.9300000071525574,0.0,0.9599999785423279,0.8399999737739563,0.8399999737739563,0.0,262439700
2026-04-01,0.949999988079071,0.949999988079071,0.0,0.9800000190734863,0.9300000071525574,0.9599999785423279,0.0,290580800
2026-04-02,0.9100000262260437,0.9100000262260437,0.0,0.9399999976158142,0.9100000262260437,0.9300000071525574,0.0,108610000
2026-04-03,0.8799999952316284,0.8799999952316284,0.0,0.9399999976158142,0.8700000047683716,0.9300000071525574,0.0,147137400
2026-04-07,0.8700000047683716,0.8700000047683716,0.0,0.8999999761581421,0.8600000143051147,0.8899999856948853,0.0,97260200
2026-04-08,0.9100000262260437,0.9100000262260437,0.0,0.9300000071525574,0.8799999952316284,0.8999999761581421,0.0,215884500
2026-04-09,0.8799999952316284,0.8799999952316284,0.0,0.9100000262260437,0.8799999952316284,0.8999999761581421,0.0,85953000
2026-04-10,0.8700000047683716,0.8700000047683716,0.0,0.8899999856948853,0.8700000047683716,0.8799999952316284,0.0,58639200
2026-04-16,0.8799999952316284,0.8799999952316284,0.0,0.9100000262260437,0.8799999952316284,0.8899999856948853,0.0,85627000
2026-04-17,0.8899999856948853,0.8899999856948853,0.0,0.8899999856948853,0.8700000047683716,0.8899999856948853,0.0,60436200
2026-04-20,0.8899999856948853,0.8899999856948853,0.0,0.8999999761581421,0.8700000047683716,0.8799999952316284,0.0,52205200
2026-04-21,0.9100000262260437,0.9100000262260437,0.0,0.9200000166893005,0.8899999856948853,0.8899999856948853,0.0,193781900
2026-04-22,0.8999999761581421,0.8999999761581421,0.0,0.9399999976158142,0.8999999761581421,0.9100000262260437,0.0,217187300
2026-04-23,0.8700000047683716,0.8700000047683716,0.0,0.8999999761581421,0.8700000047683716,0.8899999856948853,0.0,67053500
2026-04-24,0.8600000143051147,0.8600000143051147,0.0,0.8799999952316284,0.8399999737739563,0.8700000047683716,0.0,71960300
2026-04-27,0.8700000047683716,0.8700000047683716,0.0,0.8799999952316284,0.8600000143051147,0.8700000047683716,0.0,48455900
2026-04-28,0.8600000143051147,0.8600000143051147,0.0,0.8799999952316284,0.8500000238418579,0.8799999952316284,0.0,54570600
2026-04-29,0.8700000047683716,0.8700000047683716,0.0,0.8799999952316284,0.8500000238418579,0.8600000143051147,0.0,55981000
2026-04-30,0.8700000047683716,0.8700000047683716,0.0,0.8700000047683716,0.8600000143051147,0.8700000047683716,0.0,28097000
2026-05-01,0.8700000047683716,0.8700000047683716,0.0,0.8700000047683716,0.8700000047683716,0.8700000047683716,0.0,0
2026-05-04,0.8700000047683716,0.8700000047683716,0.0,0.8700000047683716,0.8700000047683716,0.8700000047683716,0.0,0
2026-05-05,0.8600000143051147,0.8600000143051147,0.0,0.8799999952316284,0.8600000143051147,0.8700000047683716,0.0,32370000
2026-05-06,0.8799999952316284,0.8799999952316284,0.0,0.8899999856948853,0.8600000143051147,0.8700000047683716,0.0,77755800
2026-05-07,0.8899999856948853,0.8899999856948853,0.0,0.9200000166893005,0.8799999952316284,0.8999999761581421,0.0,145494300
2026-05-08,0.8700000047683716,0.8700000047683716,0.0,0.8899999856948853,0.8700000047683716,0.8799999952316284,0.0,48234800
2026-05-11,0.8700000047683716,0.8700000047683716,0.0,0.8899999856948853,0.8700000047683716,0.8799999952316284,0.0,40990100
2026-05-12,0.8600000143051147,0.8600000143051147,0.0,0.8799999952316284,0.8600000143051147,0.8799999952316284,0.0,28945700
2026-05-13,0.8600000143051147,0.8600000143051147,0.0,0.8799999952316284,0.8600000143051147,0.8700000047683716,0.0,45944100
2026-05-14,0.8700000047683716,0.8700000047683716,0.0,0.8799999952316284,0.8600000143051147,0.8700000047683716,0.0,49777600
2026-05-15,0.8899999856948853,0.8899999856948853,0.0,0.9300000071525574,0.8700000047683716,0.8799999952316284,0.0,264178800
2026-05-18,0.8799999952316284,0.8799999952316284,0.0,0.8899999856948853,0.8700000047683716,0.8899999856948853,0.0,71313600
2026-05-19,0.8999999761581421,0.8999999761581421,0.0,0.9200000166893005,0.8700000047683716,0.8799999952316284,0.0,180800600
2026-05-20,0.8899999856948853,0.8899999856948853,0.0,0.8999999761581421,0.8799999952316284,0.8899999856948853,0.0,60912000
2026-05-21,0.8700000047683716,0.8700000047683716,0.0,0.9100000262260437,0.8700000047683716,0.9100000262260437,0.0,184956300
2026-05-22,0.8500000238418579,0.8500000238418579,0.0,0.8899999856948853,0.8299999833106995,0.8700000047683716,0.0,200948800
2026-05-25,0.8700000047683716,0.8700000047683716,0.0,0.8799999952316284,0.8500000238418579,0.8600000143051147,0.0,90040600
2026-05-26,0.8899999856948853,0.8899999856948853,0.0,0.9599999785423279,0.8899999856948853,0.9100000262260437,0.0,792147300
2026-05-27,0.8899999856948853,0.8899999856948853,0.0,0.9100000262260437,0.8899999856948853,0.9100000262260437,0.0,306387100
2026-05-28,0.949999988079071,0.949999988079071,0.0,0.9800000190734863,0.8999999761581421,0.8999999761581421,0.0,771962200
2026-05-29,0.949999988079071,0.949999988079071,0.0,0.9700000286102295,0.9399999976158142,0.9700000286102295,0.0,258438200
2026-06-01,0.949999988079071,0.949999988079071,0.0,0.949999988079071,0.949999988079071,0.949999988079071,0.0,0
2026-06-02,1.0,1.0,0.0,1.0199999809265137,0.9300000071525574,0.949999988079071,0.0,380920000
2026-06-03,1.0,1.0,0.0,1.0,1.0,1.0,0.0,0
2026-06-04,1.0099999904632568,1.0099999904632568,0.0,1.0499999523162842,1.0,1.0099999904632568,0.0,382124400
2026-06-05,0.9599999785423279,0.9599999785423279,0.0,1.0299999713897705,0.949999988079071,1.0199999809265137,0.0,284716100
2026-06-08,0.9300000071525574,0.9300000071525574,0.0,0.9599999785423279,0.9200000166893005,0.9399999976158142,0.0,136762700
2026-06-09,0.8999999761581421,0.8999999761581421,0.0,0.949999988079071,0.8899999856948853,0.9399999976158142,0.0,219517400
2026-06-10,0.8799999952316284,0.8799999952316284,0.0,0.9100000262260437,0.8700000047683716,0.8999999761581421,0.0,190957700
2026-06-11,0.8899999856948853,0.8899999856948853,0.0,0.8999999761581421,0.8700000047683716,0.8700000047683716,0.0,104164300
2026-06-12,0.8899999856948853,0.8899999856948853,0.0,0.9100000262260437,0.8799999952316284,0.8999999761581421,0.0,109248300
2026-06-15,0.9100000262260437,0.9100000262260437,0.0,0.9200000166893005,0.8899999856948853,0.8999999761581421,0.0,108477100
2026-06-16,0.9100000262260437,0.9100000262260437,0.0,0.9200000166893005,0.8899999856948853,0.9100000262260437,0.0,82280500
2026-06-17,0.9599999785423279,0.9599999785423279,0.0,0.9700000286102295,0.8999999761581421,0.9100000262260437,0.0,262649300
2026-06-18,0.9300000071525574,0.9300000071525574,0.0,0.9700000286102295,0.9200000166893005,0.9599999785423279,0.0,123302300
2026-06-19,0.9300000071525574,0.9300000071525574,0.0,0.9399999976158142,0.9200000166893005,0.9300000071525574,0.0,69129400
2026-06-22,0.9200000166893005,0.9200000166893005,0.0,0.949999988079071,0.9200000166893005,0.9300000071525574,0.0,72428100
2026-06-23,0.8799999952316284,0.8799999952316284,0.0,0.9200000166893005,0.8700000047683716,0.9200000166893005,0.0,132401500
2026-06-24,0.8999999761581421,0.8999999761581421,0.0,0.9100000262260437,0.8799999952316284,0.8899999856948853,0.0,55400300
2026-06-25,0.9200000166893005,0.9200000166893005,0.0,0.9399999976158142,0.8999999761581421,0.8999999761581421,0.0,198642200
2026-06-26,0.9200000166893005,0.9200000166893005,0.0,0.9399999976158142,0.9100000262260437,0.9200000166893005,0.0,65665100
2026-06-29,0.9399999976158142,0.9399999976158142,0.0,0.949999988079071,0.9200000166893005,0.9300000071525574,0.0,94902600
2026-06-30,0.9300000071525574,0.9300000071525574,0.0,0.9599999785423279,0.9200000166893005,0.9399999976158142,0.0,97641700
2026-07-01,0.9200000166893005,0.9200000166893005,0.0,0.949999988079071,0.9200000166893005,0.9399999976158142,0.0,143023800
2026-07-02,0.9200000166893005,0.9200000166893005,0.0,0.9300000071525574,0.9100000262260437,0.9300000071525574,0.0,80574500
2026-07-03,0.9399999976158142,0.9399999976158142,0.0,0.949999988079071,0.9200000166893005,0.9300000071525574,0.0,91037900
2026-07-06,0.9399999976158142,0.9399999976158142,0.0,0.949999988079071,0.9200000166893005,0.9399999976158142,0.0,62505200
2026-07-07,0.9300000071525574,0.9300000071525574,0.0,0.949999988079071,0.9100000262260437,0.9399999976158142,0.0,104867300
2026-07-08,0.8899999856948853,0.8899999856948853,0.0,0.9300000071525574,0.8899999856948853,0.9200000166893005,0.0,93491700
2026-07-09,0.9700000286102295,0.9700000286102295,0.0,0.9800000190734863,0.8899999856948853,0.8999999761581421,0.0,279118100
2026-07-10,1.0099999904632568,1.0099999904632568,0.0,1.0199999809265137,0.9700000286102295,0.9800000190734863,0.0,321937600
2026-07-13,1.059999942779541,1.059999942779541,0.0,1.090000033378601,1.0,1.0,0.0,463800400
2026-07-14,1.0299999713897705,1.0299999713897705,0.0,1.0700000524520874,1.0199999809265137,1.0499999523162842,0.0,269565400
2026-07-15,1.0499999523162842,1.0499999523162842,0.0,1.0700000524520874,1.0299999713897705,1.0499999523162842,0.0,214728700
2026-07-16,1.059999942779541,1.059999942779541,0.0,1.059999942779541,1.0299999713897705,1.0499999523162842,0.0,90656600
2026-07-17,1.0299999713897705,1.0299999713897705,0.0,1.059999942779541,1.0099999904632568,1.0499999523162842,0.0,204569200
2026-07-20,1.0199999809265137,1.0199999809265137,0.0,1.0299999713897705,1.0099999904632568,1.0199999809265137,0.0,55093100
2026-07-21,1.0700000524520874,1.0700000524520874,0.0,1.0800000429153442,1.0199999809265137,1.0299999713897705,0.0,198153300
2026-07-22,0.9900000095367432,0.9900000095367432,0.0,1.0800000429153442,0.9900000095367432,1.0700000524520874,0.0,313327900
2026-07-23,1.0,1.0,0.0,1.0299999713897705,0.9900000095367432,1.0,0.0,148239600
2026-07-24,1.0,1.0,0.0,1.0199999809265137,0.9900000095367432,1.0,0.0,152228300
2026-07-27,1.0,1.0,0.0,1.0199999809265137,0.9900000095367432,1.0,0.0,70312600
2026-07-28,1.0,1.0,0.0,1.0,1.0,1.0,0.0,0
2026-07-29,1.0,1.0,0.0,1.0,1.0,1.0,0.0,0
2026-07-30,0.9700000286102295,0.9700000286102295,0.0,1.0,0.949999988079071,1.0,0.0,119652600
2026-07-31,1.0,1.0,0.0,1.0199999809265137,0.9800000190734863,0.9900000095367432,0.0,108455400
2026-08-03,1.0099999904632568,1.0099999904632568,0.0,1.0399999618530273,1.0,1.0099999904632568,0.0,96263300
2026-08-04,1.0,1.0,0.0,1.0199999809265137,0.9900000095367432,1.0099999904632568,0.0,42714800
2026-08-05,1.0,1.0,0.0,1.0199999809265137,0.9900000095367432,1.0099999904632568,0.0,70134800
2026-08-06,0.9900000095367432,0.9900000095367432,0.0,1.0099999904632568,0.9900000095367432,1.0,0.0,34835900
2026-08-07,1.0,1.0,0.0,1.0099999904632568,0.9900000095367432,1.0,0.0,14972900
2026-08-10,0.9900000095367432,0.9900000095367432,0.0,1.0099999904632568,0.9800000190734863,1.0099999904632568,0.0,50706400
2026-08-11,0.9700000286102295,0.9700000286102295,0.0,1.0,0.9599999785423279,1.0,0.0,66518300
2026-08-12,0.9700000286102295,0.9700000286102295,0.0,0.9700000286102295,0.9700000286102295,0.9700000286102295,0.0,0
2026-08-13,0.9700000286102295,0.9700000286102295,0.0,0.9800000190734863,0.9700000286102295,0.9800000190734863,0.0,19338600
2026-08-14,0.9900000095367432,0.9900000095367432,0.0,1.0099999904632568,0.9800000190734863,0.9900000095367432,0.0,99512500
2026-08-17,1.0199999809265137,1.0199999809265137,0.0,1.0299999713897705,0.9900000095367432,0.9900000095367432,0.0,144995600
2026-08-18,1.1399999856948853,1.1399999856948853,0.0,1.159999966621399,1.0299999713897705,1.0399999618530273,0.0,672946900
2026-08-19,1.1100000143051147,1.1100000143051147,0.0,1.1299999952316284,1.0800000429153442,1.1200000047683716,0.0,289247000
2026-08-20,1.1200000047683716,1.1200000047683716,0.0,1.1399999856948853,1.100000023841858,1.1200000047683716,0.0,185229800
2026-08-21,1.1100000143051147,1.1100000143051147,0.0,1.149999976158142,1.090000033378601,1.1200000047683716,0.0,287576900
2026-08-24,1.059999942779541,1.059999942779541,0.0,1.1100000143051147,1.059999942779541,1.1100000143051147,0.0,145341500
2026-08-25,1.0299999713897705,1.0299999713897705,0.0,1.0700000524520874,1.0199999809265137,1.0700000524520874,0.0,227739800
2026-08-26,1.0399999618530273,1.0399999618530273,0.0,1.059999942779541,1.0299999713897705,1.0399999618530273,0.0,80117900
2026-08-27,1.0299999713897705,1.0299999713897705,0.0,1.059999942779541,1.0199999809265137,1.0399999618530273,0.0,77791200
2026-08-28,1.0099999904632568,1.0099999904632568,0.0,1.0399999618530273,1.0099999904632568,1.0299999713897705,0.0,89751100
2026-08-31,1.0099999904632568,1.0099999904632568,0.0,1.0299999713897705,1.0099999904632568,1.0099999904632568,0.0,35140500
2026-09-01,1.0099999904632568,1.0099999904632568,0.0,1.0299999713897705,1.0099999904632568,1.0199999809265137,0.0,58556900
2026-09-02,0.9700000286102295,0.9700000286102295,0.0,1.0,0.9599999785423279,1.0,0.0,136576700
2026-09-03,0.9700000286102295,0.9700000286102295,0.0,0.9900000095367432,0.9599999785423279,0.9700000286102295,0.0,57579900
2026-09-04,1.0,1.0,0.0,1.0099999904632568,0.9599999785423279,0.9700000286102295,0.0,128065600
