Date,Adj Close,Close,Dividends,High,Low,Open,Stock Splits,Volume
2012-11-08,0.5758715867996216,0.8700360059738159,0.0,0.8700360059738159,0.7177799940109253,0.7177799940109253,0.0,7618704431
2012-11-09,0.5902682542800903,0.8917869925498962,0.0,1.0048919916152954,0.8700360059738159,0.8700360059738159,0.0,3150980893
2012-11-12,0.578750729560852,0.8743860125541687,0.0,0.9309380054473877,0.8700360059738159,0.9004870057106018,0.0,1382484723
2012-11-13,0.6075443625450134,0.9178879857063293,0.0,0.9178879857063293,0.8743860125541687,0.8830860257148743,0.0,1069277129
2012-11-14,0.572992205619812,0.8656859993934631,0.0,0.9004870057106018,0.8656859993934631,0.8917869925498962,0.0,719829672
2012-11-15,0.578750729560852,0.8743860125541687,0.0,0.8787360191345215,0.8482850193977356,0.8613359928131104,0.0,472320480
2012-11-16,0.6017858982086182,0.9091879725456238,0.0,0.9178879857063293,0.8787360191345215,0.8787360191345215,0.0,776680168
2012-11-19,0.5989059209823608,0.9048370122909546,0.0,0.9222379922866821,0.896136999130249,0.9135379791259766,0.0,429244121
2012-11-20,0.5758715867996216,0.8700360059738159,0.0,0.9222379922866821,0.8700360059738159,0.9091879725456238,0.0,546234631
2012-11-21,0.5758715867996216,0.8700360059738159,0.0,0.8830860257148743,0.8656859993934631,0.8787360191345215,0.0,281275595
2012-11-22,0.578750729560852,0.8743860125541687,0.0,0.8874369859695435,0.8700360059738159,0.8743860125541687,0.0,140256204
2012-11-23,0.572992205619812,0.8656859993934631,0.0,0.8787360191345215,0.8613359928131104,0.8743860125541687,0.0,107979393
2012-11-26,0.5816299319267273,0.8787360191345215,0.0,0.9004870057106018,0.8743860125541687,0.8787360191345215,0.0,264586638
2012-11-27,0.5902682542800903,0.8917869925498962,0.0,0.896136999130249,0.8787360191345215,0.8787360191345215,0.0,167990677
2012-11-28,0.6219411492347717,0.9396389722824097,0.0,0.957040011882782,0.8874369859695435,0.8874369859695435,0.0,1130233201
2012-11-29,0.6017858982086182,0.9091879725456238,0.0,0.9309380054473877,0.9048370122909546,0.9309380054473877,0.0,386829802
2012-11-30,0.6219411492347717,0.9396389722824097,0.0,0.9396389722824097,0.9091879725456238,0.9178879857063293,0.0,255193927
2012-12-03,0.6219411492347717,0.9396389722824097,0.0,0.9396389722824097,0.9135379791259766,0.9309380054473877,0.0,69158027
2012-12-04,0.6133029460906982,0.9265879988670349,0.0,0.9439889788627625,0.9178879857063293,0.9396389722824097,0.0,67056966
2012-12-06,0.6046651601791382,0.9135379791259766,0.0,0.9309380054473877,0.9091879725456238,0.9309380054473877,0.0,48388781
2012-12-07,0.6161820292472839,0.9309380054473877,0.0,0.9352890253067017,0.9004870057106018,0.9135379791259766,0.0,87948046
2012-12-11,0.6363379955291748,0.9613900184631348,0.0,0.9613900184631348,0.9222379922866821,0.9309380054473877,0.0,191647159
2012-12-12,0.6622517108917236,1.0005409717559814,0.0,1.0048919916152954,0.9483389854431152,0.957040011882782,0.0,305656185
2012-12-13,0.7140806913375854,1.0788450241088867,0.0,1.0788450241088867,1.0005409717559814,1.0005409717559814,0.0,256883511
2012-12-14,0.7414342761039734,1.1201709508895874,0.0,1.131047010421753,1.0527440309524536,1.0744940042495728,0.0,179463760
2012-12-17,0.7630296945571899,1.152798056602478,0.0,1.1636730432510376,1.1092959642410278,1.1201709508895874,0.0,113264229
2012-12-18,0.7558309435844421,1.1419219970703125,0.0,1.152798056602478,1.0614440441131592,1.152798056602478,0.0,207097087
2012-12-19,0.7414342761039734,1.1201709508895874,0.0,1.1419219970703125,1.0984200239181519,1.1419219970703125,0.0,65337497
2012-12-20,0.8062196969985962,1.2180500030517578,0.0,1.239801049232483,1.0984200239181519,1.1201709508895874,0.0,140327465
2012-12-21,0.8134185671806335,1.2289259433746338,0.0,1.2506769895553589,1.2071750164031982,1.2180500030517578,0.0,63753656
2012-12-24,0.8997989296913147,1.3594310283660889,0.0,1.3594310283660889,1.239801049232483,1.239801049232483,0.0,473738812
2012-12-25,0.9501882791519165,1.4355599880218506,0.0,1.4681860208511353,1.3376799821853638,1.4029330015182495,0.0,521771286
2012-12-26,0.9285926222801208,1.4029330015182495,0.0,1.4573099613189697,1.4029330015182495,1.4573099613189697,0.0,134256455
2012-12-27,0.9573864340782166,1.4464349746704102,0.0,1.4573099613189697,1.4138089418411255,1.4138089418411255,0.0,132592157
2012-12-28,1.0509657859802246,1.5878159999847412,0.0,1.5986909866333008,1.4681860208511353,1.4681860208511353,0.0,278751563
2013-01-02,1.115751028060913,1.6856950521469116,0.0,1.7074459791183472,1.5443140268325806,1.6204420328140259,0.0,312924846
2013-01-03,1.1085529327392578,1.6748199462890625,0.0,1.7400720119476318,1.6639440059661865,1.6965700387954712,0.0,180063735
2013-01-04,1.0797592401504517,1.6313179731369019,0.0,1.6856950521469116,1.6313179731369019,1.6856950521469116,0.0,137477010
2013-01-07,1.1085529327392578,1.6748199462890625,0.0,1.7074459791183472,1.653069019317627,1.653069019317627,0.0,97662583
2013-01-08,1.115751028060913,1.6856950521469116,0.0,1.7183209657669067,1.6748199462890625,1.6748199462890625,0.0,85433209
2013-01-09,1.1085529327392578,1.6748199462890625,0.0,1.6965700387954712,1.6639440059661865,1.6965700387954712,0.0,77357685
2013-01-10,1.0725606679916382,1.6204420328140259,0.0,1.6965700387954712,1.5986909866333008,1.6856950521469116,0.0,146412268
2013-01-11,1.1301476955413818,1.7074459791183472,0.0,1.7074459791183472,1.5878159999847412,1.6313179731369019,0.0,177213279
2013-01-14,1.3101075887680054,1.9793319702148438,0.0,1.9793319702148438,1.7074459791183472,1.7183209657669067,0.0,378908294
2013-01-15,1.3532981872558594,2.0445849895477295,0.0,2.1424639225006104,2.0445849895477295,2.0445849895477295,0.0,299263349
2013-01-16,1.3245042562484741,2.0010828971862793,0.0,2.066335916519165,2.0010828971862793,2.066335916519165,0.0,93028294
2013-01-17,1.3778886795043945,2.0772109031677246,0.00435,2.120712995529175,1.9902080297470093,1.9902080297470093,0.0,128734847
2013-01-18,1.3634600639343262,2.055459976196289,0.0,2.0880870819091797,2.055459976196289,2.0880870819091797,0.0,50687535
2013-01-21,1.3995308876037598,2.1098380088806152,0.0,2.131588935852051,2.055459976196289,2.055459976196289,0.0,99308491
2013-01-22,1.3778886795043945,2.0772109031677246,0.0,2.120712995529175,2.0772109031677246,2.120712995529175,0.0,71507354
2013-01-23,1.3778886795043945,2.0772109031677246,0.0,2.0989620685577393,2.03371000289917,2.0989620685577393,0.0,58664213
2013-01-24,1.4067447185516357,2.120712995529175,0.0,2.164215087890625,2.0772109031677246,2.0880870819091797,0.0,158889908
2013-01-25,1.3995308876037598,2.1098380088806152,0.0,2.1424639225006104,2.1098380088806152,2.131588935852051,0.0,27019559
2013-01-28,1.5077426433563232,2.272969961166382,0.0,2.2838449478149414,2.1098380088806152,2.120712995529175,0.0,221634411
2013-01-29,1.4283876419067383,2.1533401012420654,0.0,2.349097967147827,2.1533401012420654,2.2838449478149414,0.0,250329762
2013-01-30,1.4139593839645386,2.131588935852051,0.0,2.1859660148620605,2.131588935852051,2.1859660148620605,0.0,113284918
2013-01-31,1.4067447185516357,2.120712995529175,0.0,2.1859660148620605,2.120712995529175,2.131588935852051,0.0,138074686
2013-02-01,1.4139593839645386,2.131588935852051,0.0,2.1859660148620605,2.131588935852051,2.1424639225006104,0.0,36855930
2013-02-04,1.471671462059021,2.2185919284820557,0.0,2.2294681072235107,2.1424639225006104,2.1533401012420654,0.0,100538324
2013-02-05,1.4356014728546143,2.164215087890625,0.0,2.2512190341949463,2.164215087890625,2.1859660148620605,0.0,79100140
2013-02-06,1.4283876419067383,2.1533401012420654,0.0,2.19684100151062,2.120712995529175,2.19684100151062,0.0,86021690
2013-02-07,1.4283876419067383,2.1533401012420654,0.0,2.164215087890625,2.055459976196289,2.120712995529175,0.0,214020936
2013-02-08,1.5510261058807373,2.338222026824951,0.0,2.3926000595092773,2.1859660148620605,2.19684100151062,0.0,323386478
2013-02-11,1.6664519309997559,2.5122299194335938,0.0,2.5557310581207275,2.338222026824951,2.3817241191864014,0.0,337955984
2013-02-12,1.6664519309997559,2.5122299194335938,0.0,2.577481985092163,2.4796030521392822,2.544856071472168,0.0,134948380
2013-02-13,1.5943113565444946,2.403475046157837,0.0,2.5122299194335938,2.3817241191864014,2.5013539791107178,0.0,105423178
2013-02-14,1.601525068283081,2.4143500328063965,0.0,2.5231049060821533,2.3926000595092773,2.436100959777832,0.0,176102981
2013-02-15,1.6592378616333008,2.5013539791107178,0.0,2.577481985092163,2.5013539791107178,2.5231049060821533,0.0,222386103
2013-02-18,1.810733437538147,2.72973895072937,0.0,2.72973895072937,2.5557310581207275,2.577481985092163,0.0,298176038
2013-02-19,1.767449140548706,2.6644859313964844,0.0,2.718863010406494,2.642735004425049,2.6971120834350586,0.0,137497699
2013-02-20,1.760233998298645,2.6536099910736084,0.0,2.718863010406494,2.6318600177764893,2.718863010406494,0.0,66077696
2013-02-21,1.760233998298645,2.6536099910736084,0.0,2.686237096786499,2.6318600177764893,2.6536099910736084,0.0,62606577
2013-02-22,1.760233998298645,2.6536099910736084,0.0,2.675360918045044,2.642735004425049,2.6644859313964844,0.0,32371060
2013-02-26,1.7313789129257202,2.6101090908050537,0.0,2.6318600177764893,2.5666069984436035,2.6209840774536133,0.0,104257709
2013-02-27,1.6808793544769287,2.533979892730713,0.0,2.6209840774536133,2.533979892730713,2.6101090908050537,0.0,31709018
2013-02-28,1.6880942583084106,2.544856071472168,0.0,2.577481985092163,2.3599729537963867,2.5666069984436035,0.0,147014542
2013-03-01,1.6448092460632324,2.4796030521392822,0.0,2.577481985092163,2.4796030521392822,2.577481985092163,0.0,41083339
2013-03-04,1.6303811073303223,2.4578518867492676,0.0,2.4687280654907227,2.4143500328063965,2.4687280654907227,0.0,41653430
2013-03-05,1.6592378616333008,2.5013539791107178,0.0,2.5557310581207275,2.446976900100708,2.4796030521392822,0.0,54512663
2013-03-06,1.7313789129257202,2.6101090908050537,0.0,2.6536099910736084,2.5231049060821533,2.544856071472168,0.0,118126095
2013-03-07,1.716950535774231,2.588357925415039,0.0,2.642735004425049,2.577481985092163,2.642735004425049,0.0,37993813
2013-03-08,1.7025225162506104,2.5666069984436035,0.0,2.5992329120635986,2.544856071472168,2.5992329120635986,0.0,26212697
2013-03-11,1.6808793544769287,2.533979892730713,0.0,2.5992329120635986,2.5231049060821533,2.5992329120635986,0.0,22426648
2013-03-12,1.6520237922668457,2.490478992462158,0.0,2.533979892730713,2.4687280654907227,2.5231049060821533,0.0,53770165
2013-03-13,1.601525068283081,2.4143500328063965,0.0,2.5013539791107178,2.3926000595092773,2.5013539791107178,0.0,37750145
2013-03-14,1.6087391376495361,2.4252259731292725,0.0,2.4796030521392822,2.3926000595092773,2.403475046157837,0.0,32095209
2013-03-15,1.6087391376495361,2.4252259731292725,0.0,2.4796030521392822,2.4143500328063965,2.4687280654907227,0.0,15803936
2013-03-18,1.5870975255966187,2.3926000595092773,0.0,2.4143500328063965,2.349097967147827,2.3926000595092773,0.0,56278106
2013-03-19,1.5005279779434204,2.262094020843506,0.0,2.4143500328063965,2.207716941833496,2.403475046157837,0.0,79265651
2013-03-20,1.4139593839645386,2.131588935852051,0.0,2.294719934463501,2.03371000289917,2.2838449478149414,0.0,104124381
2013-03-21,1.4428153038024902,2.1750900745391846,0.0,2.2403430938720703,2.0772109031677246,2.0880870819091797,0.0,121631695
2013-03-22,1.3129616975784302,1.9793319702148438,0.0,2.164215087890625,1.9249550104141235,2.131588935852051,0.0,93336327
2013-03-25,1.3778886795043945,2.0772109031677246,0.0,2.0989620685577393,1.9793319702148438,2.03371000289917,0.0,108731085
2013-03-26,1.4428153038024902,2.1750900745391846,0.0,2.1859660148620605,2.03371000289917,2.0772109031677246,0.0,87145781
2013-03-27,1.5654542446136475,2.3599729537963867,0.0,2.3708488941192627,2.1859660148620605,2.19684100151062,0.0,89233050
2013-03-28,1.5365983247756958,2.3164710998535156,0.0,2.436100959777832,2.2838449478149414,2.3273470401763916,0.0,69475255
2013-03-29,1.5365983247756958,2.3164710998535156,0.0,2.3708488941192627,2.305596113204956,2.3599729537963867,0.0,23709353
2013-04-01,1.4788858890533447,2.2294681072235107,0.0,2.305596113204956,2.2294681072235107,2.305596113204956,0.0,27603443
2013-04-02,1.4500298500061035,2.1859660148620605,0.0,2.294719934463501,2.1859660148620605,2.2294681072235107,0.0,25438016
2013-04-03,1.3778886795043945,2.0772109031677246,0.0,2.2403430938720703,2.055459976196289,2.207716941833496,0.0,45156732
2013-04-04,1.3778886795043945,2.0772109031677246,0.0,2.1098380088806152,1.9467060565948486,1.9575810432434082,0.0,82699990
2013-04-05,1.3562465906143188,2.0445849895477295,0.0,2.0880870819091797,2.022834062576294,2.0880870819091797,0.0,35492768
2013-04-09,1.3634600639343262,2.055459976196289,0.0,2.0772109031677246,2.0010828971862793,2.055459976196289,0.0,15578658
2013-04-10,1.4139593839645386,2.131588935852051,0.0,2.131588935852051,2.0010828971862793,2.0772109031677246,0.0,22808241
2013-04-11,1.4860996007919312,2.2403430938720703,0.0,2.2403430938720703,2.0989620685577393,2.1424639225006104,0.0,33688246
2013-04-12,1.5005279779434204,2.262094020843506,0.0,2.294719934463501,2.207716941833496,2.262094020843506,0.0,21982988
2013-04-17,1.522169828414917,2.294719934463501,0.0,2.3273470401763916,2.2403430938720703,2.2403430938720703,0.0,39894883
2013-04-18,1.54381263256073,2.3273470401763916,0.0,2.349097967147827,2.2838449478149414,2.3164710998535156,0.0,44407338
2013-04-19,1.6087391376495361,2.4252259731292725,0.0,2.4252259731292725,2.338222026824951,2.349097967147827,0.0,58852711
2013-04-22,1.6303811073303223,2.4578518867492676,0.0,2.5013539791107178,2.436100959777832,2.490478992462158,0.0,59983698
2013-04-23,1.6888114213943481,2.544856071472168,0.001044,2.597058057785034,2.544856071472168,2.557905912399292,1.2,44739508
2013-04-24,1.7234537601470947,2.597058057785034,0.0,2.6101090908050537,2.557905912399292,2.584007978439331,0.0,17430305
2013-04-25,1.6974716186523438,2.557905912399292,0.0,2.6101090908050537,2.557905912399292,2.6101090908050537,0.0,14616247
2013-04-26,1.6974716186523438,2.557905912399292,0.0,2.584007978439331,2.544856071472168,2.5709569454193115,0.0,12547368
2013-04-29,1.714793086051941,2.584007978439331,0.0,2.584007978439331,2.584007978439331,2.584007978439331,0.0,787323
2013-04-30,1.7061326503753662,2.5709569454193115,0.0,2.6101090908050537,2.5709569454193115,2.584007978439331,0.0,4994044
2013-05-02,1.6801505088806152,2.5318050384521484,0.0,2.584007978439331,2.5318050384521484,2.584007978439331,0.0,7593552
2013-05-03,1.6801505088806152,2.5318050384521484,0.0,2.557905912399292,2.5187549591064453,2.5318050384521484,0.0,6792819
2013-05-07,1.6368482112884521,2.466552972793579,0.0,2.5187549591064453,2.4535019397735596,2.505703926086426,0.0,18792317
2013-05-08,1.714793086051941,2.584007978439331,0.0,2.6231589317321777,2.5187549591064453,2.5318050384521484,0.0,70820793
2013-05-09,1.7927377223968506,2.7014620304107666,0.0,2.714513063430786,2.584007978439331,2.597058057785034,0.0,95812085
2013-05-10,1.8620226383209229,2.8058669567108154,0.0,2.8058669567108154,2.675360918045044,2.714513063430786,0.0,74516041
2013-05-13,1.939968228340149,2.9233219623565674,0.0,2.9885740280151367,2.8189170360565186,2.831968069076538,0.0,116995108
2013-05-14,1.9226471185684204,2.897221088409424,0.0,3.0277259349823,2.8580689430236816,2.9885740280151367,0.0,78686365
2013-05-15,1.844702124595642,2.779766082763672,0.0,2.831968069076538,2.753664970397949,2.7667150497436523,0.0,57572305
2013-05-16,1.888003945350647,2.845017910003662,0.0,2.8841700553894043,2.792815923690796,2.792815923690796,0.0,54108848
2013-05-17,1.939968228340149,2.9233219623565674,0.0,2.9233219623565674,2.8058669567108154,2.8189170360565186,0.0,41929281
2013-05-20,1.9139856100082397,2.8841700553894043,0.0,2.9363720417022705,2.8841700553894043,2.9233219623565674,0.0,19240574
2013-05-21,1.9053258895874023,2.871119976043701,0.0,3.0016250610351562,2.871119976043701,2.9755239486694336,0.0,29805267
2013-05-22,1.9139856100082397,2.8841700553894043,0.0,2.94942307472229,2.871119976043701,2.871119976043701,0.0,15395907
2013-05-23,1.8966652154922485,2.8580689430236816,0.0,2.9233219623565674,2.8058669567108154,2.9233219623565674,0.0,26297750
2013-05-27,1.957289457321167,2.94942307472229,0.0,3.0016250610351562,2.8058669567108154,2.8189170360565186,0.0,51344596
2013-05-28,1.957289457321167,2.94942307472229,0.0,2.9755239486694336,2.9363720417022705,2.962472915649414,0.0,13943861
2013-05-29,1.9313071966171265,2.910270929336548,0.0,2.9755239486694336,2.910270929336548,2.962472915649414,0.0,13897886
2013-05-30,1.9139856100082397,2.8841700553894043,0.0,2.9363720417022705,2.8580689430236816,2.9233219623565674,0.0,20941653
2013-05-31,1.948628544807434,2.9363720417022705,0.0,2.9363720417022705,2.845017910003662,2.9233219623565674,0.0,29736304
2013-06-03,1.965949296951294,2.962472915649414,0.0,2.9885740280151367,2.9233219623565674,2.94942307472229,0.0,35255230
2013-06-04,1.9832700490951538,2.9885740280151367,0.0,3.0016250610351562,2.94942307472229,3.0016250610351562,0.0,30550446
2013-06-05,1.939968228340149,2.9233219623565674,0.0,2.9885740280151367,2.9233219623565674,2.9755239486694336,0.0,13671842
2013-06-06,1.8273805379867554,2.753664970397949,0.0,2.910270929336548,2.753664970397949,2.897221088409424,0.0,57066579
2013-06-07,1.844702124595642,2.779766082763672,0.0,2.831968069076538,2.7275640964508057,2.7406139373779297,0.0,26188560
2013-06-10,1.8706828355789185,2.8189170360565186,0.0,2.8580689430236816,2.8189170360565186,2.8580689430236816,0.0,6396284
2013-06-11,1.7754168510437012,2.675360918045044,0.0,2.8058669567108154,2.6101090908050537,2.8058669567108154,0.0,21629363
2013-06-12,1.6888114213943481,2.544856071472168,0.0,2.66231107711792,2.544856071472168,2.6231589317321777,0.0,27751713
2013-06-13,1.5502421855926514,2.3360469341278076,0.0,2.4143500328063965,2.061985969543457,2.4012999534606934,0.0,124075271
2013-06-14,1.6628292798995972,2.505703926086426,0.0,2.505703926086426,2.4143500328063965,2.4926540851593018,0.0,30981463
2013-06-17,1.6714904308319092,2.5187549591064453,0.0,2.544856071472168,2.427401065826416,2.5318050384521484,0.0,16485900
2013-06-18,1.6108664274215698,2.427401065826416,0.0,2.6101090908050537,2.4012999534606934,2.505703926086426,0.0,45881223
2013-06-19,1.6022051572799683,2.4143500328063965,0.0,2.4796030521392822,2.3621480464935303,2.466552972793579,0.0,22441590
2013-06-20,1.4722965955734253,2.2185919284820557,0.0,2.349097967147827,2.2055420875549316,2.349097967147827,0.0,74267009
2013-06-21,1.5502421855926514,2.3360469341278076,0.0,2.349097967147827,2.1141879558563232,2.179440975189209,0.0,42561438
2013-06-24,1.4549756050109863,2.192491054534912,0.0,2.3229970932006836,2.192491054534912,2.270793914794922,0.0,9254402
2013-06-25,1.4809577465057373,2.231642961502075,0.0,2.2838449478149414,2.1272380352020264,2.2055420875549316,0.0,21778782
2013-06-26,1.5589027404785156,2.349097967147827,0.0,2.3621480464935303,2.2446930408477783,2.2446930408477783,0.0,50070703
2013-06-27,1.5675630569458008,2.3621480464935303,0.0,2.4796030521392822,2.349097967147827,2.4143500328063965,0.0,50513213
2013-06-28,1.6195268630981445,2.4404520988464355,0.0,2.4535019397735596,2.37519907951355,2.4143500328063965,0.0,40044302
2013-07-02,1.5935455560684204,2.4012999534606934,0.0,2.466552972793579,2.388248920440674,2.4535019397735596,0.0,5980592
2013-07-03,1.5848840475082397,2.388248920440674,0.0,2.4143500328063965,2.37519907951355,2.388248920440674,0.0,9522590
2013-07-04,1.5935455560684204,2.4012999534606934,0.0,2.4012999534606934,2.349097967147827,2.4012999534606934,0.0,28981546
2013-07-05,1.5762238502502441,2.37519907951355,0.0,2.427401065826416,2.37519907951355,2.427401065826416,0.0,11689166
2013-07-08,1.5502421855926514,2.3360469341278076,0.0,2.349097967147827,2.309946060180664,2.349097967147827,0.0,12133592
2013-07-09,1.5415817499160767,2.3229970932006836,0.0,2.4143500328063965,2.3229970932006836,2.4143500328063965,0.0,7375170
2013-07-10,1.5242607593536377,2.296895980834961,0.0,2.3360469341278076,2.2446930408477783,2.3360469341278076,0.0,10949733
2013-07-11,1.5415817499160767,2.3229970932006836,0.0,2.349097967147827,2.2838449478149414,2.309946060180664,0.0,18081619
2013-07-12,1.5155997276306152,2.2838449478149414,0.0,2.349097967147827,2.270793914794922,2.3360469341278076,0.0,16187062
2013-07-15,1.6628292798995972,2.505703926086426,0.0,2.5318050384521484,2.3360469341278076,2.349097967147827,0.0,55444041
2013-07-16,1.6888114213943481,2.544856071472168,0.0,2.66231107711792,2.5187549591064453,2.557905912399292,0.0,78533114
2013-07-17,1.6888114213943481,2.544856071472168,0.0,2.5709569454193115,2.505703926086426,2.544856071472168,0.0,17087408
2013-07-18,1.844702124595642,2.779766082763672,0.0,2.779766082763672,2.584007978439331,2.6492600440979004,0.0,76422091
2013-07-19,1.939968228340149,2.9233219623565674,0.0,2.9363720417022705,2.792815923690796,2.845017910003662,0.0,80615403
2013-07-23,1.957289457321167,2.94942307472229,0.0,2.9885740280151367,2.897221088409424,2.962472915649414,0.0,45542157
2013-07-24,1.9053258895874023,2.871119976043701,0.0,2.9363720417022705,2.871119976043701,2.9233219623565674,0.0,27767038
2013-07-25,1.7927377223968506,2.7014620304107666,0.0,2.845017910003662,2.7014620304107666,2.831968069076538,0.0,33178689
2013-07-26,1.888003945350647,2.845017910003662,0.0,2.8841700553894043,2.6884119510650635,2.753664970397949,0.0,48526706
2013-07-29,1.818719744682312,2.7406139373779297,0.0,2.792815923690796,2.714513063430786,2.792815923690796,0.0,25857156
2013-07-30,1.801398754119873,2.714513063430786,0.0,2.7667150497436523,2.675360918045044,2.753664970397949,0.0,17300042
2013-07-31,1.7407742738723755,2.6231589317321777,0.0,2.714513063430786,2.6101090908050537,2.7014620304107666,0.0,30100273
2013-08-01,1.7234537601470947,2.597058057785034,0.0,2.66231107711792,2.557905912399292,2.6492600440979004,0.0,33728474
2013-08-02,1.732114553451538,2.6101090908050537,0.0,2.6231589317321777,2.5187549591064453,2.6101090908050537,0.0,31299457
2013-08-05,1.732114553451538,2.6101090908050537,0.0,2.6231589317321777,2.5318050384521484,2.597058057785034,0.0,8547535
2013-08-06,1.7494351863861084,2.6362099647521973,0.0,2.7014620304107666,2.5709569454193115,2.5709569454193115,0.0,27006533
2013-08-07,1.7667570114135742,2.66231107711792,0.0,2.675360918045044,2.6362099647521973,2.6362099647521973,0.0,10488067
2013-08-08,1.8706828355789185,2.8189170360565186,0.0,2.8189170360565186,2.6884119510650635,2.6884119510650635,0.0,54256352
2013-08-09,1.8793442249298096,2.831968069076538,0.0,2.845017910003662,2.753664970397949,2.8189170360565186,0.0,37695741
2013-08-13,1.9053258895874023,2.871119976043701,0.0,2.9233219623565674,2.8580689430236816,2.897221088409424,0.0,30968053
2013-08-14,1.9053258895874023,2.871119976043701,0.0,2.897221088409424,2.845017910003662,2.871119976043701,0.0,15566398
2013-08-15,1.8793442249298096,2.831968069076538,0.0,2.910270929336548,2.831968069076538,2.910270929336548,0.0,11673841
2013-08-16,1.8966652154922485,2.8580689430236816,0.0,2.871119976043701,2.8189170360565186,2.831968069076538,0.0,6271768
2013-08-19,1.8360410928726196,2.7667150497436523,0.0,2.8580689430236816,2.7667150497436523,2.845017910003662,0.0,12493730
2013-08-20,1.801398754119873,2.714513063430786,0.0,2.7275640964508057,2.6884119510650635,2.7275640964508057,0.0,17106564
2013-08-21,1.818719744682312,2.7406139373779297,0.0,2.779766082763672,2.6884119510650635,2.6884119510650635,0.0,8078206
2013-08-22,1.8273805379867554,2.753664970397949,0.0,2.779766082763672,2.6884119510650635,2.714513063430786,0.0,16529960
2013-08-23,1.818719744682312,2.7406139373779297,0.0,2.792815923690796,2.7406139373779297,2.779766082763672,0.0,6652978
2013-08-26,1.818719744682312,2.7406139373779297,0.0,2.779766082763672,2.7406139373779297,2.7406139373779297,0.0,7777452
2013-08-27,1.7927377223968506,2.7014620304107666,0.0,2.7406139373779297,2.675360918045044,2.7406139373779297,0.0,19278887
2013-08-28,1.801398754119873,2.714513063430786,0.0,2.7406139373779297,2.557905912399292,2.66231107711792,0.0,51840744
2013-08-29,1.9053258895874023,2.871119976043701,0.0,2.871119976043701,2.7014620304107666,2.7275640964508057,0.0,51591712
2013-08-30,1.8966652154922485,2.8580689430236816,0.0,2.9233219623565674,2.792815923690796,2.897221088409424,0.0,72134914
2013-09-02,2.0546398162841797,3.0929789543151855,0.0029,3.1125550270080566,2.9167959690093994,2.9363720417022705,1.5,59049893
2013-09-03,1.9896198511123657,2.9951000213623047,0.0,3.1517059803009033,2.9951000213623047,3.1125550270080566,0.0,66688143
2013-09-04,1.8855875730514526,2.8384931087493896,0.0,3.0342509746551514,2.8384931087493896,2.9951000213623047,0.0,17402848
2013-09-05,1.9115958213806152,2.8776450157165527,0.0,2.9559481143951416,2.8580689430236816,2.897221088409424,0.0,10967612
2013-09-06,1.9245998859405518,2.897221088409424,0.0,2.897221088409424,2.8384931087493896,2.897221088409424,0.0,5481252
2013-09-09,1.9766159057617188,2.9755239486694336,0.0,3.0342509746551514,2.9559481143951416,2.9755239486694336,0.0,16963530
2013-09-10,1.963611364364624,2.9559481143951416,0.0,3.0929789543151855,2.9559481143951416,3.014676094055176,0.0,35218195
2013-09-11,1.9896198511123657,2.9951000213623047,0.0,3.014676094055176,2.9363720417022705,2.9755239486694336,0.0,10396755
2013-09-12,2.002624034881592,3.014676094055176,0.0,3.0342509746551514,2.9755239486694336,3.014676094055176,0.0,14837182
2013-09-13,2.1456687450408936,3.2300100326538086,0.0,3.2300100326538086,2.9951000213623047,3.014676094055176,0.0,95278263
2013-09-16,2.1586720943450928,3.249584913253784,0.0,3.3278889656066895,3.249584913253784,3.2887370586395264,0.0,42954781
2013-09-17,2.132664918899536,3.2104339599609375,0.0,3.2300100326538086,3.1712820529937744,3.1712820529937744,0.0,20291616
2013-09-18,2.1976840496063232,3.3083128929138184,0.0,3.367039918899536,3.1517059803009033,3.1908578872680664,0.0,87920972
2013-09-19,2.23669695854187,3.367039918899536,0.0,3.4061920642852783,3.347464084625244,3.3866159915924072,0.0,46925241
2013-09-20,2.2497005462646484,3.3866159915924072,0.0,3.4061920642852783,3.3083128929138184,3.4061920642852783,0.0,26956727
2013-09-23,2.184680461883545,3.2887370586395264,0.0,3.367039918899536,3.2887370586395264,3.367039918899536,0.0,25442103
2013-09-24,2.184680461883545,3.2887370586395264,0.0,3.347464084625244,3.249584913253784,3.2887370586395264,0.0,20605779
2013-09-25,2.2106893062591553,3.3278889656066895,0.0,3.3278889656066895,3.249584913253784,3.2887370586395264,0.0,7367508
2013-09-26,2.184680461883545,3.2887370586395264,0.0,3.3278889656066895,3.2887370586395264,3.3083128929138184,0.0,6412247
2013-09-27,2.1716763973236084,3.2691609859466553,0.0,3.3278889656066895,3.249584913253784,3.2887370586395264,0.0,5597467
2013-09-30,2.132664918899536,3.2104339599609375,0.0,3.2300100326538086,3.1712820529937744,3.2104339599609375,0.0,4851648
2013-10-01,2.1716763973236084,3.2691609859466553,0.0,3.2887370586395264,3.2104339599609375,3.2300100326538086,0.0,14502586
2013-10-02,2.184680461883545,3.2887370586395264,0.0,3.347464084625244,3.2691609859466553,3.3278889656066895,0.0,9934450
2013-10-03,2.184680461883545,3.2887370586395264,0.0,3.3278889656066895,3.2887370586395264,3.2887370586395264,0.0,7805548
2013-10-04,2.184680461883545,3.2887370586395264,0.0,3.3083128929138184,3.2691609859466553,3.2887370586395264,0.0,7579504
2013-10-07,2.1716763973236084,3.2691609859466553,0.0,3.3083128929138184,3.2691609859466553,3.2887370586395264,0.0,4873359
2013-10-08,2.1716763973236084,3.2691609859466553,0.0,3.2887370586395264,3.2691609859466553,3.2887370586395264,0.0,6700869
2013-10-09,2.1716763973236084,3.2691609859466553,0.0,3.2887370586395264,3.249584913253784,3.2887370586395264,0.0,7108259
2013-10-10,2.2627053260803223,3.4061920642852783,0.0,3.4257678985595703,3.2887370586395264,3.2887370586395264,0.0,44629040
2013-10-11,2.2236926555633545,3.347464084625244,0.0,3.4257678985595703,3.347464084625244,3.4257678985595703,0.0,14503863
2013-10-14,2.2497005462646484,3.3866159915924072,0.0,3.4061920642852783,3.3278889656066895,3.3278889656066895,0.0,7013755
2013-10-15,2.2106893062591553,3.3278889656066895,0.0,3.4061920642852783,3.3278889656066895,3.367039918899536,0.0,15391438
2013-10-16,2.2236926555633545,3.347464084625244,0.0,3.367039918899536,3.3278889656066895,3.347464084625244,0.0,10380153
2013-10-17,2.2236926555633545,3.347464084625244,0.0,3.367039918899536,3.347464084625244,3.367039918899536,0.0,7974123
2013-10-18,2.23669695854187,3.367039918899536,0.0,3.4061920642852783,3.367039918899536,3.367039918899536,0.0,12410719
2013-10-21,2.1456687450408936,3.2300100326538086,0.0,3.367039918899536,3.1908578872680664,3.367039918899536,0.0,17277693
2013-10-22,2.1456687450408936,3.2300100326538086,0.0,3.2887370586395264,3.1712820529937744,3.1712820529937744,0.0,8654810
2013-10-24,2.184680461883545,3.2887370586395264,0.0,3.2887370586395264,3.2104339599609375,3.2104339599609375,0.0,3153124
2013-10-25,2.1456687450408936,3.2300100326538086,0.0,3.2887370586395264,3.2300100326538086,3.2691609859466553,0.0,4395729
2013-10-28,2.1196603775024414,3.1908578872680664,0.0,3.2691609859466553,3.1908578872680664,3.2300100326538086,0.0,5255208
2013-10-29,2.09365177154541,3.1517059803009033,0.0,3.1908578872680664,3.1517059803009033,3.1908578872680664,0.0,13967487
2013-10-30,2.0286319255828857,3.0538270473480225,0.0,3.1712820529937744,3.0342509746551514,3.1517059803009033,0.0,27107423
2013-10-31,2.002624034881592,3.014676094055176,0.0,3.0734028816223145,3.014676094055176,3.014676094055176,0.0,14517911
2013-11-01,2.002624034881592,3.014676094055176,0.0,3.0342509746551514,2.9755239486694336,3.014676094055176,0.0,15456569
2013-11-04,1.9115958213806152,2.8776450157165527,0.0,2.9755239486694336,2.760190010070801,2.9755239486694336,0.0,25954214
2013-11-05,2.0676445960998535,3.1125550270080566,0.0,3.1517059803009033,2.897221088409424,2.9363720417022705,0.0,31540188
2013-11-06,2.0676445960998535,3.1125550270080566,0.0,3.1321299076080322,3.0538270473480225,3.0734028816223145,0.0,13277861
2013-11-07,2.015627384185791,3.0342509746551514,0.0,3.1321299076080322,3.014676094055176,3.1125550270080566,0.0,11816874
2013-11-08,1.9506076574325562,2.9363720417022705,0.0,3.014676094055176,2.897221088409424,3.014676094055176,0.0,23724423
2013-11-11,1.963611364364624,2.9559481143951416,0.0,2.9755239486694336,2.8384931087493896,2.8776450157165527,0.0,7317701
2013-11-12,1.9506076574325562,2.9363720417022705,0.0,3.0342509746551514,2.9363720417022705,2.9755239486694336,0.0,8866806
2013-11-13,1.9376037120819092,2.9167959690093994,0.0,2.9559481143951416,2.897221088409424,2.897221088409424,0.0,4113493
2013-11-14,1.9896198511123657,2.9951000213623047,0.0,3.014676094055176,2.9363720417022705,2.9755239486694336,0.0,7786392
2013-11-15,1.9766159057617188,2.9755239486694336,0.0,3.014676094055176,2.9363720417022705,2.9951000213623047,0.0,3629477
2013-11-18,1.9506076574325562,2.9363720417022705,0.0,3.014676094055176,2.9363720417022705,3.014676094055176,0.0,2812142
2013-11-19,1.9506076574325562,2.9363720417022705,0.0,2.9559481143951416,2.897221088409424,2.9559481143951416,0.0,7413483
2013-11-20,1.9376037120819092,2.9167959690093994,0.0,2.9559481143951416,2.9167959690093994,2.9363720417022705,0.0,6939684
2013-11-21,1.8725827932357788,2.8189170360565186,0.0,2.9167959690093994,2.779766082763672,2.897221088409424,0.0,15989114
2013-11-22,1.8725827932357788,2.8189170360565186,0.0,2.8384931087493896,2.779766082763672,2.8189170360565186,0.0,3882340
2013-11-25,1.8725827932357788,2.8189170360565186,0.0,2.8189170360565186,2.760190010070801,2.779766082763672,0.0,2904093
2013-11-26,1.8465757369995117,2.779766082763672,0.0,2.8384931087493896,2.779766082763672,2.779766082763672,0.0,6924359
2013-11-27,1.8725827932357788,2.8189170360565186,0.0,2.8580689430236816,2.779766082763672,2.799341917037964,0.0,2787878
2013-11-28,1.8465757369995117,2.779766082763672,0.0,2.8580689430236816,2.779766082763672,2.8384931087493896,0.0,4109662
2013-11-29,1.8595794439315796,2.799341917037964,0.0,2.8189170360565186,2.779766082763672,2.8189170360565186,0.0,1232387
2013-12-02,1.8855875730514526,2.8384931087493896,0.0,2.8384931087493896,2.7406139373779297,2.760190010070801,0.0,3888726
2013-12-03,1.8855875730514526,2.8384931087493896,0.0,2.9363720417022705,2.799341917037964,2.8580689430236816,0.0,13179525
2013-12-04,1.8725827932357788,2.8189170360565186,0.0,2.8384931087493896,2.779766082763672,2.8189170360565186,0.0,5943557
2013-12-06,1.8465757369995117,2.779766082763672,0.0,2.8189170360565186,2.760190010070801,2.779766082763672,0.0,4506835
2013-12-09,1.8465757369995117,2.779766082763672,0.0,2.8189170360565186,2.779766082763672,2.779766082763672,0.0,3139076
2013-12-11,1.8465757369995117,2.779766082763672,0.0,2.8384931087493896,2.760190010070801,2.799341917037964,0.0,4625604
2013-12-12,1.833571434020996,2.760190010070801,0.0,2.8189170360565186,2.7406139373779297,2.779766082763672,0.0,2898984
2013-12-13,1.7295383214950562,2.6035830974578857,0.0,2.779766082763672,2.544856071472168,2.779766082763672,0.0,25794579
2013-12-16,1.6645182371139526,2.505703926086426,0.0,2.6035830974578857,2.505703926086426,2.584007978439331,0.0,3939809
2013-12-17,1.6775224208831787,2.525279998779297,0.0,2.584007978439331,2.505703926086426,2.505703926086426,0.0,8049471
2013-12-18,1.6905267238616943,2.544856071472168,0.0,2.6035830974578857,2.525279998779297,2.56443190574646,0.0,12530765
2013-12-19,1.638510823249817,2.466552972793579,0.0,2.56443190574646,2.407824993133545,2.544856071472168,0.0,25703906
2013-12-20,1.5604861974716187,2.349097967147827,0.0,2.466552972793579,2.329521894454956,2.466552972793579,0.0,21796023
2013-12-23,1.5084693431854248,2.270793914794922,0.0,2.3686740398406982,2.2512190341949463,2.3686740398406982,0.0,18153774
2013-12-24,1.4434493780136108,2.172914981842041,0.0,2.290369987487793,2.172914981842041,2.270793914794922,0.0,27664232
2013-12-25,1.4304460287094116,2.1533401012420654,0.0,2.231642961502075,2.1533401012420654,2.192491054534912,0.0,26115127
2013-12-26,1.4304460287094116,2.1533401012420654,0.0,2.212066888809204,2.094611883163452,2.172914981842041,0.0,16456527
2013-12-27,1.4564534425735474,2.192491054534912,0.0,2.192491054534912,2.1141879558563232,2.1337640285491943,0.0,15058118
2014-01-02,1.3004050254821777,1.9575810432434082,0.0,2.1337640285491943,1.9575810432434082,2.1337640285491943,0.0,17161479
2014-01-03,1.222380518913269,1.8401260375976562,0.0,1.9575810432434082,1.8401260375976562,1.918429970741272,0.0,29003895
2014-01-06,1.1755658388137817,1.7696529626846313,0.0,1.8401260375976562,1.7696529626846313,1.80097496509552,0.0,34314018
2014-01-07,1.196372628211975,1.80097496509552,0.0,1.8244659900665283,1.7774840593338013,1.7774840593338013,0.0,60305269
2014-01-08,1.2015742063522339,1.808804988861084,0.0,1.871448040008545,1.80097496509552,1.8244659900665283,0.0,153835202
2014-01-09,1.1027435064315796,1.6600290536880493,0.0,1.8322960138320923,1.6521990299224854,1.8244659900665283,0.0,93915613
2014-01-10,1.0559285879135132,1.5895559787750244,0.0,1.6991809606552124,1.5895559787750244,1.644368052482605,0.0,101266519
2014-01-13,1.0767351388931274,1.6208770275115967,0.0,1.6208770275115967,1.5582350492477417,1.5660649538040161,0.0,86507238
2014-01-14,1.1651629209518433,1.753993034362793,0.0,1.7774840593338013,1.6130470037460327,1.6130470037460327,0.0,143541890
2014-01-15,1.3914333581924438,2.094611883163452,0.0,2.1533401012420654,1.7774840593338013,1.7774840593338013,0.0,559828444
2014-01-16,1.3784294128417969,2.07503604888916,0.0,2.07503604888916,1.9771569967269897,1.9967329502105713,0.0,159246215
2014-01-17,1.4044373035430908,2.1141879558563232,0.0,2.2512190341949463,2.055459976196289,2.1533401012420654,0.0,193292045
2014-01-20,1.3914333581924438,2.094611883163452,0.0,2.212066888809204,2.094611883163452,2.1337640285491943,0.0,54518793
2014-01-21,1.3784294128417969,2.07503604888916,0.0,2.1533401012420654,2.0163090229034424,2.1337640285491943,0.0,93818554
2014-01-22,1.5474821329116821,2.329521894454956,0.0,2.3686740398406982,2.0163090229034424,2.0358850955963135,0.0,297452441
2014-01-23,1.534477949142456,2.309946060180664,0.0,2.388248920440674,2.290369987487793,2.3686740398406982,0.0,99561609
2014-01-24,1.5604861974716187,2.349097967147827,0.0,2.505703926086426,2.329521894454956,2.349097967147827,0.0,224578093
2014-01-27,1.4954659938812256,2.2512190341949463,0.0,2.388248920440674,2.231642961502075,2.309946060180664,0.0,114443490
2014-01-28,1.4564534425735474,2.192491054534912,0.0,2.309946060180664,2.1337640285491943,2.270793914794922,0.0,115832960
2014-01-29,1.52147376537323,2.290369987487793,0.0,2.290369987487793,2.192491054534912,2.231642961502075,0.0,150125268
2014-01-30,1.4954659938812256,2.2512190341949463,0.0,2.290369987487793,2.212066888809204,2.270793914794922,0.0,63827471
2014-01-31,1.5084693431854248,2.270793914794922,0.0,2.290369987487793,2.231642961502075,2.270793914794922,0.0,33985807
2014-02-03,1.5474821329116821,2.329521894454956,0.0,2.3686740398406982,2.270793914794922,2.290369987487793,0.0,129133808
2014-02-04,1.5084693431854248,2.270793914794922,0.0,2.3686740398406982,2.270793914794922,2.329521894454956,0.0,172163938
2014-02-05,1.482461929321289,2.231642961502075,0.0,2.329521894454956,2.212066888809204,2.309946060180664,0.0,89734434
2014-02-06,1.534477949142456,2.309946060180664,0.0,2.309946060180664,2.2512190341949463,2.270793914794922,0.0,55187986
2014-02-07,1.5084693431854248,2.270793914794922,0.0,2.3686740398406982,2.270793914794922,2.329521894454956,0.0,45296956
2014-02-10,1.4044373035430908,2.1141879558563232,0.0,2.290369987487793,2.094611883163452,2.270793914794922,0.0,111600697
2014-02-11,1.4954659938812256,2.2512190341949463,0.0,2.2512190341949463,2.1141879558563232,2.1337640285491943,0.0,50811413
2014-02-12,1.4954659938812256,2.2512190341949463,0.0,2.290369987487793,2.212066888809204,2.2512190341949463,0.0,81241813
2014-02-13,1.482461929321289,2.231642961502075,0.0,2.270793914794922,2.231642961502075,2.270793914794922,0.0,13987920
2014-02-17,1.4954659938812256,2.2512190341949463,0.0,2.270793914794922,2.212066888809204,2.231642961502075,0.0,39046898
2014-02-18,1.482461929321289,2.231642961502075,0.0,2.2512190341949463,2.192491054534912,2.2512190341949463,0.0,18750173
2014-02-19,1.52147376537323,2.290369987487793,0.0,2.329521894454956,2.231642961502075,2.2512190341949463,0.0,121189057
2014-02-20,1.5084693431854248,2.270793914794922,0.0,2.349097967147827,2.270793914794922,2.329521894454956,0.0,113741093
2014-02-21,1.5084693431854248,2.270793914794922,0.0,2.309946060180664,2.231642961502075,2.290369987487793,0.0,22218738
2014-02-24,1.482461929321289,2.231642961502075,0.0,2.270793914794922,2.231642961502075,2.270793914794922,0.0,12778520
2014-02-25,1.4954659938812256,2.2512190341949463,0.0,2.270793914794922,2.231642961502075,2.2512190341949463,0.0,16720884
2014-02-26,1.482461929321289,2.231642961502075,0.0,2.270793914794922,2.231642961502075,2.2512190341949463,0.0,10762002
2014-02-27,1.5474821329116821,2.329521894454956,0.0,2.349097967147827,2.2512190341949463,2.270793914794922,0.0,121447029
2014-02-28,1.6125024557113647,2.427401065826416,0.0,2.446976900100708,2.329521894454956,2.329521894454956,0.0,164466941
2014-03-03,1.6125024557113647,2.427401065826416,0.0,2.446976900100708,2.388248920440674,2.446976900100708,0.0,60012816
2014-03-04,1.7035306692123413,2.56443190574646,0.0,2.584007978439331,2.427401065826416,2.446976900100708,0.0,126743104
2014-03-05,1.6905267238616943,2.544856071472168,0.0,2.642735004425049,2.525279998779297,2.6231589317321777,0.0,105369796
2014-03-06,1.6645182371139526,2.505703926086426,0.0,2.56443190574646,2.505703926086426,2.56443190574646,0.0,25811181
2014-03-07,1.6775224208831787,2.525279998779297,0.0,2.56443190574646,2.505703926086426,2.505703926086426,0.0,22014405
2014-03-10,1.6775224208831787,2.525279998779297,0.0,2.525279998779297,2.466552972793579,2.525279998779297,0.0,20317158
2014-03-11,1.7165346145629883,2.584007978439331,0.0,2.6035830974578857,2.505703926086426,2.544856071472168,0.0,37266641
2014-03-12,1.7685514688491821,2.66231107711792,0.0,2.7014620304107666,2.584007978439331,2.584007978439331,0.0,117477846
2014-03-13,1.7425422668457031,2.6231589317321777,0.0,2.681886911392212,2.6035830974578857,2.66231107711792,0.0,69690572
2014-03-14,1.7425422668457031,2.6231589317321777,0.0,2.642735004425049,2.6035830974578857,2.6231589317321777,0.0,12848760
2014-03-17,1.6775224208831787,2.525279998779297,0.0,2.642735004425049,2.486128091812134,2.642735004425049,0.0,85276127
2014-03-18,1.6255064010620117,2.446976900100708,0.0,2.544856071472168,2.446976900100708,2.544856071472168,0.0,96513205
2014-03-19,1.638510823249817,2.466552972793579,0.0,2.505703926086426,2.427401065826416,2.446976900100708,0.0,46282866
2014-03-20,1.6775224208831787,2.525279998779297,0.0,2.544856071472168,2.466552972793579,2.486128091812134,0.0,45222885
2014-03-21,1.6775224208831787,2.525279998779297,0.0,2.544856071472168,2.486128091812134,2.525279998779297,0.0,26922245
2014-03-24,1.6775224208831787,2.525279998779297,0.0,2.544856071472168,2.486128091812134,2.525279998779297,0.0,22615912
2014-03-25,1.6645182371139526,2.505703926086426,0.0,2.544856071472168,2.486128091812134,2.525279998779297,0.0,28149525
2014-03-26,1.6645182371139526,2.505703926086426,0.0,2.544856071472168,2.505703926086426,2.525279998779297,0.0,8160578
2014-03-27,1.638510823249817,2.466552972793579,0.0,2.544856071472168,2.466552972793579,2.525279998779297,0.0,16142364
2014-03-28,1.6255064010620117,2.446976900100708,0.0,2.486128091812134,2.427401065826416,2.466552972793579,0.0,22315797
2014-03-31,1.6255064010620117,2.446976900100708,0.0,2.486128091812134,2.446976900100708,2.466552972793579,0.0,5523396
2014-04-01,1.6775224208831787,2.525279998779297,0.0,2.544856071472168,2.486128091812134,2.486128091812134,0.0,25064086
2014-04-02,1.7295383214950562,2.6035830974578857,0.0,2.6231589317321777,2.544856071472168,2.544856071472168,0.0,74170589
2014-04-03,1.7035306692123413,2.56443190574646,0.0,2.6231589317321777,2.544856071472168,2.6231589317321777,0.0,16430986
2014-04-04,1.6905267238616943,2.544856071472168,0.0,2.56443190574646,2.525279998779297,2.56443190574646,0.0,9266534
2014-04-08,1.6775224208831787,2.525279998779297,0.0,2.56443190574646,2.525279998779297,2.56443190574646,0.0,6016351
2014-04-09,1.6775224208831787,2.525279998779297,0.0,2.56443190574646,2.525279998779297,2.544856071472168,0.0,9122223
2014-04-10,1.6905267238616943,2.544856071472168,0.0,2.544856071472168,2.525279998779297,2.544856071472168,0.0,2881105
2014-04-11,1.6775224208831787,2.525279998779297,0.0,2.544856071472168,2.525279998779297,2.544856071472168,0.0,2854286
2014-04-16,1.7165346145629883,2.584007978439331,0.0,2.584007978439331,2.525279998779297,2.544856071472168,0.0,15187104
2014-04-17,1.7035306692123413,2.56443190574646,0.0,2.584007978439331,2.56443190574646,2.584007978439331,0.0,12111881
2014-04-18,1.7035306692123413,2.56443190574646,0.0,2.6231589317321777,2.56443190574646,2.584007978439331,0.0,24036032
2014-04-21,1.7165346145629883,2.584007978439331,0.0,2.584007978439331,2.544856071472168,2.56443190574646,0.0,7339412
2014-04-22,1.7295383214950562,2.6035830974578857,0.0,2.6035830974578857,2.56443190574646,2.584007978439331,0.0,14934241
2014-04-23,1.7425422668457031,2.6231589317321777,0.0,2.66231107711792,2.6231589317321777,2.6231589317321777,0.0,33142930
2014-04-24,1.7425422668457031,2.6231589317321777,0.0,2.681886911392212,2.6231589317321777,2.642735004425049,0.0,39196317
2014-04-25,1.7035306692123413,2.56443190574646,0.0,2.66231107711792,2.56443190574646,2.66231107711792,0.0,30928464
2014-04-28,1.7165346145629883,2.584007978439331,0.0,2.584007978439331,2.584007978439331,2.584007978439331,0.0,499340
2014-04-29,1.7165346145629883,2.584007978439331,0.0,2.584007978439331,2.584007978439331,2.584007978439331,0.0,0
2014-04-30,1.7425422668457031,2.6231589317321777,0.0,2.642735004425049,2.584007978439331,2.6035830974578857,0.0,13569036
2014-05-02,1.7425422668457031,2.6231589317321777,0.0,2.6231589317321777,2.584007978439331,2.6231589317321777,0.0,27906879
2014-05-06,1.7297879457473755,2.5487709045410156,0.055595,2.6309900283813477,2.5487709045410156,2.5898799896240234,1.05,23981238
2014-05-07,1.7018883228302002,2.507662057876587,0.0,2.5282158851623535,2.466552972793579,2.507662057876587,0.0,16035332
2014-05-08,1.5344899892807007,2.261007070541382,0.0,2.487107038497925,2.2404520511627197,2.487107038497925,0.0,76467033
2014-05-09,1.5344899892807007,2.261007070541382,0.0,2.3432250022888184,2.2198970317840576,2.2198970317840576,0.0,36330050
2014-05-12,1.5344899892807007,2.261007070541382,0.0,2.3021159172058105,2.2404520511627197,2.261007070541382,0.0,10926989
2014-05-14,1.5763393640518188,2.3226699829101562,0.0,2.3432250022888184,2.261007070541382,2.2815608978271484,0.0,32244592
2014-05-15,1.5344899892807007,2.261007070541382,0.0,2.3226699829101562,2.2198970317840576,2.3226699829101562,0.0,58984336
2014-05-16,1.5344899892807007,2.261007070541382,0.0,2.2815608978271484,2.2404520511627197,2.261007070541382,0.0,23149308
2014-05-19,1.548439383506775,2.2815608978271484,0.0,2.2815608978271484,2.261007070541382,2.2815608978271484,0.0,6605574
2014-05-20,1.4647397994995117,2.1582329273223877,0.0,2.261007070541382,2.137679100036621,2.2404520511627197,0.0,41174462
2014-05-21,1.506589651107788,2.2198970317840576,0.0,2.2198970317840576,2.17878794670105,2.17878794670105,0.0,24904389
2014-05-22,1.4926401376724243,2.199342966079712,0.0,2.2404520511627197,2.199342966079712,2.2404520511627197,0.0,19433597
2014-05-23,1.506589651107788,2.2198970317840576,0.0,2.261007070541382,2.076014995574951,2.076014995574951,0.0,33721146
2014-05-26,1.506589651107788,2.2198970317840576,0.0,2.2198970317840576,2.117124080657959,2.2198970317840576,0.0,23290396
2014-05-27,1.506589651107788,2.2198970317840576,0.0,2.2404520511627197,2.199342966079712,2.2404520511627197,0.0,9064876
2014-05-28,1.5623897314071655,2.3021159172058105,0.0,2.3021159172058105,2.2404520511627197,2.2404520511627197,0.0,38317439
2014-05-29,1.5623897314071655,2.3021159172058105,0.0,2.3432250022888184,2.261007070541382,2.3226699829101562,0.0,20147548
2014-05-30,1.548439383506775,2.2815608978271484,0.0,2.3432250022888184,2.2815608978271484,2.3021159172058105,0.0,41339875
2014-06-02,1.6460882425308228,2.425442934036255,0.0,2.445997953414917,2.3021159172058105,2.3226699829101562,0.0,89629530
2014-06-03,1.6600388288497925,2.445997953414917,0.0,2.487107038497925,2.445997953414917,2.466552972793579,0.0,90120904
2014-06-04,1.6460882425308228,2.425442934036255,0.0,2.487107038497925,2.425442934036255,2.466552972793579,0.0,31466178
2014-06-05,1.6739892959594727,2.466552972793579,0.0,2.487107038497925,2.425442934036255,2.466552972793579,0.0,28781865
2014-06-06,1.7297879457473755,2.5487709045410156,0.0,2.5898799896240234,2.507662057876587,2.5282158851623535,0.0,78102919
2014-06-09,1.7158379554748535,2.5282158851623535,0.0,2.6104350090026855,2.5282158851623535,2.5898799896240234,0.0,45572503
2014-06-10,1.7018883228302002,2.507662057876587,0.0,2.5487709045410156,2.487107038497925,2.5487709045410156,0.0,29707448
2014-06-11,1.6739892959594727,2.466552972793579,0.0,2.5282158851623535,2.445997953414917,2.507662057876587,0.0,32817456
2014-06-12,1.6879386901855469,2.487107038497925,0.0,2.507662057876587,2.445997953414917,2.445997953414917,0.0,19914024
2014-06-13,1.6600388288497925,2.445997953414917,0.0,2.507662057876587,2.425442934036255,2.507662057876587,0.0,19459138
2014-06-16,1.7018883228302002,2.507662057876587,0.0,2.5282158851623535,2.445997953414917,2.466552972793579,0.0,22592256
2014-06-17,1.6739892959594727,2.466552972793579,0.0,2.507662057876587,2.466552972793579,2.507662057876587,0.0,17646893
2014-06-18,1.6460882425308228,2.425442934036255,0.0,2.487107038497925,2.425442934036255,2.466552972793579,0.0,13808338
2014-06-19,1.6600388288497925,2.445997953414917,0.0,2.466552972793579,2.425442934036255,2.445997953414917,0.0,8310787
2014-06-20,1.6739892959594727,2.466552972793579,0.0,2.466552972793579,2.445997953414917,2.466552972793579,0.0,17464452
2014-06-23,1.6600388288497925,2.445997953414917,0.0,2.487107038497925,2.425442934036255,2.487107038497925,0.0,9299617
2014-06-24,1.7716381549835205,2.6104350090026855,0.0,2.6309900283813477,2.466552972793579,2.487107038497925,0.0,184385649
2014-06-25,1.841387391090393,2.713207960128784,0.0,2.774872064590454,2.6515440940856934,2.6515440940856934,0.0,225826475
2014-06-26,1.8832377195358276,2.774872064590454,0.0,2.836535930633545,2.7337629795074463,2.7337629795074463,0.0,121167469
2014-06-27,1.8274375200271606,2.692652940750122,0.0,2.7954258918762207,2.692652940750122,2.7954258918762207,0.0,87391590
2014-06-30,1.8274375200271606,2.692652940750122,0.0,2.713207960128784,2.6515440940856934,2.692652940750122,0.0,52226728
2014-07-02,1.7855885028839111,2.6309900283813477,0.0,2.713207960128784,2.5693259239196777,2.713207960128784,0.0,108187412
2014-07-03,1.8134883642196655,2.6720991134643555,0.0,2.692652940750122,2.6104350090026855,2.6515440940856934,0.0,50866935
2014-07-04,1.8134883642196655,2.6720991134643555,0.0,2.754317045211792,2.6515440940856934,2.692652940750122,0.0,86264105
2014-07-07,1.7716381549835205,2.6104350090026855,0.0,2.692652940750122,2.6104350090026855,2.6720991134643555,0.0,32645962
2014-07-08,1.7716381549835205,2.6104350090026855,0.0,2.6515440940856934,2.6104350090026855,2.6309900283813477,0.0,15343273
2014-07-09,1.7855885028839111,2.6309900283813477,0.0,2.6720991134643555,2.6104350090026855,2.6309900283813477,0.0,25878623
2014-07-10,1.7855885028839111,2.6309900283813477,0.0,2.6720991134643555,2.6104350090026855,2.6515440940856934,0.0,17069164
2014-07-14,1.7716381549835205,2.6104350090026855,0.0,2.6515440940856934,2.6104350090026855,2.6309900283813477,0.0,11524179
2014-07-15,1.7576879262924194,2.5898799896240234,0.0,2.6720991134643555,2.5898799896240234,2.6309900283813477,0.0,47015001
2014-07-16,1.8274375200271606,2.692652940750122,0.0,2.713207960128784,2.6104350090026855,2.6104350090026855,0.0,80031927
2014-07-17,1.911137342453003,2.815980911254883,0.0,2.836535930633545,2.713207960128784,2.7337629795074463,0.0,184732286
2014-07-18,1.8832377195358276,2.774872064590454,0.0,2.7954258918762207,2.692652940750122,2.774872064590454,0.0,91447857
2014-07-21,1.8692877292633057,2.754317045211792,0.0,2.774872064590454,2.7337629795074463,2.774872064590454,0.0,33628710
2014-07-22,1.9529876708984375,2.8776450157165527,0.0,2.8776450157165527,2.754317045211792,2.7954258918762207,0.0,245452243
2014-07-23,2.0366859436035156,3.000972032546997,0.0,3.000972032546997,2.8981990814208984,2.8981990814208984,0.0,131729576
2014-07-24,1.9948370456695557,2.9393088817596436,0.0,3.021527051925659,2.9187541007995605,3.021527051925659,0.0,39532495
2014-07-25,2.13433575630188,3.14485502243042,0.0,3.14485502243042,2.9598629474639893,2.9598629474639893,0.0,153710048
2014-07-28,2.106436014175415,3.103745937347412,0.0,3.2065188884735107,3.062635898590088,3.1859641075134277,0.0,43760257
2014-07-29,2.008786201477051,2.9598629474639893,0.0,3.14485502243042,2.9393088817596436,3.14485502243042,0.0,65108267
2014-07-30,1.9948370456695557,2.9393088817596436,0.0,2.9598629474639893,2.815980911254883,2.9393088817596436,0.0,75995119
2014-07-31,1.925087809562683,2.836535930633545,0.0,2.9393088817596436,2.836535930633545,2.9187541007995605,0.0,15042854
2014-08-01,1.9948370456695557,2.9393088817596436,0.0,2.9393088817596436,2.774872064590454,2.836535930633545,0.0,48248301
2014-08-04,2.008786201477051,2.9598629474639893,0.0,3.000972032546997,2.8981990814208984,2.8981990814208984,0.0,20398101
2014-08-05,1.9948370456695557,2.9393088817596436,0.0,2.9804179668426514,2.9393088817596436,2.9598629474639893,0.0,6610439
2014-08-06,1.9948370456695557,2.9393088817596436,0.0,3.0420820713043213,2.9393088817596436,2.9598629474639893,0.0,30448158
2014-08-07,1.9529876708984375,2.8776450157165527,0.0,2.9804179668426514,2.8570899963378906,2.9804179668426514,0.0,34795115
2014-08-08,1.9808868169784546,2.9187541007995605,0.0,2.9187541007995605,2.8570899963378906,2.8776450157165527,0.0,17116598
2014-08-13,1.9948370456695557,2.9393088817596436,0.0,2.9598629474639893,2.8981990814208984,2.9393088817596436,0.0,13438591
2014-08-14,2.008786201477051,2.9598629474639893,0.0,3.000972032546997,2.9187541007995605,2.9598629474639893,0.0,45711158
2014-08-15,2.0227365493774414,2.9804179668426514,0.0,2.9804179668426514,2.9804179668426514,2.9804179668426514,0.0,4871170
2014-08-18,2.0227365493774414,2.9804179668426514,0.0,2.9804179668426514,2.9804179668426514,2.9804179668426514,0.0,0
2014-08-19,1.9808868169784546,2.9187541007995605,0.0,2.9598629474639893,2.9187541007995605,2.9598629474639893,0.0,19914024
2014-08-20,2.0227365493774414,2.9804179668426514,0.0,3.000972032546997,2.9187541007995605,2.9393088817596436,0.0,23139578
2014-08-21,2.0227365493774414,2.9804179668426514,0.0,3.000972032546997,2.9598629474639893,2.9804179668426514,0.0,4918604
2014-08-22,2.0227365493774414,2.9804179668426514,0.0,3.000972032546997,2.9393088817596436,3.000972032546997,0.0,9753286
2014-08-25,1.9808868169784546,2.9187541007995605,0.0,2.9804179668426514,2.9187541007995605,2.9804179668426514,0.0,24067594
2014-08-26,1.966936469078064,2.8981990814208984,0.0,2.9393088817596436,2.8776450157165527,2.9187541007995605,0.0,26878399
2014-08-27,1.9948370456695557,2.9393088817596436,0.0,3.021527051925659,2.8981990814208984,2.8981990814208984,0.0,39326945
2014-08-28,1.9808868169784546,2.9187541007995605,0.0,2.9598629474639893,2.9187541007995605,2.9598629474639893,0.0,18043398
2014-08-29,2.0366859436035156,3.000972032546997,0.0,3.000972032546997,2.8981990814208984,2.9187541007995605,0.0,38257842
2014-09-01,2.0645861625671387,3.0420820713043213,0.0,3.103745937347412,3.000972032546997,3.0420820713043213,0.0,73566224
2014-09-02,2.231984853744507,3.2887370586395264,0.0,3.2887370586395264,3.062635898590088,3.062635898590088,0.0,216524425
2014-09-03,2.176185131072998,3.2065188884735107,0.0,3.3092920780181885,3.2065188884735107,3.3092920780181885,0.0,73768125
2014-09-04,2.204085350036621,3.2476279735565186,0.0,3.2476279735565186,3.14485502243042,3.2065188884735107,0.0,55364710
2014-09-05,2.1622354984283447,3.1859641075134277,0.0,3.2681820392608643,3.1654090881347656,3.2681820392608643,0.0,25299678
2014-09-08,2.1482856273651123,3.1654090881347656,0.0,3.2270729541778564,3.1654090881347656,3.1859641075134277,0.0,11076590
2014-09-09,2.13433575630188,3.14485502243042,0.0,3.1859641075134277,3.124300003051758,3.1654090881347656,0.0,15075693
2014-09-10,2.1203856468200684,3.124300003051758,0.0,3.14485502243042,3.08319091796875,3.124300003051758,0.0,25663343
2014-09-11,2.0924861431121826,3.08319091796875,0.0,3.14485502243042,3.062635898590088,3.124300003051758,0.0,17013215
2014-09-12,2.106436014175415,3.103745937347412,0.0,3.103745937347412,3.0420820713043213,3.062635898590088,0.0,13734145
2014-09-15,2.176185131072998,3.2065188884735107,0.0,3.2476279735565186,3.062635898590088,3.062635898590088,0.0,40360776
2014-09-16,2.1203856468200684,3.124300003051758,0.0,3.2270729541778564,3.124300003051758,3.2270729541778564,0.0,13391156
2014-09-17,2.1203856468200684,3.124300003051758,0.0,3.1859641075134277,3.103745937347412,3.1859641075134277,0.0,10192361
2014-09-18,2.2180349826812744,3.2681820392608643,0.0,3.3092920780181885,3.124300003051758,3.1859641075134277,0.0,66567793
2014-09-19,2.259884834289551,3.329845905303955,0.0,3.391510009765625,3.2887370586395264,3.3092920780181885,0.0,104247906
2014-09-22,2.2738349437713623,3.350400924682617,0.0,3.370954990386963,3.2887370586395264,3.370954990386963,0.0,27304094
2014-09-23,2.259884834289551,3.329845905303955,0.0,3.5559470653533936,3.329845905303955,3.350400924682617,0.0,146833245
2014-09-24,2.259884834289551,3.329845905303955,0.0,3.391510009765625,3.329845905303955,3.329845905303955,0.0,37431993
2014-09-25,2.2738349437713623,3.350400924682617,0.0,3.391510009765625,3.329845905303955,3.350400924682617,0.0,20512430
2014-09-26,2.259884834289551,3.329845905303955,0.0,3.370954990386963,3.329845905303955,3.350400924682617,0.0,11563099
2014-09-29,2.2180349826812744,3.2681820392608643,0.0,3.329845905303955,3.2476279735565186,3.329845905303955,0.0,18899653
2014-09-30,2.1901347637176514,3.2270729541778564,0.0,3.2681820392608643,3.2270729541778564,3.2476279735565186,0.0,10317637
2014-10-01,2.231984853744507,3.2887370586395264,0.0,3.3092920780181885,3.2270729541778564,3.2270729541778564,0.0,15074477
2014-10-02,2.176185131072998,3.2065188884735107,0.0,3.2887370586395264,3.2065188884735107,3.2476279735565186,0.0,29771910
2014-10-03,2.204085350036621,3.2476279735565186,0.0,3.2476279735565186,3.14485502243042,3.2065188884735107,0.0,30152604
2014-10-06,2.1622354984283447,3.1859641075134277,0.0,3.2681820392608643,3.124300003051758,3.2681820392608643,0.0,35752321
2014-10-07,2.176185131072998,3.2065188884735107,0.0,3.2476279735565186,3.124300003051758,3.14485502243042,0.0,22699288
2014-10-08,2.1901347637176514,3.2270729541778564,0.0,3.2270729541778564,3.1654090881347656,3.1654090881347656,0.0,9079471
2014-10-09,2.2738349437713623,3.350400924682617,0.0,3.350400924682617,3.2065188884735107,3.2270729541778564,0.0,32360138
2014-10-10,2.231984853744507,3.2887370586395264,0.0,3.350400924682617,3.2681820392608643,3.329845905303955,0.0,18303680
2014-10-13,2.2459356784820557,3.3092920780181885,0.0,3.3092920780181885,3.2476279735565186,3.2681820392608643,0.0,18166241
2014-10-14,2.2738349437713623,3.350400924682617,0.0,3.350400924682617,3.2476279735565186,3.2887370586395264,0.0,25827540
2014-10-15,2.2459356784820557,3.3092920780181885,0.0,3.412065029144287,3.3092920780181885,3.350400924682617,0.0,33795339
2014-10-16,2.2459356784820557,3.3092920780181885,0.0,3.329845905303955,3.2270729541778564,3.3092920780181885,0.0,23405942
2014-10-17,2.2180349826812744,3.2681820392608643,0.0,3.3092920780181885,3.2476279735565186,3.2887370586395264,0.0,14954066
2014-10-20,2.176185131072998,3.2065188884735107,0.0,3.2887370586395264,3.1859641075134277,3.2681820392608643,0.0,24387473
2014-10-21,2.1482856273651123,3.1654090881347656,0.0,3.2270729541778564,3.14485502243042,3.1859641075134277,0.0,19158719
2014-10-22,2.1622354984283447,3.1859641075134277,0.0,3.2065188884735107,3.103745937347412,3.2065188884735107,0.0,29482438
2014-10-24,2.13433575630188,3.14485502243042,0.0,3.2065188884735107,3.124300003051758,3.1654090881347656,0.0,26942861
2014-10-27,2.1901347637176514,3.2270729541778564,0.0,3.2681820392608643,3.1654090881347656,3.2681820392608643,0.0,42665612
2014-10-28,2.1622354984283447,3.1859641075134277,0.0,3.2681820392608643,3.1654090881347656,3.2065188884735107,0.0,35977331
2014-10-29,2.1622354984283447,3.1859641075134277,0.0,3.1859641075134277,3.1859641075134277,3.1859641075134277,0.0,2054283
2014-10-30,2.1622354984283447,3.1859641075134277,0.0,3.1859641075134277,3.1859641075134277,3.1859641075134277,0.0,0
2014-10-31,2.176185131072998,3.2065188884735107,0.0,3.2065188884735107,3.14485502243042,3.1859641075134277,0.0,20803119
2014-11-03,2.1482856273651123,3.1654090881347656,0.0,3.2065188884735107,3.14485502243042,3.2065188884735107,0.0,14904199
2014-11-04,2.07853627204895,3.062635898590088,0.0,3.1654090881347656,3.0420820713043213,3.1654090881347656,0.0,51393581
2014-11-05,2.0366859436035156,3.000972032546997,0.0,3.14485502243042,2.9598629474639893,3.08319091796875,0.0,49698098
2014-11-06,2.0366859436035156,3.000972032546997,0.0,3.062635898590088,3.000972032546997,3.0420820713043213,0.0,14583103
2014-11-07,1.9948370456695557,2.9393088817596436,0.0,3.021527051925659,2.9187541007995605,3.021527051925659,0.0,18101779
2014-11-10,2.008786201477051,2.9598629474639893,0.0,3.021527051925659,2.9393088817596436,2.9393088817596436,0.0,20967316
2014-11-11,2.0366859436035156,3.000972032546997,0.0,3.021527051925659,2.9804179668426514,2.9804179668426514,0.0,6750310
2014-11-12,2.008786201477051,2.9598629474639893,0.0,3.08319091796875,2.9598629474639893,3.000972032546997,0.0,20500267
2014-11-13,2.1203856468200684,3.124300003051758,0.0,3.14485502243042,3.021527051925659,3.021527051925659,0.0,42421141
2014-11-14,2.1901347637176514,3.2270729541778564,0.0,3.2476279735565186,3.1654090881347656,3.1654090881347656,0.0,48717782
2014-11-17,2.1901347637176514,3.2270729541778564,0.0,3.2270729541778564,3.2270729541778564,3.2270729541778564,0.0,0
2014-11-18,2.231984853744507,3.2887370586395264,0.0,3.370954990386963,3.2065188884735107,3.2270729541778564,0.0,108206872
2014-11-19,2.176185131072998,3.2065188884735107,0.0,3.3092920780181885,3.1654090881347656,3.2887370586395264,0.0,17632298
2014-11-20,2.0924861431121826,3.08319091796875,0.0,3.2270729541778564,3.08319091796875,3.2065188884735107,0.0,20890691
2014-11-21,2.0645861625671387,3.0420820713043213,0.0,3.103745937347412,3.0420820713043213,3.103745937347412,0.0,19555224
2014-11-24,2.0366859436035156,3.000972032546997,0.0,3.062635898590088,3.000972032546997,3.062635898590088,0.0,28218731
2014-11-25,2.07853627204895,3.062635898590088,0.0,3.062635898590088,3.000972032546997,3.021527051925659,0.0,37974450
2014-11-26,2.008786201477051,2.9598629474639893,0.0,3.062635898590088,2.9598629474639893,3.062635898590088,0.0,31040482
2014-11-27,2.0366859436035156,3.000972032546997,0.0,3.0420820713043213,2.9804179668426514,2.9804179668426514,0.0,10655760
2014-11-28,2.07853627204895,3.062635898590088,0.0,3.062635898590088,3.000972032546997,3.021527051925659,0.0,12705179
2014-12-01,2.0227365493774414,2.9804179668426514,0.0,3.062635898590088,2.9804179668426514,3.062635898590088,0.0,18888707
2014-12-02,1.9808868169784546,2.9187541007995605,0.0,3.021527051925659,2.8776450157165527,3.000972032546997,0.0,37137655
2014-12-03,1.966936469078064,2.8981990814208984,0.0,2.9393088817596436,2.8776450157165527,2.9393088817596436,0.0,28036290
2014-12-04,1.9808868169784546,2.9187541007995605,0.0,2.9393088817596436,2.8981990814208984,2.9187541007995605,0.0,6943697
2014-12-08,1.925087809562683,2.836535930633545,0.0,2.9187541007995605,2.836535930633545,2.9187541007995605,0.0,10501294
2014-12-09,1.9529876708984375,2.8776450157165527,0.0,2.8776450157165527,2.7954258918762207,2.8776450157165527,0.0,16926860
2014-12-11,1.925087809562683,2.836535930633545,0.0,2.8570899963378906,2.754317045211792,2.8570899963378906,0.0,17215116
2014-12-12,1.8832377195358276,2.774872064590454,0.0,2.8570899963378906,2.774872064590454,2.8570899963378906,0.0,9439488
2014-12-15,1.8274375200271606,2.692652940750122,0.0,2.774872064590454,2.466552972793579,2.713207960128784,0.0,27710329
2014-12-16,1.7855885028839111,2.6309900283813477,0.0,2.713207960128784,2.5487709045410156,2.6309900283813477,0.0,30573434
2014-12-17,1.8274375200271606,2.692652940750122,0.0,2.713207960128784,2.6309900283813477,2.6720991134643555,0.0,7037350
2014-12-18,1.911137342453003,2.815980911254883,0.0,2.815980911254883,2.754317045211792,2.7954258918762207,0.0,24382608
2014-12-19,1.9529876708984375,2.8776450157165527,0.0,2.8776450157165527,2.7954258918762207,2.8776450157165527,0.0,15148670
2014-12-22,1.925087809562683,2.836535930633545,0.0,2.8981990814208984,2.836535930633545,2.8981990814208984,0.0,1877924
2014-12-23,1.8971872329711914,2.7954258918762207,0.0,2.8776450157165527,2.7954258918762207,2.8776450157165527,0.0,2067662
2014-12-24,1.8971872329711914,2.7954258918762207,0.0,2.7954258918762207,2.713207960128784,2.774872064590454,0.0,10395478
2014-12-25,1.8274375200271606,2.692652940750122,0.0,2.7954258918762207,2.692652940750122,2.7954258918762207,0.0,9080688
2014-12-26,1.8134883642196655,2.6720991134643555,0.0,2.774872064590454,2.6720991134643555,2.774872064590454,0.0,6825719
2014-12-29,1.7437382936477661,2.5693259239196777,0.0,2.713207960128784,2.5693259239196777,2.692652940750122,0.0,10299392
2014-12-30,1.7576879262924194,2.5898799896240234,0.0,2.5898799896240234,2.5282158851623535,2.5693259239196777,0.0,17873119
2015-01-05,1.7297879457473755,2.5487709045410156,0.0,2.6309900283813477,2.507662057876587,2.6309900283813477,0.0,18438686
2015-01-06,1.6739892959594727,2.466552972793579,0.0,2.507662057876587,2.425442934036255,2.507662057876587,0.0,26315265
2015-01-07,1.7158379554748535,2.5282158851623535,0.0,2.5693259239196777,2.466552972793579,2.487107038497925,0.0,10823606
2015-01-08,1.7297879457473755,2.5487709045410156,0.0,2.5898799896240234,2.5282158851623535,2.5693259239196777,0.0,20305664
2015-01-09,1.7018883228302002,2.507662057876587,0.0,2.5898799896240234,2.466552972793579,2.5693259239196777,0.0,33001113
2015-01-12,1.6181889772415161,2.384334087371826,0.0,2.5282158851623535,2.384334087371826,2.487107038497925,0.0,59474494
2015-01-13,1.6739892959594727,2.466552972793579,0.0,2.5282158851623535,2.384334087371826,2.384334087371826,0.0,116003177
2015-01-14,1.7437382936477661,2.5693259239196777,0.0,2.5898799896240234,2.487107038497925,2.487107038497925,0.0,102812705
2015-01-15,1.7437382936477661,2.5693259239196777,0.0,2.5898799896240234,2.5282158851623535,2.5693259239196777,0.0,24891010
2015-01-16,1.7437382936477661,2.5693259239196777,0.0,2.5898799896240234,2.5282158851623535,2.5487709045410156,0.0,10892933
2015-01-19,1.7158379554748535,2.5282158851623535,0.0,2.5898799896240234,2.5282158851623535,2.5898799896240234,0.0,23965427
2015-01-20,1.7158379554748535,2.5282158851623535,0.0,2.5693259239196777,2.507662057876587,2.5487709045410156,0.0,25789835
2015-01-21,1.7158379554748535,2.5282158851623535,0.0,2.5693259239196777,2.507662057876587,2.5487709045410156,0.0,18537204
2015-01-22,1.7297879457473755,2.5487709045410156,0.0,2.5487709045410156,2.507662057876587,2.5487709045410156,0.0,10489131
2015-01-23,1.799538016319275,2.6515440940856934,0.0,2.6720991134643555,2.507662057876587,2.5282158851623535,0.0,122284006
2015-01-26,1.799538016319275,2.6515440940856934,0.0,2.6720991134643555,2.6309900283813477,2.6720991134643555,0.0,40220905
2015-01-27,1.925087809562683,2.836535930633545,0.0,2.9598629474639893,2.6720991134643555,2.6720991134643555,0.0,166008992
2015-01-28,1.966936469078064,2.8981990814208984,0.0,2.9393088817596436,2.8570899963378906,2.8981990814208984,0.0,51822925
2015-01-29,2.0645861625671387,3.0420820713043213,0.0,3.0420820713043213,2.8776450157165527,2.9187541007995605,0.0,94301232
2015-01-30,2.0645861625671387,3.0420820713043213,0.0,3.124300003051758,2.9804179668426514,3.103745937347412,0.0,79283919
2015-02-02,2.13433575630188,3.14485502243042,0.0,3.1654090881347656,3.000972032546997,3.0420820713043213,0.0,88240548
2015-02-03,2.1203856468200684,3.124300003051758,0.0,3.1654090881347656,3.08319091796875,3.1654090881347656,0.0,29996921
2015-02-04,2.0366859436035156,3.000972032546997,0.0,3.1654090881347656,2.9804179668426514,3.14485502243042,0.0,88702731
2015-02-05,2.1203856468200684,3.124300003051758,0.0,3.1654090881347656,2.9804179668426514,2.9804179668426514,0.0,61578645
2015-02-06,2.1482856273651123,3.1654090881347656,0.0,3.2065188884735107,3.103745937347412,3.14485502243042,0.0,82535015
2015-02-09,2.2180349826812744,3.2681820392608643,0.0,3.2887370586395264,3.1859641075134277,3.2065188884735107,0.0,218712499
2015-02-10,2.236544132232666,3.2954540252685547,0.0,3.2954540252685547,3.159090042114258,3.159090042114258,0.0,76748100
2015-02-11,2.2519679069519043,3.318181037902832,0.0,3.340909004211426,3.25,3.2727270126342773,0.0,26541900
2015-02-12,2.2211198806762695,3.2727270126342773,0.0,3.340909004211426,3.204545021057129,3.340909004211426,0.0,35350700
2015-02-13,2.1439969539642334,3.159090042114258,0.0,3.2727270126342773,3.159090042114258,3.2727270126342773,0.0,40037800
2015-02-16,2.1439969539642334,3.159090042114258,0.0,3.204545021057129,3.159090042114258,3.1818180084228516,0.0,9773500
2015-02-17,2.082298994064331,3.068181037902832,0.0,3.159090042114258,3.068181037902832,3.1363630294799805,0.0,14770800
2015-02-18,2.1131479740142822,3.113636016845703,0.0,3.1363630294799805,3.068181037902832,3.068181037902832,0.0,19077300
2015-02-19,2.097723960876465,3.090909004211426,0.0,3.1363630294799805,3.090909004211426,3.1363630294799805,0.0,6250200
2015-02-20,2.097723960876465,3.090909004211426,0.0,3.113636016845703,3.068181037902832,3.090909004211426,0.0,6518600
2015-02-23,2.159421920776367,3.1818180084228516,0.0,3.204545021057129,3.068181037902832,3.090909004211426,0.0,45195700
2015-02-24,2.2056949138641357,3.25,0.0,3.2727270126342773,3.1818180084228516,3.1818180084228516,0.0,29992600
2015-02-25,2.159421920776367,3.1818180084228516,0.0,3.318181037902832,3.159090042114258,3.25,0.0,56831500
2015-02-26,2.236544132232666,3.2954540252685547,0.0,3.2954540252685547,3.1363630294799805,3.1818180084228516,0.0,42929700
2015-02-27,2.2211198806762695,3.2727270126342773,0.0,3.2954540252685547,3.1818180084228516,3.2954540252685547,0.0,17547200
2015-03-02,2.1748459339141846,3.204545021057129,0.0,3.318181037902832,3.204545021057129,3.2954540252685547,0.0,35824800
2015-03-03,2.1439969539642334,3.159090042114258,0.0,3.25,3.1363630294799805,3.204545021057129,0.0,15863100
2015-03-05,2.097723960876465,3.090909004211426,0.0,3.2272720336914062,3.090909004211426,3.159090042114258,0.0,10863600
2015-03-06,2.1439969539642334,3.159090042114258,0.0,3.159090042114258,3.090909004211426,3.090909004211426,0.0,8017900
2015-03-09,2.082298994064331,3.068181037902832,0.0,3.113636016845703,3.0,3.068181037902832,0.0,48546300
2015-03-10,2.051450729370117,3.0227270126342773,0.0,3.090909004211426,3.0227270126342773,3.068181037902832,0.0,20504000
2015-03-11,2.082298994064331,3.068181037902832,0.0,3.090909004211426,3.0,3.0227270126342773,0.0,25208700
2015-03-12,2.1131479740142822,3.113636016845703,0.0,3.1818180084228516,3.068181037902832,3.068181037902832,0.0,28382200
2015-03-13,2.159421920776367,3.1818180084228516,0.0,3.204545021057129,3.1363630294799805,3.1363630294799805,0.0,30845100
2015-03-16,2.097723960876465,3.090909004211426,0.0,3.204545021057129,3.090909004211426,3.204545021057129,0.0,17310700
2015-03-17,2.051450729370117,3.0227270126342773,0.0,3.159090042114258,3.0,3.159090042114258,0.0,30074000
2015-03-18,2.1439969539642334,3.159090042114258,0.0,3.159090042114258,3.0454540252685547,3.0454540252685547,0.0,22618200
2015-03-19,2.097723960876465,3.090909004211426,0.0,3.204545021057129,3.090909004211426,3.1818180084228516,0.0,12976700
2015-03-20,2.097723960876465,3.090909004211426,0.0,3.1363630294799805,3.068181037902832,3.090909004211426,0.0,20714100
2015-03-23,2.0668747425079346,3.0454540252685547,0.0,3.1363630294799805,3.0227270126342773,3.113636016845703,0.0,13458500
2015-03-24,1.9897527694702148,2.9318180084228516,0.0,3.0454540252685547,2.909090042114258,3.0227270126342773,0.0,19908900
2015-03-25,1.9743282794952393,2.909090042114258,0.0,2.9318180084228516,2.909090042114258,2.909090042114258,0.0,9493000
2015-03-26,1.9280554056167603,2.840909004211426,0.0,2.9318180084228516,2.840909004211426,2.9318180084228516,0.0,8956200
2015-03-27,1.8817822933197021,2.7727270126342773,0.0,2.845453977584839,2.7272720336914062,2.845453977584839,0.0,13633400
2015-03-30,1.9126306772232056,2.818181037902832,0.0,2.909090042114258,2.7727270126342773,2.7727270126342773,0.0,9183900
2015-03-31,1.9434795379638672,2.863636016845703,0.0,2.9363629817962646,2.818181037902832,2.89090895652771,0.0,13797300
2015-04-01,2.0668747425079346,3.0454540252685547,0.0,3.0727269649505615,2.89090895652771,2.89090895652771,0.0,43934000
2015-04-02,2.023685932159424,2.9818179607391357,0.0,3.090909004211426,2.9818179607391357,3.0727269649505615,0.0,19823100
2015-04-03,2.128572702407837,3.1363630294799805,0.0,3.209089994430542,3.0,3.0,0.0,67104400
2015-04-07,2.2211198806762695,3.2727270126342773,0.0,3.318181037902832,3.1363630294799805,3.1363630294799805,0.0,66057200
2015-04-08,2.20878005027771,3.254544973373413,0.0,3.318181037902832,3.209089994430542,3.299999952316284,0.0,46513500
2015-04-09,2.3445146083831787,3.454545021057129,0.0,3.5,3.25,3.25,0.0,97963800
2015-04-10,2.40621280670166,3.5454540252685547,0.0,3.6363630294799805,3.4363629817962646,3.454545021057129,0.0,110709500
2015-04-16,2.452486038208008,3.613636016845703,0.0,3.659090042114258,3.5454540252685547,3.590909004211426,0.0,49214000
2015-04-17,2.4370620250701904,3.590909004211426,0.0,3.6818180084228516,3.590909004211426,3.6363630294799805,0.0,48453900
2015-04-20,2.3907887935638428,3.5227270126342773,0.0,3.613636016845703,3.5,3.5454540252685547,0.0,34529000
2015-04-21,2.40621280670166,3.5454540252685547,0.0,3.6818180084228516,3.5,3.5454540252685547,0.0,66864600
2015-04-22,2.393873453140259,3.5272719860076904,0.0,3.5727269649505615,3.5272719860076904,3.5454540252685547,0.0,15536400
2015-04-23,2.3907887935638428,3.5227270126342773,0.0,3.613636016845703,3.5227270126342773,3.5227270126342773,0.0,33151800
2015-04-24,2.4679102897644043,3.6363630294799805,0.0,3.6636359691619873,3.5727269649505615,3.590909004211426,0.0,51555900
2015-04-27,2.4679102897644043,3.6363630294799805,0.0,3.7727270126342773,3.6363630294799805,3.659090042114258,0.0,94932200
2015-04-28,2.40621280670166,3.5454540252685547,0.0,3.659090042114258,3.5454540252685547,3.659090042114258,0.0,70478100
2015-04-29,2.455570697784424,3.618180990219116,0.0,3.618180990219116,3.5454540252685547,3.5727269649505615,0.0,29034500
2015-04-30,2.591305732727051,3.818181037902832,0.0,3.818181037902832,3.6363630294799805,3.6363630294799805,0.0,88727100
2015-05-04,2.591305732727051,3.818181037902832,0.0,3.818181037902832,3.818181037902832,3.818181037902832,0.0,0
2015-05-06,2.517268419265747,3.709089994430542,0.0,3.9454538822174072,3.6545450687408447,3.8545451164245605,10.0,101654740
2015-05-07,2.3445146083831787,3.454545021057129,0.0,3.799999952316284,3.454545021057129,3.672727108001709,0.0,78799160
2015-05-08,2.295156717300415,3.3818180561065674,0.0,3.5272719860076904,3.2727270126342773,3.472727060317993,0.0,83667320
2015-05-11,2.245798110961914,3.3090898990631104,0.0,3.4363629817962646,3.3090898990631104,3.4363629817962646,0.0,22316910
2015-05-12,2.184100389480591,3.2181808948516846,0.0,3.3090898990631104,3.090909004211426,3.2909090518951416,0.0,111343980
2015-05-13,2.319835662841797,3.4181809425354004,0.0,3.509089946746826,3.2181808948516846,3.2181808948516846,0.0,88479050
2015-05-14,2.3445146083831787,3.454545021057129,0.0,3.5272719860076904,3.4181809425354004,3.454545021057129,0.0,56237170
2015-05-15,2.381533622741699,3.509089946746826,0.0,3.563636064529419,3.4363629817962646,3.454545021057129,0.0,54235170
2015-05-18,2.3074967861175537,3.4000000953674316,0.0,3.563636064529419,3.363636016845703,3.472727060317993,0.0,57768920
2015-05-19,2.3445146083831787,3.454545021057129,0.0,3.4909090995788574,3.4000000953674316,3.4363629817962646,0.0,37910070
2015-05-20,2.3074967861175537,3.4000000953674316,0.0,3.472727060317993,3.3818180561065674,3.472727060317993,0.0,17919880
2015-05-21,2.2704780101776123,3.345453977584839,0.0,3.454545021057129,3.3090898990631104,3.4363629817962646,0.0,30725090
2015-05-22,2.295156717300415,3.3818180561065674,0.0,3.4363629817962646,3.345453977584839,3.4000000953674316,0.0,31913310
2015-05-25,2.1717615127563477,3.200000047683716,0.0,3.363636016845703,3.1636359691619873,3.363636016845703,0.0,113806110
2015-05-26,2.1964402198791504,3.236362934112549,0.0,3.3090898990631104,3.1818180084228516,3.2181808948516846,0.0,74974900
2015-05-27,2.295156717300415,3.3818180561065674,0.0,3.3818180561065674,3.2181808948516846,3.236362934112549,0.0,52827940
2015-05-28,2.295156717300415,3.3818180561065674,0.0,3.4000000953674316,3.2909090518951416,3.3818180561065674,0.0,27874550
2015-05-29,2.356854200363159,3.472727060317993,0.0,3.472727060317993,3.345453977584839,3.3818180561065674,0.0,58948890
2015-06-02,2.2581377029418945,3.3272719383239746,0.0,3.472727060317993,3.3090898990631104,3.4363629817962646,0.0,26115870
2015-06-03,2.2581377029418945,3.3272719383239746,0.0,3.363636016845703,3.3090898990631104,3.363636016845703,0.0,13385240
2015-06-04,2.319835662841797,3.4181809425354004,0.0,3.4363629817962646,3.3090898990631104,3.3272719383239746,0.0,22831710
2015-06-05,2.319835662841797,3.4181809425354004,0.0,3.472727060317993,3.363636016845703,3.4000000953674316,0.0,28094330
2015-06-08,2.381533622741699,3.509089946746826,0.0,3.509089946746826,3.4000000953674316,3.4181809425354004,0.0,72608800
2015-06-09,2.3445146083831787,3.454545021057129,0.0,3.5272719860076904,3.4363629817962646,3.5272719860076904,0.0,85204570
2015-06-10,2.3691940307617188,3.4909090995788574,0.0,3.5272719860076904,3.4909090995788574,3.4909090995788574,0.0,21912440
2015-06-11,2.40621280670166,3.5454540252685547,0.0,3.5454540252685547,3.472727060317993,3.509089946746826,0.0,40060350
2015-06-12,2.40621280670166,3.5454540252685547,0.0,3.563636064529419,3.509089946746826,3.5272719860076904,0.0,39213680
2015-06-15,2.381533622741699,3.509089946746826,0.0,3.5454540252685547,3.4909090995788574,3.5272719860076904,0.0,21588270
2015-06-16,2.4432318210601807,3.5999999046325684,0.0,3.5999999046325684,3.472727060317993,3.5272719860076904,0.0,56744380
2015-06-17,2.504929542541504,3.690908908843994,0.0,3.690908908843994,3.581818103790283,3.618180990219116,0.0,101984630
2015-06-18,2.455570697784424,3.618180990219116,0.0,3.690908908843994,3.618180990219116,3.690908908843994,0.0,33133870
2015-06-19,2.4185521602630615,3.563636064529419,0.0,3.6363630294799805,3.509089946746826,3.6363630294799805,0.0,51018770
2015-06-22,2.480250120162964,3.6545450687408447,0.0,3.6545450687408447,3.563636064529419,3.581818103790283,0.0,28432580
2015-06-23,2.430891990661621,3.581818103790283,0.0,3.672727108001709,3.581818103790283,3.672727108001709,0.0,26067470
2015-06-24,2.455570697784424,3.618180990219116,0.0,3.618180990219116,3.581818103790283,3.5999999046325684,0.0,14328380
2015-06-25,2.455570697784424,3.618180990219116,0.0,3.618180990219116,3.581818103790283,3.5999999046325684,0.0,16297050
2015-06-26,2.4679102897644043,3.6363630294799805,0.0,3.672727108001709,3.5999999046325684,3.5999999046325684,0.0,28864550
2015-06-29,2.4432318210601807,3.5999999046325684,0.0,3.5999999046325684,3.509089946746826,3.5454540252685547,0.0,69373590
2015-06-30,2.4679102897644043,3.6363630294799805,0.0,3.6363630294799805,3.563636064529419,3.5999999046325684,0.0,59679290
2015-07-02,2.40621280670166,3.5454540252685547,0.0,3.6363630294799805,3.5454540252685547,3.6363630294799805,0.0,37529910
2015-07-03,2.3691940307617188,3.4909090995788574,0.0,3.581818103790283,3.472727060317993,3.563636064529419,0.0,65116480
2015-07-06,2.3445146083831787,3.454545021057129,0.0,3.509089946746826,3.454545021057129,3.454545021057129,0.0,27251070
2015-07-07,2.40621280670166,3.5454540252685547,0.0,3.5454540252685547,3.472727060317993,3.472727060317993,0.0,33194040
2015-07-08,2.3691940307617188,3.4909090995788574,0.0,3.5454540252685547,3.472727060317993,3.5272719860076904,0.0,21042120
2015-07-09,2.4185521602630615,3.563636064529419,0.0,3.581818103790283,3.472727060317993,3.5272719860076904,0.0,51443480
2015-07-10,2.4432318210601807,3.5999999046325684,0.0,3.618180990219116,3.563636064529419,3.581818103790283,0.0,40440950
2015-07-13,2.430891990661621,3.581818103790283,0.0,3.618180990219116,3.563636064529419,3.618180990219116,0.0,14282840
2015-07-14,2.4432318210601807,3.5999999046325684,0.0,3.6545450687408447,3.5999999046325684,3.5999999046325684,0.0,32004170
2015-07-15,2.430891990661621,3.581818103790283,0.0,3.6363630294799805,3.581818103790283,3.618180990219116,0.0,12324730
2015-07-16,2.40621280670166,3.5454540252685547,0.0,3.5999999046325684,3.509089946746826,3.5999999046325684,0.0,18529830
2015-07-17,2.393873453140259,3.5272719860076904,0.0,3.5454540252685547,3.509089946746826,3.5454540252685547,0.0,7055950
2015-07-20,2.3691940307617188,3.4909090995788574,0.0,3.5454540252685547,3.472727060317993,3.5272719860076904,0.0,10601360
2015-07-21,2.2828176021575928,3.363636016845703,0.0,3.509089946746826,3.3090898990631104,3.509089946746826,0.0,59774550
2015-07-22,2.3321750164031982,3.4363629817962646,0.0,3.454545021057129,3.3272719383239746,3.4000000953674316,0.0,46109030
2015-07-23,2.3691940307617188,3.4909090995788574,0.0,3.509089946746826,3.4363629817962646,3.4363629817962646,0.0,19998000
2015-07-24,2.3691940307617188,3.4909090995788574,0.0,3.4909090995788574,3.4181809425354004,3.472727060317993,0.0,12883200
2015-07-27,2.295156717300415,3.3818180561065674,0.0,3.472727060317993,3.345453977584839,3.454545021057129,0.0,17964210
2015-07-28,2.2828176021575928,3.363636016845703,0.0,3.3818180561065674,3.345453977584839,3.363636016845703,0.0,14812050
2015-07-29,2.3074967861175537,3.4000000953674316,0.0,3.4000000953674316,3.345453977584839,3.4000000953674316,0.0,11407990
2015-07-31,2.295156717300415,3.3818180561065674,0.0,3.4181809425354004,3.3272719383239746,3.4000000953674316,0.0,14975400
2015-08-03,2.319835662841797,3.4181809425354004,0.0,3.4181809425354004,3.345453977584839,3.363636016845703,0.0,7161990
2015-08-04,2.319835662841797,3.4181809425354004,0.0,3.4181809425354004,3.363636016845703,3.4181809425354004,0.0,7094560
2015-08-05,2.3445146083831787,3.454545021057129,0.0,3.472727060317993,3.4000000953674316,3.4181809425354004,0.0,17693940
2015-08-06,2.3445146083831787,3.454545021057129,0.0,3.4909090995788574,3.4181809425354004,3.4363629817962646,0.0,7528510
2015-08-07,2.4432318210601807,3.5999999046325684,0.0,3.618180990219116,3.4181809425354004,3.4363629817962646,0.0,46189880
2015-08-10,2.393873453140259,3.5272719860076904,0.0,3.581818103790283,3.509089946746826,3.581818103790283,0.0,24682790
2015-08-11,2.381533622741699,3.509089946746826,0.0,3.563636064529419,3.4909090995788574,3.5454540252685547,0.0,11609840
2015-08-13,2.3445146083831787,3.454545021057129,0.0,3.4909090995788574,3.3818180561065674,3.454545021057129,0.0,25747920
2015-08-14,2.3074967861175537,3.4000000953674316,0.0,3.509089946746826,3.3818180561065674,3.454545021057129,0.0,68514930
2015-08-17,2.295156717300415,3.3818180561065674,0.0,3.454545021057129,3.3818180561065674,3.4000000953674316,0.0,19912860
2015-08-18,2.23345947265625,3.2909090518951416,0.0,3.345453977584839,3.1818180084228516,3.2727270126342773,0.0,89910480
2015-08-19,2.2581377029418945,3.3272719383239746,0.0,3.363636016845703,3.2909090518951416,3.3090898990631104,0.0,21623250
2015-08-20,2.295156717300415,3.3818180561065674,0.0,3.3818180561065674,3.2909090518951416,3.3272719383239746,0.0,42504000
2015-08-21,2.2704780101776123,3.345453977584839,0.0,3.345453977584839,3.3090898990631104,3.3272719383239746,0.0,6899530
2015-08-24,2.159421920776367,3.1818180084228516,0.0,3.3090898990631104,3.1636359691619873,3.2909090518951416,0.0,35596440
2015-08-25,2.159421920776367,3.1818180084228516,0.0,3.2181808948516846,3.0,3.1818180084228516,0.0,32093270
2015-08-26,1.9866679906845093,2.927272081375122,0.0,3.200000047683716,2.8727269172668457,3.1636359691619873,0.0,101985290
2015-08-27,2.0853843688964844,3.0727269649505615,0.0,3.1818180084228516,3.018181085586548,3.0545449256896973,0.0,104290670
2015-08-28,2.1224026679992676,3.127271890640259,0.0,3.145453929901123,3.0545449256896973,3.145453929901123,0.0,33455950
2015-08-31,2.1347427368164062,3.145453929901123,0.0,3.145453929901123,3.0727269649505615,3.127271890640259,0.0,36534300
2015-09-01,2.073044776916504,3.0545449256896973,0.0,3.127271890640259,3.0545449256896973,3.127271890640259,0.0,38631890
2015-09-02,2.097723960876465,3.090909004211426,0.0,3.1090900897979736,3.018181085586548,3.0545449256896973,0.0,10113400
2015-09-03,2.1964402198791504,3.236362934112549,0.0,3.236362934112549,3.0727269649505615,3.090909004211426,0.0,46895640
2015-09-04,2.1224026679992676,3.127271890640259,0.0,3.254544973373413,3.127271890640259,3.254544973373413,0.0,32591350
2015-09-07,2.110062837600708,3.1090900897979736,0.0,3.1636359691619873,3.0545449256896973,3.090909004211426,0.0,22727100
2015-09-08,2.159421920776367,3.1818180084228516,0.0,3.1818180084228516,3.1090900897979736,3.145453929901123,0.0,42552180
2015-09-09,2.334643602371216,3.440000057220459,0.0,3.4800000190734863,3.380000114440918,3.440000057220459,1.1,23527600
2015-09-10,2.3074967861175537,3.4000000953674316,0.0,3.440000057220459,3.380000114440918,3.4000000953674316,0.0,12487700
2015-09-11,2.3074967861175537,3.4000000953674316,0.0,3.4600000381469727,3.4000000953674316,3.4000000953674316,0.0,10939000
2015-09-14,2.2803492546081543,3.359999895095825,0.0,3.4200000762939453,3.359999895095825,3.4000000953674316,0.0,7253200
2015-09-15,2.212482452392578,3.259999990463257,0.0,3.4000000953674316,3.259999990463257,3.359999895095825,0.0,17475500
2015-09-16,2.2532026767730713,3.319999933242798,0.0,3.3399999141693115,3.2799999713897705,3.2799999713897705,0.0,6781800
2015-09-17,2.2532026767730713,3.319999933242798,0.0,3.380000114440918,3.319999933242798,3.3399999141693115,0.0,9903000
2015-09-18,2.3210699558258057,3.4200000762939453,0.0,3.4200000762939453,3.299999952316284,3.359999895095825,0.0,24568400
2015-09-21,2.2939233779907227,3.380000114440918,0.0,3.440000057220459,3.3399999141693115,3.4000000953674316,0.0,16223700
2015-09-22,2.2803492546081543,3.359999895095825,0.0,3.4000000953674316,3.3399999141693115,3.4000000953674316,0.0,7968700
2015-09-23,2.2803492546081543,3.359999895095825,0.0,3.4000000953674316,3.319999933242798,3.359999895095825,0.0,10835900
2015-09-24,2.1717615127563477,3.200000047683716,0.0,3.380000114440918,3.1600000858306885,3.359999895095825,0.0,87880500
2015-09-25,2.185335397720337,3.2200000286102295,0.0,3.240000009536743,3.180000066757202,3.2200000286102295,0.0,28293300
2015-09-28,2.1310410499572754,3.140000104904175,0.0,3.200000047683716,3.0999999046325684,3.180000066757202,0.0,23147600
2015-09-29,2.1446146965026855,3.1600000858306885,0.0,3.200000047683716,3.059999942779541,3.0999999046325684,0.0,29605600
2015-09-30,2.1446146965026855,3.1600000858306885,0.0,3.200000047683716,3.119999885559082,3.1600000858306885,0.0,12946800
2015-10-01,2.1038942337036133,3.0999999046325684,0.0,3.180000066757202,3.059999942779541,3.1600000858306885,0.0,13178700
2015-10-02,2.090320110321045,3.0799999237060547,0.0,3.119999885559082,3.0399999618530273,3.0999999046325684,0.0,14115500
2015-10-05,2.117467164993286,3.119999885559082,0.0,3.140000104904175,3.0999999046325684,3.0999999046325684,0.0,13589300
2015-10-06,2.117467164993286,3.119999885559082,0.0,3.140000104904175,3.0999999046325684,3.140000104904175,0.0,5479400
2015-10-07,2.117467164993286,3.119999885559082,0.0,3.1600000858306885,3.0799999237060547,3.0999999046325684,0.0,25646800
2015-10-08,2.185335397720337,3.2200000286102295,0.0,3.2799999713897705,3.119999885559082,3.140000104904175,0.0,69333800
2015-10-09,2.239629030227661,3.299999952316284,0.0,3.359999895095825,3.259999990463257,3.2799999713897705,0.0,67785100
2015-10-12,2.22605562210083,3.2799999713897705,0.0,3.319999933242798,3.2200000286102295,3.299999952316284,0.0,29252000
2015-10-13,2.212482452392578,3.259999990463257,0.0,3.319999933242798,3.240000009536743,3.2799999713897705,0.0,22851800
2015-10-14,2.2667758464813232,3.3399999141693115,0.0,3.380000114440918,3.259999990463257,3.2799999713897705,0.0,48546800
2015-10-15,2.3074967861175537,3.4000000953674316,0.0,3.4600000381469727,3.3399999141693115,3.359999895095825,0.0,62336300
2015-10-16,2.2803492546081543,3.359999895095825,0.0,3.4600000381469727,3.359999895095825,3.440000057220459,0.0,37271900
2015-10-19,2.2803492546081543,3.359999895095825,0.0,3.4000000953674316,3.3399999141693115,3.4000000953674316,0.0,9209400
2015-10-20,2.2667758464813232,3.3399999141693115,0.0,3.380000114440918,3.319999933242798,3.359999895095825,0.0,13564800
2015-10-21,2.2667758464813232,3.3399999141693115,0.0,3.380000114440918,3.3399999141693115,3.3399999141693115,0.0,23564200
2015-10-22,2.2667758464813232,3.3399999141693115,0.0,3.359999895095825,3.319999933242798,3.3399999141693115,0.0,11181600
2015-10-26,2.2532026767730713,3.319999933242798,0.0,3.380000114440918,3.319999933242798,3.359999895095825,0.0,20069100
2015-10-27,2.22605562210083,3.2799999713897705,0.0,3.3399999141693115,3.2799999713897705,3.319999933242798,0.0,16882700
2015-10-28,2.22605562210083,3.2799999713897705,0.0,3.299999952316284,3.240000009536743,3.259999990463257,0.0,25902300
2015-10-29,2.1989083290100098,3.240000009536743,0.0,3.2799999713897705,3.200000047683716,3.259999990463257,0.0,21268200
2015-10-30,2.185335397720337,3.2200000286102295,0.0,3.2200000286102295,3.119999885559082,3.2200000286102295,0.0,27796500
2015-11-02,2.2532026767730713,3.319999933242798,0.0,3.319999933242798,3.200000047683716,3.240000009536743,0.0,30282100
2015-11-03,2.2532026767730713,3.319999933242798,0.0,3.359999895095825,3.2799999713897705,3.3399999141693115,0.0,27460300
2015-11-04,2.2532026767730713,3.319999933242798,0.0,3.3399999141693115,3.299999952316284,3.319999933242798,0.0,8916400
2015-11-05,2.3210699558258057,3.4200000762939453,0.0,3.440000057220459,3.319999933242798,3.3399999141693115,0.0,135337600
2015-11-06,2.348217248916626,3.4600000381469727,0.0,3.5399999618530273,3.440000057220459,3.440000057220459,0.0,176732300
2015-11-09,2.334643602371216,3.440000057220459,0.0,3.5199999809265137,3.4200000762939453,3.4800000190734863,0.0,67517000
2015-11-10,2.2939233779907227,3.380000114440918,0.0,3.440000057220459,3.359999895095825,3.4200000762939453,0.0,35744400
2015-11-11,2.3074967861175537,3.4000000953674316,0.0,3.4600000381469727,3.359999895095825,3.380000114440918,0.0,51419500
2015-11-12,2.22605562210083,3.2799999713897705,0.0,3.3399999141693115,3.2799999713897705,3.319999933242798,0.0,49437600
2015-11-13,2.22605562210083,3.2799999713897705,0.0,3.2799999713897705,3.180000066757202,3.2799999713897705,0.0,50704100
2015-11-16,2.1446146965026855,3.1600000858306885,0.0,3.259999990463257,3.140000104904175,3.240000009536743,0.0,48700400
2015-11-17,2.212482452392578,3.259999990463257,0.0,3.2799999713897705,3.0999999046325684,3.140000104904175,0.0,115368100
2015-11-18,2.1038942337036133,3.0999999046325684,0.0,3.319999933242798,3.0999999046325684,3.299999952316284,0.0,143187400
2015-11-19,1.9953058958053589,2.940000057220459,0.0,3.180000066757202,2.859999895095825,3.140000104904175,0.0,358720500
2015-11-20,2.063173770904541,3.0399999618530273,0.0,3.0999999046325684,3.0,3.0999999046325684,0.0,151006600
2015-11-23,2.0224533081054688,2.9800000190734863,0.0,3.0799999237060547,2.9800000190734863,3.059999942779541,0.0,52131000
2015-11-24,2.0495998859405518,3.0199999809265137,0.0,3.059999942779541,2.9800000190734863,3.0199999809265137,0.0,49271700
2015-11-25,2.0224533081054688,2.9800000190734863,0.0,3.0199999809265137,2.9600000381469727,3.0199999809265137,0.0,24281400
2015-11-26,2.0088796615600586,2.9600000381469727,0.0,3.0,2.859999895095825,3.0,0.0,96493000
2015-11-27,2.0224533081054688,2.9800000190734863,0.0,2.9800000190734863,2.9000000953674316,2.9600000381469727,0.0,28781700
2015-11-30,1.9953058958053589,2.940000057220459,0.0,2.9800000190734863,2.9200000762939453,2.9600000381469727,0.0,15890500
2015-12-01,1.9545855522155762,2.880000114440918,0.0,2.9600000381469727,2.759999990463257,2.940000057220459,0.0,124048300
2015-12-02,1.913865327835083,2.819999933242798,0.0,2.880000114440918,2.819999933242798,2.880000114440918,0.0,27624400
2015-12-03,1.9002913236618042,2.799999952316284,0.0,2.859999895095825,2.740000009536743,2.8399999141693115,0.0,35826400
2015-12-04,1.9002913236618042,2.799999952316284,0.0,2.799999952316284,2.740000009536743,2.759999990463257,0.0,22249400
2015-12-08,1.7917031049728394,2.640000104904175,0.0,2.799999952316284,2.640000104904175,2.799999952316284,0.0,78019300
2015-12-09,1.8595706224441528,2.740000009536743,0.0,2.799999952316284,2.680000066757202,2.680000066757202,0.0,70520600
2015-12-11,1.8052769899368286,2.6600000858306885,0.0,2.759999990463257,2.6600000858306885,2.759999990463257,0.0,22448600
2015-12-14,1.8052769899368286,2.6600000858306885,0.0,2.7200000286102295,2.5999999046325684,2.619999885559082,0.0,14203400
2015-12-15,1.913865327835083,2.819999933242798,0.0,2.819999933242798,2.680000066757202,2.680000066757202,0.0,33202200
2015-12-16,1.8867179155349731,2.7799999713897705,0.0,2.8399999141693115,2.759999990463257,2.819999933242798,0.0,16805200
2015-12-17,1.9681589603424072,2.9000000953674316,0.0,2.9600000381469727,2.7799999713897705,2.799999952316284,0.0,31887600
2015-12-18,1.9274380207061768,2.8399999141693115,0.0,2.9000000953674316,2.7799999713897705,2.859999895095825,0.0,32569500
2015-12-21,1.9545855522155762,2.880000114440918,0.0,2.940000057220459,2.799999952316284,2.799999952316284,0.0,31028500
2015-12-22,1.8595706224441528,2.740000009536743,0.0,2.940000057220459,2.7200000286102295,2.9000000953674316,0.0,27967300
2015-12-23,1.8867179155349731,2.7799999713897705,0.0,2.8399999141693115,2.740000009536743,2.740000009536743,0.0,16489800
2015-12-24,1.8867179155349731,2.7799999713897705,0.0,2.8399999141693115,2.7799999713897705,2.799999952316284,0.0,13864700
2015-12-25,1.8459972143173218,2.7200000286102295,0.0,2.799999952316284,2.700000047683716,2.7799999713897705,0.0,23351000
2015-12-28,1.9274380207061768,2.8399999141693115,0.0,2.9200000762939453,2.740000009536743,2.740000009536743,0.0,39656500
2015-12-29,1.9410115480422974,2.859999895095825,0.0,2.940000057220459,2.8399999141693115,2.880000114440918,0.0,49684700
2015-12-30,1.9410115480422974,2.859999895095825,0.0,2.9000000953674316,2.859999895095825,2.859999895095825,0.0,21048000
2016-01-04,1.9274380207061768,2.8399999141693115,0.0,2.859999895095825,2.799999952316284,2.859999895095825,0.0,14707000
2016-01-05,1.8595706224441528,2.740000009536743,0.0,2.8399999141693115,2.740000009536743,2.799999952316284,0.0,21043100
2016-01-06,1.9410115480422974,2.859999895095825,0.0,2.859999895095825,2.740000009536743,2.740000009536743,0.0,18549300
2016-01-07,1.8867179155349731,2.7799999713897705,0.0,2.819999933242798,2.7200000286102295,2.7799999713897705,0.0,22043900
2016-01-08,1.9002913236618042,2.799999952316284,0.0,2.819999933242798,2.759999990463257,2.799999952316284,0.0,20200500
2016-01-11,1.8595706224441528,2.740000009536743,0.0,2.799999952316284,2.640000104904175,2.799999952316284,0.0,38936600
2016-01-12,1.8595706224441528,2.740000009536743,0.0,2.759999990463257,2.680000066757202,2.740000009536743,0.0,23521200
2016-01-13,1.8867179155349731,2.7799999713897705,0.0,2.819999933242798,2.7200000286102295,2.759999990463257,0.0,58682100
2016-01-14,1.8459972143173218,2.7200000286102295,0.0,2.759999990463257,2.700000047683716,2.740000009536743,0.0,28801600
2016-01-15,1.8459972143173218,2.7200000286102295,0.0,2.759999990463257,2.700000047683716,2.740000009536743,0.0,19562300
2016-01-18,1.8188506364822388,2.680000066757202,0.0,2.7200000286102295,2.680000066757202,2.680000066757202,0.0,10560300
2016-01-19,1.8052769899368286,2.6600000858306885,0.0,2.7200000286102295,2.6600000858306885,2.700000047683716,0.0,26865900
2016-01-20,1.7781296968460083,2.619999885559082,0.0,2.700000047683716,2.559999942779541,2.640000104904175,0.0,60566600
2016-01-21,1.7917031049728394,2.640000104904175,0.0,2.700000047683716,2.619999885559082,2.640000104904175,0.0,26299100
2016-01-22,1.8188506364822388,2.680000066757202,0.0,2.7200000286102295,2.6600000858306885,2.700000047683716,0.0,33349400
2016-01-25,1.8324236869812012,2.700000047683716,0.0,2.759999990463257,2.700000047683716,2.700000047683716,0.0,38020800
2016-01-26,1.8324236869812012,2.700000047683716,0.0,2.7200000286102295,2.6600000858306885,2.7200000286102295,0.0,28075300
2016-01-27,1.8188506364822388,2.680000066757202,0.0,2.759999990463257,2.680000066757202,2.700000047683716,0.0,33140000
2016-01-28,1.8324236869812012,2.700000047683716,0.0,2.7200000286102295,2.6600000858306885,2.700000047683716,0.0,27396600
2016-01-29,1.8188506364822388,2.680000066757202,0.0,2.700000047683716,2.6600000858306885,2.700000047683716,0.0,27077600
2016-02-01,1.8324236869812012,2.700000047683716,0.0,2.7200000286102295,2.680000066757202,2.700000047683716,0.0,8603500
2016-02-02,1.8188506364822388,2.680000066757202,0.0,2.7200000286102295,2.6600000858306885,2.700000047683716,0.0,23621900
2016-02-03,1.7917031049728394,2.640000104904175,0.0,2.6600000858306885,2.619999885559082,2.6600000858306885,0.0,19569100
2016-02-04,1.8052769899368286,2.6600000858306885,0.0,2.680000066757202,2.640000104904175,2.6600000858306885,0.0,12368200
2016-02-05,1.8052769899368286,2.6600000858306885,0.0,2.680000066757202,2.640000104904175,2.6600000858306885,0.0,21675600
2016-02-08,1.8731443881988525,2.759999990463257,0.0,2.7799999713897705,2.6600000858306885,2.680000066757202,0.0,54942100
2016-02-09,1.9545855522155762,2.880000114440918,0.0,2.880000114440918,2.7200000286102295,2.759999990463257,0.0,67493500
2016-02-10,1.9410115480422974,2.859999895095825,0.0,2.880000114440918,2.819999933242798,2.880000114440918,0.0,30330600
2016-02-11,1.8867179155349731,2.7799999713897705,0.0,2.9200000762939453,2.7799999713897705,2.880000114440918,0.0,49625200
2016-02-12,1.8867179155349731,2.7799999713897705,0.0,2.819999933242798,2.740000009536743,2.7799999713897705,0.0,18667300
2016-02-15,1.8867179155349731,2.7799999713897705,0.0,2.8399999141693115,2.740000009536743,2.799999952316284,0.0,17970900
2016-02-16,1.8731443881988525,2.759999990463257,0.0,2.819999933242798,2.759999990463257,2.799999952316284,0.0,12319400
2016-02-17,1.8324236869812012,2.700000047683716,0.0,2.759999990463257,2.680000066757202,2.759999990463257,0.0,27667200
2016-02-18,1.8188506364822388,2.680000066757202,0.0,2.759999990463257,2.680000066757202,2.7200000286102295,0.0,8740000
2016-02-19,1.8867179155349731,2.7799999713897705,0.0,2.799999952316284,2.680000066757202,2.680000066757202,0.0,18525100
2016-02-23,1.9002913236618042,2.799999952316284,0.0,2.819999933242798,2.7799999713897705,2.819999933242798,0.0,14610700
2016-02-24,1.9545855522155762,2.880000114440918,0.0,2.9200000762939453,2.799999952316284,2.799999952316284,0.0,47416300
2016-02-25,1.9545855522155762,2.880000114440918,0.0,2.9600000381469727,2.859999895095825,2.940000057220459,0.0,42209500
2016-02-26,1.9410115480422974,2.859999895095825,0.0,2.940000057220459,2.8399999141693115,2.9200000762939453,0.0,27979700
2016-02-29,1.9545855522155762,2.880000114440918,0.0,2.880000114440918,2.819999933242798,2.859999895095825,0.0,16122100
2016-03-01,1.8731443881988525,2.759999990463257,0.0,2.7799999713897705,2.619999885559082,2.7799999713897705,0.0,204719400
2016-03-02,1.9545855522155762,2.880000114440918,0.0,2.940000057220459,2.819999933242798,2.8399999141693115,0.0,154724700
2016-03-03,1.9410115480422974,2.859999895095825,0.0,2.940000057220459,2.799999952316284,2.9000000953674316,0.0,65084800
2016-03-04,1.9410115480422974,2.859999895095825,0.0,2.9000000953674316,2.8399999141693115,2.9000000953674316,0.0,29164200
2016-03-07,1.981732726097107,2.9200000762939453,0.0,2.9200000762939453,2.859999895095825,2.880000114440918,0.0,52543900
2016-03-08,2.117467164993286,3.119999885559082,0.0,3.180000066757202,2.880000114440918,2.9200000762939453,0.0,291498500
2016-03-09,2.1717615127563477,3.200000047683716,0.0,3.240000009536743,3.0999999046325684,3.140000104904175,0.0,143139800
2016-03-10,2.1446146965026855,3.1600000858306885,0.0,3.259999990463257,3.1600000858306885,3.240000009536743,0.0,111656900
2016-03-11,2.1717615127563477,3.200000047683716,0.0,3.2200000286102295,3.1600000858306885,3.180000066757202,0.0,46143200
2016-03-14,2.1310410499572754,3.140000104904175,0.0,3.240000009536743,3.119999885559082,3.2200000286102295,0.0,90730000
2016-03-15,2.1717615127563477,3.200000047683716,0.0,3.2200000286102295,3.119999885559082,3.140000104904175,0.0,66760000
2016-03-16,2.1310410499572754,3.140000104904175,0.0,3.2200000286102295,3.140000104904175,3.200000047683716,0.0,54332700
2016-03-17,2.063173770904541,3.0399999618530273,0.0,3.119999885559082,3.0199999809265137,3.119999885559082,0.0,132037700
2016-03-18,2.076746702194214,3.059999942779541,0.0,3.0799999237060547,2.9600000381469727,3.059999942779541,0.0,86265900
2016-03-21,2.090320110321045,3.0799999237060547,0.0,3.0999999046325684,3.0399999618530273,3.059999942779541,0.0,35576000
2016-03-22,2.090320110321045,3.0799999237060547,0.0,3.119999885559082,3.059999942779541,3.0799999237060547,0.0,28242600
2016-03-23,2.1310410499572754,3.140000104904175,0.0,3.140000104904175,3.059999942779541,3.0799999237060547,0.0,41041300
2016-03-24,2.1989083290100098,3.240000009536743,0.0,3.259999990463257,3.119999885559082,3.140000104904175,0.0,140415100
2016-03-25,2.1581876277923584,3.180000066757202,0.0,3.240000009536743,3.1600000858306885,3.2200000286102295,0.0,49452100
2016-03-28,2.1310410499572754,3.140000104904175,0.0,3.180000066757202,3.119999885559082,3.180000066757202,0.0,23911000
2016-03-29,2.117467164993286,3.119999885559082,0.0,3.1600000858306885,3.0999999046325684,3.140000104904175,0.0,28477200
2016-03-30,2.1310410499572754,3.140000104904175,0.0,3.1600000858306885,3.119999885559082,3.140000104904175,0.0,39402800
2016-03-31,2.117467164993286,3.119999885559082,0.0,3.1600000858306885,3.0799999237060547,3.140000104904175,0.0,28214600
2016-04-01,2.090320110321045,3.0799999237060547,0.0,3.119999885559082,3.0799999237060547,3.119999885559082,0.0,17524800
2016-04-04,2.117467164993286,3.119999885559082,0.0,3.140000104904175,3.0799999237060547,3.0999999046325684,0.0,19180600
2016-04-05,2.063173770904541,3.0399999618530273,0.0,3.140000104904175,3.0399999618530273,3.0999999046325684,0.0,35598900
2016-04-07,2.0224533081054688,2.9800000190734863,0.0,3.0799999237060547,2.9800000190734863,3.059999942779541,0.0,47444700
2016-04-08,2.0495998859405518,3.0199999809265137,0.0,3.059999942779541,2.9800000190734863,3.0,0.0,22828000
2016-04-11,2.0360257625579834,3.0,0.0,3.0399999618530273,2.9800000190734863,3.0399999618530273,0.0,10881400
2016-04-12,2.076746702194214,3.059999942779541,0.0,3.0799999237060547,3.0,3.0,0.0,22362000
2016-04-18,2.090320110321045,3.0799999237060547,0.0,3.0799999237060547,3.0199999809265137,3.059999942779541,0.0,27068400
2016-04-19,2.090320110321045,3.0799999237060547,0.0,3.119999885559082,3.059999942779541,3.0799999237060547,0.0,37120300
2016-04-20,2.0495998859405518,3.0199999809265137,0.0,3.0799999237060547,2.9800000190734863,3.0799999237060547,0.0,73128200
2016-04-21,2.0360257625579834,3.0,0.0,3.0399999618530273,2.9600000381469727,3.0399999618530273,0.0,54178900
2016-04-22,2.0088796615600586,2.9600000381469727,0.0,3.0,2.9600000381469727,3.0,0.0,21353000
2016-04-25,2.0495998859405518,3.0199999809265137,0.0,3.059999942779541,2.9600000381469727,2.9600000381469727,0.0,27587000
2016-04-26,2.0495998859405518,3.0199999809265137,0.0,3.0799999237060547,3.0199999809265137,3.0199999809265137,0.0,25767600
2016-04-27,2.0495998859405518,3.0199999809265137,0.0,3.0399999618530273,3.0,3.0399999618530273,0.0,28043300
2016-04-28,2.063173770904541,3.0399999618530273,0.0,3.059999942779541,3.0,3.0399999618530273,0.0,53066200
2016-04-29,2.063173770904541,3.0399999618530273,0.0,3.059999942779541,3.0399999618530273,3.0399999618530273,0.0,15602200
2016-05-03,2.1310410499572754,3.140000104904175,0.0,3.180000066757202,3.0399999618530273,3.0399999618530273,0.0,119553200
2016-05-04,2.117467164993286,3.119999885559082,0.0,3.180000066757202,3.0999999046325684,3.140000104904175,0.0,54181300
2016-05-09,2.076746702194214,3.059999942779541,0.0,3.119999885559082,3.0399999618530273,3.119999885559082,0.0,37401900
2016-05-10,2.090320110321045,3.0799999237060547,0.0,3.140000104904175,3.0399999618530273,3.0399999618530273,0.0,32512100
2016-05-11,2.0495998859405518,3.0199999809265137,0.0,3.0799999237060547,3.0199999809265137,3.059999942779541,0.0,52554700
2016-05-12,2.063173770904541,3.0399999618530273,0.0,3.059999942779541,3.0,3.0199999809265137,0.0,30683300
2016-05-13,2.0495998859405518,3.0199999809265137,0.0,3.0799999237060547,3.0199999809265137,3.0399999618530273,0.0,49789400
2016-05-16,2.1038942337036133,3.0999999046325684,0.0,3.140000104904175,3.0399999618530273,3.0399999618530273,0.0,48598700
2016-05-17,2.090320110321045,3.0799999237060547,0.0,3.119999885559082,3.059999942779541,3.119999885559082,0.0,31626700
2016-05-18,2.1581876277923584,3.180000066757202,0.0,3.2200000286102295,3.059999942779541,3.0799999237060547,0.0,161988700
2016-05-19,2.1038942337036133,3.0999999046325684,0.0,3.200000047683716,3.0999999046325684,3.180000066757202,0.0,81414500
2016-05-23,2.076746702194214,3.059999942779541,0.0,3.119999885559082,3.0399999618530273,3.119999885559082,0.0,28506700
2016-05-24,2.1038942337036133,3.0999999046325684,0.0,3.119999885559082,3.0399999618530273,3.059999942779541,0.0,22819100
2016-05-25,2.1038942337036133,3.0999999046325684,0.0,3.1600000858306885,3.0999999046325684,3.119999885559082,0.0,39283500
2016-05-26,2.076746702194214,3.059999942779541,0.0,3.119999885559082,3.059999942779541,3.0999999046325684,0.0,33150800
2016-05-27,2.090320110321045,3.0799999237060547,0.0,3.140000104904175,3.059999942779541,3.0799999237060547,0.0,39427100
2016-05-30,2.117467164993286,3.119999885559082,0.0,3.140000104904175,3.0999999046325684,3.0999999046325684,0.0,25748600
2016-05-31,2.2532026767730713,3.319999933242798,0.0,3.319999933242798,3.0999999046325684,3.119999885559082,0.0,284449500
2016-06-01,2.239629030227661,3.299999952316284,0.0,3.319999933242798,3.259999990463257,3.299999952316284,0.0,63835500
2016-06-02,2.22605562210083,3.2799999713897705,0.0,3.4000000953674316,3.240000009536743,3.299999952316284,0.0,132271800
2016-06-03,2.185335397720337,3.2200000286102295,0.0,3.299999952316284,3.200000047683716,3.2799999713897705,0.0,127353700
2016-06-06,2.1717615127563477,3.200000047683716,0.0,3.259999990463257,3.200000047683716,3.259999990463257,0.0,51610500
2016-06-07,2.1989083290100098,3.240000009536743,0.0,3.299999952316284,3.200000047683716,3.2200000286102295,0.0,54282500
2016-06-08,2.1717615127563477,3.200000047683716,0.0,3.259999990463257,3.180000066757202,3.240000009536743,0.0,42658400
2016-06-09,2.1310410499572754,3.140000104904175,0.0,3.2200000286102295,3.140000104904175,3.200000047683716,0.0,40854800
2016-06-10,2.1446146965026855,3.1600000858306885,0.0,3.180000066757202,3.140000104904175,3.140000104904175,0.0,12077400
2016-06-13,2.090320110321045,3.0799999237060547,0.0,3.140000104904175,3.059999942779541,3.140000104904175,0.0,42988100
2016-06-14,2.117467164993286,3.119999885559082,0.0,3.140000104904175,3.059999942779541,3.0999999046325684,0.0,15208300
2016-06-15,2.117467164993286,3.119999885559082,0.0,3.140000104904175,3.0999999046325684,3.119999885559082,0.0,16137600
2016-06-16,2.0360257625579834,3.0,0.0,3.119999885559082,3.0,3.119999885559082,0.0,103786600
2016-06-17,2.0495998859405518,3.0199999809265137,0.0,3.059999942779541,3.0199999809265137,3.0199999809265137,0.0,20752700
2016-06-20,2.0495998859405518,3.0199999809265137,0.0,3.059999942779541,3.0199999809265137,3.0399999618530273,0.0,13940800
2016-06-21,2.0495998859405518,3.0199999809265137,0.0,3.059999942779541,3.0,3.0199999809265137,0.0,40882900
2016-06-22,2.0495998859405518,3.0199999809265137,0.0,3.0799999237060547,3.0199999809265137,3.0399999618530273,0.0,23644500
2016-06-23,2.063173770904541,3.0399999618530273,0.0,3.0799999237060547,3.0199999809265137,3.0199999809265137,0.0,18063800
2016-06-24,2.0360257625579834,3.0,0.0,3.0199999809265137,2.9200000762939453,3.0,0.0,90469700
2016-06-27,2.0224533081054688,2.9800000190734863,0.0,3.0199999809265137,2.940000057220459,3.0,0.0,34192600
2016-06-28,2.063173770904541,3.0399999618530273,0.0,3.0799999237060547,2.9600000381469727,3.0,0.0,50048400
2016-06-29,2.117467164993286,3.119999885559082,0.0,3.180000066757202,3.059999942779541,3.0999999046325684,0.0,191070300
2016-06-30,2.117467164993286,3.119999885559082,0.0,3.180000066757202,3.119999885559082,3.140000104904175,0.0,63863100
2016-07-04,2.117467164993286,3.119999885559082,0.0,3.1600000858306885,3.0799999237060547,3.140000104904175,0.0,36122500
2016-07-05,2.076746702194214,3.059999942779541,0.0,3.140000104904175,3.059999942779541,3.119999885559082,0.0,32919000
2016-07-06,2.063173770904541,3.0399999618530273,0.0,3.0799999237060547,3.0399999618530273,3.0399999618530273,0.0,19427600
2016-07-07,2.090320110321045,3.0799999237060547,0.0,3.140000104904175,3.0399999618530273,3.059999942779541,0.0,84760700
2016-07-08,2.1038942337036133,3.0999999046325684,0.0,3.0999999046325684,3.0399999618530273,3.0799999237060547,0.0,46539200
2016-07-11,2.1038942337036133,3.0999999046325684,0.0,3.1600000858306885,3.0999999046325684,3.0999999046325684,0.0,60490300
2016-07-12,2.076746702194214,3.059999942779541,0.0,3.140000104904175,3.059999942779541,3.0999999046325684,0.0,43891000
2016-07-13,2.1038942337036133,3.0999999046325684,0.0,3.140000104904175,3.0799999237060547,3.0799999237060547,0.0,41086100
2016-07-14,2.1446146965026855,3.1600000858306885,0.0,3.2200000286102295,3.0999999046325684,3.119999885559082,0.0,143748000
2016-07-15,2.117467164993286,3.119999885559082,0.0,3.200000047683716,3.119999885559082,3.200000047683716,0.0,40177200
2016-07-20,2.1310410499572754,3.140000104904175,0.0,3.1600000858306885,3.0999999046325684,3.119999885559082,0.0,41303800
2016-07-21,2.1989083290100098,3.240000009536743,0.0,3.259999990463257,3.140000104904175,3.140000104904175,0.0,127239600
2016-07-22,2.1581876277923584,3.180000066757202,0.0,3.240000009536743,3.119999885559082,3.2200000286102295,0.0,84542900
2016-07-25,2.1446146965026855,3.1600000858306885,0.0,3.2200000286102295,3.119999885559082,3.180000066757202,0.0,72335700
2016-07-26,2.1310410499572754,3.140000104904175,0.0,3.180000066757202,3.140000104904175,3.1600000858306885,0.0,20255800
2016-07-27,2.1581876277923584,3.180000066757202,0.0,3.259999990463257,3.180000066757202,3.180000066757202,0.0,78737600
2016-07-28,2.1581876277923584,3.180000066757202,0.0,3.200000047683716,3.1600000858306885,3.180000066757202,0.0,24184500
2016-07-29,2.1310410499572754,3.140000104904175,0.0,3.200000047683716,3.140000104904175,3.200000047683716,0.0,34668700
2016-08-01,2.1310410499572754,3.140000104904175,0.0,3.180000066757202,3.140000104904175,3.1600000858306885,0.0,15959900
2016-08-02,2.117467164993286,3.119999885559082,0.0,3.1600000858306885,3.119999885559082,3.140000104904175,0.0,21324700
2016-08-03,2.117467164993286,3.119999885559082,0.0,3.140000104904175,3.0999999046325684,3.119999885559082,0.0,21786000
2016-08-04,2.117467164993286,3.119999885559082,0.0,3.1600000858306885,3.0999999046325684,3.140000104904175,0.0,22139100
2016-08-05,2.1038942337036133,3.0999999046325684,0.0,3.140000104904175,3.059999942779541,3.140000104904175,0.0,41460200
2016-08-08,2.117467164993286,3.119999885559082,0.0,3.1600000858306885,3.119999885559082,3.140000104904175,0.0,44531800
2016-08-09,2.090320110321045,3.0799999237060547,0.0,3.140000104904175,3.0799999237060547,3.140000104904175,0.0,61364700
2016-08-10,2.1717615127563477,3.200000047683716,0.0,3.2200000286102295,3.0999999046325684,3.119999885559082,0.0,132284000
2016-08-11,2.1310410499572754,3.140000104904175,0.0,3.200000047683716,3.119999885559082,3.180000066757202,0.0,72675000
2016-08-15,2.1717615127563477,3.200000047683716,0.0,3.240000009536743,3.119999885559082,3.140000104904175,0.0,61113100
2016-08-16,2.1446146965026855,3.1600000858306885,0.0,3.240000009536743,3.1600000858306885,3.2200000286102295,0.0,52450500
2016-08-17,2.1446146965026855,3.1600000858306885,0.0,3.200000047683716,3.1600000858306885,3.180000066757202,0.0,17365600
2016-08-18,2.3210699558258057,3.4200000762939453,0.0,3.4200000762939453,3.1600000858306885,3.180000066757202,0.0,240713600
2016-08-19,2.2939233779907227,3.380000114440918,0.0,3.4600000381469727,3.359999895095825,3.380000114440918,0.0,259330300
2016-08-22,2.4296579360961914,3.5799999237060547,0.0,3.640000104904175,3.3399999141693115,3.380000114440918,0.0,397621700
2016-08-23,2.4703786373138428,3.640000104904175,0.0,3.640000104904175,3.559999942779541,3.5799999237060547,0.0,168519300
2016-08-24,2.4160845279693604,3.559999942779541,0.0,3.640000104904175,3.5199999809265137,3.640000104904175,0.0,193534100
2016-08-25,2.4568049907684326,3.619999885559082,0.0,3.700000047683716,3.5399999618530273,3.5799999237060547,0.0,335470800
2016-08-26,2.4568049907684326,3.619999885559082,0.0,3.700000047683716,3.5999999046325684,3.619999885559082,0.0,193324600
2016-08-29,2.4025115966796875,3.5399999618530273,0.0,3.680000066757202,3.5399999618530273,3.619999885559082,0.0,107261700
2016-08-30,2.361790180206299,3.4800000190734863,0.0,3.640000104904175,3.4600000381469727,3.5799999237060547,0.0,234182800
2016-08-31,2.4432318210601807,3.5999999046325684,0.0,3.5999999046325684,3.440000057220459,3.4800000190734863,0.0,123178100
2016-09-01,2.3889377117156982,3.5199999809265137,0.0,3.5999999046325684,3.5199999809265137,3.5799999237060547,0.0,77527300
2016-09-02,2.348217248916626,3.4600000381469727,0.0,3.5399999618530273,3.4200000762939453,3.5399999618530273,0.0,109174900
2016-09-05,2.239629030227661,3.299999952316284,0.0,3.4800000190734863,3.140000104904175,3.4600000381469727,0.0,211250200
2016-09-06,2.3074967861175537,3.4000000953674316,0.0,3.440000057220459,3.2200000286102295,3.299999952316284,0.0,132495100
2016-09-07,2.22605562210083,3.2799999713897705,0.0,3.4000000953674316,3.2799999713897705,3.380000114440918,0.0,73753600
2016-09-08,2.1310410499572754,3.140000104904175,0.0,3.2799999713897705,3.140000104904175,3.259999990463257,0.0,142994700
2016-09-09,2.1310410499572754,3.140000104904175,0.0,3.1600000858306885,3.0799999237060547,3.119999885559082,0.0,82984800
2016-09-12,2.090320110321045,3.0799999237060547,0.0,3.140000104904175,3.0399999618530273,3.059999942779541,0.0,61623700
2016-09-13,2.1310410499572754,3.140000104904175,0.0,3.180000066757202,3.0999999046325684,3.1600000858306885,0.0,79306700
2016-09-14,2.1446146965026855,3.1600000858306885,0.0,3.180000066757202,3.119999885559082,3.119999885559082,0.0,60885300
2016-09-15,2.185335397720337,3.2200000286102295,0.0,3.259999990463257,3.140000104904175,3.1600000858306885,0.0,161493200
2016-09-16,2.1989083290100098,3.240000009536743,0.0,3.2799999713897705,3.200000047683716,3.2799999713897705,0.0,148000100
2016-09-19,2.185335397720337,3.2200000286102295,0.0,3.259999990463257,3.200000047683716,3.240000009536743,0.0,58605000
2016-09-20,2.1446146965026855,3.1600000858306885,0.0,3.2200000286102295,3.140000104904175,3.2200000286102295,0.0,60303300
2016-09-21,2.185335397720337,3.2200000286102295,0.0,3.259999990463257,3.1600000858306885,3.180000066757202,0.0,138811100
2016-09-22,2.212482452392578,3.259999990463257,0.0,3.2799999713897705,3.2200000286102295,3.240000009536743,0.0,86898800
2016-09-23,2.1446146965026855,3.1600000858306885,0.0,3.259999990463257,3.140000104904175,3.259999990463257,0.0,100500500
2016-09-26,2.1446146965026855,3.1600000858306885,0.0,3.200000047683716,3.140000104904175,3.1600000858306885,0.0,54451600
2016-09-27,2.1581876277923584,3.180000066757202,0.0,3.2200000286102295,3.1600000858306885,3.180000066757202,0.0,30775500
2016-09-28,2.117467164993286,3.119999885559082,0.0,3.200000047683716,3.0999999046325684,3.180000066757202,0.0,36605000
2016-09-29,2.1446146965026855,3.1600000858306885,0.0,3.200000047683716,3.140000104904175,3.1600000858306885,0.0,35483100
2016-09-30,2.117467164993286,3.119999885559082,0.0,3.1600000858306885,3.0999999046325684,3.140000104904175,0.0,20783500
2016-10-03,2.117467164993286,3.119999885559082,0.0,3.140000104904175,3.0999999046325684,3.140000104904175,0.0,23114800
2016-10-04,2.1581876277923584,3.180000066757202,0.0,3.200000047683716,3.0999999046325684,3.119999885559082,0.0,100981700
2016-10-05,2.2532026767730713,3.319999933242798,0.0,3.3399999141693115,3.200000047683716,3.200000047683716,0.0,294623200
2016-10-06,2.2532026767730713,3.319999933242798,0.0,3.4000000953674316,3.319999933242798,3.359999895095825,0.0,235642700
2016-10-07,2.212482452392578,3.259999990463257,0.0,3.319999933242798,3.2200000286102295,3.319999933242798,0.0,96038400
2016-10-10,2.117467164993286,3.119999885559082,0.0,3.1600000858306885,3.0799999237060547,3.0799999237060547,0.0,187643300
2016-10-11,2.063173770904541,3.0399999618530273,0.0,3.180000066757202,2.9800000190734863,3.1600000858306885,0.0,183550200
2016-10-12,1.9545855522155762,2.880000114440918,0.0,3.0399999618530273,2.700000047683716,3.0,0.0,221735700
2016-10-13,1.9545855522155762,2.880000114440918,0.0,2.940000057220459,2.7200000286102295,2.819999933242798,0.0,272528000
2016-10-14,2.1446146965026855,3.1600000858306885,0.0,3.180000066757202,3.0,3.0399999618530273,0.0,267828800
2016-10-17,2.1581876277923584,3.180000066757202,0.0,3.180000066757202,3.0799999237060547,3.140000104904175,0.0,129000400
2016-10-18,2.117467164993286,3.119999885559082,0.0,3.180000066757202,3.0999999046325684,3.1600000858306885,0.0,68675100
2016-10-19,2.1717615127563477,3.200000047683716,0.0,3.259999990463257,3.119999885559082,3.119999885559082,0.0,161931000
2016-10-20,2.1581876277923584,3.180000066757202,0.0,3.240000009536743,3.1600000858306885,3.2200000286102295,0.0,95312200
2016-10-21,2.1581876277923584,3.180000066757202,0.0,3.2200000286102295,3.1600000858306885,3.180000066757202,0.0,101073600
2016-10-25,2.212482452392578,3.259999990463257,0.0,3.299999952316284,3.180000066757202,3.200000047683716,0.0,118944900
2016-10-26,2.185335397720337,3.2200000286102295,0.0,3.319999933242798,3.2200000286102295,3.259999990463257,0.0,88379900
2016-10-27,2.1717615127563477,3.200000047683716,0.0,3.259999990463257,3.180000066757202,3.240000009536743,0.0,81295000
2016-10-28,2.22605562210083,3.2799999713897705,0.0,3.319999933242798,3.2200000286102295,3.240000009536743,0.0,235820300
2016-10-31,2.239629030227661,3.299999952316284,0.0,3.3399999141693115,3.2799999713897705,3.299999952316284,0.0,130420000
2016-11-01,2.212482452392578,3.259999990463257,0.0,3.3399999141693115,3.240000009536743,3.3399999141693115,0.0,108143100
2016-11-02,2.1989083290100098,3.240000009536743,0.0,3.2799999713897705,3.2200000286102295,3.240000009536743,0.0,55599000
2016-11-03,2.1989083290100098,3.240000009536743,0.0,3.319999933242798,3.240000009536743,3.259999990463257,0.0,124146600
2016-11-04,2.212482452392578,3.259999990463257,0.0,3.2799999713897705,3.180000066757202,3.240000009536743,0.0,112091500
2016-11-07,2.239629030227661,3.299999952316284,0.0,3.319999933242798,3.259999990463257,3.2799999713897705,0.0,97908300
2016-11-08,2.212482452392578,3.259999990463257,0.0,3.319999933242798,3.259999990463257,3.299999952316284,0.0,61646000
2016-11-09,2.212482452392578,3.259999990463257,0.0,3.2799999713897705,3.180000066757202,3.2200000286102295,0.0,92513900
2016-11-10,2.1989083290100098,3.240000009536743,0.0,3.299999952316284,3.2200000286102295,3.2799999713897705,0.0,65961700
2016-11-11,2.1717615127563477,3.200000047683716,0.0,3.259999990463257,3.200000047683716,3.240000009536743,0.0,63986900
2016-11-14,2.117467164993286,3.119999885559082,0.0,3.200000047683716,3.119999885559082,3.180000066757202,0.0,59161500
2016-11-15,2.1038942337036133,3.0999999046325684,0.0,3.1600000858306885,3.0399999618530273,3.140000104904175,0.0,147939000
2016-11-16,2.076746702194214,3.059999942779541,0.0,3.119999885559082,3.0399999618530273,3.0999999046325684,0.0,97061700
2016-11-17,2.076746702194214,3.059999942779541,0.0,3.0999999046325684,3.0399999618530273,3.0799999237060547,0.0,59768900
2016-11-18,2.0495998859405518,3.0199999809265137,0.0,3.059999942779541,3.0,3.059999942779541,0.0,87801500
2016-11-21,2.0495998859405518,3.0199999809265137,0.0,3.0399999618530273,2.9800000190734863,3.0199999809265137,0.0,99794200
2016-11-22,2.0360257625579834,3.0,0.0,3.059999942779541,3.0,3.0399999618530273,0.0,100594100
2016-11-23,2.0088796615600586,2.9600000381469727,0.0,3.0399999618530273,2.9600000381469727,3.0199999809265137,0.0,149314300
2016-11-24,2.063173770904541,3.0399999618530273,0.0,3.0799999237060547,2.9600000381469727,2.9800000190734863,0.0,172097900
2016-11-25,2.0495998859405518,3.0199999809265137,0.0,3.0799999237060547,3.0,3.0399999618530273,0.0,98179300
2016-11-28,2.0360257625579834,3.0,0.0,3.0399999618530273,2.9800000190734863,3.0399999618530273,0.0,82840100
2016-11-29,2.0088796615600586,2.9600000381469727,0.0,3.0399999618530273,2.940000057220459,3.0199999809265137,0.0,115069100
2016-11-30,2.0360257625579834,3.0,0.0,3.0,2.9600000381469727,2.9600000381469727,0.0,37440300
2016-12-01,2.0088796615600586,2.9600000381469727,0.0,3.0199999809265137,2.9600000381469727,3.0199999809265137,0.0,37099300
2016-12-02,2.0224533081054688,2.9800000190734863,0.0,3.0,2.9600000381469727,2.9800000190734863,0.0,22180100
2016-12-06,2.0088796615600586,2.9600000381469727,0.0,3.0,2.9200000762939453,2.9800000190734863,0.0,64925100
2016-12-07,1.9953058958053589,2.940000057220459,0.0,2.9800000190734863,2.9200000762939453,2.9600000381469727,0.0,49707800
2016-12-08,1.981732726097107,2.9200000762939453,0.0,2.9600000381469727,2.9200000762939453,2.9200000762939453,0.0,66200900
2016-12-09,1.9953058958053589,2.940000057220459,0.0,2.9800000190734863,2.9200000762939453,2.940000057220459,0.0,63699700
2016-12-13,2.0495998859405518,3.0199999809265137,0.0,3.0399999618530273,2.940000057220459,2.9600000381469727,0.0,113102600
2016-12-14,2.0360257625579834,3.0,0.0,3.0399999618530273,2.9800000190734863,3.0199999809265137,0.0,41107100
2016-12-15,2.0360257625579834,3.0,0.0,3.0399999618530273,2.9800000190734863,3.0,0.0,63264600
2016-12-16,2.0224533081054688,2.9800000190734863,0.0,3.0199999809265137,2.9800000190734863,3.0199999809265137,0.0,35568600
2016-12-19,2.0088796615600586,2.9600000381469727,0.0,3.0,2.9600000381469727,2.9800000190734863,0.0,27957900
2016-12-20,1.9953058958053589,2.940000057220459,0.0,2.9800000190734863,2.940000057220459,2.9800000190734863,0.0,42554000
2016-12-21,1.9953058958053589,2.940000057220459,0.0,2.9600000381469727,2.9200000762939453,2.9600000381469727,0.0,17394300
2016-12-22,1.9953058958053589,2.940000057220459,0.0,2.940000057220459,2.9200000762939453,2.940000057220459,0.0,14900700
2016-12-23,1.981732726097107,2.9200000762939453,0.0,2.9600000381469727,2.9200000762939453,2.940000057220459,0.0,22621900
2016-12-26,2.0088796615600586,2.9600000381469727,0.0,2.9800000190734863,2.9200000762939453,2.9200000762939453,0.0,32450800
2016-12-27,1.9953058958053589,2.940000057220459,0.0,2.9800000190734863,2.940000057220459,2.9600000381469727,0.0,12572500
2016-12-28,1.9953058958053589,2.940000057220459,0.0,2.9600000381469727,2.9200000762939453,2.9600000381469727,0.0,17999800
2016-12-29,2.0088796615600586,2.9600000381469727,0.0,2.9800000190734863,2.940000057220459,2.9600000381469727,0.0,27237100
2016-12-30,2.0088796615600586,2.9600000381469727,0.0,3.0,2.9600000381469727,2.9800000190734863,0.0,22685100
2017-01-04,2.0224533081054688,2.9800000190734863,0.0,3.0,2.9600000381469727,2.9600000381469727,0.0,25413400
2017-01-05,2.0495998859405518,3.0199999809265137,0.0,3.0399999618530273,2.9800000190734863,3.0,0.0,82795000
2017-01-06,2.0495998859405518,3.0199999809265137,0.0,3.0399999618530273,3.0,3.0199999809265137,0.0,48678800
2017-01-09,2.090320110321045,3.0799999237060547,0.0,3.0999999046325684,3.0199999809265137,3.0199999809265137,0.0,151709600
2017-01-10,2.063173770904541,3.0399999618530273,0.0,3.119999885559082,3.0399999618530273,3.0999999046325684,0.0,90063300
2017-01-11,2.076746702194214,3.059999942779541,0.0,3.0999999046325684,3.059999942779541,3.0799999237060547,0.0,74300900
2017-01-12,2.1446146965026855,3.1600000858306885,0.0,3.200000047683716,3.0999999046325684,3.0999999046325684,0.0,354600900
2017-01-16,2.1989083290100098,3.240000009536743,0.0,3.259999990463257,3.180000066757202,3.259999990463257,0.0,90585100
2017-01-17,2.1717615127563477,3.200000047683716,0.0,3.259999990463257,3.180000066757202,3.240000009536743,0.0,83648500
2017-01-18,2.1717615127563477,3.200000047683716,0.0,3.240000009536743,3.180000066757202,3.2200000286102295,0.0,53264600
2017-01-19,2.117467164993286,3.119999885559082,0.0,3.2200000286102295,3.0999999046325684,3.200000047683716,0.0,130801300
2017-01-20,2.1310410499572754,3.140000104904175,0.0,3.180000066757202,3.119999885559082,3.140000104904175,0.0,67337700
2017-01-23,2.1581876277923584,3.180000066757202,0.0,3.200000047683716,3.1600000858306885,3.1600000858306885,0.0,48577700
2017-01-24,2.1717615127563477,3.200000047683716,0.0,3.240000009536743,3.200000047683716,3.200000047683716,0.0,99347600
2017-01-25,2.1581876277923584,3.180000066757202,0.0,3.2200000286102295,3.1600000858306885,3.200000047683716,0.0,44171600
2017-01-26,2.1446146965026855,3.1600000858306885,0.0,3.200000047683716,3.140000104904175,3.200000047683716,0.0,39342600
2017-01-27,2.1310410499572754,3.140000104904175,0.0,3.1600000858306885,3.140000104904175,3.1600000858306885,0.0,24183400
2017-01-30,2.1310410499572754,3.140000104904175,0.0,3.180000066757202,3.140000104904175,3.1600000858306885,0.0,22786800
2017-01-31,2.1717615127563477,3.200000047683716,0.0,3.2799999713897705,3.140000104904175,3.140000104904175,0.0,295143300
2017-02-01,2.1581876277923584,3.180000066757202,0.0,3.2200000286102295,3.180000066757202,3.200000047683716,0.0,32831300
2017-02-02,2.1446146965026855,3.1600000858306885,0.0,3.2200000286102295,3.1600000858306885,3.200000047683716,0.0,39955100
2017-02-03,2.1717615127563477,3.200000047683716,0.0,3.2200000286102295,3.1600000858306885,3.1600000858306885,0.0,44415200
2017-02-06,2.1581876277923584,3.180000066757202,0.0,3.2200000286102295,3.1600000858306885,3.200000047683716,0.0,43324000
2017-02-07,2.1581876277923584,3.180000066757202,0.0,3.2200000286102295,3.1600000858306885,3.180000066757202,0.0,34223700
2017-02-08,2.1581876277923584,3.180000066757202,0.0,3.200000047683716,3.1600000858306885,3.180000066757202,0.0,24813100
2017-02-09,2.1581876277923584,3.180000066757202,0.0,3.200000047683716,3.1600000858306885,3.180000066757202,0.0,27250300
2017-02-10,2.185335397720337,3.2200000286102295,0.0,3.240000009536743,3.180000066757202,3.200000047683716,0.0,111856800
2017-02-14,2.1581876277923584,3.180000066757202,0.0,3.240000009536743,3.180000066757202,3.2200000286102295,0.0,54255600
2017-02-15,2.1581876277923584,3.180000066757202,0.0,3.200000047683716,3.1600000858306885,3.200000047683716,0.0,31364300
2017-02-16,2.1581876277923584,3.180000066757202,0.0,3.200000047683716,3.140000104904175,3.200000047683716,0.0,27743000
2017-02-17,2.1446146965026855,3.1600000858306885,0.0,3.180000066757202,3.140000104904175,3.180000066757202,0.0,25306500
2017-02-20,2.1310410499572754,3.140000104904175,0.0,3.1600000858306885,3.140000104904175,3.1600000858306885,0.0,29741300
2017-02-21,2.076746702194214,3.059999942779541,0.0,3.1600000858306885,3.0399999618530273,3.1600000858306885,0.0,100835900
2017-02-22,2.076746702194214,3.059999942779541,0.0,3.0999999046325684,3.059999942779541,3.0799999237060547,0.0,24985300
2017-02-23,2.117467164993286,3.119999885559082,0.0,3.1600000858306885,3.0999999046325684,3.119999885559082,0.0,100471900
2017-02-24,2.117467164993286,3.119999885559082,0.0,3.140000104904175,3.119999885559082,3.140000104904175,0.0,22590000
2017-02-27,2.117467164993286,3.119999885559082,0.0,3.1600000858306885,3.0999999046325684,3.119999885559082,0.0,42143800
2017-02-28,2.1038942337036133,3.0999999046325684,0.0,3.140000104904175,3.0999999046325684,3.119999885559082,0.0,27064900
2017-03-01,2.117467164993286,3.119999885559082,0.0,3.140000104904175,3.0999999046325684,3.119999885559082,0.0,106795300
2017-03-02,2.090320110321045,3.0799999237060547,0.0,3.0999999046325684,3.0799999237060547,3.0799999237060547,0.0,27475300
2017-03-03,2.076746702194214,3.059999942779541,0.0,3.0999999046325684,3.059999942779541,3.0999999046325684,0.0,28433100
2017-03-06,2.063173770904541,3.0399999618530273,0.0,3.0799999237060547,3.0399999618530273,3.059999942779541,0.0,13974700
2017-03-07,2.063173770904541,3.0399999618530273,0.0,3.059999942779541,3.0399999618530273,3.0399999618530273,0.0,9837100
2017-03-08,2.063173770904541,3.0399999618530273,0.0,3.0799999237060547,3.0,3.0399999618530273,0.0,41667200
2017-03-09,2.0495998859405518,3.0199999809265137,0.0,3.059999942779541,3.0,3.0399999618530273,0.0,40672100
2017-03-10,2.0360257625579834,3.0,0.0,3.0199999809265137,2.9800000190734863,3.0,0.0,23836700
2017-03-13,1.9953058958053589,2.940000057220459,0.0,3.0,2.940000057220459,3.0,0.0,57045200
2017-03-14,2.0360257625579834,3.0,0.0,3.0,2.940000057220459,2.9600000381469727,0.0,38949600
2017-03-15,2.0360257625579834,3.0,0.0,3.0199999809265137,2.9800000190734863,3.0,0.0,46005900
2017-03-16,2.063173770904541,3.0399999618530273,0.0,3.059999942779541,3.0199999809265137,3.0399999618530273,0.0,78757700
2017-03-17,2.063173770904541,3.0399999618530273,0.0,3.0799999237060547,3.0199999809265137,3.0399999618530273,0.0,74704500
2017-03-20,2.0360257625579834,3.0,0.0,3.059999942779541,2.9800000190734863,3.059999942779541,0.0,79403500
2017-03-21,2.0495998859405518,3.0199999809265137,0.0,3.0199999809265137,3.0,3.0199999809265137,0.0,30525000
2017-03-22,2.0360257625579834,3.0,0.0,3.0399999618530273,3.0,3.0199999809265137,0.0,108926400
2017-03-23,2.076746702194214,3.059999942779541,0.0,3.059999942779541,3.0199999809265137,3.0399999618530273,0.0,53475100
2017-03-24,2.1310410499572754,3.140000104904175,0.0,3.140000104904175,3.059999942779541,3.059999942779541,0.0,154378000
2017-03-27,2.1446146965026855,3.1600000858306885,0.0,3.180000066757202,3.0999999046325684,3.140000104904175,0.0,58008700
2017-03-28,2.1446146965026855,3.1600000858306885,0.0,3.180000066757202,3.140000104904175,3.1600000858306885,0.0,50922600
2017-03-29,2.1446146965026855,3.1600000858306885,0.0,3.180000066757202,3.1600000858306885,3.180000066757202,0.0,24108100
2017-03-30,2.1446146965026855,3.1600000858306885,0.0,3.180000066757202,3.1600000858306885,3.1600000858306885,0.0,35478100
2017-03-31,2.1310410499572754,3.140000104904175,0.0,3.180000066757202,3.119999885559082,3.1600000858306885,0.0,30515900
2017-04-03,2.1446146965026855,3.1600000858306885,0.0,3.1600000858306885,3.119999885559082,3.140000104904175,0.0,28069400
2017-04-04,2.1446146965026855,3.1600000858306885,0.0,3.200000047683716,3.140000104904175,3.1600000858306885,0.0,34641600
2017-04-05,2.1310410499572754,3.140000104904175,0.0,3.180000066757202,3.140000104904175,3.1600000858306885,0.0,13661900
2017-04-07,2.1310410499572754,3.140000104904175,0.0,3.1600000858306885,3.140000104904175,3.140000104904175,0.0,13063500
2017-04-10,2.117467164993286,3.119999885559082,0.0,3.1600000858306885,3.059999942779541,3.1600000858306885,0.0,47334800
2017-04-11,2.1038942337036133,3.0999999046325684,0.0,3.1600000858306885,3.0799999237060547,3.0999999046325684,0.0,47381000
2017-04-12,2.1038942337036133,3.0999999046325684,0.0,3.140000104904175,3.0999999046325684,3.0999999046325684,0.0,19199800
2017-04-17,2.090320110321045,3.0799999237060547,0.0,3.119999885559082,3.0799999237060547,3.119999885559082,0.0,30437200
2017-04-18,2.117467164993286,3.119999885559082,0.0,3.140000104904175,3.0999999046325684,3.0999999046325684,0.0,32775600
2017-04-19,2.1038942337036133,3.0999999046325684,0.0,3.140000104904175,3.0999999046325684,3.119999885559082,0.0,29719800
2017-04-20,2.117467164993286,3.119999885559082,0.0,3.140000104904175,3.0999999046325684,3.119999885559082,0.0,36824500
2017-04-21,2.1310410499572754,3.140000104904175,0.0,3.180000066757202,3.119999885559082,3.119999885559082,0.0,65653700
2017-04-24,2.1310410499572754,3.140000104904175,0.0,3.1600000858306885,3.119999885559082,3.140000104904175,0.0,46972600
2017-04-25,2.1310410499572754,3.140000104904175,0.0,3.1600000858306885,3.0999999046325684,3.140000104904175,0.0,39663800
2017-04-26,2.1310410499572754,3.140000104904175,0.0,3.1600000858306885,3.119999885559082,3.119999885559082,0.0,28480700
2017-04-27,2.1446146965026855,3.1600000858306885,0.0,3.1600000858306885,3.119999885559082,3.140000104904175,0.0,15373300
2017-04-28,2.1310410499572754,3.140000104904175,0.0,3.1600000858306885,3.140000104904175,3.140000104904175,0.0,28312900
2017-05-02,2.1310410499572754,3.140000104904175,0.0,3.1600000858306885,3.119999885559082,3.140000104904175,0.0,28167600
2017-05-03,2.117467164993286,3.119999885559082,0.0,3.1600000858306885,3.0999999046325684,3.140000104904175,0.0,39670300
2017-05-04,2.2406468391418457,3.140000104904175,0.1536,3.140000104904175,3.0999999046325684,3.140000104904175,0.0,70637700
2017-05-08,2.1407454013824463,3.0,0.0,3.0399999618530273,2.9800000190734863,3.0,0.0,46042400
2017-05-09,2.1407454013824463,3.0,0.0,3.0199999809265137,3.0,3.0199999809265137,0.0,14970100
2017-05-11,2.126474142074585,2.9800000190734863,0.0,3.0,2.9600000381469727,3.0,0.0,28457400
2017-05-12,2.097930908203125,2.940000057220459,0.0,2.9800000190734863,2.9200000762939453,2.9600000381469727,0.0,45185900
2017-05-15,2.1407454013824463,3.0,0.0,3.0,3.0,3.0,0.0,5179100
2017-05-16,2.126474142074585,2.9800000190734863,0.0,3.0199999809265137,2.9800000190734863,3.0,0.0,17560400
2017-05-17,2.1407454013824463,3.0,0.0,3.0199999809265137,2.9800000190734863,3.0,0.0,25680100
2017-05-18,2.126474142074585,2.9800000190734863,0.0,3.0199999809265137,2.9800000190734863,2.9800000190734863,0.0,38779000
2017-05-19,2.155017375946045,3.0199999809265137,0.0,3.0399999618530273,2.9800000190734863,3.0,0.0,35653800
2017-05-22,2.183560371398926,3.059999942779541,0.0,3.0999999046325684,3.0199999809265137,3.0199999809265137,0.0,47001000
2017-05-23,2.1978321075439453,3.0799999237060547,0.0,3.0999999046325684,3.0399999618530273,3.059999942779541,0.0,25446300
2017-05-24,2.2406468391418457,3.140000104904175,0.0,3.1600000858306885,3.0999999046325684,3.0999999046325684,0.0,92452800
2017-05-25,2.2406468391418457,3.140000104904175,0.0,3.1600000858306885,3.119999885559082,3.140000104904175,0.0,41781800
2017-05-26,2.2263755798339844,3.119999885559082,0.0,3.1600000858306885,3.119999885559082,3.140000104904175,0.0,22704200
2017-05-29,2.2406468391418457,3.140000104904175,0.0,3.140000104904175,3.119999885559082,3.140000104904175,0.0,41122000
2017-05-30,2.2406468391418457,3.140000104904175,0.0,3.140000104904175,3.119999885559082,3.119999885559082,0.0,13558500
2017-05-31,2.2406468391418457,3.140000104904175,0.0,3.140000104904175,3.119999885559082,3.140000104904175,0.0,34413000
2017-06-01,2.2691903114318848,3.180000066757202,0.0,3.180000066757202,3.119999885559082,3.119999885559082,0.0,85989600
2017-06-02,2.2549192905426025,3.1600000858306885,0.0,3.200000047683716,3.1600000858306885,3.180000066757202,0.0,41581600
2017-06-05,2.2691903114318848,3.180000066757202,0.0,3.200000047683716,3.1600000858306885,3.180000066757202,0.0,47286600
2017-06-06,2.2691903114318848,3.180000066757202,0.0,3.200000047683716,3.180000066757202,3.180000066757202,0.0,18621400
2017-06-07,2.2691903114318848,3.180000066757202,0.0,3.200000047683716,3.1600000858306885,3.180000066757202,0.0,23410400
2017-06-08,2.2691903114318848,3.180000066757202,0.0,3.200000047683716,3.1600000858306885,3.180000066757202,0.0,33503900
2017-06-09,2.2691903114318848,3.180000066757202,0.0,3.200000047683716,3.1600000858306885,3.180000066757202,0.0,20750900
2017-06-12,2.2691903114318848,3.180000066757202,0.0,3.200000047683716,3.1600000858306885,3.180000066757202,0.0,16399600
2017-06-13,2.2549192905426025,3.1600000858306885,0.0,3.180000066757202,3.119999885559082,3.180000066757202,0.0,102201300
2017-06-14,2.2549192905426025,3.1600000858306885,0.0,3.180000066757202,3.140000104904175,3.1600000858306885,0.0,33079900
2017-06-15,2.2691903114318848,3.180000066757202,0.0,3.180000066757202,3.1600000858306885,3.1600000858306885,0.0,33664400
2017-06-16,2.2549192905426025,3.1600000858306885,0.0,3.200000047683716,3.1600000858306885,3.180000066757202,0.0,78707800
2017-06-19,2.2406468391418457,3.140000104904175,0.0,3.1600000858306885,3.119999885559082,3.1600000858306885,0.0,29963300
2017-06-20,2.2406468391418457,3.140000104904175,0.0,3.180000066757202,3.119999885559082,3.140000104904175,0.0,46749600
2017-06-21,2.2549192905426025,3.1600000858306885,0.0,3.180000066757202,3.140000104904175,3.140000104904175,0.0,20815500
2017-06-22,2.2406468391418457,3.140000104904175,0.0,3.180000066757202,3.140000104904175,3.1600000858306885,0.0,25295700
2017-06-23,2.3120057582855225,3.240000009536743,0.0,3.259999990463257,3.140000104904175,3.140000104904175,0.0,170706100
2017-06-26,2.297734022140503,3.2200000286102295,0.0,3.2799999713897705,3.2200000286102295,3.259999990463257,0.0,74819300
2017-06-27,2.2549192905426025,3.1600000858306885,0.0,3.240000009536743,3.1600000858306885,3.240000009536743,0.0,66205300
2017-06-28,2.2691903114318848,3.180000066757202,0.0,3.180000066757202,3.140000104904175,3.180000066757202,0.0,43400000
2017-06-29,2.2691903114318848,3.180000066757202,0.0,3.2200000286102295,3.180000066757202,3.200000047683716,0.0,44762300
2017-06-30,2.2549192905426025,3.1600000858306885,0.0,3.200000047683716,3.119999885559082,3.180000066757202,0.0,68361200
2017-07-03,2.2406468391418457,3.140000104904175,0.0,3.180000066757202,3.119999885559082,3.1600000858306885,0.0,29046600
2017-07-04,2.2406468391418457,3.140000104904175,0.0,3.180000066757202,3.119999885559082,3.140000104904175,0.0,11023000
2017-07-05,2.2406468391418457,3.140000104904175,0.0,3.1600000858306885,3.119999885559082,3.1600000858306885,0.0,17385700
2017-07-06,2.183560371398926,3.059999942779541,0.0,3.140000104904175,3.059999942779541,3.140000104904175,0.0,69045600
2017-07-07,2.1978321075439453,3.0799999237060547,0.0,3.0799999237060547,3.0199999809265137,3.0399999618530273,0.0,28481500
2017-07-11,2.1407454013824463,3.0,0.0,3.0799999237060547,3.0,3.0799999237060547,0.0,43904300
2017-07-12,2.183560371398926,3.059999942779541,0.0,3.0799999237060547,3.0199999809265137,3.0199999809265137,0.0,37837300
2017-07-13,2.183560371398926,3.059999942779541,0.0,3.119999885559082,3.059999942779541,3.0799999237060547,0.0,24921200
2017-07-14,2.183560371398926,3.059999942779541,0.0,3.0799999237060547,3.0399999618530273,3.0799999237060547,0.0,28417300
2017-07-17,2.183560371398926,3.059999942779541,0.0,3.119999885559082,3.059999942779541,3.0799999237060547,0.0,37891500
2017-07-18,2.1978321075439453,3.0799999237060547,0.0,3.0999999046325684,3.059999942779541,3.059999942779541,0.0,41625300
2017-07-19,2.1978321075439453,3.0799999237060547,0.0,3.0999999046325684,3.0399999618530273,3.0799999237060547,0.0,28988700
2017-07-20,2.1692888736724854,3.0399999618530273,0.0,3.0799999237060547,3.0199999809265137,3.0799999237060547,0.0,44939300
2017-07-21,2.155017375946045,3.0199999809265137,0.0,3.0799999237060547,3.0199999809265137,3.0399999618530273,0.0,29488900
2017-07-24,2.1692888736724854,3.0399999618530273,0.0,3.059999942779541,3.0199999809265137,3.0399999618530273,0.0,11683600
2017-07-25,2.1978321075439453,3.0799999237060547,0.0,3.0799999237060547,3.0399999618530273,3.059999942779541,0.0,23846700
2017-07-26,2.1692888736724854,3.0399999618530273,0.0,3.0799999237060547,3.0399999618530273,3.0799999237060547,0.0,21485100
2017-07-27,2.1692888736724854,3.0399999618530273,0.0,3.059999942779541,3.0199999809265137,3.059999942779541,0.0,19055900
2017-07-31,2.1692888736724854,3.0399999618530273,0.0,3.059999942779541,3.0,3.0399999618530273,0.0,33930000
2017-08-01,2.1407454013824463,3.0,0.0,3.0399999618530273,2.9800000190734863,3.0399999618530273,0.0,61436700
2017-08-02,2.1407454013824463,3.0,0.0,3.0199999809265137,2.9800000190734863,3.0,0.0,30799500
2017-08-03,2.155017375946045,3.0199999809265137,0.0,3.059999942779541,3.0,3.0,0.0,22966400
2017-08-04,2.1407454013824463,3.0,0.0,3.0399999618530273,3.0,3.0399999618530273,0.0,25008800
2017-08-07,2.1407454013824463,3.0,0.0,3.0199999809265137,3.0,3.0,0.0,19840300
2017-08-08,2.155017375946045,3.0199999809265137,0.0,3.0399999618530273,2.9800000190734863,3.0,0.0,23405900
2017-08-09,2.1407454013824463,3.0,0.0,3.0399999618530273,3.0,3.0199999809265137,0.0,13910600
2017-08-10,2.1407454013824463,3.0,0.0,3.0199999809265137,2.9800000190734863,3.0,0.0,18173100
2017-08-11,2.126474142074585,2.9800000190734863,0.0,3.0199999809265137,2.9800000190734863,3.0199999809265137,0.0,21378200
2017-08-15,2.155017375946045,3.0199999809265137,0.0,3.0399999618530273,3.0,3.0199999809265137,0.0,17750800
2017-08-16,2.155017375946045,3.0199999809265137,0.0,3.0399999618530273,3.0,3.0399999618530273,0.0,39838600
2017-08-17,2.155017375946045,3.0199999809265137,0.0,3.0399999618530273,3.0,3.0199999809265137,0.0,20104700
2017-08-18,2.155017375946045,3.0199999809265137,0.0,3.0399999618530273,3.0,3.0199999809265137,0.0,14633700
2017-08-21,2.1692888736724854,3.0399999618530273,0.0,3.059999942779541,3.0,3.0199999809265137,0.0,25303600
2017-08-22,2.183560371398926,3.059999942779541,0.0,3.0999999046325684,3.0399999618530273,3.0399999618530273,0.0,57687000
2017-08-23,2.183560371398926,3.059999942779541,0.0,3.0799999237060547,3.059999942779541,3.0799999237060547,0.0,37185400
2017-08-24,2.155017375946045,3.0199999809265137,0.0,3.059999942779541,3.0199999809265137,3.059999942779541,0.0,13464000
2017-08-25,2.1692888736724854,3.0399999618530273,0.0,3.059999942779541,3.0199999809265137,3.0199999809265137,0.0,7009100
2017-08-28,2.183560371398926,3.059999942779541,0.0,3.059999942779541,3.059999942779541,3.059999942779541,0.0,1112200
2017-08-29,2.1978321075439453,3.0799999237060547,0.0,3.0999999046325684,3.0199999809265137,3.0399999618530273,0.0,47705000
2017-08-30,2.2406468391418457,3.140000104904175,0.0,3.140000104904175,3.0799999237060547,3.0799999237060547,0.0,127955600
2017-08-31,2.2691903114318848,3.180000066757202,0.0,3.200000047683716,3.140000104904175,3.140000104904175,0.0,116963400
2017-09-01,2.2691903114318848,3.180000066757202,0.0,3.200000047683716,3.140000104904175,3.200000047683716,0.0,68847600
2017-09-04,2.2549192905426025,3.1600000858306885,0.0,3.200000047683716,3.140000104904175,3.180000066757202,0.0,50771400
2017-09-05,2.2263755798339844,3.119999885559082,0.0,3.180000066757202,3.119999885559082,3.1600000858306885,0.0,67671800
2017-09-06,2.2549192905426025,3.1600000858306885,0.0,3.1600000858306885,3.119999885559082,3.119999885559082,0.0,32826800
2017-09-07,2.4119069576263428,3.380000114440918,0.0,3.4000000953674316,3.140000104904175,3.1600000858306885,0.0,718830300
2017-09-08,2.3833634853363037,3.3399999141693115,0.0,3.440000057220459,3.319999933242798,3.380000114440918,0.0,278157600
2017-09-11,2.3833634853363037,3.3399999141693115,0.0,3.4200000762939453,3.3399999141693115,3.359999895095825,0.0,183302600
2017-09-12,2.4404497146606445,3.4200000762939453,0.0,3.4600000381469727,3.3399999141693115,3.359999895095825,0.0,185499500
2017-09-13,2.4119069576263428,3.380000114440918,0.0,3.440000057220459,3.359999895095825,3.4200000762939453,0.0,115503500
2017-09-14,2.4119069576263428,3.380000114440918,0.0,3.4200000762939453,3.359999895095825,3.380000114440918,0.0,104389600
2017-09-15,2.426178455352783,3.4000000953674316,0.0,3.440000057220459,3.359999895095825,3.380000114440918,0.0,90969900
2017-09-18,2.3690919876098633,3.319999933242798,0.0,3.4200000762939453,3.299999952316284,3.4000000953674316,0.0,163792500
2017-09-19,2.4689934253692627,3.4600000381469727,0.0,3.4800000190734863,3.319999933242798,3.3399999141693115,0.0,288086300
2017-09-20,2.4404497146606445,3.4200000762939453,0.0,3.5199999809265137,3.4200000762939453,3.4800000190734863,0.0,199479800
2017-09-21,2.540351629257202,3.559999942779541,0.0,3.5999999046325684,3.4200000762939453,3.440000057220459,0.0,372344400
2017-09-22,2.5546233654022217,3.5799999237060547,0.0,3.5999999046325684,3.5199999809265137,3.559999942779541,0.0,188964100
2017-09-25,2.5546233654022217,3.5799999237060547,0.0,3.619999885559082,3.5399999618530273,3.5799999237060547,0.0,161943400
2017-09-26,2.540351629257202,3.559999942779541,0.0,3.5999999046325684,3.5199999809265137,3.5799999237060547,0.0,106776200
2017-09-27,2.5831663608551025,3.619999885559082,0.0,3.640000104904175,3.5399999618530273,3.559999942779541,0.0,171040600
2017-09-28,2.5546233654022217,3.5799999237060547,0.0,3.680000066757202,3.559999942779541,3.640000104904175,0.0,208949700
2017-09-29,2.540351629257202,3.559999942779541,0.0,3.5999999046325684,3.5399999618530273,3.559999942779541,0.0,42431300
2017-10-02,2.568894624710083,3.5999999046325684,0.0,3.5999999046325684,3.5399999618530273,3.559999942779541,0.0,67648700
2017-10-03,2.540351629257202,3.559999942779541,0.0,3.619999885559082,3.559999942779541,3.5999999046325684,0.0,60929800
2017-10-04,2.5546233654022217,3.5799999237060547,0.0,3.640000104904175,3.559999942779541,3.5799999237060547,0.0,97848000
2017-10-05,2.597438335418701,3.640000104904175,0.0,3.6600000858306885,3.5799999237060547,3.5799999237060547,0.0,97395300
2017-10-06,2.568894624710083,3.5999999046325684,0.0,3.6600000858306885,3.5799999237060547,3.640000104904175,0.0,85920300
2017-10-09,2.5260798931121826,3.5399999618530273,0.0,3.619999885559082,3.5199999809265137,3.5999999046325684,0.0,66185600
2017-10-10,2.540351629257202,3.559999942779541,0.0,3.5999999046325684,3.5399999618530273,3.559999942779541,0.0,97217400
2017-10-11,2.654524803161621,3.7200000286102295,0.0,3.7200000286102295,3.5799999237060547,3.5799999237060547,0.0,381039800
2017-10-12,2.68306827545166,3.759999990463257,0.0,3.799999952316284,3.7200000286102295,3.740000009536743,0.0,144349700
2017-10-16,2.7258830070495605,3.819999933242798,0.0,3.819999933242798,3.819999933242798,3.819999933242798,0.0,6999000
2017-10-17,2.7258830070495605,3.819999933242798,0.0,3.859999895095825,3.759999990463257,3.819999933242798,0.0,71730900
2017-10-18,2.68306827545166,3.759999990463257,0.0,3.819999933242798,3.759999990463257,3.819999933242798,0.0,92578100
2017-10-19,2.6117100715637207,3.6600000858306885,0.0,3.7799999713897705,3.5799999237060547,3.759999990463257,0.0,221154000
2017-10-20,2.597438335418701,3.640000104904175,0.0,3.680000066757202,3.5799999237060547,3.6600000858306885,0.0,163751900
2017-10-24,2.654524803161621,3.7200000286102295,0.0,3.7200000286102295,3.640000104904175,3.6600000858306885,0.0,102372900
2017-10-25,2.7258830070495605,3.819999933242798,0.0,3.819999933242798,3.740000009536743,3.759999990463257,0.0,87276900
2017-10-27,2.740154504776001,3.8399999141693115,0.0,3.9000000953674316,3.819999933242798,3.8399999141693115,0.0,100752900
2017-10-30,2.740154504776001,3.8399999141693115,0.0,3.880000114440918,3.759999990463257,3.8399999141693115,0.0,88739900
2017-10-31,2.740154504776001,3.8399999141693115,0.0,3.859999895095825,3.7799999713897705,3.8399999141693115,0.0,55851900
2017-11-01,2.68306827545166,3.759999990463257,0.0,3.8399999141693115,3.759999990463257,3.8399999141693115,0.0,80455500
2017-11-02,2.6687963008880615,3.740000009536743,0.0,3.8399999141693115,3.740000009536743,3.7799999713897705,0.0,74296300
2017-11-03,2.6973390579223633,3.7799999713897705,0.0,3.7799999713897705,3.700000047683716,3.759999990463257,0.0,42439800
2017-11-06,2.797240972518921,3.9200000762939453,0.0,3.9200000762939453,3.759999990463257,3.799999952316284,0.0,148931100
2017-11-07,2.76869797706604,3.880000114440918,0.0,3.9200000762939453,3.859999895095825,3.9000000953674316,0.0,72071500
2017-11-08,2.76869797706604,3.880000114440918,0.0,3.9200000762939453,3.859999895095825,3.880000114440918,0.0,87932900
2017-11-09,2.7258830070495605,3.819999933242798,0.0,3.880000114440918,3.799999952316284,3.880000114440918,0.0,75866800
2017-11-10,2.6973390579223633,3.7799999713897705,0.0,3.8399999141693115,3.7799999713897705,3.819999933242798,0.0,50481100
2017-11-13,2.740154504776001,3.8399999141693115,0.0,3.859999895095825,3.7799999713897705,3.799999952316284,0.0,112710300
2017-11-14,2.82578444480896,3.9600000381469727,0.0,3.9800000190734863,3.8399999141693115,3.859999895095825,0.0,267420200
2017-11-15,2.82578444480896,3.9600000381469727,0.0,3.9600000381469727,3.9000000953674316,3.940000057220459,0.0,104319300
2017-11-16,2.8685991764068604,4.019999980926514,0.0,4.059999942779541,3.940000057220459,3.940000057220459,0.0,297191900
2017-11-17,2.8971424102783203,4.059999942779541,0.0,4.079999923706055,4.019999980926514,4.039999961853027,0.0,124657600
2017-11-20,2.8971424102783203,4.059999942779541,0.0,4.119999885559082,4.059999942779541,4.059999942779541,0.0,137129800
2017-11-21,2.854327440261841,4.0,0.0,4.0,4.0,4.0,0.0,152069300
2017-11-22,2.9040284156799316,4.019999980926514,0.0488,4.019999980926514,3.9600000381469727,3.9800000190734863,0.0,63617900
2017-11-23,2.8751325607299805,3.9800000190734863,0.0,4.019999980926514,3.9800000190734863,4.019999980926514,0.0,26220700
2017-11-24,2.9040284156799316,4.019999980926514,0.0,4.099999904632568,3.9800000190734863,3.9800000190734863,0.0,161492700
2017-11-27,2.8751325607299805,3.9800000190734863,0.0,4.019999980926514,3.940000057220459,4.0,0.0,39259200
2017-11-28,2.860684633255005,3.9600000381469727,0.0,4.0,3.9200000762939453,3.9600000381469727,0.0,78347900
2017-11-29,2.8462369441986084,3.940000057220459,0.0,4.0,3.940000057220459,4.0,0.0,53550600
2017-11-30,2.8173413276672363,3.9000000953674316,0.0,3.9600000381469727,3.819999933242798,3.9200000762939453,0.0,124761700
2017-12-01,2.759549379348755,3.819999933242798,0.0,3.9200000762939453,3.819999933242798,3.9200000762939453,0.0,65878300
2017-12-04,2.658413887023926,3.680000066757202,0.0,3.8399999141693115,3.680000066757202,3.8399999141693115,0.0,202484700
2017-12-06,2.658413887023926,3.680000066757202,0.0,3.700000047683716,3.5999999046325684,3.680000066757202,0.0,149048100
2017-12-07,2.759549379348755,3.819999933242798,0.0,3.819999933242798,3.680000066757202,3.680000066757202,0.0,179523500
2017-12-08,2.7162058353424072,3.759999990463257,0.0,3.8399999141693115,3.759999990463257,3.819999933242798,0.0,61904100
2017-12-12,2.6006226539611816,3.5999999046325684,0.0,3.7799999713897705,3.5999999046325684,3.759999990463257,0.0,145346900
2017-12-13,2.6728622913360596,3.700000047683716,0.0,3.740000009536743,3.619999885559082,3.619999885559082,0.0,74230000
2017-12-14,2.7451012134552,3.799999952316284,0.0,3.799999952316284,3.740000009536743,3.740000009536743,0.0,72311100
2017-12-15,2.7451012134552,3.799999952316284,0.0,3.8399999141693115,3.740000009536743,3.819999933242798,0.0,46110500
2017-12-18,2.7162058353424072,3.759999990463257,0.0,3.799999952316284,3.759999990463257,3.799999952316284,0.0,30580900
2017-12-19,2.8462369441986084,3.940000057220459,0.0,3.940000057220459,3.799999952316284,3.799999952316284,0.0,166205800
2017-12-20,2.8751325607299805,3.9800000190734863,0.0,4.019999980926514,3.9200000762939453,3.940000057220459,0.0,193927100
2017-12-21,2.8751325607299805,3.9800000190734863,0.0,4.0,3.940000057220459,3.9800000190734863,0.0,70174300
2017-12-22,2.8462369441986084,3.940000057220459,0.0,4.0,3.940000057220459,3.9800000190734863,0.0,57991200
2017-12-25,2.9040284156799316,4.019999980926514,0.0,4.019999980926514,3.9600000381469727,3.9800000190734863,0.0,70704400
2017-12-26,2.9184765815734863,4.039999961853027,0.0,4.079999923706055,4.019999980926514,4.039999961853027,0.0,116920300
2017-12-27,2.9040284156799316,4.019999980926514,0.0,4.079999923706055,4.019999980926514,4.039999961853027,0.0,50273000
2017-12-28,2.8462369441986084,3.940000057220459,0.0,4.039999961853027,3.940000057220459,4.039999961853027,0.0,77381500
2017-12-29,2.889580249786377,4.0,0.0,4.0,3.940000057220459,3.9600000381469727,0.0,142738800
2018-01-03,3.0051636695861816,4.159999847412109,0.0,4.159999847412109,4.019999980926514,4.019999980926514,0.0,198510700
2018-01-04,3.0340588092803955,4.199999809265137,0.0,4.260000228881836,4.179999828338623,4.199999809265137,0.0,193241400
2018-01-05,3.019611120223999,4.179999828338623,0.0,4.21999979019165,4.139999866485596,4.179999828338623,0.0,134796500
2018-01-08,3.019611120223999,4.179999828338623,0.0,4.28000020980835,4.159999847412109,4.159999847412109,0.0,155201200
2018-01-09,3.0485076904296875,4.21999979019165,0.0,4.21999979019165,4.21999979019165,4.21999979019165,0.0,4130900
2018-01-10,3.062955379486084,4.239999771118164,0.0,4.360000133514404,4.199999809265137,4.239999771118164,0.0,391906400
2018-01-11,3.1062989234924316,4.300000190734863,0.0,4.300000190734863,4.199999809265137,4.260000228881836,0.0,100627600
2018-01-12,3.1496429443359375,4.360000133514404,0.0,4.380000114440918,4.260000228881836,4.300000190734863,0.0,110264000
2018-01-15,3.221881628036499,4.460000038146973,0.0,4.519999980926514,4.400000095367432,4.400000095367432,0.0,248712300
2018-01-16,3.2074339389801025,4.440000057220459,0.0,4.559999942779541,4.420000076293945,4.5,0.0,144957500
2018-01-17,3.236330270767212,4.480000019073486,0.0,4.519999980926514,4.380000114440918,4.400000095367432,0.0,143982600
2018-01-18,3.192986488342285,4.420000076293945,0.0,4.519999980926514,4.420000076293945,4.5,0.0,98651600
2018-01-19,3.1785385608673096,4.400000095367432,0.0,4.400000095367432,4.300000190734863,4.400000095367432,0.0,140185600
2018-01-22,3.192986488342285,4.420000076293945,0.0,4.480000019073486,4.380000114440918,4.420000076293945,0.0,87262000
2018-01-23,3.091850996017456,4.28000020980835,0.0,4.460000038146973,4.21999979019165,4.440000057220459,0.0,281483600
2018-01-24,3.0485076904296875,4.21999979019165,0.0,4.320000171661377,4.21999979019165,4.28000020980835,0.0,231970200
2018-01-25,3.019611120223999,4.179999828338623,0.0,4.28000020980835,4.179999828338623,4.21999979019165,0.0,121570800
2018-01-26,3.062955379486084,4.239999771118164,0.0,4.239999771118164,4.039999961853027,4.159999847412109,0.0,400273900
2018-01-29,3.062955379486084,4.239999771118164,0.0,4.260000228881836,4.199999809265137,4.239999771118164,0.0,133537100
2018-01-30,3.0485076904296875,4.21999979019165,0.0,4.239999771118164,4.119999885559082,4.239999771118164,0.0,175018700
2018-01-31,3.0485076904296875,4.21999979019165,0.0,4.239999771118164,4.159999847412109,4.179999828338623,0.0,91449900
2018-02-01,3.0340588092803955,4.199999809265137,0.0,4.239999771118164,4.179999828338623,4.21999979019165,0.0,65854600
2018-02-02,3.091850996017456,4.28000020980835,0.0,4.320000171661377,4.239999771118164,4.239999771118164,0.0,296127700
2018-02-05,3.0774030685424805,4.260000228881836,0.0,4.260000228881836,4.159999847412109,4.179999828338623,0.0,180314900
2018-02-06,3.0340588092803955,4.199999809265137,0.0,4.239999771118164,4.099999904632568,4.159999847412109,0.0,271324300
2018-02-07,3.0051636695861816,4.159999847412109,0.0,4.260000228881836,4.159999847412109,4.260000228881836,0.0,191037700
2018-02-08,3.019611120223999,4.179999828338623,0.0,4.239999771118164,4.159999847412109,4.21999979019165,0.0,148648300
2018-02-09,3.0340588092803955,4.199999809265137,0.0,4.21999979019165,4.139999866485596,4.139999866485596,0.0,126379800
2018-02-12,3.0774030685424805,4.260000228881836,0.0,4.260000228881836,4.179999828338623,4.199999809265137,0.0,90754200
2018-02-13,3.0774030685424805,4.260000228881836,0.0,4.340000152587891,4.239999771118164,4.28000020980835,0.0,165829500
2018-02-14,3.0340588092803955,4.199999809265137,0.0,4.28000020980835,4.199999809265137,4.28000020980835,0.0,67018700
2018-02-15,3.062955379486084,4.239999771118164,0.0,4.239999771118164,4.179999828338623,4.21999979019165,0.0,52720900
2018-02-16,3.0485076904296875,4.21999979019165,0.0,4.260000228881836,4.21999979019165,4.239999771118164,0.0,35111500
2018-02-19,3.0485076904296875,4.21999979019165,0.0,4.239999771118164,4.199999809265137,4.239999771118164,0.0,40648300
2018-02-20,3.091850996017456,4.28000020980835,0.0,4.300000190734863,4.199999809265137,4.21999979019165,0.0,105425800
2018-02-21,3.0485076904296875,4.21999979019165,0.0,4.300000190734863,4.21999979019165,4.300000190734863,0.0,48196500
2018-02-22,3.019611120223999,4.179999828338623,0.0,4.260000228881836,4.159999847412109,4.239999771118164,0.0,56176600
2018-02-23,3.0340588092803955,4.199999809265137,0.0,4.239999771118164,4.159999847412109,4.199999809265137,0.0,68182500
2018-02-26,3.0485076904296875,4.21999979019165,0.0,4.239999771118164,4.199999809265137,4.21999979019165,0.0,62005300
2018-02-27,2.9762678146362305,4.119999885559082,0.0,4.239999771118164,4.119999885559082,4.239999771118164,0.0,141564300
2018-02-28,2.9762678146362305,4.119999885559082,0.0,4.179999828338623,4.099999904632568,4.119999885559082,0.0,78033500
2018-03-02,2.9473717212677,4.079999923706055,0.0,4.119999885559082,4.059999942779541,4.119999885559082,0.0,71478800
2018-03-05,2.9184765815734863,4.039999961853027,0.0,4.079999923706055,3.9800000190734863,4.059999942779541,0.0,79052700
2018-03-06,2.831789016723633,3.9200000762939453,0.0,3.9200000762939453,3.9200000762939453,3.9200000762939453,0.0,16548800
2018-03-07,2.7739973068237305,3.8399999141693115,0.0,3.9200000762939453,3.799999952316284,3.9200000762939453,0.0,101907500
2018-03-08,2.9184765815734863,4.039999961853027,0.0,4.059999942779541,3.8399999141693115,3.859999895095825,0.0,113625000
2018-03-09,2.8462369441986084,3.940000057220459,0.0,4.039999961853027,3.9200000762939453,4.039999961853027,0.0,75912100
2018-03-12,2.8462369441986084,3.940000057220459,0.0,3.9800000190734863,3.880000114440918,3.9800000190734863,0.0,47454300
2018-03-13,2.9040284156799316,4.019999980926514,0.0,4.019999980926514,3.9200000762939453,3.940000057220459,0.0,62214800
2018-03-14,2.9473717212677,4.079999923706055,0.0,4.099999904632568,4.019999980926514,4.019999980926514,0.0,65369600
2018-03-15,2.9473717212677,4.079999923706055,0.0,4.099999904632568,4.019999980926514,4.079999923706055,0.0,32850400
2018-03-16,2.889580249786377,4.0,0.0,4.079999923706055,4.0,4.079999923706055,0.0,37978100
2018-03-19,2.8173413276672363,3.9000000953674316,0.0,4.0,3.880000114440918,3.9800000190734863,0.0,82875000
2018-03-20,2.8751325607299805,3.9800000190734863,0.0,4.0,3.880000114440918,3.880000114440918,0.0,52176500
2018-03-21,2.889580249786377,4.0,0.0,4.019999980926514,3.9600000381469727,4.0,0.0,31060400
2018-03-22,2.889580249786377,4.0,0.0,4.059999942779541,3.9800000190734863,3.9800000190734863,0.0,46690500
2018-03-23,2.889580249786377,4.0,0.0,4.019999980926514,3.940000057220459,3.9600000381469727,0.0,32334100
2018-03-26,2.860684633255005,3.9600000381469727,0.0,4.0,3.9600000381469727,3.9800000190734863,0.0,19529600
2018-03-27,2.8462369441986084,3.940000057220459,0.0,4.0,3.940000057220459,3.9800000190734863,0.0,43867100
2018-03-28,2.788444995880127,3.859999895095825,0.0,3.9800000190734863,3.859999895095825,3.940000057220459,0.0,98986000
2018-03-29,2.7306530475616455,3.7799999713897705,0.0,3.9000000953674316,3.759999990463257,3.880000114440918,0.0,67287800
2018-03-30,2.7017574310302734,3.740000009536743,0.0,3.8399999141693115,3.640000104904175,3.819999933242798,0.0,168250700
2018-04-02,2.687309503555298,3.7200000286102295,0.0,3.740000009536743,3.6600000858306885,3.680000066757202,0.0,45744400
2018-04-03,2.6006226539611816,3.5999999046325684,0.0,3.700000047683716,3.5999999046325684,3.700000047683716,0.0,121928900
2018-04-04,2.513934373855591,3.4800000190734863,0.0,3.680000066757202,3.4800000190734863,3.619999885559082,0.0,142439700
2018-04-05,2.586174726486206,3.5799999237060547,0.0,3.5799999237060547,3.4800000190734863,3.5199999809265137,0.0,128446600
2018-04-09,2.4994871616363525,3.4600000381469727,0.0,3.5999999046325684,3.4600000381469727,3.5399999618530273,0.0,71613500
2018-04-10,2.61506986618042,3.619999885559082,0.0,3.619999885559082,3.440000057220459,3.4800000190734863,0.0,94238300
2018-04-11,2.6295177936553955,3.640000104904175,0.0,3.6600000858306885,3.5799999237060547,3.640000104904175,0.0,55483100
2018-04-12,2.7162058353424072,3.759999990463257,0.0,3.759999990463257,3.640000104904175,3.6600000858306885,0.0,67123600
2018-04-17,2.687309503555298,3.7200000286102295,0.0,3.7799999713897705,3.700000047683716,3.7799999713897705,0.0,84582500
2018-04-18,2.8751325607299805,3.9800000190734863,0.0,4.0,3.740000009536743,3.759999990463257,0.0,241776600
2018-04-19,2.8173413276672363,3.9000000953674316,0.0,4.0,3.859999895095825,3.9800000190734863,0.0,149821400
2018-04-20,2.9329240322113037,4.059999942779541,0.0,4.099999904632568,3.9000000953674316,3.9200000762939453,0.0,302879800
2018-04-23,2.860684633255005,3.9600000381469727,0.0,4.079999923706055,3.9200000762939453,4.059999942779541,0.0,120672400
2018-04-24,2.8028929233551025,3.880000114440918,0.0,4.019999980926514,3.880000114440918,3.9800000190734863,0.0,104717500
2018-04-25,2.8028929233551025,3.880000114440918,0.0,3.9200000762939453,3.819999933242798,3.8399999141693115,0.0,81780200
2018-04-26,2.8173413276672363,3.9000000953674316,0.0,3.9600000381469727,3.880000114440918,3.9000000953674316,0.0,73007100
2018-04-27,2.8028929233551025,3.880000114440918,0.0,3.940000057220459,3.880000114440918,3.940000057220459,0.0,41004800
2018-04-30,2.860684633255005,3.9600000381469727,0.0,3.9800000190734863,3.9000000953674316,3.9000000953674316,0.0,96838800
2018-05-02,2.9040284156799316,4.019999980926514,0.0,4.019999980926514,3.9600000381469727,3.9800000190734863,0.0,108749700
2018-05-03,2.889580249786377,4.0,0.0,4.059999942779541,3.9800000190734863,4.0,0.0,64115100
2018-05-04,2.889580249786377,4.0,0.0,4.039999961853027,3.9800000190734863,4.0,0.0,83992100
2018-05-07,2.9473717212677,4.079999923706055,0.0,4.179999828338623,4.079999923706055,4.139999866485596,0.0,239377900
2018-05-08,2.9405009746551514,3.9800000190734863,0.0907,4.039999961853027,3.9600000381469727,4.019999980926514,0.0,103659700
2018-05-09,2.9257242679595947,3.9600000381469727,0.0,4.0,3.940000057220459,4.0,0.0,120599800
2018-05-10,2.9996063709259033,4.059999942779541,0.0,4.079999923706055,3.9800000190734863,3.9800000190734863,0.0,208208800
2018-05-11,2.9996063709259033,4.059999942779541,0.0,4.099999904632568,4.019999980926514,4.079999923706055,0.0,95498800
2018-05-14,3.1178178787231445,4.21999979019165,0.0,4.21999979019165,4.079999923706055,4.079999923706055,0.0,334984800
2018-05-15,3.1178178787231445,4.21999979019165,0.0,4.260000228881836,4.159999847412109,4.239999771118164,0.0,116558200
2018-05-16,3.1030406951904297,4.199999809265137,0.0,4.28000020980835,4.159999847412109,4.199999809265137,0.0,204241200
2018-05-17,3.132593870162964,4.239999771118164,0.0,4.239999771118164,4.179999828338623,4.21999979019165,0.0,122201700
2018-05-18,3.132593870162964,4.239999771118164,0.0,4.300000190734863,4.239999771118164,4.239999771118164,0.0,146338000
2018-05-21,3.191699504852295,4.320000171661377,0.0,4.320000171661377,4.239999771118164,4.260000228881836,0.0,179217600
2018-05-22,3.1769230365753174,4.300000190734863,0.0,4.320000171661377,4.28000020980835,4.320000171661377,0.0,75766600
2018-05-23,3.250805139541626,4.400000095367432,0.0,4.400000095367432,4.28000020980835,4.300000190734863,0.0,220677400
2018-05-24,3.2064762115478516,4.340000152587891,0.0,4.420000076293945,4.300000190734863,4.400000095367432,0.0,100620600
2018-05-25,3.2360291481018066,4.380000114440918,0.0,4.380000114440918,4.300000190734863,4.340000152587891,0.0,87225800
2018-05-28,3.22125244140625,4.360000133514404,0.0,4.380000114440918,4.320000171661377,4.360000133514404,0.0,47352400
2018-05-30,3.132593870162964,4.239999771118164,0.0,4.340000152587891,4.179999828338623,4.320000171661377,0.0,180752700
2018-05-31,3.250805139541626,4.400000095367432,0.0,4.400000095367432,4.260000228881836,4.28000020980835,0.0,140233800
2018-06-01,3.2064762115478516,4.340000152587891,0.0,4.400000095367432,4.320000171661377,4.360000133514404,0.0,66582400
2018-06-04,3.1769230365753174,4.300000190734863,0.0,4.400000095367432,4.300000190734863,4.360000133514404,0.0,82646000
2018-06-05,3.22125244140625,4.360000133514404,0.0,4.360000133514404,4.239999771118164,4.28000020980835,0.0,97440700
2018-06-06,3.1473703384399414,4.260000228881836,0.0,4.360000133514404,4.239999771118164,4.340000152587891,0.0,117494800
2018-06-07,3.162146806716919,4.28000020980835,0.0,4.320000171661377,4.239999771118164,4.28000020980835,0.0,94392900
2018-06-08,3.162146806716919,4.28000020980835,0.0,4.320000171661377,4.239999771118164,4.28000020980835,0.0,50061800
2018-06-11,3.132593870162964,4.239999771118164,0.0,4.28000020980835,4.21999979019165,4.260000228881836,0.0,71851400
2018-06-12,3.1178178787231445,4.21999979019165,0.0,4.260000228881836,4.199999809265137,4.239999771118164,0.0,79397700
2018-06-13,3.132593870162964,4.239999771118164,0.0,4.28000020980835,4.139999866485596,4.21999979019165,0.0,156363100
2018-06-14,3.1178178787231445,4.21999979019165,0.0,4.21999979019165,4.159999847412109,4.21999979019165,0.0,106780800
2018-06-15,3.1178178787231445,4.21999979019165,0.0,4.260000228881836,4.179999828338623,4.199999809265137,0.0,47739800
2018-06-18,3.0587120056152344,4.139999866485596,0.0,4.199999809265137,4.119999885559082,4.179999828338623,0.0,68658600
2018-06-19,2.9405009746551514,3.9800000190734863,0.0,4.119999885559082,3.9600000381469727,4.099999904632568,0.0,172871300
2018-06-20,2.984830617904663,4.039999961853027,0.0,4.079999923706055,3.9600000381469727,4.0,0.0,104590000
2018-06-21,2.9257242679595947,3.9600000381469727,0.0,4.039999961853027,3.940000057220459,4.039999961853027,0.0,76013700
2018-06-22,2.955277442932129,4.0,0.0,4.019999980926514,3.9600000381469727,3.9600000381469727,0.0,51303500
2018-06-25,2.896172046661377,3.9200000762939453,0.0,4.019999980926514,3.880000114440918,4.019999980926514,0.0,57646900
2018-06-26,2.8813955783843994,3.9000000953674316,0.0,3.9200000762939453,3.819999933242798,3.880000114440918,0.0,83920300
2018-06-27,2.8518426418304443,3.859999895095825,0.0,3.9600000381469727,3.8399999141693115,3.9200000762939453,0.0,70245700
2018-06-28,2.7484078407287598,3.7200000286102295,0.0,3.880000114440918,3.680000066757202,3.859999895095825,0.0,143721100
2018-06-29,2.7040789127349854,3.6600000858306885,0.0,3.759999990463257,3.4600000381469727,3.740000009536743,0.0,246752000
2018-07-02,2.8222899436950684,3.819999933242798,0.0,3.819999933242798,3.640000104904175,3.680000066757202,0.0,88918400
2018-07-03,2.896172046661377,3.9200000762939453,0.0,3.9600000381469727,3.7799999713897705,3.799999952316284,0.0,139585000
2018-07-04,2.837066173553467,3.8399999141693115,0.0,3.9000000953674316,3.7799999713897705,3.9000000953674316,0.0,75961500
2018-07-05,2.777961254119873,3.759999990463257,0.0,3.8399999141693115,3.740000009536743,3.819999933242798,0.0,47372900
2018-07-06,2.807513475418091,3.799999952316284,0.0,3.859999895095825,3.700000047683716,3.759999990463257,0.0,55115300
2018-07-09,2.8813955783843994,3.9000000953674316,0.0,3.9600000381469727,3.819999933242798,3.8399999141693115,0.0,80857100
2018-07-10,2.9109487533569336,3.940000057220459,0.0,3.9800000190734863,3.880000114440918,3.9200000762939453,0.0,51090500
2018-07-11,2.896172046661377,3.9200000762939453,0.0,3.9200000762939453,3.859999895095825,3.9000000953674316,0.0,26358200
2018-07-12,2.9109487533569336,3.940000057220459,0.0,3.9600000381469727,3.859999895095825,3.9000000953674316,0.0,64328600
2018-07-13,2.9700539112091064,4.019999980926514,0.0,4.059999942779541,3.940000057220459,3.9600000381469727,0.0,88787700
2018-07-16,2.9257242679595947,3.9600000381469727,0.0,4.019999980926514,3.9600000381469727,4.019999980926514,0.0,29643600
2018-07-17,2.955277442932129,4.0,0.0,4.0,3.940000057220459,3.9600000381469727,0.0,34787900
2018-07-18,2.9257242679595947,3.9600000381469727,0.0,4.019999980926514,3.9600000381469727,4.0,0.0,30777200
2018-07-19,2.955277442932129,4.0,0.0,4.039999961853027,3.9600000381469727,3.9800000190734863,0.0,39634100
2018-07-20,3.0143823623657227,4.079999923706055,0.0,4.099999904632568,4.019999980926514,4.019999980926514,0.0,97447600
2018-07-23,2.9996063709259033,4.059999942779541,0.0,4.079999923706055,4.019999980926514,4.059999942779541,0.0,23605300
2018-07-24,2.955277442932129,4.0,0.0,4.099999904632568,3.9800000190734863,4.079999923706055,0.0,43048400
2018-07-25,2.984830617904663,4.039999961853027,0.0,4.079999923706055,3.9800000190734863,4.019999980926514,0.0,49323100
2018-07-26,2.955277442932129,4.0,0.0,4.059999942779541,3.9800000190734863,4.039999961853027,0.0,54027400
2018-07-31,2.896172046661377,3.9200000762939453,0.0,4.019999980926514,3.9000000953674316,4.0,0.0,124835700
2018-08-01,2.955277442932129,4.0,0.0,4.019999980926514,3.9200000762939453,3.9200000762939453,0.0,114710400
2018-08-02,2.9405009746551514,3.9800000190734863,0.0,4.059999942779541,3.940000057220459,4.0,0.0,92881800
2018-08-03,2.955277442932129,4.0,0.0,4.0,3.9600000381469727,3.9800000190734863,0.0,13785700
2018-08-06,2.9109487533569336,3.940000057220459,0.0,4.019999980926514,3.9200000762939453,4.0,0.0,34267800
2018-08-07,2.9257242679595947,3.9600000381469727,0.0,4.0,3.9200000762939453,3.940000057220459,0.0,37550200
2018-08-08,2.8813955783843994,3.9000000953674316,0.0,3.9800000190734863,3.859999895095825,3.9600000381469727,0.0,85910100
2018-08-09,2.866619110107422,3.880000114440918,0.0,3.9200000762939453,3.859999895095825,3.9000000953674316,0.0,42218700
2018-08-10,2.8518426418304443,3.859999895095825,0.0,3.9000000953674316,3.8399999141693115,3.880000114440918,0.0,40702600
2018-08-14,2.763184070587158,3.740000009536743,0.0,3.8399999141693115,3.740000009536743,3.7799999713897705,0.0,120540600
2018-08-15,2.659749984741211,3.5999999046325684,0.0,3.740000009536743,3.5999999046325684,3.7200000286102295,0.0,150874400
2018-08-16,2.7336318492889404,3.700000047683716,0.0,3.740000009536743,3.5999999046325684,3.619999885559082,0.0,100899100
2018-08-17,2.792736768722534,3.7799999713897705,0.0,3.799999952316284,3.7200000286102295,3.740000009536743,0.0,71419400
2018-08-20,2.807513475418091,3.799999952316284,0.0,3.8399999141693115,3.759999990463257,3.799999952316284,0.0,69072500
2018-08-21,2.792736768722534,3.7799999713897705,0.0,3.8399999141693115,3.740000009536743,3.819999933242798,0.0,41864300
2018-08-22,2.763184070587158,3.740000009536743,0.0,3.799999952316284,3.7200000286102295,3.799999952316284,0.0,50053600
2018-08-23,2.837066173553467,3.8399999141693115,0.0,3.8399999141693115,3.740000009536743,3.740000009536743,0.0,78137800
2018-08-24,2.8222899436950684,3.819999933242798,0.0,3.8399999141693115,3.799999952316284,3.8399999141693115,0.0,41118700
2018-08-27,2.9109487533569336,3.940000057220459,0.0,3.940000057220459,3.819999933242798,3.819999933242798,0.0,127555200
2018-08-28,2.9109487533569336,3.940000057220459,0.0,4.0,3.9200000762939453,3.9600000381469727,0.0,105199000
2018-08-29,2.955277442932129,4.0,0.0,4.0,3.9200000762939453,3.9600000381469727,0.0,59895200
2018-08-30,2.984830617904663,4.039999961853027,0.0,4.059999942779541,3.9600000381469727,3.9800000190734863,0.0,166602300
2018-08-31,2.9700539112091064,4.019999980926514,0.0,4.059999942779541,4.0,4.019999980926514,0.0,44320100
2018-09-03,2.9996063709259033,4.059999942779541,0.0,4.079999923706055,4.0,4.019999980926514,0.0,89531000
2018-09-04,3.0143823623657227,4.079999923706055,0.0,4.119999885559082,4.039999961853027,4.059999942779541,0.0,80165000
2018-09-05,2.9405009746551514,3.9800000190734863,0.0,4.059999942779541,3.940000057220459,4.039999961853027,0.0,109249000
2018-09-06,2.9405009746551514,3.9800000190734863,0.0,4.019999980926514,3.940000057220459,3.9600000381469727,0.0,59496600
2018-09-07,2.955277442932129,4.0,0.0,4.039999961853027,3.9600000381469727,3.9800000190734863,0.0,39806400
2018-09-10,2.9405009746551514,3.9800000190734863,0.0,4.019999980926514,3.9800000190734863,4.0,0.0,18498700
2018-09-11,2.9109487533569336,3.940000057220459,0.0,4.019999980926514,3.940000057220459,4.0,0.0,25300500
2018-09-12,2.9257242679595947,3.9600000381469727,0.0,3.9800000190734863,3.9200000762939453,3.9800000190734863,0.0,23369300
2018-09-13,2.9996063709259033,4.059999942779541,0.0,4.059999942779541,4.0,4.0,0.0,97440800
2018-09-14,3.0143823623657227,4.079999923706055,0.0,4.099999904632568,4.059999942779541,4.079999923706055,0.0,80250100
2018-09-17,2.9996063709259033,4.059999942779541,0.0,4.079999923706055,4.039999961853027,4.059999942779541,0.0,46067800
2018-09-18,3.162146806716919,4.28000020980835,0.0,4.28000020980835,4.059999942779541,4.059999942779541,0.0,366792000
2018-09-19,3.1769230365753174,4.300000190734863,0.0,4.360000133514404,4.260000228881836,4.320000171661377,0.0,191691400
2018-09-20,3.162146806716919,4.28000020980835,0.0,4.340000152587891,4.239999771118164,4.320000171661377,0.0,115567300
2018-09-21,3.191699504852295,4.320000171661377,0.0,4.400000095367432,4.300000190734863,4.320000171661377,0.0,207070800
2018-09-24,3.132593870162964,4.239999771118164,0.0,4.320000171661377,4.239999771118164,4.300000190734863,0.0,53144900
2018-09-25,3.1030406951904297,4.199999809265137,0.0,4.300000190734863,4.199999809265137,4.260000228881836,0.0,65341500
2018-09-26,3.132593870162964,4.239999771118164,0.0,4.28000020980835,4.21999979019165,4.239999771118164,0.0,87234400
2018-09-27,3.132593870162964,4.239999771118164,0.0,4.260000228881836,4.199999809265137,4.260000228881836,0.0,84438500
2018-09-28,3.22125244140625,4.360000133514404,0.0,4.380000114440918,4.239999771118164,4.260000228881836,0.0,222709500
2018-10-01,3.309910774230957,4.480000019073486,0.0,4.539999961853027,4.380000114440918,4.400000095367432,0.0,404248900
2018-10-02,3.2951338291168213,4.460000038146973,0.0,4.579999923706055,4.460000038146973,4.480000019073486,0.0,242431100
2018-10-03,3.2064762115478516,4.340000152587891,0.0,4.519999980926514,4.320000171661377,4.5,0.0,192769700
2018-10-04,3.250805139541626,4.400000095367432,0.0,4.400000095367432,4.28000020980835,4.300000190734863,0.0,196839800
2018-10-05,3.1769230365753174,4.300000190734863,0.0,4.460000038146973,4.239999771118164,4.380000114440918,0.0,191193500
2018-10-08,3.073488712310791,4.159999847412109,0.0,4.340000152587891,4.119999885559082,4.28000020980835,0.0,218675800
2018-10-09,3.1030406951904297,4.199999809265137,0.0,4.239999771118164,4.139999866485596,4.199999809265137,0.0,120928800
2018-10-10,3.1473703384399414,4.260000228881836,0.0,4.260000228881836,4.199999809265137,4.239999771118164,0.0,56746000
2018-10-11,3.0882644653320312,4.179999828338623,0.0,4.199999809265137,4.079999923706055,4.099999904632568,0.0,203214900
2018-10-12,3.132593870162964,4.239999771118164,0.0,4.260000228881836,4.179999828338623,4.21999979019165,0.0,74678400
2018-10-16,3.162146806716919,4.28000020980835,0.0,4.300000190734863,4.199999809265137,4.239999771118164,0.0,42387800
2018-10-17,3.162146806716919,4.28000020980835,0.0,4.360000133514404,4.28000020980835,4.320000171661377,0.0,64654200
2018-10-18,3.1030406951904297,4.199999809265137,0.0,4.300000190734863,4.199999809265137,4.28000020980835,0.0,81308000
2018-10-19,3.073488712310791,4.159999847412109,0.0,4.199999809265137,4.139999866485596,4.179999828338623,0.0,67544500
2018-10-22,3.0587120056152344,4.139999866485596,0.0,4.21999979019165,4.079999923706055,4.179999828338623,0.0,66920700
2018-10-24,3.0587120056152344,4.139999866485596,0.0,4.159999847412109,4.059999942779541,4.079999923706055,0.0,79671500
2018-10-25,3.0587120056152344,4.139999866485596,0.0,4.159999847412109,4.039999961853027,4.079999923706055,0.0,223522200
2018-10-26,3.0143823623657227,4.079999923706055,0.0,4.139999866485596,4.079999923706055,4.099999904632568,0.0,120144600
2018-10-29,2.984830617904663,4.039999961853027,0.0,4.139999866485596,4.039999961853027,4.099999904632568,0.0,80318300
2018-10-30,2.9996063709259033,4.059999942779541,0.0,4.099999904632568,4.019999980926514,4.039999961853027,0.0,79187700
2018-10-31,3.043935537338257,4.119999885559082,0.0,4.139999866485596,4.059999942779541,4.079999923706055,0.0,124183600
2018-11-01,3.1178178787231445,4.21999979019165,0.0,4.239999771118164,4.099999904632568,4.139999866485596,0.0,151173200
2018-11-02,3.1178178787231445,4.21999979019165,0.0,4.260000228881836,4.179999828338623,4.21999979019165,0.0,106504500
2018-11-05,3.073488712310791,4.159999847412109,0.0,4.199999809265137,4.159999847412109,4.179999828338623,0.0,45638400
2018-11-06,3.073488712310791,4.159999847412109,0.0,4.239999771118164,4.159999847412109,4.179999828338623,0.0,62808000
2018-11-07,3.1030406951904297,4.199999809265137,0.0,4.199999809265137,4.139999866485596,4.179999828338623,0.0,59218700
2018-11-08,3.1178178787231445,4.21999979019165,0.0,4.260000228881836,4.21999979019165,4.21999979019165,0.0,71082300
2018-11-09,3.073488712310791,4.159999847412109,0.0,4.21999979019165,4.139999866485596,4.199999809265137,0.0,69717400
2018-11-12,3.0143823623657227,4.079999923706055,0.0,4.139999866485596,4.079999923706055,4.119999885559082,0.0,64114700
2018-11-13,3.0587120056152344,4.139999866485596,0.0,4.139999866485596,4.0,4.039999961853027,0.0,77439800
2018-11-14,3.0587120056152344,4.139999866485596,0.0,4.159999847412109,4.119999885559082,4.139999866485596,0.0,33310200
2018-11-15,3.043935537338257,4.119999885559082,0.0,4.179999828338623,4.119999885559082,4.139999866485596,0.0,29523100
2018-11-16,3.0143823623657227,4.079999923706055,0.0,4.139999866485596,4.079999923706055,4.119999885559082,0.0,36455200
2018-11-19,3.0291590690612793,4.099999904632568,0.0,4.159999847412109,4.079999923706055,4.099999904632568,0.0,32682000
2018-11-20,2.9700539112091064,4.019999980926514,0.0,4.139999866485596,4.019999980926514,4.079999923706055,0.0,59858800
2018-11-21,3.0143823623657227,4.079999923706055,0.0,4.079999923706055,3.9600000381469727,4.019999980926514,0.0,67332400
2018-11-22,2.9700539112091064,4.019999980926514,0.0,4.099999904632568,4.019999980926514,4.099999904632568,0.0,27785800
2018-11-23,3.0291590690612793,4.099999904632568,0.0,4.119999885559082,4.0,4.019999980926514,0.0,46347600
2018-11-26,3.0291590690612793,4.099999904632568,0.0,4.119999885559082,4.059999942779541,4.099999904632568,0.0,37773000
2018-11-27,3.043935537338257,4.119999885559082,0.0,4.159999847412109,4.099999904632568,4.139999866485596,0.0,43941100
2018-11-28,3.043935537338257,4.119999885559082,0.0,4.159999847412109,4.119999885559082,4.139999866485596,0.0,13122800
2018-11-29,3.043935537338257,4.119999885559082,0.0,4.199999809265137,4.119999885559082,4.159999847412109,0.0,65065600
2018-11-30,3.073488712310791,4.159999847412109,0.0,4.159999847412109,4.099999904632568,4.139999866485596,0.0,24828500
2018-12-03,3.132593870162964,4.239999771118164,0.0,4.28000020980835,4.199999809265137,4.199999809265137,0.0,149821000
2018-12-04,3.1178178787231445,4.21999979019165,0.0,4.260000228881836,4.21999979019165,4.260000228881836,0.0,55490200
2018-12-06,3.1178178787231445,4.21999979019165,0.0,4.21999979019165,4.139999866485596,4.159999847412109,0.0,67225300
2018-12-07,3.1769230365753174,4.300000190734863,0.0,4.320000171661377,4.21999979019165,4.239999771118164,0.0,145560900
2018-12-11,3.132593870162964,4.239999771118164,0.0,4.340000152587891,4.21999979019165,4.320000171661377,0.0,149212300
2018-12-12,3.132593870162964,4.239999771118164,0.0,4.300000190734863,4.239999771118164,4.28000020980835,0.0,49235900
2018-12-13,3.1030406951904297,4.199999809265137,0.0,4.300000190734863,4.199999809265137,4.260000228881836,0.0,46296800
2018-12-14,3.0882644653320312,4.179999828338623,0.0,4.260000228881836,4.139999866485596,4.199999809265137,0.0,59730300
2018-12-17,3.073488712310791,4.159999847412109,0.0,4.21999979019165,4.119999885559082,4.199999809265137,0.0,38976400
2018-12-18,3.0882644653320312,4.179999828338623,0.0,4.199999809265137,4.139999866485596,4.159999847412109,0.0,62623500
2018-12-19,3.1178178787231445,4.21999979019165,0.0,4.239999771118164,4.159999847412109,4.179999828338623,0.0,47398600
2018-12-20,3.1030406951904297,4.199999809265137,0.0,4.239999771118164,4.179999828338623,4.21999979019165,0.0,33535800
2018-12-21,3.1473703384399414,4.260000228881836,0.0,4.28000020980835,4.179999828338623,4.199999809265137,0.0,94975300
2018-12-24,3.162146806716919,4.28000020980835,0.0,4.28000020980835,4.239999771118164,4.260000228881836,0.0,44963900
2018-12-25,2.9996063709259033,4.059999942779541,0.0,4.239999771118164,4.059999942779541,4.21999979019165,0.0,88213700
2018-12-26,2.955277442932129,4.0,0.0,4.159999847412109,3.9800000190734863,4.079999923706055,0.0,117662100
2018-12-27,3.0587120056152344,4.139999866485596,0.0,4.179999828338623,4.079999923706055,4.079999923706055,0.0,171572700
2018-12-28,3.162146806716919,4.28000020980835,0.0,4.28000020980835,4.119999885559082,4.139999866485596,0.0,200793000
2019-01-02,3.1178178787231445,4.21999979019165,0.0,4.300000190734863,4.179999828338623,4.28000020980835,0.0,80663700
2019-01-03,3.0882644653320312,4.179999828338623,0.0,4.260000228881836,4.159999847412109,4.239999771118164,0.0,46101300
2019-01-04,3.0882644653320312,4.179999828338623,0.0,4.21999979019165,4.099999904632568,4.159999847412109,0.0,139231100
2019-01-07,3.162146806716919,4.28000020980835,0.0,4.28000020980835,4.199999809265137,4.21999979019165,0.0,58618800
2019-01-08,3.1473703384399414,4.260000228881836,0.0,4.300000190734863,4.239999771118164,4.28000020980835,0.0,67614700
2019-01-09,3.1030406951904297,4.199999809265137,0.0,4.300000190734863,4.199999809265137,4.28000020980835,0.0,70597600
2019-01-10,3.1178178787231445,4.21999979019165,0.0,4.28000020980835,4.199999809265137,4.21999979019165,0.0,46405700
2019-01-11,3.162146806716919,4.28000020980835,0.0,4.28000020980835,4.239999771118164,4.239999771118164,0.0,30321200
2019-01-14,3.132593870162964,4.239999771118164,0.0,4.300000190734863,4.239999771118164,4.260000228881836,0.0,61488400
2019-01-15,3.1030406951904297,4.199999809265137,0.0,4.28000020980835,4.199999809265137,4.260000228881836,0.0,46658700
2019-01-16,3.043935537338257,4.119999885559082,0.0,4.239999771118164,4.079999923706055,4.21999979019165,0.0,194787000
2019-01-17,3.0143823623657227,4.079999923706055,0.0,4.159999847412109,4.039999961853027,4.119999885559082,0.0,136682300
2019-01-18,3.043935537338257,4.119999885559082,0.0,4.159999847412109,4.099999904632568,4.099999904632568,0.0,37397200
2019-01-21,3.0291590690612793,4.099999904632568,0.0,4.159999847412109,4.099999904632568,4.139999866485596,0.0,28407400
2019-01-22,3.1030406951904297,4.199999809265137,0.0,4.199999809265137,4.099999904632568,4.119999885559082,0.0,86910800
2019-01-23,3.162146806716919,4.28000020980835,0.0,4.300000190734863,4.179999828338623,4.179999828338623,0.0,139472000
2019-01-24,3.1473703384399414,4.260000228881836,0.0,4.300000190734863,4.239999771118164,4.300000190734863,0.0,48427900
2019-01-25,3.250805139541626,4.400000095367432,0.0,4.420000076293945,4.260000228881836,4.260000228881836,0.0,325291600
2019-01-28,3.250805139541626,4.400000095367432,0.0,4.460000038146973,4.400000095367432,4.420000076293945,0.0,105666300
2019-01-29,3.2064762115478516,4.340000152587891,0.0,4.420000076293945,4.340000152587891,4.380000114440918,0.0,109698800
2019-01-30,3.2360291481018066,4.380000114440918,0.0,4.420000076293945,4.340000152587891,4.380000114440918,0.0,58281100
2019-01-31,3.250805139541626,4.400000095367432,0.0,4.440000057220459,4.360000133514404,4.420000076293945,0.0,75077300
2019-02-01,3.2360291481018066,4.380000114440918,0.0,4.420000076293945,4.360000133514404,4.400000095367432,0.0,36736100
2019-02-04,3.2360291481018066,4.380000114440918,0.0,4.440000057220459,4.380000114440918,4.420000076293945,0.0,46666800
2019-02-05,3.2064762115478516,4.340000152587891,0.0,4.400000095367432,4.320000171661377,4.380000114440918,0.0,37337900
2019-02-06,3.250805139541626,4.400000095367432,0.0,4.420000076293945,4.340000152587891,4.360000133514404,0.0,75149000
2019-02-07,3.2064762115478516,4.340000152587891,0.0,4.480000019073486,4.340000152587891,4.400000095367432,0.0,106255000
2019-02-08,3.162146806716919,4.28000020980835,0.0,4.320000171661377,4.239999771118164,4.300000190734863,0.0,138680700
2019-02-11,3.1473703384399414,4.260000228881836,0.0,4.300000190734863,4.239999771118164,4.28000020980835,0.0,61969500
2019-02-12,3.162146806716919,4.28000020980835,0.0,4.300000190734863,4.260000228881836,4.28000020980835,0.0,36354300
2019-02-13,3.1769230365753174,4.300000190734863,0.0,4.320000171661377,4.28000020980835,4.300000190734863,0.0,55286000
2019-02-14,3.1473703384399414,4.260000228881836,0.0,4.320000171661377,4.260000228881836,4.320000171661377,0.0,52976900
2019-02-15,3.1030406951904297,4.199999809265137,0.0,4.260000228881836,4.199999809265137,4.260000228881836,0.0,61006000
2019-02-18,3.0882644653320312,4.179999828338623,0.0,4.260000228881836,4.159999847412109,4.239999771118164,0.0,70039900
2019-02-20,3.0882644653320312,4.179999828338623,0.0,4.21999979019165,4.159999847412109,4.179999828338623,0.0,42118900
2019-02-21,3.1178178787231445,4.21999979019165,0.0,4.260000228881836,4.179999828338623,4.199999809265137,0.0,53251000
2019-02-22,3.1473703384399414,4.260000228881836,0.0,4.300000190734863,4.21999979019165,4.21999979019165,0.0,61695000
2019-02-25,3.162146806716919,4.28000020980835,0.0,4.340000152587891,4.260000228881836,4.260000228881836,0.0,122827700
2019-02-26,3.1178178787231445,4.21999979019165,0.0,4.300000190734863,4.21999979019165,4.28000020980835,0.0,44171300
2019-02-27,3.1473703384399414,4.260000228881836,0.0,4.28000020980835,4.21999979019165,4.239999771118164,0.0,45009400
2019-02-28,3.1030406951904297,4.199999809265137,0.0,4.28000020980835,4.199999809265137,4.260000228881836,0.0,32914500
2019-03-01,3.073488712310791,4.159999847412109,0.0,4.21999979019165,4.159999847412109,4.21999979019165,0.0,54416600
2019-03-04,3.043935537338257,4.119999885559082,0.0,4.179999828338623,4.119999885559082,4.159999847412109,0.0,42662200
2019-03-05,3.1030406951904297,4.199999809265137,0.0,4.239999771118164,4.099999904632568,4.099999904632568,0.0,55628300
2019-03-06,3.0587120056152344,4.139999866485596,0.0,4.21999979019165,4.139999866485596,4.199999809265137,0.0,23530400
2019-03-07,3.1030406951904297,4.199999809265137,0.0,4.199999809265137,4.139999866485596,4.139999866485596,0.0,24390500
2019-03-08,3.073488712310791,4.159999847412109,0.0,4.199999809265137,4.119999885559082,4.199999809265137,0.0,32497300
2019-03-11,3.0587120056152344,4.139999866485596,0.0,4.179999828338623,4.139999866485596,4.159999847412109,0.0,22590900
2019-03-12,3.0587120056152344,4.139999866485596,0.0,4.179999828338623,4.119999885559082,4.159999847412109,0.0,29903800
2019-03-13,3.0882644653320312,4.179999828338623,0.0,4.199999809265137,4.119999885559082,4.139999866485596,0.0,35426400
2019-03-14,3.1030406951904297,4.199999809265137,0.0,4.199999809265137,4.179999828338623,4.199999809265137,0.0,23442400
2019-03-15,3.073488712310791,4.159999847412109,0.0,4.21999979019165,4.139999866485596,4.199999809265137,0.0,25619600
2019-03-18,3.073488712310791,4.159999847412109,0.0,4.199999809265137,4.139999866485596,4.159999847412109,0.0,22150700
2019-03-19,3.0882644653320312,4.179999828338623,0.0,4.199999809265137,4.139999866485596,4.159999847412109,0.0,38435500
2019-03-20,3.0882644653320312,4.179999828338623,0.0,4.21999979019165,4.159999847412109,4.159999847412109,0.0,57680400
2019-03-21,3.1178178787231445,4.21999979019165,0.0,4.260000228881836,4.179999828338623,4.199999809265137,0.0,73464200
2019-03-22,3.1030406951904297,4.199999809265137,0.0,4.239999771118164,4.199999809265137,4.21999979019165,0.0,46554200
2019-03-25,3.0882644653320312,4.179999828338623,0.0,4.21999979019165,4.139999866485596,4.159999847412109,0.0,51546200
2019-03-26,3.1030406951904297,4.199999809265137,0.0,4.21999979019165,4.159999847412109,4.179999828338623,0.0,55205700
2019-03-27,3.0882644653320312,4.179999828338623,0.0,4.239999771118164,4.179999828338623,4.199999809265137,0.0,17772400
2019-03-28,3.1178178787231445,4.21999979019165,0.0,4.239999771118164,4.179999828338623,4.179999828338623,0.0,44595800
2019-03-29,3.1178178787231445,4.21999979019165,0.0,4.28000020980835,4.21999979019165,4.21999979019165,0.0,46377300
2019-04-01,3.132593870162964,4.239999771118164,0.0,4.28000020980835,4.21999979019165,4.239999771118164,0.0,45809100
2019-04-02,3.132593870162964,4.239999771118164,0.0,4.28000020980835,4.21999979019165,4.260000228881836,0.0,74158600
2019-04-03,3.1030406951904297,4.199999809265137,0.0,4.260000228881836,4.179999828338623,4.260000228881836,0.0,47061800
2019-04-04,3.073488712310791,4.159999847412109,0.0,4.21999979019165,4.159999847412109,4.199999809265137,0.0,36216800
2019-04-05,3.0882644653320312,4.179999828338623,0.0,4.199999809265137,4.159999847412109,4.179999828338623,0.0,56699200
2019-04-09,3.0882644653320312,4.179999828338623,0.0,4.199999809265137,4.159999847412109,4.179999828338623,0.0,45212200
2019-04-10,3.1030406951904297,4.199999809265137,0.0,4.21999979019165,4.179999828338623,4.179999828338623,0.0,62810400
2019-04-11,3.0882644653320312,4.179999828338623,0.0,4.199999809265137,4.159999847412109,4.179999828338623,0.0,36858100
2019-04-12,3.0882644653320312,4.179999828338623,0.0,4.199999809265137,4.159999847412109,4.179999828338623,0.0,17527400
2019-04-17,3.1030406951904297,4.199999809265137,0.0,4.21999979019165,4.179999828338623,4.199999809265137,0.0,58373500
2019-04-18,3.1030406951904297,4.199999809265137,0.0,4.21999979019165,4.179999828338623,4.179999828338623,0.0,67285000
2019-04-19,3.132593870162964,4.239999771118164,0.0,4.260000228881836,4.199999809265137,4.199999809265137,0.0,71894800
2019-04-22,3.1178178787231445,4.21999979019165,0.0,4.260000228881836,4.21999979019165,4.260000228881836,0.0,58589100
2019-04-23,3.1178178787231445,4.21999979019165,0.0,4.260000228881836,4.199999809265137,4.239999771118164,0.0,42199600
2019-04-24,3.1178178787231445,4.21999979019165,0.0,4.239999771118164,4.199999809265137,4.21999979019165,0.0,14726600
2019-04-25,3.132593870162964,4.239999771118164,0.0,4.28000020980835,4.21999979019165,4.239999771118164,0.0,50281200
2019-04-26,3.1473703384399414,4.260000228881836,0.0,4.260000228881836,4.21999979019165,4.239999771118164,0.0,25113900
2019-04-29,3.2064762115478516,4.340000152587891,0.0,4.340000152587891,4.239999771118164,4.260000228881836,0.0,129073300
2019-04-30,3.2360291481018066,4.380000114440918,0.0,4.380000114440918,4.320000171661377,4.340000152587891,0.0,71784800
2019-05-02,3.191699504852295,4.320000171661377,0.0,4.380000114440918,4.320000171661377,4.380000114440918,0.0,55493400
2019-05-03,3.162146806716919,4.28000020980835,0.0,4.340000152587891,4.28000020980835,4.300000190734863,0.0,30844500
2019-05-07,3.1473703384399414,4.260000228881836,0.0,4.300000190734863,4.239999771118164,4.260000228881836,0.0,57418800
2019-05-08,3.1030406951904297,4.199999809265137,0.0,4.260000228881836,4.199999809265137,4.239999771118164,0.0,111553300
2019-05-09,3.150754690170288,4.179999828338623,0.0833,4.199999809265137,4.139999866485596,4.139999866485596,0.0,43047400
2019-05-10,3.135679006576538,4.159999847412109,0.0,4.199999809265137,4.119999885559082,4.179999828338623,0.0,65267100
2019-05-13,3.1206040382385254,4.139999866485596,0.0,4.179999828338623,4.119999885559082,4.159999847412109,0.0,49991200
2019-05-14,3.180905342102051,4.21999979019165,0.0,4.21999979019165,4.119999885559082,4.119999885559082,0.0,69458500
2019-05-15,3.165829658508301,4.199999809265137,0.0,4.21999979019165,4.179999828338623,4.199999809265137,0.0,63536700
2019-05-16,3.165829658508301,4.199999809265137,0.0,4.199999809265137,4.139999866485596,4.179999828338623,0.0,46938000
2019-05-17,3.135679006576538,4.159999847412109,0.0,4.199999809265137,4.139999866485596,4.179999828338623,0.0,26713200
2019-05-21,3.150754690170288,4.179999828338623,0.0,4.179999828338623,4.139999866485596,4.179999828338623,0.0,31881300
2019-05-22,3.150754690170288,4.179999828338623,0.0,4.199999809265137,4.179999828338623,4.179999828338623,0.0,22542100
2019-05-23,3.165829658508301,4.199999809265137,0.0,4.199999809265137,4.159999847412109,4.179999828338623,0.0,44803400
2019-05-24,3.195981025695801,4.239999771118164,0.0,4.28000020980835,4.159999847412109,4.21999979019165,0.0,69618400
2019-05-27,3.2562830448150635,4.320000171661377,0.0,4.320000171661377,4.239999771118164,4.260000228881836,0.0,94538900
2019-05-28,3.2562830448150635,4.320000171661377,0.0,4.320000171661377,4.260000228881836,4.300000190734863,0.0,80710800
2019-05-29,3.2110559940338135,4.260000228881836,0.0,4.340000152587891,4.260000228881836,4.340000152587891,0.0,52087400
2019-05-30,3.2110559940338135,4.260000228881836,0.0,4.300000190734863,4.239999771118164,4.260000228881836,0.0,36246100
2019-05-31,3.2110559940338135,4.260000228881836,0.0,4.300000190734863,4.21999979019165,4.260000228881836,0.0,29837800
2019-06-04,3.2562830448150635,4.320000171661377,0.0,4.340000152587891,4.28000020980835,4.28000020980835,0.0,83552100
2019-06-05,3.2562830448150635,4.320000171661377,0.0,4.360000133514404,4.300000190734863,4.360000133514404,0.0,49812500
2019-06-06,3.3165836334228516,4.400000095367432,0.0,4.400000095367432,4.320000171661377,4.320000171661377,0.0,149997700
2019-06-07,3.3165836334228516,4.400000095367432,0.0,4.440000057220459,4.380000114440918,4.420000076293945,0.0,67497500
2019-06-10,3.331660032272339,4.420000076293945,0.0,4.440000057220459,4.400000095367432,4.420000076293945,0.0,37526200
2019-06-11,3.3165836334228516,4.400000095367432,0.0,4.460000038146973,4.360000133514404,4.440000057220459,0.0,46514900
2019-06-12,3.286433458328247,4.360000133514404,0.0,4.400000095367432,4.340000152587891,4.380000114440918,0.0,60804500
2019-06-13,3.3165836334228516,4.400000095367432,0.0,4.420000076293945,4.360000133514404,4.380000114440918,0.0,54907100
2019-06-14,3.4371864795684814,4.559999942779541,0.0,4.619999885559082,4.400000095367432,4.420000076293945,0.0,468187800
2019-06-17,3.527639389038086,4.679999828338623,0.0,4.71999979019165,4.599999904632568,4.599999904632568,0.0,249408800
2019-06-18,3.557790517807007,4.71999979019165,0.0,4.71999979019165,4.619999885559082,4.699999809265137,0.0,284183500
2019-06-19,3.557790517807007,4.71999979019165,0.0,4.78000020980835,4.699999809265137,4.760000228881836,0.0,153423200
2019-06-20,3.512563943862915,4.659999847412109,0.0,4.71999979019165,4.659999847412109,4.71999979019165,0.0,128151500
2019-06-21,3.512563943862915,4.659999847412109,0.0,4.699999809265137,4.599999904632568,4.679999828338623,0.0,216444400
2019-06-24,3.5879409313201904,4.760000228881836,0.0,4.78000020980835,4.619999885559082,4.659999847412109,0.0,215961500
2019-06-25,3.5879409313201904,4.760000228881836,0.0,4.840000152587891,4.760000228881836,4.800000190734863,0.0,307597200
2019-06-26,3.5728654861450195,4.739999771118164,0.0,4.78000020980835,4.699999809265137,4.739999771118164,0.0,99280900
2019-06-27,3.5879409313201904,4.760000228881836,0.0,4.820000171661377,4.739999771118164,4.739999771118164,0.0,88902800
2019-06-28,3.5728654861450195,4.739999771118164,0.0,4.860000133514404,4.739999771118164,4.760000228881836,0.0,243844400
2019-07-01,3.527639389038086,4.679999828338623,0.0,4.78000020980835,4.659999847412109,4.78000020980835,0.0,153419300
2019-07-02,3.4974887371063232,4.639999866485596,0.0,4.699999809265137,4.639999866485596,4.679999828338623,0.0,90554900
2019-07-03,3.6030163764953613,4.78000020980835,0.0,4.78000020980835,4.659999847412109,4.659999847412109,0.0,200318100
2019-07-04,3.467337131500244,4.599999904632568,0.0,4.760000228881836,4.599999904632568,4.739999771118164,0.0,299338200
2019-07-05,3.527639389038086,4.679999828338623,0.0,4.699999809265137,4.599999904632568,4.619999885559082,0.0,119384000
2019-07-08,3.527639389038086,4.679999828338623,0.0,4.739999771118164,4.639999866485596,4.659999847412109,0.0,88521200
2019-07-09,3.4371864795684814,4.559999942779541,0.0,4.679999828338623,4.559999942779541,4.639999866485596,0.0,146224200
2019-07-10,3.4974887371063232,4.639999866485596,0.0,4.659999847412109,4.539999961853027,4.579999923706055,0.0,105896100
2019-07-11,3.5427141189575195,4.699999809265137,0.0,4.739999771118164,4.679999828338623,4.679999828338623,0.0,235715000
2019-07-12,3.512563943862915,4.659999847412109,0.0,4.739999771118164,4.659999847412109,4.71999979019165,0.0,97171500
2019-07-15,3.512563943862915,4.659999847412109,0.0,4.679999828338623,4.639999866485596,4.679999828338623,0.0,28617600
2019-07-17,3.4824132919311523,4.619999885559082,0.0,4.679999828338623,4.599999904632568,4.639999866485596,0.0,67325400
2019-07-18,3.467337131500244,4.599999904632568,0.0,4.639999866485596,4.579999923706055,4.579999923706055,0.0,28866200
2019-07-19,3.5728654861450195,4.739999771118164,0.0,4.739999771118164,4.619999885559082,4.639999866485596,0.0,131793900
2019-07-22,3.5427141189575195,4.699999809265137,0.0,4.760000228881836,4.679999828338623,4.739999771118164,0.0,105394000
2019-07-23,3.6180918216705322,4.800000190734863,0.0,4.820000171661377,4.679999828338623,4.699999809265137,0.0,244737700
2019-07-24,3.5879409313201904,4.760000228881836,0.0,4.820000171661377,4.739999771118164,4.800000190734863,0.0,93891900
2019-07-25,3.5728654861450195,4.739999771118164,0.0,4.800000190734863,4.71999979019165,4.760000228881836,0.0,53880900
2019-07-26,3.5427141189575195,4.699999809265137,0.0,4.760000228881836,4.679999828338623,4.71999979019165,0.0,72412900
2019-07-30,3.512563943862915,4.659999847412109,0.0,4.739999771118164,4.639999866485596,4.679999828338623,0.0,54280600
2019-07-31,3.527639389038086,4.679999828338623,0.0,4.739999771118164,4.639999866485596,4.659999847412109,0.0,60390500
2019-08-01,3.4974887371063232,4.639999866485596,0.0,4.699999809265137,4.599999904632568,4.659999847412109,0.0,105230900
2019-08-02,3.4974887371063232,4.639999866485596,0.0,4.659999847412109,4.559999942779541,4.599999904632568,0.0,77730000
2019-08-05,3.467337131500244,4.599999904632568,0.0,4.639999866485596,4.599999904632568,4.599999904632568,0.0,51103600
2019-08-06,3.527639389038086,4.679999828338623,0.0,4.71999979019165,4.559999942779541,4.559999942779541,0.0,119910000
2019-08-07,3.5427141189575195,4.699999809265137,0.0,4.78000020980835,4.679999828338623,4.699999809265137,0.0,155158200
2019-08-08,3.557790517807007,4.71999979019165,0.0,4.78000020980835,4.679999828338623,4.71999979019165,0.0,105835000
2019-08-09,3.527639389038086,4.679999828338623,0.0,4.800000190734863,4.679999828338623,4.78000020980835,0.0,96348800
2019-08-13,3.4974887371063232,4.639999866485596,0.0,4.739999771118164,4.639999866485596,4.639999866485596,0.0,98926900
2019-08-14,3.4824132919311523,4.619999885559082,0.0,4.71999979019165,4.619999885559082,4.699999809265137,0.0,60339800
2019-08-15,3.467337131500244,4.599999904632568,0.0,4.659999847412109,4.559999942779541,4.619999885559082,0.0,90485200
2019-08-16,3.5427141189575195,4.699999809265137,0.0,4.699999809265137,4.619999885559082,4.619999885559082,0.0,49301100
2019-08-19,3.5427141189575195,4.699999809265137,0.0,4.739999771118164,4.679999828338623,4.71999979019165,0.0,57132500
2019-08-20,3.4974887371063232,4.639999866485596,0.0,4.71999979019165,4.619999885559082,4.699999809265137,0.0,56228800
2019-08-21,3.512563943862915,4.659999847412109,0.0,4.699999809265137,4.599999904632568,4.639999866485596,0.0,56429800
2019-08-22,3.512563943862915,4.659999847412109,0.0,4.71999979019165,4.639999866485596,4.639999866485596,0.0,50629200
2019-08-23,3.5879409313201904,4.760000228881836,0.0,4.820000171661377,4.659999847412109,4.679999828338623,0.0,215295100
2019-08-26,3.6633174419403076,4.860000133514404,0.0,4.860000133514404,4.699999809265137,4.71999979019165,0.0,220210100
2019-08-27,3.6934690475463867,4.900000095367432,0.0,4.920000076293945,4.820000171661377,4.880000114440918,0.0,189677700
2019-08-28,3.6934690475463867,4.900000095367432,0.0,4.960000038146973,4.900000095367432,4.920000076293945,0.0,123699000
2019-08-29,3.7085442543029785,4.920000076293945,0.0,4.920000076293945,4.860000133514404,4.900000095367432,0.0,64913500
2019-08-30,3.7085442543029785,4.920000076293945,0.0,4.960000038146973,4.900000095367432,4.960000038146973,0.0,69820200
2019-09-02,3.753770589828491,4.980000019073486,0.0,5.050000190734863,4.880000114440918,4.920000076293945,0.0,187268500
2019-09-03,3.7688448429107666,5.0,0.0,5.050000190734863,4.960000038146973,5.0,0.0,100640000
2019-09-04,3.753770589828491,4.980000019073486,0.0,5.050000190734863,4.960000038146973,5.0,0.0,118194500
2019-09-05,3.7085442543029785,4.920000076293945,0.0,5.050000190734863,4.900000095367432,5.0,0.0,149704700
2019-09-06,3.7085442543029785,4.920000076293945,0.0,4.980000019073486,4.920000076293945,4.960000038146973,0.0,61526100
2019-09-09,3.6783931255340576,4.880000114440918,0.0,4.960000038146973,4.860000133514404,4.940000057220459,0.0,90526600
2019-09-10,3.6783931255340576,4.880000114440918,0.0,4.920000076293945,4.860000133514404,4.860000133514404,0.0,78957800
2019-09-11,3.6030163764953613,4.78000020980835,0.0,4.920000076293945,4.760000228881836,4.900000095367432,0.0,146331500
2019-09-12,3.557790517807007,4.71999979019165,0.0,4.820000171661377,4.699999809265137,4.78000020980835,0.0,109181900
2019-09-13,3.6030163764953613,4.78000020980835,0.0,4.820000171661377,4.71999979019165,4.739999771118164,0.0,87685500
2019-09-16,3.5879409313201904,4.760000228881836,0.0,4.820000171661377,4.760000228881836,4.78000020980835,0.0,32998100
2019-09-17,3.6180918216705322,4.800000190734863,0.0,4.820000171661377,4.739999771118164,4.760000228881836,0.0,69163400
2019-09-18,3.6030163764953613,4.78000020980835,0.0,4.820000171661377,4.760000228881836,4.820000171661377,0.0,36510700
2019-09-19,3.5427141189575195,4.699999809265137,0.0,4.800000190734863,4.619999885559082,4.800000190734863,0.0,151352700
2019-09-20,3.4974887371063232,4.639999866485596,0.0,4.699999809265137,4.639999866485596,4.699999809265137,0.0,74438100
2019-09-23,3.4974887371063232,4.639999866485596,0.0,4.679999828338623,4.639999866485596,4.639999866485596,0.0,38581200
2019-09-24,3.5427141189575195,4.699999809265137,0.0,4.699999809265137,4.659999847412109,4.659999847412109,0.0,55348700
2019-09-25,3.5728654861450195,4.739999771118164,0.0,4.739999771118164,4.659999847412109,4.679999828338623,0.0,74355700
2019-09-26,3.5879409313201904,4.760000228881836,0.0,4.78000020980835,4.739999771118164,4.78000020980835,0.0,43917800
2019-09-27,3.6180918216705322,4.800000190734863,0.0,4.800000190734863,4.71999979019165,4.760000228881836,0.0,37496400
2019-09-30,3.5879409313201904,4.760000228881836,0.0,4.800000190734863,4.739999771118164,4.78000020980835,0.0,31954400
2019-10-01,3.5427141189575195,4.699999809265137,0.0,4.78000020980835,4.679999828338623,4.760000228881836,0.0,36939800
2019-10-02,3.527639389038086,4.679999828338623,0.0,4.739999771118164,4.659999847412109,4.679999828338623,0.0,55160500
2019-10-03,3.4824132919311523,4.619999885559082,0.0,4.679999828338623,4.599999904632568,4.659999847412109,0.0,98260800
2019-10-04,3.4522628784179688,4.579999923706055,0.0,4.659999847412109,4.559999942779541,4.639999866485596,0.0,94615900
2019-10-07,3.4974887371063232,4.639999866485596,0.0,4.639999866485596,4.559999942779541,4.579999923706055,0.0,84337300
2019-10-08,3.527639389038086,4.679999828338623,0.0,4.699999809265137,4.619999885559082,4.659999847412109,0.0,61476000
2019-10-09,3.5728654861450195,4.739999771118164,0.0,4.739999771118164,4.679999828338623,4.699999809265137,0.0,47137000
2019-10-10,3.557790517807007,4.71999979019165,0.0,4.760000228881836,4.71999979019165,4.739999771118164,0.0,27846700
2019-10-11,3.6030163764953613,4.78000020980835,0.0,4.78000020980835,4.71999979019165,4.71999979019165,0.0,42982000
2019-10-15,3.5879409313201904,4.760000228881836,0.0,4.800000190734863,4.699999809265137,4.78000020980835,0.0,30605900
2019-10-16,3.6180918216705322,4.800000190734863,0.0,4.820000171661377,4.739999771118164,4.760000228881836,0.0,41612200
2019-10-17,3.6030163764953613,4.78000020980835,0.0,4.840000152587891,4.78000020980835,4.840000152587891,0.0,37439300
2019-10-18,3.6030163764953613,4.78000020980835,0.0,4.800000190734863,4.760000228881836,4.78000020980835,0.0,36644700
2019-10-21,3.5879409313201904,4.760000228881836,0.0,4.800000190734863,4.760000228881836,4.78000020980835,0.0,16677000
2019-10-22,3.6180918216705322,4.800000190734863,0.0,4.800000190734863,4.760000228881836,4.760000228881836,0.0,39520100
2019-10-24,3.6030163764953613,4.78000020980835,0.0,4.840000152587891,4.78000020980835,4.820000171661377,0.0,65625900
2019-10-25,3.512563943862915,4.659999847412109,0.0,4.820000171661377,4.659999847412109,4.78000020980835,0.0,85569400
2019-10-28,3.4974887371063232,4.639999866485596,0.0,4.71999979019165,4.619999885559082,4.639999866485596,0.0,86363200
2019-10-29,3.512563943862915,4.659999847412109,0.0,4.739999771118164,4.659999847412109,4.659999847412109,0.0,45808600
2019-10-30,3.5427141189575195,4.699999809265137,0.0,4.71999979019165,4.659999847412109,4.659999847412109,0.0,35540600
2019-10-31,3.527639389038086,4.679999828338623,0.0,4.739999771118164,4.639999866485596,4.71999979019165,0.0,74507000
2019-11-01,3.4974887371063232,4.639999866485596,0.0,4.699999809265137,4.619999885559082,4.659999847412109,0.0,47659200
2019-11-04,3.5427141189575195,4.699999809265137,0.0,4.699999809265137,4.639999866485596,4.659999847412109,0.0,41352000
2019-11-05,3.512563943862915,4.659999847412109,0.0,4.739999771118164,4.639999866485596,4.699999809265137,0.0,55853900
2019-11-06,3.4974887371063232,4.639999866485596,0.0,4.679999828338623,4.619999885559082,4.659999847412109,0.0,41743000
2019-11-07,3.527639389038086,4.679999828338623,0.0,4.699999809265137,4.639999866485596,4.639999866485596,0.0,43349600
2019-11-08,3.5427141189575195,4.699999809265137,0.0,4.760000228881836,4.659999847412109,4.679999828338623,0.0,73587900
2019-11-11,3.4974887371063232,4.639999866485596,0.0,4.699999809265137,4.639999866485596,4.679999828338623,0.0,49310700
2019-11-12,3.4974887371063232,4.639999866485596,0.0,4.679999828338623,4.639999866485596,4.659999847412109,0.0,24172500
2019-11-13,3.4824132919311523,4.619999885559082,0.0,4.659999847412109,4.599999904632568,4.639999866485596,0.0,23220800
2019-11-14,3.467337131500244,4.599999904632568,0.0,4.659999847412109,4.559999942779541,4.619999885559082,0.0,50183100
2019-11-15,3.4522628784179688,4.579999923706055,0.0,4.639999866485596,4.559999942779541,4.639999866485596,0.0,29625800
2019-11-18,3.4824132919311523,4.619999885559082,0.0,4.639999866485596,4.559999942779541,4.579999923706055,0.0,32830400
2019-11-19,3.4522628784179688,4.579999923706055,0.0,4.619999885559082,4.559999942779541,4.599999904632568,0.0,44938300
2019-11-20,3.3467347621917725,4.440000057220459,0.0,4.599999904632568,4.360000133514404,4.559999942779541,0.0,142051800
2019-11-21,3.378601312637329,4.400000095367432,0.0815,4.440000057220459,4.360000133514404,4.380000114440918,0.0,54902100
2019-11-22,3.2864573001861572,4.28000020980835,0.0,4.420000076293945,4.139999866485596,4.400000095367432,0.0,204308900
2019-11-25,3.378601312637329,4.400000095367432,0.0,4.420000076293945,4.28000020980835,4.320000171661377,0.0,83324000
2019-11-26,3.378601312637329,4.400000095367432,0.0,4.460000038146973,4.380000114440918,4.420000076293945,0.0,56199600
2019-11-27,3.3325295448303223,4.340000152587891,0.0,4.440000057220459,4.340000152587891,4.420000076293945,0.0,63177400
2019-11-28,3.2864573001861572,4.28000020980835,0.0,4.340000152587891,4.239999771118164,4.340000152587891,0.0,68094100
2019-11-29,3.2403852939605713,4.21999979019165,0.0,4.28000020980835,4.139999866485596,4.28000020980835,0.0,100672800
2019-12-02,3.1635992527008057,4.119999885559082,0.0,4.21999979019165,4.059999942779541,4.199999809265137,0.0,101867700
2019-12-03,3.10217022895813,4.039999961853027,0.0,4.099999904632568,4.039999961853027,4.099999904632568,0.0,89277300
2019-12-04,3.1635992527008057,4.119999885559082,0.0,4.159999847412109,4.059999942779541,4.079999923706055,0.0,64677300
2019-12-06,3.10217022895813,4.039999961853027,0.0,4.139999866485596,4.039999961853027,4.139999866485596,0.0,52829100
2019-12-09,3.10217022895813,4.039999961853027,0.0,4.059999942779541,3.940000057220459,4.039999961853027,0.0,74056600
2019-12-11,3.1635992527008057,4.119999885559082,0.0,4.139999866485596,4.019999980926514,4.039999961853027,0.0,72153700
2019-12-12,3.1482415199279785,4.099999904632568,0.0,4.159999847412109,4.079999923706055,4.139999866485596,0.0,33848000
2019-12-13,3.1328845024108887,4.079999923706055,0.0,4.139999866485596,4.059999942779541,4.119999885559082,0.0,44703500
2019-12-16,3.10217022895813,4.039999961853027,0.0,4.079999923706055,4.019999980926514,4.059999942779541,0.0,22245700
2019-12-17,3.0253841876983643,3.940000057220459,0.0,4.039999961853027,3.9200000762939453,4.019999980926514,0.0,68340300
2019-12-18,3.056098461151123,3.9800000190734863,0.0,4.059999942779541,3.9600000381469727,3.9600000381469727,0.0,63278900
2019-12-19,3.10217022895813,4.039999961853027,0.0,4.039999961853027,3.9800000190734863,3.9800000190734863,0.0,45297100
2019-12-20,3.040740966796875,3.9600000381469727,0.0,4.059999942779541,3.9600000381469727,4.039999961853027,0.0,55438600
2019-12-23,2.9485971927642822,3.8399999141693115,0.0,3.9600000381469727,3.819999933242798,3.9600000381469727,0.0,94177100
2019-12-24,2.9485971927642822,3.8399999141693115,0.0,3.9200000762939453,3.759999990463257,3.880000114440918,0.0,95248400
2019-12-25,2.963954448699951,3.859999895095825,0.0,3.9000000953674316,3.819999933242798,3.8399999141693115,0.0,36508500
2019-12-26,2.9793121814727783,3.880000114440918,0.0,3.940000057220459,3.859999895095825,3.859999895095825,0.0,61466000
2019-12-27,2.9793121814727783,3.880000114440918,0.0,3.940000057220459,3.8399999141693115,3.9000000953674316,0.0,50055200
2019-12-30,2.9793121814727783,3.880000114440918,0.0,3.9000000953674316,3.859999895095825,3.9000000953674316,0.0,24246000
2020-01-02,2.9946694374084473,3.9000000953674316,0.0,3.9600000381469727,3.880000114440918,3.9000000953674316,0.0,71021800
2020-01-03,2.963954448699951,3.859999895095825,0.0,3.940000057220459,3.859999895095825,3.9200000762939453,0.0,75553500
2020-01-06,2.8564536571502686,3.7200000286102295,0.0,3.819999933242798,3.7200000286102295,3.799999952316284,0.0,69935300
2020-01-07,2.8871681690216064,3.759999990463257,0.0,3.799999952316284,3.700000047683716,3.759999990463257,0.0,63384300
2020-01-08,2.68752384185791,3.5,0.0,3.7200000286102295,3.5,3.7200000286102295,0.0,104760400
2020-01-09,2.718238115310669,3.5399999618530273,0.0,3.640000104904175,3.5,3.5799999237060547,0.0,167377800
2020-01-10,2.8103818893432617,3.6600000858306885,0.0,3.700000047683716,3.5799999237060547,3.5999999046325684,0.0,136174700
2020-01-13,2.8410966396331787,3.700000047683716,0.0,3.7200000286102295,3.640000104904175,3.700000047683716,0.0,71640000
2020-01-14,2.8103818893432617,3.6600000858306885,0.0,3.759999990463257,3.6600000858306885,3.700000047683716,0.0,62520700
2020-01-15,2.7796669006347656,3.619999885559082,0.0,3.640000104904175,3.5399999618530273,3.640000104904175,0.0,85258700
2020-01-16,2.733595609664917,3.559999942779541,0.0,3.619999885559082,3.5199999809265137,3.559999942779541,0.0,111590800
2020-01-17,2.7796669006347656,3.619999885559082,0.0,3.640000104904175,3.5199999809265137,3.5799999237060547,0.0,65972000
2020-01-20,2.5493075847625732,3.319999933242798,0.0,3.640000104904175,3.2799999713897705,3.619999885559082,0.0,257925000
2020-01-21,2.42645001411438,3.1600000858306885,0.0,3.4200000762939453,3.0999999046325684,3.299999952316284,0.0,285315900
2020-01-22,2.395735025405884,3.119999885559082,0.0,3.200000047683716,3.0399999618530273,3.140000104904175,0.0,199315600
2020-01-23,2.395735025405884,3.119999885559082,0.0,3.259999990463257,3.0999999046325684,3.140000104904175,0.0,232706800
2020-01-24,2.5032365322113037,3.259999990463257,0.0,3.2799999713897705,3.140000104904175,3.1600000858306885,0.0,248522100
2020-01-27,2.42645001411438,3.1600000858306885,0.0,3.2799999713897705,3.140000104904175,3.200000047683716,0.0,206279500
2020-01-28,2.4418070316314697,3.180000066757202,0.0,3.2200000286102295,3.140000104904175,3.140000104904175,0.0,138290900
2020-01-29,2.4725217819213867,3.2200000286102295,0.0,3.299999952316284,3.1600000858306885,3.2200000286102295,0.0,140552600
2020-01-30,2.4725217819213867,3.2200000286102295,0.0,3.259999990463257,3.180000066757202,3.180000066757202,0.0,72458100
2020-01-31,2.4418070316314697,3.180000066757202,0.0,3.259999990463257,3.1600000858306885,3.240000009536743,0.0,92727200
2020-02-03,2.395735025405884,3.119999885559082,0.0,3.180000066757202,3.0999999046325684,3.1600000858306885,0.0,103116300
2020-02-04,2.4725217819213867,3.2200000286102295,0.0,3.2200000286102295,3.119999885559082,3.140000104904175,0.0,87921200
2020-02-05,2.6107373237609863,3.4000000953674316,0.0,3.4200000762939453,3.180000066757202,3.2200000286102295,0.0,208133400
2020-02-06,2.641451835632324,3.440000057220459,0.0,3.4600000381469727,3.359999895095825,3.4600000381469727,0.0,151703700
2020-02-07,2.5953803062438965,3.380000114440918,0.0,3.440000057220459,3.319999933242798,3.440000057220459,0.0,106723100
2020-02-11,2.5339505672454834,3.299999952316284,0.0,3.4200000762939453,3.259999990463257,3.4000000953674316,0.0,82002900
2020-02-12,2.626094102859497,3.4200000762939453,0.0,3.440000057220459,3.299999952316284,3.319999933242798,0.0,124807500
2020-02-13,2.6107373237609863,3.4000000953674316,0.0,3.4600000381469727,3.4000000953674316,3.4200000762939453,0.0,60940000
2020-02-14,2.641451835632324,3.440000057220459,0.0,3.5,3.4000000953674316,3.440000057220459,0.0,152678200
2020-02-17,2.6107373237609863,3.4000000953674316,0.0,3.4600000381469727,3.359999895095825,3.440000057220459,0.0,77747300
2020-02-18,2.5646653175354004,3.3399999141693115,0.0,3.4000000953674316,3.319999933242798,3.380000114440918,0.0,36108100
2020-02-19,2.5646653175354004,3.3399999141693115,0.0,3.380000114440918,3.299999952316284,3.3399999141693115,0.0,77172600
2020-02-20,2.5493075847625732,3.319999933242798,0.0,3.4000000953674316,3.319999933242798,3.359999895095825,0.0,71756100
2020-02-21,2.5646653175354004,3.3399999141693115,0.0,3.359999895095825,3.240000009536743,3.299999952316284,0.0,62127100
2020-02-24,2.365020275115967,3.0799999237060547,0.0,3.299999952316284,3.0799999237060547,3.2799999713897705,0.0,101765000
2020-02-25,2.41109299659729,3.140000104904175,0.0,3.140000104904175,3.0399999618530273,3.119999885559082,0.0,116192700
2020-02-26,2.2268049716949463,2.9000000953674316,0.0,3.140000104904175,2.9000000953674316,3.0799999237060547,0.0,115086000
2020-02-27,2.2268049716949463,2.9000000953674316,0.0,2.9200000762939453,2.700000047683716,2.859999895095825,0.0,121882300
2020-02-28,2.1039466857910156,2.740000009536743,0.0,2.819999933242798,2.7200000286102295,2.7200000286102295,0.0,66443700
2020-03-02,2.042517900466919,2.6600000858306885,0.0,2.799999952316284,2.5799999237060547,2.799999952316284,0.0,155796200
2020-03-03,2.1500191688537598,2.799999952316284,0.0,2.8399999141693115,2.7200000286102295,2.740000009536743,0.0,148149600
2020-03-04,2.2114477157592773,2.880000114440918,0.0,2.9200000762939453,2.740000009536743,2.740000009536743,0.0,90723600
2020-03-05,2.2575199604034424,2.940000057220459,0.0,3.0,2.880000114440918,2.940000057220459,0.0,109767600
2020-03-06,2.2268049716949463,2.9000000953674316,0.0,2.940000057220459,2.819999933242798,2.8399999141693115,0.0,51448300
2020-03-09,2.057874917984009,2.680000066757202,0.0,2.819999933242798,2.6600000858306885,2.799999952316284,0.0,85957400
2020-03-10,2.1500191688537598,2.799999952316284,0.0,2.859999895095825,2.680000066757202,2.680000066757202,0.0,111684300
2020-03-11,2.057874917984009,2.680000066757202,0.0,2.799999952316284,2.680000066757202,2.740000009536743,0.0,85580100
2020-03-12,1.6585861444473267,2.1600000858306885,0.0,2.4800000190734863,2.0999999046325684,2.4600000381469727,0.0,191131900
2020-03-13,1.7200148105621338,2.240000009536743,0.0,2.259999990463257,1.6799999475479126,1.7799999713897705,0.0,159731300
2020-03-16,1.6585861444473267,2.1600000858306885,0.0,2.240000009536743,2.059999942779541,2.059999942779541,0.0,92274000
2020-03-17,1.7200148105621338,2.240000009536743,0.0,2.2799999713897705,2.119999885559082,2.140000104904175,0.0,73839000
2020-03-18,1.7507294416427612,2.2799999713897705,0.0,2.3399999141693115,2.180000066757202,2.259999990463257,0.0,88539400
2020-03-19,1.7046576738357544,2.2200000286102295,0.0,2.2799999713897705,2.140000104904175,2.180000066757202,0.0,76872300
2020-03-20,1.8889451026916504,2.4600000381469727,0.0,2.4800000190734863,2.240000009536743,2.2799999713897705,0.0,97001700
2020-03-23,1.6278713941574097,2.119999885559082,0.0,2.240000009536743,2.0999999046325684,2.200000047683716,0.0,84512300
2020-03-24,1.5817996263504028,2.059999942779541,0.0,2.240000009536743,2.0,2.240000009536743,0.0,108127900
2020-03-25,1.6125140190124512,2.0999999046325684,0.0,2.1600000858306885,2.059999942779541,2.0999999046325684,0.0,85396900
2020-03-26,1.5817996263504028,2.059999942779541,0.0,2.140000104904175,1.9800000190734863,2.0999999046325684,0.0,134364000
2020-03-27,1.6432286500930786,2.140000104904175,0.0,2.240000009536743,2.0799999237060547,2.0999999046325684,0.0,154749500
2020-03-30,1.6432286500930786,2.140000104904175,0.0,2.140000104904175,2.140000104904175,2.140000104904175,0.0,2788200
2020-03-31,1.6893006563186646,2.200000047683716,0.0,2.240000009536743,2.140000104904175,2.1600000858306885,0.0,69649400
2020-04-01,1.6432286500930786,2.140000104904175,0.0,2.240000009536743,2.140000104904175,2.1600000858306885,0.0,60437100
2020-04-02,1.6585861444473267,2.1600000858306885,0.0,2.200000047683716,2.119999885559082,2.1600000858306885,0.0,56210500
2020-04-03,1.8121590614318848,2.359999895095825,0.0,2.4000000953674316,2.140000104904175,2.200000047683716,0.0,220508000
2020-04-07,1.8889451026916504,2.4600000381469727,0.0,2.559999942779541,2.4200000762939453,2.4800000190734863,0.0,189461500
2020-04-08,1.9196593761444092,2.5,0.0,2.5399999618530273,2.4000000953674316,2.440000057220459,0.0,141562100
2020-04-09,1.873587965965271,2.440000057220459,0.0,2.619999885559082,2.440000057220459,2.5399999618530273,0.0,181426100
2020-04-10,1.9964462518692017,2.5999999046325684,0.0,2.619999885559082,2.440000057220459,2.440000057220459,0.0,127816300
2020-04-13,2.1346616744995117,2.7799999713897705,0.0,2.7799999713897705,2.559999942779541,2.640000104904175,0.0,181416300
2020-04-14,2.2268049716949463,2.9000000953674316,0.0,2.940000057220459,2.799999952316284,2.859999895095825,0.0,149192400
2020-04-15,2.073232412338257,2.700000047683716,0.0,2.9200000762939453,2.6600000858306885,2.9000000953674316,0.0,165179100
2020-04-16,1.9350167512893677,2.5199999809265137,0.0,2.680000066757202,2.5,2.680000066757202,0.0,199120300
2020-04-17,2.042517900466919,2.6600000858306885,0.0,2.6600000858306885,2.559999942779541,2.640000104904175,0.0,101079400
2020-04-20,2.073232412338257,2.700000047683716,0.0,2.740000009536743,2.640000104904175,2.680000066757202,0.0,98611800
2020-04-21,2.011803150177002,2.619999885559082,0.0,2.6600000858306885,2.5999999046325684,2.640000104904175,0.0,66224800
2020-04-22,2.02716064453125,2.640000104904175,0.0,2.640000104904175,2.5399999618530273,2.5999999046325684,0.0,75623600
2020-04-23,2.1960904598236084,2.859999895095825,0.0,2.859999895095825,2.640000104904175,2.640000104904175,0.0,169967900
2020-04-24,2.057874917984009,2.680000066757202,0.0,2.8399999141693115,2.680000066757202,2.8399999141693115,0.0,152119100
2020-04-27,2.057874917984009,2.680000066757202,0.0,2.740000009536743,2.6600000858306885,2.7200000286102295,0.0,42518900
2020-04-28,2.088589668273926,2.7200000286102295,0.0,2.7799999713897705,2.680000066757202,2.700000047683716,0.0,129932600
2020-04-29,2.088589668273926,2.7200000286102295,0.0,2.7799999713897705,2.700000047683716,2.759999990463257,0.0,55753900
2020-04-30,2.1039466857910156,2.740000009536743,0.0,2.7799999713897705,2.7200000286102295,2.759999990463257,0.0,106283100
2020-05-05,2.057874917984009,2.680000066757202,0.0,2.7200000286102295,2.6600000858306885,2.700000047683716,0.0,68133000
2020-05-07,2.042517900466919,2.6600000858306885,0.0,2.740000009536743,2.640000104904175,2.700000047683716,0.0,82045800
2020-05-08,2.14713191986084,2.740000009536743,0.0535,2.740000009536743,2.619999885559082,2.619999885559082,0.0,63893700
2020-05-11,2.14713191986084,2.740000009536743,0.0,2.799999952316284,2.740000009536743,2.799999952316284,0.0,74067100
2020-05-12,2.2568395137786865,2.880000114440918,0.0,2.9000000953674316,2.7200000286102295,2.759999990463257,0.0,169814300
2020-05-13,2.241166353225708,2.859999895095825,0.0,2.9200000762939453,2.8399999141693115,2.880000114440918,0.0,91499200
2020-05-14,2.162804126739502,2.759999990463257,0.0,2.859999895095825,2.759999990463257,2.8399999141693115,0.0,69503200
2020-05-15,2.1941490173339844,2.799999952316284,0.0,2.859999895095825,2.759999990463257,2.799999952316284,0.0,80599000
2020-05-18,2.14713191986084,2.740000009536743,0.0,2.799999952316284,2.7200000286102295,2.7799999713897705,0.0,65167800
2020-05-19,2.1941490173339844,2.799999952316284,0.0,2.8399999141693115,2.7799999713897705,2.799999952316284,0.0,86854600
2020-05-20,2.4135642051696777,3.0799999237060547,0.0,3.119999885559082,2.799999952316284,2.819999933242798,0.0,512578500
2020-05-21,2.3352015018463135,2.9800000190734863,0.0,3.119999885559082,2.940000057220459,3.0999999046325684,0.0,243457500
2020-05-22,2.350874185562134,3.0,0.0,3.0799999237060547,2.9200000762939453,2.9600000381469727,0.0,229224400
2020-05-25,2.570288896560669,3.2799999713897705,0.0,3.2799999713897705,3.0399999618530273,3.059999942779541,0.0,528943800
2020-05-26,2.5389444828033447,3.240000009536743,0.0,3.3399999141693115,3.2200000286102295,3.319999933242798,0.0,222306000
2020-05-27,2.554616928100586,3.259999990463257,0.0,3.3399999141693115,3.140000104904175,3.2799999713897705,0.0,219720500
2020-05-28,2.491926431655884,3.180000066757202,0.0,3.299999952316284,3.180000066757202,3.299999952316284,0.0,143118000
2020-05-29,2.491926431655884,3.180000066757202,0.0,3.200000047683716,3.119999885559082,3.1600000858306885,0.0,109181300
2020-06-01,2.4605817794799805,3.140000104904175,0.0,3.240000009536743,3.0999999046325684,3.2200000286102295,0.0,117772100
2020-06-02,2.507599353790283,3.200000047683716,0.0,3.2799999713897705,3.140000104904175,3.1600000858306885,0.0,191282600
2020-06-04,2.5859615802764893,3.299999952316284,0.0,3.3399999141693115,3.240000009536743,3.2799999713897705,0.0,228767200
2020-06-05,2.6016342639923096,3.319999933242798,0.0,3.4000000953674316,3.2200000286102295,3.299999952316284,0.0,283577800
2020-06-08,2.6173062324523926,3.3399999141693115,0.0,3.4000000953674316,3.2799999713897705,3.380000114440918,0.0,114039000
2020-06-09,2.5389444828033447,3.240000009536743,0.0,3.380000114440918,3.200000047683716,3.359999895095825,0.0,110046800
2020-06-10,2.570288896560669,3.2799999713897705,0.0,3.3399999141693115,3.200000047683716,3.259999990463257,0.0,111666500
2020-06-11,2.711341381072998,3.4600000381469727,0.0,3.5,3.259999990463257,3.2799999713897705,0.0,230445400
2020-06-12,2.6173062324523926,3.3399999141693115,0.0,3.4000000953674316,3.2200000286102295,3.3399999141693115,0.0,279613400
2020-06-15,2.5389444828033447,3.240000009536743,0.0,3.380000114440918,3.2200000286102295,3.299999952316284,0.0,162831300
2020-06-16,2.632978916168213,3.359999895095825,0.0,3.4000000953674316,3.319999933242798,3.3399999141693115,0.0,170875100
2020-06-17,2.8523943424224854,3.640000104904175,0.0,3.7200000286102295,3.3399999141693115,3.359999895095825,0.0,415280800
2020-06-18,2.836721658706665,3.619999885559082,0.0,3.6600000858306885,3.559999942779541,3.5999999046325684,0.0,163266200
2020-06-19,2.8523943424224854,3.640000104904175,0.0,3.7200000286102295,3.559999942779541,3.640000104904175,0.0,193432200
2020-06-22,2.7426867485046387,3.5,0.0,3.6600000858306885,3.4800000190734863,3.640000104904175,0.0,135172400
2020-06-23,2.7426867485046387,3.5,0.0,3.5399999618530273,3.4800000190734863,3.5399999618530273,0.0,66161600
2020-06-24,2.6173062324523926,3.3399999141693115,0.0,3.5199999809265137,3.299999952316284,3.5199999809265137,0.0,88887700
2020-06-25,2.5389444828033447,3.240000009536743,0.0,3.359999895095825,3.200000047683716,3.259999990463257,0.0,166740500
2020-06-26,2.5232720375061035,3.2200000286102295,0.0,3.319999933242798,3.2200000286102295,3.259999990463257,0.0,89098900
2020-06-29,2.5389444828033447,3.240000009536743,0.0,3.259999990463257,3.180000066757202,3.2200000286102295,0.0,77186300
2020-06-30,2.6016342639923096,3.319999933242798,0.0,3.4000000953674316,3.259999990463257,3.259999990463257,0.0,152918100
2020-07-01,2.5859615802764893,3.299999952316284,0.0,3.380000114440918,3.259999990463257,3.359999895095825,0.0,79487400
2020-07-02,2.632978916168213,3.359999895095825,0.0,3.380000114440918,3.2799999713897705,3.319999933242798,0.0,99864700
2020-07-03,2.6016342639923096,3.319999933242798,0.0,3.4200000762939453,3.299999952316284,3.359999895095825,0.0,100284300
2020-07-07,2.570288896560669,3.2799999713897705,0.0,3.380000114440918,3.2799999713897705,3.359999895095825,0.0,69477400
2020-07-08,2.554616928100586,3.259999990463257,0.0,3.3399999141693115,3.259999990463257,3.2799999713897705,0.0,61969600
2020-07-09,2.5389444828033447,3.240000009536743,0.0,3.299999952316284,3.2200000286102295,3.299999952316284,0.0,40569700
2020-07-10,2.4762539863586426,3.1600000858306885,0.0,3.240000009536743,3.1600000858306885,3.200000047683716,0.0,76896100
2020-07-13,2.4605817794799805,3.140000104904175,0.0,3.2200000286102295,3.119999885559082,3.180000066757202,0.0,82271700
2020-07-14,2.44490909576416,3.119999885559082,0.0,3.1600000858306885,3.059999942779541,3.0999999046325684,0.0,86216500
2020-07-15,2.491926431655884,3.180000066757202,0.0,3.240000009536743,3.119999885559082,3.1600000858306885,0.0,77043100
2020-07-16,2.4605817794799805,3.140000104904175,0.0,3.2200000286102295,3.119999885559082,3.1600000858306885,0.0,63642900
2020-07-17,2.42923641204834,3.0999999046325684,0.0,3.180000066757202,3.059999942779541,3.1600000858306885,0.0,74519900
2020-07-20,2.4605817794799805,3.140000104904175,0.0,3.1600000858306885,3.0799999237060547,3.0799999237060547,0.0,52159900
2020-07-21,2.6173062324523926,3.3399999141693115,0.0,3.380000114440918,3.1600000858306885,3.180000066757202,0.0,224454300
2020-07-22,2.554616928100586,3.259999990463257,0.0,3.4000000953674316,3.240000009536743,3.359999895095825,0.0,122513400
2020-07-23,2.5859615802764893,3.299999952316284,0.0,3.3399999141693115,3.2799999713897705,3.2799999713897705,0.0,69332100
2020-07-24,2.5859615802764893,3.299999952316284,0.0,3.359999895095825,3.240000009536743,3.259999990463257,0.0,98594900
2020-07-29,2.6016342639923096,3.319999933242798,0.0,3.3399999141693115,3.2799999713897705,3.319999933242798,0.0,58518700
2020-07-30,2.5389444828033447,3.240000009536743,0.0,3.359999895095825,3.200000047683716,3.359999895095825,0.0,68018500
2020-07-31,2.5232720375061035,3.2200000286102295,0.0,3.259999990463257,3.1600000858306885,3.240000009536743,0.0,49692000
2020-08-03,2.6016342639923096,3.319999933242798,0.0,3.359999895095825,3.200000047683716,3.200000047683716,0.0,104003100
2020-08-04,2.6016342639923096,3.319999933242798,0.0,3.380000114440918,3.299999952316284,3.3399999141693115,0.0,50824000
2020-08-05,2.7426867485046387,3.5,0.0,3.5199999809265137,3.299999952316284,3.359999895095825,0.0,197930500
2020-08-06,2.7270140647888184,3.4800000190734863,0.0,3.5799999237060547,3.4800000190734863,3.5199999809265137,0.0,178449100
2020-08-07,2.632978916168213,3.359999895095825,0.0,3.4800000190734863,3.3399999141693115,3.4800000190734863,0.0,79653100
2020-08-10,2.6016342639923096,3.319999933242798,0.0,3.359999895095825,3.299999952316284,3.3399999141693115,0.0,25363100
2020-08-11,2.648651599884033,3.380000114440918,0.0,3.440000057220459,3.3399999141693115,3.359999895095825,0.0,60578500
2020-08-13,2.711341381072998,3.4600000381469727,0.0,3.4800000190734863,3.380000114440918,3.4000000953674316,0.0,67452000
2020-08-14,2.6173062324523926,3.3399999141693115,0.0,3.4800000190734863,3.299999952316284,3.4600000381469727,0.0,51752500
2020-08-17,2.6643245220184326,3.4000000953674316,0.0,3.4800000190734863,3.259999990463257,3.359999895095825,0.0,79933900
2020-08-18,2.6016342639923096,3.319999933242798,0.0,3.4200000762939453,3.299999952316284,3.4200000762939453,0.0,71039900
2020-08-19,2.5389444828033447,3.240000009536743,0.0,3.380000114440918,3.200000047683716,3.3399999141693115,0.0,70769900
2020-08-20,2.5232720375061035,3.2200000286102295,0.0,3.259999990463257,3.180000066757202,3.180000066757202,0.0,40353100
2020-08-21,2.491926431655884,3.180000066757202,0.0,3.259999990463257,3.140000104904175,3.240000009536743,0.0,43218600
2020-08-24,2.570288896560669,3.2799999713897705,0.0,3.299999952316284,3.1600000858306885,3.200000047683716,0.0,60335300
2020-08-25,2.570288896560669,3.2799999713897705,0.0,3.3399999141693115,3.240000009536743,3.2799999713897705,0.0,52690700
2020-08-26,2.5859615802764893,3.299999952316284,0.0,3.3399999141693115,3.240000009536743,3.2799999713897705,0.0,49211500
2020-08-27,2.570288896560669,3.2799999713897705,0.0,3.3399999141693115,3.2799999713897705,3.299999952316284,0.0,30503900
2020-08-28,2.554616928100586,3.259999990463257,0.0,3.319999933242798,3.2200000286102295,3.319999933242798,0.0,24988500
2020-08-31,2.507599353790283,3.200000047683716,0.0,3.299999952316284,3.180000066757202,3.259999990463257,0.0,44782900
2020-09-01,2.42923641204834,3.0999999046325684,0.0,3.2200000286102295,3.0399999618530273,3.200000047683716,0.0,114843300
2020-09-02,2.44490909576416,3.119999885559082,0.0,3.1600000858306885,3.0799999237060547,3.0799999237060547,0.0,74840700
2020-09-03,2.3822193145751953,3.0399999618530273,0.0,3.140000104904175,3.0199999809265137,3.140000104904175,0.0,100733800
2020-09-08,2.366546630859375,3.0199999809265137,0.0,3.0399999618530273,2.9800000190734863,3.0199999809265137,0.0,42387900
2020-09-09,2.3822193145751953,3.0399999618530273,0.0,3.059999942779541,2.9200000762939453,2.9600000381469727,0.0,80464500
2020-09-10,2.366546630859375,3.0199999809265137,0.0,3.0399999618530273,2.9600000381469727,3.0399999618530273,0.0,51323500
2020-09-11,2.303856611251831,2.940000057220459,0.0,3.0199999809265137,2.9200000762939453,3.0,0.0,47937900
2020-09-14,2.241166353225708,2.859999895095825,0.0,2.940000057220459,2.8399999141693115,2.940000057220459,0.0,52489300
2020-09-15,2.3195290565490723,2.9600000381469727,0.0,2.9800000190734863,2.859999895095825,2.9000000953674316,0.0,43313000
2020-09-16,2.350874185562134,3.0,0.0,3.0399999618530273,2.9800000190734863,2.9800000190734863,0.0,32826100
2020-09-17,2.3195290565490723,2.9600000381469727,0.0,3.0,2.9600000381469727,3.0,0.0,34317000
2020-09-18,2.3195290565490723,2.9600000381469727,0.0,3.0199999809265137,2.940000057220459,2.9800000190734863,0.0,51187700
2020-09-21,2.288184404373169,2.9200000762939453,0.0,3.0199999809265137,2.9200000762939453,2.9800000190734863,0.0,35775400
2020-09-22,2.209821939468384,2.819999933242798,0.0,2.940000057220459,2.819999933242798,2.9000000953674316,0.0,61730000
2020-09-23,2.209821939468384,2.819999933242798,0.0,2.9200000762939453,2.799999952316284,2.8399999141693115,0.0,75869200
2020-09-24,2.162804126739502,2.759999990463257,0.0,2.8399999141693115,2.700000047683716,2.819999933242798,0.0,85276100
2020-09-25,2.225494146347046,2.8399999141693115,0.0,2.8399999141693115,2.759999990463257,2.799999952316284,0.0,58605200
2020-09-28,2.2568395137786865,2.880000114440918,0.0,2.9200000762939453,2.859999895095825,2.880000114440918,0.0,60385700
2020-09-29,2.225494146347046,2.8399999141693115,0.0,2.9000000953674316,2.8399999141693115,2.880000114440918,0.0,28212300
2020-09-30,2.209821939468384,2.819999933242798,0.0,2.9200000762939453,2.819999933242798,2.859999895095825,0.0,57705500
2020-10-01,2.209821939468384,2.819999933242798,0.0,2.8399999141693115,2.759999990463257,2.8399999141693115,0.0,28114900
2020-10-02,2.1784768104553223,2.7799999713897705,0.0,2.819999933242798,2.759999990463257,2.799999952316284,0.0,34494700
2020-10-05,2.241166353225708,2.859999895095825,0.0,2.859999895095825,2.7799999713897705,2.819999933242798,0.0,26984600
2020-10-06,2.350874185562134,3.0,0.0,3.0399999618530273,2.859999895095825,2.880000114440918,0.0,134228800
2020-10-07,2.3352015018463135,2.9800000190734863,0.0,3.0,2.9000000953674316,3.0,0.0,116869400
2020-10-08,2.272512197494507,2.9000000953674316,0.0,3.0,2.880000114440918,2.9800000190734863,0.0,141388900
2020-10-09,2.225494146347046,2.8399999141693115,0.0,2.940000057220459,2.819999933242798,2.940000057220459,0.0,67051500
2020-10-12,2.2568395137786865,2.880000114440918,0.0,2.9200000762939453,2.8399999141693115,2.859999895095825,0.0,76379400
2020-10-14,2.225494146347046,2.8399999141693115,0.0,2.940000057220459,2.819999933242798,2.880000114440918,0.0,90630500
2020-10-15,2.1784768104553223,2.7799999713897705,0.0,2.8399999141693115,2.759999990463257,2.799999952316284,0.0,67579300
2020-10-16,2.1314597129821777,2.7200000286102295,0.0,2.799999952316284,2.680000066757202,2.7799999713897705,0.0,134236100
2020-10-19,1.9904067516326904,2.5399999618530273,0.0,2.640000104904175,2.5199999809265137,2.640000104904175,0.0,108028700
2020-10-20,2.00607967376709,2.559999942779541,0.0,2.5999999046325684,2.5,2.5199999809265137,0.0,72178500
2020-10-21,1.959061861038208,2.5,0.0,2.5799999237060547,2.5,2.5799999237060547,0.0,95418300
2020-10-22,1.959061861038208,2.5,0.0,2.5399999618530273,2.4600000381469727,2.5199999809265137,0.0,129864200
2020-10-26,1.9747343063354492,2.5199999809265137,0.0,2.5399999618530273,2.4800000190734863,2.5,0.0,52503500
2020-10-27,1.9747343063354492,2.5199999809265137,0.0,2.559999942779541,2.5,2.5,0.0,46657500
2020-10-28,1.959061861038208,2.5,0.0,2.5999999046325684,2.5,2.5199999809265137,0.0,132249300
2020-10-29,1.9120442867279053,2.440000057220459,0.0,2.5,2.4000000953674316,2.4800000190734863,0.0,122970400
2020-10-30,1.8650270700454712,2.380000114440918,0.0,2.4600000381469727,2.359999895095825,2.4600000381469727,0.0,57513600
2020-11-02,1.896371841430664,2.4200000762939453,0.0,2.440000057220459,2.359999895095825,2.4200000762939453,0.0,46435100
2020-11-03,1.9120442867279053,2.440000057220459,0.0,2.4600000381469727,2.4200000762939453,2.440000057220459,0.0,59357000
2020-11-04,1.8806995153427124,2.4000000953674316,0.0,2.5199999809265137,2.4000000953674316,2.440000057220459,0.0,147686100
2020-11-05,1.959061861038208,2.5,0.0,2.5399999618530273,2.4000000953674316,2.440000057220459,0.0,207309800
2020-11-06,1.9433889389038086,2.4800000190734863,0.0,2.559999942779541,2.4600000381469727,2.5199999809265137,0.0,163186900
2020-11-09,2.00607967376709,2.559999942779541,0.0,2.5999999046325684,2.5,2.5399999618530273,0.0,178667000
2020-11-10,2.162804126739502,2.759999990463257,0.0,2.7799999713897705,2.640000104904175,2.700000047683716,0.0,330713900
2020-11-11,2.209821939468384,2.819999933242798,0.0,2.8399999141693115,2.740000009536743,2.799999952316284,0.0,187725000
2020-11-12,2.14713191986084,2.740000009536743,0.0,2.7799999713897705,2.700000047683716,2.7799999713897705,0.0,94157300
2020-11-13,2.1314597129821777,2.7200000286102295,0.0,2.740000009536743,2.680000066757202,2.700000047683716,0.0,146867200
2020-11-16,2.1941490173339844,2.799999952316284,0.0,2.8399999141693115,2.740000009536743,2.759999990463257,0.0,627489000
2020-11-17,2.1314597129821777,2.7200000286102295,0.0,2.880000114440918,2.7200000286102295,2.859999895095825,0.0,420846700
2020-11-18,2.1784768104553223,2.7799999713897705,0.0,2.7799999713897705,2.700000047683716,2.700000047683716,0.0,115029400
2020-11-19,2.1941490173339844,2.799999952316284,0.0,2.8399999141693115,2.7799999713897705,2.799999952316284,0.0,164962600
2020-11-20,2.288184404373169,2.9200000762939453,0.0,2.9600000381469727,2.819999933242798,2.819999933242798,0.0,335560700
2020-11-23,2.3822193145751953,3.0399999618530273,0.0,3.0399999618530273,2.9600000381469727,2.9600000381469727,0.0,316621800
2020-11-24,2.3822193145751953,3.0399999618530273,0.0,3.0799999237060547,2.9600000381469727,3.059999942779541,0.0,297889900
2020-11-25,2.4135642051696777,3.0799999237060547,0.0,3.119999885559082,3.0399999618530273,3.059999942779541,0.0,225929800
2020-11-26,2.4268083572387695,3.059999942779541,0.0367,3.0799999237060547,3.0399999618530273,3.059999942779541,0.0,60691500
2020-11-27,2.5537006855010986,3.2200000286102295,0.0,3.2200000286102295,3.059999942779541,3.059999942779541,0.0,295031400
2020-11-30,2.4902546405792236,3.140000104904175,0.0,3.240000009536743,3.0999999046325684,3.2200000286102295,0.0,226547700
2020-12-01,2.537838935852051,3.200000047683716,0.0,3.2200000286102295,3.140000104904175,3.180000066757202,0.0,143904700
2020-12-02,2.5061159133911133,3.1600000858306885,0.0,3.2200000286102295,3.140000104904175,3.1600000858306885,0.0,135565700
2020-12-03,2.5061159133911133,3.1600000858306885,0.0,3.180000066757202,3.0999999046325684,3.1600000858306885,0.0,198325500
2020-12-04,2.474392890930176,3.119999885559082,0.0,3.180000066757202,3.0999999046325684,3.180000066757202,0.0,168827800
2020-12-08,2.4902546405792236,3.140000104904175,0.0,3.1600000858306885,3.0799999237060547,3.119999885559082,0.0,117261900
2020-12-09,2.474392890930176,3.119999885559082,0.0,3.200000047683716,3.119999885559082,3.180000066757202,0.0,114655600
2020-12-14,2.537838935852051,3.200000047683716,0.0,3.259999990463257,3.119999885559082,3.140000104904175,0.0,256153200
2020-12-15,2.521977186203003,3.180000066757202,0.0,3.2200000286102295,3.119999885559082,3.200000047683716,0.0,109470500
2020-12-16,2.6012845039367676,3.2799999713897705,0.0,3.3399999141693115,3.180000066757202,3.200000047683716,0.0,302440500
2020-12-17,2.6012845039367676,3.2799999713897705,0.0,3.359999895095825,3.2799999713897705,3.299999952316284,0.0,156677100
2020-12-18,2.6012845039367676,3.2799999713897705,0.0,3.319999933242798,3.180000066757202,3.2799999713897705,0.0,163673100
2020-12-21,2.331639289855957,2.940000057220459,0.0,3.1600000858306885,2.940000057220459,3.0999999046325684,0.0,311971200
2020-12-22,2.395085096359253,3.0199999809265137,0.0,3.059999942779541,2.880000114440918,2.940000057220459,0.0,208476700
2020-12-23,2.395085096359253,3.0199999809265137,0.0,3.0999999046325684,3.0,3.0,0.0,139980500
2020-12-24,2.410947322845459,3.0399999618530273,0.0,3.059999942779541,2.9600000381469727,3.0199999809265137,0.0,93664000
2020-12-25,2.410947322845459,3.0399999618530273,0.0,3.0799999237060547,3.0199999809265137,3.059999942779541,0.0,88784400
2020-12-28,2.347501039505005,2.9600000381469727,0.0,3.059999942779541,2.9600000381469727,3.0199999809265137,0.0,110401300
2020-12-29,2.3633625507354736,2.9800000190734863,0.0,3.0399999618530273,2.9600000381469727,2.9800000190734863,0.0,77146900
2020-12-30,2.410947322845459,3.0399999618530273,0.0,3.0399999618530273,2.9000000953674316,3.0,0.0,183676400
2021-01-04,2.395085096359253,3.0199999809265137,0.0,3.059999942779541,2.9200000762939453,2.9600000381469727,0.0,132219400
2021-01-05,2.5061159133911133,3.1600000858306885,0.0,3.180000066757202,3.0,3.0,0.0,209993200
2021-01-06,2.458531141281128,3.0999999046325684,0.0,3.180000066757202,3.0799999237060547,3.140000104904175,0.0,127443100
2021-01-07,2.5061159133911133,3.1600000858306885,0.0,3.2200000286102295,3.119999885559082,3.140000104904175,0.0,119037000
2021-01-08,2.4902546405792236,3.140000104904175,0.0,3.2200000286102295,3.119999885559082,3.200000047683716,0.0,101535200
2021-01-11,2.474392890930176,3.119999885559082,0.0,3.180000066757202,3.0999999046325684,3.1600000858306885,0.0,47118400
2021-01-12,2.4426701068878174,3.0799999237060547,0.0,3.119999885559082,3.0799999237060547,3.119999885559082,0.0,100268000
2021-01-13,2.4902546405792236,3.140000104904175,0.0,3.180000066757202,3.059999942779541,3.0799999237060547,0.0,138535900
2021-01-14,2.458531141281128,3.0999999046325684,0.0,3.1600000858306885,3.0999999046325684,3.140000104904175,0.0,74983800
2021-01-15,2.458531141281128,3.0999999046325684,0.0,3.140000104904175,3.0799999237060547,3.119999885559082,0.0,63313700
2021-01-18,2.458531141281128,3.0999999046325684,0.0,3.119999885559082,3.0799999237060547,3.0999999046325684,0.0,29937900
2021-01-19,2.4426701068878174,3.0799999237060547,0.0,3.1600000858306885,3.0799999237060547,3.0999999046325684,0.0,86590600
2021-01-20,2.4268083572387695,3.059999942779541,0.0,3.119999885559082,3.059999942779541,3.0999999046325684,0.0,63039100
2021-01-21,2.4426701068878174,3.0799999237060547,0.0,3.119999885559082,3.0799999237060547,3.0999999046325684,0.0,54621100
2021-01-22,2.4268083572387695,3.059999942779541,0.0,3.119999885559082,3.059999942779541,3.0799999237060547,0.0,58111300
2021-01-25,2.474392890930176,3.119999885559082,0.0,3.119999885559082,3.059999942779541,3.0799999237060547,0.0,84315900
2021-01-26,2.4268083572387695,3.059999942779541,0.0,3.119999885559082,3.059999942779541,3.0999999046325684,0.0,81671700
2021-01-27,2.5061159133911133,3.1600000858306885,0.0,3.180000066757202,3.059999942779541,3.0799999237060547,0.0,219439200
2021-01-28,2.4268083572387695,3.059999942779541,0.0,3.119999885559082,3.059999942779541,3.119999885559082,0.0,115589300
2021-01-29,2.395085096359253,3.0199999809265137,0.0,3.0999999046325684,3.0,3.0799999237060547,0.0,97515700
2021-02-01,2.4426701068878174,3.0799999237060547,0.0,3.0799999237060547,3.0,3.0199999809265137,0.0,51114700
2021-02-02,2.458531141281128,3.0999999046325684,0.0,3.1600000858306885,3.0799999237060547,3.0999999046325684,0.0,65526900
2021-02-03,2.474392890930176,3.119999885559082,0.0,3.180000066757202,3.0999999046325684,3.140000104904175,0.0,111515100
2021-02-04,2.537838935852051,3.200000047683716,0.0,3.2200000286102295,3.119999885559082,3.119999885559082,0.0,191537000
2021-02-05,2.5061159133911133,3.1600000858306885,0.0,3.240000009536743,3.140000104904175,3.2200000286102295,0.0,174154900
2021-02-08,2.6012845039367676,3.2799999713897705,0.0,3.2799999713897705,3.1600000858306885,3.1600000858306885,0.0,215275100
2021-02-09,2.648869037628174,3.3399999141693115,0.0,3.440000057220459,3.259999990463257,3.299999952316284,0.0,270866200
2021-02-10,2.648869037628174,3.3399999141693115,0.0,3.359999895095825,3.299999952316284,3.3399999141693115,0.0,76926000
2021-02-11,2.6012845039367676,3.2799999713897705,0.0,3.359999895095825,3.259999990463257,3.359999895095825,0.0,81336600
2021-02-15,2.6171464920043945,3.299999952316284,0.0,3.359999895095825,3.259999990463257,3.2799999713897705,0.0,112725100
2021-02-16,2.6330080032348633,3.319999933242798,0.0,3.319999933242798,3.2799999713897705,3.299999952316284,0.0,47604900
2021-02-17,2.5695619583129883,3.240000009536743,0.0,3.3399999141693115,3.2200000286102295,3.319999933242798,0.0,75871400
2021-02-18,2.521977186203003,3.180000066757202,0.0,3.259999990463257,3.180000066757202,3.240000009536743,0.0,47886500
2021-02-19,2.4902546405792236,3.140000104904175,0.0,3.2200000286102295,3.140000104904175,3.1600000858306885,0.0,76286400
2021-02-22,2.458531141281128,3.0999999046325684,0.0,3.200000047683716,3.0799999237060547,3.1600000858306885,0.0,86239700
2021-02-23,2.521977186203003,3.180000066757202,0.0,3.180000066757202,3.0999999046325684,3.0999999046325684,0.0,71431000
2021-02-24,2.521977186203003,3.180000066757202,0.0,3.2200000286102295,3.140000104904175,3.200000047683716,0.0,47241900
2021-02-25,2.537838935852051,3.200000047683716,0.0,3.259999990463257,3.180000066757202,3.200000047683716,0.0,57735100
2021-03-01,2.537838935852051,3.200000047683716,0.0,3.299999952316284,3.140000104904175,3.1600000858306885,0.0,95187700
2021-03-02,2.6012845039367676,3.2799999713897705,0.0,3.3399999141693115,3.259999990463257,3.2799999713897705,0.0,74820600
2021-03-03,2.6012845039367676,3.2799999713897705,0.0,3.3399999141693115,3.259999990463257,3.299999952316284,0.0,41377400
2021-03-04,2.585423231124878,3.259999990463257,0.0,3.319999933242798,3.240000009536743,3.2799999713897705,0.0,67703100
2021-03-05,2.6012845039367676,3.2799999713897705,0.0,3.319999933242798,3.240000009536743,3.259999990463257,0.0,106878200
2021-03-08,2.6012845039367676,3.2799999713897705,0.0,3.3399999141693115,3.2799999713897705,3.319999933242798,0.0,50475400
2021-03-09,2.775761365890503,3.5,0.0,3.5199999809265137,3.299999952316284,3.299999952316284,0.0,354512500
2021-03-10,2.7440383434295654,3.4600000381469727,0.0,3.5199999809265137,3.4200000762939453,3.4800000190734863,0.0,193946400
2021-03-11,2.759899854660034,3.4800000190734863,0.0,3.5199999809265137,3.4000000953674316,3.4600000381469727,0.0,127935000
2021-03-12,2.7440383434295654,3.4600000381469727,0.0,3.559999942779541,3.4000000953674316,3.4600000381469727,0.0,184067700
2021-03-15,2.728177070617676,3.440000057220459,0.0,3.5399999618530273,3.4200000762939453,3.5,0.0,77439600
2021-03-16,2.82334566116333,3.559999942779541,0.0,3.5799999237060547,3.4600000381469727,3.4800000190734863,0.0,204470800
2021-03-17,2.7916228771209717,3.5199999809265137,0.0,3.559999942779541,3.5,3.5399999618530273,0.0,106860200
2021-03-18,2.839207410812378,3.5799999237060547,0.0,3.640000104904175,3.5399999618530273,3.559999942779541,0.0,164708800
2021-03-19,2.839207410812378,3.5799999237060547,0.0,3.5999999046325684,3.5199999809265137,3.559999942779541,0.0,64206500
2021-03-22,2.8709304332733154,3.619999885559082,0.0,3.6600000858306885,3.5799999237060547,3.5999999046325684,0.0,126648200
2021-03-23,2.82334566116333,3.559999942779541,0.0,3.6600000858306885,3.5399999618530273,3.640000104904175,0.0,74026700
2021-03-24,2.82334566116333,3.559999942779541,0.0,3.5799999237060547,3.5399999618530273,3.559999942779541,0.0,64602100
2021-03-25,2.775761365890503,3.5,0.0,3.5799999237060547,3.5,3.5799999237060547,0.0,89440000
2021-03-26,2.759899854660034,3.4800000190734863,0.0,3.559999942779541,3.4600000381469727,3.5199999809265137,0.0,115012700
2021-03-29,2.759899854660034,3.4800000190734863,0.0,3.5399999618530273,3.4600000381469727,3.5399999618530273,0.0,52575600
2021-03-30,2.7440383434295654,3.4600000381469727,0.0,3.5,3.440000057220459,3.4800000190734863,0.0,61016400
2021-03-31,2.759899854660034,3.4800000190734863,0.0,3.5199999809265137,3.440000057220459,3.4800000190734863,0.0,129470900
2021-04-01,2.7440383434295654,3.4600000381469727,0.0,3.5,3.440000057220459,3.4800000190734863,0.0,73260000
2021-04-02,2.728177070617676,3.440000057220459,0.0,3.5,3.4200000762939453,3.4600000381469727,0.0,99490700
2021-04-05,2.6964540481567383,3.4000000953674316,0.0,3.4600000381469727,3.4000000953674316,3.440000057220459,0.0,65279000
2021-04-07,2.648869037628174,3.3399999141693115,0.0,3.4000000953674316,3.299999952316284,3.380000114440918,0.0,115083800
2021-04-08,2.6330080032348633,3.319999933242798,0.0,3.359999895095825,3.2200000286102295,3.3399999141693115,0.0,148292000
2021-04-09,2.6171464920043945,3.299999952316284,0.0,3.359999895095825,3.2799999713897705,3.319999933242798,0.0,54644800
2021-04-12,2.5537006855010986,3.2200000286102295,0.0,3.299999952316284,3.200000047683716,3.2799999713897705,0.0,93542100
2021-04-16,2.537838935852051,3.200000047683716,0.0,3.2200000286102295,3.119999885559082,3.180000066757202,0.0,109891000
2021-04-19,2.6012845039367676,3.2799999713897705,0.0,3.319999933242798,3.2200000286102295,3.2200000286102295,0.0,93324100
2021-04-20,2.648869037628174,3.3399999141693115,0.0,3.380000114440918,3.299999952316284,3.299999952316284,0.0,59525700
2021-04-21,2.6330080032348633,3.319999933242798,0.0,3.359999895095825,3.299999952316284,3.3399999141693115,0.0,37231900
2021-04-22,2.585423231124878,3.259999990463257,0.0,3.359999895095825,3.2200000286102295,3.3399999141693115,0.0,70402100
2021-04-23,2.585423231124878,3.259999990463257,0.0,3.319999933242798,3.2200000286102295,3.240000009536743,0.0,56702200
2021-04-26,2.5695619583129883,3.240000009536743,0.0,3.259999990463257,3.200000047683716,3.240000009536743,0.0,73592000
2021-04-27,2.5695619583129883,3.240000009536743,0.0,3.2799999713897705,3.2200000286102295,3.240000009536743,0.0,46026800
2021-04-28,2.585423231124878,3.259999990463257,0.0,3.299999952316284,3.240000009536743,3.259999990463257,0.0,35762500
2021-04-29,2.6964540481567383,3.4000000953674316,0.0,3.440000057220459,3.299999952316284,3.299999952316284,0.0,183792100
2021-04-30,2.6805925369262695,3.380000114440918,0.0,3.440000057220459,3.3399999141693115,3.4200000762939453,0.0,120150500
2021-05-05,2.6012845039367676,3.2799999713897705,0.0,3.4000000953674316,3.2799999713897705,3.4000000953674316,0.0,120514600
2021-05-06,2.6330080032348633,3.319999933242798,0.0,3.3399999141693115,3.259999990463257,3.299999952316284,0.0,64014700
2021-05-07,2.652008533477783,3.2799999713897705,0.0635,3.319999933242798,3.259999990463257,3.2799999713897705,0.0,54533700
2021-05-10,2.668179512023926,3.299999952316284,0.0,3.319999933242798,3.259999990463257,3.2799999713897705,0.0,45608600
2021-05-11,2.6358377933502197,3.259999990463257,0.0,3.319999933242798,3.240000009536743,3.299999952316284,0.0,72332700
2021-05-12,2.5549838542938232,3.1600000858306885,0.0,3.259999990463257,3.119999885559082,3.240000009536743,0.0,147681300
2021-05-13,2.506471633911133,3.0999999046325684,0.0,3.1600000858306885,3.0199999809265137,3.0999999046325684,0.0,183384800
2021-05-14,2.4903011322021484,3.0799999237060547,0.0,3.140000104904175,3.0199999809265137,3.0999999046325684,0.0,116054400
2021-05-17,2.4903011322021484,3.0799999237060547,0.0,3.119999885559082,3.0,3.059999942779541,0.0,114698100
2021-05-18,2.4417881965637207,3.0199999809265137,0.0,3.1600000858306885,3.0199999809265137,3.119999885559082,0.0,337993300
2021-05-19,2.4417881965637207,3.0199999809265137,0.0,3.0399999618530273,2.9800000190734863,3.0399999618530273,0.0,320178500
2021-05-20,2.506471633911133,3.0999999046325684,0.0,3.0999999046325684,2.9800000190734863,3.0199999809265137,0.0,188464700
2021-05-21,2.4579594135284424,3.0399999618530273,0.0,3.119999885559082,3.0399999618530273,3.119999885559082,0.0,74273000
2021-05-24,2.4579594135284424,3.0399999618530273,0.0,3.0799999237060547,3.0199999809265137,3.059999942779541,0.0,63101900
2021-05-25,2.4579594135284424,3.0399999618530273,0.0,3.0799999237060547,3.0399999618530273,3.059999942779541,0.0,54394500
2021-05-27,2.506471633911133,3.0999999046325684,0.0,3.119999885559082,3.0399999618530273,3.059999942779541,0.0,132181600
2021-05-28,2.4903011322021484,3.0799999237060547,0.0,3.119999885559082,3.059999942779541,3.119999885559082,0.0,88971700
2021-05-31,2.506471633911133,3.0999999046325684,0.0,3.119999885559082,3.059999942779541,3.0799999237060547,0.0,74162200
2021-06-01,2.5873255729675293,3.200000047683716,0.0,3.259999990463257,3.0999999046325684,3.119999885559082,0.0,297075400
2021-06-02,2.668179512023926,3.299999952316284,0.0,3.319999933242798,3.240000009536743,3.2799999713897705,0.0,213481600
2021-06-04,2.6358377933502197,3.259999990463257,0.0,3.299999952316284,3.240000009536743,3.259999990463257,0.0,91943500
2021-06-07,2.6358377933502197,3.259999990463257,0.0,3.299999952316284,3.2200000286102295,3.299999952316284,0.0,78508500
2021-06-08,2.6196672916412354,3.240000009536743,0.0,3.2799999713897705,3.2200000286102295,3.2799999713897705,0.0,50655400
2021-06-09,2.6843502521514893,3.319999933242798,0.0,3.3399999141693115,3.240000009536743,3.240000009536743,0.0,127750900
2021-06-10,2.668179512023926,3.299999952316284,0.0,3.4000000953674316,3.299999952316284,3.380000114440918,0.0,183982300
2021-06-11,2.668179512023926,3.299999952316284,0.0,3.3399999141693115,3.299999952316284,3.319999933242798,0.0,42141400
2021-06-14,2.652008533477783,3.2799999713897705,0.0,3.3399999141693115,3.2799999713897705,3.299999952316284,0.0,34144100
2021-06-15,2.652008533477783,3.2799999713897705,0.0,3.319999933242798,3.259999990463257,3.2799999713897705,0.0,56852100
2021-06-16,2.716691493988037,3.359999895095825,0.0,3.359999895095825,3.2799999713897705,3.2799999713897705,0.0,129083600
2021-06-17,2.732862710952759,3.380000114440918,0.0,3.440000057220459,3.359999895095825,3.4000000953674316,0.0,204002800
2021-06-18,2.6843502521514893,3.319999933242798,0.0,3.4200000762939453,3.319999933242798,3.4000000953674316,0.0,84180200
2021-06-21,2.7005205154418945,3.3399999141693115,0.0,3.359999895095825,3.259999990463257,3.2799999713897705,0.0,89554100
2021-06-22,2.716691493988037,3.359999895095825,0.0,3.4200000762939453,3.3399999141693115,3.359999895095825,0.0,110476500
2021-06-23,2.668179512023926,3.299999952316284,0.0,3.4000000953674316,3.2799999713897705,3.380000114440918,0.0,74222600
2021-06-24,2.652008533477783,3.2799999713897705,0.0,3.299999952316284,3.200000047683716,3.2799999713897705,0.0,87570000
2021-06-25,2.6034963130950928,3.2200000286102295,0.0,3.299999952316284,3.200000047683716,3.2799999713897705,0.0,67234800
2021-06-28,2.6034963130950928,3.2200000286102295,0.0,3.240000009536743,3.1600000858306885,3.180000066757202,0.0,56013900
2021-06-29,2.6196672916412354,3.240000009536743,0.0,3.259999990463257,3.200000047683716,3.200000047683716,0.0,53387600
2021-06-30,2.5873255729675293,3.200000047683716,0.0,3.299999952316284,3.1600000858306885,3.240000009536743,0.0,122327100
2021-07-01,2.6034963130950928,3.2200000286102295,0.0,3.259999990463257,3.200000047683716,3.2200000286102295,0.0,27300200
2021-07-02,2.5873255729675293,3.200000047683716,0.0,3.259999990463257,3.1600000858306885,3.240000009536743,0.0,42961800
2021-07-05,2.538813352584839,3.140000104904175,0.0,3.200000047683716,3.140000104904175,3.180000066757202,0.0,40012300
2021-07-06,2.5711543560028076,3.180000066757202,0.0,3.2200000286102295,3.140000104904175,3.140000104904175,0.0,44507900
2021-07-07,2.538813352584839,3.140000104904175,0.0,3.200000047683716,3.119999885559082,3.180000066757202,0.0,47141000
2021-07-08,2.4579594135284424,3.0399999618530273,0.0,3.140000104904175,3.0199999809265137,3.0999999046325684,0.0,129265300
2021-07-09,2.4579594135284424,3.0399999618530273,0.0,3.0799999237060547,3.0,3.0199999809265137,0.0,106440500
2021-07-12,2.506471633911133,3.0999999046325684,0.0,3.119999885559082,3.0399999618530273,3.0799999237060547,0.0,37225600
2021-07-13,2.522642135620117,3.119999885559082,0.0,3.1600000858306885,3.0799999237060547,3.0999999046325684,0.0,51128100
2021-07-14,2.5873255729675293,3.200000047683716,0.0,3.200000047683716,3.0999999046325684,3.119999885559082,0.0,69050600
2021-07-15,2.5711543560028076,3.180000066757202,0.0,3.2200000286102295,3.119999885559082,3.200000047683716,0.0,43244900
2021-07-16,2.5873255729675293,3.200000047683716,0.0,3.2200000286102295,3.140000104904175,3.180000066757202,0.0,68756800
2021-07-19,2.538813352584839,3.140000104904175,0.0,3.180000066757202,3.140000104904175,3.1600000858306885,0.0,22841800
2021-07-20,2.4741299152374268,3.059999942779541,0.0,3.140000104904175,3.0399999618530273,3.119999885559082,0.0,71439400
2021-07-21,2.4741299152374268,3.059999942779541,0.0,3.0999999046325684,3.0399999618530273,3.0799999237060547,0.0,38987700
2021-07-22,2.522642135620117,3.119999885559082,0.0,3.119999885559082,3.059999942779541,3.0799999237060547,0.0,35390700
2021-07-23,2.4903011322021484,3.0799999237060547,0.0,3.119999885559082,3.059999942779541,3.0999999046325684,0.0,31339900
2021-07-27,2.4741299152374268,3.059999942779541,0.0,3.0999999046325684,3.059999942779541,3.0799999237060547,0.0,47875200
2021-07-29,2.4417881965637207,3.0199999809265137,0.0,3.0999999046325684,3.0199999809265137,3.0399999618530273,0.0,120358900
2021-07-30,2.4741299152374268,3.059999942779541,0.0,3.059999942779541,3.0,3.0199999809265137,0.0,74773300
2021-08-02,2.4579594135284424,3.0399999618530273,0.0,3.059999942779541,3.0,3.059999942779541,0.0,27655100
2021-08-03,2.4741299152374268,3.059999942779541,0.0,3.0999999046325684,3.0,3.0199999809265137,0.0,58896100
2021-08-04,2.4741299152374268,3.059999942779541,0.0,3.0999999046325684,3.0399999618530273,3.0799999237060547,0.0,27660100
2021-08-05,2.4579594135284424,3.0399999618530273,0.0,3.0799999237060547,3.0399999618530273,3.059999942779541,0.0,22018400
2021-08-06,2.4741299152374268,3.059999942779541,0.0,3.059999942779541,3.0199999809265137,3.059999942779541,0.0,17764700
2021-08-09,2.4903011322021484,3.0799999237060547,0.0,3.0999999046325684,3.0399999618530273,3.0399999618530273,0.0,20152100
2021-08-10,2.4741299152374268,3.059999942779541,0.0,3.0999999046325684,3.059999942779541,3.0799999237060547,0.0,29435700
2021-08-11,2.4579594135284424,3.0399999618530273,0.0,3.0999999046325684,3.0399999618530273,3.059999942779541,0.0,26032700
2021-08-13,2.4741299152374268,3.059999942779541,0.0,3.059999942779541,3.0199999809265137,3.059999942779541,0.0,30980200
2021-08-16,2.4741299152374268,3.059999942779541,0.0,3.0799999237060547,3.0199999809265137,3.0799999237060547,0.0,25044900
2021-08-17,2.4741299152374268,3.059999942779541,0.0,3.0799999237060547,3.0399999618530273,3.0399999618530273,0.0,45266400
2021-08-18,2.538813352584839,3.140000104904175,0.0,3.180000066757202,3.059999942779541,3.059999942779541,0.0,121207600
2021-08-19,2.522642135620117,3.119999885559082,0.0,3.140000104904175,3.0999999046325684,3.119999885559082,0.0,36426200
2021-08-20,2.538813352584839,3.140000104904175,0.0,3.1600000858306885,3.119999885559082,3.140000104904175,0.0,53370900
2021-08-23,2.6196672916412354,3.240000009536743,0.0,3.240000009536743,3.140000104904175,3.180000066757202,0.0,121471400
2021-08-24,2.5873255729675293,3.200000047683716,0.0,3.2799999713897705,3.1600000858306885,3.2799999713897705,0.0,131307300
2021-08-25,2.6034963130950928,3.2200000286102295,0.0,3.240000009536743,3.200000047683716,3.2200000286102295,0.0,38791500
2021-08-26,2.6034963130950928,3.2200000286102295,0.0,3.259999990463257,3.180000066757202,3.2200000286102295,0.0,73158200
2021-08-27,2.6034963130950928,3.2200000286102295,0.0,3.259999990463257,3.200000047683716,3.2200000286102295,0.0,67378200
2021-08-30,2.652008533477783,3.2799999713897705,0.0,3.319999933242798,3.240000009536743,3.240000009536743,0.0,98485300
2021-08-31,2.6358377933502197,3.259999990463257,0.0,3.2799999713897705,3.240000009536743,3.259999990463257,0.0,50557200
2021-09-01,2.5873255729675293,3.200000047683716,0.0,3.2799999713897705,3.200000047683716,3.259999990463257,0.0,82475600
2021-09-02,2.6034963130950928,3.2200000286102295,0.0,3.240000009536743,3.200000047683716,3.200000047683716,0.0,30734900
2021-09-03,2.5711543560028076,3.180000066757202,0.0,3.240000009536743,3.1600000858306885,3.240000009536743,0.0,63565500
2021-09-06,2.522642135620117,3.119999885559082,0.0,3.180000066757202,3.119999885559082,3.180000066757202,0.0,73399400
2021-09-07,2.538813352584839,3.140000104904175,0.0,3.1600000858306885,3.119999885559082,3.140000104904175,0.0,51363000
2021-09-08,2.522642135620117,3.119999885559082,0.0,3.180000066757202,3.0999999046325684,3.140000104904175,0.0,101949600
2021-09-09,2.506471633911133,3.0999999046325684,0.0,3.1600000858306885,3.0999999046325684,3.140000104904175,0.0,38504300
2021-09-10,2.506471633911133,3.0999999046325684,0.0,3.119999885559082,3.0799999237060547,3.119999885559082,0.0,28086500
2021-09-13,2.538813352584839,3.140000104904175,0.0,3.1600000858306885,3.0799999237060547,3.0999999046325684,0.0,31757100
2021-09-14,2.5549838542938232,3.1600000858306885,0.0,3.1600000858306885,3.119999885559082,3.1600000858306885,0.0,44983900
2021-09-15,2.652008533477783,3.2799999713897705,0.0,3.2799999713897705,3.1600000858306885,3.180000066757202,0.0,202124000
2021-09-16,2.6358377933502197,3.259999990463257,0.0,3.299999952316284,3.240000009536743,3.299999952316284,0.0,84052400
2021-09-17,2.6196672916412354,3.240000009536743,0.0,3.2799999713897705,3.180000066757202,3.2799999713897705,0.0,90862000
2021-09-20,2.5873255729675293,3.200000047683716,0.0,3.259999990463257,3.180000066757202,3.2200000286102295,0.0,52185400
2021-09-21,2.6196672916412354,3.240000009536743,0.0,3.259999990463257,3.1600000858306885,3.180000066757202,0.0,44831700
2021-09-22,2.6358377933502197,3.259999990463257,0.0,3.2799999713897705,3.2200000286102295,3.240000009536743,0.0,49625600
2021-09-23,2.6358377933502197,3.259999990463257,0.0,3.2799999713897705,3.240000009536743,3.2799999713897705,0.0,42741100
2021-09-27,2.5873255729675293,3.200000047683716,0.0,3.299999952316284,3.180000066757202,3.299999952316284,0.0,100058600
2021-09-28,2.5711543560028076,3.180000066757202,0.0,3.2200000286102295,3.1600000858306885,3.2200000286102295,0.0,86831600
2021-09-29,2.5873255729675293,3.200000047683716,0.0,3.2799999713897705,3.180000066757202,3.180000066757202,0.0,127405500
2021-09-30,2.522642135620117,3.119999885559082,0.0,3.240000009536743,3.0999999046325684,3.240000009536743,0.0,168705700
2021-10-01,2.5549838542938232,3.1600000858306885,0.0,3.200000047683716,3.0999999046325684,3.0999999046325684,0.0,83460100
2021-10-04,2.6034963130950928,3.2200000286102295,0.0,3.259999990463257,3.180000066757202,3.180000066757202,0.0,157422600
2021-10-05,2.668179512023926,3.299999952316284,0.0,3.319999933242798,3.200000047683716,3.2200000286102295,0.0,173552000
2021-10-06,2.668179512023926,3.299999952316284,0.0,3.380000114440918,3.2799999713897705,3.299999952316284,0.0,333444600
2021-10-07,2.652008533477783,3.2799999713897705,0.0,3.3399999141693115,3.2799999713897705,3.299999952316284,0.0,94691800
2021-10-08,2.668179512023926,3.299999952316284,0.0,3.3399999141693115,3.2799999713897705,3.299999952316284,0.0,82464300
2021-10-11,2.652008533477783,3.2799999713897705,0.0,3.3399999141693115,3.259999990463257,3.319999933242798,0.0,90893600
2021-10-12,2.7652041912078857,3.4200000762939453,0.0,3.4200000762939453,3.319999933242798,3.3399999141693115,0.0,404836400
2021-10-14,2.7652041912078857,3.4200000762939453,0.0,3.4600000381469727,3.380000114440918,3.440000057220459,0.0,157384700
2021-10-15,2.7490339279174805,3.4000000953674316,0.0,3.440000057220459,3.4000000953674316,3.4200000762939453,0.0,97538200
2021-10-18,2.732862710952759,3.380000114440918,0.0,3.4200000762939453,3.359999895095825,3.4000000953674316,0.0,91892400
2021-10-19,2.7005205154418945,3.3399999141693115,0.0,3.4600000381469727,3.299999952316284,3.4000000953674316,0.0,171776600
2021-10-20,2.732862710952759,3.380000114440918,0.0,3.4000000953674316,3.3399999141693115,3.3399999141693115,0.0,95512600
2021-10-21,2.7005205154418945,3.3399999141693115,0.0,3.4200000762939453,3.3399999141693115,3.4000000953674316,0.0,85545600
2021-10-25,2.7490339279174805,3.4000000953674316,0.0,3.440000057220459,3.359999895095825,3.380000114440918,0.0,144440100
2021-10-26,2.716691493988037,3.359999895095825,0.0,3.440000057220459,3.359999895095825,3.4000000953674316,0.0,96766100
2021-10-27,2.716691493988037,3.359999895095825,0.0,3.4200000762939453,3.3399999141693115,3.359999895095825,0.0,108637700
2021-10-28,2.732862710952759,3.380000114440918,0.0,3.4000000953674316,3.3399999141693115,3.359999895095825,0.0,51746200
2021-10-29,2.732862710952759,3.380000114440918,0.0,3.4200000762939453,3.359999895095825,3.380000114440918,0.0,53306100
2021-11-01,2.7490339279174805,3.4000000953674316,0.0,3.440000057220459,3.359999895095825,3.380000114440918,0.0,150531500
2021-11-02,2.781374931335449,3.440000057220459,0.0,3.4800000190734863,3.4000000953674316,3.4000000953674316,0.0,238306100
2021-11-03,2.732862710952759,3.380000114440918,0.0,3.4600000381469727,3.359999895095825,3.440000057220459,0.0,112243000
2021-11-04,2.732862710952759,3.380000114440918,0.0,3.4000000953674316,3.359999895095825,3.380000114440918,0.0,23211400
2021-11-05,2.732862710952759,3.380000114440918,0.0,3.4200000762939453,3.380000114440918,3.4000000953674316,0.0,51379000
2021-11-08,2.7652041912078857,3.4200000762939453,0.0,3.440000057220459,3.380000114440918,3.380000114440918,0.0,59021300
2021-11-09,2.7652041912078857,3.4200000762939453,0.0,3.440000057220459,3.4000000953674316,3.4200000762939453,0.0,41325200
2021-11-10,2.813716173171997,3.4800000190734863,0.0,3.5,3.4000000953674316,3.4200000762939453,0.0,156132400
2021-11-11,2.7652041912078857,3.4200000762939453,0.0,3.4800000190734863,3.4200000762939453,3.4800000190734863,0.0,67061200
2021-11-12,2.781374931335449,3.440000057220459,0.0,3.5,3.4200000762939453,3.440000057220459,0.0,65388600
2021-11-15,2.781374931335449,3.440000057220459,0.0,3.4600000381469727,3.4200000762939453,3.4200000762939453,0.0,32140800
2021-11-16,2.8298869132995605,3.5,0.0,3.5799999237060547,3.440000057220459,3.440000057220459,0.0,157226500
2021-11-17,2.8298869132995605,3.5,0.0,3.5199999809265137,3.4200000762939453,3.5,0.0,154596300
2021-11-18,2.910741090774536,3.5999999046325684,0.0,3.5999999046325684,3.5,3.5,0.0,138990400
2021-11-19,2.9915950298309326,3.700000047683716,0.0,3.7799999713897705,3.5799999237060547,3.619999885559082,0.0,347105100
2021-11-22,2.975424289703369,3.680000066757202,0.0,3.740000009536743,3.640000104904175,3.7200000286102295,0.0,100051200
2021-11-23,2.926912307739258,3.619999885559082,0.0,3.700000047683716,3.5799999237060547,3.680000066757202,0.0,90889400
2021-11-24,2.926912307739258,3.619999885559082,0.0,3.6600000858306885,3.5999999046325684,3.619999885559082,0.0,46693400
2021-11-25,2.964951515197754,3.640000104904175,0.0267,3.700000047683716,3.619999885559082,3.619999885559082,0.0,109380500
2021-11-26,2.802042007446289,3.440000057220459,0.0,3.619999885559082,3.4200000762939453,3.5999999046325684,0.0,245291800
2021-11-29,2.7205870151519775,3.3399999141693115,0.0,3.4600000381469727,3.319999933242798,3.440000057220459,0.0,154639700
2021-11-30,2.6717143058776855,3.2799999713897705,0.0,3.4200000762939453,3.259999990463257,3.4000000953674316,0.0,207704200
2021-12-01,2.7857513427734375,3.4200000762939453,0.0,3.440000057220459,3.259999990463257,3.299999952316284,0.0,169651800
2021-12-02,2.769460439682007,3.4000000953674316,0.0,3.4000000953674316,3.3399999141693115,3.380000114440918,0.0,65012400
2021-12-03,2.736877918243408,3.359999895095825,0.0,3.4000000953674316,3.359999895095825,3.4000000953674316,0.0,31224100
2021-12-07,2.802042007446289,3.440000057220459,0.0,3.440000057220459,3.380000114440918,3.4000000953674316,0.0,57695600
2021-12-08,2.818333148956299,3.4600000381469727,0.0,3.5199999809265137,3.4000000953674316,3.4600000381469727,0.0,75421300
2021-12-09,2.850914716720581,3.5,0.0,3.5,3.440000057220459,3.440000057220459,0.0,83803700
2021-12-13,2.850914716720581,3.5,0.0,3.5399999618530273,3.4800000190734863,3.5199999809265137,0.0,41319600
2021-12-14,2.8346235752105713,3.4800000190734863,0.0,3.5,3.4600000381469727,3.4800000190734863,0.0,30991800
2021-12-15,2.9323694705963135,3.5999999046325684,0.0,3.5999999046325684,3.4800000190734863,3.5,0.0,133616600
2021-12-16,2.916078567504883,3.5799999237060547,0.0,3.619999885559082,3.5399999618530273,3.619999885559082,0.0,75983000
2021-12-17,2.8997879028320312,3.559999942779541,0.0,3.5999999046325684,3.5399999618530273,3.5799999237060547,0.0,48887900
2021-12-20,2.802042007446289,3.440000057220459,0.0,3.5399999618530273,3.440000057220459,3.5199999809265137,0.0,94950300
2021-12-21,2.7857513427734375,3.4200000762939453,0.0,3.5199999809265137,3.4200000762939453,3.4800000190734863,0.0,74925000
2021-12-22,2.802042007446289,3.440000057220459,0.0,3.440000057220459,3.4000000953674316,3.440000057220459,0.0,62871600
2021-12-23,2.8346235752105713,3.4800000190734863,0.0,3.5,3.440000057220459,3.4600000381469727,0.0,85125200
2021-12-24,2.7857513427734375,3.4200000762939453,0.0,3.4800000190734863,3.4000000953674316,3.4800000190734863,0.0,47049200
2021-12-27,2.818333148956299,3.4600000381469727,0.0,3.4800000190734863,3.4200000762939453,3.440000057220459,0.0,25473400
2021-12-28,2.818333148956299,3.4600000381469727,0.0,3.5,3.440000057220459,3.4800000190734863,0.0,85209800
2021-12-29,2.8346235752105713,3.4800000190734863,0.0,3.5199999809265137,3.4200000762939453,3.4600000381469727,0.0,82053700
2021-12-30,2.8672056198120117,3.5199999809265137,0.0,3.5799999237060547,3.4800000190734863,3.5,0.0,76086700
2022-01-04,2.8997879028320312,3.559999942779541,0.0,3.5799999237060547,3.5199999809265137,3.5399999618530273,0.0,71918600
2022-01-05,2.8834965229034424,3.5399999618530273,0.0,3.5999999046325684,3.5399999618530273,3.5799999237060547,0.0,37157800
2022-01-06,2.8346235752105713,3.4800000190734863,0.0,3.5399999618530273,3.4600000381469727,3.5399999618530273,0.0,70335900
2022-01-07,2.802042007446289,3.440000057220459,0.0,3.5,3.4200000762939453,3.4800000190734863,0.0,55655700
2022-01-10,2.802042007446289,3.440000057220459,0.0,3.4800000190734863,3.4000000953674316,3.4200000762939453,0.0,43896300
2022-01-11,2.769460439682007,3.4000000953674316,0.0,3.440000057220459,3.359999895095825,3.440000057220459,0.0,142365900
2022-01-12,2.769460439682007,3.4000000953674316,0.0,3.4200000762939453,3.359999895095825,3.4000000953674316,0.0,141853700
2022-01-13,2.769460439682007,3.4000000953674316,0.0,3.4200000762939453,3.359999895095825,3.4000000953674316,0.0,85138300
2022-01-14,2.753169298171997,3.380000114440918,0.0,3.4200000762939453,3.380000114440918,3.4200000762939453,0.0,43524700
2022-01-17,2.736877918243408,3.359999895095825,0.0,3.4000000953674316,3.3399999141693115,3.380000114440918,0.0,79932100
2022-01-18,2.736877918243408,3.359999895095825,0.0,3.440000057220459,3.359999895095825,3.359999895095825,0.0,108465500
2022-01-19,2.736877918243408,3.359999895095825,0.0,3.4200000762939453,3.359999895095825,3.380000114440918,0.0,87769500
2022-01-20,2.802042007446289,3.440000057220459,0.0,3.4600000381469727,3.380000114440918,3.380000114440918,0.0,145040600
2022-01-21,2.818333148956299,3.4600000381469727,0.0,3.4800000190734863,3.380000114440918,3.4600000381469727,0.0,176297600
2022-01-24,2.769460439682007,3.4000000953674316,0.0,3.4600000381469727,3.380000114440918,3.440000057220459,0.0,68106700
2022-01-25,2.753169298171997,3.380000114440918,0.0,3.4000000953674316,3.3399999141693115,3.380000114440918,0.0,70454200
2022-01-26,2.769460439682007,3.4000000953674316,0.0,3.4200000762939453,3.359999895095825,3.4000000953674316,0.0,51949800
2022-01-27,2.753169298171997,3.380000114440918,0.0,3.4000000953674316,3.319999933242798,3.380000114440918,0.0,82294100
2022-01-28,2.753169298171997,3.380000114440918,0.0,3.4200000762939453,3.380000114440918,3.4000000953674316,0.0,23866200
2022-01-31,2.7857513427734375,3.4200000762939453,0.0,3.440000057220459,3.380000114440918,3.4000000953674316,0.0,57709900
2022-02-01,2.802042007446289,3.440000057220459,0.0,3.4600000381469727,3.4200000762939453,3.4200000762939453,0.0,58590400
2022-02-02,2.7857513427734375,3.4200000762939453,0.0,3.440000057220459,3.380000114440918,3.440000057220459,0.0,55397300
2022-02-03,2.8672056198120117,3.5199999809265137,0.0,3.559999942779541,3.4600000381469727,3.4600000381469727,0.0,204113200
2022-02-04,2.8346235752105713,3.4800000190734863,0.0,3.5399999618530273,3.4800000190734863,3.5,0.0,60004100
2022-02-07,2.818333148956299,3.4600000381469727,0.0,3.5199999809265137,3.440000057220459,3.5,0.0,41146700
2022-02-08,2.850914716720581,3.5,0.0,3.5399999618530273,3.4600000381469727,3.4600000381469727,0.0,89244500
2022-02-09,2.850914716720581,3.5,0.0,3.559999942779541,3.4600000381469727,3.5,0.0,121656300
2022-02-10,2.8672056198120117,3.5199999809265137,0.0,3.559999942779541,3.5,3.5199999809265137,0.0,89452600
2022-02-11,2.8672056198120117,3.5199999809265137,0.0,3.559999942779541,3.5,3.5,0.0,84336800
2022-02-14,2.8346235752105713,3.4800000190734863,0.0,3.5199999809265137,3.4600000381469727,3.4800000190734863,0.0,56501000
2022-02-15,2.8834965229034424,3.5399999618530273,0.0,3.5399999618530273,3.4800000190734863,3.4800000190734863,0.0,40628000
2022-02-17,2.9812424182891846,3.6600000858306885,0.0,3.680000066757202,3.5799999237060547,3.5999999046325684,0.0,263957600
2022-02-18,2.964951515197754,3.640000104904175,0.0,3.6600000858306885,3.5999999046325684,3.640000104904175,0.0,82744700
2022-02-21,2.8672056198120117,3.5199999809265137,0.0,3.6600000858306885,3.5199999809265137,3.640000104904175,0.0,120320800
2022-02-22,2.8346235752105713,3.4800000190734863,0.0,3.4800000190734863,3.4200000762939453,3.440000057220459,0.0,125029900
2022-02-23,2.8346235752105713,3.4800000190734863,0.0,3.5,3.440000057220459,3.5,0.0,64325800
2022-02-24,2.753169298171997,3.380000114440918,0.0,3.4600000381469727,3.3399999141693115,3.440000057220459,0.0,196139400
2022-02-25,2.769460439682007,3.4000000953674316,0.0,3.4200000762939453,3.359999895095825,3.4200000762939453,0.0,76267800
2022-02-28,2.769460439682007,3.4000000953674316,0.0,3.4200000762939453,3.3399999141693115,3.380000114440918,0.0,48841000
2022-03-01,2.802042007446289,3.440000057220459,0.0,3.440000057220459,3.380000114440918,3.4200000762939453,0.0,79699200
2022-03-02,2.753169298171997,3.380000114440918,0.0,3.4200000762939453,3.380000114440918,3.4200000762939453,0.0,58116400
2022-03-03,2.802042007446289,3.440000057220459,0.0,3.4600000381469727,3.4000000953674316,3.4000000953674316,0.0,63861600
2022-03-04,2.753169298171997,3.380000114440918,0.0,3.4200000762939453,3.380000114440918,3.4000000953674316,0.0,63634400
2022-03-07,2.6717143058776855,3.2799999713897705,0.0,3.359999895095825,3.259999990463257,3.3399999141693115,0.0,174803100
2022-03-08,2.606550931930542,3.200000047683716,0.0,3.299999952316284,3.059999942779541,3.259999990463257,0.0,223451800
2022-03-09,2.688005208969116,3.299999952316284,0.0,3.299999952316284,3.200000047683716,3.2200000286102295,0.0,121650800
2022-03-10,2.704296350479126,3.319999933242798,0.0,3.359999895095825,3.2799999713897705,3.319999933242798,0.0,112106300
2022-03-11,2.704296350479126,3.319999933242798,0.0,3.3399999141693115,3.259999990463257,3.299999952316284,0.0,32801200
2022-03-14,2.6717143058776855,3.2799999713897705,0.0,3.3399999141693115,3.2799999713897705,3.3399999141693115,0.0,39634900
2022-03-15,2.655423402786255,3.259999990463257,0.0,3.319999933242798,3.259999990463257,3.2799999713897705,0.0,68212200
2022-03-16,2.704296350479126,3.319999933242798,0.0,3.380000114440918,3.2799999713897705,3.2799999713897705,0.0,80842900
2022-03-17,2.7205870151519775,3.3399999141693115,0.0,3.4000000953674316,3.3399999141693115,3.380000114440918,0.0,37531300
2022-03-18,2.704296350479126,3.319999933242798,0.0,3.380000114440918,3.319999933242798,3.3399999141693115,0.0,100235400
2022-03-21,2.736877918243408,3.359999895095825,0.0,3.380000114440918,3.3399999141693115,3.359999895095825,0.0,28466300
2022-03-22,2.769460439682007,3.4000000953674316,0.0,3.4000000953674316,3.3399999141693115,3.359999895095825,0.0,36813600
2022-03-23,2.736877918243408,3.359999895095825,0.0,3.4200000762939453,3.359999895095825,3.4200000762939453,0.0,26401200
2022-03-24,2.753169298171997,3.380000114440918,0.0,3.4000000953674316,3.359999895095825,3.359999895095825,0.0,11298400
2022-03-25,2.7205870151519775,3.3399999141693115,0.0,3.4000000953674316,3.3399999141693115,3.380000114440918,0.0,19632800
2022-03-28,2.753169298171997,3.380000114440918,0.0,3.380000114440918,3.3399999141693115,3.3399999141693115,0.0,17092100
2022-03-29,2.736877918243408,3.359999895095825,0.0,3.4000000953674316,3.359999895095825,3.380000114440918,0.0,38646900
2022-03-30,2.753169298171997,3.380000114440918,0.0,3.4000000953674316,3.359999895095825,3.380000114440918,0.0,29855200
2022-03-31,2.753169298171997,3.380000114440918,0.0,3.4200000762939453,3.359999895095825,3.4000000953674316,0.0,25904300
2022-04-01,2.753169298171997,3.380000114440918,0.0,3.4200000762939453,3.359999895095825,3.380000114440918,0.0,24653300
2022-04-04,2.753169298171997,3.380000114440918,0.0,3.4200000762939453,3.359999895095825,3.380000114440918,0.0,18184600
2022-04-05,2.753169298171997,3.380000114440918,0.0,3.4000000953674316,3.359999895095825,3.380000114440918,0.0,19551900
2022-04-07,2.704296350479126,3.319999933242798,0.0,3.380000114440918,3.319999933242798,3.380000114440918,0.0,31348900
2022-04-08,2.736877918243408,3.359999895095825,0.0,3.359999895095825,3.319999933242798,3.319999933242798,0.0,16796700
2022-04-11,2.688005208969116,3.299999952316284,0.0,3.359999895095825,3.299999952316284,3.3399999141693115,0.0,22930300
2022-04-12,2.704296350479126,3.319999933242798,0.0,3.319999933242798,3.2799999713897705,3.299999952316284,0.0,23637000
2022-04-18,2.736877918243408,3.359999895095825,0.0,3.359999895095825,3.299999952316284,3.319999933242798,0.0,36860100
2022-04-19,2.736877918243408,3.359999895095825,0.0,3.380000114440918,3.3399999141693115,3.359999895095825,0.0,26463600
2022-04-20,2.7205870151519775,3.3399999141693115,0.0,3.359999895095825,3.319999933242798,3.359999895095825,0.0,32293900
2022-04-21,2.7205870151519775,3.3399999141693115,0.0,3.380000114440918,3.3399999141693115,3.359999895095825,0.0,24900500
2022-04-22,2.769460439682007,3.4000000953674316,0.0,3.4000000953674316,3.319999933242798,3.3399999141693115,0.0,49737500
2022-04-25,2.736877918243408,3.359999895095825,0.0,3.380000114440918,3.319999933242798,3.359999895095825,0.0,30152200
2022-04-26,2.753169298171997,3.380000114440918,0.0,3.4000000953674316,3.359999895095825,3.380000114440918,0.0,66184000
2022-04-27,2.736877918243408,3.359999895095825,0.0,3.4000000953674316,3.319999933242798,3.380000114440918,0.0,37424800
2022-04-28,2.7205870151519775,3.3399999141693115,0.0,3.380000114440918,3.319999933242798,3.3399999141693115,0.0,17023900
2022-04-29,2.736877918243408,3.359999895095825,0.0,3.4000000953674316,3.3399999141693115,3.359999895095825,0.0,31039500
2022-05-03,2.655423402786255,3.259999990463257,0.0,3.380000114440918,3.259999990463257,3.380000114440918,0.0,94203300
2022-05-05,2.6500067710876465,3.180000066757202,0.0735,3.259999990463257,3.1600000858306885,3.240000009536743,0.0,62202800
2022-05-06,2.5666732788085938,3.0799999237060547,0.0,3.140000104904175,3.059999942779541,3.140000104904175,0.0,162527400
2022-05-09,2.5166728496551514,3.0199999809265137,0.0,3.059999942779541,3.0,3.0399999618530273,0.0,69044900
2022-05-10,2.550006628036499,3.059999942779541,0.0,3.0799999237060547,2.9800000190734863,3.0,0.0,82879400
2022-05-11,2.5166728496551514,3.0199999809265137,0.0,3.0799999237060547,3.0199999809265137,3.059999942779541,0.0,45375500
2022-05-12,2.5333399772644043,3.0399999618530273,0.0,3.059999942779541,3.0,3.0199999809265137,0.0,43292500
2022-05-13,2.5333399772644043,3.0399999618530273,0.0,3.059999942779541,3.0199999809265137,3.059999942779541,0.0,33596600
2022-05-17,2.616673469543457,3.140000104904175,0.0,3.180000066757202,3.0799999237060547,3.0799999237060547,0.0,59858700
2022-05-18,2.6500067710876465,3.180000066757202,0.0,3.200000047683716,3.0999999046325684,3.1600000858306885,0.0,49378700
2022-05-19,2.616673469543457,3.140000104904175,0.0,3.180000066757202,3.0999999046325684,3.119999885559082,0.0,21689700
2022-05-20,2.616673469543457,3.140000104904175,0.0,3.180000066757202,3.119999885559082,3.180000066757202,0.0,58245800
2022-05-23,2.6333398818969727,3.1600000858306885,0.0,3.1600000858306885,3.119999885559082,3.1600000858306885,0.0,25456000
2022-05-24,2.5833399295806885,3.0999999046325684,0.0,3.1600000858306885,3.0999999046325684,3.1600000858306885,0.0,49275800
2022-05-25,2.5833399295806885,3.0999999046325684,0.0,3.1600000858306885,3.0799999237060547,3.0799999237060547,0.0,79281000
2022-05-26,2.600006341934204,3.119999885559082,0.0,3.140000104904175,3.0999999046325684,3.140000104904175,0.0,19892000
2022-05-27,2.6333398818969727,3.1600000858306885,0.0,3.200000047683716,3.119999885559082,3.140000104904175,0.0,53612100
2022-05-30,2.683340549468994,3.2200000286102295,0.0,3.240000009536743,3.1600000858306885,3.180000066757202,0.0,81915700
2022-05-31,2.666673183441162,3.200000047683716,0.0,3.2200000286102295,3.180000066757202,3.200000047683716,0.0,40026100
2022-06-01,2.7166738510131836,3.259999990463257,0.0,3.2799999713897705,3.180000066757202,3.200000047683716,0.0,90001500
2022-06-02,2.683340549468994,3.2200000286102295,0.0,3.240000009536743,3.200000047683716,3.240000009536743,0.0,52993100
2022-06-06,2.666673183441162,3.200000047683716,0.0,3.240000009536743,3.180000066757202,3.240000009536743,0.0,32342700
2022-06-07,2.683340549468994,3.2200000286102295,0.0,3.240000009536743,3.180000066757202,3.2200000286102295,0.0,27998700
2022-06-08,2.7000069618225098,3.240000009536743,0.0,3.259999990463257,3.2200000286102295,3.240000009536743,0.0,31680300
2022-06-09,2.683340549468994,3.2200000286102295,0.0,3.259999990463257,3.2200000286102295,3.240000009536743,0.0,29590600
2022-06-10,2.666673183441162,3.200000047683716,0.0,3.240000009536743,3.200000047683716,3.200000047683716,0.0,40371400
2022-06-13,2.5833399295806885,3.0999999046325684,0.0,3.180000066757202,3.0799999237060547,3.180000066757202,0.0,78543700
2022-06-14,2.5833399295806885,3.0999999046325684,0.0,3.119999885559082,3.0799999237060547,3.0799999237060547,0.0,30841500
2022-06-15,2.5833399295806885,3.0999999046325684,0.0,3.119999885559082,3.0799999237060547,3.0999999046325684,0.0,37306700
2022-06-16,2.5333399772644043,3.0399999618530273,0.0,3.140000104904175,3.0399999618530273,3.140000104904175,0.0,44649100
2022-06-17,2.550006628036499,3.059999942779541,0.0,3.0999999046325684,3.0199999809265137,3.0399999618530273,0.0,43281400
2022-06-20,2.550006628036499,3.059999942779541,0.0,3.0799999237060547,3.0199999809265137,3.059999942779541,0.0,27455400
2022-06-21,2.5666732788085938,3.0799999237060547,0.0,3.0799999237060547,3.0399999618530273,3.059999942779541,0.0,34442500
2022-06-22,2.5166728496551514,3.0199999809265137,0.0,3.0799999237060547,3.0,3.0799999237060547,0.0,71789900
2022-06-23,2.5166728496551514,3.0199999809265137,0.0,3.059999942779541,3.0199999809265137,3.0199999809265137,0.0,40657700
2022-06-24,2.550006628036499,3.059999942779541,0.0,3.0799999237060547,3.0399999618530273,3.0399999618530273,0.0,16868600
2022-06-27,2.5333399772644043,3.0399999618530273,0.0,3.0999999046325684,3.0399999618530273,3.0799999237060547,0.0,54626400
2022-06-28,2.5833399295806885,3.0999999046325684,0.0,3.0999999046325684,3.0399999618530273,3.059999942779541,0.0,24498700
2022-06-29,2.550006628036499,3.059999942779541,0.0,3.0999999046325684,3.059999942779541,3.0799999237060547,0.0,41243400
2022-06-30,2.550006628036499,3.059999942779541,0.0,3.0999999046325684,3.0399999618530273,3.059999942779541,0.0,25489700
2022-07-01,2.5666732788085938,3.0799999237060547,0.0,3.0999999046325684,3.0199999809265137,3.059999942779541,0.0,28238100
2022-07-04,2.5333399772644043,3.0399999618530273,0.0,3.0799999237060547,3.0199999809265137,3.0799999237060547,0.0,44406200
2022-07-05,2.4333393573760986,2.9200000762939453,0.0,3.0399999618530273,2.880000114440918,3.0399999618530273,0.0,129258200
2022-07-06,2.400006055831909,2.880000114440918,0.0,2.9200000762939453,2.8399999141693115,2.9000000953674316,0.0,87782800
2022-07-07,2.483339548110962,2.9800000190734863,0.0,2.9800000190734863,2.880000114440918,2.880000114440918,0.0,53146000
2022-07-08,2.4500062465667725,2.940000057220459,0.0,2.9800000190734863,2.940000057220459,2.9800000190734863,0.0,27446900
2022-07-11,2.5000061988830566,3.0,0.0,3.0199999809265137,2.9200000762939453,2.940000057220459,0.0,35779600
2022-07-12,2.5000061988830566,3.0,0.0,3.0199999809265137,2.9600000381469727,3.0,0.0,17308100
2022-07-14,2.4500062465667725,2.940000057220459,0.0,3.0,2.9200000762939453,3.0,0.0,53981200
2022-07-15,2.4500062465667725,2.940000057220459,0.0,2.9600000381469727,2.9000000953674316,2.940000057220459,0.0,33578600
2022-07-18,2.466672897338867,2.9600000381469727,0.0,2.9800000190734863,2.9200000762939453,2.940000057220459,0.0,46315300
2022-07-19,2.4500062465667725,2.940000057220459,0.0,2.9600000381469727,2.9000000953674316,2.940000057220459,0.0,44601800
2022-07-20,2.416672945022583,2.9000000953674316,0.0,2.9600000381469727,2.9000000953674316,2.940000057220459,0.0,36454800
2022-07-21,2.4500062465667725,2.940000057220459,0.0,2.940000057220459,2.9000000953674316,2.9000000953674316,0.0,19219200
2022-07-22,2.4500062465667725,2.940000057220459,0.0,2.9600000381469727,2.9200000762939453,2.940000057220459,0.0,32650300
2022-07-25,2.483339548110962,2.9800000190734863,0.0,3.0,2.9200000762939453,2.940000057220459,0.0,45433100
2022-07-26,2.5000061988830566,3.0,0.0,3.0199999809265137,2.9800000190734863,3.0199999809265137,0.0,18946300
2022-07-27,2.5000061988830566,3.0,0.0,3.0199999809265137,2.9800000190734863,3.0,0.0,30888700
2022-08-01,2.550006628036499,3.059999942779541,0.0,3.0799999237060547,3.0199999809265137,3.0199999809265137,0.0,41139200
2022-08-02,2.5333399772644043,3.0399999618530273,0.0,3.059999942779541,3.0199999809265137,3.0399999618530273,0.0,24343300
2022-08-03,2.5833399295806885,3.0999999046325684,0.0,3.0999999046325684,3.0399999618530273,3.059999942779541,0.0,80097600
2022-08-04,2.5833399295806885,3.0999999046325684,0.0,3.1600000858306885,3.059999942779541,3.140000104904175,0.0,74571100
2022-08-05,2.6500067710876465,3.180000066757202,0.0,3.180000066757202,3.0799999237060547,3.0999999046325684,0.0,62654100
2022-08-08,2.6333398818969727,3.1600000858306885,0.0,3.1600000858306885,3.119999885559082,3.1600000858306885,0.0,47518000
2022-08-09,2.6333398818969727,3.1600000858306885,0.0,3.1600000858306885,3.119999885559082,3.1600000858306885,0.0,29086400
2022-08-10,2.600006341934204,3.119999885559082,0.0,3.180000066757202,3.0999999046325684,3.1600000858306885,0.0,58432500
2022-08-11,2.616673469543457,3.140000104904175,0.0,3.1600000858306885,3.0999999046325684,3.119999885559082,0.0,42219200
2022-08-15,2.6333398818969727,3.1600000858306885,0.0,3.180000066757202,3.119999885559082,3.1600000858306885,0.0,27407200
2022-08-16,2.600006341934204,3.119999885559082,0.0,3.180000066757202,3.119999885559082,3.1600000858306885,0.0,35607200
2022-08-17,2.616673469543457,3.140000104904175,0.0,3.1600000858306885,3.119999885559082,3.119999885559082,0.0,22274400
2022-08-18,2.7166738510131836,3.259999990463257,0.0,3.259999990463257,3.119999885559082,3.1600000858306885,0.0,129703600
2022-08-19,2.8000073432922363,3.359999895095825,0.0,3.359999895095825,3.200000047683716,3.2799999713897705,0.0,294045900
2022-08-22,2.8000073432922363,3.359999895095825,0.0,3.4000000953674316,3.299999952316284,3.319999933242798,0.0,170597500
2022-08-23,2.833340644836426,3.4000000953674316,0.0,3.4200000762939453,3.299999952316284,3.3399999141693115,0.0,189303800
2022-08-24,2.9166741371154785,3.5,0.0,3.5199999809265137,3.4000000953674316,3.4000000953674316,0.0,180978400
2022-08-25,2.9166741371154785,3.5,0.0,3.559999942779541,3.440000057220459,3.5,0.0,172653700
2022-08-26,2.883340835571289,3.4600000381469727,0.0,3.5,3.4000000953674316,3.5,0.0,111074700
2022-08-29,2.883340835571289,3.4600000381469727,0.0,3.4800000190734863,3.380000114440918,3.4000000953674316,0.0,80711900
2022-08-30,2.9166741371154785,3.5,0.0,3.5399999618530273,3.4600000381469727,3.4600000381469727,0.0,87127200
2022-08-31,2.9166741371154785,3.5,0.0,3.5199999809265137,3.440000057220459,3.5,0.0,100809700
2022-09-01,2.883340835571289,3.4600000381469727,0.0,3.5199999809265137,3.440000057220459,3.5,0.0,62136100
2022-09-02,2.9333407878875732,3.5199999809265137,0.0,3.5799999237060547,3.4800000190734863,3.5,0.0,193838800
2022-09-05,2.966674327850342,3.559999942779541,0.0,3.5999999046325684,3.5,3.5399999618530273,0.0,150360500
2022-09-06,3.0333411693573,3.640000104904175,0.0,3.640000104904175,3.5399999618530273,3.5799999237060547,0.0,110043100
2022-09-07,2.9833407402038574,3.5799999237060547,0.0,3.640000104904175,3.5799999237060547,3.640000104904175,0.0,71377600
2022-09-08,2.966674327850342,3.559999942779541,0.0,3.619999885559082,3.5199999809265137,3.5999999046325684,0.0,116898800
2022-09-09,2.9833407402038574,3.5799999237060547,0.0,3.6600000858306885,3.559999942779541,3.5999999046325684,0.0,97849300
2022-09-12,2.9833407402038574,3.5799999237060547,0.0,3.619999885559082,3.559999942779541,3.5999999046325684,0.0,40149800
2022-09-13,2.950007438659668,3.5399999618530273,0.0,3.5999999046325684,3.5199999809265137,3.5799999237060547,0.0,63926400
2022-09-14,2.950007438659668,3.5399999618530273,0.0,3.559999942779541,3.4800000190734863,3.5,0.0,58777800
2022-09-15,2.9333407878875732,3.5199999809265137,0.0,3.559999942779541,3.4800000190734863,3.559999942779541,0.0,62725200
2022-09-16,2.883340835571289,3.4600000381469727,0.0,3.5399999618530273,3.4600000381469727,3.5399999618530273,0.0,81155800
2022-09-19,2.9333407878875732,3.5199999809265137,0.0,3.5999999046325684,3.4800000190734863,3.5199999809265137,0.0,111674400
2022-09-20,2.9833407402038574,3.5799999237060547,0.0,3.5999999046325684,3.5399999618530273,3.5399999618530273,0.0,102976400
2022-09-21,2.950007438659668,3.5399999618530273,0.0,3.5999999046325684,3.5399999618530273,3.5799999237060547,0.0,44944500
2022-09-22,2.9833407402038574,3.5799999237060547,0.0,3.5999999046325684,3.5199999809265137,3.5199999809265137,0.0,66545900
2022-09-23,2.9333407878875732,3.5199999809265137,0.0,3.5799999237060547,3.5199999809265137,3.559999942779541,0.0,59609300
2022-09-26,2.9166741371154785,3.5,0.0,3.5399999618530273,3.4600000381469727,3.5,0.0,56313100
2022-09-27,2.9166741371154785,3.5,0.0,3.5399999618530273,3.4800000190734863,3.5,0.0,31214600
2022-09-28,2.9833407402038574,3.5799999237060547,0.0,3.5799999237060547,3.4000000953674316,3.4800000190734863,0.0,96739000
2022-09-29,2.9333407878875732,3.5199999809265137,0.0,3.619999885559082,3.5,3.5999999046325684,0.0,72110200
2022-09-30,2.9333407878875732,3.5199999809265137,0.0,3.5399999618530273,3.4600000381469727,3.5199999809265137,0.0,79889100
2022-10-03,2.8500072956085205,3.4200000762939453,0.0,3.5999999046325684,3.4000000953674316,3.5199999809265137,0.0,141976700
2022-10-04,2.883340835571289,3.4600000381469727,0.0,3.4800000190734863,3.440000057220459,3.4600000381469727,0.0,35759700
2022-10-05,2.9000072479248047,3.4800000190734863,0.0,3.5,3.440000057220459,3.5,0.0,36700200
2022-10-06,2.9166741371154785,3.5,0.0,3.5199999809265137,3.4800000190734863,3.5,0.0,32672400
2022-10-07,2.966674327850342,3.559999942779541,0.0,3.559999942779541,3.4600000381469727,3.5199999809265137,0.0,24891200
2022-10-10,2.9000072479248047,3.4800000190734863,0.0,3.5399999618530273,3.4800000190734863,3.5199999809265137,0.0,32319700
2022-10-11,2.816673755645752,3.380000114440918,0.0,3.4800000190734863,3.380000114440918,3.4600000381469727,0.0,55590100
2022-10-12,2.9000072479248047,3.4800000190734863,0.0,3.4800000190734863,3.4000000953674316,3.4200000762939453,0.0,53903900
2022-10-17,2.883340835571289,3.4600000381469727,0.0,3.5,3.440000057220459,3.4600000381469727,0.0,39751100
2022-10-18,2.950007438659668,3.5399999618530273,0.0,3.5799999237060547,3.4600000381469727,3.4800000190734863,0.0,62282300
2022-10-19,2.9000072479248047,3.4800000190734863,0.0,3.559999942779541,3.4600000381469727,3.5399999618530273,0.0,61905400
2022-10-20,3.016674280166626,3.619999885559082,0.0,3.619999885559082,3.5199999809265137,3.5199999809265137,0.0,128269000
2022-10-21,2.9833407402038574,3.5799999237060547,0.0,3.619999885559082,3.5799999237060547,3.5999999046325684,0.0,53050100
2022-10-25,3.1166749000549316,3.740000009536743,0.0,3.759999990463257,3.5799999237060547,3.619999885559082,0.0,162867500
2022-10-26,3.1166749000549316,3.740000009536743,0.0,3.759999990463257,3.6600000858306885,3.740000009536743,0.0,199045900
2022-10-27,3.2166748046875,3.859999895095825,0.0,3.9000000953674316,3.740000009536743,3.740000009536743,0.0,170325100
2022-10-28,3.2666749954223633,3.9200000762939453,0.0,3.9600000381469727,3.8399999141693115,3.859999895095825,0.0,164598200
2022-10-31,3.283341884613037,3.940000057220459,0.0,3.9800000190734863,3.880000114440918,3.940000057220459,0.0,120824600
2022-11-01,3.2000081539154053,3.8399999141693115,0.0,3.940000057220459,3.8399999141693115,3.9200000762939453,0.0,107576400
2022-11-02,3.2333414554595947,3.880000114440918,0.0,3.9200000762939453,3.799999952316284,3.8399999141693115,0.0,95923600
2022-11-03,3.2166748046875,3.859999895095825,0.0,3.9000000953674316,3.8399999141693115,3.859999895095825,0.0,42385200
2022-11-04,3.2333414554595947,3.880000114440918,0.0,3.9200000762939453,3.8399999141693115,3.880000114440918,0.0,36540100
2022-11-07,3.283341884613037,3.940000057220459,0.0,3.9600000381469727,3.9000000953674316,3.9000000953674316,0.0,176758500
2022-11-08,3.2000081539154053,3.8399999141693115,0.0,3.940000057220459,3.819999933242798,3.940000057220459,0.0,93168000
2022-11-09,3.2000081539154053,3.8399999141693115,0.0,3.880000114440918,3.819999933242798,3.859999895095825,0.0,38898700
2022-11-10,3.2000081539154053,3.8399999141693115,0.0,3.9000000953674316,3.8399999141693115,3.8399999141693115,0.0,55412900
2022-11-11,3.2166748046875,3.859999895095825,0.0,3.940000057220459,3.8399999141693115,3.940000057220459,0.0,77774900
2022-11-14,3.1333413124084473,3.759999990463257,0.0,3.859999895095825,3.700000047683716,3.8399999141693115,0.0,107287800
2022-11-15,3.166674852371216,3.799999952316284,0.0,3.819999933242798,3.740000009536743,3.759999990463257,0.0,52708500
2022-11-16,3.150008201599121,3.7799999713897705,0.0,3.819999933242798,3.759999990463257,3.799999952316284,0.0,40656600
2022-11-17,3.150008201599121,3.7799999713897705,0.0,3.819999933242798,3.759999990463257,3.7799999713897705,0.0,40862100
2022-11-18,3.1833415031433105,3.819999933242798,0.0,3.859999895095825,3.7799999713897705,3.799999952316284,0.0,69599800
2022-11-21,3.2166748046875,3.859999895095825,0.0,3.880000114440918,3.7799999713897705,3.819999933242798,0.0,53052700
2022-11-22,3.2166748046875,3.859999895095825,0.0,3.9000000953674316,3.8399999141693115,3.880000114440918,0.0,43945800
2022-11-23,3.1833415031433105,3.819999933242798,0.0,3.880000114440918,3.819999933242798,3.859999895095825,0.0,47997500
2022-11-24,3.1333413124084473,3.759999990463257,0.0,3.819999933242798,3.740000009536743,3.819999933242798,0.0,72733900
2022-11-25,3.139195442199707,3.700000047683716,0.0669,3.759999990463257,3.700000047683716,3.759999990463257,0.0,40865600
2022-11-28,3.1561641693115234,3.7200000286102295,0.0,3.759999990463257,3.680000066757202,3.680000066757202,0.0,23947500
2022-11-29,3.22403883934021,3.799999952316284,0.0,3.8399999141693115,3.700000047683716,3.7200000286102295,0.0,104216500
2022-11-30,3.2579760551452637,3.8399999141693115,0.0,3.859999895095825,3.799999952316284,3.819999933242798,0.0,53511600
2022-12-01,3.2410073280334473,3.819999933242798,0.0,3.9000000953674316,3.7799999713897705,3.859999895095825,0.0,96799800
2022-12-02,3.2410073280334473,3.819999933242798,0.0,3.8399999141693115,3.799999952316284,3.819999933242798,0.0,48037800
2022-12-06,3.3088817596435547,3.9000000953674316,0.0,3.9200000762939453,3.799999952316284,3.819999933242798,0.0,169574900
2022-12-07,3.3088817596435547,3.9000000953674316,0.0,3.9200000762939453,3.859999895095825,3.9000000953674316,0.0,70881300
2022-12-08,3.2919135093688965,3.880000114440918,0.0,3.940000057220459,3.859999895095825,3.9200000762939453,0.0,100358700
2022-12-09,3.2410073280334473,3.819999933242798,0.0,3.9000000953674316,3.819999933242798,3.9000000953674316,0.0,45688700
2022-12-13,3.274944543838501,3.859999895095825,0.0,3.880000114440918,3.7799999713897705,3.819999933242798,0.0,92711600
2022-12-14,3.3428192138671875,3.940000057220459,0.0,3.9600000381469727,3.859999895095825,3.880000114440918,0.0,141629600
2022-12-15,3.3258509635925293,3.9200000762939453,0.0,3.9600000381469727,3.8399999141693115,3.9200000762939453,0.0,116155500
2022-12-16,3.3088817596435547,3.9000000953674316,0.0,3.9600000381469727,3.880000114440918,3.9000000953674316,0.0,67729100
2022-12-19,3.3088817596435547,3.9000000953674316,0.0,3.940000057220459,3.880000114440918,3.9000000953674316,0.0,38938200
2022-12-20,3.274944543838501,3.859999895095825,0.0,3.9200000762939453,3.8399999141693115,3.9000000953674316,0.0,69973100
2022-12-21,3.2579760551452637,3.8399999141693115,0.0,3.880000114440918,3.8399999141693115,3.859999895095825,0.0,27992400
2022-12-22,3.274944543838501,3.859999895095825,0.0,3.9000000953674316,3.859999895095825,3.859999895095825,0.0,19555300
2022-12-23,3.2919135093688965,3.880000114440918,0.0,3.9000000953674316,3.819999933242798,3.880000114440918,0.0,29920600
2022-12-26,3.2919135093688965,3.880000114440918,0.0,3.9200000762939453,3.880000114440918,3.880000114440918,0.0,18388500
2022-12-27,3.3428192138671875,3.940000057220459,0.0,3.9600000381469727,3.9000000953674316,3.9200000762939453,0.0,75021600
2022-12-28,3.4785680770874023,4.099999904632568,0.0,4.119999885559082,3.9600000381469727,3.9800000190734863,0.0,209076800
2022-12-29,3.4955365657806396,4.119999885559082,0.0,4.139999866485596,4.059999942779541,4.079999923706055,0.0,111954300
2022-12-30,3.461599349975586,4.079999923706055,0.0,4.139999866485596,4.059999942779541,4.119999885559082,0.0,187285500
2023-01-03,3.563410997390747,4.199999809265137,0.0,4.21999979019165,4.079999923706055,4.139999866485596,0.0,88777500
2023-01-04,3.4785680770874023,4.099999904632568,0.0,4.21999979019165,4.079999923706055,4.199999809265137,0.0,87549000
2023-01-05,3.410693645477295,4.019999980926514,0.0,4.099999904632568,3.9600000381469727,4.079999923706055,0.0,178094400
2023-01-06,3.4446308612823486,4.059999942779541,0.0,4.079999923706055,4.0,4.019999980926514,0.0,114778400
2023-01-09,3.4276621341705322,4.039999961853027,0.0,4.099999904632568,4.039999961853027,4.079999923706055,0.0,62516100
2023-01-10,3.359787702560425,3.9600000381469727,0.0,4.059999942779541,3.940000057220459,4.039999961853027,0.0,175195100
2023-01-11,3.4276621341705322,4.039999961853027,0.0,4.059999942779541,3.9600000381469727,3.9600000381469727,0.0,98734800
2023-01-12,3.3937249183654785,4.0,0.0,4.059999942779541,3.9800000190734863,4.059999942779541,0.0,62525000
2023-01-13,3.3258509635925293,3.9200000762939453,0.0,4.019999980926514,3.9200000762939453,4.0,0.0,169025700
2023-01-16,3.3428192138671875,3.940000057220459,0.0,3.9800000190734863,3.9200000762939453,3.9200000762939453,0.0,60595900
2023-01-17,3.3258509635925293,3.9200000762939453,0.0,3.9800000190734863,3.9200000762939453,3.940000057220459,0.0,83819300
2023-01-18,3.2579760551452637,3.8399999141693115,0.0,3.940000057220459,3.799999952316284,3.9200000762939453,0.0,211596700
2023-01-19,3.3088817596435547,3.9000000953674316,0.0,3.9200000762939453,3.8399999141693115,3.8399999141693115,0.0,84341600
2023-01-20,3.2579760551452637,3.8399999141693115,0.0,3.9000000953674316,3.819999933242798,3.9000000953674316,0.0,60796500
2023-01-23,3.2579760551452637,3.8399999141693115,0.0,3.880000114440918,3.819999933242798,3.819999933242798,0.0,63610500
2023-01-24,3.2410073280334473,3.819999933242798,0.0,3.880000114440918,3.819999933242798,3.859999895095825,0.0,60484500
2023-01-25,3.190101385116577,3.759999990463257,0.0,3.819999933242798,3.740000009536743,3.799999952316284,0.0,87100400
2023-01-26,3.1561641693115234,3.7200000286102295,0.0,3.7799999713897705,3.700000047683716,3.759999990463257,0.0,98585200
2023-01-27,3.1731324195861816,3.740000009536743,0.0,3.759999990463257,3.700000047683716,3.7200000286102295,0.0,59519900
2023-01-30,3.2410073280334473,3.819999933242798,0.0,3.8399999141693115,3.759999990463257,3.7799999713897705,0.0,82602400
2023-01-31,3.2070701122283936,3.7799999713897705,0.0,3.8399999141693115,3.7799999713897705,3.8399999141693115,0.0,70373400
2023-02-01,3.2919135093688965,3.880000114440918,0.0,3.9000000953674316,3.799999952316284,3.819999933242798,0.0,123972600
2023-02-02,3.410693645477295,4.019999980926514,0.0,4.019999980926514,3.9200000762939453,3.9600000381469727,0.0,245742300
2023-02-03,3.376756429672241,3.9800000190734863,0.0,4.019999980926514,3.940000057220459,4.019999980926514,0.0,76097600
2023-02-06,3.3258509635925293,3.9200000762939453,0.0,4.0,3.880000114440918,3.9600000381469727,0.0,81535200
2023-02-07,3.3088817596435547,3.9000000953674316,0.0,3.940000057220459,3.859999895095825,3.9200000762939453,0.0,73616000
2023-02-08,3.3088817596435547,3.9000000953674316,0.0,3.940000057220459,3.859999895095825,3.9200000762939453,0.0,69633400
2023-02-09,3.3258509635925293,3.9200000762939453,0.0,3.940000057220459,3.8399999141693115,3.9200000762939453,0.0,103609800
2023-02-10,3.3258509635925293,3.9200000762939453,0.0,3.940000057220459,3.880000114440918,3.9200000762939453,0.0,65358200
2023-02-13,3.274944543838501,3.859999895095825,0.0,3.940000057220459,3.8399999141693115,3.9200000762939453,0.0,80250300
2023-02-14,3.274944543838501,3.859999895095825,0.0,3.9200000762939453,3.819999933242798,3.880000114440918,0.0,51481900
2023-02-15,3.2919135093688965,3.880000114440918,0.0,3.9000000953674316,3.8399999141693115,3.880000114440918,0.0,56820300
2023-02-16,3.2579760551452637,3.8399999141693115,0.0,3.9200000762939453,3.8399999141693115,3.9000000953674316,0.0,41908800
2023-02-17,3.274944543838501,3.859999895095825,0.0,3.859999895095825,3.819999933242798,3.8399999141693115,0.0,30699900
2023-02-20,3.274944543838501,3.859999895095825,0.0,3.880000114440918,3.8399999141693115,3.859999895095825,0.0,15987800
2023-02-21,3.3937249183654785,4.0,0.0,4.0,3.9000000953674316,3.9000000953674316,0.0,326198100
2023-02-22,3.3428192138671875,3.940000057220459,0.0,4.0,3.9200000762939453,3.9600000381469727,0.0,136125400
2023-02-23,3.3428192138671875,3.940000057220459,0.0,3.9600000381469727,3.9000000953674316,3.940000057220459,0.0,52493400
2023-02-24,3.376756429672241,3.9800000190734863,0.0,4.019999980926514,3.940000057220459,4.0,0.0,181460000
2023-02-27,3.4446308612823486,4.059999942779541,0.0,4.079999923706055,3.940000057220459,4.0,0.0,145975100
2023-02-28,3.3428192138671875,3.940000057220459,0.0,4.059999942779541,3.9200000762939453,4.059999942779541,0.0,231034600
2023-03-01,3.3428192138671875,3.940000057220459,0.0,4.019999980926514,3.9200000762939453,3.940000057220459,0.0,180614400
2023-03-02,3.3428192138671875,3.940000057220459,0.0,4.039999961853027,3.9200000762939453,3.940000057220459,0.0,163889400
2023-03-03,3.3428192138671875,3.940000057220459,0.0,3.9800000190734863,3.940000057220459,3.9600000381469727,0.0,61885800
2023-03-07,3.359787702560425,3.9600000381469727,0.0,4.0,3.940000057220459,3.9600000381469727,0.0,77877800
2023-03-08,3.3937249183654785,4.0,0.0,4.019999980926514,3.9000000953674316,3.940000057220459,0.0,210061800
2023-03-09,3.5464422702789307,4.179999828338623,0.0,4.179999828338623,4.039999961853027,4.039999961853027,0.0,309433200
2023-03-10,3.529473304748535,4.159999847412109,0.0,4.179999828338623,4.099999904632568,4.139999866485596,0.0,106325300
2023-03-13,3.461599349975586,4.079999923706055,0.0,4.21999979019165,4.039999961853027,4.119999885559082,0.0,235906300
2023-03-14,3.3258509635925293,3.9200000762939453,0.0,4.079999923706055,3.9000000953674316,4.079999923706055,0.0,257434800
2023-03-15,3.461599349975586,4.079999923706055,0.0,4.099999904632568,3.9600000381469727,3.9800000190734863,0.0,167925700
2023-03-16,3.4955365657806396,4.119999885559082,0.0,4.119999885559082,3.9800000190734863,4.019999980926514,0.0,216885000
2023-03-17,3.563410997390747,4.199999809265137,0.0,4.21999979019165,4.079999923706055,4.139999866485596,0.0,194051600
2023-03-20,3.563410997390747,4.199999809265137,0.0,4.260000228881836,4.139999866485596,4.21999979019165,0.0,160820500
2023-03-21,3.4955365657806396,4.119999885559082,0.0,4.239999771118164,4.099999904632568,4.21999979019165,0.0,172461600
2023-03-22,3.4785680770874023,4.099999904632568,0.0,4.139999866485596,4.079999923706055,4.139999866485596,0.0,83845900
2023-03-23,3.5803797245025635,4.21999979019165,0.0,4.21999979019165,4.099999904632568,4.099999904632568,0.0,91457500
2023-03-24,3.563410997390747,4.199999809265137,0.0,4.21999979019165,4.179999828338623,4.21999979019165,0.0,27883500
2023-03-27,3.59734845161438,4.239999771118164,0.0,4.260000228881836,4.21999979019165,4.239999771118164,0.0,59546000
2023-03-28,3.6143174171447754,4.260000228881836,0.0,4.300000190734863,4.239999771118164,4.260000228881836,0.0,58285000
2023-03-29,3.6143174171447754,4.260000228881836,0.0,4.300000190734863,4.21999979019165,4.260000228881836,0.0,23513800
2023-03-30,3.5803797245025635,4.21999979019165,0.0,4.28000020980835,4.199999809265137,4.260000228881836,0.0,62419000
2023-03-31,3.64825439453125,4.300000190734863,0.0,4.320000171661377,4.239999771118164,4.239999771118164,0.0,64002600
2023-04-03,3.7161288261413574,4.380000114440918,0.0,4.380000114440918,4.300000190734863,4.300000190734863,0.0,65236900
2023-04-04,3.682191848754883,4.340000152587891,0.0,4.380000114440918,4.340000152587891,4.360000133514404,0.0,37333300
2023-04-05,3.7161288261413574,4.380000114440918,0.0,4.480000019073486,4.360000133514404,4.380000114440918,0.0,108015000
2023-04-07,3.7161288261413574,4.380000114440918,0.0,4.380000114440918,4.320000171661377,4.360000133514404,0.0,43875200
2023-04-10,3.699160099029541,4.360000133514404,0.0,4.400000095367432,4.340000152587891,4.400000095367432,0.0,79895900
2023-04-11,3.7500662803649902,4.420000076293945,0.0,4.440000057220459,4.360000133514404,4.380000114440918,0.0,91293500
2023-04-12,3.784003257751465,4.460000038146973,0.0,4.5,4.420000076293945,4.440000057220459,0.0,68465100
2023-04-17,3.8009722232818604,4.480000019073486,0.0,4.519999980926514,4.460000038146973,4.5,0.0,68015000
2023-04-18,3.8009722232818604,4.480000019073486,0.0,4.5,4.440000057220459,4.480000019073486,0.0,47228700
2023-04-19,3.7330973148345947,4.400000095367432,0.0,4.5,4.380000114440918,4.480000019073486,0.0,60938100
2023-04-20,3.784003257751465,4.460000038146973,0.0,4.460000038146973,4.300000190734863,4.420000076293945,0.0,136925600
2023-04-21,3.7670345306396484,4.440000057220459,0.0,4.5,4.380000114440918,4.480000019073486,0.0,81287200
2023-04-24,3.7500662803649902,4.420000076293945,0.0,4.440000057220459,4.360000133514404,4.440000057220459,0.0,42097400
2023-04-25,3.7500662803649902,4.420000076293945,0.0,4.440000057220459,4.380000114440918,4.420000076293945,0.0,38961400
2023-04-26,3.7500662803649902,4.420000076293945,0.0,4.440000057220459,4.340000152587891,4.420000076293945,0.0,50270900
2023-04-27,3.699160099029541,4.360000133514404,0.0,4.440000057220459,4.360000133514404,4.440000057220459,0.0,38366300
2023-04-28,3.7330973148345947,4.400000095367432,0.0,4.440000057220459,4.360000133514404,4.400000095367432,0.0,51552500
2023-05-02,3.7500662803649902,4.420000076293945,0.0,4.440000057220459,4.380000114440918,4.400000095367432,0.0,25718500
2023-05-03,3.7500662803649902,4.420000076293945,0.0,4.420000076293945,4.239999771118164,4.400000095367432,0.0,144154500
2023-05-08,3.902783155441284,4.599999904632568,0.0,4.599999904632568,4.440000057220459,4.460000038146973,0.0,67191300
2023-05-09,3.9536893367767334,4.659999847412109,0.0,4.679999828338623,4.539999961853027,4.559999942779541,0.0,74320100
2023-05-10,3.8518779277801514,4.539999961853027,0.0,4.659999847412109,4.519999980926514,4.659999847412109,0.0,52577000
2023-05-11,3.852138042449951,4.440000057220459,0.1003,4.539999961853027,4.440000057220459,4.480000019073486,0.0,45498100
2023-05-12,3.9041943550109863,4.5,0.0,4.539999961853027,4.420000076293945,4.440000057220459,0.0,74883200
2023-05-15,3.800081968307495,4.380000114440918,0.0,4.559999942779541,4.360000133514404,4.539999961853027,0.0,65210600
2023-05-16,3.7480266094207764,4.320000171661377,0.0,4.420000076293945,4.199999809265137,4.420000076293945,0.0,106201100
2023-05-17,3.609210252761841,4.159999847412109,0.0,4.320000171661377,4.139999866485596,4.300000190734863,0.0,76071400
2023-05-18,3.6265623569488525,4.179999828338623,0.0,4.239999771118164,4.159999847412109,4.21999979019165,0.0,86659300
2023-05-19,3.557154655456543,4.099999904632568,0.0,4.179999828338623,4.059999942779541,4.179999828338623,0.0,78194200
2023-05-22,3.6265623569488525,4.179999828338623,0.0,4.199999809265137,4.0,4.019999980926514,0.0,100259300
2023-05-23,3.800081968307495,4.380000114440918,0.0,4.400000095367432,4.199999809265137,4.199999809265137,0.0,97016600
2023-05-24,3.7827303409576416,4.360000133514404,0.0,4.400000095367432,4.320000171661377,4.340000152587891,0.0,80013700
2023-05-25,3.817434310913086,4.400000095367432,0.0,4.400000095367432,4.300000190734863,4.360000133514404,0.0,44057200
2023-05-26,3.817434310913086,4.400000095367432,0.0,4.440000057220459,4.320000171661377,4.400000095367432,0.0,40648100
2023-05-29,3.8868420124053955,4.480000019073486,0.0,4.5,4.420000076293945,4.420000076293945,0.0,33475800
2023-05-30,3.8868420124053955,4.480000019073486,0.0,4.519999980926514,4.400000095367432,4.480000019073486,0.0,45167100
2023-05-31,3.8347864151000977,4.420000076293945,0.0,4.480000019073486,4.420000076293945,4.480000019073486,0.0,18898000
2023-06-01,3.9388980865478516,4.539999961853027,0.0,4.539999961853027,4.400000095367432,4.440000057220459,0.0,50615000
2023-06-02,3.8868420124053955,4.480000019073486,0.0,4.559999942779541,4.460000038146973,4.519999980926514,0.0,37836300
2023-06-06,3.852138042449951,4.440000057220459,0.0,4.5,4.420000076293945,4.5,0.0,20894400
2023-06-07,3.8347864151000977,4.420000076293945,0.0,4.480000019073486,4.400000095367432,4.440000057220459,0.0,25346700
2023-06-08,3.8868420124053955,4.480000019073486,0.0,4.5,4.300000190734863,4.420000076293945,0.0,88806800
2023-06-09,3.8868420124053955,4.480000019073486,0.0,4.5,4.440000057220459,4.480000019073486,0.0,23262800
2023-06-12,3.9215457439422607,4.519999980926514,0.0,4.539999961853027,4.460000038146973,4.5,0.0,21178800
2023-06-13,3.9909536838531494,4.599999904632568,0.0,4.619999885559082,4.519999980926514,4.519999980926514,0.0,63967500
2023-06-14,4.025657653808594,4.639999866485596,0.0,4.659999847412109,4.559999942779541,4.619999885559082,0.0,52418300
2023-06-15,4.00830602645874,4.619999885559082,0.0,4.659999847412109,4.599999904632568,4.639999866485596,0.0,23076900
2023-06-16,4.043010234832764,4.659999847412109,0.0,4.679999828338623,4.579999923706055,4.619999885559082,0.0,63778800
2023-06-19,3.9388980865478516,4.539999961853027,0.0,4.739999771118164,4.5,4.679999828338623,0.0,121510800
2023-06-20,3.973602056503296,4.579999923706055,0.0,4.619999885559082,4.480000019073486,4.559999942779541,0.0,78343800
2023-06-21,3.9215457439422607,4.519999980926514,0.0,4.579999923706055,4.5,4.579999923706055,0.0,37643700
2023-06-22,3.9388980865478516,4.539999961853027,0.0,4.579999923706055,4.480000019073486,4.539999961853027,0.0,45752200
2023-06-23,3.9215457439422607,4.519999980926514,0.0,4.539999961853027,4.460000038146973,4.539999961853027,0.0,64318900
2023-06-26,4.00830602645874,4.619999885559082,0.0,4.639999866485596,4.5,4.5,0.0,103187800
2023-06-27,3.973602056503296,4.579999923706055,0.0,4.639999866485596,4.539999961853027,4.599999904632568,0.0,52218100
2023-06-28,3.9041943550109863,4.5,0.0,4.599999904632568,4.5,4.599999904632568,0.0,32586200
2023-06-29,3.869490146636963,4.460000038146973,0.0,4.5,4.380000114440918,4.5,0.0,73699600
2023-06-30,3.9909536838531494,4.599999904632568,0.0,4.639999866485596,4.480000019073486,4.5,0.0,97463400
2023-07-03,3.956249475479126,4.559999942779541,0.0,4.619999885559082,4.539999961853027,4.619999885559082,0.0,49644200
2023-07-04,4.112417697906494,4.739999771118164,0.0,4.71999979019165,4.599999904632568,4.619999885559082,0.0,111362300
2023-07-05,4.095065593719482,4.71999979019165,0.0,4.739999771118164,4.659999847412109,4.71999979019165,0.0,48934900
2023-07-06,4.077713966369629,4.699999809265137,0.0,4.800000190734863,4.679999828338623,4.71999979019165,0.0,98824800
2023-07-07,4.095065593719482,4.71999979019165,0.0,4.739999771118164,4.659999847412109,4.679999828338623,0.0,33770200
2023-07-10,4.043010234832764,4.659999847412109,0.0,4.71999979019165,4.639999866485596,4.71999979019165,0.0,49899800
2023-07-11,4.129770278930664,4.760000228881836,0.0,4.800000190734863,4.679999828338623,4.699999809265137,0.0,65526600
2023-07-12,4.147121906280518,4.78000020980835,0.0,4.840000152587891,4.739999771118164,4.78000020980835,0.0,54714700
2023-07-13,4.095065593719482,4.71999979019165,0.0,4.78000020980835,4.659999847412109,4.78000020980835,0.0,76107600
2023-07-14,4.1991777420043945,4.840000152587891,0.0,4.880000114440918,4.739999771118164,4.760000228881836,0.0,74584400
2023-07-17,4.233881950378418,4.880000114440918,0.0,4.900000095367432,4.840000152587891,4.880000114440918,0.0,50793900
2023-07-18,4.233881950378418,4.880000114440918,0.0,4.920000076293945,4.860000133514404,4.880000114440918,0.0,39029900
2023-07-19,4.2859368324279785,4.940000057220459,0.0,4.960000038146973,4.880000114440918,4.900000095367432,0.0,59189200
2023-07-20,4.2512335777282715,4.900000095367432,0.0,4.980000019073486,4.860000133514404,4.960000038146973,0.0,84529100
2023-07-21,4.268586158752441,4.920000076293945,0.0,4.940000057220459,4.800000190734863,4.860000133514404,0.0,100422900
2023-07-24,4.233881950378418,4.880000114440918,0.0,4.920000076293945,4.860000133514404,4.900000095367432,0.0,43669500
2023-07-25,4.268586158752441,4.920000076293945,0.0,4.960000038146973,4.880000114440918,4.900000095367432,0.0,49698600
2023-07-26,4.303289890289307,4.960000038146973,0.0,4.960000038146973,4.920000076293945,4.940000057220459,0.0,28113300
2023-07-27,4.2859368324279785,4.940000057220459,0.0,5.0,4.940000057220459,4.940000057220459,0.0,61247800
2023-07-31,4.303289890289307,4.960000038146973,0.0,4.960000038146973,4.900000095367432,4.920000076293945,0.0,20337500
2023-08-02,4.233881950378418,4.880000114440918,0.0,4.940000057220459,4.880000114440918,4.940000057220459,0.0,41957300
2023-08-03,4.233881950378418,4.880000114440918,0.0,4.920000076293945,4.860000133514404,4.880000114440918,0.0,36992300
2023-08-04,4.233881950378418,4.880000114440918,0.0,4.920000076293945,4.880000114440918,4.900000095367432,0.0,19473000
2023-08-07,4.2512335777282715,4.900000095367432,0.0,4.940000057220459,4.860000133514404,4.880000114440918,0.0,25411400
2023-08-08,4.233881950378418,4.880000114440918,0.0,4.920000076293945,4.840000152587891,4.900000095367432,0.0,29125600
2023-08-09,4.233881950378418,4.880000114440918,0.0,4.880000114440918,4.800000190734863,4.880000114440918,0.0,55579200
2023-08-10,4.216529846191406,4.860000133514404,0.0,4.880000114440918,4.820000171661377,4.860000133514404,0.0,33543900
2023-08-11,4.216529846191406,4.860000133514404,0.0,4.960000038146973,4.840000152587891,4.920000076293945,0.0,184134300
2023-08-15,4.216529846191406,4.860000133514404,0.0,4.900000095367432,4.840000152587891,4.880000114440918,0.0,30306400
2023-08-16,4.233881950378418,4.880000114440918,0.0,4.900000095367432,4.820000171661377,4.860000133514404,0.0,50213900
2023-08-17,4.268586158752441,4.920000076293945,0.0,4.960000038146973,4.860000133514404,4.860000133514404,0.0,140441900
2023-08-18,4.424752712249756,5.099999904632568,0.0,5.150000095367432,4.940000057220459,4.960000038146973,0.0,391344600
2023-08-21,4.468132972717285,5.150000095367432,0.0,5.199999809265137,5.050000190734863,5.150000095367432,0.0,99059500
2023-08-22,4.5115132331848145,5.199999809265137,0.0,5.25,5.150000095367432,5.199999809265137,0.0,85264000
2023-08-23,4.5115132331848145,5.199999809265137,0.0,5.300000190734863,5.150000095367432,5.300000190734863,0.0,63217700
2023-08-24,4.468132972717285,5.150000095367432,0.0,5.25,5.150000095367432,5.199999809265137,0.0,26061900
2023-08-25,4.554893493652344,5.25,0.0,5.25,5.150000095367432,5.150000095367432,0.0,29752400
2023-08-28,4.554893493652344,5.25,0.0,5.349999904632568,5.150000095367432,5.300000190734863,0.0,49390400
2023-08-29,4.554893493652344,5.25,0.0,5.349999904632568,5.199999809265137,5.300000190734863,0.0,26036400
2023-08-30,4.5115132331848145,5.199999809265137,0.0,5.300000190734863,5.150000095367432,5.25,0.0,32426000
2023-08-31,4.5115132331848145,5.199999809265137,0.0,5.25,5.150000095367432,5.199999809265137,0.0,28179400
2023-09-01,4.5115132331848145,5.199999809265137,0.0,5.25,5.150000095367432,5.199999809265137,0.0,17497200
2023-09-04,4.424752712249756,5.099999904632568,0.0,5.25,5.0,5.199999809265137,0.0,66286000
2023-09-05,4.424752712249756,5.099999904632568,0.0,5.150000095367432,5.050000190734863,5.099999904632568,0.0,39302900
2023-09-06,4.424752712249756,5.099999904632568,0.0,5.199999809265137,5.099999904632568,5.099999904632568,0.0,35006400
2023-09-07,4.598272800445557,5.300000190734863,0.0,5.349999904632568,5.150000095367432,5.150000095367432,0.0,84168400
2023-09-08,4.554893493652344,5.25,0.0,5.400000095367432,5.199999809265137,5.300000190734863,0.0,67270600
2023-09-11,4.554893493652344,5.25,0.0,5.300000190734863,5.150000095367432,5.199999809265137,0.0,56810700
2023-09-12,4.598272800445557,5.300000190734863,0.0,5.449999809265137,5.300000190734863,5.300000190734863,0.0,69805000
2023-09-13,4.598272800445557,5.300000190734863,0.0,5.449999809265137,5.300000190734863,5.349999904632568,0.0,52611100
2023-09-14,4.6416521072387695,5.349999904632568,0.0,5.349999904632568,5.25,5.349999904632568,0.0,43390600
2023-09-15,4.5115132331848145,5.199999809265137,0.0,5.400000095367432,5.099999904632568,5.300000190734863,0.0,123016000
2023-09-18,4.554893493652344,5.25,0.0,5.25,5.199999809265137,5.25,0.0,9137300
2023-09-19,4.554893493652344,5.25,0.0,5.300000190734863,5.199999809265137,5.25,0.0,16321400
2023-09-20,4.5115132331848145,5.199999809265137,0.0,5.25,5.150000095367432,5.25,0.0,43319500
2023-09-21,4.598272800445557,5.300000190734863,0.0,5.349999904632568,5.150000095367432,5.150000095367432,0.0,19079300
2023-09-22,4.771792411804199,5.5,0.0,5.5,5.25,5.349999904632568,0.0,111817500
2023-09-25,4.728412628173828,5.449999809265137,0.0,5.550000190734863,5.400000095367432,5.5,0.0,38270300
2023-09-26,4.728412628173828,5.449999809265137,0.0,5.5,5.300000190734863,5.449999809265137,0.0,93215000
2023-09-27,4.728412628173828,5.449999809265137,0.0,5.449999809265137,5.349999904632568,5.400000095367432,0.0,14715200
2023-09-28,4.685032844543457,5.400000095367432,0.0,5.5,5.349999904632568,5.449999809265137,0.0,34567000
2023-09-29,4.554893493652344,5.25,0.0,5.400000095367432,5.25,5.400000095367432,0.0,55775800
2023-10-02,4.468132972717285,5.150000095367432,0.0,5.300000190734863,5.099999904632568,5.25,0.0,69614700
2023-10-03,4.5115132331848145,5.199999809265137,0.0,5.25,5.050000190734863,5.099999904632568,0.0,51628100
2023-10-04,4.5115132331848145,5.199999809265137,0.0,5.25,5.099999904632568,5.150000095367432,0.0,40039900
2023-10-05,4.554893493652344,5.25,0.0,5.300000190734863,5.150000095367432,5.25,0.0,29499700
2023-10-06,4.5115132331848145,5.199999809265137,0.0,5.349999904632568,5.150000095367432,5.349999904632568,0.0,20094100
2023-10-09,4.468132972717285,5.150000095367432,0.0,5.199999809265137,5.050000190734863,5.150000095367432,0.0,40106500
2023-10-10,4.554893493652344,5.25,0.0,5.300000190734863,5.150000095367432,5.25,0.0,34400800
2023-10-11,4.6416521072387695,5.349999904632568,0.0,5.400000095367432,5.25,5.300000190734863,0.0,53783600
2023-10-12,4.728412628173828,5.449999809265137,0.0,5.449999809265137,5.300000190734863,5.349999904632568,0.0,24687900
2023-10-16,4.6416521072387695,5.349999904632568,0.0,5.449999809265137,5.199999809265137,5.400000095367432,0.0,39009700
2023-10-17,4.6416521072387695,5.349999904632568,0.0,5.449999809265137,5.349999904632568,5.400000095367432,0.0,28946600
2023-10-18,4.685032844543457,5.400000095367432,0.0,5.449999809265137,5.349999904632568,5.400000095367432,0.0,25939800
2023-10-19,4.685032844543457,5.400000095367432,0.0,5.5,5.349999904632568,5.400000095367432,0.0,78582800
2023-10-20,4.6416521072387695,5.349999904632568,0.0,5.449999809265137,5.25,5.349999904632568,0.0,43593700
2023-10-24,4.685032844543457,5.400000095367432,0.0,5.400000095367432,5.25,5.300000190734863,0.0,31096800
2023-10-25,4.468132972717285,5.150000095367432,0.0,5.400000095367432,5.099999904632568,5.400000095367432,0.0,100911000
2023-10-26,4.468132972717285,5.150000095367432,0.0,5.199999809265137,5.050000190734863,5.099999904632568,0.0,62339400
2023-10-27,4.554893493652344,5.25,0.0,5.300000190734863,5.099999904632568,5.199999809265137,0.0,62241900
2023-10-30,4.554893493652344,5.25,0.0,5.349999904632568,5.199999809265137,5.25,0.0,21699700
2023-10-31,4.337993621826172,5.0,0.0,5.25,5.0,5.25,0.0,88684800
2023-11-01,4.268586158752441,4.920000076293945,0.0,5.099999904632568,4.78000020980835,5.050000190734863,0.0,164840800
2023-11-02,4.337993621826172,5.0,0.0,5.050000190734863,4.940000057220459,4.980000019073486,0.0,84591000
2023-11-03,4.337993621826172,5.0,0.0,5.150000095367432,5.0,5.099999904632568,0.0,63878400
2023-11-06,4.468132972717285,5.150000095367432,0.0,5.150000095367432,5.0,5.050000190734863,0.0,76088800
2023-11-07,4.5115132331848145,5.199999809265137,0.0,5.25,5.050000190734863,5.150000095367432,0.0,58127100
2023-11-08,4.381372928619385,5.050000190734863,0.0,5.25,5.050000190734863,5.199999809265137,0.0,61156900
2023-11-09,4.468132972717285,5.150000095367432,0.0,5.199999809265137,5.050000190734863,5.050000190734863,0.0,39488800
2023-11-10,4.147121906280518,4.78000020980835,0.0,5.050000190734863,4.78000020980835,5.050000190734863,0.0,236786300
2023-11-13,4.112417697906494,4.739999771118164,0.0,4.820000171661377,4.71999979019165,4.800000190734863,0.0,95804300
2023-11-14,4.181826114654541,4.820000171661377,0.0,4.860000133514404,4.739999771118164,4.760000228881836,0.0,97033100
2023-11-15,4.424752712249756,5.099999904632568,0.0,5.050000190734863,4.860000133514404,4.880000114440918,0.0,121264500
2023-11-16,4.381372928619385,5.050000190734863,0.0,5.150000095367432,5.0,5.099999904632568,0.0,71858000
2023-11-17,4.337993621826172,5.0,0.0,5.050000190734863,4.940000057220459,5.0,0.0,65740100
2023-11-20,4.381372928619385,5.050000190734863,0.0,5.099999904632568,4.960000038146973,5.0,0.0,105224700
2023-11-21,4.337993621826172,5.0,0.0,5.099999904632568,5.0,5.050000190734863,0.0,20127600
2023-11-22,4.34406042098999,4.940000057220459,0.0669,5.0,4.900000095367432,4.960000038146973,0.0,33109900
2023-11-23,4.379235744476318,4.980000019073486,0.0,5.050000190734863,4.940000057220459,4.960000038146973,0.0,25494800
2023-11-24,4.379235744476318,4.980000019073486,0.0,5.050000190734863,4.920000076293945,4.980000019073486,0.0,72589300
2023-11-27,4.3616485595703125,4.960000038146973,0.0,5.0,4.940000057220459,4.980000019073486,0.0,70616800
2023-11-28,4.379235744476318,4.980000019073486,0.0,5.050000190734863,4.940000057220459,4.980000019073486,0.0,60007300
2023-11-29,4.308886528015137,4.900000095367432,0.0,5.0,4.840000152587891,5.0,0.0,152814900
2023-11-30,4.396822929382324,5.0,0.0,5.099999904632568,4.920000076293945,4.960000038146973,0.0,127341500
2023-12-01,4.5287275314331055,5.150000095367432,0.0,5.150000095367432,5.0,5.050000190734863,0.0,71025500
2023-12-04,4.4847588539123535,5.099999904632568,0.0,5.099999904632568,5.0,5.050000190734863,0.0,28856800
2023-12-06,4.616664409637451,5.25,0.0,5.25,5.099999904632568,5.150000095367432,0.0,47864400
2023-12-07,4.660632133483887,5.300000190734863,0.0,5.300000190734863,5.150000095367432,5.25,0.0,42504400
2023-12-08,4.5287275314331055,5.150000095367432,0.0,5.349999904632568,5.150000095367432,5.349999904632568,0.0,42351500
2023-12-12,4.44079065322876,5.050000190734863,0.0,5.150000095367432,5.0,5.099999904632568,0.0,31273300
2023-12-13,4.396822929382324,5.0,0.0,5.099999904632568,5.0,5.050000190734863,0.0,25739000
2023-12-14,4.396822929382324,5.0,0.0,5.050000190734863,5.0,5.050000190734863,0.0,37987000
2023-12-15,4.44079065322876,5.050000190734863,0.0,5.150000095367432,4.980000019073486,5.0,0.0,68921200
2023-12-18,4.4847588539123535,5.099999904632568,0.0,5.099999904632568,5.0,5.050000190734863,0.0,19316400
2023-12-19,4.396822929382324,5.0,0.0,5.099999904632568,4.940000057220459,5.050000190734863,0.0,51597700
2023-12-20,4.4847588539123535,5.099999904632568,0.0,5.099999904632568,5.0,5.050000190734863,0.0,19229300
2023-12-21,4.5287275314331055,5.150000095367432,0.0,5.199999809265137,5.050000190734863,5.050000190734863,0.0,38607300
2023-12-22,4.616664409637451,5.25,0.0,5.25,5.150000095367432,5.150000095367432,0.0,30410100
2023-12-25,4.5287275314331055,5.150000095367432,0.0,5.25,5.150000095367432,5.199999809265137,0.0,28344200
2023-12-26,4.616664409637451,5.25,0.0,5.300000190734863,5.150000095367432,5.150000095367432,0.0,47661200
2023-12-27,4.660632133483887,5.300000190734863,0.0,5.349999904632568,5.25,5.25,0.0,42385400
2023-12-28,4.660632133483887,5.300000190734863,0.0,5.349999904632568,5.25,5.300000190734863,0.0,31299000
2024-01-03,4.4847588539123535,5.099999904632568,0.0,5.199999809265137,5.099999904632568,5.150000095367432,0.0,58096400
2024-01-04,4.4847588539123535,5.099999904632568,0.0,5.25,5.099999904632568,5.099999904632568,0.0,87753000
2024-01-05,4.5287275314331055,5.150000095367432,0.0,5.199999809265137,5.099999904632568,5.150000095367432,0.0,33601900
2024-01-08,4.3616485595703125,4.960000038146973,0.0,5.199999809265137,4.960000038146973,5.099999904632568,0.0,161883000
2024-01-09,4.34406042098999,4.940000057220459,0.0,5.050000190734863,4.940000057220459,4.980000019073486,0.0,115542300
2024-01-10,4.34406042098999,4.940000057220459,0.0,4.980000019073486,4.920000076293945,4.940000057220459,0.0,54532300
2024-01-11,4.34406042098999,4.940000057220459,0.0,4.960000038146973,4.900000095367432,4.960000038146973,0.0,46464900
2024-01-12,4.203362941741943,4.78000020980835,0.0,4.940000057220459,4.760000228881836,4.940000057220459,0.0,189718800
2024-01-15,4.256124496459961,4.840000152587891,0.0,4.880000114440918,4.800000190734863,4.800000190734863,0.0,51000600
2024-01-16,4.238537788391113,4.820000171661377,0.0,4.960000038146973,4.820000171661377,4.860000133514404,0.0,140404600
2024-01-17,4.009902000427246,4.559999942779541,0.0,4.78000020980835,4.539999961853027,4.78000020980835,0.0,300047300
2024-01-18,4.097838878631592,4.659999847412109,0.0,4.71999979019165,4.559999942779541,4.579999923706055,0.0,219071200
2024-01-19,4.080251216888428,4.639999866485596,0.0,4.760000228881836,4.639999866485596,4.71999979019165,0.0,164014400
2024-01-22,4.009902000427246,4.559999942779541,0.0,4.639999866485596,4.539999961853027,4.619999885559082,0.0,115274100
2024-01-23,3.9923152923583984,4.539999961853027,0.0,4.679999828338623,4.519999980926514,4.599999904632568,0.0,117212500
2024-01-24,4.133013725280762,4.699999809265137,0.0,4.699999809265137,4.539999961853027,4.559999942779541,0.0,71258100
2024-01-25,4.1857757568359375,4.760000228881836,0.0,4.78000020980835,4.659999847412109,4.739999771118164,0.0,118381700
2024-01-26,4.097838878631592,4.659999847412109,0.0,4.78000020980835,4.639999866485596,4.760000228881836,0.0,65766000
2024-01-29,4.133013725280762,4.699999809265137,0.0,4.71999979019165,4.619999885559082,4.679999828338623,0.0,42811900
2024-01-30,4.1857757568359375,4.760000228881836,0.0,4.78000020980835,4.679999828338623,4.71999979019165,0.0,81972800
2024-01-31,4.168188095092773,4.739999771118164,0.0,4.739999771118164,4.639999866485596,4.739999771118164,0.0,74840900
2024-02-01,4.150600433349609,4.71999979019165,0.0,4.760000228881836,4.679999828338623,4.739999771118164,0.0,59090300
2024-02-02,4.203362941741943,4.78000020980835,0.0,4.800000190734863,4.739999771118164,4.739999771118164,0.0,66231000
2024-02-05,4.150600433349609,4.71999979019165,0.0,4.78000020980835,4.71999979019165,4.760000228881836,0.0,39904100
2024-02-06,4.308886528015137,4.900000095367432,0.0,4.900000095367432,4.739999771118164,4.739999771118164,0.0,150698700
2024-02-07,4.326474189758301,4.920000076293945,0.0,4.940000057220459,4.840000152587891,4.900000095367432,0.0,62051900
2024-02-08,4.291299343109131,4.880000114440918,0.0,4.920000076293945,4.860000133514404,4.920000076293945,0.0,39777200
2024-02-09,4.326474189758301,4.920000076293945,0.0,4.940000057220459,4.860000133514404,4.880000114440918,0.0,48539000
2024-02-12,4.326474189758301,4.920000076293945,0.0,4.940000057220459,4.880000114440918,4.920000076293945,0.0,39852800
2024-02-13,4.308886528015137,4.900000095367432,0.0,4.960000038146973,4.880000114440918,4.900000095367432,0.0,38905900
2024-02-14,4.291299343109131,4.880000114440918,0.0,4.900000095367432,4.840000152587891,4.860000133514404,0.0,48214600
2024-02-15,4.273712158203125,4.860000133514404,0.0,4.900000095367432,4.840000152587891,4.880000114440918,0.0,25242300
2024-02-16,4.256124496459961,4.840000152587891,0.0,4.900000095367432,4.820000171661377,4.860000133514404,0.0,43312500
2024-02-19,4.273712158203125,4.860000133514404,0.0,4.920000076293945,4.820000171661377,4.820000171661377,0.0,28796900
2024-02-20,4.203362941741943,4.78000020980835,0.0,4.860000133514404,4.739999771118164,4.840000152587891,0.0,60037600
2024-02-21,4.238537788391113,4.820000171661377,0.0,4.840000152587891,4.739999771118164,4.78000020980835,0.0,39237600
2024-02-22,4.115426063537598,4.679999828338623,0.0,4.800000190734863,4.659999847412109,4.800000190734863,0.0,126795800
2024-02-23,4.133013725280762,4.699999809265137,0.0,4.71999979019165,4.679999828338623,4.679999828338623,0.0,29627200
2024-02-27,3.9923152923583984,4.539999961853027,0.0,4.659999847412109,4.519999980926514,4.639999866485596,0.0,109621900
2024-02-28,3.9923152923583984,4.539999961853027,0.0,4.579999923706055,4.5,4.519999980926514,0.0,64692900
2024-02-29,4.045076847076416,4.599999904632568,0.0,4.659999847412109,4.559999942779541,4.579999923706055,0.0,80338600
2024-03-01,4.02748966217041,4.579999923706055,0.0,4.659999847412109,4.579999923706055,4.599999904632568,0.0,42781500
2024-03-04,4.009902000427246,4.559999942779541,0.0,4.599999904632568,4.5,4.559999942779541,0.0,47895600
2024-03-05,4.080251216888428,4.639999866485596,0.0,4.639999866485596,4.539999961853027,4.579999923706055,0.0,68979600
2024-03-06,4.133013725280762,4.699999809265137,0.0,4.71999979019165,4.619999885559082,4.619999885559082,0.0,62479300
2024-03-07,4.150600433349609,4.71999979019165,0.0,4.739999771118164,4.679999828338623,4.71999979019165,0.0,37509700
2024-03-08,4.220950126647949,4.800000190734863,0.0,4.800000190734863,4.71999979019165,4.71999979019165,0.0,39579500
2024-03-11,4.203362941741943,4.78000020980835,0.0,4.800000190734863,4.739999771118164,4.800000190734863,0.0,37466200
2024-03-12,4.203362941741943,4.78000020980835,0.0,4.78000020980835,4.78000020980835,4.78000020980835,0.0,0
2024-03-13,4.220950126647949,4.800000190734863,0.0,4.840000152587891,4.78000020980835,4.800000190734863,0.0,42108000
2024-03-14,4.238537788391113,4.820000171661377,0.0,4.840000152587891,4.78000020980835,4.800000190734863,0.0,23846600
2024-03-15,4.238537788391113,4.820000171661377,0.0,4.820000171661377,4.820000171661377,4.820000171661377,0.0,0
2024-03-18,4.203362941741943,4.78000020980835,0.0,4.840000152587891,4.760000228881836,4.800000190734863,0.0,45231600
2024-03-19,4.1857757568359375,4.760000228881836,0.0,4.78000020980835,4.699999809265137,4.760000228881836,0.0,72449200
2024-03-20,4.203362941741943,4.78000020980835,0.0,4.800000190734863,4.739999771118164,4.78000020980835,0.0,39706000
2024-03-21,4.238537788391113,4.820000171661377,0.0,4.840000152587891,4.78000020980835,4.800000190734863,0.0,40919500
2024-03-22,4.238537788391113,4.820000171661377,0.0,4.820000171661377,4.820000171661377,4.820000171661377,0.0,0
2024-03-25,4.220950126647949,4.800000190734863,0.0,4.840000152587891,4.78000020980835,4.820000171661377,0.0,44169200
2024-03-26,4.220950126647949,4.800000190734863,0.0,4.800000190734863,4.800000190734863,4.800000190734863,0.0,0
2024-03-27,4.203362941741943,4.78000020980835,0.0,4.860000133514404,4.760000228881836,4.760000228881836,0.0,49012700
2024-03-28,4.203362941741943,4.78000020980835,0.0,4.78000020980835,4.78000020980835,4.78000020980835,0.0,0
2024-03-29,4.1857757568359375,4.760000228881836,0.0,4.820000171661377,4.739999771118164,4.800000190734863,0.0,33486700
2024-04-01,4.238537788391113,4.820000171661377,0.0,4.860000133514404,4.760000228881836,4.760000228881836,0.0,34934400
2024-04-02,4.273712158203125,4.860000133514404,0.0,4.880000114440918,4.800000190734863,4.840000152587891,0.0,37488100
2024-04-03,4.1857757568359375,4.760000228881836,0.0,4.860000133514404,4.760000228881836,4.860000133514404,0.0,36524800
2024-04-04,4.1857757568359375,4.760000228881836,0.0,4.760000228881836,4.760000228881836,4.760000228881836,0.0,0
2024-04-05,4.150600433349609,4.71999979019165,0.0,4.760000228881836,4.71999979019165,4.71999979019165,0.0,24457200
2024-04-09,4.150600433349609,4.71999979019165,0.0,4.71999979019165,4.71999979019165,4.71999979019165,0.0,0
2024-04-10,4.308886528015137,4.900000095367432,0.0,4.920000076293945,4.820000171661377,4.820000171661377,0.0,62545800
2024-04-11,4.256124496459961,4.840000152587891,0.0,4.880000114440918,4.78000020980835,4.880000114440918,0.0,39461000
2024-04-17,4.220950126647949,4.800000190734863,0.0,4.840000152587891,4.760000228881836,4.78000020980835,0.0,43231100
2024-04-18,4.220950126647949,4.800000190734863,0.0,4.800000190734863,4.800000190734863,4.800000190734863,0.0,0
2024-04-19,4.220950126647949,4.800000190734863,0.0,4.800000190734863,4.800000190734863,4.800000190734863,0.0,0
2024-04-22,4.097838878631592,4.659999847412109,0.0,4.78000020980835,4.659999847412109,4.71999979019165,0.0,55816700
2024-04-23,4.1857757568359375,4.760000228881836,0.0,4.800000190734863,4.679999828338623,4.679999828338623,0.0,35930500
2024-04-24,4.1857757568359375,4.760000228881836,0.0,4.760000228881836,4.760000228881836,4.760000228881836,0.0,0
2024-04-25,4.256124496459961,4.840000152587891,0.0,4.880000114440918,4.800000190734863,4.860000133514404,0.0,37778000
2024-04-26,4.291299343109131,4.880000114440918,0.0,4.920000076293945,4.820000171661377,4.820000171661377,0.0,51190000
2024-04-29,4.396822929382324,5.0,0.0,5.099999904632568,4.900000095367432,4.900000095367432,0.0,143458300
2024-04-30,4.396822929382324,5.0,0.0,5.050000190734863,4.960000038146973,5.050000190734863,0.0,83849000
2024-05-02,4.4847588539123535,5.099999904632568,0.0,5.150000095367432,5.0,5.0,0.0,95073300
2024-05-03,4.4847588539123535,5.099999904632568,0.0,5.150000095367432,5.050000190734863,5.099999904632568,0.0,44047700
2024-05-07,4.4847588539123535,5.099999904632568,0.0,5.099999904632568,5.099999904632568,5.099999904632568,0.0,0
2024-05-08,4.44079065322876,5.050000190734863,0.0,5.099999904632568,5.0,5.050000190734863,0.0,56898600
2024-05-09,4.501106262207031,5.0,0.117,5.0,4.940000057220459,4.960000038146973,0.0,45628500
2024-05-10,4.546116828918457,5.050000190734863,0.0,5.050000190734863,4.960000038146973,4.980000019073486,0.0,23917400
2024-05-13,4.771172046661377,5.300000190734863,0.0,5.400000095367432,5.150000095367432,5.199999809265137,0.0,156319700
2024-05-14,4.726161479949951,5.25,0.0,5.349999904632568,5.199999809265137,5.300000190734863,0.0,41001200
2024-05-15,4.726161479949951,5.25,0.0,5.25,5.25,5.25,0.0,0
2024-05-16,4.726161479949951,5.25,0.0,5.25,5.25,5.25,0.0,0
2024-05-17,4.861194610595703,5.400000095367432,0.0,5.449999809265137,5.300000190734863,5.449999809265137,0.0,58178900
2024-05-20,4.861194610595703,5.400000095367432,0.0,5.400000095367432,5.400000095367432,5.400000095367432,0.0,0
2024-05-21,4.951216697692871,5.5,0.0,5.550000190734863,5.449999809265137,5.5,0.0,43571200
2024-05-23,4.906205177307129,5.449999809265137,0.0,5.550000190734863,5.400000095367432,5.5,0.0,106926600
2024-05-24,4.906205177307129,5.449999809265137,0.0,5.449999809265137,5.449999809265137,5.449999809265137,0.0,0
2024-05-27,4.951216697692871,5.5,0.0,5.650000095367432,5.5,5.550000190734863,0.0,88881300
2024-05-28,4.906205177307129,5.449999809265137,0.0,5.550000190734863,5.400000095367432,5.550000190734863,0.0,37881400
2024-05-29,4.861194610595703,5.400000095367432,0.0,5.5,5.349999904632568,5.449999809265137,0.0,49590900
2024-05-30,4.771172046661377,5.300000190734863,0.0,5.349999904632568,5.25,5.300000190734863,0.0,87818200
2024-05-31,4.771172046661377,5.300000190734863,0.0,5.300000190734863,5.300000190734863,5.300000190734863,0.0,0
2024-06-04,5.041238307952881,5.599999904632568,0.0,5.650000095367432,5.400000095367432,5.550000190734863,0.0,108232500
2024-06-05,4.906205177307129,5.449999809265137,0.0,5.599999904632568,5.400000095367432,5.599999904632568,0.0,45240500
2024-06-06,4.861194610595703,5.400000095367432,0.0,5.5,5.349999904632568,5.400000095367432,0.0,42297000
2024-06-07,4.861194610595703,5.400000095367432,0.0,5.5,5.349999904632568,5.400000095367432,0.0,52531200
2024-06-10,4.906205177307129,5.449999809265137,0.0,5.5,5.400000095367432,5.400000095367432,0.0,27618000
2024-06-11,4.771172046661377,5.300000190734863,0.0,5.400000095367432,5.25,5.400000095367432,0.0,77851300
2024-06-12,4.771172046661377,5.300000190734863,0.0,5.400000095367432,5.25,5.300000190734863,0.0,39607700
2024-06-13,4.726161479949951,5.25,0.0,5.400000095367432,5.25,5.300000190734863,0.0,44198000
2024-06-14,4.771172046661377,5.300000190734863,0.0,5.400000095367432,5.25,5.25,0.0,31658900
2024-06-17,4.771172046661377,5.300000190734863,0.0,5.300000190734863,5.300000190734863,5.300000190734863,0.0,0
2024-06-18,4.771172046661377,5.300000190734863,0.0,5.300000190734863,5.300000190734863,5.300000190734863,0.0,0
2024-06-19,4.771172046661377,5.300000190734863,0.0,5.300000190734863,5.300000190734863,5.300000190734863,0.0,0
2024-06-20,4.546116828918457,5.050000190734863,0.0,5.349999904632568,4.980000019073486,5.300000190734863,0.0,144637400
2024-06-21,4.429088592529297,4.920000076293945,0.0,5.050000190734863,4.820000171661377,5.050000190734863,0.0,236199600
2024-06-24,4.429088592529297,4.920000076293945,0.0,4.920000076293945,4.920000076293945,4.920000076293945,0.0,0
2024-06-25,4.429088592529297,4.920000076293945,0.0,4.920000076293945,4.920000076293945,4.920000076293945,0.0,0
2024-06-26,4.429088592529297,4.920000076293945,0.0,4.920000076293945,4.920000076293945,4.920000076293945,0.0,0
2024-06-27,4.357070446014404,4.840000152587891,0.0,4.960000038146973,4.820000171661377,4.940000057220459,0.0,76966400
2024-06-28,4.357070446014404,4.840000152587891,0.0,4.880000114440918,4.78000020980835,4.840000152587891,0.0,96272200
2024-07-01,4.411084175109863,4.900000095367432,0.0,4.960000038146973,4.860000133514404,4.860000133514404,0.0,46789400
2024-07-02,4.357070446014404,4.840000152587891,0.0,4.960000038146973,4.820000171661377,4.880000114440918,0.0,78208200
2024-07-03,4.375075340270996,4.860000133514404,0.0,4.880000114440918,4.800000190734863,4.820000171661377,0.0,22467600
2024-07-04,4.411084175109863,4.900000095367432,0.0,4.940000057220459,4.860000133514404,4.900000095367432,0.0,35568000
2024-07-05,4.501106262207031,5.0,0.0,5.0,4.900000095367432,4.920000076293945,0.0,48897900
2024-07-08,4.465097427368164,4.960000038146973,0.0,5.050000190734863,4.940000057220459,5.0,0.0,49538700
2024-07-09,4.465097427368164,4.960000038146973,0.0,4.960000038146973,4.960000038146973,4.960000038146973,0.0,0
2024-07-10,4.39307975769043,4.880000114440918,0.0,4.940000057220459,4.860000133514404,4.920000076293945,0.0,34382400
2024-07-11,4.429088592529297,4.920000076293945,0.0,4.940000057220459,4.900000095367432,4.900000095367432,0.0,25153800
2024-07-12,4.429088592529297,4.920000076293945,0.0,4.920000076293945,4.920000076293945,4.920000076293945,0.0,0
2024-07-15,4.429088592529297,4.920000076293945,0.0,4.920000076293945,4.920000076293945,4.920000076293945,0.0,0
2024-07-16,4.636138916015625,5.150000095367432,0.0,5.25,5.099999904632568,5.150000095367432,0.0,51588300
2024-07-17,4.636138916015625,5.150000095367432,0.0,5.150000095367432,5.150000095367432,5.150000095367432,0.0,0
2024-07-18,4.726161479949951,5.25,0.0,5.300000190734863,5.150000095367432,5.150000095367432,0.0,59356700
2024-07-19,4.591127395629883,5.099999904632568,0.0,5.25,5.050000190734863,5.199999809265137,0.0,47163600
2024-07-23,4.546116828918457,5.050000190734863,0.0,5.150000095367432,5.0,5.150000095367432,0.0,28138700
2024-07-24,4.546116828918457,5.050000190734863,0.0,5.099999904632568,4.980000019073486,5.050000190734863,0.0,52699800
2024-07-25,4.546116828918457,5.050000190734863,0.0,5.099999904632568,4.980000019073486,5.0,0.0,21828600
2024-07-26,4.636138916015625,5.150000095367432,0.0,5.199999809265137,5.050000190734863,5.050000190734863,0.0,27217400
2024-07-30,4.636138916015625,5.150000095367432,0.0,5.150000095367432,5.150000095367432,5.150000095367432,0.0,0
2024-07-31,4.726161479949951,5.25,0.0,5.25,5.150000095367432,5.199999809265137,0.0,70168600
2024-08-01,4.726161479949951,5.25,0.0,5.349999904632568,5.199999809265137,5.25,0.0,33520900
2024-08-02,4.726161479949951,5.25,0.0,5.25,5.25,5.25,0.0,0
2024-08-05,4.501106262207031,5.0,0.0,5.099999904632568,4.940000057220459,5.050000190734863,0.0,93399700
2024-08-06,4.429088592529297,4.920000076293945,0.0,5.050000190734863,4.920000076293945,5.0,0.0,30498200
2024-08-07,4.591127395629883,5.099999904632568,0.0,5.099999904632568,4.940000057220459,4.960000038146973,0.0,26084300
2024-08-08,4.591127395629883,5.099999904632568,0.0,5.099999904632568,5.099999904632568,5.099999904632568,0.0,0
2024-08-09,4.681150436401367,5.199999809265137,0.0,5.25,5.050000190734863,5.099999904632568,0.0,49942200
2024-08-13,4.636138916015625,5.150000095367432,0.0,5.300000190734863,5.099999904632568,5.25,0.0,50775100
2024-08-14,4.591127395629883,5.099999904632568,0.0,5.199999809265137,5.050000190734863,5.150000095367432,0.0,31493200
2024-08-15,4.546116828918457,5.050000190734863,0.0,5.150000095367432,4.940000057220459,5.099999904632568,0.0,66274500
2024-08-16,4.591127395629883,5.099999904632568,0.0,5.150000095367432,5.050000190734863,5.050000190734863,0.0,15484100
2024-08-19,4.591127395629883,5.099999904632568,0.0,5.099999904632568,5.099999904632568,5.099999904632568,0.0,0
2024-08-20,4.546116828918457,5.050000190734863,0.0,5.099999904632568,4.960000038146973,5.099999904632568,0.0,69622300
2024-08-21,4.636138916015625,5.150000095367432,0.0,5.150000095367432,5.050000190734863,5.050000190734863,0.0,20163300
2024-08-22,4.591127395629883,5.099999904632568,0.0,5.199999809265137,5.050000190734863,5.150000095367432,0.0,16033500
2024-08-23,4.636138916015625,5.150000095367432,0.0,5.150000095367432,5.050000190734863,5.050000190734863,0.0,21994600
2024-08-26,4.681150436401367,5.199999809265137,0.0,5.199999809265137,5.099999904632568,5.150000095367432,0.0,23802500
2024-08-27,4.681150436401367,5.199999809265137,0.0,5.25,5.099999904632568,5.199999809265137,0.0,28624500
2024-08-28,4.906205177307129,5.449999809265137,0.0,5.449999809265137,5.25,5.25,0.0,75236000
2024-08-29,4.816183090209961,5.349999904632568,0.0,5.449999809265137,5.300000190734863,5.400000095367432,0.0,62322200
2024-08-30,4.771172046661377,5.300000190734863,0.0,5.400000095367432,5.300000190734863,5.400000095367432,0.0,40107900
2024-09-02,4.726161479949951,5.25,0.0,5.349999904632568,5.25,5.349999904632568,0.0,19479000
2024-09-03,4.726161479949951,5.25,0.0,5.25,5.25,5.25,0.0,0
2024-09-04,4.726161479949951,5.25,0.0,5.25,5.25,5.25,0.0,0
2024-09-05,4.951216697692871,5.5,0.0,5.5,5.25,5.25,0.0,92374000
2024-09-06,4.906205177307129,5.449999809265137,0.0,5.550000190734863,5.400000095367432,5.5,0.0,69040500
2024-09-09,4.906205177307129,5.449999809265137,0.0,5.449999809265137,5.449999809265137,5.449999809265137,0.0,0
2024-09-10,5.086249828338623,5.650000095367432,0.0,5.650000095367432,5.5,5.550000190734863,0.0,54969200
2024-09-11,4.951216697692871,5.5,0.0,5.650000095367432,5.449999809265137,5.650000095367432,0.0,79790200
2024-09-12,4.996228218078613,5.550000190734863,0.0,5.699999809265137,5.5,5.599999904632568,0.0,101058100
2024-09-13,5.041238307952881,5.599999904632568,0.0,5.650000095367432,5.5,5.599999904632568,0.0,29666600
2024-09-16,4.996228218078613,5.550000190734863,0.0,5.650000095367432,5.5,5.599999904632568,0.0,42863800
2024-09-17,5.041238307952881,5.599999904632568,0.0,5.650000095367432,5.550000190734863,5.550000190734863,0.0,54690700
2024-09-18,5.041238307952881,5.599999904632568,0.0,5.650000095367432,5.550000190734863,5.599999904632568,0.0,60931500
2024-09-19,5.041238307952881,5.599999904632568,0.0,5.599999904632568,5.599999904632568,5.599999904632568,0.0,0
2024-09-20,5.041238307952881,5.599999904632568,0.0,5.599999904632568,5.599999904632568,5.599999904632568,0.0,0
2024-09-23,4.906205177307129,5.449999809265137,0.0,5.5,5.400000095367432,5.449999809265137,0.0,42721500
2024-09-24,4.906205177307129,5.449999809265137,0.0,5.550000190734863,5.400000095367432,5.5,0.0,39755100
2024-09-25,4.906205177307129,5.449999809265137,0.0,5.5,5.400000095367432,5.449999809265137,0.0,27585900
2024-09-26,4.906205177307129,5.449999809265137,0.0,5.5,5.400000095367432,5.5,0.0,42110300
2024-09-27,4.906205177307129,5.449999809265137,0.0,5.449999809265137,5.449999809265137,5.449999809265137,0.0,0
2024-09-30,4.906205177307129,5.449999809265137,0.0,5.449999809265137,5.300000190734863,5.400000095367432,0.0,53551400
2024-10-01,4.951216697692871,5.5,0.0,5.599999904632568,5.449999809265137,5.5,0.0,43940300
2024-10-02,4.906205177307129,5.449999809265137,0.0,5.650000095367432,5.449999809265137,5.550000190734863,0.0,167673900
2024-10-03,4.906205177307129,5.449999809265137,0.0,5.550000190734863,5.400000095367432,5.5,0.0,40798200
2024-10-04,4.951216697692871,5.5,0.0,5.5,5.349999904632568,5.449999809265137,0.0,50338100
2024-10-07,5.041238307952881,5.599999904632568,0.0,5.650000095367432,5.400000095367432,5.449999809265137,0.0,143800400
2024-10-08,5.221283435821533,5.800000190734863,0.0,5.849999904632568,5.599999904632568,5.599999904632568,0.0,179818300
2024-10-09,5.086249828338623,5.650000095367432,0.0,5.849999904632568,5.599999904632568,5.75,0.0,172592700
2024-10-10,5.086249828338623,5.650000095367432,0.0,5.699999809265137,5.599999904632568,5.650000095367432,0.0,86798500
2024-10-11,5.041238307952881,5.599999904632568,0.0,5.699999809265137,5.599999904632568,5.650000095367432,0.0,38591300
2024-10-15,5.041238307952881,5.599999904632568,0.0,5.699999809265137,5.599999904632568,5.599999904632568,0.0,62952200
2024-10-16,5.041238307952881,5.599999904632568,0.0,5.599999904632568,5.599999904632568,5.599999904632568,0.0,0
2024-10-17,5.176271915435791,5.75,0.0,5.900000095367432,5.699999809265137,5.699999809265137,0.0,146632200
2024-10-18,5.131260871887207,5.699999809265137,0.0,5.800000190734863,5.699999809265137,5.75,0.0,44431600
2024-10-21,5.131260871887207,5.699999809265137,0.0,5.800000190734863,5.699999809265137,5.75,0.0,51408800
2024-10-22,5.131260871887207,5.699999809265137,0.0,5.699999809265137,5.699999809265137,5.699999809265137,0.0,0
2024-10-24,5.221283435821533,5.800000190734863,0.0,5.900000095367432,5.699999809265137,5.75,0.0,82773300
2024-10-25,5.221283435821533,5.800000190734863,0.0,5.800000190734863,5.800000190734863,5.800000190734863,0.0,0
2024-10-28,5.266293525695801,5.849999904632568,0.0,6.199999809265137,5.849999904632568,6.150000095367432,0.0,149453000
2024-10-29,5.221283435821533,5.800000190734863,0.0,5.849999904632568,5.75,5.849999904632568,0.0,56648500
2024-10-30,5.176271915435791,5.75,0.0,5.800000190734863,5.650000095367432,5.75,0.0,57481900
2024-10-31,5.266293525695801,5.849999904632568,0.0,5.900000095367432,5.699999809265137,5.699999809265137,0.0,57609000
2024-11-01,5.311305046081543,5.900000095367432,0.0,5.900000095367432,5.75,5.800000190734863,0.0,42321400
2024-11-04,5.311305046081543,5.900000095367432,0.0,5.900000095367432,5.75,5.849999904632568,0.0,34430400
2024-11-05,5.311305046081543,5.900000095367432,0.0,5.949999809265137,5.75,5.900000095367432,0.0,57723400
2024-11-06,5.311305046081543,5.900000095367432,0.0,6.150000095367432,5.75,5.900000095367432,0.0,222049200
2024-11-07,5.266293525695801,5.849999904632568,0.0,6.0,5.849999904632568,5.900000095367432,0.0,82574900
2024-11-08,5.401327610015869,6.0,0.0,6.050000190734863,5.900000095367432,5.900000095367432,0.0,94156200
2024-11-11,5.041238307952881,5.599999904632568,0.0,5.75,5.449999809265137,5.75,0.0,222001800
2024-11-12,5.176271915435791,5.75,0.0,5.75,5.550000190734863,5.650000095367432,0.0,108109900
2024-11-13,5.176271915435791,5.75,0.0,5.75,5.599999904632568,5.75,0.0,66955200
2024-11-14,5.041238307952881,5.599999904632568,0.0,5.699999809265137,5.599999904632568,5.650000095367432,0.0,50401400
2024-11-15,5.041238307952881,5.599999904632568,0.0,5.699999809265137,5.599999904632568,5.650000095367432,0.0,38048000
2024-11-18,5.041238307952881,5.599999904632568,0.0,5.699999809265137,5.599999904632568,5.599999904632568,0.0,16588700
2024-11-19,5.041238307952881,5.599999904632568,0.0,5.650000095367432,5.599999904632568,5.650000095367432,0.0,19069300
2024-11-20,5.041238307952881,5.599999904632568,0.0,5.650000095367432,5.5,5.650000095367432,0.0,34367300
2024-11-21,5.10219144821167,5.599999904632568,0.0669,5.599999904632568,5.5,5.550000190734863,0.0,30003400
2024-11-22,5.375523567199707,5.900000095367432,0.0,5.900000095367432,5.550000190734863,5.599999904632568,0.0,89820400
2024-11-25,5.2844133377075195,5.800000190734863,0.0,5.949999809265137,5.75,5.900000095367432,0.0,53276800
2024-11-26,5.193302154541016,5.699999809265137,0.0,5.800000190734863,5.650000095367432,5.75,0.0,32237500
2024-11-27,5.10219144821167,5.599999904632568,0.0,5.699999809265137,5.550000190734863,5.650000095367432,0.0,38977500
2024-11-28,5.10219144821167,5.599999904632568,0.0,5.650000095367432,5.599999904632568,5.599999904632568,0.0,11826800
2024-11-29,5.193302154541016,5.699999809265137,0.0,5.699999809265137,5.599999904632568,5.599999904632568,0.0,27409000
2024-12-02,5.2844133377075195,5.800000190734863,0.0,5.800000190734863,5.599999904632568,5.699999809265137,0.0,31551900
2024-12-03,5.329967498779297,5.849999904632568,0.0,5.900000095367432,5.800000190734863,5.849999904632568,0.0,26531900
2024-12-04,5.2844133377075195,5.800000190734863,0.0,5.849999904632568,5.800000190734863,5.800000190734863,0.0,10761100
2024-12-06,5.2844133377075195,5.800000190734863,0.0,5.849999904632568,5.800000190734863,5.800000190734863,0.0,15217100
2024-12-09,5.238857746124268,5.75,0.0,5.849999904632568,5.699999809265137,5.800000190734863,0.0,41298300
2024-12-11,5.193302154541016,5.699999809265137,0.0,5.75,5.650000095367432,5.699999809265137,0.0,22987000
2024-12-12,5.10219144821167,5.599999904632568,0.0,5.75,5.599999904632568,5.75,0.0,49478400
2024-12-13,4.9655256271362305,5.449999809265137,0.0,5.650000095367432,5.449999809265137,5.599999904632568,0.0,51675700
2024-12-16,4.9655256271362305,5.449999809265137,0.0,5.5,5.400000095367432,5.5,0.0,48854100
2024-12-17,4.919970512390137,5.400000095367432,0.0,5.550000190734863,5.400000095367432,5.5,0.0,44275000
2024-12-18,4.9655256271362305,5.449999809265137,0.0,5.449999809265137,5.349999904632568,5.400000095367432,0.0,39596500
2024-12-19,4.7377495765686035,5.199999809265137,0.0,5.400000095367432,5.150000095367432,5.349999904632568,0.0,92482500
2024-12-20,4.7377495765686035,5.199999809265137,0.0,5.300000190734863,5.099999904632568,5.199999809265137,0.0,52156800
2024-12-23,4.9655256271362305,5.449999809265137,0.0,5.449999809265137,5.199999809265137,5.25,0.0,52087900
2024-12-24,4.919970512390137,5.400000095367432,0.0,5.449999809265137,5.349999904632568,5.449999809265137,0.0,19059900
2024-12-25,4.874414920806885,5.349999904632568,0.0,5.449999809265137,5.349999904632568,5.400000095367432,0.0,20683200
2024-12-26,4.919970512390137,5.400000095367432,0.0,5.5,5.349999904632568,5.349999904632568,0.0,37305500
2024-12-27,4.9655256271362305,5.449999809265137,0.0,5.5,5.349999904632568,5.400000095367432,0.0,35528100
2024-12-30,5.011081218719482,5.5,0.0,5.550000190734863,5.449999809265137,5.449999809265137,0.0,40866600
2025-01-02,4.9655256271362305,5.449999809265137,0.0,5.550000190734863,5.400000095367432,5.5,0.0,23444300
2025-01-03,5.011081218719482,5.5,0.0,5.550000190734863,5.400000095367432,5.5,0.0,45066800
2025-01-06,4.828859806060791,5.300000190734863,0.0,5.550000190734863,5.300000190734863,5.5,0.0,71049000
2025-01-07,4.9655256271362305,5.449999809265137,0.0,5.5,5.25,5.300000190734863,0.0,75419300
2025-01-08,4.9655256271362305,5.449999809265137,0.0,5.550000190734863,5.449999809265137,5.449999809265137,0.0,58567500
2025-01-09,4.7833051681518555,5.25,0.0,5.400000095367432,5.25,5.400000095367432,0.0,46353500
2025-01-10,4.7377495765686035,5.199999809265137,0.0,5.300000190734863,5.150000095367432,5.25,0.0,54675300
2025-01-13,4.692193984985352,5.150000095367432,0.0,5.199999809265137,5.050000190734863,5.150000095367432,0.0,41489400
2025-01-14,4.692193984985352,5.150000095367432,0.0,5.300000190734863,5.150000095367432,5.25,0.0,27842400
2025-01-15,4.828859806060791,5.300000190734863,0.0,5.300000190734863,5.050000190734863,5.150000095367432,0.0,58188400
2025-01-16,4.692193984985352,5.150000095367432,0.0,5.25,5.050000190734863,5.25,0.0,59753300
2025-01-17,4.500861644744873,4.940000057220459,0.0,5.150000095367432,4.820000171661377,5.099999904632568,0.0,188218500
2025-01-20,4.44619607925415,4.880000114440918,0.0,4.980000019073486,4.820000171661377,4.980000019073486,0.0,184154600
2025-01-21,4.55552864074707,5.0,0.0,5.150000095367432,4.860000133514404,4.900000095367432,0.0,87680700
2025-01-22,4.601083278656006,5.050000190734863,0.0,5.199999809265137,4.960000038146973,4.980000019073486,0.0,135201200
2025-01-23,4.55552864074707,5.0,0.0,5.099999904632568,5.0,5.050000190734863,0.0,28254400
2025-01-24,4.464417934417725,4.900000095367432,0.0,5.050000190734863,4.880000114440918,5.050000190734863,0.0,136473200
2025-01-27,4.4097514152526855,4.840000152587891,0.0,4.960000038146973,4.820000171661377,4.900000095367432,0.0,60042400
2025-01-28,4.482640266418457,4.920000076293945,0.0,4.920000076293945,4.840000152587891,4.860000133514404,0.0,65153400
2025-01-29,4.44619607925415,4.880000114440918,0.0,4.980000019073486,4.840000152587891,4.980000019073486,0.0,55512800
2025-01-30,4.482640266418457,4.920000076293945,0.0,5.050000190734863,4.920000076293945,4.940000057220459,0.0,102544600
2025-01-31,4.336863040924072,4.760000228881836,0.0,4.920000076293945,4.739999771118164,4.920000076293945,0.0,111710500
2025-02-03,4.391529560089111,4.820000171661377,0.0,4.840000152587891,4.619999885559082,4.619999885559082,0.0,73904100
2025-02-04,4.336863040924072,4.760000228881836,0.0,4.860000133514404,4.71999979019165,4.840000152587891,0.0,69922300
2025-02-05,4.282196521759033,4.699999809265137,0.0,4.800000190734863,4.699999809265137,4.760000228881836,0.0,56987300
2025-02-06,4.008864879608154,4.400000095367432,0.0,4.699999809265137,4.380000114440918,4.699999809265137,0.0,249752400
2025-02-07,4.118197441101074,4.519999980926514,0.0,4.559999942779541,4.400000095367432,4.440000057220459,0.0,139491800
2025-02-10,4.154641628265381,4.559999942779541,0.0,4.579999923706055,4.400000095367432,4.460000038146973,0.0,92367500
2025-02-11,4.227530002593994,4.639999866485596,0.0,4.679999828338623,4.519999980926514,4.559999942779541,0.0,83274300
2025-02-13,4.20930814743042,4.619999885559082,0.0,4.639999866485596,4.579999923706055,4.619999885559082,0.0,41890100
2025-02-14,4.282196521759033,4.699999809265137,0.0,4.699999809265137,4.619999885559082,4.659999847412109,0.0,49832300
2025-02-17,4.300418376922607,4.71999979019165,0.0,4.739999771118164,4.599999904632568,4.699999809265137,0.0,68182300
2025-02-18,4.282196521759033,4.699999809265137,0.0,4.78000020980835,4.699999809265137,4.739999771118164,0.0,40128500
2025-02-19,4.263974189758301,4.679999828338623,0.0,4.71999979019165,4.599999904632568,4.679999828338623,0.0,112680400
2025-02-20,4.1910858154296875,4.599999904632568,0.0,4.639999866485596,4.539999961853027,4.599999904632568,0.0,99565900
2025-02-21,4.1910858154296875,4.599999904632568,0.0,4.699999809265137,4.579999923706055,4.619999885559082,0.0,119415900
2025-02-24,3.371090888977051,3.700000047683716,0.0,4.320000171661377,3.4800000190734863,4.21999979019165,0.0,977912100
2025-02-25,3.1342036724090576,3.440000057220459,0.0,3.740000009536743,3.4200000762939453,3.740000009536743,0.0,627532800
2025-02-26,3.316424608230591,3.640000104904175,0.0,3.680000066757202,3.4000000953674316,3.4800000190734863,0.0,621317700
2025-02-27,3.170647621154785,3.4800000190734863,0.0,3.6600000858306885,3.4600000381469727,3.640000104904175,0.0,259675400
2025-02-28,3.1342036724090576,3.440000057220459,0.0,3.5199999809265137,3.3399999141693115,3.4000000953674316,0.0,139072200
2025-03-03,3.006648540496826,3.299999952316284,0.0,3.5,3.2799999713897705,3.4600000381469727,0.0,204793900
2025-03-04,3.0613150596618652,3.359999895095825,0.0,3.559999942779541,3.299999952316284,3.299999952316284,0.0,294754300
2025-03-05,3.207091808319092,3.5199999809265137,0.0,3.559999942779541,3.380000114440918,3.4000000953674316,0.0,180574800
2025-03-06,3.207091808319092,3.5199999809265137,0.0,3.559999942779541,3.4800000190734863,3.559999942779541,0.0,154154400
2025-03-07,3.4257571697235107,3.759999990463257,0.0,3.799999952316284,3.619999885559082,3.640000104904175,0.0,361613400
2025-03-10,3.2982025146484375,3.619999885559082,0.0,3.7799999713897705,3.5999999046325684,3.740000009536743,0.0,100192100
2025-03-11,3.334646701812744,3.6600000858306885,0.0,3.700000047683716,3.5199999809265137,3.5399999618530273,0.0,164587800
2025-03-12,3.170647621154785,3.4800000190734863,0.0,3.680000066757202,3.4800000190734863,3.680000066757202,0.0,122179800
2025-03-13,3.170647621154785,3.4800000190734863,0.0,3.5399999618530273,3.4800000190734863,3.5199999809265137,0.0,98566900
2025-03-14,3.170647621154785,3.4800000190734863,0.0,3.5199999809265137,3.4200000762939453,3.5199999809265137,0.0,124777600
2025-03-17,3.1888699531555176,3.5,0.0,3.640000104904175,3.5,3.5999999046325684,0.0,113409700
2025-03-18,3.261758327484131,3.5799999237060547,0.0,3.5999999046325684,3.4800000190734863,3.5399999618530273,0.0,146608200
2025-03-19,3.443979501724243,3.7799999713897705,0.0,3.819999933242798,3.5399999618530273,3.559999942779541,0.0,217545600
2025-03-20,3.371090888977051,3.700000047683716,0.0,3.799999952316284,3.700000047683716,3.799999952316284,0.0,122344300
2025-03-21,3.334646701812744,3.6600000858306885,0.0,3.740000009536743,3.619999885559082,3.680000066757202,0.0,100227500
2025-03-24,3.334646701812744,3.6600000858306885,0.0,3.680000066757202,3.5999999046325684,3.6600000858306885,0.0,48935400
2025-03-25,3.2435359954833984,3.559999942779541,0.0,3.6600000858306885,3.5399999618530273,3.6600000858306885,0.0,77885400
2025-03-26,3.279980182647705,3.5999999046325684,0.0,3.640000104904175,3.559999942779541,3.559999942779541,0.0,30452200
2025-03-27,3.170647621154785,3.4800000190734863,0.0,3.5999999046325684,3.4800000190734863,3.559999942779541,0.0,131341100
2025-03-28,3.152425765991211,3.4600000381469727,0.0,3.5199999809265137,3.380000114440918,3.440000057220459,0.0,96676300
2025-03-31,3.1159815788269043,3.4200000762939453,0.0,3.4600000381469727,3.299999952316284,3.299999952316284,0.0,120918000
2025-04-01,3.170647621154785,3.4800000190734863,0.0,3.5199999809265137,3.4200000762939453,3.440000057220459,0.0,54255300
2025-04-02,3.152425765991211,3.4600000381469727,0.0,3.5,3.440000057220459,3.4800000190734863,0.0,39329600
2025-04-03,2.824427366256714,3.0999999046325684,0.0,3.2799999713897705,3.059999942779541,3.0999999046325684,0.0,461399500
2025-04-04,2.6786506175994873,2.940000057220459,0.0,3.0399999618530273,2.9200000762939453,3.0199999809265137,0.0,297814300
2025-04-08,2.2959864139556885,2.5199999809265137,0.0,2.7799999713897705,2.5,2.700000047683716,0.0,408627400
2025-04-09,2.2413201332092285,2.4600000381469727,0.0,2.5399999618530273,2.259999990463257,2.380000114440918,0.0,367627900
2025-04-10,2.5875399112701416,2.8399999141693115,0.0,2.8399999141693115,2.819999933242798,2.8399999141693115,0.0,132631800
2025-04-11,2.3688747882843018,2.5999999046325684,0.0,2.880000114440918,2.5199999809265137,2.819999933242798,0.0,478365400
2025-04-16,2.5146515369415283,2.759999990463257,0.0,2.880000114440918,2.5799999237060547,2.640000104904175,0.0,319361500
2025-04-17,2.5875399112701416,2.8399999141693115,0.0,2.859999895095825,2.740000009536743,2.759999990463257,0.0,134858000
2025-04-18,2.6239843368530273,2.880000114440918,0.0,2.9000000953674316,2.819999933242798,2.8399999141693115,0.0,116643100
2025-04-21,2.5875399112701416,2.8399999141693115,0.0,3.059999942779541,2.8399999141693115,2.9200000762939453,0.0,303340600
2025-04-22,2.6422066688537598,2.9000000953674316,0.0,2.940000057220459,2.7799999713897705,2.8399999141693115,0.0,125612600
2025-04-23,2.6422066688537598,2.9000000953674316,0.0,2.9600000381469727,2.880000114440918,2.9600000381469727,0.0,99045500
2025-04-24,2.6786506175994873,2.940000057220459,0.0,2.9600000381469727,2.9000000953674316,2.940000057220459,0.0,99051500
2025-04-25,2.7879831790924072,3.059999942779541,0.0,3.059999942779541,2.9600000381469727,2.9600000381469727,0.0,123961500
2025-04-28,2.7515389919281006,3.0199999809265137,0.0,3.0799999237060547,2.9800000190734863,3.0799999237060547,0.0,72508400
2025-04-29,2.6968729496002197,2.9600000381469727,0.0,3.0399999618530273,2.9200000762939453,3.0199999809265137,0.0,100993700
2025-04-30,2.7515389919281006,3.0199999809265137,0.0,3.0399999618530273,2.9600000381469727,2.9800000190734863,0.0,81001000
2025-05-02,2.8062055110931396,3.0799999237060547,0.0,3.119999885559082,3.0399999618530273,3.0399999618530273,0.0,169720200
2025-05-06,2.769761323928833,3.0399999618530273,0.0,3.0799999237060547,3.0,3.0799999237060547,0.0,151557000
2025-05-07,2.9632253646850586,3.119999885559082,0.1237,3.1600000858306885,2.9800000190734863,2.9800000190734863,0.0,198421500
2025-05-08,3.001215696334839,3.1600000858306885,0.0,3.200000047683716,3.0999999046325684,3.200000047683716,0.0,96898100
2025-05-09,3.001215696334839,3.1600000858306885,0.0,3.200000047683716,3.059999942779541,3.180000066757202,0.0,95450700
2025-05-13,3.134180784225464,3.299999952316284,0.0,3.5999999046325684,3.2799999713897705,3.380000114440918,0.0,414368900
2025-05-14,3.267146348953247,3.440000057220459,0.0,3.4800000190734863,3.3399999141693115,3.4000000953674316,0.0,174661300
2025-05-15,3.134180784225464,3.299999952316284,0.0,3.4600000381469727,3.259999990463257,3.440000057220459,0.0,172487700
2025-05-16,3.1151859760284424,3.2799999713897705,0.0,3.359999895095825,3.240000009536743,3.299999952316284,0.0,68512300
2025-05-19,3.077195882797241,3.240000009536743,0.0,3.240000009536743,3.1600000858306885,3.2200000286102295,0.0,100077300
2025-05-20,3.03920578956604,3.200000047683716,0.0,3.2799999713897705,3.180000066757202,3.240000009536743,0.0,74665300
2025-05-21,3.03920578956604,3.200000047683716,0.0,3.2799999713897705,3.180000066757202,3.200000047683716,0.0,106189100
2025-05-22,2.9822208881378174,3.140000104904175,0.0,3.2200000286102295,3.119999885559082,3.180000066757202,0.0,93451600
2025-05-23,3.03920578956604,3.200000047683716,0.0,3.259999990463257,3.1600000858306885,3.200000047683716,0.0,72513200
2025-05-26,2.944230556488037,3.0999999046325684,0.0,3.200000047683716,3.059999942779541,3.180000066757202,0.0,95609900
2025-05-27,2.906240463256836,3.059999942779541,0.0,3.0999999046325684,3.0199999809265137,3.0999999046325684,0.0,72932300
2025-05-28,2.9632253646850586,3.119999885559082,0.0,3.1600000858306885,3.0799999237060547,3.0999999046325684,0.0,88360400
2025-05-29,3.03920578956604,3.200000047683716,0.0,3.3399999141693115,3.180000066757202,3.299999952316284,0.0,161116100
2025-05-30,3.03920578956604,3.200000047683716,0.0,3.2200000286102295,3.0999999046325684,3.140000104904175,0.0,141468800
2025-06-04,2.9822208881378174,3.140000104904175,0.0,3.2200000286102295,3.0999999046325684,3.200000047683716,0.0,98268400
2025-06-05,3.001215696334839,3.1600000858306885,0.0,3.180000066757202,3.119999885559082,3.140000104904175,0.0,39089800
2025-06-06,2.9252355098724365,3.0799999237060547,0.0,3.1600000858306885,3.0799999237060547,3.140000104904175,0.0,49000600
2025-06-09,2.944230556488037,3.0999999046325684,0.0,3.2200000286102295,3.0999999046325684,3.140000104904175,0.0,82244500
2025-06-10,2.944230556488037,3.0999999046325684,0.0,3.140000104904175,3.059999942779541,3.0999999046325684,0.0,54083100
2025-06-11,2.944230556488037,3.0999999046325684,0.0,3.0999999046325684,3.059999942779541,3.0999999046325684,0.0,44657500
2025-06-12,2.8302602767944336,2.9800000190734863,0.0,3.119999885559082,2.9600000381469727,3.0999999046325684,0.0,84765700
2025-06-13,2.8682503700256348,3.0199999809265137,0.0,3.059999942779541,2.9600000381469727,2.9800000190734863,0.0,184801100
2025-06-16,2.8492555618286133,3.0,0.0,3.059999942779541,2.9000000953674316,2.9800000190734863,0.0,122117100
2025-06-17,2.8872456550598145,3.0399999618530273,0.0,3.0799999237060547,2.9800000190734863,3.0,0.0,60972700
2025-06-18,2.8872456550598145,3.0399999618530273,0.0,3.0999999046325684,3.0199999809265137,3.0399999618530273,0.0,69830400
2025-06-19,2.6972949504852295,2.8399999141693115,0.0,3.0,2.819999933242798,2.9800000190734863,0.0,190767200
2025-06-20,2.7352852821350098,2.880000114440918,0.0,2.9200000762939453,2.819999933242798,2.859999895095825,0.0,88797100
2025-06-23,2.7542803287506104,2.9000000953674316,0.0,2.9200000762939453,2.799999952316284,2.819999933242798,0.0,69382900
2025-06-24,2.944230556488037,3.0999999046325684,0.0,3.0999999046325684,2.940000057220459,2.9600000381469727,0.0,136713900
2025-06-25,2.9632253646850586,3.119999885559082,0.0,3.1600000858306885,3.0799999237060547,3.0999999046325684,0.0,113288400
2025-06-26,3.0202109813690186,3.180000066757202,0.0,3.2200000286102295,3.0999999046325684,3.0999999046325684,0.0,119120700
2025-06-27,2.9252355098724365,3.0799999237060547,0.0,3.180000066757202,3.0799999237060547,3.180000066757202,0.0,88818600
2025-06-30,3.001215696334839,3.1600000858306885,0.0,3.200000047683716,3.0799999237060547,3.0999999046325684,0.0,99436100
2025-07-01,3.134180784225464,3.299999952316284,0.0,3.299999952316284,3.140000104904175,3.180000066757202,0.0,132566700
2025-07-02,3.172170877456665,3.3399999141693115,0.0,3.3399999141693115,3.2200000286102295,3.259999990463257,0.0,83915300
2025-07-03,3.1531760692596436,3.319999933242798,0.0,3.359999895095825,3.2200000286102295,3.299999952316284,0.0,163826900
2025-07-04,3.229156255722046,3.4000000953674316,0.0,3.4000000953674316,3.2799999713897705,3.299999952316284,0.0,154192200
2025-07-07,2.944230556488037,3.0999999046325684,0.0,3.259999990463257,3.059999942779541,3.259999990463257,0.0,360997000
2025-07-08,2.944230556488037,3.0999999046325684,0.0,3.140000104904175,2.9000000953674316,2.9000000953674316,0.0,286733500
2025-07-09,3.001215696334839,3.1600000858306885,0.0,3.200000047683716,3.0999999046325684,3.119999885559082,0.0,166278900
2025-07-11,3.0202109813690186,3.180000066757202,0.0,3.240000009536743,3.140000104904175,3.180000066757202,0.0,94882400
2025-07-14,3.134180784225464,3.299999952316284,0.0,3.299999952316284,3.1600000858306885,3.200000047683716,0.0,81803500
2025-07-15,3.172170877456665,3.3399999141693115,0.0,3.380000114440918,3.259999990463257,3.2799999713897705,0.0,58460800
2025-07-16,3.229156255722046,3.4000000953674316,0.0,3.5199999809265137,3.319999933242798,3.3399999141693115,0.0,239436600
2025-07-17,3.2861413955688477,3.4600000381469727,0.0,3.5,3.4000000953674316,3.4200000762939453,0.0,159867700
2025-07-18,3.229156255722046,3.4000000953674316,0.0,3.5199999809265137,3.380000114440918,3.4800000190734863,0.0,119424000
2025-07-21,3.2481513023376465,3.4200000762939453,0.0,3.4600000381469727,3.380000114440918,3.4200000762939453,0.0,71896700
2025-07-22,3.1911659240722656,3.359999895095825,0.0,3.4800000190734863,3.359999895095825,3.4000000953674316,0.0,71516000
2025-07-23,3.305136203765869,3.4800000190734863,0.0,3.5,3.359999895095825,3.4000000953674316,0.0,181652200
2025-07-24,3.229156255722046,3.4000000953674316,0.0,3.4600000381469727,3.359999895095825,3.440000057220459,0.0,105469400
2025-07-25,3.1911659240722656,3.359999895095825,0.0,3.4000000953674316,3.299999952316284,3.380000114440918,0.0,110194200
2025-07-29,3.267146348953247,3.440000057220459,0.0,3.4600000381469727,3.299999952316284,3.4000000953674316,0.0,123900000
2025-07-30,3.495086669921875,3.680000066757202,0.0,3.700000047683716,3.4200000762939453,3.440000057220459,0.0,260929700
2025-07-31,3.400111436843872,3.5799999237060547,0.0,3.680000066757202,3.559999942779541,3.680000066757202,0.0,183494900
2025-08-01,3.362121343612671,3.5399999618530273,0.0,3.880000114440918,3.5399999618530273,3.8399999141693115,0.0,381146500
2025-08-04,3.305136203765869,3.4800000190734863,0.0,3.5799999237060547,3.440000057220459,3.5799999237060547,0.0,163666600
2025-08-05,3.362121343612671,3.5399999618530273,0.0,3.559999942779541,3.440000057220459,3.5,0.0,153162000
2025-08-06,3.4191064834594727,3.5999999046325684,0.0,3.640000104904175,3.5199999809265137,3.559999942779541,0.0,150034700
2025-08-07,3.4381015300750732,3.619999885559082,0.0,3.700000047683716,3.5999999046325684,3.640000104904175,0.0,141545900
2025-08-08,3.362121343612671,3.5399999618530273,0.0,3.5999999046325684,3.5199999809265137,3.5999999046325684,0.0,87575600
2025-08-13,3.4191064834594727,3.5999999046325684,0.0,3.619999885559082,3.5,3.5399999618530273,0.0,137743200
2025-08-14,3.362121343612671,3.5399999618530273,0.0,3.5999999046325684,3.5199999809265137,3.5999999046325684,0.0,88688600
2025-08-15,3.2861413955688477,3.4600000381469727,0.0,3.559999942779541,3.440000057220459,3.5399999618530273,0.0,105131500
2025-08-18,3.305136203765869,3.4800000190734863,0.0,3.5199999809265137,3.440000057220459,3.5,0.0,60530400
2025-08-19,3.267146348953247,3.440000057220459,0.0,3.5,3.440000057220459,3.4800000190734863,0.0,33738400
2025-08-20,3.4191064834594727,3.5999999046325684,0.0,3.619999885559082,3.4800000190734863,3.4800000190734863,0.0,183598200
2025-08-21,3.457096576690674,3.640000104904175,0.0,3.6600000858306885,3.5799999237060547,3.619999885559082,0.0,126335500
2025-08-22,3.4381015300750732,3.619999885559082,0.0,3.6600000858306885,3.5799999237060547,3.619999885559082,0.0,55629400
2025-08-25,3.533076763153076,3.7200000286102295,0.0,3.740000009536743,3.640000104904175,3.680000066757202,0.0,138629800
2025-08-26,3.457096576690674,3.640000104904175,0.0,3.740000009536743,3.640000104904175,3.700000047683716,0.0,101663400
2025-08-27,3.4381015300750732,3.619999885559082,0.0,3.700000047683716,3.619999885559082,3.6600000858306885,0.0,65611600
2025-08-28,3.4191064834594727,3.5999999046325684,0.0,3.640000104904175,3.5799999237060547,3.619999885559082,0.0,41598300
2025-08-29,3.4191064834594727,3.5999999046325684,0.0,3.640000104904175,3.559999942779541,3.5999999046325684,0.0,76254400
2025-09-01,3.4381015300750732,3.619999885559082,0.0,3.619999885559082,3.559999942779541,3.5999999046325684,0.0,45157300
2025-09-02,3.400111436843872,3.5799999237060547,0.0,3.619999885559082,3.559999942779541,3.619999885559082,0.0,38505700
2025-09-03,3.5140817165374756,3.700000047683716,0.0,3.700000047683716,3.559999942779541,3.5999999046325684,0.0,109955000
2025-09-04,3.4760916233062744,3.6600000858306885,0.0,3.7200000286102295,3.6600000858306885,3.700000047683716,0.0,56304300
2025-09-05,3.5140817165374756,3.700000047683716,0.0,3.759999990463257,3.6600000858306885,3.700000047683716,0.0,104543000
2025-09-08,3.533076763153076,3.7200000286102295,0.0,3.7799999713897705,3.700000047683716,3.740000009536743,0.0,61171800
2025-09-09,3.495086669921875,3.680000066757202,0.0,3.740000009536743,3.640000104904175,3.7200000286102295,0.0,71664800
2025-09-10,3.5140817165374756,3.700000047683716,0.0,3.740000009536743,3.700000047683716,3.700000047683716,0.0,59010300
2025-09-11,3.590061664581299,3.7799999713897705,0.0,3.799999952316284,3.700000047683716,3.7200000286102295,0.0,127928300
2025-09-12,3.590061664581299,3.7799999713897705,0.0,3.819999933242798,3.759999990463257,3.819999933242798,0.0,59762300
2025-09-15,3.5710668563842773,3.759999990463257,0.0,3.7799999713897705,3.7200000286102295,3.7799999713897705,0.0,63803900
2025-09-16,3.6280517578125,3.819999933242798,0.0,3.819999933242798,3.759999990463257,3.7799999713897705,0.0,71120500
2025-09-17,3.6280517578125,3.819999933242798,0.0,3.8399999141693115,3.7799999713897705,3.819999933242798,0.0,59805100
2025-09-18,3.5520718097686768,3.740000009536743,0.0,3.819999933242798,3.7200000286102295,3.819999933242798,0.0,59786500
2025-09-19,3.590061664581299,3.7799999713897705,0.0,3.7799999713897705,3.7200000286102295,3.740000009536743,0.0,46957100
2025-09-22,3.495086669921875,3.680000066757202,0.0,3.7799999713897705,3.680000066757202,3.7799999713897705,0.0,52559900
2025-09-23,3.3811163902282715,3.559999942779541,0.0,3.700000047683716,3.559999942779541,3.680000066757202,0.0,61339900
2025-09-24,3.4191064834594727,3.5999999046325684,0.0,3.5999999046325684,3.5199999809265137,3.5399999618530273,0.0,70281400
2025-09-25,3.3811163902282715,3.559999942779541,0.0,3.619999885559082,3.5399999618530273,3.5999999046325684,0.0,75276100
2025-09-26,3.4381015300750732,3.619999885559082,0.0,3.640000104904175,3.559999942779541,3.5799999237060547,0.0,62205900
2025-09-29,3.4191064834594727,3.5999999046325684,0.0,3.640000104904175,3.5799999237060547,3.640000104904175,0.0,39888500
2025-09-30,3.3811163902282715,3.559999942779541,0.0,3.640000104904175,3.559999942779541,3.619999885559082,0.0,60187000
2025-10-01,3.3431262969970703,3.5199999809265137,0.0,3.5799999237060547,3.5199999809265137,3.559999942779541,0.0,37322400
2025-10-02,3.3811163902282715,3.559999942779541,0.0,3.5999999046325684,3.5199999809265137,3.5399999618530273,0.0,27783200
2025-10-03,3.400111436843872,3.5799999237060547,0.0,3.5999999046325684,3.5399999618530273,3.559999942779541,0.0,33714600
2025-10-06,3.3811163902282715,3.559999942779541,0.0,3.5799999237060547,3.5399999618530273,3.559999942779541,0.0,21574900
2025-10-07,3.3811163902282715,3.559999942779541,0.0,3.559999942779541,3.559999942779541,3.559999942779541,0.0,0
2025-10-08,3.3811163902282715,3.559999942779541,0.0,3.640000104904175,3.559999942779541,3.5999999046325684,0.0,51317900
2025-10-09,3.4760916233062744,3.6600000858306885,0.0,3.680000066757202,3.5799999237060547,3.5799999237060547,0.0,101320000
2025-10-10,3.4760916233062744,3.6600000858306885,0.0,3.700000047683716,3.5999999046325684,3.640000104904175,0.0,81700000
2025-10-14,3.4381015300750732,3.619999885559082,0.0,3.740000009536743,3.619999885559082,3.680000066757202,0.0,124055900
2025-10-15,3.5140817165374756,3.700000047683716,0.0,3.700000047683716,3.619999885559082,3.640000104904175,0.0,109698300
2025-10-16,3.457096576690674,3.640000104904175,0.0,3.7200000286102295,3.640000104904175,3.700000047683716,0.0,71492900
2025-10-17,3.400111436843872,3.5799999237060547,0.0,3.640000104904175,3.559999942779541,3.619999885559082,0.0,47013800
2025-10-20,3.267146348953247,3.440000057220459,0.0,3.619999885559082,3.4200000762939453,3.5999999046325684,0.0,89858800
2025-10-21,3.305136203765869,3.4800000190734863,0.0,3.5199999809265137,3.4600000381469727,3.4800000190734863,0.0,47349900
2025-10-22,3.3431262969970703,3.5199999809265137,0.0,3.559999942779541,3.4600000381469727,3.4800000190734863,0.0,74605700
2025-10-24,3.3241312503814697,3.5,0.0,3.559999942779541,3.4600000381469727,3.5399999618530273,0.0,71263700
2025-10-27,3.267146348953247,3.440000057220459,0.0,3.5799999237060547,3.440000057220459,3.5199999809265137,0.0,103880300
2025-10-28,3.1911659240722656,3.359999895095825,0.0,3.4200000762939453,3.2799999713897705,3.4200000762939453,0.0,146262300
2025-10-29,3.134180784225464,3.299999952316284,0.0,3.359999895095825,3.2799999713897705,3.3399999141693115,0.0,72895800
2025-10-30,3.096190929412842,3.259999990463257,0.0,3.299999952316284,3.240000009536743,3.2799999713897705,0.0,110310500
2025-10-31,3.096190929412842,3.259999990463257,0.0,3.2799999713897705,3.2200000286102295,3.259999990463257,0.0,53609600
2025-11-03,3.077195882797241,3.240000009536743,0.0,3.319999933242798,3.2200000286102295,3.2799999713897705,0.0,60477900
2025-11-04,2.944230556488037,3.0999999046325684,0.0,3.2200000286102295,3.0999999046325684,3.2200000286102295,0.0,87376800
2025-11-05,2.944230556488037,3.0999999046325684,0.0,3.1600000858306885,3.0799999237060547,3.0999999046325684,0.0,97503700
2025-11-06,3.0582008361816406,3.2200000286102295,0.0,3.2799999713897705,3.119999885559082,3.140000104904175,0.0,140116600
2025-11-07,3.077195882797241,3.240000009536743,0.0,3.259999990463257,3.180000066757202,3.2200000286102295,0.0,58480000
2025-11-10,3.077195882797241,3.240000009536743,0.0,3.2799999713897705,3.200000047683716,3.2799999713897705,0.0,31453900
2025-11-11,3.0582008361816406,3.2200000286102295,0.0,3.299999952316284,3.2200000286102295,3.259999990463257,0.0,50585400
2025-11-12,3.0202109813690186,3.180000066757202,0.0,3.240000009536743,3.1600000858306885,3.2200000286102295,0.0,67332800
2025-11-13,2.9822208881378174,3.140000104904175,0.0,3.240000009536743,3.140000104904175,3.180000066757202,0.0,42867300
2025-11-14,2.9632253646850586,3.119999885559082,0.0,3.180000066757202,3.0999999046325684,3.119999885559082,0.0,37606200
2025-11-17,3.001215696334839,3.1600000858306885,0.0,3.200000047683716,3.119999885559082,3.119999885559082,0.0,66482700
2025-11-18,3.03920578956604,3.200000047683716,0.0,3.2799999713897705,3.140000104904175,3.140000104904175,0.0,73564500
2025-11-19,3.0202109813690186,3.180000066757202,0.0,3.2200000286102295,3.1600000858306885,3.2200000286102295,0.0,29155600
2025-11-20,3.001215696334839,3.1600000858306885,0.0,3.2200000286102295,3.1600000858306885,3.200000047683716,0.0,48620400
2025-11-21,3.001215696334839,3.1600000858306885,0.0,3.200000047683716,3.119999885559082,3.1600000858306885,0.0,54518600
2025-11-24,3.001215696334839,3.1600000858306885,0.0,3.2200000286102295,3.1600000858306885,3.1600000858306885,0.0,77451300
2025-11-25,3.1151859760284424,3.2799999713897705,0.0,3.299999952316284,3.180000066757202,3.200000047683716,0.0,196743300
2025-11-26,3.134180784225464,3.299999952316284,0.0,3.319999933242798,3.259999990463257,3.299999952316284,0.0,83675100
2025-11-27,3.1602580547332764,3.259999990463257,0.0669,3.259999990463257,3.200000047683716,3.259999990463257,0.0,51418000
2025-11-28,3.1408698558807373,3.240000009536743,0.0,3.2799999713897705,3.240000009536743,3.2799999713897705,0.0,14953200
2025-12-01,3.1602580547332764,3.259999990463257,0.0,3.2799999713897705,3.2200000286102295,3.240000009536743,0.0,38676800
2025-12-02,3.1602580547332764,3.259999990463257,0.0,3.299999952316284,3.2200000286102295,3.2799999713897705,0.0,41760700
2025-12-03,3.1408698558807373,3.240000009536743,0.0,3.2799999713897705,3.180000066757202,3.259999990463257,0.0,74519500
2025-12-04,3.1214818954467773,3.2200000286102295,0.0,3.240000009536743,3.180000066757202,3.240000009536743,0.0,49643100
2025-12-08,3.1020936965942383,3.200000047683716,0.0,3.2200000286102295,3.180000066757202,3.200000047683716,0.0,29775900
2025-12-09,3.0827057361602783,3.180000066757202,0.0,3.200000047683716,3.1600000858306885,3.180000066757202,0.0,34954800
2025-12-11,3.0439295768737793,3.140000104904175,0.0,3.200000047683716,3.140000104904175,3.200000047683716,0.0,38788800
2025-12-12,3.0827057361602783,3.180000066757202,0.0,3.180000066757202,3.119999885559082,3.140000104904175,0.0,31370000
2025-12-15,3.1602580547332764,3.259999990463257,0.0,3.259999990463257,3.1600000858306885,3.180000066757202,0.0,49389500
2025-12-16,3.1796460151672363,3.2799999713897705,0.0,3.2799999713897705,3.200000047683716,3.2200000286102295,0.0,72155200
2025-12-17,3.1990339756011963,3.299999952316284,0.0,3.3399999141693115,3.240000009536743,3.259999990463257,0.0,97852300
2025-12-18,3.1020936965942383,3.200000047683716,0.0,3.319999933242798,3.180000066757202,3.319999933242798,0.0,93821000
2025-12-19,3.1020936965942383,3.200000047683716,0.0,3.2200000286102295,3.180000066757202,3.200000047683716,0.0,25838800
2025-12-22,3.1602580547332764,3.259999990463257,0.0,3.259999990463257,3.200000047683716,3.2200000286102295,0.0,34267400
2025-12-23,3.1990339756011963,3.299999952316284,0.0,3.319999933242798,3.259999990463257,3.259999990463257,0.0,73924600
2025-12-24,3.2378101348876953,3.3399999141693115,0.0,3.359999895095825,3.2799999713897705,3.299999952316284,0.0,57839000
2025-12-25,3.2571983337402344,3.359999895095825,0.0,3.380000114440918,3.319999933242798,3.3399999141693115,0.0,26147800
2025-12-26,3.2184221744537354,3.319999933242798,0.0,3.359999895095825,3.2799999713897705,3.359999895095825,0.0,37016600
2025-12-29,3.1602580547332764,3.259999990463257,0.0,3.319999933242798,3.259999990463257,3.319999933242798,0.0,35323500
2025-12-30,3.1796460151672363,3.2799999713897705,0.0,3.299999952316284,3.259999990463257,3.2799999713897705,0.0,33714800
2026-01-05,3.1408698558807373,3.240000009536743,0.0,3.3399999141693115,3.2200000286102295,3.299999952316284,0.0,93407900
2026-01-06,3.1020936965942383,3.200000047683716,0.0,3.259999990463257,3.200000047683716,3.240000009536743,0.0,60701600
2026-01-07,3.1214818954467773,3.2200000286102295,0.0,3.240000009536743,3.180000066757202,3.2200000286102295,0.0,42832900
2026-01-08,3.1214818954467773,3.2200000286102295,0.0,3.259999990463257,3.200000047683716,3.2200000286102295,0.0,32564200
2026-01-09,3.1214818954467773,3.2200000286102295,0.0,3.2799999713897705,3.2200000286102295,3.240000009536743,0.0,55053600
2026-01-12,3.0633175373077393,3.1600000858306885,0.0,3.2200000286102295,3.140000104904175,3.2200000286102295,0.0,53210600
2026-01-13,3.0439295768737793,3.140000104904175,0.0,3.200000047683716,3.119999885559082,3.180000066757202,0.0,41328600
2026-01-14,3.0633175373077393,3.1600000858306885,0.0,3.180000066757202,3.119999885559082,3.1600000858306885,0.0,36383700
2026-01-15,3.1020936965942383,3.200000047683716,0.0,3.2200000286102295,3.140000104904175,3.140000104904175,0.0,40682700
2026-01-16,3.1408698558807373,3.240000009536743,0.0,3.259999990463257,3.200000047683716,3.2200000286102295,0.0,46008400
2026-01-19,3.1602580547332764,3.259999990463257,0.0,3.2799999713897705,3.200000047683716,3.240000009536743,0.0,49801500
2026-01-20,3.2184221744537354,3.319999933242798,0.0,3.359999895095825,3.259999990463257,3.259999990463257,0.0,91459000
2026-01-21,3.2959747314453125,3.4000000953674316,0.0,3.4200000762939453,3.319999933242798,3.319999933242798,0.0,89510700
2026-01-22,3.2378101348876953,3.3399999141693115,0.0,3.4600000381469727,3.299999952316284,3.4200000762939453,0.0,115778300
2026-01-23,3.1990339756011963,3.299999952316284,0.0,3.359999895095825,3.2799999713897705,3.3399999141693115,0.0,40060900
2026-01-26,3.1602580547332764,3.259999990463257,0.0,3.319999933242798,3.240000009536743,3.2799999713897705,0.0,56146900
2026-01-27,3.2765865325927734,3.380000114440918,0.0,3.380000114440918,3.259999990463257,3.259999990463257,0.0,78929300
2026-01-28,3.2959747314453125,3.4000000953674316,0.0,3.4200000762939453,3.359999895095825,3.380000114440918,0.0,65810100
2026-01-29,3.2765865325927734,3.380000114440918,0.0,3.4000000953674316,3.3399999141693115,3.4000000953674316,0.0,30464300
2026-01-30,3.3541388511657715,3.4600000381469727,0.0,3.4600000381469727,3.359999895095825,3.4000000953674316,0.0,106189700
2026-02-02,3.2765865325927734,3.380000114440918,0.0,3.4600000381469727,3.359999895095825,3.4600000381469727,0.0,68572200
2026-02-03,3.2378101348876953,3.3399999141693115,0.0,3.440000057220459,3.319999933242798,3.4000000953674316,0.0,76505800
2026-02-04,3.2765865325927734,3.380000114440918,0.0,3.4000000953674316,3.3399999141693115,3.3399999141693115,0.0,45361500
2026-02-05,3.2959747314453125,3.4000000953674316,0.0,3.4600000381469727,3.380000114440918,3.4000000953674316,0.0,110880800
2026-02-06,3.2959747314453125,3.4000000953674316,0.0,3.4200000762939453,3.380000114440918,3.380000114440918,0.0,45300800
2026-02-09,3.6255719661712646,3.740000009536743,0.0,3.759999990463257,3.5399999618530273,3.5399999618530273,0.0,382223600
2026-02-10,3.6837363243103027,3.799999952316284,0.0,3.799999952316284,3.680000066757202,3.740000009536743,0.0,217727800
2026-02-11,3.819453001022339,3.940000057220459,0.0,3.940000057220459,3.799999952316284,3.819999933242798,0.0,207681300
2026-02-12,4.071497917175293,4.199999809265137,0.0,4.199999809265137,3.9600000381469727,3.9800000190734863,0.0,305239300
2026-02-13,4.013333797454834,4.139999866485596,0.0,4.21999979019165,4.099999904632568,4.199999809265137,0.0,259625200
2026-02-16,4.032721519470215,4.159999847412109,0.0,4.300000190734863,4.159999847412109,4.199999809265137,0.0,161988100
2026-02-17,4.071497917175293,4.199999809265137,0.0,4.199999809265137,4.119999885559082,4.179999828338623,0.0,118747400
2026-02-18,4.207214832305908,4.340000152587891,0.0,4.340000152587891,4.179999828338623,4.239999771118164,0.0,219810700
2026-02-19,4.265378952026367,4.400000095367432,0.0,4.440000057220459,4.360000133514404,4.380000114440918,0.0,187750700
2026-02-20,4.304154872894287,4.440000057220459,0.0,4.440000057220459,4.300000190734863,4.400000095367432,0.0,205700600
2026-02-23,4.207214832305908,4.340000152587891,0.0,4.5,4.260000228881836,4.460000038146973,0.0,197392900
2026-02-24,4.342931270599365,4.480000019073486,0.0,4.480000019073486,4.28000020980835,4.320000171661377,0.0,158415700
2026-02-25,4.439871311187744,4.579999923706055,0.0,4.599999904632568,4.480000019073486,4.5,0.0,178059200
2026-02-26,4.245990753173828,4.380000114440918,0.0,4.559999942779541,4.340000152587891,4.539999961853027,0.0,200412100
2026-02-27,4.226602554321289,4.360000133514404,0.0,4.440000057220459,4.300000190734863,4.400000095367432,0.0,133349700
2026-03-02,3.993945598602295,4.119999885559082,0.0,4.260000228881836,4.079999923706055,4.179999828338623,0.0,254497500
2026-03-04,3.916393280029297,4.039999961853027,0.0,4.099999904632568,3.680000066757202,3.7799999713897705,0.0,441386700
2026-03-05,3.916393280029297,4.039999961853027,0.0,4.159999847412109,3.9800000190734863,4.119999885559082,0.0,207630100
2026-03-06,3.858229160308838,3.9800000190734863,0.0,4.039999961853027,3.9600000381469727,4.0,0.0,88247100
2026-03-09,3.858229160308838,3.9800000190734863,0.0,3.9800000190734863,3.740000009536743,3.740000009536743,0.0,176230800
2026-03-10,3.858229160308838,3.9800000190734863,0.0,4.079999923706055,3.9600000381469727,4.039999961853027,0.0,131542400
2026-03-11,3.955169439315796,4.079999923706055,0.0,4.159999847412109,4.0,4.019999980926514,0.0,145851300
2026-03-12,4.032721519470215,4.159999847412109,0.0,4.179999828338623,4.019999980926514,4.019999980926514,0.0,95185100
2026-03-13,3.935781240463257,4.059999942779541,0.0,4.139999866485596,4.039999961853027,4.139999866485596,0.0,78868400
2026-03-16,3.935781240463257,4.059999942779541,0.0,4.119999885559082,4.039999961853027,4.079999923706055,0.0,47655800
2026-03-17,4.052109718322754,4.179999828338623,0.0,4.199999809265137,4.059999942779541,4.099999904632568,0.0,130197200
2026-03-18,4.090885639190674,4.21999979019165,0.0,4.28000020980835,4.179999828338623,4.21999979019165,0.0,122465500
2026-03-19,3.935781240463257,4.059999942779541,0.0,4.179999828338623,4.059999942779541,4.179999828338623,0.0,96947500
2026-03-20,3.974557399749756,4.099999904632568,0.0,4.139999866485596,4.059999942779541,4.119999885559082,0.0,75575800
2026-03-23,3.819453001022339,3.940000057220459,0.0,4.019999980926514,3.940000057220459,3.9800000190734863,0.0,115332500
2026-03-24,3.897005081176758,4.019999980926514,0.0,4.079999923706055,3.9600000381469727,4.079999923706055,0.0,108115200
2026-03-25,4.052109718322754,4.179999828338623,0.0,4.179999828338623,4.059999942779541,4.099999904632568,0.0,156520300
2026-03-26,4.052109718322754,4.179999828338623,0.0,4.239999771118164,4.099999904632568,4.119999885559082,0.0,159358900
2026-03-27,3.993945598602295,4.119999885559082,0.0,4.21999979019165,4.099999904632568,4.199999809265137,0.0,91233000
2026-03-30,4.032721519470215,4.159999847412109,0.0,4.159999847412109,4.059999942779541,4.079999923706055,0.0,43475400
2026-03-31,4.071497917175293,4.199999809265137,0.0,4.199999809265137,4.119999885559082,4.179999828338623,0.0,55701300
2026-04-01,4.149050712585449,4.28000020980835,0.0,4.340000152587891,4.239999771118164,4.300000190734863,0.0,125887800
2026-04-02,4.052109718322754,4.179999828338623,0.0,4.320000171661377,4.139999866485596,4.260000228881836,0.0,130578600
2026-04-03,4.090885639190674,4.21999979019165,0.0,4.300000190734863,4.199999809265137,4.21999979019165,0.0,118893200
2026-04-07,4.090885639190674,4.21999979019165,0.0,4.239999771118164,4.179999828338623,4.239999771118164,0.0,47517800
2026-04-08,4.16843843460083,4.300000190734863,0.0,4.340000152587891,4.28000020980835,4.340000152587891,0.0,77273600
2026-04-09,4.12966251373291,4.260000228881836,0.0,4.300000190734863,4.239999771118164,4.300000190734863,0.0,37319000
2026-04-10,4.149050712585449,4.28000020980835,0.0,4.300000190734863,4.239999771118164,4.28000020980835,0.0,33604500
2026-04-16,4.342931270599365,4.480000019073486,0.0,4.5,4.340000152587891,4.360000133514404,0.0,169603800
2026-04-17,4.265378952026367,4.400000095367432,0.0,4.480000019073486,4.360000133514404,4.480000019073486,0.0,83291400
2026-04-20,4.265378952026367,4.400000095367432,0.0,4.440000057220459,4.360000133514404,4.400000095367432,0.0,51511400
2026-04-21,4.362319469451904,4.5,0.0,4.559999942779541,4.420000076293945,4.440000057220459,0.0,134398500
2026-04-22,4.284767150878906,4.420000076293945,0.0,4.539999961853027,4.400000095367432,4.5,0.0,108908200
2026-04-23,4.226602554321289,4.360000133514404,0.0,4.420000076293945,4.320000171661377,4.400000095367432,0.0,113341400
2026-04-24,4.245990753173828,4.380000114440918,0.0,4.420000076293945,4.340000152587891,4.360000133514404,0.0,89514200
2026-04-27,4.284767150878906,4.420000076293945,0.0,4.440000057220459,4.380000114440918,4.400000095367432,0.0,47646700
2026-04-28,4.245990753173828,4.380000114440918,0.0,4.420000076293945,4.320000171661377,4.420000076293945,0.0,107875500
2026-04-29,4.362319469451904,4.5,0.0,4.519999980926514,4.320000171661377,4.340000152587891,0.0,149156100
2026-04-30,4.342931270599365,4.480000019073486,0.0,4.5,4.420000076293945,4.480000019073486,0.0,85607800
2026-05-01,4.342931270599365,4.480000019073486,0.0,4.480000019073486,4.480000019073486,4.480000019073486,0.0,0
2026-05-04,4.342931270599365,4.480000019073486,0.0,4.480000019073486,4.480000019073486,4.480000019073486,0.0,0
2026-05-05,4.284767150878906,4.420000076293945,0.0,4.480000019073486,4.400000095367432,4.440000057220459,0.0,70817000
2026-05-06,4.517423629760742,4.659999847412109,0.0,4.659999847412109,4.440000057220459,4.440000057220459,0.0,233184000
2026-05-07,4.536811828613281,4.679999828338623,0.0,4.760000228881836,4.639999866485596,4.679999828338623,0.0,184202400
2026-05-08,4.55620002746582,4.699999809265137,0.0,4.71999979019165,4.619999885559082,4.679999828338623,0.0,143046300
2026-05-11,4.539999961853027,4.539999961853027,0.1438,4.599999904632568,4.539999961853027,4.559999942779541,0.0,63917500
2026-05-12,4.440000057220459,4.440000057220459,0.0,4.579999923706055,4.420000076293945,4.519999980926514,0.0,75487300
2026-05-13,4.559999942779541,4.559999942779541,0.0,4.579999923706055,4.440000057220459,4.440000057220459,0.0,82263600
2026-05-14,4.679999828338623,4.679999828338623,0.0,4.71999979019165,4.519999980926514,4.539999961853027,0.0,198822400
2026-05-15,4.679999828338623,4.679999828338623,0.0,4.78000020980835,4.639999866485596,4.739999771118164,0.0,116757900
2026-05-18,4.619999885559082,4.619999885559082,0.0,4.71999979019165,4.599999904632568,4.659999847412109,0.0,64342700
2026-05-19,4.840000152587891,4.840000152587891,0.0,4.940000057220459,4.619999885559082,4.619999885559082,0.0,258968700
2026-05-20,4.800000190734863,4.800000190734863,0.0,4.840000152587891,4.78000020980835,4.800000190734863,0.0,67314800
2026-05-21,4.880000114440918,4.880000114440918,0.0,4.960000038146973,4.800000190734863,4.840000152587891,0.0,156630700
2026-05-22,5.0,5.0,0.0,5.050000190734863,4.840000152587891,4.880000114440918,0.0,213026800
2026-05-25,5.099999904632568,5.099999904632568,0.0,5.150000095367432,5.050000190734863,5.099999904632568,0.0,99091500
2026-05-26,5.0,5.0,0.0,5.199999809265137,5.0,5.099999904632568,0.0,66310100
2026-05-27,5.099999904632568,5.099999904632568,0.0,5.099999904632568,5.0,5.050000190734863,0.0,50162200
2026-05-28,4.960000038146973,4.960000038146973,0.0,5.099999904632568,4.900000095367432,5.099999904632568,0.0,165441200
2026-05-29,4.900000095367432,4.900000095367432,0.0,5.050000190734863,4.900000095367432,5.050000190734863,0.0,110733800
2026-06-01,4.900000095367432,4.900000095367432,0.0,4.900000095367432,4.900000095367432,4.900000095367432,0.0,0
2026-06-02,5.0,5.0,0.0,5.050000190734863,4.880000114440918,4.900000095367432,0.0,101359600
2026-06-03,5.0,5.0,0.0,5.0,5.0,5.0,0.0,0
2026-06-04,5.0,5.0,0.0,5.099999904632568,5.0,5.050000190734863,0.0,89817300
2026-06-05,5.050000190734863,5.050000190734863,0.0,5.150000095367432,5.050000190734863,5.050000190734863,0.0,77107000
2026-06-08,4.940000057220459,4.940000057220459,0.0,5.099999904632568,4.940000057220459,5.0,0.0,129260600
2026-06-09,4.980000019073486,4.980000019073486,0.0,5.099999904632568,4.940000057220459,5.0,0.0,139732000
2026-06-10,5.0,5.0,0.0,5.050000190734863,4.960000038146973,4.960000038146973,0.0,100778500
2026-06-11,4.960000038146973,4.960000038146973,0.0,5.050000190734863,4.940000057220459,5.0,0.0,89240900
2026-06-12,4.980000019073486,4.980000019073486,0.0,5.0,4.900000095367432,4.980000019073486,0.0,151867600
2026-06-15,4.980000019073486,4.980000019073486,0.0,5.150000095367432,4.960000038146973,5.099999904632568,0.0,214281800
2026-06-16,5.099999904632568,5.099999904632568,0.0,5.150000095367432,5.0,5.050000190734863,0.0,164445800
2026-06-17,5.099999904632568,5.099999904632568,0.0,5.150000095367432,5.050000190734863,5.099999904632568,0.0,63902600
2026-06-18,5.050000190734863,5.050000190734863,0.0,5.150000095367432,5.050000190734863,5.099999904632568,0.0,61487300
2026-06-19,5.0,5.0,0.0,5.099999904632568,4.980000019073486,5.050000190734863,0.0,109328300
2026-06-22,5.0,5.0,0.0,5.050000190734863,4.980000019073486,5.0,0.0,32550200
2026-06-23,5.050000190734863,5.050000190734863,0.0,5.099999904632568,5.0,5.050000190734863,0.0,141305700
2026-06-24,5.150000095367432,5.150000095367432,0.0,5.150000095367432,5.0,5.050000190734863,0.0,100163600
2026-06-25,5.099999904632568,5.099999904632568,0.0,5.25,5.099999904632568,5.150000095367432,0.0,117264100
2026-06-26,5.050000190734863,5.050000190734863,0.0,5.150000095367432,5.0,5.099999904632568,0.0,75538600
2026-06-29,5.099999904632568,5.099999904632568,0.0,5.099999904632568,5.0,5.050000190734863,0.0,34141300
2026-06-30,5.150000095367432,5.150000095367432,0.0,5.25,5.050000190734863,5.050000190734863,0.0,76702300
2026-07-01,5.25,5.25,0.0,5.25,5.099999904632568,5.150000095367432,0.0,127889500
2026-07-02,5.199999809265137,5.199999809265137,0.0,5.300000190734863,5.099999904632568,5.199999809265137,0.0,112994700
2026-07-03,5.199999809265137,5.199999809265137,0.0,5.25,5.150000095367432,5.199999809265137,0.0,99853300
2026-07-06,5.199999809265137,5.199999809265137,0.0,5.25,5.150000095367432,5.199999809265137,0.0,38072500
2026-07-07,5.050000190734863,5.050000190734863,0.0,5.199999809265137,5.050000190734863,5.150000095367432,0.0,80468700
2026-07-08,4.960000038146973,4.960000038146973,0.0,5.150000095367432,4.960000038146973,5.050000190734863,0.0,110818400
2026-07-09,5.099999904632568,5.099999904632568,0.0,5.150000095367432,4.980000019073486,5.0,0.0,64483800
2026-07-10,5.449999809265137,5.449999809265137,0.0,5.5,5.050000190734863,5.099999904632568,0.0,280999000
2026-07-13,5.449999809265137,5.449999809265137,0.0,5.5,5.300000190734863,5.400000095367432,0.0,112667200
2026-07-14,5.400000095367432,5.400000095367432,0.0,5.449999809265137,5.349999904632568,5.349999904632568,0.0,49992800
2026-07-15,5.449999809265137,5.449999809265137,0.0,5.550000190734863,5.400000095367432,5.449999809265137,0.0,75481800
2026-07-16,5.400000095367432,5.400000095367432,0.0,5.5,5.349999904632568,5.400000095367432,0.0,53310300
2026-07-17,5.449999809265137,5.449999809265137,0.0,5.449999809265137,5.349999904632568,5.400000095367432,0.0,71486000
2026-07-20,5.449999809265137,5.449999809265137,0.0,5.550000190734863,5.349999904632568,5.449999809265137,0.0,97878200
2026-07-21,5.449999809265137,5.449999809265137,0.0,5.550000190734863,5.400000095367432,5.5,0.0,83371900
2026-07-22,5.449999809265137,5.449999809265137,0.0,5.550000190734863,5.400000095367432,5.5,0.0,128430100
2026-07-23,5.400000095367432,5.400000095367432,0.0,5.599999904632568,5.349999904632568,5.5,0.0,109900300
2026-07-24,5.099999904632568,5.099999904632568,0.0,5.300000190734863,5.050000190734863,5.25,0.0,204736300
2026-07-27,4.900000095367432,4.900000095367432,0.0,5.150000095367432,4.860000133514404,5.099999904632568,0.0,345047400
2026-07-28,4.900000095367432,4.900000095367432,0.0,4.900000095367432,4.900000095367432,4.900000095367432,0.0,0
2026-07-29,4.900000095367432,4.900000095367432,0.0,4.900000095367432,4.900000095367432,4.900000095367432,0.0,0
2026-07-30,4.800000190734863,4.800000190734863,0.0,4.900000095367432,4.739999771118164,4.860000133514404,0.0,227768800
2026-07-31,4.860000133514404,4.860000133514404,0.0,4.960000038146973,4.800000190734863,4.800000190734863,0.0,377406100
2026-08-03,4.960000038146973,4.960000038146973,0.0,4.960000038146973,4.840000152587891,4.860000133514404,0.0,158317000
2026-08-04,4.920000076293945,4.920000076293945,0.0,4.980000019073486,4.920000076293945,4.960000038146973,0.0,55617700
2026-08-05,4.820000171661377,4.820000171661377,0.0,4.960000038146973,4.800000190734863,4.960000038146973,0.0,194971500
2026-08-06,4.920000076293945,4.920000076293945,0.0,4.940000057220459,4.800000190734863,4.840000152587891,0.0,173117600
2026-08-07,4.940000057220459,4.940000057220459,0.0,4.980000019073486,4.920000076293945,4.920000076293945,0.0,143968300
2026-08-10,4.880000114440918,4.880000114440918,0.0,4.920000076293945,4.880000114440918,4.920000076293945,0.0,50743400
2026-08-11,4.800000190734863,4.800000190734863,0.0,4.840000152587891,4.760000228881836,4.78000020980835,0.0,180705300
2026-08-12,4.800000190734863,4.800000190734863,0.0,4.800000190734863,4.800000190734863,4.800000190734863,0.0,0
2026-08-13,4.800000190734863,4.800000190734863,0.0,4.800000190734863,4.739999771118164,4.78000020980835,0.0,88870700
2026-08-14,4.860000133514404,4.860000133514404,0.0,4.960000038146973,4.800000190734863,4.840000152587891,0.0,168992200
2026-08-17,4.960000038146973,4.960000038146973,0.0,5.050000190734863,4.860000133514404,4.860000133514404,0.0,183283200
2026-08-18,4.960000038146973,4.960000038146973,0.0,5.099999904632568,4.940000057220459,5.0,0.0,130560100
2026-08-19,4.880000114440918,4.880000114440918,0.0,4.960000038146973,4.880000114440918,4.940000057220459,0.0,98121100
2026-08-20,4.880000114440918,4.880000114440918,0.0,4.940000057220459,4.880000114440918,4.900000095367432,0.0,82347800
2026-08-21,4.880000114440918,4.880000114440918,0.0,4.920000076293945,4.860000133514404,4.900000095367432,0.0,45339200
2026-08-24,4.840000152587891,4.840000152587891,0.0,4.900000095367432,4.840000152587891,4.900000095367432,0.0,31373200
2026-08-25,4.820000171661377,4.820000171661377,0.0,4.860000133514404,4.820000171661377,4.860000133514404,0.0,44093000
2026-08-26,4.860000133514404,4.860000133514404,0.0,4.900000095367432,4.820000171661377,4.840000152587891,0.0,89684300
2026-08-27,4.940000057220459,4.940000057220459,0.0,4.980000019073486,4.900000095367432,4.900000095367432,0.0,225910000
2026-08-28,4.860000133514404,4.860000133514404,0.0,4.940000057220459,4.840000152587891,4.920000076293945,0.0,117666700
2026-08-31,4.820000171661377,4.820000171661377,0.0,4.840000152587891,4.800000190734863,4.840000152587891,0.0,37325600
2026-09-01,4.760000228881836,4.760000228881836,0.0,4.840000152587891,4.760000228881836,4.840000152587891,0.0,99238100
2026-09-02,4.619999885559082,4.619999885559082,0.0,4.78000020980835,4.579999923706055,4.760000228881836,0.0,223725700
2026-09-03,4.739999771118164,4.739999771118164,0.0,4.760000228881836,4.639999866485596,4.639999866485596,0.0,89318600
2026-09-04,4.78000020980835,4.78000020980835,0.0,4.800000190734863,4.71999979019165,4.71999979019165,0.0,69284300
