Date,Adj Close,Close,Dividends,High,Low,Open,Stock Splits,Volume
2022-07-01,4.792592525482178,4.960000038146973,0.0,5.050000190734863,4.940000057220459,4.980000019073486,0.0,4988200
2022-07-04,4.83124303817749,5.0,0.0,5.0,4.880000114440918,4.920000076293945,0.0,14397600
2022-07-05,4.792592525482178,4.960000038146973,0.0,5.0,4.840000152587891,5.0,0.0,21672200
2022-07-06,4.734618186950684,4.900000095367432,0.0,4.980000019073486,4.820000171661377,4.940000057220459,0.0,27869000
2022-07-07,4.83124303817749,5.0,0.0,5.0,4.840000152587891,4.880000114440918,0.0,68282300
2022-07-08,4.657318592071533,4.820000171661377,0.0,5.050000190734863,4.820000171661377,5.0,0.0,36561600
2022-07-11,4.560693264007568,4.71999979019165,0.0,4.820000171661377,4.639999866485596,4.820000171661377,0.0,34466300
2022-07-12,4.367443561553955,4.519999980926514,0.0,4.699999809265137,4.380000114440918,4.679999828338623,0.0,85777300
2022-07-14,4.270819187164307,4.420000076293945,0.0,4.539999961853027,4.380000114440918,4.480000019073486,0.0,29167900
2022-07-15,4.25149393081665,4.400000095367432,0.0,4.440000057220459,4.320000171661377,4.440000057220459,0.0,25979900
2022-07-18,4.25149393081665,4.400000095367432,0.0,4.5,4.380000114440918,4.420000076293945,0.0,14099300
2022-07-19,4.116219520568848,4.260000228881836,0.0,4.420000076293945,4.199999809265137,4.420000076293945,0.0,40501300
2022-07-20,4.116219520568848,4.260000228881836,0.0,4.340000152587891,4.260000228881836,4.300000190734863,0.0,11084800
2022-07-21,4.077568531036377,4.21999979019165,0.0,4.28000020980835,4.179999828338623,4.260000228881836,0.0,17647600
2022-07-22,4.193519115447998,4.340000152587891,0.0,4.340000152587891,4.21999979019165,4.260000228881836,0.0,23117100
2022-07-25,4.174193859100342,4.320000171661377,0.0,4.380000114440918,4.300000190734863,4.300000190734863,0.0,12057000
2022-07-26,4.077118873596191,4.199999809265137,0.02,4.300000190734863,4.199999809265137,4.300000190734863,0.0,13875900
2022-07-27,4.232438564300537,4.360000133514404,0.0,4.360000133514404,4.199999809265137,4.199999809265137,0.0,34177200
2022-08-01,4.213023662567139,4.340000152587891,0.0,4.420000076293945,4.28000020980835,4.400000095367432,0.0,26319500
2022-08-02,4.213023662567139,4.340000152587891,0.0,4.420000076293945,4.320000171661377,4.340000152587891,0.0,11257400
2022-08-03,4.154778957366943,4.28000020980835,0.0,4.360000133514404,4.21999979019165,4.340000152587891,0.0,28662000
2022-08-04,4.154778957366943,4.28000020980835,0.0,4.340000152587891,4.239999771118164,4.28000020980835,0.0,12255800
2022-08-05,4.174193859100342,4.300000190734863,0.0,4.340000152587891,4.260000228881836,4.28000020980835,0.0,27098300
2022-08-08,4.213023662567139,4.340000152587891,0.0,4.340000152587891,4.28000020980835,4.300000190734863,0.0,12473400
2022-08-09,4.19360876083374,4.320000171661377,0.0,4.380000114440918,4.320000171661377,4.340000152587891,0.0,15514700
2022-08-10,4.329512119293213,4.460000038146973,0.0,4.5,4.300000190734863,4.340000152587891,0.0,46637500
2022-08-11,4.310098171234131,4.440000057220459,0.0,4.480000019073486,4.400000095367432,4.460000038146973,0.0,22125700
2022-08-15,4.154778957366943,4.28000020980835,0.0,4.380000114440918,4.21999979019165,4.380000114440918,0.0,69103300
2022-08-16,4.174193859100342,4.300000190734863,0.0,4.340000152587891,4.199999809265137,4.28000020980835,0.0,48278400
2022-08-17,4.232438564300537,4.360000133514404,0.0,4.400000095367432,4.300000190734863,4.300000190734863,0.0,35411600
2022-08-18,4.2518534660339355,4.380000114440918,0.0,4.420000076293945,4.360000133514404,4.380000114440918,0.0,17143000
2022-08-19,4.174193859100342,4.300000190734863,0.0,4.420000076293945,4.28000020980835,4.380000114440918,0.0,11250400
2022-08-22,4.213023662567139,4.340000152587891,0.0,4.400000095367432,4.320000171661377,4.320000171661377,0.0,12252400
2022-08-23,4.213023662567139,4.340000152587891,0.0,4.340000152587891,4.260000228881836,4.300000190734863,0.0,28550500
2022-08-24,4.135364532470703,4.260000228881836,0.0,4.340000152587891,4.260000228881836,4.340000152587891,0.0,27502800
2022-08-25,4.213023662567139,4.340000152587891,0.0,4.380000114440918,4.260000228881836,4.28000020980835,0.0,24539100
2022-08-26,4.290683269500732,4.420000076293945,0.0,4.579999923706055,4.340000152587891,4.360000133514404,0.0,58701600
2022-08-29,4.213023662567139,4.340000152587891,0.0,4.380000114440918,4.300000190734863,4.340000152587891,0.0,31817900
2022-08-30,4.290683269500732,4.420000076293945,0.0,4.440000057220459,4.320000171661377,4.340000152587891,0.0,21009000
2022-08-31,4.2518534660339355,4.380000114440918,0.0,4.440000057220459,4.360000133514404,4.380000114440918,0.0,12646200
2022-09-01,4.154778957366943,4.28000020980835,0.0,4.440000057220459,4.260000228881836,4.400000095367432,0.0,36094900
2022-09-02,4.19360876083374,4.320000171661377,0.0,4.340000152587891,4.260000228881836,4.300000190734863,0.0,12412400
2022-09-05,4.232438564300537,4.360000133514404,0.0,4.380000114440918,4.320000171661377,4.320000171661377,0.0,9510100
2022-09-06,4.310098171234131,4.440000057220459,0.0,4.440000057220459,4.360000133514404,4.380000114440918,0.0,23658900
2022-09-07,4.271268367767334,4.400000095367432,0.0,4.559999942779541,4.400000095367432,4.460000038146973,0.0,59227400
2022-09-08,4.290683269500732,4.420000076293945,0.0,4.5,4.400000095367432,4.420000076293945,0.0,44338800
2022-09-09,4.2518534660339355,4.380000114440918,0.0,4.460000038146973,4.380000114440918,4.440000057220459,0.0,23669000
2022-09-12,4.329512119293213,4.460000038146973,0.0,4.5,4.380000114440918,4.380000114440918,0.0,22983200
2022-09-13,4.36834192276001,4.5,0.0,4.519999980926514,4.440000057220459,4.480000019073486,0.0,28658800
2022-09-14,4.348927021026611,4.480000019073486,0.0,4.519999980926514,4.440000057220459,4.440000057220459,0.0,30559500
2022-09-15,4.4848313331604,4.619999885559082,0.0,4.659999847412109,4.5,4.5,0.0,52793800
2022-09-16,4.426586627960205,4.559999942779541,0.0,4.659999847412109,4.559999942779541,4.619999885559082,0.0,36347800
2022-09-19,4.36834192276001,4.5,0.0,4.599999904632568,4.480000019073486,4.579999923706055,0.0,22364000
2022-09-20,4.387757301330566,4.519999980926514,0.0,4.599999904632568,4.5,4.539999961853027,0.0,13533800
2022-09-21,4.310098171234131,4.440000057220459,0.0,4.539999961853027,4.380000114440918,4.519999980926514,0.0,38496800
2022-09-22,4.387757301330566,4.519999980926514,0.0,4.559999942779541,4.420000076293945,4.420000076293945,0.0,26736900
2022-09-23,4.290683269500732,4.420000076293945,0.0,4.539999961853027,4.400000095367432,4.519999980926514,0.0,22372800
2022-09-26,4.213023662567139,4.340000152587891,0.0,4.420000076293945,4.320000171661377,4.400000095367432,0.0,20337300
2022-09-27,4.038289546966553,4.159999847412109,0.0,4.360000133514404,4.159999847412109,4.320000171661377,0.0,36882600
2022-09-28,3.9412152767181396,4.059999942779541,0.0,4.119999885559082,4.0,4.099999904632568,0.0,31821800
2022-09-29,3.8441412448883057,3.9600000381469727,0.0,4.199999809265137,3.940000057220459,4.119999885559082,0.0,41694800
2022-09-30,3.8829710483551025,4.0,0.0,4.039999961853027,3.9000000953674316,3.940000057220459,0.0,26286700
2022-10-03,3.766481637954712,3.880000114440918,0.0,4.0,3.8399999141693115,3.9600000381469727,0.0,25813500
2022-10-04,3.766481637954712,3.880000114440918,0.0,3.940000057220459,3.8399999141693115,3.9200000762939453,0.0,12137500
2022-10-05,3.6111629009246826,3.7200000286102295,0.0,3.9200000762939453,3.700000047683716,3.9000000953674316,0.0,41851300
2022-10-06,3.708237409591675,3.819999933242798,0.0,3.859999895095825,3.680000066757202,3.759999990463257,0.0,37247300
2022-10-07,3.6111629009246826,3.7200000286102295,0.0,3.799999952316284,3.680000066757202,3.7799999713897705,0.0,17117600
2022-10-10,3.4170145988464355,3.5199999809265137,0.0,3.680000066757202,3.5,3.680000066757202,0.0,28998900
2022-10-11,3.4170145988464355,3.5199999809265137,0.0,3.5799999237060547,3.4600000381469727,3.5199999809265137,0.0,35990900
2022-10-12,3.533503532409668,3.640000104904175,0.0,3.680000066757202,3.5399999618530273,3.559999942779541,0.0,31537800
2022-10-17,3.4752588272094727,3.5799999237060547,0.0,3.6600000858306885,3.5399999618530273,3.6600000858306885,0.0,29622400
2022-10-18,3.6499927043914795,3.759999990463257,0.0,3.7799999713897705,3.5999999046325684,3.5999999046325684,0.0,29605000
2022-10-19,3.630577564239502,3.740000009536743,0.0,3.759999990463257,3.700000047683716,3.7200000286102295,0.0,11238600
2022-10-20,3.5917482376098633,3.700000047683716,0.0,3.7799999713897705,3.6600000858306885,3.7200000286102295,0.0,20671000
2022-10-21,3.669407367706299,3.7799999713897705,0.0,3.799999952316284,3.7200000286102295,3.740000009536743,0.0,15205200
2022-10-25,3.630577564239502,3.740000009536743,0.0,3.799999952316284,3.7200000286102295,3.799999952316284,0.0,6221600
2022-10-26,3.533503532409668,3.640000104904175,0.0,3.740000009536743,3.619999885559082,3.7200000286102295,0.0,24902900
2022-10-27,3.5917482376098633,3.700000047683716,0.0,3.700000047683716,3.619999885559082,3.619999885559082,0.0,9464000
2022-10-28,3.5140886306762695,3.619999885559082,0.0,3.7200000286102295,3.5799999237060547,3.700000047683716,0.0,14786600
2022-10-31,3.533503532409668,3.640000104904175,0.0,3.6600000858306885,3.5999999046325684,3.640000104904175,0.0,8987800
2022-11-01,3.630577564239502,3.740000009536743,0.0,3.7799999713897705,3.640000104904175,3.6600000858306885,0.0,15833900
2022-11-02,3.630577564239502,3.740000009536743,0.0,3.8399999141693115,3.7200000286102295,3.7200000286102295,0.0,17462400
2022-11-03,3.630577564239502,3.740000009536743,0.0,3.759999990463257,3.700000047683716,3.740000009536743,0.0,9116300
2022-11-04,3.7858967781066895,3.9000000953674316,0.0,4.019999980926514,3.740000009536743,3.740000009536743,0.0,73494400
2022-11-07,3.766481637954712,3.880000114440918,0.0,3.940000057220459,3.859999895095825,3.9000000953674316,0.0,29201900
2022-11-08,3.7470669746398926,3.859999895095825,0.0,3.9200000762939453,3.859999895095825,3.9000000953674316,0.0,9189400
2022-11-09,3.669407367706299,3.7799999713897705,0.0,3.880000114440918,3.759999990463257,3.859999895095825,0.0,16546600
2022-11-10,3.727652072906494,3.8399999141693115,0.0,3.859999895095825,3.740000009536743,3.759999990463257,0.0,14697200
2022-11-11,3.727652072906494,3.8399999141693115,0.0,3.9000000953674316,3.759999990463257,3.859999895095825,0.0,18597900
2022-11-14,3.7470669746398926,3.859999895095825,0.0,4.0,3.8399999141693115,3.8399999141693115,0.0,42151700
2022-11-15,4.1159491539001465,4.239999771118164,0.0,4.320000171661377,3.9000000953674316,3.9000000953674316,0.0,150166000
2022-11-16,4.09653377532959,4.21999979019165,0.0,4.260000228881836,4.139999866485596,4.159999847412109,0.0,45038700
2022-11-17,4.077118873596191,4.199999809265137,0.0,4.260000228881836,4.139999866485596,4.260000228881836,0.0,24935500
2022-11-18,3.999460220336914,4.119999885559082,0.0,4.199999809265137,4.059999942779541,4.159999847412109,0.0,41301200
2022-11-21,4.09653377532959,4.21999979019165,0.0,4.300000190734863,4.059999942779541,4.119999885559082,0.0,50204100
2022-11-22,3.9800455570220947,4.099999904632568,0.0,4.239999771118164,4.099999904632568,4.179999828338623,0.0,33486400
2022-11-23,3.9800455570220947,4.099999904632568,0.0,4.139999866485596,4.059999942779541,4.139999866485596,0.0,11388800
2022-11-24,3.9412152767181396,4.059999942779541,0.0,4.139999866485596,4.059999942779541,4.119999885559082,0.0,11384400
2022-11-25,3.8441412448883057,3.9600000381469727,0.0,4.059999942779541,3.9000000953674316,4.059999942779541,0.0,30970800
2022-11-28,3.8247263431549072,3.940000057220459,0.0,3.9800000190734863,3.9200000762939453,3.9600000381469727,0.0,12163100
2022-11-29,3.960630416870117,4.079999923706055,0.0,4.099999904632568,3.940000057220459,3.940000057220459,0.0,26467000
2022-11-30,4.018874645233154,4.139999866485596,0.0,4.159999847412109,4.039999961853027,4.039999961853027,0.0,20963000
2022-12-01,3.999460220336914,4.119999885559082,0.0,4.199999809265137,4.119999885559082,4.139999866485596,0.0,14917400
2022-12-02,4.018874645233154,4.139999866485596,0.0,4.179999828338623,4.119999885559082,4.139999866485596,0.0,15455400
2022-12-06,4.077118873596191,4.199999809265137,0.0,4.300000190734863,4.159999847412109,4.159999847412109,0.0,37268900
2022-12-07,4.018874645233154,4.139999866485596,0.0,4.21999979019165,4.119999885559082,4.179999828338623,0.0,16210900
2022-12-08,4.2518534660339355,4.380000114440918,0.0,4.420000076293945,4.099999904632568,4.139999866485596,0.0,122947200
2022-12-09,4.2518534660339355,4.380000114440918,0.0,4.440000057220459,4.360000133514404,4.360000133514404,0.0,41440300
2022-12-13,4.36834192276001,4.5,0.0,4.5,4.360000133514404,4.380000114440918,0.0,38756800
2022-12-14,4.465416431427002,4.599999904632568,0.0,4.619999885559082,4.5,4.519999980926514,0.0,75252700
2022-12-15,4.232438564300537,4.360000133514404,0.0,4.539999961853027,4.300000190734863,4.539999961853027,0.0,92343300
2022-12-16,4.271268367767334,4.400000095367432,0.0,4.400000095367432,4.300000190734863,4.300000190734863,0.0,30190400
2022-12-19,4.232438564300537,4.360000133514404,0.0,4.440000057220459,4.360000133514404,4.380000114440918,0.0,11068100
2022-12-20,4.19360876083374,4.320000171661377,0.0,4.400000095367432,4.260000228881836,4.380000114440918,0.0,22535300
2022-12-21,4.038289546966553,4.159999847412109,0.0,4.340000152587891,4.139999866485596,4.320000171661377,0.0,38621000
2022-12-22,4.038289546966553,4.159999847412109,0.0,4.199999809265137,4.139999866485596,4.199999809265137,0.0,15174300
2022-12-23,4.018874645233154,4.139999866485596,0.0,4.159999847412109,4.079999923706055,4.119999885559082,0.0,12776700
2022-12-26,4.057703971862793,4.179999828338623,0.0,4.260000228881836,4.159999847412109,4.159999847412109,0.0,15620500
2022-12-27,4.09653377532959,4.21999979019165,0.0,4.260000228881836,4.199999809265137,4.199999809265137,0.0,12577700
2022-12-28,4.1159491539001465,4.239999771118164,0.0,4.300000190734863,4.21999979019165,4.239999771118164,0.0,16195700
2022-12-29,4.213023662567139,4.340000152587891,0.0,4.340000152587891,4.179999828338623,4.239999771118164,0.0,29030000
2022-12-30,4.271268367767334,4.400000095367432,0.0,4.400000095367432,4.28000020980835,4.340000152587891,0.0,17939600
2023-01-03,4.698394775390625,4.840000152587891,0.0,4.960000038146973,4.380000114440918,4.400000095367432,0.0,211403700
2023-01-04,4.737224578857422,4.880000114440918,0.0,4.980000019073486,4.71999979019165,4.840000152587891,0.0,84923000
2023-01-05,4.581905841827393,4.71999979019165,0.0,4.880000114440918,4.71999979019165,4.880000114440918,0.0,43158100
2023-01-06,4.562490940093994,4.699999809265137,0.0,4.820000171661377,4.679999828338623,4.739999771118164,0.0,29625100
2023-01-09,4.698394775390625,4.840000152587891,0.0,4.840000152587891,4.679999828338623,4.71999979019165,0.0,54470700
2023-01-10,4.640150547027588,4.78000020980835,0.0,4.880000114440918,4.739999771118164,4.840000152587891,0.0,36845100
2023-01-11,4.640150547027588,4.78000020980835,0.0,4.860000133514404,4.739999771118164,4.800000190734863,0.0,81699400
2023-01-12,4.640150547027588,4.78000020980835,0.0,4.880000114440918,4.78000020980835,4.800000190734863,0.0,34886400
2023-01-13,4.640150547027588,4.78000020980835,0.0,4.880000114440918,4.739999771118164,4.800000190734863,0.0,46421000
2023-01-16,4.601320743560791,4.739999771118164,0.0,4.800000190734863,4.71999979019165,4.78000020980835,0.0,14101300
2023-01-17,4.543076038360596,4.679999828338623,0.0,4.760000228881836,4.639999866485596,4.739999771118164,0.0,20351800
2023-01-18,4.543076038360596,4.679999828338623,0.0,4.760000228881836,4.659999847412109,4.679999828338623,0.0,15195200
2023-01-19,4.523660659790039,4.659999847412109,0.0,4.699999809265137,4.639999866485596,4.679999828338623,0.0,14347400
2023-01-20,4.562490940093994,4.699999809265137,0.0,4.760000228881836,4.659999847412109,4.659999847412109,0.0,17808600
2023-01-23,4.678980350494385,4.820000171661377,0.0,4.900000095367432,4.679999828338623,4.699999809265137,0.0,55090800
2023-01-24,4.6207356452941895,4.760000228881836,0.0,4.860000133514404,4.760000228881836,4.840000152587891,0.0,21385500
2023-01-25,4.543076038360596,4.679999828338623,0.0,4.820000171661377,4.679999828338623,4.78000020980835,0.0,27699000
2023-01-26,4.504246234893799,4.639999866485596,0.0,4.739999771118164,4.619999885559082,4.699999809265137,0.0,24562200
2023-01-27,4.523660659790039,4.659999847412109,0.0,4.739999771118164,4.659999847412109,4.679999828338623,0.0,12464700
2023-01-30,4.795468807220459,4.940000057220459,0.0,5.0,4.699999809265137,4.699999809265137,0.0,96925100
2023-01-31,4.776054382324219,4.920000076293945,0.0,4.940000057220459,4.800000190734863,4.920000076293945,0.0,71744300
2023-02-01,4.8537139892578125,5.0,0.0,5.099999904632568,4.920000076293945,4.940000057220459,0.0,47772900
2023-02-02,4.8537139892578125,5.0,0.0,5.099999904632568,4.960000038146973,5.0,0.0,24570500
2023-02-03,4.902251243591309,5.050000190734863,0.0,5.099999904632568,5.0,5.099999904632568,0.0,6353600
2023-02-06,4.8537139892578125,5.0,0.0,5.050000190734863,5.0,5.050000190734863,0.0,12173300
2023-02-07,4.834299087524414,4.980000019073486,0.0,5.0,4.920000076293945,5.0,0.0,16940900
2023-02-08,4.776054382324219,4.920000076293945,0.0,5.050000190734863,4.860000133514404,4.960000038146973,0.0,35875700
2023-02-09,4.737224578857422,4.880000114440918,0.0,4.920000076293945,4.820000171661377,4.900000095367432,0.0,27787800
2023-02-10,4.737224578857422,4.880000114440918,0.0,4.940000057220459,4.880000114440918,4.920000076293945,0.0,11431400
2023-02-13,4.75663948059082,4.900000095367432,0.0,4.940000057220459,4.880000114440918,4.900000095367432,0.0,10953500
2023-02-14,4.640150547027588,4.78000020980835,0.0,4.940000057220459,4.679999828338623,4.900000095367432,0.0,39483500
2023-02-15,4.407172203063965,4.539999961853027,0.0,4.760000228881836,4.5,4.760000228881836,0.0,53557600
2023-02-16,4.290683269500732,4.420000076293945,0.0,4.539999961853027,4.360000133514404,4.539999961853027,0.0,41709800
2023-02-17,4.19360876083374,4.320000171661377,0.0,4.460000038146973,4.239999771118164,4.440000057220459,0.0,37408100
2023-02-20,4.348927021026611,4.480000019073486,0.0,4.519999980926514,4.300000190734863,4.300000190734863,0.0,26211200
2023-02-21,4.426586627960205,4.559999942779541,0.0,4.579999923706055,4.420000076293945,4.460000038146973,0.0,17247200
2023-02-22,4.387757301330566,4.519999980926514,0.0,4.559999942779541,4.440000057220459,4.519999980926514,0.0,27710800
2023-02-23,4.426586627960205,4.559999942779541,0.0,4.599999904632568,4.5,4.5,0.0,33241000
2023-02-24,4.36834192276001,4.5,0.0,4.619999885559082,4.480000019073486,4.599999904632568,0.0,29572000
2023-02-27,4.310098171234131,4.440000057220459,0.0,4.519999980926514,4.420000076293945,4.519999980926514,0.0,20668500
2023-02-28,4.270915508270264,4.360000133514404,0.04,4.460000038146973,4.300000190734863,4.420000076293945,0.0,18274900
2023-03-01,4.192550182342529,4.28000020980835,0.0,4.400000095367432,4.239999771118164,4.360000133514404,0.0,24139800
2023-03-02,4.114184379577637,4.199999809265137,0.0,4.28000020980835,4.099999904632568,4.260000228881836,0.0,32467500
2023-03-03,4.094592571258545,4.179999828338623,0.0,4.28000020980835,4.179999828338623,4.199999809265137,0.0,13085400
2023-03-07,4.192550182342529,4.28000020980835,0.0,4.320000171661377,4.21999979019165,4.21999979019165,0.0,11333400
2023-03-08,4.192550182342529,4.28000020980835,0.0,4.28000020980835,4.21999979019165,4.239999771118164,0.0,9135200
2023-03-09,4.192550182342529,4.28000020980835,0.0,4.340000152587891,4.260000228881836,4.300000190734863,0.0,8058100
2023-03-10,4.192550182342529,4.28000020980835,0.0,4.400000095367432,4.260000228881836,4.28000020980835,0.0,12884500
2023-03-13,3.8790879249572754,3.9600000381469727,0.0,4.239999771118164,3.9200000762939453,4.239999771118164,0.0,73765000
2023-03-14,3.7223570346832275,3.799999952316284,0.0,4.019999980926514,3.759999990463257,3.9800000190734863,0.0,31342000
2023-03-15,3.898679256439209,3.9800000190734863,0.0,4.039999961853027,3.819999933242798,3.9000000953674316,0.0,26702600
2023-03-16,3.8790879249572754,3.9600000381469727,0.0,4.019999980926514,3.9000000953674316,3.9800000190734863,0.0,12009700
2023-03-17,3.8203139305114746,3.9000000953674316,0.0,4.019999980926514,3.9000000953674316,3.9800000190734863,0.0,10312000
2023-03-20,3.7811310291290283,3.859999895095825,0.0,3.9800000190734863,3.8399999141693115,3.9000000953674316,0.0,13079600
2023-03-21,3.839905261993408,3.9200000762939453,0.0,3.940000057220459,3.880000114440918,3.9000000953674316,0.0,13051500
2023-03-22,3.800722599029541,3.880000114440918,0.0,3.940000057220459,3.819999933242798,3.9200000762939453,0.0,9547800
2023-03-23,3.839905261993408,3.9200000762939453,0.0,3.9800000190734863,3.8399999141693115,3.880000114440918,0.0,15246600
2023-03-24,3.8790879249572754,3.9600000381469727,0.0,4.019999980926514,3.940000057220459,3.940000057220459,0.0,9032900
2023-03-27,3.839905261993408,3.9200000762939453,0.0,4.0,3.9200000762939453,3.9800000190734863,0.0,5859600
2023-03-28,3.859496593475342,3.940000057220459,0.0,4.0,3.9200000762939453,3.9600000381469727,0.0,12245800
2023-03-29,3.839905261993408,3.9200000762939453,0.0,3.9600000381469727,3.9000000953674316,3.9600000381469727,0.0,5466300
2023-03-30,3.859496593475342,3.940000057220459,0.0,3.9600000381469727,3.859999895095825,3.940000057220459,0.0,11560200
2023-03-31,3.839905261993408,3.9200000762939453,0.0,3.940000057220459,3.880000114440918,3.940000057220459,0.0,8904900
2023-04-03,3.859496593475342,3.940000057220459,0.0,3.9600000381469727,3.859999895095825,3.9200000762939453,0.0,8268200
2023-04-04,3.9182705879211426,4.0,0.0,4.099999904632568,3.940000057220459,3.940000057220459,0.0,50823600
2023-04-05,3.9182705879211426,4.0,0.0,4.0,3.9600000381469727,3.9800000190734863,0.0,10134400
2023-04-07,3.9182705879211426,4.0,0.0,4.059999942779541,4.0,4.0,0.0,10565500
2023-04-10,3.937861919403076,4.019999980926514,0.0,4.079999923706055,3.9600000381469727,4.019999980926514,0.0,20015100
2023-04-11,3.898679256439209,3.9800000190734863,0.0,4.059999942779541,3.940000057220459,4.019999980926514,0.0,27343100
2023-04-12,3.8790879249572754,3.9600000381469727,0.0,4.019999980926514,3.940000057220459,3.9600000381469727,0.0,18190200
2023-04-17,3.9574532508850098,4.039999961853027,0.0,4.079999923706055,3.9600000381469727,3.9600000381469727,0.0,10160600
2023-04-18,3.9574532508850098,4.039999961853027,0.0,4.079999923706055,4.039999961853027,4.059999942779541,0.0,5741100
2023-04-19,3.937861919403076,4.019999980926514,0.0,4.059999942779541,3.9600000381469727,4.039999961853027,0.0,8376700
2023-04-20,3.898679256439209,3.9800000190734863,0.0,4.019999980926514,3.9800000190734863,4.019999980926514,0.0,6354500
2023-04-21,3.898679256439209,3.9800000190734863,0.0,4.079999923706055,3.9800000190734863,3.9800000190734863,0.0,12779100
2023-04-24,3.8790879249572754,3.9600000381469727,0.0,4.039999961853027,3.940000057220459,3.9800000190734863,0.0,10091000
2023-04-25,3.310938835144043,3.380000114440918,0.0,3.940000057220459,3.259999990463257,3.940000057220459,0.0,87367300
2023-04-26,3.2913472652435303,3.359999895095825,0.0,3.4200000762939453,3.319999933242798,3.359999895095825,0.0,23386000
2023-04-27,3.1933906078338623,3.259999990463257,0.0,3.380000114440918,3.240000009536743,3.380000114440918,0.0,20217300
2023-04-28,3.2913472652435303,3.359999895095825,0.0,3.4000000953674316,3.2799999713897705,3.2799999713897705,0.0,14907700
2023-05-02,3.2717559337615967,3.3399999141693115,0.0,3.4200000762939453,3.259999990463257,3.359999895095825,0.0,13648600
2023-05-03,3.154207944869995,3.2200000286102295,0.0,3.299999952316284,3.0199999809265137,3.299999952316284,0.0,46589700
2023-05-08,3.0954339504241943,3.1600000858306885,0.0,3.2200000286102295,3.0999999046325684,3.2200000286102295,0.0,44261900
2023-05-09,3.1346166133880615,3.200000047683716,0.0,3.240000009536743,3.0999999046325684,3.1600000858306885,0.0,23401300
2023-05-10,3.0954339504241943,3.1600000858306885,0.0,3.259999990463257,3.140000104904175,3.200000047683716,0.0,51041800
2023-05-11,3.1346166133880615,3.200000047683716,0.0,3.2200000286102295,3.140000104904175,3.1600000858306885,0.0,28750100
2023-05-12,3.1346166133880615,3.200000047683716,0.0,3.2799999713897705,3.0999999046325684,3.200000047683716,0.0,30897000
2023-05-15,3.056251049041748,3.119999885559082,0.0,3.2200000286102295,3.0999999046325684,3.1600000858306885,0.0,21865500
2023-05-16,3.056251049041748,3.119999885559082,0.0,3.1600000858306885,3.0799999237060547,3.0799999237060547,0.0,22410300
2023-05-17,3.1346166133880615,3.200000047683716,0.0,3.240000009536743,3.119999885559082,3.140000104904175,0.0,17828400
2023-05-18,3.1346166133880615,3.200000047683716,0.0,3.4000000953674316,3.180000066757202,3.2200000286102295,0.0,39134600
2023-05-19,3.1346166133880615,3.200000047683716,0.0,3.299999952316284,3.200000047683716,3.200000047683716,0.0,27434000
2023-05-22,3.154207944869995,3.2200000286102295,0.0,3.240000009536743,3.140000104904175,3.2200000286102295,0.0,19978400
2023-05-23,3.2717559337615967,3.3399999141693115,0.0,3.3399999141693115,3.2200000286102295,3.240000009536743,0.0,22422500
2023-05-24,3.252164602279663,3.319999933242798,0.0,3.4000000953674316,3.319999933242798,3.319999933242798,0.0,24793500
2023-05-25,3.2913472652435303,3.359999895095825,0.0,3.4600000381469727,3.319999933242798,3.359999895095825,0.0,27167600
2023-05-26,3.1933906078338623,3.259999990463257,0.0,3.359999895095825,3.200000047683716,3.3399999141693115,0.0,29404300
2023-05-29,3.1737992763519287,3.240000009536743,0.0,3.299999952316284,3.1600000858306885,3.2799999713897705,0.0,11012700
2023-05-30,3.154207944869995,3.2200000286102295,0.0,3.240000009536743,3.180000066757202,3.2200000286102295,0.0,17879900
2023-05-31,3.154207944869995,3.2200000286102295,0.0,3.3399999141693115,3.2200000286102295,3.2200000286102295,0.0,26997200
2023-06-01,3.0954339504241943,3.1600000858306885,0.0,3.2799999713897705,3.0799999237060547,3.240000009536743,0.0,244436500
2023-06-02,3.056251049041748,3.119999885559082,0.0,3.180000066757202,3.059999942779541,3.1600000858306885,0.0,22647400
2023-06-06,3.056251049041748,3.119999885559082,0.0,3.1600000858306885,3.0999999046325684,3.140000104904175,0.0,354284400
2023-06-07,3.212981939315796,3.2799999713897705,0.0,3.319999933242798,3.119999885559082,3.119999885559082,0.0,40761700
2023-06-08,3.212981939315796,3.2799999713897705,0.0,3.3399999141693115,3.2200000286102295,3.299999952316284,0.0,42554500
2023-06-09,3.2913472652435303,3.359999895095825,0.0,3.380000114440918,3.2799999713897705,3.2799999713897705,0.0,30566500
2023-06-12,3.2325732707977295,3.299999952316284,0.0,3.359999895095825,3.2799999713897705,3.319999933242798,0.0,24669400
2023-06-13,3.252164602279663,3.319999933242798,0.0,3.4200000762939453,3.2799999713897705,3.319999933242798,0.0,49505100
2023-06-14,3.3305301666259766,3.4000000953674316,0.0,3.4200000762939453,3.2799999713897705,3.359999895095825,0.0,67188700
2023-06-15,3.2325732707977295,3.299999952316284,0.0,3.440000057220459,3.2799999713897705,3.4000000953674316,0.0,51619000
2023-06-16,3.1737992763519287,3.240000009536743,0.0,3.3399999141693115,3.240000009536743,3.319999933242798,0.0,19291900
2023-06-19,3.1737992763519287,3.240000009536743,0.0,3.2799999713897705,3.180000066757202,3.2200000286102295,0.0,10377000
2023-06-20,3.1737992763519287,3.240000009536743,0.0,3.299999952316284,3.240000009536743,3.2799999713897705,0.0,6941400
2023-06-21,3.0758426189422607,3.140000104904175,0.0,3.259999990463257,3.140000104904175,3.259999990463257,0.0,21473100
2023-06-22,3.056251049041748,3.119999885559082,0.0,3.180000066757202,3.0799999237060547,3.1600000858306885,0.0,14324400
2023-06-23,3.0758426189422607,3.140000104904175,0.0,3.180000066757202,3.0399999618530273,3.0999999046325684,0.0,13923800
2023-06-26,3.017068386077881,3.0799999237060547,0.0,3.1600000858306885,3.0399999618530273,3.1600000858306885,0.0,16819500
2023-06-27,2.9778857231140137,3.0399999618530273,0.0,3.0799999237060547,3.0199999809265137,3.059999942779541,0.0,19991000
2023-06-28,2.919111728668213,2.9800000190734863,0.0,3.059999942779541,2.8399999141693115,3.0399999618530273,0.0,46100500
2023-06-29,2.9778857231140137,3.0399999618530273,0.0,3.0999999046325684,2.9600000381469727,2.9800000190734863,0.0,14791100
2023-06-30,2.9778857231140137,3.0399999618530273,0.0,3.140000104904175,3.0199999809265137,3.0799999237060547,0.0,9911500
2023-07-03,2.9974770545959473,3.059999942779541,0.0,3.0999999046325684,3.0199999809265137,3.059999942779541,0.0,13619000
2023-07-04,3.0366597175598145,3.0999999046325684,0.0,3.140000104904175,3.059999942779541,3.0799999237060547,0.0,12887700
2023-07-05,2.9778857231140137,3.0399999618530273,0.0,3.119999885559082,3.0399999618530273,3.119999885559082,0.0,4832000
2023-07-06,2.8995203971862793,2.9600000381469727,0.0,3.0399999618530273,2.880000114440918,3.0399999618530273,0.0,29589100
2023-07-07,2.8995203971862793,2.9600000381469727,0.0,3.0,2.9000000953674316,2.940000057220459,0.0,4343300
2023-07-10,2.9778857231140137,3.0399999618530273,0.0,3.0799999237060547,2.9000000953674316,2.9800000190734863,0.0,23860700
2023-07-11,2.8799290657043457,2.940000057220459,0.0,3.0799999237060547,2.9200000762939453,3.0399999618530273,0.0,12750900
2023-07-12,2.7036068439483643,2.759999990463257,0.0,2.9600000381469727,2.740000009536743,2.9600000381469727,0.0,25490800
2023-07-13,2.7036068439483643,2.759999990463257,0.0,2.799999952316284,2.6600000858306885,2.759999990463257,0.0,32070100
2023-07-14,2.762380838394165,2.819999933242798,0.0,2.880000114440918,2.759999990463257,2.7799999713897705,0.0,18411000
2023-07-17,2.8015635013580322,2.859999895095825,0.0,2.9000000953674316,2.799999952316284,2.819999933242798,0.0,15406500
2023-07-18,2.8015635013580322,2.859999895095825,0.0,2.9200000762939453,2.799999952316284,2.880000114440918,0.0,24752000
2023-07-19,2.821155071258545,2.880000114440918,0.0,2.9000000953674316,2.7799999713897705,2.859999895095825,0.0,36699600
2023-07-20,2.762380838394165,2.819999933242798,0.0,2.9000000953674316,2.819999933242798,2.859999895095825,0.0,9105300
2023-07-21,2.7427895069122314,2.799999952316284,0.0,2.819999933242798,2.759999990463257,2.799999952316284,0.0,21725100
2023-07-24,2.723198175430298,2.7799999713897705,0.0,2.819999933242798,2.7200000286102295,2.819999933242798,0.0,16699000
2023-07-25,2.683443546295166,2.700000047683716,0.04,2.759999990463257,2.680000066757202,2.740000009536743,0.0,7282100
2023-07-26,2.643688678741455,2.6600000858306885,0.0,2.7200000286102295,2.619999885559082,2.700000047683716,0.0,9560200
2023-07-27,2.7629528045654297,2.7799999713897705,0.0,2.799999952316284,2.640000104904175,2.640000104904175,0.0,31755800
2023-07-31,2.9020943641662598,2.9200000762939453,0.0,2.9200000762939453,2.8399999141693115,2.8399999141693115,0.0,16844700
2023-08-02,2.862339735031128,2.880000114440918,0.0,2.9200000762939453,2.8399999141693115,2.9000000953674316,0.0,17170200
2023-08-03,2.8027074337005615,2.819999933242798,0.0,2.9000000953674316,2.799999952316284,2.859999895095825,0.0,15655800
2023-08-04,2.782830238342285,2.799999952316284,0.0,2.859999895095825,2.759999990463257,2.819999933242798,0.0,14322400
2023-08-07,2.7629528045654297,2.7799999713897705,0.0,2.819999933242798,2.7200000286102295,2.799999952316284,0.0,12218600
2023-08-08,2.743075370788574,2.759999990463257,0.0,2.819999933242798,2.759999990463257,2.7799999713897705,0.0,11076600
2023-08-09,2.723198175430298,2.740000009536743,0.0,2.7799999713897705,2.6600000858306885,2.7799999713897705,0.0,13644000
2023-08-10,2.723198175430298,2.740000009536743,0.0,2.7799999713897705,2.6600000858306885,2.740000009536743,0.0,10906600
2023-08-11,2.723198175430298,2.740000009536743,0.0,2.759999990463257,2.680000066757202,2.740000009536743,0.0,14127400
2023-08-15,2.643688678741455,2.6600000858306885,0.0,2.7799999713897705,2.5999999046325684,2.759999990463257,0.0,16932200
2023-08-16,2.5244245529174805,2.5399999618530273,0.0,2.640000104904175,2.5,2.619999885559082,0.0,43332700
2023-08-17,2.5641791820526123,2.5799999237060547,0.0,2.619999885559082,2.5,2.559999942779541,0.0,37836000
2023-08-18,2.5244245529174805,2.5399999618530273,0.0,2.5999999046325684,2.5199999809265137,2.559999942779541,0.0,28799300
2023-08-21,2.5641791820526123,2.5799999237060547,0.0,2.619999885559082,2.5199999809265137,2.5399999618530273,0.0,45453300
2023-08-22,2.6238114833831787,2.640000104904175,0.0,2.6600000858306885,2.5799999237060547,2.5999999046325684,0.0,13230400
2023-08-23,2.683443546295166,2.700000047683716,0.0,2.700000047683716,2.5999999046325684,2.6600000858306885,0.0,26458700
2023-08-24,2.7629528045654297,2.7799999713897705,0.0,2.859999895095825,2.7200000286102295,2.7200000286102295,0.0,42899900
2023-08-25,2.8027074337005615,2.819999933242798,0.0,2.880000114440918,2.759999990463257,2.7799999713897705,0.0,34636900
2023-08-28,2.822584867477417,2.8399999141693115,0.0,2.880000114440918,2.799999952316284,2.8399999141693115,0.0,13378800
2023-08-29,2.8027074337005615,2.819999933242798,0.0,2.9000000953674316,2.799999952316284,2.859999895095825,0.0,20497300
2023-08-30,2.8822171688079834,2.9000000953674316,0.0,2.9600000381469727,2.819999933242798,2.819999933242798,0.0,37037400
2023-08-31,2.9418492317199707,2.9600000381469727,0.0,3.0199999809265137,2.9000000953674316,2.9200000762939453,0.0,46755100
2023-09-01,3.0213584899902344,3.0399999618530273,0.0,3.119999885559082,2.940000057220459,2.940000057220459,0.0,79429000
2023-09-04,2.9418492317199707,2.9600000381469727,0.0,3.0799999237060547,2.940000057220459,3.0399999618530273,0.0,25703700
2023-09-05,2.723198175430298,2.740000009536743,0.0,2.9600000381469727,2.740000009536743,2.940000057220459,0.0,73897000
2023-09-06,2.6635661125183105,2.680000066757202,0.0,2.740000009536743,2.6600000858306885,2.7200000286102295,0.0,40188000
2023-09-07,2.6238114833831787,2.640000104904175,0.0,2.740000009536743,2.640000104904175,2.680000066757202,0.0,47934400
2023-09-08,2.643688678741455,2.6600000858306885,0.0,2.700000047683716,2.640000104904175,2.640000104904175,0.0,18443600
2023-09-11,2.683443546295166,2.700000047683716,0.0,2.740000009536743,2.640000104904175,2.680000066757202,0.0,21624400
2023-09-12,2.782830238342285,2.799999952316284,0.0,2.859999895095825,2.7200000286102295,2.7200000286102295,0.0,44642400
2023-09-13,2.683443546295166,2.700000047683716,0.0,2.819999933242798,2.7200000286102295,2.819999933242798,0.0,26881600
2023-09-14,2.723198175430298,2.740000009536743,0.0,2.759999990463257,2.6600000858306885,2.700000047683716,0.0,14648200
2023-09-15,2.6635661125183105,2.680000066757202,0.0,2.7799999713897705,2.680000066757202,2.7799999713897705,0.0,22203600
2023-09-18,2.603933811187744,2.619999885559082,0.0,2.700000047683716,2.619999885559082,2.6600000858306885,0.0,22263800
2023-09-19,2.5840566158294678,2.5999999046325684,0.0,2.6600000858306885,2.5799999237060547,2.5999999046325684,0.0,20527900
2023-09-20,2.544301748275757,2.559999942779541,0.0,2.5999999046325684,2.5399999618530273,2.5799999237060547,0.0,12575000
2023-09-21,2.5641791820526123,2.5799999237060547,0.0,2.619999885559082,2.5399999618530273,2.559999942779541,0.0,7899600
2023-09-22,2.5840566158294678,2.5999999046325684,0.0,2.640000104904175,2.559999942779541,2.5799999237060547,0.0,12505500
2023-09-25,2.5641791820526123,2.5799999237060547,0.0,2.619999885559082,2.5199999809265137,2.5999999046325684,0.0,21849700
2023-09-26,2.544301748275757,2.559999942779541,0.0,2.5999999046325684,2.559999942779541,2.5799999237060547,0.0,13738400
2023-09-27,2.464792490005493,2.4800000190734863,0.0,2.5,2.440000057220459,2.4800000190734863,0.0,11976300
2023-09-28,2.3455281257629395,2.359999895095825,0.0,2.4800000190734863,2.359999895095825,2.4600000381469727,0.0,30112800
2023-09-29,2.3455281257629395,2.359999895095825,0.0,2.4200000762939453,2.3399999141693115,2.380000114440918,0.0,24491200
2023-10-02,2.2461414337158203,2.259999990463257,0.0,2.380000114440918,2.2200000286102295,2.3399999141693115,0.0,28635500
2023-10-03,2.146754741668701,2.1600000858306885,0.0,2.240000009536743,2.1600000858306885,2.2200000286102295,0.0,35599100
2023-10-04,2.146754741668701,2.1600000858306885,0.0,2.2200000286102295,2.119999885559082,2.119999885559082,0.0,26776700
2023-10-05,2.1666321754455566,2.180000066757202,0.0,2.240000009536743,2.1600000858306885,2.200000047683716,0.0,16436400
2023-10-06,2.2063868045806885,2.2200000286102295,0.0,2.3399999141693115,2.180000066757202,2.259999990463257,0.0,53115400
2023-10-09,2.126877546310425,2.140000104904175,0.0,2.200000047683716,2.119999885559082,2.180000066757202,0.0,16188200
2023-10-10,2.146754741668701,2.1600000858306885,0.0,2.200000047683716,2.140000104904175,2.200000047683716,0.0,21739400
2023-10-11,2.1666321754455566,2.180000066757202,0.0,2.240000009536743,2.1600000858306885,2.180000066757202,0.0,30860000
2023-10-12,2.126877546310425,2.140000104904175,0.0,2.2200000286102295,2.119999885559082,2.200000047683716,0.0,19585500
2023-10-16,2.0274906158447266,2.0399999618530273,0.0,2.140000104904175,2.0,2.119999885559082,0.0,38054000
2023-10-17,2.007613182067871,2.0199999809265137,0.0,2.0799999237060547,2.0199999809265137,2.0399999618530273,0.0,18707000
2023-10-18,2.0274906158447266,2.0399999618530273,0.0,2.0799999237060547,2.0,2.0199999809265137,0.0,18573000
2023-10-19,2.047367811203003,2.059999942779541,0.0,2.119999885559082,2.0199999809265137,2.0399999618530273,0.0,12447800
2023-10-20,2.007613182067871,2.0199999809265137,0.0,2.0799999237060547,2.0199999809265137,2.059999942779541,0.0,12727600
2023-10-24,2.0672452449798584,2.0799999237060547,0.0,2.0799999237060547,2.0,2.0,0.0,8264200
2023-10-25,2.0672452449798584,2.0799999237060547,0.0,2.140000104904175,2.0799999237060547,2.0999999046325684,0.0,8477600
2023-10-26,2.007613182067871,2.0199999809265137,0.0,2.0799999237060547,2.0199999809265137,2.0799999237060547,0.0,13356700
2023-10-27,1.9777971506118774,1.9900000095367432,0.0,2.0399999618530273,1.9199999570846558,2.0399999618530273,0.0,29922800
2023-10-30,1.9281038045883179,1.940000057220459,0.0,2.0,1.9199999570846558,1.9700000286102295,0.0,23633300
2023-10-31,1.9082263708114624,1.9199999570846558,0.0,1.9600000381469727,1.909999966621399,1.9600000381469727,0.0,22870600
2023-11-01,1.9479812383651733,1.9600000381469727,0.0,2.0199999809265137,1.940000057220459,1.940000057220459,0.0,33916900
2023-11-02,2.0274906158447266,2.0399999618530273,0.0,2.059999942779541,1.9800000190734863,1.9800000190734863,0.0,9516600
2023-11-03,2.146754741668701,2.1600000858306885,0.0,2.2200000286102295,2.0399999618530273,2.0399999618530273,0.0,55975000
2023-11-06,2.226264238357544,2.240000009536743,0.0,2.259999990463257,2.140000104904175,2.180000066757202,0.0,31516700
2023-11-07,2.1069998741149902,2.119999885559082,0.0,2.2200000286102295,2.119999885559082,2.200000047683716,0.0,17018100
2023-11-08,2.126877546310425,2.140000104904175,0.0,2.180000066757202,2.119999885559082,2.119999885559082,0.0,6282500
2023-11-09,2.1069998741149902,2.119999885559082,0.0,2.180000066757202,2.0799999237060547,2.180000066757202,0.0,10941300
2023-11-10,2.0274906158447266,2.0399999618530273,0.0,2.0999999046325684,2.0199999809265137,2.0799999237060547,0.0,12513700
2023-11-13,2.047367811203003,2.059999942779541,0.0,2.0799999237060547,2.0199999809265137,2.0399999618530273,0.0,10737800
2023-11-14,1.9877358675003052,2.0,0.0,2.0999999046325684,1.9900000095367432,2.0799999237060547,0.0,9630400
2023-11-15,2.0672452449798584,2.0799999237060547,0.0,2.119999885559082,2.0399999618530273,2.0399999618530273,0.0,11733600
2023-11-16,2.087122678756714,2.0999999046325684,0.0,2.119999885559082,2.0399999618530273,2.0799999237060547,0.0,6024100
2023-11-17,2.0672452449798584,2.0799999237060547,0.0,2.1600000858306885,2.059999942779541,2.0999999046325684,0.0,12924900
2023-11-20,2.087122678756714,2.0999999046325684,0.0,2.119999885559082,2.0399999618530273,2.0799999237060547,0.0,6478500
2023-11-21,2.1069998741149902,2.119999885559082,0.0,2.200000047683716,2.0999999046325684,2.119999885559082,0.0,14076400
2023-11-22,2.087122678756714,2.0999999046325684,0.0,2.1600000858306885,2.0999999046325684,2.119999885559082,0.0,9214600
2023-11-23,2.1069998741149902,2.119999885559082,0.0,2.1600000858306885,2.0799999237060547,2.119999885559082,0.0,6824100
2023-11-24,2.0274906158447266,2.0399999618530273,0.0,2.119999885559082,2.0399999618530273,2.0999999046325684,0.0,8163900
2023-11-27,2.047367811203003,2.059999942779541,0.0,2.059999942779541,2.0199999809265137,2.0399999618530273,0.0,5278400
2023-11-28,2.087122678756714,2.0999999046325684,0.0,2.119999885559082,2.059999942779541,2.0799999237060547,0.0,3733600
2023-11-29,2.0672452449798584,2.0799999237060547,0.0,2.140000104904175,2.059999942779541,2.119999885559082,0.0,8994500
2023-11-30,1.9777971506118774,1.9900000095367432,0.0,2.0799999237060547,1.9800000190734863,2.0799999237060547,0.0,19306200
2023-12-01,2.007613182067871,2.0199999809265137,0.0,2.059999942779541,2.0,2.0,0.0,8197000
2023-12-04,1.9181650876998901,1.9299999475479126,0.0,2.0199999809265137,1.9299999475479126,2.0,0.0,23791300
2023-12-06,1.9877358675003052,2.0,0.0,2.0199999809265137,1.9500000476837158,1.9500000476837158,0.0,10724100
2023-12-07,1.9678585529327393,1.9800000190734863,0.0,2.0199999809265137,1.9700000286102295,2.0,0.0,5120200
2023-12-08,1.9281038045883179,1.940000057220459,0.0,2.0799999237060547,1.9199999570846558,2.0199999809265137,0.0,30410400
2023-12-12,1.838655710220337,1.850000023841858,0.0,1.9700000286102295,1.850000023841858,1.9500000476837158,0.0,28263800
2023-12-13,1.7690849304199219,1.7799999713897705,0.0,1.8700000047683716,1.7699999809265137,1.850000023841858,0.0,19168200
2023-12-14,1.8585330247879028,1.8700000047683716,0.0,1.9299999475479126,1.809999942779541,1.809999942779541,0.0,24361100
2023-12-15,1.8684717416763306,1.8799999952316284,0.0,1.9299999475479126,1.8700000047683716,1.909999966621399,0.0,11994800
2023-12-18,1.8784103393554688,1.8899999856948853,0.0,1.899999976158142,1.8700000047683716,1.899999976158142,0.0,5469300
2023-12-19,1.8684717416763306,1.8799999952316284,0.0,1.909999966621399,1.8600000143051147,1.899999976158142,0.0,11112300
2023-12-20,1.8784103393554688,1.8899999856948853,0.0,1.9600000381469727,1.8799999952316284,1.8799999952316284,0.0,42828100
2023-12-21,1.8684717416763306,1.8799999952316284,0.0,1.899999976158142,1.8600000143051147,1.8600000143051147,0.0,13073800
2023-12-22,1.8485944271087646,1.8600000143051147,0.0,1.899999976158142,1.8200000524520874,1.8899999856948853,0.0,25343000
2023-12-25,1.8883490562438965,1.899999976158142,0.0,1.899999976158142,1.840000033378601,1.840000033378601,0.0,12817700
2023-12-26,1.8684717416763306,1.8799999952316284,0.0,1.9299999475479126,1.8700000047683716,1.8899999856948853,0.0,19348000
2023-12-27,1.8784103393554688,1.8899999856948853,0.0,1.940000057220459,1.8799999952316284,1.8799999952316284,0.0,17527900
2023-12-28,1.9181650876998901,1.9299999475479126,0.0,1.940000057220459,1.899999976158142,1.899999976158142,0.0,9353800
2024-01-03,2.2063868045806885,2.2200000286102295,0.0,2.259999990463257,2.119999885559082,2.1600000858306885,0.0,87168800
2024-01-04,2.1666321754455566,2.180000066757202,0.0,2.259999990463257,2.1600000858306885,2.2200000286102295,0.0,38424700
2024-01-05,2.1069998741149902,2.119999885559082,0.0,2.200000047683716,2.0999999046325684,2.180000066757202,0.0,33623100
2024-01-08,2.146754741668701,2.1600000858306885,0.0,2.240000009536743,2.119999885559082,2.119999885559082,0.0,77784300
2024-01-09,2.0274906158447266,2.0399999618530273,0.0,2.180000066757202,2.0199999809265137,2.180000066757202,0.0,49295700
2024-01-10,1.9678585529327393,1.9800000190734863,0.0,2.059999942779541,1.9500000476837158,2.0399999618530273,0.0,54608000
2024-01-11,1.8982877731323242,1.909999966621399,0.0,2.0,1.8899999856948853,1.9900000095367432,0.0,41296400
2024-01-12,1.8982877731323242,1.909999966621399,0.0,1.9299999475479126,1.8700000047683716,1.899999976158142,0.0,42690100
2024-01-15,1.8287169933319092,1.840000033378601,0.0,1.9199999570846558,1.840000033378601,1.909999966621399,0.0,88667000
2024-01-16,1.8088396787643433,1.8200000524520874,0.0,1.850000023841858,1.7999999523162842,1.840000033378601,0.0,30386100
2024-01-17,1.77902352809906,1.7899999618530273,0.0,1.840000033378601,1.7799999713897705,1.8200000524520874,0.0,35301300
2024-01-18,1.7989009618759155,1.809999942779541,0.0,1.8200000524520874,1.7799999713897705,1.7999999523162842,0.0,25834100
2024-01-19,1.7690849304199219,1.7799999713897705,0.0,1.8300000429153442,1.7799999713897705,1.809999942779541,0.0,26134100
2024-01-22,1.7094528675079346,1.7200000286102295,0.0,1.7899999618530273,1.7200000286102295,1.7899999618530273,0.0,34846500
2024-01-23,1.6895755529403687,1.7000000476837158,0.0,1.7400000095367432,1.690000057220459,1.7200000286102295,0.0,43445200
2024-01-24,1.6895755529403687,1.7000000476837158,0.0,1.7200000286102295,1.690000057220459,1.7100000381469727,0.0,56037700
2024-01-25,1.6398820877075195,1.649999976158142,0.0,1.7100000381469727,1.6100000143051147,1.7000000476837158,0.0,74391300
2024-01-26,1.6398820877075195,1.649999976158142,0.0,1.690000057220459,1.6299999952316284,1.649999976158142,0.0,30150600
2024-01-29,1.6597594022750854,1.6699999570846558,0.0,1.690000057220459,1.6399999856948853,1.659999966621399,0.0,44882600
2024-01-30,1.6597594022750854,1.6699999570846558,0.0,1.7599999904632568,1.659999966621399,1.6699999570846558,0.0,106481500
2024-01-31,1.570311427116394,1.5800000429153442,0.0,1.6799999475479126,1.5700000524520874,1.6799999475479126,0.0,92941600
2024-02-01,1.5603727102279663,1.5700000524520874,0.0,1.590000033378601,1.5399999618530273,1.5800000429153442,0.0,57004900
2024-02-02,1.5603727102279663,1.5700000524520874,0.0,1.6200000047683716,1.5499999523162842,1.5800000429153442,0.0,70474900
2024-02-05,1.5802500247955322,1.590000033378601,0.0,1.600000023841858,1.5499999523162842,1.5700000524520874,0.0,36840400
2024-02-06,1.6498206853866577,1.659999966621399,0.0,1.7000000476837158,1.590000033378601,1.590000033378601,0.0,90098900
2024-02-07,1.6995141506195068,1.7100000381469727,0.0,1.850000023841858,1.6799999475479126,1.7100000381469727,0.0,403117000
2024-02-08,1.6597594022750854,1.6699999570846558,0.0,1.7400000095367432,1.659999966621399,1.7300000190734863,0.0,89135700
2024-02-09,1.7094528675079346,1.7200000286102295,0.0,1.7899999618530273,1.6299999952316284,1.6699999570846558,0.0,116170400
2024-02-12,1.6696981191635132,1.6799999475479126,0.0,1.7200000286102295,1.6799999475479126,1.7200000286102295,0.0,49514300
2024-02-13,1.7392688989639282,1.75,0.0,1.75,1.7000000476837158,1.7000000476837158,0.0,108986200
2024-02-14,1.679636836051941,1.690000057220459,0.0,1.7899999618530273,1.6799999475479126,1.7799999713897705,0.0,217152400
2024-02-15,1.6498206853866577,1.659999966621399,0.0,1.7100000381469727,1.649999976158142,1.7000000476837158,0.0,79201200
2024-02-16,1.6001273393630981,1.6100000143051147,0.0,1.6799999475479126,1.6100000143051147,1.6699999570846558,0.0,67817000
2024-02-19,1.570311427116394,1.5800000429153442,0.0,1.6299999952316284,1.5800000429153442,1.6200000047683716,0.0,58212200
2024-02-20,1.520617961883545,1.5299999713897705,0.0,1.590000033378601,1.5199999809265137,1.5800000429153442,0.0,60627400
2024-02-21,1.5404952764511108,1.5499999523162842,0.0,1.590000033378601,1.5199999809265137,1.5299999713897705,0.0,110059100
2024-02-22,1.5603727102279663,1.5700000524520874,0.0,1.5800000429153442,1.5299999713897705,1.559999942779541,0.0,40649200
2024-02-23,1.530556559562683,1.5399999618530273,0.0,1.5800000429153442,1.5399999618530273,1.5700000524520874,0.0,17768400
2024-02-27,1.4510471820831299,1.4600000381469727,0.0,1.5499999523162842,1.4600000381469727,1.5399999618530273,0.0,96825500
2024-02-28,1.4411085844039917,1.4500000476837158,0.0,1.4800000190734863,1.440000057220459,1.4500000476837158,0.0,55323900
2024-02-29,1.4212311506271362,1.4299999475479126,0.0,1.4700000286102295,1.4199999570846558,1.4500000476837158,0.0,31589200
2024-03-01,1.4112924337387085,1.4199999570846558,0.0,1.4500000476837158,1.409999966621399,1.4299999475479126,0.0,25161200
2024-03-04,1.3914151191711426,1.399999976158142,0.0,1.440000057220459,1.399999976158142,1.4299999475479126,0.0,25431900
2024-03-05,1.4013537168502808,1.409999966621399,0.0,1.4299999475479126,1.3700000047683716,1.399999976158142,0.0,45340300
2024-03-06,1.4510471820831299,1.4600000381469727,0.0,1.4800000190734863,1.399999976158142,1.399999976158142,0.0,35969800
2024-03-07,1.4808632135391235,1.4900000095367432,0.0,1.5099999904632568,1.4700000286102295,1.4900000095367432,0.0,42073100
2024-03-08,1.4808632135391235,1.4900000095367432,0.0,1.5,1.4800000190734863,1.4900000095367432,0.0,44100600
2024-03-11,1.4411085844039917,1.4500000476837158,0.0,1.4900000095367432,1.440000057220459,1.4800000190734863,0.0,63792100
2024-03-12,1.4411085844039917,1.4500000476837158,0.0,1.4500000476837158,1.4500000476837158,1.4500000476837158,0.0,0
2024-03-13,1.6001273393630981,1.6100000143051147,0.0,1.690000057220459,1.409999966621399,1.440000057220459,0.0,552613400
2024-03-14,1.7094528675079346,1.7200000286102295,0.0,1.7599999904632568,1.600000023841858,1.6200000047683716,0.0,535776900
2024-03-15,1.7094528675079346,1.7200000286102295,0.0,1.7200000286102295,1.7200000286102295,1.7200000286102295,0.0,0
2024-03-18,1.6995141506195068,1.7100000381469727,0.0,1.7400000095367432,1.6699999570846558,1.7100000381469727,0.0,149703300
2024-03-19,1.6200047731399536,1.6299999952316284,0.0,1.7899999618530273,1.6299999952316284,1.7200000286102295,0.0,406233400
2024-03-20,1.6001273393630981,1.6100000143051147,0.0,1.649999976158142,1.590000033378601,1.6200000047683716,0.0,81859900
2024-03-21,1.6597594022750854,1.6699999570846558,0.0,1.6799999475479126,1.6200000047683716,1.6299999952316284,0.0,143699600
2024-03-22,1.6597594022750854,1.6699999570846558,0.0,1.6699999570846558,1.6699999570846558,1.6699999570846558,0.0,0
2024-03-25,1.6299433708190918,1.6399999856948853,0.0,1.6799999475479126,1.6200000047683716,1.6299999952316284,0.0,86861800
2024-03-26,1.6299433708190918,1.6399999856948853,0.0,1.6399999856948853,1.6399999856948853,1.6399999856948853,0.0,0
2024-03-27,1.7193915843963623,1.7300000190734863,0.0,1.7599999904632568,1.6699999570846558,1.6799999475479126,0.0,226033600
2024-03-28,1.6597594022750854,1.6699999570846558,0.0,1.7400000095367432,1.6699999570846558,1.7400000095367432,0.0,80130700
2024-03-29,1.6597594022750854,1.6699999570846558,0.0,1.7100000381469727,1.649999976158142,1.6799999475479126,0.0,47840800
2024-04-01,1.6895755529403687,1.7000000476837158,0.0,1.7300000190734863,1.6799999475479126,1.6799999475479126,0.0,61963600
2024-04-02,1.679636836051941,1.690000057220459,0.0,1.7100000381469727,1.6699999570846558,1.7000000476837158,0.0,43077000
2024-04-03,1.6498206853866577,1.659999966621399,0.0,1.6799999475479126,1.649999976158142,1.6799999475479126,0.0,68325100
2024-04-04,1.6498206853866577,1.659999966621399,0.0,1.659999966621399,1.659999966621399,1.659999966621399,0.0,0
2024-04-05,1.6398820877075195,1.649999976158142,0.0,1.659999966621399,1.6200000047683716,1.6200000047683716,0.0,45720400
2024-04-09,1.6398820877075195,1.649999976158142,0.0,1.649999976158142,1.649999976158142,1.649999976158142,0.0,0
2024-04-10,1.7492074966430664,1.7599999904632568,0.0,1.7599999904632568,1.7000000476837158,1.7000000476837158,0.0,106031600
2024-04-11,1.7293301820755005,1.7400000095367432,0.0,1.7699999809265137,1.7200000286102295,1.75,0.0,77108100
2024-04-17,1.6995141506195068,1.7100000381469727,0.0,1.7300000190734863,1.690000057220459,1.7200000286102295,0.0,92357700
2024-04-18,1.6995141506195068,1.7100000381469727,0.0,1.7100000381469727,1.7100000381469727,1.7100000381469727,0.0,0
2024-04-19,1.6995141506195068,1.7100000381469727,0.0,1.7100000381469727,1.7100000381469727,1.7100000381469727,0.0,0
2024-04-22,1.550433874130249,1.559999942779541,0.0,1.5800000429153442,1.5499999523162842,1.5700000524520874,0.0,44212500
2024-04-23,1.6696981191635132,1.6799999475479126,0.0,1.7000000476837158,1.5700000524520874,1.5700000524520874,0.0,153084600
2024-04-24,1.6696981191635132,1.6799999475479126,0.0,1.6799999475479126,1.6799999475479126,1.6799999475479126,0.0,0
2024-04-25,1.6498206853866577,1.659999966621399,0.0,1.6799999475479126,1.649999976158142,1.6699999570846558,0.0,22892400
2024-04-26,1.6200047731399536,1.6299999952316284,0.0,1.6799999475479126,1.6299999952316284,1.659999966621399,0.0,50174500
2024-04-29,1.6398820877075195,1.649999976158142,0.0,1.659999966621399,1.6299999952316284,1.6399999856948853,0.0,30255300
2024-04-30,1.6995141506195068,1.7100000381469727,0.0,1.7400000095367432,1.6399999856948853,1.649999976158142,0.0,118663800
2024-05-02,1.6995141506195068,1.7100000381469727,0.0,1.7100000381469727,1.7100000381469727,1.7100000381469727,0.0,0
2024-05-03,1.7591462135314941,1.7699999809265137,0.0,1.8600000143051147,1.75,1.7999999523162842,0.0,298414200
2024-05-07,1.7591462135314941,1.7699999809265137,0.0,1.7699999809265137,1.7699999809265137,1.7699999809265137,0.0,0
2024-05-08,1.7591462135314941,1.7699999809265137,0.0,1.7899999618530273,1.7599999904632568,1.7899999618530273,0.0,50125400
2024-05-09,1.6398820877075195,1.649999976158142,0.0,1.7799999713897705,1.649999976158142,1.7699999809265137,0.0,142258900
2024-05-10,1.6498206853866577,1.659999966621399,0.0,1.6799999475479126,1.6399999856948853,1.659999966621399,0.0,39558900
2024-05-13,1.6299433708190918,1.6399999856948853,0.0,1.6699999570846558,1.600000023841858,1.659999966621399,0.0,69835600
2024-05-14,1.6200047731399536,1.6299999952316284,0.0,1.6699999570846558,1.6299999952316284,1.649999976158142,0.0,49512400
2024-05-15,1.6001273393630981,1.6100000143051147,0.0,1.6299999952316284,1.600000023841858,1.6299999952316284,0.0,26362900
2024-05-16,1.6001273393630981,1.6100000143051147,0.0,1.6100000143051147,1.6100000143051147,1.6100000143051147,0.0,0
2024-05-17,1.6498206853866577,1.659999966621399,0.0,1.6699999570846558,1.6399999856948853,1.6399999856948853,0.0,39653400
2024-05-20,1.6498206853866577,1.659999966621399,0.0,1.659999966621399,1.659999966621399,1.659999966621399,0.0,0
2024-05-21,1.6498206853866577,1.659999966621399,0.0,1.659999966621399,1.6399999856948853,1.649999976158142,0.0,18278200
2024-05-23,1.59018874168396,1.600000023841858,0.0,1.649999976158142,1.5800000429153442,1.649999976158142,0.0,63524200
2024-05-24,1.59018874168396,1.600000023841858,0.0,1.600000023841858,1.5800000429153442,1.590000033378601,0.0,4476400
2024-05-27,1.59018874168396,1.600000023841858,0.0,1.600000023841858,1.600000023841858,1.600000023841858,0.0,0
2024-05-28,1.59018874168396,1.600000023841858,0.0,1.659999966621399,1.600000023841858,1.6200000047683716,0.0,92680800
2024-05-29,1.5802500247955322,1.590000033378601,0.0,1.6200000047683716,1.590000033378601,1.6100000143051147,0.0,18867000
2024-05-30,1.570311427116394,1.5800000429153442,0.0,1.590000033378601,1.5499999523162842,1.590000033378601,0.0,45991100
2024-05-31,1.570311427116394,1.5800000429153442,0.0,1.5800000429153442,1.5800000429153442,1.5800000429153442,0.0,0
2024-06-04,1.431169867515564,1.440000057220459,0.0,1.5299999713897705,1.3899999856948853,1.5099999904632568,0.0,91236800
2024-06-05,1.4510471820831299,1.4600000381469727,0.0,1.5099999904632568,1.440000057220459,1.4500000476837158,0.0,95399900
2024-06-06,1.4013537168502808,1.409999966621399,0.0,1.4600000381469727,1.409999966621399,1.4600000381469727,0.0,43877100
2024-06-07,1.3814764022827148,1.3899999856948853,0.0,1.440000057220459,1.3799999952316284,1.409999966621399,0.0,48016600
2024-06-10,1.361599087715149,1.3700000047683716,0.0,1.3899999856948853,1.3300000429153442,1.3899999856948853,0.0,61629500
2024-06-11,1.3914151191711426,1.399999976158142,0.0,1.4199999570846558,1.3700000047683716,1.3700000047683716,0.0,76899200
2024-06-12,1.3119057416915894,1.3200000524520874,0.0,1.399999976158142,1.309999942779541,1.399999976158142,0.0,68472700
2024-06-13,1.301966905593872,1.309999942779541,0.0,1.3600000143051147,1.2899999618530273,1.3300000429153442,0.0,61793400
2024-06-14,1.2721508741378784,1.2799999713897705,0.0,1.309999942779541,1.2799999713897705,1.2999999523162842,0.0,29388400
2024-06-17,1.2721508741378784,1.2799999713897705,0.0,1.2799999713897705,1.2799999713897705,1.2799999713897705,0.0,0
2024-06-18,1.2721508741378784,1.2799999713897705,0.0,1.2799999713897705,1.2799999713897705,1.2799999713897705,0.0,0
2024-06-19,1.2721508741378784,1.2799999713897705,0.0,1.2799999713897705,1.2799999713897705,1.2799999713897705,0.0,0
2024-06-20,1.2522735595703125,1.2599999904632568,0.0,1.2899999618530273,1.25,1.2899999618530273,0.0,57056700
2024-06-21,1.2721508741378784,1.2799999713897705,0.0,1.2999999523162842,1.2200000286102295,1.2599999904632568,0.0,96155000
2024-06-24,1.2721508741378784,1.2799999713897705,0.0,1.2799999713897705,1.2799999713897705,1.2799999713897705,0.0,0
2024-06-25,1.2721508741378784,1.2799999713897705,0.0,1.2799999713897705,1.2799999713897705,1.2799999713897705,0.0,0
2024-06-26,1.2721508741378784,1.2799999713897705,0.0,1.2799999713897705,1.2799999713897705,1.2799999713897705,0.0,0
2024-06-27,1.4510471820831299,1.4600000381469727,0.0,1.4600000381469727,1.350000023841858,1.350000023841858,0.0,167723300
2024-06-28,1.4808632135391235,1.4900000095367432,0.0,1.5199999809265137,1.4500000476837158,1.4600000381469727,0.0,112335000
2024-07-01,1.5404952764511108,1.5499999523162842,0.0,1.559999942779541,1.4800000190734863,1.5,0.0,98847600
2024-07-02,1.530556559562683,1.5399999618530273,0.0,1.5700000524520874,1.5,1.5499999523162842,0.0,89686800
2024-07-03,1.530556559562683,1.5399999618530273,0.0,1.5499999523162842,1.5,1.5199999809265137,0.0,41843200
2024-07-04,1.5603727102279663,1.5700000524520874,0.0,1.590000033378601,1.5399999618530273,1.5399999618530273,0.0,21152300
2024-07-05,1.6299433708190918,1.6399999856948853,0.0,1.6699999570846558,1.5499999523162842,1.559999942779541,0.0,81214400
2024-07-08,1.8088396787643433,1.8200000524520874,0.0,1.840000033378601,1.649999976158142,1.649999976158142,0.0,215140400
2024-07-09,1.8088396787643433,1.8200000524520874,0.0,1.8200000524520874,1.8200000524520874,1.8200000524520874,0.0,0
2024-07-10,1.679636836051941,1.690000057220459,0.0,1.8600000143051147,1.659999966621399,1.840000033378601,0.0,189225600
2024-07-11,1.7094528675079346,1.7200000286102295,0.0,1.7300000190734863,1.6799999475479126,1.7000000476837158,0.0,49314000
2024-07-12,1.7094528675079346,1.7200000286102295,0.0,1.7200000286102295,1.7200000286102295,1.7200000286102295,0.0,0
2024-07-15,1.7094528675079346,1.7200000286102295,0.0,1.7200000286102295,1.7200000286102295,1.7200000286102295,0.0,0
2024-07-16,1.6100660562515259,1.6200000047683716,0.0,1.6699999570846558,1.5700000524520874,1.659999966621399,0.0,63338200
2024-07-17,1.6100660562515259,1.6200000047683716,0.0,1.6200000047683716,1.6200000047683716,1.6200000047683716,0.0,0
2024-07-18,1.59018874168396,1.600000023841858,0.0,1.6100000143051147,1.5700000524520874,1.5700000524520874,0.0,23842000
2024-07-19,1.550433874130249,1.559999942779541,0.0,1.600000023841858,1.559999942779541,1.590000033378601,0.0,23405500
2024-07-23,1.4908019304275513,1.5,0.0,1.5700000524520874,1.5,1.5399999618530273,0.0,37780000
2024-07-24,1.520617961883545,1.5299999713897705,0.0,1.5700000524520874,1.5099999904632568,1.5099999904632568,0.0,37031200
2024-07-25,1.4908019304275513,1.5,0.0,1.5399999618530273,1.4900000095367432,1.5099999904632568,0.0,16255600
2024-07-26,1.550433874130249,1.559999942779541,0.0,1.5700000524520874,1.5,1.5,0.0,58120100
2024-07-30,1.550433874130249,1.559999942779541,0.0,1.559999942779541,1.559999942779541,1.559999942779541,0.0,0
2024-07-31,1.6200047731399536,1.6299999952316284,0.0,1.659999966621399,1.6100000143051147,1.6299999952316284,0.0,46588500
2024-08-01,1.8088396787643433,1.8200000524520874,0.0,1.840000033378601,1.6399999856948853,1.6399999856948853,0.0,250730800
2024-08-02,1.8088396787643433,1.8200000524520874,0.0,1.8200000524520874,1.8200000524520874,1.8200000524520874,0.0,0
2024-08-05,1.77902352809906,1.7899999618530273,0.0,1.909999966621399,1.75,1.7999999523162842,0.0,451571700
2024-08-06,1.7293301820755005,1.7400000095367432,0.0,1.8300000429153442,1.7400000095367432,1.8200000524520874,0.0,151565200
2024-08-07,1.7293301820755005,1.7400000095367432,0.0,1.7899999618530273,1.690000057220459,1.7599999904632568,0.0,142931600
2024-08-08,1.7293301820755005,1.7400000095367432,0.0,1.7400000095367432,1.7400000095367432,1.7400000095367432,0.0,0
2024-08-09,1.7889622449874878,1.7999999523162842,0.0,1.8600000143051147,1.7799999713897705,1.850000023841858,0.0,154352800
2024-08-13,1.7889622449874878,1.7999999523162842,0.0,1.8300000429153442,1.7799999713897705,1.809999942779541,0.0,97881300
2024-08-14,1.6895755529403687,1.7000000476837158,0.0,1.9299999475479126,1.659999966621399,1.8200000524520874,0.0,479301000
2024-08-15,1.7392688989639282,1.75,0.0,1.75,1.649999976158142,1.649999976158142,0.0,106972600
2024-08-16,1.7392688989639282,1.75,0.0,1.7999999523162842,1.7300000190734863,1.7599999904632568,0.0,101836100
2024-08-19,1.7392688989639282,1.75,0.0,1.75,1.75,1.75,0.0,0
2024-08-20,2.1666321754455566,2.180000066757202,0.0,2.200000047683716,2.0,2.0,0.0,266521100
2024-08-21,2.1666321754455566,2.180000066757202,0.0,2.200000047683716,2.0399999618530273,2.1600000858306885,0.0,204097500
2024-08-22,2.1069998741149902,2.119999885559082,0.0,2.259999990463257,2.059999942779541,2.200000047683716,0.0,198564800
2024-08-23,2.2858963012695312,2.299999952316284,0.0,2.319999933242798,2.0999999046325684,2.119999885559082,0.0,238314300
2024-08-26,2.266018867492676,2.2799999713897705,0.0,2.3399999141693115,2.2200000286102295,2.2799999713897705,0.0,147863400
2024-08-27,2.365405797958374,2.380000114440918,0.0,2.4600000381469727,2.259999990463257,2.2799999713897705,0.0,283332700
2024-08-28,2.365405797958374,2.380000114440918,0.0,2.4200000762939453,2.299999952316284,2.359999895095825,0.0,154009400
2024-08-29,2.3852832317352295,2.4000000953674316,0.0,2.4000000953674316,2.319999933242798,2.359999895095825,0.0,129406300
2024-08-30,2.4250378608703613,2.440000057220459,0.0,2.5199999809265137,2.380000114440918,2.4200000762939453,0.0,261120700
2024-09-02,2.4449150562286377,2.4600000381469727,0.0,2.5,2.319999933242798,2.4600000381469727,0.0,168216100
2024-09-03,2.4449150562286377,2.4600000381469727,0.0,2.4600000381469727,2.4600000381469727,2.4600000381469727,0.0,0
2024-09-04,2.4449150562286377,2.4600000381469727,0.0,2.4600000381469727,2.4600000381469727,2.4600000381469727,0.0,0
2024-09-05,2.683443546295166,2.700000047683716,0.0,2.7200000286102295,2.619999885559082,2.6600000858306885,0.0,146189300
2024-09-06,2.603933811187744,2.619999885559082,0.0,2.740000009536743,2.619999885559082,2.7200000286102295,0.0,186906200
2024-09-09,2.603933811187744,2.619999885559082,0.0,2.619999885559082,2.619999885559082,2.619999885559082,0.0,0
2024-09-10,2.683443546295166,2.700000047683716,0.0,2.759999990463257,2.6600000858306885,2.680000066757202,0.0,138884000
2024-09-11,2.6635661125183105,2.680000066757202,0.0,2.740000009536743,2.5799999237060547,2.680000066757202,0.0,162323100
2024-09-12,2.683443546295166,2.700000047683716,0.0,2.759999990463257,2.680000066757202,2.7200000286102295,0.0,72352500
2024-09-13,2.862339735031128,2.880000114440918,0.0,2.9000000953674316,2.7200000286102295,2.7200000286102295,0.0,217313200
2024-09-16,2.822584867477417,2.8399999141693115,0.0,2.9000000953674316,2.7200000286102295,2.880000114440918,0.0,284287400
2024-09-17,2.8027074337005615,2.819999933242798,0.0,2.880000114440918,2.759999990463257,2.8399999141693115,0.0,85966700
2024-09-18,2.743075370788574,2.759999990463257,0.0,2.8399999141693115,2.740000009536743,2.819999933242798,0.0,90096400
2024-09-19,2.822584867477417,2.8399999141693115,0.0,2.880000114440918,2.759999990463257,2.7799999713897705,0.0,107592000
2024-09-20,2.822584867477417,2.8399999141693115,0.0,2.8399999141693115,2.8399999141693115,2.8399999141693115,0.0,0
2024-09-23,2.862339735031128,2.880000114440918,0.0,3.0,2.859999895095825,2.9600000381469727,0.0,119587700
2024-09-24,2.8822171688079834,2.9000000953674316,0.0,2.9800000190734863,2.819999933242798,2.9000000953674316,0.0,167743400
2024-09-25,2.365405797958374,2.380000114440918,0.0,2.9000000953674316,2.240000009536743,2.880000114440918,0.0,423152800
2024-09-26,2.4250378608703613,2.440000057220459,0.0,2.559999942779541,2.299999952316284,2.299999952316284,0.0,463384300
2024-09-27,2.4250378608703613,2.440000057220459,0.0,2.440000057220459,2.440000057220459,2.440000057220459,0.0,0
2024-09-30,2.603933811187744,2.619999885559082,0.0,2.640000104904175,2.4000000953674316,2.4000000953674316,0.0,292623700
2024-10-01,2.5840566158294678,2.5999999046325684,0.0,2.6600000858306885,2.5399999618530273,2.640000104904175,0.0,140705400
2024-10-02,2.504547119140625,2.5199999809265137,0.0,2.700000047683716,2.4800000190734863,2.5999999046325684,0.0,278073200
2024-10-03,2.4250378608703613,2.440000057220459,0.0,2.5399999618530273,2.4000000953674316,2.5399999618530273,0.0,126316400
2024-10-04,2.544301748275757,2.559999942779541,0.0,2.5999999046325684,2.4200000762939453,2.440000057220459,0.0,154223700
2024-10-07,2.643688678741455,2.6600000858306885,0.0,2.6600000858306885,2.5199999809265137,2.5399999618530273,0.0,76587600
2024-10-08,2.8424623012542725,2.859999895095825,0.0,2.9000000953674316,2.619999885559082,2.640000104904175,0.0,255453400
2024-10-09,2.822584867477417,2.8399999141693115,0.0,2.9000000953674316,2.799999952316284,2.880000114440918,0.0,88316800
2024-10-10,2.8822171688079834,2.9000000953674316,0.0,2.940000057220459,2.819999933242798,2.859999895095825,0.0,143869000
2024-10-11,2.8027074337005615,2.819999933242798,0.0,2.9000000953674316,2.819999933242798,2.9000000953674316,0.0,75495100
2024-10-15,2.683443546295166,2.700000047683716,0.0,2.859999895095825,2.619999885559082,2.8399999141693115,0.0,148748700
2024-10-16,2.683443546295166,2.700000047683716,0.0,2.700000047683716,2.700000047683716,2.700000047683716,0.0,0
2024-10-17,2.9219717979431152,2.940000057220459,0.0,3.0399999618530273,2.7200000286102295,2.7200000286102295,0.0,435336800
2024-10-18,2.743075370788574,2.759999990463257,0.0,2.9600000381469727,2.640000104904175,2.9200000762939453,0.0,302139700
2024-10-21,2.723198175430298,2.740000009536743,0.0,2.759999990463257,2.6600000858306885,2.7200000286102295,0.0,75964800
2024-10-22,2.723198175430298,2.740000009536743,0.0,2.740000009536743,2.740000009536743,2.740000009536743,0.0,0
2024-10-24,2.683443546295166,2.700000047683716,0.0,2.799999952316284,2.680000066757202,2.700000047683716,0.0,85318400
2024-10-25,2.683443546295166,2.700000047683716,0.0,2.759999990463257,2.6600000858306885,2.7200000286102295,0.0,77204100
2024-10-28,2.782830238342285,2.799999952316284,0.0,2.819999933242798,2.700000047683716,2.7200000286102295,0.0,130370700
2024-10-29,2.723198175430298,2.740000009536743,0.0,2.819999933242798,2.700000047683716,2.799999952316284,0.0,76888500
2024-10-30,2.743075370788574,2.759999990463257,0.0,2.819999933242798,2.740000009536743,2.759999990463257,0.0,67680800
2024-10-31,2.8027074337005615,2.819999933242798,0.0,2.859999895095825,2.759999990463257,2.7799999713897705,0.0,104321900
2024-11-01,2.743075370788574,2.759999990463257,0.0,2.8399999141693115,2.759999990463257,2.819999933242798,0.0,59982100
2024-11-04,2.683443546295166,2.700000047683716,0.0,2.880000114440918,2.680000066757202,2.7799999713897705,0.0,138426200
2024-11-05,2.7033207416534424,2.7200000286102295,0.0,2.7200000286102295,2.6600000858306885,2.700000047683716,0.0,54992600
2024-11-06,2.4846699237823486,2.5,0.0,2.759999990463257,2.380000114440918,2.7200000286102295,0.0,248863100
2024-11-07,2.5244245529174805,2.5399999618530273,0.0,2.5799999237060547,2.440000057220459,2.5,0.0,115175000
2024-11-08,2.5244245529174805,2.5399999618530273,0.0,2.5799999237060547,2.4800000190734863,2.559999942779541,0.0,73000000
2024-11-11,2.504547119140625,2.5199999809265137,0.0,2.5399999618530273,2.4800000190734863,2.5,0.0,43446700
2024-11-12,2.325650930404663,2.3399999141693115,0.0,2.5199999809265137,2.259999990463257,2.5199999809265137,0.0,189072200
2024-11-13,2.3852832317352295,2.4000000953674316,0.0,2.4200000762939453,2.319999933242798,2.3399999141693115,0.0,66431300
2024-11-14,2.544301748275757,2.559999942779541,0.0,2.559999942779541,2.359999895095825,2.4000000953674316,0.0,94663300
2024-11-15,2.3455281257629395,2.359999895095825,0.0,2.5399999618530273,2.359999895095825,2.5399999618530273,0.0,107473000
2024-11-18,2.4250378608703613,2.440000057220459,0.0,2.440000057220459,2.299999952316284,2.299999952316284,0.0,54741800
2024-11-19,2.405160427093506,2.4200000762939453,0.0,2.4800000190734863,2.4000000953674316,2.440000057220459,0.0,36446800
2024-11-20,2.3852832317352295,2.4000000953674316,0.0,2.440000057220459,2.359999895095825,2.4200000762939453,0.0,25105900
2024-11-21,2.4250378608703613,2.440000057220459,0.0,2.4800000190734863,2.4000000953674316,2.4000000953674316,0.0,49498400
2024-11-22,2.6238114833831787,2.640000104904175,0.0,2.640000104904175,2.4000000953674316,2.440000057220459,0.0,189848800
2024-11-25,2.5840566158294678,2.5999999046325684,0.0,2.680000066757202,2.559999942779541,2.6600000858306885,0.0,97298800
2024-11-26,2.7033207416534424,2.7200000286102295,0.0,2.759999990463257,2.5999999046325684,2.5999999046325684,0.0,108485400
2024-11-27,2.7033207416534424,2.7200000286102295,0.0,2.7799999713897705,2.640000104904175,2.7200000286102295,0.0,129936500
2024-11-28,2.8027074337005615,2.819999933242798,0.0,2.819999933242798,2.7200000286102295,2.7200000286102295,0.0,118868900
2024-11-29,2.8027074337005615,2.819999933242798,0.0,2.859999895095825,2.7799999713897705,2.799999952316284,0.0,86114100
2024-12-02,2.7629528045654297,2.7799999713897705,0.0,2.8399999141693115,2.740000009536743,2.8399999141693115,0.0,83123000
2024-12-03,2.9020943641662598,2.9200000762939453,0.0,2.9800000190734863,2.740000009536743,2.7799999713897705,0.0,176150500
2024-12-04,2.862339735031128,2.880000114440918,0.0,2.9200000762939453,2.819999933242798,2.9200000762939453,0.0,92606300
2024-12-06,2.862339735031128,2.880000114440918,0.0,2.9200000762939453,2.819999933242798,2.880000114440918,0.0,65060800
2024-12-09,2.782830238342285,2.799999952316284,0.0,2.859999895095825,2.740000009536743,2.8399999141693115,0.0,283860600
2024-12-11,2.8424623012542725,2.859999895095825,0.0,2.9600000381469727,2.799999952316284,2.8399999141693115,0.0,175463200
2024-12-12,2.782830238342285,2.799999952316284,0.0,2.9000000953674316,2.7799999713897705,2.880000114440918,0.0,72295200
2024-12-13,2.9020943641662598,2.9200000762939453,0.0,3.140000104904175,2.759999990463257,2.7799999713897705,0.0,307046400
2024-12-16,3.1605000495910645,3.180000066757202,0.0,3.200000047683716,2.880000114440918,2.940000057220459,0.0,371064800
2024-12-17,3.18037748336792,3.200000047683716,0.0,3.319999933242798,3.119999885559082,3.119999885559082,0.0,324716900
2024-12-18,3.2996413707733154,3.319999933242798,0.0,3.319999933242798,3.0999999046325684,3.180000066757202,0.0,182560500
2024-12-19,3.2400095462799072,3.259999990463257,0.0,3.299999952316284,3.119999885559082,3.2200000286102295,0.0,132958500
2024-12-20,3.1207454204559326,3.140000104904175,0.0,3.299999952316284,3.119999885559082,3.259999990463257,0.0,96791200
2024-12-23,3.18037748336792,3.200000047683716,0.0,3.259999990463257,3.119999885559082,3.200000047683716,0.0,67045500
2024-12-24,3.359273672103882,3.380000114440918,0.0,3.4000000953674316,3.200000047683716,3.200000047683716,0.0,154041400
2024-12-25,3.3791511058807373,3.4000000953674316,0.0,3.440000057220459,3.359999895095825,3.4000000953674316,0.0,91612800
2024-12-26,3.2996413707733154,3.319999933242798,0.0,3.4000000953674316,3.2799999713897705,3.4000000953674316,0.0,50611800
2024-12-27,3.4387831687927246,3.4600000381469727,0.0,3.4800000190734863,3.3399999141693115,3.3399999141693115,0.0,71950800
2024-12-30,3.5381698608398438,3.559999942779541,0.0,3.5799999237060547,3.440000057220459,3.440000057220459,0.0,78454600
2025-01-02,3.5381698608398438,3.559999942779541,0.0,3.680000066757202,3.4200000762939453,3.5799999237060547,0.0,248466600
2025-01-03,3.418905735015869,3.440000057220459,0.0,3.619999885559082,3.380000114440918,3.5799999237060547,0.0,178150100
2025-01-06,3.4387831687927246,3.4600000381469727,0.0,3.5199999809265137,3.4000000953674316,3.440000057220459,0.0,62507500
2025-01-07,3.55804705619812,3.5799999237060547,0.0,3.5799999237060547,3.4200000762939453,3.4600000381469727,0.0,113007800
2025-01-08,3.4785377979278564,3.5,0.0,3.619999885559082,3.4800000190734863,3.5799999237060547,0.0,58593100
2025-01-09,3.2201321125030518,3.240000009536743,0.0,3.5199999809265137,3.1600000858306885,3.4800000190734863,0.0,268891700
2025-01-10,3.319518804550171,3.3399999141693115,0.0,3.359999895095825,3.2200000286102295,3.240000009536743,0.0,81706000
2025-01-13,3.418905735015869,3.440000057220459,0.0,3.4600000381469727,3.1600000858306885,3.2200000286102295,0.0,254137700
2025-01-14,3.1207454204559326,3.140000104904175,0.0,3.4800000190734863,3.140000104904175,3.4800000190734863,0.0,205462600
2025-01-15,3.2201321125030518,3.240000009536743,0.0,3.259999990463257,3.0999999046325684,3.119999885559082,0.0,111582200
2025-01-16,3.18037748336792,3.200000047683716,0.0,3.2799999713897705,3.140000104904175,3.259999990463257,0.0,75947500
2025-01-17,3.001481056213379,3.0199999809265137,0.0,3.2799999713897705,2.9800000190734863,3.180000066757202,0.0,184978400
2025-01-20,3.140622854232788,3.1600000858306885,0.0,3.1600000858306885,3.0,3.0,0.0,90305800
2025-01-21,3.2002546787261963,3.2200000286102295,0.0,3.240000009536743,3.0999999046325684,3.180000066757202,0.0,107418100
2025-01-22,3.2996413707733154,3.319999933242798,0.0,3.319999933242798,3.180000066757202,3.200000047683716,0.0,89095800
2025-01-23,3.2598867416381836,3.2799999713897705,0.0,3.3399999141693115,3.259999990463257,3.319999933242798,0.0,56089000
2025-01-24,3.3990283012390137,3.4200000762939453,0.0,3.4600000381469727,3.2799999713897705,3.319999933242798,0.0,107225900
2025-01-27,3.2996413707733154,3.319999933242798,0.0,3.440000057220459,3.319999933242798,3.380000114440918,0.0,75134800
2025-01-28,3.2201321125030518,3.240000009536743,0.0,3.4000000953674316,3.240000009536743,3.319999933242798,0.0,98543500
2025-01-29,3.140622854232788,3.1600000858306885,0.0,3.2799999713897705,3.1600000858306885,3.2200000286102295,0.0,106207400
2025-01-30,3.1207454204559326,3.140000104904175,0.0,3.200000047683716,3.0399999618530273,3.119999885559082,0.0,83014900
2025-01-31,3.0213584899902344,3.0399999618530273,0.0,3.180000066757202,3.0199999809265137,3.1600000858306885,0.0,87081400
2025-02-03,3.100867748260498,3.119999885559082,0.0,3.140000104904175,2.8399999141693115,2.880000114440918,0.0,125014200
2025-02-04,3.061113119125366,3.0799999237060547,0.0,3.1600000858306885,3.0199999809265137,3.140000104904175,0.0,156833100
2025-02-05,3.0809905529022217,3.0999999046325684,0.0,3.140000104904175,3.0799999237060547,3.0999999046325684,0.0,58688100
2025-02-06,2.9816038608551025,3.0,0.0,3.1600000858306885,2.9800000190734863,3.119999885559082,0.0,99400700
2025-02-07,2.9219717979431152,2.940000057220459,0.0,3.0399999618530273,2.740000009536743,3.0199999809265137,0.0,207053300
2025-02-10,2.9020943641662598,2.9200000762939453,0.0,3.0,2.859999895095825,2.9600000381469727,0.0,80499600
2025-02-11,3.061113119125366,3.0799999237060547,0.0,3.0999999046325684,2.9200000762939453,2.940000057220459,0.0,68961400
2025-02-13,2.862339735031128,2.880000114440918,0.0,3.0999999046325684,2.880000114440918,3.059999942779541,0.0,100083400
2025-02-14,2.862339735031128,2.880000114440918,0.0,3.0399999618530273,2.859999895095825,3.0199999809265137,0.0,91108200
2025-02-17,3.2201321125030518,3.240000009536743,0.0,3.259999990463257,2.819999933242798,2.8399999141693115,0.0,244982200
2025-02-18,3.061113119125366,3.0799999237060547,0.0,3.2200000286102295,3.059999942779541,3.2200000286102295,0.0,150755100
2025-02-19,3.2201321125030518,3.240000009536743,0.0,3.240000009536743,3.0399999618530273,3.0799999237060547,0.0,158472200
2025-02-20,3.140622854232788,3.1600000858306885,0.0,3.440000057220459,3.119999885559082,3.2799999713897705,0.0,378423600
2025-02-21,3.18037748336792,3.200000047683716,0.0,3.259999990463257,3.119999885559082,3.200000047683716,0.0,133466300
2025-02-24,3.2598867416381836,3.2799999713897705,0.0,3.299999952316284,3.180000066757202,3.180000066757202,0.0,127968100
2025-02-25,2.9020943641662598,2.9200000762939453,0.0,3.259999990463257,2.880000114440918,3.240000009536743,0.0,248401500
2025-02-26,3.0809905529022217,3.0999999046325684,0.0,3.119999885559082,2.9600000381469727,2.9800000190734863,0.0,153967800
2025-02-27,2.961726427078247,2.9800000190734863,0.0,3.119999885559082,2.9200000762939453,3.0999999046325684,0.0,111607600
2025-02-28,3.0809905529022217,3.0999999046325684,0.0,3.0999999046325684,2.859999895095825,2.9200000762939453,0.0,128995400
2025-03-03,3.1207454204559326,3.140000104904175,0.0,3.1600000858306885,3.059999942779541,3.059999942779541,0.0,134291000
2025-03-04,3.2400095462799072,3.259999990463257,0.0,3.319999933242798,3.0999999046325684,3.0999999046325684,0.0,197884700
2025-03-05,3.2598867416381836,3.2799999713897705,0.0,3.380000114440918,3.259999990463257,3.2799999713897705,0.0,106782800
2025-03-06,3.2400095462799072,3.259999990463257,0.0,3.299999952316284,3.200000047683716,3.299999952316284,0.0,67818100
2025-03-07,3.2400095462799072,3.259999990463257,0.0,3.3399999141693115,3.2200000286102295,3.240000009536743,0.0,83205700
2025-03-10,3.2400095462799072,3.259999990463257,0.0,3.319999933242798,3.240000009536743,3.2799999713897705,0.0,89206200
2025-03-11,3.2002546787261963,3.2200000286102295,0.0,3.259999990463257,3.140000104904175,3.2200000286102295,0.0,107428400
2025-03-12,3.04123592376709,3.059999942779541,0.0,3.2200000286102295,3.059999942779541,3.200000047683716,0.0,85138300
2025-03-13,2.9816038608551025,3.0,0.0,3.119999885559082,3.0,3.0999999046325684,0.0,70185100
2025-03-14,3.0809905529022217,3.0999999046325684,0.0,3.0999999046325684,2.9000000953674316,3.0199999809265137,0.0,113476200
2025-03-17,3.0809905529022217,3.0999999046325684,0.0,3.119999885559082,3.0199999809265137,3.119999885559082,0.0,67181100
2025-03-18,3.061113119125366,3.0799999237060547,0.0,3.180000066757202,3.0399999618530273,3.119999885559082,0.0,69132700
2025-03-19,3.1207454204559326,3.140000104904175,0.0,3.200000047683716,3.0799999237060547,3.0799999237060547,0.0,82448600
2025-03-20,3.140622854232788,3.1600000858306885,0.0,3.240000009536743,3.119999885559082,3.1600000858306885,0.0,93046300
2025-03-21,3.2201321125030518,3.240000009536743,0.0,3.259999990463257,3.0999999046325684,3.200000047683716,0.0,390063200
2025-03-24,3.1207454204559326,3.140000104904175,0.0,3.240000009536743,3.119999885559082,3.240000009536743,0.0,72854200
2025-03-25,3.0213584899902344,3.0399999618530273,0.0,3.140000104904175,3.0399999618530273,3.140000104904175,0.0,63350700
2025-03-26,3.1207454204559326,3.140000104904175,0.0,3.200000047683716,3.059999942779541,3.0799999237060547,0.0,88151100
2025-03-27,3.061113119125366,3.0799999237060547,0.0,3.240000009536743,3.0399999618530273,3.180000066757202,0.0,125575500
2025-03-28,3.061113119125366,3.0799999237060547,0.0,3.1600000858306885,3.059999942779541,3.0999999046325684,0.0,50452200
2025-03-31,2.961726427078247,2.9800000190734863,0.0,3.0799999237060547,2.940000057220459,3.0,0.0,98100600
2025-04-01,3.061113119125366,3.0799999237060547,0.0,3.0799999237060547,2.9600000381469727,3.0399999618530273,0.0,77335100
2025-04-02,3.04123592376709,3.059999942779541,0.0,3.140000104904175,3.0399999618530273,3.140000104904175,0.0,175818000
2025-04-03,2.9816038608551025,3.0,0.0,3.0399999618530273,2.9200000762939453,3.0199999809265137,0.0,106828300
2025-04-04,2.743075370788574,2.759999990463257,0.0,2.9600000381469727,2.680000066757202,2.940000057220459,0.0,260233200
2025-04-08,2.325650930404663,2.3399999141693115,0.0,2.5999999046325684,2.3399999141693115,2.5799999237060547,0.0,112197600
2025-04-09,2.1069998741149902,2.119999885559082,0.0,2.2200000286102295,1.9900000095367432,2.0999999046325684,0.0,452252600
2025-04-10,2.047367811203003,2.059999942779541,0.0,2.2799999713897705,1.9900000095367432,2.259999990463257,0.0,314360200
2025-04-11,2.087122678756714,2.0999999046325684,0.0,2.140000104904175,2.0,2.0399999618530273,0.0,148409900
2025-04-16,2.1069998741149902,2.119999885559082,0.0,2.180000066757202,2.0199999809265137,2.0399999618530273,0.0,113273800
2025-04-17,2.126877546310425,2.140000104904175,0.0,2.200000047683716,2.0799999237060547,2.0999999046325684,0.0,77458400
2025-04-18,2.186509609222412,2.200000047683716,0.0,2.240000009536743,2.119999885559082,2.1600000858306885,0.0,162844800
2025-04-21,2.146754741668701,2.1600000858306885,0.0,2.2799999713897705,2.1600000858306885,2.200000047683716,0.0,127637500
2025-04-22,2.2858963012695312,2.299999952316284,0.0,2.319999933242798,2.119999885559082,2.119999885559082,0.0,125448800
2025-04-23,2.226264238357544,2.240000009536743,0.0,2.359999895095825,2.240000009536743,2.319999933242798,0.0,92534700
2025-04-24,2.2461414337158203,2.259999990463257,0.0,2.319999933242798,2.200000047683716,2.240000009536743,0.0,69102500
2025-04-25,2.266018867492676,2.2799999713897705,0.0,2.319999933242798,2.259999990463257,2.2799999713897705,0.0,46540600
2025-04-28,2.2461414337158203,2.259999990463257,0.0,2.319999933242798,2.259999990463257,2.2799999713897705,0.0,44539500
2025-04-29,2.226264238357544,2.240000009536743,0.0,2.299999952316284,2.240000009536743,2.259999990463257,0.0,30773900
2025-04-30,2.266018867492676,2.2799999713897705,0.0,2.319999933242798,2.200000047683716,2.240000009536743,0.0,54831500
2025-05-02,2.226264238357544,2.240000009536743,0.0,2.299999952316284,2.200000047683716,2.259999990463257,0.0,76979900
2025-05-06,2.186509609222412,2.200000047683716,0.0,2.2799999713897705,2.200000047683716,2.240000009536743,0.0,29734800
2025-05-07,2.266018867492676,2.2799999713897705,0.0,2.299999952316284,2.200000047683716,2.2200000286102295,0.0,79783000
2025-05-08,2.2063868045806885,2.2200000286102295,0.0,2.319999933242798,2.2200000286102295,2.2799999713897705,0.0,49302600
2025-05-09,2.2063868045806885,2.2200000286102295,0.0,2.2799999713897705,2.200000047683716,2.259999990463257,0.0,62623000
2025-05-13,2.1666321754455566,2.180000066757202,0.0,2.259999990463257,2.119999885559082,2.2200000286102295,0.0,101065400
2025-05-14,2.186509609222412,2.200000047683716,0.0,2.259999990463257,2.180000066757202,2.200000047683716,0.0,59556200
2025-05-15,2.1666321754455566,2.180000066757202,0.0,2.2200000286102295,2.1600000858306885,2.200000047683716,0.0,62659100
2025-05-16,2.186509609222412,2.200000047683716,0.0,2.240000009536743,2.1600000858306885,2.200000047683716,0.0,18851500
2025-05-19,2.1666321754455566,2.180000066757202,0.0,2.200000047683716,2.0999999046325684,2.1600000858306885,0.0,26066300
2025-05-20,2.186509609222412,2.200000047683716,0.0,2.2799999713897705,2.180000066757202,2.180000066757202,0.0,54933800
2025-05-21,2.186509609222412,2.200000047683716,0.0,2.319999933242798,2.200000047683716,2.200000047683716,0.0,89467700
2025-05-22,2.2063868045806885,2.2200000286102295,0.0,2.2200000286102295,2.1600000858306885,2.180000066757202,0.0,49657500
2025-05-23,2.2063868045806885,2.2200000286102295,0.0,2.240000009536743,2.200000047683716,2.2200000286102295,0.0,20381700
2025-05-26,2.2063868045806885,2.2200000286102295,0.0,2.240000009536743,2.1600000858306885,2.2200000286102295,0.0,39490700
2025-05-27,2.186509609222412,2.200000047683716,0.0,2.240000009536743,2.1600000858306885,2.240000009536743,0.0,29170900
2025-05-28,2.226264238357544,2.240000009536743,0.0,2.259999990463257,2.200000047683716,2.200000047683716,0.0,15216900
2025-05-29,2.226264238357544,2.240000009536743,0.0,2.299999952316284,2.2200000286102295,2.259999990463257,0.0,42002200
2025-05-30,2.186509609222412,2.200000047683716,0.0,2.240000009536743,2.200000047683716,2.2200000286102295,0.0,14352000
2025-06-04,2.2461414337158203,2.259999990463257,0.0,2.259999990463257,2.1600000858306885,2.2200000286102295,0.0,60064800
2025-06-05,2.2461414337158203,2.259999990463257,0.0,2.3399999141693115,2.2200000286102295,2.259999990463257,0.0,77540700
2025-06-06,2.047367811203003,2.059999942779541,0.0,2.259999990463257,2.0399999618530273,2.259999990463257,0.0,116177900
2025-06-09,1.8784103393554688,1.8899999856948853,0.0,2.0999999046325684,1.8899999856948853,2.0999999046325684,0.0,119518000
2025-06-10,2.126877546310425,2.140000104904175,0.0,2.240000009536743,1.8600000143051147,1.8700000047683716,0.0,213560400
2025-06-11,2.186509609222412,2.200000047683716,0.0,2.240000009536743,2.140000104904175,2.140000104904175,0.0,87394000
2025-06-12,2.226264238357544,2.240000009536743,0.0,2.259999990463257,2.180000066757202,2.180000066757202,0.0,63479100
2025-06-13,2.2461414337158203,2.259999990463257,0.0,2.2799999713897705,2.180000066757202,2.200000047683716,0.0,55033000
2025-06-16,2.186509609222412,2.200000047683716,0.0,2.259999990463257,2.1600000858306885,2.2200000286102295,0.0,59426200
2025-06-17,2.2063868045806885,2.2200000286102295,0.0,2.259999990463257,2.2200000286102295,2.2200000286102295,0.0,13988600
2025-06-18,2.186509609222412,2.200000047683716,0.0,2.2799999713897705,2.180000066757202,2.2200000286102295,0.0,42641000
2025-06-19,1.9281038045883179,1.940000057220459,0.0,2.140000104904175,1.8899999856948853,2.119999885559082,0.0,114813000
2025-06-20,1.9777971506118774,1.9900000095367432,0.0,2.059999942779541,1.940000057220459,1.940000057220459,0.0,208722700
2025-06-23,2.007613182067871,2.0199999809265137,0.0,2.0399999618530273,1.909999966621399,1.9900000095367432,0.0,62531000
2025-06-24,2.1069998741149902,2.119999885559082,0.0,2.140000104904175,2.0199999809265137,2.059999942779541,0.0,50232900
2025-06-25,2.126877546310425,2.140000104904175,0.0,2.1600000858306885,2.0799999237060547,2.0999999046325684,0.0,37619000
2025-06-26,2.1069998741149902,2.119999885559082,0.0,2.180000066757202,2.0999999046325684,2.0999999046325684,0.0,25486400
2025-06-27,2.087122678756714,2.0999999046325684,0.0,2.140000104904175,2.0799999237060547,2.0999999046325684,0.0,42338800
2025-06-30,2.087122678756714,2.0999999046325684,0.0,2.140000104904175,2.059999942779541,2.140000104904175,0.0,21962300
2025-07-01,2.126877546310425,2.140000104904175,0.0,2.140000104904175,2.0799999237060547,2.0999999046325684,0.0,20124300
2025-07-02,2.1069998741149902,2.119999885559082,0.0,2.140000104904175,2.0999999046325684,2.119999885559082,0.0,10920900
2025-07-03,2.087122678756714,2.0999999046325684,0.0,2.140000104904175,2.0999999046325684,2.0999999046325684,0.0,15832400
2025-07-04,2.087122678756714,2.0999999046325684,0.0,2.140000104904175,2.0799999237060547,2.0999999046325684,0.0,42070000
2025-07-07,2.087122678756714,2.0999999046325684,0.0,2.119999885559082,2.0399999618530273,2.119999885559082,0.0,36827200
2025-07-08,2.087122678756714,2.0999999046325684,0.0,2.140000104904175,2.0799999237060547,2.0799999237060547,0.0,21729700
2025-07-09,2.047367811203003,2.059999942779541,0.0,2.119999885559082,2.0399999618530273,2.0999999046325684,0.0,39456500
2025-07-11,2.047367811203003,2.059999942779541,0.0,2.0799999237060547,2.0199999809265137,2.0799999237060547,0.0,38689100
2025-07-14,2.087122678756714,2.0999999046325684,0.0,2.119999885559082,2.0399999618530273,2.059999942779541,0.0,48194900
2025-07-15,2.0672452449798584,2.0799999237060547,0.0,2.0999999046325684,2.0199999809265137,2.0799999237060547,0.0,45754000
2025-07-16,2.0672452449798584,2.0799999237060547,0.0,2.0999999046325684,2.059999942779541,2.0799999237060547,0.0,28817200
2025-07-17,2.1069998741149902,2.119999885559082,0.0,2.140000104904175,2.0799999237060547,2.0799999237060547,0.0,40445500
2025-07-18,2.126877546310425,2.140000104904175,0.0,2.200000047683716,2.0999999046325684,2.0999999046325684,0.0,54246100
2025-07-21,2.126877546310425,2.140000104904175,0.0,2.180000066757202,2.119999885559082,2.140000104904175,0.0,24202500
2025-07-22,2.087122678756714,2.0999999046325684,0.0,2.180000066757202,2.0999999046325684,2.1600000858306885,0.0,38186500
2025-07-23,2.186509609222412,2.200000047683716,0.0,2.2200000286102295,2.119999885559082,2.140000104904175,0.0,47012800
2025-07-24,2.087122678756714,2.0999999046325684,0.0,2.180000066757202,2.0799999237060547,2.1600000858306885,0.0,34201000
2025-07-25,2.1069998741149902,2.119999885559082,0.0,2.140000104904175,2.0799999237060547,2.0799999237060547,0.0,27361900
2025-07-29,2.0799999237060547,2.0799999237060547,0.013,2.0999999046325684,2.0199999809265137,2.0799999237060547,0.0,58648100
2025-07-30,2.059999942779541,2.059999942779541,0.0,2.0999999046325684,2.0399999618530273,2.0999999046325684,0.0,18476700
2025-07-31,2.0999999046325684,2.0999999046325684,0.0,2.180000066757202,2.0199999809265137,2.0799999237060547,0.0,66510500
2025-08-01,2.0799999237060547,2.0799999237060547,0.0,2.140000104904175,2.0799999237060547,2.0999999046325684,0.0,49167000
2025-08-04,2.0799999237060547,2.0799999237060547,0.0,2.0999999046325684,2.0399999618530273,2.0999999046325684,0.0,66504500
2025-08-05,2.119999885559082,2.119999885559082,0.0,2.140000104904175,2.0799999237060547,2.0999999046325684,0.0,33268400
2025-08-06,2.119999885559082,2.119999885559082,0.0,2.1600000858306885,2.0799999237060547,2.119999885559082,0.0,58673700
2025-08-07,2.119999885559082,2.119999885559082,0.0,2.140000104904175,2.0999999046325684,2.119999885559082,0.0,38169500
2025-08-08,2.059999942779541,2.059999942779541,0.0,2.0999999046325684,2.0399999618530273,2.0999999046325684,0.0,56796600
2025-08-13,2.0799999237060547,2.0799999237060547,0.0,2.0999999046325684,2.059999942779541,2.0999999046325684,0.0,38762500
2025-08-14,2.059999942779541,2.059999942779541,0.0,2.0999999046325684,2.059999942779541,2.0799999237060547,0.0,28006500
2025-08-15,2.0399999618530273,2.0399999618530273,0.0,2.0799999237060547,2.0199999809265137,2.059999942779541,0.0,30380000
2025-08-18,2.0199999809265137,2.0199999809265137,0.0,2.059999942779541,1.9700000286102295,2.059999942779541,0.0,31366000
2025-08-19,2.0999999046325684,2.0999999046325684,0.0,2.140000104904175,2.0,2.0,0.0,70443200
2025-08-20,2.0999999046325684,2.0999999046325684,0.0,2.119999885559082,2.0399999618530273,2.0799999237060547,0.0,29442000
2025-08-21,2.059999942779541,2.059999942779541,0.0,2.140000104904175,2.059999942779541,2.119999885559082,0.0,35862700
2025-08-22,2.200000047683716,2.200000047683716,0.0,2.2799999713897705,2.0799999237060547,2.0999999046325684,0.0,70503600
2025-08-25,2.140000104904175,2.140000104904175,0.0,2.200000047683716,2.140000104904175,2.200000047683716,0.0,30788900
2025-08-26,2.0799999237060547,2.0799999237060547,0.0,2.140000104904175,2.059999942779541,2.119999885559082,0.0,38032000
2025-08-27,2.0799999237060547,2.0799999237060547,0.0,2.0999999046325684,2.059999942779541,2.0999999046325684,0.0,23410500
2025-08-28,2.119999885559082,2.119999885559082,0.0,2.140000104904175,2.059999942779541,2.059999942779541,0.0,27114100
2025-08-29,2.0999999046325684,2.0999999046325684,0.0,2.140000104904175,2.0799999237060547,2.0999999046325684,0.0,39619900
2025-09-01,2.0999999046325684,2.0999999046325684,0.0,2.0999999046325684,2.0,2.059999942779541,0.0,41155400
2025-09-02,2.0999999046325684,2.0999999046325684,0.0,2.140000104904175,2.0799999237060547,2.0799999237060547,0.0,20501700
2025-09-03,2.0799999237060547,2.0799999237060547,0.0,2.200000047683716,2.0799999237060547,2.0999999046325684,0.0,65066800
2025-09-04,2.0999999046325684,2.0999999046325684,0.0,2.140000104904175,2.0799999237060547,2.0999999046325684,0.0,43319700
2025-09-05,2.0999999046325684,2.0999999046325684,0.0,2.140000104904175,2.0799999237060547,2.119999885559082,0.0,85003400
2025-09-08,2.0199999809265137,2.0199999809265137,0.0,2.0999999046325684,2.0199999809265137,2.0999999046325684,0.0,43980000
2025-09-09,2.0399999618530273,2.0399999618530273,0.0,2.059999942779541,2.0199999809265137,2.0399999618530273,0.0,11030500
2025-09-10,2.0199999809265137,2.0199999809265137,0.0,2.059999942779541,2.0199999809265137,2.0399999618530273,0.0,11698400
2025-09-11,2.0199999809265137,2.0199999809265137,0.0,2.059999942779541,2.0,2.0399999618530273,0.0,23240400
2025-09-12,2.0199999809265137,2.0199999809265137,0.0,2.059999942779541,2.0,2.0399999618530273,0.0,15678000
2025-09-15,2.0199999809265137,2.0199999809265137,0.0,2.0399999618530273,2.0,2.0399999618530273,0.0,13555100
2025-09-16,2.0,2.0,0.0,2.0199999809265137,2.0,2.0199999809265137,0.0,13131900
2025-09-17,1.909999966621399,1.909999966621399,0.0,2.0199999809265137,1.909999966621399,2.0,0.0,141824300
2025-09-18,1.899999976158142,1.899999976158142,0.0,1.9500000476837158,1.899999976158142,1.9299999475479126,0.0,38495700
2025-09-19,1.8799999952316284,1.8799999952316284,0.0,1.9199999570846558,1.8799999952316284,1.909999966621399,0.0,32885200
2025-09-22,1.809999942779541,1.809999942779541,0.0,1.899999976158142,1.75,1.8799999952316284,0.0,101307500
2025-09-23,1.7000000476837158,1.7000000476837158,0.0,1.7899999618530273,1.690000057220459,1.7899999618530273,0.0,96788100
2025-09-24,1.7000000476837158,1.7000000476837158,0.0,1.7400000095367432,1.7000000476837158,1.7200000286102295,0.0,39855100
2025-09-25,1.6699999570846558,1.6699999570846558,0.0,1.7300000190734863,1.6299999952316284,1.7100000381469727,0.0,88411800
2025-09-26,1.649999976158142,1.649999976158142,0.0,1.690000057220459,1.6399999856948853,1.690000057220459,0.0,48634800
2025-09-29,1.6799999475479126,1.6799999475479126,0.0,1.690000057220459,1.649999976158142,1.649999976158142,0.0,43619300
2025-09-30,1.5800000429153442,1.5800000429153442,0.0,1.6699999570846558,1.5800000429153442,1.659999966621399,0.0,53246400
2025-10-01,1.590000033378601,1.590000033378601,0.0,1.6399999856948853,1.5800000429153442,1.590000033378601,0.0,44686900
2025-10-02,1.600000023841858,1.600000023841858,0.0,1.6299999952316284,1.590000033378601,1.600000023841858,0.0,37942500
2025-10-03,1.5,1.5,0.0,1.6100000143051147,1.4900000095367432,1.6100000143051147,0.0,67107800
2025-10-06,1.5,1.5,0.0,1.5299999713897705,1.4700000286102295,1.5099999904632568,0.0,53417100
2025-10-07,1.5,1.5,0.0,1.5,1.5,1.5,0.0,0
2025-10-08,1.5099999904632568,1.5099999904632568,0.0,1.5499999523162842,1.4700000286102295,1.5,0.0,73232400
2025-10-09,1.5099999904632568,1.5099999904632568,0.0,1.5299999713897705,1.4800000190734863,1.5099999904632568,0.0,46169400
2025-10-10,1.4800000190734863,1.4800000190734863,0.0,1.5099999904632568,1.4800000190734863,1.5099999904632568,0.0,39491400
2025-10-14,1.350000023841858,1.350000023841858,0.0,1.4900000095367432,1.350000023841858,1.4800000190734863,0.0,63711700
2025-10-15,1.3300000429153442,1.3300000429153442,0.0,1.399999976158142,1.3200000524520874,1.3700000047683716,0.0,40456500
2025-10-16,1.3300000429153442,1.3300000429153442,0.0,1.3700000047683716,1.3200000524520874,1.340000033378601,0.0,30637700
2025-10-17,1.2400000095367432,1.2400000095367432,0.0,1.3200000524520874,1.2300000190734863,1.3200000524520874,0.0,73123800
2025-10-20,1.25,1.25,0.0,1.2899999618530273,1.2400000095367432,1.2599999904632568,0.0,55742300
2025-10-21,1.2400000095367432,1.2400000095367432,0.0,1.2699999809265137,1.2100000381469727,1.2699999809265137,0.0,49095700
2025-10-22,1.3600000143051147,1.3600000143051147,0.0,1.3700000047683716,1.2100000381469727,1.2300000190734863,0.0,75512700
2025-10-24,1.2999999523162842,1.2999999523162842,0.0,1.3600000143051147,1.2799999713897705,1.3600000143051147,0.0,78597800
2025-10-27,1.2899999618530273,1.2899999618530273,0.0,1.3300000429153442,1.2899999618530273,1.3200000524520874,0.0,26942300
2025-10-28,1.2599999904632568,1.2599999904632568,0.0,1.2899999618530273,1.25,1.2899999618530273,0.0,25603400
2025-10-29,1.2300000190734863,1.2300000190734863,0.0,1.2799999713897705,1.2300000190734863,1.2599999904632568,0.0,20072500
2025-10-30,1.3200000524520874,1.3200000524520874,0.0,1.350000023841858,1.2200000286102295,1.2200000286102295,0.0,99764400
2025-10-31,1.25,1.25,0.0,1.340000033378601,1.2400000095367432,1.340000033378601,0.0,59414400
2025-11-03,1.2300000190734863,1.2300000190734863,0.0,1.309999942779541,1.2300000190734863,1.2699999809265137,0.0,56612100
2025-11-04,1.2000000476837158,1.2000000476837158,0.0,1.2400000095367432,1.1699999570846558,1.2300000190734863,0.0,66660300
2025-11-05,1.1699999570846558,1.1699999570846558,0.0,1.2100000381469727,1.1699999570846558,1.190000057220459,0.0,28678400
2025-11-06,1.159999966621399,1.159999966621399,0.0,1.190000057220459,1.1399999856948853,1.1799999475479126,0.0,47508700
2025-11-07,1.100000023841858,1.100000023841858,0.0,1.149999976158142,1.100000023841858,1.149999976158142,0.0,46120900
2025-11-10,1.1299999952316284,1.1299999952316284,0.0,1.1699999570846558,1.090000033378601,1.1100000143051147,0.0,57245500
2025-11-11,1.100000023841858,1.100000023841858,0.0,1.1699999570846558,1.090000033378601,1.1399999856948853,0.0,57299300
2025-11-12,1.090000033378601,1.090000033378601,0.0,1.1299999952316284,1.090000033378601,1.1100000143051147,0.0,29619600
2025-11-13,1.059999942779541,1.059999942779541,0.0,1.100000023841858,1.0499999523162842,1.100000023841858,0.0,39899600
2025-11-14,1.0499999523162842,1.0499999523162842,0.0,1.0700000524520874,1.0199999809265137,1.0499999523162842,0.0,40322700
2025-11-17,1.090000033378601,1.090000033378601,0.0,1.1100000143051147,1.0399999618530273,1.0399999618530273,0.0,65841300
2025-11-18,1.090000033378601,1.090000033378601,0.0,1.1100000143051147,1.0399999618530273,1.059999942779541,0.0,57664900
2025-11-19,1.059999942779541,1.059999942779541,0.0,1.1100000143051147,1.059999942779541,1.100000023841858,0.0,38293700
2025-11-20,1.0499999523162842,1.0499999523162842,0.0,1.090000033378601,1.0499999523162842,1.0700000524520874,0.0,32997900
2025-11-21,1.0499999523162842,1.0499999523162842,0.0,1.0499999523162842,1.0299999713897705,1.0399999618530273,0.0,31589400
2025-11-24,1.059999942779541,1.059999942779541,0.0,1.1100000143051147,1.0499999523162842,1.059999942779541,0.0,64133800
2025-11-25,1.090000033378601,1.090000033378601,0.0,1.1100000143051147,1.059999942779541,1.059999942779541,0.0,42354600
2025-11-26,1.059999942779541,1.059999942779541,0.0,1.1299999952316284,1.059999942779541,1.1100000143051147,0.0,54263600
2025-11-27,1.090000033378601,1.090000033378601,0.0,1.1399999856948853,1.0700000524520874,1.0700000524520874,0.0,90331000
2025-11-28,1.0800000429153442,1.0800000429153442,0.0,1.1200000047683716,1.0700000524520874,1.100000023841858,0.0,43171600
2025-12-01,1.0800000429153442,1.0800000429153442,0.0,1.100000023841858,1.059999942779541,1.0800000429153442,0.0,54390600
2025-12-02,1.090000033378601,1.090000033378601,0.0,1.090000033378601,1.059999942779541,1.090000033378601,0.0,26614000
2025-12-03,1.0800000429153442,1.0800000429153442,0.0,1.100000023841858,1.0700000524520874,1.0800000429153442,0.0,24880800
2025-12-04,1.0499999523162842,1.0499999523162842,0.0,1.0800000429153442,1.0399999618530273,1.0700000524520874,0.0,37516200
2025-12-08,1.0299999713897705,1.0299999713897705,0.0,1.0499999523162842,1.0299999713897705,1.0399999618530273,0.0,19304200
2025-12-09,1.0399999618530273,1.0399999618530273,0.0,1.0399999618530273,1.0199999809265137,1.0399999618530273,0.0,16814800
2025-12-11,1.0,1.0,0.0,1.0499999523162842,0.9900000095367432,1.0399999618530273,0.0,65675400
2025-12-12,1.1200000047683716,1.1200000047683716,0.0,1.149999976158142,1.0,1.0,0.0,261191800
2025-12-15,1.1200000047683716,1.1200000047683716,0.0,1.159999966621399,1.090000033378601,1.1299999952316284,0.0,146708800
2025-12-16,1.0399999618530273,1.0399999618530273,0.0,1.1100000143051147,1.0399999618530273,1.1100000143051147,0.0,118578100
2025-12-17,1.0299999713897705,1.0299999713897705,0.0,1.0800000429153442,1.0299999713897705,1.0399999618530273,0.0,91490800
2025-12-18,1.0,1.0,0.0,1.059999942779541,1.0,1.0399999618530273,0.0,88365000
2025-12-19,0.9800000190734863,0.9800000190734863,0.0,1.0199999809265137,0.9399999976158142,1.0099999904632568,0.0,151162700
2025-12-22,0.9700000286102295,0.9700000286102295,0.0,1.0199999809265137,0.9599999785423279,0.9900000095367432,0.0,113486300
2025-12-23,0.9800000190734863,0.9800000190734863,0.0,1.0099999904632568,0.9700000286102295,1.0,0.0,55965300
2025-12-24,0.9800000190734863,0.9800000190734863,0.0,1.0,0.9700000286102295,0.9800000190734863,0.0,42836700
2025-12-25,0.9599999785423279,0.9599999785423279,0.0,0.9900000095367432,0.949999988079071,0.9800000190734863,0.0,65871500
2025-12-26,0.9599999785423279,0.9599999785423279,0.0,0.9700000286102295,0.949999988079071,0.9599999785423279,0.0,23637100
2025-12-29,0.949999988079071,0.949999988079071,0.0,0.9700000286102295,0.949999988079071,0.9599999785423279,0.0,22031200
2025-12-30,0.949999988079071,0.949999988079071,0.0,0.9700000286102295,0.8999999761581421,0.9599999785423279,0.0,220276800
2026-01-05,0.9399999976158142,0.9399999976158142,0.0,0.9599999785423279,0.9200000166893005,0.9399999976158142,0.0,50995200
2026-01-06,0.9100000262260437,0.9100000262260437,0.0,0.949999988079071,0.9100000262260437,0.9399999976158142,0.0,41135500
2026-01-07,0.949999988079071,0.949999988079071,0.0,0.9599999785423279,0.9100000262260437,0.9100000262260437,0.0,57889300
2026-01-08,0.9200000166893005,0.9200000166893005,0.0,0.949999988079071,0.9100000262260437,0.949999988079071,0.0,26691400
2026-01-09,0.8799999952316284,0.8799999952316284,0.0,0.9399999976158142,0.8799999952316284,0.9300000071525574,0.0,54250000
2026-01-12,0.8100000023841858,0.8100000023841858,0.0,0.8899999856948853,0.800000011920929,0.8799999952316284,0.0,110471600
2026-01-13,0.7799999713897705,0.7799999713897705,0.0,0.8299999833106995,0.7699999809265137,0.8100000023841858,0.0,78891600
2026-01-14,0.7799999713897705,0.7799999713897705,0.0,0.800000011920929,0.7699999809265137,0.7699999809265137,0.0,48539100
2026-01-15,0.8600000143051147,0.8600000143051147,0.0,0.8700000047683716,0.7799999713897705,0.7799999713897705,0.0,52490400
2026-01-16,0.8600000143051147,0.8600000143051147,0.0,0.8700000047683716,0.8399999737739563,0.8500000238418579,0.0,33805400
2026-01-19,0.9200000166893005,0.9200000166893005,0.0,0.9399999976158142,0.8600000143051147,0.8600000143051147,0.0,108808500
2026-01-20,0.9200000166893005,0.9200000166893005,0.0,0.9399999976158142,0.9100000262260437,0.9200000166893005,0.0,40754100
2026-01-21,0.9200000166893005,0.9200000166893005,0.0,0.9399999976158142,0.8999999761581421,0.9300000071525574,0.0,70637200
2026-01-22,0.9100000262260437,0.9100000262260437,0.0,0.9700000286102295,0.8999999761581421,0.9200000166893005,0.0,127720200
2026-01-23,0.8799999952316284,0.8799999952316284,0.0,0.9200000166893005,0.8799999952316284,0.9100000262260437,0.0,56370200
2026-01-26,0.8799999952316284,0.8799999952316284,0.0,0.8999999761581421,0.8600000143051147,0.8799999952316284,0.0,53658500
2026-01-27,0.8899999856948853,0.8899999856948853,0.0,0.9100000262260437,0.8799999952316284,0.8799999952316284,0.0,31396400
2026-01-28,0.8999999761581421,0.8999999761581421,0.0,0.9100000262260437,0.8799999952316284,0.8999999761581421,0.0,36079100
2026-01-29,0.8700000047683716,0.8700000047683716,0.0,0.8999999761581421,0.8600000143051147,0.8999999761581421,0.0,37679100
2026-01-30,0.8600000143051147,0.8600000143051147,0.0,0.8799999952316284,0.8500000238418579,0.8700000047683716,0.0,33975000
2026-02-02,0.8399999737739563,0.8399999737739563,0.0,0.8700000047683716,0.8199999928474426,0.8600000143051147,0.0,22580400
2026-02-03,0.8500000238418579,0.8500000238418579,0.0,0.8700000047683716,0.8399999737739563,0.8500000238418579,0.0,23591100
2026-02-04,0.8399999737739563,0.8399999737739563,0.0,0.8600000143051147,0.8399999737739563,0.8500000238418579,0.0,16315800
2026-02-05,0.8600000143051147,0.8600000143051147,0.0,0.8700000047683716,0.8399999737739563,0.8399999737739563,0.0,16016600
2026-02-06,0.8500000238418579,0.8500000238418579,0.0,0.8799999952316284,0.8500000238418579,0.8600000143051147,0.0,28058700
2026-02-09,0.9100000262260437,0.9100000262260437,0.0,0.9200000166893005,0.8700000047683716,0.8700000047683716,0.0,76367800
2026-02-10,1.0499999523162842,1.0499999523162842,0.0,1.059999942779541,0.9200000166893005,0.9399999976158142,0.0,312558400
2026-02-11,1.0299999713897705,1.0299999713897705,0.0,1.0499999523162842,1.0099999904632568,1.0399999618530273,0.0,135915900
2026-02-12,1.1100000143051147,1.1100000143051147,0.0,1.1200000047683716,1.0199999809265137,1.0199999809265137,0.0,270183900
2026-02-13,1.3600000143051147,1.3600000143051147,0.0,1.4199999570846558,1.1299999952316284,1.1299999952316284,0.0,748401600
2026-02-16,1.2699999809265137,1.2699999809265137,0.0,1.3700000047683716,1.2599999904632568,1.3600000143051147,0.0,375735300
2026-02-17,1.2899999618530273,1.2899999618530273,0.0,1.309999942779541,1.2200000286102295,1.2599999904632568,0.0,314716200
2026-02-18,1.3200000524520874,1.3200000524520874,0.0,1.3600000143051147,1.2599999904632568,1.2899999618530273,0.0,265344400
2026-02-19,1.309999942779541,1.309999942779541,0.0,1.340000033378601,1.309999942779541,1.309999942779541,0.0,126631300
2026-02-20,1.2200000286102295,1.2200000286102295,0.0,1.3300000429153442,1.2000000476837158,1.3200000524520874,0.0,311226700
2026-02-23,1.190000057220459,1.190000057220459,0.0,1.2699999809265137,1.159999966621399,1.2200000286102295,0.0,251088500
2026-02-24,1.2400000095367432,1.2400000095367432,0.0,1.25,1.1699999570846558,1.1799999475479126,0.0,190514600
2026-02-25,1.2000000476837158,1.2000000476837158,0.0,1.25,1.190000057220459,1.25,0.0,181122000
2026-02-26,1.2000000476837158,1.2000000476837158,0.0,1.2400000095367432,1.1799999475479126,1.190000057220459,0.0,121329500
2026-02-27,1.1699999570846558,1.1699999570846558,0.0,1.2300000190734863,1.159999966621399,1.2000000476837158,0.0,114683100
2026-03-02,1.0199999809265137,1.0199999809265137,0.0,1.1200000047683716,1.0199999809265137,1.100000023841858,0.0,199856600
2026-03-04,0.9599999785423279,0.9599999785423279,0.0,0.9700000286102295,0.8899999856948853,0.949999988079071,0.0,188049900
2026-03-05,1.0199999809265137,1.0199999809265137,0.0,1.0199999809265137,0.9599999785423279,1.0199999809265137,0.0,174958600
2026-03-06,1.0,1.0,0.0,1.0299999713897705,0.9800000190734863,1.0,0.0,123167500
2026-03-09,1.0099999904632568,1.0099999904632568,0.0,1.0199999809265137,0.9100000262260437,0.9200000166893005,0.0,137360700
2026-03-10,0.9800000190734863,0.9800000190734863,0.0,1.0499999523162842,0.9800000190734863,1.0399999618530273,0.0,144362300
2026-03-11,0.9300000071525574,0.9300000071525574,0.0,1.0199999809265137,0.9300000071525574,1.0,0.0,187120600
2026-03-12,0.9399999976158142,0.9399999976158142,0.0,0.9700000286102295,0.9300000071525574,0.9300000071525574,0.0,110069000
2026-03-13,0.9100000262260437,0.9100000262260437,0.0,0.949999988079071,0.9100000262260437,0.9399999976158142,0.0,113902300
2026-03-16,0.8799999952316284,0.8799999952316284,0.0,0.9200000166893005,0.8799999952316284,0.9100000262260437,0.0,155189100
2026-03-17,0.8799999952316284,0.8799999952316284,0.0,0.9300000071525574,0.8799999952316284,0.8999999761581421,0.0,200930100
2026-03-18,0.8799999952316284,0.8799999952316284,0.0,0.8999999761581421,0.8700000047683716,0.8999999761581421,0.0,84296800
2026-03-19,0.8399999737739563,0.8399999737739563,0.0,0.8799999952316284,0.8399999737739563,0.8700000047683716,0.0,47090000
2026-03-20,0.8500000238418579,0.8500000238418579,0.0,0.8700000047683716,0.8299999833106995,0.8500000238418579,0.0,148812500
2026-03-23,0.8199999928474426,0.8199999928474426,0.0,0.8600000143051147,0.8199999928474426,0.8299999833106995,0.0,77533500
2026-03-24,0.8299999833106995,0.8299999833106995,0.0,0.8700000047683716,0.8299999833106995,0.8500000238418579,0.0,122555000
2026-03-25,0.8600000143051147,0.8600000143051147,0.0,0.8799999952316284,0.8399999737739563,0.8399999737739563,0.0,168265400
2026-03-26,0.8299999833106995,0.8299999833106995,0.0,0.8500000238418579,0.8199999928474426,0.8399999737739563,0.0,81723200
2026-03-27,0.8399999737739563,0.8399999737739563,0.0,0.8600000143051147,0.8299999833106995,0.8299999833106995,0.0,146656900
2026-03-30,0.8399999737739563,0.8399999737739563,0.0,0.8399999737739563,0.8199999928474426,0.8299999833106995,0.0,37511000
2026-03-31,0.9300000071525574,0.9300000071525574,0.0,0.9599999785423279,0.8399999737739563,0.8399999737739563,0.0,262439700
2026-04-01,0.949999988079071,0.949999988079071,0.0,0.9800000190734863,0.9300000071525574,0.9599999785423279,0.0,290580800
2026-04-02,0.9100000262260437,0.9100000262260437,0.0,0.9399999976158142,0.9100000262260437,0.9300000071525574,0.0,108610000
2026-04-03,0.8799999952316284,0.8799999952316284,0.0,0.9399999976158142,0.8700000047683716,0.9300000071525574,0.0,147137400
2026-04-07,0.8700000047683716,0.8700000047683716,0.0,0.8999999761581421,0.8600000143051147,0.8899999856948853,0.0,97260200
2026-04-08,0.9100000262260437,0.9100000262260437,0.0,0.9300000071525574,0.8799999952316284,0.8999999761581421,0.0,215884500
2026-04-09,0.8799999952316284,0.8799999952316284,0.0,0.9100000262260437,0.8799999952316284,0.8999999761581421,0.0,85953000
2026-04-10,0.8700000047683716,0.8700000047683716,0.0,0.8899999856948853,0.8700000047683716,0.8799999952316284,0.0,58639200
2026-04-16,0.8799999952316284,0.8799999952316284,0.0,0.9100000262260437,0.8799999952316284,0.8899999856948853,0.0,85627000
2026-04-17,0.8899999856948853,0.8899999856948853,0.0,0.8899999856948853,0.8700000047683716,0.8899999856948853,0.0,60436200
2026-04-20,0.8899999856948853,0.8899999856948853,0.0,0.8999999761581421,0.8700000047683716,0.8799999952316284,0.0,52205200
2026-04-21,0.9100000262260437,0.9100000262260437,0.0,0.9200000166893005,0.8899999856948853,0.8899999856948853,0.0,193781900
2026-04-22,0.8999999761581421,0.8999999761581421,0.0,0.9399999976158142,0.8999999761581421,0.9100000262260437,0.0,217187300
2026-04-23,0.8700000047683716,0.8700000047683716,0.0,0.8999999761581421,0.8700000047683716,0.8899999856948853,0.0,67053500
2026-04-24,0.8600000143051147,0.8600000143051147,0.0,0.8799999952316284,0.8399999737739563,0.8700000047683716,0.0,71960300
2026-04-27,0.8700000047683716,0.8700000047683716,0.0,0.8799999952316284,0.8600000143051147,0.8700000047683716,0.0,48455900
2026-04-28,0.8600000143051147,0.8600000143051147,0.0,0.8799999952316284,0.8500000238418579,0.8799999952316284,0.0,54570600
2026-04-29,0.8700000047683716,0.8700000047683716,0.0,0.8799999952316284,0.8500000238418579,0.8600000143051147,0.0,55981000
2026-04-30,0.8700000047683716,0.8700000047683716,0.0,0.8700000047683716,0.8600000143051147,0.8700000047683716,0.0,28097000
2026-05-01,0.8700000047683716,0.8700000047683716,0.0,0.8700000047683716,0.8700000047683716,0.8700000047683716,0.0,0
2026-05-04,0.8700000047683716,0.8700000047683716,0.0,0.8700000047683716,0.8700000047683716,0.8700000047683716,0.0,0
2026-05-05,0.8600000143051147,0.8600000143051147,0.0,0.8799999952316284,0.8600000143051147,0.8700000047683716,0.0,32370000
2026-05-06,0.8799999952316284,0.8799999952316284,0.0,0.8899999856948853,0.8600000143051147,0.8700000047683716,0.0,77755800
2026-05-07,0.8899999856948853,0.8899999856948853,0.0,0.9200000166893005,0.8799999952316284,0.8999999761581421,0.0,145494300
2026-05-08,0.8700000047683716,0.8700000047683716,0.0,0.8899999856948853,0.8700000047683716,0.8799999952316284,0.0,48234800
2026-05-11,0.8700000047683716,0.8700000047683716,0.0,0.8899999856948853,0.8700000047683716,0.8799999952316284,0.0,40990100
2026-05-12,0.8600000143051147,0.8600000143051147,0.0,0.8799999952316284,0.8600000143051147,0.8799999952316284,0.0,28945700
2026-05-13,0.8600000143051147,0.8600000143051147,0.0,0.8799999952316284,0.8600000143051147,0.8700000047683716,0.0,45944100
2026-05-14,0.8700000047683716,0.8700000047683716,0.0,0.8799999952316284,0.8600000143051147,0.8700000047683716,0.0,49777600
2026-05-15,0.8899999856948853,0.8899999856948853,0.0,0.9300000071525574,0.8700000047683716,0.8799999952316284,0.0,264178800
2026-05-18,0.8799999952316284,0.8799999952316284,0.0,0.8899999856948853,0.8700000047683716,0.8899999856948853,0.0,71313600
2026-05-19,0.8999999761581421,0.8999999761581421,0.0,0.9200000166893005,0.8700000047683716,0.8799999952316284,0.0,180800600
2026-05-20,0.8899999856948853,0.8899999856948853,0.0,0.8999999761581421,0.8799999952316284,0.8899999856948853,0.0,60912000
2026-05-21,0.8700000047683716,0.8700000047683716,0.0,0.9100000262260437,0.8700000047683716,0.9100000262260437,0.0,184956300
2026-05-22,0.8500000238418579,0.8500000238418579,0.0,0.8899999856948853,0.8299999833106995,0.8700000047683716,0.0,200948800
2026-05-25,0.8700000047683716,0.8700000047683716,0.0,0.8799999952316284,0.8500000238418579,0.8600000143051147,0.0,90040600
2026-05-26,0.8899999856948853,0.8899999856948853,0.0,0.9599999785423279,0.8899999856948853,0.9100000262260437,0.0,792147300
2026-05-27,0.8899999856948853,0.8899999856948853,0.0,0.9100000262260437,0.8899999856948853,0.9100000262260437,0.0,306387100
2026-05-28,0.949999988079071,0.949999988079071,0.0,0.9800000190734863,0.8999999761581421,0.8999999761581421,0.0,771962200
2026-05-29,0.949999988079071,0.949999988079071,0.0,0.9700000286102295,0.9399999976158142,0.9700000286102295,0.0,258438200
2026-06-01,0.949999988079071,0.949999988079071,0.0,0.949999988079071,0.949999988079071,0.949999988079071,0.0,0
2026-06-02,1.0,1.0,0.0,1.0199999809265137,0.9300000071525574,0.949999988079071,0.0,380920000
2026-06-03,1.0,1.0,0.0,1.0,1.0,1.0,0.0,0
2026-06-04,1.0099999904632568,1.0099999904632568,0.0,1.0499999523162842,1.0,1.0099999904632568,0.0,382124400
2026-06-05,0.9599999785423279,0.9599999785423279,0.0,1.0299999713897705,0.949999988079071,1.0199999809265137,0.0,284716100
2026-06-08,0.9300000071525574,0.9300000071525574,0.0,0.9599999785423279,0.9200000166893005,0.9399999976158142,0.0,136762700
2026-06-09,0.8999999761581421,0.8999999761581421,0.0,0.949999988079071,0.8899999856948853,0.9399999976158142,0.0,219517400
2026-06-10,0.8799999952316284,0.8799999952316284,0.0,0.9100000262260437,0.8700000047683716,0.8999999761581421,0.0,190957700
2026-06-11,0.8899999856948853,0.8899999856948853,0.0,0.8999999761581421,0.8700000047683716,0.8700000047683716,0.0,104164300
2026-06-12,0.8899999856948853,0.8899999856948853,0.0,0.9100000262260437,0.8799999952316284,0.8999999761581421,0.0,109248300
2026-06-15,0.9100000262260437,0.9100000262260437,0.0,0.9200000166893005,0.8899999856948853,0.8999999761581421,0.0,108477100
2026-06-16,0.9100000262260437,0.9100000262260437,0.0,0.9200000166893005,0.8899999856948853,0.9100000262260437,0.0,82280500
2026-06-17,0.9599999785423279,0.9599999785423279,0.0,0.9700000286102295,0.8999999761581421,0.9100000262260437,0.0,262649300
2026-06-18,0.9300000071525574,0.9300000071525574,0.0,0.9700000286102295,0.9200000166893005,0.9599999785423279,0.0,123302300
2026-06-19,0.9300000071525574,0.9300000071525574,0.0,0.9399999976158142,0.9200000166893005,0.9300000071525574,0.0,69129400
2026-06-22,0.9200000166893005,0.9200000166893005,0.0,0.949999988079071,0.9200000166893005,0.9300000071525574,0.0,72428100
2026-06-23,0.8799999952316284,0.8799999952316284,0.0,0.9200000166893005,0.8700000047683716,0.9200000166893005,0.0,132401500
2026-06-24,0.8999999761581421,0.8999999761581421,0.0,0.9100000262260437,0.8799999952316284,0.8899999856948853,0.0,55400300
2026-06-25,0.9200000166893005,0.9200000166893005,0.0,0.9399999976158142,0.8999999761581421,0.8999999761581421,0.0,198642200
2026-06-26,0.9200000166893005,0.9200000166893005,0.0,0.9399999976158142,0.9100000262260437,0.9200000166893005,0.0,65665100
2026-06-29,0.9399999976158142,0.9399999976158142,0.0,0.949999988079071,0.9200000166893005,0.9300000071525574,0.0,94902600
2026-06-30,0.9300000071525574,0.9300000071525574,0.0,0.9599999785423279,0.9200000166893005,0.9399999976158142,0.0,97641700
2026-07-01,0.9200000166893005,0.9200000166893005,0.0,0.949999988079071,0.9200000166893005,0.9399999976158142,0.0,143023800
2026-07-02,0.9200000166893005,0.9200000166893005,0.0,0.9300000071525574,0.9100000262260437,0.9300000071525574,0.0,80574500
2026-07-03,0.9399999976158142,0.9399999976158142,0.0,0.949999988079071,0.9200000166893005,0.9300000071525574,0.0,91037900
2026-07-06,0.9399999976158142,0.9399999976158142,0.0,0.949999988079071,0.9200000166893005,0.9399999976158142,0.0,62505200
2026-07-07,0.9300000071525574,0.9300000071525574,0.0,0.949999988079071,0.9100000262260437,0.9399999976158142,0.0,104867300
2026-07-08,0.8899999856948853,0.8899999856948853,0.0,0.9300000071525574,0.8899999856948853,0.9200000166893005,0.0,93491700
2026-07-09,0.9700000286102295,0.9700000286102295,0.0,0.9800000190734863,0.8899999856948853,0.8999999761581421,0.0,279118100
2026-07-10,1.0099999904632568,1.0099999904632568,0.0,1.0199999809265137,0.9700000286102295,0.9800000190734863,0.0,321937600
2026-07-13,1.059999942779541,1.059999942779541,0.0,1.090000033378601,1.0,1.0,0.0,463800400
2026-07-14,1.0299999713897705,1.0299999713897705,0.0,1.0700000524520874,1.0199999809265137,1.0499999523162842,0.0,269565400
2026-07-15,1.0499999523162842,1.0499999523162842,0.0,1.0700000524520874,1.0299999713897705,1.0499999523162842,0.0,214728700
2026-07-16,1.059999942779541,1.059999942779541,0.0,1.059999942779541,1.0299999713897705,1.0499999523162842,0.0,90656600
2026-07-17,1.0299999713897705,1.0299999713897705,0.0,1.059999942779541,1.0099999904632568,1.0499999523162842,0.0,204569200
2026-07-20,1.0199999809265137,1.0199999809265137,0.0,1.0299999713897705,1.0099999904632568,1.0199999809265137,0.0,55093100
2026-07-21,1.0700000524520874,1.0700000524520874,0.0,1.0800000429153442,1.0199999809265137,1.0299999713897705,0.0,198153300
2026-07-22,0.9900000095367432,0.9900000095367432,0.0,1.0800000429153442,0.9900000095367432,1.0700000524520874,0.0,313327900
2026-07-23,1.0,1.0,0.0,1.0299999713897705,0.9900000095367432,1.0,0.0,148239600
2026-07-24,1.0,1.0,0.0,1.0199999809265137,0.9900000095367432,1.0,0.0,152228300
2026-07-27,1.0,1.0,0.0,1.0199999809265137,0.9900000095367432,1.0,0.0,70312600
2026-07-28,1.0,1.0,0.0,1.0,1.0,1.0,0.0,0
2026-07-29,1.0,1.0,0.0,1.0,1.0,1.0,0.0,0
2026-07-30,0.9700000286102295,0.9700000286102295,0.0,1.0,0.949999988079071,1.0,0.0,119652600
2026-07-31,1.0,1.0,0.0,1.0199999809265137,0.9800000190734863,0.9900000095367432,0.0,108455400
2026-08-03,1.0099999904632568,1.0099999904632568,0.0,1.0399999618530273,1.0,1.0099999904632568,0.0,96263300
2026-08-04,1.0,1.0,0.0,1.0199999809265137,0.9900000095367432,1.0099999904632568,0.0,42714800
2026-08-05,1.0,1.0,0.0,1.0199999809265137,0.9900000095367432,1.0099999904632568,0.0,70134800
2026-08-06,0.9900000095367432,0.9900000095367432,0.0,1.0099999904632568,0.9900000095367432,1.0,0.0,34835900
2026-08-07,1.0,1.0,0.0,1.0099999904632568,0.9900000095367432,1.0,0.0,14972900
2026-08-10,0.9900000095367432,0.9900000095367432,0.0,1.0099999904632568,0.9800000190734863,1.0099999904632568,0.0,50706400
2026-08-11,0.9700000286102295,0.9700000286102295,0.0,1.0,0.9599999785423279,1.0,0.0,66518300
2026-08-12,0.9700000286102295,0.9700000286102295,0.0,0.9700000286102295,0.9700000286102295,0.9700000286102295,0.0,0
2026-08-13,0.9700000286102295,0.9700000286102295,0.0,0.9800000190734863,0.9700000286102295,0.9800000190734863,0.0,19338600
2026-08-14,0.9900000095367432,0.9900000095367432,0.0,1.0099999904632568,0.9800000190734863,0.9900000095367432,0.0,99512500
2026-08-17,1.0199999809265137,1.0199999809265137,0.0,1.0299999713897705,0.9900000095367432,0.9900000095367432,0.0,144995600
2026-08-18,1.1399999856948853,1.1399999856948853,0.0,1.159999966621399,1.0299999713897705,1.0399999618530273,0.0,672946900
2026-08-19,1.1100000143051147,1.1100000143051147,0.0,1.1299999952316284,1.0800000429153442,1.1200000047683716,0.0,289247000
2026-08-20,1.1200000047683716,1.1200000047683716,0.0,1.1399999856948853,1.100000023841858,1.1200000047683716,0.0,185229800
2026-08-21,1.1100000143051147,1.1100000143051147,0.0,1.149999976158142,1.090000033378601,1.1200000047683716,0.0,287576900
2026-08-24,1.059999942779541,1.059999942779541,0.0,1.1100000143051147,1.059999942779541,1.1100000143051147,0.0,145341500
2026-08-25,1.0299999713897705,1.0299999713897705,0.0,1.0700000524520874,1.0199999809265137,1.0700000524520874,0.0,227739800
2026-08-26,1.0399999618530273,1.0399999618530273,0.0,1.059999942779541,1.0299999713897705,1.0399999618530273,0.0,80117900
2026-08-27,1.0299999713897705,1.0299999713897705,0.0,1.059999942779541,1.0199999809265137,1.0399999618530273,0.0,77791200
2026-08-28,1.0099999904632568,1.0099999904632568,0.0,1.0399999618530273,1.0099999904632568,1.0299999713897705,0.0,89751100
2026-08-31,1.0099999904632568,1.0099999904632568,0.0,1.0299999713897705,1.0099999904632568,1.0099999904632568,0.0,35140500
2026-09-01,1.0099999904632568,1.0099999904632568,0.0,1.0299999713897705,1.0099999904632568,1.0199999809265137,0.0,58556900
2026-09-02,0.9700000286102295,0.9700000286102295,0.0,1.0,0.9599999785423279,1.0,0.0,136576700
2026-09-03,0.9700000286102295,0.9700000286102295,0.0,0.9900000095367432,0.9599999785423279,0.9700000286102295,0.0,57579900
2026-09-04,1.0,1.0,0.0,1.0099999904632568,0.9599999785423279,0.9700000286102295,0.0,128065600
2026-09-07,0.9900000095367432,0.9900000095367432,0.0,1.0099999904632568,0.9900000095367432,1.0,0.0,22317000
2026-09-08,0.9900000095367432,0.9900000095367432,0.0,1.0,0.9800000190734863,1.0,0.0,33884400
2026-09-09,1.0,1.0,0.0,1.0099999904632568,0.9900000095367432,0.9900000095367432,0.0,51919600
2026-09-10,1.0,1.0,0.0,1.0099999904632568,0.9900000095367432,1.0,0.0,31029000
2026-09-11,0.9900000095367432,0.9900000095367432,0.0,1.0,0.9800000190734863,0.9900000095367432,0.0,25949800
2026-09-14,0.9800000190734863,0.9800000190734863,0.0,0.9900000095367432,0.9700000286102295,0.9900000095367432,0.0,24381700
2026-09-15,0.9800000190734863,0.9800000190734863,0.0,1.0,0.9700000286102295,0.9800000190734863,0.0,28083800
2026-09-16,0.9700000286102295,0.9700000286102295,0.0,1.0099999904632568,0.9700000286102295,0.9900000095367432,0.0,72363100
2026-09-17,0.9900000095367432,0.9900000095367432,0.0,0.9900000095367432,0.9700000286102295,0.9800000190734863,0.0,44146700
2026-09-18,0.9700000286102295,0.9700000286102295,0.0,1.0,0.9700000286102295,0.9900000095367432,0.0,31225800
